generic instance, reference arguments	spine-unity	Spine.ExposedList`1+Enumerator	MoveNext	Spine.ExposedList`1<T>+Enumerator<T>	System.ValueType	GenericInstanceTypeAnalysisContext	8	0	0	0	<none>	GENERIC_LAYOUT:instantiation	LAYOUT_KNOWN	4	20	INSIDE_NO_FIELD	NEITHER	THIS	SEARCH_EMPTY	[this @ X0 (Spine.ExposedList`1<T>+Enumerator<T>)+8]
base has no type, from Move from [Enumerator<T> + 0x0]	spine-unity	Spine.ExposedList`1+Enumerator	MoveNext	<untyped>			18	0	0	0	Move:memory	GENERIC_LAYOUT:instantiation	NO_BASE_TYPE	0	0	-	NOT_APPLICABLE	LOADED_POINTER	NO_OWNER	[v38 @ X9_v3+18]
generic instance, reference arguments	spine-unity	Spine.ExposedList`1+Enumerator	MoveNext	Spine.ExposedList`1<T>+Enumerator<T>	System.ValueType	GenericInstanceTypeAnalysisContext	8	0	0	0	<none>	GENERIC_LAYOUT:instantiation	LAYOUT_KNOWN	4	20	INSIDE_NO_FIELD	NEITHER	THIS	SEARCH_EMPTY	[this @ X0 (Spine.ExposedList`1<T>+Enumerator<T>)+8]
base has no type, from Move from [Enumerator<T> + 0x0]	spine-unity	Spine.ExposedList`1+Enumerator	MoveNext	<untyped>			10	0	0	0	Move:memory	GENERIC_LAYOUT:instantiation	NO_BASE_TYPE	0	0	-	NOT_APPLICABLE	LOADED_POINTER	NO_OWNER	[v38 @ X9_v3+10]
generic instance, reference arguments	spine-unity	Spine.ExposedList`1+Enumerator	MoveNext	Spine.ExposedList`1<T>+Enumerator<T>	System.ValueType	GenericInstanceTypeAnalysisContext	8	0	0	0	<none>	GENERIC_LAYOUT:instantiation	LAYOUT_KNOWN	4	20	INSIDE_NO_FIELD	NEITHER	THIS	SEARCH_EMPTY	[this @ X0 (Spine.ExposedList`1<T>+Enumerator<T>)+8]
base has no type, from Add of an untyped base and [Enumerator<T> + 0x8]	spine-unity	Spine.ExposedList`1+Enumerator	MoveNext	<untyped>			20	0	0	0	Add	UNKNOWN:add-of-MemoryOperand	NO_BASE_TYPE	0	0	-	NOT_APPLICABLE	UNKNOWN	NO_OWNER	[v138 @ X8_v7+20]
generic instance, reference arguments	spine-unity	Spine.ExposedList`1+Enumerator	MoveNext	Spine.ExposedList`1<T>+Enumerator<T>	System.ValueType	GenericInstanceTypeAnalysisContext	8	0	0	0	<none>	GENERIC_LAYOUT:instantiation	LAYOUT_KNOWN	4	20	INSIDE_NO_FIELD	NEITHER	THIS	SEARCH_EMPTY	[this @ X0 (Spine.ExposedList`1<T>+Enumerator<T>)+8]
generic instance, reference arguments	spine-unity	Spine.ExposedList`1+Enumerator	System.Collections.IEnumerator.get_Current	Spine.ExposedList`1<T>+Enumerator<T>	System.ValueType	GenericInstanceTypeAnalysisContext	8	0	0	0	<none>	GENERIC_LAYOUT:instantiation	LAYOUT_KNOWN	4	20	INSIDE_NO_FIELD	NEITHER	THIS	SEARCH_EMPTY	[this @ X0 (Spine.ExposedList`1<T>+Enumerator<T>)+8]
generic instance, reference arguments	spine-unity	Spine.ExposedList`1+Enumerator	System.Collections.IEnumerator.get_Current	Spine.ExposedList`1<T>+Enumerator<T>	System.ValueType	GenericInstanceTypeAnalysisContext	8	0	0	0	<none>	GENERIC_LAYOUT:instantiation	LAYOUT_KNOWN	4	20	INSIDE_NO_FIELD	NEITHER	THIS	SEARCH_EMPTY	[this @ X0 (Spine.ExposedList`1<T>+Enumerator<T>)+8]
value type base	spine-unity	SharpJson.Lexer	ParseString	System.Int32	System.ValueType	TypeAnalysisContext	0	0	1	0	Add	MISSING_METADATA:inside-the-layout-between-fields	LAYOUT_KNOWN	1	10	NESTED:m_value	VALUE_RELATIVE	UNKNOWN	NOT_A_FIELD_ACCESS	[v127 @ X24_v4 (System.Int32)+v495 @ X9_v12 (System.Int32)]
Il2CppClass.interfaceOffsets	spine-unity	Spine.ExposedList`1	.ctor	Il2CppClass<System.Collections.Generic.ICollection`1<T>>		RuntimeClassTypeAnalysisContext	B0	0	0	0	Move:memory	RUNTIME_STRUCT:RuntimeClassTypeAnalysisContext	RUNTIME_STRUCT	0	0	-	NOT_APPLICABLE	RUNTIME_STRUCTURE	SEARCH_EMPTY	[v69 @ X8_v18 (Il2CppClass<System.Collections.Generic.ICollection`1<T>>)+B0]
Il2CppClass.interface_offsets_count	spine-unity	Spine.ExposedList`1	.ctor	Il2CppClass<System.Collections.Generic.ICollection`1<T>>		RuntimeClassTypeAnalysisContext	12E	0	0	0	Move:memory	RUNTIME_STRUCT:RuntimeClassTypeAnalysisContext	RUNTIME_STRUCT	0	0	-	NOT_APPLICABLE	RUNTIME_STRUCTURE	SEARCH_EMPTY	[v69 @ X8_v18 (Il2CppClass<System.Collections.Generic.ICollection`1<T>>)+12E]
Il2CppClass.interface_offsets_count	spine-unity	Spine.ExposedList`1	.ctor	Il2CppClass<System.Collections.Generic.ICollection`1<T>>		RuntimeClassTypeAnalysisContext	12E	0	0	0	Move:memory	RUNTIME_STRUCT:RuntimeClassTypeAnalysisContext	RUNTIME_STRUCT	0	0	-	NOT_APPLICABLE	RUNTIME_STRUCTURE	SEARCH_EMPTY	[v69 @ X8_v18 (Il2CppClass<System.Collections.Generic.ICollection`1<T>>)+12E]
base has no type, from Add of an untyped local and Immediate	spine-unity	Spine.ExposedList`1	.ctor	<untyped>			FFFFFFFFFFFFFFF8	0	0	0	Add	UNKNOWN:add-of-MemoryOperand	NO_BASE_TYPE	0	0	-	NOT_APPLICABLE	UNKNOWN	NO_OWNER	[v137 @ X10_v5-8]
past the last field of the base type	spine-unity	Spine.MeshAttachment	Copy	System.Array	System.Object	TypeAnalysisContext	18	0	0	0	Move:field Single[]	NO_KNOWN_LAYOUT:type-has-no-instance-fields	NO_INSTANCE_FIELDS	0	0	BEYOND_LAYOUT	CLASS_OBJECT_RELATIVE	INSTANCE_FIELD	SEARCH_EMPTY	[v127 @ X0_v9 (System.Array)+18]
past the last field of the base type	spine-unity	Spine.MeshAttachment	Copy	System.Array	System.Object	TypeAnalysisContext	18	0	0	0	Move:field Single[]	NO_KNOWN_LAYOUT:type-has-no-instance-fields	NO_INSTANCE_FIELDS	0	0	BEYOND_LAYOUT	CLASS_OBJECT_RELATIVE	INSTANCE_FIELD	SEARCH_EMPTY	[v128 @ X0_v12 (System.Array)+18]
past the last field of the base type	spine-unity	Spine.MeshAttachment	Copy	System.Array	System.Object	TypeAnalysisContext	18	0	0	0	Move:field Int32[]	NO_KNOWN_LAYOUT:type-has-no-instance-fields	NO_INSTANCE_FIELDS	0	0	BEYOND_LAYOUT	CLASS_OBJECT_RELATIVE	INSTANCE_FIELD	SEARCH_EMPTY	[v129 @ X0_v15 (System.Array)+18]
past the last field of the base type	spine-unity	Spine.MeshAttachment	Copy	System.Array	System.Object	TypeAnalysisContext	18	0	0	0	Move:field Int32[]	NO_KNOWN_LAYOUT:type-has-no-instance-fields	NO_INSTANCE_FIELDS	0	0	BEYOND_LAYOUT	CLASS_OBJECT_RELATIVE	INSTANCE_FIELD	SEARCH_EMPTY	[v130 @ X0_v20 (System.Array)+18]
Il2CppClass.interfaceOffsets	spine-unity	Spine.ExposedList`1	AddCollection	Il2CppClass<System.Collections.Generic.ICollection`1<T>>		RuntimeClassTypeAnalysisContext	B0	0	0	0	Move:memory	RUNTIME_STRUCT:RuntimeClassTypeAnalysisContext	RUNTIME_STRUCT	0	0	-	NOT_APPLICABLE	RUNTIME_STRUCTURE	SEARCH_EMPTY	[v45 @ X8_v4 (Il2CppClass<System.Collections.Generic.ICollection`1<T>>)+B0]
Il2CppClass.interfaceOffsets	spine-unity	Spine.ExposedList`1	AddCollection	Il2CppClass<System.Collections.Generic.ICollection`1<T>>		RuntimeClassTypeAnalysisContext	B0	0	0	0	Move:memory	RUNTIME_STRUCT:RuntimeClassTypeAnalysisContext	RUNTIME_STRUCT	0	0	-	NOT_APPLICABLE	RUNTIME_STRUCTURE	SEARCH_EMPTY	[v230 @ X8_v13 (Il2CppClass<System.Collections.Generic.ICollection`1<T>>)+B0]
Il2CppClass.interface_offsets_count	spine-unity	Spine.ExposedList`1	AddCollection	Il2CppClass<System.Collections.Generic.ICollection`1<T>>		RuntimeClassTypeAnalysisContext	12E	0	0	0	Move:memory	RUNTIME_STRUCT:RuntimeClassTypeAnalysisContext	RUNTIME_STRUCT	0	0	-	NOT_APPLICABLE	RUNTIME_STRUCTURE	SEARCH_EMPTY	[v45 @ X8_v4 (Il2CppClass<System.Collections.Generic.ICollection`1<T>>)+12E]
Il2CppClass.interface_offsets_count	spine-unity	Spine.ExposedList`1	AddCollection	Il2CppClass<System.Collections.Generic.ICollection`1<T>>		RuntimeClassTypeAnalysisContext	12E	0	0	0	Move:memory	RUNTIME_STRUCT:RuntimeClassTypeAnalysisContext	RUNTIME_STRUCT	0	0	-	NOT_APPLICABLE	RUNTIME_STRUCTURE	SEARCH_EMPTY	[v45 @ X8_v4 (Il2CppClass<System.Collections.Generic.ICollection`1<T>>)+12E]
base has no type, from Add of an untyped local and Immediate	spine-unity	Spine.ExposedList`1	AddCollection	<untyped>			FFFFFFFFFFFFFFF8	0	0	0	Add	UNKNOWN:add-of-MemoryOperand	NO_BASE_TYPE	0	0	-	NOT_APPLICABLE	UNKNOWN	NO_OWNER	[v152 @ X10_v12-8]
Il2CppClass.interface_offsets_count	spine-unity	Spine.ExposedList`1	AddCollection	Il2CppClass<System.Collections.Generic.ICollection`1<T>>		RuntimeClassTypeAnalysisContext	12E	0	0	0	Move:memory	RUNTIME_STRUCT:RuntimeClassTypeAnalysisContext	RUNTIME_STRUCT	0	0	-	NOT_APPLICABLE	RUNTIME_STRUCTURE	SEARCH_EMPTY	[v230 @ X8_v13 (Il2CppClass<System.Collections.Generic.ICollection`1<T>>)+12E]
Il2CppClass.interface_offsets_count	spine-unity	Spine.ExposedList`1	AddCollection	Il2CppClass<System.Collections.Generic.ICollection`1<T>>		RuntimeClassTypeAnalysisContext	12E	0	0	0	Move:memory	RUNTIME_STRUCT:RuntimeClassTypeAnalysisContext	RUNTIME_STRUCT	0	0	-	NOT_APPLICABLE	RUNTIME_STRUCTURE	SEARCH_EMPTY	[v230 @ X8_v13 (Il2CppClass<System.Collections.Generic.ICollection`1<T>>)+12E]
base has no type, from Add of an untyped local and Immediate	spine-unity	Spine.ExposedList`1	AddCollection	<untyped>			FFFFFFFFFFFFFFF8	0	0	0	Add	UNKNOWN:add-of-MemoryOperand	NO_BASE_TYPE	0	0	-	NOT_APPLICABLE	UNKNOWN	NO_OWNER	[v272 @ X10_v7-8]
past the last field of the base type	spine-unity	Spine.PathAttachment	Copy	System.Array	System.Object	TypeAnalysisContext	18	0	0	0	Move:field Single[]	NO_KNOWN_LAYOUT:type-has-no-instance-fields	NO_INSTANCE_FIELDS	0	0	BEYOND_LAYOUT	CLASS_OBJECT_RELATIVE	INSTANCE_FIELD	SEARCH_EMPTY	[v61 @ X0_v9 (System.Array)+18]
Il2CppClass.interfaceOffsets	spine-unity	Spine.ExposedList`1	AddEnumerable	Il2CppClass<System.Collections.Generic.IEnumerable`1<T>>		RuntimeClassTypeAnalysisContext	B0	0	0	0	Move:memory	RUNTIME_STRUCT:RuntimeClassTypeAnalysisContext	RUNTIME_STRUCT	0	0	-	NOT_APPLICABLE	RUNTIME_STRUCTURE	SEARCH_EMPTY	[v59 @ X8_v19 (Il2CppClass<System.Collections.Generic.IEnumerable`1<T>>)+B0]
Il2CppClass.interfaceOffsets	spine-unity	Spine.ExposedList`1	AddEnumerable	Il2CppClass<System.Collections.IEnumerator>		RuntimeClassTypeAnalysisContext	B0	0	0	0	Move:memory	RUNTIME_STRUCT:RuntimeClassTypeAnalysisContext	RUNTIME_STRUCT	0	0	-	NOT_APPLICABLE	RUNTIME_STRUCTURE	SEARCH_EMPTY	[v554 @ X8_v29 (Il2CppClass<System.Collections.IEnumerator>)+B0]
Il2CppClass.interface_offsets_count	spine-unity	Spine.ExposedList`1	AddEnumerable	Il2CppClass<System.Collections.IEnumerator>		RuntimeClassTypeAnalysisContext	12E	0	0	0	Move:memory	RUNTIME_STRUCT:RuntimeClassTypeAnalysisContext	RUNTIME_STRUCT	0	0	-	NOT_APPLICABLE	RUNTIME_STRUCTURE	SEARCH_EMPTY	[v454 @ X8_v5 (Il2CppClass<System.Collections.IEnumerator>)+12E]
Il2CppClass.interface_offsets_count	spine-unity	Spine.ExposedList`1	AddEnumerable	Il2CppClass<System.Collections.IEnumerator>		RuntimeClassTypeAnalysisContext	12E	0	0	0	Move:memory	RUNTIME_STRUCT:RuntimeClassTypeAnalysisContext	RUNTIME_STRUCT	0	0	-	NOT_APPLICABLE	RUNTIME_STRUCTURE	SEARCH_EMPTY	[v454 @ X8_v5 (Il2CppClass<System.Collections.IEnumerator>)+12E]
Il2CppClass.interfaceOffsets	spine-unity	Spine.ExposedList`1	AddEnumerable	Il2CppClass<System.Collections.IEnumerator>		RuntimeClassTypeAnalysisContext	B0	0	0	0	Move:memory	RUNTIME_STRUCT:RuntimeClassTypeAnalysisContext	RUNTIME_STRUCT	0	0	-	NOT_APPLICABLE	RUNTIME_STRUCTURE	SEARCH_EMPTY	[v454 @ X8_v5 (Il2CppClass<System.Collections.IEnumerator>)+B0]
Il2CppClass.interface_offsets_count	spine-unity	Spine.ExposedList`1	AddEnumerable	Il2CppClass<System.Collections.IEnumerator>		RuntimeClassTypeAnalysisContext	12E	0	0	0	Move:memory	RUNTIME_STRUCT:RuntimeClassTypeAnalysisContext	RUNTIME_STRUCT	0	0	-	NOT_APPLICABLE	RUNTIME_STRUCTURE	SEARCH_EMPTY	[v311 @ X8_v11 (Il2CppClass<System.Collections.IEnumerator>)+12E]
Il2CppClass.interface_offsets_count	spine-unity	Spine.ExposedList`1	AddEnumerable	Il2CppClass<System.Collections.IEnumerator>		RuntimeClassTypeAnalysisContext	12E	0	0	0	Move:memory	RUNTIME_STRUCT:RuntimeClassTypeAnalysisContext	RUNTIME_STRUCT	0	0	-	NOT_APPLICABLE	RUNTIME_STRUCTURE	SEARCH_EMPTY	[v311 @ X8_v11 (Il2CppClass<System.Collections.IEnumerator>)+12E]
Il2CppClass.interfaceOffsets	spine-unity	Spine.ExposedList`1	AddEnumerable	Il2CppClass<System.Collections.IEnumerator>		RuntimeClassTypeAnalysisContext	B0	0	0	0	Move:memory	RUNTIME_STRUCT:RuntimeClassTypeAnalysisContext	RUNTIME_STRUCT	0	0	-	NOT_APPLICABLE	RUNTIME_STRUCTURE	SEARCH_EMPTY	[v311 @ X8_v11 (Il2CppClass<System.Collections.IEnumerator>)+B0]
Il2CppClass.interface_offsets_count	spine-unity	Spine.ExposedList`1	AddEnumerable	Il2CppClass<System.Collections.Generic.IEnumerable`1<T>>		RuntimeClassTypeAnalysisContext	12E	0	0	0	Move:memory	RUNTIME_STRUCT:RuntimeClassTypeAnalysisContext	RUNTIME_STRUCT	0	0	-	NOT_APPLICABLE	RUNTIME_STRUCTURE	SEARCH_EMPTY	[v59 @ X8_v19 (Il2CppClass<System.Collections.Generic.IEnumerable`1<T>>)+12E]
Il2CppClass.interface_offsets_count	spine-unity	Spine.ExposedList`1	AddEnumerable	Il2CppClass<System.Collections.Generic.IEnumerable`1<T>>		RuntimeClassTypeAnalysisContext	12E	0	0	0	Move:memory	RUNTIME_STRUCT:RuntimeClassTypeAnalysisContext	RUNTIME_STRUCT	0	0	-	NOT_APPLICABLE	RUNTIME_STRUCTURE	SEARCH_EMPTY	[v59 @ X8_v19 (Il2CppClass<System.Collections.Generic.IEnumerable`1<T>>)+12E]
base has no type, from Add of an untyped local and Immediate	spine-unity	Spine.ExposedList`1	AddEnumerable	<untyped>			FFFFFFFFFFFFFFF8	0	0	0	Add	UNKNOWN:add-of-MemoryOperand	NO_BASE_TYPE	0	0	-	NOT_APPLICABLE	UNKNOWN	NO_OWNER	[v204 @ X10_v35-8]
Il2CppClass.interface_offsets_count	spine-unity	Spine.ExposedList`1	AddEnumerable	Il2CppClass<System.Collections.IEnumerator>		RuntimeClassTypeAnalysisContext	12E	0	0	0	Move:memory	RUNTIME_STRUCT:RuntimeClassTypeAnalysisContext	RUNTIME_STRUCT	0	0	-	NOT_APPLICABLE	RUNTIME_STRUCTURE	SEARCH_EMPTY	[v554 @ X8_v29 (Il2CppClass<System.Collections.IEnumerator>)+12E]
Il2CppClass.interface_offsets_count	spine-unity	Spine.ExposedList`1	AddEnumerable	Il2CppClass<System.Collections.IEnumerator>		RuntimeClassTypeAnalysisContext	12E	0	0	0	Move:memory	RUNTIME_STRUCT:RuntimeClassTypeAnalysisContext	RUNTIME_STRUCT	0	0	-	NOT_APPLICABLE	RUNTIME_STRUCTURE	SEARCH_EMPTY	[v554 @ X8_v29 (Il2CppClass<System.Collections.IEnumerator>)+12E]
base has no type, from Add of an untyped local and Immediate	spine-unity	Spine.ExposedList`1	AddEnumerable	<untyped>			FFFFFFFFFFFFFFF8	0	0	0	Add	UNKNOWN:add-of-MemoryOperand	NO_BASE_TYPE	0	0	-	NOT_APPLICABLE	UNKNOWN	NO_OWNER	[v649 @ X10_v25-8]
base has no type, from Add of an untyped local and Immediate	spine-unity	Spine.ExposedList`1	AddEnumerable	<untyped>			FFFFFFFFFFFFFFF8	0	0	0	Add	UNKNOWN:add-of-MemoryOperand	NO_BASE_TYPE	0	0	-	NOT_APPLICABLE	UNKNOWN	NO_OWNER	[v567 @ X10_v7-8]
base has no type, from Add of an untyped local and Immediate	spine-unity	Spine.ExposedList`1	AddEnumerable	<untyped>			FFFFFFFFFFFFFFF8	0	0	0	Add	UNKNOWN:add-of-MemoryOperand	NO_BASE_TYPE	0	0	-	NOT_APPLICABLE	UNKNOWN	NO_OWNER	[v488 @ X10_v15-8]
value type base	spine-unity	SharpJson.Lexer	NextToken	System.Int32	System.ValueType	TypeAnalysisContext	0	0	1	0	Add	MISSING_METADATA:inside-the-layout-between-fields	LAYOUT_KNOWN	1	10	NESTED:m_value	VALUE_RELATIVE	UNKNOWN	NOT_A_FIELD_ACCESS	[v394 @ X13_v2 (System.Int32)+v422 @ X8_v43 (System.Int32)]
past the last field of the base type	spine-unity	Spine.VertexAttachment	CopyTo	System.Array	System.Object	TypeAnalysisContext	18	0	0	0	Move:field Int32[]	NO_KNOWN_LAYOUT:type-has-no-instance-fields	NO_INSTANCE_FIELDS	0	0	BEYOND_LAYOUT	CLASS_OBJECT_RELATIVE	INSTANCE_FIELD	SEARCH_EMPTY	[v64 @ X0_v11 (System.Array)+18]
past the last field of the base type	spine-unity	Spine.ExposedList`1	Clear	System.Array	System.Object	TypeAnalysisContext	18	0	0	0	Move:field T[]	NO_KNOWN_LAYOUT:type-has-no-instance-fields	NO_INSTANCE_FIELDS	0	0	BEYOND_LAYOUT	CLASS_OBJECT_RELATIVE	INSTANCE_FIELD	SEARCH_EMPTY	[v9 @ X0_v2 (System.Array)+18]
past the last field of the base type	spine-unity	Spine.VertexAttachment	CopyTo	System.Array	System.Object	TypeAnalysisContext	18	0	0	0	Move:field Single[]	NO_KNOWN_LAYOUT:type-has-no-instance-fields	NO_INSTANCE_FIELDS	0	0	BEYOND_LAYOUT	CLASS_OBJECT_RELATIVE	INSTANCE_FIELD	SEARCH_EMPTY	[v65 @ X0_v6 (System.Array)+18]
base has no type, from no definition	spine-unity	Spine.ExposedList`1	ConvertAll	<untyped>			28	0	0	0	<none>	TYPE_PROPAGATION:entry-value	NO_BASE_TYPE	0	0	-	NOT_APPLICABLE	ENTRY_VALUE	NO_OWNER	[v27 @ SYSREG+28]
Il2CppClass.0x104	spine-unity	Spine.ExposedList`1	ConvertAll	Il2CppClass<T[]>		RuntimeClassTypeAnalysisContext	104	0	0	0	Move:memory	RUNTIME_STRUCT:RuntimeClassTypeAnalysisContext	RUNTIME_STRUCT	0	0	-	NOT_APPLICABLE	RUNTIME_STRUCTURE	SEARCH_EMPTY	[v351 @ X9_v14 (Il2CppClass<T[]>)+104]
Il2CppClass.0x104	spine-unity	Spine.ExposedList`1	ConvertAll	Il2CppClass<TOutput[]>		RuntimeClassTypeAnalysisContext	104	0	0	0	Move:memory	RUNTIME_STRUCT:RuntimeClassTypeAnalysisContext	RUNTIME_STRUCT	0	0	-	NOT_APPLICABLE	RUNTIME_STRUCTURE	SEARCH_EMPTY	[v390 @ X8_v24 (Il2CppClass<TOutput[]>)+104]
base has no type, from Move from AddressOf(stack_-60)	spine-unity	Spine.ExposedList`1	ConvertAll	<untyped>			FFFFFFFFFFFFFFD8	0	0	0	Move:AddressOf	TYPE_PROPAGATION:address-of	NO_BASE_TYPE	0	0	-	NOT_APPLICABLE	UNKNOWN	NO_OWNER	[v24 @ X29_v1-28]
base has no type, from Move from an untyped base	spine-unity	Spine.ExposedList`1	ConvertAll	<untyped>			28	0	0	0	Move:memory	TYPE_PROPAGATION:address-of	NO_BASE_TYPE	0	0	-	NOT_APPLICABLE	LOADED_POINTER	NO_OWNER	[v260 @ X8_v12+28]
base has no type, from Move from AddressOf(stack_-60)	spine-unity	Spine.ExposedList`1	ConvertAll	<untyped>			FFFFFFFFFFFFFFF8	0	0	0	Move:AddressOf	TYPE_PROPAGATION:address-of	NO_BASE_TYPE	0	0	-	NOT_APPLICABLE	UNKNOWN	NO_OWNER	[v24 @ X29_v1-8]
Il2CppClass.0xFC	spine-unity	Spine.ExposedList`1	ConvertAll	Il2CppClass<TOutput>		RuntimeClassTypeAnalysisContext	FC	0	0	0	Move:type Il2CppClass<TOutput>	RUNTIME_STRUCT:RuntimeClassTypeAnalysisContext	RUNTIME_STRUCT	0	0	-	NOT_APPLICABLE	RUNTIME_STRUCTURE	SEARCH_EMPTY	[v57 @ X10_v1 (Il2CppClass<TOutput>)+FC]
Il2CppClass.0xFC	spine-unity	Spine.ExposedList`1	ConvertAll	Il2CppClass<TOutput>		RuntimeClassTypeAnalysisContext	FC	0	0	0	Move:type Il2CppClass<TOutput>	RUNTIME_STRUCT:RuntimeClassTypeAnalysisContext	RUNTIME_STRUCT	0	0	-	NOT_APPLICABLE	RUNTIME_STRUCTURE	SEARCH_EMPTY	[v57 @ X10_v1 (Il2CppClass<TOutput>)+FC]
Il2CppClass.0xFC	spine-unity	Spine.ExposedList`1	ConvertAll	Il2CppClass<T>		RuntimeClassTypeAnalysisContext	FC	0	0	0	Move:type Il2CppClass<T>	RUNTIME_STRUCT:RuntimeClassTypeAnalysisContext	RUNTIME_STRUCT	0	0	-	NOT_APPLICABLE	RUNTIME_STRUCTURE	SEARCH_EMPTY	[v60 @ X9_v3 (Il2CppClass<T>)+FC]
base has no type, from Add of the field T[] and Int32	spine-unity	Spine.ExposedList`1	Find	<untyped>			20	0	0	0	Add	PAST_LAST_FIELD:value-type	NO_BASE_TYPE	0	0	-	NOT_APPLICABLE	UNKNOWN	NO_OWNER	[v109 @ X8_v11+20]
array at 0x0, from Move from the field T[]	spine-unity	Spine.ExposedList`1	FindAllList	T[]		SzArrayTypeAnalysisContext	0	0	0	0	Move:field T[]	ARRAY_ELEMENT:array-typed-base	NO_INSTANCE_FIELDS	0	0	INSIDE_NO_FIELD	CLASS_OBJECT_RELATIVE	INSTANCE_FIELD	NOT_A_FIELD_ACCESS	[v202 @ X8_v16 (T[])+v108 @ X23_v4 (System.Int32)]
value type base	spine-unity	Spine.PathConstraint	.ctor	System.Int32	System.ValueType	TypeAnalysisContext	18	0	1	0	Move:Immediate	PAST_LAST_FIELD:value-type	LAYOUT_KNOWN	1	10	BEYOND_LAYOUT	NEITHER	UNKNOWN	SEARCH_EMPTY	[v209 @ X8_v16 (System.Int32)+18]
value type base	spine-unity	Spine.EventQueue	Drain	System.Int32	System.ValueType	TypeAnalysisContext	0	0	1	0	Add	MISSING_METADATA:inside-the-layout-between-fields	LAYOUT_KNOWN	1	10	NESTED:m_value	VALUE_RELATIVE	UNKNOWN	NOT_A_FIELD_ACCESS	[v224 @ X26_v6 (System.Int32)+v220 @ stack_-68_v5 (Spine.EventQueue+EventType)]
between fields of the base type	spine-unity	Spine.PathConstraint	.ctor	Spine.PathConstraintData	Spine.ConstraintData	TypeAnalysisContext	28	4C	13	0	<none>	RESOLVABLE:field-at-this-exact-offset	LAYOUT_KNOWN	13	4C	EXACT:target	CLASS_OBJECT_RELATIVE	PARAMETER	SEARCH_ANSWERS:target	[data @ X1 (Spine.PathConstraintData)+28]
base has no type, from Move from [PathConstraintData + 0x28]	spine-unity	Spine.PathConstraint	.ctor	<untyped>			18	0	0	0	Move:memory	RESOLVABLE:field-at-this-exact-offset	NO_BASE_TYPE	0	0	-	NOT_APPLICABLE	LOADED_POINTER	NO_OWNER	[v210 @ X8_v10+18]
between fields of the base type	spine-unity	Spine.PathConstraint	.ctor	Spine.PathConstraintData	Spine.ConstraintData	TypeAnalysisContext	40	4C	13	0	<none>	RESOLVABLE:field-at-this-exact-offset	LAYOUT_KNOWN	13	4C	EXACT:position	CLASS_OBJECT_RELATIVE	PARAMETER	SEARCH_ANSWERS:position	[data @ X1 (Spine.PathConstraintData)+40]
past the last field of the base type	spine-unity	Spine.DeformTimeline	Apply	Spine.Attachment	System.Object	TypeAnalysisContext	38	10	1	0	Move:field Attachment	PAST_LAST_FIELD:class	LAYOUT_KNOWN	1	10	BEYOND_LAYOUT	CLASS_OBJECT_RELATIVE	UNKNOWN	SEARCH_EMPTY	[v150 @ X24_v5 (Spine.Attachment)+38]
past the last field of the base type	spine-unity	Spine.DeformTimeline	Apply	Spine.Attachment	System.Object	TypeAnalysisContext	20	10	1	0	Move:field Attachment	PAST_LAST_FIELD:class	LAYOUT_KNOWN	1	10	BEYOND_LAYOUT	CLASS_OBJECT_RELATIVE	UNKNOWN	SEARCH_EMPTY	[v150 @ X24_v5 (Spine.Attachment)+20]
base has no type, from Add of the field T[] and Int32	spine-unity	Spine.ExposedList`1	FindLast	<untyped>			20	0	0	0	Add	PAST_LAST_FIELD:value-type	NO_BASE_TYPE	0	0	-	NOT_APPLICABLE	UNKNOWN	NO_OWNER	[v109 @ X8_v11+20]
base has no type, from Add of the field Single[] and Immediate	spine-unity	Spine.DeformTimeline	Apply	<untyped>			0	0	0	0	Add	UNKNOWN:add-of-FieldReference	NO_BASE_TYPE	0	0	-	NOT_APPLICABLE	UNKNOWN	NO_OWNER	[v234 @ X11_v22+v793 @ X8_v75 (System.Int32)*4]
past the last field of the base type	spine-unity	Spine.DeformTimeline	Apply	Spine.Attachment	System.Object	TypeAnalysisContext	20	10	1	0	Move:field Attachment	PAST_LAST_FIELD:class	LAYOUT_KNOWN	1	10	BEYOND_LAYOUT	CLASS_OBJECT_RELATIVE	UNKNOWN	SEARCH_EMPTY	[v150 @ X24_v5 (Spine.Attachment)+20]
base has no type, from Add of the field Single[] and Immediate	spine-unity	Spine.DeformTimeline	Apply	<untyped>			0	0	0	0	Add	UNKNOWN:add-of-FieldReference	NO_BASE_TYPE	0	0	-	NOT_APPLICABLE	UNKNOWN	NO_OWNER	[v680 @ X10_v16+v795 @ X8_v43 (System.Int32)*4]
base has no type, from Add of ArrayAccess and Immediate	spine-unity	Spine.DeformTimeline	Apply	<untyped>			0	0	0	0	Add	UNKNOWN:add-of-ArrayAccess	NO_BASE_TYPE	0	0	-	NOT_APPLICABLE	UNKNOWN	NO_OWNER	[v235 @ X11_v14+v795 @ X8_v43 (System.Int32)*4]
past the last field of the base type	spine-unity	Spine.DeformTimeline	Apply	Spine.Attachment	System.Object	TypeAnalysisContext	20	10	1	0	Move:field Attachment	PAST_LAST_FIELD:class	LAYOUT_KNOWN	1	10	BEYOND_LAYOUT	CLASS_OBJECT_RELATIVE	UNKNOWN	SEARCH_EMPTY	[v150 @ X24_v5 (Spine.Attachment)+20]
base has no type, from Add of the field Single[] and Immediate	spine-unity	Spine.DeformTimeline	Apply	<untyped>			0	0	0	0	Add	UNKNOWN:add-of-FieldReference	NO_BASE_TYPE	0	0	-	NOT_APPLICABLE	UNKNOWN	NO_OWNER	[v236 @ X11_v19+v797 @ X8_v65 (System.Int32)*4]
past the last field of the base type	spine-unity	Spine.DeformTimeline	Apply	Spine.Attachment	System.Object	TypeAnalysisContext	20	10	1	0	Move:field Attachment	PAST_LAST_FIELD:class	LAYOUT_KNOWN	1	10	BEYOND_LAYOUT	CLASS_OBJECT_RELATIVE	UNKNOWN	SEARCH_EMPTY	[v150 @ X24_v5 (Spine.Attachment)+20]
base has no type, from Add of ArrayAccess and Immediate	spine-unity	Spine.DeformTimeline	Apply	<untyped>			0	0	0	0	Add	UNKNOWN:add-of-ArrayAccess	NO_BASE_TYPE	0	0	-	NOT_APPLICABLE	UNKNOWN	NO_OWNER	[v237 @ X11_v12+v799 @ X8_v36 (System.Int32)*4]
base has no type, from Add of the field Single[] and Immediate	spine-unity	Spine.DeformTimeline	Apply	<untyped>			0	0	0	0	Add	UNKNOWN:add-of-FieldReference	NO_BASE_TYPE	0	0	-	NOT_APPLICABLE	UNKNOWN	NO_OWNER	[v682 @ X10_v14+v799 @ X8_v36 (System.Int32)*4]
past the last field of the base type	spine-unity	Spine.DeformTimeline	Apply	Spine.Attachment	System.Object	TypeAnalysisContext	20	10	1	0	Move:field Attachment	PAST_LAST_FIELD:class	LAYOUT_KNOWN	1	10	BEYOND_LAYOUT	CLASS_OBJECT_RELATIVE	UNKNOWN	SEARCH_EMPTY	[v150 @ X24_v5 (Spine.Attachment)+20]
base has no type, from Add of the field Single[] and Immediate	spine-unity	Spine.DeformTimeline	Apply	<untyped>			0	0	0	0	Add	UNKNOWN:add-of-FieldReference	NO_BASE_TYPE	0	0	-	NOT_APPLICABLE	UNKNOWN	NO_OWNER	[v240 @ X11_v15+v804 @ X8_v51 (System.Int32)*4]
base has no type, from Add of the field Single[] and Immediate	spine-unity	Spine.DeformTimeline	Apply	<untyped>			0	0	0	0	Add	UNKNOWN:add-of-FieldReference	NO_BASE_TYPE	0	0	-	NOT_APPLICABLE	UNKNOWN	NO_OWNER	[v240 @ X11_v15+v804 @ X8_v51 (System.Int32)*4]
base has no type, from Add of ArrayAccess and Immediate	spine-unity	Spine.DeformTimeline	Apply	<untyped>			0	0	0	0	Add	UNKNOWN:add-of-ArrayAccess	NO_BASE_TYPE	0	0	-	NOT_APPLICABLE	UNKNOWN	NO_OWNER	[v241 @ X11_v8+v806 @ X8_v22 (System.Int32)*4]
base has no type, from Add of the field Single[] and Immediate	spine-unity	Spine.DeformTimeline	Apply	<untyped>			0	0	0	0	Add	UNKNOWN:add-of-FieldReference	NO_BASE_TYPE	0	0	-	NOT_APPLICABLE	UNKNOWN	NO_OWNER	[v685 @ X10_v9+v806 @ X8_v22 (System.Int32)*4]
base has no type, from Add of the field Single[] and Immediate	spine-unity	Spine.DeformTimeline	Apply	<untyped>			0	0	0	0	Add	UNKNOWN:add-of-FieldReference	NO_BASE_TYPE	0	0	-	NOT_APPLICABLE	UNKNOWN	NO_OWNER	[v685 @ X10_v9+v806 @ X8_v22 (System.Int32)*4]
past the last field of the base type	spine-unity	Spine.DeformTimeline	Apply	Spine.Attachment	System.Object	TypeAnalysisContext	28	10	1	0	Move:field Attachment	PAST_LAST_FIELD:class	LAYOUT_KNOWN	1	10	BEYOND_LAYOUT	CLASS_OBJECT_RELATIVE	UNKNOWN	SEARCH_EMPTY	[v150 @ X24_v5 (Spine.Attachment)+28]
base has no type, from Add of [Attachment + 0x28] and Immediate	spine-unity	Spine.DeformTimeline	Apply	<untyped>			0	0	0	0	Add	UNKNOWN:add-of-MemoryOperand	NO_BASE_TYPE	0	0	-	NOT_APPLICABLE	UNKNOWN	NO_OWNER	[v79 @ X14_v12+v807 @ X8_v72 (System.Int32)*4]
value type base	spine-unity	Spine.Bone	UpdateWorldTransform	System.Int32	System.ValueType	TypeAnalysisContext	0	0	1	0	Add	MISSING_METADATA:inside-the-layout-between-fields	LAYOUT_KNOWN	1	10	NESTED:m_value	VALUE_RELATIVE	UNKNOWN	NOT_A_FIELD_ACCESS	[v152 @ X9_v8 (System.Int32)+v93 @ X8_v15 (Spine.TransformMode)*2]
absolute address	spine-unity	Spine.Bone	UpdateWorldTransform	<untyped>			1A37000	0	0	0	<none>	UNKNOWN:absolute-address	NO_BASE_TYPE	0	0	-	NOT_APPLICABLE	UNKNOWN	NO_OWNER	[1A37000]
base has no type, from Move from an absolute address	spine-unity	Spine.Bone	UpdateWorldTransform	<untyped>			B8	0	0	0	Move:memory	UNKNOWN:loaded-from-an-unbased-address	NO_BASE_TYPE	0	0	-	NOT_APPLICABLE	LOADED_POINTER	NO_OWNER	[v280 @ X8_v18+B8]
value type base	spine-unity	SharpJson.JsonDecoder	ParseValue	System.Int32	System.ValueType	TypeAnalysisContext	0	0	1	0	Add	MISSING_METADATA:inside-the-layout-between-fields	LAYOUT_KNOWN	1	10	NESTED:m_value	VALUE_RELATIVE	UNKNOWN	NOT_A_FIELD_ACCESS	[v77 @ X9_v2 (System.Int32)+v45 @ X8_v3 (System.Int32)]
base has no type, from Move from an untyped base	spine-unity	Spine.Pool`1	Reset	<untyped>			B0	0	0	0	Move:memory	TYPE_PROPAGATION:isinst	NO_BASE_TYPE	0	0	-	NOT_APPLICABLE	LOADED_POINTER	NO_OWNER	[v56 @ X8_v8+B0]
base has no type, from Move from an untyped base	spine-unity	Spine.Pool`1	Reset	<untyped>			12E	0	0	0	Move:memory	TYPE_PROPAGATION:isinst	NO_BASE_TYPE	0	0	-	NOT_APPLICABLE	LOADED_POINTER	NO_OWNER	[v56 @ X8_v8+12E]
base has no type, from Move from an untyped base	spine-unity	Spine.Pool`1	Reset	<untyped>			12E	0	0	0	Move:memory	TYPE_PROPAGATION:isinst	NO_BASE_TYPE	0	0	-	NOT_APPLICABLE	LOADED_POINTER	NO_OWNER	[v56 @ X8_v8+12E]
base has no type, from Add of an untyped local and Immediate	spine-unity	Spine.Pool`1	Reset	<untyped>			FFFFFFFFFFFFFFF8	0	0	0	Add	UNKNOWN:add-of-MemoryOperand	NO_BASE_TYPE	0	0	-	NOT_APPLICABLE	UNKNOWN	NO_OWNER	[v151 @ X10_v5-8]
base has no type, from Add of an untyped local and Immediate	spine-unity	Spine.Pool`1	Reset	<untyped>			8	0	0	0	Call	PHI_AMBIGUITY:multiple-definitions	NO_BASE_TYPE	0	0	-	NOT_APPLICABLE	UNKNOWN	NO_OWNER	[v168 @ X0_v5+8]
base has no type, from Add of the field Single[] and Immediate	spine-unity	Spine.DeformTimeline	Apply	<untyped>			0	0	0	0	Add	UNKNOWN:add-of-FieldReference	NO_BASE_TYPE	0	0	-	NOT_APPLICABLE	UNKNOWN	NO_OWNER	[v201 @ X12_v22+v807 @ X8_v72 (System.Int32)*4]
past the last field of the base type	spine-unity	Spine.DeformTimeline	Apply	Spine.Attachment	System.Object	TypeAnalysisContext	28	10	1	0	Move:field Attachment	PAST_LAST_FIELD:class	LAYOUT_KNOWN	1	10	BEYOND_LAYOUT	CLASS_OBJECT_RELATIVE	UNKNOWN	SEARCH_EMPTY	[v150 @ X24_v5 (Spine.Attachment)+28]
base has no type, from Add of ArrayAccess and Immediate	spine-unity	Spine.DeformTimeline	Apply	<untyped>			0	0	0	0	Add	UNKNOWN:add-of-ArrayAccess	NO_BASE_TYPE	0	0	-	NOT_APPLICABLE	UNKNOWN	NO_OWNER	[v202 @ X12_v13+v808 @ X8_v40 (System.Int32)*4]
base has no type, from Add of [Attachment + 0x28] and Immediate	spine-unity	Spine.DeformTimeline	Apply	<untyped>			0	0	0	0	Add	UNKNOWN:add-of-MemoryOperand	NO_BASE_TYPE	0	0	-	NOT_APPLICABLE	UNKNOWN	NO_OWNER	[v222 @ X13_v9+v808 @ X8_v40 (System.Int32)*4]
base has no type, from Add of the field Single[] and Immediate	spine-unity	Spine.DeformTimeline	Apply	<untyped>			0	0	0	0	Add	UNKNOWN:add-of-FieldReference	NO_BASE_TYPE	0	0	-	NOT_APPLICABLE	UNKNOWN	NO_OWNER	[v243 @ X11_v13+v808 @ X8_v40 (System.Int32)*4]
past the last field of the base type	spine-unity	Spine.DeformTimeline	Apply	Spine.Attachment	System.Object	TypeAnalysisContext	28	10	1	0	Move:field Attachment	PAST_LAST_FIELD:class	LAYOUT_KNOWN	1	10	BEYOND_LAYOUT	CLASS_OBJECT_RELATIVE	UNKNOWN	SEARCH_EMPTY	[v150 @ X24_v5 (Spine.Attachment)+28]
base has no type, from Add of [Attachment + 0x28] and Immediate	spine-unity	Spine.DeformTimeline	Apply	<untyped>			0	0	0	0	Add	UNKNOWN:add-of-MemoryOperand	NO_BASE_TYPE	0	0	-	NOT_APPLICABLE	UNKNOWN	NO_OWNER	[v203 @ X12_v24+v809 @ X8_v86 (System.Int32)*4]
past the last field of the base type	spine-unity	Spine.DeformTimeline	Apply	Spine.Attachment	System.Object	TypeAnalysisContext	20	10	1	0	Move:field Attachment	PAST_LAST_FIELD:class	LAYOUT_KNOWN	1	10	BEYOND_LAYOUT	CLASS_OBJECT_RELATIVE	UNKNOWN	SEARCH_EMPTY	[v150 @ X24_v5 (Spine.Attachment)+20]
past the last field of the base type	spine-unity	Spine.DeformTimeline	Apply	Spine.Attachment	System.Object	TypeAnalysisContext	20	10	1	0	Move:field Attachment	PAST_LAST_FIELD:class	LAYOUT_KNOWN	1	10	BEYOND_LAYOUT	CLASS_OBJECT_RELATIVE	UNKNOWN	SEARCH_EMPTY	[v150 @ X24_v5 (Spine.Attachment)+20]
base has no type, from Add of ArrayAccess and Immediate	spine-unity	Spine.DeformTimeline	Apply	<untyped>			0	0	0	0	Add	UNKNOWN:add-of-ArrayAccess	NO_BASE_TYPE	0	0	-	NOT_APPLICABLE	UNKNOWN	NO_OWNER	[v690 @ X10_v12+v813 @ X8_v29 (System.Int32)*4]
past the last field of the base type	spine-unity	Spine.DeformTimeline	Apply	Spine.Attachment	System.Object	TypeAnalysisContext	28	10	1	0	Move:field Attachment	PAST_LAST_FIELD:class	LAYOUT_KNOWN	1	10	BEYOND_LAYOUT	CLASS_OBJECT_RELATIVE	UNKNOWN	SEARCH_EMPTY	[v150 @ X24_v5 (Spine.Attachment)+28]
base has no type, from Add of [Attachment + 0x28] and Immediate	spine-unity	Spine.DeformTimeline	Apply	<untyped>			0	0	0	0	Add	UNKNOWN:add-of-MemoryOperand	NO_BASE_TYPE	0	0	-	NOT_APPLICABLE	UNKNOWN	NO_OWNER	[v226 @ X13_v17+v814 @ X8_v62 (System.Int32)*4]
base has no type, from Add of the field Single[] and Immediate	spine-unity	Spine.DeformTimeline	Apply	<untyped>			0	0	0	0	Add	UNKNOWN:add-of-FieldReference	NO_BASE_TYPE	0	0	-	NOT_APPLICABLE	UNKNOWN	NO_OWNER	[v206 @ X12_v19+v814 @ X8_v62 (System.Int32)*4]
past the last field of the base type	spine-unity	Spine.DeformTimeline	Apply	Spine.Attachment	System.Object	TypeAnalysisContext	28	10	1	0	Move:field Attachment	PAST_LAST_FIELD:class	LAYOUT_KNOWN	1	10	BEYOND_LAYOUT	CLASS_OBJECT_RELATIVE	UNKNOWN	SEARCH_EMPTY	[v150 @ X24_v5 (Spine.Attachment)+28]
base has no type, from Add of ArrayAccess and Immediate	spine-unity	Spine.DeformTimeline	Apply	<untyped>			0	0	0	0	Add	UNKNOWN:add-of-ArrayAccess	NO_BASE_TYPE	0	0	-	NOT_APPLICABLE	UNKNOWN	NO_OWNER	[v207 @ X12_v10+v815 @ X8_v33 (System.Int32)*4]
base has no type, from Add of [Attachment + 0x28] and Immediate	spine-unity	Spine.DeformTimeline	Apply	<untyped>			0	0	0	0	Add	UNKNOWN:add-of-MemoryOperand	NO_BASE_TYPE	0	0	-	NOT_APPLICABLE	UNKNOWN	NO_OWNER	[v227 @ X13_v8+v815 @ X8_v33 (System.Int32)*4]
base has no type, from Add of the field Single[] and Immediate	spine-unity	Spine.DeformTimeline	Apply	<untyped>			0	0	0	0	Add	UNKNOWN:add-of-FieldReference	NO_BASE_TYPE	0	0	-	NOT_APPLICABLE	UNKNOWN	NO_OWNER	[v248 @ X11_v11+v815 @ X8_v33 (System.Int32)*4]
past the last field of the base type	spine-unity	Spine.DeformTimeline	Apply	Spine.Attachment	System.Object	TypeAnalysisContext	28	10	1	0	Move:field Attachment	PAST_LAST_FIELD:class	LAYOUT_KNOWN	1	10	BEYOND_LAYOUT	CLASS_OBJECT_RELATIVE	UNKNOWN	SEARCH_EMPTY	[v150 @ X24_v5 (Spine.Attachment)+28]
base has no type, from Add of [Attachment + 0x28] and Immediate	spine-unity	Spine.DeformTimeline	Apply	<untyped>			0	0	0	0	Add	UNKNOWN:add-of-MemoryOperand	NO_BASE_TYPE	0	0	-	NOT_APPLICABLE	UNKNOWN	NO_OWNER	[v228 @ X13_v13+v816 @ X8_v55 (System.Int32)*4]
base has no type, from Add of [Attachment + 0x28] and Immediate	spine-unity	Spine.DeformTimeline	Apply	<untyped>			0	0	0	0	Add	UNKNOWN:add-of-MemoryOperand	NO_BASE_TYPE	0	0	-	NOT_APPLICABLE	UNKNOWN	NO_OWNER	[v228 @ X13_v13+v816 @ X8_v55 (System.Int32)*4]
past the last field of the base type	spine-unity	Spine.DeformTimeline	Apply	Spine.Attachment	System.Object	TypeAnalysisContext	28	10	1	0	Move:field Attachment	PAST_LAST_FIELD:class	LAYOUT_KNOWN	1	10	BEYOND_LAYOUT	CLASS_OBJECT_RELATIVE	UNKNOWN	SEARCH_EMPTY	[v150 @ X24_v5 (Spine.Attachment)+28]
base has no type, from Add of ArrayAccess and Immediate	spine-unity	Spine.DeformTimeline	Apply	<untyped>			0	0	0	0	Add	UNKNOWN:add-of-ArrayAccess	NO_BASE_TYPE	0	0	-	NOT_APPLICABLE	UNKNOWN	NO_OWNER	[v250 @ X11_v9+v817 @ X8_v26 (System.Int32)*4]
base has no type, from Add of [Attachment + 0x28] and Immediate	spine-unity	Spine.DeformTimeline	Apply	<untyped>			0	0	0	0	Add	UNKNOWN:add-of-MemoryOperand	NO_BASE_TYPE	0	0	-	NOT_APPLICABLE	UNKNOWN	NO_OWNER	[v695 @ X10_v11+v817 @ X8_v26 (System.Int32)*4]
base has no type, from Add of [Attachment + 0x28] and Immediate	spine-unity	Spine.DeformTimeline	Apply	<untyped>			0	0	0	0	Add	UNKNOWN:add-of-MemoryOperand	NO_BASE_TYPE	0	0	-	NOT_APPLICABLE	UNKNOWN	NO_OWNER	[v695 @ X10_v11+v817 @ X8_v26 (System.Int32)*4]
Il2CppClass.0x18	spine-unity	Spine.ExposedList`1	InsertRange	Il2CppClass<T[]>		RuntimeClassTypeAnalysisContext	18	0	0	0	<none>	RUNTIME_STRUCT:RuntimeClassTypeAnalysisContext	RUNTIME_STRUCT	0	0	-	NOT_APPLICABLE	RUNTIME_STRUCTURE	SEARCH_EMPTY	[v73 @ X0_v5 (Il2CppClass<T[]>)+18]
base has no type, from no definition	spine-unity	Spine.PathConstraint	.ctor	<untyped>			10	0	0	0	<none>	TYPE_PROPAGATION:entry-value	NO_BASE_TYPE	0	0	-	NOT_APPLICABLE	STACK_SLOT	NO_OWNER	[v297 @ stack_-68+10]
base has no type, from Move from an untyped base	spine-unity	Spine.PathConstraint	.ctor	<untyped>			10	0	0	0	Move:memory	TYPE_PROPAGATION:entry-value	NO_BASE_TYPE	0	0	-	NOT_APPLICABLE	LOADED_POINTER	NO_OWNER	[v428 @ X9_v16+10]
Il2CppClass.interfaceOffsets	spine-unity	Spine.ExposedList`1	InsertCollection	Il2CppClass<System.Collections.Generic.ICollection`1<T>>		RuntimeClassTypeAnalysisContext	B0	0	0	0	Move:memory	RUNTIME_STRUCT:RuntimeClassTypeAnalysisContext	RUNTIME_STRUCT	0	0	-	NOT_APPLICABLE	RUNTIME_STRUCTURE	SEARCH_EMPTY	[v46 @ X8_v4 (Il2CppClass<System.Collections.Generic.ICollection`1<T>>)+B0]
Il2CppClass.interfaceOffsets	spine-unity	Spine.ExposedList`1	InsertCollection	Il2CppClass<System.Collections.Generic.ICollection`1<T>>		RuntimeClassTypeAnalysisContext	B0	0	0	0	Move:memory	RUNTIME_STRUCT:RuntimeClassTypeAnalysisContext	RUNTIME_STRUCT	0	0	-	NOT_APPLICABLE	RUNTIME_STRUCTURE	SEARCH_EMPTY	[v212 @ X8_v12 (Il2CppClass<System.Collections.Generic.ICollection`1<T>>)+B0]
Il2CppClass.interface_offsets_count	spine-unity	Spine.ExposedList`1	InsertCollection	Il2CppClass<System.Collections.Generic.ICollection`1<T>>		RuntimeClassTypeAnalysisContext	12E	0	0	0	Move:memory	RUNTIME_STRUCT:RuntimeClassTypeAnalysisContext	RUNTIME_STRUCT	0	0	-	NOT_APPLICABLE	RUNTIME_STRUCTURE	SEARCH_EMPTY	[v46 @ X8_v4 (Il2CppClass<System.Collections.Generic.ICollection`1<T>>)+12E]
Il2CppClass.interface_offsets_count	spine-unity	Spine.ExposedList`1	InsertCollection	Il2CppClass<System.Collections.Generic.ICollection`1<T>>		RuntimeClassTypeAnalysisContext	12E	0	0	0	Move:memory	RUNTIME_STRUCT:RuntimeClassTypeAnalysisContext	RUNTIME_STRUCT	0	0	-	NOT_APPLICABLE	RUNTIME_STRUCTURE	SEARCH_EMPTY	[v46 @ X8_v4 (Il2CppClass<System.Collections.Generic.ICollection`1<T>>)+12E]
base has no type, from Add of an untyped local and Immediate	spine-unity	Spine.ExposedList`1	InsertCollection	<untyped>			FFFFFFFFFFFFFFF8	0	0	0	Add	UNKNOWN:add-of-MemoryOperand	NO_BASE_TYPE	0	0	-	NOT_APPLICABLE	UNKNOWN	NO_OWNER	[v155 @ X10_v11-8]
Il2CppClass.interface_offsets_count	spine-unity	Spine.ExposedList`1	InsertCollection	Il2CppClass<System.Collections.Generic.ICollection`1<T>>		RuntimeClassTypeAnalysisContext	12E	0	0	0	Move:memory	RUNTIME_STRUCT:RuntimeClassTypeAnalysisContext	RUNTIME_STRUCT	0	0	-	NOT_APPLICABLE	RUNTIME_STRUCTURE	SEARCH_EMPTY	[v212 @ X8_v12 (Il2CppClass<System.Collections.Generic.ICollection`1<T>>)+12E]
Il2CppClass.interface_offsets_count	spine-unity	Spine.ExposedList`1	InsertCollection	Il2CppClass<System.Collections.Generic.ICollection`1<T>>		RuntimeClassTypeAnalysisContext	12E	0	0	0	Move:memory	RUNTIME_STRUCT:RuntimeClassTypeAnalysisContext	RUNTIME_STRUCT	0	0	-	NOT_APPLICABLE	RUNTIME_STRUCTURE	SEARCH_EMPTY	[v212 @ X8_v12 (Il2CppClass<System.Collections.Generic.ICollection`1<T>>)+12E]
base has no type, from Add of an untyped local and Immediate	spine-unity	Spine.ExposedList`1	InsertCollection	<untyped>			FFFFFFFFFFFFFFF8	0	0	0	Add	UNKNOWN:add-of-MemoryOperand	NO_BASE_TYPE	0	0	-	NOT_APPLICABLE	UNKNOWN	NO_OWNER	[v254 @ X10_v6-8]
base has no type, from Add of an untyped local and Immediate	spine-unity	Spine.ExposedList`1	InsertCollection	<untyped>			8	0	0	0	Call	PHI_AMBIGUITY:multiple-definitions	NO_BASE_TYPE	0	0	-	NOT_APPLICABLE	UNKNOWN	NO_OWNER	[v271 @ X0_v9+8]
base has no type, from Add of Single[] and Int32	spine-unity	Spine.EventTimeline	Apply	<untyped>			20	0	0	0	Add	ARRAY_ELEMENT:array-typed-base	NO_BASE_TYPE	0	0	-	NOT_APPLICABLE	UNKNOWN	NO_OWNER	[v337 @ X8_v16+20]
base has no type, from Add of Single[] and Int32	spine-unity	Spine.EventTimeline	Apply	<untyped>			20	0	0	0	Add	ARRAY_ELEMENT:array-typed-base	NO_BASE_TYPE	0	0	-	NOT_APPLICABLE	UNKNOWN	NO_OWNER	[v337 @ X8_v16+20]
base has no type, from Add of Single[] and Immediate	spine-unity	Spine.EventTimeline	Apply	<untyped>			0	0	0	0	Add	ARRAY_ELEMENT:array-typed-base	NO_BASE_TYPE	0	0	-	NOT_APPLICABLE	INSTANCE_FIELD	NO_OWNER	[v341 @ X12_v5+v343 @ X11_v6 (System.Int32)*4]
Il2CppClass.interfaceOffsets	spine-unity	Spine.ExposedList`1	InsertEnumeration	Il2CppClass<System.Collections.Generic.IEnumerable`1<T>>		RuntimeClassTypeAnalysisContext	B0	0	0	0	Move:memory	RUNTIME_STRUCT:RuntimeClassTypeAnalysisContext	RUNTIME_STRUCT	0	0	-	NOT_APPLICABLE	RUNTIME_STRUCTURE	SEARCH_EMPTY	[v64 @ X8_v19 (Il2CppClass<System.Collections.Generic.IEnumerable`1<T>>)+B0]
Il2CppClass.interfaceOffsets	spine-unity	Spine.ExposedList`1	InsertEnumeration	Il2CppClass<System.Collections.IEnumerator>		RuntimeClassTypeAnalysisContext	B0	0	0	0	Move:memory	RUNTIME_STRUCT:RuntimeClassTypeAnalysisContext	RUNTIME_STRUCT	0	0	-	NOT_APPLICABLE	RUNTIME_STRUCTURE	SEARCH_EMPTY	[v573 @ X8_v29 (Il2CppClass<System.Collections.IEnumerator>)+B0]
Il2CppClass.interface_offsets_count	spine-unity	Spine.ExposedList`1	InsertEnumeration	Il2CppClass<System.Collections.IEnumerator>		RuntimeClassTypeAnalysisContext	12E	0	0	0	Move:memory	RUNTIME_STRUCT:RuntimeClassTypeAnalysisContext	RUNTIME_STRUCT	0	0	-	NOT_APPLICABLE	RUNTIME_STRUCTURE	SEARCH_EMPTY	[v471 @ X8_v5 (Il2CppClass<System.Collections.IEnumerator>)+12E]
Il2CppClass.interface_offsets_count	spine-unity	Spine.ExposedList`1	InsertEnumeration	Il2CppClass<System.Collections.IEnumerator>		RuntimeClassTypeAnalysisContext	12E	0	0	0	Move:memory	RUNTIME_STRUCT:RuntimeClassTypeAnalysisContext	RUNTIME_STRUCT	0	0	-	NOT_APPLICABLE	RUNTIME_STRUCTURE	SEARCH_EMPTY	[v471 @ X8_v5 (Il2CppClass<System.Collections.IEnumerator>)+12E]
Il2CppClass.interfaceOffsets	spine-unity	Spine.ExposedList`1	InsertEnumeration	Il2CppClass<System.Collections.IEnumerator>		RuntimeClassTypeAnalysisContext	B0	0	0	0	Move:memory	RUNTIME_STRUCT:RuntimeClassTypeAnalysisContext	RUNTIME_STRUCT	0	0	-	NOT_APPLICABLE	RUNTIME_STRUCTURE	SEARCH_EMPTY	[v471 @ X8_v5 (Il2CppClass<System.Collections.IEnumerator>)+B0]
Il2CppClass.interface_offsets_count	spine-unity	Spine.ExposedList`1	InsertEnumeration	Il2CppClass<System.Collections.IEnumerator>		RuntimeClassTypeAnalysisContext	12E	0	0	0	Move:memory	RUNTIME_STRUCT:RuntimeClassTypeAnalysisContext	RUNTIME_STRUCT	0	0	-	NOT_APPLICABLE	RUNTIME_STRUCTURE	SEARCH_EMPTY	[v328 @ X8_v11 (Il2CppClass<System.Collections.IEnumerator>)+12E]
Il2CppClass.interface_offsets_count	spine-unity	Spine.ExposedList`1	InsertEnumeration	Il2CppClass<System.Collections.IEnumerator>		RuntimeClassTypeAnalysisContext	12E	0	0	0	Move:memory	RUNTIME_STRUCT:RuntimeClassTypeAnalysisContext	RUNTIME_STRUCT	0	0	-	NOT_APPLICABLE	RUNTIME_STRUCTURE	SEARCH_EMPTY	[v328 @ X8_v11 (Il2CppClass<System.Collections.IEnumerator>)+12E]
Il2CppClass.interfaceOffsets	spine-unity	Spine.ExposedList`1	InsertEnumeration	Il2CppClass<System.Collections.IEnumerator>		RuntimeClassTypeAnalysisContext	B0	0	0	0	Move:memory	RUNTIME_STRUCT:RuntimeClassTypeAnalysisContext	RUNTIME_STRUCT	0	0	-	NOT_APPLICABLE	RUNTIME_STRUCTURE	SEARCH_EMPTY	[v328 @ X8_v11 (Il2CppClass<System.Collections.IEnumerator>)+B0]
Il2CppClass.interface_offsets_count	spine-unity	Spine.ExposedList`1	InsertEnumeration	Il2CppClass<System.Collections.Generic.IEnumerable`1<T>>		RuntimeClassTypeAnalysisContext	12E	0	0	0	Move:memory	RUNTIME_STRUCT:RuntimeClassTypeAnalysisContext	RUNTIME_STRUCT	0	0	-	NOT_APPLICABLE	RUNTIME_STRUCTURE	SEARCH_EMPTY	[v64 @ X8_v19 (Il2CppClass<System.Collections.Generic.IEnumerable`1<T>>)+12E]
Il2CppClass.interface_offsets_count	spine-unity	Spine.ExposedList`1	InsertEnumeration	Il2CppClass<System.Collections.Generic.IEnumerable`1<T>>		RuntimeClassTypeAnalysisContext	12E	0	0	0	Move:memory	RUNTIME_STRUCT:RuntimeClassTypeAnalysisContext	RUNTIME_STRUCT	0	0	-	NOT_APPLICABLE	RUNTIME_STRUCTURE	SEARCH_EMPTY	[v64 @ X8_v19 (Il2CppClass<System.Collections.Generic.IEnumerable`1<T>>)+12E]
base has no type, from Add of an untyped local and Immediate	spine-unity	Spine.ExposedList`1	InsertEnumeration	<untyped>			FFFFFFFFFFFFFFF8	0	0	0	Add	UNKNOWN:add-of-MemoryOperand	NO_BASE_TYPE	0	0	-	NOT_APPLICABLE	UNKNOWN	NO_OWNER	[v215 @ X10_v35-8]
Il2CppClass.interface_offsets_count	spine-unity	Spine.ExposedList`1	InsertEnumeration	Il2CppClass<System.Collections.IEnumerator>		RuntimeClassTypeAnalysisContext	12E	0	0	0	Move:memory	RUNTIME_STRUCT:RuntimeClassTypeAnalysisContext	RUNTIME_STRUCT	0	0	-	NOT_APPLICABLE	RUNTIME_STRUCTURE	SEARCH_EMPTY	[v573 @ X8_v29 (Il2CppClass<System.Collections.IEnumerator>)+12E]
Il2CppClass.interface_offsets_count	spine-unity	Spine.ExposedList`1	InsertEnumeration	Il2CppClass<System.Collections.IEnumerator>		RuntimeClassTypeAnalysisContext	12E	0	0	0	Move:memory	RUNTIME_STRUCT:RuntimeClassTypeAnalysisContext	RUNTIME_STRUCT	0	0	-	NOT_APPLICABLE	RUNTIME_STRUCTURE	SEARCH_EMPTY	[v573 @ X8_v29 (Il2CppClass<System.Collections.IEnumerator>)+12E]
base has no type, from Add of an untyped local and Immediate	spine-unity	Spine.ExposedList`1	InsertEnumeration	<untyped>			FFFFFFFFFFFFFFF8	0	0	0	Add	UNKNOWN:add-of-MemoryOperand	NO_BASE_TYPE	0	0	-	NOT_APPLICABLE	UNKNOWN	NO_OWNER	[v671 @ X10_v25-8]
base has no type, from Add of an untyped local and Immediate	spine-unity	Spine.ExposedList`1	InsertEnumeration	<untyped>			FFFFFFFFFFFFFFF8	0	0	0	Add	UNKNOWN:add-of-MemoryOperand	NO_BASE_TYPE	0	0	-	NOT_APPLICABLE	UNKNOWN	NO_OWNER	[v586 @ X10_v7-8]
base has no type, from Add of an untyped local and Immediate	spine-unity	Spine.ExposedList`1	InsertEnumeration	<untyped>			FFFFFFFFFFFFFFF8	0	0	0	Add	UNKNOWN:add-of-MemoryOperand	NO_BASE_TYPE	0	0	-	NOT_APPLICABLE	UNKNOWN	NO_OWNER	[v505 @ X10_v15-8]
array at 0x0, from Move from the field T[]	spine-unity	Spine.ExposedList`1	RemoveAll	T[]		SzArrayTypeAnalysisContext	0	0	0	0	Move:field T[]	ARRAY_ELEMENT:array-typed-base	NO_INSTANCE_FIELDS	0	0	INSIDE_NO_FIELD	CLASS_OBJECT_RELATIVE	INSTANCE_FIELD	NOT_A_FIELD_ACCESS	[v192 @ X8_v17 (T[])+v142 @ X23_v5 (System.Int32)]
generic instance, reference arguments	spine-unity	Spine.ExposedList`1+Enumerator	VerifyState	Spine.ExposedList`1<T>+Enumerator<T>	System.ValueType	GenericInstanceTypeAnalysisContext	C	0	0	0	<none>	GENERIC_LAYOUT:instantiation	LAYOUT_KNOWN	4	20	INSIDE_NO_FIELD	NEITHER	THIS	SEARCH_EMPTY	[this @ X0 (Spine.ExposedList`1<T>+Enumerator<T>)+C]
base has no type, from Move from [Enumerator<T> + 0x0]	spine-unity	Spine.ExposedList`1+Enumerator	VerifyState	<untyped>			1C	0	0	0	Move:memory	GENERIC_LAYOUT:instantiation	NO_BASE_TYPE	0	0	-	NOT_APPLICABLE	LOADED_POINTER	NO_OWNER	[v8 @ X8_v1+1C]
base has no type, from a call's result	spine-unity	Spine.ExposedList`1+Enumerator	VerifyState	<untyped>			C0	0	0	0	Call	MISSING_METADATA:unresolved-call-result	NO_BASE_TYPE	0	0	-	NOT_APPLICABLE	CALL_RESULT	NO_OWNER	[v30 @ X0_v4+C0]
value type base	spine-unity	Spine.PathConstraint	Update	System.Int32	System.ValueType	TypeAnalysisContext	0	0	1	0	Add	MISSING_METADATA:inside-the-layout-between-fields	LAYOUT_KNOWN	1	10	NESTED:m_value	VALUE_RELATIVE	UNKNOWN	NOT_A_FIELD_ACCESS	[v946 @ X9_v25 (System.Int32)+v929 @ TEMPCOND_v33 (System.Boolean)*4]
base has no type, from Add of the field T[] and Int32	spine-unity	Spine.ExposedList`1	Pop	<untyped>			20	0	0	0	Add	PAST_LAST_FIELD:value-type	NO_BASE_TYPE	0	0	-	NOT_APPLICABLE	UNKNOWN	NO_OWNER	[v58 @ X9_v4+20]
value type base	spine-unity	Spine.SkeletonBinary	ReadAttachment	System.Int32	System.ValueType	TypeAnalysisContext	0	0	1	0	Add	MISSING_METADATA:inside-the-layout-between-fields	LAYOUT_KNOWN	1	10	NESTED:m_value	VALUE_RELATIVE	UNKNOWN	NOT_A_FIELD_ACCESS	[v133 @ X9_v2 (System.Int32)+v187 @ X8_v4 (System.Int32)*2]
base has no type, from Add of Single[] and Int32	spine-unity	Spine.IkConstraintTimeline	Apply	<untyped>			20	0	0	0	Add	ARRAY_ELEMENT:array-typed-base	NO_BASE_TYPE	0	0	-	NOT_APPLICABLE	UNKNOWN	NO_OWNER	[v130 @ X9_v9+20]
base has no type, from Add of Single[] and Int32	spine-unity	Spine.IkConstraintTimeline	Apply	<untyped>			20	0	0	0	Add	ARRAY_ELEMENT:array-typed-base	NO_BASE_TYPE	0	0	-	NOT_APPLICABLE	UNKNOWN	NO_OWNER	[v130 @ X9_v9+20]
base has no type, from Add of Single[] and Immediate	spine-unity	Spine.IkConstraintTimeline	Apply	<untyped>			0	0	0	0	Add	ARRAY_ELEMENT:array-typed-base	NO_BASE_TYPE	0	0	-	NOT_APPLICABLE	UNKNOWN	NO_OWNER	[v583 @ X9_v11+v486 @ X10_v23 (System.Int32)]
base has no type, from Add of Single[] and Immediate	spine-unity	Spine.IkConstraintTimeline	Apply	<untyped>			0	0	0	0	Add	ARRAY_ELEMENT:array-typed-base	NO_BASE_TYPE	0	0	-	NOT_APPLICABLE	UNKNOWN	NO_OWNER	[v583 @ X9_v11+v434 @ X10_v26 (System.Int32)]
base has no type, from Add of Single[] and Immediate	spine-unity	Spine.IkConstraintTimeline	Apply	<untyped>			0	0	0	0	Add	ARRAY_ELEMENT:array-typed-base	NO_BASE_TYPE	0	0	-	NOT_APPLICABLE	UNKNOWN	NO_OWNER	[v583 @ X9_v11+v556 @ X11_v14 (System.Int32)]
base has no type, from Add of Single[] and Immediate	spine-unity	Spine.IkConstraintTimeline	Apply	<untyped>			0	0	0	0	Add	ARRAY_ELEMENT:array-typed-base	NO_BASE_TYPE	0	0	-	NOT_APPLICABLE	UNKNOWN	NO_OWNER	[v583 @ X9_v11+v507 @ X11_v17 (System.Int32)]
base has no type, from Add of Single[] and Immediate	spine-unity	Spine.IkConstraintTimeline	Apply	<untyped>			0	0	0	0	Add	ARRAY_ELEMENT:array-typed-base	NO_BASE_TYPE	0	0	-	NOT_APPLICABLE	UNKNOWN	NO_OWNER	[v583 @ X9_v11+v588 @ X10_v11 (System.Int32)]
base has no type, from Add of Single[] and Immediate	spine-unity	Spine.IkConstraintTimeline	Apply	<untyped>			0	0	0	0	Add	ARRAY_ELEMENT:array-typed-base	NO_BASE_TYPE	0	0	-	NOT_APPLICABLE	UNKNOWN	NO_OWNER	[v583 @ X9_v11+v588 @ X10_v11 (System.Int32)]
base has no type, from Add of Single[] and Immediate	spine-unity	Spine.IkConstraintTimeline	Apply	<untyped>			0	0	0	0	Add	ARRAY_ELEMENT:array-typed-base	NO_BASE_TYPE	0	0	-	NOT_APPLICABLE	UNKNOWN	NO_OWNER	[v583 @ X9_v11+v628 @ X11_v10 (System.Int32)]
base has no type, from Add of Single[] and Immediate	spine-unity	Spine.IkConstraintTimeline	Apply	<untyped>			0	0	0	0	Add	ARRAY_ELEMENT:array-typed-base	NO_BASE_TYPE	0	0	-	NOT_APPLICABLE	UNKNOWN	NO_OWNER	[v583 @ X9_v11+v632 @ X8_v14 (System.Int32)]
Il2CppClass.0x135	spine-unity	Spine.ExposedList`1	.cctor	Il2CppClass<Spine.ExposedList`1<T>>		RuntimeClassTypeAnalysisContext	135	0	0	0	Move:type Il2CppClass<Spine.ExposedList`1<T>>	RUNTIME_STRUCT:RuntimeClassTypeAnalysisContext	RUNTIME_STRUCT	0	0	-	NOT_APPLICABLE	RUNTIME_STRUCTURE	SEARCH_EMPTY	[v68 @ X0_v11 (Il2CppClass<Spine.ExposedList`1<T>>)+135]
base has no type, from Add of Single[] and Int32	spine-unity	Spine.RotateTimeline	Apply	<untyped>			20	0	0	0	Add	ARRAY_ELEMENT:array-typed-base	NO_BASE_TYPE	0	0	-	NOT_APPLICABLE	UNKNOWN	NO_OWNER	[v397 @ X9_v10+20]
base has no type, from Add of Single[] and Int32	spine-unity	Spine.RotateTimeline	Apply	<untyped>			20	0	0	0	Add	ARRAY_ELEMENT:array-typed-base	NO_BASE_TYPE	0	0	-	NOT_APPLICABLE	UNKNOWN	NO_OWNER	[v397 @ X9_v10+20]
base has no type, from Add of Single[] and Int32	spine-unity	Spine.RotateTimeline	Apply	<untyped>			20	0	0	0	Add	ARRAY_ELEMENT:array-typed-base	NO_BASE_TYPE	0	0	-	NOT_APPLICABLE	UNKNOWN	NO_OWNER	[v442 @ X8_v14+20]
base has no type, from Add of Single[] and Int32	spine-unity	Spine.RotateTimeline	Apply	<untyped>			20	0	0	0	Add	ARRAY_ELEMENT:array-typed-base	NO_BASE_TYPE	0	0	-	NOT_APPLICABLE	UNKNOWN	NO_OWNER	[v442 @ X8_v14+20]
base has no type, from Add of Single[] and Int32	spine-unity	Spine.RotateTimeline	Apply	<untyped>			20	0	0	0	Add	ARRAY_ELEMENT:array-typed-base	NO_BASE_TYPE	0	0	-	NOT_APPLICABLE	UNKNOWN	NO_OWNER	[v442 @ X8_v14+20]
value type base	spine-unity	Spine.IkConstraint	.ctor	System.Int32	System.ValueType	TypeAnalysisContext	18	0	1	0	Move:Immediate	PAST_LAST_FIELD:value-type	LAYOUT_KNOWN	1	10	BEYOND_LAYOUT	NEITHER	UNKNOWN	SEARCH_EMPTY	[v184 @ X8_v20 (System.Int32)+18]
base has no type, from Add of Single[] and Int32	spine-unity	Spine.TransformConstraintTimeline	Apply	<untyped>			20	0	0	0	Add	ARRAY_ELEMENT:array-typed-base	NO_BASE_TYPE	0	0	-	NOT_APPLICABLE	UNKNOWN	NO_OWNER	[v312 @ X9_v8+20]
base has no type, from Add of Single[] and Int32	spine-unity	Spine.TransformConstraintTimeline	Apply	<untyped>			20	0	0	0	Add	ARRAY_ELEMENT:array-typed-base	NO_BASE_TYPE	0	0	-	NOT_APPLICABLE	UNKNOWN	NO_OWNER	[v312 @ X9_v8+20]
base has no type, from Add of Single[] and Immediate	spine-unity	Spine.TransformConstraintTimeline	Apply	<untyped>			0	0	0	0	Add	ARRAY_ELEMENT:array-typed-base	NO_BASE_TYPE	0	0	-	NOT_APPLICABLE	INSTANCE_FIELD	NO_OWNER	[v514 @ X12_v7+v515 @ X9_v13 (System.Int32)]
base has no type, from Add of Single[] and Immediate	spine-unity	Spine.TransformConstraintTimeline	Apply	<untyped>			0	0	0	0	Add	ARRAY_ELEMENT:array-typed-base	NO_BASE_TYPE	0	0	-	NOT_APPLICABLE	INSTANCE_FIELD	NO_OWNER	[v514 @ X12_v7+v517 @ X9_v14 (System.Int32)]
base has no type, from Add of Single[] and Immediate	spine-unity	Spine.TransformConstraintTimeline	Apply	<untyped>			0	0	0	0	Add	ARRAY_ELEMENT:array-typed-base	NO_BASE_TYPE	0	0	-	NOT_APPLICABLE	INSTANCE_FIELD	NO_OWNER	[v514 @ X12_v7+v518 @ X8_v14 (System.Int32)]
base has no type, from Add of Single[] and Immediate	spine-unity	Spine.TransformConstraintTimeline	Apply	<untyped>			0	0	0	0	Add	ARRAY_ELEMENT:array-typed-base	NO_BASE_TYPE	0	0	-	NOT_APPLICABLE	INSTANCE_FIELD	NO_OWNER	[v514 @ X12_v7+v519 @ X10_v10 (System.Int32)]
base has no type, from Add of Single[] and Immediate	spine-unity	Spine.TransformConstraintTimeline	Apply	<untyped>			0	0	0	0	Add	ARRAY_ELEMENT:array-typed-base	NO_BASE_TYPE	0	0	-	NOT_APPLICABLE	INSTANCE_FIELD	NO_OWNER	[v514 @ X12_v7+v517 @ X9_v14 (System.Int32)]
base has no type, from Add of Single[] and Immediate	spine-unity	Spine.TransformConstraintTimeline	Apply	<untyped>			0	0	0	0	Add	ARRAY_ELEMENT:array-typed-base	NO_BASE_TYPE	0	0	-	NOT_APPLICABLE	INSTANCE_FIELD	NO_OWNER	[v514 @ X12_v7+v515 @ X9_v13 (System.Int32)]
base has no type, from Add of Single[] and Immediate	spine-unity	Spine.TransformConstraintTimeline	Apply	<untyped>			0	0	0	0	Add	ARRAY_ELEMENT:array-typed-base	NO_BASE_TYPE	0	0	-	NOT_APPLICABLE	INSTANCE_FIELD	NO_OWNER	[v514 @ X12_v7+v518 @ X8_v14 (System.Int32)]
base has no type, from Add of Single[] and Immediate	spine-unity	Spine.TransformConstraintTimeline	Apply	<untyped>			0	0	0	0	Add	ARRAY_ELEMENT:array-typed-base	NO_BASE_TYPE	0	0	-	NOT_APPLICABLE	INSTANCE_FIELD	NO_OWNER	[v514 @ X12_v7+v519 @ X10_v10 (System.Int32)]
base has no type, from Add of Single[] and Int32	spine-unity	Spine.TranslateTimeline	Apply	<untyped>			20	0	0	0	Add	ARRAY_ELEMENT:array-typed-base	NO_BASE_TYPE	0	0	-	NOT_APPLICABLE	UNKNOWN	NO_OWNER	[v254 @ X9_v8+20]
base has no type, from Add of Single[] and Int32	spine-unity	Spine.TranslateTimeline	Apply	<untyped>			20	0	0	0	Add	ARRAY_ELEMENT:array-typed-base	NO_BASE_TYPE	0	0	-	NOT_APPLICABLE	UNKNOWN	NO_OWNER	[v254 @ X9_v8+20]
base has no type, from Add of Single[] and Immediate	spine-unity	Spine.TranslateTimeline	Apply	<untyped>			0	0	0	0	Add	ARRAY_ELEMENT:array-typed-base	NO_BASE_TYPE	0	0	-	NOT_APPLICABLE	INSTANCE_FIELD	NO_OWNER	[v402 @ X11_v5+v403 @ X8_v16 (System.Int32)]
base has no type, from Add of Single[] and Immediate	spine-unity	Spine.TranslateTimeline	Apply	<untyped>			0	0	0	0	Add	ARRAY_ELEMENT:array-typed-base	NO_BASE_TYPE	0	0	-	NOT_APPLICABLE	INSTANCE_FIELD	NO_OWNER	[v402 @ X11_v5+v404 @ X9_v12 (System.Int32)]
base has no type, from no definition	spine-unity	Spine.IkConstraint	.ctor	<untyped>			10	0	0	0	<none>	TYPE_PROPAGATION:entry-value	NO_BASE_TYPE	0	0	-	NOT_APPLICABLE	STACK_SLOT	NO_OWNER	[v267 @ stack_-68+10]
base has no type, from Move from an untyped base	spine-unity	Spine.IkConstraint	.ctor	<untyped>			10	0	0	0	Move:memory	TYPE_PROPAGATION:entry-value	NO_BASE_TYPE	0	0	-	NOT_APPLICABLE	LOADED_POINTER	NO_OWNER	[v398 @ X9_v14+10]
base has no type, from Add of Single[] and Int32	spine-unity	Spine.PathConstraintPositionTimeline	Apply	<untyped>			20	0	0	0	Add	ARRAY_ELEMENT:array-typed-base	NO_BASE_TYPE	0	0	-	NOT_APPLICABLE	UNKNOWN	NO_OWNER	[v339 @ X9_v8+20]
base has no type, from Add of Single[] and Int32	spine-unity	Spine.PathConstraintPositionTimeline	Apply	<untyped>			20	0	0	0	Add	ARRAY_ELEMENT:array-typed-base	NO_BASE_TYPE	0	0	-	NOT_APPLICABLE	UNKNOWN	NO_OWNER	[v339 @ X9_v8+20]
base has no type, from Add of Single[] and Int32	spine-unity	Spine.PathConstraintPositionTimeline	Apply	<untyped>			20	0	0	0	Add	ARRAY_ELEMENT:array-typed-base	NO_BASE_TYPE	0	0	-	NOT_APPLICABLE	UNKNOWN	NO_OWNER	[v361 @ X8_v15+20]
base has no type, from Add of Single[] and Int32	spine-unity	Spine.PathConstraintPositionTimeline	Apply	<untyped>			20	0	0	0	Add	ARRAY_ELEMENT:array-typed-base	NO_BASE_TYPE	0	0	-	NOT_APPLICABLE	UNKNOWN	NO_OWNER	[v361 @ X8_v15+20]
base has no type, from Add of Single[] and Int32	spine-unity	Spine.ScaleTimeline	Apply	<untyped>			20	0	0	0	Add	ARRAY_ELEMENT:array-typed-base	NO_BASE_TYPE	0	0	-	NOT_APPLICABLE	UNKNOWN	NO_OWNER	[v321 @ X9_v9+20]
base has no type, from Add of Single[] and Int32	spine-unity	Spine.ScaleTimeline	Apply	<untyped>			20	0	0	0	Add	ARRAY_ELEMENT:array-typed-base	NO_BASE_TYPE	0	0	-	NOT_APPLICABLE	UNKNOWN	NO_OWNER	[v321 @ X9_v9+20]
base has no type, from Add of Single[] and Int32	spine-unity	Spine.PathConstraintSpacingTimeline	Apply	<untyped>			20	0	0	0	Add	ARRAY_ELEMENT:array-typed-base	NO_BASE_TYPE	0	0	-	NOT_APPLICABLE	UNKNOWN	NO_OWNER	[v339 @ X9_v8+20]
base has no type, from Add of Single[] and Int32	spine-unity	Spine.PathConstraintSpacingTimeline	Apply	<untyped>			20	0	0	0	Add	ARRAY_ELEMENT:array-typed-base	NO_BASE_TYPE	0	0	-	NOT_APPLICABLE	UNKNOWN	NO_OWNER	[v339 @ X9_v8+20]
base has no type, from Add of Single[] and Int32	spine-unity	Spine.PathConstraintSpacingTimeline	Apply	<untyped>			20	0	0	0	Add	ARRAY_ELEMENT:array-typed-base	NO_BASE_TYPE	0	0	-	NOT_APPLICABLE	UNKNOWN	NO_OWNER	[v361 @ X8_v15+20]
base has no type, from Add of Single[] and Int32	spine-unity	Spine.PathConstraintSpacingTimeline	Apply	<untyped>			20	0	0	0	Add	ARRAY_ELEMENT:array-typed-base	NO_BASE_TYPE	0	0	-	NOT_APPLICABLE	UNKNOWN	NO_OWNER	[v361 @ X8_v15+20]
value type base	spine-unity	Spine.Skin	GetAttachments	System.Int32	System.ValueType	TypeAnalysisContext	C	0	1	0	Or	MISSING_METADATA:inside-the-layout-between-fields	LAYOUT_KNOWN	1	10	INSIDE_NO_FIELD	NEITHER	UNKNOWN	SEARCH_EMPTY	[v128 @ X27_v7 (System.Int32)+C]
value type base	spine-unity	Spine.Skin	GetAttachments	System.Int32	System.ValueType	TypeAnalysisContext	C	0	1	0	Or	MISSING_METADATA:inside-the-layout-between-fields	LAYOUT_KNOWN	1	10	INSIDE_NO_FIELD	NEITHER	UNKNOWN	SEARCH_EMPTY	[v128 @ X27_v7 (System.Int32)+C]
value type base	spine-unity	Spine.Skin	GetAttachments	System.Int32	System.ValueType	TypeAnalysisContext	C	0	1	0	Or	MISSING_METADATA:inside-the-layout-between-fields	LAYOUT_KNOWN	1	10	INSIDE_NO_FIELD	NEITHER	UNKNOWN	SEARCH_EMPTY	[v128 @ X27_v7 (System.Int32)+C]
value type base	spine-unity	Spine.Skin	GetAttachments	System.Int32	System.ValueType	TypeAnalysisContext	C	0	1	0	Or	MISSING_METADATA:inside-the-layout-between-fields	LAYOUT_KNOWN	1	10	INSIDE_NO_FIELD	NEITHER	UNKNOWN	SEARCH_EMPTY	[v128 @ X27_v7 (System.Int32)+C]
Il2CppClass.interface_offsets_count	spine-unity	Spine.Skin	GetAttachments	Il2CppClass<System.Collections.Generic.IEnumerator`1<Spine.Skin+SkinEntry>>		RuntimeClassTypeAnalysisContext	12E	0	0	0	Move:memory	RUNTIME_STRUCT:RuntimeClassTypeAnalysisContext	RUNTIME_STRUCT	0	0	-	NOT_APPLICABLE	RUNTIME_STRUCTURE	SEARCH_EMPTY	[v612 @ X8_v7 (Il2CppClass<System.Collections.Generic.IEnumerator`1<Spine.Skin+SkinEntry>>)+12E]
Il2CppClass.interface_offsets_count	spine-unity	Spine.Skin	GetAttachments	Il2CppClass<System.Collections.Generic.IEnumerator`1<Spine.Skin+SkinEntry>>		RuntimeClassTypeAnalysisContext	12E	0	0	0	Move:memory	RUNTIME_STRUCT:RuntimeClassTypeAnalysisContext	RUNTIME_STRUCT	0	0	-	NOT_APPLICABLE	RUNTIME_STRUCTURE	SEARCH_EMPTY	[v612 @ X8_v7 (Il2CppClass<System.Collections.Generic.IEnumerator`1<Spine.Skin+SkinEntry>>)+12E]
Il2CppClass.interfaceOffsets	spine-unity	Spine.Skin	GetAttachments	Il2CppClass<System.Collections.Generic.IEnumerator`1<Spine.Skin+SkinEntry>>		RuntimeClassTypeAnalysisContext	B0	0	0	0	Move:memory	RUNTIME_STRUCT:RuntimeClassTypeAnalysisContext	RUNTIME_STRUCT	0	0	-	NOT_APPLICABLE	RUNTIME_STRUCTURE	SEARCH_EMPTY	[v612 @ X8_v7 (Il2CppClass<System.Collections.Generic.IEnumerator`1<Spine.Skin+SkinEntry>>)+B0]
base has no type, from no definition	spine-unity	Spine.Skin	GetAttachments	<untyped>			28	0	0	0	<none>	TYPE_PROPAGATION:entry-value	NO_BASE_TYPE	0	0	-	NOT_APPLICABLE	ENTRY_VALUE	NO_OWNER	[v21 @ SYSREG+28]
base has no type, from no definition	spine-unity	Spine.Skin	GetAttachments	<untyped>			28	0	0	0	<none>	TYPE_PROPAGATION:entry-value	NO_BASE_TYPE	0	0	-	NOT_APPLICABLE	ENTRY_VALUE	NO_OWNER	[v21 @ SYSREG+28]
Il2CppClass.interface_offsets_count	spine-unity	Spine.Skin	GetAttachments	Il2CppClass<System.Collections.Generic.IEnumerator`1<Spine.Skin+SkinEntry>>		RuntimeClassTypeAnalysisContext	12E	0	0	0	Move:memory	RUNTIME_STRUCT:RuntimeClassTypeAnalysisContext	RUNTIME_STRUCT	0	0	-	NOT_APPLICABLE	RUNTIME_STRUCTURE	SEARCH_EMPTY	[v485 @ X8_v13 (Il2CppClass<System.Collections.Generic.IEnumerator`1<Spine.Skin+SkinEntry>>)+12E]
Il2CppClass.interface_offsets_count	spine-unity	Spine.Skin	GetAttachments	Il2CppClass<System.Collections.Generic.IEnumerator`1<Spine.Skin+SkinEntry>>		RuntimeClassTypeAnalysisContext	12E	0	0	0	Move:memory	RUNTIME_STRUCT:RuntimeClassTypeAnalysisContext	RUNTIME_STRUCT	0	0	-	NOT_APPLICABLE	RUNTIME_STRUCTURE	SEARCH_EMPTY	[v485 @ X8_v13 (Il2CppClass<System.Collections.Generic.IEnumerator`1<Spine.Skin+SkinEntry>>)+12E]
Il2CppClass.interfaceOffsets	spine-unity	Spine.Skin	GetAttachments	Il2CppClass<System.Collections.Generic.IEnumerator`1<Spine.Skin+SkinEntry>>		RuntimeClassTypeAnalysisContext	B0	0	0	0	Move:memory	RUNTIME_STRUCT:RuntimeClassTypeAnalysisContext	RUNTIME_STRUCT	0	0	-	NOT_APPLICABLE	RUNTIME_STRUCTURE	SEARCH_EMPTY	[v485 @ X8_v13 (Il2CppClass<System.Collections.Generic.IEnumerator`1<Spine.Skin+SkinEntry>>)+B0]
value type base	spine-unity	Spine.Skin	GetAttachments	System.Int32	System.ValueType	TypeAnalysisContext	C	0	1	0	Or	MISSING_METADATA:inside-the-layout-between-fields	LAYOUT_KNOWN	1	10	INSIDE_NO_FIELD	NEITHER	UNKNOWN	SEARCH_EMPTY	[v128 @ X27_v7 (System.Int32)+C]
base has no type, from Add of an untyped local and Immediate	spine-unity	Spine.Skin	GetAttachments	<untyped>			FFFFFFFFFFFFFFF8	0	0	0	Add	UNKNOWN:add-of-MemoryOperand	NO_BASE_TYPE	0	0	-	NOT_APPLICABLE	UNKNOWN	NO_OWNER	[v747 @ X10_v7-8]
base has no type, from Add of an untyped local and Immediate	spine-unity	Spine.Skin	GetAttachments	<untyped>			8	0	0	0	Call	PHI_AMBIGUITY:multiple-definitions	NO_BASE_TYPE	0	0	-	NOT_APPLICABLE	UNKNOWN	NO_OWNER	[v812 @ X0_v5+8]
base has no type, from Add of an untyped local and Immediate	spine-unity	Spine.Skin	GetAttachments	<untyped>			FFFFFFFFFFFFFFF8	0	0	0	Add	UNKNOWN:add-of-MemoryOperand	NO_BASE_TYPE	0	0	-	NOT_APPLICABLE	UNKNOWN	NO_OWNER	[v646 @ X10_v15-8]
base has no type, from Add of an untyped local and Immediate	spine-unity	Spine.Skin	GetAttachments	<untyped>			8	0	0	0	Call	PHI_AMBIGUITY:multiple-definitions	NO_BASE_TYPE	0	0	-	NOT_APPLICABLE	UNKNOWN	NO_OWNER	[v713 @ X0_v20+8]
base has no type, from Add of Single[] and Immediate	spine-unity	Spine.ScaleTimeline	Apply	<untyped>			0	0	0	0	Add	ARRAY_ELEMENT:array-typed-base	NO_BASE_TYPE	0	0	-	NOT_APPLICABLE	INSTANCE_FIELD	NO_OWNER	[v559 @ X12_v6+v558 @ X11_v8 (System.Int32)]
base has no type, from Add of Single[] and Immediate	spine-unity	Spine.PathConstraint	ComputeWorldPositions	<untyped>			0	0	0	0	Add	ARRAY_ELEMENT:array-typed-base	NO_BASE_TYPE	0	0	-	NOT_APPLICABLE	INSTANCE_FIELD	NO_OWNER	[v1561 @ X10_v9+v1636 @ X8_v34 (System.Int32)*4]
base has no type, from Add of Single[] and Immediate	spine-unity	Spine.PathConstraint	ComputeWorldPositions	<untyped>			0	0	0	0	Add	ARRAY_ELEMENT:array-typed-base	NO_BASE_TYPE	0	0	-	NOT_APPLICABLE	INSTANCE_FIELD	NO_OWNER	[v1566 @ X10_v27+v1644 @ X8_v73 (System.Int32)*4]
base has no type, from Add of Single[] and Int32	spine-unity	Spine.PathConstraintMixTimeline	Apply	<untyped>			20	0	0	0	Add	ARRAY_ELEMENT:array-typed-base	NO_BASE_TYPE	0	0	-	NOT_APPLICABLE	UNKNOWN	NO_OWNER	[v243 @ X9_v8+20]
base has no type, from Add of Single[] and Int32	spine-unity	Spine.PathConstraintMixTimeline	Apply	<untyped>			20	0	0	0	Add	ARRAY_ELEMENT:array-typed-base	NO_BASE_TYPE	0	0	-	NOT_APPLICABLE	UNKNOWN	NO_OWNER	[v243 @ X9_v8+20]
base has no type, from Add of Single[] and Immediate	spine-unity	Spine.PathConstraintMixTimeline	Apply	<untyped>			0	0	0	0	Add	ARRAY_ELEMENT:array-typed-base	NO_BASE_TYPE	0	0	-	NOT_APPLICABLE	INSTANCE_FIELD	NO_OWNER	[v400 @ X11_v6+v401 @ X8_v13 (System.Int32)]
base has no type, from Add of Single[] and Immediate	spine-unity	Spine.PathConstraintMixTimeline	Apply	<untyped>			0	0	0	0	Add	ARRAY_ELEMENT:array-typed-base	NO_BASE_TYPE	0	0	-	NOT_APPLICABLE	INSTANCE_FIELD	NO_OWNER	[v400 @ X11_v6+v402 @ X9_v13 (System.Int32)]
base has no type, from Add of Single[] and Immediate	spine-unity	Spine.PathConstraintMixTimeline	Apply	<untyped>			0	0	0	0	Add	ARRAY_ELEMENT:array-typed-base	NO_BASE_TYPE	0	0	-	NOT_APPLICABLE	INSTANCE_FIELD	NO_OWNER	[v400 @ X11_v6+v401 @ X8_v13 (System.Int32)]
base has no type, from Add of Single[] and Immediate	spine-unity	Spine.PathConstraintMixTimeline	Apply	<untyped>			0	0	0	0	Add	ARRAY_ELEMENT:array-typed-base	NO_BASE_TYPE	0	0	-	NOT_APPLICABLE	INSTANCE_FIELD	NO_OWNER	[v400 @ X11_v6+v402 @ X9_v13 (System.Int32)]
base has no type, from Add of Single[] and Int32	spine-unity	Spine.ShearTimeline	Apply	<untyped>			20	0	0	0	Add	ARRAY_ELEMENT:array-typed-base	NO_BASE_TYPE	0	0	-	NOT_APPLICABLE	UNKNOWN	NO_OWNER	[v254 @ X9_v8+20]
base has no type, from Add of Single[] and Int32	spine-unity	Spine.ShearTimeline	Apply	<untyped>			20	0	0	0	Add	ARRAY_ELEMENT:array-typed-base	NO_BASE_TYPE	0	0	-	NOT_APPLICABLE	UNKNOWN	NO_OWNER	[v254 @ X9_v8+20]
base has no type, from Add of Single[] and Immediate	spine-unity	Spine.ShearTimeline	Apply	<untyped>			0	0	0	0	Add	ARRAY_ELEMENT:array-typed-base	NO_BASE_TYPE	0	0	-	NOT_APPLICABLE	INSTANCE_FIELD	NO_OWNER	[v402 @ X11_v5+v403 @ X8_v16 (System.Int32)]
base has no type, from Add of Single[] and Immediate	spine-unity	Spine.ShearTimeline	Apply	<untyped>			0	0	0	0	Add	ARRAY_ELEMENT:array-typed-base	NO_BASE_TYPE	0	0	-	NOT_APPLICABLE	INSTANCE_FIELD	NO_OWNER	[v402 @ X11_v5+v404 @ X9_v12 (System.Int32)]
Il2CppClass.interface_offsets_count	spine-unity	Spine.Skin	AttachAll	Il2CppClass<System.Collections.Generic.IEnumerator`1<Spine.Skin+SkinEntry>>		RuntimeClassTypeAnalysisContext	12E	0	0	0	Move:memory	RUNTIME_STRUCT:RuntimeClassTypeAnalysisContext	RUNTIME_STRUCT	0	0	-	NOT_APPLICABLE	RUNTIME_STRUCTURE	SEARCH_EMPTY	[v450 @ X8_v5 (Il2CppClass<System.Collections.Generic.IEnumerator`1<Spine.Skin+SkinEntry>>)+12E]
Il2CppClass.interface_offsets_count	spine-unity	Spine.Skin	AttachAll	Il2CppClass<System.Collections.Generic.IEnumerator`1<Spine.Skin+SkinEntry>>		RuntimeClassTypeAnalysisContext	12E	0	0	0	Move:memory	RUNTIME_STRUCT:RuntimeClassTypeAnalysisContext	RUNTIME_STRUCT	0	0	-	NOT_APPLICABLE	RUNTIME_STRUCTURE	SEARCH_EMPTY	[v450 @ X8_v5 (Il2CppClass<System.Collections.Generic.IEnumerator`1<Spine.Skin+SkinEntry>>)+12E]
Il2CppClass.interfaceOffsets	spine-unity	Spine.Skin	AttachAll	Il2CppClass<System.Collections.Generic.IEnumerator`1<Spine.Skin+SkinEntry>>		RuntimeClassTypeAnalysisContext	B0	0	0	0	Move:memory	RUNTIME_STRUCT:RuntimeClassTypeAnalysisContext	RUNTIME_STRUCT	0	0	-	NOT_APPLICABLE	RUNTIME_STRUCTURE	SEARCH_EMPTY	[v450 @ X8_v5 (Il2CppClass<System.Collections.Generic.IEnumerator`1<Spine.Skin+SkinEntry>>)+B0]
Il2CppClass.interface_offsets_count	spine-unity	Spine.Skin	AttachAll	Il2CppClass<System.Collections.Generic.IEnumerator`1<Spine.Skin+SkinEntry>>		RuntimeClassTypeAnalysisContext	12E	0	0	0	Move:memory	RUNTIME_STRUCT:RuntimeClassTypeAnalysisContext	RUNTIME_STRUCT	0	0	-	NOT_APPLICABLE	RUNTIME_STRUCTURE	SEARCH_EMPTY	[v307 @ X8_v11 (Il2CppClass<System.Collections.Generic.IEnumerator`1<Spine.Skin+SkinEntry>>)+12E]
Il2CppClass.interface_offsets_count	spine-unity	Spine.Skin	AttachAll	Il2CppClass<System.Collections.Generic.IEnumerator`1<Spine.Skin+SkinEntry>>		RuntimeClassTypeAnalysisContext	12E	0	0	0	Move:memory	RUNTIME_STRUCT:RuntimeClassTypeAnalysisContext	RUNTIME_STRUCT	0	0	-	NOT_APPLICABLE	RUNTIME_STRUCTURE	SEARCH_EMPTY	[v307 @ X8_v11 (Il2CppClass<System.Collections.Generic.IEnumerator`1<Spine.Skin+SkinEntry>>)+12E]
Il2CppClass.interfaceOffsets	spine-unity	Spine.Skin	AttachAll	Il2CppClass<System.Collections.Generic.IEnumerator`1<Spine.Skin+SkinEntry>>		RuntimeClassTypeAnalysisContext	B0	0	0	0	Move:memory	RUNTIME_STRUCT:RuntimeClassTypeAnalysisContext	RUNTIME_STRUCT	0	0	-	NOT_APPLICABLE	RUNTIME_STRUCTURE	SEARCH_EMPTY	[v307 @ X8_v11 (Il2CppClass<System.Collections.Generic.IEnumerator`1<Spine.Skin+SkinEntry>>)+B0]
base has no type, from Add of an untyped local and Immediate	spine-unity	Spine.Skin	AttachAll	<untyped>			FFFFFFFFFFFFFFF8	0	0	0	Add	UNKNOWN:add-of-MemoryOperand	NO_BASE_TYPE	0	0	-	NOT_APPLICABLE	UNKNOWN	NO_OWNER	[v584 @ X10_v7-8]
base has no type, from Add of an untyped local and Immediate	spine-unity	Spine.Skin	AttachAll	<untyped>			FFFFFFFFFFFFFFF8	0	0	0	Add	UNKNOWN:add-of-MemoryOperand	NO_BASE_TYPE	0	0	-	NOT_APPLICABLE	UNKNOWN	NO_OWNER	[v484 @ X10_v15-8]
base has no type, from Add of Single[] and Int32	spine-unity	Spine.ColorTimeline	Apply	<untyped>			20	0	0	0	Add	ARRAY_ELEMENT:array-typed-base	NO_BASE_TYPE	0	0	-	NOT_APPLICABLE	UNKNOWN	NO_OWNER	[v315 @ X9_v8+20]
base has no type, from Add of Single[] and Int32	spine-unity	Spine.ColorTimeline	Apply	<untyped>			20	0	0	0	Add	ARRAY_ELEMENT:array-typed-base	NO_BASE_TYPE	0	0	-	NOT_APPLICABLE	UNKNOWN	NO_OWNER	[v315 @ X9_v8+20]
base has no type, from Add of Single[] and Immediate	spine-unity	Spine.ColorTimeline	Apply	<untyped>			0	0	0	0	Add	ARRAY_ELEMENT:array-typed-base	NO_BASE_TYPE	0	0	-	NOT_APPLICABLE	INSTANCE_FIELD	NO_OWNER	[v496 @ X12_v6+v497 @ X9_v16 (System.Int32)]
base has no type, from Add of Single[] and Immediate	spine-unity	Spine.ColorTimeline	Apply	<untyped>			0	0	0	0	Add	ARRAY_ELEMENT:array-typed-base	NO_BASE_TYPE	0	0	-	NOT_APPLICABLE	INSTANCE_FIELD	NO_OWNER	[v496 @ X12_v6+v499 @ X9_v17 (System.Int32)]
base has no type, from Add of Single[] and Immediate	spine-unity	Spine.ColorTimeline	Apply	<untyped>			0	0	0	0	Add	ARRAY_ELEMENT:array-typed-base	NO_BASE_TYPE	0	0	-	NOT_APPLICABLE	INSTANCE_FIELD	NO_OWNER	[v496 @ X12_v6+v500 @ X8_v18 (System.Int32)]
base has no type, from Add of Single[] and Immediate	spine-unity	Spine.ColorTimeline	Apply	<untyped>			0	0	0	0	Add	ARRAY_ELEMENT:array-typed-base	NO_BASE_TYPE	0	0	-	NOT_APPLICABLE	INSTANCE_FIELD	NO_OWNER	[v496 @ X12_v6+v501 @ X10_v13 (System.Int32)]
value type base	spine-unity	Spine.SpineSkeletonExtensions	SetPropertyToSetupPose	System.Int32	System.ValueType	TypeAnalysisContext	0	0	1	0	Add	MISSING_METADATA:inside-the-layout-between-fields	LAYOUT_KNOWN	1	10	NESTED:m_value	VALUE_RELATIVE	UNKNOWN	NOT_A_FIELD_ACCESS	[v50 @ X9_v2 (System.Int32)+v37 @ X8_v3 (System.Int32)]
base has no type, from Add of Single[] and Int32	spine-unity	Spine.TwoColorTimeline	Apply	<untyped>			20	0	0	0	Add	ARRAY_ELEMENT:array-typed-base	NO_BASE_TYPE	0	0	-	NOT_APPLICABLE	UNKNOWN	NO_OWNER	[v420 @ X9_v7+20]
base has no type, from Add of Single[] and Int32	spine-unity	Spine.TwoColorTimeline	Apply	<untyped>			20	0	0	0	Add	ARRAY_ELEMENT:array-typed-base	NO_BASE_TYPE	0	0	-	NOT_APPLICABLE	UNKNOWN	NO_OWNER	[v420 @ X9_v7+20]
base has no type, from Add of Single[] and Immediate	spine-unity	Spine.TwoColorTimeline	Apply	<untyped>			0	0	0	0	Add	ARRAY_ELEMENT:array-typed-base	NO_BASE_TYPE	0	0	-	NOT_APPLICABLE	INSTANCE_FIELD	NO_OWNER	[v629 @ X15_v6+v630 @ X9_v15 (System.Int32)]
base has no type, from Add of Single[] and Immediate	spine-unity	Spine.TwoColorTimeline	Apply	<untyped>			0	0	0	0	Add	ARRAY_ELEMENT:array-typed-base	NO_BASE_TYPE	0	0	-	NOT_APPLICABLE	INSTANCE_FIELD	NO_OWNER	[v629 @ X15_v6+v632 @ X9_v16 (System.Int32)]
base has no type, from Add of Single[] and Immediate	spine-unity	Spine.TwoColorTimeline	Apply	<untyped>			0	0	0	0	Add	ARRAY_ELEMENT:array-typed-base	NO_BASE_TYPE	0	0	-	NOT_APPLICABLE	INSTANCE_FIELD	NO_OWNER	[v629 @ X15_v6+v634 @ X9_v17 (System.Int32)]
base has no type, from Add of Single[] and Immediate	spine-unity	Spine.TwoColorTimeline	Apply	<untyped>			0	0	0	0	Add	ARRAY_ELEMENT:array-typed-base	NO_BASE_TYPE	0	0	-	NOT_APPLICABLE	INSTANCE_FIELD	NO_OWNER	[v629 @ X15_v6+v636 @ X9_v18 (System.Int32)]
base has no type, from Add of Single[] and Immediate	spine-unity	Spine.TwoColorTimeline	Apply	<untyped>			0	0	0	0	Add	ARRAY_ELEMENT:array-typed-base	NO_BASE_TYPE	0	0	-	NOT_APPLICABLE	INSTANCE_FIELD	NO_OWNER	[v629 @ X15_v6+v638 @ X9_v19 (System.Int32)]
base has no type, from Add of Single[] and Immediate	spine-unity	Spine.TwoColorTimeline	Apply	<untyped>			0	0	0	0	Add	ARRAY_ELEMENT:array-typed-base	NO_BASE_TYPE	0	0	-	NOT_APPLICABLE	INSTANCE_FIELD	NO_OWNER	[v629 @ X15_v6+v639 @ X8_v17 (System.Int32)]
base has no type, from Add of Single[] and Immediate	spine-unity	Spine.TwoColorTimeline	Apply	<untyped>			0	0	0	0	Add	ARRAY_ELEMENT:array-typed-base	NO_BASE_TYPE	0	0	-	NOT_APPLICABLE	INSTANCE_FIELD	NO_OWNER	[v629 @ X15_v6+v640 @ X10_v12 (System.Int32)]
value type base	spine-unity	Spine.TransformConstraint	.ctor	System.Int32	System.ValueType	TypeAnalysisContext	18	0	1	0	Move:Immediate	PAST_LAST_FIELD:value-type	LAYOUT_KNOWN	1	10	BEYOND_LAYOUT	NEITHER	UNKNOWN	SEARCH_EMPTY	[v194 @ X8_v17 (System.Int32)+18]
base has no type, from no definition	spine-unity	Spine.TransformConstraint	.ctor	<untyped>			10	0	0	0	<none>	TYPE_PROPAGATION:entry-value	NO_BASE_TYPE	0	0	-	NOT_APPLICABLE	STACK_SLOT	NO_OWNER	[v257 @ stack_-68+10]
base has no type, from Move from an untyped base	spine-unity	Spine.TransformConstraint	.ctor	<untyped>			10	0	0	0	Move:memory	TYPE_PROPAGATION:entry-value	NO_BASE_TYPE	0	0	-	NOT_APPLICABLE	LOADED_POINTER	NO_OWNER	[v388 @ X9_v16+10]
past the last field of the base type	spine-unity	Spine.TransformConstraint	.ctor	System.Collections.IDictionary		TypeAnalysisContext	10	0	0	0	Move:field IDictionary	NO_KNOWN_LAYOUT:type-has-no-instance-fields	NO_INSTANCE_FIELDS	0	0	BEYOND_LAYOUT	CLASS_OBJECT_RELATIVE	INSTANCE_FIELD	SEARCH_EMPTY	[v186 @ X9_v6 (System.Collections.IDictionary)+10]
base has no type, from Move from [IDictionary + 0x10]	spine-unity	Spine.TransformConstraint	.ctor	<untyped>			10	0	0	0	Move:memory	NO_KNOWN_LAYOUT:type-has-no-instance-fields	NO_BASE_TYPE	0	0	-	NOT_APPLICABLE	LOADED_POINTER	NO_OWNER	[v187 @ X9_v7+10]
base has no type, from Move from [IDictionary + 0x10]	spine-unity	Spine.TransformConstraint	.ctor	<untyped>			10	0	0	0	Move:memory	NO_KNOWN_LAYOUT:type-has-no-instance-fields	NO_BASE_TYPE	0	0	-	NOT_APPLICABLE	LOADED_POINTER	NO_OWNER	[v187 @ X9_v7+10]
base has no type, from Add of Single[] and Int32	spine-unity	Spine.SkeletonBinary	ReadAnimation	<untyped>			20	0	0	0	Add	PHI_AMBIGUITY:multiple-definitions	NO_BASE_TYPE	0	0	-	NOT_APPLICABLE	UNKNOWN	NO_OWNER	[v2302 @ X8_v178+20]
base has no type, from Add of Single[] and Int32	spine-unity	Spine.SkeletonBinary	ReadAnimation	<untyped>			20	0	0	0	Add	PHI_AMBIGUITY:multiple-definitions	NO_BASE_TYPE	0	0	-	NOT_APPLICABLE	UNKNOWN	NO_OWNER	[v2302 @ X8_v178+20]
past the last field of the base type	spine-unity	Spine.Skeleton	SortTransformConstraint	Spine.IUpdatable		TypeAnalysisContext	20	0	0	0	Move:ArrayAccess	NO_KNOWN_LAYOUT:type-has-no-instance-fields	NO_INSTANCE_FIELDS	0	0	BEYOND_LAYOUT	CLASS_OBJECT_RELATIVE	UNKNOWN	SEARCH_EMPTY	[v262 @ X21_v13 (Spine.IUpdatable)+20]
past the last field of the base type	spine-unity	Spine.SkeletonBinary	ReadAnimation	Spine.Attachment	System.Object	TypeAnalysisContext	28	10	1	0	Call	PAST_LAST_FIELD:class	LAYOUT_KNOWN	1	10	BEYOND_LAYOUT	CLASS_OBJECT_RELATIVE	CALL_RESULT	SEARCH_EMPTY	[v1203 @ X0_v97 (Spine.Attachment)+28]
past the last field of the base type	spine-unity	Spine.SkeletonBinary	ReadAnimation	Spine.Attachment	System.Object	TypeAnalysisContext	20	10	1	0	Call	PAST_LAST_FIELD:class	LAYOUT_KNOWN	1	10	BEYOND_LAYOUT	CLASS_OBJECT_RELATIVE	CALL_RESULT	SEARCH_EMPTY	[v1203 @ X0_v97 (Spine.Attachment)+20]
past the last field of the base type	spine-unity	Spine.SkeletonBinary	ReadAnimation	Spine.Attachment	System.Object	TypeAnalysisContext	20	10	1	0	Call	PAST_LAST_FIELD:class	LAYOUT_KNOWN	1	10	BEYOND_LAYOUT	CLASS_OBJECT_RELATIVE	CALL_RESULT	SEARCH_EMPTY	[v1203 @ X0_v97 (Spine.Attachment)+20]
past the last field of the base type	spine-unity	Spine.SkeletonBinary	ReadAnimation	Spine.Attachment	System.Object	TypeAnalysisContext	20	10	1	0	Call	PAST_LAST_FIELD:class	LAYOUT_KNOWN	1	10	BEYOND_LAYOUT	CLASS_OBJECT_RELATIVE	CALL_RESULT	SEARCH_EMPTY	[v1203 @ X0_v97 (Spine.Attachment)+20]
base has no type, from Add of an untyped local and Int32	spine-unity	Spine.SkeletonBinary	ReadAnimation	<untyped>			20	0	0	0	Add	PAST_LAST_FIELD:value-type	NO_BASE_TYPE	0	0	-	NOT_APPLICABLE	UNKNOWN	NO_OWNER	[v4420 @ X12_v11+20]
Il2CppClass.interface_offsets_count	spine-unity	Spine.Skeleton	SortPathConstraintAttachment	Il2CppClass<System.Collections.Generic.IEnumerator`1<Spine.Skin+SkinEntry>>		RuntimeClassTypeAnalysisContext	12E	0	0	0	Move:memory	RUNTIME_STRUCT:RuntimeClassTypeAnalysisContext	RUNTIME_STRUCT	0	0	-	NOT_APPLICABLE	RUNTIME_STRUCTURE	SEARCH_EMPTY	[v391 @ X8_v5 (Il2CppClass<System.Collections.Generic.IEnumerator`1<Spine.Skin+SkinEntry>>)+12E]
Il2CppClass.interface_offsets_count	spine-unity	Spine.Skeleton	SortPathConstraintAttachment	Il2CppClass<System.Collections.Generic.IEnumerator`1<Spine.Skin+SkinEntry>>		RuntimeClassTypeAnalysisContext	12E	0	0	0	Move:memory	RUNTIME_STRUCT:RuntimeClassTypeAnalysisContext	RUNTIME_STRUCT	0	0	-	NOT_APPLICABLE	RUNTIME_STRUCTURE	SEARCH_EMPTY	[v391 @ X8_v5 (Il2CppClass<System.Collections.Generic.IEnumerator`1<Spine.Skin+SkinEntry>>)+12E]
Il2CppClass.interfaceOffsets	spine-unity	Spine.Skeleton	SortPathConstraintAttachment	Il2CppClass<System.Collections.Generic.IEnumerator`1<Spine.Skin+SkinEntry>>		RuntimeClassTypeAnalysisContext	B0	0	0	0	Move:memory	RUNTIME_STRUCT:RuntimeClassTypeAnalysisContext	RUNTIME_STRUCT	0	0	-	NOT_APPLICABLE	RUNTIME_STRUCTURE	SEARCH_EMPTY	[v391 @ X8_v5 (Il2CppClass<System.Collections.Generic.IEnumerator`1<Spine.Skin+SkinEntry>>)+B0]
Il2CppClass.interface_offsets_count	spine-unity	Spine.Skeleton	SortPathConstraintAttachment	Il2CppClass<System.Collections.Generic.IEnumerator`1<Spine.Skin+SkinEntry>>		RuntimeClassTypeAnalysisContext	12E	0	0	0	Move:memory	RUNTIME_STRUCT:RuntimeClassTypeAnalysisContext	RUNTIME_STRUCT	0	0	-	NOT_APPLICABLE	RUNTIME_STRUCTURE	SEARCH_EMPTY	[v248 @ X8_v11 (Il2CppClass<System.Collections.Generic.IEnumerator`1<Spine.Skin+SkinEntry>>)+12E]
Il2CppClass.interface_offsets_count	spine-unity	Spine.Skeleton	SortPathConstraintAttachment	Il2CppClass<System.Collections.Generic.IEnumerator`1<Spine.Skin+SkinEntry>>		RuntimeClassTypeAnalysisContext	12E	0	0	0	Move:memory	RUNTIME_STRUCT:RuntimeClassTypeAnalysisContext	RUNTIME_STRUCT	0	0	-	NOT_APPLICABLE	RUNTIME_STRUCTURE	SEARCH_EMPTY	[v248 @ X8_v11 (Il2CppClass<System.Collections.Generic.IEnumerator`1<Spine.Skin+SkinEntry>>)+12E]
Il2CppClass.interfaceOffsets	spine-unity	Spine.Skeleton	SortPathConstraintAttachment	Il2CppClass<System.Collections.Generic.IEnumerator`1<Spine.Skin+SkinEntry>>		RuntimeClassTypeAnalysisContext	B0	0	0	0	Move:memory	RUNTIME_STRUCT:RuntimeClassTypeAnalysisContext	RUNTIME_STRUCT	0	0	-	NOT_APPLICABLE	RUNTIME_STRUCTURE	SEARCH_EMPTY	[v248 @ X8_v11 (Il2CppClass<System.Collections.Generic.IEnumerator`1<Spine.Skin+SkinEntry>>)+B0]
base has no type, from Add of an untyped local and Immediate	spine-unity	Spine.Skeleton	SortPathConstraintAttachment	<untyped>			FFFFFFFFFFFFFFF8	0	0	0	Add	UNKNOWN:add-of-MemoryOperand	NO_BASE_TYPE	0	0	-	NOT_APPLICABLE	UNKNOWN	NO_OWNER	[v524 @ X10_v7-8]
base has no type, from Add of an untyped local and Immediate	spine-unity	Spine.Skeleton	SortPathConstraintAttachment	<untyped>			FFFFFFFFFFFFFFF8	0	0	0	Add	UNKNOWN:add-of-MemoryOperand	NO_BASE_TYPE	0	0	-	NOT_APPLICABLE	UNKNOWN	NO_OWNER	[v425 @ X10_v15-8]
value type base	spine-unity	Spine.TransformConstraint	ApplyAbsoluteWorld	System.Int32	System.ValueType	TypeAnalysisContext	0	0	1	0	Add	MISSING_METADATA:inside-the-layout-between-fields	LAYOUT_KNOWN	1	10	NESTED:m_value	VALUE_RELATIVE	UNKNOWN	NOT_A_FIELD_ACCESS	[v436 @ X9_v6 (System.Int32)+v95 @ TEMPCOND_v4 (System.Boolean)*4]
value type base	spine-unity	Spine.TransformConstraint	ApplyAbsoluteWorld	System.Int32	System.ValueType	TypeAnalysisContext	0	0	1	0	Add	MISSING_METADATA:inside-the-layout-between-fields	LAYOUT_KNOWN	1	10	NESTED:m_value	VALUE_RELATIVE	UNKNOWN	NOT_A_FIELD_ACCESS	[v436 @ X9_v6 (System.Int32)+v95 @ TEMPCOND_v4 (System.Boolean)*4]
past the last field of the base type	spine-unity	Spine.Skeleton	SortPathConstraintAttachment	Spine.Attachment	System.Object	TypeAnalysisContext	20	10	1	0	<none>	PAST_LAST_FIELD:class	LAYOUT_KNOWN	1	10	BEYOND_LAYOUT	CLASS_OBJECT_RELATIVE	PARAMETER	SEARCH_EMPTY	[attachment @ X1 (Spine.Attachment)+20]
past the last field of the base type	spine-unity	Spine.Skeleton	SortPathConstraintAttachment	Spine.Attachment	System.Object	TypeAnalysisContext	20	10	1	0	<none>	PAST_LAST_FIELD:class	LAYOUT_KNOWN	1	10	BEYOND_LAYOUT	CLASS_OBJECT_RELATIVE	PARAMETER	SEARCH_EMPTY	[attachment @ X1 (Spine.Attachment)+20]
base has no type, from Move from [Attachment + 0x20]	spine-unity	Spine.Skeleton	SortPathConstraintAttachment	<untyped>			18	0	0	0	Move:memory	PAST_LAST_FIELD:class	NO_BASE_TYPE	0	0	-	NOT_APPLICABLE	LOADED_POINTER	NO_OWNER	[v142 @ X21_v4+18]
base has no type, from Move from [Attachment + 0x20]	spine-unity	Spine.Skeleton	SortPathConstraintAttachment	<untyped>			18	0	0	0	Move:memory	PAST_LAST_FIELD:class	NO_BASE_TYPE	0	0	-	NOT_APPLICABLE	LOADED_POINTER	NO_OWNER	[v142 @ X21_v4+18]
past the last field of the base type	spine-unity	Spine.Skeleton	SortPathConstraintAttachment	Spine.Attachment	System.Object	TypeAnalysisContext	20	10	1	0	<none>	PAST_LAST_FIELD:class	LAYOUT_KNOWN	1	10	BEYOND_LAYOUT	CLASS_OBJECT_RELATIVE	PARAMETER	SEARCH_EMPTY	[attachment @ X1 (Spine.Attachment)+20]
base has no type, from Move from [Attachment + 0x20]	spine-unity	Spine.Skeleton	SortPathConstraintAttachment	<untyped>			18	0	0	0	Move:memory	PAST_LAST_FIELD:class	NO_BASE_TYPE	0	0	-	NOT_APPLICABLE	LOADED_POINTER	NO_OWNER	[v142 @ X21_v4+18]
base has no type, from Move from [Attachment + 0x20]	spine-unity	Spine.Skeleton	SortPathConstraintAttachment	<untyped>			18	0	0	0	Move:memory	PAST_LAST_FIELD:class	NO_BASE_TYPE	0	0	-	NOT_APPLICABLE	LOADED_POINTER	NO_OWNER	[v142 @ X21_v4+18]
past the last field of the base type	spine-unity	Spine.Skeleton	SortPathConstraintAttachment	Spine.Attachment	System.Object	TypeAnalysisContext	20	10	1	0	<none>	PAST_LAST_FIELD:class	LAYOUT_KNOWN	1	10	BEYOND_LAYOUT	CLASS_OBJECT_RELATIVE	PARAMETER	SEARCH_EMPTY	[attachment @ X1 (Spine.Attachment)+20]
base has no type, from Add of [Attachment + 0x20] and Int32	spine-unity	Spine.Skeleton	SortPathConstraintAttachment	<untyped>			20	0	0	0	Add	PAST_LAST_FIELD:value-type	NO_BASE_TYPE	0	0	-	NOT_APPLICABLE	UNKNOWN	NO_OWNER	[v352 @ X9_v9+20]
base has no type, from Add of String[] and Immediate	spine-unity	Spine.Unity.SpineAtlasAsset	CreateRuntimeInstance	<untyped>			0	0	0	0	Add	ARRAY_ELEMENT:array-typed-base	NO_BASE_TYPE	0	0	-	NOT_APPLICABLE	CALL_RESULT	NO_OWNER	[v89 @ X27_v8+v262 @ X22_v16 (System.Int32)*8]
base has no type, from Newobj	spine-unity	Spine.Unity.SpineAtlasAsset	CreateRuntimeInstance	<untyped>			10	0	0	0	Newobj	TYPE_PROPAGATION:newobj	NO_BASE_TYPE	0	0	-	NOT_APPLICABLE	ALLOCATION	NO_OWNER	[v228 @ X0_v28+10]
base has no type, from Newobj	spine-unity	Spine.Unity.SpineAtlasAsset	CreateRuntimeInstance	<untyped>			1C	0	0	0	Newobj	TYPE_PROPAGATION:newobj	NO_BASE_TYPE	0	0	-	NOT_APPLICABLE	ALLOCATION	NO_OWNER	[v228 @ X0_v28+1C]
base has no type, from Newobj	spine-unity	Spine.Unity.SpineAtlasAsset	CreateRuntimeInstance	<untyped>			18	0	0	0	Newobj	TYPE_PROPAGATION:newobj	NO_BASE_TYPE	0	0	-	NOT_APPLICABLE	ALLOCATION	NO_OWNER	[v228 @ X0_v28+18]
base has no type, from Move from an untyped base	spine-unity	Spine.Unity.SpineAtlasAsset	CreateRuntimeInstance	<untyped>			18	0	0	0	Move:memory	TYPE_PROPAGATION:newobj	NO_BASE_TYPE	0	0	-	NOT_APPLICABLE	LOADED_POINTER	NO_OWNER	[v272 @ X8_v36+18]
base has no type, from Newobj	spine-unity	Spine.Unity.SpineAtlasAsset	CreateRuntimeInstance	<untyped>			18	0	0	0	Newobj	TYPE_PROPAGATION:newobj	NO_BASE_TYPE	0	0	-	NOT_APPLICABLE	ALLOCATION	NO_OWNER	[v228 @ X0_v28+18]
base has no type, from Newobj	spine-unity	Spine.Unity.SpineAtlasAsset	CreateRuntimeInstance	<untyped>			18	0	0	0	Newobj	TYPE_PROPAGATION:newobj	NO_BASE_TYPE	0	0	-	NOT_APPLICABLE	ALLOCATION	NO_OWNER	[v228 @ X0_v28+18]
base has no type, from Newobj	spine-unity	Spine.Unity.SpineAtlasAsset	CreateRuntimeInstance	<untyped>			18	0	0	0	Newobj	TYPE_PROPAGATION:newobj	NO_BASE_TYPE	0	0	-	NOT_APPLICABLE	ALLOCATION	NO_OWNER	[v228 @ X0_v28+18]
base has no type, from Newobj	spine-unity	Spine.Unity.SpineAtlasAsset	CreateRuntimeInstance	<untyped>			18	0	0	0	Newobj	TYPE_PROPAGATION:newobj	NO_BASE_TYPE	0	0	-	NOT_APPLICABLE	ALLOCATION	NO_OWNER	[v228 @ X0_v28+18]
base has no type, from Newobj	spine-unity	Spine.Unity.SpineAtlasAsset	CreateRuntimeInstance	<untyped>			18	0	0	0	Newobj	TYPE_PROPAGATION:newobj	NO_BASE_TYPE	0	0	-	NOT_APPLICABLE	ALLOCATION	NO_OWNER	[v228 @ X0_v28+18]
Il2CppClass.0x1B8	spine-unity	Spine.Unity.SpineAtlasAsset	Reset	Il2CppClass<Spine.Unity.SpineAtlasAsset>		RuntimeClassTypeAnalysisContext	1B8	0	0	0	Move:memory	RUNTIME_STRUCT:RuntimeClassTypeAnalysisContext	RUNTIME_STRUCT	0	0	-	NOT_APPLICABLE	RUNTIME_STRUCTURE	SEARCH_EMPTY	[v0 @ X8_v1 (Il2CppClass<Spine.Unity.SpineAtlasAsset>)+1B8]
Il2CppClass.0x1C0	spine-unity	Spine.Unity.SpineAtlasAsset	Reset	Il2CppClass<Spine.Unity.SpineAtlasAsset>		RuntimeClassTypeAnalysisContext	1C0	0	0	0	Move:memory	RUNTIME_STRUCT:RuntimeClassTypeAnalysisContext	RUNTIME_STRUCT	0	0	-	NOT_APPLICABLE	RUNTIME_STRUCTURE	SEARCH_EMPTY	[v0 @ X8_v1 (Il2CppClass<Spine.Unity.SpineAtlasAsset>)+1C0]
Il2CppClass.interface_offsets_count	spine-unity	Spine.AnimationState	ApplyEventTimelinesOnly	Il2CppClass<Spine.Timeline>		RuntimeClassTypeAnalysisContext	12E	0	0	0	Move:memory	RUNTIME_STRUCT:RuntimeClassTypeAnalysisContext	RUNTIME_STRUCT	0	0	-	NOT_APPLICABLE	RUNTIME_STRUCTURE	SEARCH_EMPTY	[v561 @ X8_v23 (Il2CppClass<Spine.Timeline>)+12E]
Il2CppClass.interface_offsets_count	spine-unity	Spine.AnimationState	ApplyEventTimelinesOnly	Il2CppClass<Spine.Timeline>		RuntimeClassTypeAnalysisContext	12E	0	0	0	Move:memory	RUNTIME_STRUCT:RuntimeClassTypeAnalysisContext	RUNTIME_STRUCT	0	0	-	NOT_APPLICABLE	RUNTIME_STRUCTURE	SEARCH_EMPTY	[v561 @ X8_v23 (Il2CppClass<Spine.Timeline>)+12E]
Il2CppClass.interfaceOffsets	spine-unity	Spine.AnimationState	ApplyEventTimelinesOnly	Il2CppClass<Spine.Timeline>		RuntimeClassTypeAnalysisContext	B0	0	0	0	Move:memory	RUNTIME_STRUCT:RuntimeClassTypeAnalysisContext	RUNTIME_STRUCT	0	0	-	NOT_APPLICABLE	RUNTIME_STRUCTURE	SEARCH_EMPTY	[v561 @ X8_v23 (Il2CppClass<Spine.Timeline>)+B0]
base has no type, from Add of an untyped local and Immediate	spine-unity	Spine.AnimationState	ApplyEventTimelinesOnly	<untyped>			FFFFFFFFFFFFFFF8	0	0	0	Add	UNKNOWN:add-of-MemoryOperand	NO_BASE_TYPE	0	0	-	NOT_APPLICABLE	UNKNOWN	NO_OWNER	[v656 @ X10_v19-8]
base has no type, from Add of an untyped local and Immediate	spine-unity	Spine.AnimationState	ApplyEventTimelinesOnly	<untyped>			8	0	0	0	Call	PHI_AMBIGUITY:multiple-definitions	NO_BASE_TYPE	0	0	-	NOT_APPLICABLE	UNKNOWN	NO_OWNER	[v683 @ X0_v35+8]
absolute address	spine-unity	Spine.SkeletonBounds	Update	<untyped>			407A90	0	0	0	<none>	UNKNOWN:absolute-address	NO_BASE_TYPE	0	0	-	NOT_APPLICABLE	UNKNOWN	NO_OWNER	[407A90]
generic instance, value type argument	spine-unity	Spine.Unity.SkeletonMecanimRootMotion	GetRemainingRootMotion	System.Collections.Generic.KeyValuePair`2<Spine.Animation, System.Single>		GenericInstanceTypeAnalysisContext	28	0	0	0	Call	GENERIC_LAYOUT:instantiation	LAYOUT_KNOWN	2	18	BEYOND_LAYOUT	NEITHER	CALL_RESULT	SEARCH_EMPTY	[v48 @ X0_v5 (System.Collections.Generic.KeyValuePair`2<Spine.Animation, System.Single>)+28]
value type base	spine-unity	Spine.TransformConstraint	ApplyRelativeWorld	System.Int32	System.ValueType	TypeAnalysisContext	0	0	1	0	Add	MISSING_METADATA:inside-the-layout-between-fields	LAYOUT_KNOWN	1	10	NESTED:m_value	VALUE_RELATIVE	UNKNOWN	NOT_A_FIELD_ACCESS	[v423 @ X9_v6 (System.Int32)+v93 @ TEMPCOND_v4 (System.Boolean)*4]
value type base	spine-unity	Spine.TransformConstraint	ApplyRelativeWorld	System.Int32	System.ValueType	TypeAnalysisContext	0	0	1	0	Add	MISSING_METADATA:inside-the-layout-between-fields	LAYOUT_KNOWN	1	10	NESTED:m_value	VALUE_RELATIVE	UNKNOWN	NOT_A_FIELD_ACCESS	[v423 @ X9_v6 (System.Int32)+v93 @ TEMPCOND_v4 (System.Boolean)*4]
value type base	spine-unity	Spine.AnimationState	ApplyMixingFrom	System.Int32	System.ValueType	TypeAnalysisContext	0	0	1	0	Add	MISSING_METADATA:inside-the-layout-between-fields	LAYOUT_KNOWN	1	10	NESTED:m_value	VALUE_RELATIVE	UNKNOWN	NOT_A_FIELD_ACCESS	[v520 @ X11_v17 (System.Int32)+v362 @ X8_v20 (System.Int32)]
Il2CppClass.0x1B8	spine-unity	Spine.Unity.SpineSpriteAtlasAsset	Reset	Il2CppClass<Spine.Unity.SpineSpriteAtlasAsset>		RuntimeClassTypeAnalysisContext	1B8	0	0	0	Move:memory	RUNTIME_STRUCT:RuntimeClassTypeAnalysisContext	RUNTIME_STRUCT	0	0	-	NOT_APPLICABLE	RUNTIME_STRUCTURE	SEARCH_EMPTY	[v0 @ X8_v1 (Il2CppClass<Spine.Unity.SpineSpriteAtlasAsset>)+1B8]
Il2CppClass.0x1C0	spine-unity	Spine.Unity.SpineSpriteAtlasAsset	Reset	Il2CppClass<Spine.Unity.SpineSpriteAtlasAsset>		RuntimeClassTypeAnalysisContext	1C0	0	0	0	Move:memory	RUNTIME_STRUCT:RuntimeClassTypeAnalysisContext	RUNTIME_STRUCT	0	0	-	NOT_APPLICABLE	RUNTIME_STRUCTURE	SEARCH_EMPTY	[v0 @ X8_v1 (Il2CppClass<Spine.Unity.SpineSpriteAtlasAsset>)+1C0]
static field storage at 0x4	spine-unity	Spine.Unity.SkeletonRootMotion	CalculateAnimationsMovementDelta	UnityEngine.Vector2	System.ValueType	TypeAnalysisContext	4	4	2	0	Move:memory	RUNTIME_STRUCT:StaticFieldStorageTypeAnalysisContext	LAYOUT_KNOWN	2	14	NESTED:y	VALUE_RELATIVE	STATIC_FIELD	SEARCH_EMPTY	[v302 @ X8_v15 (Il2CppStaticFields<UnityEngine.Vector2>)+4]
byref at 0x4, from no definition	spine-unity	Spine.Unity.SkeletonRootMotion	ApplyMixAlphaToDelta	UnityEngine.Vector2&		ByRefTypeAnalysisContext	4	0	0	0	<none>	TYPE_PROPAGATION:byref-base	NO_INSTANCE_FIELDS	0	0	BEYOND_LAYOUT	CLASS_OBJECT_RELATIVE	PARAMETER	SEARCH_EMPTY	[currentDelta @ X1 (UnityEngine.Vector2&)+4]
byref at 0x4, from no definition	spine-unity	Spine.Unity.SkeletonRootMotion	ApplyMixAlphaToDelta	UnityEngine.Vector2&		ByRefTypeAnalysisContext	4	0	0	0	<none>	TYPE_PROPAGATION:byref-base	NO_INSTANCE_FIELDS	0	0	BEYOND_LAYOUT	CLASS_OBJECT_RELATIVE	PARAMETER	SEARCH_EMPTY	[currentDelta @ X1 (UnityEngine.Vector2&)+4]
Il2CppClass.interface_offsets_count	spine-unity	Spine.AnimationState	ApplyMixingFromEventTimelinesOnly	Il2CppClass<Spine.Timeline>		RuntimeClassTypeAnalysisContext	12E	0	0	0	Move:memory	RUNTIME_STRUCT:RuntimeClassTypeAnalysisContext	RUNTIME_STRUCT	0	0	-	NOT_APPLICABLE	RUNTIME_STRUCTURE	SEARCH_EMPTY	[v416 @ X8_v15 (Il2CppClass<Spine.Timeline>)+12E]
Il2CppClass.interface_offsets_count	spine-unity	Spine.AnimationState	ApplyMixingFromEventTimelinesOnly	Il2CppClass<Spine.Timeline>		RuntimeClassTypeAnalysisContext	12E	0	0	0	Move:memory	RUNTIME_STRUCT:RuntimeClassTypeAnalysisContext	RUNTIME_STRUCT	0	0	-	NOT_APPLICABLE	RUNTIME_STRUCTURE	SEARCH_EMPTY	[v416 @ X8_v15 (Il2CppClass<Spine.Timeline>)+12E]
Il2CppClass.interfaceOffsets	spine-unity	Spine.AnimationState	ApplyMixingFromEventTimelinesOnly	Il2CppClass<Spine.Timeline>		RuntimeClassTypeAnalysisContext	B0	0	0	0	Move:memory	RUNTIME_STRUCT:RuntimeClassTypeAnalysisContext	RUNTIME_STRUCT	0	0	-	NOT_APPLICABLE	RUNTIME_STRUCTURE	SEARCH_EMPTY	[v416 @ X8_v15 (Il2CppClass<Spine.Timeline>)+B0]
base has no type, from Add of an untyped local and Immediate	spine-unity	Spine.AnimationState	ApplyMixingFromEventTimelinesOnly	<untyped>			FFFFFFFFFFFFFFF8	0	0	0	Add	UNKNOWN:add-of-MemoryOperand	NO_BASE_TYPE	0	0	-	NOT_APPLICABLE	UNKNOWN	NO_OWNER	[v509 @ X10_v13-8]
absolute address	spine-unity	Spine.Unity.SpineSpriteAtlasAsset	LoadAtlas	<untyped>			407CD0	0	0	0	<none>	UNKNOWN:absolute-address	NO_BASE_TYPE	0	0	-	NOT_APPLICABLE	UNKNOWN	NO_OWNER	[407CD0]
Il2CppClass.0x198	spine-unity	Spine.AnimationState	ApplyRotateTimeline	Il2CppClass<Spine.RotateTimeline>		RuntimeClassTypeAnalysisContext	198	0	0	0	Move:memory	RUNTIME_STRUCT:RuntimeClassTypeAnalysisContext	RUNTIME_STRUCT	0	0	-	NOT_APPLICABLE	RUNTIME_STRUCTURE	SEARCH_EMPTY	[v435 @ X8_v53 (Il2CppClass<Spine.RotateTimeline>)+198]
Il2CppClass.0x1A0	spine-unity	Spine.AnimationState	ApplyRotateTimeline	Il2CppClass<Spine.RotateTimeline>		RuntimeClassTypeAnalysisContext	1A0	0	0	0	Move:memory	RUNTIME_STRUCT:RuntimeClassTypeAnalysisContext	RUNTIME_STRUCT	0	0	-	NOT_APPLICABLE	RUNTIME_STRUCTURE	SEARCH_EMPTY	[v435 @ X8_v53 (Il2CppClass<Spine.RotateTimeline>)+1A0]
base has no type, from Add of Single[] and Int32	spine-unity	Spine.AnimationState	ApplyRotateTimeline	<untyped>			20	0	0	0	Add	ARRAY_ELEMENT:array-typed-base	NO_BASE_TYPE	0	0	-	NOT_APPLICABLE	UNKNOWN	NO_OWNER	[v133 @ X10_v7+20]
base has no type, from Add of Single[] and Int32	spine-unity	Spine.AnimationState	ApplyRotateTimeline	<untyped>			20	0	0	0	Add	ARRAY_ELEMENT:array-typed-base	NO_BASE_TYPE	0	0	-	NOT_APPLICABLE	UNKNOWN	NO_OWNER	[v133 @ X10_v7+20]
Il2CppClass.0x378	spine-unity	Spine.SkeletonBinary+SkeletonInput	ReadString	Il2CppClass<System.Text.Encoding>		RuntimeClassTypeAnalysisContext	378	0	0	0	Move:memory	RUNTIME_STRUCT:RuntimeClassTypeAnalysisContext	RUNTIME_STRUCT	0	0	-	NOT_APPLICABLE	RUNTIME_STRUCTURE	SEARCH_EMPTY	[v150 @ X8_v7 (Il2CppClass<System.Text.Encoding>)+378]
Il2CppClass.0x380	spine-unity	Spine.SkeletonBinary+SkeletonInput	ReadString	Il2CppClass<System.Text.Encoding>		RuntimeClassTypeAnalysisContext	380	0	0	0	Move:memory	RUNTIME_STRUCT:RuntimeClassTypeAnalysisContext	RUNTIME_STRUCT	0	0	-	NOT_APPLICABLE	RUNTIME_STRUCTURE	SEARCH_EMPTY	[v150 @ X8_v7 (Il2CppClass<System.Text.Encoding>)+380]
base has no type, from Add of Single[] and Int32	spine-unity	Spine.AnimationState	ApplyRotateTimeline	<untyped>			20	0	0	0	Add	ARRAY_ELEMENT:array-typed-base	NO_BASE_TYPE	0	0	-	NOT_APPLICABLE	UNKNOWN	NO_OWNER	[v662 @ X8_v42+20]
byref at 0x4, from no definition	spine-unity	Spine.Unity.SkeletonRootMotionBase	AdjustMovementDeltaToConfiguration	UnityEngine.Vector2&		ByRefTypeAnalysisContext	4	0	0	0	<none>	TYPE_PROPAGATION:byref-base	NO_INSTANCE_FIELDS	0	0	BEYOND_LAYOUT	CLASS_OBJECT_RELATIVE	PARAMETER	SEARCH_EMPTY	[localDelta @ X1 (UnityEngine.Vector2&)+4]
Il2CppClass.0x200	spine-unity	Spine.SkeletonBinary+SkeletonInput	GetVersionString	Il2CppClass<System.IO.Stream>		RuntimeClassTypeAnalysisContext	200	0	0	0	Move:memory	RUNTIME_STRUCT:RuntimeClassTypeAnalysisContext	RUNTIME_STRUCT	0	0	-	NOT_APPLICABLE	RUNTIME_STRUCTURE	SEARCH_EMPTY	[v74 @ X8_v17 (Il2CppClass<System.IO.Stream>)+200]
base has no type, from no definition	spine-unity	Spine.Unity.SkeletonRootMotionBase	ApplyRootMotion	<untyped>			30	0	0	0	<none>	TYPE_PROPAGATION:entry-value	NO_BASE_TYPE	0	0	-	NOT_APPLICABLE	STACK_SLOT	NO_OWNER	[v206 @ stack_-78+30]
base has no type, from no definition	spine-unity	Spine.Unity.SkeletonRootMotionBase	ApplyRootMotion	<untyped>			34	0	0	0	<none>	TYPE_PROPAGATION:entry-value	NO_BASE_TYPE	0	0	-	NOT_APPLICABLE	STACK_SLOT	NO_OWNER	[v206 @ stack_-78+34]
base has no type, from Move from AddressOf(stack_-50)	spine-unity	Spine.BoneMatrix	CalculateSetupWorld	<untyped>			10	0	0	0	Move:AddressOf	TYPE_PROPAGATION:address-of	NO_BASE_TYPE	0	0	-	NOT_APPLICABLE	UNKNOWN	NO_OWNER	[v99 @ X8_v2+10]
value type base	spine-unity	Spine.BoneMatrix	GetInheritedInternal	System.Int32	System.ValueType	TypeAnalysisContext	0	0	1	0	Add	MISSING_METADATA:inside-the-layout-between-fields	LAYOUT_KNOWN	1	10	NESTED:m_value	VALUE_RELATIVE	UNKNOWN	NOT_A_FIELD_ACCESS	[v109 @ X9_v3 (System.Int32)+v70 @ X8_v3 (Spine.TransformMode)*2]
base has no type, from Add of Single[] and Int32	spine-unity	Spine.SkeletonClipping	MakeClockwise	<untyped>			24	0	0	0	Add	ARRAY_ELEMENT:computed-element-address	NO_BASE_TYPE	0	0	-	NOT_APPLICABLE	UNKNOWN	NO_OWNER	[v125 @ X15_v6+24]
Il2CppClass.0x1D0	spine-unity	Spine.Unity.BoundingBoxFollower	Initialize	Il2CppClass<Spine.Unity.SkeletonRenderer>		RuntimeClassTypeAnalysisContext	1D0	0	0	0	Move:memory	RUNTIME_STRUCT:RuntimeClassTypeAnalysisContext	RUNTIME_STRUCT	0	0	-	NOT_APPLICABLE	RUNTIME_STRUCTURE	SEARCH_EMPTY	[v204 @ X8_v30 (Il2CppClass<Spine.Unity.SkeletonRenderer>)+1D0]
absolute address	spine-unity	Spine.AnimationState	NewTrackEntry	<untyped>			407EC0	0	0	0	<none>	UNKNOWN:absolute-address	NO_BASE_TYPE	0	0	-	NOT_APPLICABLE	UNKNOWN	NO_OWNER	[407EC0]
absolute address	spine-unity	Spine.AnimationState	NewTrackEntry	<untyped>			408090	0	0	0	<none>	UNKNOWN:absolute-address	NO_BASE_TYPE	0	0	-	NOT_APPLICABLE	UNKNOWN	NO_OWNER	[408090]
array at 0x30, from Move from the field SubmeshInstruction[]	spine-unity	Spine.Unity.SkeletonGraphic	UpdateMeshSingleCanvasRenderer	Spine.Unity.SubmeshInstruction[]		SzArrayTypeAnalysisContext	30	0	0	0	Move:field SubmeshInstruction[]	ARRAY_ELEMENT:array-typed-base	NO_INSTANCE_FIELDS	0	0	BEYOND_LAYOUT	CLASS_OBJECT_RELATIVE	INSTANCE_FIELD	SEARCH_EMPTY	[v281 @ X8_v18 (Spine.Unity.SubmeshInstruction[])+30]
array at 0x30, from Move from the field SubmeshInstruction[]	spine-unity	Spine.Unity.SkeletonGraphic	UpdateMeshSingleCanvasRenderer	Spine.Unity.SubmeshInstruction[]		SzArrayTypeAnalysisContext	30	0	0	0	Move:field SubmeshInstruction[]	ARRAY_ELEMENT:array-typed-base	NO_INSTANCE_FIELDS	0	0	BEYOND_LAYOUT	CLASS_OBJECT_RELATIVE	INSTANCE_FIELD	SEARCH_EMPTY	[v281 @ X8_v18 (Spine.Unity.SubmeshInstruction[])+30]
array at 0x30, from Move from the field SubmeshInstruction[]	spine-unity	Spine.Unity.SkeletonGraphic	UpdateMeshSingleCanvasRenderer	Spine.Unity.SubmeshInstruction[]		SzArrayTypeAnalysisContext	30	0	0	0	Move:field SubmeshInstruction[]	ARRAY_ELEMENT:array-typed-base	NO_INSTANCE_FIELDS	0	0	BEYOND_LAYOUT	CLASS_OBJECT_RELATIVE	INSTANCE_FIELD	SEARCH_EMPTY	[v281 @ X8_v18 (Spine.Unity.SubmeshInstruction[])+30]
between fields of the base type	spine-unity	Spine.Unity.SkeletonGraphic	get_mainTexture	Spine.Unity.SkeletonGraphic	UnityEngine.UI.MaskableGraphic	TypeAnalysisContext	0	1C0	67	0	<none>	MISSING_METADATA:inside-the-layout-between-fields	LAYOUT_KNOWN	67	1C0	INSIDE_NO_FIELD	CLASS_OBJECT_RELATIVE	THIS	NOT_A_FIELD_ACCESS	[this @ X0 (Spine.Unity.SkeletonGraphic)+v60 @ X8_v5 (System.Int32)]
Il2CppClass.0x388	spine-unity	Spine.Unity.SkeletonGraphic	Awake	Il2CppClass<Spine.Unity.SkeletonGraphic>		RuntimeClassTypeAnalysisContext	388	0	0	0	Move:memory	RUNTIME_STRUCT:RuntimeClassTypeAnalysisContext	RUNTIME_STRUCT	0	0	-	NOT_APPLICABLE	RUNTIME_STRUCTURE	SEARCH_EMPTY	[v24 @ X8_v2 (Il2CppClass<Spine.Unity.SkeletonGraphic>)+388]
Il2CppClass.0x390	spine-unity	Spine.Unity.SkeletonGraphic	Awake	Il2CppClass<Spine.Unity.SkeletonGraphic>		RuntimeClassTypeAnalysisContext	390	0	0	0	Move:memory	RUNTIME_STRUCT:RuntimeClassTypeAnalysisContext	RUNTIME_STRUCT	0	0	-	NOT_APPLICABLE	RUNTIME_STRUCTURE	SEARCH_EMPTY	[v24 @ X8_v2 (Il2CppClass<Spine.Unity.SkeletonGraphic>)+390]
Il2CppClass.0x608	spine-unity	Spine.Unity.SkeletonGraphic	Update	Il2CppClass<Spine.Unity.SkeletonGraphic>		RuntimeClassTypeAnalysisContext	608	0	0	0	Move:memory	RUNTIME_STRUCT:RuntimeClassTypeAnalysisContext	RUNTIME_STRUCT	0	0	-	NOT_APPLICABLE	RUNTIME_STRUCTURE	SEARCH_EMPTY	[v29 @ X8_v3 (Il2CppClass<Spine.Unity.SkeletonGraphic>)+608]
Il2CppClass.0x610	spine-unity	Spine.Unity.SkeletonGraphic	Update	Il2CppClass<Spine.Unity.SkeletonGraphic>		RuntimeClassTypeAnalysisContext	610	0	0	0	Move:memory	RUNTIME_STRUCT:RuntimeClassTypeAnalysisContext	RUNTIME_STRUCT	0	0	-	NOT_APPLICABLE	RUNTIME_STRUCTURE	SEARCH_EMPTY	[v29 @ X8_v3 (Il2CppClass<Spine.Unity.SkeletonGraphic>)+610]
value type base	spine-unity	Spine.Unity.SkeletonGraphic	MatchRectTransformMultipleRenderers	UnityEngine.Bounds	System.ValueType	TypeAnalysisContext	14	C	2	0	Call	MISSING_METADATA:inside-the-layout-between-fields	LAYOUT_KNOWN	2	1C	NESTED:m_Extents.z	NEITHER	CALL_RESULT	SEARCH_EMPTY	[v534 @ X0_v29 (UnityEngine.Bounds)+14]
value type base	spine-unity	Spine.Unity.SkeletonGraphic	MatchRectTransformMultipleRenderers	UnityEngine.Bounds	System.ValueType	TypeAnalysisContext	10	C	2	0	Call	RESOLVABLE:field-at-this-exact-offset	LAYOUT_KNOWN	2	1C	EXACT:m_Center	OBJECT_RELATIVE	CALL_RESULT	SEARCH_EMPTY	[v534 @ X0_v29 (UnityEngine.Bounds)+10]
value type base	spine-unity	Spine.Unity.SkeletonGraphic	MatchRectTransformMultipleRenderers	UnityEngine.Bounds	System.ValueType	TypeAnalysisContext	8	C	2	0	Call	MISSING_METADATA:inside-the-layout-between-fields	LAYOUT_KNOWN	2	1C	NESTED:m_Center.z	NEITHER	CALL_RESULT	SEARCH_EMPTY	[v534 @ X0_v29 (UnityEngine.Bounds)+8]
value type base	spine-unity	Spine.Unity.SkeletonGraphic	MatchRectTransformMultipleRenderers	UnityEngine.Bounds	System.ValueType	TypeAnalysisContext	4	C	2	0	Call	MISSING_METADATA:inside-the-layout-between-fields	LAYOUT_KNOWN	2	1C	NESTED:m_Center.y	NEITHER	CALL_RESULT	SEARCH_EMPTY	[v534 @ X0_v29 (UnityEngine.Bounds)+4]
value type base	spine-unity	Spine.Unity.SkeletonGraphic	MatchRectTransformMultipleRenderers	UnityEngine.Bounds	System.ValueType	TypeAnalysisContext	4	C	2	0	Call	MISSING_METADATA:inside-the-layout-between-fields	LAYOUT_KNOWN	2	1C	NESTED:m_Center.y	NEITHER	CALL_RESULT	SEARCH_EMPTY	[v534 @ X0_v29 (UnityEngine.Bounds)+4]
value type base	spine-unity	Spine.Unity.SkeletonGraphic	MatchRectTransformMultipleRenderers	UnityEngine.Bounds	System.ValueType	TypeAnalysisContext	10	C	2	0	Call	RESOLVABLE:field-at-this-exact-offset	LAYOUT_KNOWN	2	1C	EXACT:m_Center	OBJECT_RELATIVE	CALL_RESULT	SEARCH_EMPTY	[v534 @ X0_v29 (UnityEngine.Bounds)+10]
value type base	spine-unity	Spine.Unity.SkeletonGraphic	MatchRectTransformMultipleRenderers	UnityEngine.Bounds	System.ValueType	TypeAnalysisContext	8	C	2	0	Call	MISSING_METADATA:inside-the-layout-between-fields	LAYOUT_KNOWN	2	1C	NESTED:m_Center.z	NEITHER	CALL_RESULT	SEARCH_EMPTY	[v534 @ X0_v29 (UnityEngine.Bounds)+8]
value type base	spine-unity	Spine.Unity.SkeletonGraphic	MatchRectTransformMultipleRenderers	UnityEngine.Bounds	System.ValueType	TypeAnalysisContext	14	C	2	0	Call	MISSING_METADATA:inside-the-layout-between-fields	LAYOUT_KNOWN	2	1C	NESTED:m_Extents.z	NEITHER	CALL_RESULT	SEARCH_EMPTY	[v534 @ X0_v29 (UnityEngine.Bounds)+14]
value type base	spine-unity	Spine.Unity.SkeletonGraphic	MatchRectTransformMultipleRenderers	UnityEngine.Bounds	System.ValueType	TypeAnalysisContext	8	C	2	0	Call	MISSING_METADATA:inside-the-layout-between-fields	LAYOUT_KNOWN	2	1C	NESTED:m_Center.z	NEITHER	CALL_RESULT	SEARCH_EMPTY	[v534 @ X0_v29 (UnityEngine.Bounds)+8]
value type base	spine-unity	Spine.Unity.SkeletonGraphic	MatchRectTransformMultipleRenderers	UnityEngine.Bounds	System.ValueType	TypeAnalysisContext	14	C	2	0	Call	MISSING_METADATA:inside-the-layout-between-fields	LAYOUT_KNOWN	2	1C	NESTED:m_Extents.z	NEITHER	CALL_RESULT	SEARCH_EMPTY	[v534 @ X0_v29 (UnityEngine.Bounds)+14]
value type base	spine-unity	Spine.Unity.SkeletonGraphic	MatchRectTransformMultipleRenderers	UnityEngine.Bounds	System.ValueType	TypeAnalysisContext	4	C	2	0	Call	MISSING_METADATA:inside-the-layout-between-fields	LAYOUT_KNOWN	2	1C	NESTED:m_Center.y	NEITHER	CALL_RESULT	SEARCH_EMPTY	[v534 @ X0_v29 (UnityEngine.Bounds)+4]
value type base	spine-unity	Spine.Unity.SkeletonGraphic	MatchRectTransformMultipleRenderers	UnityEngine.Bounds	System.ValueType	TypeAnalysisContext	10	C	2	0	Call	RESOLVABLE:field-at-this-exact-offset	LAYOUT_KNOWN	2	1C	EXACT:m_Center	OBJECT_RELATIVE	CALL_RESULT	SEARCH_EMPTY	[v534 @ X0_v29 (UnityEngine.Bounds)+10]
Il2CppClass.cctor_finished	spine-unity	Spine.Unity.BoundingBoxFollower	AddCollidersForSkin	Il2CppClass<Spine.Unity.BoundingBoxFollower>		RuntimeClassTypeAnalysisContext	E0	0	0	0	Move:type BoundingBoxFollower	RUNTIME_STRUCT:RuntimeClassTypeAnalysisContext	RUNTIME_STRUCT	0	0	-	NOT_APPLICABLE	RUNTIME_STRUCTURE	SEARCH_EMPTY	[v455 @ X0_v30 (Il2CppClass<Spine.Unity.BoundingBoxFollower>)+E0]
Il2CppClass.0x168	spine-unity	Spine.AnimationState	ToString	Il2CppClass<System.Text.StringBuilder>		RuntimeClassTypeAnalysisContext	168	0	0	0	Move:memory	RUNTIME_STRUCT:RuntimeClassTypeAnalysisContext	RUNTIME_STRUCT	0	0	-	NOT_APPLICABLE	RUNTIME_STRUCTURE	SEARCH_EMPTY	[v182 @ X8_v7 (Il2CppClass<System.Text.StringBuilder>)+168]
Il2CppClass.0x170	spine-unity	Spine.AnimationState	ToString	Il2CppClass<System.Text.StringBuilder>		RuntimeClassTypeAnalysisContext	170	0	0	0	Move:memory	RUNTIME_STRUCT:RuntimeClassTypeAnalysisContext	RUNTIME_STRUCT	0	0	-	NOT_APPLICABLE	RUNTIME_STRUCTURE	SEARCH_EMPTY	[v182 @ X8_v7 (Il2CppClass<System.Text.StringBuilder>)+170]
base has no type, from Add of the field SubmeshInstruction[] and Int32	spine-unity	Spine.Unity.SkeletonGraphic	UpdateMeshMultipleCanvasRenderers	<untyped>			19	0	0	0	Add	PAST_LAST_FIELD:value-type	NO_BASE_TYPE	0	0	-	NOT_APPLICABLE	UNKNOWN	NO_OWNER	[v530 @ X8_v36+19]
base has no type, from Add of the field SubmeshInstruction[] and Int32	spine-unity	Spine.Unity.SkeletonGraphic	UpdateMeshMultipleCanvasRenderers	<untyped>			28	0	0	0	Add	PAST_LAST_FIELD:value-type	NO_BASE_TYPE	0	0	-	NOT_APPLICABLE	UNKNOWN	NO_OWNER	[v530 @ X8_v36+28]
base has no type, from Move from AddressOf(Single)	spine-unity	Spine.Unity.SkeletonGraphic	UpdateMeshMultipleCanvasRenderers	<untyped>			F	0	0	0	Move:AddressOf	TYPE_PROPAGATION:address-of	NO_BASE_TYPE	0	0	-	NOT_APPLICABLE	UNKNOWN	NO_OWNER	[v506 @ X29_v6+F]
base has no type, from Move from AddressOf(Single)	spine-unity	Spine.Unity.SkeletonGraphic	UpdateMeshMultipleCanvasRenderers	<untyped>			2F	0	0	0	Move:AddressOf	TYPE_PROPAGATION:address-of	NO_BASE_TYPE	0	0	-	NOT_APPLICABLE	UNKNOWN	NO_OWNER	[v506 @ X29_v6+2F]
base has no type, from Add of the field SubmeshInstruction[] and Int32	spine-unity	Spine.Unity.SkeletonGraphic	UpdateMeshMultipleCanvasRenderers	<untyped>			19	0	0	0	Add	PAST_LAST_FIELD:value-type	NO_BASE_TYPE	0	0	-	NOT_APPLICABLE	UNKNOWN	NO_OWNER	[v530 @ X8_v36+19]
base has no type, from Add of the field SubmeshInstruction[] and Int32	spine-unity	Spine.Unity.SkeletonGraphic	UpdateMeshMultipleCanvasRenderers	<untyped>			19	0	0	0	Add	PAST_LAST_FIELD:value-type	NO_BASE_TYPE	0	0	-	NOT_APPLICABLE	UNKNOWN	NO_OWNER	[v530 @ X8_v36+19]
base has no type, from Add of the field Mesh[] and Immediate	spine-unity	Spine.Unity.SkeletonGraphic	UpdateMeshMultipleCanvasRenderers	<untyped>			0	0	0	0	Add	UNKNOWN:add-of-FieldReference	NO_BASE_TYPE	0	0	-	NOT_APPLICABLE	UNKNOWN	NO_OWNER	[v642 @ X9_v8+v352 @ X23_v10 (System.Int32)*8]
base has no type, from Add of the field Mesh[] and Immediate	spine-unity	Spine.Unity.SkeletonGraphic	UpdateMeshMultipleCanvasRenderers	<untyped>			0	0	0	0	Add	UNKNOWN:add-of-FieldReference	NO_BASE_TYPE	0	0	-	NOT_APPLICABLE	UNKNOWN	NO_OWNER	[v642 @ X9_v8+v352 @ X23_v10 (System.Int32)*8]
base has no type, from Add of the field Mesh[] and Immediate	spine-unity	Spine.Unity.SkeletonGraphic	UpdateMeshMultipleCanvasRenderers	<untyped>			0	0	0	0	Add	UNKNOWN:add-of-FieldReference	NO_BASE_TYPE	0	0	-	NOT_APPLICABLE	UNKNOWN	NO_OWNER	[v642 @ X9_v8+v352 @ X23_v10 (System.Int32)*8]
base has no type, from Add of the field Mesh[] and Immediate	spine-unity	Spine.Unity.SkeletonGraphic	UpdateMeshMultipleCanvasRenderers	<untyped>			0	0	0	0	Add	UNKNOWN:add-of-FieldReference	NO_BASE_TYPE	0	0	-	NOT_APPLICABLE	UNKNOWN	NO_OWNER	[v642 @ X9_v8+v352 @ X23_v10 (System.Int32)*8]
static field storage at 0x4	spine-unity	Spine.Unity.SkeletonGraphic	UpdateMeshMultipleCanvasRenderers	UnityEngine.Vector3	System.ValueType	TypeAnalysisContext	4	8	3	0	Move:memory	RUNTIME_STRUCT:StaticFieldStorageTypeAnalysisContext	LAYOUT_KNOWN	3	18	NESTED:y	VALUE_RELATIVE	STATIC_FIELD	SEARCH_EMPTY	[v1051 @ X8_v66 (Il2CppStaticFields<UnityEngine.Vector3>)+4]
static field storage at 0x8	spine-unity	Spine.Unity.SkeletonGraphic	UpdateMeshMultipleCanvasRenderers	UnityEngine.Vector3	System.ValueType	TypeAnalysisContext	8	8	3	0	Move:memory	RUNTIME_STRUCT:StaticFieldStorageTypeAnalysisContext	LAYOUT_KNOWN	3	18	NESTED:z	VALUE_RELATIVE	STATIC_FIELD	SEARCH_EMPTY	[v1051 @ X8_v66 (Il2CppStaticFields<UnityEngine.Vector3>)+8]
base has no type, from Add of the field SubmeshInstruction[] and Int32	spine-unity	Spine.Unity.SkeletonGraphic	UpdateMeshMultipleCanvasRenderers	<untyped>			18	0	0	0	Add	PAST_LAST_FIELD:value-type	NO_BASE_TYPE	0	0	-	NOT_APPLICABLE	UNKNOWN	NO_OWNER	[v530 @ X8_v36+18]
base has no type, from Add of the field SubmeshInstruction[] and Int32	spine-unity	Spine.Unity.SkeletonGraphic	UpdateMeshMultipleCanvasRenderers	<untyped>			10	0	0	0	Add	RESOLVABLE:field-at-this-exact-offset	NO_BASE_TYPE	0	0	-	NOT_APPLICABLE	UNKNOWN	NO_OWNER	[v530 @ X8_v36+10]
base has no type, from Add of the field SubmeshInstruction[] and Int32	spine-unity	Spine.Unity.SkeletonGraphic	UpdateMeshMultipleCanvasRenderers	<untyped>			10	0	0	0	Add	RESOLVABLE:field-at-this-exact-offset	NO_BASE_TYPE	0	0	-	NOT_APPLICABLE	UNKNOWN	NO_OWNER	[v530 @ X8_v36+10]
base has no type, from Move from an untyped local	spine-unity	Spine.Unity.SkeletonGraphic	UpdateMeshMultipleCanvasRenderers	<untyped>			28	0	0	0	Move:untyped local	TYPE_PROPAGATION:entry-value	NO_BASE_TYPE	0	0	-	NOT_APPLICABLE	STACK_SLOT	NO_OWNER	[v242 @ stack_-188_v2+28]
base has no type, from no definition	spine-unity	Spine.Unity.SkeletonGraphic	UpdateMeshMultipleCanvasRenderers	<untyped>			28	0	0	0	<none>	TYPE_PROPAGATION:entry-value	NO_BASE_TYPE	0	0	-	NOT_APPLICABLE	ENTRY_VALUE	NO_OWNER	[v27 @ SYSREG+28]
base has no type, from Add of an untyped local and Immediate	spine-unity	Spine.Unity.SkeletonPartsRenderer	RenderParts	<untyped>			10	0	0	0	Add	UNKNOWN:add-of-FieldReference	NO_BASE_TYPE	0	0	-	NOT_APPLICABLE	UNKNOWN	NO_OWNER	[v155 @ X24_v7+10]
base has no type, from Add of an untyped local and Immediate	spine-unity	Spine.Unity.SkeletonPartsRenderer	RenderParts	<untyped>			10	0	0	0	Add	UNKNOWN:add-of-FieldReference	NO_BASE_TYPE	0	0	-	NOT_APPLICABLE	UNKNOWN	NO_OWNER	[v155 @ X24_v7+10]
Il2CppClass.cctor_finished	spine-unity	Spine.Unity.BoundingBoxFollowerGraphic	AddCollidersForSkin	Il2CppClass<Spine.Unity.BoundingBoxFollowerGraphic>		RuntimeClassTypeAnalysisContext	E0	0	0	0	Move:type BoundingBoxFollowerGraphic	RUNTIME_STRUCT:RuntimeClassTypeAnalysisContext	RUNTIME_STRUCT	0	0	-	NOT_APPLICABLE	RUNTIME_STRUCTURE	SEARCH_EMPTY	[v460 @ X0_v30 (Il2CppClass<Spine.Unity.BoundingBoxFollowerGraphic>)+E0]
past the last field of the base type	spine-unity	Spine.Unity.SkeletonRenderSeparator	OnEnable	UnityEngine.Object	System.Object	TypeAnalysisContext	28	10	1	0	Call	PAST_LAST_FIELD:class	LAYOUT_KNOWN	1	10	BEYOND_LAYOUT	CLASS_OBJECT_RELATIVE	CALL_RESULT	SEARCH_EMPTY	[v295 @ X0_v32 (UnityEngine.Object)+28]
past the last field of the base type	spine-unity	Spine.Unity.SkeletonRenderSeparator	OnEnable	UnityEngine.Object	System.Object	TypeAnalysisContext	28	10	1	0	Call	PAST_LAST_FIELD:class	LAYOUT_KNOWN	1	10	BEYOND_LAYOUT	CLASS_OBJECT_RELATIVE	CALL_RESULT	SEARCH_EMPTY	[v295 @ X0_v32 (UnityEngine.Object)+28]
past the last field of the base type	spine-unity	Spine.Unity.SkeletonRenderSeparator	OnEnable	UnityEngine.Object	System.Object	TypeAnalysisContext	28	10	1	0	Call	PAST_LAST_FIELD:class	LAYOUT_KNOWN	1	10	BEYOND_LAYOUT	CLASS_OBJECT_RELATIVE	CALL_RESULT	SEARCH_EMPTY	[v295 @ X0_v32 (UnityEngine.Object)+28]
past the last field of the base type	spine-unity	Spine.Unity.SkeletonRenderSeparator	OnEnable	UnityEngine.Object	System.Object	TypeAnalysisContext	28	10	1	0	Call	PAST_LAST_FIELD:class	LAYOUT_KNOWN	1	10	BEYOND_LAYOUT	CLASS_OBJECT_RELATIVE	CALL_RESULT	SEARCH_EMPTY	[v295 @ X0_v32 (UnityEngine.Object)+28]
past the last field of the base type	spine-unity	Spine.Unity.SkeletonRenderSeparator	OnEnable	UnityEngine.Object	System.Object	TypeAnalysisContext	28	10	1	0	Call	PAST_LAST_FIELD:class	LAYOUT_KNOWN	1	10	BEYOND_LAYOUT	CLASS_OBJECT_RELATIVE	CALL_RESULT	SEARCH_EMPTY	[v295 @ X0_v32 (UnityEngine.Object)+28]
past the last field of the base type	spine-unity	Spine.Unity.SkeletonRenderSeparator	OnEnable	UnityEngine.Object	System.Object	TypeAnalysisContext	28	10	1	0	Call	PAST_LAST_FIELD:class	LAYOUT_KNOWN	1	10	BEYOND_LAYOUT	CLASS_OBJECT_RELATIVE	CALL_RESULT	SEARCH_EMPTY	[v295 @ X0_v32 (UnityEngine.Object)+28]
base has no type, from Add of Single[] and Int32	spine-unity	Spine.Unity.AnimationTools.TimelineExtensions	Evaluate	<untyped>			20	0	0	0	Add	ARRAY_ELEMENT:array-typed-base	NO_BASE_TYPE	0	0	-	NOT_APPLICABLE	UNKNOWN	NO_OWNER	[v175 @ X9_v7+20]
base has no type, from Add of Single[] and Int32	spine-unity	Spine.Unity.AnimationTools.TimelineExtensions	Evaluate	<untyped>			20	0	0	0	Add	ARRAY_ELEMENT:array-typed-base	NO_BASE_TYPE	0	0	-	NOT_APPLICABLE	UNKNOWN	NO_OWNER	[v175 @ X9_v7+20]
base has no type, from Add of Single[] and Immediate	spine-unity	Spine.Unity.AnimationTools.TimelineExtensions	Evaluate	<untyped>			0	0	0	0	Add	ARRAY_ELEMENT:array-typed-base	NO_BASE_TYPE	0	0	-	NOT_APPLICABLE	INSTANCE_FIELD	NO_OWNER	[v344 @ X11_v5+v353 @ X8_v12 (System.Int32)]
base has no type, from Add of Single[] and Immediate	spine-unity	Spine.Unity.AnimationTools.TimelineExtensions	Evaluate	<untyped>			0	0	0	0	Add	ARRAY_ELEMENT:array-typed-base	NO_BASE_TYPE	0	0	-	NOT_APPLICABLE	INSTANCE_FIELD	NO_OWNER	[v344 @ X11_v5+v353 @ X8_v12 (System.Int32)]
absolute address	spine-unity	Spine.Unity.AnimationTools.TimelineExtensions	Evaluate	<untyped>			1A35018	0	0	0	<none>	UNKNOWN:absolute-address	NO_BASE_TYPE	0	0	-	NOT_APPLICABLE	UNKNOWN	NO_OWNER	[1A35018]
base has no type, from Add of the field SubmeshInstruction[] and Int32	spine-unity	Spine.Unity.SkeletonRenderSeparator	HandleRender	<untyped>			38	0	0	0	Add	PAST_LAST_FIELD:value-type	NO_BASE_TYPE	0	0	-	NOT_APPLICABLE	UNKNOWN	NO_OWNER	[v557 @ X8_v22+38]
past the last field of the base type	spine-unity	Spine.Unity.SkeletonRenderSeparator	HandleRender	UnityEngine.Object	System.Object	TypeAnalysisContext	20	10	1	0	Move:local SkeletonPartsRenderer	PAST_LAST_FIELD:class	LAYOUT_KNOWN	1	10	BEYOND_LAYOUT	CLASS_OBJECT_RELATIVE	UNKNOWN	SEARCH_EMPTY	[v471 @ X23_v8 (UnityEngine.Object)+20]
past the last field of the base type	spine-unity	Spine.Unity.MeshGenerator	GenerateSingleSubmeshInstruction	Spine.Attachment	System.Object	TypeAnalysisContext	78	10	1	0	Move:field Attachment	PAST_LAST_FIELD:class	LAYOUT_KNOWN	1	10	BEYOND_LAYOUT	CLASS_OBJECT_RELATIVE	INSTANCE_FIELD	SEARCH_EMPTY	[v86 @ X25_v10 (Spine.Attachment)+78]
between fields of the base type	spine-unity	Spine.Unity.ActivateBasedOnFlipDirection	Start	Spine.Unity.ActivateBasedOnFlipDirection	UnityEngine.MonoBehaviour	TypeAnalysisContext	0	58	10	0	<none>	MISSING_METADATA:inside-the-layout-between-fields	LAYOUT_KNOWN	10	58	INSIDE_NO_FIELD	CLASS_OBJECT_RELATIVE	THIS	NOT_A_FIELD_ACCESS	[this @ X0 (Spine.Unity.ActivateBasedOnFlipDirection)+v104 @ X8_v7 (System.Int32)]
Il2CppClass.0x280	spine-unity	Spine.Unity.AnimationTools.TimelineExtensions	FindTranslateTimelineForBone	Il2CppClass<System.Type>		RuntimeClassTypeAnalysisContext	280	0	0	0	Move:memory	RUNTIME_STRUCT:RuntimeClassTypeAnalysisContext	RUNTIME_STRUCT	0	0	-	NOT_APPLICABLE	RUNTIME_STRUCTURE	SEARCH_EMPTY	[v210 @ X8_v13 (Il2CppClass<System.Type>)+280]
past the last field of the base type	spine-unity	Spine.Unity.AnimationTools.TimelineExtensions	FindTranslateTimelineForBone	System.Object		TypeAnalysisContext	18	0	0	0	<none>	NO_KNOWN_LAYOUT:type-has-no-instance-fields	NO_INSTANCE_FIELDS	0	0	BEYOND_LAYOUT	CLASS_OBJECT_RELATIVE	STACK_SLOT	SEARCH_EMPTY	[v151 @ stack_-78 (System.Object)+18]
between fields of the base type	spine-unity	Spine.Unity.ActivateBasedOnFlipDirection	HandleFlip	Spine.Unity.ActivateBasedOnFlipDirection	UnityEngine.MonoBehaviour	TypeAnalysisContext	0	58	10	0	<none>	MISSING_METADATA:inside-the-layout-between-fields	LAYOUT_KNOWN	10	58	INSIDE_NO_FIELD	CLASS_OBJECT_RELATIVE	THIS	NOT_A_FIELD_ACCESS	[this @ X0 (Spine.Unity.ActivateBasedOnFlipDirection)+v22 @ X10_v1 (System.Int32)]
between fields of the base type	spine-unity	Spine.Unity.ActivateBasedOnFlipDirection	HandleFlip	Spine.Unity.ActivateBasedOnFlipDirection	UnityEngine.MonoBehaviour	TypeAnalysisContext	0	58	10	0	<none>	MISSING_METADATA:inside-the-layout-between-fields	LAYOUT_KNOWN	10	58	INSIDE_NO_FIELD	CLASS_OBJECT_RELATIVE	THIS	NOT_A_FIELD_ACCESS	[this @ X0 (Spine.Unity.ActivateBasedOnFlipDirection)+v29 @ X8_v2 (System.Int32)]
between fields of the base type	spine-unity	Spine.Unity.ActivateBasedOnFlipDirection	HandleFlip	Spine.Unity.ActivateBasedOnFlipDirection	UnityEngine.MonoBehaviour	TypeAnalysisContext	0	58	10	0	<none>	MISSING_METADATA:inside-the-layout-between-fields	LAYOUT_KNOWN	10	58	INSIDE_NO_FIELD	CLASS_OBJECT_RELATIVE	THIS	NOT_A_FIELD_ACCESS	[this @ X0 (Spine.Unity.ActivateBasedOnFlipDirection)+v29 @ X8_v2 (System.Int32)]
between fields of the base type	spine-unity	Spine.Unity.ActivateBasedOnFlipDirection	HandleFlip	Spine.Unity.ActivateBasedOnFlipDirection	UnityEngine.MonoBehaviour	TypeAnalysisContext	0	58	10	0	<none>	MISSING_METADATA:inside-the-layout-between-fields	LAYOUT_KNOWN	10	58	INSIDE_NO_FIELD	CLASS_OBJECT_RELATIVE	THIS	NOT_A_FIELD_ACCESS	[this @ X0 (Spine.Unity.ActivateBasedOnFlipDirection)+v29 @ X8_v2 (System.Int32)]
between fields of the base type	spine-unity	Spine.Unity.ActivateBasedOnFlipDirection	HandleFlip	Spine.Unity.ActivateBasedOnFlipDirection	UnityEngine.MonoBehaviour	TypeAnalysisContext	0	58	10	0	<none>	MISSING_METADATA:inside-the-layout-between-fields	LAYOUT_KNOWN	10	58	INSIDE_NO_FIELD	CLASS_OBJECT_RELATIVE	THIS	NOT_A_FIELD_ACCESS	[this @ X0 (Spine.Unity.ActivateBasedOnFlipDirection)+v29 @ X8_v2 (System.Int32)]
between fields of the base type	spine-unity	Spine.Unity.ActivateBasedOnFlipDirection	HandleFlip	Spine.Unity.ActivateBasedOnFlipDirection	UnityEngine.MonoBehaviour	TypeAnalysisContext	0	58	10	0	<none>	MISSING_METADATA:inside-the-layout-between-fields	LAYOUT_KNOWN	10	58	INSIDE_NO_FIELD	CLASS_OBJECT_RELATIVE	THIS	NOT_A_FIELD_ACCESS	[this @ X0 (Spine.Unity.ActivateBasedOnFlipDirection)+v22 @ X10_v1 (System.Int32)]
past the last field of the base type	spine-unity	Spine.Unity.MeshGenerator	GenerateSingleSubmeshInstruction	Spine.Attachment	System.Object	TypeAnalysisContext	70	10	1	0	Move:field Attachment	PAST_LAST_FIELD:class	LAYOUT_KNOWN	1	10	BEYOND_LAYOUT	CLASS_OBJECT_RELATIVE	INSTANCE_FIELD	SEARCH_EMPTY	[v86 @ X25_v10 (Spine.Attachment)+70]
past the last field of the base type	spine-unity	Spine.Unity.MeshGenerator	GenerateSingleSubmeshInstruction	Spine.Attachment	System.Object	TypeAnalysisContext	98	10	1	0	Move:field Attachment	PAST_LAST_FIELD:class	LAYOUT_KNOWN	1	10	BEYOND_LAYOUT	CLASS_OBJECT_RELATIVE	INSTANCE_FIELD	SEARCH_EMPTY	[v86 @ X25_v10 (Spine.Attachment)+98]
base has no type, from Move from [Attachment + 0x70]	spine-unity	Spine.Unity.MeshGenerator	GenerateSingleSubmeshInstruction	<untyped>			18	0	0	0	Move:memory	PAST_LAST_FIELD:class	NO_BASE_TYPE	0	0	-	NOT_APPLICABLE	LOADED_POINTER	NO_OWNER	[v256 @ X8_v48+18]
past the last field of the base type	spine-unity	Spine.Unity.MeshGenerator	GenerateSingleSubmeshInstruction	Spine.Attachment	System.Object	TypeAnalysisContext	30	10	1	0	Move:field Attachment	PAST_LAST_FIELD:class	LAYOUT_KNOWN	1	10	BEYOND_LAYOUT	CLASS_OBJECT_RELATIVE	INSTANCE_FIELD	SEARCH_EMPTY	[v86 @ X25_v10 (Spine.Attachment)+30]
value type base	spine-unity	Spine.Unity.MeshGenerator	GenerateSingleSubmeshInstruction	System.Int32	System.ValueType	TypeAnalysisContext	10	0	1	0	Move:Immediate	RESOLVABLE:field-at-this-exact-offset	LAYOUT_KNOWN	1	10	EXACT:m_value	OBJECT_RELATIVE	UNKNOWN	SEARCH_EMPTY	[v701 @ X24_v14 (System.Int32)+10]
base has no type, from Move from [Int32 + 0x10]	spine-unity	Spine.Unity.MeshGenerator	GenerateSingleSubmeshInstruction	<untyped>			30	0	0	0	Move:memory	PAST_LAST_FIELD:value-type	NO_BASE_TYPE	0	0	-	NOT_APPLICABLE	LOADED_POINTER	NO_OWNER	[v257 @ X8_v26+30]
base has no type, from Move from [Int32 + 0x10]	spine-unity	Spine.Unity.MeshGenerator	GenerateSingleSubmeshInstruction	<untyped>			30	0	0	0	Move:memory	PAST_LAST_FIELD:value-type	NO_BASE_TYPE	0	0	-	NOT_APPLICABLE	LOADED_POINTER	NO_OWNER	[v257 @ X8_v26+30]
base has no type, from Move from [Int32 + 0x10]	spine-unity	Spine.Unity.MeshGenerator	GenerateSingleSubmeshInstruction	<untyped>			30	0	0	0	Move:memory	PAST_LAST_FIELD:value-type	NO_BASE_TYPE	0	0	-	NOT_APPLICABLE	LOADED_POINTER	NO_OWNER	[v257 @ X8_v26+30]
absolute address	spine-unity	Spine.Unity.AttachmentTools.AtlasUtilities	ToAtlasRegion	<untyped>			407EE0	0	0	0	<none>	UNKNOWN:absolute-address	NO_BASE_TYPE	0	0	-	NOT_APPLICABLE	UNKNOWN	NO_OWNER	[407EE0]
past the last field of the base type	spine-unity	Spine.Unity.MeshGenerator	RequiresMultipleSubmeshesByDrawOrder	System.Object		TypeAnalysisContext	10	0	0	0	Call	NO_KNOWN_LAYOUT:type-has-no-instance-fields	NO_INSTANCE_FIELDS	0	0	BEYOND_LAYOUT	CLASS_OBJECT_RELATIVE	CALL_RESULT	SEARCH_EMPTY	[v156 @ X0_v18 (System.Object)+10]
base has no type, from Move from [Object + 0x10]	spine-unity	Spine.Unity.MeshGenerator	RequiresMultipleSubmeshesByDrawOrder	<untyped>			30	0	0	0	Move:memory	NO_KNOWN_LAYOUT:type-has-no-instance-fields	NO_BASE_TYPE	0	0	-	NOT_APPLICABLE	LOADED_POINTER	NO_OWNER	[v167 @ X8_v21+30]
base has no type, from Move from [Object + 0x10]	spine-unity	Spine.Unity.MeshGenerator	RequiresMultipleSubmeshesByDrawOrder	<untyped>			30	0	0	0	Move:memory	NO_KNOWN_LAYOUT:type-has-no-instance-fields	NO_BASE_TYPE	0	0	-	NOT_APPLICABLE	LOADED_POINTER	NO_OWNER	[v167 @ X8_v21+30]
base has no type, from Move from [Object + 0x10]	spine-unity	Spine.Unity.MeshGenerator	RequiresMultipleSubmeshesByDrawOrder	<untyped>			30	0	0	0	Move:memory	NO_KNOWN_LAYOUT:type-has-no-instance-fields	NO_BASE_TYPE	0	0	-	NOT_APPLICABLE	LOADED_POINTER	NO_OWNER	[v167 @ X8_v21+30]
base has no type, from Move from [Object + 0x10]	spine-unity	Spine.Unity.MeshGenerator	RequiresMultipleSubmeshesByDrawOrder	<untyped>			30	0	0	0	Move:memory	NO_KNOWN_LAYOUT:type-has-no-instance-fields	NO_BASE_TYPE	0	0	-	NOT_APPLICABLE	LOADED_POINTER	NO_OWNER	[v167 @ X8_v21+30]
base has no type, from Add of the field TransformMode[] and Int32	spine-unity	Spine.SkeletonBinary	ReadSkeletonData	<untyped>			20	0	0	0	Add	PAST_LAST_FIELD:value-type	NO_BASE_TYPE	0	0	-	NOT_APPLICABLE	UNKNOWN	NO_OWNER	[v2402 @ X8_v171+20]
absolute address	spine-unity	Spine.Unity.AttachmentTools.AtlasUtilities	ToAtlasRegion	<untyped>			407EE0	0	0	0	<none>	UNKNOWN:absolute-address	NO_BASE_TYPE	0	0	-	NOT_APPLICABLE	UNKNOWN	NO_OWNER	[407EE0]
between fields of the base type	spine-unity	Spine.SkeletonBinary	ReadSkeletonData	System.NullReferenceException	System.SystemException	TypeAnalysisContext	1C	88	16	0	Newobj	MISSING_METADATA:inside-the-layout-between-fields	LAYOUT_KNOWN	16	88	INSIDE_NO_FIELD	CLASS_OBJECT_RELATIVE	UNKNOWN	SEARCH_EMPTY	[v1305 @ X0_v45 (System.NullReferenceException)+1C]
past the last field of the base type	spine-unity	Spine.SkeletonBinary	ReadSkeletonData	System.String	System.Object	TypeAnalysisContext	18	14	2	0	Move:local String	PAST_LAST_FIELD:class	LAYOUT_KNOWN	2	14	BEYOND_LAYOUT	CLASS_OBJECT_RELATIVE	UNKNOWN	SEARCH_EMPTY	[v2093 @ X23_v5 (System.String)+18]
base has no type, from Add of Vector2[] and Immediate	spine-unity	Spine.Unity.SkeletonUtility	SetColliderPointsLocal	<untyped>			0	0	0	0	Add	ARRAY_ELEMENT:array-typed-base	NO_BASE_TYPE	0	0	-	NOT_APPLICABLE	CALL_RESULT	NO_OWNER	[v162 @ X10_v3+v201 @ X8_v7 (System.Int32)*8]
base has no type, from no definition	spine-unity	Spine.Collections.OrderedDictionary`2	GetKey	<untyped>			28	0	0	0	<none>	TYPE_PROPAGATION:entry-value	NO_BASE_TYPE	0	0	-	NOT_APPLICABLE	ENTRY_VALUE	NO_OWNER	[v15 @ SYSREG+28]
base has no type, from no definition	spine-unity	Spine.Collections.OrderedDictionary`2	GetKey	<untyped>			20	0	0	0	<none>	TYPE_PROPAGATION:entry-value	NO_BASE_TYPE	0	0	-	NOT_APPLICABLE	ENTRY_VALUE	NO_OWNER	[v92 @ X3_v1+20]
base has no type, from Move from an untyped base	spine-unity	Spine.Collections.OrderedDictionary`2	GetKey	<untyped>			C0	0	0	0	Move:memory	TYPE_PROPAGATION:entry-value	NO_BASE_TYPE	0	0	-	NOT_APPLICABLE	LOADED_POINTER	NO_OWNER	[v19 @ X8_v2+C0]
base has no type, from Move from an untyped base	spine-unity	Spine.Collections.OrderedDictionary`2	GetKey	<untyped>			68	0	0	0	Move:memory	TYPE_PROPAGATION:entry-value	NO_BASE_TYPE	0	0	-	NOT_APPLICABLE	LOADED_POINTER	NO_OWNER	[v21 @ X8_v3+68]
base has no type, from Move from an untyped base	spine-unity	Spine.Collections.OrderedDictionary`2	GetKey	<untyped>			FC	0	0	0	Move:memory	TYPE_PROPAGATION:entry-value	NO_BASE_TYPE	0	0	-	NOT_APPLICABLE	LOADED_POINTER	NO_OWNER	[v22 @ X9_v1+FC]
base has no type, from Move from an untyped base	spine-unity	Spine.Collections.OrderedDictionary`2	GetKey	<untyped>			98	0	0	0	Move:memory	TYPE_PROPAGATION:entry-value	NO_BASE_TYPE	0	0	-	NOT_APPLICABLE	LOADED_POINTER	NO_OWNER	[v21 @ X8_v3+98]
base has no type, from no definition	spine-unity	Spine.Collections.OrderedDictionary`2	GetKey	<untyped>			28	0	0	0	<none>	TYPE_PROPAGATION:entry-value	NO_BASE_TYPE	0	0	-	NOT_APPLICABLE	ENTRY_VALUE	NO_OWNER	[v15 @ SYSREG+28]
base has no type, from Move from AddressOf(stack_-30)	spine-unity	Spine.Collections.OrderedDictionary`2	GetKey	<untyped>			FFFFFFFFFFFFFFF8	0	0	0	Move:AddressOf	TYPE_PROPAGATION:address-of	NO_BASE_TYPE	0	0	-	NOT_APPLICABLE	UNKNOWN	NO_OWNER	[v12 @ X29_v1-8]
base has no type, from no definition	spine-unity	Spine.Collections.OrderedDictionary`2	IndexOf	<untyped>			28	0	0	0	<none>	TYPE_PROPAGATION:entry-value	NO_BASE_TYPE	0	0	-	NOT_APPLICABLE	ENTRY_VALUE	NO_OWNER	[v14 @ SYSREG+28]
Il2CppClass.0xFC	spine-unity	Spine.Collections.OrderedDictionary`2	IndexOf	Il2CppClass<TKey>		RuntimeClassTypeAnalysisContext	FC	0	0	0	Move:type Il2CppClass<TKey>	RUNTIME_STRUCT:RuntimeClassTypeAnalysisContext	RUNTIME_STRUCT	0	0	-	NOT_APPLICABLE	RUNTIME_STRUCTURE	SEARCH_EMPTY	[v22 @ X8_v3 (Il2CppClass<TKey>)+FC]
Il2CppClass.0x28	spine-unity	Spine.Collections.OrderedDictionary`2	IndexOf	Il2CppClass<TKey>		RuntimeClassTypeAnalysisContext	28	0	0	0	Move:type Il2CppClass<TKey>	RUNTIME_STRUCT:RuntimeClassTypeAnalysisContext	RUNTIME_STRUCT	0	0	-	NOT_APPLICABLE	RUNTIME_STRUCTURE	SEARCH_EMPTY	[v22 @ X8_v3 (Il2CppClass<TKey>)+28]
Il2CppClass.0x28	spine-unity	Spine.Collections.OrderedDictionary`2	IndexOf	Il2CppClass<TKey>		RuntimeClassTypeAnalysisContext	28	0	0	0	Move:type Il2CppClass<TKey>	RUNTIME_STRUCT:RuntimeClassTypeAnalysisContext	RUNTIME_STRUCT	0	0	-	NOT_APPLICABLE	RUNTIME_STRUCTURE	SEARCH_EMPTY	[v22 @ X8_v3 (Il2CppClass<TKey>)+28]
Il2CppClass.0x28	spine-unity	Spine.Collections.OrderedDictionary`2	IndexOf	Il2CppClass<TKey>		RuntimeClassTypeAnalysisContext	28	0	0	0	Move:type Il2CppClass<TKey>	RUNTIME_STRUCT:RuntimeClassTypeAnalysisContext	RUNTIME_STRUCT	0	0	-	NOT_APPLICABLE	RUNTIME_STRUCTURE	SEARCH_EMPTY	[v22 @ X8_v3 (Il2CppClass<TKey>)+28]
Il2CppClass.0x28	spine-unity	Spine.Collections.OrderedDictionary`2	IndexOf	Il2CppClass<TKey>		RuntimeClassTypeAnalysisContext	28	0	0	0	Move:type Il2CppClass<TKey>	RUNTIME_STRUCT:RuntimeClassTypeAnalysisContext	RUNTIME_STRUCT	0	0	-	NOT_APPLICABLE	RUNTIME_STRUCTURE	SEARCH_EMPTY	[v22 @ X8_v3 (Il2CppClass<TKey>)+28]
base has no type, from Move from AddressOf(an untyped local)	spine-unity	Spine.Collections.OrderedDictionary`2	IndexOf	<untyped>			FFFFFFFFFFFFFFD4	0	0	0	Move:AddressOf	TYPE_PROPAGATION:address-of	NO_BASE_TYPE	0	0	-	NOT_APPLICABLE	UNKNOWN	NO_OWNER	[v1 @ X29-2C]
base has no type, from Move from AddressOf(an untyped local)	spine-unity	Spine.Collections.OrderedDictionary`2	IndexOf	<untyped>			FFFFFFFFFFFFFFF4	0	0	0	Move:AddressOf	TYPE_PROPAGATION:address-of	NO_BASE_TYPE	0	0	-	NOT_APPLICABLE	UNKNOWN	NO_OWNER	[v1 @ X29-C]
base has no type, from no definition	spine-unity	Spine.Collections.OrderedDictionary`2	IndexOf	<untyped>			28	0	0	0	<none>	TYPE_PROPAGATION:entry-value	NO_BASE_TYPE	0	0	-	NOT_APPLICABLE	ENTRY_VALUE	NO_OWNER	[v14 @ SYSREG+28]
base has no type, from Move from AddressOf(an untyped local)	spine-unity	Spine.Collections.OrderedDictionary`2	IndexOf	<untyped>			FFFFFFFFFFFFFFF8	0	0	0	Move:AddressOf	TYPE_PROPAGATION:address-of	NO_BASE_TYPE	0	0	-	NOT_APPLICABLE	UNKNOWN	NO_OWNER	[v1 @ X29-8]
base has no type, from Add of an untyped local and Immediate	spine-unity	Spine.Unity.AttachmentTools.AtlasUtilities	GetRepackedAttachments	<untyped>			FFFFFFFFFFFFFFF4	0	0	0	Add	ARRAY_ELEMENT:array-typed-base	NO_BASE_TYPE	0	0	-	NOT_APPLICABLE	UNKNOWN	NO_OWNER	[v814 @ X28_v10-C]
base has no type, from Add of an untyped local and Immediate	spine-unity	Spine.Unity.AttachmentTools.AtlasUtilities	GetRepackedAttachments	<untyped>			FFFFFFFFFFFFFFF8	0	0	0	Add	ARRAY_ELEMENT:array-typed-base	NO_BASE_TYPE	0	0	-	NOT_APPLICABLE	UNKNOWN	NO_OWNER	[v814 @ X28_v10-8]
base has no type, from Add of an untyped local and Immediate	spine-unity	Spine.Unity.AttachmentTools.AtlasUtilities	GetRepackedAttachments	<untyped>			FFFFFFFFFFFFFFFC	0	0	0	Add	ARRAY_ELEMENT:array-typed-base	NO_BASE_TYPE	0	0	-	NOT_APPLICABLE	UNKNOWN	NO_OWNER	[v814 @ X28_v10-4]
base has no type, from no definition	spine-unity	Spine.Collections.OrderedDictionary`2	Remove	<untyped>			28	0	0	0	<none>	TYPE_PROPAGATION:entry-value	NO_BASE_TYPE	0	0	-	NOT_APPLICABLE	ENTRY_VALUE	NO_OWNER	[v19 @ SYSREG+28]
Il2CppClass.0xFC	spine-unity	Spine.Collections.OrderedDictionary`2	Remove	Il2CppClass<TKey>		RuntimeClassTypeAnalysisContext	FC	0	0	0	Move:type Il2CppClass<TKey>	RUNTIME_STRUCT:RuntimeClassTypeAnalysisContext	RUNTIME_STRUCT	0	0	-	NOT_APPLICABLE	RUNTIME_STRUCTURE	SEARCH_EMPTY	[v30 @ X8_v3 (Il2CppClass<TKey>)+FC]
Il2CppClass.0x28	spine-unity	Spine.Collections.OrderedDictionary`2	Remove	Il2CppClass<TKey>		RuntimeClassTypeAnalysisContext	28	0	0	0	Move:type Il2CppClass<TKey>	RUNTIME_STRUCT:RuntimeClassTypeAnalysisContext	RUNTIME_STRUCT	0	0	-	NOT_APPLICABLE	RUNTIME_STRUCTURE	SEARCH_EMPTY	[v30 @ X8_v3 (Il2CppClass<TKey>)+28]
Il2CppClass.0x28	spine-unity	Spine.Collections.OrderedDictionary`2	Remove	Il2CppClass<TKey>		RuntimeClassTypeAnalysisContext	28	0	0	0	Move:type Il2CppClass<TKey>	RUNTIME_STRUCT:RuntimeClassTypeAnalysisContext	RUNTIME_STRUCT	0	0	-	NOT_APPLICABLE	RUNTIME_STRUCTURE	SEARCH_EMPTY	[v30 @ X8_v3 (Il2CppClass<TKey>)+28]
Il2CppClass.0x28	spine-unity	Spine.Collections.OrderedDictionary`2	Remove	Il2CppClass<TKey>		RuntimeClassTypeAnalysisContext	28	0	0	0	Move:type Il2CppClass<TKey>	RUNTIME_STRUCT:RuntimeClassTypeAnalysisContext	RUNTIME_STRUCT	0	0	-	NOT_APPLICABLE	RUNTIME_STRUCTURE	SEARCH_EMPTY	[v30 @ X8_v3 (Il2CppClass<TKey>)+28]
Il2CppClass.0x28	spine-unity	Spine.Collections.OrderedDictionary`2	Remove	Il2CppClass<TKey>		RuntimeClassTypeAnalysisContext	28	0	0	0	Move:type Il2CppClass<TKey>	RUNTIME_STRUCT:RuntimeClassTypeAnalysisContext	RUNTIME_STRUCT	0	0	-	NOT_APPLICABLE	RUNTIME_STRUCTURE	SEARCH_EMPTY	[v30 @ X8_v3 (Il2CppClass<TKey>)+28]
base has no type, from Move from AddressOf(stack_-40)	spine-unity	Spine.Collections.OrderedDictionary`2	Remove	<untyped>			FFFFFFFFFFFFFFF4	0	0	0	Move:AddressOf	TYPE_PROPAGATION:address-of	NO_BASE_TYPE	0	0	-	NOT_APPLICABLE	UNKNOWN	NO_OWNER	[v16 @ X29_v1-C]
base has no type, from Move from AddressOf(stack_-40)	spine-unity	Spine.Collections.OrderedDictionary`2	Remove	<untyped>			FFFFFFFFFFFFFFF4	0	0	0	Move:AddressOf	TYPE_PROPAGATION:address-of	NO_BASE_TYPE	0	0	-	NOT_APPLICABLE	UNKNOWN	NO_OWNER	[v16 @ X29_v1-C]
base has no type, from no definition	spine-unity	Spine.Collections.OrderedDictionary`2	Remove	<untyped>			28	0	0	0	<none>	TYPE_PROPAGATION:entry-value	NO_BASE_TYPE	0	0	-	NOT_APPLICABLE	ENTRY_VALUE	NO_OWNER	[v19 @ SYSREG+28]
base has no type, from Move from AddressOf(stack_-40)	spine-unity	Spine.Collections.OrderedDictionary`2	Remove	<untyped>			FFFFFFFFFFFFFFF8	0	0	0	Move:AddressOf	TYPE_PROPAGATION:address-of	NO_BASE_TYPE	0	0	-	NOT_APPLICABLE	UNKNOWN	NO_OWNER	[v16 @ X29_v1-8]
base has no type, from no definition	spine-unity	Spine.Collections.OrderedDictionary`2	RemoveAt	<untyped>			28	0	0	0	<none>	TYPE_PROPAGATION:entry-value	NO_BASE_TYPE	0	0	-	NOT_APPLICABLE	ENTRY_VALUE	NO_OWNER	[v28 @ SYSREG+28]
Il2CppClass.0xFC	spine-unity	Spine.Collections.OrderedDictionary`2	RemoveAt	Il2CppClass<TKey>		RuntimeClassTypeAnalysisContext	FC	0	0	0	Move:type Il2CppClass<TKey>	RUNTIME_STRUCT:RuntimeClassTypeAnalysisContext	RUNTIME_STRUCT	0	0	-	NOT_APPLICABLE	RUNTIME_STRUCTURE	SEARCH_EMPTY	[v36 @ X8_v4 (Il2CppClass<TKey>)+FC]
base has no type, from Move from AddressOf(stack_-60)	spine-unity	Spine.Collections.OrderedDictionary`2	RemoveAt	<untyped>			FFFFFFFFFFFFFFDC	0	0	0	Move:AddressOf	TYPE_PROPAGATION:address-of	NO_BASE_TYPE	0	0	-	NOT_APPLICABLE	UNKNOWN	NO_OWNER	[v24 @ X29_v1-24]
base has no type, from Move from AddressOf(stack_-60)	spine-unity	Spine.Collections.OrderedDictionary`2	RemoveAt	<untyped>			FFFFFFFFFFFFFFDC	0	0	0	Move:AddressOf	TYPE_PROPAGATION:address-of	NO_BASE_TYPE	0	0	-	NOT_APPLICABLE	UNKNOWN	NO_OWNER	[v24 @ X29_v1-24]
Il2CppClass.0xFC	spine-unity	Spine.Collections.OrderedDictionary`2	RemoveAt	Il2CppClass<TKey>		RuntimeClassTypeAnalysisContext	FC	0	0	0	Move:type Il2CppClass<TKey>	RUNTIME_STRUCT:RuntimeClassTypeAnalysisContext	RUNTIME_STRUCT	0	0	-	NOT_APPLICABLE	RUNTIME_STRUCTURE	SEARCH_EMPTY	[v36 @ X8_v4 (Il2CppClass<TKey>)+FC]
base has no type, from Move from AddressOf(stack_-60)	spine-unity	Spine.Collections.OrderedDictionary`2	RemoveAt	<untyped>			FFFFFFFFFFFFFFD0	0	0	0	Move:AddressOf	TYPE_PROPAGATION:address-of	NO_BASE_TYPE	0	0	-	NOT_APPLICABLE	UNKNOWN	NO_OWNER	[v24 @ X29_v1-30]
base has no type, from Move from an untyped base	spine-unity	Spine.Collections.OrderedDictionary`2	RemoveAt	<untyped>			28	0	0	0	Move:memory	TYPE_PROPAGATION:address-of	NO_BASE_TYPE	0	0	-	NOT_APPLICABLE	LOADED_POINTER	NO_OWNER	[v267 @ X8_v23+28]
base has no type, from Move from AddressOf(stack_-60)	spine-unity	Spine.Collections.OrderedDictionary`2	RemoveAt	<untyped>			FFFFFFFFFFFFFFF8	0	0	0	Move:AddressOf	TYPE_PROPAGATION:address-of	NO_BASE_TYPE	0	0	-	NOT_APPLICABLE	UNKNOWN	NO_OWNER	[v24 @ X29_v1-8]
base has no type, from Move from AddressOf(stack_-60)	spine-unity	Spine.Collections.OrderedDictionary`2	RemoveAt	<untyped>			FFFFFFFFFFFFFFDC	0	0	0	Move:AddressOf	TYPE_PROPAGATION:address-of	NO_BASE_TYPE	0	0	-	NOT_APPLICABLE	UNKNOWN	NO_OWNER	[v24 @ X29_v1-24]
base has no type, from Move from AddressOf(stack_-60)	spine-unity	Spine.Collections.OrderedDictionary`2	RemoveAt	<untyped>			FFFFFFFFFFFFFFF4	0	0	0	Move:AddressOf	TYPE_PROPAGATION:address-of	NO_BASE_TYPE	0	0	-	NOT_APPLICABLE	UNKNOWN	NO_OWNER	[v24 @ X29_v1-C]
past the last field of the base type	spine-unity	Spine.Unity.MeshGenerator	GenerateSkeletonRendererInstruction	Spine.Attachment	System.Object	TypeAnalysisContext	78	10	1	0	Move:field Attachment	PAST_LAST_FIELD:class	LAYOUT_KNOWN	1	10	BEYOND_LAYOUT	CLASS_OBJECT_RELATIVE	INSTANCE_FIELD	SEARCH_EMPTY	[v413 @ X28_v12 (Spine.Attachment)+78]
past the last field of the base type	spine-unity	Spine.Unity.MeshGenerator	GenerateSkeletonRendererInstruction	Spine.Attachment	System.Object	TypeAnalysisContext	70	10	1	0	Move:field Attachment	PAST_LAST_FIELD:class	LAYOUT_KNOWN	1	10	BEYOND_LAYOUT	CLASS_OBJECT_RELATIVE	INSTANCE_FIELD	SEARCH_EMPTY	[v413 @ X28_v12 (Spine.Attachment)+70]
base has no type, from Move from [Attachment + 0x70]	spine-unity	Spine.Unity.MeshGenerator	GenerateSkeletonRendererInstruction	<untyped>			18	0	0	0	Move:memory	PAST_LAST_FIELD:class	NO_BASE_TYPE	0	0	-	NOT_APPLICABLE	LOADED_POINTER	NO_OWNER	[v482 @ X8_v92+18]
past the last field of the base type	spine-unity	Spine.Unity.MeshGenerator	GenerateSkeletonRendererInstruction	Spine.Attachment	System.Object	TypeAnalysisContext	98	10	1	0	Move:field Attachment	PAST_LAST_FIELD:class	LAYOUT_KNOWN	1	10	BEYOND_LAYOUT	CLASS_OBJECT_RELATIVE	INSTANCE_FIELD	SEARCH_EMPTY	[v413 @ X28_v12 (Spine.Attachment)+98]
past the last field of the base type	spine-unity	Spine.Unity.MeshGenerator	GenerateSkeletonRendererInstruction	Spine.Attachment	System.Object	TypeAnalysisContext	30	10	1	0	Move:field Attachment	PAST_LAST_FIELD:class	LAYOUT_KNOWN	1	10	BEYOND_LAYOUT	CLASS_OBJECT_RELATIVE	INSTANCE_FIELD	SEARCH_EMPTY	[v413 @ X28_v12 (Spine.Attachment)+30]
base has no type, from no definition	spine-unity	Spine.Collections.OrderedDictionary`2	TryGetValue	<untyped>			28	0	0	0	<none>	TYPE_PROPAGATION:entry-value	NO_BASE_TYPE	0	0	-	NOT_APPLICABLE	ENTRY_VALUE	NO_OWNER	[v25 @ SYSREG+28]
Il2CppClass.0xFC	spine-unity	Spine.Collections.OrderedDictionary`2	TryGetValue	Il2CppClass<TKey>		RuntimeClassTypeAnalysisContext	FC	0	0	0	Move:type Il2CppClass<TKey>	RUNTIME_STRUCT:RuntimeClassTypeAnalysisContext	RUNTIME_STRUCT	0	0	-	NOT_APPLICABLE	RUNTIME_STRUCTURE	SEARCH_EMPTY	[v36 @ X9_v1 (Il2CppClass<TKey>)+FC]
Il2CppClass.0xFC	spine-unity	Spine.Collections.OrderedDictionary`2	TryGetValue	Il2CppClass<TValue>		RuntimeClassTypeAnalysisContext	FC	0	0	0	Move:type Il2CppClass<TValue>	RUNTIME_STRUCT:RuntimeClassTypeAnalysisContext	RUNTIME_STRUCT	0	0	-	NOT_APPLICABLE	RUNTIME_STRUCTURE	SEARCH_EMPTY	[v37 @ X8_v3 (Il2CppClass<TValue>)+FC]
Il2CppClass.0x28	spine-unity	Spine.Collections.OrderedDictionary`2	TryGetValue	Il2CppClass<TKey>		RuntimeClassTypeAnalysisContext	28	0	0	0	Move:type Il2CppClass<TKey>	RUNTIME_STRUCT:RuntimeClassTypeAnalysisContext	RUNTIME_STRUCT	0	0	-	NOT_APPLICABLE	RUNTIME_STRUCTURE	SEARCH_EMPTY	[v36 @ X9_v1 (Il2CppClass<TKey>)+28]
Il2CppClass.0x28	spine-unity	Spine.Collections.OrderedDictionary`2	TryGetValue	Il2CppClass<TKey>		RuntimeClassTypeAnalysisContext	28	0	0	0	Move:type Il2CppClass<TKey>	RUNTIME_STRUCT:RuntimeClassTypeAnalysisContext	RUNTIME_STRUCT	0	0	-	NOT_APPLICABLE	RUNTIME_STRUCTURE	SEARCH_EMPTY	[v36 @ X9_v1 (Il2CppClass<TKey>)+28]
Il2CppClass.0x28	spine-unity	Spine.Collections.OrderedDictionary`2	TryGetValue	Il2CppClass<TKey>		RuntimeClassTypeAnalysisContext	28	0	0	0	Move:type Il2CppClass<TKey>	RUNTIME_STRUCT:RuntimeClassTypeAnalysisContext	RUNTIME_STRUCT	0	0	-	NOT_APPLICABLE	RUNTIME_STRUCTURE	SEARCH_EMPTY	[v36 @ X9_v1 (Il2CppClass<TKey>)+28]
Il2CppClass.0x28	spine-unity	Spine.Collections.OrderedDictionary`2	TryGetValue	Il2CppClass<TKey>		RuntimeClassTypeAnalysisContext	28	0	0	0	Move:type Il2CppClass<TKey>	RUNTIME_STRUCT:RuntimeClassTypeAnalysisContext	RUNTIME_STRUCT	0	0	-	NOT_APPLICABLE	RUNTIME_STRUCTURE	SEARCH_EMPTY	[v36 @ X9_v1 (Il2CppClass<TKey>)+28]
base has no type, from Move from AddressOf(stack_-60)	spine-unity	Spine.Collections.OrderedDictionary`2	TryGetValue	<untyped>			FFFFFFFFFFFFFFD4	0	0	0	Move:AddressOf	TYPE_PROPAGATION:address-of	NO_BASE_TYPE	0	0	-	NOT_APPLICABLE	UNKNOWN	NO_OWNER	[v22 @ X29_v1-2C]
base has no type, from Move from AddressOf(stack_-60)	spine-unity	Spine.Collections.OrderedDictionary`2	TryGetValue	<untyped>			FFFFFFFFFFFFFFF4	0	0	0	Move:AddressOf	TYPE_PROPAGATION:address-of	NO_BASE_TYPE	0	0	-	NOT_APPLICABLE	UNKNOWN	NO_OWNER	[v22 @ X29_v1-C]
value type base	spine-unity	Spine.Unity.MeshGenerator	GenerateSkeletonRendererInstruction	System.Int32	System.ValueType	TypeAnalysisContext	10	0	1	0	Move:Immediate	RESOLVABLE:field-at-this-exact-offset	LAYOUT_KNOWN	1	10	EXACT:m_value	OBJECT_RELATIVE	UNKNOWN	SEARCH_EMPTY	[v467 @ X27_v12 (System.Int32)+10]
base has no type, from no definition	spine-unity	Spine.Collections.OrderedDictionary`2	TryGetValue	<untyped>			28	0	0	0	<none>	TYPE_PROPAGATION:entry-value	NO_BASE_TYPE	0	0	-	NOT_APPLICABLE	ENTRY_VALUE	NO_OWNER	[v25 @ SYSREG+28]
base has no type, from Move from AddressOf(stack_-60)	spine-unity	Spine.Collections.OrderedDictionary`2	TryGetValue	<untyped>			FFFFFFFFFFFFFFF8	0	0	0	Move:AddressOf	TYPE_PROPAGATION:address-of	NO_BASE_TYPE	0	0	-	NOT_APPLICABLE	UNKNOWN	NO_OWNER	[v22 @ X29_v1-8]
base has no type, from Move from [Int32 + 0x10]	spine-unity	Spine.Unity.MeshGenerator	GenerateSkeletonRendererInstruction	<untyped>			30	0	0	0	Move:memory	PAST_LAST_FIELD:value-type	NO_BASE_TYPE	0	0	-	NOT_APPLICABLE	LOADED_POINTER	NO_OWNER	[v488 @ X8_v64+30]
base has no type, from Move from [Int32 + 0x10]	spine-unity	Spine.Unity.MeshGenerator	GenerateSkeletonRendererInstruction	<untyped>			30	0	0	0	Move:memory	PAST_LAST_FIELD:value-type	NO_BASE_TYPE	0	0	-	NOT_APPLICABLE	LOADED_POINTER	NO_OWNER	[v488 @ X8_v64+30]
base has no type, from Move from [Int32 + 0x10]	spine-unity	Spine.Unity.MeshGenerator	GenerateSkeletonRendererInstruction	<untyped>			30	0	0	0	Move:memory	PAST_LAST_FIELD:value-type	NO_BASE_TYPE	0	0	-	NOT_APPLICABLE	LOADED_POINTER	NO_OWNER	[v488 @ X8_v64+30]
base has no type, from Move from [Int32 + 0x10]	spine-unity	Spine.Unity.MeshGenerator	GenerateSkeletonRendererInstruction	<untyped>			30	0	0	0	Move:memory	PAST_LAST_FIELD:value-type	NO_BASE_TYPE	0	0	-	NOT_APPLICABLE	LOADED_POINTER	NO_OWNER	[v488 @ X8_v64+30]
past the last field of the base type	spine-unity	Spine.Unity.MeshGenerator	GenerateSkeletonRendererInstruction	Spine.Attachment	System.Object	TypeAnalysisContext	40	10	1	0	Move:field Attachment	PAST_LAST_FIELD:class	LAYOUT_KNOWN	1	10	BEYOND_LAYOUT	CLASS_OBJECT_RELATIVE	INSTANCE_FIELD	SEARCH_EMPTY	[v413 @ X28_v12 (Spine.Attachment)+40]
base has no type, from Move from [Int32 + 0x10]	spine-unity	Spine.Unity.MeshGenerator	GenerateSkeletonRendererInstruction	<untyped>			30	0	0	0	Move:memory	PAST_LAST_FIELD:value-type	NO_BASE_TYPE	0	0	-	NOT_APPLICABLE	LOADED_POINTER	NO_OWNER	[v488 @ X8_v64+30]
base has no type, from no definition	spine-unity	Spine.Collections.OrderedDictionary`2	get_Item	<untyped>			28	0	0	0	<none>	TYPE_PROPAGATION:entry-value	NO_BASE_TYPE	0	0	-	NOT_APPLICABLE	ENTRY_VALUE	NO_OWNER	[v15 @ SYSREG+28]
base has no type, from no definition	spine-unity	Spine.Collections.OrderedDictionary`2	get_Item	<untyped>			20	0	0	0	<none>	TYPE_PROPAGATION:entry-value	NO_BASE_TYPE	0	0	-	NOT_APPLICABLE	ENTRY_VALUE	NO_OWNER	[v92 @ X3_v1+20]
base has no type, from Move from an untyped base	spine-unity	Spine.Collections.OrderedDictionary`2	get_Item	<untyped>			C0	0	0	0	Move:memory	TYPE_PROPAGATION:entry-value	NO_BASE_TYPE	0	0	-	NOT_APPLICABLE	LOADED_POINTER	NO_OWNER	[v19 @ X8_v2+C0]
base has no type, from Move from an untyped base	spine-unity	Spine.Collections.OrderedDictionary`2	get_Item	<untyped>			88	0	0	0	Move:memory	TYPE_PROPAGATION:entry-value	NO_BASE_TYPE	0	0	-	NOT_APPLICABLE	LOADED_POINTER	NO_OWNER	[v21 @ X8_v3+88]
base has no type, from Move from an untyped base	spine-unity	Spine.Collections.OrderedDictionary`2	get_Item	<untyped>			FC	0	0	0	Move:memory	TYPE_PROPAGATION:entry-value	NO_BASE_TYPE	0	0	-	NOT_APPLICABLE	LOADED_POINTER	NO_OWNER	[v22 @ X9_v1+FC]
base has no type, from Move from an untyped base	spine-unity	Spine.Collections.OrderedDictionary`2	get_Item	<untyped>			110	0	0	0	Move:memory	TYPE_PROPAGATION:entry-value	NO_BASE_TYPE	0	0	-	NOT_APPLICABLE	LOADED_POINTER	NO_OWNER	[v21 @ X8_v3+110]
base has no type, from no definition	spine-unity	Spine.Collections.OrderedDictionary`2	get_Item	<untyped>			28	0	0	0	<none>	TYPE_PROPAGATION:entry-value	NO_BASE_TYPE	0	0	-	NOT_APPLICABLE	ENTRY_VALUE	NO_OWNER	[v15 @ SYSREG+28]
base has no type, from Move from AddressOf(stack_-30)	spine-unity	Spine.Collections.OrderedDictionary`2	get_Item	<untyped>			FFFFFFFFFFFFFFF8	0	0	0	Move:AddressOf	TYPE_PROPAGATION:address-of	NO_BASE_TYPE	0	0	-	NOT_APPLICABLE	UNKNOWN	NO_OWNER	[v12 @ X29_v1-8]
base has no type, from no definition	spine-unity	Spine.Collections.OrderedDictionary`2	set_Item	<untyped>			28	0	0	0	<none>	TYPE_PROPAGATION:entry-value	NO_BASE_TYPE	0	0	-	NOT_APPLICABLE	ENTRY_VALUE	NO_OWNER	[v17 @ SYSREG+28]
Il2CppClass.0xFC	spine-unity	Spine.Collections.OrderedDictionary`2	set_Item	Il2CppClass<TValue>		RuntimeClassTypeAnalysisContext	FC	0	0	0	Move:type Il2CppClass<TValue>	RUNTIME_STRUCT:RuntimeClassTypeAnalysisContext	RUNTIME_STRUCT	0	0	-	NOT_APPLICABLE	RUNTIME_STRUCTURE	SEARCH_EMPTY	[v27 @ X9_v1 (Il2CppClass<TValue>)+FC]
Il2CppClass.0x28	spine-unity	Spine.Collections.OrderedDictionary`2	set_Item	Il2CppClass<TValue>		RuntimeClassTypeAnalysisContext	28	0	0	0	Move:type Il2CppClass<TValue>	RUNTIME_STRUCT:RuntimeClassTypeAnalysisContext	RUNTIME_STRUCT	0	0	-	NOT_APPLICABLE	RUNTIME_STRUCTURE	SEARCH_EMPTY	[v27 @ X9_v1 (Il2CppClass<TValue>)+28]
Il2CppClass.0x28	spine-unity	Spine.Collections.OrderedDictionary`2	set_Item	Il2CppClass<TValue>		RuntimeClassTypeAnalysisContext	28	0	0	0	Move:type Il2CppClass<TValue>	RUNTIME_STRUCT:RuntimeClassTypeAnalysisContext	RUNTIME_STRUCT	0	0	-	NOT_APPLICABLE	RUNTIME_STRUCTURE	SEARCH_EMPTY	[v27 @ X9_v1 (Il2CppClass<TValue>)+28]
Il2CppClass.0x28	spine-unity	Spine.Collections.OrderedDictionary`2	set_Item	Il2CppClass<TValue>		RuntimeClassTypeAnalysisContext	28	0	0	0	Move:type Il2CppClass<TValue>	RUNTIME_STRUCT:RuntimeClassTypeAnalysisContext	RUNTIME_STRUCT	0	0	-	NOT_APPLICABLE	RUNTIME_STRUCTURE	SEARCH_EMPTY	[v27 @ X9_v1 (Il2CppClass<TValue>)+28]
Il2CppClass.0x28	spine-unity	Spine.Collections.OrderedDictionary`2	set_Item	Il2CppClass<TValue>		RuntimeClassTypeAnalysisContext	28	0	0	0	Move:type Il2CppClass<TValue>	RUNTIME_STRUCT:RuntimeClassTypeAnalysisContext	RUNTIME_STRUCT	0	0	-	NOT_APPLICABLE	RUNTIME_STRUCTURE	SEARCH_EMPTY	[v27 @ X9_v1 (Il2CppClass<TValue>)+28]
base has no type, from no definition	spine-unity	Spine.Collections.OrderedDictionary`2	set_Item	<untyped>			28	0	0	0	<none>	TYPE_PROPAGATION:entry-value	NO_BASE_TYPE	0	0	-	NOT_APPLICABLE	ENTRY_VALUE	NO_OWNER	[v17 @ SYSREG+28]
base has no type, from Move from AddressOf(stack_-40)	spine-unity	Spine.Collections.OrderedDictionary`2	set_Item	<untyped>			FFFFFFFFFFFFFFF8	0	0	0	Move:AddressOf	TYPE_PROPAGATION:address-of	NO_BASE_TYPE	0	0	-	NOT_APPLICABLE	UNKNOWN	NO_OWNER	[v14 @ X29_v1-8]
absolute address	spine-unity	Spine.Unity.MeshGenerator	Begin	<untyped>			407F90	0	0	0	<none>	UNKNOWN:absolute-address	NO_BASE_TYPE	0	0	-	NOT_APPLICABLE	UNKNOWN	NO_OWNER	[407F90]
base has no type, from no definition	spine-unity	Spine.Collections.OrderedDictionary`2	get_Item	<untyped>			28	0	0	0	<none>	TYPE_PROPAGATION:entry-value	NO_BASE_TYPE	0	0	-	NOT_APPLICABLE	ENTRY_VALUE	NO_OWNER	[v25 @ SYSREG+28]
base has no type, from no definition	spine-unity	Spine.Collections.OrderedDictionary`2	get_Item	<untyped>			20	0	0	0	<none>	TYPE_PROPAGATION:entry-value	NO_BASE_TYPE	0	0	-	NOT_APPLICABLE	ENTRY_VALUE	NO_OWNER	[v30 @ X3+20]
base has no type, from Move from an untyped base	spine-unity	Spine.Collections.OrderedDictionary`2	get_Item	<untyped>			C0	0	0	0	Move:memory	TYPE_PROPAGATION:entry-value	NO_BASE_TYPE	0	0	-	NOT_APPLICABLE	LOADED_POINTER	NO_OWNER	[v32 @ X27_v1+C0]
base has no type, from Move from an untyped base	spine-unity	Spine.Collections.OrderedDictionary`2	get_Item	<untyped>			68	0	0	0	Move:memory	TYPE_PROPAGATION:entry-value	NO_BASE_TYPE	0	0	-	NOT_APPLICABLE	LOADED_POINTER	NO_OWNER	[v33 @ X8_v2+68]
base has no type, from Move from an untyped base	spine-unity	Spine.Collections.OrderedDictionary`2	get_Item	<untyped>			88	0	0	0	Move:memory	TYPE_PROPAGATION:entry-value	NO_BASE_TYPE	0	0	-	NOT_APPLICABLE	LOADED_POINTER	NO_OWNER	[v33 @ X8_v2+88]
base has no type, from Move from an untyped base	spine-unity	Spine.Collections.OrderedDictionary`2	get_Item	<untyped>			FC	0	0	0	Move:memory	TYPE_PROPAGATION:entry-value	NO_BASE_TYPE	0	0	-	NOT_APPLICABLE	LOADED_POINTER	NO_OWNER	[v34 @ X9_v1+FC]
base has no type, from Move from an untyped base	spine-unity	Spine.Collections.OrderedDictionary`2	get_Item	<untyped>			FC	0	0	0	Move:memory	TYPE_PROPAGATION:entry-value	NO_BASE_TYPE	0	0	-	NOT_APPLICABLE	LOADED_POINTER	NO_OWNER	[v35 @ X8_v3+FC]
base has no type, from Move from an untyped base	spine-unity	Spine.Collections.OrderedDictionary`2	get_Item	<untyped>			28	0	0	0	Move:memory	TYPE_PROPAGATION:entry-value	NO_BASE_TYPE	0	0	-	NOT_APPLICABLE	LOADED_POINTER	NO_OWNER	[v34 @ X9_v1+28]
base has no type, from Move from an untyped base	spine-unity	Spine.Collections.OrderedDictionary`2	get_Item	<untyped>			28	0	0	0	Move:memory	TYPE_PROPAGATION:entry-value	NO_BASE_TYPE	0	0	-	NOT_APPLICABLE	LOADED_POINTER	NO_OWNER	[v34 @ X9_v1+28]
base has no type, from Move from an untyped base	spine-unity	Spine.Collections.OrderedDictionary`2	get_Item	<untyped>			28	0	0	0	Move:memory	TYPE_PROPAGATION:entry-value	NO_BASE_TYPE	0	0	-	NOT_APPLICABLE	LOADED_POINTER	NO_OWNER	[v34 @ X9_v1+28]
base has no type, from Move from an untyped base	spine-unity	Spine.Collections.OrderedDictionary`2	get_Item	<untyped>			28	0	0	0	Move:memory	TYPE_PROPAGATION:entry-value	NO_BASE_TYPE	0	0	-	NOT_APPLICABLE	LOADED_POINTER	NO_OWNER	[v34 @ X9_v1+28]
base has no type, from Move from an untyped base	spine-unity	Spine.Collections.OrderedDictionary`2	get_Item	<untyped>			C0	0	0	0	Move:memory	TYPE_PROPAGATION:entry-value	NO_BASE_TYPE	0	0	-	NOT_APPLICABLE	LOADED_POINTER	NO_OWNER	[v32 @ X27_v1+C0]
base has no type, from Move from an untyped base	spine-unity	Spine.Collections.OrderedDictionary`2	get_Item	<untyped>			68	0	0	0	Move:memory	TYPE_PROPAGATION:entry-value	NO_BASE_TYPE	0	0	-	NOT_APPLICABLE	LOADED_POINTER	NO_OWNER	[v85 @ X8_v10+68]
base has no type, from Move from an untyped base	spine-unity	Spine.Collections.OrderedDictionary`2	get_Item	<untyped>			A0	0	0	0	Move:memory	TYPE_PROPAGATION:entry-value	NO_BASE_TYPE	0	0	-	NOT_APPLICABLE	LOADED_POINTER	NO_OWNER	[v85 @ X8_v10+A0]
base has no type, from Move from an untyped base	spine-unity	Spine.Collections.OrderedDictionary`2	get_Item	<untyped>			28	0	0	0	Move:memory	TYPE_PROPAGATION:entry-value	NO_BASE_TYPE	0	0	-	NOT_APPLICABLE	LOADED_POINTER	NO_OWNER	[v86 @ X9_v4+28]
base has no type, from no definition	spine-unity	Spine.Collections.OrderedDictionary`2	get_Item	<untyped>			20	0	0	0	<none>	TYPE_PROPAGATION:entry-value	NO_BASE_TYPE	0	0	-	NOT_APPLICABLE	ENTRY_VALUE	NO_OWNER	[v30 @ X3+20]
base has no type, from Move from an untyped base	spine-unity	Spine.Collections.OrderedDictionary`2	get_Item	<untyped>			C0	0	0	0	Move:memory	TYPE_PROPAGATION:entry-value	NO_BASE_TYPE	0	0	-	NOT_APPLICABLE	LOADED_POINTER	NO_OWNER	[v147 @ X8_v13+C0]
base has no type, from Move from an untyped base	spine-unity	Spine.Collections.OrderedDictionary`2	get_Item	<untyped>			110	0	0	0	Move:memory	TYPE_PROPAGATION:entry-value	NO_BASE_TYPE	0	0	-	NOT_APPLICABLE	LOADED_POINTER	NO_OWNER	[v149 @ X8_v14+110]
base has no type, from Move from AddressOf(stack_-60)	spine-unity	Spine.Collections.OrderedDictionary`2	get_Item	<untyped>			FFFFFFFFFFFFFFF4	0	0	0	Move:AddressOf	TYPE_PROPAGATION:address-of	NO_BASE_TYPE	0	0	-	NOT_APPLICABLE	UNKNOWN	NO_OWNER	[v22 @ X29_v1-C]
base has no type, from no definition	spine-unity	Spine.Collections.OrderedDictionary`2	get_Item	<untyped>			28	0	0	0	<none>	TYPE_PROPAGATION:entry-value	NO_BASE_TYPE	0	0	-	NOT_APPLICABLE	ENTRY_VALUE	NO_OWNER	[v25 @ SYSREG+28]
base has no type, from Move from AddressOf(stack_-60)	spine-unity	Spine.Collections.OrderedDictionary`2	get_Item	<untyped>			FFFFFFFFFFFFFFF8	0	0	0	Move:AddressOf	TYPE_PROPAGATION:address-of	NO_BASE_TYPE	0	0	-	NOT_APPLICABLE	UNKNOWN	NO_OWNER	[v22 @ X29_v1-8]
base has no type, from no definition	spine-unity	Spine.Collections.OrderedDictionary`2	set_Item	<untyped>			28	0	0	0	<none>	TYPE_PROPAGATION:entry-value	NO_BASE_TYPE	0	0	-	NOT_APPLICABLE	ENTRY_VALUE	NO_OWNER	[v27 @ SYSREG+28]
Il2CppClass.0xFC	spine-unity	Spine.Collections.OrderedDictionary`2	set_Item	Il2CppClass<TKey>		RuntimeClassTypeAnalysisContext	FC	0	0	0	Move:type Il2CppClass<TKey>	RUNTIME_STRUCT:RuntimeClassTypeAnalysisContext	RUNTIME_STRUCT	0	0	-	NOT_APPLICABLE	RUNTIME_STRUCTURE	SEARCH_EMPTY	[v38 @ X9_v1 (Il2CppClass<TKey>)+FC]
Il2CppClass.0xFC	spine-unity	Spine.Collections.OrderedDictionary`2	set_Item	Il2CppClass<TValue>		RuntimeClassTypeAnalysisContext	FC	0	0	0	Move:type Il2CppClass<TValue>	RUNTIME_STRUCT:RuntimeClassTypeAnalysisContext	RUNTIME_STRUCT	0	0	-	NOT_APPLICABLE	RUNTIME_STRUCTURE	SEARCH_EMPTY	[v39 @ X8_v3 (Il2CppClass<TValue>)+FC]
Il2CppClass.0x28	spine-unity	Spine.Collections.OrderedDictionary`2	set_Item	Il2CppClass<TKey>		RuntimeClassTypeAnalysisContext	28	0	0	0	Move:type Il2CppClass<TKey>	RUNTIME_STRUCT:RuntimeClassTypeAnalysisContext	RUNTIME_STRUCT	0	0	-	NOT_APPLICABLE	RUNTIME_STRUCTURE	SEARCH_EMPTY	[v38 @ X9_v1 (Il2CppClass<TKey>)+28]
Il2CppClass.0x28	spine-unity	Spine.Collections.OrderedDictionary`2	set_Item	Il2CppClass<TKey>		RuntimeClassTypeAnalysisContext	28	0	0	0	Move:type Il2CppClass<TKey>	RUNTIME_STRUCT:RuntimeClassTypeAnalysisContext	RUNTIME_STRUCT	0	0	-	NOT_APPLICABLE	RUNTIME_STRUCTURE	SEARCH_EMPTY	[v38 @ X9_v1 (Il2CppClass<TKey>)+28]
Il2CppClass.0x28	spine-unity	Spine.Collections.OrderedDictionary`2	set_Item	Il2CppClass<TKey>		RuntimeClassTypeAnalysisContext	28	0	0	0	Move:type Il2CppClass<TKey>	RUNTIME_STRUCT:RuntimeClassTypeAnalysisContext	RUNTIME_STRUCT	0	0	-	NOT_APPLICABLE	RUNTIME_STRUCTURE	SEARCH_EMPTY	[v38 @ X9_v1 (Il2CppClass<TKey>)+28]
Il2CppClass.0x28	spine-unity	Spine.Collections.OrderedDictionary`2	set_Item	Il2CppClass<TKey>		RuntimeClassTypeAnalysisContext	28	0	0	0	Move:type Il2CppClass<TKey>	RUNTIME_STRUCT:RuntimeClassTypeAnalysisContext	RUNTIME_STRUCT	0	0	-	NOT_APPLICABLE	RUNTIME_STRUCTURE	SEARCH_EMPTY	[v38 @ X9_v1 (Il2CppClass<TKey>)+28]
Il2CppClass.0x28	spine-unity	Spine.Collections.OrderedDictionary`2	set_Item	Il2CppClass<TKey>		RuntimeClassTypeAnalysisContext	28	0	0	0	Move:type Il2CppClass<TKey>	RUNTIME_STRUCT:RuntimeClassTypeAnalysisContext	RUNTIME_STRUCT	0	0	-	NOT_APPLICABLE	RUNTIME_STRUCTURE	SEARCH_EMPTY	[v221 @ X8_v30 (Il2CppClass<TKey>)+28]
Il2CppClass.0x28	spine-unity	Spine.Collections.OrderedDictionary`2	set_Item	Il2CppClass<TKey>		RuntimeClassTypeAnalysisContext	28	0	0	0	Move:type Il2CppClass<TKey>	RUNTIME_STRUCT:RuntimeClassTypeAnalysisContext	RUNTIME_STRUCT	0	0	-	NOT_APPLICABLE	RUNTIME_STRUCTURE	SEARCH_EMPTY	[v221 @ X8_v30 (Il2CppClass<TKey>)+28]
Il2CppClass.0x28	spine-unity	Spine.Collections.OrderedDictionary`2	set_Item	Il2CppClass<TKey>		RuntimeClassTypeAnalysisContext	28	0	0	0	Move:type Il2CppClass<TKey>	RUNTIME_STRUCT:RuntimeClassTypeAnalysisContext	RUNTIME_STRUCT	0	0	-	NOT_APPLICABLE	RUNTIME_STRUCTURE	SEARCH_EMPTY	[v221 @ X8_v30 (Il2CppClass<TKey>)+28]
Il2CppClass.0x28	spine-unity	Spine.Collections.OrderedDictionary`2	set_Item	Il2CppClass<TKey>		RuntimeClassTypeAnalysisContext	28	0	0	0	Move:type Il2CppClass<TKey>	RUNTIME_STRUCT:RuntimeClassTypeAnalysisContext	RUNTIME_STRUCT	0	0	-	NOT_APPLICABLE	RUNTIME_STRUCTURE	SEARCH_EMPTY	[v221 @ X8_v30 (Il2CppClass<TKey>)+28]
base has no type, from Move from AddressOf(stack_-60)	spine-unity	Spine.Collections.OrderedDictionary`2	set_Item	<untyped>			FFFFFFFFFFFFFFC0	0	0	0	Move:AddressOf	TYPE_PROPAGATION:address-of	NO_BASE_TYPE	0	0	-	NOT_APPLICABLE	UNKNOWN	NO_OWNER	[v24 @ X29_v1-40]
Il2CppClass.0x28	spine-unity	Spine.Collections.OrderedDictionary`2	set_Item	Il2CppClass<TKey>		RuntimeClassTypeAnalysisContext	28	0	0	0	Move:type Il2CppClass<TKey>	RUNTIME_STRUCT:RuntimeClassTypeAnalysisContext	RUNTIME_STRUCT	0	0	-	NOT_APPLICABLE	RUNTIME_STRUCTURE	SEARCH_EMPTY	[v229 @ X8_v19 (Il2CppClass<TKey>)+28]
Il2CppClass.0x28	spine-unity	Spine.Collections.OrderedDictionary`2	set_Item	Il2CppClass<TKey>		RuntimeClassTypeAnalysisContext	28	0	0	0	Move:type Il2CppClass<TKey>	RUNTIME_STRUCT:RuntimeClassTypeAnalysisContext	RUNTIME_STRUCT	0	0	-	NOT_APPLICABLE	RUNTIME_STRUCTURE	SEARCH_EMPTY	[v229 @ X8_v19 (Il2CppClass<TKey>)+28]
Il2CppClass.0x28	spine-unity	Spine.Collections.OrderedDictionary`2	set_Item	Il2CppClass<TKey>		RuntimeClassTypeAnalysisContext	28	0	0	0	Move:type Il2CppClass<TKey>	RUNTIME_STRUCT:RuntimeClassTypeAnalysisContext	RUNTIME_STRUCT	0	0	-	NOT_APPLICABLE	RUNTIME_STRUCTURE	SEARCH_EMPTY	[v229 @ X8_v19 (Il2CppClass<TKey>)+28]
Il2CppClass.0x28	spine-unity	Spine.Collections.OrderedDictionary`2	set_Item	Il2CppClass<TKey>		RuntimeClassTypeAnalysisContext	28	0	0	0	Move:type Il2CppClass<TKey>	RUNTIME_STRUCT:RuntimeClassTypeAnalysisContext	RUNTIME_STRUCT	0	0	-	NOT_APPLICABLE	RUNTIME_STRUCTURE	SEARCH_EMPTY	[v229 @ X8_v19 (Il2CppClass<TKey>)+28]
base has no type, from Move from AddressOf(stack_-60)	spine-unity	Spine.Collections.OrderedDictionary`2	set_Item	<untyped>			FFFFFFFFFFFFFFC0	0	0	0	Move:AddressOf	TYPE_PROPAGATION:address-of	NO_BASE_TYPE	0	0	-	NOT_APPLICABLE	UNKNOWN	NO_OWNER	[v24 @ X29_v1-40]
base has no type, from Move from AddressOf(stack_-60)	spine-unity	Spine.Collections.OrderedDictionary`2	set_Item	<untyped>			FFFFFFFFFFFFFFF4	0	0	0	Move:AddressOf	TYPE_PROPAGATION:address-of	NO_BASE_TYPE	0	0	-	NOT_APPLICABLE	UNKNOWN	NO_OWNER	[v24 @ X29_v1-C]
base has no type, from Move from AddressOf(stack_-60)	spine-unity	Spine.Collections.OrderedDictionary`2	set_Item	<untyped>			FFFFFFFFFFFFFFCC	0	0	0	Move:AddressOf	TYPE_PROPAGATION:address-of	NO_BASE_TYPE	0	0	-	NOT_APPLICABLE	UNKNOWN	NO_OWNER	[v24 @ X29_v1-34]
Il2CppClass.0x28	spine-unity	Spine.Collections.OrderedDictionary`2	set_Item	Il2CppClass<TValue>		RuntimeClassTypeAnalysisContext	28	0	0	0	Move:type Il2CppClass<TValue>	RUNTIME_STRUCT:RuntimeClassTypeAnalysisContext	RUNTIME_STRUCT	0	0	-	NOT_APPLICABLE	RUNTIME_STRUCTURE	SEARCH_EMPTY	[v330 @ X8_v38 (Il2CppClass<TValue>)+28]
Il2CppClass.0x28	spine-unity	Spine.Collections.OrderedDictionary`2	set_Item	Il2CppClass<TValue>		RuntimeClassTypeAnalysisContext	28	0	0	0	Move:type Il2CppClass<TValue>	RUNTIME_STRUCT:RuntimeClassTypeAnalysisContext	RUNTIME_STRUCT	0	0	-	NOT_APPLICABLE	RUNTIME_STRUCTURE	SEARCH_EMPTY	[v330 @ X8_v38 (Il2CppClass<TValue>)+28]
Il2CppClass.0x28	spine-unity	Spine.Collections.OrderedDictionary`2	set_Item	Il2CppClass<TValue>		RuntimeClassTypeAnalysisContext	28	0	0	0	Move:type Il2CppClass<TValue>	RUNTIME_STRUCT:RuntimeClassTypeAnalysisContext	RUNTIME_STRUCT	0	0	-	NOT_APPLICABLE	RUNTIME_STRUCTURE	SEARCH_EMPTY	[v330 @ X8_v38 (Il2CppClass<TValue>)+28]
Il2CppClass.0x28	spine-unity	Spine.Collections.OrderedDictionary`2	set_Item	Il2CppClass<TValue>		RuntimeClassTypeAnalysisContext	28	0	0	0	Move:type Il2CppClass<TValue>	RUNTIME_STRUCT:RuntimeClassTypeAnalysisContext	RUNTIME_STRUCT	0	0	-	NOT_APPLICABLE	RUNTIME_STRUCTURE	SEARCH_EMPTY	[v330 @ X8_v38 (Il2CppClass<TValue>)+28]
base has no type, from Move from AddressOf(stack_-60)	spine-unity	Spine.Collections.OrderedDictionary`2	set_Item	<untyped>			FFFFFFFFFFFFFFB8	0	0	0	Move:AddressOf	TYPE_PROPAGATION:address-of	NO_BASE_TYPE	0	0	-	NOT_APPLICABLE	UNKNOWN	NO_OWNER	[v24 @ X29_v1-48]
base has no type, from Move from AddressOf(stack_-60)	spine-unity	Spine.Collections.OrderedDictionary`2	set_Item	<untyped>			FFFFFFFFFFFFFFCC	0	0	0	Move:AddressOf	TYPE_PROPAGATION:address-of	NO_BASE_TYPE	0	0	-	NOT_APPLICABLE	UNKNOWN	NO_OWNER	[v24 @ X29_v1-34]
Il2CppClass.0x28	spine-unity	Spine.Collections.OrderedDictionary`2	set_Item	Il2CppClass<TValue>		RuntimeClassTypeAnalysisContext	28	0	0	0	Move:type Il2CppClass<TValue>	RUNTIME_STRUCT:RuntimeClassTypeAnalysisContext	RUNTIME_STRUCT	0	0	-	NOT_APPLICABLE	RUNTIME_STRUCTURE	SEARCH_EMPTY	[v297 @ X8_v23 (Il2CppClass<TValue>)+28]
Il2CppClass.0x28	spine-unity	Spine.Collections.OrderedDictionary`2	set_Item	Il2CppClass<TValue>		RuntimeClassTypeAnalysisContext	28	0	0	0	Move:type Il2CppClass<TValue>	RUNTIME_STRUCT:RuntimeClassTypeAnalysisContext	RUNTIME_STRUCT	0	0	-	NOT_APPLICABLE	RUNTIME_STRUCTURE	SEARCH_EMPTY	[v297 @ X8_v23 (Il2CppClass<TValue>)+28]
Il2CppClass.0x28	spine-unity	Spine.Collections.OrderedDictionary`2	set_Item	Il2CppClass<TValue>		RuntimeClassTypeAnalysisContext	28	0	0	0	Move:type Il2CppClass<TValue>	RUNTIME_STRUCT:RuntimeClassTypeAnalysisContext	RUNTIME_STRUCT	0	0	-	NOT_APPLICABLE	RUNTIME_STRUCTURE	SEARCH_EMPTY	[v297 @ X8_v23 (Il2CppClass<TValue>)+28]
Il2CppClass.0x28	spine-unity	Spine.Collections.OrderedDictionary`2	set_Item	Il2CppClass<TValue>		RuntimeClassTypeAnalysisContext	28	0	0	0	Move:type Il2CppClass<TValue>	RUNTIME_STRUCT:RuntimeClassTypeAnalysisContext	RUNTIME_STRUCT	0	0	-	NOT_APPLICABLE	RUNTIME_STRUCTURE	SEARCH_EMPTY	[v297 @ X8_v23 (Il2CppClass<TValue>)+28]
base has no type, from Move from AddressOf(stack_-60)	spine-unity	Spine.Collections.OrderedDictionary`2	set_Item	<untyped>			FFFFFFFFFFFFFFB8	0	0	0	Move:AddressOf	TYPE_PROPAGATION:address-of	NO_BASE_TYPE	0	0	-	NOT_APPLICABLE	UNKNOWN	NO_OWNER	[v24 @ X29_v1-48]
base has no type, from Move from an untyped base	spine-unity	Spine.Collections.OrderedDictionary`2	set_Item	<untyped>			28	0	0	0	Move:memory	TYPE_PROPAGATION:address-of	NO_BASE_TYPE	0	0	-	NOT_APPLICABLE	UNKNOWN	NO_OWNER	[v217 @ X22_v4+28]
base has no type, from Move from AddressOf(stack_-60)	spine-unity	Spine.Collections.OrderedDictionary`2	set_Item	<untyped>			FFFFFFFFFFFFFFF8	0	0	0	Move:AddressOf	TYPE_PROPAGATION:address-of	NO_BASE_TYPE	0	0	-	NOT_APPLICABLE	UNKNOWN	NO_OWNER	[v24 @ X29_v1-8]
Il2CppClass.0x80	spine-unity	Spine.Collections.OrderedDictionary`2	GetEnumerator	Il2CppClass<Spine.Collections.OrderedDictionary`2<TKey, TValue>+<GetEnumerator>d__34<TKey, TValue>>		RuntimeClassTypeAnalysisContext	80	0	0	0	Move:type Il2CppClass<Spine.Collections.OrderedDictionary`2<TKey, TValue>+<GetEnumerator>d__34<TKey, TValue>>	RUNTIME_STRUCT:RuntimeClassTypeAnalysisContext	RUNTIME_STRUCT	0	0	-	NOT_APPLICABLE	RUNTIME_STRUCTURE	SEARCH_EMPTY	[v51 @ X8_v10 (Il2CppClass<Spine.Collections.OrderedDictionary`2<TKey, TValue>+<GetEnumerator>d__34<TKey, TValue>>)+80]
base has no type, from no definition	spine-unity	Spine.Collections.OrderedDictionary`2	System.Collections.Generic.IList<System.Collections.Generic.KeyValuePair<TKey,TValue>>.IndexOf	<untyped>			28	0	0	0	<none>	TYPE_PROPAGATION:entry-value	NO_BASE_TYPE	0	0	-	NOT_APPLICABLE	ENTRY_VALUE	NO_OWNER	[v23 @ SYSREG+28]
Il2CppClass.0xFC	spine-unity	Spine.Collections.OrderedDictionary`2	System.Collections.Generic.IList<System.Collections.Generic.KeyValuePair<TKey,TValue>>.IndexOf	Il2CppClass<TKey>		RuntimeClassTypeAnalysisContext	FC	0	0	0	Move:type Il2CppClass<TKey>	RUNTIME_STRUCT:RuntimeClassTypeAnalysisContext	RUNTIME_STRUCT	0	0	-	NOT_APPLICABLE	RUNTIME_STRUCTURE	SEARCH_EMPTY	[v35 @ X9_v1 (Il2CppClass<TKey>)+FC]
Il2CppClass.0xFC	spine-unity	Spine.Collections.OrderedDictionary`2	System.Collections.Generic.IList<System.Collections.Generic.KeyValuePair<TKey,TValue>>.IndexOf	Il2CppClass<TValue>		RuntimeClassTypeAnalysisContext	FC	0	0	0	Move:type Il2CppClass<TValue>	RUNTIME_STRUCT:RuntimeClassTypeAnalysisContext	RUNTIME_STRUCT	0	0	-	NOT_APPLICABLE	RUNTIME_STRUCTURE	SEARCH_EMPTY	[v41 @ X9_v5 (Il2CppClass<TValue>)+FC]
base has no type, from Move from AddressOf(stack_-50)	spine-unity	Spine.Collections.OrderedDictionary`2	System.Collections.Generic.IList<System.Collections.Generic.KeyValuePair<TKey,TValue>>.IndexOf	<untyped>			FFFFFFFFFFFFFFDC	0	0	0	Move:AddressOf	TYPE_PROPAGATION:address-of	NO_BASE_TYPE	0	0	-	NOT_APPLICABLE	UNKNOWN	NO_OWNER	[v20 @ X29_v1-24]
base has no type, from Move from AddressOf(stack_-50)	spine-unity	Spine.Collections.OrderedDictionary`2	System.Collections.Generic.IList<System.Collections.Generic.KeyValuePair<TKey,TValue>>.IndexOf	<untyped>			FFFFFFFFFFFFFFDC	0	0	0	Move:AddressOf	TYPE_PROPAGATION:address-of	NO_BASE_TYPE	0	0	-	NOT_APPLICABLE	UNKNOWN	NO_OWNER	[v20 @ X29_v1-24]
base has no type, from Move from AddressOf(stack_-50)	spine-unity	Spine.Collections.OrderedDictionary`2	System.Collections.Generic.IList<System.Collections.Generic.KeyValuePair<TKey,TValue>>.IndexOf	<untyped>			FFFFFFFFFFFFFFF4	0	0	0	Move:AddressOf	TYPE_PROPAGATION:address-of	NO_BASE_TYPE	0	0	-	NOT_APPLICABLE	UNKNOWN	NO_OWNER	[v20 @ X29_v1-C]
base has no type, from no definition	spine-unity	Spine.Collections.OrderedDictionary`2	System.Collections.Generic.IList<System.Collections.Generic.KeyValuePair<TKey,TValue>>.IndexOf	<untyped>			28	0	0	0	<none>	TYPE_PROPAGATION:entry-value	NO_BASE_TYPE	0	0	-	NOT_APPLICABLE	ENTRY_VALUE	NO_OWNER	[v23 @ SYSREG+28]
base has no type, from Move from AddressOf(stack_-50)	spine-unity	Spine.Collections.OrderedDictionary`2	System.Collections.Generic.IList<System.Collections.Generic.KeyValuePair<TKey,TValue>>.IndexOf	<untyped>			FFFFFFFFFFFFFFF8	0	0	0	Move:AddressOf	TYPE_PROPAGATION:address-of	NO_BASE_TYPE	0	0	-	NOT_APPLICABLE	UNKNOWN	NO_OWNER	[v20 @ X29_v1-8]
base has no type, from no definition	spine-unity	Spine.Collections.OrderedDictionary`2	System.Collections.Generic.IList<System.Collections.Generic.KeyValuePair<TKey,TValue>>.Insert	<untyped>			28	0	0	0	<none>	TYPE_PROPAGATION:entry-value	NO_BASE_TYPE	0	0	-	NOT_APPLICABLE	ENTRY_VALUE	NO_OWNER	[v21 @ SYSREG+28]
Il2CppClass.0xFC	spine-unity	Spine.Collections.OrderedDictionary`2	System.Collections.Generic.IList<System.Collections.Generic.KeyValuePair<TKey,TValue>>.Insert	Il2CppClass<TKey>		RuntimeClassTypeAnalysisContext	FC	0	0	0	Move:type Il2CppClass<TKey>	RUNTIME_STRUCT:RuntimeClassTypeAnalysisContext	RUNTIME_STRUCT	0	0	-	NOT_APPLICABLE	RUNTIME_STRUCTURE	SEARCH_EMPTY	[v35 @ X9_v1 (Il2CppClass<TKey>)+FC]
Il2CppClass.0xFC	spine-unity	Spine.Collections.OrderedDictionary`2	System.Collections.Generic.IList<System.Collections.Generic.KeyValuePair<TKey,TValue>>.Insert	Il2CppClass<TValue>		RuntimeClassTypeAnalysisContext	FC	0	0	0	Move:type Il2CppClass<TValue>	RUNTIME_STRUCT:RuntimeClassTypeAnalysisContext	RUNTIME_STRUCT	0	0	-	NOT_APPLICABLE	RUNTIME_STRUCTURE	SEARCH_EMPTY	[v41 @ X9_v5 (Il2CppClass<TValue>)+FC]
base has no type, from no definition	spine-unity	Spine.Collections.OrderedDictionary`2	System.Collections.Generic.IList<System.Collections.Generic.KeyValuePair<TKey,TValue>>.Insert	<untyped>			28	0	0	0	<none>	TYPE_PROPAGATION:entry-value	NO_BASE_TYPE	0	0	-	NOT_APPLICABLE	ENTRY_VALUE	NO_OWNER	[v21 @ SYSREG+28]
base has no type, from Move from AddressOf(stack_-50)	spine-unity	Spine.Collections.OrderedDictionary`2	System.Collections.Generic.IList<System.Collections.Generic.KeyValuePair<TKey,TValue>>.Insert	<untyped>			FFFFFFFFFFFFFFF8	0	0	0	Move:AddressOf	TYPE_PROPAGATION:address-of	NO_BASE_TYPE	0	0	-	NOT_APPLICABLE	UNKNOWN	NO_OWNER	[v18 @ X29_v1-8]
generic instance, reference arguments	spine-unity	Spine.Unity.DoubleBuffered`1	GetCurrent	Spine.Unity.DoubleBuffered`1<T>	System.Object	GenericInstanceTypeAnalysisContext	0	0	0	0	<none>	GENERIC_LAYOUT:instantiation	LAYOUT_KNOWN	3	20	INSIDE_NO_FIELD	CLASS_OBJECT_RELATIVE	THIS	NOT_A_FIELD_ACCESS	[this @ X0 (Spine.Unity.DoubleBuffered`1<T>)+v16 @ X8_v3 (System.Int32)]
generic instance, reference arguments	spine-unity	Spine.Unity.DoubleBuffered`1	GetNext	Spine.Unity.DoubleBuffered`1<T>	System.Object	GenericInstanceTypeAnalysisContext	0	0	0	0	<none>	GENERIC_LAYOUT:instantiation	LAYOUT_KNOWN	3	20	INSIDE_NO_FIELD	CLASS_OBJECT_RELATIVE	THIS	NOT_A_FIELD_ACCESS	[this @ X0 (Spine.Unity.DoubleBuffered`1<T>)+v17 @ X8_v2 (System.Int32)]
base has no type, from no definition	spine-unity	Spine.Collections.OrderedDictionary`2	System.Collections.Generic.IList<System.Collections.Generic.KeyValuePair<TKey,TValue>>.get_Item	<untyped>			28	0	0	0	<none>	TYPE_PROPAGATION:entry-value	NO_BASE_TYPE	0	0	-	NOT_APPLICABLE	ENTRY_VALUE	NO_OWNER	[v27 @ SYSREG+28]
base has no type, from no definition	spine-unity	Spine.Collections.OrderedDictionary`2	System.Collections.Generic.IList<System.Collections.Generic.KeyValuePair<TKey,TValue>>.get_Item	<untyped>			20	0	0	0	<none>	TYPE_PROPAGATION:entry-value	NO_BASE_TYPE	0	0	-	NOT_APPLICABLE	ENTRY_VALUE	NO_OWNER	[v31 @ X3+20]
base has no type, from Move from an untyped base	spine-unity	Spine.Collections.OrderedDictionary`2	System.Collections.Generic.IList<System.Collections.Generic.KeyValuePair<TKey,TValue>>.get_Item	<untyped>			C0	0	0	0	Move:memory	TYPE_PROPAGATION:entry-value	NO_BASE_TYPE	0	0	-	NOT_APPLICABLE	LOADED_POINTER	NO_OWNER	[v36 @ X8_v3+C0]
base has no type, from Move from an untyped base	spine-unity	Spine.Collections.OrderedDictionary`2	System.Collections.Generic.IList<System.Collections.Generic.KeyValuePair<TKey,TValue>>.get_Item	<untyped>			68	0	0	0	Move:memory	TYPE_PROPAGATION:entry-value	NO_BASE_TYPE	0	0	-	NOT_APPLICABLE	LOADED_POINTER	NO_OWNER	[v37 @ X24_v1+68]
base has no type, from Move from an untyped base	spine-unity	Spine.Collections.OrderedDictionary`2	System.Collections.Generic.IList<System.Collections.Generic.KeyValuePair<TKey,TValue>>.get_Item	<untyped>			88	0	0	0	Move:memory	TYPE_PROPAGATION:entry-value	NO_BASE_TYPE	0	0	-	NOT_APPLICABLE	LOADED_POINTER	NO_OWNER	[v37 @ X24_v1+88]
base has no type, from Move from an untyped base	spine-unity	Spine.Collections.OrderedDictionary`2	System.Collections.Generic.IList<System.Collections.Generic.KeyValuePair<TKey,TValue>>.get_Item	<untyped>			178	0	0	0	Move:memory	TYPE_PROPAGATION:entry-value	NO_BASE_TYPE	0	0	-	NOT_APPLICABLE	LOADED_POINTER	NO_OWNER	[v37 @ X24_v1+178]
base has no type, from Move from an untyped base	spine-unity	Spine.Collections.OrderedDictionary`2	System.Collections.Generic.IList<System.Collections.Generic.KeyValuePair<TKey,TValue>>.get_Item	<untyped>			FC	0	0	0	Move:memory	TYPE_PROPAGATION:entry-value	NO_BASE_TYPE	0	0	-	NOT_APPLICABLE	LOADED_POINTER	NO_OWNER	[v38 @ X9_v1+FC]
base has no type, from Move from an untyped base	spine-unity	Spine.Collections.OrderedDictionary`2	System.Collections.Generic.IList<System.Collections.Generic.KeyValuePair<TKey,TValue>>.get_Item	<untyped>			FC	0	0	0	Move:memory	TYPE_PROPAGATION:entry-value	NO_BASE_TYPE	0	0	-	NOT_APPLICABLE	LOADED_POINTER	NO_OWNER	[v38 @ X9_v1+FC]
base has no type, from Move from an untyped base	spine-unity	Spine.Collections.OrderedDictionary`2	System.Collections.Generic.IList<System.Collections.Generic.KeyValuePair<TKey,TValue>>.get_Item	<untyped>			FC	0	0	0	Move:memory	TYPE_PROPAGATION:entry-value	NO_BASE_TYPE	0	0	-	NOT_APPLICABLE	LOADED_POINTER	NO_OWNER	[v39 @ X8_v4+FC]
base has no type, from Move from an untyped base	spine-unity	Spine.Collections.OrderedDictionary`2	System.Collections.Generic.IList<System.Collections.Generic.KeyValuePair<TKey,TValue>>.get_Item	<untyped>			FC	0	0	0	Move:memory	TYPE_PROPAGATION:entry-value	NO_BASE_TYPE	0	0	-	NOT_APPLICABLE	LOADED_POINTER	NO_OWNER	[v40 @ X10_v1+FC]
base has no type, from Move from an untyped base	spine-unity	Spine.Collections.OrderedDictionary`2	System.Collections.Generic.IList<System.Collections.Generic.KeyValuePair<TKey,TValue>>.get_Item	<untyped>			FC	0	0	0	Move:memory	TYPE_PROPAGATION:entry-value	NO_BASE_TYPE	0	0	-	NOT_APPLICABLE	LOADED_POINTER	NO_OWNER	[v40 @ X10_v1+FC]
base has no type, from Move from an untyped base	spine-unity	Spine.Collections.OrderedDictionary`2	System.Collections.Generic.IList<System.Collections.Generic.KeyValuePair<TKey,TValue>>.get_Item	<untyped>			98	0	0	0	Move:memory	TYPE_PROPAGATION:entry-value	NO_BASE_TYPE	0	0	-	NOT_APPLICABLE	LOADED_POINTER	NO_OWNER	[v37 @ X24_v1+98]
base has no type, from no definition	spine-unity	Spine.Collections.OrderedDictionary`2	System.Collections.Generic.IList<System.Collections.Generic.KeyValuePair<TKey,TValue>>.get_Item	<untyped>			20	0	0	0	<none>	TYPE_PROPAGATION:entry-value	NO_BASE_TYPE	0	0	-	NOT_APPLICABLE	ENTRY_VALUE	NO_OWNER	[v31 @ X3+20]
base has no type, from Move from an untyped base	spine-unity	Spine.Collections.OrderedDictionary`2	System.Collections.Generic.IList<System.Collections.Generic.KeyValuePair<TKey,TValue>>.get_Item	<untyped>			C0	0	0	0	Move:memory	TYPE_PROPAGATION:entry-value	NO_BASE_TYPE	0	0	-	NOT_APPLICABLE	LOADED_POINTER	NO_OWNER	[v114 @ X8_v17+C0]
base has no type, from Move from an untyped base	spine-unity	Spine.Collections.OrderedDictionary`2	System.Collections.Generic.IList<System.Collections.Generic.KeyValuePair<TKey,TValue>>.get_Item	<untyped>			110	0	0	0	Move:memory	TYPE_PROPAGATION:entry-value	NO_BASE_TYPE	0	0	-	NOT_APPLICABLE	LOADED_POINTER	NO_OWNER	[v117 @ X8_v18+110]
base has no type, from no definition	spine-unity	Spine.Collections.OrderedDictionary`2	System.Collections.Generic.IList<System.Collections.Generic.KeyValuePair<TKey,TValue>>.get_Item	<untyped>			20	0	0	0	<none>	TYPE_PROPAGATION:entry-value	NO_BASE_TYPE	0	0	-	NOT_APPLICABLE	ENTRY_VALUE	NO_OWNER	[v31 @ X3+20]
base has no type, from Move from an untyped base	spine-unity	Spine.Collections.OrderedDictionary`2	System.Collections.Generic.IList<System.Collections.Generic.KeyValuePair<TKey,TValue>>.get_Item	<untyped>			C0	0	0	0	Move:memory	TYPE_PROPAGATION:entry-value	NO_BASE_TYPE	0	0	-	NOT_APPLICABLE	LOADED_POINTER	NO_OWNER	[v175 @ X19_v3+C0]
base has no type, from Move from an untyped base	spine-unity	Spine.Collections.OrderedDictionary`2	System.Collections.Generic.IList<System.Collections.Generic.KeyValuePair<TKey,TValue>>.get_Item	<untyped>			68	0	0	0	Move:memory	TYPE_PROPAGATION:entry-value	NO_BASE_TYPE	0	0	-	NOT_APPLICABLE	UNKNOWN	NO_OWNER	[v261 @ X8_v22+68]
base has no type, from Move from an untyped base	spine-unity	Spine.Collections.OrderedDictionary`2	System.Collections.Generic.IList<System.Collections.Generic.KeyValuePair<TKey,TValue>>.get_Item	<untyped>			28	0	0	0	Move:memory	TYPE_PROPAGATION:entry-value	NO_BASE_TYPE	0	0	-	NOT_APPLICABLE	LOADED_POINTER	NO_OWNER	[v232 @ X9_v8+28]
base has no type, from Move from AddressOf(stack_-60)	spine-unity	Spine.Collections.OrderedDictionary`2	System.Collections.Generic.IList<System.Collections.Generic.KeyValuePair<TKey,TValue>>.get_Item	<untyped>			FFFFFFFFFFFFFFB8	0	0	0	Move:AddressOf	TYPE_PROPAGATION:address-of	NO_BASE_TYPE	0	0	-	NOT_APPLICABLE	UNKNOWN	NO_OWNER	[v24 @ X29_v1-48]
base has no type, from Move from an untyped base	spine-unity	Spine.Collections.OrderedDictionary`2	System.Collections.Generic.IList<System.Collections.Generic.KeyValuePair<TKey,TValue>>.get_Item	<untyped>			C0	0	0	0	Move:memory	TYPE_PROPAGATION:entry-value	NO_BASE_TYPE	0	0	-	NOT_APPLICABLE	LOADED_POINTER	NO_OWNER	[v175 @ X19_v3+C0]
base has no type, from Move from an untyped base	spine-unity	Spine.Collections.OrderedDictionary`2	System.Collections.Generic.IList<System.Collections.Generic.KeyValuePair<TKey,TValue>>.get_Item	<untyped>			C0	0	0	0	Move:memory	TYPE_PROPAGATION:entry-value	NO_BASE_TYPE	0	0	-	NOT_APPLICABLE	LOADED_POINTER	NO_OWNER	[v175 @ X19_v3+C0]
base has no type, from Move from an untyped base	spine-unity	Spine.Collections.OrderedDictionary`2	System.Collections.Generic.IList<System.Collections.Generic.KeyValuePair<TKey,TValue>>.get_Item	<untyped>			88	0	0	0	Move:memory	TYPE_PROPAGATION:entry-value	NO_BASE_TYPE	0	0	-	NOT_APPLICABLE	UNKNOWN	NO_OWNER	[v261 @ X8_v22+88]
base has no type, from Move from AddressOf(stack_-60)	spine-unity	Spine.Collections.OrderedDictionary`2	System.Collections.Generic.IList<System.Collections.Generic.KeyValuePair<TKey,TValue>>.get_Item	<untyped>			FFFFFFFFFFFFFFD8	0	0	0	Move:AddressOf	TYPE_PROPAGATION:address-of	NO_BASE_TYPE	0	0	-	NOT_APPLICABLE	UNKNOWN	NO_OWNER	[v24 @ X29_v1-28]
base has no type, from Move from AddressOf(stack_-60)	spine-unity	Spine.Collections.OrderedDictionary`2	System.Collections.Generic.IList<System.Collections.Generic.KeyValuePair<TKey,TValue>>.get_Item	<untyped>			FFFFFFFFFFFFFFC0	0	0	0	Move:AddressOf	TYPE_PROPAGATION:address-of	NO_BASE_TYPE	0	0	-	NOT_APPLICABLE	UNKNOWN	NO_OWNER	[v24 @ X29_v1-40]
base has no type, from Move from an untyped base	spine-unity	Spine.Collections.OrderedDictionary`2	System.Collections.Generic.IList<System.Collections.Generic.KeyValuePair<TKey,TValue>>.get_Item	<untyped>			28	0	0	0	Move:memory	TYPE_PROPAGATION:entry-value	NO_BASE_TYPE	0	0	-	NOT_APPLICABLE	LOADED_POINTER	NO_OWNER	[v248 @ X9_v10+28]
base has no type, from Move from an untyped base	spine-unity	Spine.Collections.OrderedDictionary`2	System.Collections.Generic.IList<System.Collections.Generic.KeyValuePair<TKey,TValue>>.get_Item	<untyped>			28	0	0	0	Move:memory	TYPE_PROPAGATION:address-of	NO_BASE_TYPE	0	0	-	NOT_APPLICABLE	LOADED_POINTER	NO_OWNER	[v173 @ X20_v3+28]
base has no type, from Move from AddressOf(stack_-60)	spine-unity	Spine.Collections.OrderedDictionary`2	System.Collections.Generic.IList<System.Collections.Generic.KeyValuePair<TKey,TValue>>.get_Item	<untyped>			FFFFFFFFFFFFFFF8	0	0	0	Move:AddressOf	TYPE_PROPAGATION:address-of	NO_BASE_TYPE	0	0	-	NOT_APPLICABLE	UNKNOWN	NO_OWNER	[v24 @ X29_v1-8]
base has no type, from no definition	spine-unity	Spine.Collections.OrderedDictionary`2	System.Collections.Generic.IList<System.Collections.Generic.KeyValuePair<TKey,TValue>>.set_Item	<untyped>			28	0	0	0	<none>	TYPE_PROPAGATION:entry-value	NO_BASE_TYPE	0	0	-	NOT_APPLICABLE	ENTRY_VALUE	NO_OWNER	[v28 @ SYSREG+28]
Il2CppClass.0xFC	spine-unity	Spine.Collections.OrderedDictionary`2	System.Collections.Generic.IList<System.Collections.Generic.KeyValuePair<TKey,TValue>>.set_Item	Il2CppClass<TKey>		RuntimeClassTypeAnalysisContext	FC	0	0	0	Move:type Il2CppClass<TKey>	RUNTIME_STRUCT:RuntimeClassTypeAnalysisContext	RUNTIME_STRUCT	0	0	-	NOT_APPLICABLE	RUNTIME_STRUCTURE	SEARCH_EMPTY	[v38 @ X8_v3 (Il2CppClass<TKey>)+FC]
Il2CppClass.0xFC	spine-unity	Spine.Collections.OrderedDictionary`2	System.Collections.Generic.IList<System.Collections.Generic.KeyValuePair<TKey,TValue>>.set_Item	Il2CppClass<TValue>		RuntimeClassTypeAnalysisContext	FC	0	0	0	Move:type Il2CppClass<TValue>	RUNTIME_STRUCT:RuntimeClassTypeAnalysisContext	RUNTIME_STRUCT	0	0	-	NOT_APPLICABLE	RUNTIME_STRUCTURE	SEARCH_EMPTY	[v54 @ X8_v7 (Il2CppClass<TValue>)+FC]
base has no type, from Move from an untyped base	spine-unity	Spine.Collections.OrderedDictionary`2	System.Collections.Generic.IList<System.Collections.Generic.KeyValuePair<TKey,TValue>>.set_Item	<untyped>			B0	0	0	0	Move:memory	MISSING_METADATA:unresolved-call-result	NO_BASE_TYPE	0	0	-	NOT_APPLICABLE	LOADED_POINTER	NO_OWNER	[v329 @ X8_v28+B0]
base has no type, from Move from AddressOf(stack_-60)	spine-unity	Spine.Collections.OrderedDictionary`2	System.Collections.Generic.IList<System.Collections.Generic.KeyValuePair<TKey,TValue>>.set_Item	<untyped>			FFFFFFFFFFFFFFF4	0	0	0	Move:AddressOf	TYPE_PROPAGATION:address-of	NO_BASE_TYPE	0	0	-	NOT_APPLICABLE	UNKNOWN	NO_OWNER	[v24 @ X29_v1-C]
base has no type, from Move from AddressOf(stack_-60)	spine-unity	Spine.Collections.OrderedDictionary`2	System.Collections.Generic.IList<System.Collections.Generic.KeyValuePair<TKey,TValue>>.set_Item	<untyped>			FFFFFFFFFFFFFFC0	0	0	0	Move:AddressOf	TYPE_PROPAGATION:address-of	NO_BASE_TYPE	0	0	-	NOT_APPLICABLE	UNKNOWN	NO_OWNER	[v24 @ X29_v1-40]
Il2CppClass.0x28	spine-unity	Spine.Collections.OrderedDictionary`2	System.Collections.Generic.IList<System.Collections.Generic.KeyValuePair<TKey,TValue>>.set_Item	Il2CppClass<TKey>		RuntimeClassTypeAnalysisContext	28	0	0	0	Move:type Il2CppClass<TKey>	RUNTIME_STRUCT:RuntimeClassTypeAnalysisContext	RUNTIME_STRUCT	0	0	-	NOT_APPLICABLE	RUNTIME_STRUCTURE	SEARCH_EMPTY	[v318 @ X8_v26 (Il2CppClass<TKey>)+28]
base has no type, from Move from an untyped base	spine-unity	Spine.Collections.OrderedDictionary`2	System.Collections.Generic.IList<System.Collections.Generic.KeyValuePair<TKey,TValue>>.set_Item	<untyped>			12E	0	0	0	Move:memory	MISSING_METADATA:unresolved-call-result	NO_BASE_TYPE	0	0	-	NOT_APPLICABLE	LOADED_POINTER	NO_OWNER	[v329 @ X8_v28+12E]
base has no type, from Move from an untyped base	spine-unity	Spine.Collections.OrderedDictionary`2	System.Collections.Generic.IList<System.Collections.Generic.KeyValuePair<TKey,TValue>>.set_Item	<untyped>			12E	0	0	0	Move:memory	MISSING_METADATA:unresolved-call-result	NO_BASE_TYPE	0	0	-	NOT_APPLICABLE	LOADED_POINTER	NO_OWNER	[v329 @ X8_v28+12E]
base has no type, from Add of an untyped local and Immediate	spine-unity	Spine.Collections.OrderedDictionary`2	System.Collections.Generic.IList<System.Collections.Generic.KeyValuePair<TKey,TValue>>.set_Item	<untyped>			FFFFFFFFFFFFFFF8	0	0	0	Add	UNKNOWN:add-of-MemoryOperand	NO_BASE_TYPE	0	0	-	NOT_APPLICABLE	UNKNOWN	NO_OWNER	[v371 @ X10_v8-8]
base has no type, from Add of an untyped local and Immediate	spine-unity	Spine.Collections.OrderedDictionary`2	System.Collections.Generic.IList<System.Collections.Generic.KeyValuePair<TKey,TValue>>.set_Item	<untyped>			8	0	0	0	Call	PHI_AMBIGUITY:multiple-definitions	NO_BASE_TYPE	0	0	-	NOT_APPLICABLE	UNKNOWN	NO_OWNER	[v388 @ X0_v18+8]
base has no type, from Move from AddressOf(stack_-60)	spine-unity	Spine.Collections.OrderedDictionary`2	System.Collections.Generic.IList<System.Collections.Generic.KeyValuePair<TKey,TValue>>.set_Item	<untyped>			FFFFFFFFFFFFFFD4	0	0	0	Move:AddressOf	TYPE_PROPAGATION:address-of	NO_BASE_TYPE	0	0	-	NOT_APPLICABLE	UNKNOWN	NO_OWNER	[v24 @ X29_v1-2C]
base has no type, from Move from AddressOf(stack_-60)	spine-unity	Spine.Collections.OrderedDictionary`2	System.Collections.Generic.IList<System.Collections.Generic.KeyValuePair<TKey,TValue>>.set_Item	<untyped>			FFFFFFFFFFFFFFC0	0	0	0	Move:AddressOf	TYPE_PROPAGATION:address-of	NO_BASE_TYPE	0	0	-	NOT_APPLICABLE	UNKNOWN	NO_OWNER	[v24 @ X29_v1-40]
base has no type, from Move from AddressOf(stack_-60)	spine-unity	Spine.Collections.OrderedDictionary`2	System.Collections.Generic.IList<System.Collections.Generic.KeyValuePair<TKey,TValue>>.set_Item	<untyped>			FFFFFFFFFFFFFFD4	0	0	0	Move:AddressOf	TYPE_PROPAGATION:address-of	NO_BASE_TYPE	0	0	-	NOT_APPLICABLE	UNKNOWN	NO_OWNER	[v24 @ X29_v1-2C]
base has no type, from Move from AddressOf(stack_-60)	spine-unity	Spine.Collections.OrderedDictionary`2	System.Collections.Generic.IList<System.Collections.Generic.KeyValuePair<TKey,TValue>>.set_Item	<untyped>			FFFFFFFFFFFFFFD4	0	0	0	Move:AddressOf	TYPE_PROPAGATION:address-of	NO_BASE_TYPE	0	0	-	NOT_APPLICABLE	UNKNOWN	NO_OWNER	[v24 @ X29_v1-2C]
base has no type, from Move from AddressOf(stack_-60)	spine-unity	Spine.Collections.OrderedDictionary`2	System.Collections.Generic.IList<System.Collections.Generic.KeyValuePair<TKey,TValue>>.set_Item	<untyped>			FFFFFFFFFFFFFFC8	0	0	0	Move:AddressOf	TYPE_PROPAGATION:address-of	NO_BASE_TYPE	0	0	-	NOT_APPLICABLE	UNKNOWN	NO_OWNER	[v24 @ X29_v1-38]
base has no type, from Move from AddressOf(stack_-60)	spine-unity	Spine.Collections.OrderedDictionary`2	System.Collections.Generic.IList<System.Collections.Generic.KeyValuePair<TKey,TValue>>.set_Item	<untyped>			FFFFFFFFFFFFFFD4	0	0	0	Move:AddressOf	TYPE_PROPAGATION:address-of	NO_BASE_TYPE	0	0	-	NOT_APPLICABLE	UNKNOWN	NO_OWNER	[v24 @ X29_v1-2C]
base has no type, from Move from AddressOf(stack_-60)	spine-unity	Spine.Collections.OrderedDictionary`2	System.Collections.Generic.IList<System.Collections.Generic.KeyValuePair<TKey,TValue>>.set_Item	<untyped>			FFFFFFFFFFFFFFC8	0	0	0	Move:AddressOf	TYPE_PROPAGATION:address-of	NO_BASE_TYPE	0	0	-	NOT_APPLICABLE	UNKNOWN	NO_OWNER	[v24 @ X29_v1-38]
base has no type, from Move from an untyped base	spine-unity	Spine.Collections.OrderedDictionary`2	System.Collections.Generic.IList<System.Collections.Generic.KeyValuePair<TKey,TValue>>.set_Item	<untyped>			28	0	0	0	Move:memory	TYPE_PROPAGATION:address-of	NO_BASE_TYPE	0	0	-	NOT_APPLICABLE	UNKNOWN	NO_OWNER	[v199 @ X25_v6+28]
base has no type, from Move from AddressOf(stack_-60)	spine-unity	Spine.Collections.OrderedDictionary`2	System.Collections.Generic.IList<System.Collections.Generic.KeyValuePair<TKey,TValue>>.set_Item	<untyped>			FFFFFFFFFFFFFFF8	0	0	0	Move:AddressOf	TYPE_PROPAGATION:address-of	NO_BASE_TYPE	0	0	-	NOT_APPLICABLE	UNKNOWN	NO_OWNER	[v24 @ X29_v1-8]
base has no type, from no definition	spine-unity	Spine.Collections.OrderedDictionary`2	System.Collections.Generic.ICollection<System.Collections.Generic.KeyValuePair<TKey,TValue>>.Add	<untyped>			28	0	0	0	<none>	TYPE_PROPAGATION:entry-value	NO_BASE_TYPE	0	0	-	NOT_APPLICABLE	ENTRY_VALUE	NO_OWNER	[v19 @ SYSREG+28]
Il2CppClass.0xFC	spine-unity	Spine.Collections.OrderedDictionary`2	System.Collections.Generic.ICollection<System.Collections.Generic.KeyValuePair<TKey,TValue>>.Add	Il2CppClass<TKey>		RuntimeClassTypeAnalysisContext	FC	0	0	0	Move:type Il2CppClass<TKey>	RUNTIME_STRUCT:RuntimeClassTypeAnalysisContext	RUNTIME_STRUCT	0	0	-	NOT_APPLICABLE	RUNTIME_STRUCTURE	SEARCH_EMPTY	[v31 @ X9_v1 (Il2CppClass<TKey>)+FC]
Il2CppClass.0xFC	spine-unity	Spine.Collections.OrderedDictionary`2	System.Collections.Generic.ICollection<System.Collections.Generic.KeyValuePair<TKey,TValue>>.Add	Il2CppClass<TValue>		RuntimeClassTypeAnalysisContext	FC	0	0	0	Move:type Il2CppClass<TValue>	RUNTIME_STRUCT:RuntimeClassTypeAnalysisContext	RUNTIME_STRUCT	0	0	-	NOT_APPLICABLE	RUNTIME_STRUCTURE	SEARCH_EMPTY	[v37 @ X9_v5 (Il2CppClass<TValue>)+FC]
base has no type, from no definition	spine-unity	Spine.Collections.OrderedDictionary`2	System.Collections.Generic.ICollection<System.Collections.Generic.KeyValuePair<TKey,TValue>>.Add	<untyped>			28	0	0	0	<none>	TYPE_PROPAGATION:entry-value	NO_BASE_TYPE	0	0	-	NOT_APPLICABLE	ENTRY_VALUE	NO_OWNER	[v19 @ SYSREG+28]
base has no type, from Move from AddressOf(stack_-40)	spine-unity	Spine.Collections.OrderedDictionary`2	System.Collections.Generic.ICollection<System.Collections.Generic.KeyValuePair<TKey,TValue>>.Add	<untyped>			FFFFFFFFFFFFFFF8	0	0	0	Move:AddressOf	TYPE_PROPAGATION:address-of	NO_BASE_TYPE	0	0	-	NOT_APPLICABLE	UNKNOWN	NO_OWNER	[v16 @ X29_v1-8]
base has no type, from no definition	spine-unity	Spine.Collections.OrderedDictionary`2	System.Collections.Generic.ICollection<System.Collections.Generic.KeyValuePair<TKey,TValue>>.Contains	<untyped>			28	0	0	0	<none>	TYPE_PROPAGATION:entry-value	NO_BASE_TYPE	0	0	-	NOT_APPLICABLE	ENTRY_VALUE	NO_OWNER	[v23 @ SYSREG+28]
Il2CppClass.0xFC	spine-unity	Spine.Collections.OrderedDictionary`2	System.Collections.Generic.ICollection<System.Collections.Generic.KeyValuePair<TKey,TValue>>.Contains	Il2CppClass<TKey>		RuntimeClassTypeAnalysisContext	FC	0	0	0	Move:type Il2CppClass<TKey>	RUNTIME_STRUCT:RuntimeClassTypeAnalysisContext	RUNTIME_STRUCT	0	0	-	NOT_APPLICABLE	RUNTIME_STRUCTURE	SEARCH_EMPTY	[v35 @ X9_v1 (Il2CppClass<TKey>)+FC]
Il2CppClass.0xFC	spine-unity	Spine.Collections.OrderedDictionary`2	System.Collections.Generic.ICollection<System.Collections.Generic.KeyValuePair<TKey,TValue>>.Contains	Il2CppClass<TValue>		RuntimeClassTypeAnalysisContext	FC	0	0	0	Move:type Il2CppClass<TValue>	RUNTIME_STRUCT:RuntimeClassTypeAnalysisContext	RUNTIME_STRUCT	0	0	-	NOT_APPLICABLE	RUNTIME_STRUCTURE	SEARCH_EMPTY	[v41 @ X9_v5 (Il2CppClass<TValue>)+FC]
base has no type, from Move from AddressOf(stack_-50)	spine-unity	Spine.Collections.OrderedDictionary`2	System.Collections.Generic.ICollection<System.Collections.Generic.KeyValuePair<TKey,TValue>>.Contains	<untyped>			FFFFFFFFFFFFFFDC	0	0	0	Move:AddressOf	TYPE_PROPAGATION:address-of	NO_BASE_TYPE	0	0	-	NOT_APPLICABLE	UNKNOWN	NO_OWNER	[v20 @ X29_v1-24]
base has no type, from Move from AddressOf(stack_-50)	spine-unity	Spine.Collections.OrderedDictionary`2	System.Collections.Generic.ICollection<System.Collections.Generic.KeyValuePair<TKey,TValue>>.Contains	<untyped>			FFFFFFFFFFFFFFF4	0	0	0	Move:AddressOf	TYPE_PROPAGATION:address-of	NO_BASE_TYPE	0	0	-	NOT_APPLICABLE	UNKNOWN	NO_OWNER	[v20 @ X29_v1-C]
base has no type, from no definition	spine-unity	Spine.Collections.OrderedDictionary`2	System.Collections.Generic.ICollection<System.Collections.Generic.KeyValuePair<TKey,TValue>>.Contains	<untyped>			28	0	0	0	<none>	TYPE_PROPAGATION:entry-value	NO_BASE_TYPE	0	0	-	NOT_APPLICABLE	ENTRY_VALUE	NO_OWNER	[v23 @ SYSREG+28]
base has no type, from Move from AddressOf(stack_-50)	spine-unity	Spine.Collections.OrderedDictionary`2	System.Collections.Generic.ICollection<System.Collections.Generic.KeyValuePair<TKey,TValue>>.Contains	<untyped>			FFFFFFFFFFFFFFF8	0	0	0	Move:AddressOf	TYPE_PROPAGATION:address-of	NO_BASE_TYPE	0	0	-	NOT_APPLICABLE	UNKNOWN	NO_OWNER	[v20 @ X29_v1-8]
Il2CppClass.cctor_finished	DOTween	DG.Tweening.DOTween	AutoInit	Il2CppClass<DG.Tweening.DOTween>		RuntimeClassTypeAnalysisContext	E0	0	0	0	Move:type DOTween	RUNTIME_STRUCT:RuntimeClassTypeAnalysisContext	RUNTIME_STRUCT	0	0	-	NOT_APPLICABLE	RUNTIME_STRUCTURE	SEARCH_EMPTY	[v134 @ X8_v8 (Il2CppClass<DG.Tweening.DOTween>)+E0]
Il2CppClass.cctor_finished	DOTween	DG.Tweening.DOTween	Init	Il2CppClass<DG.Tweening.DOTween>		RuntimeClassTypeAnalysisContext	E0	0	0	0	Move:type DOTween	RUNTIME_STRUCT:RuntimeClassTypeAnalysisContext	RUNTIME_STRUCT	0	0	-	NOT_APPLICABLE	RUNTIME_STRUCTURE	SEARCH_EMPTY	[v461 @ X8_v57 (Il2CppClass<DG.Tweening.DOTween>)+E0]
base has no type, from no definition	spine-unity	Spine.Collections.OrderedDictionary`2	System.Collections.Generic.ICollection<System.Collections.Generic.KeyValuePair<TKey,TValue>>.CopyTo	<untyped>			28	0	0	0	<none>	TYPE_PROPAGATION:entry-value	NO_BASE_TYPE	0	0	-	NOT_APPLICABLE	ENTRY_VALUE	NO_OWNER	[v26 @ SYSREG+28]
Il2CppClass.0xFC	spine-unity	Spine.Collections.OrderedDictionary`2	System.Collections.Generic.ICollection<System.Collections.Generic.KeyValuePair<TKey,TValue>>.CopyTo	Il2CppClass<TKey>		RuntimeClassTypeAnalysisContext	FC	0	0	0	Move:type Il2CppClass<TKey>	RUNTIME_STRUCT:RuntimeClassTypeAnalysisContext	RUNTIME_STRUCT	0	0	-	NOT_APPLICABLE	RUNTIME_STRUCTURE	SEARCH_EMPTY	[v37 @ X8_v4 (Il2CppClass<TKey>)+FC]
Il2CppClass.0xFC	spine-unity	Spine.Collections.OrderedDictionary`2	System.Collections.Generic.ICollection<System.Collections.Generic.KeyValuePair<TKey,TValue>>.CopyTo	Il2CppClass<TKey>		RuntimeClassTypeAnalysisContext	FC	0	0	0	Move:type Il2CppClass<TKey>	RUNTIME_STRUCT:RuntimeClassTypeAnalysisContext	RUNTIME_STRUCT	0	0	-	NOT_APPLICABLE	RUNTIME_STRUCTURE	SEARCH_EMPTY	[v37 @ X8_v4 (Il2CppClass<TKey>)+FC]
Il2CppClass.0xFC	spine-unity	Spine.Collections.OrderedDictionary`2	System.Collections.Generic.ICollection<System.Collections.Generic.KeyValuePair<TKey,TValue>>.CopyTo	Il2CppClass<TValue>		RuntimeClassTypeAnalysisContext	FC	0	0	0	Move:type Il2CppClass<TValue>	RUNTIME_STRUCT:RuntimeClassTypeAnalysisContext	RUNTIME_STRUCT	0	0	-	NOT_APPLICABLE	RUNTIME_STRUCTURE	SEARCH_EMPTY	[v38 @ X9_v1 (Il2CppClass<TValue>)+FC]
Il2CppClass.0xFC	spine-unity	Spine.Collections.OrderedDictionary`2	System.Collections.Generic.ICollection<System.Collections.Generic.KeyValuePair<TKey,TValue>>.CopyTo	Il2CppClass<System.Collections.Generic.KeyValuePair`2<TKey, TValue>>		RuntimeClassTypeAnalysisContext	FC	0	0	0	Move:type Il2CppClass<System.Collections.Generic.KeyValuePair`2<TKey, TValue>>	RUNTIME_STRUCT:RuntimeClassTypeAnalysisContext	RUNTIME_STRUCT	0	0	-	NOT_APPLICABLE	RUNTIME_STRUCTURE	SEARCH_EMPTY	[v39 @ X10_v1 (Il2CppClass<System.Collections.Generic.KeyValuePair`2<TKey, TValue>>)+FC]
Il2CppClass.0xFC	spine-unity	Spine.Collections.OrderedDictionary`2	System.Collections.Generic.ICollection<System.Collections.Generic.KeyValuePair<TKey,TValue>>.CopyTo	Il2CppClass<System.Collections.Generic.KeyValuePair`2<TKey, TValue>>		RuntimeClassTypeAnalysisContext	FC	0	0	0	Move:type Il2CppClass<System.Collections.Generic.KeyValuePair`2<TKey, TValue>>	RUNTIME_STRUCT:RuntimeClassTypeAnalysisContext	RUNTIME_STRUCT	0	0	-	NOT_APPLICABLE	RUNTIME_STRUCTURE	SEARCH_EMPTY	[v39 @ X10_v1 (Il2CppClass<System.Collections.Generic.KeyValuePair`2<TKey, TValue>>)+FC]
Il2CppClass.0xFC	spine-unity	Spine.Collections.OrderedDictionary`2	System.Collections.Generic.ICollection<System.Collections.Generic.KeyValuePair<TKey,TValue>>.CopyTo	Il2CppClass<TValue>		RuntimeClassTypeAnalysisContext	FC	0	0	0	Move:type Il2CppClass<TValue>	RUNTIME_STRUCT:RuntimeClassTypeAnalysisContext	RUNTIME_STRUCT	0	0	-	NOT_APPLICABLE	RUNTIME_STRUCTURE	SEARCH_EMPTY	[v38 @ X9_v1 (Il2CppClass<TValue>)+FC]
base has no type, from Move from AddressOf(an untyped local)	spine-unity	Spine.Collections.OrderedDictionary`2	System.Collections.Generic.ICollection<System.Collections.Generic.KeyValuePair<TKey,TValue>>.CopyTo	<untyped>			FFFFFFFFFFFFFFB8	0	0	0	Move:AddressOf	TYPE_PROPAGATION:address-of	NO_BASE_TYPE	0	0	-	NOT_APPLICABLE	UNKNOWN	NO_OWNER	[v1 @ X29-48]
Il2CppClass.0xFC	spine-unity	Spine.Collections.OrderedDictionary`2	System.Collections.Generic.ICollection<System.Collections.Generic.KeyValuePair<TKey,TValue>>.CopyTo	Il2CppClass<TKey>		RuntimeClassTypeAnalysisContext	FC	0	0	0	Move:type Il2CppClass<TKey>	RUNTIME_STRUCT:RuntimeClassTypeAnalysisContext	RUNTIME_STRUCT	0	0	-	NOT_APPLICABLE	RUNTIME_STRUCTURE	SEARCH_EMPTY	[v37 @ X8_v4 (Il2CppClass<TKey>)+FC]
base has no type, from Move from an untyped base	spine-unity	Spine.Collections.OrderedDictionary`2	System.Collections.Generic.ICollection<System.Collections.Generic.KeyValuePair<TKey,TValue>>.CopyTo	<untyped>			20	0	0	0	Move:memory	TYPE_PROPAGATION:address-of	NO_BASE_TYPE	0	0	-	NOT_APPLICABLE	UNKNOWN	NO_OWNER	[v282 @ X27_v10+20]
base has no type, from Move from an untyped base	spine-unity	Spine.Collections.OrderedDictionary`2	System.Collections.Generic.ICollection<System.Collections.Generic.KeyValuePair<TKey,TValue>>.CopyTo	<untyped>			C0	0	0	0	Move:memory	TYPE_PROPAGATION:address-of	NO_BASE_TYPE	0	0	-	NOT_APPLICABLE	LOADED_POINTER	NO_OWNER	[v500 @ X8_v33+C0]
base has no type, from Move from an untyped base	spine-unity	Spine.Collections.OrderedDictionary`2	System.Collections.Generic.ICollection<System.Collections.Generic.KeyValuePair<TKey,TValue>>.CopyTo	<untyped>			98	0	0	0	Move:memory	TYPE_PROPAGATION:address-of	NO_BASE_TYPE	0	0	-	NOT_APPLICABLE	LOADED_POINTER	NO_OWNER	[v501 @ X8_v34+98]
base has no type, from Move from AddressOf(an untyped local)	spine-unity	Spine.Collections.OrderedDictionary`2	System.Collections.Generic.ICollection<System.Collections.Generic.KeyValuePair<TKey,TValue>>.CopyTo	<untyped>			FFFFFFFFFFFFFFB0	0	0	0	Move:AddressOf	TYPE_PROPAGATION:address-of	NO_BASE_TYPE	0	0	-	NOT_APPLICABLE	UNKNOWN	NO_OWNER	[v1 @ X29-50]
base has no type, from Move from an untyped base	spine-unity	Spine.Collections.OrderedDictionary`2	System.Collections.Generic.ICollection<System.Collections.Generic.KeyValuePair<TKey,TValue>>.CopyTo	<untyped>			20	0	0	0	Move:memory	TYPE_PROPAGATION:address-of	NO_BASE_TYPE	0	0	-	NOT_APPLICABLE	UNKNOWN	NO_OWNER	[v282 @ X27_v10+20]
base has no type, from Move from an untyped base	spine-unity	Spine.Collections.OrderedDictionary`2	System.Collections.Generic.ICollection<System.Collections.Generic.KeyValuePair<TKey,TValue>>.CopyTo	<untyped>			C0	0	0	0	Move:memory	TYPE_PROPAGATION:address-of	NO_BASE_TYPE	0	0	-	NOT_APPLICABLE	LOADED_POINTER	NO_OWNER	[v512 @ X8_v36+C0]
base has no type, from Move from an untyped base	spine-unity	Spine.Collections.OrderedDictionary`2	System.Collections.Generic.ICollection<System.Collections.Generic.KeyValuePair<TKey,TValue>>.CopyTo	<untyped>			110	0	0	0	Move:memory	TYPE_PROPAGATION:address-of	NO_BASE_TYPE	0	0	-	NOT_APPLICABLE	LOADED_POINTER	NO_OWNER	[v516 @ X8_v37+110]
base has no type, from Move from AddressOf(an untyped local)	spine-unity	Spine.Collections.OrderedDictionary`2	System.Collections.Generic.ICollection<System.Collections.Generic.KeyValuePair<TKey,TValue>>.CopyTo	<untyped>			FFFFFFFFFFFFFFA0	0	0	0	Move:AddressOf	TYPE_PROPAGATION:address-of	NO_BASE_TYPE	0	0	-	NOT_APPLICABLE	UNKNOWN	NO_OWNER	[v1 @ X29-60]
base has no type, from Move from AddressOf(an untyped local)	spine-unity	Spine.Collections.OrderedDictionary`2	System.Collections.Generic.ICollection<System.Collections.Generic.KeyValuePair<TKey,TValue>>.CopyTo	<untyped>			FFFFFFFFFFFFFFA8	0	0	0	Move:AddressOf	TYPE_PROPAGATION:address-of	NO_BASE_TYPE	0	0	-	NOT_APPLICABLE	UNKNOWN	NO_OWNER	[v1 @ X29-58]
base has no type, from Move from an untyped base	spine-unity	Spine.Collections.OrderedDictionary`2	System.Collections.Generic.ICollection<System.Collections.Generic.KeyValuePair<TKey,TValue>>.CopyTo	<untyped>			20	0	0	0	Move:memory	TYPE_PROPAGATION:address-of	NO_BASE_TYPE	0	0	-	NOT_APPLICABLE	UNKNOWN	NO_OWNER	[v282 @ X27_v10+20]
base has no type, from Move from an untyped base	spine-unity	Spine.Collections.OrderedDictionary`2	System.Collections.Generic.ICollection<System.Collections.Generic.KeyValuePair<TKey,TValue>>.CopyTo	<untyped>			C0	0	0	0	Move:memory	TYPE_PROPAGATION:address-of	NO_BASE_TYPE	0	0	-	NOT_APPLICABLE	LOADED_POINTER	NO_OWNER	[v542 @ X27_v12+C0]
base has no type, from Move from an untyped base	spine-unity	Spine.Collections.OrderedDictionary`2	System.Collections.Generic.ICollection<System.Collections.Generic.KeyValuePair<TKey,TValue>>.CopyTo	<untyped>			68	0	0	0	Move:memory	TYPE_PROPAGATION:address-of	NO_BASE_TYPE	0	0	-	NOT_APPLICABLE	UNKNOWN	NO_OWNER	[v575 @ X8_v41+68]
base has no type, from Move from an untyped base	spine-unity	Spine.Collections.OrderedDictionary`2	System.Collections.Generic.ICollection<System.Collections.Generic.KeyValuePair<TKey,TValue>>.CopyTo	<untyped>			28	0	0	0	Move:memory	TYPE_PROPAGATION:address-of	NO_BASE_TYPE	0	0	-	NOT_APPLICABLE	LOADED_POINTER	NO_OWNER	[v544 @ X9_v14+28]
base has no type, from Move from AddressOf(an untyped local)	spine-unity	Spine.Collections.OrderedDictionary`2	System.Collections.Generic.ICollection<System.Collections.Generic.KeyValuePair<TKey,TValue>>.CopyTo	<untyped>			FFFFFFFFFFFFFF70	0	0	0	Move:AddressOf	TYPE_PROPAGATION:address-of	NO_BASE_TYPE	0	0	-	NOT_APPLICABLE	UNKNOWN	NO_OWNER	[v1 @ X29-90]
base has no type, from Move from an untyped base	spine-unity	Spine.Collections.OrderedDictionary`2	System.Collections.Generic.ICollection<System.Collections.Generic.KeyValuePair<TKey,TValue>>.CopyTo	<untyped>			C0	0	0	0	Move:memory	TYPE_PROPAGATION:address-of	NO_BASE_TYPE	0	0	-	NOT_APPLICABLE	LOADED_POINTER	NO_OWNER	[v542 @ X27_v12+C0]
base has no type, from Move from AddressOf(an untyped local)	spine-unity	Spine.Collections.OrderedDictionary`2	System.Collections.Generic.ICollection<System.Collections.Generic.KeyValuePair<TKey,TValue>>.CopyTo	<untyped>			FFFFFFFFFFFFFFD8	0	0	0	Move:AddressOf	TYPE_PROPAGATION:address-of	NO_BASE_TYPE	0	0	-	NOT_APPLICABLE	UNKNOWN	NO_OWNER	[v1 @ X29-28]
base has no type, from Move from an untyped base	spine-unity	Spine.Collections.OrderedDictionary`2	System.Collections.Generic.ICollection<System.Collections.Generic.KeyValuePair<TKey,TValue>>.CopyTo	<untyped>			C0	0	0	0	Move:memory	TYPE_PROPAGATION:address-of	NO_BASE_TYPE	0	0	-	NOT_APPLICABLE	LOADED_POINTER	NO_OWNER	[v542 @ X27_v12+C0]
base has no type, from Move from AddressOf(an untyped local)	spine-unity	Spine.Collections.OrderedDictionary`2	System.Collections.Generic.ICollection<System.Collections.Generic.KeyValuePair<TKey,TValue>>.CopyTo	<untyped>			FFFFFFFFFFFFFF68	0	0	0	Move:AddressOf	TYPE_PROPAGATION:address-of	NO_BASE_TYPE	0	0	-	NOT_APPLICABLE	UNKNOWN	NO_OWNER	[v1 @ X29-98]
base has no type, from Move from AddressOf(an untyped local)	spine-unity	Spine.Collections.OrderedDictionary`2	System.Collections.Generic.ICollection<System.Collections.Generic.KeyValuePair<TKey,TValue>>.CopyTo	<untyped>			FFFFFFFFFFFFFF78	0	0	0	Move:AddressOf	TYPE_PROPAGATION:address-of	NO_BASE_TYPE	0	0	-	NOT_APPLICABLE	UNKNOWN	NO_OWNER	[v1 @ X29-88]
Il2CppClass.0x104	spine-unity	Spine.Collections.OrderedDictionary`2	System.Collections.Generic.ICollection<System.Collections.Generic.KeyValuePair<TKey,TValue>>.CopyTo	Il2CppClass<System.Collections.Generic.KeyValuePair`2<TKey, TValue>[]>		RuntimeClassTypeAnalysisContext	104	0	0	0	Move:memory	RUNTIME_STRUCT:RuntimeClassTypeAnalysisContext	RUNTIME_STRUCT	0	0	-	NOT_APPLICABLE	RUNTIME_STRUCTURE	SEARCH_EMPTY	[v578 @ X8_v43 (Il2CppClass<System.Collections.Generic.KeyValuePair`2<TKey, TValue>[]>)+104]
base has no type, from Move from an untyped base	spine-unity	Spine.Collections.OrderedDictionary`2	System.Collections.Generic.ICollection<System.Collections.Generic.KeyValuePair<TKey,TValue>>.CopyTo	<untyped>			20	0	0	0	Move:memory	TYPE_PROPAGATION:address-of	NO_BASE_TYPE	0	0	-	NOT_APPLICABLE	UNKNOWN	NO_OWNER	[v282 @ X27_v10+20]
base has no type, from Move from AddressOf(an untyped local)	spine-unity	Spine.Collections.OrderedDictionary`2	System.Collections.Generic.ICollection<System.Collections.Generic.KeyValuePair<TKey,TValue>>.CopyTo	<untyped>			FFFFFFFFFFFFFF80	0	0	0	Move:AddressOf	TYPE_PROPAGATION:address-of	NO_BASE_TYPE	0	0	-	NOT_APPLICABLE	UNKNOWN	NO_OWNER	[v1 @ X29-80]
base has no type, from Move from AddressOf(an untyped local)	spine-unity	Spine.Collections.OrderedDictionary`2	System.Collections.Generic.ICollection<System.Collections.Generic.KeyValuePair<TKey,TValue>>.CopyTo	<untyped>			FFFFFFFFFFFFFF88	0	0	0	Move:AddressOf	TYPE_PROPAGATION:address-of	NO_BASE_TYPE	0	0	-	NOT_APPLICABLE	UNKNOWN	NO_OWNER	[v1 @ X29-78]
base has no type, from Move from an untyped base	spine-unity	Spine.Collections.OrderedDictionary`2	System.Collections.Generic.ICollection<System.Collections.Generic.KeyValuePair<TKey,TValue>>.CopyTo	<untyped>			C0	0	0	0	Move:memory	TYPE_PROPAGATION:address-of	NO_BASE_TYPE	0	0	-	NOT_APPLICABLE	LOADED_POINTER	NO_OWNER	[v585 @ X8_v46+C0]
base has no type, from Move from an untyped base	spine-unity	Spine.Collections.OrderedDictionary`2	System.Collections.Generic.ICollection<System.Collections.Generic.KeyValuePair<TKey,TValue>>.CopyTo	<untyped>			178	0	0	0	Move:memory	TYPE_PROPAGATION:address-of	NO_BASE_TYPE	0	0	-	NOT_APPLICABLE	LOADED_POINTER	NO_OWNER	[v586 @ X8_v47+178]
base has no type, from Move from an untyped base	spine-unity	Spine.Collections.OrderedDictionary`2	System.Collections.Generic.ICollection<System.Collections.Generic.KeyValuePair<TKey,TValue>>.CopyTo	<untyped>			135	0	0	0	Move:memory	TYPE_PROPAGATION:address-of	NO_BASE_TYPE	0	0	-	NOT_APPLICABLE	LOADED_POINTER	NO_OWNER	[v587 @ X0_v63+135]
base has no type, from Move from an untyped base	spine-unity	Spine.Collections.OrderedDictionary`2	System.Collections.Generic.ICollection<System.Collections.Generic.KeyValuePair<TKey,TValue>>.CopyTo	<untyped>			20	0	0	0	Move:memory	TYPE_PROPAGATION:address-of	NO_BASE_TYPE	0	0	-	NOT_APPLICABLE	UNKNOWN	NO_OWNER	[v282 @ X27_v10+20]
base has no type, from Move from an untyped base	spine-unity	Spine.Collections.OrderedDictionary`2	System.Collections.Generic.ICollection<System.Collections.Generic.KeyValuePair<TKey,TValue>>.CopyTo	<untyped>			C0	0	0	0	Move:memory	TYPE_PROPAGATION:address-of	NO_BASE_TYPE	0	0	-	NOT_APPLICABLE	LOADED_POINTER	NO_OWNER	[v593 @ X8_v50+C0]
base has no type, from Move from an untyped base	spine-unity	Spine.Collections.OrderedDictionary`2	System.Collections.Generic.ICollection<System.Collections.Generic.KeyValuePair<TKey,TValue>>.CopyTo	<untyped>			B0	0	0	0	Move:memory	TYPE_PROPAGATION:address-of	NO_BASE_TYPE	0	0	-	NOT_APPLICABLE	LOADED_POINTER	NO_OWNER	[v594 @ X8_v51+B0]
base has no type, from Move from AddressOf(an untyped local)	spine-unity	Spine.Collections.OrderedDictionary`2	System.Collections.Generic.ICollection<System.Collections.Generic.KeyValuePair<TKey,TValue>>.CopyTo	<untyped>			FFFFFFFFFFFFFF60	0	0	0	Move:AddressOf	TYPE_PROPAGATION:address-of	NO_BASE_TYPE	0	0	-	NOT_APPLICABLE	UNKNOWN	NO_OWNER	[v1 @ X29-A0]
base has no type, from Move from an untyped base	spine-unity	Spine.Collections.OrderedDictionary`2	System.Collections.Generic.ICollection<System.Collections.Generic.KeyValuePair<TKey,TValue>>.CopyTo	<untyped>			28	0	0	0	Move:memory	TYPE_PROPAGATION:address-of	NO_BASE_TYPE	0	0	-	NOT_APPLICABLE	LOADED_POINTER	NO_OWNER	[v357 @ X8_v27+28]
base has no type, from Move from AddressOf(an untyped local)	spine-unity	Spine.Collections.OrderedDictionary`2	System.Collections.Generic.ICollection<System.Collections.Generic.KeyValuePair<TKey,TValue>>.CopyTo	<untyped>			FFFFFFFFFFFFFFF8	0	0	0	Move:AddressOf	TYPE_PROPAGATION:address-of	NO_BASE_TYPE	0	0	-	NOT_APPLICABLE	UNKNOWN	NO_OWNER	[v1 @ X29-8]
base has no type, from Move from AddressOf(an untyped local)	spine-unity	Spine.Collections.OrderedDictionary`2	System.Collections.Generic.ICollection<System.Collections.Generic.KeyValuePair<TKey,TValue>>.CopyTo	<untyped>			FFFFFFFFFFFFFFB8	0	0	0	Move:AddressOf	TYPE_PROPAGATION:address-of	NO_BASE_TYPE	0	0	-	NOT_APPLICABLE	UNKNOWN	NO_OWNER	[v1 @ X29-48]
base has no type, from Move from an untyped base	spine-unity	Spine.Collections.OrderedDictionary`2	System.Collections.Generic.ICollection<System.Collections.Generic.KeyValuePair<TKey,TValue>>.CopyTo	<untyped>			88	0	0	0	Move:memory	TYPE_PROPAGATION:address-of	NO_BASE_TYPE	0	0	-	NOT_APPLICABLE	UNKNOWN	NO_OWNER	[v575 @ X8_v41+88]
base has no type, from Move from an untyped base	spine-unity	Spine.Collections.OrderedDictionary`2	System.Collections.Generic.ICollection<System.Collections.Generic.KeyValuePair<TKey,TValue>>.CopyTo	<untyped>			28	0	0	0	Move:memory	TYPE_PROPAGATION:address-of	NO_BASE_TYPE	0	0	-	NOT_APPLICABLE	LOADED_POINTER	NO_OWNER	[v560 @ X9_v16+28]
base has no type, from Move from AddressOf(an untyped local)	spine-unity	Spine.Collections.OrderedDictionary`2	System.Collections.Generic.ICollection<System.Collections.Generic.KeyValuePair<TKey,TValue>>.CopyTo	<untyped>			FFFFFFFFFFFFFFB8	0	0	0	Move:AddressOf	TYPE_PROPAGATION:address-of	NO_BASE_TYPE	0	0	-	NOT_APPLICABLE	UNKNOWN	NO_OWNER	[v1 @ X29-48]
base has no type, from Move from AddressOf(an untyped local)	spine-unity	Spine.Collections.OrderedDictionary`2	System.Collections.Generic.ICollection<System.Collections.Generic.KeyValuePair<TKey,TValue>>.CopyTo	<untyped>			FFFFFFFFFFFFFF90	0	0	0	Move:AddressOf	TYPE_PROPAGATION:address-of	NO_BASE_TYPE	0	0	-	NOT_APPLICABLE	UNKNOWN	NO_OWNER	[v1 @ X29-70]
past the last field of the base type	DOTween	DG.Tweening.DOTween	To	T2		GenericParameterTypeAnalysisContext	38	0	0	0	<none>	GENERIC_LAYOUT:open-parameter	OPEN_TYPE_PARAMETER	0	0	-	NOT_APPLICABLE	PARAMETER	SEARCH_EMPTY	[endValue @ X3 (T2)+38]
past the last field of the base type	DOTween	DG.Tweening.DOTween	To	T2		GenericParameterTypeAnalysisContext	38	0	0	0	<none>	GENERIC_LAYOUT:open-parameter	OPEN_TYPE_PARAMETER	0	0	-	NOT_APPLICABLE	PARAMETER	SEARCH_EMPTY	[endValue @ X3 (T2)+38]
Il2CppClass.typeHierarchyDepth	spine-unity	Spine.Unity.MeshGenerator	AddSubmesh	Il2CppClass<Spine.RegionAttachment>		RuntimeClassTypeAnalysisContext	130	0	0	0	Move:memory	RUNTIME_STRUCT:RuntimeClassTypeAnalysisContext	RUNTIME_STRUCT	0	0	-	NOT_APPLICABLE	RUNTIME_STRUCTURE	SEARCH_EMPTY	[v989 @ X8_v32 (Il2CppClass<Spine.RegionAttachment>)+130]
base has no type, from Move from [Il2CppClass<Spine.RegionAttachment> + 0x0]	spine-unity	Spine.Unity.MeshGenerator	AddSubmesh	<untyped>			130	0	0	0	Move:memory	RUNTIME_STRUCT:RuntimeClassTypeAnalysisContext	NO_BASE_TYPE	0	0	-	NOT_APPLICABLE	LOADED_POINTER	NO_OWNER	[v1695 @ X10_v16+130]
base has no type, from Move from [Il2CppClass<Spine.RegionAttachment> + 0x0]	spine-unity	Spine.Unity.MeshGenerator	AddSubmesh	<untyped>			130	0	0	0	Move:memory	RUNTIME_STRUCT:RuntimeClassTypeAnalysisContext	NO_BASE_TYPE	0	0	-	NOT_APPLICABLE	LOADED_POINTER	NO_OWNER	[v1695 @ X10_v16+130]
Il2CppClass.typeHierarchy	spine-unity	Spine.Unity.MeshGenerator	AddSubmesh	Il2CppClass<Spine.RegionAttachment>		RuntimeClassTypeAnalysisContext	C8	0	0	0	Move:memory	RUNTIME_STRUCT:RuntimeClassTypeAnalysisContext	RUNTIME_STRUCT	0	0	-	NOT_APPLICABLE	RUNTIME_STRUCTURE	SEARCH_EMPTY	[v989 @ X8_v32 (Il2CppClass<Spine.RegionAttachment>)+C8]
base has no type, from Add of [Il2CppClass<Spine.RegionAttachment> + 0xC8] and Int32	spine-unity	Spine.Unity.MeshGenerator	AddSubmesh	<untyped>			FFFFFFFFFFFFFFF8	0	0	0	Add	MISSING_METADATA:inside-the-layout-between-fields	NO_BASE_TYPE	0	0	-	NOT_APPLICABLE	UNKNOWN	NO_OWNER	[v1711 @ X11_v36-8]
past the last field of the base type	spine-unity	Spine.Unity.MeshGenerator	AddSubmesh	System.String	System.Object	TypeAnalysisContext	18	14	2	0	Move:field String	PAST_LAST_FIELD:class	LAYOUT_KNOWN	2	14	BEYOND_LAYOUT	CLASS_OBJECT_RELATIVE	INSTANCE_FIELD	SEARCH_EMPTY	[v268 @ X4_v22 (System.String)+18]
byref at 0x8, from Add of the field ExposedList`1<UnityEngine.Vector3> and Immediate	spine-unity	Spine.Unity.MeshGenerator	AddSubmesh	UnityEngine.Vector3[]&		ByRefTypeAnalysisContext	8	0	0	0	Add	TYPE_PROPAGATION:byref-base	NO_INSTANCE_FIELDS	0	0	BEYOND_LAYOUT	CLASS_OBJECT_RELATIVE	UNKNOWN	SEARCH_EMPTY	[v905 @ X0_v25 (UnityEngine.Vector3[]&)+8]
byref at 0x8, from Add of the field ExposedList`1<UnityEngine.Vector3> and Immediate	spine-unity	Spine.Unity.MeshGenerator	AddSubmesh	UnityEngine.Vector3[]&		ByRefTypeAnalysisContext	8	0	0	0	Add	TYPE_PROPAGATION:byref-base	NO_INSTANCE_FIELDS	0	0	BEYOND_LAYOUT	CLASS_OBJECT_RELATIVE	UNKNOWN	SEARCH_EMPTY	[v905 @ X0_v25 (UnityEngine.Vector3[]&)+8]
array at 0x0, from Move from the field MixBlend[]	spine-unity	Spine.Unity.SkeletonMecanim+MecanimTranslator	Apply	Spine.MixBlend[]		SzArrayTypeAnalysisContext	0	0	0	0	Move:field MixBlend[]	ARRAY_ELEMENT:array-typed-base	NO_INSTANCE_FIELDS	0	0	INSIDE_NO_FIELD	CLASS_OBJECT_RELATIVE	INSTANCE_FIELD	NOT_A_FIELD_ACCESS	[v1044 @ X8_v132 (Spine.MixBlend[])+v661 @ X23_v16 (System.Int32)]
base has no type, from Add of MixBlend[] and Int32	spine-unity	Spine.Unity.SkeletonMecanim+MecanimTranslator	Apply	<untyped>			20	0	0	0	Add	ARRAY_ELEMENT:computed-element-address	NO_BASE_TYPE	0	0	-	NOT_APPLICABLE	UNKNOWN	NO_OWNER	[v1830 @ X8_v80+20]
base has no type, from no definition	spine-unity	Spine.Collections.OrderedDictionary`2	System.Collections.Generic.ICollection<System.Collections.Generic.KeyValuePair<TKey,TValue>>.Remove	<untyped>			28	0	0	0	<none>	TYPE_PROPAGATION:entry-value	NO_BASE_TYPE	0	0	-	NOT_APPLICABLE	ENTRY_VALUE	NO_OWNER	[v21 @ SYSREG+28]
Il2CppClass.0xFC	spine-unity	Spine.Collections.OrderedDictionary`2	System.Collections.Generic.ICollection<System.Collections.Generic.KeyValuePair<TKey,TValue>>.Remove	Il2CppClass<TKey>		RuntimeClassTypeAnalysisContext	FC	0	0	0	Move:type Il2CppClass<TKey>	RUNTIME_STRUCT:RuntimeClassTypeAnalysisContext	RUNTIME_STRUCT	0	0	-	NOT_APPLICABLE	RUNTIME_STRUCTURE	SEARCH_EMPTY	[v32 @ X8_v3 (Il2CppClass<TKey>)+FC]
Il2CppClass.0xFC	spine-unity	Spine.Collections.OrderedDictionary`2	System.Collections.Generic.ICollection<System.Collections.Generic.KeyValuePair<TKey,TValue>>.Remove	Il2CppClass<System.Collections.Generic.KeyValuePair`2<TKey, TValue>>		RuntimeClassTypeAnalysisContext	FC	0	0	0	Move:type Il2CppClass<System.Collections.Generic.KeyValuePair`2<TKey, TValue>>	RUNTIME_STRUCT:RuntimeClassTypeAnalysisContext	RUNTIME_STRUCT	0	0	-	NOT_APPLICABLE	RUNTIME_STRUCTURE	SEARCH_EMPTY	[v31 @ X9_v1 (Il2CppClass<System.Collections.Generic.KeyValuePair`2<TKey, TValue>>)+FC]
Il2CppClass.interfaceOffsets	spine-unity	Spine.Collections.OrderedDictionary`2	System.Collections.Generic.ICollection<System.Collections.Generic.KeyValuePair<TKey,TValue>>.Remove	Il2CppClass<Spine.Collections.OrderedDictionary`2<TKey, TValue>>		RuntimeClassTypeAnalysisContext	B0	0	0	0	Move:memory	RUNTIME_STRUCT:RuntimeClassTypeAnalysisContext	RUNTIME_STRUCT	0	0	-	NOT_APPLICABLE	RUNTIME_STRUCTURE	SEARCH_EMPTY	[v75 @ X8_v11 (Il2CppClass<Spine.Collections.OrderedDictionary`2<TKey, TValue>>)+B0]
Il2CppClass.interface_offsets_count	spine-unity	Spine.Collections.OrderedDictionary`2	System.Collections.Generic.ICollection<System.Collections.Generic.KeyValuePair<TKey,TValue>>.Remove	Il2CppClass<Spine.Collections.OrderedDictionary`2<TKey, TValue>>		RuntimeClassTypeAnalysisContext	12E	0	0	0	Move:memory	RUNTIME_STRUCT:RuntimeClassTypeAnalysisContext	RUNTIME_STRUCT	0	0	-	NOT_APPLICABLE	RUNTIME_STRUCTURE	SEARCH_EMPTY	[v75 @ X8_v11 (Il2CppClass<Spine.Collections.OrderedDictionary`2<TKey, TValue>>)+12E]
Il2CppClass.interface_offsets_count	spine-unity	Spine.Collections.OrderedDictionary`2	System.Collections.Generic.ICollection<System.Collections.Generic.KeyValuePair<TKey,TValue>>.Remove	Il2CppClass<Spine.Collections.OrderedDictionary`2<TKey, TValue>>		RuntimeClassTypeAnalysisContext	12E	0	0	0	Move:memory	RUNTIME_STRUCT:RuntimeClassTypeAnalysisContext	RUNTIME_STRUCT	0	0	-	NOT_APPLICABLE	RUNTIME_STRUCTURE	SEARCH_EMPTY	[v75 @ X8_v11 (Il2CppClass<Spine.Collections.OrderedDictionary`2<TKey, TValue>>)+12E]
base has no type, from Add of an untyped local and Immediate	spine-unity	Spine.Collections.OrderedDictionary`2	System.Collections.Generic.ICollection<System.Collections.Generic.KeyValuePair<TKey,TValue>>.Remove	<untyped>			FFFFFFFFFFFFFFF8	0	0	0	Add	UNKNOWN:add-of-MemoryOperand	NO_BASE_TYPE	0	0	-	NOT_APPLICABLE	UNKNOWN	NO_OWNER	[v172 @ X10_v6-8]
base has no type, from Add of an untyped local and Immediate	spine-unity	Spine.Collections.OrderedDictionary`2	System.Collections.Generic.ICollection<System.Collections.Generic.KeyValuePair<TKey,TValue>>.Remove	<untyped>			8	0	0	0	Call	PHI_AMBIGUITY:multiple-definitions	NO_BASE_TYPE	0	0	-	NOT_APPLICABLE	UNKNOWN	NO_OWNER	[v237 @ X0_v7+8]
base has no type, from Move from AddressOf(stack_-50)	spine-unity	Spine.Collections.OrderedDictionary`2	System.Collections.Generic.ICollection<System.Collections.Generic.KeyValuePair<TKey,TValue>>.Remove	<untyped>			FFFFFFFFFFFFFFF4	0	0	0	Move:AddressOf	TYPE_PROPAGATION:address-of	NO_BASE_TYPE	0	0	-	NOT_APPLICABLE	UNKNOWN	NO_OWNER	[v18 @ X29_v1-C]
base has no type, from Move from AddressOf(stack_-50)	spine-unity	Spine.Collections.OrderedDictionary`2	System.Collections.Generic.ICollection<System.Collections.Generic.KeyValuePair<TKey,TValue>>.Remove	<untyped>			FFFFFFFFFFFFFFF4	0	0	0	Move:AddressOf	TYPE_PROPAGATION:address-of	NO_BASE_TYPE	0	0	-	NOT_APPLICABLE	UNKNOWN	NO_OWNER	[v18 @ X29_v1-C]
base has no type, from no definition	spine-unity	Spine.Collections.OrderedDictionary`2	System.Collections.Generic.ICollection<System.Collections.Generic.KeyValuePair<TKey,TValue>>.Remove	<untyped>			28	0	0	0	<none>	TYPE_PROPAGATION:entry-value	NO_BASE_TYPE	0	0	-	NOT_APPLICABLE	ENTRY_VALUE	NO_OWNER	[v21 @ SYSREG+28]
base has no type, from Move from AddressOf(stack_-50)	spine-unity	Spine.Collections.OrderedDictionary`2	System.Collections.Generic.ICollection<System.Collections.Generic.KeyValuePair<TKey,TValue>>.Remove	<untyped>			FFFFFFFFFFFFFFF8	0	0	0	Move:AddressOf	TYPE_PROPAGATION:address-of	NO_BASE_TYPE	0	0	-	NOT_APPLICABLE	UNKNOWN	NO_OWNER	[v18 @ X29_v1-8]
byref at 0x8, from Add of the field ExposedList`1<UnityEngine.Vector3> and Immediate	spine-unity	Spine.Unity.MeshGenerator	AddSubmesh	UnityEngine.Vector3[]&		ByRefTypeAnalysisContext	8	0	0	0	Add	TYPE_PROPAGATION:byref-base	NO_INSTANCE_FIELDS	0	0	BEYOND_LAYOUT	CLASS_OBJECT_RELATIVE	UNKNOWN	SEARCH_EMPTY	[v905 @ X0_v25 (UnityEngine.Vector3[]&)+8]
base has no type, from Add of an untyped local and Immediate	spine-unity	Spine.Unity.MeshGenerator	AddSubmesh	<untyped>			FFFFFFFFFFFFFFFC	0	0	0	Add	ARRAY_ELEMENT:array-typed-base	NO_BASE_TYPE	0	0	-	NOT_APPLICABLE	UNKNOWN	NO_OWNER	[v131 @ X13_v17-4]
base has no type, from Add of an untyped local and Immediate	spine-unity	Spine.Unity.MeshGenerator	AddSubmesh	<untyped>			FFFFFFFFFFFFFFFC	0	0	0	Add	ARRAY_ELEMENT:array-typed-base	NO_BASE_TYPE	0	0	-	NOT_APPLICABLE	UNKNOWN	NO_OWNER	[v131 @ X13_v17-4]
base has no type, from Add of an untyped local and Immediate	spine-unity	Spine.Unity.MeshGenerator	AddSubmesh	<untyped>			FFFFFFFFFFFFFFFC	0	0	0	Add	ARRAY_ELEMENT:array-typed-base	NO_BASE_TYPE	0	0	-	NOT_APPLICABLE	UNKNOWN	NO_OWNER	[v409 @ X12_v23-4]
base has no type, from Add of an untyped local and Immediate	spine-unity	Spine.Unity.MeshGenerator	AddSubmesh	<untyped>			FFFFFFFFFFFFFFFC	0	0	0	Add	ARRAY_ELEMENT:array-typed-base	NO_BASE_TYPE	0	0	-	NOT_APPLICABLE	UNKNOWN	NO_OWNER	[v131 @ X13_v17-4]
base has no type, from Add of an untyped local and Immediate	spine-unity	Spine.Unity.MeshGenerator	AddSubmesh	<untyped>			FFFFFFFFFFFFFFFC	0	0	0	Add	ARRAY_ELEMENT:array-typed-base	NO_BASE_TYPE	0	0	-	NOT_APPLICABLE	UNKNOWN	NO_OWNER	[v131 @ X13_v17-4]
base has no type, from Add of an untyped local and Immediate	spine-unity	Spine.Unity.MeshGenerator	AddSubmesh	<untyped>			FFFFFFFFFFFFFFFC	0	0	0	Add	ARRAY_ELEMENT:array-typed-base	NO_BASE_TYPE	0	0	-	NOT_APPLICABLE	UNKNOWN	NO_OWNER	[v131 @ X13_v17-4]
base has no type, from Add of an untyped local and Immediate	spine-unity	Spine.Unity.MeshGenerator	AddSubmesh	<untyped>			FFFFFFFFFFFFFFFC	0	0	0	Add	ARRAY_ELEMENT:array-typed-base	NO_BASE_TYPE	0	0	-	NOT_APPLICABLE	UNKNOWN	NO_OWNER	[v131 @ X13_v17-4]
base has no type, from Add of an untyped local and Immediate	spine-unity	Spine.Unity.MeshGenerator	AddSubmesh	<untyped>			FFFFFFFFFFFFFFFC	0	0	0	Add	ARRAY_ELEMENT:array-typed-base	NO_BASE_TYPE	0	0	-	NOT_APPLICABLE	UNKNOWN	NO_OWNER	[v142 @ X17_v11-4]
base has no type, from Add of an untyped local and Immediate	spine-unity	Spine.Unity.MeshGenerator	AddSubmesh	<untyped>			FFFFFFFFFFFFFFFC	0	0	0	Add	ARRAY_ELEMENT:array-typed-base	NO_BASE_TYPE	0	0	-	NOT_APPLICABLE	UNKNOWN	NO_OWNER	[v142 @ X17_v11-4]
base has no type, from Add of an untyped local and Immediate	spine-unity	Spine.Unity.MeshGenerator	AddSubmesh	<untyped>			FFFFFFFFFFFFFFFC	0	0	0	Add	ARRAY_ELEMENT:array-typed-base	NO_BASE_TYPE	0	0	-	NOT_APPLICABLE	UNKNOWN	NO_OWNER	[v910 @ X0_v34-4]
base has no type, from Add of an untyped local and Immediate	spine-unity	Spine.Unity.MeshGenerator	AddSubmesh	<untyped>			FFFFFFFFFFFFFFFC	0	0	0	Add	ARRAY_ELEMENT:array-typed-base	NO_BASE_TYPE	0	0	-	NOT_APPLICABLE	UNKNOWN	NO_OWNER	[v142 @ X17_v11-4]
base has no type, from Add of an untyped local and Immediate	spine-unity	Spine.Unity.MeshGenerator	AddSubmesh	<untyped>			FFFFFFFFFFFFFFFC	0	0	0	Add	ARRAY_ELEMENT:array-typed-base	NO_BASE_TYPE	0	0	-	NOT_APPLICABLE	UNKNOWN	NO_OWNER	[v142 @ X17_v11-4]
byref at 0x8, from Add of the field ExposedList`1<UnityEngine.Vector3> and Immediate	spine-unity	Spine.Unity.MeshGenerator	AddSubmesh	UnityEngine.Vector3[]&		ByRefTypeAnalysisContext	8	0	0	0	Add	TYPE_PROPAGATION:byref-base	NO_INSTANCE_FIELDS	0	0	BEYOND_LAYOUT	CLASS_OBJECT_RELATIVE	UNKNOWN	SEARCH_EMPTY	[v905 @ X0_v25 (UnityEngine.Vector3[]&)+8]
static field storage at 0x8	DOTween	DG.Tweening.DOTween	Punch	UnityEngine.Vector3	System.ValueType	TypeAnalysisContext	8	8	3	0	Move:memory	RUNTIME_STRUCT:StaticFieldStorageTypeAnalysisContext	LAYOUT_KNOWN	3	18	NESTED:z	VALUE_RELATIVE	STATIC_FIELD	SEARCH_EMPTY	[v600 @ X8_v25 (Il2CppStaticFields<UnityEngine.Vector3>)+8]
base has no type, from Add of Texture2D[] and Int32	spine-unity	Spine.Unity.AttachmentTools.AtlasUtilities	GetRepackedSkin	<untyped>			20	0	0	0	Add	ARRAY_ELEMENT:computed-element-address	NO_BASE_TYPE	0	0	-	NOT_APPLICABLE	UNKNOWN	NO_OWNER	[v3764 @ X8_v160+20]
base has no type, from Add of TextureFormat[] and Int32	spine-unity	Spine.Unity.AttachmentTools.AtlasUtilities	GetRepackedSkin	<untyped>			20	0	0	0	Add	ARRAY_ELEMENT:array-typed-base	NO_BASE_TYPE	0	0	-	NOT_APPLICABLE	UNKNOWN	NO_OWNER	[v3873 @ X8_v156+20]
base has no type, from Add of an untyped local and Int32	spine-unity	Spine.Unity.AttachmentTools.AtlasUtilities	GetRepackedSkin	<untyped>			20	0	0	0	Add	PAST_LAST_FIELD:value-type	NO_BASE_TYPE	0	0	-	NOT_APPLICABLE	UNKNOWN	NO_OWNER	[v1115 @ X8_v143+20]
base has no type, from Move from an untyped base	spine-unity	Spine.Unity.AttachmentTools.AtlasUtilities	GetRepackedSkin	<untyped>			10	0	0	0	Move:memory	RESOLVABLE:field-at-this-exact-offset	NO_BASE_TYPE	0	0	-	NOT_APPLICABLE	LOADED_POINTER	NO_OWNER	[v1099 @ X0_v201+10]
base has no type, from Move from an untyped base	spine-unity	Spine.Unity.AttachmentTools.AtlasUtilities	GetRepackedSkin	<untyped>			1C	0	0	0	Move:memory	PAST_LAST_FIELD:value-type	NO_BASE_TYPE	0	0	-	NOT_APPLICABLE	LOADED_POINTER	NO_OWNER	[v1099 @ X0_v201+1C]
base has no type, from Move from an untyped base	spine-unity	Spine.Unity.AttachmentTools.AtlasUtilities	GetRepackedSkin	<untyped>			18	0	0	0	Move:memory	PAST_LAST_FIELD:value-type	NO_BASE_TYPE	0	0	-	NOT_APPLICABLE	LOADED_POINTER	NO_OWNER	[v1099 @ X0_v201+18]
base has no type, from Move from an untyped base	spine-unity	Spine.Unity.AttachmentTools.AtlasUtilities	GetRepackedSkin	<untyped>			18	0	0	0	Move:memory	PAST_LAST_FIELD:value-type	NO_BASE_TYPE	0	0	-	NOT_APPLICABLE	LOADED_POINTER	NO_OWNER	[v1511 @ X8_v144+18]
base has no type, from Move from an untyped base	spine-unity	Spine.Unity.AttachmentTools.AtlasUtilities	GetRepackedSkin	<untyped>			18	0	0	0	Move:memory	PAST_LAST_FIELD:value-type	NO_BASE_TYPE	0	0	-	NOT_APPLICABLE	LOADED_POINTER	NO_OWNER	[v1099 @ X0_v201+18]
base has no type, from Move from an untyped base	spine-unity	Spine.Unity.AttachmentTools.AtlasUtilities	GetRepackedSkin	<untyped>			18	0	0	0	Move:memory	PAST_LAST_FIELD:value-type	NO_BASE_TYPE	0	0	-	NOT_APPLICABLE	LOADED_POINTER	NO_OWNER	[v1099 @ X0_v201+18]
base has no type, from Add of Texture2D[] and Int32	spine-unity	Spine.Unity.AttachmentTools.AtlasUtilities	GetRepackedSkin	<untyped>			20	0	0	0	Add	ARRAY_ELEMENT:computed-element-address	NO_BASE_TYPE	0	0	-	NOT_APPLICABLE	UNKNOWN	NO_OWNER	[v3541 @ X8_v64+20]
base has no type, from Add of TextureFormat[] and Int32	spine-unity	Spine.Unity.AttachmentTools.AtlasUtilities	GetRepackedSkin	<untyped>			20	0	0	0	Add	ARRAY_ELEMENT:array-typed-base	NO_BASE_TYPE	0	0	-	NOT_APPLICABLE	UNKNOWN	NO_OWNER	[v3554 @ X8_v60+20]
base has no type, from Add of an untyped local and Int32	spine-unity	Spine.Unity.AttachmentTools.AtlasUtilities	GetRepackedSkin	<untyped>			20	0	0	0	Add	PAST_LAST_FIELD:value-type	NO_BASE_TYPE	0	0	-	NOT_APPLICABLE	UNKNOWN	NO_OWNER	[v768 @ X8_v40+20]
base has no type, from Move from an untyped base	spine-unity	Spine.Unity.AttachmentTools.AtlasUtilities	GetRepackedSkin	<untyped>			18	0	0	0	Move:memory	PAST_LAST_FIELD:value-type	NO_BASE_TYPE	0	0	-	NOT_APPLICABLE	LOADED_POINTER	NO_OWNER	[v742 @ X21_v13+18]
base has no type, from Add of an untyped local and Immediate	spine-unity	Spine.Unity.AttachmentTools.AtlasUtilities	GetRepackedSkin	<untyped>			FFFFFFFFFFFFFFF4	0	0	0	Add	ARRAY_ELEMENT:array-typed-base	NO_BASE_TYPE	0	0	-	NOT_APPLICABLE	UNKNOWN	NO_OWNER	[v463 @ X26_v11-C]
base has no type, from Add of an untyped local and Immediate	spine-unity	Spine.Unity.AttachmentTools.AtlasUtilities	GetRepackedSkin	<untyped>			FFFFFFFFFFFFFFF8	0	0	0	Add	ARRAY_ELEMENT:array-typed-base	NO_BASE_TYPE	0	0	-	NOT_APPLICABLE	UNKNOWN	NO_OWNER	[v463 @ X26_v11-8]
base has no type, from Add of an untyped local and Immediate	spine-unity	Spine.Unity.AttachmentTools.AtlasUtilities	GetRepackedSkin	<untyped>			FFFFFFFFFFFFFFFC	0	0	0	Add	ARRAY_ELEMENT:array-typed-base	NO_BASE_TYPE	0	0	-	NOT_APPLICABLE	UNKNOWN	NO_OWNER	[v463 @ X26_v11-4]
base has no type, from no definition	spine-unity	Spine.Collections.CollectionExtensions	ToOrderedDictionary	<untyped>			28	0	0	0	<none>	TYPE_PROPAGATION:entry-value	NO_BASE_TYPE	0	0	-	NOT_APPLICABLE	ENTRY_VALUE	NO_OWNER	[v29 @ SYSREG+28]
base has no type, from Move from AddressOf(stack_-60)	spine-unity	Spine.Collections.CollectionExtensions	ToOrderedDictionary	<untyped>			FFFFFFFFFFFFFFD8	0	0	0	Move:AddressOf	TYPE_PROPAGATION:address-of	NO_BASE_TYPE	0	0	-	NOT_APPLICABLE	UNKNOWN	NO_OWNER	[v24 @ X29_v1-28]
base has no type, from Move from an untyped base	spine-unity	Spine.Collections.CollectionExtensions	ToOrderedDictionary	<untyped>			B0	0	0	0	Move:memory	TYPE_PROPAGATION:address-of	NO_BASE_TYPE	0	0	-	NOT_APPLICABLE	LOADED_POINTER	NO_OWNER	[v238 @ X8_v36+B0]
Il2CppClass.interfaceOffsets	spine-unity	Spine.Collections.CollectionExtensions	ToOrderedDictionary	Il2CppClass<System.Collections.IEnumerator>		RuntimeClassTypeAnalysisContext	B0	0	0	0	Move:memory	RUNTIME_STRUCT:RuntimeClassTypeAnalysisContext	RUNTIME_STRUCT	0	0	-	NOT_APPLICABLE	RUNTIME_STRUCTURE	SEARCH_EMPTY	[v589 @ X8_v45 (Il2CppClass<System.Collections.IEnumerator>)+B0]
base has no type, from Move from AddressOf(stack_-60)	spine-unity	Spine.Collections.CollectionExtensions	ToOrderedDictionary	<untyped>			FFFFFFFFFFFFFFB0	0	0	0	Move:AddressOf	TYPE_PROPAGATION:address-of	NO_BASE_TYPE	0	0	-	NOT_APPLICABLE	UNKNOWN	NO_OWNER	[v24 @ X29_v1-50]
base has no type, from Move from an untyped base	spine-unity	Spine.Collections.CollectionExtensions	ToOrderedDictionary	<untyped>			28	0	0	0	Move:memory	TYPE_PROPAGATION:address-of	NO_BASE_TYPE	0	0	-	NOT_APPLICABLE	LOADED_POINTER	NO_OWNER	[v792 @ X8_v14+28]
base has no type, from Move from AddressOf(stack_-60)	spine-unity	Spine.Collections.CollectionExtensions	ToOrderedDictionary	<untyped>			FFFFFFFFFFFFFFF8	0	0	0	Move:AddressOf	TYPE_PROPAGATION:address-of	NO_BASE_TYPE	0	0	-	NOT_APPLICABLE	UNKNOWN	NO_OWNER	[v24 @ X29_v1-8]
base has no type, from Move from AddressOf(stack_-60)	spine-unity	Spine.Collections.CollectionExtensions	ToOrderedDictionary	<untyped>			FFFFFFFFFFFFFFE0	0	0	0	Move:AddressOf	TYPE_PROPAGATION:address-of	NO_BASE_TYPE	0	0	-	NOT_APPLICABLE	UNKNOWN	NO_OWNER	[v24 @ X29_v1-20]
Il2CppClass.0xFC	spine-unity	Spine.Collections.CollectionExtensions	ToOrderedDictionary	Il2CppClass<TKey>		RuntimeClassTypeAnalysisContext	FC	0	0	0	Move:type Il2CppClass<TKey>	RUNTIME_STRUCT:RuntimeClassTypeAnalysisContext	RUNTIME_STRUCT	0	0	-	NOT_APPLICABLE	RUNTIME_STRUCTURE	SEARCH_EMPTY	[v61 @ X9_v1 (Il2CppClass<TKey>)+FC]
Il2CppClass.0xFC	spine-unity	Spine.Collections.CollectionExtensions	ToOrderedDictionary	Il2CppClass<TSource>		RuntimeClassTypeAnalysisContext	FC	0	0	0	Move:type Il2CppClass<TSource>	RUNTIME_STRUCT:RuntimeClassTypeAnalysisContext	RUNTIME_STRUCT	0	0	-	NOT_APPLICABLE	RUNTIME_STRUCTURE	SEARCH_EMPTY	[v60 @ X8_v3 (Il2CppClass<TSource>)+FC]
Il2CppClass.0xFC	spine-unity	Spine.Collections.CollectionExtensions	ToOrderedDictionary	Il2CppClass<TKey>		RuntimeClassTypeAnalysisContext	FC	0	0	0	Move:type Il2CppClass<TKey>	RUNTIME_STRUCT:RuntimeClassTypeAnalysisContext	RUNTIME_STRUCT	0	0	-	NOT_APPLICABLE	RUNTIME_STRUCTURE	SEARCH_EMPTY	[v61 @ X9_v1 (Il2CppClass<TKey>)+FC]
Il2CppClass.0xFC	spine-unity	Spine.Collections.CollectionExtensions	ToOrderedDictionary	Il2CppClass<TKey>		RuntimeClassTypeAnalysisContext	FC	0	0	0	Move:type Il2CppClass<TKey>	RUNTIME_STRUCT:RuntimeClassTypeAnalysisContext	RUNTIME_STRUCT	0	0	-	NOT_APPLICABLE	RUNTIME_STRUCTURE	SEARCH_EMPTY	[v61 @ X9_v1 (Il2CppClass<TKey>)+FC]
base has no type, from Move from AddressOf(stack_-60)	spine-unity	Spine.Collections.CollectionExtensions	ToOrderedDictionary	<untyped>			FFFFFFFFFFFFFFB8	0	0	0	Move:AddressOf	TYPE_PROPAGATION:address-of	NO_BASE_TYPE	0	0	-	NOT_APPLICABLE	UNKNOWN	NO_OWNER	[v24 @ X29_v1-48]
base has no type, from Move from AddressOf(stack_-60)	spine-unity	Spine.Collections.CollectionExtensions	ToOrderedDictionary	<untyped>			FFFFFFFFFFFFFFB8	0	0	0	Move:AddressOf	TYPE_PROPAGATION:address-of	NO_BASE_TYPE	0	0	-	NOT_APPLICABLE	UNKNOWN	NO_OWNER	[v24 @ X29_v1-48]
Il2CppClass.0xFC	spine-unity	Spine.Collections.CollectionExtensions	ToOrderedDictionary	Il2CppClass<TSource>		RuntimeClassTypeAnalysisContext	FC	0	0	0	Move:type Il2CppClass<TSource>	RUNTIME_STRUCT:RuntimeClassTypeAnalysisContext	RUNTIME_STRUCT	0	0	-	NOT_APPLICABLE	RUNTIME_STRUCTURE	SEARCH_EMPTY	[v60 @ X8_v3 (Il2CppClass<TSource>)+FC]
base has no type, from Move from an untyped base	spine-unity	Spine.Collections.CollectionExtensions	ToOrderedDictionary	<untyped>			12E	0	0	0	Move:memory	TYPE_PROPAGATION:address-of	NO_BASE_TYPE	0	0	-	NOT_APPLICABLE	LOADED_POINTER	NO_OWNER	[v238 @ X8_v36+12E]
base has no type, from Move from an untyped base	spine-unity	Spine.Collections.CollectionExtensions	ToOrderedDictionary	<untyped>			12E	0	0	0	Move:memory	TYPE_PROPAGATION:address-of	NO_BASE_TYPE	0	0	-	NOT_APPLICABLE	LOADED_POINTER	NO_OWNER	[v238 @ X8_v36+12E]
base has no type, from Add of an untyped local and Immediate	spine-unity	Spine.Collections.CollectionExtensions	ToOrderedDictionary	<untyped>			FFFFFFFFFFFFFFF8	0	0	0	Add	UNKNOWN:add-of-MemoryOperand	NO_BASE_TYPE	0	0	-	NOT_APPLICABLE	UNKNOWN	NO_OWNER	[v287 @ X10_v49-8]
Il2CppClass.interface_offsets_count	spine-unity	Spine.Collections.CollectionExtensions	ToOrderedDictionary	Il2CppClass<System.Collections.IEnumerator>		RuntimeClassTypeAnalysisContext	12E	0	0	0	Move:memory	RUNTIME_STRUCT:RuntimeClassTypeAnalysisContext	RUNTIME_STRUCT	0	0	-	NOT_APPLICABLE	RUNTIME_STRUCTURE	SEARCH_EMPTY	[v589 @ X8_v45 (Il2CppClass<System.Collections.IEnumerator>)+12E]
Il2CppClass.interface_offsets_count	spine-unity	Spine.Collections.CollectionExtensions	ToOrderedDictionary	Il2CppClass<System.Collections.IEnumerator>		RuntimeClassTypeAnalysisContext	12E	0	0	0	Move:memory	RUNTIME_STRUCT:RuntimeClassTypeAnalysisContext	RUNTIME_STRUCT	0	0	-	NOT_APPLICABLE	RUNTIME_STRUCTURE	SEARCH_EMPTY	[v589 @ X8_v45 (Il2CppClass<System.Collections.IEnumerator>)+12E]
base has no type, from Add of an untyped local and Immediate	spine-unity	Spine.Collections.CollectionExtensions	ToOrderedDictionary	<untyped>			FFFFFFFFFFFFFFF8	0	0	0	Add	UNKNOWN:add-of-MemoryOperand	NO_BASE_TYPE	0	0	-	NOT_APPLICABLE	UNKNOWN	NO_OWNER	[v753 @ X10_v39-8]
base has no type, from Add of an untyped local and Immediate	spine-unity	Spine.Collections.CollectionExtensions	ToOrderedDictionary	<untyped>			8	0	0	0	Call	PHI_AMBIGUITY:multiple-definitions	NO_BASE_TYPE	0	0	-	NOT_APPLICABLE	UNKNOWN	NO_OWNER	[v824 @ X0_v69+8]
base has no type, from Move from AddressOf(stack_-60)	spine-unity	Spine.Collections.CollectionExtensions	ToOrderedDictionary	<untyped>			FFFFFFFFFFFFFFC0	0	0	0	Move:AddressOf	TYPE_PROPAGATION:address-of	NO_BASE_TYPE	0	0	-	NOT_APPLICABLE	UNKNOWN	NO_OWNER	[v24 @ X29_v1-40]
static field storage at 0x8	DOTween	DG.Tweening.DOTween	Shake	UnityEngine.Vector3	System.ValueType	TypeAnalysisContext	8	8	3	0	Move:memory	RUNTIME_STRUCT:StaticFieldStorageTypeAnalysisContext	LAYOUT_KNOWN	3	18	NESTED:z	VALUE_RELATIVE	STATIC_FIELD	SEARCH_EMPTY	[v781 @ X8_v32 (Il2CppStaticFields<UnityEngine.Vector3>)+8]
Il2CppClass.cctor_finished	DOTween	DG.Tweening.DOTween	Shake	Il2CppClass<System.Math>		RuntimeClassTypeAnalysisContext	E0	0	0	0	Move:type Math	RUNTIME_STRUCT:RuntimeClassTypeAnalysisContext	RUNTIME_STRUCT	0	0	-	NOT_APPLICABLE	RUNTIME_STRUCTURE	SEARCH_EMPTY	[v997 @ X0_v62 (Il2CppClass<System.Math>)+E0]
absolute address	DOTween	DG.Tweening.DOTween	Shake	<untyped>			1A3575A	0	0	0	<none>	UNKNOWN:absolute-address	NO_BASE_TYPE	0	0	-	NOT_APPLICABLE	UNKNOWN	NO_OWNER	[1A3575A]
Il2CppClass.cctor_finished	DOTween	DG.Tweening.DOTween	Shake	Il2CppClass<System.Math>		RuntimeClassTypeAnalysisContext	E0	0	0	0	Move:type Math	RUNTIME_STRUCT:RuntimeClassTypeAnalysisContext	RUNTIME_STRUCT	0	0	-	NOT_APPLICABLE	RUNTIME_STRUCTURE	SEARCH_EMPTY	[v1051 @ X0_v57 (Il2CppClass<System.Math>)+E0]
absolute address	DOTween	DG.Tweening.DOTween	Shake	<untyped>			1A3575A	0	0	0	<none>	UNKNOWN:absolute-address	NO_BASE_TYPE	0	0	-	NOT_APPLICABLE	UNKNOWN	NO_OWNER	[1A3575A]
static field storage at 0x4	DOTween	DG.Tweening.DOTween	Shake	UnityEngine.Quaternion	System.ValueType	TypeAnalysisContext	4	C	4	0	Move:memory	RUNTIME_STRUCT:StaticFieldStorageTypeAnalysisContext	LAYOUT_KNOWN	4	1C	NESTED:y	VALUE_RELATIVE	STATIC_FIELD	SEARCH_EMPTY	[v737 @ X8_v40 (Il2CppStaticFields<UnityEngine.Quaternion>)+4]
static field storage at 0x8	DOTween	DG.Tweening.DOTween	Shake	UnityEngine.Quaternion	System.ValueType	TypeAnalysisContext	8	C	4	0	Move:memory	RUNTIME_STRUCT:StaticFieldStorageTypeAnalysisContext	LAYOUT_KNOWN	4	1C	NESTED:z	VALUE_RELATIVE	STATIC_FIELD	SEARCH_EMPTY	[v737 @ X8_v40 (Il2CppStaticFields<UnityEngine.Quaternion>)+8]
static field storage at 0xC	DOTween	DG.Tweening.DOTween	Shake	UnityEngine.Quaternion	System.ValueType	TypeAnalysisContext	C	C	4	0	Move:memory	RUNTIME_STRUCT:StaticFieldStorageTypeAnalysisContext	LAYOUT_KNOWN	4	1C	NESTED:w	VALUE_RELATIVE	STATIC_FIELD	SEARCH_EMPTY	[v737 @ X8_v40 (Il2CppStaticFields<UnityEngine.Quaternion>)+C]
static field storage at 0x8	DOTween	DG.Tweening.DOTween	Shake	UnityEngine.Vector3	System.ValueType	TypeAnalysisContext	8	8	3	0	Move:memory	RUNTIME_STRUCT:StaticFieldStorageTypeAnalysisContext	LAYOUT_KNOWN	3	18	NESTED:z	VALUE_RELATIVE	STATIC_FIELD	SEARCH_EMPTY	[v1173 @ X8_v74 (Il2CppStaticFields<UnityEngine.Vector3>)+8]
base has no type, from Move from AddressOf(stack_-90, AnimatorStateInfo)	spine-unity	Spine.Unity.SkeletonMecanim+MecanimTranslator	GetStateUpdatesFromAnimator	<untyped>			10	0	0	0	Move:AddressOf	TYPE_PROPAGATION:address-of	NO_BASE_TYPE	0	0	-	NOT_APPLICABLE	UNKNOWN	NO_OWNER	[v30 @ X27_v1+10]
base has no type, from Move from AddressOf(stack_-F0, AnimatorStateInfo)	spine-unity	Spine.Unity.SkeletonMecanim+MecanimTranslator	GetStateUpdatesFromAnimator	<untyped>			20	0	0	0	Move:AddressOf	TYPE_PROPAGATION:address-of	NO_BASE_TYPE	0	0	-	NOT_APPLICABLE	UNKNOWN	NO_OWNER	[v549 @ X8_v14+20]
base has no type, from Move from AddressOf(stack_-F0, AnimatorStateInfo)	spine-unity	Spine.Unity.SkeletonMecanim+MecanimTranslator	GetStateUpdatesFromAnimator	<untyped>			10	0	0	0	Move:AddressOf	TYPE_PROPAGATION:address-of	NO_BASE_TYPE	0	0	-	NOT_APPLICABLE	UNKNOWN	NO_OWNER	[v549 @ X8_v14+10]
array at 0x24, from a call's result	spine-unity	Spine.Unity.AttachmentTools.AtlasUtilities	ToTexture	UnityEngine.Vector2[]		SzArrayTypeAnalysisContext	24	0	0	0	Call	ARRAY_ELEMENT:array-typed-base	NO_INSTANCE_FIELDS	0	0	BEYOND_LAYOUT	CLASS_OBJECT_RELATIVE	CALL_RESULT	SEARCH_EMPTY	[v172 @ X0_v42 (UnityEngine.Vector2[])+24]
array at 0x34, from a call's result	spine-unity	Spine.Unity.AttachmentTools.AtlasUtilities	ToTexture	UnityEngine.Vector2[]		SzArrayTypeAnalysisContext	34	0	0	0	Call	ARRAY_ELEMENT:array-typed-base	NO_INSTANCE_FIELDS	0	0	BEYOND_LAYOUT	CLASS_OBJECT_RELATIVE	CALL_RESULT	SEARCH_EMPTY	[v173 @ X0_v44 (UnityEngine.Vector2[])+34]
array at 0x24, from a call's result	spine-unity	Spine.Unity.AttachmentTools.AtlasUtilities	ToTexture	UnityEngine.Vector2[]		SzArrayTypeAnalysisContext	24	0	0	0	Call	ARRAY_ELEMENT:array-typed-base	NO_INSTANCE_FIELDS	0	0	BEYOND_LAYOUT	CLASS_OBJECT_RELATIVE	CALL_RESULT	SEARCH_EMPTY	[v174 @ X0_v49 (UnityEngine.Vector2[])+24]
array at 0x34, from a call's result	spine-unity	Spine.Unity.AttachmentTools.AtlasUtilities	ToTexture	UnityEngine.Vector2[]		SzArrayTypeAnalysisContext	34	0	0	0	Call	ARRAY_ELEMENT:array-typed-base	NO_INSTANCE_FIELDS	0	0	BEYOND_LAYOUT	CLASS_OBJECT_RELATIVE	CALL_RESULT	SEARCH_EMPTY	[v175 @ X0_v51 (UnityEngine.Vector2[])+34]
generic instance, reference arguments	DOTween	DG.Tweening.DOTween	ApplyTo	DG.Tweening.Plugins.Core.ABSTweenPlugin`3<T1, T2, TPlugOptions>		GenericInstanceTypeAnalysisContext	38	0	0	0	<none>	GENERIC_LAYOUT:instantiation	NO_INSTANCE_FIELDS	0	0	BEYOND_LAYOUT	CLASS_OBJECT_RELATIVE	PARAMETER	SEARCH_EMPTY	[plugin @ X3 (DG.Tweening.Plugins.Core.ABSTweenPlugin`3<T1, T2, TPlugOptions>)+38]
generic instance, reference arguments	DOTween	DG.Tweening.DOTween	ApplyTo	DG.Tweening.Plugins.Core.ABSTweenPlugin`3<T1, T2, TPlugOptions>		GenericInstanceTypeAnalysisContext	38	0	0	0	<none>	GENERIC_LAYOUT:instantiation	NO_INSTANCE_FIELDS	0	0	BEYOND_LAYOUT	CLASS_OBJECT_RELATIVE	PARAMETER	SEARCH_EMPTY	[plugin @ X3 (DG.Tweening.Plugins.Core.ABSTweenPlugin`3<T1, T2, TPlugOptions>)+38]
generic instance, reference arguments	DOTween	DG.Tweening.DOTween	ApplyTo	DG.Tweening.Plugins.Core.ABSTweenPlugin`3<T1, T2, TPlugOptions>		GenericInstanceTypeAnalysisContext	38	0	0	0	<none>	GENERIC_LAYOUT:instantiation	NO_INSTANCE_FIELDS	0	0	BEYOND_LAYOUT	CLASS_OBJECT_RELATIVE	PARAMETER	SEARCH_EMPTY	[plugin @ X3 (DG.Tweening.Plugins.Core.ABSTweenPlugin`3<T1, T2, TPlugOptions>)+38]
generic instance, reference arguments	DOTween	DG.Tweening.DOTween	ApplyTo	DG.Tweening.Plugins.Core.ABSTweenPlugin`3<T1, T2, TPlugOptions>		GenericInstanceTypeAnalysisContext	38	0	0	0	<none>	GENERIC_LAYOUT:instantiation	NO_INSTANCE_FIELDS	0	0	BEYOND_LAYOUT	CLASS_OBJECT_RELATIVE	PARAMETER	SEARCH_EMPTY	[plugin @ X3 (DG.Tweening.Plugins.Core.ABSTweenPlugin`3<T1, T2, TPlugOptions>)+38]
base has no type, from Add of Vector3[] and Int32	DOTween	DG.Tweening.DOTween	ToArray	<untyped>			20	0	0	0	Add	ARRAY_ELEMENT:array-typed-base	NO_BASE_TYPE	0	0	-	NOT_APPLICABLE	UNKNOWN	NO_OWNER	[v399 @ X14_v8+20]
base has no type, from Add of Vector3[] and Int32	DOTween	DG.Tweening.DOTween	ToArray	<untyped>			28	0	0	0	Add	ARRAY_ELEMENT:array-typed-base	NO_BASE_TYPE	0	0	-	NOT_APPLICABLE	UNKNOWN	NO_OWNER	[v399 @ X14_v8+28]
base has no type, from Add of an untyped local and Immediate	spine-unity	Spine.Unity.AttachmentTools.AtlasUtilities	CopyTextureApplyPMA	<untyped>			8	0	0	0	Add	ARRAY_ELEMENT:array-typed-base	NO_BASE_TYPE	0	0	-	NOT_APPLICABLE	UNKNOWN	NO_OWNER	[v105 @ X10_v5+8]
base has no type, from Add of an untyped local and Immediate	spine-unity	Spine.Unity.AttachmentTools.AtlasUtilities	CopyTextureApplyPMA	<untyped>			C	0	0	0	Add	ARRAY_ELEMENT:array-typed-base	NO_BASE_TYPE	0	0	-	NOT_APPLICABLE	UNKNOWN	NO_OWNER	[v105 @ X10_v5+C]
past the last field of the base type	DOTween	DG.Tweening.TweenExtensions	Done	T		GenericParameterTypeAnalysisContext	E8	0	0	0	<none>	GENERIC_LAYOUT:open-parameter	OPEN_TYPE_PARAMETER	0	0	-	NOT_APPLICABLE	PARAMETER	SEARCH_EMPTY	[t @ X0 (T)+E8]
past the last field of the base type	DOTween	DG.Tweening.TweenExtensions	Done	T		GenericParameterTypeAnalysisContext	E9	0	0	0	<none>	GENERIC_LAYOUT:open-parameter	OPEN_TYPE_PARAMETER	0	0	-	NOT_APPLICABLE	PARAMETER	SEARCH_EMPTY	[t @ X0 (T)+E9]
past the last field of the base type	DOTween	DG.Tweening.TweenExtensions	Done	T		GenericParameterTypeAnalysisContext	A0	0	0	0	<none>	GENERIC_LAYOUT:open-parameter	OPEN_TYPE_PARAMETER	0	0	-	NOT_APPLICABLE	PARAMETER	SEARCH_EMPTY	[t @ X0 (T)+A0]
past the last field of the base type	DOTween	DG.Tweening.TweenExtensions	Done	T		GenericParameterTypeAnalysisContext	A0	0	0	0	<none>	GENERIC_LAYOUT:open-parameter	OPEN_TYPE_PARAMETER	0	0	-	NOT_APPLICABLE	PARAMETER	SEARCH_EMPTY	[t @ X0 (T)+A0]
Il2CppClass.0x178	spine-unity	Spine.Unity.AttachmentTools.AttachmentCloneExtensions	GetCopy	Il2CppClass<Spine.Attachment>		RuntimeClassTypeAnalysisContext	178	0	0	0	Move:memory	RUNTIME_STRUCT:RuntimeClassTypeAnalysisContext	RUNTIME_STRUCT	0	0	-	NOT_APPLICABLE	RUNTIME_STRUCTURE	SEARCH_EMPTY	[v40 @ X8_v3 (Il2CppClass<Spine.Attachment>)+178]
Il2CppClass.0x180	spine-unity	Spine.Unity.AttachmentTools.AttachmentCloneExtensions	GetCopy	Il2CppClass<Spine.Attachment>		RuntimeClassTypeAnalysisContext	180	0	0	0	Move:memory	RUNTIME_STRUCT:RuntimeClassTypeAnalysisContext	RUNTIME_STRUCT	0	0	-	NOT_APPLICABLE	RUNTIME_STRUCTURE	SEARCH_EMPTY	[v40 @ X8_v3 (Il2CppClass<Spine.Attachment>)+180]
absolute address	DOTween	DG.Tweening.TweenExtensions	DoGoto	<untyped>			1A35101	0	0	0	<none>	UNKNOWN:absolute-address	NO_BASE_TYPE	0	0	-	NOT_APPLICABLE	UNKNOWN	NO_OWNER	[1A35101]
Il2CppClass.cctor_finished	DOTween	DG.Tweening.TweenExtensions	Kill	Il2CppClass<DG.Tweening.DOTween>		RuntimeClassTypeAnalysisContext	E0	0	0	0	Move:type DOTween	RUNTIME_STRUCT:RuntimeClassTypeAnalysisContext	RUNTIME_STRUCT	0	0	-	NOT_APPLICABLE	RUNTIME_STRUCTURE	SEARCH_EMPTY	[v42 @ X0_v2 (Il2CppClass<DG.Tweening.DOTween>)+E0]
past the last field of the base type	DOTween	DG.Tweening.TweenExtensions	Pause	T		GenericParameterTypeAnalysisContext	E8	0	0	0	<none>	GENERIC_LAYOUT:open-parameter	OPEN_TYPE_PARAMETER	0	0	-	NOT_APPLICABLE	PARAMETER	SEARCH_EMPTY	[t @ X0 (T)+E8]
past the last field of the base type	DOTween	DG.Tweening.TweenExtensions	Pause	T		GenericParameterTypeAnalysisContext	E9	0	0	0	<none>	GENERIC_LAYOUT:open-parameter	OPEN_TYPE_PARAMETER	0	0	-	NOT_APPLICABLE	PARAMETER	SEARCH_EMPTY	[t @ X0 (T)+E9]
past the last field of the base type	DOTween	DG.Tweening.TweenExtensions	Play	T		GenericParameterTypeAnalysisContext	E8	0	0	0	<none>	GENERIC_LAYOUT:open-parameter	OPEN_TYPE_PARAMETER	0	0	-	NOT_APPLICABLE	PARAMETER	SEARCH_EMPTY	[t @ X0 (T)+E8]
past the last field of the base type	DOTween	DG.Tweening.TweenExtensions	Play	T		GenericParameterTypeAnalysisContext	E9	0	0	0	<none>	GENERIC_LAYOUT:open-parameter	OPEN_TYPE_PARAMETER	0	0	-	NOT_APPLICABLE	PARAMETER	SEARCH_EMPTY	[t @ X0 (T)+E9]
Il2CppClass.typeHierarchyDepth	spine-unity	Spine.Unity.AttachmentTools.AttachmentRegionExtensions	SetRegion	Il2CppClass<Spine.Attachment>		RuntimeClassTypeAnalysisContext	130	0	0	0	Move:memory	RUNTIME_STRUCT:RuntimeClassTypeAnalysisContext	RUNTIME_STRUCT	0	0	-	NOT_APPLICABLE	RUNTIME_STRUCTURE	SEARCH_EMPTY	[v121 @ X8_v5 (Il2CppClass<Spine.Attachment>)+130]
Il2CppClass.typeHierarchyDepth	spine-unity	Spine.Unity.AttachmentTools.AttachmentRegionExtensions	SetRegion	Il2CppClass<Spine.Attachment>		RuntimeClassTypeAnalysisContext	130	0	0	0	Move:memory	RUNTIME_STRUCT:RuntimeClassTypeAnalysisContext	RUNTIME_STRUCT	0	0	-	NOT_APPLICABLE	RUNTIME_STRUCTURE	SEARCH_EMPTY	[v121 @ X8_v5 (Il2CppClass<Spine.Attachment>)+130]
Il2CppClass.typeHierarchyDepth	spine-unity	Spine.Unity.AttachmentTools.AttachmentRegionExtensions	SetRegion	Il2CppClass<Spine.MeshAttachment>		RuntimeClassTypeAnalysisContext	130	0	0	0	Move:type MeshAttachment	RUNTIME_STRUCT:RuntimeClassTypeAnalysisContext	RUNTIME_STRUCT	0	0	-	NOT_APPLICABLE	RUNTIME_STRUCTURE	SEARCH_EMPTY	[v112 @ X10_v3 (Il2CppClass<Spine.MeshAttachment>)+130]
Il2CppClass.typeHierarchy	spine-unity	Spine.Unity.AttachmentTools.AttachmentRegionExtensions	SetRegion	Il2CppClass<Spine.Attachment>		RuntimeClassTypeAnalysisContext	C8	0	0	0	Move:memory	RUNTIME_STRUCT:RuntimeClassTypeAnalysisContext	RUNTIME_STRUCT	0	0	-	NOT_APPLICABLE	RUNTIME_STRUCTURE	SEARCH_EMPTY	[v121 @ X8_v5 (Il2CppClass<Spine.Attachment>)+C8]
base has no type, from Add of [Il2CppClass<Spine.Attachment> + 0xC8] and Int32	spine-unity	Spine.Unity.AttachmentTools.AttachmentRegionExtensions	SetRegion	<untyped>			FFFFFFFFFFFFFFF8	0	0	0	Add	MISSING_METADATA:inside-the-layout-between-fields	NO_BASE_TYPE	0	0	-	NOT_APPLICABLE	UNKNOWN	NO_OWNER	[v190 @ X8_v7-8]
Il2CppClass.typeHierarchyDepth	spine-unity	Spine.Unity.AttachmentTools.AttachmentRegionExtensions	SetRegion	Il2CppClass<Spine.MeshAttachment>		RuntimeClassTypeAnalysisContext	130	0	0	0	Move:type MeshAttachment	RUNTIME_STRUCT:RuntimeClassTypeAnalysisContext	RUNTIME_STRUCT	0	0	-	NOT_APPLICABLE	RUNTIME_STRUCTURE	SEARCH_EMPTY	[v112 @ X10_v3 (Il2CppClass<Spine.MeshAttachment>)+130]
absolute address	DOTween	DG.Tweening.TweenExtensions	GotoWaypoint	<untyped>			1A35000	0	0	0	<none>	UNKNOWN:absolute-address	NO_BASE_TYPE	0	0	-	NOT_APPLICABLE	UNKNOWN	NO_OWNER	[1A35000]
base has no type, from Move from an absolute address	DOTween	DG.Tweening.TweenExtensions	GotoWaypoint	<untyped>			130	0	0	0	Move:memory	UNKNOWN:loaded-from-an-unbased-address	NO_BASE_TYPE	0	0	-	NOT_APPLICABLE	LOADED_POINTER	NO_OWNER	[v86 @ X9_v2+130]
Il2CppClass.typeHierarchyDepth	DOTween	DG.Tweening.TweenExtensions	GotoWaypoint	Il2CppClass<DG.Tweening.Core.TweenerCore`3<UnityEngine.Vector3, DG.Tweening.Plugins.Core.PathCore.Path, DG.Tweening.Plugins.Options.PathOptions>>		RuntimeClassTypeAnalysisContext	130	0	0	0	Move:type TweenerCore`3<UnityEngine.Vector3, DG.Tweening.Plugins.Core.PathCore.Path, DG.Tweening.Plugins.Options.PathOptions>	RUNTIME_STRUCT:RuntimeClassTypeAnalysisContext	RUNTIME_STRUCT	0	0	-	NOT_APPLICABLE	RUNTIME_STRUCTURE	SEARCH_EMPTY	[v87 @ X8_v24 (Il2CppClass<DG.Tweening.Core.TweenerCore`3<UnityEngine.Vector3, DG.Tweening.Plugins.Core.PathCore.Path, DG.Tweening.Plugins.Options.PathOptions>>)+130]
Il2CppClass.typeHierarchyDepth	DOTween	DG.Tweening.TweenExtensions	GotoWaypoint	Il2CppClass<DG.Tweening.Core.TweenerCore`3<UnityEngine.Vector3, DG.Tweening.Plugins.Core.PathCore.Path, DG.Tweening.Plugins.Options.PathOptions>>		RuntimeClassTypeAnalysisContext	130	0	0	0	Move:type TweenerCore`3<UnityEngine.Vector3, DG.Tweening.Plugins.Core.PathCore.Path, DG.Tweening.Plugins.Options.PathOptions>	RUNTIME_STRUCT:RuntimeClassTypeAnalysisContext	RUNTIME_STRUCT	0	0	-	NOT_APPLICABLE	RUNTIME_STRUCTURE	SEARCH_EMPTY	[v87 @ X8_v24 (Il2CppClass<DG.Tweening.Core.TweenerCore`3<UnityEngine.Vector3, DG.Tweening.Plugins.Core.PathCore.Path, DG.Tweening.Plugins.Options.PathOptions>>)+130]
base has no type, from Move from an absolute address	DOTween	DG.Tweening.TweenExtensions	GotoWaypoint	<untyped>			C8	0	0	0	Move:memory	UNKNOWN:loaded-from-an-unbased-address	NO_BASE_TYPE	0	0	-	NOT_APPLICABLE	LOADED_POINTER	NO_OWNER	[v86 @ X9_v2+C8]
base has no type, from Add of an untyped base and Int32	DOTween	DG.Tweening.TweenExtensions	GotoWaypoint	<untyped>			FFFFFFFFFFFFFFF8	0	0	0	Add	MISSING_METADATA:inside-the-layout-between-fields	NO_BASE_TYPE	0	0	-	NOT_APPLICABLE	UNKNOWN	NO_OWNER	[v197 @ X9_v5-8]
absolute address	DOTween	DG.Tweening.TweenExtensions	GotoWaypoint	<untyped>			1A35101	0	0	0	<none>	UNKNOWN:absolute-address	NO_BASE_TYPE	0	0	-	NOT_APPLICABLE	UNKNOWN	NO_OWNER	[1A35101]
absolute address	DOTween	DG.Tweening.TweenExtensions	GotoWaypoint	<untyped>			1A35138	0	0	0	<none>	UNKNOWN:absolute-address	NO_BASE_TYPE	0	0	-	NOT_APPLICABLE	UNKNOWN	NO_OWNER	[1A35138]
base has no type, from Move from an absolute address	DOTween	DG.Tweening.TweenExtensions	GotoWaypoint	<untyped>			18	0	0	0	Move:memory	UNKNOWN:loaded-from-an-unbased-address	NO_BASE_TYPE	0	0	-	NOT_APPLICABLE	LOADED_POINTER	NO_OWNER	[v325 @ X8_v35+18]
base has no type, from Move from an untyped base	DOTween	DG.Tweening.TweenExtensions	GotoWaypoint	<untyped>			18	0	0	0	Move:memory	UNKNOWN:loaded-from-an-unbased-address	NO_BASE_TYPE	0	0	-	NOT_APPLICABLE	LOADED_POINTER	NO_OWNER	[v363 @ X9_v19+18]
base has no type, from Move from an absolute address	DOTween	DG.Tweening.TweenExtensions	GotoWaypoint	<untyped>			10	0	0	0	Move:memory	UNKNOWN:loaded-from-an-unbased-address	NO_BASE_TYPE	0	0	-	NOT_APPLICABLE	LOADED_POINTER	NO_OWNER	[v325 @ X8_v35+10]
base has no type, from Add of an untyped base and Immediate	DOTween	DG.Tweening.TweenExtensions	GotoWaypoint	<untyped>			0	0	0	0	Add	UNKNOWN:add-of-MemoryOperand	NO_BASE_TYPE	0	0	-	NOT_APPLICABLE	UNKNOWN	NO_OWNER	[v370 @ X12_v2+v398 @ X9_v15 (System.Int32)*4]
absolute address	DOTween	DG.Tweening.TweenExtensions	GotoWaypoint	<untyped>			1A350A4	0	0	0	<none>	UNKNOWN:absolute-address	NO_BASE_TYPE	0	0	-	NOT_APPLICABLE	UNKNOWN	NO_OWNER	[1A350A4]
absolute address	DOTween	DG.Tweening.TweenExtensions	GotoWaypoint	<untyped>			1A350A8	0	0	0	<none>	UNKNOWN:absolute-address	NO_BASE_TYPE	0	0	-	NOT_APPLICABLE	UNKNOWN	NO_OWNER	[1A350A8]
absolute address	DOTween	DG.Tweening.TweenExtensions	GotoWaypoint	<untyped>			1A3510C	0	0	0	<none>	UNKNOWN:absolute-address	NO_BASE_TYPE	0	0	-	NOT_APPLICABLE	UNKNOWN	NO_OWNER	[1A3510C]
absolute address	DOTween	DG.Tweening.TweenExtensions	GotoWaypoint	<untyped>			1A350A4	0	0	0	<none>	UNKNOWN:absolute-address	NO_BASE_TYPE	0	0	-	NOT_APPLICABLE	UNKNOWN	NO_OWNER	[1A350A4]
base has no type, from Move from an absolute address	DOTween	DG.Tweening.TweenExtensions	GotoWaypoint	<untyped>			38	0	0	0	Move:memory	UNKNOWN:loaded-from-an-unbased-address	NO_BASE_TYPE	0	0	-	NOT_APPLICABLE	LOADED_POINTER	NO_OWNER	[v325 @ X8_v35+38]
absolute address	DOTween	DG.Tweening.TweenExtensions	GotoWaypoint	<untyped>			1A35111	0	0	0	<none>	UNKNOWN:absolute-address	NO_BASE_TYPE	0	0	-	NOT_APPLICABLE	UNKNOWN	NO_OWNER	[1A35111]
absolute address	DOTween	DG.Tweening.TweenExtensions	GotoWaypoint	<untyped>			1A3510C	0	0	0	<none>	UNKNOWN:absolute-address	NO_BASE_TYPE	0	0	-	NOT_APPLICABLE	UNKNOWN	NO_OWNER	[1A3510C]
Il2CppClass.typeHierarchyDepth	DOTween	DG.Tweening.Sequence	ApplyInternalCycle	Il2CppClass<DG.Tweening.Tween>		RuntimeClassTypeAnalysisContext	130	0	0	0	Move:memory	RUNTIME_STRUCT:RuntimeClassTypeAnalysisContext	RUNTIME_STRUCT	0	0	-	NOT_APPLICABLE	RUNTIME_STRUCTURE	SEARCH_EMPTY	[v420 @ X8_v65 (Il2CppClass<DG.Tweening.Tween>)+130]
base has no type, from Move from [Il2CppClass<DG.Tweening.Tween> + 0x0]	DOTween	DG.Tweening.Sequence	ApplyInternalCycle	<untyped>			130	0	0	0	Move:memory	RUNTIME_STRUCT:RuntimeClassTypeAnalysisContext	NO_BASE_TYPE	0	0	-	NOT_APPLICABLE	LOADED_POINTER	NO_OWNER	[v360 @ X1_v21+130]
base has no type, from Move from [Il2CppClass<DG.Tweening.Tween> + 0x0]	DOTween	DG.Tweening.Sequence	ApplyInternalCycle	<untyped>			130	0	0	0	Move:memory	RUNTIME_STRUCT:RuntimeClassTypeAnalysisContext	NO_BASE_TYPE	0	0	-	NOT_APPLICABLE	LOADED_POINTER	NO_OWNER	[v360 @ X1_v21+130]
Il2CppClass.typeHierarchy	DOTween	DG.Tweening.Sequence	ApplyInternalCycle	Il2CppClass<DG.Tweening.Tween>		RuntimeClassTypeAnalysisContext	C8	0	0	0	Move:memory	RUNTIME_STRUCT:RuntimeClassTypeAnalysisContext	RUNTIME_STRUCT	0	0	-	NOT_APPLICABLE	RUNTIME_STRUCTURE	SEARCH_EMPTY	[v420 @ X8_v65 (Il2CppClass<DG.Tweening.Tween>)+C8]
base has no type, from Add of [Il2CppClass<DG.Tweening.Tween> + 0xC8] and Int32	DOTween	DG.Tweening.Sequence	ApplyInternalCycle	<untyped>			FFFFFFFFFFFFFFF8	0	0	0	Add	MISSING_METADATA:inside-the-layout-between-fields	NO_BASE_TYPE	0	0	-	NOT_APPLICABLE	UNKNOWN	NO_OWNER	[v1031 @ X8_v67-8]
Il2CppClass.interface_offsets_count	spine-unity	Spine.Unity.AttachmentTools.SkinUtilities	GetClone	Il2CppClass<System.Collections.IEnumerator>		RuntimeClassTypeAnalysisContext	12E	0	0	0	Move:memory	RUNTIME_STRUCT:RuntimeClassTypeAnalysisContext	RUNTIME_STRUCT	0	0	-	NOT_APPLICABLE	RUNTIME_STRUCTURE	SEARCH_EMPTY	[v510 @ X8_v9 (Il2CppClass<System.Collections.IEnumerator>)+12E]
Il2CppClass.interface_offsets_count	spine-unity	Spine.Unity.AttachmentTools.SkinUtilities	GetClone	Il2CppClass<System.Collections.IEnumerator>		RuntimeClassTypeAnalysisContext	12E	0	0	0	Move:memory	RUNTIME_STRUCT:RuntimeClassTypeAnalysisContext	RUNTIME_STRUCT	0	0	-	NOT_APPLICABLE	RUNTIME_STRUCTURE	SEARCH_EMPTY	[v510 @ X8_v9 (Il2CppClass<System.Collections.IEnumerator>)+12E]
Il2CppClass.interfaceOffsets	spine-unity	Spine.Unity.AttachmentTools.SkinUtilities	GetClone	Il2CppClass<System.Collections.IEnumerator>		RuntimeClassTypeAnalysisContext	B0	0	0	0	Move:memory	RUNTIME_STRUCT:RuntimeClassTypeAnalysisContext	RUNTIME_STRUCT	0	0	-	NOT_APPLICABLE	RUNTIME_STRUCTURE	SEARCH_EMPTY	[v510 @ X8_v9 (Il2CppClass<System.Collections.IEnumerator>)+B0]
Il2CppClass.interface_offsets_count	spine-unity	Spine.Unity.AttachmentTools.SkinUtilities	GetClone	Il2CppClass<System.Collections.IEnumerator>		RuntimeClassTypeAnalysisContext	12E	0	0	0	Move:memory	RUNTIME_STRUCT:RuntimeClassTypeAnalysisContext	RUNTIME_STRUCT	0	0	-	NOT_APPLICABLE	RUNTIME_STRUCTURE	SEARCH_EMPTY	[v327 @ X8_v15 (Il2CppClass<System.Collections.IEnumerator>)+12E]
Il2CppClass.interface_offsets_count	spine-unity	Spine.Unity.AttachmentTools.SkinUtilities	GetClone	Il2CppClass<System.Collections.IEnumerator>		RuntimeClassTypeAnalysisContext	12E	0	0	0	Move:memory	RUNTIME_STRUCT:RuntimeClassTypeAnalysisContext	RUNTIME_STRUCT	0	0	-	NOT_APPLICABLE	RUNTIME_STRUCTURE	SEARCH_EMPTY	[v327 @ X8_v15 (Il2CppClass<System.Collections.IEnumerator>)+12E]
Il2CppClass.interfaceOffsets	spine-unity	Spine.Unity.AttachmentTools.SkinUtilities	GetClone	Il2CppClass<System.Collections.IEnumerator>		RuntimeClassTypeAnalysisContext	B0	0	0	0	Move:memory	RUNTIME_STRUCT:RuntimeClassTypeAnalysisContext	RUNTIME_STRUCT	0	0	-	NOT_APPLICABLE	RUNTIME_STRUCTURE	SEARCH_EMPTY	[v327 @ X8_v15 (Il2CppClass<System.Collections.IEnumerator>)+B0]
base has no type, from Add of an untyped local and Immediate	spine-unity	Spine.Unity.AttachmentTools.SkinUtilities	GetClone	<untyped>			8	0	0	0	Call	PHI_AMBIGUITY:multiple-definitions	NO_BASE_TYPE	0	0	-	NOT_APPLICABLE	UNKNOWN	NO_OWNER	[v610 @ X0_v23+8]
base has no type, from Add of an untyped local and Immediate	spine-unity	Spine.Unity.AttachmentTools.SkinUtilities	GetClone	<untyped>			8	0	0	0	Call	PHI_AMBIGUITY:multiple-definitions	NO_BASE_TYPE	0	0	-	NOT_APPLICABLE	UNKNOWN	NO_OWNER	[v610 @ X0_v23+8]
base has no type, from Add of an untyped local and Immediate	spine-unity	Spine.Unity.AttachmentTools.SkinUtilities	GetClone	<untyped>			FFFFFFFFFFFFFFF8	0	0	0	Add	UNKNOWN:add-of-MemoryOperand	NO_BASE_TYPE	0	0	-	NOT_APPLICABLE	UNKNOWN	NO_OWNER	[v633 @ X10_v7-8]
base has no type, from Add of an untyped local and Immediate	spine-unity	Spine.Unity.AttachmentTools.SkinUtilities	GetClone	<untyped>			FFFFFFFFFFFFFFF8	0	0	0	Add	UNKNOWN:add-of-MemoryOperand	NO_BASE_TYPE	0	0	-	NOT_APPLICABLE	UNKNOWN	NO_OWNER	[v544 @ X10_v15-8]
Il2CppClass.0x1C8	spine-unity	Spine.Unity.SkeletonRenderer	Awake	Il2CppClass<Spine.Unity.SkeletonRenderer>		RuntimeClassTypeAnalysisContext	1C8	0	0	0	Move:memory	RUNTIME_STRUCT:RuntimeClassTypeAnalysisContext	RUNTIME_STRUCT	0	0	-	NOT_APPLICABLE	RUNTIME_STRUCTURE	SEARCH_EMPTY	[v0 @ X8_v1 (Il2CppClass<Spine.Unity.SkeletonRenderer>)+1C8]
Il2CppClass.0x1D0	spine-unity	Spine.Unity.SkeletonRenderer	Awake	Il2CppClass<Spine.Unity.SkeletonRenderer>		RuntimeClassTypeAnalysisContext	1D0	0	0	0	Move:memory	RUNTIME_STRUCT:RuntimeClassTypeAnalysisContext	RUNTIME_STRUCT	0	0	-	NOT_APPLICABLE	RUNTIME_STRUCTURE	SEARCH_EMPTY	[v0 @ X8_v1 (Il2CppClass<Spine.Unity.SkeletonRenderer>)+1D0]
Il2CppClass.0x1B8	spine-unity	Spine.Unity.SkeletonRenderer	OnDisable	Il2CppClass<Spine.Unity.SkeletonRenderer>		RuntimeClassTypeAnalysisContext	1B8	0	0	0	Move:memory	RUNTIME_STRUCT:RuntimeClassTypeAnalysisContext	RUNTIME_STRUCT	0	0	-	NOT_APPLICABLE	RUNTIME_STRUCTURE	SEARCH_EMPTY	[v7 @ X8_v4 (Il2CppClass<Spine.Unity.SkeletonRenderer>)+1B8]
Il2CppClass.0x1C0	spine-unity	Spine.Unity.SkeletonRenderer	OnDisable	Il2CppClass<Spine.Unity.SkeletonRenderer>		RuntimeClassTypeAnalysisContext	1C0	0	0	0	Move:memory	RUNTIME_STRUCT:RuntimeClassTypeAnalysisContext	RUNTIME_STRUCT	0	0	-	NOT_APPLICABLE	RUNTIME_STRUCTURE	SEARCH_EMPTY	[v7 @ X8_v4 (Il2CppClass<Spine.Unity.SkeletonRenderer>)+1C0]
absolute address	DOTween	DG.Tweening.TweenExtensions	PathGetPoint	<untyped>			1A35000	0	0	0	<none>	UNKNOWN:absolute-address	NO_BASE_TYPE	0	0	-	NOT_APPLICABLE	UNKNOWN	NO_OWNER	[1A35000]
base has no type, from Move from an absolute address	DOTween	DG.Tweening.TweenExtensions	PathGetPoint	<untyped>			130	0	0	0	Move:memory	UNKNOWN:loaded-from-an-unbased-address	NO_BASE_TYPE	0	0	-	NOT_APPLICABLE	LOADED_POINTER	NO_OWNER	[v116 @ X9_v3+130]
Il2CppClass.typeHierarchyDepth	DOTween	DG.Tweening.TweenExtensions	PathGetPoint	Il2CppClass<DG.Tweening.Core.TweenerCore`3<UnityEngine.Vector3, DG.Tweening.Plugins.Core.PathCore.Path, DG.Tweening.Plugins.Options.PathOptions>>		RuntimeClassTypeAnalysisContext	130	0	0	0	Move:type TweenerCore`3<UnityEngine.Vector3, DG.Tweening.Plugins.Core.PathCore.Path, DG.Tweening.Plugins.Options.PathOptions>	RUNTIME_STRUCT:RuntimeClassTypeAnalysisContext	RUNTIME_STRUCT	0	0	-	NOT_APPLICABLE	RUNTIME_STRUCTURE	SEARCH_EMPTY	[v117 @ X8_v32 (Il2CppClass<DG.Tweening.Core.TweenerCore`3<UnityEngine.Vector3, DG.Tweening.Plugins.Core.PathCore.Path, DG.Tweening.Plugins.Options.PathOptions>>)+130]
Il2CppClass.typeHierarchyDepth	DOTween	DG.Tweening.TweenExtensions	PathGetPoint	Il2CppClass<DG.Tweening.Core.TweenerCore`3<UnityEngine.Vector3, DG.Tweening.Plugins.Core.PathCore.Path, DG.Tweening.Plugins.Options.PathOptions>>		RuntimeClassTypeAnalysisContext	130	0	0	0	Move:type TweenerCore`3<UnityEngine.Vector3, DG.Tweening.Plugins.Core.PathCore.Path, DG.Tweening.Plugins.Options.PathOptions>	RUNTIME_STRUCT:RuntimeClassTypeAnalysisContext	RUNTIME_STRUCT	0	0	-	NOT_APPLICABLE	RUNTIME_STRUCTURE	SEARCH_EMPTY	[v117 @ X8_v32 (Il2CppClass<DG.Tweening.Core.TweenerCore`3<UnityEngine.Vector3, DG.Tweening.Plugins.Core.PathCore.Path, DG.Tweening.Plugins.Options.PathOptions>>)+130]
base has no type, from Move from an absolute address	DOTween	DG.Tweening.TweenExtensions	PathGetPoint	<untyped>			C8	0	0	0	Move:memory	UNKNOWN:loaded-from-an-unbased-address	NO_BASE_TYPE	0	0	-	NOT_APPLICABLE	LOADED_POINTER	NO_OWNER	[v116 @ X9_v3+C8]
base has no type, from Add of an untyped base and Int32	DOTween	DG.Tweening.TweenExtensions	PathGetPoint	<untyped>			FFFFFFFFFFFFFFF8	0	0	0	Add	MISSING_METADATA:inside-the-layout-between-fields	NO_BASE_TYPE	0	0	-	NOT_APPLICABLE	UNKNOWN	NO_OWNER	[v245 @ X9_v6-8]
absolute address	DOTween	DG.Tweening.TweenExtensions	PathGetPoint	<untyped>			1A35130	0	0	0	<none>	UNKNOWN:absolute-address	NO_BASE_TYPE	0	0	-	NOT_APPLICABLE	UNKNOWN	NO_OWNER	[1A35130]
absolute address	DOTween	DG.Tweening.TweenExtensions	PathGetDrawPoints	<untyped>			1A35000	0	0	0	<none>	UNKNOWN:absolute-address	NO_BASE_TYPE	0	0	-	NOT_APPLICABLE	UNKNOWN	NO_OWNER	[1A35000]
base has no type, from Move from an absolute address	DOTween	DG.Tweening.TweenExtensions	PathGetDrawPoints	<untyped>			130	0	0	0	Move:memory	UNKNOWN:loaded-from-an-unbased-address	NO_BASE_TYPE	0	0	-	NOT_APPLICABLE	LOADED_POINTER	NO_OWNER	[v81 @ X9_v2+130]
Il2CppClass.typeHierarchyDepth	DOTween	DG.Tweening.TweenExtensions	PathGetDrawPoints	Il2CppClass<DG.Tweening.Core.TweenerCore`3<UnityEngine.Vector3, DG.Tweening.Plugins.Core.PathCore.Path, DG.Tweening.Plugins.Options.PathOptions>>		RuntimeClassTypeAnalysisContext	130	0	0	0	Move:type TweenerCore`3<UnityEngine.Vector3, DG.Tweening.Plugins.Core.PathCore.Path, DG.Tweening.Plugins.Options.PathOptions>	RUNTIME_STRUCT:RuntimeClassTypeAnalysisContext	RUNTIME_STRUCT	0	0	-	NOT_APPLICABLE	RUNTIME_STRUCTURE	SEARCH_EMPTY	[v82 @ X8_v24 (Il2CppClass<DG.Tweening.Core.TweenerCore`3<UnityEngine.Vector3, DG.Tweening.Plugins.Core.PathCore.Path, DG.Tweening.Plugins.Options.PathOptions>>)+130]
Il2CppClass.typeHierarchyDepth	DOTween	DG.Tweening.TweenExtensions	PathGetDrawPoints	Il2CppClass<DG.Tweening.Core.TweenerCore`3<UnityEngine.Vector3, DG.Tweening.Plugins.Core.PathCore.Path, DG.Tweening.Plugins.Options.PathOptions>>		RuntimeClassTypeAnalysisContext	130	0	0	0	Move:type TweenerCore`3<UnityEngine.Vector3, DG.Tweening.Plugins.Core.PathCore.Path, DG.Tweening.Plugins.Options.PathOptions>	RUNTIME_STRUCT:RuntimeClassTypeAnalysisContext	RUNTIME_STRUCT	0	0	-	NOT_APPLICABLE	RUNTIME_STRUCTURE	SEARCH_EMPTY	[v82 @ X8_v24 (Il2CppClass<DG.Tweening.Core.TweenerCore`3<UnityEngine.Vector3, DG.Tweening.Plugins.Core.PathCore.Path, DG.Tweening.Plugins.Options.PathOptions>>)+130]
base has no type, from Move from an absolute address	DOTween	DG.Tweening.TweenExtensions	PathGetDrawPoints	<untyped>			C8	0	0	0	Move:memory	UNKNOWN:loaded-from-an-unbased-address	NO_BASE_TYPE	0	0	-	NOT_APPLICABLE	LOADED_POINTER	NO_OWNER	[v81 @ X9_v2+C8]
base has no type, from Add of an untyped base and Int32	DOTween	DG.Tweening.TweenExtensions	PathGetDrawPoints	<untyped>			FFFFFFFFFFFFFFF8	0	0	0	Add	MISSING_METADATA:inside-the-layout-between-fields	NO_BASE_TYPE	0	0	-	NOT_APPLICABLE	UNKNOWN	NO_OWNER	[v211 @ X9_v5-8]
absolute address	DOTween	DG.Tweening.TweenExtensions	PathGetDrawPoints	<untyped>			1A35130	0	0	0	<none>	UNKNOWN:absolute-address	NO_BASE_TYPE	0	0	-	NOT_APPLICABLE	UNKNOWN	NO_OWNER	[1A35130]
absolute address	DOTween	DG.Tweening.TweenExtensions	PathLength	<untyped>			1A35000	0	0	0	<none>	UNKNOWN:absolute-address	NO_BASE_TYPE	0	0	-	NOT_APPLICABLE	UNKNOWN	NO_OWNER	[1A35000]
base has no type, from Move from an absolute address	DOTween	DG.Tweening.TweenExtensions	PathLength	<untyped>			130	0	0	0	Move:memory	UNKNOWN:loaded-from-an-unbased-address	NO_BASE_TYPE	0	0	-	NOT_APPLICABLE	LOADED_POINTER	NO_OWNER	[v81 @ X9_v2+130]
Il2CppClass.typeHierarchyDepth	DOTween	DG.Tweening.TweenExtensions	PathLength	Il2CppClass<DG.Tweening.Core.TweenerCore`3<UnityEngine.Vector3, DG.Tweening.Plugins.Core.PathCore.Path, DG.Tweening.Plugins.Options.PathOptions>>		RuntimeClassTypeAnalysisContext	130	0	0	0	Move:type TweenerCore`3<UnityEngine.Vector3, DG.Tweening.Plugins.Core.PathCore.Path, DG.Tweening.Plugins.Options.PathOptions>	RUNTIME_STRUCT:RuntimeClassTypeAnalysisContext	RUNTIME_STRUCT	0	0	-	NOT_APPLICABLE	RUNTIME_STRUCTURE	SEARCH_EMPTY	[v82 @ X8_v24 (Il2CppClass<DG.Tweening.Core.TweenerCore`3<UnityEngine.Vector3, DG.Tweening.Plugins.Core.PathCore.Path, DG.Tweening.Plugins.Options.PathOptions>>)+130]
Il2CppClass.typeHierarchyDepth	DOTween	DG.Tweening.TweenExtensions	PathLength	Il2CppClass<DG.Tweening.Core.TweenerCore`3<UnityEngine.Vector3, DG.Tweening.Plugins.Core.PathCore.Path, DG.Tweening.Plugins.Options.PathOptions>>		RuntimeClassTypeAnalysisContext	130	0	0	0	Move:type TweenerCore`3<UnityEngine.Vector3, DG.Tweening.Plugins.Core.PathCore.Path, DG.Tweening.Plugins.Options.PathOptions>	RUNTIME_STRUCT:RuntimeClassTypeAnalysisContext	RUNTIME_STRUCT	0	0	-	NOT_APPLICABLE	RUNTIME_STRUCTURE	SEARCH_EMPTY	[v82 @ X8_v24 (Il2CppClass<DG.Tweening.Core.TweenerCore`3<UnityEngine.Vector3, DG.Tweening.Plugins.Core.PathCore.Path, DG.Tweening.Plugins.Options.PathOptions>>)+130]
base has no type, from Move from an absolute address	DOTween	DG.Tweening.TweenExtensions	PathLength	<untyped>			C8	0	0	0	Move:memory	UNKNOWN:loaded-from-an-unbased-address	NO_BASE_TYPE	0	0	-	NOT_APPLICABLE	LOADED_POINTER	NO_OWNER	[v81 @ X9_v2+C8]
base has no type, from Add of an untyped base and Int32	DOTween	DG.Tweening.TweenExtensions	PathLength	<untyped>			FFFFFFFFFFFFFFF8	0	0	0	Add	MISSING_METADATA:inside-the-layout-between-fields	NO_BASE_TYPE	0	0	-	NOT_APPLICABLE	UNKNOWN	NO_OWNER	[v227 @ X9_v5-8]
absolute address	DOTween	DG.Tweening.TweenExtensions	PathLength	<untyped>			1A35130	0	0	0	<none>	UNKNOWN:absolute-address	NO_BASE_TYPE	0	0	-	NOT_APPLICABLE	UNKNOWN	NO_OWNER	[1A35130]
base has no type, from Move from an absolute address	DOTween	DG.Tweening.TweenExtensions	PathLength	<untyped>			3C	0	0	0	Move:memory	UNKNOWN:loaded-from-an-unbased-address	NO_BASE_TYPE	0	0	-	NOT_APPLICABLE	LOADED_POINTER	NO_OWNER	[v205 @ X8_v33+3C]
base has no type, from Move from an absolute address	DOTween	DG.Tweening.TweenExtensions	PathLength	<untyped>			38	0	0	0	Move:memory	UNKNOWN:loaded-from-an-unbased-address	NO_BASE_TYPE	0	0	-	NOT_APPLICABLE	LOADED_POINTER	NO_OWNER	[v205 @ X8_v33+38]
Il2CppClass.0x178	DOTween	DG.Tweening.Sequence	.ctor	Il2CppClass<DG.Tweening.Sequence>		RuntimeClassTypeAnalysisContext	178	0	0	0	Move:memory	RUNTIME_STRUCT:RuntimeClassTypeAnalysisContext	RUNTIME_STRUCT	0	0	-	NOT_APPLICABLE	RUNTIME_STRUCTURE	SEARCH_EMPTY	[v72 @ X8_v4 (Il2CppClass<DG.Tweening.Sequence>)+178]
Il2CppClass.0x180	DOTween	DG.Tweening.Sequence	.ctor	Il2CppClass<DG.Tweening.Sequence>		RuntimeClassTypeAnalysisContext	180	0	0	0	Move:memory	RUNTIME_STRUCT:RuntimeClassTypeAnalysisContext	RUNTIME_STRUCT	0	0	-	NOT_APPLICABLE	RUNTIME_STRUCTURE	SEARCH_EMPTY	[v72 @ X8_v4 (Il2CppClass<DG.Tweening.Sequence>)+180]
base has no type, from Add of an untyped local and Immediate	spine-unity	Spine.Unity.Deprecated.SlotBlendModes	Remove	<untyped>			FFFFFFFFFFFFFFF8	0	0	0	Add	ARRAY_ELEMENT:array-typed-base	NO_BASE_TYPE	0	0	-	NOT_APPLICABLE	UNKNOWN	NO_OWNER	[v249 @ X28_v7-8]
base has no type, from Add of an untyped local and Immediate	spine-unity	Spine.Unity.Deprecated.SlotBlendModes	Remove	<untyped>			FFFFFFFFFFFFFFF8	0	0	0	Add	ARRAY_ELEMENT:array-typed-base	NO_BASE_TYPE	0	0	-	NOT_APPLICABLE	UNKNOWN	NO_OWNER	[v249 @ X28_v7-8]
base has no type, from Add of an untyped local and Immediate	spine-unity	Spine.Unity.Deprecated.SlotBlendModes	Remove	<untyped>			FFFFFFFFFFFFFFF0	0	0	0	Add	ARRAY_ELEMENT:array-typed-base	NO_BASE_TYPE	0	0	-	NOT_APPLICABLE	UNKNOWN	NO_OWNER	[v249 @ X28_v7-10]
base has no type, from Add of an untyped local and Immediate	spine-unity	Spine.Unity.Deprecated.SlotBlendModes	Remove	<untyped>			FFFFFFFFFFFFFFF0	0	0	0	Add	ARRAY_ELEMENT:array-typed-base	NO_BASE_TYPE	0	0	-	NOT_APPLICABLE	UNKNOWN	NO_OWNER	[v249 @ X28_v7-10]
past the last field of the base type	spine-unity	Spine.Unity.Deprecated.SlotBlendModes	GetTexture	UnityEngine.Object	System.Object	TypeAnalysisContext	18	10	1	0	Move:field SkeletonDataAsset	PAST_LAST_FIELD:class	LAYOUT_KNOWN	1	10	BEYOND_LAYOUT	CLASS_OBJECT_RELATIVE	INSTANCE_FIELD	SEARCH_EMPTY	[v127 @ X20_v8 (UnityEngine.Object)+18]
base has no type, from Move from [Object + 0x18]	spine-unity	Spine.Unity.Deprecated.SlotBlendModes	GetTexture	<untyped>			20	0	0	0	Move:memory	PAST_LAST_FIELD:class	NO_BASE_TYPE	0	0	-	NOT_APPLICABLE	LOADED_POINTER	NO_OWNER	[v122 @ X8_v11+20]
base has no type, from Move from [Object + 0x18]	spine-unity	Spine.Unity.Deprecated.SlotBlendModes	GetTexture	<untyped>			20	0	0	0	Move:memory	PAST_LAST_FIELD:class	NO_BASE_TYPE	0	0	-	NOT_APPLICABLE	LOADED_POINTER	NO_OWNER	[v122 @ X8_v11+20]
base has no type, from no definition	spine-unity	Spine.Collections.OrderedDictionary`2+KeyCollection	GetEnumerator	<untyped>			28	0	0	0	<none>	TYPE_PROPAGATION:entry-value	NO_BASE_TYPE	0	0	-	NOT_APPLICABLE	ENTRY_VALUE	NO_OWNER	[v13 @ SYSREG+28]
Il2CppClass.0xFC	spine-unity	Spine.Collections.OrderedDictionary`2+KeyCollection	GetEnumerator	Il2CppClass<System.Collections.Generic.Dictionary`2<TKey, System.Int32>+KeyCollection<TKey, System.Int32>+Enumerator<TKey, System.Int32>>		RuntimeClassTypeAnalysisContext	FC	0	0	0	Move:type Il2CppClass<System.Collections.Generic.Dictionary`2<TKey, System.Int32>+KeyCollection<TKey, System.Int32>+Enumerator<TKey, System.Int32>>	RUNTIME_STRUCT:RuntimeClassTypeAnalysisContext	RUNTIME_STRUCT	0	0	-	NOT_APPLICABLE	RUNTIME_STRUCTURE	SEARCH_EMPTY	[v20 @ X9_v1 (Il2CppClass<System.Collections.Generic.Dictionary`2<TKey, System.Int32>+KeyCollection<TKey, System.Int32>+Enumerator<TKey, System.Int32>>)+FC]
base has no type, from no definition	spine-unity	Spine.Collections.OrderedDictionary`2+KeyCollection	GetEnumerator	<untyped>			28	0	0	0	<none>	TYPE_PROPAGATION:entry-value	NO_BASE_TYPE	0	0	-	NOT_APPLICABLE	ENTRY_VALUE	NO_OWNER	[v13 @ SYSREG+28]
base has no type, from Move from AddressOf(stack_-30)	spine-unity	Spine.Collections.OrderedDictionary`2+KeyCollection	GetEnumerator	<untyped>			FFFFFFFFFFFFFFF8	0	0	0	Move:AddressOf	TYPE_PROPAGATION:address-of	NO_BASE_TYPE	0	0	-	NOT_APPLICABLE	UNKNOWN	NO_OWNER	[v10 @ X29_v1-8]
base has no type, from no definition	spine-unity	Spine.Collections.OrderedDictionary`2+KeyCollection	System.Collections.Generic.ICollection<TKey>.Contains	<untyped>			28	0	0	0	<none>	TYPE_PROPAGATION:entry-value	NO_BASE_TYPE	0	0	-	NOT_APPLICABLE	ENTRY_VALUE	NO_OWNER	[v15 @ SYSREG+28]
Il2CppClass.0xFC	spine-unity	Spine.Collections.OrderedDictionary`2+KeyCollection	System.Collections.Generic.ICollection<TKey>.Contains	Il2CppClass<TKey>		RuntimeClassTypeAnalysisContext	FC	0	0	0	Move:type Il2CppClass<TKey>	RUNTIME_STRUCT:RuntimeClassTypeAnalysisContext	RUNTIME_STRUCT	0	0	-	NOT_APPLICABLE	RUNTIME_STRUCTURE	SEARCH_EMPTY	[v23 @ X8_v3 (Il2CppClass<TKey>)+FC]
Il2CppClass.0x28	spine-unity	Spine.Collections.OrderedDictionary`2+KeyCollection	System.Collections.Generic.ICollection<TKey>.Contains	Il2CppClass<TKey>		RuntimeClassTypeAnalysisContext	28	0	0	0	Move:type Il2CppClass<TKey>	RUNTIME_STRUCT:RuntimeClassTypeAnalysisContext	RUNTIME_STRUCT	0	0	-	NOT_APPLICABLE	RUNTIME_STRUCTURE	SEARCH_EMPTY	[v23 @ X8_v3 (Il2CppClass<TKey>)+28]
Il2CppClass.0x28	spine-unity	Spine.Collections.OrderedDictionary`2+KeyCollection	System.Collections.Generic.ICollection<TKey>.Contains	Il2CppClass<TKey>		RuntimeClassTypeAnalysisContext	28	0	0	0	Move:type Il2CppClass<TKey>	RUNTIME_STRUCT:RuntimeClassTypeAnalysisContext	RUNTIME_STRUCT	0	0	-	NOT_APPLICABLE	RUNTIME_STRUCTURE	SEARCH_EMPTY	[v23 @ X8_v3 (Il2CppClass<TKey>)+28]
Il2CppClass.0x28	spine-unity	Spine.Collections.OrderedDictionary`2+KeyCollection	System.Collections.Generic.ICollection<TKey>.Contains	Il2CppClass<TKey>		RuntimeClassTypeAnalysisContext	28	0	0	0	Move:type Il2CppClass<TKey>	RUNTIME_STRUCT:RuntimeClassTypeAnalysisContext	RUNTIME_STRUCT	0	0	-	NOT_APPLICABLE	RUNTIME_STRUCTURE	SEARCH_EMPTY	[v23 @ X8_v3 (Il2CppClass<TKey>)+28]
Il2CppClass.0x28	spine-unity	Spine.Collections.OrderedDictionary`2+KeyCollection	System.Collections.Generic.ICollection<TKey>.Contains	Il2CppClass<TKey>		RuntimeClassTypeAnalysisContext	28	0	0	0	Move:type Il2CppClass<TKey>	RUNTIME_STRUCT:RuntimeClassTypeAnalysisContext	RUNTIME_STRUCT	0	0	-	NOT_APPLICABLE	RUNTIME_STRUCTURE	SEARCH_EMPTY	[v23 @ X8_v3 (Il2CppClass<TKey>)+28]
base has no type, from Move from AddressOf(stack_-30)	spine-unity	Spine.Collections.OrderedDictionary`2+KeyCollection	System.Collections.Generic.ICollection<TKey>.Contains	<untyped>			FFFFFFFFFFFFFFF4	0	0	0	Move:AddressOf	TYPE_PROPAGATION:address-of	NO_BASE_TYPE	0	0	-	NOT_APPLICABLE	UNKNOWN	NO_OWNER	[v12 @ X29_v1-C]
base has no type, from no definition	spine-unity	Spine.Collections.OrderedDictionary`2+KeyCollection	System.Collections.Generic.ICollection<TKey>.Contains	<untyped>			28	0	0	0	<none>	TYPE_PROPAGATION:entry-value	NO_BASE_TYPE	0	0	-	NOT_APPLICABLE	ENTRY_VALUE	NO_OWNER	[v15 @ SYSREG+28]
base has no type, from Move from AddressOf(stack_-30)	spine-unity	Spine.Collections.OrderedDictionary`2+KeyCollection	System.Collections.Generic.ICollection<TKey>.Contains	<untyped>			FFFFFFFFFFFFFFF8	0	0	0	Move:AddressOf	TYPE_PROPAGATION:address-of	NO_BASE_TYPE	0	0	-	NOT_APPLICABLE	UNKNOWN	NO_OWNER	[v12 @ X29_v1-8]
base has no type, from no definition	spine-unity	Spine.Collections.OrderedDictionary`2+ValueCollection	GetEnumerator	<untyped>			28	0	0	0	<none>	TYPE_PROPAGATION:entry-value	NO_BASE_TYPE	0	0	-	NOT_APPLICABLE	ENTRY_VALUE	NO_OWNER	[v13 @ SYSREG+28]
Il2CppClass.0xFC	spine-unity	Spine.Collections.OrderedDictionary`2+ValueCollection	GetEnumerator	Il2CppClass<System.Collections.Generic.List`1<TValue>+Enumerator<TValue>>		RuntimeClassTypeAnalysisContext	FC	0	0	0	Move:type Il2CppClass<System.Collections.Generic.List`1<TValue>+Enumerator<TValue>>	RUNTIME_STRUCT:RuntimeClassTypeAnalysisContext	RUNTIME_STRUCT	0	0	-	NOT_APPLICABLE	RUNTIME_STRUCTURE	SEARCH_EMPTY	[v20 @ X9_v1 (Il2CppClass<System.Collections.Generic.List`1<TValue>+Enumerator<TValue>>)+FC]
base has no type, from no definition	spine-unity	Spine.Collections.OrderedDictionary`2+ValueCollection	GetEnumerator	<untyped>			28	0	0	0	<none>	TYPE_PROPAGATION:entry-value	NO_BASE_TYPE	0	0	-	NOT_APPLICABLE	ENTRY_VALUE	NO_OWNER	[v13 @ SYSREG+28]
base has no type, from Move from AddressOf(stack_-30)	spine-unity	Spine.Collections.OrderedDictionary`2+ValueCollection	GetEnumerator	<untyped>			FFFFFFFFFFFFFFF8	0	0	0	Move:AddressOf	TYPE_PROPAGATION:address-of	NO_BASE_TYPE	0	0	-	NOT_APPLICABLE	UNKNOWN	NO_OWNER	[v10 @ X29_v1-8]
base has no type, from no definition	spine-unity	Spine.Collections.OrderedDictionary`2+ValueCollection	System.Collections.Generic.ICollection<TValue>.Contains	<untyped>			28	0	0	0	<none>	TYPE_PROPAGATION:entry-value	NO_BASE_TYPE	0	0	-	NOT_APPLICABLE	ENTRY_VALUE	NO_OWNER	[v15 @ SYSREG+28]
Il2CppClass.0xFC	spine-unity	Spine.Collections.OrderedDictionary`2+ValueCollection	System.Collections.Generic.ICollection<TValue>.Contains	Il2CppClass<TValue>		RuntimeClassTypeAnalysisContext	FC	0	0	0	Move:type Il2CppClass<TValue>	RUNTIME_STRUCT:RuntimeClassTypeAnalysisContext	RUNTIME_STRUCT	0	0	-	NOT_APPLICABLE	RUNTIME_STRUCTURE	SEARCH_EMPTY	[v23 @ X8_v3 (Il2CppClass<TValue>)+FC]
Il2CppClass.0x28	spine-unity	Spine.Collections.OrderedDictionary`2+ValueCollection	System.Collections.Generic.ICollection<TValue>.Contains	Il2CppClass<TValue>		RuntimeClassTypeAnalysisContext	28	0	0	0	Move:type Il2CppClass<TValue>	RUNTIME_STRUCT:RuntimeClassTypeAnalysisContext	RUNTIME_STRUCT	0	0	-	NOT_APPLICABLE	RUNTIME_STRUCTURE	SEARCH_EMPTY	[v23 @ X8_v3 (Il2CppClass<TValue>)+28]
Il2CppClass.0x28	spine-unity	Spine.Collections.OrderedDictionary`2+ValueCollection	System.Collections.Generic.ICollection<TValue>.Contains	Il2CppClass<TValue>		RuntimeClassTypeAnalysisContext	28	0	0	0	Move:type Il2CppClass<TValue>	RUNTIME_STRUCT:RuntimeClassTypeAnalysisContext	RUNTIME_STRUCT	0	0	-	NOT_APPLICABLE	RUNTIME_STRUCTURE	SEARCH_EMPTY	[v23 @ X8_v3 (Il2CppClass<TValue>)+28]
Il2CppClass.0x28	spine-unity	Spine.Collections.OrderedDictionary`2+ValueCollection	System.Collections.Generic.ICollection<TValue>.Contains	Il2CppClass<TValue>		RuntimeClassTypeAnalysisContext	28	0	0	0	Move:type Il2CppClass<TValue>	RUNTIME_STRUCT:RuntimeClassTypeAnalysisContext	RUNTIME_STRUCT	0	0	-	NOT_APPLICABLE	RUNTIME_STRUCTURE	SEARCH_EMPTY	[v23 @ X8_v3 (Il2CppClass<TValue>)+28]
Il2CppClass.0x28	spine-unity	Spine.Collections.OrderedDictionary`2+ValueCollection	System.Collections.Generic.ICollection<TValue>.Contains	Il2CppClass<TValue>		RuntimeClassTypeAnalysisContext	28	0	0	0	Move:type Il2CppClass<TValue>	RUNTIME_STRUCT:RuntimeClassTypeAnalysisContext	RUNTIME_STRUCT	0	0	-	NOT_APPLICABLE	RUNTIME_STRUCTURE	SEARCH_EMPTY	[v23 @ X8_v3 (Il2CppClass<TValue>)+28]
base has no type, from Move from AddressOf(stack_-30)	spine-unity	Spine.Collections.OrderedDictionary`2+ValueCollection	System.Collections.Generic.ICollection<TValue>.Contains	<untyped>			FFFFFFFFFFFFFFF4	0	0	0	Move:AddressOf	TYPE_PROPAGATION:address-of	NO_BASE_TYPE	0	0	-	NOT_APPLICABLE	UNKNOWN	NO_OWNER	[v12 @ X29_v1-C]
base has no type, from no definition	spine-unity	Spine.Collections.OrderedDictionary`2+ValueCollection	System.Collections.Generic.ICollection<TValue>.Contains	<untyped>			28	0	0	0	<none>	TYPE_PROPAGATION:entry-value	NO_BASE_TYPE	0	0	-	NOT_APPLICABLE	ENTRY_VALUE	NO_OWNER	[v15 @ SYSREG+28]
base has no type, from Move from AddressOf(stack_-30)	spine-unity	Spine.Collections.OrderedDictionary`2+ValueCollection	System.Collections.Generic.ICollection<TValue>.Contains	<untyped>			FFFFFFFFFFFFFFF8	0	0	0	Move:AddressOf	TYPE_PROPAGATION:address-of	NO_BASE_TYPE	0	0	-	NOT_APPLICABLE	UNKNOWN	NO_OWNER	[v12 @ X29_v1-8]
array at 0x20, from Move from the field SubmeshInstruction[]	spine-unity	Spine.Unity.SkeletonRenderer	LateUpdate	Spine.Unity.SubmeshInstruction[]		SzArrayTypeAnalysisContext	20	0	0	0	Move:field SubmeshInstruction[]	ARRAY_ELEMENT:array-typed-base	NO_INSTANCE_FIELDS	0	0	BEYOND_LAYOUT	CLASS_OBJECT_RELATIVE	INSTANCE_FIELD	SEARCH_EMPTY	[v472 @ X9_v19 (Spine.Unity.SubmeshInstruction[])+20]
array at 0x40, from Move from the field SubmeshInstruction[]	spine-unity	Spine.Unity.SkeletonRenderer	LateUpdate	Spine.Unity.SubmeshInstruction[]		SzArrayTypeAnalysisContext	40	0	0	0	Move:field SubmeshInstruction[]	ARRAY_ELEMENT:array-typed-base	NO_INSTANCE_FIELDS	0	0	BEYOND_LAYOUT	CLASS_OBJECT_RELATIVE	INSTANCE_FIELD	SEARCH_EMPTY	[v472 @ X9_v19 (Spine.Unity.SubmeshInstruction[])+40]
array at 0x40, from Move from the field SubmeshInstruction[]	spine-unity	Spine.Unity.SkeletonRenderer	LateUpdate	Spine.Unity.SubmeshInstruction[]		SzArrayTypeAnalysisContext	40	0	0	0	Move:field SubmeshInstruction[]	ARRAY_ELEMENT:array-typed-base	NO_INSTANCE_FIELDS	0	0	BEYOND_LAYOUT	CLASS_OBJECT_RELATIVE	INSTANCE_FIELD	SEARCH_EMPTY	[v472 @ X9_v19 (Spine.Unity.SubmeshInstruction[])+40]
array at 0x30, from Move from the field SubmeshInstruction[]	spine-unity	Spine.Unity.SkeletonRenderer	LateUpdate	Spine.Unity.SubmeshInstruction[]		SzArrayTypeAnalysisContext	30	0	0	0	Move:field SubmeshInstruction[]	ARRAY_ELEMENT:array-typed-base	NO_INSTANCE_FIELDS	0	0	BEYOND_LAYOUT	CLASS_OBJECT_RELATIVE	INSTANCE_FIELD	SEARCH_EMPTY	[v472 @ X9_v19 (Spine.Unity.SubmeshInstruction[])+30]
base has no type, from no definition	spine-unity	Spine.Collections.OrderedDictionary`2+<GetEnumerator>d__34	MoveNext	<untyped>			28	0	0	0	<none>	TYPE_PROPAGATION:entry-value	NO_BASE_TYPE	0	0	-	NOT_APPLICABLE	ENTRY_VALUE	NO_OWNER	[v26 @ SYSREG+28]
Il2CppClass.0xFC	spine-unity	Spine.Collections.OrderedDictionary`2+<GetEnumerator>d__34	MoveNext	Il2CppClass<TKey>		RuntimeClassTypeAnalysisContext	FC	0	0	0	Move:type Il2CppClass<TKey>	RUNTIME_STRUCT:RuntimeClassTypeAnalysisContext	RUNTIME_STRUCT	0	0	-	NOT_APPLICABLE	RUNTIME_STRUCTURE	SEARCH_EMPTY	[v34 @ X8_v3 (Il2CppClass<TKey>)+FC]
Il2CppClass.0xFC	spine-unity	Spine.Collections.OrderedDictionary`2+<GetEnumerator>d__34	MoveNext	Il2CppClass<TValue>		RuntimeClassTypeAnalysisContext	FC	0	0	0	Move:type Il2CppClass<TValue>	RUNTIME_STRUCT:RuntimeClassTypeAnalysisContext	RUNTIME_STRUCT	0	0	-	NOT_APPLICABLE	RUNTIME_STRUCTURE	SEARCH_EMPTY	[v35 @ X9_v1 (Il2CppClass<TValue>)+FC]
Il2CppClass.0xFC	spine-unity	Spine.Collections.OrderedDictionary`2+<GetEnumerator>d__34	MoveNext	Il2CppClass<TKey>		RuntimeClassTypeAnalysisContext	FC	0	0	0	Move:type Il2CppClass<TKey>	RUNTIME_STRUCT:RuntimeClassTypeAnalysisContext	RUNTIME_STRUCT	0	0	-	NOT_APPLICABLE	RUNTIME_STRUCTURE	SEARCH_EMPTY	[v34 @ X8_v3 (Il2CppClass<TKey>)+FC]
Il2CppClass.0xFC	spine-unity	Spine.Collections.OrderedDictionary`2+<GetEnumerator>d__34	MoveNext	Il2CppClass<System.Collections.Generic.KeyValuePair`2<TKey, TValue>>		RuntimeClassTypeAnalysisContext	FC	0	0	0	Move:type Il2CppClass<System.Collections.Generic.KeyValuePair`2<TKey, TValue>>	RUNTIME_STRUCT:RuntimeClassTypeAnalysisContext	RUNTIME_STRUCT	0	0	-	NOT_APPLICABLE	RUNTIME_STRUCTURE	SEARCH_EMPTY	[v36 @ X10_v1 (Il2CppClass<System.Collections.Generic.KeyValuePair`2<TKey, TValue>>)+FC]
Il2CppClass.0xFC	spine-unity	Spine.Collections.OrderedDictionary`2+<GetEnumerator>d__34	MoveNext	Il2CppClass<TValue>		RuntimeClassTypeAnalysisContext	FC	0	0	0	Move:type Il2CppClass<TValue>	RUNTIME_STRUCT:RuntimeClassTypeAnalysisContext	RUNTIME_STRUCT	0	0	-	NOT_APPLICABLE	RUNTIME_STRUCTURE	SEARCH_EMPTY	[v35 @ X9_v1 (Il2CppClass<TValue>)+FC]
Il2CppClass.0x80	spine-unity	Spine.Collections.OrderedDictionary`2+<GetEnumerator>d__34	MoveNext	Il2CppClass<Spine.Collections.OrderedDictionary`2<TKey, TValue>+<GetEnumerator>d__34<TKey, TValue>>		RuntimeClassTypeAnalysisContext	80	0	0	0	Move:type Il2CppClass<Spine.Collections.OrderedDictionary`2<TKey, TValue>+<GetEnumerator>d__34<TKey, TValue>>	RUNTIME_STRUCT:RuntimeClassTypeAnalysisContext	RUNTIME_STRUCT	0	0	-	NOT_APPLICABLE	RUNTIME_STRUCTURE	SEARCH_EMPTY	[v110 @ X8_v22 (Il2CppClass<Spine.Collections.OrderedDictionary`2<TKey, TValue>+<GetEnumerator>d__34<TKey, TValue>>)+80]
Il2CppClass.0xFC	spine-unity	Spine.Collections.OrderedDictionary`2+<GetEnumerator>d__34	MoveNext	Il2CppClass<TValue>		RuntimeClassTypeAnalysisContext	FC	0	0	0	Move:type Il2CppClass<TValue>	RUNTIME_STRUCT:RuntimeClassTypeAnalysisContext	RUNTIME_STRUCT	0	0	-	NOT_APPLICABLE	RUNTIME_STRUCTURE	SEARCH_EMPTY	[v35 @ X9_v1 (Il2CppClass<TValue>)+FC]
Il2CppClass.0xFC	spine-unity	Spine.Collections.OrderedDictionary`2+<GetEnumerator>d__34	MoveNext	Il2CppClass<System.Collections.Generic.KeyValuePair`2<TKey, TValue>>		RuntimeClassTypeAnalysisContext	FC	0	0	0	Move:type Il2CppClass<System.Collections.Generic.KeyValuePair`2<TKey, TValue>>	RUNTIME_STRUCT:RuntimeClassTypeAnalysisContext	RUNTIME_STRUCT	0	0	-	NOT_APPLICABLE	RUNTIME_STRUCTURE	SEARCH_EMPTY	[v36 @ X10_v1 (Il2CppClass<System.Collections.Generic.KeyValuePair`2<TKey, TValue>>)+FC]
Il2CppClass.0x80	spine-unity	Spine.Collections.OrderedDictionary`2+<GetEnumerator>d__34	MoveNext	Il2CppClass<Spine.Collections.OrderedDictionary`2<TKey, TValue>+<GetEnumerator>d__34<TKey, TValue>>		RuntimeClassTypeAnalysisContext	80	0	0	0	Move:type Il2CppClass<Spine.Collections.OrderedDictionary`2<TKey, TValue>+<GetEnumerator>d__34<TKey, TValue>>	RUNTIME_STRUCT:RuntimeClassTypeAnalysisContext	RUNTIME_STRUCT	0	0	-	NOT_APPLICABLE	RUNTIME_STRUCTURE	SEARCH_EMPTY	[v388 @ X8_v88 (Il2CppClass<Spine.Collections.OrderedDictionary`2<TKey, TValue>+<GetEnumerator>d__34<TKey, TValue>>)+80]
value type base	spine-unity	Spine.Collections.OrderedDictionary`2+<GetEnumerator>d__34	MoveNext	System.Int32	System.ValueType	TypeAnalysisContext	28	0	1	0	Move:field Int32	PAST_LAST_FIELD:value-type	LAYOUT_KNOWN	1	10	BEYOND_LAYOUT	NEITHER	INSTANCE_FIELD	SEARCH_EMPTY	[v114 @ X24_v2 (System.Int32)+28]
Il2CppClass.0xFC	spine-unity	Spine.Collections.OrderedDictionary`2+<GetEnumerator>d__34	MoveNext	Il2CppClass<System.Collections.Generic.KeyValuePair`2<TKey, TValue>>		RuntimeClassTypeAnalysisContext	FC	0	0	0	Move:type Il2CppClass<System.Collections.Generic.KeyValuePair`2<TKey, TValue>>	RUNTIME_STRUCT:RuntimeClassTypeAnalysisContext	RUNTIME_STRUCT	0	0	-	NOT_APPLICABLE	RUNTIME_STRUCTURE	SEARCH_EMPTY	[v36 @ X10_v1 (Il2CppClass<System.Collections.Generic.KeyValuePair`2<TKey, TValue>>)+FC]
Il2CppClass.0x80	spine-unity	Spine.Collections.OrderedDictionary`2+<GetEnumerator>d__34	MoveNext	Il2CppClass<Spine.Collections.OrderedDictionary`2<TKey, TValue>+<GetEnumerator>d__34<TKey, TValue>>		RuntimeClassTypeAnalysisContext	80	0	0	0	Move:type Il2CppClass<Spine.Collections.OrderedDictionary`2<TKey, TValue>+<GetEnumerator>d__34<TKey, TValue>>	RUNTIME_STRUCT:RuntimeClassTypeAnalysisContext	RUNTIME_STRUCT	0	0	-	NOT_APPLICABLE	RUNTIME_STRUCTURE	SEARCH_EMPTY	[v331 @ X8_v74 (Il2CppClass<Spine.Collections.OrderedDictionary`2<TKey, TValue>+<GetEnumerator>d__34<TKey, TValue>>)+80]
value type base	spine-unity	Spine.Collections.OrderedDictionary`2+<GetEnumerator>d__34	MoveNext	System.Int32	System.ValueType	TypeAnalysisContext	28	0	1	0	Move:field Int32	PAST_LAST_FIELD:value-type	LAYOUT_KNOWN	1	10	BEYOND_LAYOUT	NEITHER	INSTANCE_FIELD	SEARCH_EMPTY	[v114 @ X24_v2 (System.Int32)+28]
Il2CppClass.0x80	spine-unity	Spine.Collections.OrderedDictionary`2+<GetEnumerator>d__34	MoveNext	Il2CppClass<Spine.Collections.OrderedDictionary`2<TKey, TValue>+<GetEnumerator>d__34<TKey, TValue>>		RuntimeClassTypeAnalysisContext	80	0	0	0	Move:type Il2CppClass<Spine.Collections.OrderedDictionary`2<TKey, TValue>+<GetEnumerator>d__34<TKey, TValue>>	RUNTIME_STRUCT:RuntimeClassTypeAnalysisContext	RUNTIME_STRUCT	0	0	-	NOT_APPLICABLE	RUNTIME_STRUCTURE	SEARCH_EMPTY	[v416 @ X8_v79 (Il2CppClass<Spine.Collections.OrderedDictionary`2<TKey, TValue>+<GetEnumerator>d__34<TKey, TValue>>)+80]
base has no type, from Move from AddressOf(an untyped local)	spine-unity	Spine.Collections.OrderedDictionary`2+<GetEnumerator>d__34	MoveNext	<untyped>			FFFFFFFFFFFFFFA0	0	0	0	Move:AddressOf	TYPE_PROPAGATION:address-of	NO_BASE_TYPE	0	0	-	NOT_APPLICABLE	UNKNOWN	NO_OWNER	[v1 @ X29-60]
Il2CppClass.0xFC	spine-unity	Spine.Collections.OrderedDictionary`2+<GetEnumerator>d__34	MoveNext	Il2CppClass<TValue>		RuntimeClassTypeAnalysisContext	FC	0	0	0	Move:type Il2CppClass<TValue>	RUNTIME_STRUCT:RuntimeClassTypeAnalysisContext	RUNTIME_STRUCT	0	0	-	NOT_APPLICABLE	RUNTIME_STRUCTURE	SEARCH_EMPTY	[v35 @ X9_v1 (Il2CppClass<TValue>)+FC]
Il2CppClass.0x80	spine-unity	Spine.Collections.OrderedDictionary`2+<GetEnumerator>d__34	MoveNext	Il2CppClass<Spine.Collections.OrderedDictionary`2<TKey, TValue>+<GetEnumerator>d__34<TKey, TValue>>		RuntimeClassTypeAnalysisContext	80	0	0	0	Move:type Il2CppClass<Spine.Collections.OrderedDictionary`2<TKey, TValue>+<GetEnumerator>d__34<TKey, TValue>>	RUNTIME_STRUCT:RuntimeClassTypeAnalysisContext	RUNTIME_STRUCT	0	0	-	NOT_APPLICABLE	RUNTIME_STRUCTURE	SEARCH_EMPTY	[v458 @ X8_v36 (Il2CppClass<Spine.Collections.OrderedDictionary`2<TKey, TValue>+<GetEnumerator>d__34<TKey, TValue>>)+80]
Il2CppClass.0x80	spine-unity	Spine.Collections.OrderedDictionary`2+<GetEnumerator>d__34	MoveNext	Il2CppClass<Spine.Collections.OrderedDictionary`2<TKey, TValue>+<GetEnumerator>d__34<TKey, TValue>>		RuntimeClassTypeAnalysisContext	80	0	0	0	Move:type Il2CppClass<Spine.Collections.OrderedDictionary`2<TKey, TValue>+<GetEnumerator>d__34<TKey, TValue>>	RUNTIME_STRUCT:RuntimeClassTypeAnalysisContext	RUNTIME_STRUCT	0	0	-	NOT_APPLICABLE	RUNTIME_STRUCTURE	SEARCH_EMPTY	[v473 @ X8_v44 (Il2CppClass<Spine.Collections.OrderedDictionary`2<TKey, TValue>+<GetEnumerator>d__34<TKey, TValue>>)+80]
base has no type, from Move from AddressOf(an untyped local)	spine-unity	Spine.Collections.OrderedDictionary`2+<GetEnumerator>d__34	MoveNext	<untyped>			FFFFFFFFFFFFFFB0	0	0	0	Move:AddressOf	TYPE_PROPAGATION:address-of	NO_BASE_TYPE	0	0	-	NOT_APPLICABLE	UNKNOWN	NO_OWNER	[v1 @ X29-50]
base has no type, from Move from AddressOf(an untyped local)	spine-unity	Spine.Collections.OrderedDictionary`2+<GetEnumerator>d__34	MoveNext	<untyped>			FFFFFFFFFFFFFFB8	0	0	0	Move:AddressOf	TYPE_PROPAGATION:address-of	NO_BASE_TYPE	0	0	-	NOT_APPLICABLE	UNKNOWN	NO_OWNER	[v1 @ X29-48]
base has no type, from Move from AddressOf(an untyped local)	spine-unity	Spine.Collections.OrderedDictionary`2+<GetEnumerator>d__34	MoveNext	<untyped>			FFFFFFFFFFFFFFA0	0	0	0	Move:AddressOf	TYPE_PROPAGATION:address-of	NO_BASE_TYPE	0	0	-	NOT_APPLICABLE	UNKNOWN	NO_OWNER	[v1 @ X29-60]
Il2CppClass.0x28	spine-unity	Spine.Collections.OrderedDictionary`2+<GetEnumerator>d__34	MoveNext	Il2CppClass<TKey>		RuntimeClassTypeAnalysisContext	28	0	0	0	Move:type Il2CppClass<TKey>	RUNTIME_STRUCT:RuntimeClassTypeAnalysisContext	RUNTIME_STRUCT	0	0	-	NOT_APPLICABLE	RUNTIME_STRUCTURE	SEARCH_EMPTY	[v502 @ X9_v7 (Il2CppClass<TKey>)+28]
base has no type, from Move from AddressOf(an untyped local)	spine-unity	Spine.Collections.OrderedDictionary`2+<GetEnumerator>d__34	MoveNext	<untyped>			FFFFFFFFFFFFFF98	0	0	0	Move:AddressOf	TYPE_PROPAGATION:address-of	NO_BASE_TYPE	0	0	-	NOT_APPLICABLE	UNKNOWN	NO_OWNER	[v1 @ X29-68]
base has no type, from Move from AddressOf(an untyped local)	spine-unity	Spine.Collections.OrderedDictionary`2+<GetEnumerator>d__34	MoveNext	<untyped>			FFFFFFFFFFFFFFD8	0	0	0	Move:AddressOf	TYPE_PROPAGATION:address-of	NO_BASE_TYPE	0	0	-	NOT_APPLICABLE	UNKNOWN	NO_OWNER	[v1 @ X29-28]
Il2CppClass.0x80	spine-unity	Spine.Collections.OrderedDictionary`2+<GetEnumerator>d__34	MoveNext	Il2CppClass<Spine.Collections.OrderedDictionary`2<TKey, TValue>+<GetEnumerator>d__34<TKey, TValue>>		RuntimeClassTypeAnalysisContext	80	0	0	0	Move:type Il2CppClass<Spine.Collections.OrderedDictionary`2<TKey, TValue>+<GetEnumerator>d__34<TKey, TValue>>	RUNTIME_STRUCT:RuntimeClassTypeAnalysisContext	RUNTIME_STRUCT	0	0	-	NOT_APPLICABLE	RUNTIME_STRUCTURE	SEARCH_EMPTY	[v548 @ X8_v59 (Il2CppClass<Spine.Collections.OrderedDictionary`2<TKey, TValue>+<GetEnumerator>d__34<TKey, TValue>>)+80]
base has no type, from Move from AddressOf(an untyped local)	spine-unity	Spine.Collections.OrderedDictionary`2+<GetEnumerator>d__34	MoveNext	<untyped>			FFFFFFFFFFFFFFC0	0	0	0	Move:AddressOf	TYPE_PROPAGATION:address-of	NO_BASE_TYPE	0	0	-	NOT_APPLICABLE	UNKNOWN	NO_OWNER	[v1 @ X29-40]
base has no type, from Move from an untyped base	spine-unity	Spine.Collections.OrderedDictionary`2+<GetEnumerator>d__34	MoveNext	<untyped>			28	0	0	0	Move:untyped local	PHI_AMBIGUITY:multiple-definitions	NO_BASE_TYPE	0	0	-	NOT_APPLICABLE	UNKNOWN	NO_OWNER	[v199 @ X23_v5+28]
base has no type, from Move from AddressOf(an untyped local)	spine-unity	Spine.Collections.OrderedDictionary`2+<GetEnumerator>d__34	MoveNext	<untyped>			FFFFFFFFFFFFFFF8	0	0	0	Move:AddressOf	TYPE_PROPAGATION:address-of	NO_BASE_TYPE	0	0	-	NOT_APPLICABLE	UNKNOWN	NO_OWNER	[v1 @ X29-8]
Il2CppClass.0x80	spine-unity	Spine.Collections.OrderedDictionary`2+<GetEnumerator>d__34	MoveNext	Il2CppClass<Spine.Collections.OrderedDictionary`2<TKey, TValue>+<GetEnumerator>d__34<TKey, TValue>>		RuntimeClassTypeAnalysisContext	80	0	0	0	Move:type Il2CppClass<Spine.Collections.OrderedDictionary`2<TKey, TValue>+<GetEnumerator>d__34<TKey, TValue>>	RUNTIME_STRUCT:RuntimeClassTypeAnalysisContext	RUNTIME_STRUCT	0	0	-	NOT_APPLICABLE	RUNTIME_STRUCTURE	SEARCH_EMPTY	[v435 @ X8_v27 (Il2CppClass<Spine.Collections.OrderedDictionary`2<TKey, TValue>+<GetEnumerator>d__34<TKey, TValue>>)+80]
Il2CppClass.0x80	spine-unity	Spine.Collections.OrderedDictionary`2+<GetEnumerator>d__34	MoveNext	Il2CppClass<Spine.Collections.OrderedDictionary`2<TKey, TValue>+<GetEnumerator>d__34<TKey, TValue>>		RuntimeClassTypeAnalysisContext	80	0	0	0	Move:type Il2CppClass<Spine.Collections.OrderedDictionary`2<TKey, TValue>+<GetEnumerator>d__34<TKey, TValue>>	RUNTIME_STRUCT:RuntimeClassTypeAnalysisContext	RUNTIME_STRUCT	0	0	-	NOT_APPLICABLE	RUNTIME_STRUCTURE	SEARCH_EMPTY	[v448 @ X8_v31 (Il2CppClass<Spine.Collections.OrderedDictionary`2<TKey, TValue>+<GetEnumerator>d__34<TKey, TValue>>)+80]
base has no type, from Move from AddressOf(an untyped local)	spine-unity	Spine.Collections.OrderedDictionary`2+<GetEnumerator>d__34	MoveNext	<untyped>			FFFFFFFFFFFFFFA8	0	0	0	Move:AddressOf	TYPE_PROPAGATION:address-of	NO_BASE_TYPE	0	0	-	NOT_APPLICABLE	UNKNOWN	NO_OWNER	[v1 @ X29-58]
Il2CppClass.0x28	spine-unity	Spine.Collections.OrderedDictionary`2+<GetEnumerator>d__34	MoveNext	Il2CppClass<TValue>		RuntimeClassTypeAnalysisContext	28	0	0	0	Move:type Il2CppClass<TValue>	RUNTIME_STRUCT:RuntimeClassTypeAnalysisContext	RUNTIME_STRUCT	0	0	-	NOT_APPLICABLE	RUNTIME_STRUCTURE	SEARCH_EMPTY	[v518 @ X9_v9 (Il2CppClass<TValue>)+28]
base has no type, from Move from AddressOf(an untyped local)	spine-unity	Spine.Collections.OrderedDictionary`2+<GetEnumerator>d__34	MoveNext	<untyped>			FFFFFFFFFFFFFFC0	0	0	0	Move:AddressOf	TYPE_PROPAGATION:address-of	NO_BASE_TYPE	0	0	-	NOT_APPLICABLE	UNKNOWN	NO_OWNER	[v1 @ X29-40]
Il2CppClass.0x80	spine-unity	Spine.Collections.OrderedDictionary`2+<GetEnumerator>d__34	MoveNext	Il2CppClass<Spine.Collections.OrderedDictionary`2<TKey, TValue>+<GetEnumerator>d__34<TKey, TValue>>		RuntimeClassTypeAnalysisContext	80	0	0	0	Move:type Il2CppClass<Spine.Collections.OrderedDictionary`2<TKey, TValue>+<GetEnumerator>d__34<TKey, TValue>>	RUNTIME_STRUCT:RuntimeClassTypeAnalysisContext	RUNTIME_STRUCT	0	0	-	NOT_APPLICABLE	RUNTIME_STRUCTURE	SEARCH_EMPTY	[v541 @ X8_v55 (Il2CppClass<Spine.Collections.OrderedDictionary`2<TKey, TValue>+<GetEnumerator>d__34<TKey, TValue>>)+80]
base has no type, from no definition	spine-unity	Spine.Collections.OrderedDictionary`2+<GetEnumerator>d__34	System.Collections.Generic.IEnumerator<System.Collections.Generic.KeyValuePair<TKey,TValue>>.get_Current	<untyped>			28	0	0	0	<none>	TYPE_PROPAGATION:entry-value	NO_BASE_TYPE	0	0	-	NOT_APPLICABLE	ENTRY_VALUE	NO_OWNER	[v15 @ SYSREG+28]
base has no type, from no definition	spine-unity	Spine.Collections.OrderedDictionary`2+<GetEnumerator>d__34	System.Collections.Generic.IEnumerator<System.Collections.Generic.KeyValuePair<TKey,TValue>>.get_Current	<untyped>			20	0	0	0	<none>	TYPE_PROPAGATION:entry-value	NO_BASE_TYPE	0	0	-	NOT_APPLICABLE	ENTRY_VALUE	NO_OWNER	[v20 @ X2+20]
base has no type, from Move from an untyped base	spine-unity	Spine.Collections.OrderedDictionary`2+<GetEnumerator>d__34	System.Collections.Generic.IEnumerator<System.Collections.Generic.KeyValuePair<TKey,TValue>>.get_Current	<untyped>			C0	0	0	0	Move:memory	TYPE_PROPAGATION:entry-value	NO_BASE_TYPE	0	0	-	NOT_APPLICABLE	LOADED_POINTER	NO_OWNER	[v19 @ X8_v2+C0]
base has no type, from Move from an untyped base	spine-unity	Spine.Collections.OrderedDictionary`2+<GetEnumerator>d__34	System.Collections.Generic.IEnumerator<System.Collections.Generic.KeyValuePair<TKey,TValue>>.get_Current	<untyped>			40	0	0	0	Move:memory	TYPE_PROPAGATION:entry-value	NO_BASE_TYPE	0	0	-	NOT_APPLICABLE	LOADED_POINTER	NO_OWNER	[v21 @ X8_v3+40]
base has no type, from Move from an untyped base	spine-unity	Spine.Collections.OrderedDictionary`2+<GetEnumerator>d__34	System.Collections.Generic.IEnumerator<System.Collections.Generic.KeyValuePair<TKey,TValue>>.get_Current	<untyped>			FC	0	0	0	Move:memory	TYPE_PROPAGATION:entry-value	NO_BASE_TYPE	0	0	-	NOT_APPLICABLE	LOADED_POINTER	NO_OWNER	[v22 @ X9_v1+FC]
base has no type, from Move from an untyped base	spine-unity	Spine.Collections.OrderedDictionary`2+<GetEnumerator>d__34	System.Collections.Generic.IEnumerator<System.Collections.Generic.KeyValuePair<TKey,TValue>>.get_Current	<untyped>			80	0	0	0	Move:memory	TYPE_PROPAGATION:entry-value	NO_BASE_TYPE	0	0	-	NOT_APPLICABLE	LOADED_POINTER	NO_OWNER	[v30 @ X8_v4+80]
base has no type, from no definition	spine-unity	Spine.Collections.OrderedDictionary`2+<GetEnumerator>d__34	System.Collections.Generic.IEnumerator<System.Collections.Generic.KeyValuePair<TKey,TValue>>.get_Current	<untyped>			28	0	0	0	<none>	TYPE_PROPAGATION:entry-value	NO_BASE_TYPE	0	0	-	NOT_APPLICABLE	ENTRY_VALUE	NO_OWNER	[v15 @ SYSREG+28]
base has no type, from Move from AddressOf(stack_-30)	spine-unity	Spine.Collections.OrderedDictionary`2+<GetEnumerator>d__34	System.Collections.Generic.IEnumerator<System.Collections.Generic.KeyValuePair<TKey,TValue>>.get_Current	<untyped>			FFFFFFFFFFFFFFF8	0	0	0	Move:AddressOf	TYPE_PROPAGATION:address-of	NO_BASE_TYPE	0	0	-	NOT_APPLICABLE	UNKNOWN	NO_OWNER	[v12 @ X29_v1-8]
base has no type, from no definition	spine-unity	Spine.Collections.OrderedDictionary`2+<GetEnumerator>d__34	System.Collections.IEnumerator.get_Current	<untyped>			28	0	0	0	<none>	TYPE_PROPAGATION:entry-value	NO_BASE_TYPE	0	0	-	NOT_APPLICABLE	ENTRY_VALUE	NO_OWNER	[v15 @ SYSREG+28]
Il2CppClass.0xFC	spine-unity	Spine.Collections.OrderedDictionary`2+<GetEnumerator>d__34	System.Collections.IEnumerator.get_Current	Il2CppClass<System.Collections.Generic.KeyValuePair`2<TKey, TValue>>		RuntimeClassTypeAnalysisContext	FC	0	0	0	Move:type Il2CppClass<System.Collections.Generic.KeyValuePair`2<TKey, TValue>>	RUNTIME_STRUCT:RuntimeClassTypeAnalysisContext	RUNTIME_STRUCT	0	0	-	NOT_APPLICABLE	RUNTIME_STRUCTURE	SEARCH_EMPTY	[v21 @ X9_v1 (Il2CppClass<System.Collections.Generic.KeyValuePair`2<TKey, TValue>>)+FC]
Il2CppClass.0x80	spine-unity	Spine.Collections.OrderedDictionary`2+<GetEnumerator>d__34	System.Collections.IEnumerator.get_Current	Il2CppClass<Spine.Collections.OrderedDictionary`2<TKey, TValue>+<GetEnumerator>d__34<TKey, TValue>>		RuntimeClassTypeAnalysisContext	80	0	0	0	Move:type Il2CppClass<Spine.Collections.OrderedDictionary`2<TKey, TValue>+<GetEnumerator>d__34<TKey, TValue>>	RUNTIME_STRUCT:RuntimeClassTypeAnalysisContext	RUNTIME_STRUCT	0	0	-	NOT_APPLICABLE	RUNTIME_STRUCTURE	SEARCH_EMPTY	[v29 @ X8_v4 (Il2CppClass<Spine.Collections.OrderedDictionary`2<TKey, TValue>+<GetEnumerator>d__34<TKey, TValue>>)+80]
base has no type, from no definition	spine-unity	Spine.Collections.OrderedDictionary`2+<GetEnumerator>d__34	System.Collections.IEnumerator.get_Current	<untyped>			28	0	0	0	<none>	TYPE_PROPAGATION:entry-value	NO_BASE_TYPE	0	0	-	NOT_APPLICABLE	ENTRY_VALUE	NO_OWNER	[v15 @ SYSREG+28]
base has no type, from Move from AddressOf(stack_-30)	spine-unity	Spine.Collections.OrderedDictionary`2+<GetEnumerator>d__34	System.Collections.IEnumerator.get_Current	<untyped>			FFFFFFFFFFFFFFF8	0	0	0	Move:AddressOf	TYPE_PROPAGATION:address-of	NO_BASE_TYPE	0	0	-	NOT_APPLICABLE	UNKNOWN	NO_OWNER	[v12 @ X29_v1-8]
base has no type, from no definition	spine-unity	Spine.Collections.OrderedDictionary`2	Add	<untyped>			28	0	0	0	<none>	TYPE_PROPAGATION:entry-value	NO_BASE_TYPE	0	0	-	NOT_APPLICABLE	ENTRY_VALUE	NO_OWNER	[v27 @ SYSREG+28]
Il2CppClass.0xFC	spine-unity	Spine.Collections.OrderedDictionary`2	Add	Il2CppClass<TKey>		RuntimeClassTypeAnalysisContext	FC	0	0	0	Move:type Il2CppClass<TKey>	RUNTIME_STRUCT:RuntimeClassTypeAnalysisContext	RUNTIME_STRUCT	0	0	-	NOT_APPLICABLE	RUNTIME_STRUCTURE	SEARCH_EMPTY	[v38 @ X9_v1 (Il2CppClass<TKey>)+FC]
Il2CppClass.0xFC	spine-unity	Spine.Collections.OrderedDictionary`2	Add	Il2CppClass<TValue>		RuntimeClassTypeAnalysisContext	FC	0	0	0	Move:type Il2CppClass<TValue>	RUNTIME_STRUCT:RuntimeClassTypeAnalysisContext	RUNTIME_STRUCT	0	0	-	NOT_APPLICABLE	RUNTIME_STRUCTURE	SEARCH_EMPTY	[v39 @ X8_v4 (Il2CppClass<TValue>)+FC]
Il2CppClass.0x28	spine-unity	Spine.Collections.OrderedDictionary`2	Add	Il2CppClass<TKey>		RuntimeClassTypeAnalysisContext	28	0	0	0	Move:type Il2CppClass<TKey>	RUNTIME_STRUCT:RuntimeClassTypeAnalysisContext	RUNTIME_STRUCT	0	0	-	NOT_APPLICABLE	RUNTIME_STRUCTURE	SEARCH_EMPTY	[v38 @ X9_v1 (Il2CppClass<TKey>)+28]
Il2CppClass.0x28	spine-unity	Spine.Collections.OrderedDictionary`2	Add	Il2CppClass<TKey>		RuntimeClassTypeAnalysisContext	28	0	0	0	Move:type Il2CppClass<TKey>	RUNTIME_STRUCT:RuntimeClassTypeAnalysisContext	RUNTIME_STRUCT	0	0	-	NOT_APPLICABLE	RUNTIME_STRUCTURE	SEARCH_EMPTY	[v38 @ X9_v1 (Il2CppClass<TKey>)+28]
Il2CppClass.0x28	spine-unity	Spine.Collections.OrderedDictionary`2	Add	Il2CppClass<TKey>		RuntimeClassTypeAnalysisContext	28	0	0	0	Move:type Il2CppClass<TKey>	RUNTIME_STRUCT:RuntimeClassTypeAnalysisContext	RUNTIME_STRUCT	0	0	-	NOT_APPLICABLE	RUNTIME_STRUCTURE	SEARCH_EMPTY	[v38 @ X9_v1 (Il2CppClass<TKey>)+28]
Il2CppClass.0x28	spine-unity	Spine.Collections.OrderedDictionary`2	Add	Il2CppClass<TKey>		RuntimeClassTypeAnalysisContext	28	0	0	0	Move:type Il2CppClass<TKey>	RUNTIME_STRUCT:RuntimeClassTypeAnalysisContext	RUNTIME_STRUCT	0	0	-	NOT_APPLICABLE	RUNTIME_STRUCTURE	SEARCH_EMPTY	[v38 @ X9_v1 (Il2CppClass<TKey>)+28]
base has no type, from Move from AddressOf(stack_-60)	spine-unity	Spine.Collections.OrderedDictionary`2	Add	<untyped>			FFFFFFFFFFFFFFC8	0	0	0	Move:AddressOf	TYPE_PROPAGATION:address-of	NO_BASE_TYPE	0	0	-	NOT_APPLICABLE	UNKNOWN	NO_OWNER	[v24 @ X29_v1-38]
Il2CppClass.0x28	spine-unity	Spine.Collections.OrderedDictionary`2	Add	Il2CppClass<TKey>		RuntimeClassTypeAnalysisContext	28	0	0	0	Move:type Il2CppClass<TKey>	RUNTIME_STRUCT:RuntimeClassTypeAnalysisContext	RUNTIME_STRUCT	0	0	-	NOT_APPLICABLE	RUNTIME_STRUCTURE	SEARCH_EMPTY	[v222 @ X8_v18 (Il2CppClass<TKey>)+28]
Il2CppClass.0x28	spine-unity	Spine.Collections.OrderedDictionary`2	Add	Il2CppClass<TKey>		RuntimeClassTypeAnalysisContext	28	0	0	0	Move:type Il2CppClass<TKey>	RUNTIME_STRUCT:RuntimeClassTypeAnalysisContext	RUNTIME_STRUCT	0	0	-	NOT_APPLICABLE	RUNTIME_STRUCTURE	SEARCH_EMPTY	[v222 @ X8_v18 (Il2CppClass<TKey>)+28]
Il2CppClass.0x28	spine-unity	Spine.Collections.OrderedDictionary`2	Add	Il2CppClass<TKey>		RuntimeClassTypeAnalysisContext	28	0	0	0	Move:type Il2CppClass<TKey>	RUNTIME_STRUCT:RuntimeClassTypeAnalysisContext	RUNTIME_STRUCT	0	0	-	NOT_APPLICABLE	RUNTIME_STRUCTURE	SEARCH_EMPTY	[v222 @ X8_v18 (Il2CppClass<TKey>)+28]
Il2CppClass.0x28	spine-unity	Spine.Collections.OrderedDictionary`2	Add	Il2CppClass<TKey>		RuntimeClassTypeAnalysisContext	28	0	0	0	Move:type Il2CppClass<TKey>	RUNTIME_STRUCT:RuntimeClassTypeAnalysisContext	RUNTIME_STRUCT	0	0	-	NOT_APPLICABLE	RUNTIME_STRUCTURE	SEARCH_EMPTY	[v222 @ X8_v18 (Il2CppClass<TKey>)+28]
Il2CppClass.0x28	spine-unity	Spine.Collections.OrderedDictionary`2	Add	Il2CppClass<TValue>		RuntimeClassTypeAnalysisContext	28	0	0	0	Move:type Il2CppClass<TValue>	RUNTIME_STRUCT:RuntimeClassTypeAnalysisContext	RUNTIME_STRUCT	0	0	-	NOT_APPLICABLE	RUNTIME_STRUCTURE	SEARCH_EMPTY	[v285 @ X8_v25 (Il2CppClass<TValue>)+28]
Il2CppClass.0x28	spine-unity	Spine.Collections.OrderedDictionary`2	Add	Il2CppClass<TValue>		RuntimeClassTypeAnalysisContext	28	0	0	0	Move:type Il2CppClass<TValue>	RUNTIME_STRUCT:RuntimeClassTypeAnalysisContext	RUNTIME_STRUCT	0	0	-	NOT_APPLICABLE	RUNTIME_STRUCTURE	SEARCH_EMPTY	[v285 @ X8_v25 (Il2CppClass<TValue>)+28]
Il2CppClass.0x28	spine-unity	Spine.Collections.OrderedDictionary`2	Add	Il2CppClass<TValue>		RuntimeClassTypeAnalysisContext	28	0	0	0	Move:type Il2CppClass<TValue>	RUNTIME_STRUCT:RuntimeClassTypeAnalysisContext	RUNTIME_STRUCT	0	0	-	NOT_APPLICABLE	RUNTIME_STRUCTURE	SEARCH_EMPTY	[v285 @ X8_v25 (Il2CppClass<TValue>)+28]
Il2CppClass.0x28	spine-unity	Spine.Collections.OrderedDictionary`2	Add	Il2CppClass<TValue>		RuntimeClassTypeAnalysisContext	28	0	0	0	Move:type Il2CppClass<TValue>	RUNTIME_STRUCT:RuntimeClassTypeAnalysisContext	RUNTIME_STRUCT	0	0	-	NOT_APPLICABLE	RUNTIME_STRUCTURE	SEARCH_EMPTY	[v285 @ X8_v25 (Il2CppClass<TValue>)+28]
base has no type, from Move from AddressOf(stack_-60)	spine-unity	Spine.Collections.OrderedDictionary`2	Add	<untyped>			FFFFFFFFFFFFFFC0	0	0	0	Move:AddressOf	TYPE_PROPAGATION:address-of	NO_BASE_TYPE	0	0	-	NOT_APPLICABLE	UNKNOWN	NO_OWNER	[v24 @ X29_v1-40]
base has no type, from Move from an untyped base	spine-unity	Spine.Collections.OrderedDictionary`2	Add	<untyped>			28	0	0	0	Move:memory	TYPE_PROPAGATION:address-of	NO_BASE_TYPE	0	0	-	NOT_APPLICABLE	LOADED_POINTER	NO_OWNER	[v209 @ X21_v6+28]
base has no type, from Move from AddressOf(stack_-60)	spine-unity	Spine.Collections.OrderedDictionary`2	Add	<untyped>			FFFFFFFFFFFFFFF8	0	0	0	Move:AddressOf	TYPE_PROPAGATION:address-of	NO_BASE_TYPE	0	0	-	NOT_APPLICABLE	UNKNOWN	NO_OWNER	[v24 @ X29_v1-8]
base has no type, from no definition	spine-unity	Spine.Collections.OrderedDictionary`2	Insert	<untyped>			28	0	0	0	<none>	TYPE_PROPAGATION:entry-value	NO_BASE_TYPE	0	0	-	NOT_APPLICABLE	ENTRY_VALUE	NO_OWNER	[v26 @ SYSREG+28]
Il2CppClass.0xFC	spine-unity	Spine.Collections.OrderedDictionary`2	Insert	Il2CppClass<TKey>		RuntimeClassTypeAnalysisContext	FC	0	0	0	Move:type Il2CppClass<TKey>	RUNTIME_STRUCT:RuntimeClassTypeAnalysisContext	RUNTIME_STRUCT	0	0	-	NOT_APPLICABLE	RUNTIME_STRUCTURE	SEARCH_EMPTY	[v38 @ X8_v3 (Il2CppClass<TKey>)+FC]
Il2CppClass.0xFC	spine-unity	Spine.Collections.OrderedDictionary`2	Insert	Il2CppClass<TValue>		RuntimeClassTypeAnalysisContext	FC	0	0	0	Move:type Il2CppClass<TValue>	RUNTIME_STRUCT:RuntimeClassTypeAnalysisContext	RUNTIME_STRUCT	0	0	-	NOT_APPLICABLE	RUNTIME_STRUCTURE	SEARCH_EMPTY	[v39 @ X9_v1 (Il2CppClass<TValue>)+FC]
Il2CppClass.0xFC	spine-unity	Spine.Collections.OrderedDictionary`2	Insert	Il2CppClass<TValue>		RuntimeClassTypeAnalysisContext	FC	0	0	0	Move:type Il2CppClass<TValue>	RUNTIME_STRUCT:RuntimeClassTypeAnalysisContext	RUNTIME_STRUCT	0	0	-	NOT_APPLICABLE	RUNTIME_STRUCTURE	SEARCH_EMPTY	[v39 @ X9_v1 (Il2CppClass<TValue>)+FC]
base has no type, from Move from AddressOf(an untyped local)	spine-unity	Spine.Collections.OrderedDictionary`2	Insert	<untyped>			FFFFFFFFFFFFFFCC	0	0	0	Move:AddressOf	TYPE_PROPAGATION:address-of	NO_BASE_TYPE	0	0	-	NOT_APPLICABLE	UNKNOWN	NO_OWNER	[v1 @ X29-34]
Il2CppClass.0x28	spine-unity	Spine.Collections.OrderedDictionary`2	Insert	Il2CppClass<TKey>		RuntimeClassTypeAnalysisContext	28	0	0	0	Move:type Il2CppClass<TKey>	RUNTIME_STRUCT:RuntimeClassTypeAnalysisContext	RUNTIME_STRUCT	0	0	-	NOT_APPLICABLE	RUNTIME_STRUCTURE	SEARCH_EMPTY	[v270 @ X8_v39 (Il2CppClass<TKey>)+28]
Il2CppClass.0x28	spine-unity	Spine.Collections.OrderedDictionary`2	Insert	Il2CppClass<TKey>		RuntimeClassTypeAnalysisContext	28	0	0	0	Move:type Il2CppClass<TKey>	RUNTIME_STRUCT:RuntimeClassTypeAnalysisContext	RUNTIME_STRUCT	0	0	-	NOT_APPLICABLE	RUNTIME_STRUCTURE	SEARCH_EMPTY	[v270 @ X8_v39 (Il2CppClass<TKey>)+28]
Il2CppClass.0x28	spine-unity	Spine.Collections.OrderedDictionary`2	Insert	Il2CppClass<TKey>		RuntimeClassTypeAnalysisContext	28	0	0	0	Move:type Il2CppClass<TKey>	RUNTIME_STRUCT:RuntimeClassTypeAnalysisContext	RUNTIME_STRUCT	0	0	-	NOT_APPLICABLE	RUNTIME_STRUCTURE	SEARCH_EMPTY	[v270 @ X8_v39 (Il2CppClass<TKey>)+28]
Il2CppClass.0x28	spine-unity	Spine.Collections.OrderedDictionary`2	Insert	Il2CppClass<TKey>		RuntimeClassTypeAnalysisContext	28	0	0	0	Move:type Il2CppClass<TKey>	RUNTIME_STRUCT:RuntimeClassTypeAnalysisContext	RUNTIME_STRUCT	0	0	-	NOT_APPLICABLE	RUNTIME_STRUCTURE	SEARCH_EMPTY	[v270 @ X8_v39 (Il2CppClass<TKey>)+28]
base has no type, from Move from AddressOf(an untyped local)	spine-unity	Spine.Collections.OrderedDictionary`2	Insert	<untyped>			FFFFFFFFFFFFFFC0	0	0	0	Move:AddressOf	TYPE_PROPAGATION:address-of	NO_BASE_TYPE	0	0	-	NOT_APPLICABLE	UNKNOWN	NO_OWNER	[v1 @ X29-40]
base has no type, from Move from AddressOf(an untyped local)	spine-unity	Spine.Collections.OrderedDictionary`2	Insert	<untyped>			FFFFFFFFFFFFFFCC	0	0	0	Move:AddressOf	TYPE_PROPAGATION:address-of	NO_BASE_TYPE	0	0	-	NOT_APPLICABLE	UNKNOWN	NO_OWNER	[v1 @ X29-34]
Il2CppClass.0x28	spine-unity	Spine.Collections.OrderedDictionary`2	Insert	Il2CppClass<TKey>		RuntimeClassTypeAnalysisContext	28	0	0	0	Move:type Il2CppClass<TKey>	RUNTIME_STRUCT:RuntimeClassTypeAnalysisContext	RUNTIME_STRUCT	0	0	-	NOT_APPLICABLE	RUNTIME_STRUCTURE	SEARCH_EMPTY	[v294 @ X8_v15 (Il2CppClass<TKey>)+28]
Il2CppClass.0x28	spine-unity	Spine.Collections.OrderedDictionary`2	Insert	Il2CppClass<TKey>		RuntimeClassTypeAnalysisContext	28	0	0	0	Move:type Il2CppClass<TKey>	RUNTIME_STRUCT:RuntimeClassTypeAnalysisContext	RUNTIME_STRUCT	0	0	-	NOT_APPLICABLE	RUNTIME_STRUCTURE	SEARCH_EMPTY	[v294 @ X8_v15 (Il2CppClass<TKey>)+28]
Il2CppClass.0x28	spine-unity	Spine.Collections.OrderedDictionary`2	Insert	Il2CppClass<TKey>		RuntimeClassTypeAnalysisContext	28	0	0	0	Move:type Il2CppClass<TKey>	RUNTIME_STRUCT:RuntimeClassTypeAnalysisContext	RUNTIME_STRUCT	0	0	-	NOT_APPLICABLE	RUNTIME_STRUCTURE	SEARCH_EMPTY	[v294 @ X8_v15 (Il2CppClass<TKey>)+28]
Il2CppClass.0x28	spine-unity	Spine.Collections.OrderedDictionary`2	Insert	Il2CppClass<TKey>		RuntimeClassTypeAnalysisContext	28	0	0	0	Move:type Il2CppClass<TKey>	RUNTIME_STRUCT:RuntimeClassTypeAnalysisContext	RUNTIME_STRUCT	0	0	-	NOT_APPLICABLE	RUNTIME_STRUCTURE	SEARCH_EMPTY	[v294 @ X8_v15 (Il2CppClass<TKey>)+28]
base has no type, from Move from AddressOf(an untyped local)	spine-unity	Spine.Collections.OrderedDictionary`2	Insert	<untyped>			FFFFFFFFFFFFFFC0	0	0	0	Move:AddressOf	TYPE_PROPAGATION:address-of	NO_BASE_TYPE	0	0	-	NOT_APPLICABLE	UNKNOWN	NO_OWNER	[v1 @ X29-40]
base has no type, from Move from AddressOf(an untyped local)	spine-unity	Spine.Collections.OrderedDictionary`2	Insert	<untyped>			FFFFFFFFFFFFFFA0	0	0	0	Move:AddressOf	TYPE_PROPAGATION:address-of	NO_BASE_TYPE	0	0	-	NOT_APPLICABLE	UNKNOWN	NO_OWNER	[v1 @ X29-60]
base has no type, from Move from AddressOf(an untyped local)	spine-unity	Spine.Collections.OrderedDictionary`2	Insert	<untyped>			FFFFFFFFFFFFFFB0	0	0	0	Move:AddressOf	TYPE_PROPAGATION:address-of	NO_BASE_TYPE	0	0	-	NOT_APPLICABLE	UNKNOWN	NO_OWNER	[v1 @ X29-50]
base has no type, from Move from AddressOf(an untyped local)	spine-unity	Spine.Collections.OrderedDictionary`2	Insert	<untyped>			FFFFFFFFFFFFFFCC	0	0	0	Move:AddressOf	TYPE_PROPAGATION:address-of	NO_BASE_TYPE	0	0	-	NOT_APPLICABLE	UNKNOWN	NO_OWNER	[v1 @ X29-34]
base has no type, from Move from AddressOf(an untyped local)	spine-unity	Spine.Collections.OrderedDictionary`2	Insert	<untyped>			FFFFFFFFFFFFFFCC	0	0	0	Move:AddressOf	TYPE_PROPAGATION:address-of	NO_BASE_TYPE	0	0	-	NOT_APPLICABLE	UNKNOWN	NO_OWNER	[v1 @ X29-34]
base has no type, from Move from AddressOf(an untyped local)	spine-unity	Spine.Collections.OrderedDictionary`2	Insert	<untyped>			FFFFFFFFFFFFFFCC	0	0	0	Move:AddressOf	TYPE_PROPAGATION:address-of	NO_BASE_TYPE	0	0	-	NOT_APPLICABLE	UNKNOWN	NO_OWNER	[v1 @ X29-34]
Il2CppClass.0x28	spine-unity	Spine.Collections.OrderedDictionary`2	Insert	Il2CppClass<TValue>		RuntimeClassTypeAnalysisContext	28	0	0	0	Move:type Il2CppClass<TValue>	RUNTIME_STRUCT:RuntimeClassTypeAnalysisContext	RUNTIME_STRUCT	0	0	-	NOT_APPLICABLE	RUNTIME_STRUCTURE	SEARCH_EMPTY	[v347 @ X8_v24 (Il2CppClass<TValue>)+28]
Il2CppClass.0x28	spine-unity	Spine.Collections.OrderedDictionary`2	Insert	Il2CppClass<TValue>		RuntimeClassTypeAnalysisContext	28	0	0	0	Move:type Il2CppClass<TValue>	RUNTIME_STRUCT:RuntimeClassTypeAnalysisContext	RUNTIME_STRUCT	0	0	-	NOT_APPLICABLE	RUNTIME_STRUCTURE	SEARCH_EMPTY	[v347 @ X8_v24 (Il2CppClass<TValue>)+28]
Il2CppClass.0x28	spine-unity	Spine.Collections.OrderedDictionary`2	Insert	Il2CppClass<TValue>		RuntimeClassTypeAnalysisContext	28	0	0	0	Move:type Il2CppClass<TValue>	RUNTIME_STRUCT:RuntimeClassTypeAnalysisContext	RUNTIME_STRUCT	0	0	-	NOT_APPLICABLE	RUNTIME_STRUCTURE	SEARCH_EMPTY	[v347 @ X8_v24 (Il2CppClass<TValue>)+28]
Il2CppClass.0x28	spine-unity	Spine.Collections.OrderedDictionary`2	Insert	Il2CppClass<TValue>		RuntimeClassTypeAnalysisContext	28	0	0	0	Move:type Il2CppClass<TValue>	RUNTIME_STRUCT:RuntimeClassTypeAnalysisContext	RUNTIME_STRUCT	0	0	-	NOT_APPLICABLE	RUNTIME_STRUCTURE	SEARCH_EMPTY	[v347 @ X8_v24 (Il2CppClass<TValue>)+28]
base has no type, from Move from AddressOf(an untyped local)	spine-unity	Spine.Collections.OrderedDictionary`2	Insert	<untyped>			FFFFFFFFFFFFFFCC	0	0	0	Move:AddressOf	TYPE_PROPAGATION:address-of	NO_BASE_TYPE	0	0	-	NOT_APPLICABLE	UNKNOWN	NO_OWNER	[v1 @ X29-34]
base has no type, from Move from AddressOf(an untyped local)	spine-unity	Spine.Collections.OrderedDictionary`2	Insert	<untyped>			FFFFFFFFFFFFFFB8	0	0	0	Move:AddressOf	TYPE_PROPAGATION:address-of	NO_BASE_TYPE	0	0	-	NOT_APPLICABLE	UNKNOWN	NO_OWNER	[v1 @ X29-48]
base has no type, from Move from an untyped base	spine-unity	Spine.Collections.OrderedDictionary`2	Insert	<untyped>			28	0	0	0	Move:memory	TYPE_PROPAGATION:address-of	NO_BASE_TYPE	0	0	-	NOT_APPLICABLE	LOADED_POINTER	NO_OWNER	[v264 @ X22_v5+28]
base has no type, from Move from AddressOf(an untyped local)	spine-unity	Spine.Collections.OrderedDictionary`2	Insert	<untyped>			FFFFFFFFFFFFFFF8	0	0	0	Move:AddressOf	TYPE_PROPAGATION:address-of	NO_BASE_TYPE	0	0	-	NOT_APPLICABLE	UNKNOWN	NO_OWNER	[v1 @ X29-8]
base has no type, from Move from AddressOf(an untyped local)	spine-unity	Spine.Collections.OrderedDictionary`2	Insert	<untyped>			FFFFFFFFFFFFFFF4	0	0	0	Move:AddressOf	TYPE_PROPAGATION:address-of	NO_BASE_TYPE	0	0	-	NOT_APPLICABLE	UNKNOWN	NO_OWNER	[v1 @ X29-C]
base has no type, from no definition	spine-unity	Spine.Collections.OrderedDictionary`2	ContainsKey	<untyped>			28	0	0	0	<none>	TYPE_PROPAGATION:entry-value	NO_BASE_TYPE	0	0	-	NOT_APPLICABLE	ENTRY_VALUE	NO_OWNER	[v15 @ SYSREG+28]
Il2CppClass.0xFC	spine-unity	Spine.Collections.OrderedDictionary`2	ContainsKey	Il2CppClass<TKey>		RuntimeClassTypeAnalysisContext	FC	0	0	0	Move:type Il2CppClass<TKey>	RUNTIME_STRUCT:RuntimeClassTypeAnalysisContext	RUNTIME_STRUCT	0	0	-	NOT_APPLICABLE	RUNTIME_STRUCTURE	SEARCH_EMPTY	[v23 @ X8_v3 (Il2CppClass<TKey>)+FC]
Il2CppClass.0x28	spine-unity	Spine.Collections.OrderedDictionary`2	ContainsKey	Il2CppClass<TKey>		RuntimeClassTypeAnalysisContext	28	0	0	0	Move:type Il2CppClass<TKey>	RUNTIME_STRUCT:RuntimeClassTypeAnalysisContext	RUNTIME_STRUCT	0	0	-	NOT_APPLICABLE	RUNTIME_STRUCTURE	SEARCH_EMPTY	[v23 @ X8_v3 (Il2CppClass<TKey>)+28]
Il2CppClass.0x28	spine-unity	Spine.Collections.OrderedDictionary`2	ContainsKey	Il2CppClass<TKey>		RuntimeClassTypeAnalysisContext	28	0	0	0	Move:type Il2CppClass<TKey>	RUNTIME_STRUCT:RuntimeClassTypeAnalysisContext	RUNTIME_STRUCT	0	0	-	NOT_APPLICABLE	RUNTIME_STRUCTURE	SEARCH_EMPTY	[v23 @ X8_v3 (Il2CppClass<TKey>)+28]
Il2CppClass.0x28	spine-unity	Spine.Collections.OrderedDictionary`2	ContainsKey	Il2CppClass<TKey>		RuntimeClassTypeAnalysisContext	28	0	0	0	Move:type Il2CppClass<TKey>	RUNTIME_STRUCT:RuntimeClassTypeAnalysisContext	RUNTIME_STRUCT	0	0	-	NOT_APPLICABLE	RUNTIME_STRUCTURE	SEARCH_EMPTY	[v23 @ X8_v3 (Il2CppClass<TKey>)+28]
Il2CppClass.0x28	spine-unity	Spine.Collections.OrderedDictionary`2	ContainsKey	Il2CppClass<TKey>		RuntimeClassTypeAnalysisContext	28	0	0	0	Move:type Il2CppClass<TKey>	RUNTIME_STRUCT:RuntimeClassTypeAnalysisContext	RUNTIME_STRUCT	0	0	-	NOT_APPLICABLE	RUNTIME_STRUCTURE	SEARCH_EMPTY	[v23 @ X8_v3 (Il2CppClass<TKey>)+28]
base has no type, from Move from AddressOf(stack_-30)	spine-unity	Spine.Collections.OrderedDictionary`2	ContainsKey	<untyped>			FFFFFFFFFFFFFFF4	0	0	0	Move:AddressOf	TYPE_PROPAGATION:address-of	NO_BASE_TYPE	0	0	-	NOT_APPLICABLE	UNKNOWN	NO_OWNER	[v12 @ X29_v1-C]
base has no type, from no definition	spine-unity	Spine.Collections.OrderedDictionary`2	ContainsKey	<untyped>			28	0	0	0	<none>	TYPE_PROPAGATION:entry-value	NO_BASE_TYPE	0	0	-	NOT_APPLICABLE	ENTRY_VALUE	NO_OWNER	[v15 @ SYSREG+28]
base has no type, from Move from AddressOf(stack_-30)	spine-unity	Spine.Collections.OrderedDictionary`2	ContainsKey	<untyped>			FFFFFFFFFFFFFFF8	0	0	0	Move:AddressOf	TYPE_PROPAGATION:address-of	NO_BASE_TYPE	0	0	-	NOT_APPLICABLE	UNKNOWN	NO_OWNER	[v12 @ X29_v1-8]
past the last field of the base type	DOTween	DG.Tweening.TweenSettingsExtensions	SetEase	T		GenericParameterTypeAnalysisContext	E8	0	0	0	<none>	GENERIC_LAYOUT:open-parameter	OPEN_TYPE_PARAMETER	0	0	-	NOT_APPLICABLE	PARAMETER	SEARCH_EMPTY	[t @ X0 (T)+E8]
past the last field of the base type	DOTween	DG.Tweening.TweenSettingsExtensions	SetEase	T		GenericParameterTypeAnalysisContext	E8	0	0	0	<none>	GENERIC_LAYOUT:open-parameter	OPEN_TYPE_PARAMETER	0	0	-	NOT_APPLICABLE	PARAMETER	SEARCH_EMPTY	[t @ X0 (T)+E8]
past the last field of the base type	DOTween	DG.Tweening.TweenSettingsExtensions	SetRecyclable	T		GenericParameterTypeAnalysisContext	E8	0	0	0	<none>	GENERIC_LAYOUT:open-parameter	OPEN_TYPE_PARAMETER	0	0	-	NOT_APPLICABLE	PARAMETER	SEARCH_EMPTY	[t @ X0 (T)+E8]
past the last field of the base type	DOTween	DG.Tweening.TweenSettingsExtensions	SetRecyclable	T		GenericParameterTypeAnalysisContext	E8	0	0	0	<none>	GENERIC_LAYOUT:open-parameter	OPEN_TYPE_PARAMETER	0	0	-	NOT_APPLICABLE	PARAMETER	SEARCH_EMPTY	[t @ X0 (T)+E8]
past the last field of the base type	DOTween	DG.Tweening.TweenSettingsExtensions	SetUpdate	T		GenericParameterTypeAnalysisContext	E8	0	0	0	<none>	GENERIC_LAYOUT:open-parameter	OPEN_TYPE_PARAMETER	0	0	-	NOT_APPLICABLE	PARAMETER	SEARCH_EMPTY	[t @ X0 (T)+E8]
past the last field of the base type	DOTween	DG.Tweening.TweenSettingsExtensions	SetUpdate	T		GenericParameterTypeAnalysisContext	E8	0	0	0	<none>	GENERIC_LAYOUT:open-parameter	OPEN_TYPE_PARAMETER	0	0	-	NOT_APPLICABLE	PARAMETER	SEARCH_EMPTY	[t @ X0 (T)+E8]
past the last field of the base type	DOTween	DG.Tweening.TweenSettingsExtensions	SetUpdate	T		GenericParameterTypeAnalysisContext	E8	0	0	0	<none>	GENERIC_LAYOUT:open-parameter	OPEN_TYPE_PARAMETER	0	0	-	NOT_APPLICABLE	PARAMETER	SEARCH_EMPTY	[t @ X0 (T)+E8]
past the last field of the base type	DOTween	DG.Tweening.TweenSettingsExtensions	SetInverted	T		GenericParameterTypeAnalysisContext	E8	0	0	0	<none>	GENERIC_LAYOUT:open-parameter	OPEN_TYPE_PARAMETER	0	0	-	NOT_APPLICABLE	PARAMETER	SEARCH_EMPTY	[t @ X0 (T)+E8]
past the last field of the base type	DOTween	DG.Tweening.TweenSettingsExtensions	SetInverted	T		GenericParameterTypeAnalysisContext	100	0	0	0	<none>	GENERIC_LAYOUT:open-parameter	OPEN_TYPE_PARAMETER	0	0	-	NOT_APPLICABLE	PARAMETER	SEARCH_EMPTY	[t @ X0 (T)+100]
past the last field of the base type	DOTween	DG.Tweening.TweenSettingsExtensions	SetInverted	T		GenericParameterTypeAnalysisContext	E8	0	0	0	<none>	GENERIC_LAYOUT:open-parameter	OPEN_TYPE_PARAMETER	0	0	-	NOT_APPLICABLE	PARAMETER	SEARCH_EMPTY	[t @ X0 (T)+E8]
past the last field of the base type	DOTween	DG.Tweening.TweenSettingsExtensions	SetInverted	T		GenericParameterTypeAnalysisContext	100	0	0	0	<none>	GENERIC_LAYOUT:open-parameter	OPEN_TYPE_PARAMETER	0	0	-	NOT_APPLICABLE	PARAMETER	SEARCH_EMPTY	[t @ X0 (T)+100]
past the last field of the base type	DOTween	DG.Tweening.TweenSettingsExtensions	OnStart	T		GenericParameterTypeAnalysisContext	E8	0	0	0	<none>	GENERIC_LAYOUT:open-parameter	OPEN_TYPE_PARAMETER	0	0	-	NOT_APPLICABLE	PARAMETER	SEARCH_EMPTY	[t @ X0 (T)+E8]
past the last field of the base type	DOTween	DG.Tweening.TweenSettingsExtensions	OnPlay	T		GenericParameterTypeAnalysisContext	E8	0	0	0	<none>	GENERIC_LAYOUT:open-parameter	OPEN_TYPE_PARAMETER	0	0	-	NOT_APPLICABLE	PARAMETER	SEARCH_EMPTY	[t @ X0 (T)+E8]
past the last field of the base type	DOTween	DG.Tweening.TweenSettingsExtensions	OnPause	T		GenericParameterTypeAnalysisContext	E8	0	0	0	<none>	GENERIC_LAYOUT:open-parameter	OPEN_TYPE_PARAMETER	0	0	-	NOT_APPLICABLE	PARAMETER	SEARCH_EMPTY	[t @ X0 (T)+E8]
past the last field of the base type	DOTween	DG.Tweening.TweenSettingsExtensions	OnRewind	T		GenericParameterTypeAnalysisContext	E8	0	0	0	<none>	GENERIC_LAYOUT:open-parameter	OPEN_TYPE_PARAMETER	0	0	-	NOT_APPLICABLE	PARAMETER	SEARCH_EMPTY	[t @ X0 (T)+E8]
past the last field of the base type	DOTween	DG.Tweening.TweenSettingsExtensions	OnUpdate	T		GenericParameterTypeAnalysisContext	E8	0	0	0	<none>	GENERIC_LAYOUT:open-parameter	OPEN_TYPE_PARAMETER	0	0	-	NOT_APPLICABLE	PARAMETER	SEARCH_EMPTY	[t @ X0 (T)+E8]
past the last field of the base type	DOTween	DG.Tweening.TweenSettingsExtensions	OnStepComplete	T		GenericParameterTypeAnalysisContext	E8	0	0	0	<none>	GENERIC_LAYOUT:open-parameter	OPEN_TYPE_PARAMETER	0	0	-	NOT_APPLICABLE	PARAMETER	SEARCH_EMPTY	[t @ X0 (T)+E8]
past the last field of the base type	DOTween	DG.Tweening.TweenSettingsExtensions	OnComplete	T		GenericParameterTypeAnalysisContext	E8	0	0	0	<none>	GENERIC_LAYOUT:open-parameter	OPEN_TYPE_PARAMETER	0	0	-	NOT_APPLICABLE	PARAMETER	SEARCH_EMPTY	[t @ X0 (T)+E8]
past the last field of the base type	DOTween	DG.Tweening.TweenSettingsExtensions	OnKill	T		GenericParameterTypeAnalysisContext	E8	0	0	0	<none>	GENERIC_LAYOUT:open-parameter	OPEN_TYPE_PARAMETER	0	0	-	NOT_APPLICABLE	PARAMETER	SEARCH_EMPTY	[t @ X0 (T)+E8]
past the last field of the base type	DOTween	DG.Tweening.TweenSettingsExtensions	OnWaypointChange	T		GenericParameterTypeAnalysisContext	E8	0	0	0	<none>	GENERIC_LAYOUT:open-parameter	OPEN_TYPE_PARAMETER	0	0	-	NOT_APPLICABLE	PARAMETER	SEARCH_EMPTY	[t @ X0 (T)+E8]
past the last field of the base type	DOTween	DG.Tweening.TweenSettingsExtensions	SetAs	T		GenericParameterTypeAnalysisContext	E8	0	0	0	<none>	GENERIC_LAYOUT:open-parameter	OPEN_TYPE_PARAMETER	0	0	-	NOT_APPLICABLE	PARAMETER	SEARCH_EMPTY	[t @ X0 (T)+E8]
past the last field of the base type	DOTween	DG.Tweening.TweenSettingsExtensions	SetAs	T		GenericParameterTypeAnalysisContext	100	0	0	0	<none>	GENERIC_LAYOUT:open-parameter	OPEN_TYPE_PARAMETER	0	0	-	NOT_APPLICABLE	PARAMETER	SEARCH_EMPTY	[t @ X0 (T)+100]
past the last field of the base type	DOTween	DG.Tweening.TweenSettingsExtensions	SetAs	T		GenericParameterTypeAnalysisContext	10	0	0	0	<none>	GENERIC_LAYOUT:open-parameter	OPEN_TYPE_PARAMETER	0	0	-	NOT_APPLICABLE	PARAMETER	SEARCH_EMPTY	[t @ X0 (T)+10]
past the last field of the base type	DOTween	DG.Tweening.TweenSettingsExtensions	SetAs	T		GenericParameterTypeAnalysisContext	A0	0	0	0	<none>	GENERIC_LAYOUT:open-parameter	OPEN_TYPE_PARAMETER	0	0	-	NOT_APPLICABLE	PARAMETER	SEARCH_EMPTY	[t @ X0 (T)+A0]
past the last field of the base type	DOTween	DG.Tweening.TweenSettingsExtensions	SetAs	T		GenericParameterTypeAnalysisContext	E8	0	0	0	<none>	GENERIC_LAYOUT:open-parameter	OPEN_TYPE_PARAMETER	0	0	-	NOT_APPLICABLE	PARAMETER	SEARCH_EMPTY	[t @ X0 (T)+E8]
past the last field of the base type	DOTween	DG.Tweening.TweenSettingsExtensions	SetAs	T		GenericParameterTypeAnalysisContext	100	0	0	0	<none>	GENERIC_LAYOUT:open-parameter	OPEN_TYPE_PARAMETER	0	0	-	NOT_APPLICABLE	PARAMETER	SEARCH_EMPTY	[t @ X0 (T)+100]
past the last field of the base type	DOTween	DG.Tweening.TweenSettingsExtensions	SetAs	T		GenericParameterTypeAnalysisContext	10	0	0	0	<none>	GENERIC_LAYOUT:open-parameter	OPEN_TYPE_PARAMETER	0	0	-	NOT_APPLICABLE	PARAMETER	SEARCH_EMPTY	[t @ X0 (T)+10]
past the last field of the base type	DOTween	DG.Tweening.TweenSettingsExtensions	SetAs	T		GenericParameterTypeAnalysisContext	A0	0	0	0	<none>	GENERIC_LAYOUT:open-parameter	OPEN_TYPE_PARAMETER	0	0	-	NOT_APPLICABLE	PARAMETER	SEARCH_EMPTY	[t @ X0 (T)+A0]
past the last field of the base type	DOTween	DG.Tweening.TweenSettingsExtensions	SetAs	T		GenericParameterTypeAnalysisContext	10	0	0	0	<none>	GENERIC_LAYOUT:open-parameter	OPEN_TYPE_PARAMETER	0	0	-	NOT_APPLICABLE	PARAMETER	SEARCH_EMPTY	[t @ X0 (T)+10]
past the last field of the base type	DOTween	DG.Tweening.TweenSettingsExtensions	From	T		GenericParameterTypeAnalysisContext	E8	0	0	0	<none>	GENERIC_LAYOUT:open-parameter	OPEN_TYPE_PARAMETER	0	0	-	NOT_APPLICABLE	PARAMETER	SEARCH_EMPTY	[t @ X0 (T)+E8]
past the last field of the base type	DOTween	DG.Tweening.TweenSettingsExtensions	From	T		GenericParameterTypeAnalysisContext	100	0	0	0	<none>	GENERIC_LAYOUT:open-parameter	OPEN_TYPE_PARAMETER	0	0	-	NOT_APPLICABLE	PARAMETER	SEARCH_EMPTY	[t @ X0 (T)+100]
past the last field of the base type	DOTween	DG.Tweening.TweenSettingsExtensions	From	T		GenericParameterTypeAnalysisContext	121	0	0	0	<none>	GENERIC_LAYOUT:open-parameter	OPEN_TYPE_PARAMETER	0	0	-	NOT_APPLICABLE	PARAMETER	SEARCH_EMPTY	[t @ X0 (T)+121]
past the last field of the base type	DOTween	DG.Tweening.TweenSettingsExtensions	From	T		GenericParameterTypeAnalysisContext	E8	0	0	0	<none>	GENERIC_LAYOUT:open-parameter	OPEN_TYPE_PARAMETER	0	0	-	NOT_APPLICABLE	PARAMETER	SEARCH_EMPTY	[t @ X0 (T)+E8]
past the last field of the base type	DOTween	DG.Tweening.TweenSettingsExtensions	From	T		GenericParameterTypeAnalysisContext	100	0	0	0	<none>	GENERIC_LAYOUT:open-parameter	OPEN_TYPE_PARAMETER	0	0	-	NOT_APPLICABLE	PARAMETER	SEARCH_EMPTY	[t @ X0 (T)+100]
past the last field of the base type	DOTween	DG.Tweening.TweenSettingsExtensions	From	T		GenericParameterTypeAnalysisContext	121	0	0	0	<none>	GENERIC_LAYOUT:open-parameter	OPEN_TYPE_PARAMETER	0	0	-	NOT_APPLICABLE	PARAMETER	SEARCH_EMPTY	[t @ X0 (T)+121]
past the last field of the base type	DOTween	DG.Tweening.TweenSettingsExtensions	From	T		GenericParameterTypeAnalysisContext	99	0	0	0	<none>	GENERIC_LAYOUT:open-parameter	OPEN_TYPE_PARAMETER	0	0	-	NOT_APPLICABLE	PARAMETER	SEARCH_EMPTY	[t @ X0 (T)+99]
base has no type, from no definition	DOTween	DG.Tweening.TweenSettingsExtensions	From	<untyped>			28	0	0	0	<none>	TYPE_PROPAGATION:entry-value	NO_BASE_TYPE	0	0	-	NOT_APPLICABLE	ENTRY_VALUE	NO_OWNER	[v21 @ SYSREG+28]
Il2CppClass.0x28	DOTween	DG.Tweening.TweenSettingsExtensions	From	Il2CppClass<T2>		RuntimeClassTypeAnalysisContext	28	0	0	0	Move:type Il2CppClass<T2>	RUNTIME_STRUCT:RuntimeClassTypeAnalysisContext	RUNTIME_STRUCT	0	0	-	NOT_APPLICABLE	RUNTIME_STRUCTURE	SEARCH_EMPTY	[v167 @ X8_v12 (Il2CppClass<T2>)+28]
Il2CppClass.0x28	DOTween	DG.Tweening.TweenSettingsExtensions	From	Il2CppClass<T2>		RuntimeClassTypeAnalysisContext	28	0	0	0	Move:type Il2CppClass<T2>	RUNTIME_STRUCT:RuntimeClassTypeAnalysisContext	RUNTIME_STRUCT	0	0	-	NOT_APPLICABLE	RUNTIME_STRUCTURE	SEARCH_EMPTY	[v167 @ X8_v12 (Il2CppClass<T2>)+28]
Il2CppClass.0x28	DOTween	DG.Tweening.TweenSettingsExtensions	From	Il2CppClass<T2>		RuntimeClassTypeAnalysisContext	28	0	0	0	Move:type Il2CppClass<T2>	RUNTIME_STRUCT:RuntimeClassTypeAnalysisContext	RUNTIME_STRUCT	0	0	-	NOT_APPLICABLE	RUNTIME_STRUCTURE	SEARCH_EMPTY	[v167 @ X8_v12 (Il2CppClass<T2>)+28]
Il2CppClass.0x28	DOTween	DG.Tweening.TweenSettingsExtensions	From	Il2CppClass<T2>		RuntimeClassTypeAnalysisContext	28	0	0	0	Move:type Il2CppClass<T2>	RUNTIME_STRUCT:RuntimeClassTypeAnalysisContext	RUNTIME_STRUCT	0	0	-	NOT_APPLICABLE	RUNTIME_STRUCTURE	SEARCH_EMPTY	[v167 @ X8_v12 (Il2CppClass<T2>)+28]
Il2CppClass.0xFC	DOTween	DG.Tweening.TweenSettingsExtensions	From	Il2CppClass<T2>		RuntimeClassTypeAnalysisContext	FC	0	0	0	Move:type Il2CppClass<T2>	RUNTIME_STRUCT:RuntimeClassTypeAnalysisContext	RUNTIME_STRUCT	0	0	-	NOT_APPLICABLE	RUNTIME_STRUCTURE	SEARCH_EMPTY	[v52 @ X8_v4 (Il2CppClass<T2>)+FC]
Il2CppClass.0xFC	DOTween	DG.Tweening.TweenSettingsExtensions	From	Il2CppClass<T2>		RuntimeClassTypeAnalysisContext	FC	0	0	0	Move:type Il2CppClass<T2>	RUNTIME_STRUCT:RuntimeClassTypeAnalysisContext	RUNTIME_STRUCT	0	0	-	NOT_APPLICABLE	RUNTIME_STRUCTURE	SEARCH_EMPTY	[v52 @ X8_v4 (Il2CppClass<T2>)+FC]
base has no type, from no definition	DOTween	DG.Tweening.TweenSettingsExtensions	From	<untyped>			28	0	0	0	<none>	TYPE_PROPAGATION:entry-value	NO_BASE_TYPE	0	0	-	NOT_APPLICABLE	ENTRY_VALUE	NO_OWNER	[v21 @ SYSREG+28]
base has no type, from Move from AddressOf(stack_-50)	DOTween	DG.Tweening.TweenSettingsExtensions	From	<untyped>			FFFFFFFFFFFFFFF8	0	0	0	Move:AddressOf	TYPE_PROPAGATION:address-of	NO_BASE_TYPE	0	0	-	NOT_APPLICABLE	UNKNOWN	NO_OWNER	[v18 @ X29_v1-8]
past the last field of the base type	DOTween	DG.Tweening.TweenSettingsExtensions	SetDelay	T		GenericParameterTypeAnalysisContext	E8	0	0	0	<none>	GENERIC_LAYOUT:open-parameter	OPEN_TYPE_PARAMETER	0	0	-	NOT_APPLICABLE	PARAMETER	SEARCH_EMPTY	[t @ X0 (T)+E8]
past the last field of the base type	DOTween	DG.Tweening.TweenSettingsExtensions	SetDelay	T		GenericParameterTypeAnalysisContext	100	0	0	0	<none>	GENERIC_LAYOUT:open-parameter	OPEN_TYPE_PARAMETER	0	0	-	NOT_APPLICABLE	PARAMETER	SEARCH_EMPTY	[t @ X0 (T)+100]
past the last field of the base type	DOTween	DG.Tweening.TweenSettingsExtensions	SetDelay	T		GenericParameterTypeAnalysisContext	10	0	0	0	<none>	GENERIC_LAYOUT:open-parameter	OPEN_TYPE_PARAMETER	0	0	-	NOT_APPLICABLE	PARAMETER	SEARCH_EMPTY	[t @ X0 (T)+10]
past the last field of the base type	DOTween	DG.Tweening.TweenSettingsExtensions	SetDelay	T		GenericParameterTypeAnalysisContext	E8	0	0	0	<none>	GENERIC_LAYOUT:open-parameter	OPEN_TYPE_PARAMETER	0	0	-	NOT_APPLICABLE	PARAMETER	SEARCH_EMPTY	[t @ X0 (T)+E8]
past the last field of the base type	DOTween	DG.Tweening.TweenSettingsExtensions	SetDelay	T		GenericParameterTypeAnalysisContext	100	0	0	0	<none>	GENERIC_LAYOUT:open-parameter	OPEN_TYPE_PARAMETER	0	0	-	NOT_APPLICABLE	PARAMETER	SEARCH_EMPTY	[t @ X0 (T)+100]
past the last field of the base type	DOTween	DG.Tweening.TweenSettingsExtensions	SetDelay	T		GenericParameterTypeAnalysisContext	10	0	0	0	<none>	GENERIC_LAYOUT:open-parameter	OPEN_TYPE_PARAMETER	0	0	-	NOT_APPLICABLE	PARAMETER	SEARCH_EMPTY	[t @ X0 (T)+10]
past the last field of the base type	DOTween	DG.Tweening.TweenSettingsExtensions	SetRelative	T		GenericParameterTypeAnalysisContext	E8	0	0	0	<none>	GENERIC_LAYOUT:open-parameter	OPEN_TYPE_PARAMETER	0	0	-	NOT_APPLICABLE	PARAMETER	SEARCH_EMPTY	[t @ X0 (T)+E8]
past the last field of the base type	DOTween	DG.Tweening.TweenSettingsExtensions	SetRelative	T		GenericParameterTypeAnalysisContext	100	0	0	0	<none>	GENERIC_LAYOUT:open-parameter	OPEN_TYPE_PARAMETER	0	0	-	NOT_APPLICABLE	PARAMETER	SEARCH_EMPTY	[t @ X0 (T)+100]
past the last field of the base type	DOTween	DG.Tweening.TweenSettingsExtensions	SetRelative	T		GenericParameterTypeAnalysisContext	98	0	0	0	<none>	GENERIC_LAYOUT:open-parameter	OPEN_TYPE_PARAMETER	0	0	-	NOT_APPLICABLE	PARAMETER	SEARCH_EMPTY	[t @ X0 (T)+98]
past the last field of the base type	DOTween	DG.Tweening.TweenSettingsExtensions	SetRelative	T		GenericParameterTypeAnalysisContext	99	0	0	0	<none>	GENERIC_LAYOUT:open-parameter	OPEN_TYPE_PARAMETER	0	0	-	NOT_APPLICABLE	PARAMETER	SEARCH_EMPTY	[t @ X0 (T)+99]
past the last field of the base type	DOTween	DG.Tweening.TweenSettingsExtensions	SetRelative	T		GenericParameterTypeAnalysisContext	E8	0	0	0	<none>	GENERIC_LAYOUT:open-parameter	OPEN_TYPE_PARAMETER	0	0	-	NOT_APPLICABLE	PARAMETER	SEARCH_EMPTY	[t @ X0 (T)+E8]
past the last field of the base type	DOTween	DG.Tweening.TweenSettingsExtensions	SetRelative	T		GenericParameterTypeAnalysisContext	100	0	0	0	<none>	GENERIC_LAYOUT:open-parameter	OPEN_TYPE_PARAMETER	0	0	-	NOT_APPLICABLE	PARAMETER	SEARCH_EMPTY	[t @ X0 (T)+100]
past the last field of the base type	DOTween	DG.Tweening.TweenSettingsExtensions	SetRelative	T		GenericParameterTypeAnalysisContext	98	0	0	0	<none>	GENERIC_LAYOUT:open-parameter	OPEN_TYPE_PARAMETER	0	0	-	NOT_APPLICABLE	PARAMETER	SEARCH_EMPTY	[t @ X0 (T)+98]
past the last field of the base type	DOTween	DG.Tweening.TweenSettingsExtensions	SetRelative	T		GenericParameterTypeAnalysisContext	99	0	0	0	<none>	GENERIC_LAYOUT:open-parameter	OPEN_TYPE_PARAMETER	0	0	-	NOT_APPLICABLE	PARAMETER	SEARCH_EMPTY	[t @ X0 (T)+99]
past the last field of the base type	DOTween	DG.Tweening.TweenSettingsExtensions	SetSpeedBased	T		GenericParameterTypeAnalysisContext	E8	0	0	0	<none>	GENERIC_LAYOUT:open-parameter	OPEN_TYPE_PARAMETER	0	0	-	NOT_APPLICABLE	PARAMETER	SEARCH_EMPTY	[t @ X0 (T)+E8]
past the last field of the base type	DOTween	DG.Tweening.TweenSettingsExtensions	SetSpeedBased	T		GenericParameterTypeAnalysisContext	100	0	0	0	<none>	GENERIC_LAYOUT:open-parameter	OPEN_TYPE_PARAMETER	0	0	-	NOT_APPLICABLE	PARAMETER	SEARCH_EMPTY	[t @ X0 (T)+100]
past the last field of the base type	DOTween	DG.Tweening.TweenSettingsExtensions	SetSpeedBased	T		GenericParameterTypeAnalysisContext	E8	0	0	0	<none>	GENERIC_LAYOUT:open-parameter	OPEN_TYPE_PARAMETER	0	0	-	NOT_APPLICABLE	PARAMETER	SEARCH_EMPTY	[t @ X0 (T)+E8]
past the last field of the base type	DOTween	DG.Tweening.TweenSettingsExtensions	SetSpeedBased	T		GenericParameterTypeAnalysisContext	100	0	0	0	<none>	GENERIC_LAYOUT:open-parameter	OPEN_TYPE_PARAMETER	0	0	-	NOT_APPLICABLE	PARAMETER	SEARCH_EMPTY	[t @ X0 (T)+100]
base has no type, from Add of the field SubmeshInstruction[] and Int32	spine-unity	Spine.Unity.MeshGenerator	BuildMeshWithArrays	<untyped>			20	0	0	0	Add	PAST_LAST_FIELD:value-type	NO_BASE_TYPE	0	0	-	NOT_APPLICABLE	UNKNOWN	NO_OWNER	[v873 @ X9_v25+20]
base has no type, from Move from an untyped base	spine-unity	Spine.Unity.MeshGenerator	BuildMeshWithArrays	<untyped>			28	0	0	0	Move:memory	PAST_LAST_FIELD:value-type	NO_BASE_TYPE	0	0	-	NOT_APPLICABLE	LOADED_POINTER	NO_OWNER	[v997 @ X8_v51+28]
base has no type, from Add of the field SubmeshInstruction[] and Int32	spine-unity	Spine.Unity.MeshGenerator	BuildMeshWithArrays	<untyped>			28	0	0	0	Add	PAST_LAST_FIELD:value-type	NO_BASE_TYPE	0	0	-	NOT_APPLICABLE	UNKNOWN	NO_OWNER	[v873 @ X9_v25+28]
base has no type, from Add of the field SubmeshInstruction[] and Int32	spine-unity	Spine.Unity.MeshGenerator	BuildMeshWithArrays	<untyped>			2C	0	0	0	Add	PAST_LAST_FIELD:value-type	NO_BASE_TYPE	0	0	-	NOT_APPLICABLE	UNKNOWN	NO_OWNER	[v873 @ X9_v25+2C]
generic instance, value type argument	DOTween	DG.Tweening.Plugins.LongPlugin	SetFrom	DG.Tweening.Core.TweenerCore`3<System.Int64, System.Int64, DG.Tweening.Plugins.Options.NoOptions>		GenericInstanceTypeAnalysisContext	148	0	0	0	<none>	GENERIC_LAYOUT:instantiation	LAYOUT_PARTIAL	60	138	BEYOND_LAYOUT	CLASS_OBJECT_RELATIVE	PARAMETER	SEARCH_EMPTY	[t @ X1 (DG.Tweening.Core.TweenerCore`3<System.Int64, System.Int64, DG.Tweening.Plugins.Options.NoOptions>)+148]
generic instance, value type argument	DOTween	DG.Tweening.Plugins.LongPlugin	SetFrom	DG.Tweening.Core.TweenerCore`3<System.Int64, System.Int64, DG.Tweening.Plugins.Options.NoOptions>		GenericInstanceTypeAnalysisContext	150	0	0	0	<none>	GENERIC_LAYOUT:instantiation	LAYOUT_PARTIAL	60	138	BEYOND_LAYOUT	CLASS_OBJECT_RELATIVE	PARAMETER	SEARCH_EMPTY	[t @ X1 (DG.Tweening.Core.TweenerCore`3<System.Int64, System.Int64, DG.Tweening.Plugins.Options.NoOptions>)+150]
base has no type, from Move from [TweenerCore`3<System.Int64, System.Int64, DG.Tweening.Plugins.Options.NoOptions> + 0x150]	DOTween	DG.Tweening.Plugins.LongPlugin	SetFrom	<untyped>			18	0	0	0	Move:memory	GENERIC_LAYOUT:instantiation	NO_BASE_TYPE	0	0	-	NOT_APPLICABLE	LOADED_POINTER	NO_OWNER	[v46 @ X8_v3+18]
base has no type, from Move from [TweenerCore`3<System.Int64, System.Int64, DG.Tweening.Plugins.Options.NoOptions> + 0x150]	DOTween	DG.Tweening.Plugins.LongPlugin	SetFrom	<untyped>			40	0	0	0	Move:memory	GENERIC_LAYOUT:instantiation	NO_BASE_TYPE	0	0	-	NOT_APPLICABLE	LOADED_POINTER	NO_OWNER	[v46 @ X8_v3+40]
base has no type, from Move from [TweenerCore`3<System.Int64, System.Int64, DG.Tweening.Plugins.Options.NoOptions> + 0x150]	DOTween	DG.Tweening.Plugins.LongPlugin	SetFrom	<untyped>			28	0	0	0	Move:memory	GENERIC_LAYOUT:instantiation	NO_BASE_TYPE	0	0	-	NOT_APPLICABLE	LOADED_POINTER	NO_OWNER	[v46 @ X8_v3+28]
absolute address	DOTween	DG.Tweening.TweenSettingsExtensions	SetLookAt	<untyped>			1A35519	0	0	0	<none>	UNKNOWN:absolute-address	NO_BASE_TYPE	0	0	-	NOT_APPLICABLE	UNKNOWN	NO_OWNER	[1A35519]
static field storage at 0x8	DOTween	DG.Tweening.TweenSettingsExtensions	SetLookAt	UnityEngine.Vector3	System.ValueType	TypeAnalysisContext	8	8	3	0	Move:memory	RUNTIME_STRUCT:StaticFieldStorageTypeAnalysisContext	LAYOUT_KNOWN	3	18	NESTED:z	VALUE_RELATIVE	STATIC_FIELD	SEARCH_EMPTY	[v75 @ X8_v8 (Il2CppStaticFields<UnityEngine.Vector3>)+8]
array at 0x0, from Move from the field Material[]	spine-unity	Spine.Unity.SkeletonRenderer	InitSpriteMaskMaterialsForMaskType	UnityEngine.Material[]		SzArrayTypeAnalysisContext	0	0	0	0	Move:field Material[]	ARRAY_ELEMENT:array-typed-base	NO_INSTANCE_FIELDS	0	0	INSIDE_NO_FIELD	CLASS_OBJECT_RELATIVE	INSTANCE_FIELD	NOT_A_FIELD_ACCESS	[v56 @ X22_v5 (UnityEngine.Material[])+v70 @ X25_v7 (System.Int32)*8]
base has no type, from Move from an untyped base	spine-unity	Spine.Unity.MeshGenerator	BuildMeshWithArrays	<untyped>			10	0	0	0	Move:memory	RESOLVABLE:field-at-this-exact-offset	NO_BASE_TYPE	0	0	-	NOT_APPLICABLE	LOADED_POINTER	NO_OWNER	[v380 @ X10_v21+10]
base has no type, from Add of an untyped base and Int32	spine-unity	Spine.Unity.MeshGenerator	BuildMeshWithArrays	<untyped>			20	0	0	0	Add	PAST_LAST_FIELD:value-type	NO_BASE_TYPE	0	0	-	NOT_APPLICABLE	UNKNOWN	NO_OWNER	[v2029 @ X12_v52+20]
base has no type, from Move from an untyped base	spine-unity	Spine.Unity.MeshGenerator	BuildMeshWithArrays	<untyped>			18	0	0	0	Move:memory	PAST_LAST_FIELD:value-type	NO_BASE_TYPE	0	0	-	NOT_APPLICABLE	LOADED_POINTER	NO_OWNER	[v2011 @ X13_v54+18]
base has no type, from Move from an untyped base	spine-unity	Spine.Unity.MeshGenerator	BuildMeshWithArrays	<untyped>			85	0	0	0	Move:memory	PAST_LAST_FIELD:value-type	NO_BASE_TYPE	0	0	-	NOT_APPLICABLE	LOADED_POINTER	NO_OWNER	[v2030 @ X12_v53+85]
base has no type, from Move from an untyped base	spine-unity	Spine.Unity.MeshGenerator	BuildMeshWithArrays	<untyped>			40	0	0	0	Move:memory	PAST_LAST_FIELD:value-type	NO_BASE_TYPE	0	0	-	NOT_APPLICABLE	LOADED_POINTER	NO_OWNER	[v2011 @ X13_v54+40]
base has no type, from Move from an untyped base	spine-unity	Spine.Unity.MeshGenerator	BuildMeshWithArrays	<untyped>			38	0	0	0	Move:memory	PAST_LAST_FIELD:value-type	NO_BASE_TYPE	0	0	-	NOT_APPLICABLE	LOADED_POINTER	NO_OWNER	[v2011 @ X13_v54+38]
base has no type, from Move from an untyped base	spine-unity	Spine.Unity.MeshGenerator	BuildMeshWithArrays	<untyped>			40	0	0	0	Move:memory	PAST_LAST_FIELD:value-type	NO_BASE_TYPE	0	0	-	NOT_APPLICABLE	LOADED_POINTER	NO_OWNER	[v2011 @ X13_v54+40]
base has no type, from Move from an untyped base	spine-unity	Spine.Unity.MeshGenerator	BuildMeshWithArrays	<untyped>			30	0	0	0	Move:memory	PAST_LAST_FIELD:value-type	NO_BASE_TYPE	0	0	-	NOT_APPLICABLE	LOADED_POINTER	NO_OWNER	[v2011 @ X13_v54+30]
base has no type, from Move from an untyped base	spine-unity	Spine.Unity.MeshGenerator	BuildMeshWithArrays	<untyped>			34	0	0	0	Move:memory	PAST_LAST_FIELD:value-type	NO_BASE_TYPE	0	0	-	NOT_APPLICABLE	LOADED_POINTER	NO_OWNER	[v2011 @ X13_v54+34]
base has no type, from Move from an untyped base	spine-unity	Spine.Unity.MeshGenerator	BuildMeshWithArrays	<untyped>			130	0	0	0	Move:memory	PAST_LAST_FIELD:value-type	NO_BASE_TYPE	0	0	-	NOT_APPLICABLE	LOADED_POINTER	NO_OWNER	[v2784 @ X14_v40+130]
base has no type, from Move from [Il2CppClass<Spine.RegionAttachment> + 0x0]	spine-unity	Spine.Unity.MeshGenerator	BuildMeshWithArrays	<untyped>			130	0	0	0	Move:memory	RUNTIME_STRUCT:RuntimeClassTypeAnalysisContext	NO_BASE_TYPE	0	0	-	NOT_APPLICABLE	LOADED_POINTER	NO_OWNER	[v1973 @ X16_v31+130]
base has no type, from Move from [Il2CppClass<Spine.RegionAttachment> + 0x0]	spine-unity	Spine.Unity.MeshGenerator	BuildMeshWithArrays	<untyped>			130	0	0	0	Move:memory	RUNTIME_STRUCT:RuntimeClassTypeAnalysisContext	NO_BASE_TYPE	0	0	-	NOT_APPLICABLE	LOADED_POINTER	NO_OWNER	[v1973 @ X16_v31+130]
base has no type, from Move from an untyped base	spine-unity	Spine.Unity.MeshGenerator	BuildMeshWithArrays	<untyped>			C8	0	0	0	Move:memory	PAST_LAST_FIELD:value-type	NO_BASE_TYPE	0	0	-	NOT_APPLICABLE	LOADED_POINTER	NO_OWNER	[v2784 @ X14_v40+C8]
base has no type, from Add of an untyped base and Int32	spine-unity	Spine.Unity.MeshGenerator	BuildMeshWithArrays	<untyped>			FFFFFFFFFFFFFFF8	0	0	0	Add	MISSING_METADATA:inside-the-layout-between-fields	NO_BASE_TYPE	0	0	-	NOT_APPLICABLE	UNKNOWN	NO_OWNER	[v2857 @ X17_v35-8]
base has no type, from Move from an untyped base	spine-unity	Spine.Unity.MeshGenerator	BuildMeshWithArrays	<untyped>			130	0	0	0	Move:memory	PAST_LAST_FIELD:value-type	NO_BASE_TYPE	0	0	-	NOT_APPLICABLE	LOADED_POINTER	NO_OWNER	[v2784 @ X14_v40+130]
base has no type, from Move from [Il2CppClass<Spine.MeshAttachment> + 0x0]	spine-unity	Spine.Unity.MeshGenerator	BuildMeshWithArrays	<untyped>			130	0	0	0	Move:memory	RUNTIME_STRUCT:RuntimeClassTypeAnalysisContext	NO_BASE_TYPE	0	0	-	NOT_APPLICABLE	LOADED_POINTER	NO_OWNER	[v1971 @ X16_v32+130]
base has no type, from Move from [Il2CppClass<Spine.MeshAttachment> + 0x0]	spine-unity	Spine.Unity.MeshGenerator	BuildMeshWithArrays	<untyped>			130	0	0	0	Move:memory	RUNTIME_STRUCT:RuntimeClassTypeAnalysisContext	NO_BASE_TYPE	0	0	-	NOT_APPLICABLE	LOADED_POINTER	NO_OWNER	[v1971 @ X16_v32+130]
base has no type, from Move from an untyped base	spine-unity	Spine.Unity.MeshGenerator	BuildMeshWithArrays	<untyped>			C8	0	0	0	Move:memory	PAST_LAST_FIELD:value-type	NO_BASE_TYPE	0	0	-	NOT_APPLICABLE	LOADED_POINTER	NO_OWNER	[v2784 @ X14_v40+C8]
base has no type, from Add of an untyped base and Int32	spine-unity	Spine.Unity.MeshGenerator	BuildMeshWithArrays	<untyped>			FFFFFFFFFFFFFFF8	0	0	0	Add	MISSING_METADATA:inside-the-layout-between-fields	NO_BASE_TYPE	0	0	-	NOT_APPLICABLE	UNKNOWN	NO_OWNER	[v2919 @ X14_v42-8]
base has no type, from Move from an untyped base	spine-unity	Spine.Unity.MeshGenerator	BuildMeshWithArrays	<untyped>			10	0	0	0	Move:memory	RESOLVABLE:field-at-this-exact-offset	NO_BASE_TYPE	0	0	-	NOT_APPLICABLE	LOADED_POINTER	NO_OWNER	[v2011 @ X13_v54+10]
base has no type, from Move from an untyped base	spine-unity	Spine.Unity.MeshGenerator	BuildMeshWithArrays	<untyped>			6C	0	0	0	Move:memory	PAST_LAST_FIELD:value-type	NO_BASE_TYPE	0	0	-	NOT_APPLICABLE	LOADED_POINTER	NO_OWNER	[v997 @ X8_v51+6C]
base has no type, from Move from an untyped base	spine-unity	Spine.Unity.MeshGenerator	BuildMeshWithArrays	<untyped>			2C	0	0	0	Move:memory	PAST_LAST_FIELD:value-type	NO_BASE_TYPE	0	0	-	NOT_APPLICABLE	LOADED_POINTER	NO_OWNER	[v2011 @ X13_v54+2C]
base has no type, from Move from an untyped base	spine-unity	Spine.Unity.MeshGenerator	BuildMeshWithArrays	<untyped>			84	0	0	0	Move:memory	PAST_LAST_FIELD:value-type	NO_BASE_TYPE	0	0	-	NOT_APPLICABLE	LOADED_POINTER	NO_OWNER	[v2033 @ X12_v56+84]
base has no type, from Move from an untyped base	spine-unity	Spine.Unity.MeshGenerator	BuildMeshWithArrays	<untyped>			50	0	0	0	Move:memory	PAST_LAST_FIELD:value-type	NO_BASE_TYPE	0	0	-	NOT_APPLICABLE	LOADED_POINTER	NO_OWNER	[v2365 @ X14_v51+50]
base has no type, from Move from an untyped base	spine-unity	Spine.Unity.MeshGenerator	BuildMeshWithArrays	<untyped>			30	0	0	0	Move:memory	PAST_LAST_FIELD:value-type	NO_BASE_TYPE	0	0	-	NOT_APPLICABLE	LOADED_POINTER	NO_OWNER	[v2033 @ X12_v56+30]
base has no type, from Move from an untyped base	spine-unity	Spine.Unity.MeshGenerator	BuildMeshWithArrays	<untyped>			10	0	0	0	Move:memory	RESOLVABLE:field-at-this-exact-offset	NO_BASE_TYPE	0	0	-	NOT_APPLICABLE	LOADED_POINTER	NO_OWNER	[v2011 @ X13_v54+10]
base has no type, from Move from an untyped base	spine-unity	Spine.Unity.MeshGenerator	BuildMeshWithArrays	<untyped>			6C	0	0	0	Move:memory	PAST_LAST_FIELD:value-type	NO_BASE_TYPE	0	0	-	NOT_APPLICABLE	LOADED_POINTER	NO_OWNER	[v997 @ X8_v51+6C]
base has no type, from Move from an untyped base	spine-unity	Spine.Unity.MeshGenerator	BuildMeshWithArrays	<untyped>			2C	0	0	0	Move:memory	PAST_LAST_FIELD:value-type	NO_BASE_TYPE	0	0	-	NOT_APPLICABLE	LOADED_POINTER	NO_OWNER	[v2011 @ X13_v54+2C]
base has no type, from Move from an untyped base	spine-unity	Spine.Unity.MeshGenerator	BuildMeshWithArrays	<untyped>			6C	0	0	0	Move:memory	PAST_LAST_FIELD:value-type	NO_BASE_TYPE	0	0	-	NOT_APPLICABLE	LOADED_POINTER	NO_OWNER	[v2033 @ X12_v56+6C]
base has no type, from Move from an untyped base	spine-unity	Spine.Unity.MeshGenerator	BuildMeshWithArrays	<untyped>			50	0	0	0	Move:memory	PAST_LAST_FIELD:value-type	NO_BASE_TYPE	0	0	-	NOT_APPLICABLE	LOADED_POINTER	NO_OWNER	[v2366 @ X14_v58+50]
base has no type, from Move from an untyped base	spine-unity	Spine.Unity.MeshGenerator	BuildMeshWithArrays	<untyped>			10	0	0	0	Move:memory	RESOLVABLE:field-at-this-exact-offset	NO_BASE_TYPE	0	0	-	NOT_APPLICABLE	LOADED_POINTER	NO_OWNER	[v380 @ X10_v21+10]
base has no type, from Add of an untyped base and Int32	spine-unity	Spine.Unity.MeshGenerator	BuildMeshWithArrays	<untyped>			20	0	0	0	Add	PAST_LAST_FIELD:value-type	NO_BASE_TYPE	0	0	-	NOT_APPLICABLE	UNKNOWN	NO_OWNER	[v1003 @ X8_v60+20]
Il2CppClass.typeHierarchyDepth	spine-unity	Spine.Unity.MeshGenerator	BuildMeshWithArrays	Il2CppClass<Spine.RegionAttachment>		RuntimeClassTypeAnalysisContext	130	0	0	0	Move:memory	RUNTIME_STRUCT:RuntimeClassTypeAnalysisContext	RUNTIME_STRUCT	0	0	-	NOT_APPLICABLE	RUNTIME_STRUCTURE	SEARCH_EMPTY	[v1005 @ X8_v63 (Il2CppClass<Spine.RegionAttachment>)+130]
base has no type, from Move from [Il2CppClass<Spine.RegionAttachment> + 0x0]	spine-unity	Spine.Unity.MeshGenerator	BuildMeshWithArrays	<untyped>			130	0	0	0	Move:memory	RUNTIME_STRUCT:RuntimeClassTypeAnalysisContext	NO_BASE_TYPE	0	0	-	NOT_APPLICABLE	LOADED_POINTER	NO_OWNER	[v386 @ X10_v26+130]
base has no type, from Move from [Il2CppClass<Spine.RegionAttachment> + 0x0]	spine-unity	Spine.Unity.MeshGenerator	BuildMeshWithArrays	<untyped>			130	0	0	0	Move:memory	RUNTIME_STRUCT:RuntimeClassTypeAnalysisContext	NO_BASE_TYPE	0	0	-	NOT_APPLICABLE	LOADED_POINTER	NO_OWNER	[v386 @ X10_v26+130]
Il2CppClass.typeHierarchy	spine-unity	Spine.Unity.MeshGenerator	BuildMeshWithArrays	Il2CppClass<Spine.RegionAttachment>		RuntimeClassTypeAnalysisContext	C8	0	0	0	Move:memory	RUNTIME_STRUCT:RuntimeClassTypeAnalysisContext	RUNTIME_STRUCT	0	0	-	NOT_APPLICABLE	RUNTIME_STRUCTURE	SEARCH_EMPTY	[v1005 @ X8_v63 (Il2CppClass<Spine.RegionAttachment>)+C8]
base has no type, from Add of [Il2CppClass<Spine.RegionAttachment> + 0xC8] and Int32	spine-unity	Spine.Unity.MeshGenerator	BuildMeshWithArrays	<untyped>			FFFFFFFFFFFFFFF8	0	0	0	Add	MISSING_METADATA:inside-the-layout-between-fields	NO_BASE_TYPE	0	0	-	NOT_APPLICABLE	UNKNOWN	NO_OWNER	[v2713 @ X11_v36-8]
Il2CppClass.typeHierarchyDepth	spine-unity	Spine.Unity.MeshGenerator	BuildMeshWithArrays	Il2CppClass<Spine.RegionAttachment>		RuntimeClassTypeAnalysisContext	130	0	0	0	Move:memory	RUNTIME_STRUCT:RuntimeClassTypeAnalysisContext	RUNTIME_STRUCT	0	0	-	NOT_APPLICABLE	RUNTIME_STRUCTURE	SEARCH_EMPTY	[v1005 @ X8_v63 (Il2CppClass<Spine.RegionAttachment>)+130]
base has no type, from Move from [Il2CppClass<Spine.MeshAttachment> + 0x0]	spine-unity	Spine.Unity.MeshGenerator	BuildMeshWithArrays	<untyped>			130	0	0	0	Move:memory	RUNTIME_STRUCT:RuntimeClassTypeAnalysisContext	NO_BASE_TYPE	0	0	-	NOT_APPLICABLE	LOADED_POINTER	NO_OWNER	[v385 @ X10_v27+130]
base has no type, from Move from [Il2CppClass<Spine.MeshAttachment> + 0x0]	spine-unity	Spine.Unity.MeshGenerator	BuildMeshWithArrays	<untyped>			130	0	0	0	Move:memory	RUNTIME_STRUCT:RuntimeClassTypeAnalysisContext	NO_BASE_TYPE	0	0	-	NOT_APPLICABLE	LOADED_POINTER	NO_OWNER	[v385 @ X10_v27+130]
Il2CppClass.typeHierarchy	spine-unity	Spine.Unity.MeshGenerator	BuildMeshWithArrays	Il2CppClass<Spine.RegionAttachment>		RuntimeClassTypeAnalysisContext	C8	0	0	0	Move:memory	RUNTIME_STRUCT:RuntimeClassTypeAnalysisContext	RUNTIME_STRUCT	0	0	-	NOT_APPLICABLE	RUNTIME_STRUCTURE	SEARCH_EMPTY	[v1005 @ X8_v63 (Il2CppClass<Spine.RegionAttachment>)+C8]
base has no type, from Add of [Il2CppClass<Spine.RegionAttachment> + 0xC8] and Int32	spine-unity	Spine.Unity.MeshGenerator	BuildMeshWithArrays	<untyped>			FFFFFFFFFFFFFFF8	0	0	0	Add	MISSING_METADATA:inside-the-layout-between-fields	NO_BASE_TYPE	0	0	-	NOT_APPLICABLE	UNKNOWN	NO_OWNER	[v2755 @ X8_v65-8]
past the last field of the base type	spine-unity	Spine.Unity.MeshGenerator	BuildMeshWithArrays	Spine.RegionAttachment	Spine.Attachment	TypeAnalysisContext	7C	78	22	0	Move:field Attachment	PAST_LAST_FIELD:class	LAYOUT_KNOWN	22	78	BEYOND_LAYOUT	CLASS_OBJECT_RELATIVE	INSTANCE_FIELD	SEARCH_EMPTY	[v296 @ X24_v20 (Spine.RegionAttachment)+7C]
base has no type, from Move from an untyped base	spine-unity	Spine.Unity.MeshGenerator	BuildMeshWithArrays	<untyped>			6C	0	0	0	Move:memory	PAST_LAST_FIELD:value-type	NO_BASE_TYPE	0	0	-	NOT_APPLICABLE	LOADED_POINTER	NO_OWNER	[v997 @ X8_v51+6C]
past the last field of the base type	spine-unity	Spine.Unity.MeshGenerator	BuildMeshWithArrays	Spine.RegionAttachment	Spine.Attachment	TypeAnalysisContext	7C	78	22	0	Move:field Attachment	PAST_LAST_FIELD:class	LAYOUT_KNOWN	22	78	BEYOND_LAYOUT	CLASS_OBJECT_RELATIVE	INSTANCE_FIELD	SEARCH_EMPTY	[v296 @ X24_v20 (Spine.RegionAttachment)+7C]
static field storage at 0x4	DOTween	DG.Tweening.TweenSettingsExtensions	SetPathForwardDirection	UnityEngine.Vector3	System.ValueType	TypeAnalysisContext	4	8	3	0	Move:memory	RUNTIME_STRUCT:StaticFieldStorageTypeAnalysisContext	LAYOUT_KNOWN	3	18	NESTED:y	VALUE_RELATIVE	STATIC_FIELD	SEARCH_EMPTY	[v303 @ X8_v26 (Il2CppStaticFields<UnityEngine.Vector3>)+4]
static field storage at 0x8	DOTween	DG.Tweening.TweenSettingsExtensions	SetPathForwardDirection	UnityEngine.Vector3	System.ValueType	TypeAnalysisContext	8	8	3	0	Move:memory	RUNTIME_STRUCT:StaticFieldStorageTypeAnalysisContext	LAYOUT_KNOWN	3	18	NESTED:z	VALUE_RELATIVE	STATIC_FIELD	SEARCH_EMPTY	[v303 @ X8_v26 (Il2CppStaticFields<UnityEngine.Vector3>)+8]
value type base	spine-unity	Spine.Unity.MeshGenerator	BuildMeshWithArrays	System.Single	System.ValueType	TypeAnalysisContext	20	0	1	0	Add	PAST_LAST_FIELD:value-type	LAYOUT_KNOWN	1	10	BEYOND_LAYOUT	NEITHER	UNKNOWN	SEARCH_EMPTY	[v3418 @ X10_v33 (System.Single)+20]
value type base	spine-unity	Spine.Unity.MeshGenerator	BuildMeshWithArrays	System.Single	System.ValueType	TypeAnalysisContext	20	0	1	0	Add	PAST_LAST_FIELD:value-type	LAYOUT_KNOWN	1	10	BEYOND_LAYOUT	NEITHER	UNKNOWN	SEARCH_EMPTY	[v3420 @ X11_v31 (System.Single)+20]
static field storage at 0x4	DOTween	DG.Tweening.TweenSettingsExtensions	SetPathForwardDirection	UnityEngine.Vector3	System.ValueType	TypeAnalysisContext	4	8	3	0	Move:memory	RUNTIME_STRUCT:StaticFieldStorageTypeAnalysisContext	LAYOUT_KNOWN	3	18	NESTED:y	VALUE_RELATIVE	STATIC_FIELD	SEARCH_EMPTY	[v227 @ X8_v48 (Il2CppStaticFields<UnityEngine.Vector3>)+4]
static field storage at 0x8	DOTween	DG.Tweening.TweenSettingsExtensions	SetPathForwardDirection	UnityEngine.Vector3	System.ValueType	TypeAnalysisContext	8	8	3	0	Move:memory	RUNTIME_STRUCT:StaticFieldStorageTypeAnalysisContext	LAYOUT_KNOWN	3	18	NESTED:z	VALUE_RELATIVE	STATIC_FIELD	SEARCH_EMPTY	[v227 @ X8_v48 (Il2CppStaticFields<UnityEngine.Vector3>)+8]
static field storage at 0x4	DOTween	DG.Tweening.TweenSettingsExtensions	SetPathForwardDirection	UnityEngine.Vector3	System.ValueType	TypeAnalysisContext	4	8	3	0	Move:memory	RUNTIME_STRUCT:StaticFieldStorageTypeAnalysisContext	LAYOUT_KNOWN	3	18	NESTED:y	VALUE_RELATIVE	STATIC_FIELD	SEARCH_EMPTY	[v264 @ X8_v42 (Il2CppStaticFields<UnityEngine.Vector3>)+4]
base has no type, from Move from an untyped base	spine-unity	Spine.Unity.MeshGenerator	BuildMeshWithArrays	<untyped>			60	0	0	0	Move:memory	PAST_LAST_FIELD:value-type	NO_BASE_TYPE	0	0	-	NOT_APPLICABLE	LOADED_POINTER	NO_OWNER	[v997 @ X8_v51+60]
static field storage at 0x4C	DOTween	DG.Tweening.TweenSettingsExtensions	SetPathForwardDirection	UnityEngine.Vector3	System.ValueType	TypeAnalysisContext	4C	8	3	0	Move:memory	RUNTIME_STRUCT:StaticFieldStorageTypeAnalysisContext	LAYOUT_KNOWN	3	18	BEYOND_LAYOUT	NEITHER	STATIC_FIELD	SEARCH_EMPTY	[v387 @ X8_v23 (Il2CppStaticFields<UnityEngine.Vector3>)+4C]
static field storage at 0x50	DOTween	DG.Tweening.TweenSettingsExtensions	SetPathForwardDirection	UnityEngine.Vector3	System.ValueType	TypeAnalysisContext	50	8	3	0	Move:memory	RUNTIME_STRUCT:StaticFieldStorageTypeAnalysisContext	LAYOUT_KNOWN	3	18	BEYOND_LAYOUT	NEITHER	STATIC_FIELD	SEARCH_EMPTY	[v387 @ X8_v23 (Il2CppStaticFields<UnityEngine.Vector3>)+50]
base has no type, from Add of the field SubmeshInstruction[] and Int32	spine-unity	Spine.Unity.MeshGenerator	BuildMeshWithArrays	<untyped>			2C	0	0	0	Add	PAST_LAST_FIELD:value-type	NO_BASE_TYPE	0	0	-	NOT_APPLICABLE	UNKNOWN	NO_OWNER	[v873 @ X9_v25+2C]
static field storage at 0x1C	DOTween	DG.Tweening.TweenSettingsExtensions	SetPathForwardDirection	UnityEngine.Vector3	System.ValueType	TypeAnalysisContext	1C	8	3	0	Move:memory	RUNTIME_STRUCT:StaticFieldStorageTypeAnalysisContext	LAYOUT_KNOWN	3	18	BEYOND_LAYOUT	NEITHER	STATIC_FIELD	SEARCH_EMPTY	[v437 @ X8_v15 (Il2CppStaticFields<UnityEngine.Vector3>)+1C]
static field storage at 0x20	DOTween	DG.Tweening.TweenSettingsExtensions	SetPathForwardDirection	UnityEngine.Vector3	System.ValueType	TypeAnalysisContext	20	8	3	0	Move:memory	RUNTIME_STRUCT:StaticFieldStorageTypeAnalysisContext	LAYOUT_KNOWN	3	18	BEYOND_LAYOUT	NEITHER	STATIC_FIELD	SEARCH_EMPTY	[v437 @ X8_v15 (Il2CppStaticFields<UnityEngine.Vector3>)+20]
base has no type, from Add of the field SubmeshInstruction[] and Int32	spine-unity	Spine.Unity.MeshGenerator	BuildMeshWithArrays	<untyped>			20	0	0	0	Add	PAST_LAST_FIELD:value-type	NO_BASE_TYPE	0	0	-	NOT_APPLICABLE	UNKNOWN	NO_OWNER	[v2559 @ X8_v16+20]
base has no type, from Add of the field SubmeshInstruction[] and Int32	spine-unity	Spine.Unity.MeshGenerator	BuildMeshWithArrays	<untyped>			28	0	0	0	Add	PAST_LAST_FIELD:value-type	NO_BASE_TYPE	0	0	-	NOT_APPLICABLE	UNKNOWN	NO_OWNER	[v2559 @ X8_v16+28]
base has no type, from Add of the field SubmeshInstruction[] and Int32	spine-unity	Spine.Unity.MeshGenerator	BuildMeshWithArrays	<untyped>			40	0	0	0	Add	PAST_LAST_FIELD:value-type	NO_BASE_TYPE	0	0	-	NOT_APPLICABLE	UNKNOWN	NO_OWNER	[v2559 @ X8_v16+40]
base has no type, from Add of the field SubmeshInstruction[] and Int32	spine-unity	Spine.Unity.MeshGenerator	BuildMeshWithArrays	<untyped>			40	0	0	0	Add	PAST_LAST_FIELD:value-type	NO_BASE_TYPE	0	0	-	NOT_APPLICABLE	UNKNOWN	NO_OWNER	[v2559 @ X8_v16+40]
base has no type, from Add of the field SubmeshInstruction[] and Int32	spine-unity	Spine.Unity.MeshGenerator	BuildMeshWithArrays	<untyped>			40	0	0	0	Add	PAST_LAST_FIELD:value-type	NO_BASE_TYPE	0	0	-	NOT_APPLICABLE	UNKNOWN	NO_OWNER	[v2559 @ X8_v16+40]
base has no type, from Add of the field SubmeshInstruction[] and Int32	spine-unity	Spine.Unity.MeshGenerator	BuildMeshWithArrays	<untyped>			40	0	0	0	Add	PAST_LAST_FIELD:value-type	NO_BASE_TYPE	0	0	-	NOT_APPLICABLE	UNKNOWN	NO_OWNER	[v2559 @ X8_v16+40]
base has no type, from Add of the field SubmeshInstruction[] and Int32	spine-unity	Spine.Unity.MeshGenerator	BuildMeshWithArrays	<untyped>			40	0	0	0	Add	PAST_LAST_FIELD:value-type	NO_BASE_TYPE	0	0	-	NOT_APPLICABLE	UNKNOWN	NO_OWNER	[v2559 @ X8_v16+40]
base has no type, from Add of the field SubmeshInstruction[] and Int32	spine-unity	Spine.Unity.MeshGenerator	BuildMeshWithArrays	<untyped>			2C	0	0	0	Add	PAST_LAST_FIELD:value-type	NO_BASE_TYPE	0	0	-	NOT_APPLICABLE	UNKNOWN	NO_OWNER	[v2559 @ X8_v16+2C]
base has no type, from Add of the field Vector2[] and Int32	spine-unity	Spine.Unity.MeshGenerator	BuildMeshWithArrays	<untyped>			20	0	0	0	Add	PAST_LAST_FIELD:value-type	NO_BASE_TYPE	0	0	-	NOT_APPLICABLE	UNKNOWN	NO_OWNER	[v2781 @ X14_v6+20]
generic instance, value type argument	DOTween	DG.Tweening.Plugins.LongPlugin	SetFrom	DG.Tweening.Core.TweenerCore`3<System.Int64, System.Int64, DG.Tweening.Plugins.Options.NoOptions>		GenericInstanceTypeAnalysisContext	148	0	0	0	<none>	GENERIC_LAYOUT:instantiation	LAYOUT_PARTIAL	60	138	BEYOND_LAYOUT	CLASS_OBJECT_RELATIVE	PARAMETER	SEARCH_EMPTY	[t @ X1 (DG.Tweening.Core.TweenerCore`3<System.Int64, System.Int64, DG.Tweening.Plugins.Options.NoOptions>)+148]
base has no type, from Move from an untyped base	spine-unity	Spine.Unity.MeshGenerator	BuildMeshWithArrays	<untyped>			18	0	0	0	Move:memory	PAST_LAST_FIELD:value-type	NO_BASE_TYPE	0	0	-	NOT_APPLICABLE	LOADED_POINTER	NO_OWNER	[v251 @ X14_v7+18]
generic instance, value type argument	DOTween	DG.Tweening.Plugins.LongPlugin	SetFrom	DG.Tweening.Core.TweenerCore`3<System.Int64, System.Int64, DG.Tweening.Plugins.Options.NoOptions>		GenericInstanceTypeAnalysisContext	150	0	0	0	<none>	GENERIC_LAYOUT:instantiation	LAYOUT_PARTIAL	60	138	BEYOND_LAYOUT	CLASS_OBJECT_RELATIVE	PARAMETER	SEARCH_EMPTY	[t @ X1 (DG.Tweening.Core.TweenerCore`3<System.Int64, System.Int64, DG.Tweening.Plugins.Options.NoOptions>)+150]
base has no type, from Move from an untyped base	spine-unity	Spine.Unity.MeshGenerator	BuildMeshWithArrays	<untyped>			85	0	0	0	Move:memory	PAST_LAST_FIELD:value-type	NO_BASE_TYPE	0	0	-	NOT_APPLICABLE	LOADED_POINTER	NO_OWNER	[v200 @ X15_v6+85]
base has no type, from Move from [TweenerCore`3<System.Int64, System.Int64, DG.Tweening.Plugins.Options.NoOptions> + 0x150]	DOTween	DG.Tweening.Plugins.LongPlugin	SetFrom	<untyped>			18	0	0	0	Move:memory	GENERIC_LAYOUT:instantiation	NO_BASE_TYPE	0	0	-	NOT_APPLICABLE	LOADED_POINTER	NO_OWNER	[v31 @ X8_v3+18]
base has no type, from Move from [TweenerCore`3<System.Int64, System.Int64, DG.Tweening.Plugins.Options.NoOptions> + 0x150]	DOTween	DG.Tweening.Plugins.LongPlugin	SetFrom	<untyped>			40	0	0	0	Move:memory	GENERIC_LAYOUT:instantiation	NO_BASE_TYPE	0	0	-	NOT_APPLICABLE	LOADED_POINTER	NO_OWNER	[v31 @ X8_v3+40]
base has no type, from Move from [TweenerCore`3<System.Int64, System.Int64, DG.Tweening.Plugins.Options.NoOptions> + 0x150]	DOTween	DG.Tweening.Plugins.LongPlugin	SetFrom	<untyped>			28	0	0	0	Move:memory	GENERIC_LAYOUT:instantiation	NO_BASE_TYPE	0	0	-	NOT_APPLICABLE	LOADED_POINTER	NO_OWNER	[v31 @ X8_v3+28]
base has no type, from Move from an untyped base	spine-unity	Spine.Unity.MeshGenerator	BuildMeshWithArrays	<untyped>			40	0	0	0	Move:memory	PAST_LAST_FIELD:value-type	NO_BASE_TYPE	0	0	-	NOT_APPLICABLE	LOADED_POINTER	NO_OWNER	[v251 @ X14_v7+40]
base has no type, from Move from an untyped base	spine-unity	Spine.Unity.MeshGenerator	BuildMeshWithArrays	<untyped>			40	0	0	0	Move:memory	PAST_LAST_FIELD:value-type	NO_BASE_TYPE	0	0	-	NOT_APPLICABLE	LOADED_POINTER	NO_OWNER	[v251 @ X14_v7+40]
base has no type, from Move from an untyped base	spine-unity	Spine.Unity.MeshGenerator	BuildMeshWithArrays	<untyped>			130	0	0	0	Move:memory	PAST_LAST_FIELD:value-type	NO_BASE_TYPE	0	0	-	NOT_APPLICABLE	LOADED_POINTER	NO_OWNER	[v203 @ X15_v9+130]
base has no type, from Move from [Il2CppClass<Spine.RegionAttachment> + 0x0]	spine-unity	Spine.Unity.MeshGenerator	BuildMeshWithArrays	<untyped>			130	0	0	0	Move:memory	RUNTIME_STRUCT:RuntimeClassTypeAnalysisContext	NO_BASE_TYPE	0	0	-	NOT_APPLICABLE	LOADED_POINTER	NO_OWNER	[v395 @ X10_v7+130]
base has no type, from Move from [Il2CppClass<Spine.RegionAttachment> + 0x0]	spine-unity	Spine.Unity.MeshGenerator	BuildMeshWithArrays	<untyped>			130	0	0	0	Move:memory	RUNTIME_STRUCT:RuntimeClassTypeAnalysisContext	NO_BASE_TYPE	0	0	-	NOT_APPLICABLE	LOADED_POINTER	NO_OWNER	[v395 @ X10_v7+130]
base has no type, from Move from an untyped base	spine-unity	Spine.Unity.MeshGenerator	BuildMeshWithArrays	<untyped>			C8	0	0	0	Move:memory	PAST_LAST_FIELD:value-type	NO_BASE_TYPE	0	0	-	NOT_APPLICABLE	LOADED_POINTER	NO_OWNER	[v203 @ X15_v9+C8]
base has no type, from Add of an untyped base and Int32	spine-unity	Spine.Unity.MeshGenerator	BuildMeshWithArrays	<untyped>			FFFFFFFFFFFFFFF8	0	0	0	Add	MISSING_METADATA:inside-the-layout-between-fields	NO_BASE_TYPE	0	0	-	NOT_APPLICABLE	UNKNOWN	NO_OWNER	[v2976 @ X17_v15-8]
base has no type, from Move from an untyped base	spine-unity	Spine.Unity.MeshGenerator	BuildMeshWithArrays	<untyped>			130	0	0	0	Move:memory	PAST_LAST_FIELD:value-type	NO_BASE_TYPE	0	0	-	NOT_APPLICABLE	LOADED_POINTER	NO_OWNER	[v203 @ X15_v9+130]
base has no type, from Move from [Il2CppClass<Spine.MeshAttachment> + 0x0]	spine-unity	Spine.Unity.MeshGenerator	BuildMeshWithArrays	<untyped>			130	0	0	0	Move:memory	RUNTIME_STRUCT:RuntimeClassTypeAnalysisContext	NO_BASE_TYPE	0	0	-	NOT_APPLICABLE	LOADED_POINTER	NO_OWNER	[v521 @ X11_v6+130]
base has no type, from Move from [Il2CppClass<Spine.MeshAttachment> + 0x0]	spine-unity	Spine.Unity.MeshGenerator	BuildMeshWithArrays	<untyped>			130	0	0	0	Move:memory	RUNTIME_STRUCT:RuntimeClassTypeAnalysisContext	NO_BASE_TYPE	0	0	-	NOT_APPLICABLE	LOADED_POINTER	NO_OWNER	[v521 @ X11_v6+130]
base has no type, from Move from an untyped base	spine-unity	Spine.Unity.MeshGenerator	BuildMeshWithArrays	<untyped>			C8	0	0	0	Move:memory	PAST_LAST_FIELD:value-type	NO_BASE_TYPE	0	0	-	NOT_APPLICABLE	LOADED_POINTER	NO_OWNER	[v203 @ X15_v9+C8]
base has no type, from Add of an untyped base and Int32	spine-unity	Spine.Unity.MeshGenerator	BuildMeshWithArrays	<untyped>			FFFFFFFFFFFFFFF8	0	0	0	Add	MISSING_METADATA:inside-the-layout-between-fields	NO_BASE_TYPE	0	0	-	NOT_APPLICABLE	UNKNOWN	NO_OWNER	[v3045 @ X15_v11-8]
base has no type, from Move from an untyped base	spine-unity	Spine.Unity.MeshGenerator	BuildMeshWithArrays	<untyped>			70	0	0	0	Move:memory	PAST_LAST_FIELD:value-type	NO_BASE_TYPE	0	0	-	NOT_APPLICABLE	LOADED_POINTER	NO_OWNER	[v252 @ X14_v9+70]
base has no type, from Move from an untyped base	spine-unity	Spine.Unity.MeshGenerator	BuildMeshWithArrays	<untyped>			18	0	0	0	Move:memory	PAST_LAST_FIELD:value-type	NO_BASE_TYPE	0	0	-	NOT_APPLICABLE	LOADED_POINTER	NO_OWNER	[v237 @ X16_v8+18]
base has no type, from Move from an untyped base	spine-unity	Spine.Unity.MeshGenerator	BuildMeshWithArrays	<untyped>			18	0	0	0	Move:memory	PAST_LAST_FIELD:value-type	NO_BASE_TYPE	0	0	-	NOT_APPLICABLE	LOADED_POINTER	NO_OWNER	[v237 @ X16_v8+18]
base has no type, from Move from an untyped base	spine-unity	Spine.Unity.MeshGenerator	BuildMeshWithArrays	<untyped>			30	0	0	0	Move:memory	PAST_LAST_FIELD:value-type	NO_BASE_TYPE	0	0	-	NOT_APPLICABLE	LOADED_POINTER	NO_OWNER	[v252 @ X14_v9+30]
base has no type, from Add of the field SubmeshInstruction[] and Int32	spine-unity	Spine.Unity.MeshGenerator	BuildMeshWithArrays	<untyped>			2C	0	0	0	Add	PAST_LAST_FIELD:value-type	NO_BASE_TYPE	0	0	-	NOT_APPLICABLE	UNKNOWN	NO_OWNER	[v873 @ X9_v25+2C]
base has no type, from Add of the field SubmeshInstruction[] and Int32	spine-unity	Spine.Unity.MeshGenerator	BuildMeshWithArrays	<untyped>			2C	0	0	0	Add	PAST_LAST_FIELD:value-type	NO_BASE_TYPE	0	0	-	NOT_APPLICABLE	UNKNOWN	NO_OWNER	[v873 @ X9_v25+2C]
base has no type, from Move from an untyped base	spine-unity	Spine.Unity.MeshGenerator	BuildMeshWithArrays	<untyped>			30	0	0	0	Move:memory	PAST_LAST_FIELD:value-type	NO_BASE_TYPE	0	0	-	NOT_APPLICABLE	LOADED_POINTER	NO_OWNER	[v2033 @ X12_v56+30]
base has no type, from Add of the field SubmeshInstruction[] and Int32	spine-unity	Spine.Unity.MeshGenerator	BuildMeshWithArrays	<untyped>			2C	0	0	0	Add	PAST_LAST_FIELD:value-type	NO_BASE_TYPE	0	0	-	NOT_APPLICABLE	UNKNOWN	NO_OWNER	[v873 @ X9_v25+2C]
base has no type, from Move from an untyped base	spine-unity	Spine.Unity.MeshGenerator	BuildMeshWithArrays	<untyped>			6C	0	0	0	Move:memory	PAST_LAST_FIELD:value-type	NO_BASE_TYPE	0	0	-	NOT_APPLICABLE	LOADED_POINTER	NO_OWNER	[v997 @ X8_v51+6C]
past the last field of the base type	spine-unity	Spine.Unity.MeshGenerator	BuildMeshWithArrays	Spine.RegionAttachment	Spine.Attachment	TypeAnalysisContext	84	78	22	0	Move:field Attachment	PAST_LAST_FIELD:class	LAYOUT_KNOWN	22	78	BEYOND_LAYOUT	CLASS_OBJECT_RELATIVE	INSTANCE_FIELD	SEARCH_EMPTY	[v296 @ X24_v20 (Spine.RegionAttachment)+84]
base has no type, from Move from an untyped base	spine-unity	Spine.Unity.MeshGenerator	BuildMeshWithArrays	<untyped>			60	0	0	0	Move:memory	PAST_LAST_FIELD:value-type	NO_BASE_TYPE	0	0	-	NOT_APPLICABLE	LOADED_POINTER	NO_OWNER	[v997 @ X8_v51+60]
base has no type, from Move from an untyped base	spine-unity	Spine.Unity.MeshGenerator	BuildMeshWithArrays	<untyped>			60	0	0	0	Move:memory	PAST_LAST_FIELD:value-type	NO_BASE_TYPE	0	0	-	NOT_APPLICABLE	LOADED_POINTER	NO_OWNER	[v997 @ X8_v51+60]
static field storage at 0x1C	DOTween	DG.Tweening.ShortcutExtensions	LookAt	UnityEngine.Vector3	System.ValueType	TypeAnalysisContext	1C	8	3	0	Move:memory	RUNTIME_STRUCT:StaticFieldStorageTypeAnalysisContext	LAYOUT_KNOWN	3	18	BEYOND_LAYOUT	NEITHER	STATIC_FIELD	SEARCH_EMPTY	[v254 @ X8_v15 (Il2CppStaticFields<UnityEngine.Vector3>)+1C]
static field storage at 0x20	DOTween	DG.Tweening.ShortcutExtensions	LookAt	UnityEngine.Vector3	System.ValueType	TypeAnalysisContext	20	8	3	0	Move:memory	RUNTIME_STRUCT:StaticFieldStorageTypeAnalysisContext	LAYOUT_KNOWN	3	18	BEYOND_LAYOUT	NEITHER	STATIC_FIELD	SEARCH_EMPTY	[v254 @ X8_v15 (Il2CppStaticFields<UnityEngine.Vector3>)+20]
value type base	spine-unity	Spine.Unity.MeshGenerator	BuildMeshWithArrays	System.Single	System.ValueType	TypeAnalysisContext	20	0	1	0	Add	PAST_LAST_FIELD:value-type	LAYOUT_KNOWN	1	10	BEYOND_LAYOUT	NEITHER	UNKNOWN	SEARCH_EMPTY	[v3420 @ X11_v31 (System.Single)+20]
base has no type, from Add of the field SubmeshInstruction[] and Int32	spine-unity	Spine.Unity.MeshGenerator	BuildMeshWithArrays	<untyped>			2C	0	0	0	Add	PAST_LAST_FIELD:value-type	NO_BASE_TYPE	0	0	-	NOT_APPLICABLE	UNKNOWN	NO_OWNER	[v2559 @ X8_v16+2C]
generic instance, value type argument	DOTween	DG.Tweening.Plugins.UlongPlugin	SetFrom	DG.Tweening.Core.TweenerCore`3<System.UInt64, System.UInt64, DG.Tweening.Plugins.Options.NoOptions>		GenericInstanceTypeAnalysisContext	148	0	0	0	<none>	GENERIC_LAYOUT:instantiation	LAYOUT_PARTIAL	60	138	BEYOND_LAYOUT	CLASS_OBJECT_RELATIVE	PARAMETER	SEARCH_EMPTY	[t @ X1 (DG.Tweening.Core.TweenerCore`3<System.UInt64, System.UInt64, DG.Tweening.Plugins.Options.NoOptions>)+148]
generic instance, value type argument	DOTween	DG.Tweening.Plugins.UlongPlugin	SetFrom	DG.Tweening.Core.TweenerCore`3<System.UInt64, System.UInt64, DG.Tweening.Plugins.Options.NoOptions>		GenericInstanceTypeAnalysisContext	150	0	0	0	<none>	GENERIC_LAYOUT:instantiation	LAYOUT_PARTIAL	60	138	BEYOND_LAYOUT	CLASS_OBJECT_RELATIVE	PARAMETER	SEARCH_EMPTY	[t @ X1 (DG.Tweening.Core.TweenerCore`3<System.UInt64, System.UInt64, DG.Tweening.Plugins.Options.NoOptions>)+150]
base has no type, from Move from [TweenerCore`3<System.UInt64, System.UInt64, DG.Tweening.Plugins.Options.NoOptions> + 0x150]	DOTween	DG.Tweening.Plugins.UlongPlugin	SetFrom	<untyped>			18	0	0	0	Move:memory	GENERIC_LAYOUT:instantiation	NO_BASE_TYPE	0	0	-	NOT_APPLICABLE	LOADED_POINTER	NO_OWNER	[v46 @ X8_v3+18]
base has no type, from Move from [TweenerCore`3<System.UInt64, System.UInt64, DG.Tweening.Plugins.Options.NoOptions> + 0x150]	DOTween	DG.Tweening.Plugins.UlongPlugin	SetFrom	<untyped>			40	0	0	0	Move:memory	GENERIC_LAYOUT:instantiation	NO_BASE_TYPE	0	0	-	NOT_APPLICABLE	LOADED_POINTER	NO_OWNER	[v46 @ X8_v3+40]
base has no type, from Move from [TweenerCore`3<System.UInt64, System.UInt64, DG.Tweening.Plugins.Options.NoOptions> + 0x150]	DOTween	DG.Tweening.Plugins.UlongPlugin	SetFrom	<untyped>			28	0	0	0	Move:memory	GENERIC_LAYOUT:instantiation	NO_BASE_TYPE	0	0	-	NOT_APPLICABLE	LOADED_POINTER	NO_OWNER	[v46 @ X8_v3+28]
generic instance, value type argument	DOTween	DG.Tweening.Plugins.UlongPlugin	SetFrom	DG.Tweening.Core.TweenerCore`3<System.UInt64, System.UInt64, DG.Tweening.Plugins.Options.NoOptions>		GenericInstanceTypeAnalysisContext	148	0	0	0	<none>	GENERIC_LAYOUT:instantiation	LAYOUT_PARTIAL	60	138	BEYOND_LAYOUT	CLASS_OBJECT_RELATIVE	PARAMETER	SEARCH_EMPTY	[t @ X1 (DG.Tweening.Core.TweenerCore`3<System.UInt64, System.UInt64, DG.Tweening.Plugins.Options.NoOptions>)+148]
generic instance, value type argument	DOTween	DG.Tweening.Plugins.UlongPlugin	SetFrom	DG.Tweening.Core.TweenerCore`3<System.UInt64, System.UInt64, DG.Tweening.Plugins.Options.NoOptions>		GenericInstanceTypeAnalysisContext	150	0	0	0	<none>	GENERIC_LAYOUT:instantiation	LAYOUT_PARTIAL	60	138	BEYOND_LAYOUT	CLASS_OBJECT_RELATIVE	PARAMETER	SEARCH_EMPTY	[t @ X1 (DG.Tweening.Core.TweenerCore`3<System.UInt64, System.UInt64, DG.Tweening.Plugins.Options.NoOptions>)+150]
base has no type, from Move from [TweenerCore`3<System.UInt64, System.UInt64, DG.Tweening.Plugins.Options.NoOptions> + 0x150]	DOTween	DG.Tweening.Plugins.UlongPlugin	SetFrom	<untyped>			18	0	0	0	Move:memory	GENERIC_LAYOUT:instantiation	NO_BASE_TYPE	0	0	-	NOT_APPLICABLE	LOADED_POINTER	NO_OWNER	[v31 @ X8_v3+18]
base has no type, from Move from [TweenerCore`3<System.UInt64, System.UInt64, DG.Tweening.Plugins.Options.NoOptions> + 0x150]	DOTween	DG.Tweening.Plugins.UlongPlugin	SetFrom	<untyped>			40	0	0	0	Move:memory	GENERIC_LAYOUT:instantiation	NO_BASE_TYPE	0	0	-	NOT_APPLICABLE	LOADED_POINTER	NO_OWNER	[v31 @ X8_v3+40]
base has no type, from Move from [TweenerCore`3<System.UInt64, System.UInt64, DG.Tweening.Plugins.Options.NoOptions> + 0x150]	DOTween	DG.Tweening.Plugins.UlongPlugin	SetFrom	<untyped>			28	0	0	0	Move:memory	GENERIC_LAYOUT:instantiation	NO_BASE_TYPE	0	0	-	NOT_APPLICABLE	LOADED_POINTER	NO_OWNER	[v31 @ X8_v3+28]
base has no type, from Add of an untyped local and Immediate	spine-unity	Spine.Unity.MeshGenerator	ScaleVertexData	<untyped>			FFFFFFFFFFFFFFF8	0	0	0	Add	UNKNOWN:add-of-FieldReference	NO_BASE_TYPE	0	0	-	NOT_APPLICABLE	UNKNOWN	NO_OWNER	[v29 @ X11_v5-8]
base has no type, from Add of the field Vector3[] and Int32	DOTween	DG.Tweening.Plugins.Vector3ArrayPlugin	ConvertToStartValue	<untyped>			8	0	0	0	Add	MISSING_METADATA:inside-the-layout-between-fields	NO_BASE_TYPE	0	0	-	NOT_APPLICABLE	UNKNOWN	NO_OWNER	[v248 @ X11_v8+8]
static field storage at 0x8	spine-unity	Spine.Unity.MeshGenerator	FillVertexData	UnityEngine.Vector3	System.ValueType	TypeAnalysisContext	8	8	3	0	Move:memory	RUNTIME_STRUCT:StaticFieldStorageTypeAnalysisContext	LAYOUT_KNOWN	3	18	NESTED:z	VALUE_RELATIVE	STATIC_FIELD	SEARCH_EMPTY	[v347 @ X8_v32 (Il2CppStaticFields<UnityEngine.Vector3>)+8]
static field storage at 0x5C	spine-unity	Spine.Unity.MeshGenerator	FillVertexData	UnityEngine.Vector3	System.ValueType	TypeAnalysisContext	5C	8	3	0	Move:memory	RUNTIME_STRUCT:StaticFieldStorageTypeAnalysisContext	LAYOUT_KNOWN	3	18	BEYOND_LAYOUT	NEITHER	STATIC_FIELD	SEARCH_EMPTY	[v539 @ X9_v21 (Il2CppStaticFields<UnityEngine.Vector3>)+5C]
base has no type, from a call's result	DOTween	DG.Tweening.Tween	OnTweenCallback	<untyped>			B8	0	0	0	Call	MISSING_METADATA:unresolved-call-result	NO_BASE_TYPE	0	0	-	NOT_APPLICABLE	CALL_RESULT	NO_OWNER	[v258 @ X0_v37+B8]
base has no type, from Add of the field Vector3[] and Int32	DOTween	DG.Tweening.Plugins.Vector3ArrayPlugin	SetRelativeEndValue	<untyped>			14	0	0	0	Add	PAST_LAST_FIELD:value-type	NO_BASE_TYPE	0	0	-	NOT_APPLICABLE	UNKNOWN	NO_OWNER	[v248 @ X11_v9+14]
base has no type, from Add of the field Vector3[] and Int32	DOTween	DG.Tweening.Plugins.Vector3ArrayPlugin	SetRelativeEndValue	<untyped>			1C	0	0	0	Add	PAST_LAST_FIELD:value-type	NO_BASE_TYPE	0	0	-	NOT_APPLICABLE	UNKNOWN	NO_OWNER	[v248 @ X11_v9+1C]
base has no type, from Add of the field Vector3[] and Int32	DOTween	DG.Tweening.Plugins.Vector3ArrayPlugin	SetRelativeEndValue	<untyped>			20	0	0	0	Add	PAST_LAST_FIELD:value-type	NO_BASE_TYPE	0	0	-	NOT_APPLICABLE	UNKNOWN	NO_OWNER	[v186 @ X11_v7+20]
base has no type, from Add of the field Vector3[] and Int32	DOTween	DG.Tweening.Plugins.Vector3ArrayPlugin	SetRelativeEndValue	<untyped>			20	0	0	0	Add	PAST_LAST_FIELD:value-type	NO_BASE_TYPE	0	0	-	NOT_APPLICABLE	UNKNOWN	NO_OWNER	[v184 @ X12_v8+20]
base has no type, from Add of the field Vector3[] and Int32	DOTween	DG.Tweening.Plugins.Vector3ArrayPlugin	SetRelativeEndValue	<untyped>			28	0	0	0	Add	PAST_LAST_FIELD:value-type	NO_BASE_TYPE	0	0	-	NOT_APPLICABLE	UNKNOWN	NO_OWNER	[v186 @ X11_v7+28]
base has no type, from Add of the field Vector3[] and Int32	DOTween	DG.Tweening.Plugins.Vector3ArrayPlugin	SetRelativeEndValue	<untyped>			28	0	0	0	Add	PAST_LAST_FIELD:value-type	NO_BASE_TYPE	0	0	-	NOT_APPLICABLE	UNKNOWN	NO_OWNER	[v184 @ X12_v8+28]
base has no type, from Add of Vector3[] and Int32	DOTween	DG.Tweening.Plugins.Vector3ArrayPlugin	SetChangeValue	<untyped>			20	0	0	0	Add	ARRAY_ELEMENT:array-typed-base	NO_BASE_TYPE	0	0	-	NOT_APPLICABLE	UNKNOWN	NO_OWNER	[v149 @ X11_v5+20]
base has no type, from Add of the field Vector3[] and Int32	DOTween	DG.Tweening.Plugins.Vector3ArrayPlugin	SetChangeValue	<untyped>			20	0	0	0	Add	PAST_LAST_FIELD:value-type	NO_BASE_TYPE	0	0	-	NOT_APPLICABLE	UNKNOWN	NO_OWNER	[v55 @ X12_v7+20]
base has no type, from Add of Vector3[] and Int32	DOTween	DG.Tweening.Plugins.Vector3ArrayPlugin	SetChangeValue	<untyped>			28	0	0	0	Add	ARRAY_ELEMENT:array-typed-base	NO_BASE_TYPE	0	0	-	NOT_APPLICABLE	UNKNOWN	NO_OWNER	[v149 @ X11_v5+28]
base has no type, from Add of the field Vector3[] and Int32	DOTween	DG.Tweening.Plugins.Vector3ArrayPlugin	SetChangeValue	<untyped>			28	0	0	0	Add	PAST_LAST_FIELD:value-type	NO_BASE_TYPE	0	0	-	NOT_APPLICABLE	UNKNOWN	NO_OWNER	[v55 @ X12_v7+28]
Il2CppMethodInfo.klass	DOTween	DG.Tweening.Plugins.Vector3ArrayPlugin	GetSpeedBasedDuration	Il2CppMethodInfo		RuntimeMethodInfoAnalysisContext	18	0	0	0	<none>	RUNTIME_STRUCT:RuntimeMethodInfoAnalysisContext	RUNTIME_STRUCT	0	0	-	NOT_APPLICABLE	RUNTIME_STRUCTURE	SEARCH_EMPTY	[methodInfo @ X3 (Il2CppMethodInfo)+18]
Il2CppMethodInfo.klass	DOTween	DG.Tweening.Plugins.Vector3ArrayPlugin	GetSpeedBasedDuration	Il2CppMethodInfo		RuntimeMethodInfoAnalysisContext	18	0	0	0	<none>	RUNTIME_STRUCT:RuntimeMethodInfoAnalysisContext	RUNTIME_STRUCT	0	0	-	NOT_APPLICABLE	RUNTIME_STRUCTURE	SEARCH_EMPTY	[methodInfo @ X3 (Il2CppMethodInfo)+18]
base has no type, from Add of an untyped local and Immediate	DOTween	DG.Tweening.Plugins.Vector3ArrayPlugin	GetSpeedBasedDuration	<untyped>			FFFFFFFFFFFFFFF8	0	0	0	Add	RUNTIME_STRUCT:RuntimeMethodInfoAnalysisContext	NO_BASE_TYPE	0	0	-	NOT_APPLICABLE	UNKNOWN	NO_OWNER	[v73 @ X24_v7-8]
base has no type, from Add of an untyped local and Immediate	DOTween	DG.Tweening.Plugins.Vector3ArrayPlugin	GetSpeedBasedDuration	<untyped>			FFFFFFFFFFFFFFF8	0	0	0	Add	RUNTIME_STRUCT:RuntimeMethodInfoAnalysisContext	NO_BASE_TYPE	0	0	-	NOT_APPLICABLE	UNKNOWN	NO_OWNER	[v73 @ X24_v7-8]
base has no type, from Add of an untyped local and Immediate	DOTween	DG.Tweening.Plugins.Vector3ArrayPlugin	GetSpeedBasedDuration	<untyped>			FFFFFFFFFFFFFFFC	0	0	0	Add	RUNTIME_STRUCT:RuntimeMethodInfoAnalysisContext	NO_BASE_TYPE	0	0	-	NOT_APPLICABLE	UNKNOWN	NO_OWNER	[v73 @ X24_v7-4]
base has no type, from Add of an untyped local and Immediate	DOTween	DG.Tweening.Plugins.Vector3ArrayPlugin	GetSpeedBasedDuration	<untyped>			FFFFFFFFFFFFFFFC	0	0	0	Add	RUNTIME_STRUCT:RuntimeMethodInfoAnalysisContext	NO_BASE_TYPE	0	0	-	NOT_APPLICABLE	UNKNOWN	NO_OWNER	[v73 @ X24_v7-4]
base has no type, from Add of Vector3[] and Immediate	DOTween	DG.Tweening.Plugins.Vector3ArrayPlugin	GetSpeedBasedDuration	<untyped>			0	0	0	0	Add	ARRAY_ELEMENT:array-typed-base	NO_BASE_TYPE	0	0	-	NOT_APPLICABLE	PARAMETER	NO_OWNER	[v71 @ X25_v6+v77 @ X22_v7 (System.Int32)*4]
Il2CppMethodInfo.klass	DOTween	DG.Tweening.Plugins.Vector3ArrayPlugin	GetSpeedBasedDuration	Il2CppMethodInfo		RuntimeMethodInfoAnalysisContext	18	0	0	0	<none>	RUNTIME_STRUCT:RuntimeMethodInfoAnalysisContext	RUNTIME_STRUCT	0	0	-	NOT_APPLICABLE	RUNTIME_STRUCTURE	SEARCH_EMPTY	[methodInfo @ X3 (Il2CppMethodInfo)+18]
base has no type, from a call's result	DOTween	DG.Tweening.Tween	OnTweenCallback	<untyped>			B8	0	0	0	Call	MISSING_METADATA:unresolved-call-result	NO_BASE_TYPE	0	0	-	NOT_APPLICABLE	CALL_RESULT	NO_OWNER	[v255 @ X0_v37+B8]
generic instance, reference arguments	DOTween	DG.Tweening.Tweener	Setup	DG.Tweening.Plugins.Core.ABSTweenPlugin`3<T1, T2, TPlugOptions>		GenericInstanceTypeAnalysisContext	38	0	0	0	<none>	GENERIC_LAYOUT:instantiation	NO_INSTANCE_FIELDS	0	0	BEYOND_LAYOUT	CLASS_OBJECT_RELATIVE	PARAMETER	SEARCH_EMPTY	[plugin @ X4 (DG.Tweening.Plugins.Core.ABSTweenPlugin`3<T1, T2, TPlugOptions>)+38]
generic instance, reference arguments	DOTween	DG.Tweening.Tweener	Setup	DG.Tweening.Plugins.Core.ABSTweenPlugin`3<T1, T2, TPlugOptions>		GenericInstanceTypeAnalysisContext	38	0	0	0	<none>	GENERIC_LAYOUT:instantiation	NO_INSTANCE_FIELDS	0	0	BEYOND_LAYOUT	CLASS_OBJECT_RELATIVE	PARAMETER	SEARCH_EMPTY	[plugin @ X4 (DG.Tweening.Plugins.Core.ABSTweenPlugin`3<T1, T2, TPlugOptions>)+38]
generic instance, reference arguments	DOTween	DG.Tweening.Tweener	Setup	DG.Tweening.Plugins.Core.ABSTweenPlugin`3<T1, T2, TPlugOptions>		GenericInstanceTypeAnalysisContext	38	0	0	0	<none>	GENERIC_LAYOUT:instantiation	NO_INSTANCE_FIELDS	0	0	BEYOND_LAYOUT	CLASS_OBJECT_RELATIVE	PARAMETER	SEARCH_EMPTY	[plugin @ X4 (DG.Tweening.Plugins.Core.ABSTweenPlugin`3<T1, T2, TPlugOptions>)+38]
value type base	DOTween	DG.Tweening.Plugins.StringPlugin	ScrambledCharsToUse	System.Int32	System.ValueType	TypeAnalysisContext	0	0	1	0	Add	MISSING_METADATA:inside-the-layout-between-fields	LAYOUT_KNOWN	1	10	NESTED:m_value	VALUE_RELATIVE	UNKNOWN	NOT_A_FIELD_ACCESS	[v48 @ X9_v2 (System.Int32)+v35 @ X8_v4 (System.Int32)]
base has no type, from Add of Vector2[] and Int32	spine-unity	Spine.Unity.MeshGenerator	SolveTangents2DTriangles	<untyped>			20	0	0	0	Add	ARRAY_ELEMENT:computed-element-address	NO_BASE_TYPE	0	0	-	NOT_APPLICABLE	UNKNOWN	NO_OWNER	[v44 @ X14_v6+20]
base has no type, from Add of Vector2[] and Int32	spine-unity	Spine.Unity.MeshGenerator	SolveTangents2DTriangles	<untyped>			20	0	0	0	Add	ARRAY_ELEMENT:computed-element-address	NO_BASE_TYPE	0	0	-	NOT_APPLICABLE	UNKNOWN	NO_OWNER	[v44 @ X14_v6+20]
base has no type, from Add of an untyped local and Int32	spine-unity	Spine.Unity.MeshGenerator	SolveTangents2DTriangles	<untyped>			4	0	0	0	Add	MISSING_METADATA:inside-the-layout-between-fields	NO_BASE_TYPE	0	0	-	NOT_APPLICABLE	UNKNOWN	NO_OWNER	[v393 @ X14_v5+4]
base has no type, from Add of an untyped local and Int32	spine-unity	Spine.Unity.MeshGenerator	SolveTangents2DTriangles	<untyped>			4	0	0	0	Add	MISSING_METADATA:inside-the-layout-between-fields	NO_BASE_TYPE	0	0	-	NOT_APPLICABLE	UNKNOWN	NO_OWNER	[v140 @ X13_v8+4]
base has no type, from Add of Vector3[] and Int32	spine-unity	Spine.Unity.MeshGenerator	SolveTangents2DTriangles	<untyped>			20	0	0	0	Add	ARRAY_ELEMENT:computed-element-address	NO_BASE_TYPE	0	0	-	NOT_APPLICABLE	UNKNOWN	NO_OWNER	[v410 @ X13_v11+20]
base has no type, from Add of Vector3[] and Int32	spine-unity	Spine.Unity.MeshGenerator	SolveTangents2DTriangles	<untyped>			20	0	0	0	Add	ARRAY_ELEMENT:computed-element-address	NO_BASE_TYPE	0	0	-	NOT_APPLICABLE	UNKNOWN	NO_OWNER	[v407 @ X13_v10+20]
base has no type, from Add of Vector3[] and Int32	spine-unity	Spine.Unity.MeshGenerator	SolveTangents2DTriangles	<untyped>			20	0	0	0	Add	ARRAY_ELEMENT:computed-element-address	NO_BASE_TYPE	0	0	-	NOT_APPLICABLE	UNKNOWN	NO_OWNER	[v412 @ X13_v12+20]
base has no type, from Add of Vector3[] and Int32	spine-unity	Spine.Unity.MeshGenerator	SolveTangents2DTriangles	<untyped>			20	0	0	0	Add	ARRAY_ELEMENT:computed-element-address	NO_BASE_TYPE	0	0	-	NOT_APPLICABLE	UNKNOWN	NO_OWNER	[v407 @ X13_v10+20]
base has no type, from Add of an untyped local and Immediate	spine-unity	Spine.Unity.MeshGenerator	SolveTangents2DBuffer	<untyped>			FFFFFFFFFFFFFFFC	0	0	0	Add	ARRAY_ELEMENT:array-typed-base	NO_BASE_TYPE	0	0	-	NOT_APPLICABLE	UNKNOWN	NO_OWNER	[v100 @ X10_v3-4]
base has no type, from Add of an untyped local and Immediate	spine-unity	Spine.Unity.MeshGenerator	SolveTangents2DBuffer	<untyped>			FFFFFFFFFFFFFFFC	0	0	0	Add	ARRAY_ELEMENT:array-typed-base	NO_BASE_TYPE	0	0	-	NOT_APPLICABLE	UNKNOWN	NO_OWNER	[v100 @ X10_v3-4]
base has no type, from Add of an untyped local and Immediate	spine-unity	Spine.Unity.MeshGenerator	SolveTangents2DBuffer	<untyped>			FFFFFFFFFFFFFFFC	0	0	0	Add	ARRAY_ELEMENT:array-typed-base	NO_BASE_TYPE	0	0	-	NOT_APPLICABLE	UNKNOWN	NO_OWNER	[v100 @ X10_v3-4]
base has no type, from Add of Vector2[] and Int32	spine-unity	Spine.Unity.MeshGenerator	SolveTangents2DBuffer	<untyped>			20	0	0	0	Add	ARRAY_ELEMENT:computed-element-address	NO_BASE_TYPE	0	0	-	NOT_APPLICABLE	UNKNOWN	NO_OWNER	[v183 @ X12_v7+20]
base has no type, from a call's result	DOTween	DG.Tweening.Tweener	DoStartup	<untyped>			B8	0	0	0	Call	MISSING_METADATA:unresolved-call-result	NO_BASE_TYPE	0	0	-	NOT_APPLICABLE	CALL_RESULT	NO_OWNER	[v451 @ X0_v53+B8]
past the last field of the base type	DOTween	DG.Tweening.Tweener	DoChangeStartValue	T2		GenericParameterTypeAnalysisContext	38	0	0	0	<none>	GENERIC_LAYOUT:open-parameter	OPEN_TYPE_PARAMETER	0	0	-	NOT_APPLICABLE	PARAMETER	SEARCH_EMPTY	[newStartValue @ X1 (T2)+38]
past the last field of the base type	DOTween	DG.Tweening.Tweener	DoChangeStartValue	T2		GenericParameterTypeAnalysisContext	38	0	0	0	<none>	GENERIC_LAYOUT:open-parameter	OPEN_TYPE_PARAMETER	0	0	-	NOT_APPLICABLE	PARAMETER	SEARCH_EMPTY	[newStartValue @ X1 (T2)+38]
past the last field of the base type	DOTween	DG.Tweening.Tweener	DoChangeStartValue	T2		GenericParameterTypeAnalysisContext	38	0	0	0	<none>	GENERIC_LAYOUT:open-parameter	OPEN_TYPE_PARAMETER	0	0	-	NOT_APPLICABLE	PARAMETER	SEARCH_EMPTY	[newStartValue @ X1 (T2)+38]
static field storage at 0x8	DOTween	DG.Tweening.Plugins.Vector3ArrayPlugin	EvaluateAndApply	UnityEngine.Vector3	System.ValueType	TypeAnalysisContext	8	8	3	0	Move:memory	RUNTIME_STRUCT:StaticFieldStorageTypeAnalysisContext	LAYOUT_KNOWN	3	18	NESTED:z	VALUE_RELATIVE	STATIC_FIELD	SEARCH_EMPTY	[v76 @ X9_v3 (Il2CppStaticFields<UnityEngine.Vector3>)+8]
value type base	DOTween	DG.Tweening.Plugins.Vector3ArrayPlugin	EvaluateAndApply	System.Boolean	System.ValueType	TypeAnalysisContext	A8	0	1	0	<none>	PAST_LAST_FIELD:value-type	LAYOUT_KNOWN	1	10	BEYOND_LAYOUT	NEITHER	PARAMETER	SEARCH_EMPTY	[isRelative @ X3 (System.Boolean)+A8]
value type base	DOTween	DG.Tweening.Plugins.Vector3ArrayPlugin	EvaluateAndApply	System.Boolean	System.ValueType	TypeAnalysisContext	111	0	1	0	<none>	PAST_LAST_FIELD:value-type	LAYOUT_KNOWN	1	10	BEYOND_LAYOUT	NEITHER	PARAMETER	SEARCH_EMPTY	[isRelative @ X3 (System.Boolean)+111]
value type base	DOTween	DG.Tweening.Plugins.Vector3ArrayPlugin	EvaluateAndApply	System.Boolean	System.ValueType	TypeAnalysisContext	10C	0	1	0	<none>	PAST_LAST_FIELD:value-type	LAYOUT_KNOWN	1	10	BEYOND_LAYOUT	NEITHER	PARAMETER	SEARCH_EMPTY	[isRelative @ X3 (System.Boolean)+10C]
array at 0x20, from no definition	DOTween	DG.Tweening.Plugins.Vector3ArrayPlugin	EvaluateAndApply	UnityEngine.Vector3[]		SzArrayTypeAnalysisContext	20	0	0	0	<none>	ARRAY_ELEMENT:array-typed-base	NO_INSTANCE_FIELDS	0	0	BEYOND_LAYOUT	CLASS_OBJECT_RELATIVE	PARAMETER	SEARCH_EMPTY	[changeValue @ X7 (UnityEngine.Vector3[])+20]
base has no type, from Add of Vector3[] and an untyped local	DOTween	DG.Tweening.Plugins.Vector3ArrayPlugin	EvaluateAndApply	<untyped>			20	0	0	0	Add	ARRAY_ELEMENT:computed-element-address	NO_BASE_TYPE	0	0	-	NOT_APPLICABLE	UNKNOWN	NO_OWNER	[v424 @ X11_v8+20]
base has no type, from Add of Boolean and an untyped local	DOTween	DG.Tweening.Plugins.Vector3ArrayPlugin	EvaluateAndApply	<untyped>			20	0	0	0	Add	PAST_LAST_FIELD:value-type	NO_BASE_TYPE	0	0	-	NOT_APPLICABLE	UNKNOWN	NO_OWNER	[v425 @ X10_v23+20]
base has no type, from Add of Boolean and an untyped local	DOTween	DG.Tweening.Plugins.Vector3ArrayPlugin	EvaluateAndApply	<untyped>			28	0	0	0	Add	PAST_LAST_FIELD:value-type	NO_BASE_TYPE	0	0	-	NOT_APPLICABLE	UNKNOWN	NO_OWNER	[v425 @ X10_v23+28]
array at 0x20, from no definition	DOTween	DG.Tweening.Plugins.Vector3ArrayPlugin	EvaluateAndApply	UnityEngine.Vector3[]		SzArrayTypeAnalysisContext	20	0	0	0	<none>	ARRAY_ELEMENT:array-typed-base	NO_INSTANCE_FIELDS	0	0	BEYOND_LAYOUT	CLASS_OBJECT_RELATIVE	PARAMETER	SEARCH_EMPTY	[changeValue @ X7 (UnityEngine.Vector3[])+20]
array at 0x28, from no definition	DOTween	DG.Tweening.Plugins.Vector3ArrayPlugin	EvaluateAndApply	UnityEngine.Vector3[]		SzArrayTypeAnalysisContext	28	0	0	0	<none>	ARRAY_ELEMENT:array-typed-base	NO_INSTANCE_FIELDS	0	0	BEYOND_LAYOUT	CLASS_OBJECT_RELATIVE	PARAMETER	SEARCH_EMPTY	[changeValue @ X7 (UnityEngine.Vector3[])+28]
value type base	DOTween	DG.Tweening.Plugins.Vector3ArrayPlugin	EvaluateAndApply	System.Boolean	System.ValueType	TypeAnalysisContext	F0	0	1	0	<none>	PAST_LAST_FIELD:value-type	LAYOUT_KNOWN	1	10	BEYOND_LAYOUT	NEITHER	PARAMETER	SEARCH_EMPTY	[isRelative @ X3 (System.Boolean)+F0]
base has no type, from Move from [Boolean + 0xF0]	DOTween	DG.Tweening.Plugins.Vector3ArrayPlugin	EvaluateAndApply	<untyped>			A8	0	0	0	Move:memory	PAST_LAST_FIELD:value-type	NO_BASE_TYPE	0	0	-	NOT_APPLICABLE	LOADED_POINTER	NO_OWNER	[v351 @ X9_v21+A8]
value type base	DOTween	DG.Tweening.Plugins.Vector3ArrayPlugin	EvaluateAndApply	System.Boolean	System.ValueType	TypeAnalysisContext	A8	0	1	0	<none>	PAST_LAST_FIELD:value-type	LAYOUT_KNOWN	1	10	BEYOND_LAYOUT	NEITHER	PARAMETER	SEARCH_EMPTY	[isRelative @ X3 (System.Boolean)+A8]
value type base	DOTween	DG.Tweening.Plugins.Vector3ArrayPlugin	EvaluateAndApply	System.Boolean	System.ValueType	TypeAnalysisContext	A4	0	1	0	<none>	PAST_LAST_FIELD:value-type	LAYOUT_KNOWN	1	10	BEYOND_LAYOUT	NEITHER	PARAMETER	SEARCH_EMPTY	[isRelative @ X3 (System.Boolean)+A4]
array at 0x20, from no definition	DOTween	DG.Tweening.Plugins.Vector3ArrayPlugin	EvaluateAndApply	UnityEngine.Vector3[]		SzArrayTypeAnalysisContext	20	0	0	0	<none>	ARRAY_ELEMENT:array-typed-base	NO_INSTANCE_FIELDS	0	0	BEYOND_LAYOUT	CLASS_OBJECT_RELATIVE	PARAMETER	SEARCH_EMPTY	[changeValue @ X7 (UnityEngine.Vector3[])+20]
base has no type, from Add of Vector3[] and an untyped local	DOTween	DG.Tweening.Plugins.Vector3ArrayPlugin	EvaluateAndApply	<untyped>			20	0	0	0	Add	ARRAY_ELEMENT:computed-element-address	NO_BASE_TYPE	0	0	-	NOT_APPLICABLE	UNKNOWN	NO_OWNER	[v533 @ X10_v18+20]
base has no type, from Add of Boolean and an untyped local	DOTween	DG.Tweening.Plugins.Vector3ArrayPlugin	EvaluateAndApply	<untyped>			20	0	0	0	Add	PAST_LAST_FIELD:value-type	NO_BASE_TYPE	0	0	-	NOT_APPLICABLE	UNKNOWN	NO_OWNER	[v546 @ X9_v27+20]
base has no type, from Add of Boolean and an untyped local	DOTween	DG.Tweening.Plugins.Vector3ArrayPlugin	EvaluateAndApply	<untyped>			28	0	0	0	Add	PAST_LAST_FIELD:value-type	NO_BASE_TYPE	0	0	-	NOT_APPLICABLE	UNKNOWN	NO_OWNER	[v546 @ X9_v27+28]
array at 0x20, from no definition	DOTween	DG.Tweening.Plugins.Vector3ArrayPlugin	EvaluateAndApply	UnityEngine.Vector3[]		SzArrayTypeAnalysisContext	20	0	0	0	<none>	ARRAY_ELEMENT:array-typed-base	NO_INSTANCE_FIELDS	0	0	BEYOND_LAYOUT	CLASS_OBJECT_RELATIVE	PARAMETER	SEARCH_EMPTY	[changeValue @ X7 (UnityEngine.Vector3[])+20]
array at 0x28, from no definition	DOTween	DG.Tweening.Plugins.Vector3ArrayPlugin	EvaluateAndApply	UnityEngine.Vector3[]		SzArrayTypeAnalysisContext	28	0	0	0	<none>	ARRAY_ELEMENT:array-typed-base	NO_INSTANCE_FIELDS	0	0	BEYOND_LAYOUT	CLASS_OBJECT_RELATIVE	PARAMETER	SEARCH_EMPTY	[changeValue @ X7 (UnityEngine.Vector3[])+28]
base has no type, from Add of Tween and Immediate	DOTween	DG.Tweening.Plugins.Vector3ArrayPlugin	EvaluateAndApply	<untyped>			0	0	0	0	Add	MISSING_METADATA:inside-the-layout-between-fields	NO_BASE_TYPE	0	0	-	NOT_APPLICABLE	PARAMETER	NO_OWNER	[v658 @ X10_v12+v692 @ X8_v64 (System.Int32)*4]
base has no type, from Add of Vector3[] and Int32	DOTween	DG.Tweening.Plugins.Vector3ArrayPlugin	EvaluateAndApply	<untyped>			20	0	0	0	Add	ARRAY_ELEMENT:computed-element-address	NO_BASE_TYPE	0	0	-	NOT_APPLICABLE	UNKNOWN	NO_OWNER	[v356 @ X9_v19+20]
base has no type, from Add of Boolean and Int32	DOTween	DG.Tweening.Plugins.Vector3ArrayPlugin	EvaluateAndApply	<untyped>			20	0	0	0	Add	PAST_LAST_FIELD:value-type	NO_BASE_TYPE	0	0	-	NOT_APPLICABLE	UNKNOWN	NO_OWNER	[v833 @ X8_v56+20]
base has no type, from Add of Boolean and Int32	DOTween	DG.Tweening.Plugins.Vector3ArrayPlugin	EvaluateAndApply	<untyped>			28	0	0	0	Add	PAST_LAST_FIELD:value-type	NO_BASE_TYPE	0	0	-	NOT_APPLICABLE	UNKNOWN	NO_OWNER	[v761 @ X8_v18+28]
base has no type, from Add of Boolean and Int32	DOTween	DG.Tweening.Plugins.Vector3ArrayPlugin	EvaluateAndApply	<untyped>			24	0	0	0	Add	PAST_LAST_FIELD:value-type	NO_BASE_TYPE	0	0	-	NOT_APPLICABLE	UNKNOWN	NO_OWNER	[v794 @ X8_v30+24]
value type base	DOTween	DG.Tweening.Tweener	DoChangeEndValue	System.Boolean	System.ValueType	TypeAnalysisContext	38	0	1	0	Move:Immediate	PAST_LAST_FIELD:value-type	LAYOUT_KNOWN	1	10	BEYOND_LAYOUT	NEITHER	UNKNOWN	SEARCH_EMPTY	[v363 @ X2_v13 (System.Boolean)+38]
value type base	DOTween	DG.Tweening.Tweener	DoChangeEndValue	System.Boolean	System.ValueType	TypeAnalysisContext	38	0	1	0	Move:Immediate	PAST_LAST_FIELD:value-type	LAYOUT_KNOWN	1	10	BEYOND_LAYOUT	NEITHER	UNKNOWN	SEARCH_EMPTY	[v363 @ X2_v13 (System.Boolean)+38]
base has no type, from Add of Vector3[] and Int32	DOTween	DG.Tweening.Plugins.Vector3ArrayPlugin	EvaluateAndApply	<untyped>			20	0	0	0	Add	ARRAY_ELEMENT:computed-element-address	NO_BASE_TYPE	0	0	-	NOT_APPLICABLE	UNKNOWN	NO_OWNER	[v773 @ X9_v16+20]
base has no type, from Add of Vector3[] and Int32	DOTween	DG.Tweening.Plugins.Vector3ArrayPlugin	EvaluateAndApply	<untyped>			28	0	0	0	Add	ARRAY_ELEMENT:computed-element-address	NO_BASE_TYPE	0	0	-	NOT_APPLICABLE	UNKNOWN	NO_OWNER	[v777 @ X8_v41+28]
base has no type, from Add of Boolean and Int32	DOTween	DG.Tweening.Plugins.Vector3ArrayPlugin	EvaluateAndApply	<untyped>			20	0	0	0	Add	PAST_LAST_FIELD:value-type	NO_BASE_TYPE	0	0	-	NOT_APPLICABLE	UNKNOWN	NO_OWNER	[v359 @ X9_v17+20]
base has no type, from a call's result	DOTween	DG.Tweening.Tweener	DoChangeEndValue	<untyped>			B8	0	0	0	Call	MISSING_METADATA:unresolved-call-result	NO_BASE_TYPE	0	0	-	NOT_APPLICABLE	CALL_RESULT	NO_OWNER	[v411 @ X0_v55+B8]
base has no type, from Add of Boolean and Int32	DOTween	DG.Tweening.Plugins.Vector3ArrayPlugin	EvaluateAndApply	<untyped>			28	0	0	0	Add	PAST_LAST_FIELD:value-type	NO_BASE_TYPE	0	0	-	NOT_APPLICABLE	UNKNOWN	NO_OWNER	[v359 @ X9_v17+28]
base has no type, from Add of Vector3[] and Int32	DOTween	DG.Tweening.Plugins.Vector3ArrayPlugin	EvaluateAndApply	<untyped>			20	0	0	0	Add	ARRAY_ELEMENT:computed-element-address	NO_BASE_TYPE	0	0	-	NOT_APPLICABLE	UNKNOWN	NO_OWNER	[v773 @ X9_v16+20]
array at 0x40, from no definition	DOTween	DG.Tweening.Plugins.Vector3ArrayPlugin	EvaluateAndApply	UnityEngine.Vector3[]		SzArrayTypeAnalysisContext	40	0	0	0	<none>	ARRAY_ELEMENT:array-typed-base	NO_INSTANCE_FIELDS	0	0	BEYOND_LAYOUT	CLASS_OBJECT_RELATIVE	PARAMETER	SEARCH_EMPTY	[startValue @ X6 (UnityEngine.Vector3[])+40]
array at 0x28, from no definition	DOTween	DG.Tweening.Plugins.Vector3ArrayPlugin	EvaluateAndApply	UnityEngine.Vector3[]		SzArrayTypeAnalysisContext	28	0	0	0	<none>	ARRAY_ELEMENT:array-typed-base	NO_INSTANCE_FIELDS	0	0	BEYOND_LAYOUT	CLASS_OBJECT_RELATIVE	PARAMETER	SEARCH_EMPTY	[startValue @ X6 (UnityEngine.Vector3[])+28]
array at 0x40, from no definition	DOTween	DG.Tweening.Plugins.Vector3ArrayPlugin	EvaluateAndApply	UnityEngine.Vector3[]		SzArrayTypeAnalysisContext	40	0	0	0	<none>	ARRAY_ELEMENT:array-typed-base	NO_INSTANCE_FIELDS	0	0	BEYOND_LAYOUT	CLASS_OBJECT_RELATIVE	PARAMETER	SEARCH_EMPTY	[startValue @ X6 (UnityEngine.Vector3[])+40]
array at 0x28, from no definition	DOTween	DG.Tweening.Plugins.Vector3ArrayPlugin	EvaluateAndApply	UnityEngine.Vector3[]		SzArrayTypeAnalysisContext	28	0	0	0	<none>	ARRAY_ELEMENT:array-typed-base	NO_INSTANCE_FIELDS	0	0	BEYOND_LAYOUT	CLASS_OBJECT_RELATIVE	PARAMETER	SEARCH_EMPTY	[startValue @ X6 (UnityEngine.Vector3[])+28]
array at 0x40, from no definition	DOTween	DG.Tweening.Plugins.Vector3ArrayPlugin	EvaluateAndApply	UnityEngine.Vector3[]		SzArrayTypeAnalysisContext	40	0	0	0	<none>	ARRAY_ELEMENT:array-typed-base	NO_INSTANCE_FIELDS	0	0	BEYOND_LAYOUT	CLASS_OBJECT_RELATIVE	PARAMETER	SEARCH_EMPTY	[startValue @ X6 (UnityEngine.Vector3[])+40]
array at 0x28, from no definition	DOTween	DG.Tweening.Plugins.Vector3ArrayPlugin	EvaluateAndApply	UnityEngine.Vector3[]		SzArrayTypeAnalysisContext	28	0	0	0	<none>	ARRAY_ELEMENT:array-typed-base	NO_INSTANCE_FIELDS	0	0	BEYOND_LAYOUT	CLASS_OBJECT_RELATIVE	PARAMETER	SEARCH_EMPTY	[startValue @ X6 (UnityEngine.Vector3[])+28]
value type base	DOTween	DG.Tweening.Plugins.Vector3ArrayPlugin	EvaluateAndApply	System.Boolean	System.ValueType	TypeAnalysisContext	C0	0	1	0	<none>	PAST_LAST_FIELD:value-type	LAYOUT_KNOWN	1	10	BEYOND_LAYOUT	NEITHER	PARAMETER	SEARCH_EMPTY	[isRelative @ X3 (System.Boolean)+C0]
array at 0x40, from no definition	DOTween	DG.Tweening.Plugins.Vector3ArrayPlugin	EvaluateAndApply	UnityEngine.Vector3[]		SzArrayTypeAnalysisContext	40	0	0	0	<none>	ARRAY_ELEMENT:array-typed-base	NO_INSTANCE_FIELDS	0	0	BEYOND_LAYOUT	CLASS_OBJECT_RELATIVE	PARAMETER	SEARCH_EMPTY	[startValue @ X6 (UnityEngine.Vector3[])+40]
array at 0x28, from no definition	DOTween	DG.Tweening.Plugins.Vector3ArrayPlugin	EvaluateAndApply	UnityEngine.Vector3[]		SzArrayTypeAnalysisContext	28	0	0	0	<none>	ARRAY_ELEMENT:array-typed-base	NO_INSTANCE_FIELDS	0	0	BEYOND_LAYOUT	CLASS_OBJECT_RELATIVE	PARAMETER	SEARCH_EMPTY	[startValue @ X6 (UnityEngine.Vector3[])+28]
value type base	DOTween	DG.Tweening.Plugins.Vector3ArrayPlugin	EvaluateAndApply	System.Boolean	System.ValueType	TypeAnalysisContext	E9	0	1	0	<none>	PAST_LAST_FIELD:value-type	LAYOUT_KNOWN	1	10	BEYOND_LAYOUT	NEITHER	PARAMETER	SEARCH_EMPTY	[isRelative @ X3 (System.Boolean)+E9]
base has no type, from Move from [Boolean + 0xF0]	DOTween	DG.Tweening.Plugins.Vector3ArrayPlugin	EvaluateAndApply	<untyped>			111	0	0	0	Move:memory	PAST_LAST_FIELD:value-type	NO_BASE_TYPE	0	0	-	NOT_APPLICABLE	LOADED_POINTER	NO_OWNER	[v351 @ X9_v21+111]
base has no type, from Move from [Boolean + 0xF0]	DOTween	DG.Tweening.Plugins.Vector3ArrayPlugin	EvaluateAndApply	<untyped>			10C	0	0	0	Move:memory	PAST_LAST_FIELD:value-type	NO_BASE_TYPE	0	0	-	NOT_APPLICABLE	LOADED_POINTER	NO_OWNER	[v351 @ X9_v21+10C]
base has no type, from Add of Tween and Immediate	DOTween	DG.Tweening.Plugins.Vector3ArrayPlugin	EvaluateAndApply	<untyped>			0	0	0	0	Add	MISSING_METADATA:inside-the-layout-between-fields	NO_BASE_TYPE	0	0	-	NOT_APPLICABLE	PARAMETER	NO_OWNER	[v658 @ X10_v12+v692 @ X8_v64 (System.Int32)*4]
base has no type, from Add of Tween and Immediate	DOTween	DG.Tweening.Plugins.Vector3ArrayPlugin	EvaluateAndApply	<untyped>			0	0	0	0	Add	MISSING_METADATA:inside-the-layout-between-fields	NO_BASE_TYPE	0	0	-	NOT_APPLICABLE	PARAMETER	NO_OWNER	[v658 @ X10_v12+v692 @ X8_v64 (System.Int32)*4]
value type base	DOTween	DG.Tweening.Plugins.Vector3ArrayPlugin	EvaluateAndApply	System.Boolean	System.ValueType	TypeAnalysisContext	C4	0	1	0	<none>	PAST_LAST_FIELD:value-type	LAYOUT_KNOWN	1	10	BEYOND_LAYOUT	NEITHER	PARAMETER	SEARCH_EMPTY	[isRelative @ X3 (System.Boolean)+C4]
value type base	DOTween	DG.Tweening.Plugins.Vector3ArrayPlugin	EvaluateAndApply	System.Boolean	System.ValueType	TypeAnalysisContext	B4	0	1	0	<none>	PAST_LAST_FIELD:value-type	LAYOUT_KNOWN	1	10	BEYOND_LAYOUT	NEITHER	PARAMETER	SEARCH_EMPTY	[isRelative @ X3 (System.Boolean)+B4]
value type base	DOTween	DG.Tweening.Plugins.Vector3ArrayPlugin	EvaluateAndApply	System.Boolean	System.ValueType	TypeAnalysisContext	B8	0	1	0	<none>	PAST_LAST_FIELD:value-type	LAYOUT_KNOWN	1	10	BEYOND_LAYOUT	NEITHER	PARAMETER	SEARCH_EMPTY	[isRelative @ X3 (System.Boolean)+B8]
value type base	DOTween	DG.Tweening.Plugins.Vector3ArrayPlugin	EvaluateAndApply	System.Boolean	System.ValueType	TypeAnalysisContext	C0	0	1	0	<none>	PAST_LAST_FIELD:value-type	LAYOUT_KNOWN	1	10	BEYOND_LAYOUT	NEITHER	PARAMETER	SEARCH_EMPTY	[isRelative @ X3 (System.Boolean)+C0]
value type base	DOTween	DG.Tweening.Plugins.Vector3ArrayPlugin	EvaluateAndApply	System.Boolean	System.ValueType	TypeAnalysisContext	C4	0	1	0	<none>	PAST_LAST_FIELD:value-type	LAYOUT_KNOWN	1	10	BEYOND_LAYOUT	NEITHER	PARAMETER	SEARCH_EMPTY	[isRelative @ X3 (System.Boolean)+C4]
past the last field of the base type	DOTween	DG.Tweening.Tweener	DoChangeValues	T2		GenericParameterTypeAnalysisContext	38	0	0	0	<none>	GENERIC_LAYOUT:open-parameter	OPEN_TYPE_PARAMETER	0	0	-	NOT_APPLICABLE	PARAMETER	SEARCH_EMPTY	[newStartValue @ X1 (T2)+38]
past the last field of the base type	DOTween	DG.Tweening.Tweener	DoChangeValues	T2		GenericParameterTypeAnalysisContext	38	0	0	0	<none>	GENERIC_LAYOUT:open-parameter	OPEN_TYPE_PARAMETER	0	0	-	NOT_APPLICABLE	PARAMETER	SEARCH_EMPTY	[newStartValue @ X1 (T2)+38]
past the last field of the base type	DOTween	DG.Tweening.Tweener	DoChangeValues	T2		GenericParameterTypeAnalysisContext	38	0	0	0	<none>	GENERIC_LAYOUT:open-parameter	OPEN_TYPE_PARAMETER	0	0	-	NOT_APPLICABLE	PARAMETER	SEARCH_EMPTY	[newStartValue @ X1 (T2)+38]
value type base	DOTween	DG.Tweening.Tweener	DOStartupSpecials	System.Int32	System.ValueType	TypeAnalysisContext	0	0	1	0	Add	MISSING_METADATA:inside-the-layout-between-fields	LAYOUT_KNOWN	1	10	NESTED:m_value	VALUE_RELATIVE	UNKNOWN	NOT_A_FIELD_ACCESS	[v53 @ X9_v2 (System.Int32)+v39 @ X8_v9 (System.Int32)]
base has no type, from Add of the field Vector3[] and Int32	DOTween	DG.Tweening.Plugins.PathPlugin	SetRelativeEndValue	<untyped>			20	0	0	0	Add	PAST_LAST_FIELD:value-type	NO_BASE_TYPE	0	0	-	NOT_APPLICABLE	UNKNOWN	NO_OWNER	[v159 @ X11_v6+20]
base has no type, from Add of the field Vector3[] and Int32	DOTween	DG.Tweening.Plugins.PathPlugin	SetRelativeEndValue	<untyped>			28	0	0	0	Add	PAST_LAST_FIELD:value-type	NO_BASE_TYPE	0	0	-	NOT_APPLICABLE	UNKNOWN	NO_OWNER	[v159 @ X11_v6+28]
value type base	DOTween	DG.Tweening.Plugins.CircleOptions	Initialize	DG.Tweening.Plugins.CircleOptions	System.ValueType	TypeAnalysisContext	C	18	7	0	<none>	MISSING_METADATA:inside-the-layout-between-fields	LAYOUT_KNOWN	7	28	NESTED:center.y	NEITHER	THIS	SEARCH_EMPTY	[this @ X0 (DG.Tweening.Plugins.CircleOptions)+C]
static field storage at 0x8	DOTween	DG.Tweening.ShortcutExtensions	DOBlendableMoveBy	UnityEngine.Vector3	System.ValueType	TypeAnalysisContext	8	8	3	0	Move:memory	RUNTIME_STRUCT:StaticFieldStorageTypeAnalysisContext	LAYOUT_KNOWN	3	18	NESTED:z	VALUE_RELATIVE	STATIC_FIELD	SEARCH_EMPTY	[v103 @ X8_v8 (Il2CppStaticFields<UnityEngine.Vector3>)+8]
generic instance, value type argument	DOTween	DG.Tweening.Plugins.CirclePlugin	SetFrom	DG.Tweening.Core.TweenerCore`3<UnityEngine.Vector2, UnityEngine.Vector2, DG.Tweening.Plugins.CircleOptions>		GenericInstanceTypeAnalysisContext	154	0	0	0	<none>	GENERIC_LAYOUT:instantiation	LAYOUT_KNOWN	66	178	INSIDE_NO_FIELD	CLASS_OBJECT_RELATIVE	PARAMETER	SEARCH_EMPTY	[t @ X1 (DG.Tweening.Core.TweenerCore`3<UnityEngine.Vector2, UnityEngine.Vector2, DG.Tweening.Plugins.CircleOptions>)+154]
generic instance, value type argument	DOTween	DG.Tweening.Plugins.CirclePlugin	SetFrom	DG.Tweening.Core.TweenerCore`3<UnityEngine.Vector2, UnityEngine.Vector2, DG.Tweening.Plugins.CircleOptions>		GenericInstanceTypeAnalysisContext	150	0	0	0	<none>	GENERIC_LAYOUT:instantiation	LAYOUT_KNOWN	66	178	INSIDE_NO_FIELD	CLASS_OBJECT_RELATIVE	PARAMETER	SEARCH_EMPTY	[t @ X1 (DG.Tweening.Core.TweenerCore`3<UnityEngine.Vector2, UnityEngine.Vector2, DG.Tweening.Plugins.CircleOptions>)+150]
generic instance, value type argument	DOTween	DG.Tweening.Plugins.CirclePlugin	SetFrom	DG.Tweening.Core.TweenerCore`3<UnityEngine.Vector2, UnityEngine.Vector2, DG.Tweening.Plugins.CircleOptions>		GenericInstanceTypeAnalysisContext	150	0	0	0	<none>	GENERIC_LAYOUT:instantiation	LAYOUT_KNOWN	66	178	INSIDE_NO_FIELD	CLASS_OBJECT_RELATIVE	PARAMETER	SEARCH_EMPTY	[t @ X1 (DG.Tweening.Core.TweenerCore`3<UnityEngine.Vector2, UnityEngine.Vector2, DG.Tweening.Plugins.CircleOptions>)+150]
static field storage at 0x8	DOTween	DG.Tweening.ShortcutExtensions	DOBlendableLocalMoveBy	UnityEngine.Vector3	System.ValueType	TypeAnalysisContext	8	8	3	0	Move:memory	RUNTIME_STRUCT:StaticFieldStorageTypeAnalysisContext	LAYOUT_KNOWN	3	18	NESTED:z	VALUE_RELATIVE	STATIC_FIELD	SEARCH_EMPTY	[v103 @ X8_v8 (Il2CppStaticFields<UnityEngine.Vector3>)+8]
generic instance, value type argument	DOTween	DG.Tweening.Plugins.CirclePlugin	SetFrom	DG.Tweening.Core.TweenerCore`3<UnityEngine.Vector2, UnityEngine.Vector2, DG.Tweening.Plugins.CircleOptions>		GenericInstanceTypeAnalysisContext	154	0	0	0	<none>	GENERIC_LAYOUT:instantiation	LAYOUT_KNOWN	66	178	INSIDE_NO_FIELD	CLASS_OBJECT_RELATIVE	PARAMETER	SEARCH_EMPTY	[t @ X1 (DG.Tweening.Core.TweenerCore`3<UnityEngine.Vector2, UnityEngine.Vector2, DG.Tweening.Plugins.CircleOptions>)+154]
generic instance, value type argument	DOTween	DG.Tweening.Plugins.CirclePlugin	SetFrom	DG.Tweening.Core.TweenerCore`3<UnityEngine.Vector2, UnityEngine.Vector2, DG.Tweening.Plugins.CircleOptions>		GenericInstanceTypeAnalysisContext	150	0	0	0	<none>	GENERIC_LAYOUT:instantiation	LAYOUT_KNOWN	66	178	INSIDE_NO_FIELD	CLASS_OBJECT_RELATIVE	PARAMETER	SEARCH_EMPTY	[t @ X1 (DG.Tweening.Core.TweenerCore`3<UnityEngine.Vector2, UnityEngine.Vector2, DG.Tweening.Plugins.CircleOptions>)+150]
generic instance, value type argument	DOTween	DG.Tweening.Plugins.CirclePlugin	SetFrom	DG.Tweening.Core.TweenerCore`3<UnityEngine.Vector2, UnityEngine.Vector2, DG.Tweening.Plugins.CircleOptions>		GenericInstanceTypeAnalysisContext	150	0	0	0	<none>	GENERIC_LAYOUT:instantiation	LAYOUT_KNOWN	66	178	INSIDE_NO_FIELD	CLASS_OBJECT_RELATIVE	PARAMETER	SEARCH_EMPTY	[t @ X1 (DG.Tweening.Core.TweenerCore`3<UnityEngine.Vector2, UnityEngine.Vector2, DG.Tweening.Plugins.CircleOptions>)+150]
generic instance, value type argument	DOTween	DG.Tweening.Plugins.CirclePlugin	SetFrom	DG.Tweening.Core.TweenerCore`3<UnityEngine.Vector2, UnityEngine.Vector2, DG.Tweening.Plugins.CircleOptions>		GenericInstanceTypeAnalysisContext	130	0	0	0	<none>	GENERIC_LAYOUT:instantiation	LAYOUT_KNOWN	66	178	INSIDE_NO_FIELD	CLASS_OBJECT_RELATIVE	PARAMETER	SEARCH_EMPTY	[t @ X1 (DG.Tweening.Core.TweenerCore`3<UnityEngine.Vector2, UnityEngine.Vector2, DG.Tweening.Plugins.CircleOptions>)+130]
generic instance, value type argument	DOTween	DG.Tweening.Plugins.CirclePlugin	SetRelativeEndValue	DG.Tweening.Core.TweenerCore`3<UnityEngine.Vector2, UnityEngine.Vector2, DG.Tweening.Plugins.CircleOptions>		GenericInstanceTypeAnalysisContext	154	0	0	0	<none>	GENERIC_LAYOUT:instantiation	LAYOUT_KNOWN	66	178	INSIDE_NO_FIELD	CLASS_OBJECT_RELATIVE	PARAMETER	SEARCH_EMPTY	[t @ X1 (DG.Tweening.Core.TweenerCore`3<UnityEngine.Vector2, UnityEngine.Vector2, DG.Tweening.Plugins.CircleOptions>)+154]
generic instance, value type argument	DOTween	DG.Tweening.Plugins.CirclePlugin	SetRelativeEndValue	DG.Tweening.Core.TweenerCore`3<UnityEngine.Vector2, UnityEngine.Vector2, DG.Tweening.Plugins.CircleOptions>		GenericInstanceTypeAnalysisContext	150	0	0	0	<none>	GENERIC_LAYOUT:instantiation	LAYOUT_KNOWN	66	178	INSIDE_NO_FIELD	CLASS_OBJECT_RELATIVE	PARAMETER	SEARCH_EMPTY	[t @ X1 (DG.Tweening.Core.TweenerCore`3<UnityEngine.Vector2, UnityEngine.Vector2, DG.Tweening.Plugins.CircleOptions>)+150]
generic instance, value type argument	DOTween	DG.Tweening.Plugins.CirclePlugin	SetChangeValue	DG.Tweening.Core.TweenerCore`3<UnityEngine.Vector2, UnityEngine.Vector2, DG.Tweening.Plugins.CircleOptions>		GenericInstanceTypeAnalysisContext	154	0	0	0	<none>	GENERIC_LAYOUT:instantiation	LAYOUT_KNOWN	66	178	INSIDE_NO_FIELD	CLASS_OBJECT_RELATIVE	PARAMETER	SEARCH_EMPTY	[t @ X1 (DG.Tweening.Core.TweenerCore`3<UnityEngine.Vector2, UnityEngine.Vector2, DG.Tweening.Plugins.CircleOptions>)+154]
generic instance, value type argument	DOTween	DG.Tweening.Plugins.CirclePlugin	SetChangeValue	DG.Tweening.Core.TweenerCore`3<UnityEngine.Vector2, UnityEngine.Vector2, DG.Tweening.Plugins.CircleOptions>		GenericInstanceTypeAnalysisContext	150	0	0	0	<none>	GENERIC_LAYOUT:instantiation	LAYOUT_KNOWN	66	178	INSIDE_NO_FIELD	CLASS_OBJECT_RELATIVE	PARAMETER	SEARCH_EMPTY	[t @ X1 (DG.Tweening.Core.TweenerCore`3<UnityEngine.Vector2, UnityEngine.Vector2, DG.Tweening.Plugins.CircleOptions>)+150]
generic instance, value type argument	DOTween	DG.Tweening.Plugins.Vector3Plugin	SetFrom	DG.Tweening.Core.TweenerCore`3<UnityEngine.Vector3, UnityEngine.Vector3, DG.Tweening.Plugins.Options.VectorOptions>		GenericInstanceTypeAnalysisContext	134	0	0	0	<none>	GENERIC_LAYOUT:instantiation	LAYOUT_KNOWN	66	170	INSIDE_NO_FIELD	CLASS_OBJECT_RELATIVE	PARAMETER	SEARCH_EMPTY	[t @ X1 (DG.Tweening.Core.TweenerCore`3<UnityEngine.Vector3, UnityEngine.Vector3, DG.Tweening.Plugins.Options.VectorOptions>)+134]
generic instance, value type argument	DOTween	DG.Tweening.Plugins.Vector3Plugin	SetFrom	DG.Tweening.Core.TweenerCore`3<UnityEngine.Vector3, UnityEngine.Vector3, DG.Tweening.Plugins.Options.VectorOptions>		GenericInstanceTypeAnalysisContext	138	0	0	0	<none>	GENERIC_LAYOUT:instantiation	LAYOUT_KNOWN	66	170	INSIDE_NO_FIELD	CLASS_OBJECT_RELATIVE	PARAMETER	SEARCH_EMPTY	[t @ X1 (DG.Tweening.Core.TweenerCore`3<UnityEngine.Vector3, UnityEngine.Vector3, DG.Tweening.Plugins.Options.VectorOptions>)+138]
generic instance, value type argument	DOTween	DG.Tweening.Plugins.Vector3Plugin	SetFrom	DG.Tweening.Core.TweenerCore`3<UnityEngine.Vector3, UnityEngine.Vector3, DG.Tweening.Plugins.Options.VectorOptions>		GenericInstanceTypeAnalysisContext	134	0	0	0	<none>	GENERIC_LAYOUT:instantiation	LAYOUT_KNOWN	66	170	INSIDE_NO_FIELD	CLASS_OBJECT_RELATIVE	PARAMETER	SEARCH_EMPTY	[t @ X1 (DG.Tweening.Core.TweenerCore`3<UnityEngine.Vector3, UnityEngine.Vector3, DG.Tweening.Plugins.Options.VectorOptions>)+134]
generic instance, value type argument	DOTween	DG.Tweening.Plugins.Vector3Plugin	SetFrom	DG.Tweening.Core.TweenerCore`3<UnityEngine.Vector3, UnityEngine.Vector3, DG.Tweening.Plugins.Options.VectorOptions>		GenericInstanceTypeAnalysisContext	138	0	0	0	<none>	GENERIC_LAYOUT:instantiation	LAYOUT_KNOWN	66	170	INSIDE_NO_FIELD	CLASS_OBJECT_RELATIVE	PARAMETER	SEARCH_EMPTY	[t @ X1 (DG.Tweening.Core.TweenerCore`3<UnityEngine.Vector3, UnityEngine.Vector3, DG.Tweening.Plugins.Options.VectorOptions>)+138]
generic instance, value type argument	DOTween	DG.Tweening.Plugins.Vector3Plugin	SetFrom	DG.Tweening.Core.TweenerCore`3<UnityEngine.Vector3, UnityEngine.Vector3, DG.Tweening.Plugins.Options.VectorOptions>		GenericInstanceTypeAnalysisContext	14C	0	0	0	<none>	GENERIC_LAYOUT:instantiation	LAYOUT_KNOWN	66	170	INSIDE_NO_FIELD	CLASS_OBJECT_RELATIVE	PARAMETER	SEARCH_EMPTY	[t @ X1 (DG.Tweening.Core.TweenerCore`3<UnityEngine.Vector3, UnityEngine.Vector3, DG.Tweening.Plugins.Options.VectorOptions>)+14C]
static field storage at 0x8	DOTween	DG.Tweening.ShortcutExtensions	DOBlendablePunchRotation	UnityEngine.Vector3	System.ValueType	TypeAnalysisContext	8	8	3	0	Move:memory	RUNTIME_STRUCT:StaticFieldStorageTypeAnalysisContext	LAYOUT_KNOWN	3	18	NESTED:z	VALUE_RELATIVE	STATIC_FIELD	SEARCH_EMPTY	[v106 @ X8_v22 (Il2CppStaticFields<UnityEngine.Vector3>)+8]
generic instance, value type argument	DOTween	DG.Tweening.Plugins.PathPlugin	SetChangeValue	DG.Tweening.Core.TweenerCore`3<UnityEngine.Vector3, DG.Tweening.Plugins.Core.PathCore.Path, DG.Tweening.Plugins.Options.PathOptions>		GenericInstanceTypeAnalysisContext	144	0	0	0	<none>	GENERIC_LAYOUT:instantiation	LAYOUT_KNOWN	66	1D0	INSIDE_NO_FIELD	CLASS_OBJECT_RELATIVE	PARAMETER	SEARCH_EMPTY	[t @ X1 (DG.Tweening.Core.TweenerCore`3<UnityEngine.Vector3, DG.Tweening.Plugins.Core.PathCore.Path, DG.Tweening.Plugins.Options.PathOptions>)+144]
array at 0x20, from Move from the field Vector3[]	DOTween	DG.Tweening.Plugins.PathPlugin	SetChangeValue	UnityEngine.Vector3[]		SzArrayTypeAnalysisContext	20	0	0	0	Move:field Vector3[]	ARRAY_ELEMENT:array-typed-base	NO_INSTANCE_FIELDS	0	0	BEYOND_LAYOUT	CLASS_OBJECT_RELATIVE	INSTANCE_FIELD	SEARCH_EMPTY	[v272 @ X8_v43 (UnityEngine.Vector3[])+20]
array at 0x24, from Move from the field Vector3[]	DOTween	DG.Tweening.Plugins.PathPlugin	SetChangeValue	UnityEngine.Vector3[]		SzArrayTypeAnalysisContext	24	0	0	0	Move:field Vector3[]	ARRAY_ELEMENT:array-typed-base	NO_INSTANCE_FIELDS	0	0	BEYOND_LAYOUT	CLASS_OBJECT_RELATIVE	INSTANCE_FIELD	SEARCH_EMPTY	[v272 @ X8_v43 (UnityEngine.Vector3[])+24]
static field storage at 0x8	DOTween	DG.Tweening.ShortcutExtensions	DOBlendableScaleBy	UnityEngine.Vector3	System.ValueType	TypeAnalysisContext	8	8	3	0	Move:memory	RUNTIME_STRUCT:StaticFieldStorageTypeAnalysisContext	LAYOUT_KNOWN	3	18	NESTED:z	VALUE_RELATIVE	STATIC_FIELD	SEARCH_EMPTY	[v101 @ X8_v8 (Il2CppStaticFields<UnityEngine.Vector3>)+8]
array at 0x28, from Move from the field Vector3[]	DOTween	DG.Tweening.Plugins.PathPlugin	SetChangeValue	UnityEngine.Vector3[]		SzArrayTypeAnalysisContext	28	0	0	0	Move:field Vector3[]	ARRAY_ELEMENT:array-typed-base	NO_INSTANCE_FIELDS	0	0	BEYOND_LAYOUT	CLASS_OBJECT_RELATIVE	INSTANCE_FIELD	SEARCH_EMPTY	[v272 @ X8_v43 (UnityEngine.Vector3[])+28]
array at 0x28, from Move from the field Vector3[]	DOTween	DG.Tweening.Plugins.PathPlugin	SetChangeValue	UnityEngine.Vector3[]		SzArrayTypeAnalysisContext	28	0	0	0	Move:field Vector3[]	ARRAY_ELEMENT:array-typed-base	NO_INSTANCE_FIELDS	0	0	BEYOND_LAYOUT	CLASS_OBJECT_RELATIVE	INSTANCE_FIELD	SEARCH_EMPTY	[v272 @ X8_v43 (UnityEngine.Vector3[])+28]
array at 0x24, from Move from the field Vector3[]	DOTween	DG.Tweening.Plugins.PathPlugin	SetChangeValue	UnityEngine.Vector3[]		SzArrayTypeAnalysisContext	24	0	0	0	Move:field Vector3[]	ARRAY_ELEMENT:array-typed-base	NO_INSTANCE_FIELDS	0	0	BEYOND_LAYOUT	CLASS_OBJECT_RELATIVE	INSTANCE_FIELD	SEARCH_EMPTY	[v272 @ X8_v43 (UnityEngine.Vector3[])+24]
array at 0x20, from Move from the field Vector3[]	DOTween	DG.Tweening.Plugins.PathPlugin	SetChangeValue	UnityEngine.Vector3[]		SzArrayTypeAnalysisContext	20	0	0	0	Move:field Vector3[]	ARRAY_ELEMENT:array-typed-base	NO_INSTANCE_FIELDS	0	0	BEYOND_LAYOUT	CLASS_OBJECT_RELATIVE	INSTANCE_FIELD	SEARCH_EMPTY	[v272 @ X8_v43 (UnityEngine.Vector3[])+20]
array at 0x28, from Move from the field Vector3[]	DOTween	DG.Tweening.Plugins.PathPlugin	SetChangeValue	UnityEngine.Vector3[]		SzArrayTypeAnalysisContext	28	0	0	0	Move:field Vector3[]	ARRAY_ELEMENT:array-typed-base	NO_INSTANCE_FIELDS	0	0	BEYOND_LAYOUT	CLASS_OBJECT_RELATIVE	INSTANCE_FIELD	SEARCH_EMPTY	[v272 @ X8_v43 (UnityEngine.Vector3[])+28]
array at 0x24, from Move from the field Vector3[]	DOTween	DG.Tweening.Plugins.PathPlugin	SetChangeValue	UnityEngine.Vector3[]		SzArrayTypeAnalysisContext	24	0	0	0	Move:field Vector3[]	ARRAY_ELEMENT:array-typed-base	NO_INSTANCE_FIELDS	0	0	BEYOND_LAYOUT	CLASS_OBJECT_RELATIVE	INSTANCE_FIELD	SEARCH_EMPTY	[v272 @ X8_v43 (UnityEngine.Vector3[])+24]
array at 0x20, from Move from the field Vector3[]	DOTween	DG.Tweening.Plugins.PathPlugin	SetChangeValue	UnityEngine.Vector3[]		SzArrayTypeAnalysisContext	20	0	0	0	Move:field Vector3[]	ARRAY_ELEMENT:array-typed-base	NO_INSTANCE_FIELDS	0	0	BEYOND_LAYOUT	CLASS_OBJECT_RELATIVE	INSTANCE_FIELD	SEARCH_EMPTY	[v272 @ X8_v43 (UnityEngine.Vector3[])+20]
base has no type, from Add of the field Vector3[] and Int32	DOTween	DG.Tweening.Plugins.PathPlugin	SetChangeValue	<untyped>			20	0	0	0	Add	PAST_LAST_FIELD:value-type	NO_BASE_TYPE	0	0	-	NOT_APPLICABLE	UNKNOWN	NO_OWNER	[v698 @ X10_v14+20]
base has no type, from Add of the field Vector3[] and Int32	DOTween	DG.Tweening.Plugins.PathPlugin	SetChangeValue	<untyped>			24	0	0	0	Add	PAST_LAST_FIELD:value-type	NO_BASE_TYPE	0	0	-	NOT_APPLICABLE	UNKNOWN	NO_OWNER	[v698 @ X10_v14+24]
base has no type, from Add of the field Vector3[] and Int32	DOTween	DG.Tweening.Plugins.PathPlugin	SetChangeValue	<untyped>			28	0	0	0	Add	PAST_LAST_FIELD:value-type	NO_BASE_TYPE	0	0	-	NOT_APPLICABLE	UNKNOWN	NO_OWNER	[v698 @ X10_v14+28]
base has no type, from Add of the field Vector3[] and Int32	DOTween	DG.Tweening.Plugins.PathPlugin	SetChangeValue	<untyped>			20	0	0	0	Add	PAST_LAST_FIELD:value-type	NO_BASE_TYPE	0	0	-	NOT_APPLICABLE	UNKNOWN	NO_OWNER	[v739 @ X8_v41+20]
base has no type, from Add of the field Vector3[] and Int32	DOTween	DG.Tweening.Plugins.PathPlugin	SetChangeValue	<untyped>			24	0	0	0	Add	PAST_LAST_FIELD:value-type	NO_BASE_TYPE	0	0	-	NOT_APPLICABLE	UNKNOWN	NO_OWNER	[v739 @ X8_v41+24]
base has no type, from Add of the field Vector3[] and Int32	DOTween	DG.Tweening.Plugins.PathPlugin	SetChangeValue	<untyped>			28	0	0	0	Add	PAST_LAST_FIELD:value-type	NO_BASE_TYPE	0	0	-	NOT_APPLICABLE	UNKNOWN	NO_OWNER	[v739 @ X8_v41+28]
base has no type, from Add of the field Vector3[] and Int32	DOTween	DG.Tweening.Plugins.PathPlugin	SetChangeValue	<untyped>			8	0	0	0	Add	MISSING_METADATA:inside-the-layout-between-fields	NO_BASE_TYPE	0	0	-	NOT_APPLICABLE	UNKNOWN	NO_OWNER	[v771 @ X13_v8+8]
array at 0x20, from no definition	DOTween	DG.Tweening.Plugins.PathPlugin	SetChangeValue	UnityEngine.Vector3[]		SzArrayTypeAnalysisContext	20	0	0	0	<none>	ARRAY_ELEMENT:array-typed-base	NO_INSTANCE_FIELDS	0	0	BEYOND_LAYOUT	CLASS_OBJECT_RELATIVE	ENTRY_VALUE	SEARCH_EMPTY	[v252 @ X0_v23 (UnityEngine.Vector3[])+20]
array at 0x28, from no definition	DOTween	DG.Tweening.Plugins.PathPlugin	SetChangeValue	UnityEngine.Vector3[]		SzArrayTypeAnalysisContext	28	0	0	0	<none>	ARRAY_ELEMENT:array-typed-base	NO_INSTANCE_FIELDS	0	0	BEYOND_LAYOUT	CLASS_OBJECT_RELATIVE	ENTRY_VALUE	SEARCH_EMPTY	[v252 @ X0_v23 (UnityEngine.Vector3[])+28]
generic instance, value type argument	DOTween	DG.Tweening.Plugins.PathPlugin	SetChangeValue	DG.Tweening.Core.TweenerCore`3<UnityEngine.Vector3, DG.Tweening.Plugins.Core.PathCore.Path, DG.Tweening.Plugins.Options.PathOptions>		GenericInstanceTypeAnalysisContext	150	0	0	0	<none>	GENERIC_LAYOUT:instantiation	LAYOUT_KNOWN	66	1D0	INSIDE_NO_FIELD	CLASS_OBJECT_RELATIVE	PARAMETER	SEARCH_EMPTY	[t @ X1 (DG.Tweening.Core.TweenerCore`3<UnityEngine.Vector3, DG.Tweening.Plugins.Core.PathCore.Path, DG.Tweening.Plugins.Options.PathOptions>)+150]
generic instance, value type argument	DOTween	DG.Tweening.Plugins.PathPlugin	SetChangeValue	DG.Tweening.Core.TweenerCore`3<UnityEngine.Vector3, DG.Tweening.Plugins.Core.PathCore.Path, DG.Tweening.Plugins.Options.PathOptions>		GenericInstanceTypeAnalysisContext	150	0	0	0	<none>	GENERIC_LAYOUT:instantiation	LAYOUT_KNOWN	66	1D0	INSIDE_NO_FIELD	CLASS_OBJECT_RELATIVE	PARAMETER	SEARCH_EMPTY	[t @ X1 (DG.Tweening.Core.TweenerCore`3<UnityEngine.Vector3, DG.Tweening.Plugins.Core.PathCore.Path, DG.Tweening.Plugins.Options.PathOptions>)+150]
generic instance, value type argument	DOTween	DG.Tweening.Plugins.PathPlugin	SetChangeValue	DG.Tweening.Core.TweenerCore`3<UnityEngine.Vector3, DG.Tweening.Plugins.Core.PathCore.Path, DG.Tweening.Plugins.Options.PathOptions>		GenericInstanceTypeAnalysisContext	148	0	0	0	<none>	GENERIC_LAYOUT:instantiation	LAYOUT_KNOWN	66	1D0	INSIDE_NO_FIELD	CLASS_OBJECT_RELATIVE	PARAMETER	SEARCH_EMPTY	[t @ X1 (DG.Tweening.Core.TweenerCore`3<UnityEngine.Vector3, DG.Tweening.Plugins.Core.PathCore.Path, DG.Tweening.Plugins.Options.PathOptions>)+148]
generic instance, value type argument	DOTween	DG.Tweening.Plugins.Color2Plugin	SetFrom	DG.Tweening.Core.TweenerCore`3<DG.Tweening.Color2, DG.Tweening.Color2, DG.Tweening.Plugins.Options.ColorOptions>		GenericInstanceTypeAnalysisContext	148	0	0	0	<none>	GENERIC_LAYOUT:instantiation	LAYOUT_KNOWN	66	1A8	INSIDE_NO_FIELD	CLASS_OBJECT_RELATIVE	PARAMETER	SEARCH_EMPTY	[t @ X1 (DG.Tweening.Core.TweenerCore`3<DG.Tweening.Color2, DG.Tweening.Color2, DG.Tweening.Plugins.Options.ColorOptions>)+148]
generic instance, value type argument	DOTween	DG.Tweening.Plugins.Color2Plugin	SetFrom	DG.Tweening.Core.TweenerCore`3<DG.Tweening.Color2, DG.Tweening.Color2, DG.Tweening.Plugins.Options.ColorOptions>		GenericInstanceTypeAnalysisContext	148	0	0	0	<none>	GENERIC_LAYOUT:instantiation	LAYOUT_KNOWN	66	1A8	INSIDE_NO_FIELD	CLASS_OBJECT_RELATIVE	PARAMETER	SEARCH_EMPTY	[t @ X1 (DG.Tweening.Core.TweenerCore`3<DG.Tweening.Color2, DG.Tweening.Color2, DG.Tweening.Plugins.Options.ColorOptions>)+148]
generic instance, value type argument	DOTween	DG.Tweening.Plugins.Color2Plugin	SetFrom	DG.Tweening.Core.TweenerCore`3<DG.Tweening.Color2, DG.Tweening.Color2, DG.Tweening.Plugins.Options.ColorOptions>		GenericInstanceTypeAnalysisContext	14C	0	0	0	<none>	GENERIC_LAYOUT:instantiation	LAYOUT_KNOWN	66	1A8	INSIDE_NO_FIELD	CLASS_OBJECT_RELATIVE	PARAMETER	SEARCH_EMPTY	[t @ X1 (DG.Tweening.Core.TweenerCore`3<DG.Tweening.Color2, DG.Tweening.Color2, DG.Tweening.Plugins.Options.ColorOptions>)+14C]
generic instance, value type argument	DOTween	DG.Tweening.Plugins.Color2Plugin	SetFrom	DG.Tweening.Core.TweenerCore`3<DG.Tweening.Color2, DG.Tweening.Color2, DG.Tweening.Plugins.Options.ColorOptions>		GenericInstanceTypeAnalysisContext	14C	0	0	0	<none>	GENERIC_LAYOUT:instantiation	LAYOUT_KNOWN	66	1A8	INSIDE_NO_FIELD	CLASS_OBJECT_RELATIVE	PARAMETER	SEARCH_EMPTY	[t @ X1 (DG.Tweening.Core.TweenerCore`3<DG.Tweening.Color2, DG.Tweening.Color2, DG.Tweening.Plugins.Options.ColorOptions>)+14C]
generic instance, value type argument	DOTween	DG.Tweening.Plugins.Color2Plugin	SetFrom	DG.Tweening.Core.TweenerCore`3<DG.Tweening.Color2, DG.Tweening.Color2, DG.Tweening.Plugins.Options.ColorOptions>		GenericInstanceTypeAnalysisContext	150	0	0	0	<none>	GENERIC_LAYOUT:instantiation	LAYOUT_KNOWN	66	1A8	INSIDE_NO_FIELD	CLASS_OBJECT_RELATIVE	PARAMETER	SEARCH_EMPTY	[t @ X1 (DG.Tweening.Core.TweenerCore`3<DG.Tweening.Color2, DG.Tweening.Color2, DG.Tweening.Plugins.Options.ColorOptions>)+150]
generic instance, value type argument	DOTween	DG.Tweening.Plugins.Color2Plugin	SetFrom	DG.Tweening.Core.TweenerCore`3<DG.Tweening.Color2, DG.Tweening.Color2, DG.Tweening.Plugins.Options.ColorOptions>		GenericInstanceTypeAnalysisContext	150	0	0	0	<none>	GENERIC_LAYOUT:instantiation	LAYOUT_KNOWN	66	1A8	INSIDE_NO_FIELD	CLASS_OBJECT_RELATIVE	PARAMETER	SEARCH_EMPTY	[t @ X1 (DG.Tweening.Core.TweenerCore`3<DG.Tweening.Color2, DG.Tweening.Color2, DG.Tweening.Plugins.Options.ColorOptions>)+150]
generic instance, value type argument	DOTween	DG.Tweening.Plugins.Color2Plugin	SetFrom	DG.Tweening.Core.TweenerCore`3<DG.Tweening.Color2, DG.Tweening.Color2, DG.Tweening.Plugins.Options.ColorOptions>		GenericInstanceTypeAnalysisContext	154	0	0	0	<none>	GENERIC_LAYOUT:instantiation	LAYOUT_KNOWN	66	1A8	INSIDE_NO_FIELD	CLASS_OBJECT_RELATIVE	PARAMETER	SEARCH_EMPTY	[t @ X1 (DG.Tweening.Core.TweenerCore`3<DG.Tweening.Color2, DG.Tweening.Color2, DG.Tweening.Plugins.Options.ColorOptions>)+154]
generic instance, value type argument	DOTween	DG.Tweening.Plugins.Color2Plugin	SetFrom	DG.Tweening.Core.TweenerCore`3<DG.Tweening.Color2, DG.Tweening.Color2, DG.Tweening.Plugins.Options.ColorOptions>		GenericInstanceTypeAnalysisContext	154	0	0	0	<none>	GENERIC_LAYOUT:instantiation	LAYOUT_KNOWN	66	1A8	INSIDE_NO_FIELD	CLASS_OBJECT_RELATIVE	PARAMETER	SEARCH_EMPTY	[t @ X1 (DG.Tweening.Core.TweenerCore`3<DG.Tweening.Color2, DG.Tweening.Color2, DG.Tweening.Plugins.Options.ColorOptions>)+154]
generic instance, value type argument	DOTween	DG.Tweening.Plugins.Color2Plugin	SetFrom	DG.Tweening.Core.TweenerCore`3<DG.Tweening.Color2, DG.Tweening.Color2, DG.Tweening.Plugins.Options.ColorOptions>		GenericInstanceTypeAnalysisContext	158	0	0	0	<none>	GENERIC_LAYOUT:instantiation	LAYOUT_KNOWN	66	1A8	INSIDE_NO_FIELD	CLASS_OBJECT_RELATIVE	PARAMETER	SEARCH_EMPTY	[t @ X1 (DG.Tweening.Core.TweenerCore`3<DG.Tweening.Color2, DG.Tweening.Color2, DG.Tweening.Plugins.Options.ColorOptions>)+158]
generic instance, value type argument	DOTween	DG.Tweening.Plugins.Color2Plugin	SetFrom	DG.Tweening.Core.TweenerCore`3<DG.Tweening.Color2, DG.Tweening.Color2, DG.Tweening.Plugins.Options.ColorOptions>		GenericInstanceTypeAnalysisContext	158	0	0	0	<none>	GENERIC_LAYOUT:instantiation	LAYOUT_KNOWN	66	1A8	INSIDE_NO_FIELD	CLASS_OBJECT_RELATIVE	PARAMETER	SEARCH_EMPTY	[t @ X1 (DG.Tweening.Core.TweenerCore`3<DG.Tweening.Color2, DG.Tweening.Color2, DG.Tweening.Plugins.Options.ColorOptions>)+158]
generic instance, value type argument	DOTween	DG.Tweening.Plugins.Color2Plugin	SetFrom	DG.Tweening.Core.TweenerCore`3<DG.Tweening.Color2, DG.Tweening.Color2, DG.Tweening.Plugins.Options.ColorOptions>		GenericInstanceTypeAnalysisContext	15C	0	0	0	<none>	GENERIC_LAYOUT:instantiation	LAYOUT_KNOWN	66	1A8	INSIDE_NO_FIELD	CLASS_OBJECT_RELATIVE	PARAMETER	SEARCH_EMPTY	[t @ X1 (DG.Tweening.Core.TweenerCore`3<DG.Tweening.Color2, DG.Tweening.Color2, DG.Tweening.Plugins.Options.ColorOptions>)+15C]
generic instance, value type argument	DOTween	DG.Tweening.Plugins.Color2Plugin	SetFrom	DG.Tweening.Core.TweenerCore`3<DG.Tweening.Color2, DG.Tweening.Color2, DG.Tweening.Plugins.Options.ColorOptions>		GenericInstanceTypeAnalysisContext	15C	0	0	0	<none>	GENERIC_LAYOUT:instantiation	LAYOUT_KNOWN	66	1A8	INSIDE_NO_FIELD	CLASS_OBJECT_RELATIVE	PARAMETER	SEARCH_EMPTY	[t @ X1 (DG.Tweening.Core.TweenerCore`3<DG.Tweening.Color2, DG.Tweening.Color2, DG.Tweening.Plugins.Options.ColorOptions>)+15C]
generic instance, value type argument	DOTween	DG.Tweening.Plugins.Color2Plugin	SetFrom	DG.Tweening.Core.TweenerCore`3<DG.Tweening.Color2, DG.Tweening.Color2, DG.Tweening.Plugins.Options.ColorOptions>		GenericInstanceTypeAnalysisContext	160	0	0	0	<none>	GENERIC_LAYOUT:instantiation	LAYOUT_KNOWN	66	1A8	INSIDE_NO_FIELD	CLASS_OBJECT_RELATIVE	PARAMETER	SEARCH_EMPTY	[t @ X1 (DG.Tweening.Core.TweenerCore`3<DG.Tweening.Color2, DG.Tweening.Color2, DG.Tweening.Plugins.Options.ColorOptions>)+160]
generic instance, value type argument	DOTween	DG.Tweening.Plugins.Color2Plugin	SetFrom	DG.Tweening.Core.TweenerCore`3<DG.Tweening.Color2, DG.Tweening.Color2, DG.Tweening.Plugins.Options.ColorOptions>		GenericInstanceTypeAnalysisContext	160	0	0	0	<none>	GENERIC_LAYOUT:instantiation	LAYOUT_KNOWN	66	1A8	INSIDE_NO_FIELD	CLASS_OBJECT_RELATIVE	PARAMETER	SEARCH_EMPTY	[t @ X1 (DG.Tweening.Core.TweenerCore`3<DG.Tweening.Color2, DG.Tweening.Color2, DG.Tweening.Plugins.Options.ColorOptions>)+160]
generic instance, value type argument	DOTween	DG.Tweening.Plugins.Color2Plugin	SetFrom	DG.Tweening.Core.TweenerCore`3<DG.Tweening.Color2, DG.Tweening.Color2, DG.Tweening.Plugins.Options.ColorOptions>		GenericInstanceTypeAnalysisContext	160	0	0	0	<none>	GENERIC_LAYOUT:instantiation	LAYOUT_KNOWN	66	1A8	INSIDE_NO_FIELD	CLASS_OBJECT_RELATIVE	PARAMETER	SEARCH_EMPTY	[t @ X1 (DG.Tweening.Core.TweenerCore`3<DG.Tweening.Color2, DG.Tweening.Color2, DG.Tweening.Plugins.Options.ColorOptions>)+160]
generic instance, value type argument	DOTween	DG.Tweening.Plugins.Color2Plugin	SetFrom	DG.Tweening.Core.TweenerCore`3<DG.Tweening.Color2, DG.Tweening.Color2, DG.Tweening.Plugins.Options.ColorOptions>		GenericInstanceTypeAnalysisContext	15C	0	0	0	<none>	GENERIC_LAYOUT:instantiation	LAYOUT_KNOWN	66	1A8	INSIDE_NO_FIELD	CLASS_OBJECT_RELATIVE	PARAMETER	SEARCH_EMPTY	[t @ X1 (DG.Tweening.Core.TweenerCore`3<DG.Tweening.Color2, DG.Tweening.Color2, DG.Tweening.Plugins.Options.ColorOptions>)+15C]
generic instance, value type argument	DOTween	DG.Tweening.Plugins.Color2Plugin	SetFrom	DG.Tweening.Core.TweenerCore`3<DG.Tweening.Color2, DG.Tweening.Color2, DG.Tweening.Plugins.Options.ColorOptions>		GenericInstanceTypeAnalysisContext	158	0	0	0	<none>	GENERIC_LAYOUT:instantiation	LAYOUT_KNOWN	66	1A8	INSIDE_NO_FIELD	CLASS_OBJECT_RELATIVE	PARAMETER	SEARCH_EMPTY	[t @ X1 (DG.Tweening.Core.TweenerCore`3<DG.Tweening.Color2, DG.Tweening.Color2, DG.Tweening.Plugins.Options.ColorOptions>)+158]
generic instance, value type argument	DOTween	DG.Tweening.Plugins.Color2Plugin	SetFrom	DG.Tweening.Core.TweenerCore`3<DG.Tweening.Color2, DG.Tweening.Color2, DG.Tweening.Plugins.Options.ColorOptions>		GenericInstanceTypeAnalysisContext	154	0	0	0	<none>	GENERIC_LAYOUT:instantiation	LAYOUT_KNOWN	66	1A8	INSIDE_NO_FIELD	CLASS_OBJECT_RELATIVE	PARAMETER	SEARCH_EMPTY	[t @ X1 (DG.Tweening.Core.TweenerCore`3<DG.Tweening.Color2, DG.Tweening.Color2, DG.Tweening.Plugins.Options.ColorOptions>)+154]
generic instance, value type argument	DOTween	DG.Tweening.Plugins.Color2Plugin	SetFrom	DG.Tweening.Core.TweenerCore`3<DG.Tweening.Color2, DG.Tweening.Color2, DG.Tweening.Plugins.Options.ColorOptions>		GenericInstanceTypeAnalysisContext	150	0	0	0	<none>	GENERIC_LAYOUT:instantiation	LAYOUT_KNOWN	66	1A8	INSIDE_NO_FIELD	CLASS_OBJECT_RELATIVE	PARAMETER	SEARCH_EMPTY	[t @ X1 (DG.Tweening.Core.TweenerCore`3<DG.Tweening.Color2, DG.Tweening.Color2, DG.Tweening.Plugins.Options.ColorOptions>)+150]
generic instance, value type argument	DOTween	DG.Tweening.Plugins.Color2Plugin	SetFrom	DG.Tweening.Core.TweenerCore`3<DG.Tweening.Color2, DG.Tweening.Color2, DG.Tweening.Plugins.Options.ColorOptions>		GenericInstanceTypeAnalysisContext	14C	0	0	0	<none>	GENERIC_LAYOUT:instantiation	LAYOUT_KNOWN	66	1A8	INSIDE_NO_FIELD	CLASS_OBJECT_RELATIVE	PARAMETER	SEARCH_EMPTY	[t @ X1 (DG.Tweening.Core.TweenerCore`3<DG.Tweening.Color2, DG.Tweening.Color2, DG.Tweening.Plugins.Options.ColorOptions>)+14C]
generic instance, value type argument	DOTween	DG.Tweening.Plugins.Color2Plugin	SetFrom	DG.Tweening.Core.TweenerCore`3<DG.Tweening.Color2, DG.Tweening.Color2, DG.Tweening.Plugins.Options.ColorOptions>		GenericInstanceTypeAnalysisContext	148	0	0	0	<none>	GENERIC_LAYOUT:instantiation	LAYOUT_KNOWN	66	1A8	INSIDE_NO_FIELD	CLASS_OBJECT_RELATIVE	PARAMETER	SEARCH_EMPTY	[t @ X1 (DG.Tweening.Core.TweenerCore`3<DG.Tweening.Color2, DG.Tweening.Color2, DG.Tweening.Plugins.Options.ColorOptions>)+148]
generic instance, value type argument	DOTween	DG.Tweening.Plugins.Color2Plugin	SetFrom	DG.Tweening.Core.TweenerCore`3<DG.Tweening.Color2, DG.Tweening.Color2, DG.Tweening.Plugins.Options.ColorOptions>		GenericInstanceTypeAnalysisContext	130	0	0	0	<none>	GENERIC_LAYOUT:instantiation	LAYOUT_KNOWN	66	1A8	INSIDE_NO_FIELD	CLASS_OBJECT_RELATIVE	PARAMETER	SEARCH_EMPTY	[t @ X1 (DG.Tweening.Core.TweenerCore`3<DG.Tweening.Color2, DG.Tweening.Color2, DG.Tweening.Plugins.Options.ColorOptions>)+130]
generic instance, value type argument	DOTween	DG.Tweening.Plugins.Color2Plugin	SetFrom	DG.Tweening.Core.TweenerCore`3<DG.Tweening.Color2, DG.Tweening.Color2, DG.Tweening.Plugins.Options.ColorOptions>		GenericInstanceTypeAnalysisContext	130	0	0	0	<none>	GENERIC_LAYOUT:instantiation	LAYOUT_KNOWN	66	1A8	INSIDE_NO_FIELD	CLASS_OBJECT_RELATIVE	PARAMETER	SEARCH_EMPTY	[t @ X1 (DG.Tweening.Core.TweenerCore`3<DG.Tweening.Color2, DG.Tweening.Color2, DG.Tweening.Plugins.Options.ColorOptions>)+130]
base has no type, from Move from AddressOf(stack_-B0, Color2)	DOTween	DG.Tweening.Plugins.Color2Plugin	SetFrom	<untyped>			10	0	0	0	Move:AddressOf	TYPE_PROPAGATION:address-of	NO_BASE_TYPE	0	0	-	NOT_APPLICABLE	UNKNOWN	NO_OWNER	[v198 @ X8_v16+10]
value type base	DOTween	DG.Tweening.Plugins.Color2Plugin	SetFrom	DG.Tweening.Color2	System.ValueType	TypeAnalysisContext	C	10	2	0	<none>	MISSING_METADATA:inside-the-layout-between-fields	LAYOUT_KNOWN	2	20	NESTED:ca.a	NEITHER	PARAMETER	SEARCH_EMPTY	[fromValue @ X2 (DG.Tweening.Color2)+C]
value type base	DOTween	DG.Tweening.Plugins.Color2Plugin	SetFrom	DG.Tweening.Color2	System.ValueType	TypeAnalysisContext	C	10	2	0	<none>	MISSING_METADATA:inside-the-layout-between-fields	LAYOUT_KNOWN	2	20	NESTED:ca.a	NEITHER	PARAMETER	SEARCH_EMPTY	[fromValue @ X2 (DG.Tweening.Color2)+C]
base has no type, from Move from AddressOf(stack_-50, Color)	DOTween	DG.Tweening.Plugins.Color2Plugin	SetFrom	<untyped>			10	0	0	0	Move:AddressOf	TYPE_PROPAGATION:address-of	NO_BASE_TYPE	0	0	-	NOT_APPLICABLE	UNKNOWN	NO_OWNER	[v243 @ X8_v1+10]
generic instance, value type argument	DOTween	DG.Tweening.Plugins.Vector3Plugin	SetFrom	DG.Tweening.Core.TweenerCore`3<UnityEngine.Vector3, UnityEngine.Vector3, DG.Tweening.Plugins.Options.VectorOptions>		GenericInstanceTypeAnalysisContext	138	0	0	0	<none>	GENERIC_LAYOUT:instantiation	LAYOUT_KNOWN	66	170	INSIDE_NO_FIELD	CLASS_OBJECT_RELATIVE	PARAMETER	SEARCH_EMPTY	[t @ X1 (DG.Tweening.Core.TweenerCore`3<UnityEngine.Vector3, UnityEngine.Vector3, DG.Tweening.Plugins.Options.VectorOptions>)+138]
generic instance, value type argument	DOTween	DG.Tweening.Plugins.Vector3Plugin	SetFrom	DG.Tweening.Core.TweenerCore`3<UnityEngine.Vector3, UnityEngine.Vector3, DG.Tweening.Plugins.Options.VectorOptions>		GenericInstanceTypeAnalysisContext	14C	0	0	0	<none>	GENERIC_LAYOUT:instantiation	LAYOUT_KNOWN	66	170	INSIDE_NO_FIELD	CLASS_OBJECT_RELATIVE	PARAMETER	SEARCH_EMPTY	[t @ X1 (DG.Tweening.Core.TweenerCore`3<UnityEngine.Vector3, UnityEngine.Vector3, DG.Tweening.Plugins.Options.VectorOptions>)+14C]
generic instance, value type argument	DOTween	DG.Tweening.Plugins.Vector3Plugin	SetRelativeEndValue	DG.Tweening.Core.TweenerCore`3<UnityEngine.Vector3, UnityEngine.Vector3, DG.Tweening.Plugins.Options.VectorOptions>		GenericInstanceTypeAnalysisContext	138	0	0	0	<none>	GENERIC_LAYOUT:instantiation	LAYOUT_KNOWN	66	170	INSIDE_NO_FIELD	CLASS_OBJECT_RELATIVE	PARAMETER	SEARCH_EMPTY	[t @ X1 (DG.Tweening.Core.TweenerCore`3<UnityEngine.Vector3, UnityEngine.Vector3, DG.Tweening.Plugins.Options.VectorOptions>)+138]
generic instance, value type argument	DOTween	DG.Tweening.Plugins.Vector3Plugin	SetRelativeEndValue	DG.Tweening.Core.TweenerCore`3<UnityEngine.Vector3, UnityEngine.Vector3, DG.Tweening.Plugins.Options.VectorOptions>		GenericInstanceTypeAnalysisContext	12C	0	0	0	<none>	GENERIC_LAYOUT:instantiation	LAYOUT_KNOWN	66	170	INSIDE_NO_FIELD	CLASS_OBJECT_RELATIVE	PARAMETER	SEARCH_EMPTY	[t @ X1 (DG.Tweening.Core.TweenerCore`3<UnityEngine.Vector3, UnityEngine.Vector3, DG.Tweening.Plugins.Options.VectorOptions>)+12C]
generic instance, value type argument	DOTween	DG.Tweening.Plugins.Vector3Plugin	SetChangeValue	DG.Tweening.Core.TweenerCore`3<UnityEngine.Vector3, UnityEngine.Vector3, DG.Tweening.Plugins.Options.VectorOptions>		GenericInstanceTypeAnalysisContext	134	0	0	0	<none>	GENERIC_LAYOUT:instantiation	LAYOUT_KNOWN	66	170	INSIDE_NO_FIELD	CLASS_OBJECT_RELATIVE	PARAMETER	SEARCH_EMPTY	[t @ X1 (DG.Tweening.Core.TweenerCore`3<UnityEngine.Vector3, UnityEngine.Vector3, DG.Tweening.Plugins.Options.VectorOptions>)+134]
generic instance, value type argument	DOTween	DG.Tweening.Plugins.Vector3Plugin	SetChangeValue	DG.Tweening.Core.TweenerCore`3<UnityEngine.Vector3, UnityEngine.Vector3, DG.Tweening.Plugins.Options.VectorOptions>		GenericInstanceTypeAnalysisContext	128	0	0	0	<none>	GENERIC_LAYOUT:instantiation	LAYOUT_KNOWN	66	170	INSIDE_NO_FIELD	CLASS_OBJECT_RELATIVE	PARAMETER	SEARCH_EMPTY	[t @ X1 (DG.Tweening.Core.TweenerCore`3<UnityEngine.Vector3, UnityEngine.Vector3, DG.Tweening.Plugins.Options.VectorOptions>)+128]
generic instance, value type argument	DOTween	DG.Tweening.Plugins.Vector3Plugin	SetChangeValue	DG.Tweening.Core.TweenerCore`3<UnityEngine.Vector3, UnityEngine.Vector3, DG.Tweening.Plugins.Options.VectorOptions>		GenericInstanceTypeAnalysisContext	138	0	0	0	<none>	GENERIC_LAYOUT:instantiation	LAYOUT_KNOWN	66	170	INSIDE_NO_FIELD	CLASS_OBJECT_RELATIVE	PARAMETER	SEARCH_EMPTY	[t @ X1 (DG.Tweening.Core.TweenerCore`3<UnityEngine.Vector3, UnityEngine.Vector3, DG.Tweening.Plugins.Options.VectorOptions>)+138]
generic instance, value type argument	DOTween	DG.Tweening.Plugins.Vector3Plugin	SetChangeValue	DG.Tweening.Core.TweenerCore`3<UnityEngine.Vector3, UnityEngine.Vector3, DG.Tweening.Plugins.Options.VectorOptions>		GenericInstanceTypeAnalysisContext	12C	0	0	0	<none>	GENERIC_LAYOUT:instantiation	LAYOUT_KNOWN	66	170	INSIDE_NO_FIELD	CLASS_OBJECT_RELATIVE	PARAMETER	SEARCH_EMPTY	[t @ X1 (DG.Tweening.Core.TweenerCore`3<UnityEngine.Vector3, UnityEngine.Vector3, DG.Tweening.Plugins.Options.VectorOptions>)+12C]
generic instance, value type argument	DOTween	DG.Tweening.Plugins.Vector3Plugin	SetChangeValue	DG.Tweening.Core.TweenerCore`3<UnityEngine.Vector3, UnityEngine.Vector3, DG.Tweening.Plugins.Options.VectorOptions>		GenericInstanceTypeAnalysisContext	134	0	0	0	<none>	GENERIC_LAYOUT:instantiation	LAYOUT_KNOWN	66	170	INSIDE_NO_FIELD	CLASS_OBJECT_RELATIVE	PARAMETER	SEARCH_EMPTY	[t @ X1 (DG.Tweening.Core.TweenerCore`3<UnityEngine.Vector3, UnityEngine.Vector3, DG.Tweening.Plugins.Options.VectorOptions>)+134]
generic instance, value type argument	DOTween	DG.Tweening.Plugins.Vector3Plugin	SetChangeValue	DG.Tweening.Core.TweenerCore`3<UnityEngine.Vector3, UnityEngine.Vector3, DG.Tweening.Plugins.Options.VectorOptions>		GenericInstanceTypeAnalysisContext	128	0	0	0	<none>	GENERIC_LAYOUT:instantiation	LAYOUT_KNOWN	66	170	INSIDE_NO_FIELD	CLASS_OBJECT_RELATIVE	PARAMETER	SEARCH_EMPTY	[t @ X1 (DG.Tweening.Core.TweenerCore`3<UnityEngine.Vector3, UnityEngine.Vector3, DG.Tweening.Plugins.Options.VectorOptions>)+128]
generic instance, value type argument	DOTween	DG.Tweening.Plugins.Vector3Plugin	SetChangeValue	DG.Tweening.Core.TweenerCore`3<UnityEngine.Vector3, UnityEngine.Vector3, DG.Tweening.Plugins.Options.VectorOptions>		GenericInstanceTypeAnalysisContext	138	0	0	0	<none>	GENERIC_LAYOUT:instantiation	LAYOUT_KNOWN	66	170	INSIDE_NO_FIELD	CLASS_OBJECT_RELATIVE	PARAMETER	SEARCH_EMPTY	[t @ X1 (DG.Tweening.Core.TweenerCore`3<UnityEngine.Vector3, UnityEngine.Vector3, DG.Tweening.Plugins.Options.VectorOptions>)+138]
generic instance, value type argument	DOTween	DG.Tweening.Plugins.Vector3Plugin	SetChangeValue	DG.Tweening.Core.TweenerCore`3<UnityEngine.Vector3, UnityEngine.Vector3, DG.Tweening.Plugins.Options.VectorOptions>		GenericInstanceTypeAnalysisContext	12C	0	0	0	<none>	GENERIC_LAYOUT:instantiation	LAYOUT_KNOWN	66	170	INSIDE_NO_FIELD	CLASS_OBJECT_RELATIVE	PARAMETER	SEARCH_EMPTY	[t @ X1 (DG.Tweening.Core.TweenerCore`3<UnityEngine.Vector3, UnityEngine.Vector3, DG.Tweening.Plugins.Options.VectorOptions>)+12C]
value type base	DOTween	DG.Tweening.Plugins.Color2Plugin	EvaluateAndApply	DG.Tweening.Color2	System.ValueType	TypeAnalysisContext	4	10	2	0	<none>	MISSING_METADATA:inside-the-layout-between-fields	LAYOUT_KNOWN	2	20	NESTED:ca.g	NEITHER	PARAMETER	SEARCH_EMPTY	[changeValue @ X7 (DG.Tweening.Color2)+4]
value type base	DOTween	DG.Tweening.Plugins.Color2Plugin	EvaluateAndApply	DG.Tweening.Color2	System.ValueType	TypeAnalysisContext	4	10	2	0	<none>	MISSING_METADATA:inside-the-layout-between-fields	LAYOUT_KNOWN	2	20	NESTED:ca.g	NEITHER	PARAMETER	SEARCH_EMPTY	[startValue @ X6 (DG.Tweening.Color2)+4]
value type base	DOTween	DG.Tweening.Plugins.Color2Plugin	EvaluateAndApply	DG.Tweening.Color2	System.ValueType	TypeAnalysisContext	8	10	2	0	<none>	MISSING_METADATA:inside-the-layout-between-fields	LAYOUT_KNOWN	2	20	NESTED:ca.b	NEITHER	PARAMETER	SEARCH_EMPTY	[startValue @ X6 (DG.Tweening.Color2)+8]
value type base	DOTween	DG.Tweening.Plugins.Color2Plugin	EvaluateAndApply	DG.Tweening.Color2	System.ValueType	TypeAnalysisContext	8	10	2	0	<none>	MISSING_METADATA:inside-the-layout-between-fields	LAYOUT_KNOWN	2	20	NESTED:ca.b	NEITHER	PARAMETER	SEARCH_EMPTY	[changeValue @ X7 (DG.Tweening.Color2)+8]
value type base	DOTween	DG.Tweening.Plugins.Color2Plugin	EvaluateAndApply	DG.Tweening.Color2	System.ValueType	TypeAnalysisContext	8	10	2	0	<none>	MISSING_METADATA:inside-the-layout-between-fields	LAYOUT_KNOWN	2	20	NESTED:ca.b	NEITHER	PARAMETER	SEARCH_EMPTY	[startValue @ X6 (DG.Tweening.Color2)+8]
value type base	DOTween	DG.Tweening.Plugins.Color2Plugin	EvaluateAndApply	DG.Tweening.Color2	System.ValueType	TypeAnalysisContext	C	10	2	0	<none>	MISSING_METADATA:inside-the-layout-between-fields	LAYOUT_KNOWN	2	20	NESTED:ca.a	NEITHER	PARAMETER	SEARCH_EMPTY	[changeValue @ X7 (DG.Tweening.Color2)+C]
value type base	DOTween	DG.Tweening.Plugins.Color2Plugin	EvaluateAndApply	DG.Tweening.Color2	System.ValueType	TypeAnalysisContext	C	10	2	0	<none>	MISSING_METADATA:inside-the-layout-between-fields	LAYOUT_KNOWN	2	20	NESTED:ca.a	NEITHER	PARAMETER	SEARCH_EMPTY	[startValue @ X6 (DG.Tweening.Color2)+C]
value type base	DOTween	DG.Tweening.Plugins.Color2Plugin	EvaluateAndApply	DG.Tweening.Color2	System.ValueType	TypeAnalysisContext	14	10	2	0	<none>	MISSING_METADATA:inside-the-layout-between-fields	LAYOUT_KNOWN	2	20	NESTED:cb.g	NEITHER	PARAMETER	SEARCH_EMPTY	[changeValue @ X7 (DG.Tweening.Color2)+14]
value type base	DOTween	DG.Tweening.Plugins.Color2Plugin	EvaluateAndApply	DG.Tweening.Color2	System.ValueType	TypeAnalysisContext	14	10	2	0	<none>	MISSING_METADATA:inside-the-layout-between-fields	LAYOUT_KNOWN	2	20	NESTED:cb.g	NEITHER	PARAMETER	SEARCH_EMPTY	[startValue @ X6 (DG.Tweening.Color2)+14]
value type base	DOTween	DG.Tweening.Plugins.Color2Plugin	EvaluateAndApply	DG.Tweening.Color2	System.ValueType	TypeAnalysisContext	18	10	2	0	<none>	MISSING_METADATA:inside-the-layout-between-fields	LAYOUT_KNOWN	2	20	NESTED:cb.b	NEITHER	PARAMETER	SEARCH_EMPTY	[startValue @ X6 (DG.Tweening.Color2)+18]
value type base	DOTween	DG.Tweening.Plugins.Color2Plugin	EvaluateAndApply	DG.Tweening.Color2	System.ValueType	TypeAnalysisContext	18	10	2	0	<none>	MISSING_METADATA:inside-the-layout-between-fields	LAYOUT_KNOWN	2	20	NESTED:cb.b	NEITHER	PARAMETER	SEARCH_EMPTY	[changeValue @ X7 (DG.Tweening.Color2)+18]
value type base	DOTween	DG.Tweening.Plugins.Color2Plugin	EvaluateAndApply	DG.Tweening.Color2	System.ValueType	TypeAnalysisContext	18	10	2	0	<none>	MISSING_METADATA:inside-the-layout-between-fields	LAYOUT_KNOWN	2	20	NESTED:cb.b	NEITHER	PARAMETER	SEARCH_EMPTY	[startValue @ X6 (DG.Tweening.Color2)+18]
value type base	DOTween	DG.Tweening.Plugins.Color2Plugin	EvaluateAndApply	DG.Tweening.Color2	System.ValueType	TypeAnalysisContext	1C	10	2	0	<none>	MISSING_METADATA:inside-the-layout-between-fields	LAYOUT_KNOWN	2	20	NESTED:cb.a	NEITHER	PARAMETER	SEARCH_EMPTY	[changeValue @ X7 (DG.Tweening.Color2)+1C]
value type base	DOTween	DG.Tweening.Plugins.Color2Plugin	EvaluateAndApply	DG.Tweening.Color2	System.ValueType	TypeAnalysisContext	1C	10	2	0	<none>	MISSING_METADATA:inside-the-layout-between-fields	LAYOUT_KNOWN	2	20	NESTED:cb.a	NEITHER	PARAMETER	SEARCH_EMPTY	[startValue @ X6 (DG.Tweening.Color2)+1C]
value type base	DOTween	DG.Tweening.Plugins.Color2Plugin	EvaluateAndApply	DG.Tweening.Color2	System.ValueType	TypeAnalysisContext	1C	10	2	0	<none>	MISSING_METADATA:inside-the-layout-between-fields	LAYOUT_KNOWN	2	20	NESTED:cb.a	NEITHER	PARAMETER	SEARCH_EMPTY	[changeValue @ X7 (DG.Tweening.Color2)+1C]
value type base	DOTween	DG.Tweening.Plugins.Color2Plugin	EvaluateAndApply	DG.Tweening.Color2	System.ValueType	TypeAnalysisContext	C	10	2	0	<none>	MISSING_METADATA:inside-the-layout-between-fields	LAYOUT_KNOWN	2	20	NESTED:ca.a	NEITHER	PARAMETER	SEARCH_EMPTY	[changeValue @ X7 (DG.Tweening.Color2)+C]
value type base	DOTween	DG.Tweening.Plugins.Color2Plugin	EvaluateAndApply	DG.Tweening.Color2	System.ValueType	TypeAnalysisContext	1C	10	2	0	<none>	MISSING_METADATA:inside-the-layout-between-fields	LAYOUT_KNOWN	2	20	NESTED:cb.a	NEITHER	PARAMETER	SEARCH_EMPTY	[startValue @ X6 (DG.Tweening.Color2)+1C]
value type base	DOTween	DG.Tweening.Plugins.Color2Plugin	EvaluateAndApply	DG.Tweening.Color2	System.ValueType	TypeAnalysisContext	C	10	2	0	<none>	MISSING_METADATA:inside-the-layout-between-fields	LAYOUT_KNOWN	2	20	NESTED:ca.a	NEITHER	PARAMETER	SEARCH_EMPTY	[startValue @ X6 (DG.Tweening.Color2)+C]
generic instance, value type argument	DOTween	DG.Tweening.Plugins.DoublePlugin	SetFrom	DG.Tweening.Core.TweenerCore`3<System.Double, System.Double, DG.Tweening.Plugins.Options.NoOptions>		GenericInstanceTypeAnalysisContext	148	0	0	0	<none>	GENERIC_LAYOUT:instantiation	LAYOUT_PARTIAL	60	138	BEYOND_LAYOUT	CLASS_OBJECT_RELATIVE	PARAMETER	SEARCH_EMPTY	[t @ X1 (DG.Tweening.Core.TweenerCore`3<System.Double, System.Double, DG.Tweening.Plugins.Options.NoOptions>)+148]
generic instance, value type argument	DOTween	DG.Tweening.Plugins.DoublePlugin	SetFrom	DG.Tweening.Core.TweenerCore`3<System.Double, System.Double, DG.Tweening.Plugins.Options.NoOptions>		GenericInstanceTypeAnalysisContext	150	0	0	0	<none>	GENERIC_LAYOUT:instantiation	LAYOUT_PARTIAL	60	138	BEYOND_LAYOUT	CLASS_OBJECT_RELATIVE	PARAMETER	SEARCH_EMPTY	[t @ X1 (DG.Tweening.Core.TweenerCore`3<System.Double, System.Double, DG.Tweening.Plugins.Options.NoOptions>)+150]
base has no type, from Move from [TweenerCore`3<System.Double, System.Double, DG.Tweening.Plugins.Options.NoOptions> + 0x150]	DOTween	DG.Tweening.Plugins.DoublePlugin	SetFrom	<untyped>			18	0	0	0	Move:memory	GENERIC_LAYOUT:instantiation	NO_BASE_TYPE	0	0	-	NOT_APPLICABLE	LOADED_POINTER	NO_OWNER	[v52 @ X8_v3+18]
base has no type, from Move from [TweenerCore`3<System.Double, System.Double, DG.Tweening.Plugins.Options.NoOptions> + 0x150]	DOTween	DG.Tweening.Plugins.DoublePlugin	SetFrom	<untyped>			40	0	0	0	Move:memory	GENERIC_LAYOUT:instantiation	NO_BASE_TYPE	0	0	-	NOT_APPLICABLE	LOADED_POINTER	NO_OWNER	[v52 @ X8_v3+40]
base has no type, from Move from [TweenerCore`3<System.Double, System.Double, DG.Tweening.Plugins.Options.NoOptions> + 0x150]	DOTween	DG.Tweening.Plugins.DoublePlugin	SetFrom	<untyped>			28	0	0	0	Move:memory	GENERIC_LAYOUT:instantiation	NO_BASE_TYPE	0	0	-	NOT_APPLICABLE	LOADED_POINTER	NO_OWNER	[v52 @ X8_v3+28]
generic instance, value type argument	DOTween	DG.Tweening.Plugins.DoublePlugin	SetFrom	DG.Tweening.Core.TweenerCore`3<System.Double, System.Double, DG.Tweening.Plugins.Options.NoOptions>		GenericInstanceTypeAnalysisContext	148	0	0	0	<none>	GENERIC_LAYOUT:instantiation	LAYOUT_PARTIAL	60	138	BEYOND_LAYOUT	CLASS_OBJECT_RELATIVE	PARAMETER	SEARCH_EMPTY	[t @ X1 (DG.Tweening.Core.TweenerCore`3<System.Double, System.Double, DG.Tweening.Plugins.Options.NoOptions>)+148]
generic instance, value type argument	DOTween	DG.Tweening.Plugins.DoublePlugin	SetFrom	DG.Tweening.Core.TweenerCore`3<System.Double, System.Double, DG.Tweening.Plugins.Options.NoOptions>		GenericInstanceTypeAnalysisContext	150	0	0	0	<none>	GENERIC_LAYOUT:instantiation	LAYOUT_PARTIAL	60	138	BEYOND_LAYOUT	CLASS_OBJECT_RELATIVE	PARAMETER	SEARCH_EMPTY	[t @ X1 (DG.Tweening.Core.TweenerCore`3<System.Double, System.Double, DG.Tweening.Plugins.Options.NoOptions>)+150]
base has no type, from Move from [TweenerCore`3<System.Double, System.Double, DG.Tweening.Plugins.Options.NoOptions> + 0x150]	DOTween	DG.Tweening.Plugins.DoublePlugin	SetFrom	<untyped>			18	0	0	0	Move:memory	GENERIC_LAYOUT:instantiation	NO_BASE_TYPE	0	0	-	NOT_APPLICABLE	LOADED_POINTER	NO_OWNER	[v34 @ X8_v3+18]
base has no type, from Move from [TweenerCore`3<System.Double, System.Double, DG.Tweening.Plugins.Options.NoOptions> + 0x150]	DOTween	DG.Tweening.Plugins.DoublePlugin	SetFrom	<untyped>			40	0	0	0	Move:memory	GENERIC_LAYOUT:instantiation	NO_BASE_TYPE	0	0	-	NOT_APPLICABLE	LOADED_POINTER	NO_OWNER	[v34 @ X8_v3+40]
base has no type, from Move from [TweenerCore`3<System.Double, System.Double, DG.Tweening.Plugins.Options.NoOptions> + 0x150]	DOTween	DG.Tweening.Plugins.DoublePlugin	SetFrom	<untyped>			28	0	0	0	Move:memory	GENERIC_LAYOUT:instantiation	NO_BASE_TYPE	0	0	-	NOT_APPLICABLE	LOADED_POINTER	NO_OWNER	[v34 @ X8_v3+28]
past the last field of the base type	DOTween	DG.Tweening.TweenSettingsExtensions	SetAutoKill	T		GenericParameterTypeAnalysisContext	E8	0	0	0	<none>	GENERIC_LAYOUT:open-parameter	OPEN_TYPE_PARAMETER	0	0	-	NOT_APPLICABLE	PARAMETER	SEARCH_EMPTY	[t @ X0 (T)+E8]
past the last field of the base type	DOTween	DG.Tweening.TweenSettingsExtensions	SetAutoKill	T		GenericParameterTypeAnalysisContext	100	0	0	0	<none>	GENERIC_LAYOUT:open-parameter	OPEN_TYPE_PARAMETER	0	0	-	NOT_APPLICABLE	PARAMETER	SEARCH_EMPTY	[t @ X0 (T)+100]
past the last field of the base type	DOTween	DG.Tweening.TweenSettingsExtensions	SetAutoKill	T		GenericParameterTypeAnalysisContext	E8	0	0	0	<none>	GENERIC_LAYOUT:open-parameter	OPEN_TYPE_PARAMETER	0	0	-	NOT_APPLICABLE	PARAMETER	SEARCH_EMPTY	[t @ X0 (T)+E8]
past the last field of the base type	DOTween	DG.Tweening.TweenSettingsExtensions	SetAutoKill	T		GenericParameterTypeAnalysisContext	100	0	0	0	<none>	GENERIC_LAYOUT:open-parameter	OPEN_TYPE_PARAMETER	0	0	-	NOT_APPLICABLE	PARAMETER	SEARCH_EMPTY	[t @ X0 (T)+100]
past the last field of the base type	DOTween	DG.Tweening.TweenSettingsExtensions	SetId	T		GenericParameterTypeAnalysisContext	E8	0	0	0	<none>	GENERIC_LAYOUT:open-parameter	OPEN_TYPE_PARAMETER	0	0	-	NOT_APPLICABLE	PARAMETER	SEARCH_EMPTY	[t @ X0 (T)+E8]
past the last field of the base type	DOTween	DG.Tweening.TweenSettingsExtensions	SetId	T		GenericParameterTypeAnalysisContext	E8	0	0	0	<none>	GENERIC_LAYOUT:open-parameter	OPEN_TYPE_PARAMETER	0	0	-	NOT_APPLICABLE	PARAMETER	SEARCH_EMPTY	[t @ X0 (T)+E8]
Il2CppClass.cctor_finished	DOTween	DG.Tweening.Core.Debugger	LogSafeModeCapturedError	Il2CppClass<DG.Tweening.DOTween>		RuntimeClassTypeAnalysisContext	E0	0	0	0	Move:type DOTween	RUNTIME_STRUCT:RuntimeClassTypeAnalysisContext	RUNTIME_STRUCT	0	0	-	NOT_APPLICABLE	RUNTIME_STRUCTURE	SEARCH_EMPTY	[v112 @ X0_v6 (Il2CppClass<DG.Tweening.DOTween>)+E0]
past the last field of the base type	DOTween	DG.Tweening.TweenSettingsExtensions	SetId	T		GenericParameterTypeAnalysisContext	E8	0	0	0	<none>	GENERIC_LAYOUT:open-parameter	OPEN_TYPE_PARAMETER	0	0	-	NOT_APPLICABLE	PARAMETER	SEARCH_EMPTY	[t @ X0 (T)+E8]
Il2CppClass.cctor_finished	DOTween	DG.Tweening.Core.Debugger	LogReport	Il2CppClass<DG.Tweening.DOTween>		RuntimeClassTypeAnalysisContext	E0	0	0	0	Move:type DOTween	RUNTIME_STRUCT:RuntimeClassTypeAnalysisContext	RUNTIME_STRUCT	0	0	-	NOT_APPLICABLE	RUNTIME_STRUCTURE	SEARCH_EMPTY	[v66 @ X8_v4 (Il2CppClass<DG.Tweening.DOTween>)+E0]
Il2CppClass.cctor_finished	DOTween	DG.Tweening.Core.Debugger	LogSafeModeReport	Il2CppClass<DG.Tweening.DOTween>		RuntimeClassTypeAnalysisContext	E0	0	0	0	Move:type DOTween	RUNTIME_STRUCT:RuntimeClassTypeAnalysisContext	RUNTIME_STRUCT	0	0	-	NOT_APPLICABLE	RUNTIME_STRUCTURE	SEARCH_EMPTY	[v66 @ X8_v4 (Il2CppClass<DG.Tweening.DOTween>)+E0]
past the last field of the base type	DOTween	DG.Tweening.TweenSettingsExtensions	SetLink	T		GenericParameterTypeAnalysisContext	E8	0	0	0	<none>	GENERIC_LAYOUT:open-parameter	OPEN_TYPE_PARAMETER	0	0	-	NOT_APPLICABLE	PARAMETER	SEARCH_EMPTY	[t @ X0 (T)+E8]
past the last field of the base type	DOTween	DG.Tweening.TweenSettingsExtensions	SetLink	T		GenericParameterTypeAnalysisContext	E9	0	0	0	<none>	GENERIC_LAYOUT:open-parameter	OPEN_TYPE_PARAMETER	0	0	-	NOT_APPLICABLE	PARAMETER	SEARCH_EMPTY	[t @ X0 (T)+E9]
past the last field of the base type	DOTween	DG.Tweening.TweenSettingsExtensions	SetLink	T		GenericParameterTypeAnalysisContext	E8	0	0	0	<none>	GENERIC_LAYOUT:open-parameter	OPEN_TYPE_PARAMETER	0	0	-	NOT_APPLICABLE	PARAMETER	SEARCH_EMPTY	[t @ X0 (T)+E8]
past the last field of the base type	DOTween	DG.Tweening.TweenSettingsExtensions	SetLink	T		GenericParameterTypeAnalysisContext	E9	0	0	0	<none>	GENERIC_LAYOUT:open-parameter	OPEN_TYPE_PARAMETER	0	0	-	NOT_APPLICABLE	PARAMETER	SEARCH_EMPTY	[t @ X0 (T)+E9]
past the last field of the base type	DOTween	DG.Tweening.TweenSettingsExtensions	SetTarget	T		GenericParameterTypeAnalysisContext	E8	0	0	0	<none>	GENERIC_LAYOUT:open-parameter	OPEN_TYPE_PARAMETER	0	0	-	NOT_APPLICABLE	PARAMETER	SEARCH_EMPTY	[t @ X0 (T)+E8]
static field storage at 0x4	DOTween	DG.Tweening.Plugins.PathPlugin	SetOrientation	UnityEngine.Quaternion	System.ValueType	TypeAnalysisContext	4	C	4	0	Move:memory	RUNTIME_STRUCT:StaticFieldStorageTypeAnalysisContext	LAYOUT_KNOWN	4	1C	NESTED:y	VALUE_RELATIVE	STATIC_FIELD	SEARCH_EMPTY	[v791 @ X8_v15 (Il2CppStaticFields<UnityEngine.Quaternion>)+4]
static field storage at 0x8	DOTween	DG.Tweening.Plugins.PathPlugin	SetOrientation	UnityEngine.Quaternion	System.ValueType	TypeAnalysisContext	8	C	4	0	Move:memory	RUNTIME_STRUCT:StaticFieldStorageTypeAnalysisContext	LAYOUT_KNOWN	4	1C	NESTED:z	VALUE_RELATIVE	STATIC_FIELD	SEARCH_EMPTY	[v791 @ X8_v15 (Il2CppStaticFields<UnityEngine.Quaternion>)+8]
static field storage at 0xC	DOTween	DG.Tweening.Plugins.PathPlugin	SetOrientation	UnityEngine.Quaternion	System.ValueType	TypeAnalysisContext	C	C	4	0	Move:memory	RUNTIME_STRUCT:StaticFieldStorageTypeAnalysisContext	LAYOUT_KNOWN	4	1C	NESTED:w	VALUE_RELATIVE	STATIC_FIELD	SEARCH_EMPTY	[v791 @ X8_v15 (Il2CppStaticFields<UnityEngine.Quaternion>)+C]
value type base	DOTween	DG.Tweening.Plugins.PathPlugin	SetOrientation	DG.Tweening.Plugins.Options.PathOptions	System.ValueType	TypeAnalysisContext	58	69	19	0	<none>	RESOLVABLE:field-at-this-exact-offset	LAYOUT_KNOWN	19	79	EXACT:parent	OBJECT_RELATIVE	PARAMETER	SEARCH_EMPTY	[options @ X1 (DG.Tweening.Plugins.Options.PathOptions)+58]
value type base	DOTween	DG.Tweening.Plugins.PathPlugin	SetOrientation	DG.Tweening.Plugins.Options.PathOptions	System.ValueType	TypeAnalysisContext	5C	69	19	0	<none>	MISSING_METADATA:inside-the-layout-between-fields	LAYOUT_KNOWN	19	79	NESTED:startupRot.z	NEITHER	PARAMETER	SEARCH_EMPTY	[options @ X1 (DG.Tweening.Plugins.Options.PathOptions)+5C]
value type base	DOTween	DG.Tweening.Plugins.PathPlugin	SetOrientation	DG.Tweening.Plugins.Options.PathOptions	System.ValueType	TypeAnalysisContext	60	69	19	0	<none>	RESOLVABLE:field-at-this-exact-offset	LAYOUT_KNOWN	19	79	EXACT:isRigidbody	OBJECT_RELATIVE	PARAMETER	SEARCH_EMPTY	[options @ X1 (DG.Tweening.Plugins.Options.PathOptions)+60]
value type base	DOTween	DG.Tweening.Plugins.PathPlugin	SetOrientation	DG.Tweening.Plugins.Options.PathOptions	System.ValueType	TypeAnalysisContext	18	69	19	0	<none>	RESOLVABLE:field-at-this-exact-offset	LAYOUT_KNOWN	19	79	EXACT:lockPositionAxis	OBJECT_RELATIVE	PARAMETER	SEARCH_EMPTY	[options @ X1 (DG.Tweening.Plugins.Options.PathOptions)+18]
value type base	DOTween	DG.Tweening.Plugins.PathPlugin	SetOrientation	DG.Tweening.Plugins.Options.PathOptions	System.ValueType	TypeAnalysisContext	1C	69	19	0	<none>	RESOLVABLE:field-at-this-exact-offset	LAYOUT_KNOWN	19	79	EXACT:lockRotationAxis	OBJECT_RELATIVE	PARAMETER	SEARCH_EMPTY	[options @ X1 (DG.Tweening.Plugins.Options.PathOptions)+1C]
base has no type, from Add of an untyped local and Int32	DOTween	DG.Tweening.Plugins.PathPlugin	SetOrientation	<untyped>			8	0	0	0	Add	MISSING_METADATA:inside-the-layout-between-fields	NO_BASE_TYPE	0	0	-	NOT_APPLICABLE	UNKNOWN	NO_OWNER	[v1074 @ X9_v22+8]
base has no type, from Add of an untyped local and Int32	DOTween	DG.Tweening.Plugins.PathPlugin	SetOrientation	<untyped>			4	0	0	0	Add	MISSING_METADATA:inside-the-layout-between-fields	NO_BASE_TYPE	0	0	-	NOT_APPLICABLE	UNKNOWN	NO_OWNER	[v1074 @ X9_v22+4]
base has no type, from Add of an untyped local and Int32	DOTween	DG.Tweening.Plugins.PathPlugin	SetOrientation	<untyped>			4	0	0	0	Add	MISSING_METADATA:inside-the-layout-between-fields	NO_BASE_TYPE	0	0	-	NOT_APPLICABLE	UNKNOWN	NO_OWNER	[v1078 @ X8_v73+4]
base has no type, from Add of an untyped local and Int32	DOTween	DG.Tweening.Plugins.PathPlugin	SetOrientation	<untyped>			8	0	0	0	Add	MISSING_METADATA:inside-the-layout-between-fields	NO_BASE_TYPE	0	0	-	NOT_APPLICABLE	UNKNOWN	NO_OWNER	[v1078 @ X8_v73+8]
absolute address	DOTween	DG.Tweening.Plugins.PathPlugin	SetOrientation	<untyped>			1A35018	0	0	0	<none>	UNKNOWN:absolute-address	NO_BASE_TYPE	0	0	-	NOT_APPLICABLE	UNKNOWN	NO_OWNER	[1A35018]
base has no type, from Move from an absolute address	DOTween	DG.Tweening.Plugins.PathPlugin	SetOrientation	<untyped>			18	0	0	0	Move:memory	UNKNOWN:loaded-from-an-unbased-address	NO_BASE_TYPE	0	0	-	NOT_APPLICABLE	LOADED_POINTER	NO_OWNER	[v391 @ X8_v68+18]
base has no type, from Add of an untyped local and Int32	DOTween	DG.Tweening.Plugins.PathPlugin	SetOrientation	<untyped>			20	0	0	0	Add	PAST_LAST_FIELD:value-type	NO_BASE_TYPE	0	0	-	NOT_APPLICABLE	UNKNOWN	NO_OWNER	[v558 @ X10_v15+20]
base has no type, from Add of an untyped local and Int32	DOTween	DG.Tweening.Plugins.PathPlugin	SetOrientation	<untyped>			24	0	0	0	Add	PAST_LAST_FIELD:value-type	NO_BASE_TYPE	0	0	-	NOT_APPLICABLE	UNKNOWN	NO_OWNER	[v558 @ X10_v15+24]
base has no type, from Add of an untyped local and Int32	DOTween	DG.Tweening.Plugins.PathPlugin	SetOrientation	<untyped>			28	0	0	0	Add	PAST_LAST_FIELD:value-type	NO_BASE_TYPE	0	0	-	NOT_APPLICABLE	UNKNOWN	NO_OWNER	[v558 @ X10_v15+28]
base has no type, from Add of an untyped local and Int32	DOTween	DG.Tweening.Plugins.PathPlugin	SetOrientation	<untyped>			20	0	0	0	Add	PAST_LAST_FIELD:value-type	NO_BASE_TYPE	0	0	-	NOT_APPLICABLE	UNKNOWN	NO_OWNER	[v558 @ X10_v15+20]
base has no type, from Add of an untyped local and Int32	DOTween	DG.Tweening.Plugins.PathPlugin	SetOrientation	<untyped>			24	0	0	0	Add	PAST_LAST_FIELD:value-type	NO_BASE_TYPE	0	0	-	NOT_APPLICABLE	UNKNOWN	NO_OWNER	[v558 @ X10_v15+24]
base has no type, from Add of the field Single[] and Int32	spine-unity	Spine.Unity.MeshGenerator	FillMeshLocal	<untyped>			24	0	0	0	Add	PAST_LAST_FIELD:value-type	NO_BASE_TYPE	0	0	-	NOT_APPLICABLE	UNKNOWN	NO_OWNER	[v961 @ X8_v55+24]
base has no type, from Add of an untyped local and Int32	DOTween	DG.Tweening.Plugins.PathPlugin	SetOrientation	<untyped>			28	0	0	0	Add	PAST_LAST_FIELD:value-type	NO_BASE_TYPE	0	0	-	NOT_APPLICABLE	UNKNOWN	NO_OWNER	[v558 @ X10_v15+28]
base has no type, from Add of the field Single[] and Int32	spine-unity	Spine.Unity.MeshGenerator	FillMeshLocal	<untyped>			24	0	0	0	Add	PAST_LAST_FIELD:value-type	NO_BASE_TYPE	0	0	-	NOT_APPLICABLE	UNKNOWN	NO_OWNER	[v961 @ X8_v55+24]
base has no type, from Move from an absolute address	DOTween	DG.Tweening.Plugins.PathPlugin	SetOrientation	<untyped>			18	0	0	0	Move:memory	UNKNOWN:loaded-from-an-unbased-address	NO_BASE_TYPE	0	0	-	NOT_APPLICABLE	LOADED_POINTER	NO_OWNER	[v391 @ X8_v68+18]
base has no type, from Add of an untyped local and Int32	DOTween	DG.Tweening.Plugins.PathPlugin	SetOrientation	<untyped>			20	0	0	0	Add	PAST_LAST_FIELD:value-type	NO_BASE_TYPE	0	0	-	NOT_APPLICABLE	UNKNOWN	NO_OWNER	[v558 @ X10_v15+20]
base has no type, from Add of an untyped local and Int32	DOTween	DG.Tweening.Plugins.PathPlugin	SetOrientation	<untyped>			20	0	0	0	Add	PAST_LAST_FIELD:value-type	NO_BASE_TYPE	0	0	-	NOT_APPLICABLE	UNKNOWN	NO_OWNER	[v1119 @ X8_v69+20]
base has no type, from Add of the field Single[] and Int32	spine-unity	Spine.Unity.MeshGenerator	FillMeshLocal	<untyped>			24	0	0	0	Add	PAST_LAST_FIELD:value-type	NO_BASE_TYPE	0	0	-	NOT_APPLICABLE	UNKNOWN	NO_OWNER	[v1106 @ X8_v34+24]
base has no type, from Add of an untyped local and Int32	DOTween	DG.Tweening.Plugins.PathPlugin	SetOrientation	<untyped>			24	0	0	0	Add	PAST_LAST_FIELD:value-type	NO_BASE_TYPE	0	0	-	NOT_APPLICABLE	UNKNOWN	NO_OWNER	[v558 @ X10_v15+24]
base has no type, from Add of the field Single[] and Int32	spine-unity	Spine.Unity.MeshGenerator	FillMeshLocal	<untyped>			24	0	0	0	Add	PAST_LAST_FIELD:value-type	NO_BASE_TYPE	0	0	-	NOT_APPLICABLE	UNKNOWN	NO_OWNER	[v1106 @ X8_v34+24]
base has no type, from Add of an untyped local and Int32	DOTween	DG.Tweening.Plugins.PathPlugin	SetOrientation	<untyped>			24	0	0	0	Add	PAST_LAST_FIELD:value-type	NO_BASE_TYPE	0	0	-	NOT_APPLICABLE	UNKNOWN	NO_OWNER	[v1119 @ X8_v69+24]
base has no type, from Add of an untyped local and Int32	DOTween	DG.Tweening.Plugins.PathPlugin	SetOrientation	<untyped>			28	0	0	0	Add	PAST_LAST_FIELD:value-type	NO_BASE_TYPE	0	0	-	NOT_APPLICABLE	UNKNOWN	NO_OWNER	[v558 @ X10_v15+28]
base has no type, from Add of an untyped local and Int32	DOTween	DG.Tweening.Plugins.PathPlugin	SetOrientation	<untyped>			28	0	0	0	Add	PAST_LAST_FIELD:value-type	NO_BASE_TYPE	0	0	-	NOT_APPLICABLE	UNKNOWN	NO_OWNER	[v1119 @ X8_v69+28]
base has no type, from Add of an untyped local and Int32	DOTween	DG.Tweening.Plugins.PathPlugin	SetOrientation	<untyped>			20	0	0	0	Add	PAST_LAST_FIELD:value-type	NO_BASE_TYPE	0	0	-	NOT_APPLICABLE	UNKNOWN	NO_OWNER	[v558 @ X10_v15+20]
base has no type, from Add of an untyped local and Int32	DOTween	DG.Tweening.Plugins.PathPlugin	SetOrientation	<untyped>			24	0	0	0	Add	PAST_LAST_FIELD:value-type	NO_BASE_TYPE	0	0	-	NOT_APPLICABLE	UNKNOWN	NO_OWNER	[v558 @ X10_v15+24]
base has no type, from Add of an untyped local and Int32	DOTween	DG.Tweening.Plugins.PathPlugin	SetOrientation	<untyped>			28	0	0	0	Add	PAST_LAST_FIELD:value-type	NO_BASE_TYPE	0	0	-	NOT_APPLICABLE	UNKNOWN	NO_OWNER	[v558 @ X10_v15+28]
base has no type, from Add of an untyped local and Int32	DOTween	DG.Tweening.Plugins.PathPlugin	SetOrientation	<untyped>			28	0	0	0	Add	PAST_LAST_FIELD:value-type	NO_BASE_TYPE	0	0	-	NOT_APPLICABLE	UNKNOWN	NO_OWNER	[v558 @ X10_v15+28]
base has no type, from Add of an untyped local and Int32	DOTween	DG.Tweening.Plugins.PathPlugin	SetOrientation	<untyped>			24	0	0	0	Add	PAST_LAST_FIELD:value-type	NO_BASE_TYPE	0	0	-	NOT_APPLICABLE	UNKNOWN	NO_OWNER	[v558 @ X10_v15+24]
base has no type, from Add of an untyped local and Int32	DOTween	DG.Tweening.Plugins.PathPlugin	SetOrientation	<untyped>			20	0	0	0	Add	PAST_LAST_FIELD:value-type	NO_BASE_TYPE	0	0	-	NOT_APPLICABLE	UNKNOWN	NO_OWNER	[v558 @ X10_v15+20]
value type base	DOTween	DG.Tweening.Plugins.PathPlugin	SetOrientation	DG.Tweening.Plugins.Options.PathOptions	System.ValueType	TypeAnalysisContext	3C	69	19	0	<none>	RESOLVABLE:field-at-this-exact-offset	LAYOUT_KNOWN	19	79	EXACT:hasCustomForwardDirection	OBJECT_RELATIVE	PARAMETER	SEARCH_EMPTY	[options @ X1 (DG.Tweening.Plugins.Options.PathOptions)+3C]
value type base	DOTween	DG.Tweening.Plugins.PathPlugin	SetOrientation	DG.Tweening.Plugins.Options.PathOptions	System.ValueType	TypeAnalysisContext	3C	69	19	0	<none>	RESOLVABLE:field-at-this-exact-offset	LAYOUT_KNOWN	19	79	EXACT:hasCustomForwardDirection	OBJECT_RELATIVE	PARAMETER	SEARCH_EMPTY	[options @ X1 (DG.Tweening.Plugins.Options.PathOptions)+3C]
value type base	DOTween	DG.Tweening.Plugins.PathPlugin	SetOrientation	DG.Tweening.Plugins.Options.PathOptions	System.ValueType	TypeAnalysisContext	38	69	19	0	<none>	RESOLVABLE:field-at-this-exact-offset	LAYOUT_KNOWN	19	79	EXACT:lookAhead	OBJECT_RELATIVE	PARAMETER	SEARCH_EMPTY	[options @ X1 (DG.Tweening.Plugins.Options.PathOptions)+38]
value type base	DOTween	DG.Tweening.Plugins.PathPlugin	SetOrientation	DG.Tweening.Plugins.Options.PathOptions	System.ValueType	TypeAnalysisContext	3C	69	19	0	<none>	RESOLVABLE:field-at-this-exact-offset	LAYOUT_KNOWN	19	79	EXACT:hasCustomForwardDirection	OBJECT_RELATIVE	PARAMETER	SEARCH_EMPTY	[options @ X1 (DG.Tweening.Plugins.Options.PathOptions)+3C]
value type base	DOTween	DG.Tweening.Plugins.PathPlugin	SetOrientation	DG.Tweening.Plugins.Options.PathOptions	System.ValueType	TypeAnalysisContext	3C	69	19	0	<none>	RESOLVABLE:field-at-this-exact-offset	LAYOUT_KNOWN	19	79	EXACT:hasCustomForwardDirection	OBJECT_RELATIVE	PARAMETER	SEARCH_EMPTY	[options @ X1 (DG.Tweening.Plugins.Options.PathOptions)+3C]
value type base	DOTween	DG.Tweening.Plugins.PathPlugin	SetOrientation	DG.Tweening.Plugins.Options.PathOptions	System.ValueType	TypeAnalysisContext	34	69	19	0	<none>	MISSING_METADATA:inside-the-layout-between-fields	LAYOUT_KNOWN	19	79	NESTED:forward.y	NEITHER	PARAMETER	SEARCH_EMPTY	[options @ X1 (DG.Tweening.Plugins.Options.PathOptions)+34]
value type base	DOTween	DG.Tweening.Plugins.PathPlugin	SetOrientation	DG.Tweening.Plugins.Options.PathOptions	System.ValueType	TypeAnalysisContext	34	69	19	0	<none>	MISSING_METADATA:inside-the-layout-between-fields	LAYOUT_KNOWN	19	79	NESTED:forward.y	NEITHER	PARAMETER	SEARCH_EMPTY	[options @ X1 (DG.Tweening.Plugins.Options.PathOptions)+34]
value type base	DOTween	DG.Tweening.Plugins.PathPlugin	SetOrientation	DG.Tweening.Plugins.Options.PathOptions	System.ValueType	TypeAnalysisContext	38	69	19	0	<none>	RESOLVABLE:field-at-this-exact-offset	LAYOUT_KNOWN	19	79	EXACT:lookAhead	OBJECT_RELATIVE	PARAMETER	SEARCH_EMPTY	[options @ X1 (DG.Tweening.Plugins.Options.PathOptions)+38]
value type base	DOTween	DG.Tweening.Plugins.PathPlugin	SetOrientation	DG.Tweening.Plugins.Options.PathOptions	System.ValueType	TypeAnalysisContext	34	69	19	0	<none>	MISSING_METADATA:inside-the-layout-between-fields	LAYOUT_KNOWN	19	79	NESTED:forward.y	NEITHER	PARAMETER	SEARCH_EMPTY	[options @ X1 (DG.Tweening.Plugins.Options.PathOptions)+34]
value type base	DOTween	DG.Tweening.Plugins.PathPlugin	SetOrientation	DG.Tweening.Plugins.Options.PathOptions	System.ValueType	TypeAnalysisContext	34	69	19	0	<none>	MISSING_METADATA:inside-the-layout-between-fields	LAYOUT_KNOWN	19	79	NESTED:forward.y	NEITHER	PARAMETER	SEARCH_EMPTY	[options @ X1 (DG.Tweening.Plugins.Options.PathOptions)+34]
value type base	DOTween	DG.Tweening.Plugins.PathPlugin	SetOrientation	DG.Tweening.Plugins.Options.PathOptions	System.ValueType	TypeAnalysisContext	38	69	19	0	<none>	RESOLVABLE:field-at-this-exact-offset	LAYOUT_KNOWN	19	79	EXACT:lookAhead	OBJECT_RELATIVE	PARAMETER	SEARCH_EMPTY	[options @ X1 (DG.Tweening.Plugins.Options.PathOptions)+38]
value type base	DOTween	DG.Tweening.Plugins.PathPlugin	SetOrientation	DG.Tweening.Plugins.Options.PathOptions	System.ValueType	TypeAnalysisContext	38	69	19	0	<none>	RESOLVABLE:field-at-this-exact-offset	LAYOUT_KNOWN	19	79	EXACT:lookAhead	OBJECT_RELATIVE	PARAMETER	SEARCH_EMPTY	[options @ X1 (DG.Tweening.Plugins.Options.PathOptions)+38]
static field storage at 0x1C	DOTween	DG.Tweening.Plugins.PathPlugin	SetOrientation	UnityEngine.Vector3	System.ValueType	TypeAnalysisContext	1C	8	3	0	Move:memory	RUNTIME_STRUCT:StaticFieldStorageTypeAnalysisContext	LAYOUT_KNOWN	3	18	BEYOND_LAYOUT	NEITHER	STATIC_FIELD	SEARCH_EMPTY	[v1158 @ X8_v81 (Il2CppStaticFields<UnityEngine.Vector3>)+1C]
static field storage at 0x20	DOTween	DG.Tweening.Plugins.PathPlugin	SetOrientation	UnityEngine.Vector3	System.ValueType	TypeAnalysisContext	20	8	3	0	Move:memory	RUNTIME_STRUCT:StaticFieldStorageTypeAnalysisContext	LAYOUT_KNOWN	3	18	BEYOND_LAYOUT	NEITHER	STATIC_FIELD	SEARCH_EMPTY	[v1158 @ X8_v81 (Il2CppStaticFields<UnityEngine.Vector3>)+20]
absolute address	DOTween	DG.Tweening.Plugins.PathPlugin	SetOrientation	<untyped>			1A35020	0	0	0	<none>	UNKNOWN:absolute-address	NO_BASE_TYPE	0	0	-	NOT_APPLICABLE	UNKNOWN	NO_OWNER	[1A35020]
static field storage at 0x1C	DOTween	DG.Tweening.Plugins.PathPlugin	SetOrientation	UnityEngine.Vector3	System.ValueType	TypeAnalysisContext	1C	8	3	0	Move:memory	RUNTIME_STRUCT:StaticFieldStorageTypeAnalysisContext	LAYOUT_KNOWN	3	18	BEYOND_LAYOUT	NEITHER	STATIC_FIELD	SEARCH_EMPTY	[v1553 @ X8_v65 (Il2CppStaticFields<UnityEngine.Vector3>)+1C]
static field storage at 0x20	DOTween	DG.Tweening.Plugins.PathPlugin	SetOrientation	UnityEngine.Vector3	System.ValueType	TypeAnalysisContext	20	8	3	0	Move:memory	RUNTIME_STRUCT:StaticFieldStorageTypeAnalysisContext	LAYOUT_KNOWN	3	18	BEYOND_LAYOUT	NEITHER	STATIC_FIELD	SEARCH_EMPTY	[v1553 @ X8_v65 (Il2CppStaticFields<UnityEngine.Vector3>)+20]
static field storage at 0x4	DOTween	DG.Tweening.Plugins.PathPlugin	SetOrientation	UnityEngine.Vector3	System.ValueType	TypeAnalysisContext	4	8	3	0	Move:memory	RUNTIME_STRUCT:StaticFieldStorageTypeAnalysisContext	LAYOUT_KNOWN	3	18	NESTED:y	VALUE_RELATIVE	STATIC_FIELD	SEARCH_EMPTY	[v395 @ X8_v43 (Il2CppStaticFields<UnityEngine.Vector3>)+4]
static field storage at 0x8	DOTween	DG.Tweening.Plugins.PathPlugin	SetOrientation	UnityEngine.Vector3	System.ValueType	TypeAnalysisContext	8	8	3	0	Move:memory	RUNTIME_STRUCT:StaticFieldStorageTypeAnalysisContext	LAYOUT_KNOWN	3	18	NESTED:z	VALUE_RELATIVE	STATIC_FIELD	SEARCH_EMPTY	[v395 @ X8_v43 (Il2CppStaticFields<UnityEngine.Vector3>)+8]
past the last field of the base type	DOTween	DG.Tweening.TweenSettingsExtensions	SetLoops	T		GenericParameterTypeAnalysisContext	E8	0	0	0	<none>	GENERIC_LAYOUT:open-parameter	OPEN_TYPE_PARAMETER	0	0	-	NOT_APPLICABLE	PARAMETER	SEARCH_EMPTY	[t @ X0 (T)+E8]
past the last field of the base type	DOTween	DG.Tweening.TweenSettingsExtensions	SetLoops	T		GenericParameterTypeAnalysisContext	100	0	0	0	<none>	GENERIC_LAYOUT:open-parameter	OPEN_TYPE_PARAMETER	0	0	-	NOT_APPLICABLE	PARAMETER	SEARCH_EMPTY	[t @ X0 (T)+100]
past the last field of the base type	DOTween	DG.Tweening.TweenSettingsExtensions	SetLoops	T		GenericParameterTypeAnalysisContext	A0	0	0	0	<none>	GENERIC_LAYOUT:open-parameter	OPEN_TYPE_PARAMETER	0	0	-	NOT_APPLICABLE	PARAMETER	SEARCH_EMPTY	[t @ X0 (T)+A0]
past the last field of the base type	DOTween	DG.Tweening.TweenSettingsExtensions	SetLoops	T		GenericParameterTypeAnalysisContext	10	0	0	0	<none>	GENERIC_LAYOUT:open-parameter	OPEN_TYPE_PARAMETER	0	0	-	NOT_APPLICABLE	PARAMETER	SEARCH_EMPTY	[t @ X0 (T)+10]
past the last field of the base type	DOTween	DG.Tweening.TweenSettingsExtensions	SetLoops	T		GenericParameterTypeAnalysisContext	E8	0	0	0	<none>	GENERIC_LAYOUT:open-parameter	OPEN_TYPE_PARAMETER	0	0	-	NOT_APPLICABLE	PARAMETER	SEARCH_EMPTY	[t @ X0 (T)+E8]
past the last field of the base type	DOTween	DG.Tweening.TweenSettingsExtensions	SetLoops	T		GenericParameterTypeAnalysisContext	100	0	0	0	<none>	GENERIC_LAYOUT:open-parameter	OPEN_TYPE_PARAMETER	0	0	-	NOT_APPLICABLE	PARAMETER	SEARCH_EMPTY	[t @ X0 (T)+100]
past the last field of the base type	DOTween	DG.Tweening.TweenSettingsExtensions	SetLoops	T		GenericParameterTypeAnalysisContext	A0	0	0	0	<none>	GENERIC_LAYOUT:open-parameter	OPEN_TYPE_PARAMETER	0	0	-	NOT_APPLICABLE	PARAMETER	SEARCH_EMPTY	[t @ X0 (T)+A0]
past the last field of the base type	DOTween	DG.Tweening.TweenSettingsExtensions	SetLoops	T		GenericParameterTypeAnalysisContext	10	0	0	0	<none>	GENERIC_LAYOUT:open-parameter	OPEN_TYPE_PARAMETER	0	0	-	NOT_APPLICABLE	PARAMETER	SEARCH_EMPTY	[t @ X0 (T)+10]
past the last field of the base type	DOTween	DG.Tweening.TweenSettingsExtensions	SetEase	T		GenericParameterTypeAnalysisContext	E8	0	0	0	<none>	GENERIC_LAYOUT:open-parameter	OPEN_TYPE_PARAMETER	0	0	-	NOT_APPLICABLE	PARAMETER	SEARCH_EMPTY	[t @ X0 (T)+E8]
past the last field of the base type	DOTween	DG.Tweening.TweenSettingsExtensions	SetEase	T		GenericParameterTypeAnalysisContext	C0	0	0	0	<none>	GENERIC_LAYOUT:open-parameter	OPEN_TYPE_PARAMETER	0	0	-	NOT_APPLICABLE	PARAMETER	SEARCH_EMPTY	[t @ X0 (T)+C0]
past the last field of the base type	DOTween	DG.Tweening.TweenSettingsExtensions	SetEase	T		GenericParameterTypeAnalysisContext	C0	0	0	0	<none>	GENERIC_LAYOUT:open-parameter	OPEN_TYPE_PARAMETER	0	0	-	NOT_APPLICABLE	PARAMETER	SEARCH_EMPTY	[t @ X0 (T)+C0]
past the last field of the base type	DOTween	DG.Tweening.TweenSettingsExtensions	SetEase	T		GenericParameterTypeAnalysisContext	E8	0	0	0	<none>	GENERIC_LAYOUT:open-parameter	OPEN_TYPE_PARAMETER	0	0	-	NOT_APPLICABLE	PARAMETER	SEARCH_EMPTY	[t @ X0 (T)+E8]
generic instance, value type argument	DOTween	DG.Tweening.Plugins.ColorPlugin	SetFrom	DG.Tweening.Core.TweenerCore`3<UnityEngine.Color, UnityEngine.Color, DG.Tweening.Plugins.Options.ColorOptions>		GenericInstanceTypeAnalysisContext	13C	0	0	0	<none>	GENERIC_LAYOUT:instantiation	LAYOUT_KNOWN	66	178	INSIDE_NO_FIELD	CLASS_OBJECT_RELATIVE	PARAMETER	SEARCH_EMPTY	[t @ X1 (DG.Tweening.Core.TweenerCore`3<UnityEngine.Color, UnityEngine.Color, DG.Tweening.Plugins.Options.ColorOptions>)+13C]
generic instance, value type argument	DOTween	DG.Tweening.Plugins.ColorPlugin	SetFrom	DG.Tweening.Core.TweenerCore`3<UnityEngine.Color, UnityEngine.Color, DG.Tweening.Plugins.Options.ColorOptions>		GenericInstanceTypeAnalysisContext	140	0	0	0	<none>	GENERIC_LAYOUT:instantiation	LAYOUT_KNOWN	66	178	INSIDE_NO_FIELD	CLASS_OBJECT_RELATIVE	PARAMETER	SEARCH_EMPTY	[t @ X1 (DG.Tweening.Core.TweenerCore`3<UnityEngine.Color, UnityEngine.Color, DG.Tweening.Plugins.Options.ColorOptions>)+140]
generic instance, value type argument	DOTween	DG.Tweening.Plugins.ColorPlugin	SetFrom	DG.Tweening.Core.TweenerCore`3<UnityEngine.Color, UnityEngine.Color, DG.Tweening.Plugins.Options.ColorOptions>		GenericInstanceTypeAnalysisContext	0	0	0	0	<none>	GENERIC_LAYOUT:instantiation	LAYOUT_KNOWN	66	178	INSIDE_NO_FIELD	CLASS_OBJECT_RELATIVE	PARAMETER	NOT_A_FIELD_ACCESS	[t @ X1 (DG.Tweening.Core.TweenerCore`3<UnityEngine.Color, UnityEngine.Color, DG.Tweening.Plugins.Options.ColorOptions>)+v118 @ X10_v2 (System.Int32)]
generic instance, value type argument	DOTween	DG.Tweening.Plugins.ColorPlugin	SetFrom	DG.Tweening.Core.TweenerCore`3<UnityEngine.Color, UnityEngine.Color, DG.Tweening.Plugins.Options.ColorOptions>		GenericInstanceTypeAnalysisContext	0	0	0	0	<none>	GENERIC_LAYOUT:instantiation	LAYOUT_KNOWN	66	178	INSIDE_NO_FIELD	CLASS_OBJECT_RELATIVE	PARAMETER	NOT_A_FIELD_ACCESS	[t @ X1 (DG.Tweening.Core.TweenerCore`3<UnityEngine.Color, UnityEngine.Color, DG.Tweening.Plugins.Options.ColorOptions>)+v134 @ X9_v5 (System.Int32)]
generic instance, value type argument	DOTween	DG.Tweening.Plugins.ColorPlugin	SetFrom	DG.Tweening.Core.TweenerCore`3<UnityEngine.Color, UnityEngine.Color, DG.Tweening.Plugins.Options.ColorOptions>		GenericInstanceTypeAnalysisContext	0	0	0	0	<none>	GENERIC_LAYOUT:instantiation	LAYOUT_KNOWN	66	178	INSIDE_NO_FIELD	CLASS_OBJECT_RELATIVE	PARAMETER	NOT_A_FIELD_ACCESS	[t @ X1 (DG.Tweening.Core.TweenerCore`3<UnityEngine.Color, UnityEngine.Color, DG.Tweening.Plugins.Options.ColorOptions>)+v115 @ X11_v3 (System.Int32)]
past the last field of the base type	DOTween	DG.Tweening.TweenSettingsExtensions	SetEase	T		GenericParameterTypeAnalysisContext	E8	0	0	0	<none>	GENERIC_LAYOUT:open-parameter	OPEN_TYPE_PARAMETER	0	0	-	NOT_APPLICABLE	PARAMETER	SEARCH_EMPTY	[t @ X0 (T)+E8]
past the last field of the base type	DOTween	DG.Tweening.Core.TweenManager	EvaluateTweenLink	System.Object		TypeAnalysisContext	10	0	0	0	<none>	NO_KNOWN_LAYOUT:type-has-no-instance-fields	NO_INSTANCE_FIELDS	0	0	BEYOND_LAYOUT	CLASS_OBJECT_RELATIVE	STACK_SLOT	SEARCH_EMPTY	[v58 @ stack_-28_v3 (System.Object)+10]
past the last field of the base type	DOTween	DG.Tweening.Core.TweenManager	EvaluateTweenLink	System.Object		TypeAnalysisContext	10	0	0	0	<none>	NO_KNOWN_LAYOUT:type-has-no-instance-fields	NO_INSTANCE_FIELDS	0	0	BEYOND_LAYOUT	CLASS_OBJECT_RELATIVE	STACK_SLOT	SEARCH_EMPTY	[v58 @ stack_-28_v3 (System.Object)+10]
past the last field of the base type	DOTween	DG.Tweening.Core.TweenManager	EvaluateTweenLink	System.Object		TypeAnalysisContext	18	0	0	0	<none>	NO_KNOWN_LAYOUT:type-has-no-instance-fields	NO_INSTANCE_FIELDS	0	0	BEYOND_LAYOUT	CLASS_OBJECT_RELATIVE	STACK_SLOT	SEARCH_EMPTY	[v58 @ stack_-28_v3 (System.Object)+18]
past the last field of the base type	DOTween	DG.Tweening.Core.TweenManager	EvaluateTweenLink	System.Object		TypeAnalysisContext	18	0	0	0	<none>	NO_KNOWN_LAYOUT:type-has-no-instance-fields	NO_INSTANCE_FIELDS	0	0	BEYOND_LAYOUT	CLASS_OBJECT_RELATIVE	STACK_SLOT	SEARCH_EMPTY	[v58 @ stack_-28_v3 (System.Object)+18]
past the last field of the base type	DOTween	DG.Tweening.Core.TweenManager	EvaluateTweenLink	System.Object		TypeAnalysisContext	18	0	0	0	<none>	NO_KNOWN_LAYOUT:type-has-no-instance-fields	NO_INSTANCE_FIELDS	0	0	BEYOND_LAYOUT	CLASS_OBJECT_RELATIVE	STACK_SLOT	SEARCH_EMPTY	[v58 @ stack_-28_v3 (System.Object)+18]
value type base	DOTween	DG.Tweening.Core.TweenManager	EvaluateTweenLink	System.Int32	System.ValueType	TypeAnalysisContext	0	0	1	0	Add	MISSING_METADATA:inside-the-layout-between-fields	LAYOUT_KNOWN	1	10	NESTED:m_value	VALUE_RELATIVE	UNKNOWN	NOT_A_FIELD_ACCESS	[v159 @ X10_v4 (System.Int32)+v128 @ X9_v6]
generic instance, value type argument	DOTween	DG.Tweening.Plugins.IntPlugin	SetFrom	DG.Tweening.Core.TweenerCore`3<System.Int32, System.Int32, DG.Tweening.Plugins.Options.NoOptions>		GenericInstanceTypeAnalysisContext	138	0	0	0	<none>	GENERIC_LAYOUT:instantiation	LAYOUT_PARTIAL	60	12C	BEYOND_LAYOUT	CLASS_OBJECT_RELATIVE	PARAMETER	SEARCH_EMPTY	[t @ X1 (DG.Tweening.Core.TweenerCore`3<System.Int32, System.Int32, DG.Tweening.Plugins.Options.NoOptions>)+138]
generic instance, value type argument	DOTween	DG.Tweening.Plugins.IntPlugin	SetFrom	DG.Tweening.Core.TweenerCore`3<System.Int32, System.Int32, DG.Tweening.Plugins.Options.NoOptions>		GenericInstanceTypeAnalysisContext	140	0	0	0	<none>	GENERIC_LAYOUT:instantiation	LAYOUT_PARTIAL	60	12C	BEYOND_LAYOUT	CLASS_OBJECT_RELATIVE	PARAMETER	SEARCH_EMPTY	[t @ X1 (DG.Tweening.Core.TweenerCore`3<System.Int32, System.Int32, DG.Tweening.Plugins.Options.NoOptions>)+140]
base has no type, from Move from [TweenerCore`3<System.Int32, System.Int32, DG.Tweening.Plugins.Options.NoOptions> + 0x140]	DOTween	DG.Tweening.Plugins.IntPlugin	SetFrom	<untyped>			18	0	0	0	Move:memory	GENERIC_LAYOUT:instantiation	NO_BASE_TYPE	0	0	-	NOT_APPLICABLE	LOADED_POINTER	NO_OWNER	[v46 @ X8_v3+18]
base has no type, from Move from [TweenerCore`3<System.Int32, System.Int32, DG.Tweening.Plugins.Options.NoOptions> + 0x140]	DOTween	DG.Tweening.Plugins.IntPlugin	SetFrom	<untyped>			40	0	0	0	Move:memory	GENERIC_LAYOUT:instantiation	NO_BASE_TYPE	0	0	-	NOT_APPLICABLE	LOADED_POINTER	NO_OWNER	[v46 @ X8_v3+40]
base has no type, from Move from [TweenerCore`3<System.Int32, System.Int32, DG.Tweening.Plugins.Options.NoOptions> + 0x140]	DOTween	DG.Tweening.Plugins.IntPlugin	SetFrom	<untyped>			28	0	0	0	Move:memory	GENERIC_LAYOUT:instantiation	NO_BASE_TYPE	0	0	-	NOT_APPLICABLE	LOADED_POINTER	NO_OWNER	[v46 @ X8_v3+28]
generic instance, value type argument	DOTween	DG.Tweening.Plugins.IntPlugin	SetFrom	DG.Tweening.Core.TweenerCore`3<System.Int32, System.Int32, DG.Tweening.Plugins.Options.NoOptions>		GenericInstanceTypeAnalysisContext	138	0	0	0	<none>	GENERIC_LAYOUT:instantiation	LAYOUT_PARTIAL	60	12C	BEYOND_LAYOUT	CLASS_OBJECT_RELATIVE	PARAMETER	SEARCH_EMPTY	[t @ X1 (DG.Tweening.Core.TweenerCore`3<System.Int32, System.Int32, DG.Tweening.Plugins.Options.NoOptions>)+138]
generic instance, value type argument	DOTween	DG.Tweening.Plugins.IntPlugin	SetFrom	DG.Tweening.Core.TweenerCore`3<System.Int32, System.Int32, DG.Tweening.Plugins.Options.NoOptions>		GenericInstanceTypeAnalysisContext	140	0	0	0	<none>	GENERIC_LAYOUT:instantiation	LAYOUT_PARTIAL	60	12C	BEYOND_LAYOUT	CLASS_OBJECT_RELATIVE	PARAMETER	SEARCH_EMPTY	[t @ X1 (DG.Tweening.Core.TweenerCore`3<System.Int32, System.Int32, DG.Tweening.Plugins.Options.NoOptions>)+140]
base has no type, from Move from [TweenerCore`3<System.Int32, System.Int32, DG.Tweening.Plugins.Options.NoOptions> + 0x140]	DOTween	DG.Tweening.Plugins.IntPlugin	SetFrom	<untyped>			18	0	0	0	Move:memory	GENERIC_LAYOUT:instantiation	NO_BASE_TYPE	0	0	-	NOT_APPLICABLE	LOADED_POINTER	NO_OWNER	[v31 @ X8_v3+18]
base has no type, from Move from [TweenerCore`3<System.Int32, System.Int32, DG.Tweening.Plugins.Options.NoOptions> + 0x140]	DOTween	DG.Tweening.Plugins.IntPlugin	SetFrom	<untyped>			40	0	0	0	Move:memory	GENERIC_LAYOUT:instantiation	NO_BASE_TYPE	0	0	-	NOT_APPLICABLE	LOADED_POINTER	NO_OWNER	[v31 @ X8_v3+40]
base has no type, from Move from [TweenerCore`3<System.Int32, System.Int32, DG.Tweening.Plugins.Options.NoOptions> + 0x140]	DOTween	DG.Tweening.Plugins.IntPlugin	SetFrom	<untyped>			28	0	0	0	Move:memory	GENERIC_LAYOUT:instantiation	NO_BASE_TYPE	0	0	-	NOT_APPLICABLE	LOADED_POINTER	NO_OWNER	[v31 @ X8_v3+28]
static field storage at 0x8	DOTween	DG.Tweening.Plugins.Options.PathOptions	Reset	UnityEngine.Vector3	System.ValueType	TypeAnalysisContext	8	8	3	0	Move:memory	RUNTIME_STRUCT:StaticFieldStorageTypeAnalysisContext	LAYOUT_KNOWN	3	18	NESTED:z	VALUE_RELATIVE	STATIC_FIELD	SEARCH_EMPTY	[v37 @ X8_v6 (Il2CppStaticFields<UnityEngine.Vector3>)+8]
static field storage at 0x8	DOTween	DG.Tweening.Plugins.Options.QuaternionOptions	Reset	UnityEngine.Vector3	System.ValueType	TypeAnalysisContext	8	8	3	0	Move:memory	RUNTIME_STRUCT:StaticFieldStorageTypeAnalysisContext	LAYOUT_KNOWN	3	18	NESTED:z	VALUE_RELATIVE	STATIC_FIELD	SEARCH_EMPTY	[v36 @ X9_v1 (Il2CppStaticFields<UnityEngine.Vector3>)+8]
static field storage at 0x8	DOTween	DG.Tweening.Plugins.Options.QuaternionOptions	Reset	UnityEngine.Vector3	System.ValueType	TypeAnalysisContext	8	8	3	0	Move:memory	RUNTIME_STRUCT:StaticFieldStorageTypeAnalysisContext	LAYOUT_KNOWN	3	18	NESTED:z	VALUE_RELATIVE	STATIC_FIELD	SEARCH_EMPTY	[v39 @ X8_v6 (Il2CppStaticFields<UnityEngine.Vector3>)+8]
generic instance, value type argument	DOTween	DG.Tweening.Plugins.Core.SpecialPluginsUtils	SetLookAt	DG.Tweening.Core.TweenerCore`3<UnityEngine.Quaternion, UnityEngine.Vector3, DG.Tweening.Plugins.Options.QuaternionOptions>		GenericInstanceTypeAnalysisContext	134	0	0	0	<none>	GENERIC_LAYOUT:instantiation	LAYOUT_KNOWN	66	190	INSIDE_NO_FIELD	CLASS_OBJECT_RELATIVE	PARAMETER	SEARCH_EMPTY	[t @ X0 (DG.Tweening.Core.TweenerCore`3<UnityEngine.Quaternion, UnityEngine.Vector3, DG.Tweening.Plugins.Options.QuaternionOptions>)+134]
generic instance, value type argument	DOTween	DG.Tweening.Plugins.Core.SpecialPluginsUtils	SetLookAt	DG.Tweening.Core.TweenerCore`3<UnityEngine.Quaternion, UnityEngine.Vector3, DG.Tweening.Plugins.Options.QuaternionOptions>		GenericInstanceTypeAnalysisContext	138	0	0	0	<none>	GENERIC_LAYOUT:instantiation	LAYOUT_KNOWN	66	190	INSIDE_NO_FIELD	CLASS_OBJECT_RELATIVE	PARAMETER	SEARCH_EMPTY	[t @ X0 (DG.Tweening.Core.TweenerCore`3<UnityEngine.Quaternion, UnityEngine.Vector3, DG.Tweening.Plugins.Options.QuaternionOptions>)+138]
generic instance, value type argument	DOTween	DG.Tweening.Plugins.Core.SpecialPluginsUtils	SetLookAt	DG.Tweening.Core.TweenerCore`3<UnityEngine.Quaternion, UnityEngine.Vector3, DG.Tweening.Plugins.Options.QuaternionOptions>		GenericInstanceTypeAnalysisContext	14C	0	0	0	<none>	GENERIC_LAYOUT:instantiation	LAYOUT_KNOWN	66	190	INSIDE_NO_FIELD	CLASS_OBJECT_RELATIVE	PARAMETER	SEARCH_EMPTY	[t @ X0 (DG.Tweening.Core.TweenerCore`3<UnityEngine.Quaternion, UnityEngine.Vector3, DG.Tweening.Plugins.Options.QuaternionOptions>)+14C]
generic instance, value type argument	DOTween	DG.Tweening.Plugins.Core.SpecialPluginsUtils	SetLookAt	DG.Tweening.Core.TweenerCore`3<UnityEngine.Quaternion, UnityEngine.Vector3, DG.Tweening.Plugins.Options.QuaternionOptions>		GenericInstanceTypeAnalysisContext	14C	0	0	0	<none>	GENERIC_LAYOUT:instantiation	LAYOUT_KNOWN	66	190	INSIDE_NO_FIELD	CLASS_OBJECT_RELATIVE	PARAMETER	SEARCH_EMPTY	[t @ X0 (DG.Tweening.Core.TweenerCore`3<UnityEngine.Quaternion, UnityEngine.Vector3, DG.Tweening.Plugins.Options.QuaternionOptions>)+14C]
generic instance, value type argument	DOTween	DG.Tweening.Plugins.Core.SpecialPluginsUtils	SetLookAt	DG.Tweening.Core.TweenerCore`3<UnityEngine.Quaternion, UnityEngine.Vector3, DG.Tweening.Plugins.Options.QuaternionOptions>		GenericInstanceTypeAnalysisContext	14C	0	0	0	<none>	GENERIC_LAYOUT:instantiation	LAYOUT_KNOWN	66	190	INSIDE_NO_FIELD	CLASS_OBJECT_RELATIVE	PARAMETER	SEARCH_EMPTY	[t @ X0 (DG.Tweening.Core.TweenerCore`3<UnityEngine.Quaternion, UnityEngine.Vector3, DG.Tweening.Plugins.Options.QuaternionOptions>)+14C]
generic instance, value type argument	DOTween	DG.Tweening.Plugins.Core.SpecialPluginsUtils	SetLookAt	DG.Tweening.Core.TweenerCore`3<UnityEngine.Quaternion, UnityEngine.Vector3, DG.Tweening.Plugins.Options.QuaternionOptions>		GenericInstanceTypeAnalysisContext	150	0	0	0	<none>	GENERIC_LAYOUT:instantiation	LAYOUT_KNOWN	66	190	INSIDE_NO_FIELD	CLASS_OBJECT_RELATIVE	PARAMETER	SEARCH_EMPTY	[t @ X0 (DG.Tweening.Core.TweenerCore`3<UnityEngine.Quaternion, UnityEngine.Vector3, DG.Tweening.Plugins.Options.QuaternionOptions>)+150]
generic instance, value type argument	DOTween	DG.Tweening.Plugins.Core.SpecialPluginsUtils	SetLookAt	DG.Tweening.Core.TweenerCore`3<UnityEngine.Quaternion, UnityEngine.Vector3, DG.Tweening.Plugins.Options.QuaternionOptions>		GenericInstanceTypeAnalysisContext	154	0	0	0	<none>	GENERIC_LAYOUT:instantiation	LAYOUT_KNOWN	66	190	INSIDE_NO_FIELD	CLASS_OBJECT_RELATIVE	PARAMETER	SEARCH_EMPTY	[t @ X0 (DG.Tweening.Core.TweenerCore`3<UnityEngine.Quaternion, UnityEngine.Vector3, DG.Tweening.Plugins.Options.QuaternionOptions>)+154]
generic instance, value type argument	DOTween	DG.Tweening.Plugins.Core.SpecialPluginsUtils	SetLookAt	DG.Tweening.Core.TweenerCore`3<UnityEngine.Quaternion, UnityEngine.Vector3, DG.Tweening.Plugins.Options.QuaternionOptions>		GenericInstanceTypeAnalysisContext	158	0	0	0	<none>	GENERIC_LAYOUT:instantiation	LAYOUT_KNOWN	66	190	INSIDE_NO_FIELD	CLASS_OBJECT_RELATIVE	PARAMETER	SEARCH_EMPTY	[t @ X0 (DG.Tweening.Core.TweenerCore`3<UnityEngine.Quaternion, UnityEngine.Vector3, DG.Tweening.Plugins.Options.QuaternionOptions>)+158]
Il2CppClass.cctor_finished	DOTween	DG.Tweening.Core.TweenManager	AddActiveTween	Il2CppClass<DG.Tweening.Core.TweenManager>		RuntimeClassTypeAnalysisContext	E0	0	0	0	Move:type TweenManager	RUNTIME_STRUCT:RuntimeClassTypeAnalysisContext	RUNTIME_STRUCT	0	0	-	NOT_APPLICABLE	RUNTIME_STRUCTURE	SEARCH_EMPTY	[v276 @ X0_v18 (Il2CppClass<DG.Tweening.Core.TweenManager>)+E0]
static field storage at 0x7C	DOTween	DG.Tweening.Core.DOTweenComponent	OnDestroy	DG.Tweening.DOTween	System.Object	TypeAnalysisContext	7C	0	0	0	Move:memory	RUNTIME_STRUCT:StaticFieldStorageTypeAnalysisContext	NO_INSTANCE_FIELDS	0	0	BEYOND_LAYOUT	CLASS_OBJECT_RELATIVE	STATIC_FIELD	SEARCH_EMPTY	[v367 @ X9_v17 (Il2CppStaticFields<DG.Tweening.DOTween>)+7C]
static field storage at 0x7C	DOTween	DG.Tweening.Core.DOTweenComponent	OnDestroy	DG.Tweening.DOTween	System.Object	TypeAnalysisContext	7C	0	0	0	Move:memory	RUNTIME_STRUCT:StaticFieldStorageTypeAnalysisContext	NO_INSTANCE_FIELDS	0	0	BEYOND_LAYOUT	CLASS_OBJECT_RELATIVE	STATIC_FIELD	SEARCH_EMPTY	[v367 @ X9_v17 (Il2CppStaticFields<DG.Tweening.DOTween>)+7C]
static field storage at 0x78	DOTween	DG.Tweening.Core.DOTweenComponent	OnDestroy	DG.Tweening.DOTween	System.Object	TypeAnalysisContext	78	0	0	0	Move:memory	RUNTIME_STRUCT:StaticFieldStorageTypeAnalysisContext	NO_INSTANCE_FIELDS	0	0	BEYOND_LAYOUT	CLASS_OBJECT_RELATIVE	STATIC_FIELD	SEARCH_EMPTY	[v426 @ X9_v21 (Il2CppStaticFields<DG.Tweening.DOTween>)+78]
static field storage at 0x78	DOTween	DG.Tweening.Core.DOTweenComponent	OnDestroy	DG.Tweening.DOTween	System.Object	TypeAnalysisContext	78	0	0	0	Move:memory	RUNTIME_STRUCT:StaticFieldStorageTypeAnalysisContext	NO_INSTANCE_FIELDS	0	0	BEYOND_LAYOUT	CLASS_OBJECT_RELATIVE	STATIC_FIELD	SEARCH_EMPTY	[v426 @ X9_v21 (Il2CppStaticFields<DG.Tweening.DOTween>)+78]
static field storage at 0x80	DOTween	DG.Tweening.Core.DOTweenComponent	OnDestroy	DG.Tweening.DOTween	System.Object	TypeAnalysisContext	80	0	0	0	Move:memory	RUNTIME_STRUCT:StaticFieldStorageTypeAnalysisContext	NO_INSTANCE_FIELDS	0	0	BEYOND_LAYOUT	CLASS_OBJECT_RELATIVE	STATIC_FIELD	SEARCH_EMPTY	[v485 @ X9_v25 (Il2CppStaticFields<DG.Tweening.DOTween>)+80]
static field storage at 0x80	DOTween	DG.Tweening.Core.DOTweenComponent	OnDestroy	DG.Tweening.DOTween	System.Object	TypeAnalysisContext	80	0	0	0	Move:memory	RUNTIME_STRUCT:StaticFieldStorageTypeAnalysisContext	NO_INSTANCE_FIELDS	0	0	BEYOND_LAYOUT	CLASS_OBJECT_RELATIVE	STATIC_FIELD	SEARCH_EMPTY	[v485 @ X9_v25 (Il2CppStaticFields<DG.Tweening.DOTween>)+80]
base has no type, from Add of Vector3[] and Int32	DOTween	DG.Tweening.Plugins.Core.SpecialPluginsUtils	SetPunch	<untyped>			20	0	0	0	Add	ARRAY_ELEMENT:array-typed-base	NO_BASE_TYPE	0	0	-	NOT_APPLICABLE	UNKNOWN	NO_OWNER	[v171 @ X11_v8+20]
base has no type, from Add of Vector3[] and Int32	DOTween	DG.Tweening.Plugins.Core.SpecialPluginsUtils	SetPunch	<untyped>			28	0	0	0	Add	ARRAY_ELEMENT:array-typed-base	NO_BASE_TYPE	0	0	-	NOT_APPLICABLE	UNKNOWN	NO_OWNER	[v171 @ X11_v8+28]
Il2CppClass.cctor_finished	DOTween	DG.Tweening.Core.TweenManager	ReorganizeActiveTweens	Il2CppClass<DG.Tweening.Core.TweenManager>		RuntimeClassTypeAnalysisContext	E0	0	0	0	Move:type TweenManager	RUNTIME_STRUCT:RuntimeClassTypeAnalysisContext	RUNTIME_STRUCT	0	0	-	NOT_APPLICABLE	RUNTIME_STRUCTURE	SEARCH_EMPTY	[v177 @ X0_v13 (Il2CppClass<DG.Tweening.Core.TweenManager>)+E0]
Il2CppClass.cctor_finished	DOTween	DG.Tweening.Core.TweenManager	ReorganizeActiveTweens	Il2CppClass<DG.Tweening.Core.TweenManager>		RuntimeClassTypeAnalysisContext	E0	0	0	0	Move:type TweenManager	RUNTIME_STRUCT:RuntimeClassTypeAnalysisContext	RUNTIME_STRUCT	0	0	-	NOT_APPLICABLE	RUNTIME_STRUCTURE	SEARCH_EMPTY	[v177 @ X0_v13 (Il2CppClass<DG.Tweening.Core.TweenManager>)+E0]
Il2CppClass.cctor_finished	DOTween	DG.Tweening.Core.TweenManager	ReorganizeActiveTweens	Il2CppClass<DG.Tweening.Core.TweenManager>		RuntimeClassTypeAnalysisContext	E0	0	0	0	Move:type TweenManager	RUNTIME_STRUCT:RuntimeClassTypeAnalysisContext	RUNTIME_STRUCT	0	0	-	NOT_APPLICABLE	RUNTIME_STRUCTURE	SEARCH_EMPTY	[v47 @ X0_v2 (Il2CppClass<DG.Tweening.Core.TweenManager>)+E0]
base has no type, from Add of the field SubmeshInstruction[] and Int32	spine-unity	Spine.Unity.SkeletonRendererInstruction	SetWithSubset	<untyped>			44	0	0	0	Add	PAST_LAST_FIELD:value-type	NO_BASE_TYPE	0	0	-	NOT_APPLICABLE	UNKNOWN	NO_OWNER	[v609 @ X16_v8+44]
base has no type, from Add of the field SubmeshInstruction[] and Int32	spine-unity	Spine.Unity.SkeletonRendererInstruction	SetWithSubset	<untyped>			4C	0	0	0	Add	PAST_LAST_FIELD:value-type	NO_BASE_TYPE	0	0	-	NOT_APPLICABLE	UNKNOWN	NO_OWNER	[v609 @ X16_v8+4C]
base has no type, from Add of the field SubmeshInstruction[] and Int32	spine-unity	Spine.Unity.SkeletonRendererInstruction	SetWithSubset	<untyped>			40	0	0	0	Add	PAST_LAST_FIELD:value-type	NO_BASE_TYPE	0	0	-	NOT_APPLICABLE	UNKNOWN	NO_OWNER	[v609 @ X16_v8+40]
base has no type, from Add of the field SubmeshInstruction[] and Int32	spine-unity	Spine.Unity.SkeletonRendererInstruction	SetWithSubset	<untyped>			30	0	0	0	Add	PAST_LAST_FIELD:value-type	NO_BASE_TYPE	0	0	-	NOT_APPLICABLE	UNKNOWN	NO_OWNER	[v609 @ X16_v8+30]
base has no type, from Add of the field SubmeshInstruction[] and Int32	spine-unity	Spine.Unity.SkeletonRendererInstruction	SetWithSubset	<untyped>			20	0	0	0	Add	PAST_LAST_FIELD:value-type	NO_BASE_TYPE	0	0	-	NOT_APPLICABLE	UNKNOWN	NO_OWNER	[v609 @ X16_v8+20]
base has no type, from Add of the field SubmeshInstruction[] and Int32	spine-unity	Spine.Unity.SkeletonRendererInstruction	SetWithSubset	<untyped>			4C	0	0	0	Add	PAST_LAST_FIELD:value-type	NO_BASE_TYPE	0	0	-	NOT_APPLICABLE	UNKNOWN	NO_OWNER	[v609 @ X16_v8+4C]
base has no type, from Add of the field SubmeshInstruction[] and Int32	spine-unity	Spine.Unity.SkeletonRendererInstruction	SetWithSubset	<untyped>			4F	0	0	0	Add	PAST_LAST_FIELD:value-type	NO_BASE_TYPE	0	0	-	NOT_APPLICABLE	UNKNOWN	NO_OWNER	[v609 @ X16_v8+4F]
base has no type, from Add of the field SubmeshInstruction[] and Int32	spine-unity	Spine.Unity.SkeletonRendererInstruction	SetWithSubset	<untyped>			4D	0	0	0	Add	PAST_LAST_FIELD:value-type	NO_BASE_TYPE	0	0	-	NOT_APPLICABLE	UNKNOWN	NO_OWNER	[v609 @ X16_v8+4D]
base has no type, from Add of the field SubmeshInstruction[] and Int32	spine-unity	Spine.Unity.SkeletonRendererInstruction	SetWithSubset	<untyped>			44	0	0	0	Add	PAST_LAST_FIELD:value-type	NO_BASE_TYPE	0	0	-	NOT_APPLICABLE	UNKNOWN	NO_OWNER	[v609 @ X16_v8+44]
base has no type, from Add of the field SubmeshInstruction[] and Int32	spine-unity	Spine.Unity.SkeletonRendererInstruction	SetWithSubset	<untyped>			2C	0	0	0	Add	PAST_LAST_FIELD:value-type	NO_BASE_TYPE	0	0	-	NOT_APPLICABLE	UNKNOWN	NO_OWNER	[v276 @ X8_v12+2C]
base has no type, from Add of the field SubmeshInstruction[] and Int32	spine-unity	Spine.Unity.SkeletonRendererInstruction	SetWithSubset	<untyped>			28	0	0	0	Add	PAST_LAST_FIELD:value-type	NO_BASE_TYPE	0	0	-	NOT_APPLICABLE	UNKNOWN	NO_OWNER	[v163 @ X10_v7+28]
array at 0x20, from Move from the field SubmeshInstruction[]	spine-unity	Spine.Unity.SkeletonRendererInstruction	SetWithSubset	Spine.Unity.SubmeshInstruction[]		SzArrayTypeAnalysisContext	20	0	0	0	Move:field SubmeshInstruction[]	ARRAY_ELEMENT:array-typed-base	NO_INSTANCE_FIELDS	0	0	BEYOND_LAYOUT	CLASS_OBJECT_RELATIVE	INSTANCE_FIELD	SEARCH_EMPTY	[v263 @ X22_v6 (Spine.Unity.SubmeshInstruction[])+20]
base has no type, from Add of Vector3[] and Int32	DOTween	DG.Tweening.Plugins.Core.SpecialPluginsUtils	SetCameraShakePosition	<untyped>			20	0	0	0	Add	ARRAY_ELEMENT:array-typed-base	NO_BASE_TYPE	0	0	-	NOT_APPLICABLE	UNKNOWN	NO_OWNER	[v151 @ X25_v7+20]
base has no type, from Add of Vector3[] and Int32	DOTween	DG.Tweening.Plugins.Core.SpecialPluginsUtils	SetCameraShakePosition	<untyped>			24	0	0	0	Add	ARRAY_ELEMENT:array-typed-base	NO_BASE_TYPE	0	0	-	NOT_APPLICABLE	UNKNOWN	NO_OWNER	[v151 @ X25_v7+24]
base has no type, from Add of Vector3[] and Int32	DOTween	DG.Tweening.Plugins.Core.SpecialPluginsUtils	SetCameraShakePosition	<untyped>			28	0	0	0	Add	ARRAY_ELEMENT:array-typed-base	NO_BASE_TYPE	0	0	-	NOT_APPLICABLE	UNKNOWN	NO_OWNER	[v151 @ X25_v7+28]
generic instance, value type argument	DOTween	DG.Tweening.Plugins.QuaternionPlugin	SetFrom	DG.Tweening.Core.TweenerCore`3<UnityEngine.Quaternion, UnityEngine.Vector3, DG.Tweening.Plugins.Options.QuaternionOptions>		GenericInstanceTypeAnalysisContext	138	0	0	0	<none>	GENERIC_LAYOUT:instantiation	LAYOUT_KNOWN	66	190	INSIDE_NO_FIELD	CLASS_OBJECT_RELATIVE	ENTRY_VALUE	SEARCH_EMPTY	[v311 @ X1_v5 (DG.Tweening.Core.TweenerCore`3<UnityEngine.Quaternion, UnityEngine.Vector3, DG.Tweening.Plugins.Options.QuaternionOptions>)+138]
generic instance, value type argument	DOTween	DG.Tweening.Plugins.QuaternionPlugin	SetFrom	DG.Tweening.Core.TweenerCore`3<UnityEngine.Quaternion, UnityEngine.Vector3, DG.Tweening.Plugins.Options.QuaternionOptions>		GenericInstanceTypeAnalysisContext	138	0	0	0	<none>	GENERIC_LAYOUT:instantiation	LAYOUT_KNOWN	66	190	INSIDE_NO_FIELD	CLASS_OBJECT_RELATIVE	ENTRY_VALUE	SEARCH_EMPTY	[v311 @ X1_v5 (DG.Tweening.Core.TweenerCore`3<UnityEngine.Quaternion, UnityEngine.Vector3, DG.Tweening.Plugins.Options.QuaternionOptions>)+138]
generic instance, value type argument	DOTween	DG.Tweening.Plugins.QuaternionPlugin	SetFrom	DG.Tweening.Core.TweenerCore`3<UnityEngine.Quaternion, UnityEngine.Vector3, DG.Tweening.Plugins.Options.QuaternionOptions>		GenericInstanceTypeAnalysisContext	138	0	0	0	<none>	GENERIC_LAYOUT:instantiation	LAYOUT_KNOWN	66	190	INSIDE_NO_FIELD	CLASS_OBJECT_RELATIVE	ENTRY_VALUE	SEARCH_EMPTY	[v311 @ X1_v5 (DG.Tweening.Core.TweenerCore`3<UnityEngine.Quaternion, UnityEngine.Vector3, DG.Tweening.Plugins.Options.QuaternionOptions>)+138]
generic instance, value type argument	DOTween	DG.Tweening.Plugins.QuaternionPlugin	SetFrom	DG.Tweening.Core.TweenerCore`3<UnityEngine.Quaternion, UnityEngine.Vector3, DG.Tweening.Plugins.Options.QuaternionOptions>		GenericInstanceTypeAnalysisContext	138	0	0	0	<none>	GENERIC_LAYOUT:instantiation	LAYOUT_KNOWN	66	190	INSIDE_NO_FIELD	CLASS_OBJECT_RELATIVE	ENTRY_VALUE	SEARCH_EMPTY	[v311 @ X1_v5 (DG.Tweening.Core.TweenerCore`3<UnityEngine.Quaternion, UnityEngine.Vector3, DG.Tweening.Plugins.Options.QuaternionOptions>)+138]
generic instance, value type argument	DOTween	DG.Tweening.Plugins.QuaternionPlugin	SetFrom	DG.Tweening.Core.TweenerCore`3<UnityEngine.Quaternion, UnityEngine.Vector3, DG.Tweening.Plugins.Options.QuaternionOptions>		GenericInstanceTypeAnalysisContext	138	0	0	0	<none>	GENERIC_LAYOUT:instantiation	LAYOUT_KNOWN	66	190	INSIDE_NO_FIELD	CLASS_OBJECT_RELATIVE	ENTRY_VALUE	SEARCH_EMPTY	[v311 @ X1_v5 (DG.Tweening.Core.TweenerCore`3<UnityEngine.Quaternion, UnityEngine.Vector3, DG.Tweening.Plugins.Options.QuaternionOptions>)+138]
value type base	spine-unity	Spine.Unity.SkeletonRendererInstruction	SetWithSubset	System.Int32	System.ValueType	TypeAnalysisContext	10	0	1	0	Move:field Int32	RESOLVABLE:field-at-this-exact-offset	LAYOUT_KNOWN	1	10	EXACT:m_value	OBJECT_RELATIVE	INSTANCE_FIELD	SEARCH_EMPTY	[v155 @ X9_v11 (System.Int32)+10]
base has no type, from Add of [Int32 + 0x10] and Int32	spine-unity	Spine.Unity.SkeletonRendererInstruction	SetWithSubset	<untyped>			20	0	0	0	Add	PAST_LAST_FIELD:value-type	NO_BASE_TYPE	0	0	-	NOT_APPLICABLE	UNKNOWN	NO_OWNER	[v665 @ X8_v20+20]
base has no type, from Move from an untyped base	spine-unity	Spine.Unity.SkeletonRendererInstruction	SetWithSubset	<untyped>			18	0	0	0	Move:memory	PAST_LAST_FIELD:value-type	NO_BASE_TYPE	0	0	-	NOT_APPLICABLE	LOADED_POINTER	NO_OWNER	[v278 @ X8_v21+18]
base has no type, from Move from an untyped base	spine-unity	Spine.Unity.SkeletonRendererInstruction	SetWithSubset	<untyped>			85	0	0	0	Move:memory	PAST_LAST_FIELD:value-type	NO_BASE_TYPE	0	0	-	NOT_APPLICABLE	LOADED_POINTER	NO_OWNER	[v157 @ X9_v16+85]
base has no type, from Move from an untyped base	spine-unity	Spine.Unity.SkeletonRendererInstruction	SetWithSubset	<untyped>			40	0	0	0	Move:memory	PAST_LAST_FIELD:value-type	NO_BASE_TYPE	0	0	-	NOT_APPLICABLE	LOADED_POINTER	NO_OWNER	[v278 @ X8_v21+40]
base has no type, from Move from an untyped base	spine-unity	Spine.Unity.SkeletonRendererInstruction	SetWithSubset	<untyped>			40	0	0	0	Move:memory	PAST_LAST_FIELD:value-type	NO_BASE_TYPE	0	0	-	NOT_APPLICABLE	LOADED_POINTER	NO_OWNER	[v278 @ X8_v21+40]
base has no type, from Move from an untyped base	spine-unity	Spine.Unity.SkeletonRendererInstruction	SetWithSubset	<untyped>			40	0	0	0	Move:memory	PAST_LAST_FIELD:value-type	NO_BASE_TYPE	0	0	-	NOT_APPLICABLE	LOADED_POINTER	NO_OWNER	[v278 @ X8_v21+40]
base has no type, from no definition	spine-unity	Spine.Unity.SkeletonRendererInstruction	SetWithSubset	<untyped>			28	0	0	0	<none>	TYPE_PROPAGATION:entry-value	NO_BASE_TYPE	0	0	-	NOT_APPLICABLE	ENTRY_VALUE	NO_OWNER	[v19 @ SYSREG+28]
base has no type, from no definition	spine-unity	Spine.Unity.SkeletonRendererInstruction	SetWithSubset	<untyped>			28	0	0	0	<none>	TYPE_PROPAGATION:entry-value	NO_BASE_TYPE	0	0	-	NOT_APPLICABLE	ENTRY_VALUE	NO_OWNER	[v19 @ SYSREG+28]
base has no type, from Add of the field SubmeshInstruction[] and Int32	spine-unity	Spine.Unity.SkeletonRendererInstruction	SetWithSubset	<untyped>			28	0	0	0	Add	PAST_LAST_FIELD:value-type	NO_BASE_TYPE	0	0	-	NOT_APPLICABLE	UNKNOWN	NO_OWNER	[v163 @ X10_v7+28]
Il2CppClass.cctor_finished	DOTween	DG.Tweening.Core.TweenManager	RemoveActiveTween	Il2CppClass<DG.Tweening.Core.TweenManager>		RuntimeClassTypeAnalysisContext	E0	0	0	0	Move:type TweenManager	RUNTIME_STRUCT:RuntimeClassTypeAnalysisContext	RUNTIME_STRUCT	0	0	-	NOT_APPLICABLE	RUNTIME_STRUCTURE	SEARCH_EMPTY	[v503 @ X0_v15 (Il2CppClass<DG.Tweening.Core.TweenManager>)+E0]
generic instance, value type argument	DOTween	DG.Tweening.Plugins.QuaternionPlugin	SetFrom	DG.Tweening.Core.TweenerCore`3<UnityEngine.Quaternion, UnityEngine.Vector3, DG.Tweening.Plugins.Options.QuaternionOptions>		GenericInstanceTypeAnalysisContext	138	0	0	0	<none>	GENERIC_LAYOUT:instantiation	LAYOUT_KNOWN	66	190	INSIDE_NO_FIELD	CLASS_OBJECT_RELATIVE	PARAMETER	SEARCH_EMPTY	[t @ X1 (DG.Tweening.Core.TweenerCore`3<UnityEngine.Quaternion, UnityEngine.Vector3, DG.Tweening.Plugins.Options.QuaternionOptions>)+138]
generic instance, value type argument	DOTween	DG.Tweening.Plugins.QuaternionPlugin	SetFrom	DG.Tweening.Core.TweenerCore`3<UnityEngine.Quaternion, UnityEngine.Vector3, DG.Tweening.Plugins.Options.QuaternionOptions>		GenericInstanceTypeAnalysisContext	134	0	0	0	<none>	GENERIC_LAYOUT:instantiation	LAYOUT_KNOWN	66	190	INSIDE_NO_FIELD	CLASS_OBJECT_RELATIVE	PARAMETER	SEARCH_EMPTY	[t @ X1 (DG.Tweening.Core.TweenerCore`3<UnityEngine.Quaternion, UnityEngine.Vector3, DG.Tweening.Plugins.Options.QuaternionOptions>)+134]
generic instance, value type argument	DOTween	DG.Tweening.Plugins.QuaternionPlugin	SetFrom	DG.Tweening.Core.TweenerCore`3<UnityEngine.Quaternion, UnityEngine.Vector3, DG.Tweening.Plugins.Options.QuaternionOptions>		GenericInstanceTypeAnalysisContext	138	0	0	0	<none>	GENERIC_LAYOUT:instantiation	LAYOUT_KNOWN	66	190	INSIDE_NO_FIELD	CLASS_OBJECT_RELATIVE	PARAMETER	SEARCH_EMPTY	[t @ X1 (DG.Tweening.Core.TweenerCore`3<UnityEngine.Quaternion, UnityEngine.Vector3, DG.Tweening.Plugins.Options.QuaternionOptions>)+138]
Il2CppClass.cctor_finished	DOTween	DG.Tweening.Core.TweenManager	GetTweener	Il2CppClass<DG.Tweening.Core.TweenManager>		RuntimeClassTypeAnalysisContext	E0	0	0	0	Move:type TweenManager	RUNTIME_STRUCT:RuntimeClassTypeAnalysisContext	RUNTIME_STRUCT	0	0	-	NOT_APPLICABLE	RUNTIME_STRUCTURE	SEARCH_EMPTY	[v694 @ X0_v71 (Il2CppClass<DG.Tweening.Core.TweenManager>)+E0]
Il2CppClass.cctor_finished	DOTween	DG.Tweening.Core.TweenManager	GetTweener	Il2CppClass<DG.Tweening.Core.TweenManager>		RuntimeClassTypeAnalysisContext	E0	0	0	0	Move:type TweenManager	RUNTIME_STRUCT:RuntimeClassTypeAnalysisContext	RUNTIME_STRUCT	0	0	-	NOT_APPLICABLE	RUNTIME_STRUCTURE	SEARCH_EMPTY	[v806 @ X0_v82 (Il2CppClass<DG.Tweening.Core.TweenManager>)+E0]
Il2CppClass.cctor_finished	DOTween	DG.Tweening.Core.TweenManager	GetTweener	Il2CppClass<DG.Tweening.Core.TweenManager>		RuntimeClassTypeAnalysisContext	E0	0	0	0	Move:type TweenManager	RUNTIME_STRUCT:RuntimeClassTypeAnalysisContext	RUNTIME_STRUCT	0	0	-	NOT_APPLICABLE	RUNTIME_STRUCTURE	SEARCH_EMPTY	[v806 @ X0_v82 (Il2CppClass<DG.Tweening.Core.TweenManager>)+E0]
generic instance, value type argument	DOTween	DG.Tweening.Plugins.QuaternionPlugin	ConvertToStartValue	DG.Tweening.Core.TweenerCore`3<UnityEngine.Quaternion, UnityEngine.Vector3, DG.Tweening.Plugins.Options.QuaternionOptions>		GenericInstanceTypeAnalysisContext	4	0	0	0	<none>	GENERIC_LAYOUT:instantiation	LAYOUT_KNOWN	66	190	INSIDE_NO_FIELD	CLASS_OBJECT_RELATIVE	PARAMETER	SEARCH_EMPTY	[value @ V0 (DG.Tweening.Core.TweenerCore`3<UnityEngine.Quaternion, UnityEngine.Vector3, DG.Tweening.Plugins.Options.QuaternionOptions>)+4]
generic instance, value type argument	DOTween	DG.Tweening.Plugins.QuaternionPlugin	ConvertToStartValue	DG.Tweening.Core.TweenerCore`3<UnityEngine.Quaternion, UnityEngine.Vector3, DG.Tweening.Plugins.Options.QuaternionOptions>		GenericInstanceTypeAnalysisContext	8	0	0	0	<none>	GENERIC_LAYOUT:instantiation	LAYOUT_KNOWN	66	190	INSIDE_NO_FIELD	CLASS_OBJECT_RELATIVE	PARAMETER	SEARCH_EMPTY	[value @ V0 (DG.Tweening.Core.TweenerCore`3<UnityEngine.Quaternion, UnityEngine.Vector3, DG.Tweening.Plugins.Options.QuaternionOptions>)+8]
generic instance, value type argument	DOTween	DG.Tweening.Plugins.QuaternionPlugin	ConvertToStartValue	DG.Tweening.Core.TweenerCore`3<UnityEngine.Quaternion, UnityEngine.Vector3, DG.Tweening.Plugins.Options.QuaternionOptions>		GenericInstanceTypeAnalysisContext	C	0	0	0	<none>	GENERIC_LAYOUT:instantiation	LAYOUT_KNOWN	66	190	INSIDE_NO_FIELD	CLASS_OBJECT_RELATIVE	PARAMETER	SEARCH_EMPTY	[value @ V0 (DG.Tweening.Core.TweenerCore`3<UnityEngine.Quaternion, UnityEngine.Vector3, DG.Tweening.Plugins.Options.QuaternionOptions>)+C]
base has no type, from Add of the field SubmeshInstruction[] and Int32	spine-unity	Spine.Unity.SkeletonRendererInstruction	GeometryNotEqual	<untyped>			44	0	0	0	Add	PAST_LAST_FIELD:value-type	NO_BASE_TYPE	0	0	-	NOT_APPLICABLE	UNKNOWN	NO_OWNER	[v174 @ X14_v9+44]
base has no type, from Add of the field SubmeshInstruction[] and Int32	spine-unity	Spine.Unity.SkeletonRendererInstruction	GeometryNotEqual	<untyped>			44	0	0	0	Add	PAST_LAST_FIELD:value-type	NO_BASE_TYPE	0	0	-	NOT_APPLICABLE	UNKNOWN	NO_OWNER	[v439 @ X15_v7+44]
base has no type, from Add of the field SubmeshInstruction[] and Int32	spine-unity	Spine.Unity.SkeletonRendererInstruction	GeometryNotEqual	<untyped>			48	0	0	0	Add	PAST_LAST_FIELD:value-type	NO_BASE_TYPE	0	0	-	NOT_APPLICABLE	UNKNOWN	NO_OWNER	[v174 @ X14_v9+48]
base has no type, from Add of the field SubmeshInstruction[] and Int32	spine-unity	Spine.Unity.SkeletonRendererInstruction	GeometryNotEqual	<untyped>			48	0	0	0	Add	PAST_LAST_FIELD:value-type	NO_BASE_TYPE	0	0	-	NOT_APPLICABLE	UNKNOWN	NO_OWNER	[v292 @ X15_v9+48]
base has no type, from Add of the field SubmeshInstruction[] and Int32	spine-unity	Spine.Unity.SkeletonRendererInstruction	GeometryNotEqual	<untyped>			40	0	0	0	Add	PAST_LAST_FIELD:value-type	NO_BASE_TYPE	0	0	-	NOT_APPLICABLE	UNKNOWN	NO_OWNER	[v174 @ X14_v9+40]
base has no type, from Add of the field SubmeshInstruction[] and Int32	spine-unity	Spine.Unity.SkeletonRendererInstruction	GeometryNotEqual	<untyped>			40	0	0	0	Add	PAST_LAST_FIELD:value-type	NO_BASE_TYPE	0	0	-	NOT_APPLICABLE	UNKNOWN	NO_OWNER	[v292 @ X15_v9+40]
base has no type, from Add of the field SubmeshInstruction[] and Int32	spine-unity	Spine.Unity.SkeletonRendererInstruction	GeometryNotEqual	<untyped>			2C	0	0	0	Add	PAST_LAST_FIELD:value-type	NO_BASE_TYPE	0	0	-	NOT_APPLICABLE	UNKNOWN	NO_OWNER	[v174 @ X14_v9+2C]
base has no type, from Add of the field SubmeshInstruction[] and Int32	spine-unity	Spine.Unity.SkeletonRendererInstruction	GeometryNotEqual	<untyped>			2C	0	0	0	Add	PAST_LAST_FIELD:value-type	NO_BASE_TYPE	0	0	-	NOT_APPLICABLE	UNKNOWN	NO_OWNER	[v292 @ X15_v9+2C]
base has no type, from Add of the field SubmeshInstruction[] and Int32	spine-unity	Spine.Unity.SkeletonRendererInstruction	GeometryNotEqual	<untyped>			28	0	0	0	Add	PAST_LAST_FIELD:value-type	NO_BASE_TYPE	0	0	-	NOT_APPLICABLE	UNKNOWN	NO_OWNER	[v174 @ X14_v9+28]
base has no type, from Add of the field SubmeshInstruction[] and Int32	spine-unity	Spine.Unity.SkeletonRendererInstruction	GeometryNotEqual	<untyped>			28	0	0	0	Add	PAST_LAST_FIELD:value-type	NO_BASE_TYPE	0	0	-	NOT_APPLICABLE	UNKNOWN	NO_OWNER	[v292 @ X15_v9+28]
Il2CppClass.cctor_finished	DOTween	DG.Tweening.Core.TweenManager	GetSequence	Il2CppClass<DG.Tweening.Core.TweenManager>		RuntimeClassTypeAnalysisContext	E0	0	0	0	Move:type TweenManager	RUNTIME_STRUCT:RuntimeClassTypeAnalysisContext	RUNTIME_STRUCT	0	0	-	NOT_APPLICABLE	RUNTIME_STRUCTURE	SEARCH_EMPTY	[v42 @ X0_v2 (Il2CppClass<DG.Tweening.Core.TweenManager>)+E0]
generic instance, value type argument	DOTween	DG.Tweening.Plugins.QuaternionPlugin	SetRelativeEndValue	DG.Tweening.Core.TweenerCore`3<UnityEngine.Quaternion, UnityEngine.Vector3, DG.Tweening.Plugins.Options.QuaternionOptions>		GenericInstanceTypeAnalysisContext	138	0	0	0	<none>	GENERIC_LAYOUT:instantiation	LAYOUT_KNOWN	66	190	INSIDE_NO_FIELD	CLASS_OBJECT_RELATIVE	PARAMETER	SEARCH_EMPTY	[t @ X1 (DG.Tweening.Core.TweenerCore`3<UnityEngine.Quaternion, UnityEngine.Vector3, DG.Tweening.Plugins.Options.QuaternionOptions>)+138]
generic instance, value type argument	DOTween	DG.Tweening.Plugins.QuaternionPlugin	SetRelativeEndValue	DG.Tweening.Core.TweenerCore`3<UnityEngine.Quaternion, UnityEngine.Vector3, DG.Tweening.Plugins.Options.QuaternionOptions>		GenericInstanceTypeAnalysisContext	12C	0	0	0	<none>	GENERIC_LAYOUT:instantiation	LAYOUT_KNOWN	66	190	INSIDE_NO_FIELD	CLASS_OBJECT_RELATIVE	PARAMETER	SEARCH_EMPTY	[t @ X1 (DG.Tweening.Core.TweenerCore`3<UnityEngine.Quaternion, UnityEngine.Vector3, DG.Tweening.Plugins.Options.QuaternionOptions>)+12C]
static field storage at 0x2C	DOTween	DG.Tweening.Core.DOTweenUtils	Angle2D	UnityEngine.Vector2	System.ValueType	TypeAnalysisContext	2C	4	2	0	Move:memory	RUNTIME_STRUCT:StaticFieldStorageTypeAnalysisContext	LAYOUT_KNOWN	2	14	BEYOND_LAYOUT	NEITHER	STATIC_FIELD	SEARCH_EMPTY	[v53 @ X8_v6 (Il2CppStaticFields<UnityEngine.Vector2>)+2C]
static field storage at 0x2C	DOTween	DG.Tweening.Core.DOTweenUtils	Angle2D	UnityEngine.Vector2	System.ValueType	TypeAnalysisContext	2C	4	2	0	Move:memory	RUNTIME_STRUCT:StaticFieldStorageTypeAnalysisContext	LAYOUT_KNOWN	2	14	BEYOND_LAYOUT	NEITHER	STATIC_FIELD	SEARCH_EMPTY	[v53 @ X8_v6 (Il2CppStaticFields<UnityEngine.Vector2>)+2C]
static field storage at 0x2C	DOTween	DG.Tweening.Core.DOTweenUtils	Angle2D	UnityEngine.Vector2	System.ValueType	TypeAnalysisContext	2C	4	2	0	Move:memory	RUNTIME_STRUCT:StaticFieldStorageTypeAnalysisContext	LAYOUT_KNOWN	2	14	BEYOND_LAYOUT	NEITHER	STATIC_FIELD	SEARCH_EMPTY	[v53 @ X8_v6 (Il2CppStaticFields<UnityEngine.Vector2>)+2C]
static field storage at 0x2C	DOTween	DG.Tweening.Core.DOTweenUtils	Angle2D	UnityEngine.Vector2	System.ValueType	TypeAnalysisContext	2C	4	2	0	Move:memory	RUNTIME_STRUCT:StaticFieldStorageTypeAnalysisContext	LAYOUT_KNOWN	2	14	BEYOND_LAYOUT	NEITHER	STATIC_FIELD	SEARCH_EMPTY	[v53 @ X8_v6 (Il2CppStaticFields<UnityEngine.Vector2>)+2C]
past the last field of the base type	DOTween	DG.Tweening.Core.TweenManager	Despawn	DG.Tweening.Tween	DG.Tweening.Core.ABSSequentiable	TypeAnalysisContext	120	11C	55	0	<none>	PAST_LAST_FIELD:class	LAYOUT_KNOWN	55	11C	BEYOND_LAYOUT	CLASS_OBJECT_RELATIVE	PARAMETER	SEARCH_EMPTY	[t @ X0 (DG.Tweening.Tween)+120]
base has no type, from Move from [Tween + 0x120]	DOTween	DG.Tweening.Core.TweenManager	Despawn	<untyped>			18	0	0	0	Move:memory	RESOLVABLE:field-at-this-exact-offset	NO_BASE_TYPE	0	0	-	NOT_APPLICABLE	UNKNOWN	NO_OWNER	[v694 @ X0_v81+18]
base has no type, from Move from [Tween + 0x120]	DOTween	DG.Tweening.Core.TweenManager	Despawn	<untyped>			18	0	0	0	Move:memory	RESOLVABLE:field-at-this-exact-offset	NO_BASE_TYPE	0	0	-	NOT_APPLICABLE	UNKNOWN	NO_OWNER	[v694 @ X0_v81+18]
past the last field of the base type	DOTween	DG.Tweening.Core.TweenManager	Despawn	DG.Tweening.Tween	DG.Tweening.Core.ABSSequentiable	TypeAnalysisContext	120	11C	55	0	<none>	PAST_LAST_FIELD:class	LAYOUT_KNOWN	55	11C	BEYOND_LAYOUT	CLASS_OBJECT_RELATIVE	PARAMETER	SEARCH_EMPTY	[t @ X0 (DG.Tweening.Tween)+120]
past the last field of the base type	DOTween	DG.Tweening.Core.TweenManager	Despawn	DG.Tweening.Tween	DG.Tweening.Core.ABSSequentiable	TypeAnalysisContext	120	11C	55	0	<none>	PAST_LAST_FIELD:class	LAYOUT_KNOWN	55	11C	BEYOND_LAYOUT	CLASS_OBJECT_RELATIVE	PARAMETER	SEARCH_EMPTY	[t @ X0 (DG.Tweening.Tween)+120]
past the last field of the base type	DOTween	DG.Tweening.Core.TweenManager	Despawn	DG.Tweening.Tween	DG.Tweening.Core.ABSSequentiable	TypeAnalysisContext	120	11C	55	0	<none>	PAST_LAST_FIELD:class	LAYOUT_KNOWN	55	11C	BEYOND_LAYOUT	CLASS_OBJECT_RELATIVE	PARAMETER	SEARCH_EMPTY	[t @ X0 (DG.Tweening.Tween)+120]
base has no type, from Move from [Tween + 0x120]	DOTween	DG.Tweening.Core.TweenManager	Despawn	<untyped>			18	0	0	0	Move:memory	RESOLVABLE:field-at-this-exact-offset	NO_BASE_TYPE	0	0	-	NOT_APPLICABLE	UNKNOWN	NO_OWNER	[v653 @ X0_v68+18]
base has no type, from Move from [Tween + 0x120]	DOTween	DG.Tweening.Core.TweenManager	Despawn	<untyped>			18	0	0	0	Move:memory	RESOLVABLE:field-at-this-exact-offset	NO_BASE_TYPE	0	0	-	NOT_APPLICABLE	UNKNOWN	NO_OWNER	[v653 @ X0_v68+18]
past the last field of the base type	DOTween	DG.Tweening.Core.TweenManager	Despawn	DG.Tweening.Tween	DG.Tweening.Core.ABSSequentiable	TypeAnalysisContext	120	11C	55	0	<none>	PAST_LAST_FIELD:class	LAYOUT_KNOWN	55	11C	BEYOND_LAYOUT	CLASS_OBJECT_RELATIVE	PARAMETER	SEARCH_EMPTY	[t @ X0 (DG.Tweening.Tween)+120]
past the last field of the base type	DOTween	DG.Tweening.Core.TweenManager	Despawn	DG.Tweening.Tween	DG.Tweening.Core.ABSSequentiable	TypeAnalysisContext	120	11C	55	0	<none>	PAST_LAST_FIELD:class	LAYOUT_KNOWN	55	11C	BEYOND_LAYOUT	CLASS_OBJECT_RELATIVE	PARAMETER	SEARCH_EMPTY	[t @ X0 (DG.Tweening.Tween)+120]
Il2CppClass.cctor_finished	DOTween	DG.Tweening.Core.TweenManager	Despawn	Il2CppClass<DG.Tweening.Core.TweenManager>		RuntimeClassTypeAnalysisContext	E0	0	0	0	Move:type TweenManager	RUNTIME_STRUCT:RuntimeClassTypeAnalysisContext	RUNTIME_STRUCT	0	0	-	NOT_APPLICABLE	RUNTIME_STRUCTURE	SEARCH_EMPTY	[v197 @ X0_v23 (Il2CppClass<DG.Tweening.Core.TweenManager>)+E0]
Il2CppClass.0x178	DOTween	DG.Tweening.Core.TweenManager	Despawn	Il2CppClass<DG.Tweening.Tween>		RuntimeClassTypeAnalysisContext	178	0	0	0	Move:memory	RUNTIME_STRUCT:RuntimeClassTypeAnalysisContext	RUNTIME_STRUCT	0	0	-	NOT_APPLICABLE	RUNTIME_STRUCTURE	SEARCH_EMPTY	[v402 @ X8_v4 (Il2CppClass<DG.Tweening.Tween>)+178]
Il2CppClass.0x180	DOTween	DG.Tweening.Core.TweenManager	Despawn	Il2CppClass<DG.Tweening.Tween>		RuntimeClassTypeAnalysisContext	180	0	0	0	Move:memory	RUNTIME_STRUCT:RuntimeClassTypeAnalysisContext	RUNTIME_STRUCT	0	0	-	NOT_APPLICABLE	RUNTIME_STRUCTURE	SEARCH_EMPTY	[v402 @ X8_v4 (Il2CppClass<DG.Tweening.Tween>)+180]
generic instance, value type argument	DOTween	DG.Tweening.Plugins.QuaternionPlugin	SetChangeValue	DG.Tweening.Core.TweenerCore`3<UnityEngine.Quaternion, UnityEngine.Vector3, DG.Tweening.Plugins.Options.QuaternionOptions>		GenericInstanceTypeAnalysisContext	134	0	0	0	<none>	GENERIC_LAYOUT:instantiation	LAYOUT_KNOWN	66	190	INSIDE_NO_FIELD	CLASS_OBJECT_RELATIVE	ENTRY_VALUE	SEARCH_EMPTY	[v62 @ X1_v1 (DG.Tweening.Core.TweenerCore`3<UnityEngine.Quaternion, UnityEngine.Vector3, DG.Tweening.Plugins.Options.QuaternionOptions>)+134]
generic instance, value type argument	DOTween	DG.Tweening.Plugins.QuaternionPlugin	SetChangeValue	DG.Tweening.Core.TweenerCore`3<UnityEngine.Quaternion, UnityEngine.Vector3, DG.Tweening.Plugins.Options.QuaternionOptions>		GenericInstanceTypeAnalysisContext	138	0	0	0	<none>	GENERIC_LAYOUT:instantiation	LAYOUT_KNOWN	66	190	INSIDE_NO_FIELD	CLASS_OBJECT_RELATIVE	ENTRY_VALUE	SEARCH_EMPTY	[v62 @ X1_v1 (DG.Tweening.Core.TweenerCore`3<UnityEngine.Quaternion, UnityEngine.Vector3, DG.Tweening.Plugins.Options.QuaternionOptions>)+138]
generic instance, value type argument	DOTween	DG.Tweening.Plugins.QuaternionPlugin	SetChangeValue	DG.Tweening.Core.TweenerCore`3<UnityEngine.Quaternion, UnityEngine.Vector3, DG.Tweening.Plugins.Options.QuaternionOptions>		GenericInstanceTypeAnalysisContext	128	0	0	0	<none>	GENERIC_LAYOUT:instantiation	LAYOUT_KNOWN	66	190	INSIDE_NO_FIELD	CLASS_OBJECT_RELATIVE	ENTRY_VALUE	SEARCH_EMPTY	[v62 @ X1_v1 (DG.Tweening.Core.TweenerCore`3<UnityEngine.Quaternion, UnityEngine.Vector3, DG.Tweening.Plugins.Options.QuaternionOptions>)+128]
generic instance, value type argument	DOTween	DG.Tweening.Plugins.QuaternionPlugin	SetChangeValue	DG.Tweening.Core.TweenerCore`3<UnityEngine.Quaternion, UnityEngine.Vector3, DG.Tweening.Plugins.Options.QuaternionOptions>		GenericInstanceTypeAnalysisContext	12C	0	0	0	<none>	GENERIC_LAYOUT:instantiation	LAYOUT_KNOWN	66	190	INSIDE_NO_FIELD	CLASS_OBJECT_RELATIVE	ENTRY_VALUE	SEARCH_EMPTY	[v62 @ X1_v1 (DG.Tweening.Core.TweenerCore`3<UnityEngine.Quaternion, UnityEngine.Vector3, DG.Tweening.Plugins.Options.QuaternionOptions>)+12C]
generic instance, value type argument	DOTween	DG.Tweening.Plugins.QuaternionPlugin	SetChangeValue	DG.Tweening.Core.TweenerCore`3<UnityEngine.Quaternion, UnityEngine.Vector3, DG.Tweening.Plugins.Options.QuaternionOptions>		GenericInstanceTypeAnalysisContext	128	0	0	0	<none>	GENERIC_LAYOUT:instantiation	LAYOUT_KNOWN	66	190	INSIDE_NO_FIELD	CLASS_OBJECT_RELATIVE	ENTRY_VALUE	SEARCH_EMPTY	[v62 @ X1_v1 (DG.Tweening.Core.TweenerCore`3<UnityEngine.Quaternion, UnityEngine.Vector3, DG.Tweening.Plugins.Options.QuaternionOptions>)+128]
generic instance, value type argument	DOTween	DG.Tweening.Plugins.QuaternionPlugin	SetChangeValue	DG.Tweening.Core.TweenerCore`3<UnityEngine.Quaternion, UnityEngine.Vector3, DG.Tweening.Plugins.Options.QuaternionOptions>		GenericInstanceTypeAnalysisContext	12C	0	0	0	<none>	GENERIC_LAYOUT:instantiation	LAYOUT_KNOWN	66	190	INSIDE_NO_FIELD	CLASS_OBJECT_RELATIVE	ENTRY_VALUE	SEARCH_EMPTY	[v62 @ X1_v1 (DG.Tweening.Core.TweenerCore`3<UnityEngine.Quaternion, UnityEngine.Vector3, DG.Tweening.Plugins.Options.QuaternionOptions>)+12C]
Il2CppClass.cctor_finished	DOTween	DG.Tweening.Core.DOTweenUtils	GetLooseScriptType	Il2CppClass<DG.Tweening.Core.DOTweenUtils>		RuntimeClassTypeAnalysisContext	E0	0	0	0	Move:type DOTweenUtils	RUNTIME_STRUCT:RuntimeClassTypeAnalysisContext	RUNTIME_STRUCT	0	0	-	NOT_APPLICABLE	RUNTIME_STRUCTURE	SEARCH_EMPTY	[v194 @ X0_v14 (Il2CppClass<DG.Tweening.Core.DOTweenUtils>)+E0]
Il2CppClass.0x178	DOTween	DG.Tweening.Core.TweenerCore`3	.ctor	Il2CppClass<DG.Tweening.Core.TweenerCore`3<T1, T2, TPlugOptions>>		RuntimeClassTypeAnalysisContext	178	0	0	0	Move:memory	RUNTIME_STRUCT:RuntimeClassTypeAnalysisContext	RUNTIME_STRUCT	0	0	-	NOT_APPLICABLE	RUNTIME_STRUCTURE	SEARCH_EMPTY	[v83 @ X8_v10 (Il2CppClass<DG.Tweening.Core.TweenerCore`3<T1, T2, TPlugOptions>>)+178]
Il2CppClass.0x180	DOTween	DG.Tweening.Core.TweenerCore`3	.ctor	Il2CppClass<DG.Tweening.Core.TweenerCore`3<T1, T2, TPlugOptions>>		RuntimeClassTypeAnalysisContext	180	0	0	0	Move:memory	RUNTIME_STRUCT:RuntimeClassTypeAnalysisContext	RUNTIME_STRUCT	0	0	-	NOT_APPLICABLE	RUNTIME_STRUCTURE	SEARCH_EMPTY	[v83 @ X8_v10 (Il2CppClass<DG.Tweening.Core.TweenerCore`3<T1, T2, TPlugOptions>>)+180]
array at 0x20, from no definition	DOTween	DG.Tweening.Plugins.Core.PathCore.CubicBezierDecoder	FinalizePath	UnityEngine.Vector3[]		SzArrayTypeAnalysisContext	20	0	0	0	<none>	ARRAY_ELEMENT:array-typed-base	NO_INSTANCE_FIELDS	0	0	BEYOND_LAYOUT	CLASS_OBJECT_RELATIVE	PARAMETER	SEARCH_EMPTY	[wps @ X2 (UnityEngine.Vector3[])+20]
array at 0x28, from no definition	DOTween	DG.Tweening.Plugins.Core.PathCore.CubicBezierDecoder	FinalizePath	UnityEngine.Vector3[]		SzArrayTypeAnalysisContext	28	0	0	0	<none>	ARRAY_ELEMENT:array-typed-base	NO_INSTANCE_FIELDS	0	0	BEYOND_LAYOUT	CLASS_OBJECT_RELATIVE	PARAMETER	SEARCH_EMPTY	[wps @ X2 (UnityEngine.Vector3[])+28]
base has no type, from Add of Vector3[] and Int32	DOTween	DG.Tweening.Plugins.Core.PathCore.CubicBezierDecoder	FinalizePath	<untyped>			20	0	0	0	Add	ARRAY_ELEMENT:computed-element-address	NO_BASE_TYPE	0	0	-	NOT_APPLICABLE	UNKNOWN	NO_OWNER	[v625 @ X12_v6+20]
base has no type, from Add of Vector3[] and Int32	DOTween	DG.Tweening.Plugins.Core.PathCore.CubicBezierDecoder	FinalizePath	<untyped>			20	0	0	0	Add	ARRAY_ELEMENT:computed-element-address	NO_BASE_TYPE	0	0	-	NOT_APPLICABLE	UNKNOWN	NO_OWNER	[v661 @ X13_v8+20]
base has no type, from Add of Vector3[] and Int32	DOTween	DG.Tweening.Plugins.Core.PathCore.CubicBezierDecoder	FinalizePath	<untyped>			20	0	0	0	Add	ARRAY_ELEMENT:computed-element-address	NO_BASE_TYPE	0	0	-	NOT_APPLICABLE	UNKNOWN	NO_OWNER	[v560 @ X13_v10+20]
array at 0x20, from no definition	DOTween	DG.Tweening.Plugins.Core.PathCore.CubicBezierDecoder	FinalizePath	UnityEngine.Vector3[]		SzArrayTypeAnalysisContext	20	0	0	0	<none>	ARRAY_ELEMENT:array-typed-base	NO_INSTANCE_FIELDS	0	0	BEYOND_LAYOUT	CLASS_OBJECT_RELATIVE	ENTRY_VALUE	SEARCH_EMPTY	[v447 @ X0_v7 (UnityEngine.Vector3[])+20]
array at 0x28, from no definition	DOTween	DG.Tweening.Plugins.Core.PathCore.CubicBezierDecoder	FinalizePath	UnityEngine.Vector3[]		SzArrayTypeAnalysisContext	28	0	0	0	<none>	ARRAY_ELEMENT:array-typed-base	NO_INSTANCE_FIELDS	0	0	BEYOND_LAYOUT	CLASS_OBJECT_RELATIVE	ENTRY_VALUE	SEARCH_EMPTY	[v447 @ X0_v7 (UnityEngine.Vector3[])+28]
base has no type, from Add of an untyped local and an untyped local	DOTween	DG.Tweening.Plugins.Core.PathCore.CubicBezierDecoder	FinalizePath	<untyped>			8	0	0	0	Add	ARRAY_ELEMENT:array-typed-base	NO_BASE_TYPE	0	0	-	NOT_APPLICABLE	UNKNOWN	NO_OWNER	[v636 @ X9_v16+8]
base has no type, from Add of Vector3[] and Int32	DOTween	DG.Tweening.Plugins.Core.PathCore.CubicBezierDecoder	FinalizePath	<untyped>			20	0	0	0	Add	ARRAY_ELEMENT:computed-element-address	NO_BASE_TYPE	0	0	-	NOT_APPLICABLE	UNKNOWN	NO_OWNER	[v560 @ X13_v10+20]
base has no type, from Add of an untyped local and an untyped local	DOTween	DG.Tweening.Plugins.Core.PathCore.CubicBezierDecoder	FinalizePath	<untyped>			C	0	0	0	Add	UNKNOWN:add-of-FieldReference	NO_BASE_TYPE	0	0	-	NOT_APPLICABLE	UNKNOWN	NO_OWNER	[v188 @ X9_v18+C]
base has no type, from Add of an untyped local and an untyped local	DOTween	DG.Tweening.Plugins.Core.PathCore.CubicBezierDecoder	FinalizePath	<untyped>			8	0	0	0	Add	ARRAY_ELEMENT:array-typed-base	NO_BASE_TYPE	0	0	-	NOT_APPLICABLE	UNKNOWN	NO_OWNER	[v636 @ X9_v16+8]
base has no type, from Add of an untyped local and an untyped local	DOTween	DG.Tweening.Plugins.Core.PathCore.CubicBezierDecoder	FinalizePath	<untyped>			14	0	0	0	Add	UNKNOWN:add-of-FieldReference	NO_BASE_TYPE	0	0	-	NOT_APPLICABLE	UNKNOWN	NO_OWNER	[v188 @ X9_v18+14]
Il2CppClass.cctor_finished	DOTween	DG.Tweening.Plugins.Core.PathCore.CubicBezierDecoder	FinalizePath	Il2CppClass<System.Math>		RuntimeClassTypeAnalysisContext	E0	0	0	0	Move:type Math	RUNTIME_STRUCT:RuntimeClassTypeAnalysisContext	RUNTIME_STRUCT	0	0	-	NOT_APPLICABLE	RUNTIME_STRUCTURE	SEARCH_EMPTY	[v703 @ X0_v28 (Il2CppClass<System.Math>)+E0]
array at 0x28, from no definition	DOTween	DG.Tweening.Plugins.Core.PathCore.CubicBezierDecoder	FinalizePath	UnityEngine.Vector3[]		SzArrayTypeAnalysisContext	28	0	0	0	<none>	ARRAY_ELEMENT:array-typed-base	NO_INSTANCE_FIELDS	0	0	BEYOND_LAYOUT	CLASS_OBJECT_RELATIVE	ENTRY_VALUE	SEARCH_EMPTY	[v447 @ X0_v7 (UnityEngine.Vector3[])+28]
base has no type, from Add of an untyped local and an untyped local	DOTween	DG.Tweening.Plugins.Core.PathCore.CubicBezierDecoder	FinalizePath	<untyped>			8	0	0	0	Add	ARRAY_ELEMENT:array-typed-base	NO_BASE_TYPE	0	0	-	NOT_APPLICABLE	UNKNOWN	NO_OWNER	[v636 @ X9_v16+8]
array at 0x20, from no definition	DOTween	DG.Tweening.Plugins.Core.PathCore.CubicBezierDecoder	FinalizePath	UnityEngine.Vector3[]		SzArrayTypeAnalysisContext	20	0	0	0	<none>	ARRAY_ELEMENT:array-typed-base	NO_INSTANCE_FIELDS	0	0	BEYOND_LAYOUT	CLASS_OBJECT_RELATIVE	ENTRY_VALUE	SEARCH_EMPTY	[v447 @ X0_v7 (UnityEngine.Vector3[])+20]
array at 0x28, from no definition	DOTween	DG.Tweening.Plugins.Core.PathCore.CubicBezierDecoder	FinalizePath	UnityEngine.Vector3[]		SzArrayTypeAnalysisContext	28	0	0	0	<none>	ARRAY_ELEMENT:array-typed-base	NO_INSTANCE_FIELDS	0	0	BEYOND_LAYOUT	CLASS_OBJECT_RELATIVE	ENTRY_VALUE	SEARCH_EMPTY	[v447 @ X0_v7 (UnityEngine.Vector3[])+28]
array at 0x20, from no definition	DOTween	DG.Tweening.Plugins.Core.PathCore.CubicBezierDecoder	FinalizePath	UnityEngine.Vector3[]		SzArrayTypeAnalysisContext	20	0	0	0	<none>	ARRAY_ELEMENT:array-typed-base	NO_INSTANCE_FIELDS	0	0	BEYOND_LAYOUT	CLASS_OBJECT_RELATIVE	ENTRY_VALUE	SEARCH_EMPTY	[v447 @ X0_v7 (UnityEngine.Vector3[])+20]
array at 0x20, from Move from the field ControlPoint[]	DOTween	DG.Tweening.Plugins.Core.PathCore.CubicBezierDecoder	FinalizePath	DG.Tweening.Plugins.Core.PathCore.ControlPoint[]		SzArrayTypeAnalysisContext	20	0	0	0	Move:field ControlPoint[]	ARRAY_ELEMENT:array-typed-base	NO_INSTANCE_FIELDS	0	0	BEYOND_LAYOUT	CLASS_OBJECT_RELATIVE	INSTANCE_FIELD	SEARCH_EMPTY	[v286 @ X8_v20 (DG.Tweening.Plugins.Core.PathCore.ControlPoint[])+20]
array at 0x28, from Move from the field ControlPoint[]	DOTween	DG.Tweening.Plugins.Core.PathCore.CubicBezierDecoder	FinalizePath	DG.Tweening.Plugins.Core.PathCore.ControlPoint[]		SzArrayTypeAnalysisContext	28	0	0	0	Move:field ControlPoint[]	ARRAY_ELEMENT:array-typed-base	NO_INSTANCE_FIELDS	0	0	BEYOND_LAYOUT	CLASS_OBJECT_RELATIVE	INSTANCE_FIELD	SEARCH_EMPTY	[v286 @ X8_v20 (DG.Tweening.Plugins.Core.PathCore.ControlPoint[])+28]
Il2CppClass.cctor_finished	DOTween	DG.Tweening.Core.TweenManager	Update	Il2CppClass<DG.Tweening.Core.TweenManager>		RuntimeClassTypeAnalysisContext	E0	0	0	0	Move:type TweenManager	RUNTIME_STRUCT:RuntimeClassTypeAnalysisContext	RUNTIME_STRUCT	0	0	-	NOT_APPLICABLE	RUNTIME_STRUCTURE	SEARCH_EMPTY	[v302 @ X0_v17 (Il2CppClass<DG.Tweening.Core.TweenManager>)+E0]
generic instance, reference arguments	DOTween	DG.Tweening.Core.TweenerCore`3	ChangeStartValue	DG.Tweening.Core.TweenerCore`3<T1, T2, TPlugOptions>	DG.Tweening.Tweener	GenericInstanceTypeAnalysisContext	170	121	57	0	<none>	GENERIC_LAYOUT:instantiation	LAYOUT_KNOWN	66	168	BEYOND_LAYOUT	CLASS_OBJECT_RELATIVE	THIS	SEARCH_EMPTY	[this @ X0 (DG.Tweening.Core.TweenerCore`3<T1, T2, TPlugOptions>)+170]
generic instance, reference arguments	DOTween	DG.Tweening.Core.TweenerCore`3	ChangeStartValue	DG.Tweening.Core.TweenerCore`3<T1, T2, TPlugOptions>	DG.Tweening.Tweener	GenericInstanceTypeAnalysisContext	178	121	57	0	<none>	GENERIC_LAYOUT:instantiation	LAYOUT_KNOWN	66	168	BEYOND_LAYOUT	CLASS_OBJECT_RELATIVE	THIS	SEARCH_EMPTY	[this @ X0 (DG.Tweening.Core.TweenerCore`3<T1, T2, TPlugOptions>)+178]
Il2CppClass.0x1D8	DOTween	DG.Tweening.Core.TweenerCore`3	ChangeEndValue	Il2CppClass<DG.Tweening.Core.TweenerCore`3<T1, T2, TPlugOptions>>		RuntimeClassTypeAnalysisContext	1D8	0	0	0	Move:memory	RUNTIME_STRUCT:RuntimeClassTypeAnalysisContext	RUNTIME_STRUCT	0	0	-	NOT_APPLICABLE	RUNTIME_STRUCTURE	SEARCH_EMPTY	[v4 @ X8_v1 (Il2CppClass<DG.Tweening.Core.TweenerCore`3<T1, T2, TPlugOptions>>)+1D8]
Il2CppClass.0x1E0	DOTween	DG.Tweening.Core.TweenerCore`3	ChangeEndValue	Il2CppClass<DG.Tweening.Core.TweenerCore`3<T1, T2, TPlugOptions>>		RuntimeClassTypeAnalysisContext	1E0	0	0	0	Move:memory	RUNTIME_STRUCT:RuntimeClassTypeAnalysisContext	RUNTIME_STRUCT	0	0	-	NOT_APPLICABLE	RUNTIME_STRUCTURE	SEARCH_EMPTY	[v4 @ X8_v1 (Il2CppClass<DG.Tweening.Core.TweenerCore`3<T1, T2, TPlugOptions>>)+1E0]
value type base	DOTween	DG.Tweening.Plugins.QuaternionPlugin	EvaluateAndApply	DG.Tweening.Plugins.Options.QuaternionOptions	System.ValueType	TypeAnalysisContext	20	18	5	0	<none>	MISSING_METADATA:inside-the-layout-between-fields	LAYOUT_KNOWN	5	28	NESTED:dynamicLookAtWorldPosition.z	NEITHER	PARAMETER	SEARCH_EMPTY	[options @ X1 (DG.Tweening.Plugins.Options.QuaternionOptions)+20]
past the last field of the base type	DOTween	DG.Tweening.Plugins.QuaternionPlugin	EvaluateAndApply	DG.Tweening.Tween	DG.Tweening.Core.ABSSequentiable	TypeAnalysisContext	144	11C	55	0	<none>	PAST_LAST_FIELD:class	LAYOUT_KNOWN	55	11C	BEYOND_LAYOUT	CLASS_OBJECT_RELATIVE	PARAMETER	SEARCH_EMPTY	[t @ X2 (DG.Tweening.Tween)+144]
past the last field of the base type	DOTween	DG.Tweening.Plugins.QuaternionPlugin	EvaluateAndApply	DG.Tweening.Tween	DG.Tweening.Core.ABSSequentiable	TypeAnalysisContext	13C	11C	55	0	<none>	PAST_LAST_FIELD:class	LAYOUT_KNOWN	55	11C	BEYOND_LAYOUT	CLASS_OBJECT_RELATIVE	PARAMETER	SEARCH_EMPTY	[t @ X2 (DG.Tweening.Tween)+13C]
past the last field of the base type	DOTween	DG.Tweening.Plugins.QuaternionPlugin	EvaluateAndApply	DG.Tweening.Tween	DG.Tweening.Core.ABSSequentiable	TypeAnalysisContext	13C	11C	55	0	<none>	PAST_LAST_FIELD:class	LAYOUT_KNOWN	55	11C	BEYOND_LAYOUT	CLASS_OBJECT_RELATIVE	PARAMETER	SEARCH_EMPTY	[t @ X2 (DG.Tweening.Tween)+13C]
past the last field of the base type	DOTween	DG.Tweening.Plugins.QuaternionPlugin	EvaluateAndApply	DG.Tweening.Tween	DG.Tweening.Core.ABSSequentiable	TypeAnalysisContext	13C	11C	55	0	<none>	PAST_LAST_FIELD:class	LAYOUT_KNOWN	55	11C	BEYOND_LAYOUT	CLASS_OBJECT_RELATIVE	PARAMETER	SEARCH_EMPTY	[t @ X2 (DG.Tweening.Tween)+13C]
value type base	DOTween	DG.Tweening.Plugins.Core.PathCore.CubicBezierDecoder	GetPoint	System.Single	System.ValueType	TypeAnalysisContext	20	0	1	0	Add	PAST_LAST_FIELD:value-type	LAYOUT_KNOWN	1	10	BEYOND_LAYOUT	NEITHER	UNKNOWN	SEARCH_EMPTY	[v196 @ X9_v8 (System.Single)+20]
value type base	DOTween	DG.Tweening.Plugins.Core.PathCore.CubicBezierDecoder	GetPoint	System.Single	System.ValueType	TypeAnalysisContext	20	0	1	0	Add	PAST_LAST_FIELD:value-type	LAYOUT_KNOWN	1	10	BEYOND_LAYOUT	NEITHER	UNKNOWN	SEARCH_EMPTY	[v209 @ X8_v9 (System.Single)+20]
value type base	DOTween	DG.Tweening.Plugins.Core.PathCore.CubicBezierDecoder	GetPoint	System.Single	System.ValueType	TypeAnalysisContext	20	0	1	0	Add	PAST_LAST_FIELD:value-type	LAYOUT_KNOWN	1	10	BEYOND_LAYOUT	NEITHER	UNKNOWN	SEARCH_EMPTY	[v194 @ X10_v7 (System.Single)+20]
value type base	DOTween	DG.Tweening.Core.TweenManager	FilteredOperation	System.Int32	System.ValueType	TypeAnalysisContext	0	0	1	0	Add	MISSING_METADATA:inside-the-layout-between-fields	LAYOUT_KNOWN	1	10	NESTED:m_value	VALUE_RELATIVE	UNKNOWN	NOT_A_FIELD_ACCESS	[v313 @ X11_v2 (System.Int32)+filterType @ X1 (DG.Tweening.Core.Enums.FilterType)]
generic instance, reference arguments	DOTween	DG.Tweening.Core.TweenerCore`3	ChangeEndValue	DG.Tweening.Core.TweenerCore`3<T1, T2, TPlugOptions>	DG.Tweening.Tweener	GenericInstanceTypeAnalysisContext	170	121	57	0	<none>	GENERIC_LAYOUT:instantiation	LAYOUT_KNOWN	66	168	BEYOND_LAYOUT	CLASS_OBJECT_RELATIVE	THIS	SEARCH_EMPTY	[this @ X0 (DG.Tweening.Core.TweenerCore`3<T1, T2, TPlugOptions>)+170]
generic instance, reference arguments	DOTween	DG.Tweening.Core.TweenerCore`3	ChangeEndValue	DG.Tweening.Core.TweenerCore`3<T1, T2, TPlugOptions>	DG.Tweening.Tweener	GenericInstanceTypeAnalysisContext	178	121	57	0	<none>	GENERIC_LAYOUT:instantiation	LAYOUT_KNOWN	66	168	BEYOND_LAYOUT	CLASS_OBJECT_RELATIVE	THIS	SEARCH_EMPTY	[this @ X0 (DG.Tweening.Core.TweenerCore`3<T1, T2, TPlugOptions>)+178]
base has no type, from Add of the field ControlPoint[] and Int32	DOTween	DG.Tweening.Plugins.Core.PathCore.CubicBezierDecoder	SetWaypointsLengths	<untyped>			30	0	0	0	Add	PAST_LAST_FIELD:value-type	NO_BASE_TYPE	0	0	-	NOT_APPLICABLE	UNKNOWN	NO_OWNER	[v144 @ X11_v6+30]
base has no type, from Add of the field ControlPoint[] and Int32	DOTween	DG.Tweening.Plugins.Core.PathCore.CubicBezierDecoder	SetWaypointsLengths	<untyped>			20	0	0	0	Add	PAST_LAST_FIELD:value-type	NO_BASE_TYPE	0	0	-	NOT_APPLICABLE	UNKNOWN	NO_OWNER	[v144 @ X11_v6+20]
base has no type, from Add of the field Vector3[] and Int32	DOTween	DG.Tweening.Plugins.Core.PathCore.CubicBezierDecoder	SetWaypointsLengths	<untyped>			20	0	0	0	Add	PAST_LAST_FIELD:value-type	NO_BASE_TYPE	0	0	-	NOT_APPLICABLE	UNKNOWN	NO_OWNER	[v500 @ X8_v13+20]
base has no type, from Add of the field Vector3[] and Int32	DOTween	DG.Tweening.Plugins.Core.PathCore.CubicBezierDecoder	SetWaypointsLengths	<untyped>			28	0	0	0	Add	PAST_LAST_FIELD:value-type	NO_BASE_TYPE	0	0	-	NOT_APPLICABLE	UNKNOWN	NO_OWNER	[v500 @ X8_v13+28]
base has no type, from Add of the field Vector3[] and Int32	DOTween	DG.Tweening.Plugins.Core.PathCore.CubicBezierDecoder	SetWaypointsLengths	<untyped>			28	0	0	0	Add	PAST_LAST_FIELD:value-type	NO_BASE_TYPE	0	0	-	NOT_APPLICABLE	UNKNOWN	NO_OWNER	[v507 @ X8_v15+28]
base has no type, from Add of the field Vector3[] and Int32	DOTween	DG.Tweening.Plugins.Core.PathCore.CubicBezierDecoder	SetWaypointsLengths	<untyped>			20	0	0	0	Add	PAST_LAST_FIELD:value-type	NO_BASE_TYPE	0	0	-	NOT_APPLICABLE	UNKNOWN	NO_OWNER	[v507 @ X8_v15+20]
base has no type, from Add of the field Vector3[] and Int32	DOTween	DG.Tweening.Plugins.Core.PathCore.CubicBezierDecoder	SetWaypointsLengths	<untyped>			28	0	0	0	Add	PAST_LAST_FIELD:value-type	NO_BASE_TYPE	0	0	-	NOT_APPLICABLE	UNKNOWN	NO_OWNER	[v507 @ X8_v15+28]
base has no type, from Add of the field Vector3[] and Int32	DOTween	DG.Tweening.Plugins.Core.PathCore.CubicBezierDecoder	SetWaypointsLengths	<untyped>			28	0	0	0	Add	PAST_LAST_FIELD:value-type	NO_BASE_TYPE	0	0	-	NOT_APPLICABLE	UNKNOWN	NO_OWNER	[v507 @ X8_v15+28]
value type base	DOTween	DG.Tweening.Plugins.Core.PathCore.ControlPoint	op_Addition	DG.Tweening.Plugins.Core.PathCore.ControlPoint	System.ValueType	TypeAnalysisContext	8	C	2	0	<none>	MISSING_METADATA:inside-the-layout-between-fields	LAYOUT_KNOWN	2	1C	NESTED:a.z	NEITHER	PARAMETER	SEARCH_EMPTY	[cp @ X0 (DG.Tweening.Plugins.Core.PathCore.ControlPoint)+8]
value type base	DOTween	DG.Tweening.Plugins.Core.PathCore.ControlPoint	op_Addition	DG.Tweening.Plugins.Core.PathCore.ControlPoint	System.ValueType	TypeAnalysisContext	10	C	2	0	<none>	RESOLVABLE:field-at-this-exact-offset	LAYOUT_KNOWN	2	1C	EXACT:a	OBJECT_RELATIVE	PARAMETER	SEARCH_EMPTY	[cp @ X0 (DG.Tweening.Plugins.Core.PathCore.ControlPoint)+10]
Il2CppClass.interface_offsets_count	spine-unity	Spine.Unity.BlendModeMaterialsAsset	ApplyMaterials	Il2CppClass<Spine.Unity.BlendModeMaterialsAsset+AtlasMaterialCache>		RuntimeClassTypeAnalysisContext	12E	0	0	0	Move:memory	RUNTIME_STRUCT:RuntimeClassTypeAnalysisContext	RUNTIME_STRUCT	0	0	-	NOT_APPLICABLE	RUNTIME_STRUCTURE	SEARCH_EMPTY	[v711 @ X8_v6 (Il2CppClass<Spine.Unity.BlendModeMaterialsAsset+AtlasMaterialCache>)+12E]
Il2CppClass.interface_offsets_count	spine-unity	Spine.Unity.BlendModeMaterialsAsset	ApplyMaterials	Il2CppClass<Spine.Unity.BlendModeMaterialsAsset+AtlasMaterialCache>		RuntimeClassTypeAnalysisContext	12E	0	0	0	Move:memory	RUNTIME_STRUCT:RuntimeClassTypeAnalysisContext	RUNTIME_STRUCT	0	0	-	NOT_APPLICABLE	RUNTIME_STRUCTURE	SEARCH_EMPTY	[v711 @ X8_v6 (Il2CppClass<Spine.Unity.BlendModeMaterialsAsset+AtlasMaterialCache>)+12E]
generic instance, reference arguments	DOTween	DG.Tweening.Core.TweenerCore`3	ChangeValues	DG.Tweening.Core.TweenerCore`3<T1, T2, TPlugOptions>	DG.Tweening.Tweener	GenericInstanceTypeAnalysisContext	170	121	57	0	<none>	GENERIC_LAYOUT:instantiation	LAYOUT_KNOWN	66	168	BEYOND_LAYOUT	CLASS_OBJECT_RELATIVE	THIS	SEARCH_EMPTY	[this @ X0 (DG.Tweening.Core.TweenerCore`3<T1, T2, TPlugOptions>)+170]
generic instance, reference arguments	DOTween	DG.Tweening.Core.TweenerCore`3	ChangeValues	DG.Tweening.Core.TweenerCore`3<T1, T2, TPlugOptions>	DG.Tweening.Tweener	GenericInstanceTypeAnalysisContext	178	121	57	0	<none>	GENERIC_LAYOUT:instantiation	LAYOUT_KNOWN	66	168	BEYOND_LAYOUT	CLASS_OBJECT_RELATIVE	THIS	SEARCH_EMPTY	[this @ X0 (DG.Tweening.Core.TweenerCore`3<T1, T2, TPlugOptions>)+178]
generic instance, reference arguments	DOTween	DG.Tweening.Core.TweenerCore`3	ChangeValues	DG.Tweening.Core.TweenerCore`3<T1, T2, TPlugOptions>	DG.Tweening.Tweener	GenericInstanceTypeAnalysisContext	170	121	57	0	<none>	GENERIC_LAYOUT:instantiation	LAYOUT_KNOWN	66	168	BEYOND_LAYOUT	CLASS_OBJECT_RELATIVE	THIS	SEARCH_EMPTY	[this @ X0 (DG.Tweening.Core.TweenerCore`3<T1, T2, TPlugOptions>)+170]
generic instance, reference arguments	DOTween	DG.Tweening.Core.TweenerCore`3	ChangeValues	DG.Tweening.Core.TweenerCore`3<T1, T2, TPlugOptions>	DG.Tweening.Tweener	GenericInstanceTypeAnalysisContext	178	121	57	0	<none>	GENERIC_LAYOUT:instantiation	LAYOUT_KNOWN	66	168	BEYOND_LAYOUT	CLASS_OBJECT_RELATIVE	THIS	SEARCH_EMPTY	[this @ X0 (DG.Tweening.Core.TweenerCore`3<T1, T2, TPlugOptions>)+178]
base has no type, from Add of Vector3[] and an untyped local	DOTween	DG.Tweening.Plugins.Core.PathCore.CatmullRomDecoder	FinalizePath	<untyped>			20	0	0	0	Add	ARRAY_ELEMENT:computed-element-address	NO_BASE_TYPE	0	0	-	NOT_APPLICABLE	UNKNOWN	NO_OWNER	[v322 @ X8_v19+20]
static field storage at 0x8	DOTween	DG.Tweening.Plugins.Core.PathCore.CatmullRomDecoder	FinalizePath	UnityEngine.Vector3	System.ValueType	TypeAnalysisContext	8	8	3	0	Move:memory	RUNTIME_STRUCT:StaticFieldStorageTypeAnalysisContext	LAYOUT_KNOWN	3	18	NESTED:z	VALUE_RELATIVE	STATIC_FIELD	SEARCH_EMPTY	[v338 @ X9_v10 (Il2CppStaticFields<UnityEngine.Vector3>)+8]
array at 0x34, from no definition	DOTween	DG.Tweening.Plugins.Core.PathCore.CatmullRomDecoder	FinalizePath	UnityEngine.Vector3[]		SzArrayTypeAnalysisContext	34	0	0	0	<none>	ARRAY_ELEMENT:array-typed-base	NO_INSTANCE_FIELDS	0	0	BEYOND_LAYOUT	CLASS_OBJECT_RELATIVE	PARAMETER	SEARCH_EMPTY	[wps @ X2 (UnityEngine.Vector3[])+34]
array at 0x2C, from no definition	DOTween	DG.Tweening.Plugins.Core.PathCore.CatmullRomDecoder	FinalizePath	UnityEngine.Vector3[]		SzArrayTypeAnalysisContext	2C	0	0	0	<none>	ARRAY_ELEMENT:array-typed-base	NO_INSTANCE_FIELDS	0	0	BEYOND_LAYOUT	CLASS_OBJECT_RELATIVE	PARAMETER	SEARCH_EMPTY	[wps @ X2 (UnityEngine.Vector3[])+2C]
array at 0x2C, from no definition	DOTween	DG.Tweening.Plugins.Core.PathCore.CatmullRomDecoder	FinalizePath	UnityEngine.Vector3[]		SzArrayTypeAnalysisContext	2C	0	0	0	<none>	ARRAY_ELEMENT:array-typed-base	NO_INSTANCE_FIELDS	0	0	BEYOND_LAYOUT	CLASS_OBJECT_RELATIVE	PARAMETER	SEARCH_EMPTY	[wps @ X2 (UnityEngine.Vector3[])+2C]
array at 0x34, from no definition	DOTween	DG.Tweening.Plugins.Core.PathCore.CatmullRomDecoder	FinalizePath	UnityEngine.Vector3[]		SzArrayTypeAnalysisContext	34	0	0	0	<none>	ARRAY_ELEMENT:array-typed-base	NO_INSTANCE_FIELDS	0	0	BEYOND_LAYOUT	CLASS_OBJECT_RELATIVE	PARAMETER	SEARCH_EMPTY	[wps @ X2 (UnityEngine.Vector3[])+34]
static field storage at 0x8	DOTween	DG.Tweening.Plugins.Core.PathCore.CatmullRomDecoder	FinalizePath	UnityEngine.Vector3	System.ValueType	TypeAnalysisContext	8	8	3	0	Move:memory	RUNTIME_STRUCT:StaticFieldStorageTypeAnalysisContext	LAYOUT_KNOWN	3	18	NESTED:z	VALUE_RELATIVE	STATIC_FIELD	SEARCH_EMPTY	[v343 @ X9_v4 (Il2CppStaticFields<UnityEngine.Vector3>)+8]
base has no type, from Add of Vector3[] and an untyped local	DOTween	DG.Tweening.Plugins.Core.PathCore.CatmullRomDecoder	FinalizePath	<untyped>			20	0	0	0	Add	ARRAY_ELEMENT:computed-element-address	NO_BASE_TYPE	0	0	-	NOT_APPLICABLE	UNKNOWN	NO_OWNER	[v358 @ X11_v6+20]
base has no type, from Add of Vector3[] and an untyped local	DOTween	DG.Tweening.Plugins.Core.PathCore.CatmullRomDecoder	FinalizePath	<untyped>			20	0	0	0	Add	ARRAY_ELEMENT:computed-element-address	NO_BASE_TYPE	0	0	-	NOT_APPLICABLE	UNKNOWN	NO_OWNER	[v359 @ X10_v6+20]
base has no type, from Add of Vector3[] and an untyped local	DOTween	DG.Tweening.Plugins.Core.PathCore.CatmullRomDecoder	FinalizePath	<untyped>			20	0	0	0	Add	ARRAY_ELEMENT:computed-element-address	NO_BASE_TYPE	0	0	-	NOT_APPLICABLE	UNKNOWN	NO_OWNER	[v358 @ X11_v6+20]
static field storage at 0x8	DOTween	DG.Tweening.Plugins.Core.PathCore.CatmullRomDecoder	FinalizePath	UnityEngine.Vector3	System.ValueType	TypeAnalysisContext	8	8	3	0	Move:memory	RUNTIME_STRUCT:StaticFieldStorageTypeAnalysisContext	LAYOUT_KNOWN	3	18	NESTED:z	VALUE_RELATIVE	STATIC_FIELD	SEARCH_EMPTY	[v368 @ X8_v7 (Il2CppStaticFields<UnityEngine.Vector3>)+8]
past the last field of the base type	DOTween	DG.Tweening.Core.TweenerCore`3	ChangeStartValue	T2		GenericParameterTypeAnalysisContext	20	0	0	0	<none>	GENERIC_LAYOUT:open-parameter	OPEN_TYPE_PARAMETER	0	0	-	NOT_APPLICABLE	PARAMETER	SEARCH_EMPTY	[newStartValue @ X1 (T2)+20]
base has no type, from Move from [T2 + 0x20]	DOTween	DG.Tweening.Core.TweenerCore`3	ChangeStartValue	<untyped>			C0	0	0	0	Move:memory	GENERIC_LAYOUT:open-parameter	NO_BASE_TYPE	0	0	-	NOT_APPLICABLE	LOADED_POINTER	NO_OWNER	[v59 @ X8_v4+C0]
value type base	DOTween	DG.Tweening.Core.TweenerCore`3	ChangeEndValue	System.Boolean	System.ValueType	TypeAnalysisContext	20	0	1	0	<none>	PAST_LAST_FIELD:value-type	LAYOUT_KNOWN	1	10	BEYOND_LAYOUT	NEITHER	PARAMETER	SEARCH_EMPTY	[snapStartValue @ X2 (System.Boolean)+20]
base has no type, from Move from [Boolean + 0x20]	DOTween	DG.Tweening.Core.TweenerCore`3	ChangeEndValue	<untyped>			C0	0	0	0	Move:memory	PAST_LAST_FIELD:value-type	NO_BASE_TYPE	0	0	-	NOT_APPLICABLE	LOADED_POINTER	NO_OWNER	[v0 @ X8_v1+C0]
value type base	DOTween	DG.Tweening.Core.TweenerCore`3	ChangeEndValue	System.Boolean	System.ValueType	TypeAnalysisContext	20	0	1	0	<none>	PAST_LAST_FIELD:value-type	LAYOUT_KNOWN	1	10	BEYOND_LAYOUT	NEITHER	PARAMETER	SEARCH_EMPTY	[snapStartValue @ X2 (System.Boolean)+20]
base has no type, from Move from [Boolean + 0x20]	DOTween	DG.Tweening.Core.TweenerCore`3	ChangeEndValue	<untyped>			C0	0	0	0	Move:memory	PAST_LAST_FIELD:value-type	NO_BASE_TYPE	0	0	-	NOT_APPLICABLE	LOADED_POINTER	NO_OWNER	[v62 @ X8_v4+C0]
past the last field of the base type	DOTween	DG.Tweening.Core.TweenerCore`3	ChangeValues	T2		GenericParameterTypeAnalysisContext	20	0	0	0	<none>	GENERIC_LAYOUT:open-parameter	OPEN_TYPE_PARAMETER	0	0	-	NOT_APPLICABLE	PARAMETER	SEARCH_EMPTY	[newStartValue @ X1 (T2)+20]
base has no type, from Move from [T2 + 0x20]	DOTween	DG.Tweening.Core.TweenerCore`3	ChangeValues	<untyped>			C0	0	0	0	Move:memory	GENERIC_LAYOUT:open-parameter	NO_BASE_TYPE	0	0	-	NOT_APPLICABLE	LOADED_POINTER	NO_OWNER	[v99 @ X8_v4+C0]
Il2CppClass.interfaceOffsets	spine-unity	Spine.Unity.BlendModeMaterialsAsset	ApplyMaterials	Il2CppClass<Spine.Unity.BlendModeMaterialsAsset+AtlasMaterialCache>		RuntimeClassTypeAnalysisContext	B0	0	0	0	Move:memory	RUNTIME_STRUCT:RuntimeClassTypeAnalysisContext	RUNTIME_STRUCT	0	0	-	NOT_APPLICABLE	RUNTIME_STRUCTURE	SEARCH_EMPTY	[v711 @ X8_v6 (Il2CppClass<Spine.Unity.BlendModeMaterialsAsset+AtlasMaterialCache>)+B0]
Il2CppClass.interface_offsets_count	spine-unity	Spine.Unity.BlendModeMaterialsAsset	ApplyMaterials	Il2CppClass<Spine.Unity.BlendModeMaterialsAsset+AtlasMaterialCache>		RuntimeClassTypeAnalysisContext	12E	0	0	0	Move:memory	RUNTIME_STRUCT:RuntimeClassTypeAnalysisContext	RUNTIME_STRUCT	0	0	-	NOT_APPLICABLE	RUNTIME_STRUCTURE	SEARCH_EMPTY	[v1219 @ X8_v15 (Il2CppClass<Spine.Unity.BlendModeMaterialsAsset+AtlasMaterialCache>)+12E]
Il2CppClass.interface_offsets_count	spine-unity	Spine.Unity.BlendModeMaterialsAsset	ApplyMaterials	Il2CppClass<Spine.Unity.BlendModeMaterialsAsset+AtlasMaterialCache>		RuntimeClassTypeAnalysisContext	12E	0	0	0	Move:memory	RUNTIME_STRUCT:RuntimeClassTypeAnalysisContext	RUNTIME_STRUCT	0	0	-	NOT_APPLICABLE	RUNTIME_STRUCTURE	SEARCH_EMPTY	[v1219 @ X8_v15 (Il2CppClass<Spine.Unity.BlendModeMaterialsAsset+AtlasMaterialCache>)+12E]
Il2CppClass.interfaceOffsets	spine-unity	Spine.Unity.BlendModeMaterialsAsset	ApplyMaterials	Il2CppClass<Spine.Unity.BlendModeMaterialsAsset+AtlasMaterialCache>		RuntimeClassTypeAnalysisContext	B0	0	0	0	Move:memory	RUNTIME_STRUCT:RuntimeClassTypeAnalysisContext	RUNTIME_STRUCT	0	0	-	NOT_APPLICABLE	RUNTIME_STRUCTURE	SEARCH_EMPTY	[v1219 @ X8_v15 (Il2CppClass<Spine.Unity.BlendModeMaterialsAsset+AtlasMaterialCache>)+B0]
Il2CppClass.cctor_finished	DOTween	DG.Tweening.Core.TweenManager	GetActiveTweens	Il2CppClass<DG.Tweening.Core.TweenManager>		RuntimeClassTypeAnalysisContext	E0	0	0	0	Move:type TweenManager	RUNTIME_STRUCT:RuntimeClassTypeAnalysisContext	RUNTIME_STRUCT	0	0	-	NOT_APPLICABLE	RUNTIME_STRUCTURE	SEARCH_EMPTY	[v78 @ X0_v5 (Il2CppClass<DG.Tweening.Core.TweenManager>)+E0]
base has no type, from Add of an untyped local and Immediate	spine-unity	Spine.Unity.BlendModeMaterialsAsset	ApplyMaterials	<untyped>			FFFFFFFFFFFFFFF8	0	0	0	Add	UNKNOWN:add-of-MemoryOperand	NO_BASE_TYPE	0	0	-	NOT_APPLICABLE	UNKNOWN	NO_OWNER	[v939 @ X10_v7-8]
base has no type, from Add of an untyped local and Immediate	spine-unity	Spine.Unity.BlendModeMaterialsAsset	ApplyMaterials	<untyped>			FFFFFFFFFFFFFFF8	0	0	0	Add	UNKNOWN:add-of-MemoryOperand	NO_BASE_TYPE	0	0	-	NOT_APPLICABLE	UNKNOWN	NO_OWNER	[v1290 @ X10_v16-8]
base has no type, from Add of an untyped local and Immediate	spine-unity	Spine.Unity.BlendModeMaterialsAsset	ApplyMaterials	<untyped>			8	0	0	0	Call	PHI_AMBIGUITY:multiple-definitions	NO_BASE_TYPE	0	0	-	NOT_APPLICABLE	UNKNOWN	NO_OWNER	[v1316 @ X0_v21+8]
generic instance, value type argument	DOTween	DG.Tweening.Plugins.RectOffsetPlugin	SetFrom	DG.Tweening.Core.TweenerCore`3<UnityEngine.RectOffset, UnityEngine.RectOffset, DG.Tweening.Plugins.Options.NoOptions>		GenericInstanceTypeAnalysisContext	148	0	0	0	<none>	GENERIC_LAYOUT:instantiation	LAYOUT_PARTIAL	60	138	BEYOND_LAYOUT	CLASS_OBJECT_RELATIVE	PARAMETER	SEARCH_EMPTY	[t @ X1 (DG.Tweening.Core.TweenerCore`3<UnityEngine.RectOffset, UnityEngine.RectOffset, DG.Tweening.Plugins.Options.NoOptions>)+148]
generic instance, value type argument	DOTween	DG.Tweening.Plugins.RectOffsetPlugin	SetFrom	DG.Tweening.Core.TweenerCore`3<UnityEngine.RectOffset, UnityEngine.RectOffset, DG.Tweening.Plugins.Options.NoOptions>		GenericInstanceTypeAnalysisContext	150	0	0	0	<none>	GENERIC_LAYOUT:instantiation	LAYOUT_PARTIAL	60	138	BEYOND_LAYOUT	CLASS_OBJECT_RELATIVE	PARAMETER	SEARCH_EMPTY	[t @ X1 (DG.Tweening.Core.TweenerCore`3<UnityEngine.RectOffset, UnityEngine.RectOffset, DG.Tweening.Plugins.Options.NoOptions>)+150]
base has no type, from Move from [TweenerCore`3<UnityEngine.RectOffset, UnityEngine.RectOffset, DG.Tweening.Plugins.Options.NoOptions> + 0x150]	DOTween	DG.Tweening.Plugins.RectOffsetPlugin	SetFrom	<untyped>			18	0	0	0	Move:memory	GENERIC_LAYOUT:instantiation	NO_BASE_TYPE	0	0	-	NOT_APPLICABLE	LOADED_POINTER	NO_OWNER	[v62 @ X8_v4+18]
base has no type, from Move from [TweenerCore`3<UnityEngine.RectOffset, UnityEngine.RectOffset, DG.Tweening.Plugins.Options.NoOptions> + 0x150]	DOTween	DG.Tweening.Plugins.RectOffsetPlugin	SetFrom	<untyped>			40	0	0	0	Move:memory	GENERIC_LAYOUT:instantiation	NO_BASE_TYPE	0	0	-	NOT_APPLICABLE	LOADED_POINTER	NO_OWNER	[v62 @ X8_v4+40]
base has no type, from Move from [TweenerCore`3<UnityEngine.RectOffset, UnityEngine.RectOffset, DG.Tweening.Plugins.Options.NoOptions> + 0x150]	DOTween	DG.Tweening.Plugins.RectOffsetPlugin	SetFrom	<untyped>			28	0	0	0	Move:memory	GENERIC_LAYOUT:instantiation	NO_BASE_TYPE	0	0	-	NOT_APPLICABLE	LOADED_POINTER	NO_OWNER	[v62 @ X8_v4+28]
value type base	DOTween	DG.Tweening.Plugins.Core.PathCore.CatmullRomDecoder	GetPoint	System.Single	System.ValueType	TypeAnalysisContext	20	0	1	0	Add	PAST_LAST_FIELD:value-type	LAYOUT_KNOWN	1	10	BEYOND_LAYOUT	NEITHER	UNKNOWN	SEARCH_EMPTY	[v347 @ X10_v4 (System.Single)+20]
value type base	DOTween	DG.Tweening.Plugins.Core.PathCore.CatmullRomDecoder	GetPoint	System.Single	System.ValueType	TypeAnalysisContext	20	0	1	0	Add	PAST_LAST_FIELD:value-type	LAYOUT_KNOWN	1	10	BEYOND_LAYOUT	NEITHER	UNKNOWN	SEARCH_EMPTY	[v348 @ X11_v4 (System.Single)+20]
value type base	DOTween	DG.Tweening.Plugins.Core.PathCore.CatmullRomDecoder	GetPoint	System.Single	System.ValueType	TypeAnalysisContext	20	0	1	0	Add	PAST_LAST_FIELD:value-type	LAYOUT_KNOWN	1	10	BEYOND_LAYOUT	NEITHER	UNKNOWN	SEARCH_EMPTY	[v348 @ X11_v4 (System.Single)+20]
value type base	DOTween	DG.Tweening.Plugins.Core.PathCore.CatmullRomDecoder	GetPoint	System.Single	System.ValueType	TypeAnalysisContext	20	0	1	0	Add	PAST_LAST_FIELD:value-type	LAYOUT_KNOWN	1	10	BEYOND_LAYOUT	NEITHER	UNKNOWN	SEARCH_EMPTY	[v348 @ X11_v4 (System.Single)+20]
value type base	DOTween	DG.Tweening.Plugins.Core.PathCore.CatmullRomDecoder	GetPoint	System.Single	System.ValueType	TypeAnalysisContext	20	0	1	0	Add	PAST_LAST_FIELD:value-type	LAYOUT_KNOWN	1	10	BEYOND_LAYOUT	NEITHER	UNKNOWN	SEARCH_EMPTY	[v347 @ X10_v4 (System.Single)+20]
value type base	DOTween	DG.Tweening.Plugins.Core.PathCore.CatmullRomDecoder	GetPoint	System.Single	System.ValueType	TypeAnalysisContext	20	0	1	0	Add	PAST_LAST_FIELD:value-type	LAYOUT_KNOWN	1	10	BEYOND_LAYOUT	NEITHER	UNKNOWN	SEARCH_EMPTY	[v347 @ X10_v4 (System.Single)+20]
value type base	DOTween	DG.Tweening.Plugins.Core.PathCore.CatmullRomDecoder	GetPoint	System.Single	System.ValueType	TypeAnalysisContext	20	0	1	0	Add	PAST_LAST_FIELD:value-type	LAYOUT_KNOWN	1	10	BEYOND_LAYOUT	NEITHER	UNKNOWN	SEARCH_EMPTY	[v347 @ X10_v4 (System.Single)+20]
generic instance, value type argument	DOTween	DG.Tweening.Plugins.RectOffsetPlugin	SetFrom	DG.Tweening.Core.TweenerCore`3<UnityEngine.RectOffset, UnityEngine.RectOffset, DG.Tweening.Plugins.Options.NoOptions>		GenericInstanceTypeAnalysisContext	148	0	0	0	<none>	GENERIC_LAYOUT:instantiation	LAYOUT_PARTIAL	60	138	BEYOND_LAYOUT	CLASS_OBJECT_RELATIVE	PARAMETER	SEARCH_EMPTY	[t @ X1 (DG.Tweening.Core.TweenerCore`3<UnityEngine.RectOffset, UnityEngine.RectOffset, DG.Tweening.Plugins.Options.NoOptions>)+148]
generic instance, value type argument	DOTween	DG.Tweening.Plugins.RectOffsetPlugin	SetFrom	DG.Tweening.Core.TweenerCore`3<UnityEngine.RectOffset, UnityEngine.RectOffset, DG.Tweening.Plugins.Options.NoOptions>		GenericInstanceTypeAnalysisContext	150	0	0	0	<none>	GENERIC_LAYOUT:instantiation	LAYOUT_PARTIAL	60	138	BEYOND_LAYOUT	CLASS_OBJECT_RELATIVE	PARAMETER	SEARCH_EMPTY	[t @ X1 (DG.Tweening.Core.TweenerCore`3<UnityEngine.RectOffset, UnityEngine.RectOffset, DG.Tweening.Plugins.Options.NoOptions>)+150]
base has no type, from Move from [TweenerCore`3<UnityEngine.RectOffset, UnityEngine.RectOffset, DG.Tweening.Plugins.Options.NoOptions> + 0x150]	DOTween	DG.Tweening.Plugins.RectOffsetPlugin	SetFrom	<untyped>			18	0	0	0	Move:memory	GENERIC_LAYOUT:instantiation	NO_BASE_TYPE	0	0	-	NOT_APPLICABLE	LOADED_POINTER	NO_OWNER	[v71 @ X8_v3+18]
base has no type, from Move from [TweenerCore`3<UnityEngine.RectOffset, UnityEngine.RectOffset, DG.Tweening.Plugins.Options.NoOptions> + 0x150]	DOTween	DG.Tweening.Plugins.RectOffsetPlugin	SetFrom	<untyped>			40	0	0	0	Move:memory	GENERIC_LAYOUT:instantiation	NO_BASE_TYPE	0	0	-	NOT_APPLICABLE	LOADED_POINTER	NO_OWNER	[v71 @ X8_v3+40]
base has no type, from Move from [TweenerCore`3<UnityEngine.RectOffset, UnityEngine.RectOffset, DG.Tweening.Plugins.Options.NoOptions> + 0x150]	DOTween	DG.Tweening.Plugins.RectOffsetPlugin	SetFrom	<untyped>			28	0	0	0	Move:memory	GENERIC_LAYOUT:instantiation	NO_BASE_TYPE	0	0	-	NOT_APPLICABLE	LOADED_POINTER	NO_OWNER	[v71 @ X8_v3+28]
array at 0x0, from a call's result	spine-unity	Spine.Unity.SpineAttachment+Hierarchy	.ctor	System.String[]		SzArrayTypeAnalysisContext	0	0	0	0	Call	ARRAY_ELEMENT:array-typed-base	NO_INSTANCE_FIELDS	0	0	INSIDE_NO_FIELD	CLASS_OBJECT_RELATIVE	CALL_RESULT	NOT_A_FIELD_ACCESS	[v94 @ X0_v27 (System.String[])+v123 @ X20_v9 (System.Int32)*8]
generic instance, reference arguments	DOTween	DG.Tweening.Core.TweenerCore`3	ValidateChangeValueType	DG.Tweening.Core.TweenerCore`3<T1, T2, TPlugOptions>	DG.Tweening.Tweener	GenericInstanceTypeAnalysisContext	170	121	57	0	<none>	GENERIC_LAYOUT:instantiation	LAYOUT_KNOWN	66	168	BEYOND_LAYOUT	CLASS_OBJECT_RELATIVE	THIS	SEARCH_EMPTY	[this @ X0 (DG.Tweening.Core.TweenerCore`3<T1, T2, TPlugOptions>)+170]
generic instance, reference arguments	DOTween	DG.Tweening.Core.TweenerCore`3	ValidateChangeValueType	DG.Tweening.Core.TweenerCore`3<T1, T2, TPlugOptions>	DG.Tweening.Tweener	GenericInstanceTypeAnalysisContext	178	121	57	0	<none>	GENERIC_LAYOUT:instantiation	LAYOUT_KNOWN	66	168	BEYOND_LAYOUT	CLASS_OBJECT_RELATIVE	THIS	SEARCH_EMPTY	[this @ X0 (DG.Tweening.Core.TweenerCore`3<T1, T2, TPlugOptions>)+178]
Il2CppClass.cctor_finished	DOTween	DG.Tweening.Core.TweenManager	GetTweensByTarget	Il2CppClass<DG.Tweening.Core.TweenManager>		RuntimeClassTypeAnalysisContext	E0	0	0	0	Move:type TweenManager	RUNTIME_STRUCT:RuntimeClassTypeAnalysisContext	RUNTIME_STRUCT	0	0	-	NOT_APPLICABLE	RUNTIME_STRUCTURE	SEARCH_EMPTY	[v81 @ X0_v5 (Il2CppClass<DG.Tweening.Core.TweenManager>)+E0]
generic instance, reference arguments	DOTween	DG.Tweening.Core.TweenerCore`3	ApplyTween	DG.Tweening.Core.TweenerCore`3<T1, T2, TPlugOptions>	DG.Tweening.Tweener	GenericInstanceTypeAnalysisContext	154	121	57	0	<none>	GENERIC_LAYOUT:instantiation	LAYOUT_KNOWN	66	168	INSIDE_NO_FIELD	CLASS_OBJECT_RELATIVE	THIS	SEARCH_EMPTY	[this @ X0 (DG.Tweening.Core.TweenerCore`3<T1, T2, TPlugOptions>)+154]
generic instance, reference arguments	DOTween	DG.Tweening.Core.TweenerCore`3	ApplyTween	DG.Tweening.Core.TweenerCore`3<T1, T2, TPlugOptions>	DG.Tweening.Tweener	GenericInstanceTypeAnalysisContext	154	121	57	0	<none>	GENERIC_LAYOUT:instantiation	LAYOUT_KNOWN	66	168	INSIDE_NO_FIELD	CLASS_OBJECT_RELATIVE	THIS	SEARCH_EMPTY	[this @ X0 (DG.Tweening.Core.TweenerCore`3<T1, T2, TPlugOptions>)+154]
base has no type, from a call's result	DOTween	DG.Tweening.Core.TweenerCore`3	ApplyTween	<untyped>			B8	0	0	0	Call	MISSING_METADATA:unresolved-call-result	NO_BASE_TYPE	0	0	-	NOT_APPLICABLE	CALL_RESULT	NO_OWNER	[v392 @ X0_v37+B8]
generic instance, reference arguments	DOTween	DG.Tweening.Core.TweenerCore`3	ApplyTween	DG.Tweening.Core.TweenerCore`3<T1, T2, TPlugOptions>	DG.Tweening.Tweener	GenericInstanceTypeAnalysisContext	154	121	57	0	<none>	GENERIC_LAYOUT:instantiation	LAYOUT_KNOWN	66	168	INSIDE_NO_FIELD	CLASS_OBJECT_RELATIVE	THIS	SEARCH_EMPTY	[this @ X0 (DG.Tweening.Core.TweenerCore`3<T1, T2, TPlugOptions>)+154]
absolute address	ACTk.Runtime	CodeStage.AntiCheat.Utils.xxHash	CalculateHash	<untyped>			407CB0	0	0	0	<none>	UNKNOWN:absolute-address	NO_BASE_TYPE	0	0	-	NOT_APPLICABLE	UNKNOWN	NO_OWNER	[407CB0]
base has no type, from Add of the field Vector3[] and Int32	DOTween	DG.Tweening.Plugins.Core.PathCore.CatmullRomDecoder	SetWaypointsLengths	<untyped>			20	0	0	0	Add	PAST_LAST_FIELD:value-type	NO_BASE_TYPE	0	0	-	NOT_APPLICABLE	UNKNOWN	NO_OWNER	[v557 @ X8_v17+20]
base has no type, from Add of the field Vector3[] and Int32	DOTween	DG.Tweening.Plugins.Core.PathCore.CatmullRomDecoder	SetWaypointsLengths	<untyped>			28	0	0	0	Add	PAST_LAST_FIELD:value-type	NO_BASE_TYPE	0	0	-	NOT_APPLICABLE	UNKNOWN	NO_OWNER	[v557 @ X8_v17+28]
base has no type, from Add of the field Vector3[] and Int32	DOTween	DG.Tweening.Plugins.Core.PathCore.CatmullRomDecoder	SetWaypointsLengths	<untyped>			20	0	0	0	Add	PAST_LAST_FIELD:value-type	NO_BASE_TYPE	0	0	-	NOT_APPLICABLE	UNKNOWN	NO_OWNER	[v564 @ X8_v19+20]
base has no type, from Add of the field Vector3[] and Int32	DOTween	DG.Tweening.Plugins.Core.PathCore.CatmullRomDecoder	SetWaypointsLengths	<untyped>			28	0	0	0	Add	PAST_LAST_FIELD:value-type	NO_BASE_TYPE	0	0	-	NOT_APPLICABLE	UNKNOWN	NO_OWNER	[v564 @ X8_v19+28]
array at 0x20, from Add of the field Vector3[] and Int32	DOTween	DG.Tweening.Plugins.Core.PathCore.CatmullRomDecoder	SetWaypointsLengths	DG.Tweening.Plugins.Core.PathCore.ControlPoint[]		SzArrayTypeAnalysisContext	20	0	0	0	Move:field ControlPoint[]	ARRAY_ELEMENT:array-typed-base	NO_INSTANCE_FIELDS	0	0	BEYOND_LAYOUT	CLASS_OBJECT_RELATIVE	UNKNOWN	SEARCH_EMPTY	[v543 @ X11_v5 (DG.Tweening.Plugins.Core.PathCore.ControlPoint[])+20]
array at 0x24, from Add of the field Vector3[] and Int32	DOTween	DG.Tweening.Plugins.Core.PathCore.CatmullRomDecoder	SetWaypointsLengths	DG.Tweening.Plugins.Core.PathCore.ControlPoint[]		SzArrayTypeAnalysisContext	24	0	0	0	Move:field ControlPoint[]	ARRAY_ELEMENT:array-typed-base	NO_INSTANCE_FIELDS	0	0	BEYOND_LAYOUT	CLASS_OBJECT_RELATIVE	UNKNOWN	SEARCH_EMPTY	[v543 @ X11_v5 (DG.Tweening.Plugins.Core.PathCore.ControlPoint[])+24]
array at 0x28, from Add of the field Vector3[] and Int32	DOTween	DG.Tweening.Plugins.Core.PathCore.CatmullRomDecoder	SetWaypointsLengths	DG.Tweening.Plugins.Core.PathCore.ControlPoint[]		SzArrayTypeAnalysisContext	28	0	0	0	Move:field ControlPoint[]	ARRAY_ELEMENT:array-typed-base	NO_INSTANCE_FIELDS	0	0	BEYOND_LAYOUT	CLASS_OBJECT_RELATIVE	UNKNOWN	SEARCH_EMPTY	[v543 @ X11_v5 (DG.Tweening.Plugins.Core.PathCore.ControlPoint[])+28]
past the last field of the base type	ACTk.Runtime	CodeStage.AntiCheat.Time.SpeedHackProofTime	InitInternal	UnityEngine.Object	System.Object	TypeAnalysisContext	4A	10	1	0	Move:field SpeedHackDetector	PAST_LAST_FIELD:class	LAYOUT_KNOWN	1	10	BEYOND_LAYOUT	CLASS_OBJECT_RELATIVE	INSTANCE_FIELD	SEARCH_EMPTY	[v66 @ X20_v4 (UnityEngine.Object)+4A]
array at 0x20, from no definition	DOTween	DG.Tweening.Plugins.Core.PathCore.LinearDecoder	GetPoint	UnityEngine.Vector3[]		SzArrayTypeAnalysisContext	20	0	0	0	<none>	ARRAY_ELEMENT:array-typed-base	NO_INSTANCE_FIELDS	0	0	BEYOND_LAYOUT	CLASS_OBJECT_RELATIVE	PARAMETER	SEARCH_EMPTY	[wps @ X1 (UnityEngine.Vector3[])+20]
base has no type, from Add of Vector3[] and Int32	DOTween	DG.Tweening.Plugins.Core.PathCore.LinearDecoder	GetPoint	<untyped>			20	0	0	0	Add	ARRAY_ELEMENT:computed-element-address	NO_BASE_TYPE	0	0	-	NOT_APPLICABLE	UNKNOWN	NO_OWNER	[v306 @ X9_v7+20]
base has no type, from Add of Vector3[] and Int32	DOTween	DG.Tweening.Plugins.Core.PathCore.LinearDecoder	GetPoint	<untyped>			20	0	0	0	Add	ARRAY_ELEMENT:computed-element-address	NO_BASE_TYPE	0	0	-	NOT_APPLICABLE	UNKNOWN	NO_OWNER	[v305 @ X12_v7+20]
base has no type, from Add of Single[] and Immediate	DOTween	DG.Tweening.Plugins.Core.PathCore.LinearDecoder	GetPoint	<untyped>			0	0	0	0	Add	ARRAY_ELEMENT:array-typed-base	NO_BASE_TYPE	0	0	-	NOT_APPLICABLE	INSTANCE_FIELD	NO_OWNER	[v151 @ X12_v9+v253 @ X10_v8 (System.Int32)*4]
base has no type, from Add of Vector3[] and Int32	DOTween	DG.Tweening.Plugins.Core.PathCore.LinearDecoder	GetPoint	<untyped>			20	0	0	0	Add	ARRAY_ELEMENT:computed-element-address	NO_BASE_TYPE	0	0	-	NOT_APPLICABLE	UNKNOWN	NO_OWNER	[v305 @ X12_v7+20]
past the last field of the base type	spine-unity	Spine.Unity.SkeletonExtensions	GetMaterial	System.Object		TypeAnalysisContext	10	0	0	0	Call	NO_KNOWN_LAYOUT:type-has-no-instance-fields	NO_INSTANCE_FIELDS	0	0	BEYOND_LAYOUT	CLASS_OBJECT_RELATIVE	CALL_RESULT	SEARCH_EMPTY	[v124 @ X0_v7 (System.Object)+10]
base has no type, from Move from [Object + 0x10]	spine-unity	Spine.Unity.SkeletonExtensions	GetMaterial	<untyped>			30	0	0	0	Move:memory	NO_KNOWN_LAYOUT:type-has-no-instance-fields	NO_BASE_TYPE	0	0	-	NOT_APPLICABLE	LOADED_POINTER	NO_OWNER	[v131 @ X8_v13+30]
base has no type, from Move from [Object + 0x10]	spine-unity	Spine.Unity.SkeletonExtensions	GetMaterial	<untyped>			30	0	0	0	Move:memory	NO_KNOWN_LAYOUT:type-has-no-instance-fields	NO_BASE_TYPE	0	0	-	NOT_APPLICABLE	LOADED_POINTER	NO_OWNER	[v131 @ X8_v13+30]
base has no type, from Move from [Object + 0x10]	spine-unity	Spine.Unity.SkeletonExtensions	GetMaterial	<untyped>			30	0	0	0	Move:memory	NO_KNOWN_LAYOUT:type-has-no-instance-fields	NO_BASE_TYPE	0	0	-	NOT_APPLICABLE	LOADED_POINTER	NO_OWNER	[v131 @ X8_v13+30]
array at 0x20, from Move from the field Vector3[]	DOTween	DG.Tweening.Plugins.Core.PathCore.LinearDecoder	SetTimeToLengthTables	UnityEngine.Vector3[]		SzArrayTypeAnalysisContext	20	0	0	0	Move:field Vector3[]	ARRAY_ELEMENT:array-typed-base	NO_INSTANCE_FIELDS	0	0	BEYOND_LAYOUT	CLASS_OBJECT_RELATIVE	UNKNOWN	SEARCH_EMPTY	[v401 @ X8_v12 (UnityEngine.Vector3[])+20]
array at 0x24, from Move from the field Vector3[]	DOTween	DG.Tweening.Plugins.Core.PathCore.LinearDecoder	SetTimeToLengthTables	UnityEngine.Vector3[]		SzArrayTypeAnalysisContext	24	0	0	0	Move:field Vector3[]	ARRAY_ELEMENT:array-typed-base	NO_INSTANCE_FIELDS	0	0	BEYOND_LAYOUT	CLASS_OBJECT_RELATIVE	UNKNOWN	SEARCH_EMPTY	[v401 @ X8_v12 (UnityEngine.Vector3[])+24]
array at 0x28, from Move from the field Vector3[]	DOTween	DG.Tweening.Plugins.Core.PathCore.LinearDecoder	SetTimeToLengthTables	UnityEngine.Vector3[]		SzArrayTypeAnalysisContext	28	0	0	0	Move:field Vector3[]	ARRAY_ELEMENT:array-typed-base	NO_INSTANCE_FIELDS	0	0	BEYOND_LAYOUT	CLASS_OBJECT_RELATIVE	UNKNOWN	SEARCH_EMPTY	[v401 @ X8_v12 (UnityEngine.Vector3[])+28]
base has no type, from Add of Vector3[] and Int32	DOTween	DG.Tweening.Plugins.Core.PathCore.LinearDecoder	SetTimeToLengthTables	<untyped>			20	0	0	0	Add	ARRAY_ELEMENT:array-typed-base	NO_BASE_TYPE	0	0	-	NOT_APPLICABLE	UNKNOWN	NO_OWNER	[v474 @ X8_v13+20]
base has no type, from Add of Vector3[] and Int32	DOTween	DG.Tweening.Plugins.Core.PathCore.LinearDecoder	SetTimeToLengthTables	<untyped>			24	0	0	0	Add	ARRAY_ELEMENT:array-typed-base	NO_BASE_TYPE	0	0	-	NOT_APPLICABLE	UNKNOWN	NO_OWNER	[v474 @ X8_v13+24]
base has no type, from Add of Vector3[] and Int32	DOTween	DG.Tweening.Plugins.Core.PathCore.LinearDecoder	SetTimeToLengthTables	<untyped>			28	0	0	0	Add	ARRAY_ELEMENT:array-typed-base	NO_BASE_TYPE	0	0	-	NOT_APPLICABLE	UNKNOWN	NO_OWNER	[v474 @ X8_v13+28]
base has no type, from Add of Vector3[] and Int32	DOTween	DG.Tweening.Plugins.Core.PathCore.LinearDecoder	SetTimeToLengthTables	<untyped>			28	0	0	0	Add	ARRAY_ELEMENT:array-typed-base	NO_BASE_TYPE	0	0	-	NOT_APPLICABLE	UNKNOWN	NO_OWNER	[v474 @ X8_v13+28]
base has no type, from Add of Vector3[] and Int32	DOTween	DG.Tweening.Plugins.Core.PathCore.LinearDecoder	SetTimeToLengthTables	<untyped>			24	0	0	0	Add	ARRAY_ELEMENT:array-typed-base	NO_BASE_TYPE	0	0	-	NOT_APPLICABLE	UNKNOWN	NO_OWNER	[v474 @ X8_v13+24]
base has no type, from Add of Vector3[] and Int32	DOTween	DG.Tweening.Plugins.Core.PathCore.LinearDecoder	SetTimeToLengthTables	<untyped>			20	0	0	0	Add	ARRAY_ELEMENT:array-typed-base	NO_BASE_TYPE	0	0	-	NOT_APPLICABLE	UNKNOWN	NO_OWNER	[v474 @ X8_v13+20]
base has no type, from Add of Single[] and Immediate	DOTween	DG.Tweening.Plugins.Core.PathCore.LinearDecoder	SetTimeToLengthTables	<untyped>			0	0	0	0	Add	ARRAY_ELEMENT:array-typed-base	NO_BASE_TYPE	0	0	-	NOT_APPLICABLE	ENTRY_VALUE	NO_OWNER	[v80 @ X10_v4+v211 @ X8_v7 (System.Int32)*4]
Il2CppClass.0x198	DOTween	DG.Tweening.Plugins.Core.PathCore.Path	get_minInputWaypoints	Il2CppClass<DG.Tweening.Plugins.Core.PathCore.ABSPathDecoder>		RuntimeClassTypeAnalysisContext	198	0	0	0	Move:memory	RUNTIME_STRUCT:RuntimeClassTypeAnalysisContext	RUNTIME_STRUCT	0	0	-	NOT_APPLICABLE	RUNTIME_STRUCTURE	SEARCH_EMPTY	[v5 @ X8_v1 (Il2CppClass<DG.Tweening.Plugins.Core.PathCore.ABSPathDecoder>)+198]
Il2CppClass.0x1A0	DOTween	DG.Tweening.Plugins.Core.PathCore.Path	get_minInputWaypoints	Il2CppClass<DG.Tweening.Plugins.Core.PathCore.ABSPathDecoder>		RuntimeClassTypeAnalysisContext	1A0	0	0	0	Move:memory	RUNTIME_STRUCT:RuntimeClassTypeAnalysisContext	RUNTIME_STRUCT	0	0	-	NOT_APPLICABLE	RUNTIME_STRUCTURE	SEARCH_EMPTY	[v5 @ X8_v1 (Il2CppClass<DG.Tweening.Plugins.Core.PathCore.ABSPathDecoder>)+1A0]
base has no type, from Add of Single[] and Immediate	spine-unity	Spine.Unity.SkeletonExtensions	GetLocalVertices	<untyped>			FFFFFFFFFFFFFFFC	0	0	0	Add	ARRAY_ELEMENT:array-typed-base	NO_BASE_TYPE	0	0	-	NOT_APPLICABLE	UNKNOWN	NO_OWNER	[v513 @ X12_v9-4]
base has no type, from Add of the field Single[] and Immediate	spine-unity	Spine.Unity.SkeletonExtensions	GetLocalVertices	<untyped>			FFFFFFFFFFFFFFFC	0	0	0	Add	UNKNOWN:add-of-FieldReference	NO_BASE_TYPE	0	0	-	NOT_APPLICABLE	UNKNOWN	NO_OWNER	[v479 @ X14_v6-4]
base has no type, from Add of Single[] and Immediate	spine-unity	Spine.Unity.SkeletonExtensions	GetWorldVertices	<untyped>			FFFFFFFFFFFFFFFC	0	0	0	Add	ARRAY_ELEMENT:array-typed-base	NO_BASE_TYPE	0	0	-	NOT_APPLICABLE	UNKNOWN	NO_OWNER	[v53 @ X12_v5-4]
absolute address	DOTween	DG.Tweening.Plugins.Core.PathCore.Path	.ctor	<untyped>			407E80	0	0	0	<none>	UNKNOWN:absolute-address	NO_BASE_TYPE	0	0	-	NOT_APPLICABLE	UNKNOWN	NO_OWNER	[407E80]
absolute address	DOTween	DG.Tweening.Plugins.Core.PathCore.Path	.ctor	<untyped>			407E80	0	0	0	<none>	UNKNOWN:absolute-address	NO_BASE_TYPE	0	0	-	NOT_APPLICABLE	UNKNOWN	NO_OWNER	[407E80]
Il2CppClass.cctor_finished	ACTk.Runtime	CodeStage.AntiCheat.Storage.ObscuredPrefs	GetByteArray	Il2CppClass<CodeStage.AntiCheat.Storage.ObscuredPrefs>		RuntimeClassTypeAnalysisContext	E0	0	0	0	Move:type ObscuredPrefs	RUNTIME_STRUCT:RuntimeClassTypeAnalysisContext	RUNTIME_STRUCT	0	0	-	NOT_APPLICABLE	RUNTIME_STRUCTURE	SEARCH_EMPTY	[v64 @ X8_v4 (Il2CppClass<CodeStage.AntiCheat.Storage.ObscuredPrefs>)+E0]
base has no type, from Add of Vector3[] and Int32	DOTween	DG.Tweening.Plugins.Core.PathCore.Path	FinalizePath	<untyped>			20	0	0	0	Add	ARRAY_ELEMENT:array-typed-base	NO_BASE_TYPE	0	0	-	NOT_APPLICABLE	UNKNOWN	NO_OWNER	[v167 @ X10_v5+20]
base has no type, from Add of Vector3[] and Int32	DOTween	DG.Tweening.Plugins.Core.PathCore.Path	FinalizePath	<untyped>			24	0	0	0	Add	ARRAY_ELEMENT:array-typed-base	NO_BASE_TYPE	0	0	-	NOT_APPLICABLE	UNKNOWN	NO_OWNER	[v167 @ X10_v5+24]
base has no type, from Add of Vector3[] and Int32	DOTween	DG.Tweening.Plugins.Core.PathCore.Path	FinalizePath	<untyped>			28	0	0	0	Add	ARRAY_ELEMENT:array-typed-base	NO_BASE_TYPE	0	0	-	NOT_APPLICABLE	UNKNOWN	NO_OWNER	[v167 @ X10_v5+28]
Il2CppClass.0x188	DOTween	DG.Tweening.Plugins.Core.PathCore.Path	GetPoint	Il2CppClass<DG.Tweening.Plugins.Core.PathCore.ABSPathDecoder>		RuntimeClassTypeAnalysisContext	188	0	0	0	Move:memory	RUNTIME_STRUCT:RuntimeClassTypeAnalysisContext	RUNTIME_STRUCT	0	0	-	NOT_APPLICABLE	RUNTIME_STRUCTURE	SEARCH_EMPTY	[v16 @ X8_v1 (Il2CppClass<DG.Tweening.Plugins.Core.PathCore.ABSPathDecoder>)+188]
Il2CppClass.0x190	DOTween	DG.Tweening.Plugins.Core.PathCore.Path	GetPoint	Il2CppClass<DG.Tweening.Plugins.Core.PathCore.ABSPathDecoder>		RuntimeClassTypeAnalysisContext	190	0	0	0	Move:memory	RUNTIME_STRUCT:RuntimeClassTypeAnalysisContext	RUNTIME_STRUCT	0	0	-	NOT_APPLICABLE	RUNTIME_STRUCTURE	SEARCH_EMPTY	[v16 @ X8_v1 (Il2CppClass<DG.Tweening.Plugins.Core.PathCore.ABSPathDecoder>)+190]
value type base	DOTween	DG.Tweening.Core.Easing.EaseManager	Evaluate	System.Int32	System.ValueType	TypeAnalysisContext	0	0	1	0	Add	MISSING_METADATA:inside-the-layout-between-fields	LAYOUT_KNOWN	1	10	NESTED:m_value	VALUE_RELATIVE	UNKNOWN	NOT_A_FIELD_ACCESS	[v68 @ X9_v2 (System.Int32)+v55 @ X8_v3 (System.Int32)*2]
base has no type, from Add of Single[] and Immediate	DOTween	DG.Tweening.Plugins.Core.PathCore.Path	GetWaypointIndexFromPerc	<untyped>			0	0	0	0	Add	ARRAY_ELEMENT:array-typed-base	NO_BASE_TYPE	0	0	-	NOT_APPLICABLE	INSTANCE_FIELD	NO_OWNER	[v111 @ X10_v6+v99 @ X9_v5 (System.Int32)*4]
generic instance, value type argument	DOTween	DG.Tweening.Plugins.RectPlugin	SetFrom	DG.Tweening.Core.TweenerCore`3<UnityEngine.Rect, UnityEngine.Rect, DG.Tweening.Plugins.Options.RectOptions>		GenericInstanceTypeAnalysisContext	128	0	0	0	<none>	GENERIC_LAYOUT:instantiation	LAYOUT_KNOWN	66	178	INSIDE_NO_FIELD	CLASS_OBJECT_RELATIVE	PARAMETER	SEARCH_EMPTY	[t @ X1 (DG.Tweening.Core.TweenerCore`3<UnityEngine.Rect, UnityEngine.Rect, DG.Tweening.Plugins.Options.RectOptions>)+128]
generic instance, value type argument	DOTween	DG.Tweening.Plugins.RectPlugin	SetFrom	DG.Tweening.Core.TweenerCore`3<UnityEngine.Rect, UnityEngine.Rect, DG.Tweening.Plugins.Options.RectOptions>		GenericInstanceTypeAnalysisContext	12C	0	0	0	<none>	GENERIC_LAYOUT:instantiation	LAYOUT_KNOWN	66	178	INSIDE_NO_FIELD	CLASS_OBJECT_RELATIVE	PARAMETER	SEARCH_EMPTY	[t @ X1 (DG.Tweening.Core.TweenerCore`3<UnityEngine.Rect, UnityEngine.Rect, DG.Tweening.Plugins.Options.RectOptions>)+12C]
generic instance, value type argument	DOTween	DG.Tweening.Plugins.RectPlugin	SetFrom	DG.Tweening.Core.TweenerCore`3<UnityEngine.Rect, UnityEngine.Rect, DG.Tweening.Plugins.Options.RectOptions>		GenericInstanceTypeAnalysisContext	130	0	0	0	<none>	GENERIC_LAYOUT:instantiation	LAYOUT_KNOWN	66	178	INSIDE_NO_FIELD	CLASS_OBJECT_RELATIVE	PARAMETER	SEARCH_EMPTY	[t @ X1 (DG.Tweening.Core.TweenerCore`3<UnityEngine.Rect, UnityEngine.Rect, DG.Tweening.Plugins.Options.RectOptions>)+130]
generic instance, value type argument	DOTween	DG.Tweening.Plugins.RectPlugin	SetFrom	DG.Tweening.Core.TweenerCore`3<UnityEngine.Rect, UnityEngine.Rect, DG.Tweening.Plugins.Options.RectOptions>		GenericInstanceTypeAnalysisContext	128	0	0	0	<none>	GENERIC_LAYOUT:instantiation	LAYOUT_KNOWN	66	178	INSIDE_NO_FIELD	CLASS_OBJECT_RELATIVE	PARAMETER	SEARCH_EMPTY	[t @ X1 (DG.Tweening.Core.TweenerCore`3<UnityEngine.Rect, UnityEngine.Rect, DG.Tweening.Plugins.Options.RectOptions>)+128]
generic instance, value type argument	DOTween	DG.Tweening.Plugins.RectPlugin	SetFrom	DG.Tweening.Core.TweenerCore`3<UnityEngine.Rect, UnityEngine.Rect, DG.Tweening.Plugins.Options.RectOptions>		GenericInstanceTypeAnalysisContext	12C	0	0	0	<none>	GENERIC_LAYOUT:instantiation	LAYOUT_KNOWN	66	178	INSIDE_NO_FIELD	CLASS_OBJECT_RELATIVE	PARAMETER	SEARCH_EMPTY	[t @ X1 (DG.Tweening.Core.TweenerCore`3<UnityEngine.Rect, UnityEngine.Rect, DG.Tweening.Plugins.Options.RectOptions>)+12C]
generic instance, value type argument	DOTween	DG.Tweening.Plugins.RectPlugin	SetFrom	DG.Tweening.Core.TweenerCore`3<UnityEngine.Rect, UnityEngine.Rect, DG.Tweening.Plugins.Options.RectOptions>		GenericInstanceTypeAnalysisContext	130	0	0	0	<none>	GENERIC_LAYOUT:instantiation	LAYOUT_KNOWN	66	178	INSIDE_NO_FIELD	CLASS_OBJECT_RELATIVE	PARAMETER	SEARCH_EMPTY	[t @ X1 (DG.Tweening.Core.TweenerCore`3<UnityEngine.Rect, UnityEngine.Rect, DG.Tweening.Plugins.Options.RectOptions>)+130]
past the last field of the base type	ACTk.Runtime	CodeStage.AntiCheat.Storage.ObscuredPrefs	GetCryptoKey	System.Array	System.Object	TypeAnalysisContext	18	0	0	0	Move:field Char[]	NO_KNOWN_LAYOUT:type-has-no-instance-fields	NO_INSTANCE_FIELDS	0	0	BEYOND_LAYOUT	CLASS_OBJECT_RELATIVE	INSTANCE_FIELD	SEARCH_EMPTY	[v140 @ X8_v16 (System.Array)+18]
static field storage at 0x8	ACTk.Runtime	CodeStage.AntiCheat.ObscuredTypes.ObscuredDecimal	.ctor	System.Decimal	System.ValueType	TypeAnalysisContext	8	C	5	0	Move:memory	RUNTIME_STRUCT:StaticFieldStorageTypeAnalysisContext	LAYOUT_KNOWN	5	20	NESTED:lo	VALUE_RELATIVE	STATIC_FIELD	SEARCH_EMPTY	[v64 @ X8_v7 (Il2CppStaticFields<System.Decimal>)+8]
base has no type, from no definition	ACTk.Runtime	CodeStage.AntiCheat.ObscuredTypes.ObscuredDecimal	FromEncrypted	<untyped>			28	0	0	0	<none>	TYPE_PROPAGATION:entry-value	NO_BASE_TYPE	0	0	-	NOT_APPLICABLE	ENTRY_VALUE	NO_OWNER	[v7 @ SYSREG+28]
base has no type, from no definition	ACTk.Runtime	CodeStage.AntiCheat.ObscuredTypes.ObscuredDecimal	FromEncrypted	<untyped>			28	0	0	0	<none>	TYPE_PROPAGATION:entry-value	NO_BASE_TYPE	0	0	-	NOT_APPLICABLE	ENTRY_VALUE	NO_OWNER	[v7 @ SYSREG+28]
value type base	DOTween	DG.Tweening.Core.Easing.EaseManager	ToEaseFunction	System.Int32	System.ValueType	TypeAnalysisContext	0	0	1	0	Add	MISSING_METADATA:inside-the-layout-between-fields	LAYOUT_KNOWN	1	10	NESTED:m_value	VALUE_RELATIVE	UNKNOWN	NOT_A_FIELD_ACCESS	[v53 @ X9_v5 (System.Int32)+v37 @ X8_v3 (System.Int32)*2]
value type base	ACTk.Runtime	CodeStage.AntiCheat.ObscuredTypes.ObscuredDecimal	InternalDecrypt	CodeStage.AntiCheat.ObscuredTypes.ObscuredDecimal	System.ValueType	TypeAnalysisContext	10	30	5	0	<none>	RESOLVABLE:field-at-this-exact-offset	LAYOUT_KNOWN	5	40	EXACT:currentCryptoKey	OBJECT_RELATIVE	THIS	SEARCH_EMPTY	[v35 @ X0_v1 (CodeStage.AntiCheat.ObscuredTypes.ObscuredDecimal)+10]
base has no type, from no definition	ACTk.Runtime	CodeStage.AntiCheat.ObscuredTypes.ObscuredDecimal	op_Explicit	<untyped>			28	0	0	0	<none>	TYPE_PROPAGATION:entry-value	NO_BASE_TYPE	0	0	-	NOT_APPLICABLE	ENTRY_VALUE	NO_OWNER	[v15 @ SYSREG+28]
base has no type, from no definition	ACTk.Runtime	CodeStage.AntiCheat.ObscuredTypes.ObscuredDecimal	op_Explicit	<untyped>			28	0	0	0	<none>	TYPE_PROPAGATION:entry-value	NO_BASE_TYPE	0	0	-	NOT_APPLICABLE	ENTRY_VALUE	NO_OWNER	[v15 @ SYSREG+28]
value type base	ACTk.Runtime	CodeStage.AntiCheat.ObscuredTypes.ObscuredDecimal	op_Increment	CodeStage.AntiCheat.ObscuredTypes.ObscuredDecimal	System.ValueType	TypeAnalysisContext	10	30	5	0	Call	RESOLVABLE:field-at-this-exact-offset	LAYOUT_KNOWN	5	40	EXACT:currentCryptoKey	OBJECT_RELATIVE	CALL_RESULT	SEARCH_EMPTY	[returnVal1 @ X0_v5 (CodeStage.AntiCheat.ObscuredTypes.ObscuredDecimal)+10]
base has no type, from no definition	ACTk.Runtime	CodeStage.AntiCheat.ObscuredTypes.ObscuredDecimal	op_Increment	<untyped>			28	0	0	0	<none>	TYPE_PROPAGATION:entry-value	NO_BASE_TYPE	0	0	-	NOT_APPLICABLE	ENTRY_VALUE	NO_OWNER	[v13 @ SYSREG+28]
base has no type, from no definition	ACTk.Runtime	CodeStage.AntiCheat.ObscuredTypes.ObscuredDecimal	op_Increment	<untyped>			28	0	0	0	<none>	TYPE_PROPAGATION:entry-value	NO_BASE_TYPE	0	0	-	NOT_APPLICABLE	ENTRY_VALUE	NO_OWNER	[v13 @ SYSREG+28]
value type base	ACTk.Runtime	CodeStage.AntiCheat.ObscuredTypes.ObscuredDecimal	op_Decrement	CodeStage.AntiCheat.ObscuredTypes.ObscuredDecimal	System.ValueType	TypeAnalysisContext	10	30	5	0	Call	RESOLVABLE:field-at-this-exact-offset	LAYOUT_KNOWN	5	40	EXACT:currentCryptoKey	OBJECT_RELATIVE	CALL_RESULT	SEARCH_EMPTY	[returnVal1 @ X0_v5 (CodeStage.AntiCheat.ObscuredTypes.ObscuredDecimal)+10]
base has no type, from no definition	ACTk.Runtime	CodeStage.AntiCheat.ObscuredTypes.ObscuredDecimal	op_Decrement	<untyped>			28	0	0	0	<none>	TYPE_PROPAGATION:entry-value	NO_BASE_TYPE	0	0	-	NOT_APPLICABLE	ENTRY_VALUE	NO_OWNER	[v13 @ SYSREG+28]
base has no type, from no definition	ACTk.Runtime	CodeStage.AntiCheat.ObscuredTypes.ObscuredDecimal	op_Decrement	<untyped>			28	0	0	0	<none>	TYPE_PROPAGATION:entry-value	NO_BASE_TYPE	0	0	-	NOT_APPLICABLE	ENTRY_VALUE	NO_OWNER	[v13 @ SYSREG+28]
value type base	ACTk.Runtime	CodeStage.AntiCheat.ObscuredTypes.ObscuredDecimal	Increment	CodeStage.AntiCheat.ObscuredTypes.ObscuredDecimal	System.ValueType	TypeAnalysisContext	10	30	5	0	<none>	RESOLVABLE:field-at-this-exact-offset	LAYOUT_KNOWN	5	40	EXACT:currentCryptoKey	OBJECT_RELATIVE	PARAMETER	SEARCH_EMPTY	[input @ X0 (CodeStage.AntiCheat.ObscuredTypes.ObscuredDecimal)+10]
base has no type, from no definition	ACTk.Runtime	CodeStage.AntiCheat.ObscuredTypes.ObscuredDecimal	GetHashCode	<untyped>			28	0	0	0	<none>	TYPE_PROPAGATION:entry-value	NO_BASE_TYPE	0	0	-	NOT_APPLICABLE	ENTRY_VALUE	NO_OWNER	[v11 @ SYSREG+28]
base has no type, from no definition	ACTk.Runtime	CodeStage.AntiCheat.ObscuredTypes.ObscuredDecimal	GetHashCode	<untyped>			28	0	0	0	<none>	TYPE_PROPAGATION:entry-value	NO_BASE_TYPE	0	0	-	NOT_APPLICABLE	ENTRY_VALUE	NO_OWNER	[v11 @ SYSREG+28]
base has no type, from no definition	ACTk.Runtime	CodeStage.AntiCheat.ObscuredTypes.ObscuredDecimal	ToString	<untyped>			28	0	0	0	<none>	TYPE_PROPAGATION:entry-value	NO_BASE_TYPE	0	0	-	NOT_APPLICABLE	ENTRY_VALUE	NO_OWNER	[v11 @ SYSREG+28]
base has no type, from no definition	ACTk.Runtime	CodeStage.AntiCheat.ObscuredTypes.ObscuredDecimal	ToString	<untyped>			28	0	0	0	<none>	TYPE_PROPAGATION:entry-value	NO_BASE_TYPE	0	0	-	NOT_APPLICABLE	ENTRY_VALUE	NO_OWNER	[v11 @ SYSREG+28]
base has no type, from no definition	ACTk.Runtime	CodeStage.AntiCheat.ObscuredTypes.ObscuredDecimal	ToString	<untyped>			28	0	0	0	<none>	TYPE_PROPAGATION:entry-value	NO_BASE_TYPE	0	0	-	NOT_APPLICABLE	ENTRY_VALUE	NO_OWNER	[v13 @ SYSREG+28]
base has no type, from no definition	ACTk.Runtime	CodeStage.AntiCheat.ObscuredTypes.ObscuredDecimal	ToString	<untyped>			28	0	0	0	<none>	TYPE_PROPAGATION:entry-value	NO_BASE_TYPE	0	0	-	NOT_APPLICABLE	ENTRY_VALUE	NO_OWNER	[v13 @ SYSREG+28]
base has no type, from no definition	ACTk.Runtime	CodeStage.AntiCheat.ObscuredTypes.ObscuredDecimal	ToString	<untyped>			28	0	0	0	<none>	TYPE_PROPAGATION:entry-value	NO_BASE_TYPE	0	0	-	NOT_APPLICABLE	ENTRY_VALUE	NO_OWNER	[v13 @ SYSREG+28]
base has no type, from no definition	ACTk.Runtime	CodeStage.AntiCheat.ObscuredTypes.ObscuredDecimal	ToString	<untyped>			28	0	0	0	<none>	TYPE_PROPAGATION:entry-value	NO_BASE_TYPE	0	0	-	NOT_APPLICABLE	ENTRY_VALUE	NO_OWNER	[v13 @ SYSREG+28]
Il2CppClass.cctor_finished	ACTk.Runtime	CodeStage.AntiCheat.Storage.ObscuredPrefs	DecryptData	Il2CppClass<CodeStage.AntiCheat.Storage.ObscuredPrefs>		RuntimeClassTypeAnalysisContext	E0	0	0	0	Move:type ObscuredPrefs	RUNTIME_STRUCT:RuntimeClassTypeAnalysisContext	RUNTIME_STRUCT	0	0	-	NOT_APPLICABLE	RUNTIME_STRUCTURE	SEARCH_EMPTY	[v600 @ X0_v42 (Il2CppClass<CodeStage.AntiCheat.Storage.ObscuredPrefs>)+E0]
base has no type, from no definition	ACTk.Runtime	CodeStage.AntiCheat.ObscuredTypes.ObscuredDecimal	ToString	<untyped>			28	0	0	0	<none>	TYPE_PROPAGATION:entry-value	NO_BASE_TYPE	0	0	-	NOT_APPLICABLE	ENTRY_VALUE	NO_OWNER	[v15 @ SYSREG+28]
base has no type, from no definition	ACTk.Runtime	CodeStage.AntiCheat.ObscuredTypes.ObscuredDecimal	ToString	<untyped>			28	0	0	0	<none>	TYPE_PROPAGATION:entry-value	NO_BASE_TYPE	0	0	-	NOT_APPLICABLE	ENTRY_VALUE	NO_OWNER	[v15 @ SYSREG+28]
base has no type, from no definition	ACTk.Runtime	CodeStage.AntiCheat.ObscuredTypes.ObscuredDecimal	Equals	<untyped>			28	0	0	0	<none>	TYPE_PROPAGATION:entry-value	NO_BASE_TYPE	0	0	-	NOT_APPLICABLE	ENTRY_VALUE	NO_OWNER	[v11 @ SYSREG+28]
base has no type, from no definition	ACTk.Runtime	CodeStage.AntiCheat.ObscuredTypes.ObscuredDecimal	Equals	<untyped>			28	0	0	0	<none>	TYPE_PROPAGATION:entry-value	NO_BASE_TYPE	0	0	-	NOT_APPLICABLE	ENTRY_VALUE	NO_OWNER	[v11 @ SYSREG+28]
base has no type, from no definition	ACTk.Runtime	CodeStage.AntiCheat.ObscuredTypes.ObscuredDecimal	Equals	<untyped>			28	0	0	0	<none>	TYPE_PROPAGATION:entry-value	NO_BASE_TYPE	0	0	-	NOT_APPLICABLE	ENTRY_VALUE	NO_OWNER	[v13 @ SYSREG+28]
base has no type, from no definition	ACTk.Runtime	CodeStage.AntiCheat.ObscuredTypes.ObscuredDecimal	Equals	<untyped>			28	0	0	0	<none>	TYPE_PROPAGATION:entry-value	NO_BASE_TYPE	0	0	-	NOT_APPLICABLE	ENTRY_VALUE	NO_OWNER	[v13 @ SYSREG+28]
base has no type, from no definition	ACTk.Runtime	CodeStage.AntiCheat.ObscuredTypes.ObscuredDecimal	CompareTo	<untyped>			28	0	0	0	<none>	TYPE_PROPAGATION:entry-value	NO_BASE_TYPE	0	0	-	NOT_APPLICABLE	ENTRY_VALUE	NO_OWNER	[v13 @ SYSREG+28]
base has no type, from no definition	ACTk.Runtime	CodeStage.AntiCheat.ObscuredTypes.ObscuredDecimal	CompareTo	<untyped>			28	0	0	0	<none>	TYPE_PROPAGATION:entry-value	NO_BASE_TYPE	0	0	-	NOT_APPLICABLE	ENTRY_VALUE	NO_OWNER	[v13 @ SYSREG+28]
base has no type, from no definition	ACTk.Runtime	CodeStage.AntiCheat.ObscuredTypes.ObscuredDecimal	CompareTo	<untyped>			28	0	0	0	<none>	TYPE_PROPAGATION:entry-value	NO_BASE_TYPE	0	0	-	NOT_APPLICABLE	ENTRY_VALUE	NO_OWNER	[v15 @ SYSREG+28]
base has no type, from no definition	ACTk.Runtime	CodeStage.AntiCheat.ObscuredTypes.ObscuredDecimal	CompareTo	<untyped>			28	0	0	0	<none>	TYPE_PROPAGATION:entry-value	NO_BASE_TYPE	0	0	-	NOT_APPLICABLE	ENTRY_VALUE	NO_OWNER	[v15 @ SYSREG+28]
base has no type, from no definition	ACTk.Runtime	CodeStage.AntiCheat.ObscuredTypes.ObscuredDecimal	CompareTo	<untyped>			28	0	0	0	<none>	TYPE_PROPAGATION:entry-value	NO_BASE_TYPE	0	0	-	NOT_APPLICABLE	ENTRY_VALUE	NO_OWNER	[v13 @ SYSREG+28]
base has no type, from no definition	ACTk.Runtime	CodeStage.AntiCheat.ObscuredTypes.ObscuredDecimal	CompareTo	<untyped>			28	0	0	0	<none>	TYPE_PROPAGATION:entry-value	NO_BASE_TYPE	0	0	-	NOT_APPLICABLE	ENTRY_VALUE	NO_OWNER	[v13 @ SYSREG+28]
Il2CppClass.0x218	ACTk.Runtime	CodeStage.AntiCheat.Utils.StringUtils	CharsToBytes	Il2CppClass<System.Text.Encoding>		RuntimeClassTypeAnalysisContext	218	0	0	0	Move:memory	RUNTIME_STRUCT:RuntimeClassTypeAnalysisContext	RUNTIME_STRUCT	0	0	-	NOT_APPLICABLE	RUNTIME_STRUCTURE	SEARCH_EMPTY	[v9 @ X8_v1 (Il2CppClass<System.Text.Encoding>)+218]
Il2CppClass.0x220	ACTk.Runtime	CodeStage.AntiCheat.Utils.StringUtils	CharsToBytes	Il2CppClass<System.Text.Encoding>		RuntimeClassTypeAnalysisContext	220	0	0	0	Move:memory	RUNTIME_STRUCT:RuntimeClassTypeAnalysisContext	RUNTIME_STRUCT	0	0	-	NOT_APPLICABLE	RUNTIME_STRUCTURE	SEARCH_EMPTY	[v9 @ X8_v1 (Il2CppClass<System.Text.Encoding>)+220]
Il2CppClass.0x248	ACTk.Runtime	CodeStage.AntiCheat.Utils.StringUtils	StringToBytes	Il2CppClass<System.Text.Encoding>		RuntimeClassTypeAnalysisContext	248	0	0	0	Move:memory	RUNTIME_STRUCT:RuntimeClassTypeAnalysisContext	RUNTIME_STRUCT	0	0	-	NOT_APPLICABLE	RUNTIME_STRUCTURE	SEARCH_EMPTY	[v9 @ X8_v1 (Il2CppClass<System.Text.Encoding>)+248]
Il2CppClass.0x250	ACTk.Runtime	CodeStage.AntiCheat.Utils.StringUtils	StringToBytes	Il2CppClass<System.Text.Encoding>		RuntimeClassTypeAnalysisContext	250	0	0	0	Move:memory	RUNTIME_STRUCT:RuntimeClassTypeAnalysisContext	RUNTIME_STRUCT	0	0	-	NOT_APPLICABLE	RUNTIME_STRUCTURE	SEARCH_EMPTY	[v9 @ X8_v1 (Il2CppClass<System.Text.Encoding>)+250]
Il2CppClass.0x2B8	ACTk.Runtime	CodeStage.AntiCheat.Utils.StringUtils	BytesToChars	Il2CppClass<System.Text.Encoding>		RuntimeClassTypeAnalysisContext	2B8	0	0	0	Move:memory	RUNTIME_STRUCT:RuntimeClassTypeAnalysisContext	RUNTIME_STRUCT	0	0	-	NOT_APPLICABLE	RUNTIME_STRUCTURE	SEARCH_EMPTY	[v9 @ X8_v1 (Il2CppClass<System.Text.Encoding>)+2B8]
Il2CppClass.0x2C0	ACTk.Runtime	CodeStage.AntiCheat.Utils.StringUtils	BytesToChars	Il2CppClass<System.Text.Encoding>		RuntimeClassTypeAnalysisContext	2C0	0	0	0	Move:memory	RUNTIME_STRUCT:RuntimeClassTypeAnalysisContext	RUNTIME_STRUCT	0	0	-	NOT_APPLICABLE	RUNTIME_STRUCTURE	SEARCH_EMPTY	[v9 @ X8_v1 (Il2CppClass<System.Text.Encoding>)+2C0]
Il2CppClass.0x368	ACTk.Runtime	CodeStage.AntiCheat.Utils.StringUtils	BytesToString	Il2CppClass<System.Text.Encoding>		RuntimeClassTypeAnalysisContext	368	0	0	0	Move:memory	RUNTIME_STRUCT:RuntimeClassTypeAnalysisContext	RUNTIME_STRUCT	0	0	-	NOT_APPLICABLE	RUNTIME_STRUCTURE	SEARCH_EMPTY	[v9 @ X8_v1 (Il2CppClass<System.Text.Encoding>)+368]
Il2CppClass.0x370	ACTk.Runtime	CodeStage.AntiCheat.Utils.StringUtils	BytesToString	Il2CppClass<System.Text.Encoding>		RuntimeClassTypeAnalysisContext	370	0	0	0	Move:memory	RUNTIME_STRUCT:RuntimeClassTypeAnalysisContext	RUNTIME_STRUCT	0	0	-	NOT_APPLICABLE	RUNTIME_STRUCTURE	SEARCH_EMPTY	[v9 @ X8_v1 (Il2CppClass<System.Text.Encoding>)+370]
Il2CppClass.0x378	ACTk.Runtime	CodeStage.AntiCheat.Utils.StringUtils	BytesToString	Il2CppClass<System.Text.Encoding>		RuntimeClassTypeAnalysisContext	378	0	0	0	Move:memory	RUNTIME_STRUCT:RuntimeClassTypeAnalysisContext	RUNTIME_STRUCT	0	0	-	NOT_APPLICABLE	RUNTIME_STRUCTURE	SEARCH_EMPTY	[v17 @ X8_v1 (Il2CppClass<System.Text.Encoding>)+378]
Il2CppClass.0x380	ACTk.Runtime	CodeStage.AntiCheat.Utils.StringUtils	BytesToString	Il2CppClass<System.Text.Encoding>		RuntimeClassTypeAnalysisContext	380	0	0	0	Move:memory	RUNTIME_STRUCT:RuntimeClassTypeAnalysisContext	RUNTIME_STRUCT	0	0	-	NOT_APPLICABLE	RUNTIME_STRUCTURE	SEARCH_EMPTY	[v17 @ X8_v1 (Il2CppClass<System.Text.Encoding>)+380]
base has no type, from no definition	ACTk.Runtime	CodeStage.AntiCheat.Storage.ObscuredPrefs	DecryptValue	<untyped>			28	0	0	0	<none>	TYPE_PROPAGATION:entry-value	NO_BASE_TYPE	0	0	-	NOT_APPLICABLE	ENTRY_VALUE	NO_OWNER	[v17 @ SYSREG+28]
base has no type, from no definition	ACTk.Runtime	CodeStage.AntiCheat.Storage.ObscuredPrefs	DecryptValue	<untyped>			28	0	0	0	<none>	TYPE_PROPAGATION:entry-value	NO_BASE_TYPE	0	0	-	NOT_APPLICABLE	ENTRY_VALUE	NO_OWNER	[v17 @ SYSREG+28]
base has no type, from no definition	ACTk.Runtime	CodeStage.AntiCheat.Storage.ObscuredPrefs	BytesToDecimal	<untyped>			28	0	0	0	<none>	TYPE_PROPAGATION:entry-value	NO_BASE_TYPE	0	0	-	NOT_APPLICABLE	ENTRY_VALUE	NO_OWNER	[v15 @ SYSREG+28]
base has no type, from no definition	ACTk.Runtime	CodeStage.AntiCheat.Storage.ObscuredPrefs	BytesToDecimal	<untyped>			28	0	0	0	<none>	TYPE_PROPAGATION:entry-value	NO_BASE_TYPE	0	0	-	NOT_APPLICABLE	ENTRY_VALUE	NO_OWNER	[v15 @ SYSREG+28]
Il2CppClass.0x190	ACTk.Runtime	CodeStage.AntiCheat.Utils.ThreadSafeRandom	Next	Il2CppClass<System.Random>		RuntimeClassTypeAnalysisContext	190	0	0	0	Move:memory	RUNTIME_STRUCT:RuntimeClassTypeAnalysisContext	RUNTIME_STRUCT	0	0	-	NOT_APPLICABLE	RUNTIME_STRUCTURE	SEARCH_EMPTY	[v219 @ X8_v19 (Il2CppClass<System.Random>)+190]
Il2CppClass.cctor_finished	ACTk.Runtime	CodeStage.AntiCheat.Storage.ObscuredPrefs	CalculateChecksum	Il2CppClass<CodeStage.AntiCheat.Storage.ObscuredPrefs>		RuntimeClassTypeAnalysisContext	E0	0	0	0	Move:type ObscuredPrefs	RUNTIME_STRUCT:RuntimeClassTypeAnalysisContext	RUNTIME_STRUCT	0	0	-	NOT_APPLICABLE	RUNTIME_STRUCTURE	SEARCH_EMPTY	[v64 @ X0_v16 (Il2CppClass<CodeStage.AntiCheat.Storage.ObscuredPrefs>)+E0]
Il2CppClass.cctor_finished	ACTk.Runtime	CodeStage.AntiCheat.Storage.ObscuredPrefs	CalculateChecksum	Il2CppClass<CodeStage.AntiCheat.Storage.ObscuredPrefs>		RuntimeClassTypeAnalysisContext	E0	0	0	0	Move:type ObscuredPrefs	RUNTIME_STRUCT:RuntimeClassTypeAnalysisContext	RUNTIME_STRUCT	0	0	-	NOT_APPLICABLE	RUNTIME_STRUCTURE	SEARCH_EMPTY	[v41 @ X0_v2 (Il2CppClass<CodeStage.AntiCheat.Storage.ObscuredPrefs>)+E0]
Il2CppClass.0x190	ACTk.Runtime	CodeStage.AntiCheat.Utils.ThreadSafeRandom	NextLong	Il2CppClass<System.Random>		RuntimeClassTypeAnalysisContext	190	0	0	0	Move:memory	RUNTIME_STRUCT:RuntimeClassTypeAnalysisContext	RUNTIME_STRUCT	0	0	-	NOT_APPLICABLE	RUNTIME_STRUCTURE	SEARCH_EMPTY	[v214 @ X8_v18 (Il2CppClass<System.Random>)+190]
Il2CppClass.cctor_finished	ACTk.Runtime	CodeStage.AntiCheat.Utils.ThreadSafeRandom	NextLong	Il2CppClass<CodeStage.AntiCheat.Utils.ThreadSafeRandom>		RuntimeClassTypeAnalysisContext	E0	0	0	0	Move:type ThreadSafeRandom	RUNTIME_STRUCT:RuntimeClassTypeAnalysisContext	RUNTIME_STRUCT	0	0	-	NOT_APPLICABLE	RUNTIME_STRUCTURE	SEARCH_EMPTY	[v59 @ X0_v5 (Il2CppClass<CodeStage.AntiCheat.Utils.ThreadSafeRandom>)+E0]
Il2CppClass.0x190	ACTk.Runtime	CodeStage.AntiCheat.Utils.ThreadSafeRandom	NextBytes	Il2CppClass<System.Random>		RuntimeClassTypeAnalysisContext	190	0	0	0	Move:memory	RUNTIME_STRUCT:RuntimeClassTypeAnalysisContext	RUNTIME_STRUCT	0	0	-	NOT_APPLICABLE	RUNTIME_STRUCTURE	SEARCH_EMPTY	[v211 @ X8_v19 (Il2CppClass<System.Random>)+190]
Il2CppClass.0x190	ACTk.Runtime	CodeStage.AntiCheat.Utils.ThreadSafeRandom	NextChars	Il2CppClass<System.Random>		RuntimeClassTypeAnalysisContext	190	0	0	0	Move:memory	RUNTIME_STRUCT:RuntimeClassTypeAnalysisContext	RUNTIME_STRUCT	0	0	-	NOT_APPLICABLE	RUNTIME_STRUCTURE	SEARCH_EMPTY	[v207 @ X8_v18 (Il2CppClass<System.Random>)+190]
Il2CppClass.cctor_finished	ACTk.Runtime	CodeStage.AntiCheat.Utils.ThreadSafeRandom	NextChars	Il2CppClass<CodeStage.AntiCheat.Utils.ThreadSafeRandom>		RuntimeClassTypeAnalysisContext	E0	0	0	0	Move:type ThreadSafeRandom	RUNTIME_STRUCT:RuntimeClassTypeAnalysisContext	RUNTIME_STRUCT	0	0	-	NOT_APPLICABLE	RUNTIME_STRUCTURE	SEARCH_EMPTY	[v56 @ X0_v5 (Il2CppClass<CodeStage.AntiCheat.Utils.ThreadSafeRandom>)+E0]
generic instance, value type argument	DOTween	DG.Tweening.Plugins.Vector2Plugin	SetFrom	DG.Tweening.Core.TweenerCore`3<UnityEngine.Vector2, UnityEngine.Vector2, DG.Tweening.Plugins.Options.VectorOptions>		GenericInstanceTypeAnalysisContext	130	0	0	0	<none>	GENERIC_LAYOUT:instantiation	LAYOUT_KNOWN	66	168	INSIDE_NO_FIELD	CLASS_OBJECT_RELATIVE	PARAMETER	SEARCH_EMPTY	[t @ X1 (DG.Tweening.Core.TweenerCore`3<UnityEngine.Vector2, UnityEngine.Vector2, DG.Tweening.Plugins.Options.VectorOptions>)+130]
generic instance, value type argument	DOTween	DG.Tweening.Plugins.Vector2Plugin	SetFrom	DG.Tweening.Core.TweenerCore`3<UnityEngine.Vector2, UnityEngine.Vector2, DG.Tweening.Plugins.Options.VectorOptions>		GenericInstanceTypeAnalysisContext	130	0	0	0	<none>	GENERIC_LAYOUT:instantiation	LAYOUT_KNOWN	66	168	INSIDE_NO_FIELD	CLASS_OBJECT_RELATIVE	PARAMETER	SEARCH_EMPTY	[t @ X1 (DG.Tweening.Core.TweenerCore`3<UnityEngine.Vector2, UnityEngine.Vector2, DG.Tweening.Plugins.Options.VectorOptions>)+130]
generic instance, value type argument	DOTween	DG.Tweening.Plugins.Vector2Plugin	SetFrom	DG.Tweening.Core.TweenerCore`3<UnityEngine.Vector2, UnityEngine.Vector2, DG.Tweening.Plugins.Options.VectorOptions>		GenericInstanceTypeAnalysisContext	140	0	0	0	<none>	GENERIC_LAYOUT:instantiation	LAYOUT_KNOWN	66	168	INSIDE_NO_FIELD	CLASS_OBJECT_RELATIVE	PARAMETER	SEARCH_EMPTY	[t @ X1 (DG.Tweening.Core.TweenerCore`3<UnityEngine.Vector2, UnityEngine.Vector2, DG.Tweening.Plugins.Options.VectorOptions>)+140]
static field storage at 0x8	ACTk.Runtime	CodeStage.AntiCheat.Storage.ObscuredPrefs	MigrateFromACTkV1Internal	System.Decimal	System.ValueType	TypeAnalysisContext	8	C	5	0	Move:memory	RUNTIME_STRUCT:StaticFieldStorageTypeAnalysisContext	LAYOUT_KNOWN	5	20	NESTED:lo	VALUE_RELATIVE	STATIC_FIELD	SEARCH_EMPTY	[v570 @ X9_v13 (Il2CppStaticFields<System.Decimal>)+8]
generic instance, value type argument	DOTween	DG.Tweening.Plugins.Vector2Plugin	SetFrom	DG.Tweening.Core.TweenerCore`3<UnityEngine.Vector2, UnityEngine.Vector2, DG.Tweening.Plugins.Options.VectorOptions>		GenericInstanceTypeAnalysisContext	140	0	0	0	<none>	GENERIC_LAYOUT:instantiation	LAYOUT_KNOWN	66	168	INSIDE_NO_FIELD	CLASS_OBJECT_RELATIVE	PARAMETER	SEARCH_EMPTY	[t @ X1 (DG.Tweening.Core.TweenerCore`3<UnityEngine.Vector2, UnityEngine.Vector2, DG.Tweening.Plugins.Options.VectorOptions>)+140]
generic instance, value type argument	DOTween	DG.Tweening.Plugins.Vector2Plugin	SetChangeValue	DG.Tweening.Core.TweenerCore`3<UnityEngine.Vector2, UnityEngine.Vector2, DG.Tweening.Plugins.Options.VectorOptions>		GenericInstanceTypeAnalysisContext	130	0	0	0	<none>	GENERIC_LAYOUT:instantiation	LAYOUT_KNOWN	66	168	INSIDE_NO_FIELD	CLASS_OBJECT_RELATIVE	PARAMETER	SEARCH_EMPTY	[t @ X1 (DG.Tweening.Core.TweenerCore`3<UnityEngine.Vector2, UnityEngine.Vector2, DG.Tweening.Plugins.Options.VectorOptions>)+130]
generic instance, value type argument	DOTween	DG.Tweening.Plugins.Vector2Plugin	SetChangeValue	DG.Tweening.Core.TweenerCore`3<UnityEngine.Vector2, UnityEngine.Vector2, DG.Tweening.Plugins.Options.VectorOptions>		GenericInstanceTypeAnalysisContext	128	0	0	0	<none>	GENERIC_LAYOUT:instantiation	LAYOUT_KNOWN	66	168	INSIDE_NO_FIELD	CLASS_OBJECT_RELATIVE	PARAMETER	SEARCH_EMPTY	[t @ X1 (DG.Tweening.Core.TweenerCore`3<UnityEngine.Vector2, UnityEngine.Vector2, DG.Tweening.Plugins.Options.VectorOptions>)+128]
value type base	ACTk.Runtime	CodeStage.AntiCheat.ObscuredTypes.ObscuredVector2Int	set_x	CodeStage.AntiCheat.ObscuredTypes.ObscuredVector2Int	System.ValueType	TypeAnalysisContext	8	18	5	0	<none>	MISSING_METADATA:inside-the-layout-between-fields	LAYOUT_KNOWN	5	28	NESTED:hiddenValue.y	NEITHER	THIS	SEARCH_EMPTY	[this @ X0 (CodeStage.AntiCheat.ObscuredTypes.ObscuredVector2Int)+8]
value type base	ACTk.Runtime	CodeStage.AntiCheat.ObscuredTypes.ObscuredVector2Int	get_y	CodeStage.AntiCheat.ObscuredTypes.ObscuredVector2Int	System.ValueType	TypeAnalysisContext	14	18	5	0	<none>	RESOLVABLE:field-at-this-exact-offset	LAYOUT_KNOWN	5	28	EXACT:hiddenValue	OBJECT_RELATIVE	THIS	SEARCH_EMPTY	[this @ X0 (CodeStage.AntiCheat.ObscuredTypes.ObscuredVector2Int)+14]
value type base	ACTk.Runtime	CodeStage.AntiCheat.ObscuredTypes.ObscuredVector2Int	get_y	CodeStage.AntiCheat.ObscuredTypes.ObscuredVector2Int	System.ValueType	TypeAnalysisContext	8	18	5	0	<none>	MISSING_METADATA:inside-the-layout-between-fields	LAYOUT_KNOWN	5	28	NESTED:hiddenValue.y	NEITHER	THIS	SEARCH_EMPTY	[this @ X0 (CodeStage.AntiCheat.ObscuredTypes.ObscuredVector2Int)+8]
value type base	ACTk.Runtime	CodeStage.AntiCheat.ObscuredTypes.ObscuredQuaternion	InternalDecrypt	CodeStage.AntiCheat.ObscuredTypes.ObscuredQuaternion	System.ValueType	TypeAnalysisContext	C	28	5	0	<none>	MISSING_METADATA:inside-the-layout-between-fields	LAYOUT_KNOWN	5	38	NESTED:hiddenValue.z	NEITHER	THIS	SEARCH_EMPTY	[this @ X0 (CodeStage.AntiCheat.ObscuredTypes.ObscuredQuaternion)+C]
value type base	ACTk.Runtime	CodeStage.AntiCheat.ObscuredTypes.ObscuredVector2Int	set_Item	CodeStage.AntiCheat.ObscuredTypes.ObscuredVector2Int	System.ValueType	TypeAnalysisContext	8	18	5	0	<none>	MISSING_METADATA:inside-the-layout-between-fields	LAYOUT_KNOWN	5	28	NESTED:hiddenValue.y	NEITHER	THIS	SEARCH_EMPTY	[this @ X0 (CodeStage.AntiCheat.ObscuredTypes.ObscuredVector2Int)+8]
value type base	ACTk.Runtime	CodeStage.AntiCheat.ObscuredTypes.ObscuredVector2Int	InternalDecrypt	CodeStage.AntiCheat.ObscuredTypes.ObscuredVector2Int	System.ValueType	TypeAnalysisContext	14	18	5	0	<none>	RESOLVABLE:field-at-this-exact-offset	LAYOUT_KNOWN	5	28	EXACT:hiddenValue	OBJECT_RELATIVE	THIS	SEARCH_EMPTY	[this @ X0 (CodeStage.AntiCheat.ObscuredTypes.ObscuredVector2Int)+14]
static field storage at 0x8	ACTk.Runtime	CodeStage.AntiCheat.ObscuredTypes.ObscuredVector3	.ctor	CodeStage.AntiCheat.ObscuredTypes.ObscuredVector3	System.ValueType	TypeAnalysisContext	8	20	5	0	Move:memory	RUNTIME_STRUCT:StaticFieldStorageTypeAnalysisContext	LAYOUT_KNOWN	5	30	NESTED:hiddenValue.y	NEITHER	STATIC_FIELD	SEARCH_EMPTY	[v88 @ X9_v2 (Il2CppStaticFields<CodeStage.AntiCheat.ObscuredTypes.ObscuredVector3>)+8]
value type base	ACTk.Runtime	CodeStage.AntiCheat.ObscuredTypes.ObscuredVector3	set_x	CodeStage.AntiCheat.ObscuredTypes.ObscuredVector3	System.ValueType	TypeAnalysisContext	8	20	5	0	<none>	MISSING_METADATA:inside-the-layout-between-fields	LAYOUT_KNOWN	5	30	NESTED:hiddenValue.y	NEITHER	THIS	SEARCH_EMPTY	[this @ X0 (CodeStage.AntiCheat.ObscuredTypes.ObscuredVector3)+8]
value type base	ACTk.Runtime	CodeStage.AntiCheat.ObscuredTypes.ObscuredVector3	set_x	CodeStage.AntiCheat.ObscuredTypes.ObscuredVector3	System.ValueType	TypeAnalysisContext	C	20	5	0	<none>	MISSING_METADATA:inside-the-layout-between-fields	LAYOUT_KNOWN	5	30	NESTED:hiddenValue.z	NEITHER	THIS	SEARCH_EMPTY	[this @ X0 (CodeStage.AntiCheat.ObscuredTypes.ObscuredVector3)+C]
generic instance, value type argument	DOTween	DG.Tweening.Plugins.Vector4Plugin	SetFrom	DG.Tweening.Core.TweenerCore`3<UnityEngine.Vector4, UnityEngine.Vector4, DG.Tweening.Plugins.Options.VectorOptions>		GenericInstanceTypeAnalysisContext	138	0	0	0	<none>	GENERIC_LAYOUT:instantiation	LAYOUT_KNOWN	66	180	INSIDE_NO_FIELD	CLASS_OBJECT_RELATIVE	PARAMETER	SEARCH_EMPTY	[t @ X1 (DG.Tweening.Core.TweenerCore`3<UnityEngine.Vector4, UnityEngine.Vector4, DG.Tweening.Plugins.Options.VectorOptions>)+138]
generic instance, value type argument	DOTween	DG.Tweening.Plugins.Vector4Plugin	SetFrom	DG.Tweening.Core.TweenerCore`3<UnityEngine.Vector4, UnityEngine.Vector4, DG.Tweening.Plugins.Options.VectorOptions>		GenericInstanceTypeAnalysisContext	13C	0	0	0	<none>	GENERIC_LAYOUT:instantiation	LAYOUT_KNOWN	66	180	INSIDE_NO_FIELD	CLASS_OBJECT_RELATIVE	PARAMETER	SEARCH_EMPTY	[t @ X1 (DG.Tweening.Core.TweenerCore`3<UnityEngine.Vector4, UnityEngine.Vector4, DG.Tweening.Plugins.Options.VectorOptions>)+13C]
generic instance, value type argument	DOTween	DG.Tweening.Plugins.Vector4Plugin	SetFrom	DG.Tweening.Core.TweenerCore`3<UnityEngine.Vector4, UnityEngine.Vector4, DG.Tweening.Plugins.Options.VectorOptions>		GenericInstanceTypeAnalysisContext	140	0	0	0	<none>	GENERIC_LAYOUT:instantiation	LAYOUT_KNOWN	66	180	INSIDE_NO_FIELD	CLASS_OBJECT_RELATIVE	PARAMETER	SEARCH_EMPTY	[t @ X1 (DG.Tweening.Core.TweenerCore`3<UnityEngine.Vector4, UnityEngine.Vector4, DG.Tweening.Plugins.Options.VectorOptions>)+140]
generic instance, value type argument	DOTween	DG.Tweening.Plugins.Vector4Plugin	SetFrom	DG.Tweening.Core.TweenerCore`3<UnityEngine.Vector4, UnityEngine.Vector4, DG.Tweening.Plugins.Options.VectorOptions>		GenericInstanceTypeAnalysisContext	158	0	0	0	<none>	GENERIC_LAYOUT:instantiation	LAYOUT_KNOWN	66	180	INSIDE_NO_FIELD	CLASS_OBJECT_RELATIVE	PARAMETER	SEARCH_EMPTY	[t @ X1 (DG.Tweening.Core.TweenerCore`3<UnityEngine.Vector4, UnityEngine.Vector4, DG.Tweening.Plugins.Options.VectorOptions>)+158]
value type base	ACTk.Runtime	CodeStage.AntiCheat.ObscuredTypes.ObscuredVector3	get_y	CodeStage.AntiCheat.ObscuredTypes.ObscuredVector3	System.ValueType	TypeAnalysisContext	8	20	5	0	<none>	MISSING_METADATA:inside-the-layout-between-fields	LAYOUT_KNOWN	5	30	NESTED:hiddenValue.y	NEITHER	THIS	SEARCH_EMPTY	[this @ X0 (CodeStage.AntiCheat.ObscuredTypes.ObscuredVector3)+8]
value type base	ACTk.Runtime	CodeStage.AntiCheat.ObscuredTypes.ObscuredVector3	set_y	CodeStage.AntiCheat.ObscuredTypes.ObscuredVector3	System.ValueType	TypeAnalysisContext	C	20	5	0	<none>	MISSING_METADATA:inside-the-layout-between-fields	LAYOUT_KNOWN	5	30	NESTED:hiddenValue.z	NEITHER	THIS	SEARCH_EMPTY	[this @ X0 (CodeStage.AntiCheat.ObscuredTypes.ObscuredVector3)+C]
value type base	ACTk.Runtime	CodeStage.AntiCheat.ObscuredTypes.ObscuredVector3	get_z	CodeStage.AntiCheat.ObscuredTypes.ObscuredVector3	System.ValueType	TypeAnalysisContext	C	20	5	0	<none>	MISSING_METADATA:inside-the-layout-between-fields	LAYOUT_KNOWN	5	30	NESTED:hiddenValue.z	NEITHER	THIS	SEARCH_EMPTY	[this @ X0 (CodeStage.AntiCheat.ObscuredTypes.ObscuredVector3)+C]
value type base	ACTk.Runtime	CodeStage.AntiCheat.ObscuredTypes.ObscuredVector3	set_z	CodeStage.AntiCheat.ObscuredTypes.ObscuredVector3	System.ValueType	TypeAnalysisContext	8	20	5	0	<none>	MISSING_METADATA:inside-the-layout-between-fields	LAYOUT_KNOWN	5	30	NESTED:hiddenValue.y	NEITHER	THIS	SEARCH_EMPTY	[this @ X0 (CodeStage.AntiCheat.ObscuredTypes.ObscuredVector3)+8]
value type base	ACTk.Runtime	CodeStage.AntiCheat.ObscuredTypes.ObscuredVector3	InternalDecrypt	CodeStage.AntiCheat.ObscuredTypes.ObscuredVector3	System.ValueType	TypeAnalysisContext	C	20	5	0	<none>	MISSING_METADATA:inside-the-layout-between-fields	LAYOUT_KNOWN	5	30	NESTED:hiddenValue.z	NEITHER	THIS	SEARCH_EMPTY	[this @ X0 (CodeStage.AntiCheat.ObscuredTypes.ObscuredVector3)+C]
static field storage at 0x8	ACTk.Runtime	CodeStage.AntiCheat.ObscuredTypes.ObscuredVector3	InternalDecrypt	CodeStage.AntiCheat.ObscuredTypes.ObscuredVector3	System.ValueType	TypeAnalysisContext	8	20	5	0	Move:memory	RUNTIME_STRUCT:StaticFieldStorageTypeAnalysisContext	LAYOUT_KNOWN	5	30	NESTED:hiddenValue.y	NEITHER	STATIC_FIELD	SEARCH_EMPTY	[v97 @ X9_v2 (Il2CppStaticFields<CodeStage.AntiCheat.ObscuredTypes.ObscuredVector3>)+8]
absolute address	ACTk.Runtime	CodeStage.AntiCheat.ObscuredTypes.ObscuredVector3	Equals	<untyped>			1A3551F	0	0	0	<none>	UNKNOWN:absolute-address	NO_BASE_TYPE	0	0	-	NOT_APPLICABLE	UNKNOWN	NO_OWNER	[1A3551F]
base has no type, from a call's result	ACTk.Runtime	CodeStage.AntiCheat.ObscuredTypes.ObscuredVector3	Equals	<untyped>			4	0	0	0	Call	MISSING_METADATA:unresolved-call-result	NO_BASE_TYPE	0	0	-	NOT_APPLICABLE	CALL_RESULT	NO_OWNER	[v128 @ X0_v10+4]
base has no type, from a call's result	ACTk.Runtime	CodeStage.AntiCheat.ObscuredTypes.ObscuredVector3	Equals	<untyped>			8	0	0	0	Call	MISSING_METADATA:unresolved-call-result	NO_BASE_TYPE	0	0	-	NOT_APPLICABLE	CALL_RESULT	NO_OWNER	[v128 @ X0_v10+8]
static field storage at 0x8	ACTk.Runtime	CodeStage.AntiCheat.ObscuredTypes.ObscuredVector3	.cctor	UnityEngine.Vector3	System.ValueType	TypeAnalysisContext	8	8	3	0	Move:memory	RUNTIME_STRUCT:StaticFieldStorageTypeAnalysisContext	LAYOUT_KNOWN	3	18	NESTED:z	VALUE_RELATIVE	STATIC_FIELD	SEARCH_EMPTY	[v52 @ X8_v8 (Il2CppStaticFields<UnityEngine.Vector3>)+8]
static field storage at 0x8	ACTk.Runtime	CodeStage.AntiCheat.ObscuredTypes.ObscuredVector3Int	.ctor	CodeStage.AntiCheat.ObscuredTypes.ObscuredVector3Int	System.ValueType	TypeAnalysisContext	8	20	5	0	Move:memory	RUNTIME_STRUCT:StaticFieldStorageTypeAnalysisContext	LAYOUT_KNOWN	5	30	NESTED:hiddenValue.y	NEITHER	STATIC_FIELD	SEARCH_EMPTY	[v85 @ X9_v3 (Il2CppStaticFields<CodeStage.AntiCheat.ObscuredTypes.ObscuredVector3Int>)+8]
value type base	ACTk.Runtime	CodeStage.AntiCheat.ObscuredTypes.ObscuredVector3Int	set_x	CodeStage.AntiCheat.ObscuredTypes.ObscuredVector3Int	System.ValueType	TypeAnalysisContext	8	20	5	0	<none>	MISSING_METADATA:inside-the-layout-between-fields	LAYOUT_KNOWN	5	30	NESTED:hiddenValue.y	NEITHER	THIS	SEARCH_EMPTY	[this @ X0 (CodeStage.AntiCheat.ObscuredTypes.ObscuredVector3Int)+8]
value type base	ACTk.Runtime	CodeStage.AntiCheat.ObscuredTypes.ObscuredVector3Int	get_y	CodeStage.AntiCheat.ObscuredTypes.ObscuredVector3Int	System.ValueType	TypeAnalysisContext	18	20	5	0	<none>	MISSING_METADATA:inside-the-layout-between-fields	LAYOUT_KNOWN	5	30	NESTED:fakeValue.m_Y	NEITHER	THIS	SEARCH_EMPTY	[this @ X0 (CodeStage.AntiCheat.ObscuredTypes.ObscuredVector3Int)+18]
value type base	ACTk.Runtime	CodeStage.AntiCheat.ObscuredTypes.ObscuredVector3Int	get_y	CodeStage.AntiCheat.ObscuredTypes.ObscuredVector3Int	System.ValueType	TypeAnalysisContext	8	20	5	0	<none>	MISSING_METADATA:inside-the-layout-between-fields	LAYOUT_KNOWN	5	30	NESTED:hiddenValue.y	NEITHER	THIS	SEARCH_EMPTY	[this @ X0 (CodeStage.AntiCheat.ObscuredTypes.ObscuredVector3Int)+8]
value type base	ACTk.Runtime	CodeStage.AntiCheat.ObscuredTypes.ObscuredVector3Int	set_y	CodeStage.AntiCheat.ObscuredTypes.ObscuredVector3Int	System.ValueType	TypeAnalysisContext	C	20	5	0	<none>	MISSING_METADATA:inside-the-layout-between-fields	LAYOUT_KNOWN	5	30	NESTED:hiddenValue.z	NEITHER	THIS	SEARCH_EMPTY	[this @ X0 (CodeStage.AntiCheat.ObscuredTypes.ObscuredVector3Int)+C]
value type base	ACTk.Runtime	CodeStage.AntiCheat.ObscuredTypes.ObscuredVector3Int	get_z	CodeStage.AntiCheat.ObscuredTypes.ObscuredVector3Int	System.ValueType	TypeAnalysisContext	1C	20	5	0	<none>	MISSING_METADATA:inside-the-layout-between-fields	LAYOUT_KNOWN	5	30	NESTED:fakeValue.m_Z	NEITHER	THIS	SEARCH_EMPTY	[this @ X0 (CodeStage.AntiCheat.ObscuredTypes.ObscuredVector3Int)+1C]
value type base	ACTk.Runtime	CodeStage.AntiCheat.ObscuredTypes.ObscuredVector3Int	get_z	CodeStage.AntiCheat.ObscuredTypes.ObscuredVector3Int	System.ValueType	TypeAnalysisContext	C	20	5	0	<none>	MISSING_METADATA:inside-the-layout-between-fields	LAYOUT_KNOWN	5	30	NESTED:hiddenValue.z	NEITHER	THIS	SEARCH_EMPTY	[this @ X0 (CodeStage.AntiCheat.ObscuredTypes.ObscuredVector3Int)+C]
value type base	ACTk.Runtime	CodeStage.AntiCheat.ObscuredTypes.ObscuredVector2	set_x	CodeStage.AntiCheat.ObscuredTypes.ObscuredVector2	System.ValueType	TypeAnalysisContext	8	18	5	0	<none>	MISSING_METADATA:inside-the-layout-between-fields	LAYOUT_KNOWN	5	28	NESTED:hiddenValue.y	NEITHER	THIS	SEARCH_EMPTY	[this @ X0 (CodeStage.AntiCheat.ObscuredTypes.ObscuredVector2)+8]
generic instance, value type argument	DOTween	DG.Tweening.Plugins.Vector4Plugin	SetFrom	DG.Tweening.Core.TweenerCore`3<UnityEngine.Vector4, UnityEngine.Vector4, DG.Tweening.Plugins.Options.VectorOptions>		GenericInstanceTypeAnalysisContext	158	0	0	0	<none>	GENERIC_LAYOUT:instantiation	LAYOUT_KNOWN	66	180	INSIDE_NO_FIELD	CLASS_OBJECT_RELATIVE	PARAMETER	SEARCH_EMPTY	[t @ X1 (DG.Tweening.Core.TweenerCore`3<UnityEngine.Vector4, UnityEngine.Vector4, DG.Tweening.Plugins.Options.VectorOptions>)+158]
value type base	ACTk.Runtime	CodeStage.AntiCheat.ObscuredTypes.ObscuredVector2	get_y	CodeStage.AntiCheat.ObscuredTypes.ObscuredVector2	System.ValueType	TypeAnalysisContext	8	18	5	0	<none>	MISSING_METADATA:inside-the-layout-between-fields	LAYOUT_KNOWN	5	28	NESTED:hiddenValue.y	NEITHER	THIS	SEARCH_EMPTY	[this @ X0 (CodeStage.AntiCheat.ObscuredTypes.ObscuredVector2)+8]
value type base	ACTk.Runtime	CodeStage.AntiCheat.ObscuredTypes.ObscuredVector3Int	InternalDecrypt	CodeStage.AntiCheat.ObscuredTypes.ObscuredVector3Int	System.ValueType	TypeAnalysisContext	C	20	5	0	<none>	MISSING_METADATA:inside-the-layout-between-fields	LAYOUT_KNOWN	5	30	NESTED:hiddenValue.z	NEITHER	THIS	SEARCH_EMPTY	[this @ X0 (CodeStage.AntiCheat.ObscuredTypes.ObscuredVector3Int)+C]
value type base	ACTk.Runtime	CodeStage.AntiCheat.ObscuredTypes.ObscuredVector3Int	InternalDecrypt	CodeStage.AntiCheat.ObscuredTypes.ObscuredVector3Int	System.ValueType	TypeAnalysisContext	1C	20	5	0	<none>	MISSING_METADATA:inside-the-layout-between-fields	LAYOUT_KNOWN	5	30	NESTED:fakeValue.m_Z	NEITHER	THIS	SEARCH_EMPTY	[this @ X0 (CodeStage.AntiCheat.ObscuredTypes.ObscuredVector3Int)+1C]
static field storage at 0x8	ACTk.Runtime	CodeStage.AntiCheat.ObscuredTypes.ObscuredVector3Int	InternalDecrypt	CodeStage.AntiCheat.ObscuredTypes.ObscuredVector3Int	System.ValueType	TypeAnalysisContext	8	20	5	0	Move:memory	RUNTIME_STRUCT:StaticFieldStorageTypeAnalysisContext	LAYOUT_KNOWN	5	30	NESTED:hiddenValue.y	NEITHER	STATIC_FIELD	SEARCH_EMPTY	[v74 @ X8_v7 (Il2CppStaticFields<CodeStage.AntiCheat.ObscuredTypes.ObscuredVector3Int>)+8]
static field storage at 0x8	ACTk.Runtime	CodeStage.AntiCheat.ObscuredTypes.ObscuredVector3Int	InternalDecrypt	CodeStage.AntiCheat.ObscuredTypes.ObscuredVector3Int	System.ValueType	TypeAnalysisContext	8	20	5	0	Move:memory	RUNTIME_STRUCT:StaticFieldStorageTypeAnalysisContext	LAYOUT_KNOWN	5	30	NESTED:hiddenValue.y	NEITHER	STATIC_FIELD	SEARCH_EMPTY	[v74 @ X8_v7 (Il2CppStaticFields<CodeStage.AntiCheat.ObscuredTypes.ObscuredVector3Int>)+8]
static field storage at 0x8	ACTk.Runtime	CodeStage.AntiCheat.ObscuredTypes.ObscuredVector3Int	InternalDecrypt	CodeStage.AntiCheat.ObscuredTypes.ObscuredVector3Int	System.ValueType	TypeAnalysisContext	8	20	5	0	Move:memory	RUNTIME_STRUCT:StaticFieldStorageTypeAnalysisContext	LAYOUT_KNOWN	5	30	NESTED:hiddenValue.y	NEITHER	STATIC_FIELD	SEARCH_EMPTY	[v152 @ X9_v2 (Il2CppStaticFields<CodeStage.AntiCheat.ObscuredTypes.ObscuredVector3Int>)+8]
generic instance, value type argument	DOTween	DG.Tweening.Plugins.Vector4Plugin	SetChangeValue	DG.Tweening.Core.TweenerCore`3<UnityEngine.Vector4, UnityEngine.Vector4, DG.Tweening.Plugins.Options.VectorOptions>		GenericInstanceTypeAnalysisContext	140	0	0	0	<none>	GENERIC_LAYOUT:instantiation	LAYOUT_KNOWN	66	180	INSIDE_NO_FIELD	CLASS_OBJECT_RELATIVE	PARAMETER	SEARCH_EMPTY	[t @ X1 (DG.Tweening.Core.TweenerCore`3<UnityEngine.Vector4, UnityEngine.Vector4, DG.Tweening.Plugins.Options.VectorOptions>)+140]
generic instance, value type argument	DOTween	DG.Tweening.Plugins.Vector4Plugin	SetChangeValue	DG.Tweening.Core.TweenerCore`3<UnityEngine.Vector4, UnityEngine.Vector4, DG.Tweening.Plugins.Options.VectorOptions>		GenericInstanceTypeAnalysisContext	130	0	0	0	<none>	GENERIC_LAYOUT:instantiation	LAYOUT_KNOWN	66	180	INSIDE_NO_FIELD	CLASS_OBJECT_RELATIVE	PARAMETER	SEARCH_EMPTY	[t @ X1 (DG.Tweening.Core.TweenerCore`3<UnityEngine.Vector4, UnityEngine.Vector4, DG.Tweening.Plugins.Options.VectorOptions>)+130]
generic instance, value type argument	DOTween	DG.Tweening.Plugins.Vector4Plugin	SetChangeValue	DG.Tweening.Core.TweenerCore`3<UnityEngine.Vector4, UnityEngine.Vector4, DG.Tweening.Plugins.Options.VectorOptions>		GenericInstanceTypeAnalysisContext	138	0	0	0	<none>	GENERIC_LAYOUT:instantiation	LAYOUT_KNOWN	66	180	INSIDE_NO_FIELD	CLASS_OBJECT_RELATIVE	PARAMETER	SEARCH_EMPTY	[t @ X1 (DG.Tweening.Core.TweenerCore`3<UnityEngine.Vector4, UnityEngine.Vector4, DG.Tweening.Plugins.Options.VectorOptions>)+138]
generic instance, value type argument	DOTween	DG.Tweening.Plugins.Vector4Plugin	SetChangeValue	DG.Tweening.Core.TweenerCore`3<UnityEngine.Vector4, UnityEngine.Vector4, DG.Tweening.Plugins.Options.VectorOptions>		GenericInstanceTypeAnalysisContext	128	0	0	0	<none>	GENERIC_LAYOUT:instantiation	LAYOUT_KNOWN	66	180	INSIDE_NO_FIELD	CLASS_OBJECT_RELATIVE	PARAMETER	SEARCH_EMPTY	[t @ X1 (DG.Tweening.Core.TweenerCore`3<UnityEngine.Vector4, UnityEngine.Vector4, DG.Tweening.Plugins.Options.VectorOptions>)+128]
generic instance, value type argument	DOTween	DG.Tweening.Plugins.Vector4Plugin	SetChangeValue	DG.Tweening.Core.TweenerCore`3<UnityEngine.Vector4, UnityEngine.Vector4, DG.Tweening.Plugins.Options.VectorOptions>		GenericInstanceTypeAnalysisContext	138	0	0	0	<none>	GENERIC_LAYOUT:instantiation	LAYOUT_KNOWN	66	180	INSIDE_NO_FIELD	CLASS_OBJECT_RELATIVE	PARAMETER	SEARCH_EMPTY	[t @ X1 (DG.Tweening.Core.TweenerCore`3<UnityEngine.Vector4, UnityEngine.Vector4, DG.Tweening.Plugins.Options.VectorOptions>)+138]
generic instance, value type argument	DOTween	DG.Tweening.Plugins.Vector4Plugin	SetChangeValue	DG.Tweening.Core.TweenerCore`3<UnityEngine.Vector4, UnityEngine.Vector4, DG.Tweening.Plugins.Options.VectorOptions>		GenericInstanceTypeAnalysisContext	128	0	0	0	<none>	GENERIC_LAYOUT:instantiation	LAYOUT_KNOWN	66	180	INSIDE_NO_FIELD	CLASS_OBJECT_RELATIVE	PARAMETER	SEARCH_EMPTY	[t @ X1 (DG.Tweening.Core.TweenerCore`3<UnityEngine.Vector4, UnityEngine.Vector4, DG.Tweening.Plugins.Options.VectorOptions>)+128]
generic instance, value type argument	DOTween	DG.Tweening.Plugins.Vector4Plugin	SetChangeValue	DG.Tweening.Core.TweenerCore`3<UnityEngine.Vector4, UnityEngine.Vector4, DG.Tweening.Plugins.Options.VectorOptions>		GenericInstanceTypeAnalysisContext	13C	0	0	0	<none>	GENERIC_LAYOUT:instantiation	LAYOUT_KNOWN	66	180	INSIDE_NO_FIELD	CLASS_OBJECT_RELATIVE	PARAMETER	SEARCH_EMPTY	[t @ X1 (DG.Tweening.Core.TweenerCore`3<UnityEngine.Vector4, UnityEngine.Vector4, DG.Tweening.Plugins.Options.VectorOptions>)+13C]
generic instance, value type argument	DOTween	DG.Tweening.Plugins.Vector4Plugin	SetChangeValue	DG.Tweening.Core.TweenerCore`3<UnityEngine.Vector4, UnityEngine.Vector4, DG.Tweening.Plugins.Options.VectorOptions>		GenericInstanceTypeAnalysisContext	12C	0	0	0	<none>	GENERIC_LAYOUT:instantiation	LAYOUT_KNOWN	66	180	INSIDE_NO_FIELD	CLASS_OBJECT_RELATIVE	PARAMETER	SEARCH_EMPTY	[t @ X1 (DG.Tweening.Core.TweenerCore`3<UnityEngine.Vector4, UnityEngine.Vector4, DG.Tweening.Plugins.Options.VectorOptions>)+12C]
generic instance, value type argument	DOTween	DG.Tweening.Plugins.Vector4Plugin	SetChangeValue	DG.Tweening.Core.TweenerCore`3<UnityEngine.Vector4, UnityEngine.Vector4, DG.Tweening.Plugins.Options.VectorOptions>		GenericInstanceTypeAnalysisContext	140	0	0	0	<none>	GENERIC_LAYOUT:instantiation	LAYOUT_KNOWN	66	180	INSIDE_NO_FIELD	CLASS_OBJECT_RELATIVE	PARAMETER	SEARCH_EMPTY	[t @ X1 (DG.Tweening.Core.TweenerCore`3<UnityEngine.Vector4, UnityEngine.Vector4, DG.Tweening.Plugins.Options.VectorOptions>)+140]
generic instance, value type argument	DOTween	DG.Tweening.Plugins.Vector4Plugin	SetChangeValue	DG.Tweening.Core.TweenerCore`3<UnityEngine.Vector4, UnityEngine.Vector4, DG.Tweening.Plugins.Options.VectorOptions>		GenericInstanceTypeAnalysisContext	130	0	0	0	<none>	GENERIC_LAYOUT:instantiation	LAYOUT_KNOWN	66	180	INSIDE_NO_FIELD	CLASS_OBJECT_RELATIVE	PARAMETER	SEARCH_EMPTY	[t @ X1 (DG.Tweening.Core.TweenerCore`3<UnityEngine.Vector4, UnityEngine.Vector4, DG.Tweening.Plugins.Options.VectorOptions>)+130]
generic instance, value type argument	DOTween	DG.Tweening.Plugins.Vector4Plugin	SetChangeValue	DG.Tweening.Core.TweenerCore`3<UnityEngine.Vector4, UnityEngine.Vector4, DG.Tweening.Plugins.Options.VectorOptions>		GenericInstanceTypeAnalysisContext	13C	0	0	0	<none>	GENERIC_LAYOUT:instantiation	LAYOUT_KNOWN	66	180	INSIDE_NO_FIELD	CLASS_OBJECT_RELATIVE	PARAMETER	SEARCH_EMPTY	[t @ X1 (DG.Tweening.Core.TweenerCore`3<UnityEngine.Vector4, UnityEngine.Vector4, DG.Tweening.Plugins.Options.VectorOptions>)+13C]
generic instance, value type argument	DOTween	DG.Tweening.Plugins.Vector4Plugin	SetChangeValue	DG.Tweening.Core.TweenerCore`3<UnityEngine.Vector4, UnityEngine.Vector4, DG.Tweening.Plugins.Options.VectorOptions>		GenericInstanceTypeAnalysisContext	12C	0	0	0	<none>	GENERIC_LAYOUT:instantiation	LAYOUT_KNOWN	66	180	INSIDE_NO_FIELD	CLASS_OBJECT_RELATIVE	PARAMETER	SEARCH_EMPTY	[t @ X1 (DG.Tweening.Core.TweenerCore`3<UnityEngine.Vector4, UnityEngine.Vector4, DG.Tweening.Plugins.Options.VectorOptions>)+12C]
absolute address	ACTk.Runtime	CodeStage.AntiCheat.ObscuredTypes.ObscuredVector3Int	Equals	<untyped>			1A35521	0	0	0	<none>	UNKNOWN:absolute-address	NO_BASE_TYPE	0	0	-	NOT_APPLICABLE	UNKNOWN	NO_OWNER	[1A35521]
base has no type, from a call's result	ACTk.Runtime	CodeStage.AntiCheat.ObscuredTypes.ObscuredVector3Int	Equals	<untyped>			8	0	0	0	Call	MISSING_METADATA:unresolved-call-result	NO_BASE_TYPE	0	0	-	NOT_APPLICABLE	CALL_RESULT	NO_OWNER	[v108 @ X0_v11+8]
Il2CppClass.0x158	ACTk.Runtime	CodeStage.AntiCheat.ObscuredTypes.ObscuredString	GetHashCode	Il2CppClass<System.String>		RuntimeClassTypeAnalysisContext	158	0	0	0	Move:memory	RUNTIME_STRUCT:RuntimeClassTypeAnalysisContext	RUNTIME_STRUCT	0	0	-	NOT_APPLICABLE	RUNTIME_STRUCTURE	SEARCH_EMPTY	[v10 @ X8_v1 (Il2CppClass<System.String>)+158]
Il2CppClass.0x160	ACTk.Runtime	CodeStage.AntiCheat.ObscuredTypes.ObscuredString	GetHashCode	Il2CppClass<System.String>		RuntimeClassTypeAnalysisContext	160	0	0	0	Move:memory	RUNTIME_STRUCT:RuntimeClassTypeAnalysisContext	RUNTIME_STRUCT	0	0	-	NOT_APPLICABLE	RUNTIME_STRUCTURE	SEARCH_EMPTY	[v10 @ X8_v1 (Il2CppClass<System.String>)+160]
static field storage at 0x8	ACTk.Runtime	CodeStage.AntiCheat.ObscuredTypes.ObscuredVector3Int	.cctor	UnityEngine.Vector3Int	System.ValueType	TypeAnalysisContext	8	8	3	0	Move:memory	RUNTIME_STRUCT:StaticFieldStorageTypeAnalysisContext	LAYOUT_KNOWN	3	18	NESTED:m_Z	VALUE_RELATIVE	STATIC_FIELD	SEARCH_EMPTY	[v52 @ X8_v8 (Il2CppStaticFields<UnityEngine.Vector3Int>)+8]
Il2CppClass.0x208	ACTk.Runtime	CodeStage.AntiCheat.Detectors.SpeedHackDetector	StopDetection	Il2CppClass<CodeStage.AntiCheat.Detectors.SpeedHackDetector>		RuntimeClassTypeAnalysisContext	208	0	0	0	Move:memory	RUNTIME_STRUCT:RuntimeClassTypeAnalysisContext	RUNTIME_STRUCT	0	0	-	NOT_APPLICABLE	RUNTIME_STRUCTURE	SEARCH_EMPTY	[v100 @ X8_v13 (Il2CppClass<CodeStage.AntiCheat.Detectors.SpeedHackDetector>)+208]
Il2CppClass.0x210	ACTk.Runtime	CodeStage.AntiCheat.Detectors.SpeedHackDetector	StopDetection	Il2CppClass<CodeStage.AntiCheat.Detectors.SpeedHackDetector>		RuntimeClassTypeAnalysisContext	210	0	0	0	Move:memory	RUNTIME_STRUCT:RuntimeClassTypeAnalysisContext	RUNTIME_STRUCT	0	0	-	NOT_APPLICABLE	RUNTIME_STRUCTURE	SEARCH_EMPTY	[v100 @ X8_v13 (Il2CppClass<CodeStage.AntiCheat.Detectors.SpeedHackDetector>)+210]
Il2CppClass.0x208	ACTk.Runtime	CodeStage.AntiCheat.Detectors.WallHackDetector	StopDetection	Il2CppClass<CodeStage.AntiCheat.Detectors.WallHackDetector>		RuntimeClassTypeAnalysisContext	208	0	0	0	Move:memory	RUNTIME_STRUCT:RuntimeClassTypeAnalysisContext	RUNTIME_STRUCT	0	0	-	NOT_APPLICABLE	RUNTIME_STRUCTURE	SEARCH_EMPTY	[v100 @ X8_v13 (Il2CppClass<CodeStage.AntiCheat.Detectors.WallHackDetector>)+208]
Il2CppClass.0x210	ACTk.Runtime	CodeStage.AntiCheat.Detectors.WallHackDetector	StopDetection	Il2CppClass<CodeStage.AntiCheat.Detectors.WallHackDetector>		RuntimeClassTypeAnalysisContext	210	0	0	0	Move:memory	RUNTIME_STRUCT:RuntimeClassTypeAnalysisContext	RUNTIME_STRUCT	0	0	-	NOT_APPLICABLE	RUNTIME_STRUCTURE	SEARCH_EMPTY	[v100 @ X8_v13 (Il2CppClass<CodeStage.AntiCheat.Detectors.WallHackDetector>)+210]
value type base	ACTk.Runtime	CodeStage.AntiCheat.Genuine.CodeHash.BuildHashes	CalculateSummaryCodeHash	System.Int32	System.ValueType	TypeAnalysisContext	18	0	1	0	Move:Immediate	PAST_LAST_FIELD:value-type	LAYOUT_KNOWN	1	10	BEYOND_LAYOUT	NEITHER	UNKNOWN	SEARCH_EMPTY	[v120 @ X8_v17 (System.Int32)+18]
Il2CppClass.0x1C8	ACTk.Runtime	CodeStage.AntiCheat.Detectors.WallHackDetector	Dispose	Il2CppClass<CodeStage.AntiCheat.Detectors.WallHackDetector>		RuntimeClassTypeAnalysisContext	1C8	0	0	0	Move:memory	RUNTIME_STRUCT:RuntimeClassTypeAnalysisContext	RUNTIME_STRUCT	0	0	-	NOT_APPLICABLE	RUNTIME_STRUCTURE	SEARCH_EMPTY	[v100 @ X8_v13 (Il2CppClass<CodeStage.AntiCheat.Detectors.WallHackDetector>)+1C8]
Il2CppClass.0x1D0	ACTk.Runtime	CodeStage.AntiCheat.Detectors.WallHackDetector	Dispose	Il2CppClass<CodeStage.AntiCheat.Detectors.WallHackDetector>		RuntimeClassTypeAnalysisContext	1D0	0	0	0	Move:memory	RUNTIME_STRUCT:RuntimeClassTypeAnalysisContext	RUNTIME_STRUCT	0	0	-	NOT_APPLICABLE	RUNTIME_STRUCTURE	SEARCH_EMPTY	[v100 @ X8_v13 (Il2CppClass<CodeStage.AntiCheat.Detectors.WallHackDetector>)+1D0]
Il2CppClass.0x1C8	ACTk.Runtime	CodeStage.AntiCheat.Detectors.SpeedHackDetector	Dispose	Il2CppClass<CodeStage.AntiCheat.Detectors.SpeedHackDetector>		RuntimeClassTypeAnalysisContext	1C8	0	0	0	Move:memory	RUNTIME_STRUCT:RuntimeClassTypeAnalysisContext	RUNTIME_STRUCT	0	0	-	NOT_APPLICABLE	RUNTIME_STRUCTURE	SEARCH_EMPTY	[v100 @ X8_v13 (Il2CppClass<CodeStage.AntiCheat.Detectors.SpeedHackDetector>)+1C8]
Il2CppClass.0x1D0	ACTk.Runtime	CodeStage.AntiCheat.Detectors.SpeedHackDetector	Dispose	Il2CppClass<CodeStage.AntiCheat.Detectors.SpeedHackDetector>		RuntimeClassTypeAnalysisContext	1D0	0	0	0	Move:memory	RUNTIME_STRUCT:RuntimeClassTypeAnalysisContext	RUNTIME_STRUCT	0	0	-	NOT_APPLICABLE	RUNTIME_STRUCTURE	SEARCH_EMPTY	[v100 @ X8_v13 (Il2CppClass<CodeStage.AntiCheat.Detectors.SpeedHackDetector>)+1D0]
absolute address	ACTk.Runtime	CodeStage.AntiCheat.Detectors.WallHackDetector	.ctor	<untyped>			407FF0	0	0	0	<none>	UNKNOWN:absolute-address	NO_BASE_TYPE	0	0	-	NOT_APPLICABLE	UNKNOWN	NO_OWNER	[407FF0]
absolute address	ACTk.Runtime	CodeStage.AntiCheat.Detectors.WallHackDetector	.ctor	<untyped>			407FF0	0	0	0	<none>	UNKNOWN:absolute-address	NO_BASE_TYPE	0	0	-	NOT_APPLICABLE	UNKNOWN	NO_OWNER	[407FF0]
between fields of the base type	ACTk.Runtime	CodeStage.AntiCheat.Detectors.WallHackDetector	OnDestroy	CodeStage.AntiCheat.Detectors.WallHackDetector	CodeStage.AntiCheat.Detectors.ACTkDetectorBase`1<CodeStage.AntiCheat.Detectors.WallHackDetector>	TypeAnalysisContext	24	120	34	0	<none>	RESOLVABLE:field-at-this-exact-offset	LAYOUT_KNOWN	46	120	EXACT:instancesInScene	CLASS_OBJECT_RELATIVE	THIS	SEARCH_EMPTY	[this @ X0 (CodeStage.AntiCheat.Detectors.WallHackDetector)+24]
generic instance, value type argument	DOTween	DG.Tweening.Plugins.StringPlugin	SetChangeValue	DG.Tweening.Core.TweenerCore`3<System.String, System.String, DG.Tweening.Plugins.Options.StringOptions>		GenericInstanceTypeAnalysisContext	150	0	0	0	<none>	GENERIC_LAYOUT:instantiation	LAYOUT_KNOWN	66	178	INSIDE_NO_FIELD	CLASS_OBJECT_RELATIVE	PARAMETER	SEARCH_EMPTY	[t @ X1 (DG.Tweening.Core.TweenerCore`3<System.String, System.String, DG.Tweening.Plugins.Options.StringOptions>)+150]
generic instance, value type argument	DOTween	DG.Tweening.Plugins.StringPlugin	SetChangeValue	DG.Tweening.Core.TweenerCore`3<System.String, System.String, DG.Tweening.Plugins.Options.StringOptions>		GenericInstanceTypeAnalysisContext	154	0	0	0	<none>	GENERIC_LAYOUT:instantiation	LAYOUT_KNOWN	66	178	INSIDE_NO_FIELD	CLASS_OBJECT_RELATIVE	PARAMETER	SEARCH_EMPTY	[t @ X1 (DG.Tweening.Core.TweenerCore`3<System.String, System.String, DG.Tweening.Plugins.Options.StringOptions>)+154]
Il2CppClass.0x188	ACTk.Runtime	CodeStage.AntiCheat.Genuine.CodeHash.AndroidWorker+CodeHashGeneratorCallback	OnSuccess	Il2CppClass<CodeStage.AntiCheat.Genuine.CodeHash.AndroidWorker>		RuntimeClassTypeAnalysisContext	188	0	0	0	Move:memory	RUNTIME_STRUCT:RuntimeClassTypeAnalysisContext	RUNTIME_STRUCT	0	0	-	NOT_APPLICABLE	RUNTIME_STRUCTURE	SEARCH_EMPTY	[v304 @ X8_v14 (Il2CppClass<CodeStage.AntiCheat.Genuine.CodeHash.AndroidWorker>)+188]
Il2CppClass.0x190	ACTk.Runtime	CodeStage.AntiCheat.Genuine.CodeHash.AndroidWorker+CodeHashGeneratorCallback	OnSuccess	Il2CppClass<CodeStage.AntiCheat.Genuine.CodeHash.AndroidWorker>		RuntimeClassTypeAnalysisContext	190	0	0	0	Move:memory	RUNTIME_STRUCT:RuntimeClassTypeAnalysisContext	RUNTIME_STRUCT	0	0	-	NOT_APPLICABLE	RUNTIME_STRUCTURE	SEARCH_EMPTY	[v304 @ X8_v14 (Il2CppClass<CodeStage.AntiCheat.Genuine.CodeHash.AndroidWorker>)+190]
between fields of the base type	spine-unity-examples	Spine.Unity.Examples.BasicPlatformerController	Update	Spine.Unity.Examples.BasicPlatformerController	UnityEngine.MonoBehaviour	TypeAnalysisContext	0	A4	25	0	<none>	MISSING_METADATA:inside-the-layout-between-fields	LAYOUT_KNOWN	25	A4	INSIDE_NO_FIELD	CLASS_OBJECT_RELATIVE	THIS	NOT_A_FIELD_ACCESS	[this @ X0 (Spine.Unity.Examples.BasicPlatformerController)+v537 @ X8_v33 (System.Int32)]
between fields of the base type	spine-unity-examples	Spine.Unity.Examples.BasicPlatformerController	Update	Spine.Unity.Examples.BasicPlatformerController	UnityEngine.MonoBehaviour	TypeAnalysisContext	0	A4	25	0	<none>	MISSING_METADATA:inside-the-layout-between-fields	LAYOUT_KNOWN	25	A4	INSIDE_NO_FIELD	CLASS_OBJECT_RELATIVE	THIS	NOT_A_FIELD_ACCESS	[this @ X0 (Spine.Unity.Examples.BasicPlatformerController)+v537 @ X8_v33 (System.Int32)]
value type base	spine-unity-examples	Spine.Unity.Examples.BasicPlatformerController	HandleStateChanged	System.Int32	System.ValueType	TypeAnalysisContext	0	0	1	0	Add	MISSING_METADATA:inside-the-layout-between-fields	LAYOUT_KNOWN	1	10	NESTED:m_value	VALUE_RELATIVE	UNKNOWN	NOT_A_FIELD_ACCESS	[v52 @ X9_v2 (System.Int32)+v36 @ X8_v4 (System.Int32)]
absolute address	spine-unity-examples	Spine.Unity.Examples.BasicPlatformerController	.ctor	<untyped>			407B60	0	0	0	<none>	UNKNOWN:absolute-address	NO_BASE_TYPE	0	0	-	NOT_APPLICABLE	UNKNOWN	NO_OWNER	[407B60]
absolute address	spine-unity-examples	Spine.Unity.Examples.BasicPlatformerController	.ctor	<untyped>			408040	0	0	0	<none>	UNKNOWN:absolute-address	NO_BASE_TYPE	0	0	-	NOT_APPLICABLE	UNKNOWN	NO_OWNER	[408040]
value type base	spine-unity-examples	Spine.Unity.Examples.SpineBeginnerTwo+<DoDemoRoutine>d__11	MoveNext	System.Int32	System.ValueType	TypeAnalysisContext	0	0	1	0	Add	MISSING_METADATA:inside-the-layout-between-fields	LAYOUT_KNOWN	1	10	NESTED:m_value	VALUE_RELATIVE	UNKNOWN	NOT_A_FIELD_ACCESS	[v52 @ X9_v2 (System.Int32)+v38 @ X8_v3 (System.Int32)]
past the last field of the base type	spine-unity-examples	Spine.Unity.Examples.SpineBlinkPlayer+<Start>d__4	MoveNext	UnityEngine.Component	UnityEngine.Object	TypeAnalysisContext	20	10	1	0	Move:field SpineBlinkPlayer	PAST_LAST_FIELD:class	LAYOUT_KNOWN	1	10	BEYOND_LAYOUT	CLASS_OBJECT_RELATIVE	INSTANCE_FIELD	SEARCH_EMPTY	[v42 @ X20_v2 (UnityEngine.Component)+20]
past the last field of the base type	spine-unity-examples	Spine.Unity.Examples.SpineBlinkPlayer+<Start>d__4	MoveNext	UnityEngine.Component	UnityEngine.Object	TypeAnalysisContext	28	10	1	0	Move:field SpineBlinkPlayer	PAST_LAST_FIELD:class	LAYOUT_KNOWN	1	10	BEYOND_LAYOUT	CLASS_OBJECT_RELATIVE	INSTANCE_FIELD	SEARCH_EMPTY	[v42 @ X20_v2 (UnityEngine.Component)+28]
past the last field of the base type	spine-unity-examples	Spine.Unity.Examples.SpineBlinkPlayer+<Start>d__4	MoveNext	UnityEngine.Component	UnityEngine.Object	TypeAnalysisContext	2C	10	1	0	Move:field SpineBlinkPlayer	PAST_LAST_FIELD:class	LAYOUT_KNOWN	1	10	BEYOND_LAYOUT	CLASS_OBJECT_RELATIVE	INSTANCE_FIELD	SEARCH_EMPTY	[v42 @ X20_v2 (UnityEngine.Component)+2C]
Il2CppClass.0x218	ACTk.Runtime	CodeStage.AntiCheat.Detectors.TimeCheatingDetector	OnApplicationPause	Il2CppClass<CodeStage.AntiCheat.Detectors.TimeCheatingDetector>		RuntimeClassTypeAnalysisContext	218	0	0	0	Move:memory	RUNTIME_STRUCT:RuntimeClassTypeAnalysisContext	RUNTIME_STRUCT	0	0	-	NOT_APPLICABLE	RUNTIME_STRUCTURE	SEARCH_EMPTY	[v3 @ X8_v2 (Il2CppClass<CodeStage.AntiCheat.Detectors.TimeCheatingDetector>)+218]
Il2CppClass.0x220	ACTk.Runtime	CodeStage.AntiCheat.Detectors.TimeCheatingDetector	OnApplicationPause	Il2CppClass<CodeStage.AntiCheat.Detectors.TimeCheatingDetector>		RuntimeClassTypeAnalysisContext	220	0	0	0	Move:memory	RUNTIME_STRUCT:RuntimeClassTypeAnalysisContext	RUNTIME_STRUCT	0	0	-	NOT_APPLICABLE	RUNTIME_STRUCTURE	SEARCH_EMPTY	[v3 @ X8_v2 (Il2CppClass<CodeStage.AntiCheat.Detectors.TimeCheatingDetector>)+220]
Il2CppClass.0x228	ACTk.Runtime	CodeStage.AntiCheat.Detectors.TimeCheatingDetector	OnApplicationPause	Il2CppClass<CodeStage.AntiCheat.Detectors.TimeCheatingDetector>		RuntimeClassTypeAnalysisContext	228	0	0	0	Move:memory	RUNTIME_STRUCT:RuntimeClassTypeAnalysisContext	RUNTIME_STRUCT	0	0	-	NOT_APPLICABLE	RUNTIME_STRUCTURE	SEARCH_EMPTY	[v3 @ X8_v2 (Il2CppClass<CodeStage.AntiCheat.Detectors.TimeCheatingDetector>)+228]
Il2CppClass.0x230	ACTk.Runtime	CodeStage.AntiCheat.Detectors.TimeCheatingDetector	OnApplicationPause	Il2CppClass<CodeStage.AntiCheat.Detectors.TimeCheatingDetector>		RuntimeClassTypeAnalysisContext	230	0	0	0	Move:memory	RUNTIME_STRUCT:RuntimeClassTypeAnalysisContext	RUNTIME_STRUCT	0	0	-	NOT_APPLICABLE	RUNTIME_STRUCTURE	SEARCH_EMPTY	[v3 @ X8_v2 (Il2CppClass<CodeStage.AntiCheat.Detectors.TimeCheatingDetector>)+230]
Il2CppClass.0x188	ACTk.Runtime	CodeStage.AntiCheat.Genuine.CodeHash.StandaloneWindowsWorker	GenerateHashThread	Il2CppClass<CodeStage.AntiCheat.Genuine.CodeHash.StandaloneWindowsWorker>		RuntimeClassTypeAnalysisContext	188	0	0	0	Move:memory	RUNTIME_STRUCT:RuntimeClassTypeAnalysisContext	RUNTIME_STRUCT	0	0	-	NOT_APPLICABLE	RUNTIME_STRUCTURE	SEARCH_EMPTY	[v191 @ X8_v11 (Il2CppClass<CodeStage.AntiCheat.Genuine.CodeHash.StandaloneWindowsWorker>)+188]
Il2CppClass.0x190	ACTk.Runtime	CodeStage.AntiCheat.Genuine.CodeHash.StandaloneWindowsWorker	GenerateHashThread	Il2CppClass<CodeStage.AntiCheat.Genuine.CodeHash.StandaloneWindowsWorker>		RuntimeClassTypeAnalysisContext	190	0	0	0	Move:memory	RUNTIME_STRUCT:RuntimeClassTypeAnalysisContext	RUNTIME_STRUCT	0	0	-	NOT_APPLICABLE	RUNTIME_STRUCTURE	SEARCH_EMPTY	[v191 @ X8_v11 (Il2CppClass<CodeStage.AntiCheat.Genuine.CodeHash.StandaloneWindowsWorker>)+190]
Il2CppClass.0x135	ACTk.Runtime	CodeStage.AntiCheat.Common.KeepAliveBehaviour`1	set_Instance	Il2CppClass<CodeStage.AntiCheat.Common.KeepAliveBehaviour`1<T>>		RuntimeClassTypeAnalysisContext	135	0	0	0	Move:type Il2CppClass<CodeStage.AntiCheat.Common.KeepAliveBehaviour`1<T>>	RUNTIME_STRUCT:RuntimeClassTypeAnalysisContext	RUNTIME_STRUCT	0	0	-	NOT_APPLICABLE	RUNTIME_STRUCTURE	SEARCH_EMPTY	[v51 @ X0_v6 (Il2CppClass<CodeStage.AntiCheat.Common.KeepAliveBehaviour`1<T>>)+135]
Il2CppClass.0x238	ACTk.Runtime	CodeStage.AntiCheat.Detectors.ACTkDetectorBase`1	Start	Il2CppClass<CodeStage.AntiCheat.Detectors.ACTkDetectorBase`1<T>>		RuntimeClassTypeAnalysisContext	238	0	0	0	Move:memory	RUNTIME_STRUCT:RuntimeClassTypeAnalysisContext	RUNTIME_STRUCT	0	0	-	NOT_APPLICABLE	RUNTIME_STRUCTURE	SEARCH_EMPTY	[v45 @ X8_v6 (Il2CppClass<CodeStage.AntiCheat.Detectors.ACTkDetectorBase`1<T>>)+238]
Il2CppClass.0x240	ACTk.Runtime	CodeStage.AntiCheat.Detectors.ACTkDetectorBase`1	Start	Il2CppClass<CodeStage.AntiCheat.Detectors.ACTkDetectorBase`1<T>>		RuntimeClassTypeAnalysisContext	240	0	0	0	Move:memory	RUNTIME_STRUCT:RuntimeClassTypeAnalysisContext	RUNTIME_STRUCT	0	0	-	NOT_APPLICABLE	RUNTIME_STRUCTURE	SEARCH_EMPTY	[v45 @ X8_v6 (Il2CppClass<CodeStage.AntiCheat.Detectors.ACTkDetectorBase`1<T>>)+240]
Il2CppClass.0x228	ACTk.Runtime	CodeStage.AntiCheat.Detectors.ACTkDetectorBase`1	OnEnable	Il2CppClass<CodeStage.AntiCheat.Detectors.ACTkDetectorBase`1<T>>		RuntimeClassTypeAnalysisContext	228	0	0	0	Move:memory	RUNTIME_STRUCT:RuntimeClassTypeAnalysisContext	RUNTIME_STRUCT	0	0	-	NOT_APPLICABLE	RUNTIME_STRUCTURE	SEARCH_EMPTY	[v0 @ X8_v1 (Il2CppClass<CodeStage.AntiCheat.Detectors.ACTkDetectorBase`1<T>>)+228]
Il2CppClass.0x230	ACTk.Runtime	CodeStage.AntiCheat.Detectors.ACTkDetectorBase`1	OnEnable	Il2CppClass<CodeStage.AntiCheat.Detectors.ACTkDetectorBase`1<T>>		RuntimeClassTypeAnalysisContext	230	0	0	0	Move:memory	RUNTIME_STRUCT:RuntimeClassTypeAnalysisContext	RUNTIME_STRUCT	0	0	-	NOT_APPLICABLE	RUNTIME_STRUCTURE	SEARCH_EMPTY	[v0 @ X8_v1 (Il2CppClass<CodeStage.AntiCheat.Detectors.ACTkDetectorBase`1<T>>)+230]
Il2CppClass.0x218	ACTk.Runtime	CodeStage.AntiCheat.Detectors.ACTkDetectorBase`1	OnDisable	Il2CppClass<CodeStage.AntiCheat.Detectors.ACTkDetectorBase`1<T>>		RuntimeClassTypeAnalysisContext	218	0	0	0	Move:memory	RUNTIME_STRUCT:RuntimeClassTypeAnalysisContext	RUNTIME_STRUCT	0	0	-	NOT_APPLICABLE	RUNTIME_STRUCTURE	SEARCH_EMPTY	[v0 @ X8_v1 (Il2CppClass<CodeStage.AntiCheat.Detectors.ACTkDetectorBase`1<T>>)+218]
Il2CppClass.0x220	ACTk.Runtime	CodeStage.AntiCheat.Detectors.ACTkDetectorBase`1	OnDisable	Il2CppClass<CodeStage.AntiCheat.Detectors.ACTkDetectorBase`1<T>>		RuntimeClassTypeAnalysisContext	220	0	0	0	Move:memory	RUNTIME_STRUCT:RuntimeClassTypeAnalysisContext	RUNTIME_STRUCT	0	0	-	NOT_APPLICABLE	RUNTIME_STRUCTURE	SEARCH_EMPTY	[v0 @ X8_v1 (Il2CppClass<CodeStage.AntiCheat.Detectors.ACTkDetectorBase`1<T>>)+220]
base has no type, from Move from RuntimeClassTypeAnalysisContext	ACTk.Runtime	CodeStage.AntiCheat.Common.KeepAliveBehaviour`1	get_GetOrCreateInstance	<untyped>			B8	0	0	0	Move:type Il2CppClass<CodeStage.AntiCheat.Common.KeepAliveBehaviour`1<T>>	UNKNOWN:move-from-RuntimeClassTypeAnalysisContext	NO_BASE_TYPE	0	0	-	NOT_APPLICABLE	UNKNOWN	NO_OWNER	[v219 @ X0_v36+B8]
Il2CppClass.0x208	ACTk.Runtime	CodeStage.AntiCheat.Detectors.TimeCheatingDetector	StopDetection	Il2CppClass<CodeStage.AntiCheat.Detectors.TimeCheatingDetector>		RuntimeClassTypeAnalysisContext	208	0	0	0	Move:memory	RUNTIME_STRUCT:RuntimeClassTypeAnalysisContext	RUNTIME_STRUCT	0	0	-	NOT_APPLICABLE	RUNTIME_STRUCTURE	SEARCH_EMPTY	[v100 @ X8_v13 (Il2CppClass<CodeStage.AntiCheat.Detectors.TimeCheatingDetector>)+208]
Il2CppClass.0x210	ACTk.Runtime	CodeStage.AntiCheat.Detectors.TimeCheatingDetector	StopDetection	Il2CppClass<CodeStage.AntiCheat.Detectors.TimeCheatingDetector>		RuntimeClassTypeAnalysisContext	210	0	0	0	Move:memory	RUNTIME_STRUCT:RuntimeClassTypeAnalysisContext	RUNTIME_STRUCT	0	0	-	NOT_APPLICABLE	RUNTIME_STRUCTURE	SEARCH_EMPTY	[v100 @ X8_v13 (Il2CppClass<CodeStage.AntiCheat.Detectors.TimeCheatingDetector>)+210]
Il2CppClass.0x1C8	ACTk.Runtime	CodeStage.AntiCheat.Detectors.ACTkDetectorBase`1	OnApplicationQuit	Il2CppClass<CodeStage.AntiCheat.Detectors.ACTkDetectorBase`1<T>>		RuntimeClassTypeAnalysisContext	1C8	0	0	0	Move:memory	RUNTIME_STRUCT:RuntimeClassTypeAnalysisContext	RUNTIME_STRUCT	0	0	-	NOT_APPLICABLE	RUNTIME_STRUCTURE	SEARCH_EMPTY	[v4 @ X8_v1 (Il2CppClass<CodeStage.AntiCheat.Detectors.ACTkDetectorBase`1<T>>)+1C8]
Il2CppClass.0x1D0	ACTk.Runtime	CodeStage.AntiCheat.Detectors.ACTkDetectorBase`1	OnApplicationQuit	Il2CppClass<CodeStage.AntiCheat.Detectors.ACTkDetectorBase`1<T>>		RuntimeClassTypeAnalysisContext	1D0	0	0	0	Move:memory	RUNTIME_STRUCT:RuntimeClassTypeAnalysisContext	RUNTIME_STRUCT	0	0	-	NOT_APPLICABLE	RUNTIME_STRUCTURE	SEARCH_EMPTY	[v4 @ X8_v1 (Il2CppClass<CodeStage.AntiCheat.Detectors.ACTkDetectorBase`1<T>>)+1D0]
static field storage at 0x2C	spine-unity-examples	Spine.Unity.Examples.SpineboyBeginnerModel+<JumpRoutine>d__19	MoveNext	UnityEngine.Vector3	System.ValueType	TypeAnalysisContext	2C	8	3	0	Move:memory	RUNTIME_STRUCT:StaticFieldStorageTypeAnalysisContext	LAYOUT_KNOWN	3	18	BEYOND_LAYOUT	NEITHER	STATIC_FIELD	SEARCH_EMPTY	[v309 @ X8_v8 (Il2CppStaticFields<UnityEngine.Vector3>)+2C]
Il2CppClass.0x135	ACTk.Runtime	CodeStage.AntiCheat.Common.KeepAliveBehaviour`1	Awake	Il2CppClass<CodeStage.AntiCheat.Common.KeepAliveBehaviour`1<T>>		RuntimeClassTypeAnalysisContext	135	0	0	0	Move:type Il2CppClass<CodeStage.AntiCheat.Common.KeepAliveBehaviour`1<T>>	RUNTIME_STRUCT:RuntimeClassTypeAnalysisContext	RUNTIME_STRUCT	0	0	-	NOT_APPLICABLE	RUNTIME_STRUCTURE	SEARCH_EMPTY	[v80 @ X0_v21 (Il2CppClass<CodeStage.AntiCheat.Common.KeepAliveBehaviour`1<T>>)+135]
static field storage at 0x28	spine-unity-examples	Spine.Unity.Examples.SpineboyBeginnerModel+<JumpRoutine>d__19	MoveNext	UnityEngine.Vector3	System.ValueType	TypeAnalysisContext	28	8	3	0	Move:memory	RUNTIME_STRUCT:StaticFieldStorageTypeAnalysisContext	LAYOUT_KNOWN	3	18	BEYOND_LAYOUT	NEITHER	STATIC_FIELD	SEARCH_EMPTY	[v309 @ X8_v8 (Il2CppStaticFields<UnityEngine.Vector3>)+28]
Il2CppClass.0x1C8	ACTk.Runtime	CodeStage.AntiCheat.Detectors.ACTkDetectorBase`1	OnCheatingDetected	Il2CppClass<CodeStage.AntiCheat.Detectors.ACTkDetectorBase`1<T>>		RuntimeClassTypeAnalysisContext	1C8	0	0	0	Move:memory	RUNTIME_STRUCT:RuntimeClassTypeAnalysisContext	RUNTIME_STRUCT	0	0	-	NOT_APPLICABLE	RUNTIME_STRUCTURE	SEARCH_EMPTY	[v40 @ X8_v3 (Il2CppClass<CodeStage.AntiCheat.Detectors.ACTkDetectorBase`1<T>>)+1C8]
Il2CppClass.0x1D0	ACTk.Runtime	CodeStage.AntiCheat.Detectors.ACTkDetectorBase`1	OnCheatingDetected	Il2CppClass<CodeStage.AntiCheat.Detectors.ACTkDetectorBase`1<T>>		RuntimeClassTypeAnalysisContext	1D0	0	0	0	Move:memory	RUNTIME_STRUCT:RuntimeClassTypeAnalysisContext	RUNTIME_STRUCT	0	0	-	NOT_APPLICABLE	RUNTIME_STRUCTURE	SEARCH_EMPTY	[v40 @ X8_v3 (Il2CppClass<CodeStage.AntiCheat.Detectors.ACTkDetectorBase`1<T>>)+1D0]
Il2CppClass.0x208	ACTk.Runtime	CodeStage.AntiCheat.Detectors.ACTkDetectorBase`1	OnCheatingDetected	Il2CppClass<CodeStage.AntiCheat.Detectors.ACTkDetectorBase`1<T>>		RuntimeClassTypeAnalysisContext	208	0	0	0	Move:memory	RUNTIME_STRUCT:RuntimeClassTypeAnalysisContext	RUNTIME_STRUCT	0	0	-	NOT_APPLICABLE	RUNTIME_STRUCTURE	SEARCH_EMPTY	[v40 @ X8_v3 (Il2CppClass<CodeStage.AntiCheat.Detectors.ACTkDetectorBase`1<T>>)+208]
static field storage at 0x20	spine-unity-examples	Spine.Unity.Examples.SpineboyBeginnerModel+<JumpRoutine>d__19	MoveNext	UnityEngine.Vector3	System.ValueType	TypeAnalysisContext	20	8	3	0	Move:memory	RUNTIME_STRUCT:StaticFieldStorageTypeAnalysisContext	LAYOUT_KNOWN	3	18	BEYOND_LAYOUT	NEITHER	STATIC_FIELD	SEARCH_EMPTY	[v235 @ X8_v21 (Il2CppStaticFields<UnityEngine.Vector3>)+20]
Il2CppClass.0x210	ACTk.Runtime	CodeStage.AntiCheat.Detectors.ACTkDetectorBase`1	OnCheatingDetected	Il2CppClass<CodeStage.AntiCheat.Detectors.ACTkDetectorBase`1<T>>		RuntimeClassTypeAnalysisContext	210	0	0	0	Move:memory	RUNTIME_STRUCT:RuntimeClassTypeAnalysisContext	RUNTIME_STRUCT	0	0	-	NOT_APPLICABLE	RUNTIME_STRUCTURE	SEARCH_EMPTY	[v40 @ X8_v3 (Il2CppClass<CodeStage.AntiCheat.Detectors.ACTkDetectorBase`1<T>>)+210]
static field storage at 0x1C	spine-unity-examples	Spine.Unity.Examples.SpineboyBeginnerModel+<JumpRoutine>d__19	MoveNext	UnityEngine.Vector3	System.ValueType	TypeAnalysisContext	1C	8	3	0	Move:memory	RUNTIME_STRUCT:StaticFieldStorageTypeAnalysisContext	LAYOUT_KNOWN	3	18	BEYOND_LAYOUT	NEITHER	STATIC_FIELD	SEARCH_EMPTY	[v235 @ X8_v21 (Il2CppStaticFields<UnityEngine.Vector3>)+1C]
Il2CppClass.0x1C8	ACTk.Runtime	CodeStage.AntiCheat.Detectors.TimeCheatingDetector	Dispose	Il2CppClass<CodeStage.AntiCheat.Detectors.TimeCheatingDetector>		RuntimeClassTypeAnalysisContext	1C8	0	0	0	Move:memory	RUNTIME_STRUCT:RuntimeClassTypeAnalysisContext	RUNTIME_STRUCT	0	0	-	NOT_APPLICABLE	RUNTIME_STRUCTURE	SEARCH_EMPTY	[v100 @ X8_v13 (Il2CppClass<CodeStage.AntiCheat.Detectors.TimeCheatingDetector>)+1C8]
Il2CppClass.0x1D0	ACTk.Runtime	CodeStage.AntiCheat.Detectors.TimeCheatingDetector	Dispose	Il2CppClass<CodeStage.AntiCheat.Detectors.TimeCheatingDetector>		RuntimeClassTypeAnalysisContext	1D0	0	0	0	Move:memory	RUNTIME_STRUCT:RuntimeClassTypeAnalysisContext	RUNTIME_STRUCT	0	0	-	NOT_APPLICABLE	RUNTIME_STRUCTURE	SEARCH_EMPTY	[v100 @ X8_v13 (Il2CppClass<CodeStage.AntiCheat.Detectors.TimeCheatingDetector>)+1D0]
Il2CppClass.0x1B0	ACTk.Runtime	CodeStage.AntiCheat.Common.KeepAliveBehaviour`1	OnDestroy	Il2CppClass<CodeStage.AntiCheat.Common.KeepAliveBehaviour`1<T>>		RuntimeClassTypeAnalysisContext	1B0	0	0	0	Move:memory	RUNTIME_STRUCT:RuntimeClassTypeAnalysisContext	RUNTIME_STRUCT	0	0	-	NOT_APPLICABLE	RUNTIME_STRUCTURE	SEARCH_EMPTY	[v228 @ X8_v9 (Il2CppClass<CodeStage.AntiCheat.Common.KeepAliveBehaviour`1<T>>)+1B0]
Il2CppClass.0x135	ACTk.Runtime	CodeStage.AntiCheat.Common.KeepAliveBehaviour`1	OnDestroy	Il2CppClass<CodeStage.AntiCheat.Common.KeepAliveBehaviour`1<T>>		RuntimeClassTypeAnalysisContext	135	0	0	0	Move:type Il2CppClass<CodeStage.AntiCheat.Common.KeepAliveBehaviour`1<T>>	RUNTIME_STRUCT:RuntimeClassTypeAnalysisContext	RUNTIME_STRUCT	0	0	-	NOT_APPLICABLE	RUNTIME_STRUCTURE	SEARCH_EMPTY	[v277 @ X0_v29 (Il2CppClass<CodeStage.AntiCheat.Common.KeepAliveBehaviour`1<T>>)+135]
Il2CppClass.0x1C8	ACTk.Runtime	CodeStage.AntiCheat.Common.KeepAliveBehaviour`1	OnSceneLoaded	Il2CppClass<CodeStage.AntiCheat.Common.KeepAliveBehaviour`1<T>>		RuntimeClassTypeAnalysisContext	1C8	0	0	0	Move:memory	RUNTIME_STRUCT:RuntimeClassTypeAnalysisContext	RUNTIME_STRUCT	0	0	-	NOT_APPLICABLE	RUNTIME_STRUCTURE	SEARCH_EMPTY	[v91 @ X8_v6 (Il2CppClass<CodeStage.AntiCheat.Common.KeepAliveBehaviour`1<T>>)+1C8]
Il2CppClass.0x1D0	ACTk.Runtime	CodeStage.AntiCheat.Common.KeepAliveBehaviour`1	OnSceneLoaded	Il2CppClass<CodeStage.AntiCheat.Common.KeepAliveBehaviour`1<T>>		RuntimeClassTypeAnalysisContext	1D0	0	0	0	Move:memory	RUNTIME_STRUCT:RuntimeClassTypeAnalysisContext	RUNTIME_STRUCT	0	0	-	NOT_APPLICABLE	RUNTIME_STRUCTURE	SEARCH_EMPTY	[v91 @ X8_v6 (Il2CppClass<CodeStage.AntiCheat.Common.KeepAliveBehaviour`1<T>>)+1D0]
past the last field of the base type	ACTk.Runtime	CodeStage.AntiCheat.Common.KeepAliveBehaviour`1	Init	T		GenericParameterTypeAnalysisContext	20	0	0	0	<none>	GENERIC_LAYOUT:open-parameter	OPEN_TYPE_PARAMETER	0	0	-	NOT_APPLICABLE	PARAMETER	SEARCH_EMPTY	[instance @ X1 (T)+20]
Il2CppClass.0x208	ACTk.Runtime	CodeStage.AntiCheat.Detectors.ObscuredCheatingDetector	StopDetection	Il2CppClass<CodeStage.AntiCheat.Detectors.ObscuredCheatingDetector>		RuntimeClassTypeAnalysisContext	208	0	0	0	Move:memory	RUNTIME_STRUCT:RuntimeClassTypeAnalysisContext	RUNTIME_STRUCT	0	0	-	NOT_APPLICABLE	RUNTIME_STRUCTURE	SEARCH_EMPTY	[v100 @ X8_v13 (Il2CppClass<CodeStage.AntiCheat.Detectors.ObscuredCheatingDetector>)+208]
Il2CppClass.0x210	ACTk.Runtime	CodeStage.AntiCheat.Detectors.ObscuredCheatingDetector	StopDetection	Il2CppClass<CodeStage.AntiCheat.Detectors.ObscuredCheatingDetector>		RuntimeClassTypeAnalysisContext	210	0	0	0	Move:memory	RUNTIME_STRUCT:RuntimeClassTypeAnalysisContext	RUNTIME_STRUCT	0	0	-	NOT_APPLICABLE	RUNTIME_STRUCTURE	SEARCH_EMPTY	[v100 @ X8_v13 (Il2CppClass<CodeStage.AntiCheat.Detectors.ObscuredCheatingDetector>)+210]
value type base	spine-unity-examples	HurtFlashEffect+<FlashRoutine>d__9	MoveNext	System.Int32	System.ValueType	TypeAnalysisContext	0	0	1	0	Add	MISSING_METADATA:inside-the-layout-between-fields	LAYOUT_KNOWN	1	10	NESTED:m_value	VALUE_RELATIVE	UNKNOWN	NOT_A_FIELD_ACCESS	[v55 @ X9_v2 (System.Int32)+v40 @ X8_v3 (System.Int32)]
Il2CppClass.0x1C8	ACTk.Runtime	CodeStage.AntiCheat.Detectors.ObscuredCheatingDetector	Dispose	Il2CppClass<CodeStage.AntiCheat.Detectors.ObscuredCheatingDetector>		RuntimeClassTypeAnalysisContext	1C8	0	0	0	Move:memory	RUNTIME_STRUCT:RuntimeClassTypeAnalysisContext	RUNTIME_STRUCT	0	0	-	NOT_APPLICABLE	RUNTIME_STRUCTURE	SEARCH_EMPTY	[v100 @ X8_v13 (Il2CppClass<CodeStage.AntiCheat.Detectors.ObscuredCheatingDetector>)+1C8]
Il2CppClass.0x1D0	ACTk.Runtime	CodeStage.AntiCheat.Detectors.ObscuredCheatingDetector	Dispose	Il2CppClass<CodeStage.AntiCheat.Detectors.ObscuredCheatingDetector>		RuntimeClassTypeAnalysisContext	1D0	0	0	0	Move:memory	RUNTIME_STRUCT:RuntimeClassTypeAnalysisContext	RUNTIME_STRUCT	0	0	-	NOT_APPLICABLE	RUNTIME_STRUCTURE	SEARCH_EMPTY	[v100 @ X8_v13 (Il2CppClass<CodeStage.AntiCheat.Detectors.ObscuredCheatingDetector>)+1D0]
absolute address	ACTk.Runtime	CodeStage.AntiCheat.Detectors.ObscuredCheatingDetector	.ctor	<untyped>			407B00	0	0	0	<none>	UNKNOWN:absolute-address	NO_BASE_TYPE	0	0	-	NOT_APPLICABLE	UNKNOWN	NO_OWNER	[407B00]
base has no type, from no definition	spine-unity-examples	Spine.Unity.Examples.SkeletonAnimationHandleExample	TryGetTransition	<untyped>			10	0	0	0	<none>	TYPE_PROPAGATION:entry-value	NO_BASE_TYPE	0	0	-	NOT_APPLICABLE	STACK_SLOT	NO_OWNER	[v112 @ stack_-58+10]
base has no type, from no definition	spine-unity-examples	Spine.Unity.Examples.SkeletonAnimationHandleExample	TryGetTransition	<untyped>			18	0	0	0	<none>	TYPE_PROPAGATION:entry-value	NO_BASE_TYPE	0	0	-	NOT_APPLICABLE	STACK_SLOT	NO_OWNER	[v112 @ stack_-58+18]
base has no type, from no definition	spine-unity-examples	Spine.Unity.Examples.SkeletonAnimationHandleExample	TryGetTransition	<untyped>			20	0	0	0	<none>	TYPE_PROPAGATION:entry-value	NO_BASE_TYPE	0	0	-	NOT_APPLICABLE	STACK_SLOT	NO_OWNER	[v112 @ stack_-58+20]
base has no type, from no definition	spine-unity-examples	Spine.Unity.Examples.SkeletonAnimationHandleExample	TryGetTransition	<untyped>			20	0	0	0	<none>	TYPE_PROPAGATION:entry-value	NO_BASE_TYPE	0	0	-	NOT_APPLICABLE	STACK_SLOT	NO_OWNER	[v112 @ stack_-58+20]
value type base	ACTk.Runtime	CodeStage.AntiCheat.Detectors.TimeCheatingDetector	TryGetDate	System.Int32	System.ValueType	TypeAnalysisContext	0	0	1	0	Add	MISSING_METADATA:inside-the-layout-between-fields	LAYOUT_KNOWN	1	10	NESTED:m_value	VALUE_RELATIVE	UNKNOWN	NOT_A_FIELD_ACCESS	[v326 @ X11_v21 (System.Int32)+v327 @ X10_v22 (System.Int32)*4]
Il2CppClass.0x1D0	spine-unity-examples	Spine.Unity.SkeletonAnimationMulti	Initialize	Il2CppClass<Spine.Unity.SkeletonAnimation>		RuntimeClassTypeAnalysisContext	1D0	0	0	0	Move:memory	RUNTIME_STRUCT:RuntimeClassTypeAnalysisContext	RUNTIME_STRUCT	0	0	-	NOT_APPLICABLE	RUNTIME_STRUCTURE	SEARCH_EMPTY	[v747 @ X8_v54 (Il2CppClass<Spine.Unity.SkeletonAnimation>)+1D0]
past the last field of the base type	spine-unity-examples	Spine.Unity.SkeletonAnimationMulti	SetAnimation	System.Object		TypeAnalysisContext	C8	0	0	0	<none>	NO_KNOWN_LAYOUT:type-has-no-instance-fields	NO_INSTANCE_FIELDS	0	0	BEYOND_LAYOUT	CLASS_OBJECT_RELATIVE	STACK_SLOT	SEARCH_EMPTY	[v52 @ stack_-28_v4 (System.Object)+C8]
past the last field of the base type	spine-unity-examples	Spine.Unity.SkeletonAnimationMulti	SetAnimation	System.Object		TypeAnalysisContext	E8	0	0	0	<none>	NO_KNOWN_LAYOUT:type-has-no-instance-fields	NO_INSTANCE_FIELDS	0	0	BEYOND_LAYOUT	CLASS_OBJECT_RELATIVE	STACK_SLOT	SEARCH_EMPTY	[v52 @ stack_-28_v4 (System.Object)+E8]
value type base	spine-unity-examples	Spine.Unity.Prototyping.SkeletonColorInitialize	ApplySettings	System.Int32	System.ValueType	TypeAnalysisContext	10	0	1	0	Move:Immediate	RESOLVABLE:field-at-this-exact-offset	LAYOUT_KNOWN	1	10	EXACT:m_value	OBJECT_RELATIVE	UNKNOWN	SEARCH_EMPTY	[v277 @ X22_v5 (System.Int32)+10]
value type base	spine-unity-examples	Spine.Unity.Prototyping.SkeletonColorInitialize	ApplySettings	System.Int32	System.ValueType	TypeAnalysisContext	18	0	1	0	Move:Immediate	PAST_LAST_FIELD:value-type	LAYOUT_KNOWN	1	10	BEYOND_LAYOUT	NEITHER	UNKNOWN	SEARCH_EMPTY	[v277 @ X22_v5 (System.Int32)+18]
value type base	spine-unity-examples	Spine.Unity.Prototyping.SkeletonColorInitialize	ApplySettings	System.Int32	System.ValueType	TypeAnalysisContext	1C	0	1	0	Move:Immediate	PAST_LAST_FIELD:value-type	LAYOUT_KNOWN	1	10	BEYOND_LAYOUT	NEITHER	UNKNOWN	SEARCH_EMPTY	[v277 @ X22_v5 (System.Int32)+1C]
value type base	spine-unity-examples	Spine.Unity.Prototyping.SkeletonColorInitialize	ApplySettings	System.Int32	System.ValueType	TypeAnalysisContext	20	0	1	0	Move:Immediate	PAST_LAST_FIELD:value-type	LAYOUT_KNOWN	1	10	BEYOND_LAYOUT	NEITHER	UNKNOWN	SEARCH_EMPTY	[v277 @ X22_v5 (System.Int32)+20]
value type base	spine-unity-examples	Spine.Unity.Prototyping.SkeletonColorInitialize	ApplySettings	System.Int32	System.ValueType	TypeAnalysisContext	24	0	1	0	Move:Immediate	PAST_LAST_FIELD:value-type	LAYOUT_KNOWN	1	10	BEYOND_LAYOUT	NEITHER	UNKNOWN	SEARCH_EMPTY	[v277 @ X22_v5 (System.Int32)+24]
Il2CppClass.0x1E8	ACTk.Runtime	CodeStage.AntiCheat.Detectors.TimeCheatingDetector	ReportCheckResult	Il2CppClass<CodeStage.AntiCheat.Detectors.TimeCheatingDetector>		RuntimeClassTypeAnalysisContext	1E8	0	0	0	Move:memory	RUNTIME_STRUCT:RuntimeClassTypeAnalysisContext	RUNTIME_STRUCT	0	0	-	NOT_APPLICABLE	RUNTIME_STRUCTURE	SEARCH_EMPTY	[v146 @ X8_v4 (Il2CppClass<CodeStage.AntiCheat.Detectors.TimeCheatingDetector>)+1E8]
Il2CppClass.0x1F0	ACTk.Runtime	CodeStage.AntiCheat.Detectors.TimeCheatingDetector	ReportCheckResult	Il2CppClass<CodeStage.AntiCheat.Detectors.TimeCheatingDetector>		RuntimeClassTypeAnalysisContext	1F0	0	0	0	Move:memory	RUNTIME_STRUCT:RuntimeClassTypeAnalysisContext	RUNTIME_STRUCT	0	0	-	NOT_APPLICABLE	RUNTIME_STRUCTURE	SEARCH_EMPTY	[v146 @ X8_v4 (Il2CppClass<CodeStage.AntiCheat.Detectors.TimeCheatingDetector>)+1F0]
value type base	spine-unity-examples	Spine.Unity.Prototyping.SpineEventUnityHandler	OnDestroy	System.Int32	System.ValueType	TypeAnalysisContext	20	0	1	0	Move:Immediate	PAST_LAST_FIELD:value-type	LAYOUT_KNOWN	1	10	BEYOND_LAYOUT	NEITHER	UNKNOWN	SEARCH_EMPTY	[v255 @ X22_v5 (System.Int32)+20]
value type base	spine-unity-examples	Spine.Unity.Prototyping.SpineEventUnityHandler	OnDestroy	System.Int32	System.ValueType	TypeAnalysisContext	20	0	1	0	Move:Immediate	PAST_LAST_FIELD:value-type	LAYOUT_KNOWN	1	10	BEYOND_LAYOUT	NEITHER	UNKNOWN	SEARCH_EMPTY	[v255 @ X22_v5 (System.Int32)+20]
value type base	ACTk.Runtime	CodeStage.AntiCheat.Detectors.WallHackDetector+<CaptureFrame>d__76	MoveNext	System.Int32	System.ValueType	TypeAnalysisContext	0	0	1	0	Add	MISSING_METADATA:inside-the-layout-between-fields	LAYOUT_KNOWN	1	10	NESTED:m_value	VALUE_RELATIVE	UNKNOWN	NOT_A_FIELD_ACCESS	[v78 @ X9_v2 (System.Int32)+v64 @ X8_v3 (System.Int32)]
negative offset off a typed base	spine-unity-examples	Spine.Unity.Examples.AttackSpineboy	Update	System.Int32	System.ValueType	TypeAnalysisContext	FFFFFFFFFFFFFFF8	0	1	0	Add	MISSING_METADATA:inside-the-layout-between-fields	LAYOUT_KNOWN	1	10	NEGATIVE	NEITHER	THIS	SEARCH_EMPTY	[v44 @ X20_v5 (System.Int32)-8]
value type base	spine-unity-examples	Spine.Unity.Examples.DummyMecanimControllerExample+<FakeJump>d__12	MoveNext	System.Int32	System.ValueType	TypeAnalysisContext	0	0	1	0	Add	MISSING_METADATA:inside-the-layout-between-fields	LAYOUT_KNOWN	1	10	NESTED:m_value	VALUE_RELATIVE	UNKNOWN	NOT_A_FIELD_ACCESS	[v53 @ X9_v2 (System.Int32)+v38 @ X8_v3 (System.Int32)]
static field storage at 0x2C	spine-unity-examples	Spine.Unity.Examples.DataAssetsFromExportsExample+<Start>d__8	MoveNext	UnityEngine.Vector3	System.ValueType	TypeAnalysisContext	2C	8	3	0	Move:memory	RUNTIME_STRUCT:StaticFieldStorageTypeAnalysisContext	LAYOUT_KNOWN	3	18	BEYOND_LAYOUT	NEITHER	STATIC_FIELD	SEARCH_EMPTY	[v87 @ X8_v21 (Il2CppStaticFields<UnityEngine.Vector3>)+2C]
static field storage at 0x2C	spine-unity-examples	Spine.Unity.Examples.DataAssetsFromExportsExample+<Start>d__8	MoveNext	UnityEngine.Vector3	System.ValueType	TypeAnalysisContext	2C	8	3	0	Move:memory	RUNTIME_STRUCT:StaticFieldStorageTypeAnalysisContext	LAYOUT_KNOWN	3	18	BEYOND_LAYOUT	NEITHER	STATIC_FIELD	SEARCH_EMPTY	[v87 @ X8_v21 (Il2CppStaticFields<UnityEngine.Vector3>)+2C]
static field storage at 0x28	spine-unity-examples	Spine.Unity.Examples.DataAssetsFromExportsExample+<Start>d__8	MoveNext	UnityEngine.Vector3	System.ValueType	TypeAnalysisContext	28	8	3	0	Move:memory	RUNTIME_STRUCT:StaticFieldStorageTypeAnalysisContext	LAYOUT_KNOWN	3	18	BEYOND_LAYOUT	NEITHER	STATIC_FIELD	SEARCH_EMPTY	[v87 @ X8_v21 (Il2CppStaticFields<UnityEngine.Vector3>)+28]
static field storage at 0x28	spine-unity-examples	Spine.Unity.Examples.DataAssetsFromExportsExample+<Start>d__8	MoveNext	UnityEngine.Vector3	System.ValueType	TypeAnalysisContext	28	8	3	0	Move:memory	RUNTIME_STRUCT:StaticFieldStorageTypeAnalysisContext	LAYOUT_KNOWN	3	18	BEYOND_LAYOUT	NEITHER	STATIC_FIELD	SEARCH_EMPTY	[v87 @ X8_v21 (Il2CppStaticFields<UnityEngine.Vector3>)+28]
past the last field of the base type	spine-unity-examples	Spine.Unity.Examples.AnimationMatchModifierAsset+AnimationTools	GetFillerTimeline	System.Array	System.Object	TypeAnalysisContext	18	0	0	0	Move:field Single[]	NO_KNOWN_LAYOUT:type-has-no-instance-fields	NO_INSTANCE_FIELDS	0	0	BEYOND_LAYOUT	CLASS_OBJECT_RELATIVE	INSTANCE_FIELD	SEARCH_EMPTY	[v57 @ X0_v9 (System.Array)+18]
Il2CppClass.0x1D0	spine-unity-examples	Spine.Unity.Examples.AtlasRegionAttacher	Apply	Il2CppClass<Spine.Unity.SpineAtlasAsset>		RuntimeClassTypeAnalysisContext	1D0	0	0	0	Move:memory	RUNTIME_STRUCT:RuntimeClassTypeAnalysisContext	RUNTIME_STRUCT	0	0	-	NOT_APPLICABLE	RUNTIME_STRUCTURE	SEARCH_EMPTY	[v149 @ X8_v10 (Il2CppClass<Spine.Unity.SpineAtlasAsset>)+1D0]
Il2CppClass.0x1D0	spine-unity-examples	Spine.Unity.Examples.AtlasRegionAttacher	Apply	Il2CppClass<Spine.Unity.SpineAtlasAsset>		RuntimeClassTypeAnalysisContext	1D0	0	0	0	Move:memory	RUNTIME_STRUCT:RuntimeClassTypeAnalysisContext	RUNTIME_STRUCT	0	0	-	NOT_APPLICABLE	RUNTIME_STRUCTURE	SEARCH_EMPTY	[v149 @ X8_v10 (Il2CppClass<Spine.Unity.SpineAtlasAsset>)+1D0]
base has no type, from no definition	spine-unity-examples	Spine.Unity.Examples.AtlasRegionAttacher	Apply	<untyped>			10	0	0	0	<none>	TYPE_PROPAGATION:entry-value	NO_BASE_TYPE	0	0	-	NOT_APPLICABLE	STACK_SLOT	NO_OWNER	[v235 @ stack_-68+10]
base has no type, from no definition	spine-unity-examples	Spine.Unity.Examples.AtlasRegionAttacher	Apply	<untyped>			18	0	0	0	<none>	TYPE_PROPAGATION:entry-value	NO_BASE_TYPE	0	0	-	NOT_APPLICABLE	STACK_SLOT	NO_OWNER	[v235 @ stack_-68+18]
between fields of the base type	spine-unity	Spine.SkeletonJson	ReadSkeletonData	System.NullReferenceException	System.SystemException	TypeAnalysisContext	1C	88	16	0	Move:local List`1<Spine.SkeletonJson+LinkedMesh>	MISSING_METADATA:inside-the-layout-between-fields	LAYOUT_KNOWN	16	88	INSIDE_NO_FIELD	CLASS_OBJECT_RELATIVE	UNKNOWN	SEARCH_EMPTY	[v1334 @ X0_v941 (System.NullReferenceException)+1C]
past the last field of the base type	spine-unity-examples	Spine.Unity.Examples.SpriteAttacher	Initialize	UnityEngine.Object	System.Object	TypeAnalysisContext	180	10	1	0	Move:Immediate	PAST_LAST_FIELD:class	LAYOUT_KNOWN	1	10	BEYOND_LAYOUT	CLASS_OBJECT_RELATIVE	UNKNOWN	SEARCH_EMPTY	[v372 @ X21_v14 (UnityEngine.Object)+180]
base has no type, from no definition	spine-unity-examples	Spine.Unity.Examples.SkeletonAnimationHandleExample	Awake	<untyped>			18	0	0	0	<none>	TYPE_PROPAGATION:entry-value	NO_BASE_TYPE	0	0	-	NOT_APPLICABLE	STACK_SLOT	NO_OWNER	[v165 @ stack_-88+18]
base has no type, from no definition	spine-unity-examples	Spine.Unity.Examples.SkeletonAnimationHandleExample	Awake	<untyped>			10	0	0	0	<none>	TYPE_PROPAGATION:entry-value	NO_BASE_TYPE	0	0	-	NOT_APPLICABLE	STACK_SLOT	NO_OWNER	[v165 @ stack_-88+10]
base has no type, from no definition	spine-unity-examples	Spine.Unity.Examples.SkeletonAnimationHandleExample	Awake	<untyped>			18	0	0	0	<none>	TYPE_PROPAGATION:entry-value	NO_BASE_TYPE	0	0	-	NOT_APPLICABLE	STACK_SLOT	NO_OWNER	[v165 @ stack_-88+18]
base has no type, from no definition	spine-unity-examples	Spine.Unity.Examples.SkeletonAnimationHandleExample	Awake	<untyped>			20	0	0	0	<none>	TYPE_PROPAGATION:entry-value	NO_BASE_TYPE	0	0	-	NOT_APPLICABLE	STACK_SLOT	NO_OWNER	[v165 @ stack_-88+20]
Il2CppMethodInfo.klass	spine-unity	Spine.SkeletonJson	ReadSkeletonData	Il2CppMethodInfo		RuntimeMethodInfoAnalysisContext	18	0	0	0	Move:type Il2CppMethodInfo	RUNTIME_STRUCT:RuntimeMethodInfoAnalysisContext	RUNTIME_STRUCT	0	0	-	NOT_APPLICABLE	RUNTIME_STRUCTURE	SEARCH_EMPTY	[v5971 @ X23_v9 (Il2CppMethodInfo)+18]
past the last field of the base type	spine-unity-examples	Spine.Unity.Examples.EquipsVisualsComponentExample	RefreshSkeletonAttachments	Spine.Unity.SkeletonRenderer	UnityEngine.MonoBehaviour	TypeAnalysisContext	E8	E0	37	0	Move:field SkeletonAnimation	PAST_LAST_FIELD:class	LAYOUT_KNOWN	37	E0	BEYOND_LAYOUT	CLASS_OBJECT_RELATIVE	INSTANCE_FIELD	SEARCH_EMPTY	[v19 @ X0_v5 (Spine.Unity.SkeletonRenderer)+E8]
Il2CppClass.0x348	spine-unity-examples	Spine.Unity.Examples.OutlineSkeletonGraphic	EnableOutlineRendering	Il2CppClass<Spine.Unity.SkeletonGraphic>		RuntimeClassTypeAnalysisContext	348	0	0	0	Move:memory	RUNTIME_STRUCT:RuntimeClassTypeAnalysisContext	RUNTIME_STRUCT	0	0	-	NOT_APPLICABLE	RUNTIME_STRUCTURE	SEARCH_EMPTY	[v6 @ X9_v1 (Il2CppClass<Spine.Unity.SkeletonGraphic>)+348]
Il2CppClass.0x350	spine-unity-examples	Spine.Unity.Examples.OutlineSkeletonGraphic	EnableOutlineRendering	Il2CppClass<Spine.Unity.SkeletonGraphic>		RuntimeClassTypeAnalysisContext	350	0	0	0	Move:memory	RUNTIME_STRUCT:RuntimeClassTypeAnalysisContext	RUNTIME_STRUCT	0	0	-	NOT_APPLICABLE	RUNTIME_STRUCTURE	SEARCH_EMPTY	[v6 @ X9_v1 (Il2CppClass<Spine.Unity.SkeletonGraphic>)+350]
Il2CppClass.0x348	spine-unity-examples	Spine.Unity.Examples.OutlineSkeletonGraphic	DisableOutlineRendering	Il2CppClass<Spine.Unity.SkeletonGraphic>		RuntimeClassTypeAnalysisContext	348	0	0	0	Move:memory	RUNTIME_STRUCT:RuntimeClassTypeAnalysisContext	RUNTIME_STRUCT	0	0	-	NOT_APPLICABLE	RUNTIME_STRUCTURE	SEARCH_EMPTY	[v6 @ X9_v1 (Il2CppClass<Spine.Unity.SkeletonGraphic>)+348]
Il2CppClass.0x350	spine-unity-examples	Spine.Unity.Examples.OutlineSkeletonGraphic	DisableOutlineRendering	Il2CppClass<Spine.Unity.SkeletonGraphic>		RuntimeClassTypeAnalysisContext	350	0	0	0	Move:memory	RUNTIME_STRUCT:RuntimeClassTypeAnalysisContext	RUNTIME_STRUCT	0	0	-	NOT_APPLICABLE	RUNTIME_STRUCTURE	SEARCH_EMPTY	[v6 @ X9_v1 (Il2CppClass<Spine.Unity.SkeletonGraphic>)+350]
past the last field of the base type	spine-unity-examples	Spine.Unity.Examples.SpawnSkeletonGraphicExample+<Start>d__4	MoveNext	UnityEngine.Component	UnityEngine.Object	TypeAnalysisContext	20	10	1	0	Move:field SpawnSkeletonGraphicExample	PAST_LAST_FIELD:class	LAYOUT_KNOWN	1	10	BEYOND_LAYOUT	CLASS_OBJECT_RELATIVE	INSTANCE_FIELD	SEARCH_EMPTY	[v38 @ X19_v2 (UnityEngine.Component)+20]
past the last field of the base type	spine-unity-examples	Spine.Unity.Examples.SpawnSkeletonGraphicExample+<Start>d__4	MoveNext	UnityEngine.Component	UnityEngine.Object	TypeAnalysisContext	20	10	1	0	Move:field SpawnSkeletonGraphicExample	PAST_LAST_FIELD:class	LAYOUT_KNOWN	1	10	BEYOND_LAYOUT	CLASS_OBJECT_RELATIVE	INSTANCE_FIELD	SEARCH_EMPTY	[v38 @ X19_v2 (UnityEngine.Component)+20]
past the last field of the base type	spine-unity-examples	Spine.Unity.Examples.SpawnSkeletonGraphicExample+<Start>d__4	MoveNext	UnityEngine.Component	UnityEngine.Object	TypeAnalysisContext	20	10	1	0	Move:field SpawnSkeletonGraphicExample	PAST_LAST_FIELD:class	LAYOUT_KNOWN	1	10	BEYOND_LAYOUT	CLASS_OBJECT_RELATIVE	INSTANCE_FIELD	SEARCH_EMPTY	[v38 @ X19_v2 (UnityEngine.Component)+20]
past the last field of the base type	spine-unity-examples	Spine.Unity.Examples.SpawnSkeletonGraphicExample+<Start>d__4	MoveNext	UnityEngine.Component	UnityEngine.Object	TypeAnalysisContext	38	10	1	0	Move:field SpawnSkeletonGraphicExample	PAST_LAST_FIELD:class	LAYOUT_KNOWN	1	10	BEYOND_LAYOUT	CLASS_OBJECT_RELATIVE	INSTANCE_FIELD	SEARCH_EMPTY	[v38 @ X19_v2 (UnityEngine.Component)+38]
past the last field of the base type	spine-unity-examples	Spine.Unity.Examples.SpawnSkeletonGraphicExample+<Start>d__4	MoveNext	UnityEngine.Component	UnityEngine.Object	TypeAnalysisContext	30	10	1	0	Move:field SpawnSkeletonGraphicExample	PAST_LAST_FIELD:class	LAYOUT_KNOWN	1	10	BEYOND_LAYOUT	CLASS_OBJECT_RELATIVE	INSTANCE_FIELD	SEARCH_EMPTY	[v38 @ X19_v2 (UnityEngine.Component)+30]
past the last field of the base type	spine-unity-examples	Spine.Unity.Examples.SpawnSkeletonGraphicExample+<Start>d__4	MoveNext	UnityEngine.Component	UnityEngine.Object	TypeAnalysisContext	28	10	1	0	Move:field SpawnSkeletonGraphicExample	PAST_LAST_FIELD:class	LAYOUT_KNOWN	1	10	BEYOND_LAYOUT	CLASS_OBJECT_RELATIVE	INSTANCE_FIELD	SEARCH_EMPTY	[v38 @ X19_v2 (UnityEngine.Component)+28]
array at 0x0, from a call's result	spine-unity-examples	Spine.Unity.Examples.RenderExistingMesh	UpdateMaterials	UnityEngine.Material[]		SzArrayTypeAnalysisContext	0	0	0	0	Call	ARRAY_ELEMENT:array-typed-base	NO_INSTANCE_FIELDS	0	0	INSIDE_NO_FIELD	CLASS_OBJECT_RELATIVE	CALL_RESULT	NOT_A_FIELD_ACCESS	[v126 @ X0_v13 (UnityEngine.Material[])+v71 @ X24_v7 (System.Int32)*8]
array at 0x0, from a call's result	spine-unity-examples	Spine.Unity.Examples.RenderExistingMesh	UpdateMaterials	UnityEngine.Material[]		SzArrayTypeAnalysisContext	0	0	0	0	Call	ARRAY_ELEMENT:array-typed-base	NO_INSTANCE_FIELDS	0	0	INSIDE_NO_FIELD	CLASS_OBJECT_RELATIVE	CALL_RESULT	NOT_A_FIELD_ACCESS	[v126 @ X0_v13 (UnityEngine.Material[])+v71 @ X24_v7 (System.Int32)*8]
base has no type, from Add of MaterialReplacement[] and Int32	spine-unity-examples	Spine.Unity.Examples.RenderExistingMesh	InitializeDict	<untyped>			20	0	0	0	Add	ARRAY_ELEMENT:array-typed-base	NO_BASE_TYPE	0	0	-	NOT_APPLICABLE	UNKNOWN	NO_OWNER	[v173 @ X8_v7+20]
base has no type, from Add of MaterialReplacement[] and Int32	spine-unity-examples	Spine.Unity.Examples.RenderExistingMesh	InitializeDict	<untyped>			28	0	0	0	Add	ARRAY_ELEMENT:array-typed-base	NO_BASE_TYPE	0	0	-	NOT_APPLICABLE	UNKNOWN	NO_OWNER	[v173 @ X8_v7+28]
value type base	spine-unity-examples	Spine.Unity.Examples.MixAndMatchSkinsExample	Equip	System.Int32	System.ValueType	TypeAnalysisContext	0	0	1	0	Add	MISSING_METADATA:inside-the-layout-between-fields	LAYOUT_KNOWN	1	10	NESTED:m_value	VALUE_RELATIVE	UNKNOWN	NOT_A_FIELD_ACCESS	[v14 @ X9_v2 (System.Int32)+itemType @ X2 (Spine.Unity.Examples.MixAndMatchSkinsExample+ItemType)]
past the last field of the base type	spine-unity-examples	Spine.Unity.Examples.MixAndMatchSkinsExample	OptimizeSkin	Spine.Unity.SkeletonRenderer	UnityEngine.MonoBehaviour	TypeAnalysisContext	E8	E0	37	0	Move:field SkeletonAnimation	PAST_LAST_FIELD:class	LAYOUT_KNOWN	37	E0	BEYOND_LAYOUT	CLASS_OBJECT_RELATIVE	INSTANCE_FIELD	SEARCH_EMPTY	[v115 @ X0_v28 (Spine.Unity.SkeletonRenderer)+E8]
base has no type, from Add of an untyped local and Immediate	spine-unity-examples	Spine.Unity.Examples.JitterEffectExample	ProcessVertices	<untyped>			FFFFFFFFFFFFFFF8	0	0	0	Add	UNKNOWN:add-of-FieldReference	NO_BASE_TYPE	0	0	-	NOT_APPLICABLE	UNKNOWN	NO_OWNER	[v165 @ X23_v5-8]
absolute address	spine-unity-examples	Spine.Unity.Examples.TwoByTwoTransformEffectExample	.ctor	<untyped>			4080A0	0	0	0	<none>	UNKNOWN:absolute-address	NO_BASE_TYPE	0	0	-	NOT_APPLICABLE	UNKNOWN	NO_OWNER	[4080A0]
Il2CppClass.0x5E8	GoogleMobileAds	GoogleMobileAds.Unity.BannerClient	SetAndStretchAd	Il2CppClass<UnityEngine.UI.Text>		RuntimeClassTypeAnalysisContext	5E8	0	0	0	Move:memory	RUNTIME_STRUCT:RuntimeClassTypeAnalysisContext	RUNTIME_STRUCT	0	0	-	NOT_APPLICABLE	RUNTIME_STRUCTURE	SEARCH_EMPTY	[v258 @ X8_v14 (Il2CppClass<UnityEngine.UI.Text>)+5E8]
Il2CppClass.0x5F0	GoogleMobileAds	GoogleMobileAds.Unity.BannerClient	SetAndStretchAd	Il2CppClass<UnityEngine.UI.Text>		RuntimeClassTypeAnalysisContext	5F0	0	0	0	Move:memory	RUNTIME_STRUCT:RuntimeClassTypeAnalysisContext	RUNTIME_STRUCT	0	0	-	NOT_APPLICABLE	RUNTIME_STRUCTURE	SEARCH_EMPTY	[v258 @ X8_v14 (Il2CppClass<UnityEngine.UI.Text>)+5F0]
value type base	GoogleMobileAds	GoogleMobileAds.Unity.BannerClient	AnchorAd	System.Int32	System.ValueType	TypeAnalysisContext	0	0	1	0	Add	MISSING_METADATA:inside-the-layout-between-fields	LAYOUT_KNOWN	1	10	NESTED:m_value	VALUE_RELATIVE	UNKNOWN	NOT_A_FIELD_ACCESS	[v132 @ X9_v2 (System.Int32)+position @ X2 (GoogleMobileAds.Api.AdPosition)]
absolute address	GoogleMobileAds	GoogleMobileAds.Unity.BannerClient	.ctor	<untyped>			407CC0	0	0	0	<none>	UNKNOWN:absolute-address	NO_BASE_TYPE	0	0	-	NOT_APPLICABLE	UNKNOWN	NO_OWNER	[407CC0]
base has no type, from no definition	spine-unity-examples	Spine.Unity.Examples.SpineboyFootplanter+Foot	StartNewStep	<untyped>			28	0	0	0	<none>	TYPE_PROPAGATION:entry-value	NO_BASE_TYPE	0	0	-	NOT_APPLICABLE	ENTRY_VALUE	NO_OWNER	[v31 @ SYSREG+28]
base has no type, from no definition	spine-unity-examples	Spine.Unity.Examples.SpineboyFootplanter+Foot	StartNewStep	<untyped>			28	0	0	0	<none>	TYPE_PROPAGATION:entry-value	NO_BASE_TYPE	0	0	-	NOT_APPLICABLE	ENTRY_VALUE	NO_OWNER	[v31 @ SYSREG+28]
value type base	spine-unity	Spine.SkeletonJson	ReadAttachment	System.Int32	System.ValueType	TypeAnalysisContext	0	0	1	0	Add	MISSING_METADATA:inside-the-layout-between-fields	LAYOUT_KNOWN	1	10	NESTED:m_value	VALUE_RELATIVE	UNKNOWN	NOT_A_FIELD_ACCESS	[v208 @ X8_v10 (System.Int32)+v181 @ X22_v4]
absolute address	spine-unity-examples	Spine.Unity.Examples.Rotator	.ctor	<untyped>			4079C0	0	0	0	<none>	UNKNOWN:absolute-address	NO_BASE_TYPE	0	0	-	NOT_APPLICABLE	UNKNOWN	NO_OWNER	[4079C0]
base has no type, from Move from an untyped base	spine-unity-examples	Spine.Unity.Examples.SpineboyFootplanter	UpdateLocal	<untyped>			20	0	0	0	Move:memory	RESOLVABLE:field-at-this-exact-offset	NO_BASE_TYPE	0	0	-	NOT_APPLICABLE	LOADED_POINTER	NO_OWNER	[v122 @ X8_v9+20]
base has no type, from Move from an untyped base	spine-unity-examples	Spine.Unity.Examples.SpineboyFootplanter	UpdateLocal	<untyped>			18	0	0	0	Move:memory	RESOLVABLE:field-at-this-exact-offset	NO_BASE_TYPE	0	0	-	NOT_APPLICABLE	LOADED_POINTER	NO_OWNER	[v122 @ X8_v9+18]
absolute address	spine-unity-examples	Spine.Unity.Examples.SpineboyFootplanter	.ctor	<untyped>			407B80	0	0	0	<none>	UNKNOWN:absolute-address	NO_BASE_TYPE	0	0	-	NOT_APPLICABLE	UNKNOWN	NO_OWNER	[407B80]
base has no type, from Add of Single[] and Int32	spine-unity	Spine.SkeletonJson	ReadVertices	<untyped>			20	0	0	0	Add	ARRAY_ELEMENT:array-typed-base	NO_BASE_TYPE	0	0	-	NOT_APPLICABLE	UNKNOWN	NO_OWNER	[v315 @ X10_v3+20]
value type base	spine-unity-examples	Spine.Unity.Examples.SpineboyFreeze+<Start>d__11	MoveNext	System.Int32	System.ValueType	TypeAnalysisContext	0	0	1	0	Add	MISSING_METADATA:inside-the-layout-between-fields	LAYOUT_KNOWN	1	10	NESTED:m_value	VALUE_RELATIVE	UNKNOWN	NOT_A_FIELD_ACCESS	[v57 @ X9_v2 (System.Int32)+v40 @ X8_v3 (System.Int32)]
absolute address	GoogleMobileAds	GoogleMobileAds.Unity.InterstitialClient	.ctor	<untyped>			407B40	0	0	0	<none>	UNKNOWN:absolute-address	NO_BASE_TYPE	0	0	-	NOT_APPLICABLE	UNKNOWN	NO_OWNER	[407B40]
absolute address	GoogleMobileAds	GoogleMobileAds.Unity.InterstitialClient	.ctor	<untyped>			407C30	0	0	0	<none>	UNKNOWN:absolute-address	NO_BASE_TYPE	0	0	-	NOT_APPLICABLE	UNKNOWN	NO_OWNER	[407C30]
absolute address	GoogleMobileAds	GoogleMobileAds.Unity.InterstitialClient	.ctor	<untyped>			407B40	0	0	0	<none>	UNKNOWN:absolute-address	NO_BASE_TYPE	0	0	-	NOT_APPLICABLE	UNKNOWN	NO_OWNER	[407B40]
value type base	spine-unity-examples	Spine.Unity.Examples.SpineboyPole+<Start>d__8	MoveNext	System.Int32	System.ValueType	TypeAnalysisContext	0	0	1	0	Add	MISSING_METADATA:inside-the-layout-between-fields	LAYOUT_KNOWN	1	10	NESTED:m_value	VALUE_RELATIVE	UNKNOWN	NOT_A_FIELD_ACCESS	[v57 @ X9_v2 (System.Int32)+v41 @ X8_v3 (System.Int32)]
value type base	spine-unity-examples	Spine.Unity.Examples.SpineboyPoleGraphic+<Start>d__7	MoveNext	System.Int32	System.ValueType	TypeAnalysisContext	0	0	1	0	Add	MISSING_METADATA:inside-the-layout-between-fields	LAYOUT_KNOWN	1	10	NESTED:m_value	VALUE_RELATIVE	UNKNOWN	NOT_A_FIELD_ACCESS	[v57 @ X9_v2 (System.Int32)+v41 @ X8_v3 (System.Int32)]
Il2CppClass.0x168	GoogleMobileAds	ResponseInfo	ToString	Il2CppClass<GoogleMobileAds.Common.IResponseInfoClient>		RuntimeClassTypeAnalysisContext	168	0	0	0	Move:memory	RUNTIME_STRUCT:RuntimeClassTypeAnalysisContext	RUNTIME_STRUCT	0	0	-	NOT_APPLICABLE	RUNTIME_STRUCTURE	SEARCH_EMPTY	[v5 @ X8_v1 (Il2CppClass<GoogleMobileAds.Common.IResponseInfoClient>)+168]
Il2CppClass.0x170	GoogleMobileAds	ResponseInfo	ToString	Il2CppClass<GoogleMobileAds.Common.IResponseInfoClient>		RuntimeClassTypeAnalysisContext	170	0	0	0	Move:memory	RUNTIME_STRUCT:RuntimeClassTypeAnalysisContext	RUNTIME_STRUCT	0	0	-	NOT_APPLICABLE	RUNTIME_STRUCTURE	SEARCH_EMPTY	[v5 @ X8_v1 (Il2CppClass<GoogleMobileAds.Common.IResponseInfoClient>)+170]
value type base	spine-unity-examples	Spine.Unity.Examples.SkeletonRagdoll	Apply	System.Single	System.ValueType	TypeAnalysisContext	20	0	1	0	<none>	PAST_LAST_FIELD:value-type	LAYOUT_KNOWN	1	10	BEYOND_LAYOUT	NEITHER	STACK_SLOT	SEARCH_EMPTY	[v1510 @ stack_-E8 (System.Single)+20]
value type base	spine-unity-examples	Spine.Unity.Examples.SkeletonRagdoll	Apply	System.Single	System.ValueType	TypeAnalysisContext	20	0	1	0	<none>	PAST_LAST_FIELD:value-type	LAYOUT_KNOWN	1	10	BEYOND_LAYOUT	NEITHER	STACK_SLOT	SEARCH_EMPTY	[v1510 @ stack_-E8 (System.Single)+20]
base has no type, from Move from [Single + 0x20]	spine-unity-examples	Spine.Unity.Examples.SkeletonRagdoll	Apply	<untyped>			74	0	0	0	Move:memory	PAST_LAST_FIELD:value-type	NO_BASE_TYPE	0	0	-	NOT_APPLICABLE	LOADED_POINTER	NO_OWNER	[v1725 @ X8_v128+74]
base has no type, from Move from [Single + 0x20]	spine-unity-examples	Spine.Unity.Examples.SkeletonRagdoll	Apply	<untyped>			80	0	0	0	Move:memory	PAST_LAST_FIELD:value-type	NO_BASE_TYPE	0	0	-	NOT_APPLICABLE	LOADED_POINTER	NO_OWNER	[v1725 @ X8_v128+80]
value type base	spine-unity-examples	Spine.Unity.Examples.SkeletonRagdoll	Apply	System.Single	System.ValueType	TypeAnalysisContext	20	0	1	0	<none>	PAST_LAST_FIELD:value-type	LAYOUT_KNOWN	1	10	BEYOND_LAYOUT	NEITHER	STACK_SLOT	SEARCH_EMPTY	[v1510 @ stack_-E8 (System.Single)+20]
base has no type, from Move from [Single + 0x20]	spine-unity-examples	Spine.Unity.Examples.SkeletonRagdoll	Apply	<untyped>			20	0	0	0	Move:memory	PAST_LAST_FIELD:value-type	NO_BASE_TYPE	0	0	-	NOT_APPLICABLE	LOADED_POINTER	NO_OWNER	[v1782 @ X9_v65+20]
base has no type, from Move from [Single + 0x20]	spine-unity-examples	Spine.Unity.Examples.SkeletonRagdoll	Apply	<untyped>			54	0	0	0	Move:memory	PAST_LAST_FIELD:value-type	NO_BASE_TYPE	0	0	-	NOT_APPLICABLE	LOADED_POINTER	NO_OWNER	[v1782 @ X9_v65+54]
base has no type, from Move from [Single + 0x20]	spine-unity-examples	Spine.Unity.Examples.SkeletonRagdoll	Apply	<untyped>			20	0	0	0	Move:memory	PAST_LAST_FIELD:value-type	NO_BASE_TYPE	0	0	-	NOT_APPLICABLE	LOADED_POINTER	NO_OWNER	[v1782 @ X9_v65+20]
base has no type, from Move from [Single + 0x20]	spine-unity-examples	Spine.Unity.Examples.SkeletonRagdoll	Apply	<untyped>			54	0	0	0	Move:memory	PAST_LAST_FIELD:value-type	NO_BASE_TYPE	0	0	-	NOT_APPLICABLE	LOADED_POINTER	NO_OWNER	[v1782 @ X9_v65+54]
base has no type, from Move from an untyped base	spine-unity-examples	Spine.Unity.Examples.SkeletonRagdoll	Apply	<untyped>			20	0	0	0	Move:memory	PAST_LAST_FIELD:value-type	NO_BASE_TYPE	0	0	-	NOT_APPLICABLE	UNKNOWN	NO_OWNER	[v2949 @ X8_v131+20]
base has no type, from Move from an untyped base	spine-unity-examples	Spine.Unity.Examples.SkeletonRagdoll	Apply	<untyped>			54	0	0	0	Move:memory	PAST_LAST_FIELD:value-type	NO_BASE_TYPE	0	0	-	NOT_APPLICABLE	UNKNOWN	NO_OWNER	[v2949 @ X8_v131+54]
value type base	spine-unity-examples	Spine.Unity.Examples.SkeletonRagdoll	Apply	System.Single	System.ValueType	TypeAnalysisContext	74	0	1	0	<none>	PAST_LAST_FIELD:value-type	LAYOUT_KNOWN	1	10	BEYOND_LAYOUT	NEITHER	STACK_SLOT	SEARCH_EMPTY	[v1510 @ stack_-E8 (System.Single)+74]
value type base	spine-unity-examples	Spine.Unity.Examples.SkeletonRagdoll	Apply	System.Single	System.ValueType	TypeAnalysisContext	80	0	1	0	<none>	PAST_LAST_FIELD:value-type	LAYOUT_KNOWN	1	10	BEYOND_LAYOUT	NEITHER	STACK_SLOT	SEARCH_EMPTY	[v1510 @ stack_-E8 (System.Single)+80]
value type base	spine-unity-examples	Spine.Unity.Examples.SkeletonRagdoll	Apply	System.Single	System.ValueType	TypeAnalysisContext	20	0	1	0	<none>	PAST_LAST_FIELD:value-type	LAYOUT_KNOWN	1	10	BEYOND_LAYOUT	NEITHER	STACK_SLOT	SEARCH_EMPTY	[v1510 @ stack_-E8 (System.Single)+20]
value type base	spine-unity-examples	Spine.Unity.Examples.SkeletonRagdoll	Apply	System.Single	System.ValueType	TypeAnalysisContext	54	0	1	0	<none>	PAST_LAST_FIELD:value-type	LAYOUT_KNOWN	1	10	BEYOND_LAYOUT	NEITHER	STACK_SLOT	SEARCH_EMPTY	[v1510 @ stack_-E8 (System.Single)+54]
value type base	spine-unity-examples	Spine.Unity.Examples.SkeletonRagdoll	Apply	System.Single	System.ValueType	TypeAnalysisContext	20	0	1	0	<none>	PAST_LAST_FIELD:value-type	LAYOUT_KNOWN	1	10	BEYOND_LAYOUT	NEITHER	STACK_SLOT	SEARCH_EMPTY	[v1510 @ stack_-E8 (System.Single)+20]
value type base	spine-unity-examples	Spine.Unity.Examples.SkeletonRagdoll	Apply	System.Single	System.ValueType	TypeAnalysisContext	54	0	1	0	<none>	PAST_LAST_FIELD:value-type	LAYOUT_KNOWN	1	10	BEYOND_LAYOUT	NEITHER	STACK_SLOT	SEARCH_EMPTY	[v1510 @ stack_-E8 (System.Single)+54]
base has no type, from Move from an untyped base	spine-unity-examples	Spine.Unity.Examples.SkeletonRagdoll	Apply	<untyped>			20	0	0	0	Move:memory	PAST_LAST_FIELD:value-type	NO_BASE_TYPE	0	0	-	NOT_APPLICABLE	UNKNOWN	NO_OWNER	[v2916 @ X8_v126+20]
base has no type, from Move from an untyped base	spine-unity-examples	Spine.Unity.Examples.SkeletonRagdoll	Apply	<untyped>			54	0	0	0	Move:memory	PAST_LAST_FIELD:value-type	NO_BASE_TYPE	0	0	-	NOT_APPLICABLE	UNKNOWN	NO_OWNER	[v2916 @ X8_v126+54]
past the last field of the base type	spine-unity-examples	Spine.Unity.Examples.SkeletonRagdoll	Apply	UnityEngine.Component	UnityEngine.Object	TypeAnalysisContext	30	10	1	0	Move:ArrayAccess	PAST_LAST_FIELD:class	LAYOUT_KNOWN	1	10	BEYOND_LAYOUT	CLASS_OBJECT_RELATIVE	UNKNOWN	SEARCH_EMPTY	[v359 @ X22_v39 (UnityEngine.Component)+30]
static field storage at 0x50	spine-unity-examples	Spine.Unity.Examples.SkeletonRagdoll	Apply	UnityEngine.Vector3	System.ValueType	TypeAnalysisContext	50	8	3	0	Move:memory	RUNTIME_STRUCT:StaticFieldStorageTypeAnalysisContext	LAYOUT_KNOWN	3	18	BEYOND_LAYOUT	NEITHER	STATIC_FIELD	SEARCH_EMPTY	[v1149 @ X8_v116 (Il2CppStaticFields<UnityEngine.Vector3>)+50]
Il2CppClass.interface_offsets_count	spine-unity-examples	Spine.Unity.Examples.SkeletonRagdoll	Remove	Il2CppClass<Spine.Unity.ISkeletonAnimation>		RuntimeClassTypeAnalysisContext	12E	0	0	0	Move:memory	RUNTIME_STRUCT:RuntimeClassTypeAnalysisContext	RUNTIME_STRUCT	0	0	-	NOT_APPLICABLE	RUNTIME_STRUCTURE	SEARCH_EMPTY	[v328 @ X8_v6 (Il2CppClass<Spine.Unity.ISkeletonAnimation>)+12E]
Il2CppClass.interface_offsets_count	spine-unity-examples	Spine.Unity.Examples.SkeletonRagdoll	Remove	Il2CppClass<Spine.Unity.ISkeletonAnimation>		RuntimeClassTypeAnalysisContext	12E	0	0	0	Move:memory	RUNTIME_STRUCT:RuntimeClassTypeAnalysisContext	RUNTIME_STRUCT	0	0	-	NOT_APPLICABLE	RUNTIME_STRUCTURE	SEARCH_EMPTY	[v328 @ X8_v6 (Il2CppClass<Spine.Unity.ISkeletonAnimation>)+12E]
Il2CppClass.interfaceOffsets	spine-unity-examples	Spine.Unity.Examples.SkeletonRagdoll	Remove	Il2CppClass<Spine.Unity.ISkeletonAnimation>		RuntimeClassTypeAnalysisContext	B0	0	0	0	Move:memory	RUNTIME_STRUCT:RuntimeClassTypeAnalysisContext	RUNTIME_STRUCT	0	0	-	NOT_APPLICABLE	RUNTIME_STRUCTURE	SEARCH_EMPTY	[v328 @ X8_v6 (Il2CppClass<Spine.Unity.ISkeletonAnimation>)+B0]
base has no type, from Add of an untyped local and Immediate	spine-unity-examples	Spine.Unity.Examples.SkeletonRagdoll	Remove	<untyped>			FFFFFFFFFFFFFFF8	0	0	0	Add	UNKNOWN:add-of-MemoryOperand	NO_BASE_TYPE	0	0	-	NOT_APPLICABLE	UNKNOWN	NO_OWNER	[v370 @ X10_v5-8]
absolute address	GoogleMobileAds	GoogleMobileAds.Unity.RewardingAdBaseClient	.cctor	<untyped>			407B40	0	0	0	<none>	UNKNOWN:absolute-address	NO_BASE_TYPE	0	0	-	NOT_APPLICABLE	UNKNOWN	NO_OWNER	[407B40]
absolute address	GoogleMobileAds	GoogleMobileAds.Unity.RewardingAdBaseClient	.cctor	<untyped>			407C30	0	0	0	<none>	UNKNOWN:absolute-address	NO_BASE_TYPE	0	0	-	NOT_APPLICABLE	UNKNOWN	NO_OWNER	[407C30]
absolute address	GoogleMobileAds	GoogleMobileAds.Unity.RewardingAdBaseClient	.cctor	<untyped>			407B40	0	0	0	<none>	UNKNOWN:absolute-address	NO_BASE_TYPE	0	0	-	NOT_APPLICABLE	UNKNOWN	NO_OWNER	[407B40]
array at 0x0, from Move from the field SkeletonGhostRenderer[]	spine-unity-examples	Spine.Unity.Examples.SkeletonGhost	OnDestroy	Spine.Unity.Examples.SkeletonGhostRenderer[]		SzArrayTypeAnalysisContext	0	0	0	0	Move:field SkeletonGhostRenderer[]	ARRAY_ELEMENT:array-typed-base	NO_INSTANCE_FIELDS	0	0	INSIDE_NO_FIELD	CLASS_OBJECT_RELATIVE	UNKNOWN	NOT_A_FIELD_ACCESS	[v183 @ X8_v14 (Spine.Unity.Examples.SkeletonGhostRenderer[])+v74 @ X22_v8 (System.Int32)*8]
array at 0x0, from Move from the field SkeletonGhostRenderer[]	spine-unity-examples	Spine.Unity.Examples.SkeletonGhost	OnDestroy	Spine.Unity.Examples.SkeletonGhostRenderer[]		SzArrayTypeAnalysisContext	0	0	0	0	Move:field SkeletonGhostRenderer[]	ARRAY_ELEMENT:array-typed-base	NO_INSTANCE_FIELDS	0	0	INSIDE_NO_FIELD	CLASS_OBJECT_RELATIVE	INSTANCE_FIELD	NOT_A_FIELD_ACCESS	[v165 @ X8_v19 (Spine.Unity.Examples.SkeletonGhostRenderer[])+v74 @ X22_v8 (System.Int32)*8]
base has no type, from no definition	spine-unity-examples	Spine.Unity.Examples.SkeletonRagdoll	UpdateSpineSkeleton	<untyped>			20	0	0	0	<none>	TYPE_PROPAGATION:entry-value	NO_BASE_TYPE	0	0	-	NOT_APPLICABLE	STACK_SLOT	NO_OWNER	[v274 @ stack_-E8+20]
base has no type, from no definition	spine-unity-examples	Spine.Unity.Examples.SkeletonRagdoll	UpdateSpineSkeleton	<untyped>			20	0	0	0	<none>	TYPE_PROPAGATION:entry-value	NO_BASE_TYPE	0	0	-	NOT_APPLICABLE	STACK_SLOT	NO_OWNER	[v274 @ stack_-E8+20]
base has no type, from Move from an untyped base	spine-unity-examples	Spine.Unity.Examples.SkeletonRagdoll	UpdateSpineSkeleton	<untyped>			74	0	0	0	Move:memory	TYPE_PROPAGATION:entry-value	NO_BASE_TYPE	0	0	-	NOT_APPLICABLE	LOADED_POINTER	NO_OWNER	[v777 @ X8_v37+74]
base has no type, from Move from an untyped base	spine-unity-examples	Spine.Unity.Examples.SkeletonRagdoll	UpdateSpineSkeleton	<untyped>			80	0	0	0	Move:memory	TYPE_PROPAGATION:entry-value	NO_BASE_TYPE	0	0	-	NOT_APPLICABLE	LOADED_POINTER	NO_OWNER	[v777 @ X8_v37+80]
base has no type, from no definition	spine-unity-examples	Spine.Unity.Examples.SkeletonRagdoll	UpdateSpineSkeleton	<untyped>			20	0	0	0	<none>	TYPE_PROPAGATION:entry-value	NO_BASE_TYPE	0	0	-	NOT_APPLICABLE	STACK_SLOT	NO_OWNER	[v274 @ stack_-E8+20]
base has no type, from Move from an untyped base	spine-unity-examples	Spine.Unity.Examples.SkeletonRagdoll	UpdateSpineSkeleton	<untyped>			20	0	0	0	Move:memory	TYPE_PROPAGATION:entry-value	NO_BASE_TYPE	0	0	-	NOT_APPLICABLE	LOADED_POINTER	NO_OWNER	[v792 @ X9_v9+20]
base has no type, from Move from an untyped base	spine-unity-examples	Spine.Unity.Examples.SkeletonRagdoll	UpdateSpineSkeleton	<untyped>			54	0	0	0	Move:memory	TYPE_PROPAGATION:entry-value	NO_BASE_TYPE	0	0	-	NOT_APPLICABLE	LOADED_POINTER	NO_OWNER	[v792 @ X9_v9+54]
base has no type, from Move from an untyped base	spine-unity-examples	Spine.Unity.Examples.SkeletonRagdoll	UpdateSpineSkeleton	<untyped>			20	0	0	0	Move:memory	TYPE_PROPAGATION:entry-value	NO_BASE_TYPE	0	0	-	NOT_APPLICABLE	LOADED_POINTER	NO_OWNER	[v792 @ X9_v9+20]
base has no type, from Move from an untyped base	spine-unity-examples	Spine.Unity.Examples.SkeletonRagdoll	UpdateSpineSkeleton	<untyped>			54	0	0	0	Move:memory	TYPE_PROPAGATION:entry-value	NO_BASE_TYPE	0	0	-	NOT_APPLICABLE	LOADED_POINTER	NO_OWNER	[v792 @ X9_v9+54]
base has no type, from Move from an untyped base	spine-unity-examples	Spine.Unity.Examples.SkeletonRagdoll	UpdateSpineSkeleton	<untyped>			20	0	0	0	Move:memory	TYPE_PROPAGATION:entry-value	NO_BASE_TYPE	0	0	-	NOT_APPLICABLE	UNKNOWN	NO_OWNER	[v1158 @ X8_v40+20]
base has no type, from Move from an untyped base	spine-unity-examples	Spine.Unity.Examples.SkeletonRagdoll	UpdateSpineSkeleton	<untyped>			54	0	0	0	Move:memory	TYPE_PROPAGATION:entry-value	NO_BASE_TYPE	0	0	-	NOT_APPLICABLE	UNKNOWN	NO_OWNER	[v1158 @ X8_v40+54]
base has no type, from no definition	spine-unity-examples	Spine.Unity.Examples.SkeletonRagdoll	UpdateSpineSkeleton	<untyped>			38	0	0	0	<none>	TYPE_PROPAGATION:entry-value	NO_BASE_TYPE	0	0	-	NOT_APPLICABLE	STACK_SLOT	NO_OWNER	[v274 @ stack_-E8+38]
base has no type, from no definition	spine-unity-examples	Spine.Unity.Examples.SkeletonRagdoll	UpdateSpineSkeleton	<untyped>			30	0	0	0	<none>	TYPE_PROPAGATION:entry-value	NO_BASE_TYPE	0	0	-	NOT_APPLICABLE	STACK_SLOT	NO_OWNER	[v274 @ stack_-E8+30]
base has no type, from no definition	spine-unity-examples	Spine.Unity.Examples.SkeletonRagdoll	UpdateSpineSkeleton	<untyped>			34	0	0	0	<none>	TYPE_PROPAGATION:entry-value	NO_BASE_TYPE	0	0	-	NOT_APPLICABLE	STACK_SLOT	NO_OWNER	[v274 @ stack_-E8+34]
base has no type, from no definition	spine-unity-examples	Spine.Unity.Examples.SkeletonRagdoll	UpdateSpineSkeleton	<untyped>			38	0	0	0	<none>	TYPE_PROPAGATION:entry-value	NO_BASE_TYPE	0	0	-	NOT_APPLICABLE	STACK_SLOT	NO_OWNER	[v274 @ stack_-E8+38]
base has no type, from no definition	spine-unity-examples	Spine.Unity.Examples.SkeletonRagdoll	UpdateSpineSkeleton	<untyped>			30	0	0	0	<none>	TYPE_PROPAGATION:entry-value	NO_BASE_TYPE	0	0	-	NOT_APPLICABLE	STACK_SLOT	NO_OWNER	[v274 @ stack_-E8+30]
base has no type, from no definition	spine-unity-examples	Spine.Unity.Examples.SkeletonRagdoll	UpdateSpineSkeleton	<untyped>			34	0	0	0	<none>	TYPE_PROPAGATION:entry-value	NO_BASE_TYPE	0	0	-	NOT_APPLICABLE	STACK_SLOT	NO_OWNER	[v274 @ stack_-E8+34]
base has no type, from no definition	spine-unity-examples	Spine.Unity.Examples.SkeletonRagdoll	UpdateSpineSkeleton	<untyped>			38	0	0	0	<none>	TYPE_PROPAGATION:entry-value	NO_BASE_TYPE	0	0	-	NOT_APPLICABLE	STACK_SLOT	NO_OWNER	[v274 @ stack_-E8+38]
past the last field of the base type	GoogleMobileAds	GoogleMobileAds.Android.CustomNativeTemplateClient	GetImageByteArray	System.Object		TypeAnalysisContext	18	0	0	0	Call	NO_KNOWN_LAYOUT:type-has-no-instance-fields	NO_INSTANCE_FIELDS	0	0	BEYOND_LAYOUT	CLASS_OBJECT_RELATIVE	CALL_RESULT	SEARCH_EMPTY	[v66 @ X0_v13 (System.Object)+18]
past the last field of the base type	spine-unity-examples	Spine.Unity.Examples.SkeletonGhostRenderer+<Fade>d__10	MoveNext	UnityEngine.Component	UnityEngine.Object	TypeAnalysisContext	24	10	1	0	Move:field SkeletonGhostRenderer	PAST_LAST_FIELD:class	LAYOUT_KNOWN	1	10	BEYOND_LAYOUT	CLASS_OBJECT_RELATIVE	INSTANCE_FIELD	SEARCH_EMPTY	[v40 @ X19_v2 (UnityEngine.Component)+24]
past the last field of the base type	spine-unity-examples	Spine.Unity.Examples.SkeletonGhostRenderer+<Fade>d__10	MoveNext	UnityEngine.Component	UnityEngine.Object	TypeAnalysisContext	24	10	1	0	Move:field SkeletonGhostRenderer	PAST_LAST_FIELD:class	LAYOUT_KNOWN	1	10	BEYOND_LAYOUT	CLASS_OBJECT_RELATIVE	INSTANCE_FIELD	SEARCH_EMPTY	[v40 @ X19_v2 (UnityEngine.Component)+24]
absolute address	spine-unity-examples	Spine.Unity.Examples.SkeletonGhostRenderer+<Fade>d__10	MoveNext	<untyped>			407C70	0	0	0	<none>	UNKNOWN:absolute-address	NO_BASE_TYPE	0	0	-	NOT_APPLICABLE	UNKNOWN	NO_OWNER	[407C70]
past the last field of the base type	spine-unity-examples	Spine.Unity.Examples.SkeletonGhostRenderer+<Fade>d__10	MoveNext	UnityEngine.Component	UnityEngine.Object	TypeAnalysisContext	30	10	1	0	Move:field SkeletonGhostRenderer	PAST_LAST_FIELD:class	LAYOUT_KNOWN	1	10	BEYOND_LAYOUT	CLASS_OBJECT_RELATIVE	INSTANCE_FIELD	SEARCH_EMPTY	[v40 @ X19_v2 (UnityEngine.Component)+30]
past the last field of the base type	spine-unity-examples	Spine.Unity.Examples.SkeletonGhostRenderer+<Fade>d__10	MoveNext	UnityEngine.Component	UnityEngine.Object	TypeAnalysisContext	38	10	1	0	Move:field SkeletonGhostRenderer	PAST_LAST_FIELD:class	LAYOUT_KNOWN	1	10	BEYOND_LAYOUT	CLASS_OBJECT_RELATIVE	INSTANCE_FIELD	SEARCH_EMPTY	[v40 @ X19_v2 (UnityEngine.Component)+38]
past the last field of the base type	spine-unity-examples	Spine.Unity.Examples.SkeletonGhostRenderer+<Fade>d__10	MoveNext	UnityEngine.Component	UnityEngine.Object	TypeAnalysisContext	20	10	1	0	Move:field SkeletonGhostRenderer	PAST_LAST_FIELD:class	LAYOUT_KNOWN	1	10	BEYOND_LAYOUT	CLASS_OBJECT_RELATIVE	INSTANCE_FIELD	SEARCH_EMPTY	[v40 @ X19_v2 (UnityEngine.Component)+20]
past the last field of the base type	spine-unity-examples	Spine.Unity.Examples.SkeletonGhostRenderer+<Fade>d__10	MoveNext	UnityEngine.Component	UnityEngine.Object	TypeAnalysisContext	28	10	1	0	Move:field SkeletonGhostRenderer	PAST_LAST_FIELD:class	LAYOUT_KNOWN	1	10	BEYOND_LAYOUT	CLASS_OBJECT_RELATIVE	INSTANCE_FIELD	SEARCH_EMPTY	[v40 @ X19_v2 (UnityEngine.Component)+28]
past the last field of the base type	spine-unity-examples	Spine.Unity.Examples.SkeletonGhostRenderer+<Fade>d__10	MoveNext	UnityEngine.Component	UnityEngine.Object	TypeAnalysisContext	38	10	1	0	Move:field SkeletonGhostRenderer	PAST_LAST_FIELD:class	LAYOUT_KNOWN	1	10	BEYOND_LAYOUT	CLASS_OBJECT_RELATIVE	INSTANCE_FIELD	SEARCH_EMPTY	[v40 @ X19_v2 (UnityEngine.Component)+38]
past the last field of the base type	spine-unity-examples	Spine.Unity.Examples.SkeletonGhostRenderer+<Fade>d__10	MoveNext	UnityEngine.Component	UnityEngine.Object	TypeAnalysisContext	40	10	1	0	Move:field SkeletonGhostRenderer	PAST_LAST_FIELD:class	LAYOUT_KNOWN	1	10	BEYOND_LAYOUT	CLASS_OBJECT_RELATIVE	INSTANCE_FIELD	SEARCH_EMPTY	[v40 @ X19_v2 (UnityEngine.Component)+40]
value type base	spine-unity-examples	Spine.Unity.Examples.SkeletonRagdoll	AttachBoundingBoxRagdollColliders	UnityEngine.Bounds	System.ValueType	TypeAnalysisContext	10	C	2	0	Call	RESOLVABLE:field-at-this-exact-offset	LAYOUT_KNOWN	2	1C	EXACT:m_Center	OBJECT_RELATIVE	CALL_RESULT	SEARCH_EMPTY	[v1038 @ X0_v69 (UnityEngine.Bounds)+10]
value type base	spine-unity-examples	Spine.Unity.Examples.SkeletonRagdoll	AttachBoundingBoxRagdollColliders	UnityEngine.Bounds	System.ValueType	TypeAnalysisContext	10	C	2	0	Call	RESOLVABLE:field-at-this-exact-offset	LAYOUT_KNOWN	2	1C	EXACT:m_Center	OBJECT_RELATIVE	CALL_RESULT	SEARCH_EMPTY	[v1038 @ X0_v69 (UnityEngine.Bounds)+10]
value type base	spine-unity-examples	Spine.Unity.Examples.SkeletonRagdoll	AttachBoundingBoxRagdollColliders	UnityEngine.Bounds	System.ValueType	TypeAnalysisContext	14	C	2	0	Call	MISSING_METADATA:inside-the-layout-between-fields	LAYOUT_KNOWN	2	1C	NESTED:m_Extents.z	NEITHER	CALL_RESULT	SEARCH_EMPTY	[v1038 @ X0_v69 (UnityEngine.Bounds)+14]
value type base	spine-unity-examples	Spine.Unity.Examples.SkeletonRagdoll	AttachBoundingBoxRagdollColliders	UnityEngine.Bounds	System.ValueType	TypeAnalysisContext	14	C	2	0	Call	MISSING_METADATA:inside-the-layout-between-fields	LAYOUT_KNOWN	2	1C	NESTED:m_Extents.z	NEITHER	CALL_RESULT	SEARCH_EMPTY	[v1038 @ X0_v69 (UnityEngine.Bounds)+14]
past the last field of the base type	spine-unity-examples	Spine.Unity.Examples.SkeletonGhostRenderer+<FadeAdditive>d__11	MoveNext	UnityEngine.Component	UnityEngine.Object	TypeAnalysisContext	24	10	1	0	Move:field SkeletonGhostRenderer	PAST_LAST_FIELD:class	LAYOUT_KNOWN	1	10	BEYOND_LAYOUT	CLASS_OBJECT_RELATIVE	INSTANCE_FIELD	SEARCH_EMPTY	[v40 @ X19_v2 (UnityEngine.Component)+24]
past the last field of the base type	spine-unity-examples	Spine.Unity.Examples.SkeletonGhostRenderer+<FadeAdditive>d__11	MoveNext	UnityEngine.Component	UnityEngine.Object	TypeAnalysisContext	24	10	1	0	Move:field SkeletonGhostRenderer	PAST_LAST_FIELD:class	LAYOUT_KNOWN	1	10	BEYOND_LAYOUT	CLASS_OBJECT_RELATIVE	INSTANCE_FIELD	SEARCH_EMPTY	[v40 @ X19_v2 (UnityEngine.Component)+24]
absolute address	spine-unity-examples	Spine.Unity.Examples.SkeletonGhostRenderer+<FadeAdditive>d__11	MoveNext	<untyped>			407C70	0	0	0	<none>	UNKNOWN:absolute-address	NO_BASE_TYPE	0	0	-	NOT_APPLICABLE	UNKNOWN	NO_OWNER	[407C70]
past the last field of the base type	spine-unity-examples	Spine.Unity.Examples.SkeletonGhostRenderer+<FadeAdditive>d__11	MoveNext	UnityEngine.Component	UnityEngine.Object	TypeAnalysisContext	30	10	1	0	Move:field SkeletonGhostRenderer	PAST_LAST_FIELD:class	LAYOUT_KNOWN	1	10	BEYOND_LAYOUT	CLASS_OBJECT_RELATIVE	INSTANCE_FIELD	SEARCH_EMPTY	[v40 @ X19_v2 (UnityEngine.Component)+30]
past the last field of the base type	spine-unity-examples	Spine.Unity.Examples.SkeletonGhostRenderer+<FadeAdditive>d__11	MoveNext	UnityEngine.Component	UnityEngine.Object	TypeAnalysisContext	38	10	1	0	Move:field SkeletonGhostRenderer	PAST_LAST_FIELD:class	LAYOUT_KNOWN	1	10	BEYOND_LAYOUT	CLASS_OBJECT_RELATIVE	INSTANCE_FIELD	SEARCH_EMPTY	[v40 @ X19_v2 (UnityEngine.Component)+38]
past the last field of the base type	spine-unity-examples	Spine.Unity.Examples.SkeletonGhostRenderer+<FadeAdditive>d__11	MoveNext	UnityEngine.Component	UnityEngine.Object	TypeAnalysisContext	20	10	1	0	Move:field SkeletonGhostRenderer	PAST_LAST_FIELD:class	LAYOUT_KNOWN	1	10	BEYOND_LAYOUT	CLASS_OBJECT_RELATIVE	INSTANCE_FIELD	SEARCH_EMPTY	[v40 @ X19_v2 (UnityEngine.Component)+20]
past the last field of the base type	spine-unity-examples	Spine.Unity.Examples.SkeletonGhostRenderer+<FadeAdditive>d__11	MoveNext	UnityEngine.Component	UnityEngine.Object	TypeAnalysisContext	28	10	1	0	Move:field SkeletonGhostRenderer	PAST_LAST_FIELD:class	LAYOUT_KNOWN	1	10	BEYOND_LAYOUT	CLASS_OBJECT_RELATIVE	INSTANCE_FIELD	SEARCH_EMPTY	[v40 @ X19_v2 (UnityEngine.Component)+28]
past the last field of the base type	spine-unity-examples	Spine.Unity.Examples.SkeletonGhostRenderer+<FadeAdditive>d__11	MoveNext	UnityEngine.Component	UnityEngine.Object	TypeAnalysisContext	38	10	1	0	Move:field SkeletonGhostRenderer	PAST_LAST_FIELD:class	LAYOUT_KNOWN	1	10	BEYOND_LAYOUT	CLASS_OBJECT_RELATIVE	INSTANCE_FIELD	SEARCH_EMPTY	[v40 @ X19_v2 (UnityEngine.Component)+38]
past the last field of the base type	spine-unity-examples	Spine.Unity.Examples.SkeletonGhostRenderer+<FadeAdditive>d__11	MoveNext	UnityEngine.Component	UnityEngine.Object	TypeAnalysisContext	40	10	1	0	Move:field SkeletonGhostRenderer	PAST_LAST_FIELD:class	LAYOUT_KNOWN	1	10	BEYOND_LAYOUT	CLASS_OBJECT_RELATIVE	INSTANCE_FIELD	SEARCH_EMPTY	[v40 @ X19_v2 (UnityEngine.Component)+40]
absolute address	spine-unity-examples	Spine.Unity.Examples.SkeletonRagdoll	.ctor	<untyped>			407B70	0	0	0	<none>	UNKNOWN:absolute-address	NO_BASE_TYPE	0	0	-	NOT_APPLICABLE	UNKNOWN	NO_OWNER	[407B70]
base has no type, from Move from RuntimeClassTypeAnalysisContext	GoogleMobileAds	GoogleMobileAds.Android.RewardedAdClient	GetRewardItem	<untyped>			B8	0	0	0	Move:type Il2CppClass<System.EmptyArray`1<System.Object>>	UNKNOWN:move-from-RuntimeClassTypeAnalysisContext	NO_BASE_TYPE	0	0	-	NOT_APPLICABLE	UNKNOWN	NO_OWNER	[v200 @ X0_v19+B8]
base has no type, from Move from RuntimeClassTypeAnalysisContext	GoogleMobileAds	GoogleMobileAds.Android.RewardedAdClient	GetRewardItem	<untyped>			B8	0	0	0	Move:type Il2CppClass<System.EmptyArray`1<System.Object>>	UNKNOWN:move-from-RuntimeClassTypeAnalysisContext	NO_BASE_TYPE	0	0	-	NOT_APPLICABLE	UNKNOWN	NO_OWNER	[v239 @ X0_v27+B8]
base has no type, from Move from RuntimeClassTypeAnalysisContext	GoogleMobileAds	GoogleMobileAds.Android.DisplayMetrics	.ctor	<untyped>			B8	0	0	0	Move:type Il2CppClass<System.EmptyArray`1<System.Object>>	UNKNOWN:move-from-RuntimeClassTypeAnalysisContext	NO_BASE_TYPE	0	0	-	NOT_APPLICABLE	UNKNOWN	NO_OWNER	[v328 @ X0_v185+B8]
base has no type, from Move from RuntimeClassTypeAnalysisContext	GoogleMobileAds	GoogleMobileAds.Android.DisplayMetrics	.ctor	<untyped>			B8	0	0	0	Move:type Il2CppClass<System.EmptyArray`1<System.Object>>	UNKNOWN:move-from-RuntimeClassTypeAnalysisContext	NO_BASE_TYPE	0	0	-	NOT_APPLICABLE	UNKNOWN	NO_OWNER	[v443 @ X0_v193+B8]
base has no type, from Move from RuntimeClassTypeAnalysisContext	GoogleMobileAds	GoogleMobileAds.Android.InitializationStatusClient	getAdapterStatusForClassName	<untyped>			B8	0	0	0	Move:type Il2CppClass<System.EmptyArray`1<System.Object>>	UNKNOWN:move-from-RuntimeClassTypeAnalysisContext	NO_BASE_TYPE	0	0	-	NOT_APPLICABLE	UNKNOWN	NO_OWNER	[v281 @ X0_v21+B8]
base has no type, from Move from RuntimeClassTypeAnalysisContext	GoogleMobileAds	GoogleMobileAds.Android.InitializationStatusClient	getAdapterStatusForClassName	<untyped>			B8	0	0	0	Move:type Il2CppClass<System.EmptyArray`1<System.Object>>	UNKNOWN:move-from-RuntimeClassTypeAnalysisContext	NO_BASE_TYPE	0	0	-	NOT_APPLICABLE	UNKNOWN	NO_OWNER	[v333 @ X0_v29+B8]
base has no type, from Move from RuntimeClassTypeAnalysisContext	GoogleMobileAds	GoogleMobileAds.Android.InitializationStatusClient	getAdapterStatusForClassName	<untyped>			B8	0	0	0	Move:type Il2CppClass<System.EmptyArray`1<System.Object>>	UNKNOWN:move-from-RuntimeClassTypeAnalysisContext	NO_BASE_TYPE	0	0	-	NOT_APPLICABLE	UNKNOWN	NO_OWNER	[v376 @ X0_v41+B8]
past the last field of the base type	GoogleMobileAds	GoogleMobileAds.Android.InitializationStatusClient	getKeys	GoogleMobileAds.Android.InitializationStatusClient	System.Object	TypeAnalysisContext	B8	18	2	0	Call	PAST_LAST_FIELD:class	LAYOUT_KNOWN	2	18	BEYOND_LAYOUT	CLASS_OBJECT_RELATIVE	THIS	SEARCH_EMPTY	[this @ X0 (GoogleMobileAds.Android.InitializationStatusClient)+B8]
base has no type, from Move from RuntimeClassTypeAnalysisContext	GoogleMobileAds	GoogleMobileAds.Android.RewardedInterstitialAdClient	GetRewardItem	<untyped>			B8	0	0	0	Move:type Il2CppClass<System.EmptyArray`1<System.Object>>	UNKNOWN:move-from-RuntimeClassTypeAnalysisContext	NO_BASE_TYPE	0	0	-	NOT_APPLICABLE	UNKNOWN	NO_OWNER	[v200 @ X0_v19+B8]
base has no type, from Move from RuntimeClassTypeAnalysisContext	GoogleMobileAds	GoogleMobileAds.Android.RewardedInterstitialAdClient	GetRewardItem	<untyped>			B8	0	0	0	Move:type Il2CppClass<System.EmptyArray`1<System.Object>>	UNKNOWN:move-from-RuntimeClassTypeAnalysisContext	NO_BASE_TYPE	0	0	-	NOT_APPLICABLE	UNKNOWN	NO_OWNER	[v239 @ X0_v27+B8]
value type base	spine-unity-examples	Spine.Unity.Examples.SkeletonRagdoll2D	Apply	System.Single	System.ValueType	TypeAnalysisContext	20	0	1	0	<none>	PAST_LAST_FIELD:value-type	LAYOUT_KNOWN	1	10	BEYOND_LAYOUT	NEITHER	STACK_SLOT	SEARCH_EMPTY	[v1449 @ stack_-C8 (System.Single)+20]
past the last field of the base type	spine-unity-examples	Spine.Unity.Examples.SkeletonRagdoll2D	Apply	UnityEngine.Component	UnityEngine.Object	TypeAnalysisContext	30	10	1	0	Move:ArrayAccess	PAST_LAST_FIELD:class	LAYOUT_KNOWN	1	10	BEYOND_LAYOUT	CLASS_OBJECT_RELATIVE	UNKNOWN	SEARCH_EMPTY	[v384 @ X22_v41 (UnityEngine.Component)+30]
Il2CppClass.interface_offsets_count	spine-unity-examples	Spine.Unity.Examples.SkeletonRagdoll2D	Remove	Il2CppClass<Spine.Unity.ISkeletonAnimation>		RuntimeClassTypeAnalysisContext	12E	0	0	0	Move:memory	RUNTIME_STRUCT:RuntimeClassTypeAnalysisContext	RUNTIME_STRUCT	0	0	-	NOT_APPLICABLE	RUNTIME_STRUCTURE	SEARCH_EMPTY	[v328 @ X8_v6 (Il2CppClass<Spine.Unity.ISkeletonAnimation>)+12E]
Il2CppClass.interface_offsets_count	spine-unity-examples	Spine.Unity.Examples.SkeletonRagdoll2D	Remove	Il2CppClass<Spine.Unity.ISkeletonAnimation>		RuntimeClassTypeAnalysisContext	12E	0	0	0	Move:memory	RUNTIME_STRUCT:RuntimeClassTypeAnalysisContext	RUNTIME_STRUCT	0	0	-	NOT_APPLICABLE	RUNTIME_STRUCTURE	SEARCH_EMPTY	[v328 @ X8_v6 (Il2CppClass<Spine.Unity.ISkeletonAnimation>)+12E]
Il2CppClass.interfaceOffsets	spine-unity-examples	Spine.Unity.Examples.SkeletonRagdoll2D	Remove	Il2CppClass<Spine.Unity.ISkeletonAnimation>		RuntimeClassTypeAnalysisContext	B0	0	0	0	Move:memory	RUNTIME_STRUCT:RuntimeClassTypeAnalysisContext	RUNTIME_STRUCT	0	0	-	NOT_APPLICABLE	RUNTIME_STRUCTURE	SEARCH_EMPTY	[v328 @ X8_v6 (Il2CppClass<Spine.Unity.ISkeletonAnimation>)+B0]
base has no type, from Add of an untyped local and Immediate	spine-unity-examples	Spine.Unity.Examples.SkeletonRagdoll2D	Remove	<untyped>			FFFFFFFFFFFFFFF8	0	0	0	Add	UNKNOWN:add-of-MemoryOperand	NO_BASE_TYPE	0	0	-	NOT_APPLICABLE	UNKNOWN	NO_OWNER	[v370 @ X10_v5-8]
base has no type, from Move from RuntimeClassTypeAnalysisContext	GoogleMobileAds	GoogleMobileAds.Android.MobileAdsClient	GetDeviceScale	<untyped>			B8	0	0	0	Move:type Il2CppClass<System.EmptyArray`1<System.Object>>	UNKNOWN:move-from-RuntimeClassTypeAnalysisContext	NO_BASE_TYPE	0	0	-	NOT_APPLICABLE	UNKNOWN	NO_OWNER	[v83 @ X0_v13+B8]
base has no type, from Move from RuntimeClassTypeAnalysisContext	GoogleMobileAds	GoogleMobileAds.Android.MobileAdsClient	GetDeviceScale	<untyped>			B8	0	0	0	Move:type Il2CppClass<System.EmptyArray`1<System.Object>>	UNKNOWN:move-from-RuntimeClassTypeAnalysisContext	NO_BASE_TYPE	0	0	-	NOT_APPLICABLE	UNKNOWN	NO_OWNER	[v84 @ X0_v21+B8]
value type base	GoogleMobileAds	GoogleMobileAds.Common.MobileAdsEventExecutor	Update	System.Int32	System.ValueType	TypeAnalysisContext	20	0	1	0	Move:Immediate	PAST_LAST_FIELD:value-type	LAYOUT_KNOWN	1	10	BEYOND_LAYOUT	NEITHER	UNKNOWN	SEARCH_EMPTY	[v383 @ X8_v22 (System.Int32)+20]
Il2CppMethodInfo.0x53	GoogleMobileAds	GoogleMobileAds.Common.RewardedAdDummyClient	.ctor	Il2CppMethodInfo		RuntimeMethodInfoAnalysisContext	53	0	0	0	Move:type Il2CppMethodInfo	RUNTIME_STRUCT:RuntimeMethodInfoAnalysisContext	RUNTIME_STRUCT	0	0	-	NOT_APPLICABLE	RUNTIME_STRUCTURE	SEARCH_EMPTY	[v44 @ X0_v3 (Il2CppMethodInfo)+53]
base has no type, from Move from RuntimeClassTypeAnalysisContext	GoogleMobileAds	GoogleMobileAds.Android.RequestConfigurationClient	GetRequestConfiguration	<untyped>			B8	0	0	0	Move:type Il2CppClass<System.EmptyArray`1<System.Object>>	UNKNOWN:move-from-RuntimeClassTypeAnalysisContext	NO_BASE_TYPE	0	0	-	NOT_APPLICABLE	UNKNOWN	NO_OWNER	[v216 @ X0_v17+B8]
base has no type, from Move from RuntimeClassTypeAnalysisContext	GoogleMobileAds	GoogleMobileAds.Android.RequestConfigurationClient	GetRequestConfiguration	<untyped>			B8	0	0	0	Move:type Il2CppClass<System.EmptyArray`1<System.Object>>	UNKNOWN:move-from-RuntimeClassTypeAnalysisContext	NO_BASE_TYPE	0	0	-	NOT_APPLICABLE	UNKNOWN	NO_OWNER	[v255 @ X0_v25+B8]
base has no type, from Move from RuntimeClassTypeAnalysisContext	GoogleMobileAds	GoogleMobileAds.Android.RequestConfigurationClient	GetRequestConfiguration	<untyped>			B8	0	0	0	Move:type Il2CppClass<System.EmptyArray`1<System.Object>>	UNKNOWN:move-from-RuntimeClassTypeAnalysisContext	NO_BASE_TYPE	0	0	-	NOT_APPLICABLE	UNKNOWN	NO_OWNER	[v296 @ X0_v34+B8]
base has no type, from no definition	spine-unity-examples	Spine.Unity.Examples.SkeletonRagdoll2D	UpdateSpineSkeleton	<untyped>			20	0	0	0	<none>	TYPE_PROPAGATION:entry-value	NO_BASE_TYPE	0	0	-	NOT_APPLICABLE	STACK_SLOT	NO_OWNER	[v274 @ stack_-E8+20]
base has no type, from no definition	spine-unity-examples	Spine.Unity.Examples.SkeletonRagdoll2D	UpdateSpineSkeleton	<untyped>			20	0	0	0	<none>	TYPE_PROPAGATION:entry-value	NO_BASE_TYPE	0	0	-	NOT_APPLICABLE	STACK_SLOT	NO_OWNER	[v274 @ stack_-E8+20]
base has no type, from Move from an untyped base	spine-unity-examples	Spine.Unity.Examples.SkeletonRagdoll2D	UpdateSpineSkeleton	<untyped>			74	0	0	0	Move:memory	TYPE_PROPAGATION:entry-value	NO_BASE_TYPE	0	0	-	NOT_APPLICABLE	LOADED_POINTER	NO_OWNER	[v776 @ X8_v37+74]
base has no type, from Move from an untyped base	spine-unity-examples	Spine.Unity.Examples.SkeletonRagdoll2D	UpdateSpineSkeleton	<untyped>			80	0	0	0	Move:memory	TYPE_PROPAGATION:entry-value	NO_BASE_TYPE	0	0	-	NOT_APPLICABLE	LOADED_POINTER	NO_OWNER	[v776 @ X8_v37+80]
base has no type, from no definition	spine-unity-examples	Spine.Unity.Examples.SkeletonRagdoll2D	UpdateSpineSkeleton	<untyped>			20	0	0	0	<none>	TYPE_PROPAGATION:entry-value	NO_BASE_TYPE	0	0	-	NOT_APPLICABLE	STACK_SLOT	NO_OWNER	[v274 @ stack_-E8+20]
base has no type, from Move from an untyped base	spine-unity-examples	Spine.Unity.Examples.SkeletonRagdoll2D	UpdateSpineSkeleton	<untyped>			20	0	0	0	Move:memory	TYPE_PROPAGATION:entry-value	NO_BASE_TYPE	0	0	-	NOT_APPLICABLE	LOADED_POINTER	NO_OWNER	[v791 @ X9_v9+20]
base has no type, from Move from an untyped base	spine-unity-examples	Spine.Unity.Examples.SkeletonRagdoll2D	UpdateSpineSkeleton	<untyped>			54	0	0	0	Move:memory	TYPE_PROPAGATION:entry-value	NO_BASE_TYPE	0	0	-	NOT_APPLICABLE	LOADED_POINTER	NO_OWNER	[v791 @ X9_v9+54]
base has no type, from Move from an untyped base	spine-unity-examples	Spine.Unity.Examples.SkeletonRagdoll2D	UpdateSpineSkeleton	<untyped>			20	0	0	0	Move:memory	TYPE_PROPAGATION:entry-value	NO_BASE_TYPE	0	0	-	NOT_APPLICABLE	LOADED_POINTER	NO_OWNER	[v791 @ X9_v9+20]
base has no type, from Move from an untyped base	spine-unity-examples	Spine.Unity.Examples.SkeletonRagdoll2D	UpdateSpineSkeleton	<untyped>			54	0	0	0	Move:memory	TYPE_PROPAGATION:entry-value	NO_BASE_TYPE	0	0	-	NOT_APPLICABLE	LOADED_POINTER	NO_OWNER	[v791 @ X9_v9+54]
base has no type, from Move from an untyped base	spine-unity-examples	Spine.Unity.Examples.SkeletonRagdoll2D	UpdateSpineSkeleton	<untyped>			20	0	0	0	Move:memory	TYPE_PROPAGATION:entry-value	NO_BASE_TYPE	0	0	-	NOT_APPLICABLE	UNKNOWN	NO_OWNER	[v1157 @ X8_v40+20]
base has no type, from Move from an untyped base	spine-unity-examples	Spine.Unity.Examples.SkeletonRagdoll2D	UpdateSpineSkeleton	<untyped>			54	0	0	0	Move:memory	TYPE_PROPAGATION:entry-value	NO_BASE_TYPE	0	0	-	NOT_APPLICABLE	UNKNOWN	NO_OWNER	[v1157 @ X8_v40+54]
base has no type, from no definition	spine-unity-examples	Spine.Unity.Examples.SkeletonRagdoll2D	UpdateSpineSkeleton	<untyped>			38	0	0	0	<none>	TYPE_PROPAGATION:entry-value	NO_BASE_TYPE	0	0	-	NOT_APPLICABLE	STACK_SLOT	NO_OWNER	[v274 @ stack_-E8+38]
base has no type, from no definition	spine-unity-examples	Spine.Unity.Examples.SkeletonRagdoll2D	UpdateSpineSkeleton	<untyped>			30	0	0	0	<none>	TYPE_PROPAGATION:entry-value	NO_BASE_TYPE	0	0	-	NOT_APPLICABLE	STACK_SLOT	NO_OWNER	[v274 @ stack_-E8+30]
base has no type, from no definition	spine-unity-examples	Spine.Unity.Examples.SkeletonRagdoll2D	UpdateSpineSkeleton	<untyped>			34	0	0	0	<none>	TYPE_PROPAGATION:entry-value	NO_BASE_TYPE	0	0	-	NOT_APPLICABLE	STACK_SLOT	NO_OWNER	[v274 @ stack_-E8+34]
base has no type, from no definition	spine-unity-examples	Spine.Unity.Examples.SkeletonRagdoll2D	UpdateSpineSkeleton	<untyped>			38	0	0	0	<none>	TYPE_PROPAGATION:entry-value	NO_BASE_TYPE	0	0	-	NOT_APPLICABLE	STACK_SLOT	NO_OWNER	[v274 @ stack_-E8+38]
base has no type, from no definition	spine-unity-examples	Spine.Unity.Examples.SkeletonRagdoll2D	UpdateSpineSkeleton	<untyped>			30	0	0	0	<none>	TYPE_PROPAGATION:entry-value	NO_BASE_TYPE	0	0	-	NOT_APPLICABLE	STACK_SLOT	NO_OWNER	[v274 @ stack_-E8+30]
base has no type, from no definition	spine-unity-examples	Spine.Unity.Examples.SkeletonRagdoll2D	UpdateSpineSkeleton	<untyped>			34	0	0	0	<none>	TYPE_PROPAGATION:entry-value	NO_BASE_TYPE	0	0	-	NOT_APPLICABLE	STACK_SLOT	NO_OWNER	[v274 @ stack_-E8+34]
base has no type, from no definition	spine-unity-examples	Spine.Unity.Examples.SkeletonRagdoll2D	UpdateSpineSkeleton	<untyped>			38	0	0	0	<none>	TYPE_PROPAGATION:entry-value	NO_BASE_TYPE	0	0	-	NOT_APPLICABLE	STACK_SLOT	NO_OWNER	[v274 @ stack_-E8+38]
absolute address	spine-unity-examples	Spine.Unity.Examples.SkeletonRagdoll2D	.ctor	<untyped>			408050	0	0	0	<none>	UNKNOWN:absolute-address	NO_BASE_TYPE	0	0	-	NOT_APPLICABLE	UNKNOWN	NO_OWNER	[408050]
static field storage at 0x8	spine-unity-examples	Spine.Unity.Examples.SkeletonUtilityEyeConstraint	OnEnable	UnityEngine.Vector3	System.ValueType	TypeAnalysisContext	8	8	3	0	Move:memory	RUNTIME_STRUCT:StaticFieldStorageTypeAnalysisContext	LAYOUT_KNOWN	3	18	NESTED:z	VALUE_RELATIVE	STATIC_FIELD	SEARCH_EMPTY	[v336 @ X9_v9 (Il2CppStaticFields<UnityEngine.Vector3>)+8]
base has no type, from Add of the field Vector3[] and Int32	spine-unity-examples	Spine.Unity.Examples.SkeletonUtilityEyeConstraint	OnEnable	<untyped>			28	0	0	0	Add	PAST_LAST_FIELD:value-type	NO_BASE_TYPE	0	0	-	NOT_APPLICABLE	UNKNOWN	NO_OWNER	[v429 @ X8_v18+28]
base has no type, from Add of the field Vector3[] and Int32	spine-unity-examples	Spine.Unity.Examples.SkeletonUtilityEyeConstraint	OnEnable	<untyped>			28	0	0	0	Add	PAST_LAST_FIELD:value-type	NO_BASE_TYPE	0	0	-	NOT_APPLICABLE	UNKNOWN	NO_OWNER	[v429 @ X8_v18+28]
base has no type, from Add of the field Vector3[] and Int32	spine-unity-examples	Spine.Unity.Examples.SkeletonUtilityEyeConstraint	OnEnable	<untyped>			28	0	0	0	Add	PAST_LAST_FIELD:value-type	NO_BASE_TYPE	0	0	-	NOT_APPLICABLE	UNKNOWN	NO_OWNER	[v429 @ X8_v18+28]
base has no type, from Add of the field Vector3[] and Int32	spine-unity-examples	Spine.Unity.Examples.SkeletonUtilityEyeConstraint	OnEnable	<untyped>			28	0	0	0	Add	PAST_LAST_FIELD:value-type	NO_BASE_TYPE	0	0	-	NOT_APPLICABLE	UNKNOWN	NO_OWNER	[v429 @ X8_v18+28]
base has no type, from Add of the field Vector3[] and Int32	spine-unity-examples	Spine.Unity.Examples.SkeletonUtilityEyeConstraint	OnEnable	<untyped>			28	0	0	0	Add	PAST_LAST_FIELD:value-type	NO_BASE_TYPE	0	0	-	NOT_APPLICABLE	UNKNOWN	NO_OWNER	[v429 @ X8_v18+28]
base has no type, from Add of the field Vector3[] and Int32	spine-unity-examples	Spine.Unity.Examples.SkeletonUtilityEyeConstraint	OnDisable	<untyped>			20	0	0	0	Add	PAST_LAST_FIELD:value-type	NO_BASE_TYPE	0	0	-	NOT_APPLICABLE	UNKNOWN	NO_OWNER	[v243 @ X9_v6+20]
base has no type, from Add of the field Vector3[] and Int32	spine-unity-examples	Spine.Unity.Examples.SkeletonUtilityEyeConstraint	OnDisable	<untyped>			24	0	0	0	Add	PAST_LAST_FIELD:value-type	NO_BASE_TYPE	0	0	-	NOT_APPLICABLE	UNKNOWN	NO_OWNER	[v243 @ X9_v6+24]
base has no type, from Add of the field Vector3[] and Int32	spine-unity-examples	Spine.Unity.Examples.SkeletonUtilityEyeConstraint	OnDisable	<untyped>			28	0	0	0	Add	PAST_LAST_FIELD:value-type	NO_BASE_TYPE	0	0	-	NOT_APPLICABLE	UNKNOWN	NO_OWNER	[v243 @ X9_v6+28]
base has no type, from Add of the field Vector3[] and Int32	spine-unity-examples	Spine.Unity.Examples.SkeletonUtilityEyeConstraint	DoUpdate	<untyped>			20	0	0	0	Add	PAST_LAST_FIELD:value-type	NO_BASE_TYPE	0	0	-	NOT_APPLICABLE	UNKNOWN	NO_OWNER	[v545 @ X8_v13+20]
base has no type, from Add of the field Vector3[] and Int32	spine-unity-examples	Spine.Unity.Examples.SkeletonUtilityEyeConstraint	DoUpdate	<untyped>			24	0	0	0	Add	PAST_LAST_FIELD:value-type	NO_BASE_TYPE	0	0	-	NOT_APPLICABLE	UNKNOWN	NO_OWNER	[v545 @ X8_v13+24]
Il2CppMethodInfo.0x53	GoogleMobileAds	GoogleMobileAds.Common.RewardedAdDummyClient	CreateRewardedAd	Il2CppMethodInfo		RuntimeMethodInfoAnalysisContext	53	0	0	0	Move:type Il2CppMethodInfo	RUNTIME_STRUCT:RuntimeMethodInfoAnalysisContext	RUNTIME_STRUCT	0	0	-	NOT_APPLICABLE	RUNTIME_STRUCTURE	SEARCH_EMPTY	[v36 @ X0_v2 (Il2CppMethodInfo)+53]
base has no type, from Add of the field Vector3[] and Int32	spine-unity-examples	Spine.Unity.Examples.SkeletonUtilityEyeConstraint	DoUpdate	<untyped>			28	0	0	0	Add	PAST_LAST_FIELD:value-type	NO_BASE_TYPE	0	0	-	NOT_APPLICABLE	UNKNOWN	NO_OWNER	[v545 @ X8_v13+28]
Il2CppMethodInfo.0x53	GoogleMobileAds	GoogleMobileAds.Common.RewardedAdDummyClient	LoadAd	Il2CppMethodInfo		RuntimeMethodInfoAnalysisContext	53	0	0	0	Move:type Il2CppMethodInfo	RUNTIME_STRUCT:RuntimeMethodInfoAnalysisContext	RUNTIME_STRUCT	0	0	-	NOT_APPLICABLE	RUNTIME_STRUCTURE	SEARCH_EMPTY	[v39 @ X0_v2 (Il2CppMethodInfo)+53]
Il2CppMethodInfo.0x53	GoogleMobileAds	GoogleMobileAds.Common.RewardedAdDummyClient	IsLoaded	Il2CppMethodInfo		RuntimeMethodInfoAnalysisContext	53	0	0	0	Move:type Il2CppMethodInfo	RUNTIME_STRUCT:RuntimeMethodInfoAnalysisContext	RUNTIME_STRUCT	0	0	-	NOT_APPLICABLE	RUNTIME_STRUCTURE	SEARCH_EMPTY	[v36 @ X0_v2 (Il2CppMethodInfo)+53]
Il2CppMethodInfo.0x53	GoogleMobileAds	GoogleMobileAds.Common.RewardedAdDummyClient	Show	Il2CppMethodInfo		RuntimeMethodInfoAnalysisContext	53	0	0	0	Move:type Il2CppMethodInfo	RUNTIME_STRUCT:RuntimeMethodInfoAnalysisContext	RUNTIME_STRUCT	0	0	-	NOT_APPLICABLE	RUNTIME_STRUCTURE	SEARCH_EMPTY	[v36 @ X0_v2 (Il2CppMethodInfo)+53]
Il2CppMethodInfo.0x53	GoogleMobileAds	GoogleMobileAds.Common.RewardedAdDummyClient	MediationAdapterClassName	Il2CppMethodInfo		RuntimeMethodInfoAnalysisContext	53	0	0	0	Move:type Il2CppMethodInfo	RUNTIME_STRUCT:RuntimeMethodInfoAnalysisContext	RUNTIME_STRUCT	0	0	-	NOT_APPLICABLE	RUNTIME_STRUCTURE	SEARCH_EMPTY	[v36 @ X0_v2 (Il2CppMethodInfo)+53]
Il2CppMethodInfo.0x53	GoogleMobileAds	GoogleMobileAds.Common.RewardedAdDummyClient	GetRewardItem	Il2CppMethodInfo		RuntimeMethodInfoAnalysisContext	53	0	0	0	Move:type Il2CppMethodInfo	RUNTIME_STRUCT:RuntimeMethodInfoAnalysisContext	RUNTIME_STRUCT	0	0	-	NOT_APPLICABLE	RUNTIME_STRUCTURE	SEARCH_EMPTY	[v36 @ X0_v2 (Il2CppMethodInfo)+53]
Il2CppMethodInfo.0x53	GoogleMobileAds	GoogleMobileAds.Common.RewardedAdDummyClient	SetServerSideVerificationOptions	Il2CppMethodInfo		RuntimeMethodInfoAnalysisContext	53	0	0	0	Move:type Il2CppMethodInfo	RUNTIME_STRUCT:RuntimeMethodInfoAnalysisContext	RUNTIME_STRUCT	0	0	-	NOT_APPLICABLE	RUNTIME_STRUCTURE	SEARCH_EMPTY	[v36 @ X0_v2 (Il2CppMethodInfo)+53]
Il2CppMethodInfo.0x53	GoogleMobileAds	GoogleMobileAds.Common.RewardedAdDummyClient	GetResponseInfoClient	Il2CppMethodInfo		RuntimeMethodInfoAnalysisContext	53	0	0	0	Move:type Il2CppMethodInfo	RUNTIME_STRUCT:RuntimeMethodInfoAnalysisContext	RUNTIME_STRUCT	0	0	-	NOT_APPLICABLE	RUNTIME_STRUCTURE	SEARCH_EMPTY	[v36 @ X0_v2 (Il2CppMethodInfo)+53]
Il2CppMethodInfo.0x53	GoogleMobileAds	GoogleMobileAds.Common.RewardedInterstitialAdDummyClient	.ctor	Il2CppMethodInfo		RuntimeMethodInfoAnalysisContext	53	0	0	0	Move:type Il2CppMethodInfo	RUNTIME_STRUCT:RuntimeMethodInfoAnalysisContext	RUNTIME_STRUCT	0	0	-	NOT_APPLICABLE	RUNTIME_STRUCTURE	SEARCH_EMPTY	[v44 @ X0_v3 (Il2CppMethodInfo)+53]
past the last field of the base type	spine-unity-examples	Spine.Unity.Examples.SkeletonUtilityKinematicShadow	Start	UnityEngine.Component	UnityEngine.Object	TypeAnalysisContext	20	10	1	0	Move:ArrayAccess	PAST_LAST_FIELD:class	LAYOUT_KNOWN	1	10	BEYOND_LAYOUT	CLASS_OBJECT_RELATIVE	UNKNOWN	SEARCH_EMPTY	[v122 @ X24_v9 (UnityEngine.Component)+20]
past the last field of the base type	spine-unity-examples	Spine.Unity.Examples.SkeletonUtilityKinematicShadow	Start	UnityEngine.Component	UnityEngine.Object	TypeAnalysisContext	20	10	1	0	Move:ArrayAccess	PAST_LAST_FIELD:class	LAYOUT_KNOWN	1	10	BEYOND_LAYOUT	CLASS_OBJECT_RELATIVE	UNKNOWN	SEARCH_EMPTY	[v232 @ X22_v12 (UnityEngine.Component)+20]
past the last field of the base type	GoogleMobileAds	GoogleMobileAds.Api.AdSize	Equals	System.Object		TypeAnalysisContext	18	0	0	0	<none>	NO_KNOWN_LAYOUT:type-has-no-instance-fields	NO_INSTANCE_FIELDS	0	0	BEYOND_LAYOUT	CLASS_OBJECT_RELATIVE	PARAMETER	SEARCH_EMPTY	[obj @ X1 (System.Object)+18]
past the last field of the base type	GoogleMobileAds	GoogleMobileAds.Api.AdSize	Equals	System.Object		TypeAnalysisContext	1C	0	0	0	<none>	NO_KNOWN_LAYOUT:type-has-no-instance-fields	NO_INSTANCE_FIELDS	0	0	BEYOND_LAYOUT	CLASS_OBJECT_RELATIVE	PARAMETER	SEARCH_EMPTY	[obj @ X1 (System.Object)+1C]
past the last field of the base type	GoogleMobileAds	GoogleMobileAds.Api.AdSize	Equals	System.Object		TypeAnalysisContext	10	0	0	0	<none>	NO_KNOWN_LAYOUT:type-has-no-instance-fields	NO_INSTANCE_FIELDS	0	0	BEYOND_LAYOUT	CLASS_OBJECT_RELATIVE	PARAMETER	SEARCH_EMPTY	[obj @ X1 (System.Object)+10]
past the last field of the base type	GoogleMobileAds	GoogleMobileAds.Api.AdSize	Equals	System.Object		TypeAnalysisContext	14	0	0	0	<none>	NO_KNOWN_LAYOUT:type-has-no-instance-fields	NO_INSTANCE_FIELDS	0	0	BEYOND_LAYOUT	CLASS_OBJECT_RELATIVE	PARAMETER	SEARCH_EMPTY	[obj @ X1 (System.Object)+14]
Il2CppClass.vtable	GoogleMobileAds	GoogleMobileAds.Api.AdSize	op_Equality	Il2CppClass<GoogleMobileAds.Api.AdSize>		RuntimeClassTypeAnalysisContext	138	0	0	0	Move:memory	RUNTIME_STRUCT:RuntimeClassTypeAnalysisContext	RUNTIME_STRUCT	0	0	-	NOT_APPLICABLE	RUNTIME_STRUCTURE	SEARCH_EMPTY	[v2 @ X8_v1 (Il2CppClass<GoogleMobileAds.Api.AdSize>)+138]
Il2CppClass.0x140	GoogleMobileAds	GoogleMobileAds.Api.AdSize	op_Equality	Il2CppClass<GoogleMobileAds.Api.AdSize>		RuntimeClassTypeAnalysisContext	140	0	0	0	Move:memory	RUNTIME_STRUCT:RuntimeClassTypeAnalysisContext	RUNTIME_STRUCT	0	0	-	NOT_APPLICABLE	RUNTIME_STRUCTURE	SEARCH_EMPTY	[v2 @ X8_v1 (Il2CppClass<GoogleMobileAds.Api.AdSize>)+140]
absolute address	GoogleMobileAds	GoogleMobileAds.Api.AdSize	.cctor	<untyped>			407ED0	0	0	0	<none>	UNKNOWN:absolute-address	NO_BASE_TYPE	0	0	-	NOT_APPLICABLE	UNKNOWN	NO_OWNER	[407ED0]
absolute address	GoogleMobileAds	GoogleMobileAds.Api.AdSize	.cctor	<untyped>			407C40	0	0	0	<none>	UNKNOWN:absolute-address	NO_BASE_TYPE	0	0	-	NOT_APPLICABLE	UNKNOWN	NO_OWNER	[407C40]
absolute address	GoogleMobileAds	GoogleMobileAds.Api.AdSize	.cctor	<untyped>			407BB0	0	0	0	<none>	UNKNOWN:absolute-address	NO_BASE_TYPE	0	0	-	NOT_APPLICABLE	UNKNOWN	NO_OWNER	[407BB0]
absolute address	GoogleMobileAds	GoogleMobileAds.Api.AdSize	.cctor	<untyped>			407B50	0	0	0	<none>	UNKNOWN:absolute-address	NO_BASE_TYPE	0	0	-	NOT_APPLICABLE	UNKNOWN	NO_OWNER	[407B50]
absolute address	GoogleMobileAds	GoogleMobileAds.Api.AdSize	.cctor	<untyped>			407D00	0	0	0	<none>	UNKNOWN:absolute-address	NO_BASE_TYPE	0	0	-	NOT_APPLICABLE	UNKNOWN	NO_OWNER	[407D00]
absolute address	GoogleMobileAds	GoogleMobileAds.Api.AdSize	.cctor	<untyped>			407ED0	0	0	0	<none>	UNKNOWN:absolute-address	NO_BASE_TYPE	0	0	-	NOT_APPLICABLE	UNKNOWN	NO_OWNER	[407ED0]
Il2CppMethodInfo.0x53	GoogleMobileAds	GoogleMobileAds.Common.RewardedInterstitialAdDummyClient	CreateRewardedInterstitialAd	Il2CppMethodInfo		RuntimeMethodInfoAnalysisContext	53	0	0	0	Move:type Il2CppMethodInfo	RUNTIME_STRUCT:RuntimeMethodInfoAnalysisContext	RUNTIME_STRUCT	0	0	-	NOT_APPLICABLE	RUNTIME_STRUCTURE	SEARCH_EMPTY	[v36 @ X0_v2 (Il2CppMethodInfo)+53]
Il2CppMethodInfo.0x53	GoogleMobileAds	GoogleMobileAds.Common.RewardedInterstitialAdDummyClient	LoadAd	Il2CppMethodInfo		RuntimeMethodInfoAnalysisContext	53	0	0	0	Move:type Il2CppMethodInfo	RUNTIME_STRUCT:RuntimeMethodInfoAnalysisContext	RUNTIME_STRUCT	0	0	-	NOT_APPLICABLE	RUNTIME_STRUCTURE	SEARCH_EMPTY	[v36 @ X0_v2 (Il2CppMethodInfo)+53]
Il2CppMethodInfo.0x53	GoogleMobileAds	GoogleMobileAds.Common.RewardedInterstitialAdDummyClient	GetRewardItem	Il2CppMethodInfo		RuntimeMethodInfoAnalysisContext	53	0	0	0	Move:type Il2CppMethodInfo	RUNTIME_STRUCT:RuntimeMethodInfoAnalysisContext	RUNTIME_STRUCT	0	0	-	NOT_APPLICABLE	RUNTIME_STRUCTURE	SEARCH_EMPTY	[v36 @ X0_v2 (Il2CppMethodInfo)+53]
Il2CppMethodInfo.0x53	GoogleMobileAds	GoogleMobileAds.Common.RewardedInterstitialAdDummyClient	Show	Il2CppMethodInfo		RuntimeMethodInfoAnalysisContext	53	0	0	0	Move:type Il2CppMethodInfo	RUNTIME_STRUCT:RuntimeMethodInfoAnalysisContext	RUNTIME_STRUCT	0	0	-	NOT_APPLICABLE	RUNTIME_STRUCTURE	SEARCH_EMPTY	[v36 @ X0_v2 (Il2CppMethodInfo)+53]
between fields of the base type	GoogleMobileAds	GoogleMobileAds.Android.Utils	GetAdRequestJavaObject	GoogleMobileAds.Api.AdRequest	System.Object	TypeAnalysisContext	28	48	7	0	Move:local AdRequest	PAST_LAST_FIELD:class	LAYOUT_PARTIAL	2	18	BEYOND_LAYOUT	CLASS_OBJECT_RELATIVE	UNKNOWN	SEARCH_EMPTY	[v518 @ X20_v3 (GoogleMobileAds.Api.AdRequest)+28]
Il2CppMethodInfo.0x53	GoogleMobileAds	GoogleMobileAds.Common.RewardedInterstitialAdDummyClient	SetServerSideVerificationOptions	Il2CppMethodInfo		RuntimeMethodInfoAnalysisContext	53	0	0	0	Move:type Il2CppMethodInfo	RUNTIME_STRUCT:RuntimeMethodInfoAnalysisContext	RUNTIME_STRUCT	0	0	-	NOT_APPLICABLE	RUNTIME_STRUCTURE	SEARCH_EMPTY	[v36 @ X0_v2 (Il2CppMethodInfo)+53]
Il2CppMethodInfo.0x53	GoogleMobileAds	GoogleMobileAds.Common.RewardedInterstitialAdDummyClient	GetResponseInfoClient	Il2CppMethodInfo		RuntimeMethodInfoAnalysisContext	53	0	0	0	Move:type Il2CppMethodInfo	RUNTIME_STRUCT:RuntimeMethodInfoAnalysisContext	RUNTIME_STRUCT	0	0	-	NOT_APPLICABLE	RUNTIME_STRUCTURE	SEARCH_EMPTY	[v36 @ X0_v2 (Il2CppMethodInfo)+53]
past the last field of the base type	GoogleMobileAds	GoogleMobileAds.Android.Utils	GetAdRequestJavaObject	UnityEngine.AndroidJavaObject	System.Object	TypeAnalysisContext	38	18	2	0	Move:memory	PAST_LAST_FIELD:class	LAYOUT_KNOWN	2	18	BEYOND_LAYOUT	CLASS_OBJECT_RELATIVE	LOADED_POINTER	SEARCH_EMPTY	[v3569 @ X20_v59 (UnityEngine.AndroidJavaObject)+38]
past the last field of the base type	GoogleMobileAds	GoogleMobileAds.Android.Utils	GetAdRequestJavaObject	UnityEngine.AndroidJavaObject	System.Object	TypeAnalysisContext	38	18	2	0	Move:memory	PAST_LAST_FIELD:class	LAYOUT_KNOWN	2	18	BEYOND_LAYOUT	CLASS_OBJECT_RELATIVE	LOADED_POINTER	SEARCH_EMPTY	[v3569 @ X20_v59 (UnityEngine.AndroidJavaObject)+38]
Il2CppClass.0x180	GoogleMobileAds	GoogleMobileAds.Android.Utils	GetAdRequestJavaObject	Il2CppClass<System.String>		RuntimeClassTypeAnalysisContext	180	0	0	0	Move:memory	RUNTIME_STRUCT:RuntimeClassTypeAnalysisContext	RUNTIME_STRUCT	0	0	-	NOT_APPLICABLE	RUNTIME_STRUCTURE	SEARCH_EMPTY	[v3565 @ X8_v230 (Il2CppClass<System.String>)+180]
past the last field of the base type	GoogleMobileAds	GoogleMobileAds.Android.Utils	GetAdRequestJavaObject	UnityEngine.AndroidJavaObject	System.Object	TypeAnalysisContext	38	18	2	0	Move:memory	PAST_LAST_FIELD:class	LAYOUT_KNOWN	2	18	BEYOND_LAYOUT	CLASS_OBJECT_RELATIVE	LOADED_POINTER	SEARCH_EMPTY	[v3569 @ X20_v59 (UnityEngine.AndroidJavaObject)+38]
Il2CppClass.0x180	GoogleMobileAds	GoogleMobileAds.Android.Utils	GetAdRequestJavaObject	Il2CppClass<System.String>		RuntimeClassTypeAnalysisContext	180	0	0	0	Move:memory	RUNTIME_STRUCT:RuntimeClassTypeAnalysisContext	RUNTIME_STRUCT	0	0	-	NOT_APPLICABLE	RUNTIME_STRUCTURE	SEARCH_EMPTY	[v3565 @ X8_v230 (Il2CppClass<System.String>)+180]
past the last field of the base type	GoogleMobileAds	GoogleMobileAds.Android.Utils	GetAdRequestJavaObject	UnityEngine.AndroidJavaObject	System.Object	TypeAnalysisContext	38	18	2	0	Move:memory	PAST_LAST_FIELD:class	LAYOUT_KNOWN	2	18	BEYOND_LAYOUT	CLASS_OBJECT_RELATIVE	LOADED_POINTER	SEARCH_EMPTY	[v3569 @ X20_v59 (UnityEngine.AndroidJavaObject)+38]
static field storage at 0x10	GoogleMobileAds	GoogleMobileAds.Android.Utils	GetAdRequestJavaObject	System.EmptyArray`1<System.Object>	System.Object	GenericInstanceTypeAnalysisContext	10	0	0	0	Move:memory	RUNTIME_STRUCT:StaticFieldStorageTypeAnalysisContext	NO_INSTANCE_FIELDS	0	0	BEYOND_LAYOUT	CLASS_OBJECT_RELATIVE	STATIC_FIELD	SEARCH_EMPTY	[v113 @ X8_v9 (Il2CppStaticFields<System.EmptyArray`1<System.Object>>)+10]
past the last field of the base type	GoogleMobileAds	GoogleMobileAds.Android.Utils	GetAdRequestJavaObject	UnityEngine.AndroidJavaObject	System.Object	TypeAnalysisContext	135	18	2	0	Call	PAST_LAST_FIELD:class	LAYOUT_KNOWN	2	18	BEYOND_LAYOUT	CLASS_OBJECT_RELATIVE	UNKNOWN	SEARCH_EMPTY	[v118 @ X0_v9 (UnityEngine.AndroidJavaObject)+135]
past the last field of the base type	GoogleMobileAds	GoogleMobileAds.Android.Utils	GetAdRequestJavaObject	UnityEngine.AndroidJavaObject	System.Object	TypeAnalysisContext	135	18	2	0	Call	PAST_LAST_FIELD:class	LAYOUT_KNOWN	2	18	BEYOND_LAYOUT	CLASS_OBJECT_RELATIVE	UNKNOWN	SEARCH_EMPTY	[v118 @ X0_v9 (UnityEngine.AndroidJavaObject)+135]
Il2CppClass.0x180	GoogleMobileAds	GoogleMobileAds.Android.Utils	GetAdRequestJavaObject	Il2CppClass<System.String>		RuntimeClassTypeAnalysisContext	180	0	0	0	Move:memory	RUNTIME_STRUCT:RuntimeClassTypeAnalysisContext	RUNTIME_STRUCT	0	0	-	NOT_APPLICABLE	RUNTIME_STRUCTURE	SEARCH_EMPTY	[v3565 @ X8_v230 (Il2CppClass<System.String>)+180]
past the last field of the base type	GoogleMobileAds	GoogleMobileAds.Android.Utils	GetAdRequestJavaObject	UnityEngine.AndroidJavaObject	System.Object	TypeAnalysisContext	B8	18	2	0	Call	PAST_LAST_FIELD:class	LAYOUT_KNOWN	2	18	BEYOND_LAYOUT	CLASS_OBJECT_RELATIVE	UNKNOWN	SEARCH_EMPTY	[v118 @ X0_v9 (UnityEngine.AndroidJavaObject)+B8]
base has no type, from Move from [Il2CppMethodInfo + 0x0]	GoogleMobileAds	GoogleMobileAds.Android.Utils	GetAdRequestJavaObject	<untyped>			38	0	0	0	Move:memory	RUNTIME_STRUCT:RuntimeMethodInfoAnalysisContext	NO_BASE_TYPE	0	0	-	NOT_APPLICABLE	LOADED_POINTER	NO_OWNER	[v3608 @ X22_v68+38]
base has no type, from Move from [Il2CppMethodInfo + 0x0]	GoogleMobileAds	GoogleMobileAds.Android.Utils	GetAdRequestJavaObject	<untyped>			38	0	0	0	Move:memory	RUNTIME_STRUCT:RuntimeMethodInfoAnalysisContext	NO_BASE_TYPE	0	0	-	NOT_APPLICABLE	LOADED_POINTER	NO_OWNER	[v3608 @ X22_v68+38]
base has no type, from Move from [Il2CppMethodInfo + 0x0]	GoogleMobileAds	GoogleMobileAds.Android.Utils	GetAdRequestJavaObject	<untyped>			38	0	0	0	Move:memory	RUNTIME_STRUCT:RuntimeMethodInfoAnalysisContext	NO_BASE_TYPE	0	0	-	NOT_APPLICABLE	LOADED_POINTER	NO_OWNER	[v3608 @ X22_v68+38]
base has no type, from Move from [Il2CppMethodInfo + 0x0]	GoogleMobileAds	GoogleMobileAds.Android.Utils	GetAdRequestJavaObject	<untyped>			38	0	0	0	Move:memory	RUNTIME_STRUCT:RuntimeMethodInfoAnalysisContext	NO_BASE_TYPE	0	0	-	NOT_APPLICABLE	LOADED_POINTER	NO_OWNER	[v3608 @ X22_v68+38]
static field storage at 0x10	GoogleMobileAds	GoogleMobileAds.Android.Utils	GetAdRequestJavaObject	System.EmptyArray`1<System.Object>	System.Object	GenericInstanceTypeAnalysisContext	10	0	0	0	Move:memory	RUNTIME_STRUCT:StaticFieldStorageTypeAnalysisContext	NO_INSTANCE_FIELDS	0	0	BEYOND_LAYOUT	CLASS_OBJECT_RELATIVE	STATIC_FIELD	SEARCH_EMPTY	[v113 @ X8_v9 (Il2CppStaticFields<System.EmptyArray`1<System.Object>>)+10]
past the last field of the base type	GoogleMobileAds	GoogleMobileAds.Android.Utils	GetAdRequestJavaObject	UnityEngine.AndroidJavaObject	System.Object	TypeAnalysisContext	135	18	2	0	Call	PAST_LAST_FIELD:class	LAYOUT_KNOWN	2	18	BEYOND_LAYOUT	CLASS_OBJECT_RELATIVE	UNKNOWN	SEARCH_EMPTY	[v118 @ X0_v9 (UnityEngine.AndroidJavaObject)+135]
past the last field of the base type	GoogleMobileAds	GoogleMobileAds.Android.Utils	GetAdRequestJavaObject	UnityEngine.AndroidJavaObject	System.Object	TypeAnalysisContext	135	18	2	0	Call	PAST_LAST_FIELD:class	LAYOUT_KNOWN	2	18	BEYOND_LAYOUT	CLASS_OBJECT_RELATIVE	UNKNOWN	SEARCH_EMPTY	[v118 @ X0_v9 (UnityEngine.AndroidJavaObject)+135]
past the last field of the base type	GoogleMobileAds	GoogleMobileAds.Android.Utils	GetAdRequestJavaObject	UnityEngine.AndroidJavaObject	System.Object	TypeAnalysisContext	B8	18	2	0	Call	PAST_LAST_FIELD:class	LAYOUT_KNOWN	2	18	BEYOND_LAYOUT	CLASS_OBJECT_RELATIVE	UNKNOWN	SEARCH_EMPTY	[v118 @ X0_v9 (UnityEngine.AndroidJavaObject)+B8]
past the last field of the base type	GoogleMobileAds	GoogleMobileAds.Android.Utils	GetAdRequestJavaObject	UnityEngine.AndroidJavaObject	System.Object	TypeAnalysisContext	38	18	2	0	Move:memory	PAST_LAST_FIELD:class	LAYOUT_KNOWN	2	18	BEYOND_LAYOUT	CLASS_OBJECT_RELATIVE	LOADED_POINTER	SEARCH_EMPTY	[v1000 @ X23_v65 (UnityEngine.AndroidJavaObject)+38]
past the last field of the base type	GoogleMobileAds	GoogleMobileAds.Android.Utils	GetAdRequestJavaObject	UnityEngine.AndroidJavaObject	System.Object	TypeAnalysisContext	38	18	2	0	Move:memory	PAST_LAST_FIELD:class	LAYOUT_KNOWN	2	18	BEYOND_LAYOUT	CLASS_OBJECT_RELATIVE	LOADED_POINTER	SEARCH_EMPTY	[v1000 @ X23_v65 (UnityEngine.AndroidJavaObject)+38]
past the last field of the base type	GoogleMobileAds	GoogleMobileAds.Android.Utils	GetAdRequestJavaObject	UnityEngine.AndroidJavaObject	System.Object	TypeAnalysisContext	38	18	2	0	Move:memory	PAST_LAST_FIELD:class	LAYOUT_KNOWN	2	18	BEYOND_LAYOUT	CLASS_OBJECT_RELATIVE	LOADED_POINTER	SEARCH_EMPTY	[v1000 @ X23_v65 (UnityEngine.AndroidJavaObject)+38]
past the last field of the base type	GoogleMobileAds	GoogleMobileAds.Android.Utils	GetAdRequestJavaObject	UnityEngine.AndroidJavaObject	System.Object	TypeAnalysisContext	38	18	2	0	Move:memory	PAST_LAST_FIELD:class	LAYOUT_KNOWN	2	18	BEYOND_LAYOUT	CLASS_OBJECT_RELATIVE	LOADED_POINTER	SEARCH_EMPTY	[v1000 @ X23_v65 (UnityEngine.AndroidJavaObject)+38]
static field storage at 0x10	GoogleMobileAds	GoogleMobileAds.Android.Utils	GetAdRequestJavaObject	System.EmptyArray`1<System.Object>	System.Object	GenericInstanceTypeAnalysisContext	10	0	0	0	Move:memory	RUNTIME_STRUCT:StaticFieldStorageTypeAnalysisContext	NO_INSTANCE_FIELDS	0	0	BEYOND_LAYOUT	CLASS_OBJECT_RELATIVE	STATIC_FIELD	SEARCH_EMPTY	[v113 @ X8_v9 (Il2CppStaticFields<System.EmptyArray`1<System.Object>>)+10]
past the last field of the base type	GoogleMobileAds	GoogleMobileAds.Android.Utils	GetAdRequestJavaObject	UnityEngine.AndroidJavaObject	System.Object	TypeAnalysisContext	135	18	2	0	Call	PAST_LAST_FIELD:class	LAYOUT_KNOWN	2	18	BEYOND_LAYOUT	CLASS_OBJECT_RELATIVE	UNKNOWN	SEARCH_EMPTY	[v118 @ X0_v9 (UnityEngine.AndroidJavaObject)+135]
past the last field of the base type	GoogleMobileAds	GoogleMobileAds.Android.Utils	GetAdRequestJavaObject	UnityEngine.AndroidJavaObject	System.Object	TypeAnalysisContext	135	18	2	0	Call	PAST_LAST_FIELD:class	LAYOUT_KNOWN	2	18	BEYOND_LAYOUT	CLASS_OBJECT_RELATIVE	UNKNOWN	SEARCH_EMPTY	[v118 @ X0_v9 (UnityEngine.AndroidJavaObject)+135]
past the last field of the base type	GoogleMobileAds	GoogleMobileAds.Android.Utils	GetAdRequestJavaObject	UnityEngine.AndroidJavaObject	System.Object	TypeAnalysisContext	B8	18	2	0	Call	PAST_LAST_FIELD:class	LAYOUT_KNOWN	2	18	BEYOND_LAYOUT	CLASS_OBJECT_RELATIVE	UNKNOWN	SEARCH_EMPTY	[v118 @ X0_v9 (UnityEngine.AndroidJavaObject)+B8]
base has no type, from Move from [Il2CppMethodInfo + 0x0]	GoogleMobileAds	GoogleMobileAds.Android.Utils	GetAdRequestJavaObject	<untyped>			38	0	0	0	Move:memory	RUNTIME_STRUCT:RuntimeMethodInfoAnalysisContext	NO_BASE_TYPE	0	0	-	NOT_APPLICABLE	LOADED_POINTER	NO_OWNER	[v1113 @ X23_v67+38]
base has no type, from Move from [Il2CppMethodInfo + 0x0]	GoogleMobileAds	GoogleMobileAds.Android.Utils	GetAdRequestJavaObject	<untyped>			38	0	0	0	Move:memory	RUNTIME_STRUCT:RuntimeMethodInfoAnalysisContext	NO_BASE_TYPE	0	0	-	NOT_APPLICABLE	LOADED_POINTER	NO_OWNER	[v1113 @ X23_v67+38]
base has no type, from Move from [Il2CppMethodInfo + 0x0]	GoogleMobileAds	GoogleMobileAds.Android.Utils	GetAdRequestJavaObject	<untyped>			38	0	0	0	Move:memory	RUNTIME_STRUCT:RuntimeMethodInfoAnalysisContext	NO_BASE_TYPE	0	0	-	NOT_APPLICABLE	LOADED_POINTER	NO_OWNER	[v1113 @ X23_v67+38]
base has no type, from Move from [Il2CppMethodInfo + 0x0]	GoogleMobileAds	GoogleMobileAds.Android.Utils	GetAdRequestJavaObject	<untyped>			38	0	0	0	Move:memory	RUNTIME_STRUCT:RuntimeMethodInfoAnalysisContext	NO_BASE_TYPE	0	0	-	NOT_APPLICABLE	LOADED_POINTER	NO_OWNER	[v1113 @ X23_v67+38]
static field storage at 0x10	GoogleMobileAds	GoogleMobileAds.Android.Utils	GetAdRequestJavaObject	System.EmptyArray`1<System.Object>	System.Object	GenericInstanceTypeAnalysisContext	10	0	0	0	Move:memory	RUNTIME_STRUCT:StaticFieldStorageTypeAnalysisContext	NO_INSTANCE_FIELDS	0	0	BEYOND_LAYOUT	CLASS_OBJECT_RELATIVE	STATIC_FIELD	SEARCH_EMPTY	[v113 @ X8_v9 (Il2CppStaticFields<System.EmptyArray`1<System.Object>>)+10]
past the last field of the base type	GoogleMobileAds	GoogleMobileAds.Android.Utils	GetAdRequestJavaObject	UnityEngine.AndroidJavaObject	System.Object	TypeAnalysisContext	135	18	2	0	Call	PAST_LAST_FIELD:class	LAYOUT_KNOWN	2	18	BEYOND_LAYOUT	CLASS_OBJECT_RELATIVE	UNKNOWN	SEARCH_EMPTY	[v118 @ X0_v9 (UnityEngine.AndroidJavaObject)+135]
past the last field of the base type	GoogleMobileAds	GoogleMobileAds.Android.Utils	GetAdRequestJavaObject	UnityEngine.AndroidJavaObject	System.Object	TypeAnalysisContext	135	18	2	0	Call	PAST_LAST_FIELD:class	LAYOUT_KNOWN	2	18	BEYOND_LAYOUT	CLASS_OBJECT_RELATIVE	UNKNOWN	SEARCH_EMPTY	[v118 @ X0_v9 (UnityEngine.AndroidJavaObject)+135]
past the last field of the base type	GoogleMobileAds	GoogleMobileAds.Android.Utils	GetAdRequestJavaObject	UnityEngine.AndroidJavaObject	System.Object	TypeAnalysisContext	B8	18	2	0	Call	PAST_LAST_FIELD:class	LAYOUT_KNOWN	2	18	BEYOND_LAYOUT	CLASS_OBJECT_RELATIVE	UNKNOWN	SEARCH_EMPTY	[v118 @ X0_v9 (UnityEngine.AndroidJavaObject)+B8]
past the last field of the base type	GoogleMobileAds	GoogleMobileAds.Android.Utils	GetAdRequestJavaObject	UnityEngine.AndroidJavaObject	System.Object	TypeAnalysisContext	38	18	2	0	Move:memory	PAST_LAST_FIELD:class	LAYOUT_KNOWN	2	18	BEYOND_LAYOUT	CLASS_OBJECT_RELATIVE	LOADED_POINTER	SEARCH_EMPTY	[v3193 @ X20_v55 (UnityEngine.AndroidJavaObject)+38]
past the last field of the base type	GoogleMobileAds	GoogleMobileAds.Android.Utils	GetAdRequestJavaObject	UnityEngine.AndroidJavaObject	System.Object	TypeAnalysisContext	38	18	2	0	Move:memory	PAST_LAST_FIELD:class	LAYOUT_KNOWN	2	18	BEYOND_LAYOUT	CLASS_OBJECT_RELATIVE	LOADED_POINTER	SEARCH_EMPTY	[v3193 @ X20_v55 (UnityEngine.AndroidJavaObject)+38]
past the last field of the base type	GoogleMobileAds	GoogleMobileAds.Android.Utils	GetAdRequestJavaObject	UnityEngine.AndroidJavaObject	System.Object	TypeAnalysisContext	38	18	2	0	Move:memory	PAST_LAST_FIELD:class	LAYOUT_KNOWN	2	18	BEYOND_LAYOUT	CLASS_OBJECT_RELATIVE	LOADED_POINTER	SEARCH_EMPTY	[v3193 @ X20_v55 (UnityEngine.AndroidJavaObject)+38]
past the last field of the base type	GoogleMobileAds	GoogleMobileAds.Android.Utils	GetAdRequestJavaObject	UnityEngine.AndroidJavaObject	System.Object	TypeAnalysisContext	38	18	2	0	Move:memory	PAST_LAST_FIELD:class	LAYOUT_KNOWN	2	18	BEYOND_LAYOUT	CLASS_OBJECT_RELATIVE	LOADED_POINTER	SEARCH_EMPTY	[v3193 @ X20_v55 (UnityEngine.AndroidJavaObject)+38]
static field storage at 0x10	GoogleMobileAds	GoogleMobileAds.Android.Utils	GetAdRequestJavaObject	System.EmptyArray`1<System.Object>	System.Object	GenericInstanceTypeAnalysisContext	10	0	0	0	Move:memory	RUNTIME_STRUCT:StaticFieldStorageTypeAnalysisContext	NO_INSTANCE_FIELDS	0	0	BEYOND_LAYOUT	CLASS_OBJECT_RELATIVE	STATIC_FIELD	SEARCH_EMPTY	[v113 @ X8_v9 (Il2CppStaticFields<System.EmptyArray`1<System.Object>>)+10]
past the last field of the base type	GoogleMobileAds	GoogleMobileAds.Android.Utils	GetAdRequestJavaObject	UnityEngine.AndroidJavaObject	System.Object	TypeAnalysisContext	135	18	2	0	Call	PAST_LAST_FIELD:class	LAYOUT_KNOWN	2	18	BEYOND_LAYOUT	CLASS_OBJECT_RELATIVE	UNKNOWN	SEARCH_EMPTY	[v118 @ X0_v9 (UnityEngine.AndroidJavaObject)+135]
past the last field of the base type	GoogleMobileAds	GoogleMobileAds.Android.Utils	GetAdRequestJavaObject	UnityEngine.AndroidJavaObject	System.Object	TypeAnalysisContext	135	18	2	0	Call	PAST_LAST_FIELD:class	LAYOUT_KNOWN	2	18	BEYOND_LAYOUT	CLASS_OBJECT_RELATIVE	UNKNOWN	SEARCH_EMPTY	[v118 @ X0_v9 (UnityEngine.AndroidJavaObject)+135]
past the last field of the base type	GoogleMobileAds	GoogleMobileAds.Android.Utils	GetAdRequestJavaObject	UnityEngine.AndroidJavaObject	System.Object	TypeAnalysisContext	B8	18	2	0	Call	PAST_LAST_FIELD:class	LAYOUT_KNOWN	2	18	BEYOND_LAYOUT	CLASS_OBJECT_RELATIVE	UNKNOWN	SEARCH_EMPTY	[v118 @ X0_v9 (UnityEngine.AndroidJavaObject)+B8]
static field storage at 0x10	GoogleMobileAds	GoogleMobileAds.Android.Utils	GetAdRequestJavaObject	System.EmptyArray`1<System.Object>	System.Object	GenericInstanceTypeAnalysisContext	10	0	0	0	Move:memory	RUNTIME_STRUCT:StaticFieldStorageTypeAnalysisContext	NO_INSTANCE_FIELDS	0	0	BEYOND_LAYOUT	CLASS_OBJECT_RELATIVE	STATIC_FIELD	SEARCH_EMPTY	[v113 @ X8_v9 (Il2CppStaticFields<System.EmptyArray`1<System.Object>>)+10]
past the last field of the base type	GoogleMobileAds	GoogleMobileAds.Android.Utils	GetAdRequestJavaObject	UnityEngine.AndroidJavaObject	System.Object	TypeAnalysisContext	135	18	2	0	Call	PAST_LAST_FIELD:class	LAYOUT_KNOWN	2	18	BEYOND_LAYOUT	CLASS_OBJECT_RELATIVE	UNKNOWN	SEARCH_EMPTY	[v118 @ X0_v9 (UnityEngine.AndroidJavaObject)+135]
past the last field of the base type	GoogleMobileAds	GoogleMobileAds.Android.Utils	GetAdRequestJavaObject	UnityEngine.AndroidJavaObject	System.Object	TypeAnalysisContext	135	18	2	0	Call	PAST_LAST_FIELD:class	LAYOUT_KNOWN	2	18	BEYOND_LAYOUT	CLASS_OBJECT_RELATIVE	UNKNOWN	SEARCH_EMPTY	[v118 @ X0_v9 (UnityEngine.AndroidJavaObject)+135]
static field storage at 0x10	GoogleMobileAds	GoogleMobileAds.Android.Utils	GetAdRequestJavaObject	System.EmptyArray`1<System.Object>	System.Object	GenericInstanceTypeAnalysisContext	10	0	0	0	Move:memory	RUNTIME_STRUCT:StaticFieldStorageTypeAnalysisContext	NO_INSTANCE_FIELDS	0	0	BEYOND_LAYOUT	CLASS_OBJECT_RELATIVE	STATIC_FIELD	SEARCH_EMPTY	[v113 @ X8_v9 (Il2CppStaticFields<System.EmptyArray`1<System.Object>>)+10]
past the last field of the base type	GoogleMobileAds	GoogleMobileAds.Android.Utils	GetAdRequestJavaObject	UnityEngine.AndroidJavaObject	System.Object	TypeAnalysisContext	135	18	2	0	Call	PAST_LAST_FIELD:class	LAYOUT_KNOWN	2	18	BEYOND_LAYOUT	CLASS_OBJECT_RELATIVE	UNKNOWN	SEARCH_EMPTY	[v118 @ X0_v9 (UnityEngine.AndroidJavaObject)+135]
past the last field of the base type	GoogleMobileAds	GoogleMobileAds.Android.Utils	GetAdRequestJavaObject	UnityEngine.AndroidJavaObject	System.Object	TypeAnalysisContext	135	18	2	0	Call	PAST_LAST_FIELD:class	LAYOUT_KNOWN	2	18	BEYOND_LAYOUT	CLASS_OBJECT_RELATIVE	UNKNOWN	SEARCH_EMPTY	[v118 @ X0_v9 (UnityEngine.AndroidJavaObject)+135]
static field storage at 0x10	GoogleMobileAds	GoogleMobileAds.Android.Utils	GetAdRequestJavaObject	System.EmptyArray`1<System.Object>	System.Object	GenericInstanceTypeAnalysisContext	10	0	0	0	Move:memory	RUNTIME_STRUCT:StaticFieldStorageTypeAnalysisContext	NO_INSTANCE_FIELDS	0	0	BEYOND_LAYOUT	CLASS_OBJECT_RELATIVE	STATIC_FIELD	SEARCH_EMPTY	[v113 @ X8_v9 (Il2CppStaticFields<System.EmptyArray`1<System.Object>>)+10]
past the last field of the base type	GoogleMobileAds	GoogleMobileAds.Android.Utils	GetAdRequestJavaObject	UnityEngine.AndroidJavaObject	System.Object	TypeAnalysisContext	135	18	2	0	Call	PAST_LAST_FIELD:class	LAYOUT_KNOWN	2	18	BEYOND_LAYOUT	CLASS_OBJECT_RELATIVE	UNKNOWN	SEARCH_EMPTY	[v118 @ X0_v9 (UnityEngine.AndroidJavaObject)+135]
past the last field of the base type	GoogleMobileAds	GoogleMobileAds.Android.Utils	GetAdRequestJavaObject	UnityEngine.AndroidJavaObject	System.Object	TypeAnalysisContext	135	18	2	0	Call	PAST_LAST_FIELD:class	LAYOUT_KNOWN	2	18	BEYOND_LAYOUT	CLASS_OBJECT_RELATIVE	UNKNOWN	SEARCH_EMPTY	[v118 @ X0_v9 (UnityEngine.AndroidJavaObject)+135]
static field storage at 0x10	GoogleMobileAds	GoogleMobileAds.Android.Utils	GetAdRequestJavaObject	System.EmptyArray`1<System.Object>	System.Object	GenericInstanceTypeAnalysisContext	10	0	0	0	Move:memory	RUNTIME_STRUCT:StaticFieldStorageTypeAnalysisContext	NO_INSTANCE_FIELDS	0	0	BEYOND_LAYOUT	CLASS_OBJECT_RELATIVE	STATIC_FIELD	SEARCH_EMPTY	[v113 @ X8_v9 (Il2CppStaticFields<System.EmptyArray`1<System.Object>>)+10]
past the last field of the base type	GoogleMobileAds	GoogleMobileAds.Android.Utils	GetAdRequestJavaObject	UnityEngine.AndroidJavaObject	System.Object	TypeAnalysisContext	135	18	2	0	Call	PAST_LAST_FIELD:class	LAYOUT_KNOWN	2	18	BEYOND_LAYOUT	CLASS_OBJECT_RELATIVE	UNKNOWN	SEARCH_EMPTY	[v118 @ X0_v9 (UnityEngine.AndroidJavaObject)+135]
past the last field of the base type	GoogleMobileAds	GoogleMobileAds.Android.Utils	GetAdRequestJavaObject	UnityEngine.AndroidJavaObject	System.Object	TypeAnalysisContext	135	18	2	0	Call	PAST_LAST_FIELD:class	LAYOUT_KNOWN	2	18	BEYOND_LAYOUT	CLASS_OBJECT_RELATIVE	UNKNOWN	SEARCH_EMPTY	[v118 @ X0_v9 (UnityEngine.AndroidJavaObject)+135]
static field storage at 0x10	GoogleMobileAds	GoogleMobileAds.Android.Utils	GetAdRequestJavaObject	System.EmptyArray`1<System.Object>	System.Object	GenericInstanceTypeAnalysisContext	10	0	0	0	Move:memory	RUNTIME_STRUCT:StaticFieldStorageTypeAnalysisContext	NO_INSTANCE_FIELDS	0	0	BEYOND_LAYOUT	CLASS_OBJECT_RELATIVE	STATIC_FIELD	SEARCH_EMPTY	[v113 @ X8_v9 (Il2CppStaticFields<System.EmptyArray`1<System.Object>>)+10]
past the last field of the base type	GoogleMobileAds	GoogleMobileAds.Android.Utils	GetAdRequestJavaObject	UnityEngine.AndroidJavaObject	System.Object	TypeAnalysisContext	135	18	2	0	Call	PAST_LAST_FIELD:class	LAYOUT_KNOWN	2	18	BEYOND_LAYOUT	CLASS_OBJECT_RELATIVE	UNKNOWN	SEARCH_EMPTY	[v118 @ X0_v9 (UnityEngine.AndroidJavaObject)+135]
past the last field of the base type	GoogleMobileAds	GoogleMobileAds.Android.Utils	GetAdRequestJavaObject	UnityEngine.AndroidJavaObject	System.Object	TypeAnalysisContext	135	18	2	0	Call	PAST_LAST_FIELD:class	LAYOUT_KNOWN	2	18	BEYOND_LAYOUT	CLASS_OBJECT_RELATIVE	UNKNOWN	SEARCH_EMPTY	[v118 @ X0_v9 (UnityEngine.AndroidJavaObject)+135]
past the last field of the base type	Assembly-CSharp	AdManager+<>c__DisplayClass17_0	<ShowToast>b__0	UnityEngine.AndroidJavaClass	UnityEngine.AndroidJavaObject	TypeAnalysisContext	B8	18	2	0	Newobj	PAST_LAST_FIELD:class	LAYOUT_KNOWN	2	18	BEYOND_LAYOUT	CLASS_OBJECT_RELATIVE	UNKNOWN	SEARCH_EMPTY	[v50 @ X0_v3 (UnityEngine.AndroidJavaClass)+B8]
base has no type, from Move from RuntimeClassTypeAnalysisContext	Assembly-CSharp	AdManager	Awake	<untyped>			B8	0	0	0	Move:type Il2CppClass<System.EmptyArray`1<System.Object>>	UNKNOWN:move-from-RuntimeClassTypeAnalysisContext	NO_BASE_TYPE	0	0	-	NOT_APPLICABLE	UNKNOWN	NO_OWNER	[v162 @ X0_v26+B8]
Il2CppClass.interface_offsets_count	GoogleMobileAds	GoogleMobileAds.Api.AdLoader	.ctor	Il2CppClass<GoogleMobileAds.Common.IAdLoaderClient>		RuntimeClassTypeAnalysisContext	12E	0	0	0	Move:memory	RUNTIME_STRUCT:RuntimeClassTypeAnalysisContext	RUNTIME_STRUCT	0	0	-	NOT_APPLICABLE	RUNTIME_STRUCTURE	SEARCH_EMPTY	[v717 @ X8_v13 (Il2CppClass<GoogleMobileAds.Common.IAdLoaderClient>)+12E]
Il2CppClass.interface_offsets_count	GoogleMobileAds	GoogleMobileAds.Api.AdLoader	.ctor	Il2CppClass<GoogleMobileAds.Common.IAdLoaderClient>		RuntimeClassTypeAnalysisContext	12E	0	0	0	Move:memory	RUNTIME_STRUCT:RuntimeClassTypeAnalysisContext	RUNTIME_STRUCT	0	0	-	NOT_APPLICABLE	RUNTIME_STRUCTURE	SEARCH_EMPTY	[v717 @ X8_v13 (Il2CppClass<GoogleMobileAds.Common.IAdLoaderClient>)+12E]
Il2CppClass.interfaceOffsets	GoogleMobileAds	GoogleMobileAds.Api.AdLoader	.ctor	Il2CppClass<GoogleMobileAds.Common.IAdLoaderClient>		RuntimeClassTypeAnalysisContext	B0	0	0	0	Move:memory	RUNTIME_STRUCT:RuntimeClassTypeAnalysisContext	RUNTIME_STRUCT	0	0	-	NOT_APPLICABLE	RUNTIME_STRUCTURE	SEARCH_EMPTY	[v717 @ X8_v13 (Il2CppClass<GoogleMobileAds.Common.IAdLoaderClient>)+B0]
Il2CppClass.interface_offsets_count	GoogleMobileAds	GoogleMobileAds.Api.AdLoader	.ctor	Il2CppClass<GoogleMobileAds.Common.IAdLoaderClient>		RuntimeClassTypeAnalysisContext	12E	0	0	0	Move:memory	RUNTIME_STRUCT:RuntimeClassTypeAnalysisContext	RUNTIME_STRUCT	0	0	-	NOT_APPLICABLE	RUNTIME_STRUCTURE	SEARCH_EMPTY	[v798 @ X8_v18 (Il2CppClass<GoogleMobileAds.Common.IAdLoaderClient>)+12E]
Il2CppClass.interface_offsets_count	GoogleMobileAds	GoogleMobileAds.Api.AdLoader	.ctor	Il2CppClass<GoogleMobileAds.Common.IAdLoaderClient>		RuntimeClassTypeAnalysisContext	12E	0	0	0	Move:memory	RUNTIME_STRUCT:RuntimeClassTypeAnalysisContext	RUNTIME_STRUCT	0	0	-	NOT_APPLICABLE	RUNTIME_STRUCTURE	SEARCH_EMPTY	[v798 @ X8_v18 (Il2CppClass<GoogleMobileAds.Common.IAdLoaderClient>)+12E]
Il2CppClass.interfaceOffsets	GoogleMobileAds	GoogleMobileAds.Api.AdLoader	.ctor	Il2CppClass<GoogleMobileAds.Common.IAdLoaderClient>		RuntimeClassTypeAnalysisContext	B0	0	0	0	Move:memory	RUNTIME_STRUCT:RuntimeClassTypeAnalysisContext	RUNTIME_STRUCT	0	0	-	NOT_APPLICABLE	RUNTIME_STRUCTURE	SEARCH_EMPTY	[v798 @ X8_v18 (Il2CppClass<GoogleMobileAds.Common.IAdLoaderClient>)+B0]
Il2CppClass.interface_offsets_count	GoogleMobileAds	GoogleMobileAds.Api.AdLoader	.ctor	Il2CppClass<GoogleMobileAds.Common.IAdLoaderClient>		RuntimeClassTypeAnalysisContext	12E	0	0	0	Move:memory	RUNTIME_STRUCT:RuntimeClassTypeAnalysisContext	RUNTIME_STRUCT	0	0	-	NOT_APPLICABLE	RUNTIME_STRUCTURE	SEARCH_EMPTY	[v870 @ X8_v25 (Il2CppClass<GoogleMobileAds.Common.IAdLoaderClient>)+12E]
Il2CppClass.interface_offsets_count	GoogleMobileAds	GoogleMobileAds.Api.AdLoader	.ctor	Il2CppClass<GoogleMobileAds.Common.IAdLoaderClient>		RuntimeClassTypeAnalysisContext	12E	0	0	0	Move:memory	RUNTIME_STRUCT:RuntimeClassTypeAnalysisContext	RUNTIME_STRUCT	0	0	-	NOT_APPLICABLE	RUNTIME_STRUCTURE	SEARCH_EMPTY	[v870 @ X8_v25 (Il2CppClass<GoogleMobileAds.Common.IAdLoaderClient>)+12E]
Il2CppClass.interfaceOffsets	GoogleMobileAds	GoogleMobileAds.Api.AdLoader	.ctor	Il2CppClass<GoogleMobileAds.Common.IAdLoaderClient>		RuntimeClassTypeAnalysisContext	B0	0	0	0	Move:memory	RUNTIME_STRUCT:RuntimeClassTypeAnalysisContext	RUNTIME_STRUCT	0	0	-	NOT_APPLICABLE	RUNTIME_STRUCTURE	SEARCH_EMPTY	[v870 @ X8_v25 (Il2CppClass<GoogleMobileAds.Common.IAdLoaderClient>)+B0]
base has no type, from Add of an untyped local and Immediate	GoogleMobileAds	GoogleMobileAds.Api.AdLoader	.ctor	<untyped>			FFFFFFFFFFFFFFF8	0	0	0	Add	UNKNOWN:add-of-MemoryOperand	NO_BASE_TYPE	0	0	-	NOT_APPLICABLE	UNKNOWN	NO_OWNER	[v767 @ X10_v23-8]
base has no type, from Add of an untyped local and Immediate	GoogleMobileAds	GoogleMobileAds.Api.AdLoader	.ctor	<untyped>			FFFFFFFFFFFFFFF8	0	0	0	Add	UNKNOWN:add-of-MemoryOperand	NO_BASE_TYPE	0	0	-	NOT_APPLICABLE	UNKNOWN	NO_OWNER	[v842 @ X10_v18-8]
base has no type, from Add of an untyped local and Immediate	GoogleMobileAds	GoogleMobileAds.Api.AdLoader	.ctor	<untyped>			FFFFFFFFFFFFFFF8	0	0	0	Add	UNKNOWN:add-of-MemoryOperand	NO_BASE_TYPE	0	0	-	NOT_APPLICABLE	UNKNOWN	NO_OWNER	[v913 @ X10_v13-8]
base has no type, from Move from RuntimeClassTypeAnalysisContext	GoogleMobileAds	GoogleMobileAds.Android.Utils	GetCsTypeList	<untyped>			B8	0	0	0	Move:type Il2CppClass<System.EmptyArray`1<System.Object>>	UNKNOWN:move-from-RuntimeClassTypeAnalysisContext	NO_BASE_TYPE	0	0	-	NOT_APPLICABLE	UNKNOWN	NO_OWNER	[v109 @ X0_v9+B8]
base has no type, from Move from RuntimeClassTypeAnalysisContext	GoogleMobileAds	GoogleMobileAds.Android.Utils	GetServerSideVerificationOptionsJavaObject	<untyped>			B8	0	0	0	Move:type Il2CppClass<System.EmptyArray`1<System.Object>>	UNKNOWN:move-from-RuntimeClassTypeAnalysisContext	NO_BASE_TYPE	0	0	-	NOT_APPLICABLE	UNKNOWN	NO_OWNER	[v248 @ X0_v32+B8]
Il2CppMethodInfo.0x53	GoogleMobileAds	GoogleMobileAds.Common.DummyClient	.ctor	Il2CppMethodInfo		RuntimeMethodInfoAnalysisContext	53	0	0	0	Move:type Il2CppMethodInfo	RUNTIME_STRUCT:RuntimeMethodInfoAnalysisContext	RUNTIME_STRUCT	0	0	-	NOT_APPLICABLE	RUNTIME_STRUCTURE	SEARCH_EMPTY	[v44 @ X0_v3 (Il2CppMethodInfo)+53]
base has no type, from no definition	Assembly-CSharp	CSVSerializer	DeserializeIdValue	<untyped>			28	0	0	0	<none>	TYPE_PROPAGATION:entry-value	NO_BASE_TYPE	0	0	-	NOT_APPLICABLE	ENTRY_VALUE	NO_OWNER	[v25 @ SYSREG+28]
base has no type, from no definition	Assembly-CSharp	CSVSerializer	DeserializeIdValue	<untyped>			38	0	0	0	<none>	TYPE_PROPAGATION:entry-value	NO_BASE_TYPE	0	0	-	NOT_APPLICABLE	ENTRY_VALUE	NO_OWNER	[v28 @ X4+38]
base has no type, from no definition	Assembly-CSharp	CSVSerializer	DeserializeIdValue	<untyped>			38	0	0	0	<none>	TYPE_PROPAGATION:entry-value	NO_BASE_TYPE	0	0	-	NOT_APPLICABLE	ENTRY_VALUE	NO_OWNER	[v28 @ X4+38]
base has no type, from no definition	Assembly-CSharp	CSVSerializer	DeserializeIdValue	<untyped>			38	0	0	0	<none>	TYPE_PROPAGATION:entry-value	NO_BASE_TYPE	0	0	-	NOT_APPLICABLE	ENTRY_VALUE	NO_OWNER	[v28 @ X4+38]
base has no type, from no definition	Assembly-CSharp	CSVSerializer	DeserializeIdValue	<untyped>			38	0	0	0	<none>	TYPE_PROPAGATION:entry-value	NO_BASE_TYPE	0	0	-	NOT_APPLICABLE	ENTRY_VALUE	NO_OWNER	[v28 @ X4+38]
base has no type, from no definition	Assembly-CSharp	CSVSerializer	DeserializeIdValue	<untyped>			38	0	0	0	<none>	TYPE_PROPAGATION:entry-value	NO_BASE_TYPE	0	0	-	NOT_APPLICABLE	ENTRY_VALUE	NO_OWNER	[v28 @ X4+38]
base has no type, from no definition	Assembly-CSharp	CSVSerializer	DeserializeIdValue	<untyped>			38	0	0	0	<none>	TYPE_PROPAGATION:entry-value	NO_BASE_TYPE	0	0	-	NOT_APPLICABLE	ENTRY_VALUE	NO_OWNER	[v28 @ X4+38]
base has no type, from Move from an untyped base	Assembly-CSharp	CSVSerializer	DeserializeIdValue	<untyped>			8	0	0	0	Move:memory	TYPE_PROPAGATION:entry-value	NO_BASE_TYPE	0	0	-	NOT_APPLICABLE	LOADED_POINTER	NO_OWNER	[v94 @ X8_v4+8]
base has no type, from Move from an untyped local	Assembly-CSharp	CSVSerializer	DeserializeIdValue	<untyped>			135	0	0	0	Move:memory	PHI_AMBIGUITY:multiple-definitions	NO_BASE_TYPE	0	0	-	NOT_APPLICABLE	UNKNOWN	NO_OWNER	[v103 @ X1_v5+135]
Il2CppClass.0x135	Assembly-CSharp	SingletonMono`1	.cctor	Il2CppClass<SingletonMono`1<T>>		RuntimeClassTypeAnalysisContext	135	0	0	0	Move:type Il2CppClass<SingletonMono`1<T>>	RUNTIME_STRUCT:RuntimeClassTypeAnalysisContext	RUNTIME_STRUCT	0	0	-	NOT_APPLICABLE	RUNTIME_STRUCTURE	SEARCH_EMPTY	[v66 @ X0_v10 (Il2CppClass<SingletonMono`1<T>>)+135]
base has no type, from Move from an untyped base	Assembly-CSharp	CSVSerializer	DeserializeIdValue	<untyped>			8	0	0	0	Move:memory	TYPE_PROPAGATION:entry-value	NO_BASE_TYPE	0	0	-	NOT_APPLICABLE	UNKNOWN	NO_OWNER	[v58 @ X8_v3+8]
base has no type, from Move from an untyped base	Assembly-CSharp	CSVSerializer	DeserializeIdValue	<untyped>			FC	0	0	0	Move:memory	TYPE_PROPAGATION:entry-value	NO_BASE_TYPE	0	0	-	NOT_APPLICABLE	LOADED_POINTER	NO_OWNER	[v62 @ X9_v1+FC]
base has no type, from no definition	Assembly-CSharp	CSVSerializer	DeserializeIdValue	<untyped>			28	0	0	0	<none>	TYPE_PROPAGATION:entry-value	NO_BASE_TYPE	0	0	-	NOT_APPLICABLE	ENTRY_VALUE	NO_OWNER	[v25 @ SYSREG+28]
base has no type, from Move from AddressOf(stack_-60)	Assembly-CSharp	CSVSerializer	DeserializeIdValue	<untyped>			FFFFFFFFFFFFFFF8	0	0	0	Move:AddressOf	TYPE_PROPAGATION:address-of	NO_BASE_TYPE	0	0	-	NOT_APPLICABLE	UNKNOWN	NO_OWNER	[v22 @ X29_v1-8]
base has no type, from no definition	Assembly-CSharp	CSVSerializer	DeserializeIdValue	<untyped>			28	0	0	0	<none>	TYPE_PROPAGATION:entry-value	NO_BASE_TYPE	0	0	-	NOT_APPLICABLE	ENTRY_VALUE	NO_OWNER	[v25 @ SYSREG+28]
base has no type, from no definition	Assembly-CSharp	CSVSerializer	DeserializeIdValue	<untyped>			38	0	0	0	<none>	TYPE_PROPAGATION:entry-value	NO_BASE_TYPE	0	0	-	NOT_APPLICABLE	ENTRY_VALUE	NO_OWNER	[v28 @ X4+38]
base has no type, from no definition	Assembly-CSharp	CSVSerializer	DeserializeIdValue	<untyped>			38	0	0	0	<none>	TYPE_PROPAGATION:entry-value	NO_BASE_TYPE	0	0	-	NOT_APPLICABLE	ENTRY_VALUE	NO_OWNER	[v28 @ X4+38]
base has no type, from no definition	Assembly-CSharp	CSVSerializer	DeserializeIdValue	<untyped>			38	0	0	0	<none>	TYPE_PROPAGATION:entry-value	NO_BASE_TYPE	0	0	-	NOT_APPLICABLE	ENTRY_VALUE	NO_OWNER	[v28 @ X4+38]
base has no type, from no definition	Assembly-CSharp	CSVSerializer	DeserializeIdValue	<untyped>			38	0	0	0	<none>	TYPE_PROPAGATION:entry-value	NO_BASE_TYPE	0	0	-	NOT_APPLICABLE	ENTRY_VALUE	NO_OWNER	[v28 @ X4+38]
base has no type, from no definition	Assembly-CSharp	CSVSerializer	DeserializeIdValue	<untyped>			38	0	0	0	<none>	TYPE_PROPAGATION:entry-value	NO_BASE_TYPE	0	0	-	NOT_APPLICABLE	ENTRY_VALUE	NO_OWNER	[v28 @ X4+38]
base has no type, from no definition	Assembly-CSharp	CSVSerializer	DeserializeIdValue	<untyped>			38	0	0	0	<none>	TYPE_PROPAGATION:entry-value	NO_BASE_TYPE	0	0	-	NOT_APPLICABLE	ENTRY_VALUE	NO_OWNER	[v28 @ X4+38]
base has no type, from Move from an untyped base	Assembly-CSharp	CSVSerializer	DeserializeIdValue	<untyped>			8	0	0	0	Move:memory	TYPE_PROPAGATION:entry-value	NO_BASE_TYPE	0	0	-	NOT_APPLICABLE	LOADED_POINTER	NO_OWNER	[v88 @ X8_v4+8]
base has no type, from Move from an untyped local	Assembly-CSharp	CSVSerializer	DeserializeIdValue	<untyped>			135	0	0	0	Move:memory	PHI_AMBIGUITY:multiple-definitions	NO_BASE_TYPE	0	0	-	NOT_APPLICABLE	UNKNOWN	NO_OWNER	[v97 @ X1_v4+135]
base has no type, from Move from an untyped base	Assembly-CSharp	CSVSerializer	DeserializeIdValue	<untyped>			8	0	0	0	Move:memory	TYPE_PROPAGATION:entry-value	NO_BASE_TYPE	0	0	-	NOT_APPLICABLE	UNKNOWN	NO_OWNER	[v58 @ X8_v3+8]
base has no type, from Move from an untyped base	Assembly-CSharp	CSVSerializer	DeserializeIdValue	<untyped>			FC	0	0	0	Move:memory	TYPE_PROPAGATION:entry-value	NO_BASE_TYPE	0	0	-	NOT_APPLICABLE	LOADED_POINTER	NO_OWNER	[v62 @ X9_v1+FC]
base has no type, from no definition	Assembly-CSharp	CSVSerializer	DeserializeIdValue	<untyped>			28	0	0	0	<none>	TYPE_PROPAGATION:entry-value	NO_BASE_TYPE	0	0	-	NOT_APPLICABLE	ENTRY_VALUE	NO_OWNER	[v25 @ SYSREG+28]
base has no type, from Move from AddressOf(stack_-60)	Assembly-CSharp	CSVSerializer	DeserializeIdValue	<untyped>			FFFFFFFFFFFFFFF8	0	0	0	Move:AddressOf	TYPE_PROPAGATION:address-of	NO_BASE_TYPE	0	0	-	NOT_APPLICABLE	UNKNOWN	NO_OWNER	[v22 @ X29_v1-8]
Il2CppMethodInfo.0x53	GoogleMobileAds	GoogleMobileAds.Common.DummyClient	get_UserId	Il2CppMethodInfo		RuntimeMethodInfoAnalysisContext	53	0	0	0	Move:type Il2CppMethodInfo	RUNTIME_STRUCT:RuntimeMethodInfoAnalysisContext	RUNTIME_STRUCT	0	0	-	NOT_APPLICABLE	RUNTIME_STRUCTURE	SEARCH_EMPTY	[v38 @ X0_v2 (Il2CppMethodInfo)+53]
Il2CppMethodInfo.0x53	GoogleMobileAds	GoogleMobileAds.Common.DummyClient	set_UserId	Il2CppMethodInfo		RuntimeMethodInfoAnalysisContext	53	0	0	0	Move:type Il2CppMethodInfo	RUNTIME_STRUCT:RuntimeMethodInfoAnalysisContext	RUNTIME_STRUCT	0	0	-	NOT_APPLICABLE	RUNTIME_STRUCTURE	SEARCH_EMPTY	[v36 @ X0_v2 (Il2CppMethodInfo)+53]
Il2CppMethodInfo.0x53	GoogleMobileAds	GoogleMobileAds.Common.DummyClient	Initialize	Il2CppMethodInfo		RuntimeMethodInfoAnalysisContext	53	0	0	0	Move:type Il2CppMethodInfo	RUNTIME_STRUCT:RuntimeMethodInfoAnalysisContext	RUNTIME_STRUCT	0	0	-	NOT_APPLICABLE	RUNTIME_STRUCTURE	SEARCH_EMPTY	[v36 @ X0_v2 (Il2CppMethodInfo)+53]
Il2CppMethodInfo.0x53	GoogleMobileAds	GoogleMobileAds.Common.DummyClient	Initialize	Il2CppMethodInfo		RuntimeMethodInfoAnalysisContext	53	0	0	0	Move:type Il2CppMethodInfo	RUNTIME_STRUCT:RuntimeMethodInfoAnalysisContext	RUNTIME_STRUCT	0	0	-	NOT_APPLICABLE	RUNTIME_STRUCTURE	SEARCH_EMPTY	[v41 @ X0_v2 (Il2CppMethodInfo)+53]
Il2CppMethodInfo.0x53	GoogleMobileAds	GoogleMobileAds.Common.DummyClient	DisableMediationInitialization	Il2CppMethodInfo		RuntimeMethodInfoAnalysisContext	53	0	0	0	Move:type Il2CppMethodInfo	RUNTIME_STRUCT:RuntimeMethodInfoAnalysisContext	RUNTIME_STRUCT	0	0	-	NOT_APPLICABLE	RUNTIME_STRUCTURE	SEARCH_EMPTY	[v36 @ X0_v2 (Il2CppMethodInfo)+53]
Il2CppClass.static_fields	Assembly-CSharp	SingletonMonoDontDestroy`1	get_Instance	Il2CppClass<SingletonMonoDontDestroy`1<T>>		RuntimeClassTypeAnalysisContext	B8	0	0	0	Move:type Il2CppClass<SingletonMonoDontDestroy`1<T>>	RUNTIME_STRUCT:RuntimeClassTypeAnalysisContext	RUNTIME_STRUCT	0	0	-	NOT_APPLICABLE	RUNTIME_STRUCTURE	SEARCH_EMPTY	[v94 @ X0_v10 (Il2CppClass<SingletonMonoDontDestroy`1<T>>)+B8]
static field storage at 0x8	Assembly-CSharp	SingletonMonoDontDestroy`1	get_Instance	SingletonMonoDontDestroy`1<T>		GenericInstanceTypeAnalysisContext	8	0	0	0	Move:memory	RUNTIME_STRUCT:StaticFieldStorageTypeAnalysisContext	LAYOUT_KNOWN	3	20	INSIDE_NO_FIELD	CLASS_OBJECT_RELATIVE	STATIC_FIELD	SEARCH_EMPTY	[v95 @ X8_v10 (Il2CppStaticFields<SingletonMonoDontDestroy`1<T>>)+8]
Il2CppClass.static_fields	Assembly-CSharp	SingletonMonoDontDestroy`1	get_Instance	Il2CppClass<SingletonMonoDontDestroy`1<T>>		RuntimeClassTypeAnalysisContext	B8	0	0	0	Move:type Il2CppClass<SingletonMonoDontDestroy`1<T>>	RUNTIME_STRUCT:RuntimeClassTypeAnalysisContext	RUNTIME_STRUCT	0	0	-	NOT_APPLICABLE	RUNTIME_STRUCTURE	SEARCH_EMPTY	[v136 @ X0_v20 (Il2CppClass<SingletonMonoDontDestroy`1<T>>)+B8]
static field storage at 0x10	Assembly-CSharp	SingletonMonoDontDestroy`1	get_Instance	SingletonMonoDontDestroy`1<T>		GenericInstanceTypeAnalysisContext	10	0	0	0	Move:memory	RUNTIME_STRUCT:StaticFieldStorageTypeAnalysisContext	LAYOUT_KNOWN	3	20	EXACT:m_CachedPtr	CLASS_OBJECT_RELATIVE	STATIC_FIELD	SEARCH_EMPTY	[v137 @ X8_v18 (Il2CppStaticFields<SingletonMonoDontDestroy`1<T>>)+10]
Il2CppMethodInfo.0x53	GoogleMobileAds	GoogleMobileAds.Common.DummyClient	SetApplicationMuted	Il2CppMethodInfo		RuntimeMethodInfoAnalysisContext	53	0	0	0	Move:type Il2CppMethodInfo	RUNTIME_STRUCT:RuntimeMethodInfoAnalysisContext	RUNTIME_STRUCT	0	0	-	NOT_APPLICABLE	RUNTIME_STRUCTURE	SEARCH_EMPTY	[v36 @ X0_v2 (Il2CppMethodInfo)+53]
Il2CppMethodInfo.0x53	GoogleMobileAds	GoogleMobileAds.Common.DummyClient	SetRequestConfiguration	Il2CppMethodInfo		RuntimeMethodInfoAnalysisContext	53	0	0	0	Move:type Il2CppMethodInfo	RUNTIME_STRUCT:RuntimeMethodInfoAnalysisContext	RUNTIME_STRUCT	0	0	-	NOT_APPLICABLE	RUNTIME_STRUCTURE	SEARCH_EMPTY	[v36 @ X0_v2 (Il2CppMethodInfo)+53]
Il2CppMethodInfo.0x53	GoogleMobileAds	GoogleMobileAds.Common.DummyClient	GetRequestConfiguration	Il2CppMethodInfo		RuntimeMethodInfoAnalysisContext	53	0	0	0	Move:type Il2CppMethodInfo	RUNTIME_STRUCT:RuntimeMethodInfoAnalysisContext	RUNTIME_STRUCT	0	0	-	NOT_APPLICABLE	RUNTIME_STRUCTURE	SEARCH_EMPTY	[v36 @ X0_v2 (Il2CppMethodInfo)+53]
past the last field of the base type	Assembly-CSharp	SingletonMonoDontDestroy`1	get_Instance	UnityEngine.GameObject	UnityEngine.Object	TypeAnalysisContext	C0	10	1	0	Move:type Il2CppClass<SingletonMonoDontDestroy`1>	PAST_LAST_FIELD:class	LAYOUT_KNOWN	1	10	BEYOND_LAYOUT	CLASS_OBJECT_RELATIVE	UNKNOWN	SEARCH_EMPTY	[v871 @ X0_v154 (UnityEngine.GameObject)+C0]
static field storage at 0x8	Assembly-CSharp	SingletonMonoDontDestroy`1	get_Instance	SingletonMonoDontDestroy`1<T>		GenericInstanceTypeAnalysisContext	8	0	0	0	Move:memory	RUNTIME_STRUCT:StaticFieldStorageTypeAnalysisContext	LAYOUT_KNOWN	3	20	INSIDE_NO_FIELD	CLASS_OBJECT_RELATIVE	STATIC_FIELD	SEARCH_EMPTY	[v95 @ X8_v10 (Il2CppStaticFields<SingletonMonoDontDestroy`1<T>>)+8]
static field storage at 0x8	Assembly-CSharp	SingletonMonoDontDestroy`1	get_Instance	SingletonMonoDontDestroy`1<T>		GenericInstanceTypeAnalysisContext	8	0	0	0	Move:memory	RUNTIME_STRUCT:StaticFieldStorageTypeAnalysisContext	LAYOUT_KNOWN	3	20	INSIDE_NO_FIELD	CLASS_OBJECT_RELATIVE	STATIC_FIELD	SEARCH_EMPTY	[v95 @ X8_v10 (Il2CppStaticFields<SingletonMonoDontDestroy`1<T>>)+8]
Il2CppClass.static_fields	Assembly-CSharp	SingletonMonoDontDestroy`1	OnDestroy	Il2CppClass<SingletonMonoDontDestroy`1<T>>		RuntimeClassTypeAnalysisContext	B8	0	0	0	Move:type Il2CppClass<SingletonMonoDontDestroy`1<T>>	RUNTIME_STRUCT:RuntimeClassTypeAnalysisContext	RUNTIME_STRUCT	0	0	-	NOT_APPLICABLE	RUNTIME_STRUCTURE	SEARCH_EMPTY	[v42 @ X0_v5 (Il2CppClass<SingletonMonoDontDestroy`1<T>>)+B8]
Il2CppClass.static_fields	Assembly-CSharp	SingletonMonoDontDestroy`1	.cctor	Il2CppClass<SingletonMonoDontDestroy`1<T>>		RuntimeClassTypeAnalysisContext	B8	0	0	0	Move:type Il2CppClass<SingletonMonoDontDestroy`1<T>>	RUNTIME_STRUCT:RuntimeClassTypeAnalysisContext	RUNTIME_STRUCT	0	0	-	NOT_APPLICABLE	RUNTIME_STRUCTURE	SEARCH_EMPTY	[v56 @ X0_v7 (Il2CppClass<SingletonMonoDontDestroy`1<T>>)+B8]
Il2CppClass.static_fields	Assembly-CSharp	SingletonMonoDontDestroy`1	.cctor	Il2CppClass<SingletonMonoDontDestroy`1<T>>		RuntimeClassTypeAnalysisContext	B8	0	0	0	Move:type Il2CppClass<SingletonMonoDontDestroy`1<T>>	RUNTIME_STRUCT:RuntimeClassTypeAnalysisContext	RUNTIME_STRUCT	0	0	-	NOT_APPLICABLE	RUNTIME_STRUCTURE	SEARCH_EMPTY	[v87 @ X0_v15 (Il2CppClass<SingletonMonoDontDestroy`1<T>>)+B8]
Il2CppMethodInfo.0x53	GoogleMobileAds	GoogleMobileAds.Common.DummyClient	SetApplicationVolume	Il2CppMethodInfo		RuntimeMethodInfoAnalysisContext	53	0	0	0	Move:type Il2CppMethodInfo	RUNTIME_STRUCT:RuntimeMethodInfoAnalysisContext	RUNTIME_STRUCT	0	0	-	NOT_APPLICABLE	RUNTIME_STRUCTURE	SEARCH_EMPTY	[v36 @ X0_v2 (Il2CppMethodInfo)+53]
Il2CppMethodInfo.0x53	GoogleMobileAds	GoogleMobileAds.Common.DummyClient	SetiOSAppPauseOnBackground	Il2CppMethodInfo		RuntimeMethodInfoAnalysisContext	53	0	0	0	Move:type Il2CppMethodInfo	RUNTIME_STRUCT:RuntimeMethodInfoAnalysisContext	RUNTIME_STRUCT	0	0	-	NOT_APPLICABLE	RUNTIME_STRUCTURE	SEARCH_EMPTY	[v36 @ X0_v2 (Il2CppMethodInfo)+53]
Il2CppMethodInfo.0x53	GoogleMobileAds	GoogleMobileAds.Common.DummyClient	GetDeviceScale	Il2CppMethodInfo		RuntimeMethodInfoAnalysisContext	53	0	0	0	Move:type Il2CppMethodInfo	RUNTIME_STRUCT:RuntimeMethodInfoAnalysisContext	RUNTIME_STRUCT	0	0	-	NOT_APPLICABLE	RUNTIME_STRUCTURE	SEARCH_EMPTY	[v36 @ X0_v2 (Il2CppMethodInfo)+53]
Il2CppMethodInfo.0x53	GoogleMobileAds	GoogleMobileAds.Common.DummyClient	GetDeviceSafeWidth	Il2CppMethodInfo		RuntimeMethodInfoAnalysisContext	53	0	0	0	Move:type Il2CppMethodInfo	RUNTIME_STRUCT:RuntimeMethodInfoAnalysisContext	RUNTIME_STRUCT	0	0	-	NOT_APPLICABLE	RUNTIME_STRUCTURE	SEARCH_EMPTY	[v36 @ X0_v2 (Il2CppMethodInfo)+53]
Il2CppMethodInfo.0x53	GoogleMobileAds	GoogleMobileAds.Common.DummyClient	CreateBannerView	Il2CppMethodInfo		RuntimeMethodInfoAnalysisContext	53	0	0	0	Move:type Il2CppMethodInfo	RUNTIME_STRUCT:RuntimeMethodInfoAnalysisContext	RUNTIME_STRUCT	0	0	-	NOT_APPLICABLE	RUNTIME_STRUCTURE	SEARCH_EMPTY	[v36 @ X0_v2 (Il2CppMethodInfo)+53]
Il2CppMethodInfo.0x53	GoogleMobileAds	GoogleMobileAds.Common.DummyClient	CreateBannerView	Il2CppMethodInfo		RuntimeMethodInfoAnalysisContext	53	0	0	0	Move:type Il2CppMethodInfo	RUNTIME_STRUCT:RuntimeMethodInfoAnalysisContext	RUNTIME_STRUCT	0	0	-	NOT_APPLICABLE	RUNTIME_STRUCTURE	SEARCH_EMPTY	[v36 @ X0_v2 (Il2CppMethodInfo)+53]
Il2CppMethodInfo.0x53	GoogleMobileAds	GoogleMobileAds.Common.DummyClient	LoadAd	Il2CppMethodInfo		RuntimeMethodInfoAnalysisContext	53	0	0	0	Move:type Il2CppMethodInfo	RUNTIME_STRUCT:RuntimeMethodInfoAnalysisContext	RUNTIME_STRUCT	0	0	-	NOT_APPLICABLE	RUNTIME_STRUCTURE	SEARCH_EMPTY	[v36 @ X0_v2 (Il2CppMethodInfo)+53]
Il2CppMethodInfo.0x53	GoogleMobileAds	GoogleMobileAds.Common.DummyClient	ShowBannerView	Il2CppMethodInfo		RuntimeMethodInfoAnalysisContext	53	0	0	0	Move:type Il2CppMethodInfo	RUNTIME_STRUCT:RuntimeMethodInfoAnalysisContext	RUNTIME_STRUCT	0	0	-	NOT_APPLICABLE	RUNTIME_STRUCTURE	SEARCH_EMPTY	[v36 @ X0_v2 (Il2CppMethodInfo)+53]
Il2CppMethodInfo.0x53	GoogleMobileAds	GoogleMobileAds.Common.DummyClient	HideBannerView	Il2CppMethodInfo		RuntimeMethodInfoAnalysisContext	53	0	0	0	Move:type Il2CppMethodInfo	RUNTIME_STRUCT:RuntimeMethodInfoAnalysisContext	RUNTIME_STRUCT	0	0	-	NOT_APPLICABLE	RUNTIME_STRUCTURE	SEARCH_EMPTY	[v36 @ X0_v2 (Il2CppMethodInfo)+53]
Il2CppMethodInfo.0x53	GoogleMobileAds	GoogleMobileAds.Common.DummyClient	DestroyBannerView	Il2CppMethodInfo		RuntimeMethodInfoAnalysisContext	53	0	0	0	Move:type Il2CppMethodInfo	RUNTIME_STRUCT:RuntimeMethodInfoAnalysisContext	RUNTIME_STRUCT	0	0	-	NOT_APPLICABLE	RUNTIME_STRUCTURE	SEARCH_EMPTY	[v36 @ X0_v2 (Il2CppMethodInfo)+53]
Il2CppMethodInfo.0x53	GoogleMobileAds	GoogleMobileAds.Common.DummyClient	GetHeightInPixels	Il2CppMethodInfo		RuntimeMethodInfoAnalysisContext	53	0	0	0	Move:type Il2CppMethodInfo	RUNTIME_STRUCT:RuntimeMethodInfoAnalysisContext	RUNTIME_STRUCT	0	0	-	NOT_APPLICABLE	RUNTIME_STRUCTURE	SEARCH_EMPTY	[v36 @ X0_v2 (Il2CppMethodInfo)+53]
Il2CppMethodInfo.0x53	GoogleMobileAds	GoogleMobileAds.Common.DummyClient	GetWidthInPixels	Il2CppMethodInfo		RuntimeMethodInfoAnalysisContext	53	0	0	0	Move:type Il2CppMethodInfo	RUNTIME_STRUCT:RuntimeMethodInfoAnalysisContext	RUNTIME_STRUCT	0	0	-	NOT_APPLICABLE	RUNTIME_STRUCTURE	SEARCH_EMPTY	[v36 @ X0_v2 (Il2CppMethodInfo)+53]
Il2CppMethodInfo.0x53	GoogleMobileAds	GoogleMobileAds.Common.DummyClient	SetPosition	Il2CppMethodInfo		RuntimeMethodInfoAnalysisContext	53	0	0	0	Move:type Il2CppMethodInfo	RUNTIME_STRUCT:RuntimeMethodInfoAnalysisContext	RUNTIME_STRUCT	0	0	-	NOT_APPLICABLE	RUNTIME_STRUCTURE	SEARCH_EMPTY	[v36 @ X0_v2 (Il2CppMethodInfo)+53]
Il2CppMethodInfo.0x53	GoogleMobileAds	GoogleMobileAds.Common.DummyClient	SetPosition	Il2CppMethodInfo		RuntimeMethodInfoAnalysisContext	53	0	0	0	Move:type Il2CppMethodInfo	RUNTIME_STRUCT:RuntimeMethodInfoAnalysisContext	RUNTIME_STRUCT	0	0	-	NOT_APPLICABLE	RUNTIME_STRUCTURE	SEARCH_EMPTY	[v36 @ X0_v2 (Il2CppMethodInfo)+53]
Il2CppMethodInfo.0x53	GoogleMobileAds	GoogleMobileAds.Common.DummyClient	CreateInterstitialAd	Il2CppMethodInfo		RuntimeMethodInfoAnalysisContext	53	0	0	0	Move:type Il2CppMethodInfo	RUNTIME_STRUCT:RuntimeMethodInfoAnalysisContext	RUNTIME_STRUCT	0	0	-	NOT_APPLICABLE	RUNTIME_STRUCTURE	SEARCH_EMPTY	[v36 @ X0_v2 (Il2CppMethodInfo)+53]
Il2CppMethodInfo.0x53	GoogleMobileAds	GoogleMobileAds.Common.DummyClient	IsLoaded	Il2CppMethodInfo		RuntimeMethodInfoAnalysisContext	53	0	0	0	Move:type Il2CppMethodInfo	RUNTIME_STRUCT:RuntimeMethodInfoAnalysisContext	RUNTIME_STRUCT	0	0	-	NOT_APPLICABLE	RUNTIME_STRUCTURE	SEARCH_EMPTY	[v36 @ X0_v2 (Il2CppMethodInfo)+53]
Il2CppClass.cctor_finished	Assembly-CSharp	CSVReader	ReadPro	Il2CppClass<CSVReader>		RuntimeClassTypeAnalysisContext	E0	0	0	0	Move:type CSVReader	RUNTIME_STRUCT:RuntimeClassTypeAnalysisContext	RUNTIME_STRUCT	0	0	-	NOT_APPLICABLE	RUNTIME_STRUCTURE	SEARCH_EMPTY	[v44 @ X8_v3 (Il2CppClass<CSVReader>)+E0]
Il2CppMethodInfo.0x53	GoogleMobileAds	GoogleMobileAds.Common.DummyClient	ShowInterstitial	Il2CppMethodInfo		RuntimeMethodInfoAnalysisContext	53	0	0	0	Move:type Il2CppMethodInfo	RUNTIME_STRUCT:RuntimeMethodInfoAnalysisContext	RUNTIME_STRUCT	0	0	-	NOT_APPLICABLE	RUNTIME_STRUCTURE	SEARCH_EMPTY	[v36 @ X0_v2 (Il2CppMethodInfo)+53]
Il2CppMethodInfo.0x53	GoogleMobileAds	GoogleMobileAds.Common.DummyClient	DestroyInterstitial	Il2CppMethodInfo		RuntimeMethodInfoAnalysisContext	53	0	0	0	Move:type Il2CppMethodInfo	RUNTIME_STRUCT:RuntimeMethodInfoAnalysisContext	RUNTIME_STRUCT	0	0	-	NOT_APPLICABLE	RUNTIME_STRUCTURE	SEARCH_EMPTY	[v36 @ X0_v2 (Il2CppMethodInfo)+53]
Il2CppMethodInfo.0x53	GoogleMobileAds	GoogleMobileAds.Common.DummyClient	CreateRewardBasedVideoAd	Il2CppMethodInfo		RuntimeMethodInfoAnalysisContext	53	0	0	0	Move:type Il2CppMethodInfo	RUNTIME_STRUCT:RuntimeMethodInfoAnalysisContext	RUNTIME_STRUCT	0	0	-	NOT_APPLICABLE	RUNTIME_STRUCTURE	SEARCH_EMPTY	[v36 @ X0_v2 (Il2CppMethodInfo)+53]
Il2CppMethodInfo.0x53	GoogleMobileAds	GoogleMobileAds.Common.DummyClient	SetUserId	Il2CppMethodInfo		RuntimeMethodInfoAnalysisContext	53	0	0	0	Move:type Il2CppMethodInfo	RUNTIME_STRUCT:RuntimeMethodInfoAnalysisContext	RUNTIME_STRUCT	0	0	-	NOT_APPLICABLE	RUNTIME_STRUCTURE	SEARCH_EMPTY	[v36 @ X0_v2 (Il2CppMethodInfo)+53]
Il2CppMethodInfo.0x53	GoogleMobileAds	GoogleMobileAds.Common.DummyClient	LoadAd	Il2CppMethodInfo		RuntimeMethodInfoAnalysisContext	53	0	0	0	Move:type Il2CppMethodInfo	RUNTIME_STRUCT:RuntimeMethodInfoAnalysisContext	RUNTIME_STRUCT	0	0	-	NOT_APPLICABLE	RUNTIME_STRUCTURE	SEARCH_EMPTY	[v36 @ X0_v2 (Il2CppMethodInfo)+53]
Il2CppMethodInfo.0x53	GoogleMobileAds	GoogleMobileAds.Common.DummyClient	DestroyRewardBasedVideoAd	Il2CppMethodInfo		RuntimeMethodInfoAnalysisContext	53	0	0	0	Move:type Il2CppMethodInfo	RUNTIME_STRUCT:RuntimeMethodInfoAnalysisContext	RUNTIME_STRUCT	0	0	-	NOT_APPLICABLE	RUNTIME_STRUCTURE	SEARCH_EMPTY	[v36 @ X0_v2 (Il2CppMethodInfo)+53]
Il2CppMethodInfo.0x53	GoogleMobileAds	GoogleMobileAds.Common.DummyClient	ShowRewardBasedVideoAd	Il2CppMethodInfo		RuntimeMethodInfoAnalysisContext	53	0	0	0	Move:type Il2CppMethodInfo	RUNTIME_STRUCT:RuntimeMethodInfoAnalysisContext	RUNTIME_STRUCT	0	0	-	NOT_APPLICABLE	RUNTIME_STRUCTURE	SEARCH_EMPTY	[v36 @ X0_v2 (Il2CppMethodInfo)+53]
Il2CppMethodInfo.0x53	GoogleMobileAds	GoogleMobileAds.Common.DummyClient	CreateAdLoader	Il2CppMethodInfo		RuntimeMethodInfoAnalysisContext	53	0	0	0	Move:type Il2CppMethodInfo	RUNTIME_STRUCT:RuntimeMethodInfoAnalysisContext	RUNTIME_STRUCT	0	0	-	NOT_APPLICABLE	RUNTIME_STRUCTURE	SEARCH_EMPTY	[v36 @ X0_v2 (Il2CppMethodInfo)+53]
Il2CppMethodInfo.0x53	GoogleMobileAds	GoogleMobileAds.Common.DummyClient	Load	Il2CppMethodInfo		RuntimeMethodInfoAnalysisContext	53	0	0	0	Move:type Il2CppMethodInfo	RUNTIME_STRUCT:RuntimeMethodInfoAnalysisContext	RUNTIME_STRUCT	0	0	-	NOT_APPLICABLE	RUNTIME_STRUCTURE	SEARCH_EMPTY	[v36 @ X0_v2 (Il2CppMethodInfo)+53]
Il2CppMethodInfo.0x53	GoogleMobileAds	GoogleMobileAds.Common.DummyClient	SetAdSize	Il2CppMethodInfo		RuntimeMethodInfoAnalysisContext	53	0	0	0	Move:type Il2CppMethodInfo	RUNTIME_STRUCT:RuntimeMethodInfoAnalysisContext	RUNTIME_STRUCT	0	0	-	NOT_APPLICABLE	RUNTIME_STRUCTURE	SEARCH_EMPTY	[v36 @ X0_v2 (Il2CppMethodInfo)+53]
Il2CppMethodInfo.0x53	GoogleMobileAds	GoogleMobileAds.Common.DummyClient	MediationAdapterClassName	Il2CppMethodInfo		RuntimeMethodInfoAnalysisContext	53	0	0	0	Move:type Il2CppMethodInfo	RUNTIME_STRUCT:RuntimeMethodInfoAnalysisContext	RUNTIME_STRUCT	0	0	-	NOT_APPLICABLE	RUNTIME_STRUCTURE	SEARCH_EMPTY	[v36 @ X0_v2 (Il2CppMethodInfo)+53]
Il2CppMethodInfo.0x53	GoogleMobileAds	GoogleMobileAds.Common.DummyClient	GetResponseInfoClient	Il2CppMethodInfo		RuntimeMethodInfoAnalysisContext	53	0	0	0	Move:type Il2CppMethodInfo	RUNTIME_STRUCT:RuntimeMethodInfoAnalysisContext	RUNTIME_STRUCT	0	0	-	NOT_APPLICABLE	RUNTIME_STRUCTURE	SEARCH_EMPTY	[v36 @ X0_v2 (Il2CppMethodInfo)+53]
base has no type, from no definition	Assembly-CSharp	Extensions+<>c__DisplayClass2_0`1	<Replace>b__0	<untyped>			28	0	0	0	<none>	TYPE_PROPAGATION:entry-value	NO_BASE_TYPE	0	0	-	NOT_APPLICABLE	ENTRY_VALUE	NO_OWNER	[v27 @ SYSREG+28]
base has no type, from no definition	Assembly-CSharp	Extensions+<>c__DisplayClass2_0`1	<Replace>b__0	<untyped>			20	0	0	0	<none>	TYPE_PROPAGATION:entry-value	NO_BASE_TYPE	0	0	-	NOT_APPLICABLE	ENTRY_VALUE	NO_OWNER	[v113 @ X3_v1+20]
base has no type, from Move from an untyped base	Assembly-CSharp	Extensions+<>c__DisplayClass2_0`1	<Replace>b__0	<untyped>			C0	0	0	0	Move:memory	TYPE_PROPAGATION:entry-value	NO_BASE_TYPE	0	0	-	NOT_APPLICABLE	LOADED_POINTER	NO_OWNER	[v35 @ X8_v2+C0]
base has no type, from Move from an untyped base	Assembly-CSharp	Extensions+<>c__DisplayClass2_0`1	<Replace>b__0	<untyped>			18	0	0	0	Move:memory	TYPE_PROPAGATION:entry-value	NO_BASE_TYPE	0	0	-	NOT_APPLICABLE	LOADED_POINTER	NO_OWNER	[v38 @ X8_v3+18]
base has no type, from Move from an untyped base	Assembly-CSharp	Extensions+<>c__DisplayClass2_0`1	<Replace>b__0	<untyped>			FC	0	0	0	Move:memory	TYPE_PROPAGATION:entry-value	NO_BASE_TYPE	0	0	-	NOT_APPLICABLE	LOADED_POINTER	NO_OWNER	[v39 @ X9_v1+FC]
base has no type, from no definition	Assembly-CSharp	Extensions+<>c__DisplayClass2_0`1	<Replace>b__0	<untyped>			20	0	0	0	<none>	TYPE_PROPAGATION:entry-value	NO_BASE_TYPE	0	0	-	NOT_APPLICABLE	ENTRY_VALUE	NO_OWNER	[v113 @ X3_v1+20]
base has no type, from Move from an untyped base	Assembly-CSharp	Extensions+<>c__DisplayClass2_0`1	<Replace>b__0	<untyped>			C0	0	0	0	Move:memory	TYPE_PROPAGATION:entry-value	NO_BASE_TYPE	0	0	-	NOT_APPLICABLE	LOADED_POINTER	NO_OWNER	[v66 @ X28_v1+C0]
base has no type, from Move from an untyped base	Assembly-CSharp	Extensions+<>c__DisplayClass2_0`1	<Replace>b__0	<untyped>			18	0	0	0	Move:memory	TYPE_PROPAGATION:entry-value	NO_BASE_TYPE	0	0	-	NOT_APPLICABLE	LOADED_POINTER	NO_OWNER	[v70 @ X8_v5+18]
base has no type, from Move from an untyped base	Assembly-CSharp	Extensions+<>c__DisplayClass2_0`1	<Replace>b__0	<untyped>			28	0	0	0	Move:memory	TYPE_PROPAGATION:entry-value	NO_BASE_TYPE	0	0	-	NOT_APPLICABLE	LOADED_POINTER	NO_OWNER	[v71 @ X8_v6+28]
base has no type, from Move from an untyped base	Assembly-CSharp	Extensions+<>c__DisplayClass2_0`1	<Replace>b__0	<untyped>			28	0	0	0	Move:memory	TYPE_PROPAGATION:entry-value	NO_BASE_TYPE	0	0	-	NOT_APPLICABLE	LOADED_POINTER	NO_OWNER	[v71 @ X8_v6+28]
base has no type, from Move from an untyped base	Assembly-CSharp	Extensions+<>c__DisplayClass2_0`1	<Replace>b__0	<untyped>			28	0	0	0	Move:memory	TYPE_PROPAGATION:entry-value	NO_BASE_TYPE	0	0	-	NOT_APPLICABLE	LOADED_POINTER	NO_OWNER	[v71 @ X8_v6+28]
base has no type, from Move from an untyped base	Assembly-CSharp	Extensions+<>c__DisplayClass2_0`1	<Replace>b__0	<untyped>			28	0	0	0	Move:memory	TYPE_PROPAGATION:entry-value	NO_BASE_TYPE	0	0	-	NOT_APPLICABLE	LOADED_POINTER	NO_OWNER	[v71 @ X8_v6+28]
base has no type, from no definition	Assembly-CSharp	Extensions+<>c__DisplayClass2_0`1	<Replace>b__0	<untyped>			20	0	0	0	<none>	TYPE_PROPAGATION:entry-value	NO_BASE_TYPE	0	0	-	NOT_APPLICABLE	ENTRY_VALUE	NO_OWNER	[v113 @ X3_v1+20]
base has no type, from Move from an untyped base	Assembly-CSharp	Extensions+<>c__DisplayClass2_0`1	<Replace>b__0	<untyped>			C0	0	0	0	Move:memory	TYPE_PROPAGATION:entry-value	NO_BASE_TYPE	0	0	-	NOT_APPLICABLE	LOADED_POINTER	NO_OWNER	[v100 @ X8_v12+C0]
base has no type, from Move from an untyped base	Assembly-CSharp	Extensions+<>c__DisplayClass2_0`1	<Replace>b__0	<untyped>			18	0	0	0	Move:memory	TYPE_PROPAGATION:entry-value	NO_BASE_TYPE	0	0	-	NOT_APPLICABLE	LOADED_POINTER	NO_OWNER	[v101 @ X8_v13+18]
base has no type, from Move from an untyped base	Assembly-CSharp	Extensions+<>c__DisplayClass2_0`1	<Replace>b__0	<untyped>			28	0	0	0	Move:memory	TYPE_PROPAGATION:entry-value	NO_BASE_TYPE	0	0	-	NOT_APPLICABLE	LOADED_POINTER	NO_OWNER	[v102 @ X8_v14+28]
base has no type, from Move from an untyped base	Assembly-CSharp	Extensions+<>c__DisplayClass2_0`1	<Replace>b__0	<untyped>			20	0	0	0	Move:memory	TYPE_PROPAGATION:entry-value	NO_BASE_TYPE	0	0	-	NOT_APPLICABLE	LOADED_POINTER	NO_OWNER	[v159 @ X8_v19+20]
base has no type, from Move from an untyped base	Assembly-CSharp	Extensions+<>c__DisplayClass2_0`1	<Replace>b__0	<untyped>			80	0	0	0	Move:memory	TYPE_PROPAGATION:entry-value	NO_BASE_TYPE	0	0	-	NOT_APPLICABLE	LOADED_POINTER	NO_OWNER	[v160 @ X8_v25+80]
base has no type, from Move from an untyped base	Assembly-CSharp	Extensions+<>c__DisplayClass2_0`1	<Replace>b__0	<untyped>			18	0	0	0	Move:memory	TYPE_PROPAGATION:entry-value	NO_BASE_TYPE	0	0	-	NOT_APPLICABLE	LOADED_POINTER	NO_OWNER	[v159 @ X8_v19+18]
base has no type, from Move from an untyped base	Assembly-CSharp	Extensions+<>c__DisplayClass2_0`1	<Replace>b__0	<untyped>			28	0	0	0	Move:memory	TYPE_PROPAGATION:entry-value	NO_BASE_TYPE	0	0	-	NOT_APPLICABLE	LOADED_POINTER	NO_OWNER	[v165 @ X8_v22+28]
base has no type, from Move from an untyped base	Assembly-CSharp	Extensions+<>c__DisplayClass2_0`1	<Replace>b__0	<untyped>			28	0	0	0	Move:memory	TYPE_PROPAGATION:entry-value	NO_BASE_TYPE	0	0	-	NOT_APPLICABLE	LOADED_POINTER	NO_OWNER	[v165 @ X8_v22+28]
base has no type, from Move from an untyped base	Assembly-CSharp	Extensions+<>c__DisplayClass2_0`1	<Replace>b__0	<untyped>			28	0	0	0	Move:memory	TYPE_PROPAGATION:entry-value	NO_BASE_TYPE	0	0	-	NOT_APPLICABLE	LOADED_POINTER	NO_OWNER	[v165 @ X8_v22+28]
base has no type, from Move from an untyped base	Assembly-CSharp	Extensions+<>c__DisplayClass2_0`1	<Replace>b__0	<untyped>			28	0	0	0	Move:memory	TYPE_PROPAGATION:entry-value	NO_BASE_TYPE	0	0	-	NOT_APPLICABLE	LOADED_POINTER	NO_OWNER	[v165 @ X8_v22+28]
base has no type, from Move from an untyped base	Assembly-CSharp	Extensions+<>c__DisplayClass2_0`1	<Replace>b__0	<untyped>			C0	0	0	0	Move:memory	TYPE_PROPAGATION:entry-value	NO_BASE_TYPE	0	0	-	NOT_APPLICABLE	LOADED_POINTER	NO_OWNER	[v66 @ X28_v1+C0]
base has no type, from Move from an untyped base	Assembly-CSharp	Extensions+<>c__DisplayClass2_0`1	<Replace>b__0	<untyped>			20	0	0	0	Move:memory	TYPE_PROPAGATION:entry-value	NO_BASE_TYPE	0	0	-	NOT_APPLICABLE	LOADED_POINTER	NO_OWNER	[v90 @ X8_v9+20]
base has no type, from Move from an untyped base	Assembly-CSharp	Extensions+<>c__DisplayClass2_0`1	<Replace>b__0	<untyped>			1C0	0	0	0	Move:memory	MISSING_METADATA:unresolved-call-result	NO_BASE_TYPE	0	0	-	NOT_APPLICABLE	LOADED_POINTER	NO_OWNER	[v151 @ X9_v5+1C0]
base has no type, from no definition	Assembly-CSharp	Extensions+<>c__DisplayClass2_0`1	<Replace>b__0	<untyped>			20	0	0	0	<none>	TYPE_PROPAGATION:entry-value	NO_BASE_TYPE	0	0	-	NOT_APPLICABLE	ENTRY_VALUE	NO_OWNER	[v113 @ X3_v1+20]
base has no type, from Move from an untyped base	Assembly-CSharp	Extensions+<>c__DisplayClass2_0`1	<Replace>b__0	<untyped>			C0	0	0	0	Move:memory	TYPE_PROPAGATION:entry-value	NO_BASE_TYPE	0	0	-	NOT_APPLICABLE	LOADED_POINTER	NO_OWNER	[v157 @ X8_v18+C0]
base has no type, from Move from AddressOf(stack_-60)	Assembly-CSharp	Extensions+<>c__DisplayClass2_0`1	<Replace>b__0	<untyped>			FFFFFFFFFFFFFFF4	0	0	0	Move:AddressOf	TYPE_PROPAGATION:address-of	NO_BASE_TYPE	0	0	-	NOT_APPLICABLE	UNKNOWN	NO_OWNER	[v24 @ X29_v1-C]
base has no type, from no definition	Assembly-CSharp	Extensions+<>c__DisplayClass2_0`1	<Replace>b__0	<untyped>			28	0	0	0	<none>	TYPE_PROPAGATION:entry-value	NO_BASE_TYPE	0	0	-	NOT_APPLICABLE	ENTRY_VALUE	NO_OWNER	[v27 @ SYSREG+28]
base has no type, from Move from AddressOf(stack_-60)	Assembly-CSharp	Extensions+<>c__DisplayClass2_0`1	<Replace>b__0	<untyped>			FFFFFFFFFFFFFFF8	0	0	0	Move:AddressOf	TYPE_PROPAGATION:address-of	NO_BASE_TYPE	0	0	-	NOT_APPLICABLE	UNKNOWN	NO_OWNER	[v24 @ X29_v1-8]
base has no type, from a call's result	Assembly-CSharp	Box	isDoneBox	<untyped>			28	0	0	0	Call	MISSING_METADATA:unresolved-call-result	NO_BASE_TYPE	0	0	-	NOT_APPLICABLE	CALL_RESULT	NO_OWNER	[v237 @ X0_v32+28]
base has no type, from no definition	Assembly-CSharp	Extensions	Replace	<untyped>			28	0	0	0	<none>	TYPE_PROPAGATION:entry-value	NO_BASE_TYPE	0	0	-	NOT_APPLICABLE	ENTRY_VALUE	NO_OWNER	[v23 @ SYSREG+28]
Il2CppClass.0x28	Assembly-CSharp	Extensions	Replace	Il2CppClass<T>		RuntimeClassTypeAnalysisContext	28	0	0	0	Move:type Il2CppClass<T>	RUNTIME_STRUCT:RuntimeClassTypeAnalysisContext	RUNTIME_STRUCT	0	0	-	NOT_APPLICABLE	RUNTIME_STRUCTURE	SEARCH_EMPTY	[v53 @ X8_v2 (Il2CppClass<T>)+28]
Il2CppClass.0x28	Assembly-CSharp	Extensions	Replace	Il2CppClass<T>		RuntimeClassTypeAnalysisContext	28	0	0	0	Move:type Il2CppClass<T>	RUNTIME_STRUCT:RuntimeClassTypeAnalysisContext	RUNTIME_STRUCT	0	0	-	NOT_APPLICABLE	RUNTIME_STRUCTURE	SEARCH_EMPTY	[v53 @ X8_v2 (Il2CppClass<T>)+28]
Il2CppClass.0x28	Assembly-CSharp	Extensions	Replace	Il2CppClass<T>		RuntimeClassTypeAnalysisContext	28	0	0	0	Move:type Il2CppClass<T>	RUNTIME_STRUCT:RuntimeClassTypeAnalysisContext	RUNTIME_STRUCT	0	0	-	NOT_APPLICABLE	RUNTIME_STRUCTURE	SEARCH_EMPTY	[v53 @ X8_v2 (Il2CppClass<T>)+28]
Il2CppClass.0x28	Assembly-CSharp	Extensions	Replace	Il2CppClass<T>		RuntimeClassTypeAnalysisContext	28	0	0	0	Move:type Il2CppClass<T>	RUNTIME_STRUCT:RuntimeClassTypeAnalysisContext	RUNTIME_STRUCT	0	0	-	NOT_APPLICABLE	RUNTIME_STRUCTURE	SEARCH_EMPTY	[v53 @ X8_v2 (Il2CppClass<T>)+28]
Il2CppClass.interfaceOffsets	Assembly-CSharp	Extensions	Replace	Il2CppClass<System.Collections.Generic.IList`1<T>>		RuntimeClassTypeAnalysisContext	B0	0	0	0	Move:memory	RUNTIME_STRUCT:RuntimeClassTypeAnalysisContext	RUNTIME_STRUCT	0	0	-	NOT_APPLICABLE	RUNTIME_STRUCTURE	SEARCH_EMPTY	[v116 @ X8_v9 (Il2CppClass<System.Collections.Generic.IList`1<T>>)+B0]
Il2CppClass.0x28	Assembly-CSharp	Extensions	Replace	Il2CppClass<T>		RuntimeClassTypeAnalysisContext	28	0	0	0	Move:type Il2CppClass<T>	RUNTIME_STRUCT:RuntimeClassTypeAnalysisContext	RUNTIME_STRUCT	0	0	-	NOT_APPLICABLE	RUNTIME_STRUCTURE	SEARCH_EMPTY	[v311 @ X8_v14 (Il2CppClass<T>)+28]
Il2CppClass.0x28	Assembly-CSharp	Extensions	Replace	Il2CppClass<T>		RuntimeClassTypeAnalysisContext	28	0	0	0	Move:type Il2CppClass<T>	RUNTIME_STRUCT:RuntimeClassTypeAnalysisContext	RUNTIME_STRUCT	0	0	-	NOT_APPLICABLE	RUNTIME_STRUCTURE	SEARCH_EMPTY	[v311 @ X8_v14 (Il2CppClass<T>)+28]
Il2CppClass.0x28	Assembly-CSharp	Extensions	Replace	Il2CppClass<T>		RuntimeClassTypeAnalysisContext	28	0	0	0	Move:type Il2CppClass<T>	RUNTIME_STRUCT:RuntimeClassTypeAnalysisContext	RUNTIME_STRUCT	0	0	-	NOT_APPLICABLE	RUNTIME_STRUCTURE	SEARCH_EMPTY	[v311 @ X8_v14 (Il2CppClass<T>)+28]
Il2CppClass.0x28	Assembly-CSharp	Extensions	Replace	Il2CppClass<T>		RuntimeClassTypeAnalysisContext	28	0	0	0	Move:type Il2CppClass<T>	RUNTIME_STRUCT:RuntimeClassTypeAnalysisContext	RUNTIME_STRUCT	0	0	-	NOT_APPLICABLE	RUNTIME_STRUCTURE	SEARCH_EMPTY	[v311 @ X8_v14 (Il2CppClass<T>)+28]
Il2CppClass.interfaceOffsets	Assembly-CSharp	Extensions	Replace	Il2CppClass<System.Collections.Generic.IList`1<T>>		RuntimeClassTypeAnalysisContext	B0	0	0	0	Move:memory	RUNTIME_STRUCT:RuntimeClassTypeAnalysisContext	RUNTIME_STRUCT	0	0	-	NOT_APPLICABLE	RUNTIME_STRUCTURE	SEARCH_EMPTY	[v386 @ X8_v20 (Il2CppClass<System.Collections.Generic.IList`1<T>>)+B0]
base has no type, from Move from AddressOf(stack_-50)	Assembly-CSharp	Extensions	Replace	<untyped>			FFFFFFFFFFFFFFF4	0	0	0	Move:AddressOf	TYPE_PROPAGATION:address-of	NO_BASE_TYPE	0	0	-	NOT_APPLICABLE	UNKNOWN	NO_OWNER	[v20 @ X29_v1-C]
Il2CppClass.0xFC	Assembly-CSharp	Extensions	Replace	Il2CppClass<T>		RuntimeClassTypeAnalysisContext	FC	0	0	0	Move:type Il2CppClass<T>	RUNTIME_STRUCT:RuntimeClassTypeAnalysisContext	RUNTIME_STRUCT	0	0	-	NOT_APPLICABLE	RUNTIME_STRUCTURE	SEARCH_EMPTY	[v53 @ X8_v2 (Il2CppClass<T>)+FC]
base has no type, from Add of an untyped local and Immediate	Assembly-CSharp	Extensions	Replace	<untyped>			FFFFFFFFFFFFFFF8	0	0	0	Add	UNKNOWN:add-of-MemoryOperand	NO_BASE_TYPE	0	0	-	NOT_APPLICABLE	UNKNOWN	NO_OWNER	[v212 @ X10_v15-8]
base has no type, from Add of an untyped local and Immediate	Assembly-CSharp	Extensions	Replace	<untyped>			8	0	0	0	Call	PHI_AMBIGUITY:multiple-definitions	NO_BASE_TYPE	0	0	-	NOT_APPLICABLE	UNKNOWN	NO_OWNER	[v294 @ X0_v17+8]
base has no type, from Move from AddressOf(stack_-50)	Assembly-CSharp	Extensions	Replace	<untyped>			FFFFFFFFFFFFFFF4	0	0	0	Move:AddressOf	TYPE_PROPAGATION:address-of	NO_BASE_TYPE	0	0	-	NOT_APPLICABLE	UNKNOWN	NO_OWNER	[v20 @ X29_v1-C]
base has no type, from Add of an untyped local and Immediate	Assembly-CSharp	Extensions	Replace	<untyped>			FFFFFFFFFFFFFFF8	0	0	0	Add	UNKNOWN:add-of-MemoryOperand	NO_BASE_TYPE	0	0	-	NOT_APPLICABLE	UNKNOWN	NO_OWNER	[v419 @ X10_v10-8]
base has no type, from Add of an untyped local and Immediate	Assembly-CSharp	Extensions	Replace	<untyped>			8	0	0	0	Call	PHI_AMBIGUITY:multiple-definitions	NO_BASE_TYPE	0	0	-	NOT_APPLICABLE	UNKNOWN	NO_OWNER	[v445 @ X0_v25+8]
Il2CppClass.interface_offsets_count	Assembly-CSharp	Extensions	Replace	Il2CppClass<System.Collections.Generic.IList`1<T>>		RuntimeClassTypeAnalysisContext	12E	0	0	0	Move:memory	RUNTIME_STRUCT:RuntimeClassTypeAnalysisContext	RUNTIME_STRUCT	0	0	-	NOT_APPLICABLE	RUNTIME_STRUCTURE	SEARCH_EMPTY	[v116 @ X8_v9 (Il2CppClass<System.Collections.Generic.IList`1<T>>)+12E]
Il2CppClass.interface_offsets_count	Assembly-CSharp	Extensions	Replace	Il2CppClass<System.Collections.Generic.IList`1<T>>		RuntimeClassTypeAnalysisContext	12E	0	0	0	Move:memory	RUNTIME_STRUCT:RuntimeClassTypeAnalysisContext	RUNTIME_STRUCT	0	0	-	NOT_APPLICABLE	RUNTIME_STRUCTURE	SEARCH_EMPTY	[v116 @ X8_v9 (Il2CppClass<System.Collections.Generic.IList`1<T>>)+12E]
base has no type, from no definition	Assembly-CSharp	Extensions	Replace	<untyped>			28	0	0	0	<none>	TYPE_PROPAGATION:entry-value	NO_BASE_TYPE	0	0	-	NOT_APPLICABLE	ENTRY_VALUE	NO_OWNER	[v23 @ SYSREG+28]
base has no type, from Move from AddressOf(stack_-50)	Assembly-CSharp	Extensions	Replace	<untyped>			FFFFFFFFFFFFFFF8	0	0	0	Move:AddressOf	TYPE_PROPAGATION:address-of	NO_BASE_TYPE	0	0	-	NOT_APPLICABLE	UNKNOWN	NO_OWNER	[v20 @ X29_v1-8]
base has no type, from Move from AddressOf(stack_-50)	Assembly-CSharp	Extensions	Replace	<untyped>			FFFFFFFFFFFFFFF4	0	0	0	Move:AddressOf	TYPE_PROPAGATION:address-of	NO_BASE_TYPE	0	0	-	NOT_APPLICABLE	UNKNOWN	NO_OWNER	[v20 @ X29_v1-C]
Il2CppClass.interface_offsets_count	Assembly-CSharp	Extensions	Replace	Il2CppClass<System.Collections.Generic.IList`1<T>>		RuntimeClassTypeAnalysisContext	12E	0	0	0	Move:memory	RUNTIME_STRUCT:RuntimeClassTypeAnalysisContext	RUNTIME_STRUCT	0	0	-	NOT_APPLICABLE	RUNTIME_STRUCTURE	SEARCH_EMPTY	[v386 @ X8_v20 (Il2CppClass<System.Collections.Generic.IList`1<T>>)+12E]
Il2CppClass.interface_offsets_count	Assembly-CSharp	Extensions	Replace	Il2CppClass<System.Collections.Generic.IList`1<T>>		RuntimeClassTypeAnalysisContext	12E	0	0	0	Move:memory	RUNTIME_STRUCT:RuntimeClassTypeAnalysisContext	RUNTIME_STRUCT	0	0	-	NOT_APPLICABLE	RUNTIME_STRUCTURE	SEARCH_EMPTY	[v386 @ X8_v20 (Il2CppClass<System.Collections.Generic.IList`1<T>>)+12E]
generic instance, value type argument	Assembly-CSharp	DataController	setUpRandomList	System.Collections.Generic.IEnumerable`1<System.Int32>		GenericInstanceTypeAnalysisContext	18	0	0	0	Move:field List`1<System.Int32>	GENERIC_LAYOUT:instantiation	NO_INSTANCE_FIELDS	0	0	BEYOND_LAYOUT	CLASS_OBJECT_RELATIVE	INSTANCE_FIELD	SEARCH_EMPTY	[v257 @ X20_v11 (System.Collections.Generic.IEnumerable`1<System.Int32>)+18]
generic instance, value type argument	Assembly-CSharp	DataController	setUpRandomList	System.Collections.Generic.IEnumerable`1<System.Int32>		GenericInstanceTypeAnalysisContext	10	0	0	0	Move:field List`1<System.Int32>	GENERIC_LAYOUT:instantiation	NO_INSTANCE_FIELDS	0	0	BEYOND_LAYOUT	CLASS_OBJECT_RELATIVE	INSTANCE_FIELD	SEARCH_EMPTY	[v265 @ X21_v8 (System.Collections.Generic.IEnumerable`1<System.Int32>)+10]
generic instance, value type argument	Assembly-CSharp	DataController	setUpRandomList	System.Collections.Generic.IEnumerable`1<System.Int32>		GenericInstanceTypeAnalysisContext	1C	0	0	0	Move:field List`1<System.Int32>	GENERIC_LAYOUT:instantiation	NO_INSTANCE_FIELDS	0	0	BEYOND_LAYOUT	CLASS_OBJECT_RELATIVE	INSTANCE_FIELD	SEARCH_EMPTY	[v265 @ X21_v8 (System.Collections.Generic.IEnumerable`1<System.Int32>)+1C]
generic instance, value type argument	Assembly-CSharp	DataController	setUpRandomList	System.Collections.Generic.IEnumerable`1<System.Int32>		GenericInstanceTypeAnalysisContext	18	0	0	0	Move:field List`1<System.Int32>	GENERIC_LAYOUT:instantiation	NO_INSTANCE_FIELDS	0	0	BEYOND_LAYOUT	CLASS_OBJECT_RELATIVE	INSTANCE_FIELD	SEARCH_EMPTY	[v265 @ X21_v8 (System.Collections.Generic.IEnumerable`1<System.Int32>)+18]
base has no type, from Move from [IEnumerable`1<System.Int32> + 0x10]	Assembly-CSharp	DataController	setUpRandomList	<untyped>			18	0	0	0	Move:memory	GENERIC_LAYOUT:instantiation	NO_BASE_TYPE	0	0	-	NOT_APPLICABLE	LOADED_POINTER	NO_OWNER	[v250 @ X8_v15+18]
generic instance, value type argument	Assembly-CSharp	DataController	setUpRandomList	System.Collections.Generic.IEnumerable`1<System.Int32>		GenericInstanceTypeAnalysisContext	18	0	0	0	Move:field List`1<System.Int32>	GENERIC_LAYOUT:instantiation	NO_INSTANCE_FIELDS	0	0	BEYOND_LAYOUT	CLASS_OBJECT_RELATIVE	INSTANCE_FIELD	SEARCH_EMPTY	[v265 @ X21_v8 (System.Collections.Generic.IEnumerable`1<System.Int32>)+18]
generic instance, value type argument	Assembly-CSharp	DataController	setUpRandomList	System.Collections.Generic.IEnumerable`1<System.Int32>		GenericInstanceTypeAnalysisContext	18	0	0	0	Move:field List`1<System.Int32>	GENERIC_LAYOUT:instantiation	NO_INSTANCE_FIELDS	0	0	BEYOND_LAYOUT	CLASS_OBJECT_RELATIVE	INSTANCE_FIELD	SEARCH_EMPTY	[v265 @ X21_v8 (System.Collections.Generic.IEnumerable`1<System.Int32>)+18]
generic instance, value type argument	Assembly-CSharp	DataController	setUpRandomList	System.Collections.Generic.IEnumerable`1<System.Int32>		GenericInstanceTypeAnalysisContext	18	0	0	0	Move:field List`1<System.Int32>	GENERIC_LAYOUT:instantiation	NO_INSTANCE_FIELDS	0	0	BEYOND_LAYOUT	CLASS_OBJECT_RELATIVE	INSTANCE_FIELD	SEARCH_EMPTY	[v259 @ X20_v8 (System.Collections.Generic.IEnumerable`1<System.Int32>)+18]
generic instance, value type argument	Assembly-CSharp	DataController	setUpRandomList	System.Collections.Generic.IEnumerable`1<System.Int32>		GenericInstanceTypeAnalysisContext	10	0	0	0	Move:field List`1<System.Int32>	GENERIC_LAYOUT:instantiation	NO_INSTANCE_FIELDS	0	0	BEYOND_LAYOUT	CLASS_OBJECT_RELATIVE	INSTANCE_FIELD	SEARCH_EMPTY	[v267 @ X21_v6 (System.Collections.Generic.IEnumerable`1<System.Int32>)+10]
generic instance, value type argument	Assembly-CSharp	DataController	setUpRandomList	System.Collections.Generic.IEnumerable`1<System.Int32>		GenericInstanceTypeAnalysisContext	1C	0	0	0	Move:field List`1<System.Int32>	GENERIC_LAYOUT:instantiation	NO_INSTANCE_FIELDS	0	0	BEYOND_LAYOUT	CLASS_OBJECT_RELATIVE	INSTANCE_FIELD	SEARCH_EMPTY	[v267 @ X21_v6 (System.Collections.Generic.IEnumerable`1<System.Int32>)+1C]
generic instance, value type argument	Assembly-CSharp	DataController	setUpRandomList	System.Collections.Generic.IEnumerable`1<System.Int32>		GenericInstanceTypeAnalysisContext	18	0	0	0	Move:field List`1<System.Int32>	GENERIC_LAYOUT:instantiation	NO_INSTANCE_FIELDS	0	0	BEYOND_LAYOUT	CLASS_OBJECT_RELATIVE	INSTANCE_FIELD	SEARCH_EMPTY	[v267 @ X21_v6 (System.Collections.Generic.IEnumerable`1<System.Int32>)+18]
base has no type, from Move from [IEnumerable`1<System.Int32> + 0x10]	Assembly-CSharp	DataController	setUpRandomList	<untyped>			18	0	0	0	Move:memory	GENERIC_LAYOUT:instantiation	NO_BASE_TYPE	0	0	-	NOT_APPLICABLE	LOADED_POINTER	NO_OWNER	[v253 @ X8_v9+18]
generic instance, value type argument	Assembly-CSharp	DataController	setUpRandomList	System.Collections.Generic.IEnumerable`1<System.Int32>		GenericInstanceTypeAnalysisContext	18	0	0	0	Move:field List`1<System.Int32>	GENERIC_LAYOUT:instantiation	NO_INSTANCE_FIELDS	0	0	BEYOND_LAYOUT	CLASS_OBJECT_RELATIVE	INSTANCE_FIELD	SEARCH_EMPTY	[v267 @ X21_v6 (System.Collections.Generic.IEnumerable`1<System.Int32>)+18]
generic instance, value type argument	Assembly-CSharp	DataController	setUpRandomList	System.Collections.Generic.IEnumerable`1<System.Int32>		GenericInstanceTypeAnalysisContext	18	0	0	0	Move:field List`1<System.Int32>	GENERIC_LAYOUT:instantiation	NO_INSTANCE_FIELDS	0	0	BEYOND_LAYOUT	CLASS_OBJECT_RELATIVE	INSTANCE_FIELD	SEARCH_EMPTY	[v267 @ X21_v6 (System.Collections.Generic.IEnumerable`1<System.Int32>)+18]
base has no type, from no definition	Assembly-CSharp	Extensions	ReplaceAll	<untyped>			28	0	0	0	<none>	TYPE_PROPAGATION:entry-value	NO_BASE_TYPE	0	0	-	NOT_APPLICABLE	ENTRY_VALUE	NO_OWNER	[v27 @ SYSREG+28]
Il2CppClass.interfaceOffsets	Assembly-CSharp	Extensions	ReplaceAll	Il2CppClass<System.Collections.Generic.IList`1<T>>		RuntimeClassTypeAnalysisContext	B0	0	0	0	Move:memory	RUNTIME_STRUCT:RuntimeClassTypeAnalysisContext	RUNTIME_STRUCT	0	0	-	NOT_APPLICABLE	RUNTIME_STRUCTURE	SEARCH_EMPTY	[v226 @ X8_v10 (Il2CppClass<System.Collections.Generic.IList`1<T>>)+B0]
Il2CppClass.0x28	Assembly-CSharp	Extensions	ReplaceAll	Il2CppClass<T>		RuntimeClassTypeAnalysisContext	28	0	0	0	Move:type Il2CppClass<T>	RUNTIME_STRUCT:RuntimeClassTypeAnalysisContext	RUNTIME_STRUCT	0	0	-	NOT_APPLICABLE	RUNTIME_STRUCTURE	SEARCH_EMPTY	[v353 @ X8_v15 (Il2CppClass<T>)+28]
Il2CppClass.0x28	Assembly-CSharp	Extensions	ReplaceAll	Il2CppClass<T>		RuntimeClassTypeAnalysisContext	28	0	0	0	Move:type Il2CppClass<T>	RUNTIME_STRUCT:RuntimeClassTypeAnalysisContext	RUNTIME_STRUCT	0	0	-	NOT_APPLICABLE	RUNTIME_STRUCTURE	SEARCH_EMPTY	[v353 @ X8_v15 (Il2CppClass<T>)+28]
Il2CppClass.0x28	Assembly-CSharp	Extensions	ReplaceAll	Il2CppClass<T>		RuntimeClassTypeAnalysisContext	28	0	0	0	Move:type Il2CppClass<T>	RUNTIME_STRUCT:RuntimeClassTypeAnalysisContext	RUNTIME_STRUCT	0	0	-	NOT_APPLICABLE	RUNTIME_STRUCTURE	SEARCH_EMPTY	[v353 @ X8_v15 (Il2CppClass<T>)+28]
Il2CppClass.0x28	Assembly-CSharp	Extensions	ReplaceAll	Il2CppClass<T>		RuntimeClassTypeAnalysisContext	28	0	0	0	Move:type Il2CppClass<T>	RUNTIME_STRUCT:RuntimeClassTypeAnalysisContext	RUNTIME_STRUCT	0	0	-	NOT_APPLICABLE	RUNTIME_STRUCTURE	SEARCH_EMPTY	[v353 @ X8_v15 (Il2CppClass<T>)+28]
Il2CppClass.interfaceOffsets	Assembly-CSharp	Extensions	ReplaceAll	Il2CppClass<System.Collections.Generic.IList`1<T>>		RuntimeClassTypeAnalysisContext	B0	0	0	0	Move:memory	RUNTIME_STRUCT:RuntimeClassTypeAnalysisContext	RUNTIME_STRUCT	0	0	-	NOT_APPLICABLE	RUNTIME_STRUCTURE	SEARCH_EMPTY	[v399 @ X8_v20 (Il2CppClass<System.Collections.Generic.IList`1<T>>)+B0]
base has no type, from Move from AddressOf(stack_-60)	Assembly-CSharp	Extensions	ReplaceAll	<untyped>			FFFFFFFFFFFFFFC8	0	0	0	Move:AddressOf	TYPE_PROPAGATION:address-of	NO_BASE_TYPE	0	0	-	NOT_APPLICABLE	UNKNOWN	NO_OWNER	[v24 @ X29_v1-38]
base has no type, from Move from an untyped base	Assembly-CSharp	Extensions	ReplaceAll	<untyped>			28	0	0	0	Move:memory	TYPE_PROPAGATION:address-of	NO_BASE_TYPE	0	0	-	NOT_APPLICABLE	LOADED_POINTER	NO_OWNER	[v366 @ X8_v13+28]
base has no type, from Move from AddressOf(stack_-60)	Assembly-CSharp	Extensions	ReplaceAll	<untyped>			FFFFFFFFFFFFFFF8	0	0	0	Move:AddressOf	TYPE_PROPAGATION:address-of	NO_BASE_TYPE	0	0	-	NOT_APPLICABLE	UNKNOWN	NO_OWNER	[v24 @ X29_v1-8]
Il2CppClass.0xFC	Assembly-CSharp	Extensions	ReplaceAll	Il2CppClass<T>		RuntimeClassTypeAnalysisContext	FC	0	0	0	Move:type Il2CppClass<T>	RUNTIME_STRUCT:RuntimeClassTypeAnalysisContext	RUNTIME_STRUCT	0	0	-	NOT_APPLICABLE	RUNTIME_STRUCTURE	SEARCH_EMPTY	[v57 @ X8_v3 (Il2CppClass<T>)+FC]
base has no type, from Add of an untyped local and Immediate	Assembly-CSharp	Extensions	ReplaceAll	<untyped>			FFFFFFFFFFFFFFF8	0	0	0	Add	UNKNOWN:add-of-MemoryOperand	NO_BASE_TYPE	0	0	-	NOT_APPLICABLE	UNKNOWN	NO_OWNER	[v315 @ X10_v15-8]
base has no type, from Add of an untyped local and Immediate	Assembly-CSharp	Extensions	ReplaceAll	<untyped>			8	0	0	0	Call	PHI_AMBIGUITY:multiple-definitions	NO_BASE_TYPE	0	0	-	NOT_APPLICABLE	UNKNOWN	NO_OWNER	[v342 @ X0_v18+8]
base has no type, from Move from AddressOf(stack_-60)	Assembly-CSharp	Extensions	ReplaceAll	<untyped>			FFFFFFFFFFFFFFF4	0	0	0	Move:AddressOf	TYPE_PROPAGATION:address-of	NO_BASE_TYPE	0	0	-	NOT_APPLICABLE	UNKNOWN	NO_OWNER	[v24 @ X29_v1-C]
base has no type, from Add of an untyped local and Immediate	Assembly-CSharp	Extensions	ReplaceAll	<untyped>			FFFFFFFFFFFFFFF8	0	0	0	Add	UNKNOWN:add-of-MemoryOperand	NO_BASE_TYPE	0	0	-	NOT_APPLICABLE	UNKNOWN	NO_OWNER	[v441 @ X10_v10-8]
base has no type, from Add of an untyped local and Immediate	Assembly-CSharp	Extensions	ReplaceAll	<untyped>			8	0	0	0	Call	PHI_AMBIGUITY:multiple-definitions	NO_BASE_TYPE	0	0	-	NOT_APPLICABLE	UNKNOWN	NO_OWNER	[v458 @ X0_v24+8]
Il2CppClass.interface_offsets_count	Assembly-CSharp	Extensions	ReplaceAll	Il2CppClass<System.Collections.Generic.IList`1<T>>		RuntimeClassTypeAnalysisContext	12E	0	0	0	Move:memory	RUNTIME_STRUCT:RuntimeClassTypeAnalysisContext	RUNTIME_STRUCT	0	0	-	NOT_APPLICABLE	RUNTIME_STRUCTURE	SEARCH_EMPTY	[v226 @ X8_v10 (Il2CppClass<System.Collections.Generic.IList`1<T>>)+12E]
Il2CppClass.interface_offsets_count	Assembly-CSharp	Extensions	ReplaceAll	Il2CppClass<System.Collections.Generic.IList`1<T>>		RuntimeClassTypeAnalysisContext	12E	0	0	0	Move:memory	RUNTIME_STRUCT:RuntimeClassTypeAnalysisContext	RUNTIME_STRUCT	0	0	-	NOT_APPLICABLE	RUNTIME_STRUCTURE	SEARCH_EMPTY	[v226 @ X8_v10 (Il2CppClass<System.Collections.Generic.IList`1<T>>)+12E]
base has no type, from Move from AddressOf(stack_-60)	Assembly-CSharp	Extensions	ReplaceAll	<untyped>			FFFFFFFFFFFFFFF4	0	0	0	Move:AddressOf	TYPE_PROPAGATION:address-of	NO_BASE_TYPE	0	0	-	NOT_APPLICABLE	UNKNOWN	NO_OWNER	[v24 @ X29_v1-C]
Il2CppClass.interface_offsets_count	Assembly-CSharp	Extensions	ReplaceAll	Il2CppClass<System.Collections.Generic.IList`1<T>>		RuntimeClassTypeAnalysisContext	12E	0	0	0	Move:memory	RUNTIME_STRUCT:RuntimeClassTypeAnalysisContext	RUNTIME_STRUCT	0	0	-	NOT_APPLICABLE	RUNTIME_STRUCTURE	SEARCH_EMPTY	[v399 @ X8_v20 (Il2CppClass<System.Collections.Generic.IList`1<T>>)+12E]
Il2CppClass.interface_offsets_count	Assembly-CSharp	Extensions	ReplaceAll	Il2CppClass<System.Collections.Generic.IList`1<T>>		RuntimeClassTypeAnalysisContext	12E	0	0	0	Move:memory	RUNTIME_STRUCT:RuntimeClassTypeAnalysisContext	RUNTIME_STRUCT	0	0	-	NOT_APPLICABLE	RUNTIME_STRUCTURE	SEARCH_EMPTY	[v399 @ X8_v20 (Il2CppClass<System.Collections.Generic.IList`1<T>>)+12E]
Il2CppClass.0x28	Assembly-CSharp	Extensions	ReplaceAll	Il2CppClass<T>		RuntimeClassTypeAnalysisContext	28	0	0	0	Move:type Il2CppClass<T>	RUNTIME_STRUCT:RuntimeClassTypeAnalysisContext	RUNTIME_STRUCT	0	0	-	NOT_APPLICABLE	RUNTIME_STRUCTURE	SEARCH_EMPTY	[v127 @ X8_v5 (Il2CppClass<T>)+28]
Il2CppClass.0x28	Assembly-CSharp	Extensions	ReplaceAll	Il2CppClass<T>		RuntimeClassTypeAnalysisContext	28	0	0	0	Move:type Il2CppClass<T>	RUNTIME_STRUCT:RuntimeClassTypeAnalysisContext	RUNTIME_STRUCT	0	0	-	NOT_APPLICABLE	RUNTIME_STRUCTURE	SEARCH_EMPTY	[v127 @ X8_v5 (Il2CppClass<T>)+28]
Il2CppClass.0x28	Assembly-CSharp	Extensions	ReplaceAll	Il2CppClass<T>		RuntimeClassTypeAnalysisContext	28	0	0	0	Move:type Il2CppClass<T>	RUNTIME_STRUCT:RuntimeClassTypeAnalysisContext	RUNTIME_STRUCT	0	0	-	NOT_APPLICABLE	RUNTIME_STRUCTURE	SEARCH_EMPTY	[v127 @ X8_v5 (Il2CppClass<T>)+28]
Il2CppClass.0x28	Assembly-CSharp	Extensions	ReplaceAll	Il2CppClass<T>		RuntimeClassTypeAnalysisContext	28	0	0	0	Move:type Il2CppClass<T>	RUNTIME_STRUCT:RuntimeClassTypeAnalysisContext	RUNTIME_STRUCT	0	0	-	NOT_APPLICABLE	RUNTIME_STRUCTURE	SEARCH_EMPTY	[v127 @ X8_v5 (Il2CppClass<T>)+28]
base has no type, from no definition	Assembly-CSharp	Extensions	Replace	<untyped>			28	0	0	0	<none>	TYPE_PROPAGATION:entry-value	NO_BASE_TYPE	0	0	-	NOT_APPLICABLE	ENTRY_VALUE	NO_OWNER	[v27 @ SYSREG+28]
Il2CppClass.0x28	Assembly-CSharp	Extensions	Replace	Il2CppClass<T>		RuntimeClassTypeAnalysisContext	28	0	0	0	Move:type Il2CppClass<T>	RUNTIME_STRUCT:RuntimeClassTypeAnalysisContext	RUNTIME_STRUCT	0	0	-	NOT_APPLICABLE	RUNTIME_STRUCTURE	SEARCH_EMPTY	[v85 @ X8_v7 (Il2CppClass<T>)+28]
Il2CppClass.0x28	Assembly-CSharp	Extensions	Replace	Il2CppClass<T>		RuntimeClassTypeAnalysisContext	28	0	0	0	Move:type Il2CppClass<T>	RUNTIME_STRUCT:RuntimeClassTypeAnalysisContext	RUNTIME_STRUCT	0	0	-	NOT_APPLICABLE	RUNTIME_STRUCTURE	SEARCH_EMPTY	[v85 @ X8_v7 (Il2CppClass<T>)+28]
Il2CppClass.0x28	Assembly-CSharp	Extensions	Replace	Il2CppClass<T>		RuntimeClassTypeAnalysisContext	28	0	0	0	Move:type Il2CppClass<T>	RUNTIME_STRUCT:RuntimeClassTypeAnalysisContext	RUNTIME_STRUCT	0	0	-	NOT_APPLICABLE	RUNTIME_STRUCTURE	SEARCH_EMPTY	[v85 @ X8_v7 (Il2CppClass<T>)+28]
Il2CppClass.0x28	Assembly-CSharp	Extensions	Replace	Il2CppClass<T>		RuntimeClassTypeAnalysisContext	28	0	0	0	Move:type Il2CppClass<T>	RUNTIME_STRUCT:RuntimeClassTypeAnalysisContext	RUNTIME_STRUCT	0	0	-	NOT_APPLICABLE	RUNTIME_STRUCTURE	SEARCH_EMPTY	[v85 @ X8_v7 (Il2CppClass<T>)+28]
Il2CppClass.0x28	Assembly-CSharp	Extensions	Replace	Il2CppClass<T>		RuntimeClassTypeAnalysisContext	28	0	0	0	Move:type Il2CppClass<T>	RUNTIME_STRUCT:RuntimeClassTypeAnalysisContext	RUNTIME_STRUCT	0	0	-	NOT_APPLICABLE	RUNTIME_STRUCTURE	SEARCH_EMPTY	[v115 @ X8_v13 (Il2CppClass<T>)+28]
Il2CppClass.0x28	Assembly-CSharp	Extensions	Replace	Il2CppClass<T>		RuntimeClassTypeAnalysisContext	28	0	0	0	Move:type Il2CppClass<T>	RUNTIME_STRUCT:RuntimeClassTypeAnalysisContext	RUNTIME_STRUCT	0	0	-	NOT_APPLICABLE	RUNTIME_STRUCTURE	SEARCH_EMPTY	[v115 @ X8_v13 (Il2CppClass<T>)+28]
Il2CppClass.0x28	Assembly-CSharp	Extensions	Replace	Il2CppClass<T>		RuntimeClassTypeAnalysisContext	28	0	0	0	Move:type Il2CppClass<T>	RUNTIME_STRUCT:RuntimeClassTypeAnalysisContext	RUNTIME_STRUCT	0	0	-	NOT_APPLICABLE	RUNTIME_STRUCTURE	SEARCH_EMPTY	[v115 @ X8_v13 (Il2CppClass<T>)+28]
Il2CppClass.0x28	Assembly-CSharp	Extensions	Replace	Il2CppClass<T>		RuntimeClassTypeAnalysisContext	28	0	0	0	Move:type Il2CppClass<T>	RUNTIME_STRUCT:RuntimeClassTypeAnalysisContext	RUNTIME_STRUCT	0	0	-	NOT_APPLICABLE	RUNTIME_STRUCTURE	SEARCH_EMPTY	[v115 @ X8_v13 (Il2CppClass<T>)+28]
base has no type, from no definition	Assembly-CSharp	Extensions	Replace	<untyped>			28	0	0	0	<none>	TYPE_PROPAGATION:entry-value	NO_BASE_TYPE	0	0	-	NOT_APPLICABLE	ENTRY_VALUE	NO_OWNER	[v27 @ SYSREG+28]
base has no type, from Move from AddressOf(stack_-60)	Assembly-CSharp	Extensions	Replace	<untyped>			FFFFFFFFFFFFFFF8	0	0	0	Move:AddressOf	TYPE_PROPAGATION:address-of	NO_BASE_TYPE	0	0	-	NOT_APPLICABLE	UNKNOWN	NO_OWNER	[v24 @ X29_v1-8]
Il2CppClass.0xFC	Assembly-CSharp	Extensions	Replace	Il2CppClass<T>		RuntimeClassTypeAnalysisContext	FC	0	0	0	Move:type Il2CppClass<T>	RUNTIME_STRUCT:RuntimeClassTypeAnalysisContext	RUNTIME_STRUCT	0	0	-	NOT_APPLICABLE	RUNTIME_STRUCTURE	SEARCH_EMPTY	[v57 @ X9_v1 (Il2CppClass<T>)+FC]
Il2CppClass.0x80	Assembly-CSharp	Extensions	Replace	Il2CppClass<Extensions+<>c__DisplayClass2_0`1<T>>		RuntimeClassTypeAnalysisContext	80	0	0	0	Move:type Il2CppClass<Extensions+<>c__DisplayClass2_0`1<T>>	RUNTIME_STRUCT:RuntimeClassTypeAnalysisContext	RUNTIME_STRUCT	0	0	-	NOT_APPLICABLE	RUNTIME_STRUCTURE	SEARCH_EMPTY	[v165 @ X8_v16 (Il2CppClass<Extensions+<>c__DisplayClass2_0`1<T>>)+80]
value type base	Assembly-CSharp	ResourcesUtil	AddResource	System.Int32	System.ValueType	TypeAnalysisContext	10	0	1	0	Move:Immediate	RESOLVABLE:field-at-this-exact-offset	LAYOUT_KNOWN	1	10	EXACT:m_value	OBJECT_RELATIVE	UNKNOWN	SEARCH_EMPTY	[v71 @ X8_v9 (System.Int32)+10]
value type base	Assembly-CSharp	ResourcesUtil	AddResource	System.Int32	System.ValueType	TypeAnalysisContext	14	0	1	0	Move:Immediate	PAST_LAST_FIELD:value-type	LAYOUT_KNOWN	1	10	BEYOND_LAYOUT	NEITHER	UNKNOWN	SEARCH_EMPTY	[v71 @ X8_v9 (System.Int32)+14]
value type base	Assembly-CSharp	ResourcesUtil	AddResource	System.Int32	System.ValueType	TypeAnalysisContext	18	0	1	0	Move:Immediate	PAST_LAST_FIELD:value-type	LAYOUT_KNOWN	1	10	BEYOND_LAYOUT	NEITHER	UNKNOWN	SEARCH_EMPTY	[v71 @ X8_v9 (System.Int32)+18]
static field storage at 0x8	Assembly-CSharp	DataController	GenarateDataMap	GameHelper	System.Object	TypeAnalysisContext	8	0	0	0	Move:memory	RUNTIME_STRUCT:StaticFieldStorageTypeAnalysisContext	NO_INSTANCE_FIELDS	0	0	BEYOND_LAYOUT	CLASS_OBJECT_RELATIVE	STATIC_FIELD	SEARCH_EMPTY	[v656 @ X8_v22 (Il2CppStaticFields<GameHelper>)+8]
Il2CppClass.0x198	Assembly-CSharp	RandNumber	Random	Il2CppClass<System.Random>		RuntimeClassTypeAnalysisContext	198	0	0	0	Move:memory	RUNTIME_STRUCT:RuntimeClassTypeAnalysisContext	RUNTIME_STRUCT	0	0	-	NOT_APPLICABLE	RUNTIME_STRUCTURE	SEARCH_EMPTY	[v12 @ X8_v1 (Il2CppClass<System.Random>)+198]
Il2CppClass.0x1A0	Assembly-CSharp	RandNumber	Random	Il2CppClass<System.Random>		RuntimeClassTypeAnalysisContext	1A0	0	0	0	Move:memory	RUNTIME_STRUCT:RuntimeClassTypeAnalysisContext	RUNTIME_STRUCT	0	0	-	NOT_APPLICABLE	RUNTIME_STRUCTURE	SEARCH_EMPTY	[v12 @ X8_v1 (Il2CppClass<System.Random>)+1A0]
Il2CppClass.0x1A8	Assembly-CSharp	ResourcesUtil	GetResource	Il2CppClass<UserResourceItem`1<ItemResources>>		RuntimeClassTypeAnalysisContext	1A8	0	0	0	Move:memory	RUNTIME_STRUCT:RuntimeClassTypeAnalysisContext	RUNTIME_STRUCT	0	0	-	NOT_APPLICABLE	RUNTIME_STRUCTURE	SEARCH_EMPTY	[v46 @ X8_v3 (Il2CppClass<UserResourceItem`1<ItemResources>>)+1A8]
Il2CppClass.0x1B0	Assembly-CSharp	ResourcesUtil	GetResource	Il2CppClass<UserResourceItem`1<ItemResources>>		RuntimeClassTypeAnalysisContext	1B0	0	0	0	Move:memory	RUNTIME_STRUCT:RuntimeClassTypeAnalysisContext	RUNTIME_STRUCT	0	0	-	NOT_APPLICABLE	RUNTIME_STRUCTURE	SEARCH_EMPTY	[v46 @ X8_v3 (Il2CppClass<UserResourceItem`1<ItemResources>>)+1B0]
Il2CppClass.0x1A8	Assembly-CSharp	ResourcesUtil	GetResourceGold	Il2CppClass<UserResourceItem`1<ItemResources>>		RuntimeClassTypeAnalysisContext	1A8	0	0	0	Move:memory	RUNTIME_STRUCT:RuntimeClassTypeAnalysisContext	RUNTIME_STRUCT	0	0	-	NOT_APPLICABLE	RUNTIME_STRUCTURE	SEARCH_EMPTY	[v43 @ X8_v3 (Il2CppClass<UserResourceItem`1<ItemResources>>)+1A8]
Il2CppClass.0x1B0	Assembly-CSharp	ResourcesUtil	GetResourceGold	Il2CppClass<UserResourceItem`1<ItemResources>>		RuntimeClassTypeAnalysisContext	1B0	0	0	0	Move:memory	RUNTIME_STRUCT:RuntimeClassTypeAnalysisContext	RUNTIME_STRUCT	0	0	-	NOT_APPLICABLE	RUNTIME_STRUCTURE	SEARCH_EMPTY	[v43 @ X8_v3 (Il2CppClass<UserResourceItem`1<ItemResources>>)+1B0]
base has no type, from Move from an untyped base	Assembly-CSharp	DataController	GenarateRandomDataMap	<untyped>			8	0	0	0	Move:memory	RUNTIME_STRUCT:RuntimeClassTypeAnalysisContext	NO_BASE_TYPE	0	0	-	NOT_APPLICABLE	LOADED_POINTER	NO_OWNER	[v751 @ X8_v25+8]
between fields of the base type	Assembly-CSharp	DataController	GenarateRandomDataMap	GamePlayController	UnityEngine.MonoBehaviour	TypeAnalysisContext	28	68	15	0	Move:field GamePlayController	RESOLVABLE:field-at-this-exact-offset	LAYOUT_KNOWN	15	68	EXACT:GraphicController	CLASS_OBJECT_RELATIVE	UNKNOWN	SEARCH_ANSWERS:GraphicController	[v378 @ X8_v18 (GamePlayController)+28]
base has no type, from Move from [Il2CppClass<GameHelper> + 0x0]	Assembly-CSharp	DataController	GenarateRandomDataMap	<untyped>			B8	0	0	0	Move:memory	RUNTIME_STRUCT:RuntimeClassTypeAnalysisContext	NO_BASE_TYPE	0	0	-	NOT_APPLICABLE	LOADED_POINTER	NO_OWNER	[v698 @ X0_v29+B8]
absolute address	Assembly-CSharp	Common	Warning	<untyped>			1A355D7	0	0	0	<none>	UNKNOWN:absolute-address	NO_BASE_TYPE	0	0	-	NOT_APPLICABLE	UNKNOWN	NO_OWNER	[1A355D7]
absolute address	Assembly-CSharp	Common	Warning	<untyped>			1A355D8	0	0	0	<none>	UNKNOWN:absolute-address	NO_BASE_TYPE	0	0	-	NOT_APPLICABLE	UNKNOWN	NO_OWNER	[1A355D8]
absolute address	Assembly-CSharp	Common	Warning	<untyped>			1A355D9	0	0	0	<none>	UNKNOWN:absolute-address	NO_BASE_TYPE	0	0	-	NOT_APPLICABLE	UNKNOWN	NO_OWNER	[1A355D9]
past the last field of the base type	Assembly-CSharp	UserResourceItem`1	AddValue	T		GenericParameterTypeAnalysisContext	14	0	0	0	Call	GENERIC_LAYOUT:open-parameter	OPEN_TYPE_PARAMETER	0	0	-	NOT_APPLICABLE	CALL_RESULT	SEARCH_EMPTY	[v245 @ X0_v33 (T)+14]
base has no type, from Move from AddressOf(stack_-B0, Int64)	Assembly-CSharp	UserResourceItem`1	AddValue	<untyped>			10	0	0	0	Move:AddressOf	TYPE_PROPAGATION:address-of	NO_BASE_TYPE	0	0	-	NOT_APPLICABLE	UNKNOWN	NO_OWNER	[v307 @ X8_v9+10]
absolute address	Assembly-CSharp	DataController	GenarateRandomMap	<untyped>			4080C0	0	0	0	<none>	UNKNOWN:absolute-address	NO_BASE_TYPE	0	0	-	NOT_APPLICABLE	UNKNOWN	NO_OWNER	[4080C0]
absolute address	Assembly-CSharp	DataController	GenarateRandomMap	<untyped>			4080C0	0	0	0	<none>	UNKNOWN:absolute-address	NO_BASE_TYPE	0	0	-	NOT_APPLICABLE	UNKNOWN	NO_OWNER	[4080C0]
absolute address	Assembly-CSharp	DataController	GenarateRandomMap	<untyped>			4080C0	0	0	0	<none>	UNKNOWN:absolute-address	NO_BASE_TYPE	0	0	-	NOT_APPLICABLE	UNKNOWN	NO_OWNER	[4080C0]
absolute address	Assembly-CSharp	DataController	GenarateRandomMap	<untyped>			4080C0	0	0	0	<none>	UNKNOWN:absolute-address	NO_BASE_TYPE	0	0	-	NOT_APPLICABLE	UNKNOWN	NO_OWNER	[4080C0]
past the last field of the base type	Assembly-CSharp	UserResourceItem`1	SubValue	T		GenericParameterTypeAnalysisContext	14	0	0	0	Call	GENERIC_LAYOUT:open-parameter	OPEN_TYPE_PARAMETER	0	0	-	NOT_APPLICABLE	CALL_RESULT	SEARCH_EMPTY	[v94 @ X0_v6 (T)+14]
absolute address	Assembly-CSharp	DataController	GenarateRandomMap	<untyped>			4080C0	0	0	0	<none>	UNKNOWN:absolute-address	NO_BASE_TYPE	0	0	-	NOT_APPLICABLE	UNKNOWN	NO_OWNER	[4080C0]
base has no type, from Move from an untyped base	Assembly-CSharp	DataController	GenarateRandomMap	<untyped>			8	0	0	0	Move:memory	RUNTIME_STRUCT:RuntimeClassTypeAnalysisContext	NO_BASE_TYPE	0	0	-	NOT_APPLICABLE	LOADED_POINTER	NO_OWNER	[v656 @ X8_v19+8]
base has no type, from Move from [Il2CppClass<GameHelper> + 0x0]	Assembly-CSharp	DataController	GenarateRandomMap	<untyped>			B8	0	0	0	Move:memory	RUNTIME_STRUCT:RuntimeClassTypeAnalysisContext	NO_BASE_TYPE	0	0	-	NOT_APPLICABLE	LOADED_POINTER	NO_OWNER	[v603 @ X0_v22+B8]
past the last field of the base type	Assembly-CSharp	UserResourceItem`1	GetItemById	T		GenericParameterTypeAnalysisContext	14	0	0	0	Call	GENERIC_LAYOUT:open-parameter	OPEN_TYPE_PARAMETER	0	0	-	NOT_APPLICABLE	CALL_RESULT	SEARCH_EMPTY	[v85 @ X0_v7 (T)+14]
past the last field of the base type	Assembly-CSharp	UserResourceItem`1	GetValue	T		GenericParameterTypeAnalysisContext	28	0	0	0	Call	GENERIC_LAYOUT:open-parameter	OPEN_TYPE_PARAMETER	0	0	-	NOT_APPLICABLE	CALL_RESULT	SEARCH_EMPTY	[v6 @ X0_v1 (T)+28]
past the last field of the base type	Assembly-CSharp	UserResourceItem`1	AddOrOverrideValue	T		GenericParameterTypeAnalysisContext	14	0	0	0	Call	GENERIC_LAYOUT:open-parameter	OPEN_TYPE_PARAMETER	0	0	-	NOT_APPLICABLE	CALL_RESULT	SEARCH_EMPTY	[v138 @ X0_v8 (T)+14]
past the last field of the base type	Assembly-CSharp	EventDispatcher	PostEvent	System.Object		TypeAnalysisContext	18	0	0	0	<none>	NO_KNOWN_LAYOUT:type-has-no-instance-fields	NO_INSTANCE_FIELDS	0	0	BEYOND_LAYOUT	CLASS_OBJECT_RELATIVE	STACK_SLOT	SEARCH_EMPTY	[v65 @ stack_-68_v5 (System.Object)+18]
base has no type, from a call's result	Assembly-CSharp	EventDispatcher	PostEvent	<untyped>			28	0	0	0	Call	MISSING_METADATA:unresolved-call-result	NO_BASE_TYPE	0	0	-	NOT_APPLICABLE	CALL_RESULT	NO_OWNER	[v298 @ X0_v20+28]
past the last field of the base type	Assembly-CSharp	EventDispatcher	PostEvent	System.Object		TypeAnalysisContext	18	0	0	0	<none>	NO_KNOWN_LAYOUT:type-has-no-instance-fields	NO_INSTANCE_FIELDS	0	0	BEYOND_LAYOUT	CLASS_OBJECT_RELATIVE	STACK_SLOT	SEARCH_EMPTY	[v65 @ stack_-68_v5 (System.Object)+18]
past the last field of the base type	Assembly-CSharp	EventDispatcher	RemoveListener	System.Object		TypeAnalysisContext	18	0	0	0	<none>	NO_KNOWN_LAYOUT:type-has-no-instance-fields	NO_INSTANCE_FIELDS	0	0	BEYOND_LAYOUT	CLASS_OBJECT_RELATIVE	STACK_SLOT	SEARCH_EMPTY	[v50 @ stack_-28_v3 (System.Object)+18]
base has no type, from no definition	Assembly-CSharp	EventDispatcher	RemoveRedundancies	<untyped>			18	0	0	0	<none>	TYPE_PROPAGATION:entry-value	NO_BASE_TYPE	0	0	-	NOT_APPLICABLE	STACK_SLOT	NO_OWNER	[v232 @ stack_-78+18]
base has no type, from no definition	Assembly-CSharp	EventDispatcher	RemoveRedundancies	<untyped>			18	0	0	0	<none>	TYPE_PROPAGATION:entry-value	NO_BASE_TYPE	0	0	-	NOT_APPLICABLE	STACK_SLOT	NO_OWNER	[v232 @ stack_-78+18]
base has no type, from no definition	Assembly-CSharp	EventDispatcher	RemoveRedundancies	<untyped>			18	0	0	0	<none>	TYPE_PROPAGATION:entry-value	NO_BASE_TYPE	0	0	-	NOT_APPLICABLE	STACK_SLOT	NO_OWNER	[v232 @ stack_-78+18]
base has no type, from a call's result	Assembly-CSharp	EventDispatcher	RemoveRedundancies	<untyped>			20	0	0	0	Call	MISSING_METADATA:unresolved-call-result	NO_BASE_TYPE	0	0	-	NOT_APPLICABLE	CALL_RESULT	NO_OWNER	[v317 @ X0_v29+20]
base has no type, from no definition	Assembly-CSharp	EventDispatcher	RemoveRedundancies	<untyped>			18	0	0	0	<none>	TYPE_PROPAGATION:entry-value	NO_BASE_TYPE	0	0	-	NOT_APPLICABLE	STACK_SLOT	NO_OWNER	[v232 @ stack_-78+18]
past the last field of the base type	Assembly-CSharp	UserResourceCollectionItem`1	AddValue	T		GenericParameterTypeAnalysisContext	14	0	0	0	Call	GENERIC_LAYOUT:open-parameter	OPEN_TYPE_PARAMETER	0	0	-	NOT_APPLICABLE	CALL_RESULT	SEARCH_EMPTY	[v258 @ X0_v34 (T)+14]
past the last field of the base type	Assembly-CSharp	UserResourceCollectionItem`1	AddValue	T		GenericParameterTypeAnalysisContext	2C	0	0	0	Call	GENERIC_LAYOUT:open-parameter	OPEN_TYPE_PARAMETER	0	0	-	NOT_APPLICABLE	CALL_RESULT	SEARCH_EMPTY	[v150 @ X0_v11 (T)+2C]
past the last field of the base type	Assembly-CSharp	UserResourceCollectionItem`1	AddValue	T		GenericParameterTypeAnalysisContext	2C	0	0	0	Call	GENERIC_LAYOUT:open-parameter	OPEN_TYPE_PARAMETER	0	0	-	NOT_APPLICABLE	CALL_RESULT	SEARCH_EMPTY	[v150 @ X0_v11 (T)+2C]
past the last field of the base type	Assembly-CSharp	UserResourceCollectionItem`1	AddValue	T		GenericParameterTypeAnalysisContext	2C	0	0	0	Call	GENERIC_LAYOUT:open-parameter	OPEN_TYPE_PARAMETER	0	0	-	NOT_APPLICABLE	CALL_RESULT	SEARCH_EMPTY	[v150 @ X0_v11 (T)+2C]
past the last field of the base type	Assembly-CSharp	UserResourceCollectionItem`1	AddValue	T		GenericParameterTypeAnalysisContext	2C	0	0	0	Call	GENERIC_LAYOUT:open-parameter	OPEN_TYPE_PARAMETER	0	0	-	NOT_APPLICABLE	CALL_RESULT	SEARCH_EMPTY	[v150 @ X0_v11 (T)+2C]
past the last field of the base type	Assembly-CSharp	UserResourceCollectionItem`1	SubValue	T		GenericParameterTypeAnalysisContext	14	0	0	0	Call	GENERIC_LAYOUT:open-parameter	OPEN_TYPE_PARAMETER	0	0	-	NOT_APPLICABLE	CALL_RESULT	SEARCH_EMPTY	[v104 @ X0_v6 (T)+14]
past the last field of the base type	Assembly-CSharp	UserResourceCollectionItem`1	GetItemById	T		GenericParameterTypeAnalysisContext	14	0	0	0	Call	GENERIC_LAYOUT:open-parameter	OPEN_TYPE_PARAMETER	0	0	-	NOT_APPLICABLE	CALL_RESULT	SEARCH_EMPTY	[v85 @ X0_v7 (T)+14]
past the last field of the base type	Assembly-CSharp	UserResourceCollectionItem`1	GetValue	T		GenericParameterTypeAnalysisContext	14	0	0	0	Call	GENERIC_LAYOUT:open-parameter	OPEN_TYPE_PARAMETER	0	0	-	NOT_APPLICABLE	CALL_RESULT	SEARCH_EMPTY	[v104 @ X0_v7 (T)+14]
static field storage at 0x8	Assembly-CSharp	DataController	AddOneBox	GameHelper	System.Object	TypeAnalysisContext	8	0	0	0	Move:memory	RUNTIME_STRUCT:StaticFieldStorageTypeAnalysisContext	NO_INSTANCE_FIELDS	0	0	BEYOND_LAYOUT	CLASS_OBJECT_RELATIVE	STATIC_FIELD	SEARCH_EMPTY	[v746 @ X8_v26 (Il2CppStaticFields<GameHelper>)+8]
base has no type, from no definition	Assembly-CSharp	Zitga.CsvTools.CsvReader	DeserializeIdValue	<untyped>			28	0	0	0	<none>	TYPE_PROPAGATION:entry-value	NO_BASE_TYPE	0	0	-	NOT_APPLICABLE	ENTRY_VALUE	NO_OWNER	[v25 @ SYSREG+28]
base has no type, from no definition	Assembly-CSharp	Zitga.CsvTools.CsvReader	DeserializeIdValue	<untyped>			38	0	0	0	<none>	TYPE_PROPAGATION:entry-value	NO_BASE_TYPE	0	0	-	NOT_APPLICABLE	ENTRY_VALUE	NO_OWNER	[v28 @ X4+38]
base has no type, from no definition	Assembly-CSharp	Zitga.CsvTools.CsvReader	DeserializeIdValue	<untyped>			38	0	0	0	<none>	TYPE_PROPAGATION:entry-value	NO_BASE_TYPE	0	0	-	NOT_APPLICABLE	ENTRY_VALUE	NO_OWNER	[v28 @ X4+38]
base has no type, from no definition	Assembly-CSharp	Zitga.CsvTools.CsvReader	DeserializeIdValue	<untyped>			38	0	0	0	<none>	TYPE_PROPAGATION:entry-value	NO_BASE_TYPE	0	0	-	NOT_APPLICABLE	ENTRY_VALUE	NO_OWNER	[v28 @ X4+38]
base has no type, from no definition	Assembly-CSharp	Zitga.CsvTools.CsvReader	DeserializeIdValue	<untyped>			38	0	0	0	<none>	TYPE_PROPAGATION:entry-value	NO_BASE_TYPE	0	0	-	NOT_APPLICABLE	ENTRY_VALUE	NO_OWNER	[v28 @ X4+38]
base has no type, from no definition	Assembly-CSharp	Zitga.CsvTools.CsvReader	DeserializeIdValue	<untyped>			38	0	0	0	<none>	TYPE_PROPAGATION:entry-value	NO_BASE_TYPE	0	0	-	NOT_APPLICABLE	ENTRY_VALUE	NO_OWNER	[v28 @ X4+38]
base has no type, from no definition	Assembly-CSharp	Zitga.CsvTools.CsvReader	DeserializeIdValue	<untyped>			38	0	0	0	<none>	TYPE_PROPAGATION:entry-value	NO_BASE_TYPE	0	0	-	NOT_APPLICABLE	ENTRY_VALUE	NO_OWNER	[v28 @ X4+38]
base has no type, from Move from an untyped base	Assembly-CSharp	Zitga.CsvTools.CsvReader	DeserializeIdValue	<untyped>			8	0	0	0	Move:memory	TYPE_PROPAGATION:entry-value	NO_BASE_TYPE	0	0	-	NOT_APPLICABLE	LOADED_POINTER	NO_OWNER	[v94 @ X8_v4+8]
base has no type, from Move from an untyped local	Assembly-CSharp	Zitga.CsvTools.CsvReader	DeserializeIdValue	<untyped>			135	0	0	0	Move:memory	PHI_AMBIGUITY:multiple-definitions	NO_BASE_TYPE	0	0	-	NOT_APPLICABLE	UNKNOWN	NO_OWNER	[v103 @ X1_v5+135]
base has no type, from Move from an untyped base	Assembly-CSharp	Zitga.CsvTools.CsvReader	DeserializeIdValue	<untyped>			8	0	0	0	Move:memory	TYPE_PROPAGATION:entry-value	NO_BASE_TYPE	0	0	-	NOT_APPLICABLE	UNKNOWN	NO_OWNER	[v58 @ X8_v3+8]
base has no type, from Move from an untyped base	Assembly-CSharp	Zitga.CsvTools.CsvReader	DeserializeIdValue	<untyped>			FC	0	0	0	Move:memory	TYPE_PROPAGATION:entry-value	NO_BASE_TYPE	0	0	-	NOT_APPLICABLE	LOADED_POINTER	NO_OWNER	[v62 @ X9_v1+FC]
base has no type, from no definition	Assembly-CSharp	Zitga.CsvTools.CsvReader	DeserializeIdValue	<untyped>			28	0	0	0	<none>	TYPE_PROPAGATION:entry-value	NO_BASE_TYPE	0	0	-	NOT_APPLICABLE	ENTRY_VALUE	NO_OWNER	[v25 @ SYSREG+28]
base has no type, from Move from AddressOf(stack_-60)	Assembly-CSharp	Zitga.CsvTools.CsvReader	DeserializeIdValue	<untyped>			FFFFFFFFFFFFFFF8	0	0	0	Move:AddressOf	TYPE_PROPAGATION:address-of	NO_BASE_TYPE	0	0	-	NOT_APPLICABLE	UNKNOWN	NO_OWNER	[v22 @ X29_v1-8]
base has no type, from no definition	Assembly-CSharp	Zitga.CsvTools.CsvReader	DeserializeIdValue	<untyped>			28	0	0	0	<none>	TYPE_PROPAGATION:entry-value	NO_BASE_TYPE	0	0	-	NOT_APPLICABLE	ENTRY_VALUE	NO_OWNER	[v25 @ SYSREG+28]
base has no type, from no definition	Assembly-CSharp	Zitga.CsvTools.CsvReader	DeserializeIdValue	<untyped>			38	0	0	0	<none>	TYPE_PROPAGATION:entry-value	NO_BASE_TYPE	0	0	-	NOT_APPLICABLE	ENTRY_VALUE	NO_OWNER	[v28 @ X4+38]
base has no type, from no definition	Assembly-CSharp	Zitga.CsvTools.CsvReader	DeserializeIdValue	<untyped>			38	0	0	0	<none>	TYPE_PROPAGATION:entry-value	NO_BASE_TYPE	0	0	-	NOT_APPLICABLE	ENTRY_VALUE	NO_OWNER	[v28 @ X4+38]
base has no type, from no definition	Assembly-CSharp	Zitga.CsvTools.CsvReader	DeserializeIdValue	<untyped>			38	0	0	0	<none>	TYPE_PROPAGATION:entry-value	NO_BASE_TYPE	0	0	-	NOT_APPLICABLE	ENTRY_VALUE	NO_OWNER	[v28 @ X4+38]
base has no type, from no definition	Assembly-CSharp	Zitga.CsvTools.CsvReader	DeserializeIdValue	<untyped>			38	0	0	0	<none>	TYPE_PROPAGATION:entry-value	NO_BASE_TYPE	0	0	-	NOT_APPLICABLE	ENTRY_VALUE	NO_OWNER	[v28 @ X4+38]
base has no type, from no definition	Assembly-CSharp	Zitga.CsvTools.CsvReader	DeserializeIdValue	<untyped>			38	0	0	0	<none>	TYPE_PROPAGATION:entry-value	NO_BASE_TYPE	0	0	-	NOT_APPLICABLE	ENTRY_VALUE	NO_OWNER	[v28 @ X4+38]
base has no type, from no definition	Assembly-CSharp	Zitga.CsvTools.CsvReader	DeserializeIdValue	<untyped>			38	0	0	0	<none>	TYPE_PROPAGATION:entry-value	NO_BASE_TYPE	0	0	-	NOT_APPLICABLE	ENTRY_VALUE	NO_OWNER	[v28 @ X4+38]
base has no type, from Move from an untyped base	Assembly-CSharp	Zitga.CsvTools.CsvReader	DeserializeIdValue	<untyped>			8	0	0	0	Move:memory	TYPE_PROPAGATION:entry-value	NO_BASE_TYPE	0	0	-	NOT_APPLICABLE	LOADED_POINTER	NO_OWNER	[v88 @ X8_v4+8]
base has no type, from Move from an untyped local	Assembly-CSharp	Zitga.CsvTools.CsvReader	DeserializeIdValue	<untyped>			135	0	0	0	Move:memory	PHI_AMBIGUITY:multiple-definitions	NO_BASE_TYPE	0	0	-	NOT_APPLICABLE	UNKNOWN	NO_OWNER	[v97 @ X1_v4+135]
base has no type, from Move from an untyped base	Assembly-CSharp	Zitga.CsvTools.CsvReader	DeserializeIdValue	<untyped>			8	0	0	0	Move:memory	TYPE_PROPAGATION:entry-value	NO_BASE_TYPE	0	0	-	NOT_APPLICABLE	UNKNOWN	NO_OWNER	[v58 @ X8_v3+8]
base has no type, from Move from an untyped base	Assembly-CSharp	Zitga.CsvTools.CsvReader	DeserializeIdValue	<untyped>			FC	0	0	0	Move:memory	TYPE_PROPAGATION:entry-value	NO_BASE_TYPE	0	0	-	NOT_APPLICABLE	LOADED_POINTER	NO_OWNER	[v62 @ X9_v1+FC]
base has no type, from no definition	Assembly-CSharp	Zitga.CsvTools.CsvReader	DeserializeIdValue	<untyped>			28	0	0	0	<none>	TYPE_PROPAGATION:entry-value	NO_BASE_TYPE	0	0	-	NOT_APPLICABLE	ENTRY_VALUE	NO_OWNER	[v25 @ SYSREG+28]
base has no type, from Move from AddressOf(stack_-60)	Assembly-CSharp	Zitga.CsvTools.CsvReader	DeserializeIdValue	<untyped>			FFFFFFFFFFFFFFF8	0	0	0	Move:AddressOf	TYPE_PROPAGATION:address-of	NO_BASE_TYPE	0	0	-	NOT_APPLICABLE	UNKNOWN	NO_OWNER	[v22 @ X29_v1-8]
Il2CppClass.static_fields	Assembly-CSharp	SingletonMono`1	get_Instance	Il2CppClass<SingletonMono`1<T>>		RuntimeClassTypeAnalysisContext	B8	0	0	0	Move:type Il2CppClass<SingletonMono`1<T>>	RUNTIME_STRUCT:RuntimeClassTypeAnalysisContext	RUNTIME_STRUCT	0	0	-	NOT_APPLICABLE	RUNTIME_STRUCTURE	SEARCH_EMPTY	[v125 @ X0_v20 (Il2CppClass<SingletonMono`1<T>>)+B8]
static field storage at 0x8	Assembly-CSharp	SingletonMono`1	get_Instance	SingletonMono`1<T>		GenericInstanceTypeAnalysisContext	8	0	0	0	Move:memory	RUNTIME_STRUCT:StaticFieldStorageTypeAnalysisContext	LAYOUT_KNOWN	2	18	INSIDE_NO_FIELD	CLASS_OBJECT_RELATIVE	STATIC_FIELD	SEARCH_EMPTY	[v126 @ X8_v18 (Il2CppStaticFields<SingletonMono`1<T>>)+8]
Il2CppClass.0x135	LeanPool	Lean.Pool.LeanClassPool`1	.cctor	Il2CppClass<Lean.Pool.LeanClassPool`1<T>>		RuntimeClassTypeAnalysisContext	135	0	0	0	Move:type Il2CppClass<Lean.Pool.LeanClassPool`1<T>>	RUNTIME_STRUCT:RuntimeClassTypeAnalysisContext	RUNTIME_STRUCT	0	0	-	NOT_APPLICABLE	RUNTIME_STRUCTURE	SEARCH_EMPTY	[v77 @ X0_v14 (Il2CppClass<Lean.Pool.LeanClassPool`1<T>>)+135]
Il2CppClass.static_fields	Assembly-CSharp	SingletonMono`1	get_Instance	Il2CppClass<SingletonMono`1<T>>		RuntimeClassTypeAnalysisContext	B8	0	0	0	Move:type Il2CppClass<SingletonMono`1<T>>	RUNTIME_STRUCT:RuntimeClassTypeAnalysisContext	RUNTIME_STRUCT	0	0	-	NOT_APPLICABLE	RUNTIME_STRUCTURE	SEARCH_EMPTY	[v604 @ X0_v100 (Il2CppClass<SingletonMono`1<T>>)+B8]
Il2CppClass.static_fields	Assembly-CSharp	SingletonMono`1	get_Instance	Il2CppClass<SingletonMono`1<T>>		RuntimeClassTypeAnalysisContext	B8	0	0	0	Move:type Il2CppClass<SingletonMono`1<T>>	RUNTIME_STRUCT:RuntimeClassTypeAnalysisContext	RUNTIME_STRUCT	0	0	-	NOT_APPLICABLE	RUNTIME_STRUCTURE	SEARCH_EMPTY	[v676 @ X0_v117 (Il2CppClass<SingletonMono`1<T>>)+B8]
static field storage at 0x8	Assembly-CSharp	SingletonMono`1	get_Instance	SingletonMono`1<T>		GenericInstanceTypeAnalysisContext	8	0	0	0	Move:memory	RUNTIME_STRUCT:StaticFieldStorageTypeAnalysisContext	LAYOUT_KNOWN	2	18	INSIDE_NO_FIELD	CLASS_OBJECT_RELATIVE	STATIC_FIELD	SEARCH_EMPTY	[v179 @ X8_v70 (Il2CppStaticFields<SingletonMono`1<T>>)+8]
Il2CppClass.static_fields	Assembly-CSharp	SingletonMono`1	get_Instance	Il2CppClass<SingletonMono`1<T>>		RuntimeClassTypeAnalysisContext	B8	0	0	0	Move:type Il2CppClass<SingletonMono`1<T>>	RUNTIME_STRUCT:RuntimeClassTypeAnalysisContext	RUNTIME_STRUCT	0	0	-	NOT_APPLICABLE	RUNTIME_STRUCTURE	SEARCH_EMPTY	[v728 @ X0_v136 (Il2CppClass<SingletonMono`1<T>>)+B8]
Il2CppClass.static_fields	Assembly-CSharp	SingletonMono`1	get_Instance	Il2CppClass<SingletonMono`1<T>>		RuntimeClassTypeAnalysisContext	B8	0	0	0	Move:type Il2CppClass<SingletonMono`1<T>>	RUNTIME_STRUCT:RuntimeClassTypeAnalysisContext	RUNTIME_STRUCT	0	0	-	NOT_APPLICABLE	RUNTIME_STRUCTURE	SEARCH_EMPTY	[v759 @ X0_v144 (Il2CppClass<SingletonMono`1<T>>)+B8]
static field storage at 0x8	Assembly-CSharp	SingletonMono`1	get_Instance	SingletonMono`1<T>		GenericInstanceTypeAnalysisContext	8	0	0	0	Move:memory	RUNTIME_STRUCT:StaticFieldStorageTypeAnalysisContext	LAYOUT_KNOWN	2	18	INSIDE_NO_FIELD	CLASS_OBJECT_RELATIVE	STATIC_FIELD	SEARCH_EMPTY	[v432 @ X8_v89 (Il2CppStaticFields<SingletonMono`1<T>>)+8]
Il2CppClass.static_fields	Assembly-CSharp	SingletonMono`1	get_Instance	Il2CppClass<SingletonMono`1<T>>		RuntimeClassTypeAnalysisContext	B8	0	0	0	Move:type Il2CppClass<SingletonMono`1<T>>	RUNTIME_STRUCT:RuntimeClassTypeAnalysisContext	RUNTIME_STRUCT	0	0	-	NOT_APPLICABLE	RUNTIME_STRUCTURE	SEARCH_EMPTY	[v776 @ X0_v151 (Il2CppClass<SingletonMono`1<T>>)+B8]
static field storage at 0x8	Assembly-CSharp	SingletonMono`1	get_Instance	SingletonMono`1<T>		GenericInstanceTypeAnalysisContext	8	0	0	0	Move:memory	RUNTIME_STRUCT:StaticFieldStorageTypeAnalysisContext	LAYOUT_KNOWN	2	18	INSIDE_NO_FIELD	CLASS_OBJECT_RELATIVE	STATIC_FIELD	SEARCH_EMPTY	[v469 @ X8_v93 (Il2CppStaticFields<SingletonMono`1<T>>)+8]
Il2CppClass.static_fields	Assembly-CSharp	SingletonMono`1	get_Instance	Il2CppClass<SingletonMono`1<T>>		RuntimeClassTypeAnalysisContext	B8	0	0	0	Move:type Il2CppClass<SingletonMono`1<T>>	RUNTIME_STRUCT:RuntimeClassTypeAnalysisContext	RUNTIME_STRUCT	0	0	-	NOT_APPLICABLE	RUNTIME_STRUCTURE	SEARCH_EMPTY	[v511 @ X0_v40 (Il2CppClass<SingletonMono`1<T>>)+B8]
static field storage at 0x8	Assembly-CSharp	SingletonMono`1	get_Instance	SingletonMono`1<T>		GenericInstanceTypeAnalysisContext	8	0	0	0	Move:memory	RUNTIME_STRUCT:StaticFieldStorageTypeAnalysisContext	LAYOUT_KNOWN	2	18	INSIDE_NO_FIELD	CLASS_OBJECT_RELATIVE	STATIC_FIELD	SEARCH_EMPTY	[v321 @ X8_v30 (Il2CppStaticFields<SingletonMono`1<T>>)+8]
Il2CppClass.static_fields	Assembly-CSharp	SingletonMono`1	get_IsNull	Il2CppClass<SingletonMono`1<T>>		RuntimeClassTypeAnalysisContext	B8	0	0	0	Move:type Il2CppClass<SingletonMono`1<T>>	RUNTIME_STRUCT:RuntimeClassTypeAnalysisContext	RUNTIME_STRUCT	0	0	-	NOT_APPLICABLE	RUNTIME_STRUCTURE	SEARCH_EMPTY	[v70 @ X0_v10 (Il2CppClass<SingletonMono`1<T>>)+B8]
static field storage at 0x8	Assembly-CSharp	SingletonMono`1	get_IsNull	SingletonMono`1<T>		GenericInstanceTypeAnalysisContext	8	0	0	0	Move:memory	RUNTIME_STRUCT:StaticFieldStorageTypeAnalysisContext	LAYOUT_KNOWN	2	18	INSIDE_NO_FIELD	CLASS_OBJECT_RELATIVE	STATIC_FIELD	SEARCH_EMPTY	[v71 @ X8_v10 (Il2CppStaticFields<SingletonMono`1<T>>)+8]
Il2CppClass.interface_offsets_count	Assembly-CSharp	GameHelper	FindAllChild	Il2CppClass<System.Collections.IEnumerator>		RuntimeClassTypeAnalysisContext	12E	0	0	0	Move:memory	RUNTIME_STRUCT:RuntimeClassTypeAnalysisContext	RUNTIME_STRUCT	0	0	-	NOT_APPLICABLE	RUNTIME_STRUCTURE	SEARCH_EMPTY	[v466 @ X8_v5 (Il2CppClass<System.Collections.IEnumerator>)+12E]
Il2CppClass.interface_offsets_count	Assembly-CSharp	GameHelper	FindAllChild	Il2CppClass<System.Collections.IEnumerator>		RuntimeClassTypeAnalysisContext	12E	0	0	0	Move:memory	RUNTIME_STRUCT:RuntimeClassTypeAnalysisContext	RUNTIME_STRUCT	0	0	-	NOT_APPLICABLE	RUNTIME_STRUCTURE	SEARCH_EMPTY	[v466 @ X8_v5 (Il2CppClass<System.Collections.IEnumerator>)+12E]
Il2CppClass.interfaceOffsets	Assembly-CSharp	GameHelper	FindAllChild	Il2CppClass<System.Collections.IEnumerator>		RuntimeClassTypeAnalysisContext	B0	0	0	0	Move:memory	RUNTIME_STRUCT:RuntimeClassTypeAnalysisContext	RUNTIME_STRUCT	0	0	-	NOT_APPLICABLE	RUNTIME_STRUCTURE	SEARCH_EMPTY	[v466 @ X8_v5 (Il2CppClass<System.Collections.IEnumerator>)+B0]
base has no type, from Move from an untyped base	Assembly-CSharp	GameHelper	FindAllChild	<untyped>			12E	0	0	0	Move:memory	MISSING_METADATA:unresolved-call-result	NO_BASE_TYPE	0	0	-	NOT_APPLICABLE	LOADED_POINTER	NO_OWNER	[v340 @ X8_v11+12E]
base has no type, from Move from an untyped base	Assembly-CSharp	GameHelper	FindAllChild	<untyped>			12E	0	0	0	Move:memory	MISSING_METADATA:unresolved-call-result	NO_BASE_TYPE	0	0	-	NOT_APPLICABLE	LOADED_POINTER	NO_OWNER	[v340 @ X8_v11+12E]
base has no type, from Move from an untyped base	Assembly-CSharp	GameHelper	FindAllChild	<untyped>			B0	0	0	0	Move:memory	MISSING_METADATA:unresolved-call-result	NO_BASE_TYPE	0	0	-	NOT_APPLICABLE	LOADED_POINTER	NO_OWNER	[v340 @ X8_v11+B0]
base has no type, from Add of an untyped local and Immediate	Assembly-CSharp	GameHelper	FindAllChild	<untyped>			FFFFFFFFFFFFFFF8	0	0	0	Add	UNKNOWN:add-of-MemoryOperand	NO_BASE_TYPE	0	0	-	NOT_APPLICABLE	UNKNOWN	NO_OWNER	[v580 @ X10_v7-8]
base has no type, from Add of an untyped local and Immediate	Assembly-CSharp	GameHelper	FindAllChild	<untyped>			8	0	0	0	Call	PHI_AMBIGUITY:multiple-definitions	NO_BASE_TYPE	0	0	-	NOT_APPLICABLE	UNKNOWN	NO_OWNER	[v653 @ X0_v6+8]
base has no type, from Add of an untyped local and Immediate	Assembly-CSharp	GameHelper	FindAllChild	<untyped>			FFFFFFFFFFFFFFF8	0	0	0	Add	UNKNOWN:add-of-MemoryOperand	NO_BASE_TYPE	0	0	-	NOT_APPLICABLE	UNKNOWN	NO_OWNER	[v500 @ X10_v15-8]
base has no type, from Add of an untyped local and Immediate	Assembly-CSharp	GameHelper	FindAllChild	<untyped>			8	0	0	0	Call	PHI_AMBIGUITY:multiple-definitions	NO_BASE_TYPE	0	0	-	NOT_APPLICABLE	UNKNOWN	NO_OWNER	[v563 @ X0_v24+8]
base has no type, from Move from AddressOf(stack_-48)	Assembly-CSharp	GameHelper	SetSizeFollowWidth	<untyped>			10	0	0	0	Move:AddressOf	TYPE_PROPAGATION:address-of	NO_BASE_TYPE	0	0	-	NOT_APPLICABLE	UNKNOWN	NO_OWNER	[v95 @ X8_v8+10]
base has no type, from Move from AddressOf(stack_-48)	Assembly-CSharp	GameHelper	SetSizeFollowWidth	<untyped>			10	0	0	0	Move:AddressOf	TYPE_PROPAGATION:address-of	NO_BASE_TYPE	0	0	-	NOT_APPLICABLE	UNKNOWN	NO_OWNER	[v95 @ X8_v8+10]
Il2CppClass.static_fields	Assembly-CSharp	SingletonMono`1	Awake	Il2CppClass<SingletonMono`1<T>>		RuntimeClassTypeAnalysisContext	B8	0	0	0	Move:type Il2CppClass<SingletonMono`1<T>>	RUNTIME_STRUCT:RuntimeClassTypeAnalysisContext	RUNTIME_STRUCT	0	0	-	NOT_APPLICABLE	RUNTIME_STRUCTURE	SEARCH_EMPTY	[v65 @ X0_v6 (Il2CppClass<SingletonMono`1<T>>)+B8]
static field storage at 0x8	Assembly-CSharp	SingletonMono`1	Awake	SingletonMono`1<T>		GenericInstanceTypeAnalysisContext	8	0	0	0	Move:memory	RUNTIME_STRUCT:StaticFieldStorageTypeAnalysisContext	LAYOUT_KNOWN	2	18	INSIDE_NO_FIELD	CLASS_OBJECT_RELATIVE	STATIC_FIELD	SEARCH_EMPTY	[v66 @ X8_v10 (Il2CppStaticFields<SingletonMono`1<T>>)+8]
Il2CppClass.static_fields	Assembly-CSharp	SingletonMono`1	Awake	Il2CppClass<SingletonMono`1<T>>		RuntimeClassTypeAnalysisContext	B8	0	0	0	Move:type Il2CppClass<SingletonMono`1<T>>	RUNTIME_STRUCT:RuntimeClassTypeAnalysisContext	RUNTIME_STRUCT	0	0	-	NOT_APPLICABLE	RUNTIME_STRUCTURE	SEARCH_EMPTY	[v155 @ X0_v57 (Il2CppClass<SingletonMono`1<T>>)+B8]
static field storage at 0x8	Assembly-CSharp	SingletonMono`1	Awake	SingletonMono`1<T>		GenericInstanceTypeAnalysisContext	8	0	0	0	Move:memory	RUNTIME_STRUCT:StaticFieldStorageTypeAnalysisContext	LAYOUT_KNOWN	2	18	INSIDE_NO_FIELD	CLASS_OBJECT_RELATIVE	STATIC_FIELD	SEARCH_EMPTY	[v122 @ X8_v43 (Il2CppStaticFields<SingletonMono`1<T>>)+8]
Il2CppClass.static_fields	Assembly-CSharp	SingletonMono`1	Awake	Il2CppClass<SingletonMono`1<T>>		RuntimeClassTypeAnalysisContext	B8	0	0	0	Move:type Il2CppClass<SingletonMono`1<T>>	RUNTIME_STRUCT:RuntimeClassTypeAnalysisContext	RUNTIME_STRUCT	0	0	-	NOT_APPLICABLE	RUNTIME_STRUCTURE	SEARCH_EMPTY	[v295 @ X0_v26 (Il2CppClass<SingletonMono`1<T>>)+B8]
base has no type, from Move from AddressOf(stack_-48)	Assembly-CSharp	GameHelper	SetSizeFollowHeight	<untyped>			10	0	0	0	Move:AddressOf	TYPE_PROPAGATION:address-of	NO_BASE_TYPE	0	0	-	NOT_APPLICABLE	UNKNOWN	NO_OWNER	[v95 @ X8_v8+10]
base has no type, from Move from AddressOf(stack_-48)	Assembly-CSharp	GameHelper	SetSizeFollowHeight	<untyped>			10	0	0	0	Move:AddressOf	TYPE_PROPAGATION:address-of	NO_BASE_TYPE	0	0	-	NOT_APPLICABLE	UNKNOWN	NO_OWNER	[v95 @ X8_v8+10]
base has no type, from no definition	LeanPool	Lean.Pool.LeanGameObjectPool	TryFindPoolByClone	<untyped>			40	0	0	0	<none>	TYPE_PROPAGATION:entry-value	NO_BASE_TYPE	0	0	-	NOT_APPLICABLE	STACK_SLOT	NO_OWNER	[v178 @ stack_-78+40]
base has no type, from no definition	LeanPool	Lean.Pool.LeanGameObjectPool	TryFindPoolByClone	<untyped>			38	0	0	0	<none>	TYPE_PROPAGATION:entry-value	NO_BASE_TYPE	0	0	-	NOT_APPLICABLE	STACK_SLOT	NO_OWNER	[v178 @ stack_-78+38]
base has no type, from Move from an untyped base	LeanPool	Lean.Pool.LeanGameObjectPool	TryFindPoolByClone	<untyped>			18	0	0	0	Move:memory	TYPE_PROPAGATION:entry-value	NO_BASE_TYPE	0	0	-	NOT_APPLICABLE	LOADED_POINTER	NO_OWNER	[v320 @ X8_v18+18]
base has no type, from no definition	LeanPool	Lean.Pool.LeanGameObjectPool	TryFindPoolByClone	<untyped>			38	0	0	0	<none>	TYPE_PROPAGATION:entry-value	NO_BASE_TYPE	0	0	-	NOT_APPLICABLE	STACK_SLOT	NO_OWNER	[v178 @ stack_-78+38]
static field storage at 0xC	LeanPool	Lean.Pool.LeanGameObjectPool	TrySpawn	UnityEngine.Quaternion	System.ValueType	TypeAnalysisContext	C	C	4	0	Move:memory	RUNTIME_STRUCT:StaticFieldStorageTypeAnalysisContext	LAYOUT_KNOWN	4	1C	NESTED:w	VALUE_RELATIVE	STATIC_FIELD	SEARCH_EMPTY	[v292 @ X8_v12 (Il2CppStaticFields<UnityEngine.Quaternion>)+C]
static field storage at 0x8	LeanPool	Lean.Pool.LeanGameObjectPool	TrySpawn	UnityEngine.Quaternion	System.ValueType	TypeAnalysisContext	8	C	4	0	Move:memory	RUNTIME_STRUCT:StaticFieldStorageTypeAnalysisContext	LAYOUT_KNOWN	4	1C	NESTED:z	VALUE_RELATIVE	STATIC_FIELD	SEARCH_EMPTY	[v292 @ X8_v12 (Il2CppStaticFields<UnityEngine.Quaternion>)+8]
static field storage at 0x4	LeanPool	Lean.Pool.LeanGameObjectPool	TrySpawn	UnityEngine.Quaternion	System.ValueType	TypeAnalysisContext	4	C	4	0	Move:memory	RUNTIME_STRUCT:StaticFieldStorageTypeAnalysisContext	LAYOUT_KNOWN	4	1C	NESTED:y	VALUE_RELATIVE	STATIC_FIELD	SEARCH_EMPTY	[v292 @ X8_v12 (Il2CppStaticFields<UnityEngine.Quaternion>)+4]
past the last field of the base type	Assembly-CSharp	GamePlayController	isCancelHandle	UnityEngine.Object	System.Object	TypeAnalysisContext	40	10	1	0	Move:field Box	PAST_LAST_FIELD:class	LAYOUT_KNOWN	1	10	BEYOND_LAYOUT	CLASS_OBJECT_RELATIVE	INSTANCE_FIELD	SEARCH_EMPTY	[v37 @ X20_v2 (UnityEngine.Object)+40]
base has no type, from Move from [Object + 0x40]	Assembly-CSharp	GamePlayController	isCancelHandle	<untyped>			18	0	0	0	Move:memory	PAST_LAST_FIELD:class	NO_BASE_TYPE	0	0	-	NOT_APPLICABLE	LOADED_POINTER	NO_OWNER	[v42 @ X8_v4+18]
base has no type, from Move from [Object + 0x40]	Assembly-CSharp	GamePlayController	isCancelHandle	<untyped>			18	0	0	0	Move:memory	PAST_LAST_FIELD:class	NO_BASE_TYPE	0	0	-	NOT_APPLICABLE	LOADED_POINTER	NO_OWNER	[v42 @ X8_v4+18]
base has no type, from no definition	Assembly-CSharp	GraphicController	RandomAnimation	<untyped>			40	0	0	0	<none>	TYPE_PROPAGATION:entry-value	NO_BASE_TYPE	0	0	-	NOT_APPLICABLE	STACK_SLOT	NO_OWNER	[v163 @ stack_-98+40]
base has no type, from a call's result	Assembly-CSharp	GraphicController	RandomAnimation	<untyped>			20	0	0	0	Call	MISSING_METADATA:unresolved-call-result	NO_BASE_TYPE	0	0	-	NOT_APPLICABLE	CALL_RESULT	NO_OWNER	[v467 @ X0_v43+20]
base has no type, from a call's result	Assembly-CSharp	GraphicController	RandomAnimation	<untyped>			20	0	0	0	Call	MISSING_METADATA:unresolved-call-result	NO_BASE_TYPE	0	0	-	NOT_APPLICABLE	CALL_RESULT	NO_OWNER	[v467 @ X0_v43+20]
base has no type, from Move from an untyped base	Assembly-CSharp	GraphicController	RandomAnimation	<untyped>			E8	0	0	0	Move:memory	MISSING_METADATA:unresolved-call-result	NO_BASE_TYPE	0	0	-	NOT_APPLICABLE	LOADED_POINTER	NO_OWNER	[v238 @ X8_v18+E8]
base has no type, from Move from an untyped base	Assembly-CSharp	GraphicController	RandomAnimation	<untyped>			E8	0	0	0	Move:memory	MISSING_METADATA:unresolved-call-result	NO_BASE_TYPE	0	0	-	NOT_APPLICABLE	LOADED_POINTER	NO_OWNER	[v238 @ X8_v18+E8]
between fields of the base type	LeanPool	Lean.Pool.LeanGameObjectPool	DespawnAll	System.NullReferenceException	System.SystemException	TypeAnalysisContext	1C	88	16	0	Move:local List`1<Lean.Pool.LeanGameObjectPool+Delay>	MISSING_METADATA:inside-the-layout-between-fields	LAYOUT_KNOWN	16	88	INSIDE_NO_FIELD	CLASS_OBJECT_RELATIVE	UNKNOWN	SEARCH_EMPTY	[v170 @ X0_v4 (System.NullReferenceException)+1C]
base has no type, from Add of an untyped local and Immediate	Assembly-CSharp	Zitga.CsvTools.CsvReader	CountNumberRowElement	<untyped>			0	0	0	0	Add	ARRAY_ELEMENT:computed-element-address	NO_BASE_TYPE	0	0	-	NOT_APPLICABLE	UNKNOWN	NO_OWNER	[v83 @ X26_v5+v161 @ X23_v7 (System.Int32)*8]
base has no type, from no definition	Assembly-CSharp	GraphicController	SetDefaultAnimation	<untyped>			58	0	0	0	<none>	TYPE_PROPAGATION:entry-value	NO_BASE_TYPE	0	0	-	NOT_APPLICABLE	STACK_SLOT	NO_OWNER	[v141 @ stack_-A8+58]
base has no type, from no definition	Assembly-CSharp	GraphicController	SetDefaultAnimation	<untyped>			60	0	0	0	<none>	TYPE_PROPAGATION:entry-value	NO_BASE_TYPE	0	0	-	NOT_APPLICABLE	STACK_SLOT	NO_OWNER	[v141 @ stack_-A8+60]
base has no type, from no definition	Assembly-CSharp	GraphicController	SetDefaultAnimation	<untyped>			40	0	0	0	<none>	TYPE_PROPAGATION:entry-value	NO_BASE_TYPE	0	0	-	NOT_APPLICABLE	STACK_SLOT	NO_OWNER	[v141 @ stack_-A8+40]
base has no type, from a call's result	Assembly-CSharp	GraphicController	SetDefaultAnimation	<untyped>			20	0	0	0	Call	MISSING_METADATA:unresolved-call-result	NO_BASE_TYPE	0	0	-	NOT_APPLICABLE	CALL_RESULT	NO_OWNER	[v516 @ X0_v52+20]
base has no type, from a call's result	Assembly-CSharp	GraphicController	SetDefaultAnimation	<untyped>			20	0	0	0	Call	MISSING_METADATA:unresolved-call-result	NO_BASE_TYPE	0	0	-	NOT_APPLICABLE	CALL_RESULT	NO_OWNER	[v516 @ X0_v52+20]
base has no type, from Move from an untyped base	Assembly-CSharp	GraphicController	SetDefaultAnimation	<untyped>			E8	0	0	0	Move:memory	MISSING_METADATA:unresolved-call-result	NO_BASE_TYPE	0	0	-	NOT_APPLICABLE	LOADED_POINTER	NO_OWNER	[v183 @ X8_v20+E8]
base has no type, from Move from an untyped base	Assembly-CSharp	GraphicController	SetDefaultAnimation	<untyped>			E8	0	0	0	Move:memory	MISSING_METADATA:unresolved-call-result	NO_BASE_TYPE	0	0	-	NOT_APPLICABLE	LOADED_POINTER	NO_OWNER	[v183 @ X8_v20+E8]
array at 0x0, from a call's result	Assembly-CSharp	Zitga.CsvTools.CsvReader	ConvertSnakeCaseToCamelCase	System.String[]		SzArrayTypeAnalysisContext	0	0	0	0	Call	ARRAY_ELEMENT:array-typed-base	NO_INSTANCE_FIELDS	0	0	INSIDE_NO_FIELD	CLASS_OBJECT_RELATIVE	CALL_RESULT	NOT_A_FIELD_ACCESS	[v48 @ X0_v3 (System.String[])+v70 @ X23_v6 (System.Int32)*8]
array at 0x0, from a call's result	Assembly-CSharp	Zitga.CsvTools.CsvReader	ConvertSnakeCaseToCamelCase	System.String[]		SzArrayTypeAnalysisContext	0	0	0	0	Call	ARRAY_ELEMENT:array-typed-base	NO_INSTANCE_FIELDS	0	0	INSIDE_NO_FIELD	CLASS_OBJECT_RELATIVE	CALL_RESULT	NOT_A_FIELD_ACCESS	[v48 @ X0_v3 (System.String[])+v70 @ X23_v6 (System.Int32)*8]
array at 0x0, from a call's result	Assembly-CSharp	Zitga.CsvTools.CsvReader	ConvertSnakeCaseToCamelCase	System.String[]		SzArrayTypeAnalysisContext	0	0	0	0	Call	ARRAY_ELEMENT:array-typed-base	NO_INSTANCE_FIELDS	0	0	INSIDE_NO_FIELD	CLASS_OBJECT_RELATIVE	CALL_RESULT	NOT_A_FIELD_ACCESS	[v48 @ X0_v3 (System.String[])+v70 @ X23_v6 (System.Int32)*8]
past the last field of the base type	Mono.Security	Mono.Security.ASN1	GetBytes	System.Object		TypeAnalysisContext	18	0	0	0	IndirectCall	NO_KNOWN_LAYOUT:type-has-no-instance-fields	NO_INSTANCE_FIELDS	0	0	BEYOND_LAYOUT	CLASS_OBJECT_RELATIVE	CALL_RESULT	SEARCH_EMPTY	[v1259 @ X0_v93 (System.Object)+18]
past the last field of the base type	Mono.Security	Mono.Security.ASN1	GetBytes	System.Array	System.Object	TypeAnalysisContext	18	0	0	0	Move:field Byte[]	NO_KNOWN_LAYOUT:type-has-no-instance-fields	NO_INSTANCE_FIELDS	0	0	BEYOND_LAYOUT	CLASS_OBJECT_RELATIVE	UNKNOWN	SEARCH_EMPTY	[v270 @ X21_v13 (System.Array)+18]
past the last field of the base type	Mono.Security	Mono.Security.ASN1	GetBytes	System.Array	System.Object	TypeAnalysisContext	18	0	0	0	Move:field Byte[]	NO_KNOWN_LAYOUT:type-has-no-instance-fields	NO_INSTANCE_FIELDS	0	0	BEYOND_LAYOUT	CLASS_OBJECT_RELATIVE	UNKNOWN	SEARCH_EMPTY	[v270 @ X21_v13 (System.Array)+18]
past the last field of the base type	Mono.Security	Mono.Security.ASN1	GetBytes	System.Array	System.Object	TypeAnalysisContext	18	0	0	0	Move:field Byte[]	NO_KNOWN_LAYOUT:type-has-no-instance-fields	NO_INSTANCE_FIELDS	0	0	BEYOND_LAYOUT	CLASS_OBJECT_RELATIVE	UNKNOWN	SEARCH_EMPTY	[v270 @ X21_v13 (System.Array)+18]
past the last field of the base type	Mono.Security	Mono.Security.ASN1	GetBytes	System.Array	System.Object	TypeAnalysisContext	18	0	0	0	Move:field Byte[]	NO_KNOWN_LAYOUT:type-has-no-instance-fields	NO_INSTANCE_FIELDS	0	0	BEYOND_LAYOUT	CLASS_OBJECT_RELATIVE	UNKNOWN	SEARCH_EMPTY	[v270 @ X21_v13 (System.Array)+18]
past the last field of the base type	Mono.Security	Mono.Security.ASN1	GetBytes	System.Array	System.Object	TypeAnalysisContext	18	0	0	0	Move:field Byte[]	NO_KNOWN_LAYOUT:type-has-no-instance-fields	NO_INSTANCE_FIELDS	0	0	BEYOND_LAYOUT	CLASS_OBJECT_RELATIVE	UNKNOWN	SEARCH_EMPTY	[v270 @ X21_v13 (System.Array)+18]
past the last field of the base type	Mono.Security	Mono.Security.ASN1	GetBytes	System.Array	System.Object	TypeAnalysisContext	18	0	0	0	Move:field Byte[]	NO_KNOWN_LAYOUT:type-has-no-instance-fields	NO_INSTANCE_FIELDS	0	0	BEYOND_LAYOUT	CLASS_OBJECT_RELATIVE	UNKNOWN	SEARCH_EMPTY	[v270 @ X21_v13 (System.Array)+18]
Il2CppClass.0x2D0	Mono.Security	Mono.Security.ASN1	GetBytes	Il2CppClass<System.Collections.ArrayList>		RuntimeClassTypeAnalysisContext	2D0	0	0	0	Move:memory	RUNTIME_STRUCT:RuntimeClassTypeAnalysisContext	RUNTIME_STRUCT	0	0	-	NOT_APPLICABLE	RUNTIME_STRUCTURE	SEARCH_EMPTY	[v373 @ X8_v7 (Il2CppClass<System.Collections.ArrayList>)+2D0]
past the last field of the base type	Mono.Security	Mono.Security.ASN1	GetBytes	System.Array	System.Object	TypeAnalysisContext	18	0	0	0	IsInst:type Byte[]	NO_KNOWN_LAYOUT:type-has-no-instance-fields	NO_INSTANCE_FIELDS	0	0	BEYOND_LAYOUT	CLASS_OBJECT_RELATIVE	UNKNOWN	SEARCH_EMPTY	[v351 @ X0_v14 (System.Array)+18]
past the last field of the base type	Mono.Security	Mono.Security.ASN1	GetBytes	System.Array	System.Object	TypeAnalysisContext	18	0	0	0	IsInst:type Byte[]	NO_KNOWN_LAYOUT:type-has-no-instance-fields	NO_INSTANCE_FIELDS	0	0	BEYOND_LAYOUT	CLASS_OBJECT_RELATIVE	UNKNOWN	SEARCH_EMPTY	[v351 @ X0_v14 (System.Array)+18]
past the last field of the base type	Mono.Security	Mono.Security.ASN1	GetBytes	System.Array	System.Object	TypeAnalysisContext	18	0	0	0	IsInst:type Byte[]	NO_KNOWN_LAYOUT:type-has-no-instance-fields	NO_INSTANCE_FIELDS	0	0	BEYOND_LAYOUT	CLASS_OBJECT_RELATIVE	UNKNOWN	SEARCH_EMPTY	[v351 @ X0_v14 (System.Array)+18]
base has no type, from Add of an untyped local and an untyped local	DOTween	DG.Tweening.Plugins.Core.PathCore.Path	CloneIncremental	<untyped>			8	0	0	0	Add	UNKNOWN:add-of-FieldReference	NO_BASE_TYPE	0	0	-	NOT_APPLICABLE	UNKNOWN	NO_OWNER	[v454 @ X9_v6+8]
array at 0x20, from Move from the field Vector3[]	DOTween	DG.Tweening.Plugins.Core.PathCore.Path	CloneIncremental	UnityEngine.Vector3[]		SzArrayTypeAnalysisContext	20	0	0	0	Move:field Vector3[]	ARRAY_ELEMENT:array-typed-base	NO_INSTANCE_FIELDS	0	0	BEYOND_LAYOUT	CLASS_OBJECT_RELATIVE	INSTANCE_FIELD	SEARCH_EMPTY	[v82 @ X8_v5 (UnityEngine.Vector3[])+20]
base has no type, from Add of an untyped local and an untyped local	DOTween	DG.Tweening.Plugins.Core.PathCore.Path	CloneIncremental	<untyped>			8	0	0	0	Add	UNKNOWN:add-of-FieldReference	NO_BASE_TYPE	0	0	-	NOT_APPLICABLE	UNKNOWN	NO_OWNER	[v454 @ X9_v6+8]
array at 0x28, from Move from the field Vector3[]	DOTween	DG.Tweening.Plugins.Core.PathCore.Path	CloneIncremental	UnityEngine.Vector3[]		SzArrayTypeAnalysisContext	28	0	0	0	Move:field Vector3[]	ARRAY_ELEMENT:array-typed-base	NO_INSTANCE_FIELDS	0	0	BEYOND_LAYOUT	CLASS_OBJECT_RELATIVE	INSTANCE_FIELD	SEARCH_EMPTY	[v82 @ X8_v5 (UnityEngine.Vector3[])+28]
base has no type, from Add of the field Vector3[] and Int32	DOTween	DG.Tweening.Plugins.Core.PathCore.Path	CloneIncremental	<untyped>			8	0	0	0	Add	MISSING_METADATA:inside-the-layout-between-fields	NO_BASE_TYPE	0	0	-	NOT_APPLICABLE	UNKNOWN	NO_OWNER	[v509 @ X11_v17+8]
base has no type, from Add of the field ControlPoint[] and Int32	DOTween	DG.Tweening.Plugins.Core.PathCore.Path	CloneIncremental	<untyped>			8	0	0	0	Add	MISSING_METADATA:inside-the-layout-between-fields	NO_BASE_TYPE	0	0	-	NOT_APPLICABLE	UNKNOWN	NO_OWNER	[v555 @ X11_v14+8]
base has no type, from Add of the field ControlPoint[] and Int32	DOTween	DG.Tweening.Plugins.Core.PathCore.Path	CloneIncremental	<untyped>			10	0	0	0	Add	RESOLVABLE:field-at-this-exact-offset	NO_BASE_TYPE	0	0	-	NOT_APPLICABLE	UNKNOWN	NO_OWNER	[v555 @ X11_v14+10]
base has no type, from Add of the field Vector3[] and Int32	DOTween	DG.Tweening.Plugins.Core.PathCore.Path	CloneIncremental	<untyped>			8	0	0	0	Add	MISSING_METADATA:inside-the-layout-between-fields	NO_BASE_TYPE	0	0	-	NOT_APPLICABLE	UNKNOWN	NO_OWNER	[v609 @ X11_v11+8]
absolute address	DOTween	DG.Tweening.Plugins.Core.PathCore.Path	CloneIncremental	<untyped>			407E80	0	0	0	<none>	UNKNOWN:absolute-address	NO_BASE_TYPE	0	0	-	NOT_APPLICABLE	UNKNOWN	NO_OWNER	[407E80]
base has no type, from Add of Vector3[] and Int32	DOTween	DG.Tweening.Plugins.Core.PathCore.Path	AssignWaypoints	<untyped>			20	0	0	0	Add	ARRAY_ELEMENT:array-typed-base	NO_BASE_TYPE	0	0	-	NOT_APPLICABLE	UNKNOWN	NO_OWNER	[v233 @ X11_v7+20]
between fields of the base type	LeanPool	Lean.Pool.LeanGameObjectPool	Clean	System.NullReferenceException	System.SystemException	TypeAnalysisContext	1C	88	16	0	Move:local List`1<UnityEngine.GameObject>	MISSING_METADATA:inside-the-layout-between-fields	LAYOUT_KNOWN	16	88	INSIDE_NO_FIELD	CLASS_OBJECT_RELATIVE	UNKNOWN	SEARCH_EMPTY	[v92 @ X0_v3 (System.NullReferenceException)+1C]
base has no type, from Add of Vector3[] and Int32	DOTween	DG.Tweening.Plugins.Core.PathCore.Path	AssignWaypoints	<untyped>			28	0	0	0	Add	ARRAY_ELEMENT:array-typed-base	NO_BASE_TYPE	0	0	-	NOT_APPLICABLE	UNKNOWN	NO_OWNER	[v233 @ X11_v7+28]
Il2CppClass.0x290	Mono.Security	Mono.Security.ASN1	get_Item	Il2CppClass<System.Collections.ArrayList>		RuntimeClassTypeAnalysisContext	290	0	0	0	Move:memory	RUNTIME_STRUCT:RuntimeClassTypeAnalysisContext	RUNTIME_STRUCT	0	0	-	NOT_APPLICABLE	RUNTIME_STRUCTURE	SEARCH_EMPTY	[v39 @ X8_v4 (Il2CppClass<System.Collections.ArrayList>)+290]
Il2CppClass.0x2D0	Mono.Security	Mono.Security.ASN1	get_Item	Il2CppClass<System.Collections.ArrayList>		RuntimeClassTypeAnalysisContext	2D0	0	0	0	Move:memory	RUNTIME_STRUCT:RuntimeClassTypeAnalysisContext	RUNTIME_STRUCT	0	0	-	NOT_APPLICABLE	RUNTIME_STRUCTURE	SEARCH_EMPTY	[v121 @ X8_v10 (Il2CppClass<System.Collections.ArrayList>)+2D0]
array at 0x20, from Move from the field Vector3[]	DOTween	DG.Tweening.Plugins.Core.PathCore.Path	Draw	UnityEngine.Vector3[]		SzArrayTypeAnalysisContext	20	0	0	0	Move:field Vector3[]	ARRAY_ELEMENT:array-typed-base	NO_INSTANCE_FIELDS	0	0	BEYOND_LAYOUT	CLASS_OBJECT_RELATIVE	INSTANCE_FIELD	SEARCH_EMPTY	[v288 @ X8_v23 (UnityEngine.Vector3[])+20]
array at 0x24, from Move from the field Vector3[]	DOTween	DG.Tweening.Plugins.Core.PathCore.Path	Draw	UnityEngine.Vector3[]		SzArrayTypeAnalysisContext	24	0	0	0	Move:field Vector3[]	ARRAY_ELEMENT:array-typed-base	NO_INSTANCE_FIELDS	0	0	BEYOND_LAYOUT	CLASS_OBJECT_RELATIVE	INSTANCE_FIELD	SEARCH_EMPTY	[v288 @ X8_v23 (UnityEngine.Vector3[])+24]
array at 0x28, from Move from the field Vector3[]	DOTween	DG.Tweening.Plugins.Core.PathCore.Path	Draw	UnityEngine.Vector3[]		SzArrayTypeAnalysisContext	28	0	0	0	Move:field Vector3[]	ARRAY_ELEMENT:array-typed-base	NO_INSTANCE_FIELDS	0	0	BEYOND_LAYOUT	CLASS_OBJECT_RELATIVE	INSTANCE_FIELD	SEARCH_EMPTY	[v288 @ X8_v23 (UnityEngine.Vector3[])+28]
base has no type, from Add of Vector3[] and Int32	DOTween	DG.Tweening.Plugins.Core.PathCore.Path	Draw	<untyped>			2C	0	0	0	Add	ARRAY_ELEMENT:array-typed-base	NO_BASE_TYPE	0	0	-	NOT_APPLICABLE	UNKNOWN	NO_OWNER	[v785 @ X8_v26+2C]
base has no type, from Add of Vector3[] and Int32	DOTween	DG.Tweening.Plugins.Core.PathCore.Path	Draw	<untyped>			30	0	0	0	Add	ARRAY_ELEMENT:array-typed-base	NO_BASE_TYPE	0	0	-	NOT_APPLICABLE	UNKNOWN	NO_OWNER	[v785 @ X8_v26+30]
base has no type, from Add of Vector3[] and Int32	DOTween	DG.Tweening.Plugins.Core.PathCore.Path	Draw	<untyped>			34	0	0	0	Add	ARRAY_ELEMENT:array-typed-base	NO_BASE_TYPE	0	0	-	NOT_APPLICABLE	UNKNOWN	NO_OWNER	[v785 @ X8_v26+34]
array at 0x20, from Move from the field Vector3[]	DOTween	DG.Tweening.Plugins.Core.PathCore.Path	Draw	UnityEngine.Vector3[]		SzArrayTypeAnalysisContext	20	0	0	0	Move:field Vector3[]	ARRAY_ELEMENT:array-typed-base	NO_INSTANCE_FIELDS	0	0	BEYOND_LAYOUT	CLASS_OBJECT_RELATIVE	INSTANCE_FIELD	SEARCH_EMPTY	[v291 @ X8_v18 (UnityEngine.Vector3[])+20]
array at 0x24, from Move from the field Vector3[]	DOTween	DG.Tweening.Plugins.Core.PathCore.Path	Draw	UnityEngine.Vector3[]		SzArrayTypeAnalysisContext	24	0	0	0	Move:field Vector3[]	ARRAY_ELEMENT:array-typed-base	NO_INSTANCE_FIELDS	0	0	BEYOND_LAYOUT	CLASS_OBJECT_RELATIVE	INSTANCE_FIELD	SEARCH_EMPTY	[v291 @ X8_v18 (UnityEngine.Vector3[])+24]
array at 0x28, from Move from the field Vector3[]	DOTween	DG.Tweening.Plugins.Core.PathCore.Path	Draw	UnityEngine.Vector3[]		SzArrayTypeAnalysisContext	28	0	0	0	Move:field Vector3[]	ARRAY_ELEMENT:array-typed-base	NO_INSTANCE_FIELDS	0	0	BEYOND_LAYOUT	CLASS_OBJECT_RELATIVE	INSTANCE_FIELD	SEARCH_EMPTY	[v291 @ X8_v18 (UnityEngine.Vector3[])+28]
base has no type, from Add of the field Vector3[] and Int32	DOTween	DG.Tweening.Plugins.Core.PathCore.Path	Draw	<untyped>			4	0	0	0	Add	MISSING_METADATA:inside-the-layout-between-fields	NO_BASE_TYPE	0	0	-	NOT_APPLICABLE	UNKNOWN	NO_OWNER	[v699 @ X8_v21+4]
base has no type, from Add of the field Vector3[] and Int32	DOTween	DG.Tweening.Plugins.Core.PathCore.Path	Draw	<untyped>			8	0	0	0	Add	MISSING_METADATA:inside-the-layout-between-fields	NO_BASE_TYPE	0	0	-	NOT_APPLICABLE	UNKNOWN	NO_OWNER	[v699 @ X8_v21+8]
base has no type, from Add of the field Vector3[] and Int32	DOTween	DG.Tweening.Plugins.Core.PathCore.Path	Draw	<untyped>			4	0	0	0	Add	MISSING_METADATA:inside-the-layout-between-fields	NO_BASE_TYPE	0	0	-	NOT_APPLICABLE	UNKNOWN	NO_OWNER	[v748 @ X8_v16+4]
base has no type, from Add of the field Vector3[] and Int32	DOTween	DG.Tweening.Plugins.Core.PathCore.Path	Draw	<untyped>			8	0	0	0	Add	MISSING_METADATA:inside-the-layout-between-fields	NO_BASE_TYPE	0	0	-	NOT_APPLICABLE	UNKNOWN	NO_OWNER	[v748 @ X8_v16+8]
generic instance, value type argument	DOTween	DG.Tweening.CustomPlugins.PureQuaternionPlugin	SetFrom	DG.Tweening.Core.TweenerCore`3<UnityEngine.Quaternion, UnityEngine.Quaternion, DG.Tweening.Plugins.Options.NoOptions>		GenericInstanceTypeAnalysisContext	158	0	0	0	<none>	GENERIC_LAYOUT:instantiation	LAYOUT_PARTIAL	60	144	BEYOND_LAYOUT	CLASS_OBJECT_RELATIVE	PARAMETER	SEARCH_EMPTY	[t @ X1 (DG.Tweening.Core.TweenerCore`3<UnityEngine.Quaternion, UnityEngine.Quaternion, DG.Tweening.Plugins.Options.NoOptions>)+158]
generic instance, value type argument	DOTween	DG.Tweening.CustomPlugins.PureQuaternionPlugin	SetFrom	DG.Tweening.Core.TweenerCore`3<UnityEngine.Quaternion, UnityEngine.Quaternion, DG.Tweening.Plugins.Options.NoOptions>		GenericInstanceTypeAnalysisContext	138	0	0	0	<none>	GENERIC_LAYOUT:instantiation	LAYOUT_PARTIAL	60	144	INSIDE_NO_FIELD	CLASS_OBJECT_RELATIVE	PARAMETER	SEARCH_EMPTY	[t @ X1 (DG.Tweening.Core.TweenerCore`3<UnityEngine.Quaternion, UnityEngine.Quaternion, DG.Tweening.Plugins.Options.NoOptions>)+138]
generic instance, value type argument	DOTween	DG.Tweening.CustomPlugins.PureQuaternionPlugin	SetFrom	DG.Tweening.Core.TweenerCore`3<UnityEngine.Quaternion, UnityEngine.Quaternion, DG.Tweening.Plugins.Options.NoOptions>		GenericInstanceTypeAnalysisContext	13C	0	0	0	<none>	GENERIC_LAYOUT:instantiation	LAYOUT_PARTIAL	60	144	INSIDE_NO_FIELD	CLASS_OBJECT_RELATIVE	PARAMETER	SEARCH_EMPTY	[t @ X1 (DG.Tweening.Core.TweenerCore`3<UnityEngine.Quaternion, UnityEngine.Quaternion, DG.Tweening.Plugins.Options.NoOptions>)+13C]
generic instance, value type argument	DOTween	DG.Tweening.CustomPlugins.PureQuaternionPlugin	SetFrom	DG.Tweening.Core.TweenerCore`3<UnityEngine.Quaternion, UnityEngine.Quaternion, DG.Tweening.Plugins.Options.NoOptions>		GenericInstanceTypeAnalysisContext	140	0	0	0	<none>	GENERIC_LAYOUT:instantiation	LAYOUT_PARTIAL	60	144	INSIDE_NO_FIELD	CLASS_OBJECT_RELATIVE	PARAMETER	SEARCH_EMPTY	[t @ X1 (DG.Tweening.Core.TweenerCore`3<UnityEngine.Quaternion, UnityEngine.Quaternion, DG.Tweening.Plugins.Options.NoOptions>)+140]
generic instance, value type argument	DOTween	DG.Tweening.CustomPlugins.PureQuaternionPlugin	SetFrom	DG.Tweening.Core.TweenerCore`3<UnityEngine.Quaternion, UnityEngine.Quaternion, DG.Tweening.Plugins.Options.NoOptions>		GenericInstanceTypeAnalysisContext	140	0	0	0	<none>	GENERIC_LAYOUT:instantiation	LAYOUT_PARTIAL	60	144	INSIDE_NO_FIELD	CLASS_OBJECT_RELATIVE	PARAMETER	SEARCH_EMPTY	[t @ X1 (DG.Tweening.Core.TweenerCore`3<UnityEngine.Quaternion, UnityEngine.Quaternion, DG.Tweening.Plugins.Options.NoOptions>)+140]
generic instance, value type argument	DOTween	DG.Tweening.CustomPlugins.PureQuaternionPlugin	SetFrom	DG.Tweening.Core.TweenerCore`3<UnityEngine.Quaternion, UnityEngine.Quaternion, DG.Tweening.Plugins.Options.NoOptions>		GenericInstanceTypeAnalysisContext	138	0	0	0	<none>	GENERIC_LAYOUT:instantiation	LAYOUT_PARTIAL	60	144	INSIDE_NO_FIELD	CLASS_OBJECT_RELATIVE	PARAMETER	SEARCH_EMPTY	[t @ X1 (DG.Tweening.Core.TweenerCore`3<UnityEngine.Quaternion, UnityEngine.Quaternion, DG.Tweening.Plugins.Options.NoOptions>)+138]
generic instance, value type argument	DOTween	DG.Tweening.CustomPlugins.PureQuaternionPlugin	SetFrom	DG.Tweening.Core.TweenerCore`3<UnityEngine.Quaternion, UnityEngine.Quaternion, DG.Tweening.Plugins.Options.NoOptions>		GenericInstanceTypeAnalysisContext	140	0	0	0	<none>	GENERIC_LAYOUT:instantiation	LAYOUT_PARTIAL	60	144	INSIDE_NO_FIELD	CLASS_OBJECT_RELATIVE	PARAMETER	SEARCH_EMPTY	[t @ X1 (DG.Tweening.Core.TweenerCore`3<UnityEngine.Quaternion, UnityEngine.Quaternion, DG.Tweening.Plugins.Options.NoOptions>)+140]
generic instance, value type argument	DOTween	DG.Tweening.CustomPlugins.PureQuaternionPlugin	SetFrom	DG.Tweening.Core.TweenerCore`3<UnityEngine.Quaternion, UnityEngine.Quaternion, DG.Tweening.Plugins.Options.NoOptions>		GenericInstanceTypeAnalysisContext	13C	0	0	0	<none>	GENERIC_LAYOUT:instantiation	LAYOUT_PARTIAL	60	144	INSIDE_NO_FIELD	CLASS_OBJECT_RELATIVE	PARAMETER	SEARCH_EMPTY	[t @ X1 (DG.Tweening.Core.TweenerCore`3<UnityEngine.Quaternion, UnityEngine.Quaternion, DG.Tweening.Plugins.Options.NoOptions>)+13C]
generic instance, value type argument	DOTween	DG.Tweening.CustomPlugins.PureQuaternionPlugin	SetFrom	DG.Tweening.Core.TweenerCore`3<UnityEngine.Quaternion, UnityEngine.Quaternion, DG.Tweening.Plugins.Options.NoOptions>		GenericInstanceTypeAnalysisContext	138	0	0	0	<none>	GENERIC_LAYOUT:instantiation	LAYOUT_PARTIAL	60	144	INSIDE_NO_FIELD	CLASS_OBJECT_RELATIVE	PARAMETER	SEARCH_EMPTY	[t @ X1 (DG.Tweening.Core.TweenerCore`3<UnityEngine.Quaternion, UnityEngine.Quaternion, DG.Tweening.Plugins.Options.NoOptions>)+138]
generic instance, value type argument	DOTween	DG.Tweening.CustomPlugins.PureQuaternionPlugin	SetFrom	DG.Tweening.Core.TweenerCore`3<UnityEngine.Quaternion, UnityEngine.Quaternion, DG.Tweening.Plugins.Options.NoOptions>		GenericInstanceTypeAnalysisContext	13C	0	0	0	<none>	GENERIC_LAYOUT:instantiation	LAYOUT_PARTIAL	60	144	INSIDE_NO_FIELD	CLASS_OBJECT_RELATIVE	PARAMETER	SEARCH_EMPTY	[t @ X1 (DG.Tweening.Core.TweenerCore`3<UnityEngine.Quaternion, UnityEngine.Quaternion, DG.Tweening.Plugins.Options.NoOptions>)+13C]
generic instance, value type argument	DOTween	DG.Tweening.CustomPlugins.PureQuaternionPlugin	SetFrom	DG.Tweening.Core.TweenerCore`3<UnityEngine.Quaternion, UnityEngine.Quaternion, DG.Tweening.Plugins.Options.NoOptions>		GenericInstanceTypeAnalysisContext	140	0	0	0	<none>	GENERIC_LAYOUT:instantiation	LAYOUT_PARTIAL	60	144	INSIDE_NO_FIELD	CLASS_OBJECT_RELATIVE	PARAMETER	SEARCH_EMPTY	[t @ X1 (DG.Tweening.Core.TweenerCore`3<UnityEngine.Quaternion, UnityEngine.Quaternion, DG.Tweening.Plugins.Options.NoOptions>)+140]
generic instance, value type argument	DOTween	DG.Tweening.CustomPlugins.PureQuaternionPlugin	SetFrom	DG.Tweening.Core.TweenerCore`3<UnityEngine.Quaternion, UnityEngine.Quaternion, DG.Tweening.Plugins.Options.NoOptions>		GenericInstanceTypeAnalysisContext	140	0	0	0	<none>	GENERIC_LAYOUT:instantiation	LAYOUT_PARTIAL	60	144	INSIDE_NO_FIELD	CLASS_OBJECT_RELATIVE	PARAMETER	SEARCH_EMPTY	[t @ X1 (DG.Tweening.Core.TweenerCore`3<UnityEngine.Quaternion, UnityEngine.Quaternion, DG.Tweening.Plugins.Options.NoOptions>)+140]
generic instance, value type argument	DOTween	DG.Tweening.CustomPlugins.PureQuaternionPlugin	SetFrom	DG.Tweening.Core.TweenerCore`3<UnityEngine.Quaternion, UnityEngine.Quaternion, DG.Tweening.Plugins.Options.NoOptions>		GenericInstanceTypeAnalysisContext	13C	0	0	0	<none>	GENERIC_LAYOUT:instantiation	LAYOUT_PARTIAL	60	144	INSIDE_NO_FIELD	CLASS_OBJECT_RELATIVE	PARAMETER	SEARCH_EMPTY	[t @ X1 (DG.Tweening.Core.TweenerCore`3<UnityEngine.Quaternion, UnityEngine.Quaternion, DG.Tweening.Plugins.Options.NoOptions>)+13C]
generic instance, value type argument	DOTween	DG.Tweening.CustomPlugins.PureQuaternionPlugin	SetFrom	DG.Tweening.Core.TweenerCore`3<UnityEngine.Quaternion, UnityEngine.Quaternion, DG.Tweening.Plugins.Options.NoOptions>		GenericInstanceTypeAnalysisContext	138	0	0	0	<none>	GENERIC_LAYOUT:instantiation	LAYOUT_PARTIAL	60	144	INSIDE_NO_FIELD	CLASS_OBJECT_RELATIVE	PARAMETER	SEARCH_EMPTY	[t @ X1 (DG.Tweening.Core.TweenerCore`3<UnityEngine.Quaternion, UnityEngine.Quaternion, DG.Tweening.Plugins.Options.NoOptions>)+138]
generic instance, value type argument	DOTween	DG.Tweening.CustomPlugins.PureQuaternionPlugin	SetFrom	DG.Tweening.Core.TweenerCore`3<UnityEngine.Quaternion, UnityEngine.Quaternion, DG.Tweening.Plugins.Options.NoOptions>		GenericInstanceTypeAnalysisContext	138	0	0	0	<none>	GENERIC_LAYOUT:instantiation	LAYOUT_PARTIAL	60	144	INSIDE_NO_FIELD	CLASS_OBJECT_RELATIVE	PARAMETER	SEARCH_EMPTY	[t @ X1 (DG.Tweening.Core.TweenerCore`3<UnityEngine.Quaternion, UnityEngine.Quaternion, DG.Tweening.Plugins.Options.NoOptions>)+138]
generic instance, value type argument	DOTween	DG.Tweening.CustomPlugins.PureQuaternionPlugin	SetFrom	DG.Tweening.Core.TweenerCore`3<UnityEngine.Quaternion, UnityEngine.Quaternion, DG.Tweening.Plugins.Options.NoOptions>		GenericInstanceTypeAnalysisContext	13C	0	0	0	<none>	GENERIC_LAYOUT:instantiation	LAYOUT_PARTIAL	60	144	INSIDE_NO_FIELD	CLASS_OBJECT_RELATIVE	PARAMETER	SEARCH_EMPTY	[t @ X1 (DG.Tweening.Core.TweenerCore`3<UnityEngine.Quaternion, UnityEngine.Quaternion, DG.Tweening.Plugins.Options.NoOptions>)+13C]
base has no type, from Move from [TweenerCore`3<UnityEngine.Quaternion, UnityEngine.Quaternion, DG.Tweening.Plugins.Options.NoOptions> + 0x160]	DOTween	DG.Tweening.CustomPlugins.PureQuaternionPlugin	SetFrom	<untyped>			18	0	0	0	Move:memory	GENERIC_LAYOUT:instantiation	NO_BASE_TYPE	0	0	-	NOT_APPLICABLE	LOADED_POINTER	NO_OWNER	[v88 @ X8_v3+18]
base has no type, from Move from [TweenerCore`3<UnityEngine.Quaternion, UnityEngine.Quaternion, DG.Tweening.Plugins.Options.NoOptions> + 0x160]	DOTween	DG.Tweening.CustomPlugins.PureQuaternionPlugin	SetFrom	<untyped>			40	0	0	0	Move:memory	GENERIC_LAYOUT:instantiation	NO_BASE_TYPE	0	0	-	NOT_APPLICABLE	LOADED_POINTER	NO_OWNER	[v88 @ X8_v3+40]
base has no type, from Move from [TweenerCore`3<UnityEngine.Quaternion, UnityEngine.Quaternion, DG.Tweening.Plugins.Options.NoOptions> + 0x160]	DOTween	DG.Tweening.CustomPlugins.PureQuaternionPlugin	SetFrom	<untyped>			28	0	0	0	Move:memory	GENERIC_LAYOUT:instantiation	NO_BASE_TYPE	0	0	-	NOT_APPLICABLE	LOADED_POINTER	NO_OWNER	[v88 @ X8_v3+28]
generic instance, value type argument	DOTween	DG.Tweening.CustomPlugins.PureQuaternionPlugin	SetFrom	DG.Tweening.Core.TweenerCore`3<UnityEngine.Quaternion, UnityEngine.Quaternion, DG.Tweening.Plugins.Options.NoOptions>		GenericInstanceTypeAnalysisContext	160	0	0	0	<none>	GENERIC_LAYOUT:instantiation	LAYOUT_PARTIAL	60	144	BEYOND_LAYOUT	CLASS_OBJECT_RELATIVE	PARAMETER	SEARCH_EMPTY	[t @ X1 (DG.Tweening.Core.TweenerCore`3<UnityEngine.Quaternion, UnityEngine.Quaternion, DG.Tweening.Plugins.Options.NoOptions>)+160]
past the last field of the base type	Mono.Security	Mono.Security.BitConverterLE	GetUIntBytes	System.Byte*		PointerTypeAnalysisContext	1	0	0	0	<none>	NO_KNOWN_LAYOUT:type-has-no-instance-fields	NO_INSTANCE_FIELDS	0	0	BEYOND_LAYOUT	CLASS_OBJECT_RELATIVE	PARAMETER	SEARCH_EMPTY	[bytes @ X0 (System.Byte*)+1]
past the last field of the base type	Mono.Security	Mono.Security.BitConverterLE	GetUIntBytes	System.Byte*		PointerTypeAnalysisContext	2	0	0	0	<none>	NO_KNOWN_LAYOUT:type-has-no-instance-fields	NO_INSTANCE_FIELDS	0	0	BEYOND_LAYOUT	CLASS_OBJECT_RELATIVE	PARAMETER	SEARCH_EMPTY	[bytes @ X0 (System.Byte*)+2]
past the last field of the base type	Mono.Security	Mono.Security.BitConverterLE	GetUIntBytes	System.Byte*		PointerTypeAnalysisContext	3	0	0	0	<none>	NO_KNOWN_LAYOUT:type-has-no-instance-fields	NO_INSTANCE_FIELDS	0	0	BEYOND_LAYOUT	CLASS_OBJECT_RELATIVE	PARAMETER	SEARCH_EMPTY	[bytes @ X0 (System.Byte*)+3]
generic instance, value type argument	DOTween	DG.Tweening.CustomPlugins.PureQuaternionPlugin	SetFrom	DG.Tweening.Core.TweenerCore`3<UnityEngine.Quaternion, UnityEngine.Quaternion, DG.Tweening.Plugins.Options.NoOptions>		GenericInstanceTypeAnalysisContext	158	0	0	0	<none>	GENERIC_LAYOUT:instantiation	LAYOUT_PARTIAL	60	144	BEYOND_LAYOUT	CLASS_OBJECT_RELATIVE	PARAMETER	SEARCH_EMPTY	[t @ X1 (DG.Tweening.Core.TweenerCore`3<UnityEngine.Quaternion, UnityEngine.Quaternion, DG.Tweening.Plugins.Options.NoOptions>)+158]
generic instance, value type argument	DOTween	DG.Tweening.CustomPlugins.PureQuaternionPlugin	SetFrom	DG.Tweening.Core.TweenerCore`3<UnityEngine.Quaternion, UnityEngine.Quaternion, DG.Tweening.Plugins.Options.NoOptions>		GenericInstanceTypeAnalysisContext	140	0	0	0	<none>	GENERIC_LAYOUT:instantiation	LAYOUT_PARTIAL	60	144	INSIDE_NO_FIELD	CLASS_OBJECT_RELATIVE	PARAMETER	SEARCH_EMPTY	[t @ X1 (DG.Tweening.Core.TweenerCore`3<UnityEngine.Quaternion, UnityEngine.Quaternion, DG.Tweening.Plugins.Options.NoOptions>)+140]
generic instance, value type argument	DOTween	DG.Tweening.CustomPlugins.PureQuaternionPlugin	SetFrom	DG.Tweening.Core.TweenerCore`3<UnityEngine.Quaternion, UnityEngine.Quaternion, DG.Tweening.Plugins.Options.NoOptions>		GenericInstanceTypeAnalysisContext	13C	0	0	0	<none>	GENERIC_LAYOUT:instantiation	LAYOUT_PARTIAL	60	144	INSIDE_NO_FIELD	CLASS_OBJECT_RELATIVE	PARAMETER	SEARCH_EMPTY	[t @ X1 (DG.Tweening.Core.TweenerCore`3<UnityEngine.Quaternion, UnityEngine.Quaternion, DG.Tweening.Plugins.Options.NoOptions>)+13C]
generic instance, value type argument	DOTween	DG.Tweening.CustomPlugins.PureQuaternionPlugin	SetFrom	DG.Tweening.Core.TweenerCore`3<UnityEngine.Quaternion, UnityEngine.Quaternion, DG.Tweening.Plugins.Options.NoOptions>		GenericInstanceTypeAnalysisContext	138	0	0	0	<none>	GENERIC_LAYOUT:instantiation	LAYOUT_PARTIAL	60	144	INSIDE_NO_FIELD	CLASS_OBJECT_RELATIVE	PARAMETER	SEARCH_EMPTY	[t @ X1 (DG.Tweening.Core.TweenerCore`3<UnityEngine.Quaternion, UnityEngine.Quaternion, DG.Tweening.Plugins.Options.NoOptions>)+138]
generic instance, value type argument	DOTween	DG.Tweening.CustomPlugins.PureQuaternionPlugin	SetFrom	DG.Tweening.Core.TweenerCore`3<UnityEngine.Quaternion, UnityEngine.Quaternion, DG.Tweening.Plugins.Options.NoOptions>		GenericInstanceTypeAnalysisContext	138	0	0	0	<none>	GENERIC_LAYOUT:instantiation	LAYOUT_PARTIAL	60	144	INSIDE_NO_FIELD	CLASS_OBJECT_RELATIVE	PARAMETER	SEARCH_EMPTY	[t @ X1 (DG.Tweening.Core.TweenerCore`3<UnityEngine.Quaternion, UnityEngine.Quaternion, DG.Tweening.Plugins.Options.NoOptions>)+138]
generic instance, value type argument	DOTween	DG.Tweening.CustomPlugins.PureQuaternionPlugin	SetFrom	DG.Tweening.Core.TweenerCore`3<UnityEngine.Quaternion, UnityEngine.Quaternion, DG.Tweening.Plugins.Options.NoOptions>		GenericInstanceTypeAnalysisContext	140	0	0	0	<none>	GENERIC_LAYOUT:instantiation	LAYOUT_PARTIAL	60	144	INSIDE_NO_FIELD	CLASS_OBJECT_RELATIVE	PARAMETER	SEARCH_EMPTY	[t @ X1 (DG.Tweening.Core.TweenerCore`3<UnityEngine.Quaternion, UnityEngine.Quaternion, DG.Tweening.Plugins.Options.NoOptions>)+140]
generic instance, value type argument	DOTween	DG.Tweening.CustomPlugins.PureQuaternionPlugin	SetFrom	DG.Tweening.Core.TweenerCore`3<UnityEngine.Quaternion, UnityEngine.Quaternion, DG.Tweening.Plugins.Options.NoOptions>		GenericInstanceTypeAnalysisContext	13C	0	0	0	<none>	GENERIC_LAYOUT:instantiation	LAYOUT_PARTIAL	60	144	INSIDE_NO_FIELD	CLASS_OBJECT_RELATIVE	PARAMETER	SEARCH_EMPTY	[t @ X1 (DG.Tweening.Core.TweenerCore`3<UnityEngine.Quaternion, UnityEngine.Quaternion, DG.Tweening.Plugins.Options.NoOptions>)+13C]
generic instance, value type argument	DOTween	DG.Tweening.CustomPlugins.PureQuaternionPlugin	SetFrom	DG.Tweening.Core.TweenerCore`3<UnityEngine.Quaternion, UnityEngine.Quaternion, DG.Tweening.Plugins.Options.NoOptions>		GenericInstanceTypeAnalysisContext	138	0	0	0	<none>	GENERIC_LAYOUT:instantiation	LAYOUT_PARTIAL	60	144	INSIDE_NO_FIELD	CLASS_OBJECT_RELATIVE	PARAMETER	SEARCH_EMPTY	[t @ X1 (DG.Tweening.Core.TweenerCore`3<UnityEngine.Quaternion, UnityEngine.Quaternion, DG.Tweening.Plugins.Options.NoOptions>)+138]
generic instance, value type argument	DOTween	DG.Tweening.CustomPlugins.PureQuaternionPlugin	SetFrom	DG.Tweening.Core.TweenerCore`3<UnityEngine.Quaternion, UnityEngine.Quaternion, DG.Tweening.Plugins.Options.NoOptions>		GenericInstanceTypeAnalysisContext	138	0	0	0	<none>	GENERIC_LAYOUT:instantiation	LAYOUT_PARTIAL	60	144	INSIDE_NO_FIELD	CLASS_OBJECT_RELATIVE	PARAMETER	SEARCH_EMPTY	[t @ X1 (DG.Tweening.Core.TweenerCore`3<UnityEngine.Quaternion, UnityEngine.Quaternion, DG.Tweening.Plugins.Options.NoOptions>)+138]
generic instance, value type argument	DOTween	DG.Tweening.CustomPlugins.PureQuaternionPlugin	SetFrom	DG.Tweening.Core.TweenerCore`3<UnityEngine.Quaternion, UnityEngine.Quaternion, DG.Tweening.Plugins.Options.NoOptions>		GenericInstanceTypeAnalysisContext	13C	0	0	0	<none>	GENERIC_LAYOUT:instantiation	LAYOUT_PARTIAL	60	144	INSIDE_NO_FIELD	CLASS_OBJECT_RELATIVE	PARAMETER	SEARCH_EMPTY	[t @ X1 (DG.Tweening.Core.TweenerCore`3<UnityEngine.Quaternion, UnityEngine.Quaternion, DG.Tweening.Plugins.Options.NoOptions>)+13C]
generic instance, value type argument	DOTween	DG.Tweening.CustomPlugins.PureQuaternionPlugin	SetFrom	DG.Tweening.Core.TweenerCore`3<UnityEngine.Quaternion, UnityEngine.Quaternion, DG.Tweening.Plugins.Options.NoOptions>		GenericInstanceTypeAnalysisContext	140	0	0	0	<none>	GENERIC_LAYOUT:instantiation	LAYOUT_PARTIAL	60	144	INSIDE_NO_FIELD	CLASS_OBJECT_RELATIVE	PARAMETER	SEARCH_EMPTY	[t @ X1 (DG.Tweening.Core.TweenerCore`3<UnityEngine.Quaternion, UnityEngine.Quaternion, DG.Tweening.Plugins.Options.NoOptions>)+140]
generic instance, value type argument	DOTween	DG.Tweening.CustomPlugins.PureQuaternionPlugin	SetFrom	DG.Tweening.Core.TweenerCore`3<UnityEngine.Quaternion, UnityEngine.Quaternion, DG.Tweening.Plugins.Options.NoOptions>		GenericInstanceTypeAnalysisContext	140	0	0	0	<none>	GENERIC_LAYOUT:instantiation	LAYOUT_PARTIAL	60	144	INSIDE_NO_FIELD	CLASS_OBJECT_RELATIVE	PARAMETER	SEARCH_EMPTY	[t @ X1 (DG.Tweening.Core.TweenerCore`3<UnityEngine.Quaternion, UnityEngine.Quaternion, DG.Tweening.Plugins.Options.NoOptions>)+140]
generic instance, value type argument	DOTween	DG.Tweening.CustomPlugins.PureQuaternionPlugin	SetFrom	DG.Tweening.Core.TweenerCore`3<UnityEngine.Quaternion, UnityEngine.Quaternion, DG.Tweening.Plugins.Options.NoOptions>		GenericInstanceTypeAnalysisContext	13C	0	0	0	<none>	GENERIC_LAYOUT:instantiation	LAYOUT_PARTIAL	60	144	INSIDE_NO_FIELD	CLASS_OBJECT_RELATIVE	PARAMETER	SEARCH_EMPTY	[t @ X1 (DG.Tweening.Core.TweenerCore`3<UnityEngine.Quaternion, UnityEngine.Quaternion, DG.Tweening.Plugins.Options.NoOptions>)+13C]
generic instance, value type argument	DOTween	DG.Tweening.CustomPlugins.PureQuaternionPlugin	SetFrom	DG.Tweening.Core.TweenerCore`3<UnityEngine.Quaternion, UnityEngine.Quaternion, DG.Tweening.Plugins.Options.NoOptions>		GenericInstanceTypeAnalysisContext	160	0	0	0	<none>	GENERIC_LAYOUT:instantiation	LAYOUT_PARTIAL	60	144	BEYOND_LAYOUT	CLASS_OBJECT_RELATIVE	PARAMETER	SEARCH_EMPTY	[t @ X1 (DG.Tweening.Core.TweenerCore`3<UnityEngine.Quaternion, UnityEngine.Quaternion, DG.Tweening.Plugins.Options.NoOptions>)+160]
base has no type, from Move from [TweenerCore`3<UnityEngine.Quaternion, UnityEngine.Quaternion, DG.Tweening.Plugins.Options.NoOptions> + 0x160]	DOTween	DG.Tweening.CustomPlugins.PureQuaternionPlugin	SetFrom	<untyped>			18	0	0	0	Move:memory	GENERIC_LAYOUT:instantiation	NO_BASE_TYPE	0	0	-	NOT_APPLICABLE	LOADED_POINTER	NO_OWNER	[v99 @ X8_v3+18]
base has no type, from Move from [TweenerCore`3<UnityEngine.Quaternion, UnityEngine.Quaternion, DG.Tweening.Plugins.Options.NoOptions> + 0x160]	DOTween	DG.Tweening.CustomPlugins.PureQuaternionPlugin	SetFrom	<untyped>			40	0	0	0	Move:memory	GENERIC_LAYOUT:instantiation	NO_BASE_TYPE	0	0	-	NOT_APPLICABLE	LOADED_POINTER	NO_OWNER	[v99 @ X8_v3+40]
base has no type, from Move from [TweenerCore`3<UnityEngine.Quaternion, UnityEngine.Quaternion, DG.Tweening.Plugins.Options.NoOptions> + 0x160]	DOTween	DG.Tweening.CustomPlugins.PureQuaternionPlugin	SetFrom	<untyped>			28	0	0	0	Move:memory	GENERIC_LAYOUT:instantiation	NO_BASE_TYPE	0	0	-	NOT_APPLICABLE	LOADED_POINTER	NO_OWNER	[v99 @ X8_v3+28]
Il2CppClass.cctor_finished	LeanPool	Lean.Pool.LeanGameObjectPool	DoInstantiate	Il2CppClass<UnityEngine.Object>		RuntimeClassTypeAnalysisContext	E0	0	0	0	Move:type Object	RUNTIME_STRUCT:RuntimeClassTypeAnalysisContext	RUNTIME_STRUCT	0	0	-	NOT_APPLICABLE	RUNTIME_STRUCTURE	SEARCH_EMPTY	[v75 @ X0_v2 (Il2CppClass<UnityEngine.Object>)+E0]
generic instance, value type argument	DOTween	DG.Tweening.CustomPlugins.PureQuaternionPlugin	SetRelativeEndValue	DG.Tweening.Core.TweenerCore`3<UnityEngine.Quaternion, UnityEngine.Quaternion, DG.Tweening.Plugins.Options.NoOptions>		GenericInstanceTypeAnalysisContext	140	0	0	0	<none>	GENERIC_LAYOUT:instantiation	LAYOUT_PARTIAL	60	144	INSIDE_NO_FIELD	CLASS_OBJECT_RELATIVE	PARAMETER	SEARCH_EMPTY	[t @ X1 (DG.Tweening.Core.TweenerCore`3<UnityEngine.Quaternion, UnityEngine.Quaternion, DG.Tweening.Plugins.Options.NoOptions>)+140]
generic instance, value type argument	DOTween	DG.Tweening.CustomPlugins.PureQuaternionPlugin	SetRelativeEndValue	DG.Tweening.Core.TweenerCore`3<UnityEngine.Quaternion, UnityEngine.Quaternion, DG.Tweening.Plugins.Options.NoOptions>		GenericInstanceTypeAnalysisContext	130	0	0	0	<none>	GENERIC_LAYOUT:instantiation	LAYOUT_PARTIAL	60	144	INSIDE_NO_FIELD	CLASS_OBJECT_RELATIVE	PARAMETER	SEARCH_EMPTY	[t @ X1 (DG.Tweening.Core.TweenerCore`3<UnityEngine.Quaternion, UnityEngine.Quaternion, DG.Tweening.Plugins.Options.NoOptions>)+130]
generic instance, value type argument	DOTween	DG.Tweening.CustomPlugins.PureQuaternionPlugin	SetRelativeEndValue	DG.Tweening.Core.TweenerCore`3<UnityEngine.Quaternion, UnityEngine.Quaternion, DG.Tweening.Plugins.Options.NoOptions>		GenericInstanceTypeAnalysisContext	138	0	0	0	<none>	GENERIC_LAYOUT:instantiation	LAYOUT_PARTIAL	60	144	INSIDE_NO_FIELD	CLASS_OBJECT_RELATIVE	PARAMETER	SEARCH_EMPTY	[t @ X1 (DG.Tweening.Core.TweenerCore`3<UnityEngine.Quaternion, UnityEngine.Quaternion, DG.Tweening.Plugins.Options.NoOptions>)+138]
generic instance, value type argument	DOTween	DG.Tweening.CustomPlugins.PureQuaternionPlugin	SetRelativeEndValue	DG.Tweening.Core.TweenerCore`3<UnityEngine.Quaternion, UnityEngine.Quaternion, DG.Tweening.Plugins.Options.NoOptions>		GenericInstanceTypeAnalysisContext	12C	0	0	0	<none>	GENERIC_LAYOUT:instantiation	LAYOUT_PARTIAL	60	144	INSIDE_NO_FIELD	CLASS_OBJECT_RELATIVE	PARAMETER	SEARCH_EMPTY	[t @ X1 (DG.Tweening.Core.TweenerCore`3<UnityEngine.Quaternion, UnityEngine.Quaternion, DG.Tweening.Plugins.Options.NoOptions>)+12C]
generic instance, value type argument	DOTween	DG.Tweening.CustomPlugins.PureQuaternionPlugin	SetRelativeEndValue	DG.Tweening.Core.TweenerCore`3<UnityEngine.Quaternion, UnityEngine.Quaternion, DG.Tweening.Plugins.Options.NoOptions>		GenericInstanceTypeAnalysisContext	13C	0	0	0	<none>	GENERIC_LAYOUT:instantiation	LAYOUT_PARTIAL	60	144	INSIDE_NO_FIELD	CLASS_OBJECT_RELATIVE	PARAMETER	SEARCH_EMPTY	[t @ X1 (DG.Tweening.Core.TweenerCore`3<UnityEngine.Quaternion, UnityEngine.Quaternion, DG.Tweening.Plugins.Options.NoOptions>)+13C]
generic instance, value type argument	DOTween	DG.Tweening.CustomPlugins.PureQuaternionPlugin	SetRelativeEndValue	DG.Tweening.Core.TweenerCore`3<UnityEngine.Quaternion, UnityEngine.Quaternion, DG.Tweening.Plugins.Options.NoOptions>		GenericInstanceTypeAnalysisContext	128	0	0	0	<none>	GENERIC_LAYOUT:instantiation	LAYOUT_PARTIAL	60	144	INSIDE_NO_FIELD	CLASS_OBJECT_RELATIVE	PARAMETER	SEARCH_EMPTY	[t @ X1 (DG.Tweening.Core.TweenerCore`3<UnityEngine.Quaternion, UnityEngine.Quaternion, DG.Tweening.Plugins.Options.NoOptions>)+128]
generic instance, value type argument	DOTween	DG.Tweening.CustomPlugins.PureQuaternionPlugin	SetRelativeEndValue	DG.Tweening.Core.TweenerCore`3<UnityEngine.Quaternion, UnityEngine.Quaternion, DG.Tweening.Plugins.Options.NoOptions>		GenericInstanceTypeAnalysisContext	140	0	0	0	<none>	GENERIC_LAYOUT:instantiation	LAYOUT_PARTIAL	60	144	INSIDE_NO_FIELD	CLASS_OBJECT_RELATIVE	PARAMETER	SEARCH_EMPTY	[t @ X1 (DG.Tweening.Core.TweenerCore`3<UnityEngine.Quaternion, UnityEngine.Quaternion, DG.Tweening.Plugins.Options.NoOptions>)+140]
generic instance, value type argument	DOTween	DG.Tweening.CustomPlugins.PureQuaternionPlugin	SetRelativeEndValue	DG.Tweening.Core.TweenerCore`3<UnityEngine.Quaternion, UnityEngine.Quaternion, DG.Tweening.Plugins.Options.NoOptions>		GenericInstanceTypeAnalysisContext	128	0	0	0	<none>	GENERIC_LAYOUT:instantiation	LAYOUT_PARTIAL	60	144	INSIDE_NO_FIELD	CLASS_OBJECT_RELATIVE	PARAMETER	SEARCH_EMPTY	[t @ X1 (DG.Tweening.Core.TweenerCore`3<UnityEngine.Quaternion, UnityEngine.Quaternion, DG.Tweening.Plugins.Options.NoOptions>)+128]
generic instance, value type argument	DOTween	DG.Tweening.CustomPlugins.PureQuaternionPlugin	SetRelativeEndValue	DG.Tweening.Core.TweenerCore`3<UnityEngine.Quaternion, UnityEngine.Quaternion, DG.Tweening.Plugins.Options.NoOptions>		GenericInstanceTypeAnalysisContext	138	0	0	0	<none>	GENERIC_LAYOUT:instantiation	LAYOUT_PARTIAL	60	144	INSIDE_NO_FIELD	CLASS_OBJECT_RELATIVE	PARAMETER	SEARCH_EMPTY	[t @ X1 (DG.Tweening.Core.TweenerCore`3<UnityEngine.Quaternion, UnityEngine.Quaternion, DG.Tweening.Plugins.Options.NoOptions>)+138]
generic instance, value type argument	DOTween	DG.Tweening.CustomPlugins.PureQuaternionPlugin	SetRelativeEndValue	DG.Tweening.Core.TweenerCore`3<UnityEngine.Quaternion, UnityEngine.Quaternion, DG.Tweening.Plugins.Options.NoOptions>		GenericInstanceTypeAnalysisContext	130	0	0	0	<none>	GENERIC_LAYOUT:instantiation	LAYOUT_PARTIAL	60	144	INSIDE_NO_FIELD	CLASS_OBJECT_RELATIVE	PARAMETER	SEARCH_EMPTY	[t @ X1 (DG.Tweening.Core.TweenerCore`3<UnityEngine.Quaternion, UnityEngine.Quaternion, DG.Tweening.Plugins.Options.NoOptions>)+130]
generic instance, value type argument	DOTween	DG.Tweening.CustomPlugins.PureQuaternionPlugin	SetRelativeEndValue	DG.Tweening.Core.TweenerCore`3<UnityEngine.Quaternion, UnityEngine.Quaternion, DG.Tweening.Plugins.Options.NoOptions>		GenericInstanceTypeAnalysisContext	13C	0	0	0	<none>	GENERIC_LAYOUT:instantiation	LAYOUT_PARTIAL	60	144	INSIDE_NO_FIELD	CLASS_OBJECT_RELATIVE	PARAMETER	SEARCH_EMPTY	[t @ X1 (DG.Tweening.Core.TweenerCore`3<UnityEngine.Quaternion, UnityEngine.Quaternion, DG.Tweening.Plugins.Options.NoOptions>)+13C]
generic instance, value type argument	DOTween	DG.Tweening.CustomPlugins.PureQuaternionPlugin	SetRelativeEndValue	DG.Tweening.Core.TweenerCore`3<UnityEngine.Quaternion, UnityEngine.Quaternion, DG.Tweening.Plugins.Options.NoOptions>		GenericInstanceTypeAnalysisContext	12C	0	0	0	<none>	GENERIC_LAYOUT:instantiation	LAYOUT_PARTIAL	60	144	INSIDE_NO_FIELD	CLASS_OBJECT_RELATIVE	PARAMETER	SEARCH_EMPTY	[t @ X1 (DG.Tweening.Core.TweenerCore`3<UnityEngine.Quaternion, UnityEngine.Quaternion, DG.Tweening.Plugins.Options.NoOptions>)+12C]
generic instance, value type argument	DOTween	DG.Tweening.CustomPlugins.PureQuaternionPlugin	SetRelativeEndValue	DG.Tweening.Core.TweenerCore`3<UnityEngine.Quaternion, UnityEngine.Quaternion, DG.Tweening.Plugins.Options.NoOptions>		GenericInstanceTypeAnalysisContext	128	0	0	0	<none>	GENERIC_LAYOUT:instantiation	LAYOUT_PARTIAL	60	144	INSIDE_NO_FIELD	CLASS_OBJECT_RELATIVE	PARAMETER	SEARCH_EMPTY	[t @ X1 (DG.Tweening.Core.TweenerCore`3<UnityEngine.Quaternion, UnityEngine.Quaternion, DG.Tweening.Plugins.Options.NoOptions>)+128]
generic instance, value type argument	DOTween	DG.Tweening.CustomPlugins.PureQuaternionPlugin	SetRelativeEndValue	DG.Tweening.Core.TweenerCore`3<UnityEngine.Quaternion, UnityEngine.Quaternion, DG.Tweening.Plugins.Options.NoOptions>		GenericInstanceTypeAnalysisContext	138	0	0	0	<none>	GENERIC_LAYOUT:instantiation	LAYOUT_PARTIAL	60	144	INSIDE_NO_FIELD	CLASS_OBJECT_RELATIVE	PARAMETER	SEARCH_EMPTY	[t @ X1 (DG.Tweening.Core.TweenerCore`3<UnityEngine.Quaternion, UnityEngine.Quaternion, DG.Tweening.Plugins.Options.NoOptions>)+138]
generic instance, value type argument	DOTween	DG.Tweening.CustomPlugins.PureQuaternionPlugin	SetRelativeEndValue	DG.Tweening.Core.TweenerCore`3<UnityEngine.Quaternion, UnityEngine.Quaternion, DG.Tweening.Plugins.Options.NoOptions>		GenericInstanceTypeAnalysisContext	138	0	0	0	<none>	GENERIC_LAYOUT:instantiation	LAYOUT_PARTIAL	60	144	INSIDE_NO_FIELD	CLASS_OBJECT_RELATIVE	PARAMETER	SEARCH_EMPTY	[t @ X1 (DG.Tweening.Core.TweenerCore`3<UnityEngine.Quaternion, UnityEngine.Quaternion, DG.Tweening.Plugins.Options.NoOptions>)+138]
generic instance, value type argument	DOTween	DG.Tweening.CustomPlugins.PureQuaternionPlugin	SetRelativeEndValue	DG.Tweening.Core.TweenerCore`3<UnityEngine.Quaternion, UnityEngine.Quaternion, DG.Tweening.Plugins.Options.NoOptions>		GenericInstanceTypeAnalysisContext	128	0	0	0	<none>	GENERIC_LAYOUT:instantiation	LAYOUT_PARTIAL	60	144	INSIDE_NO_FIELD	CLASS_OBJECT_RELATIVE	PARAMETER	SEARCH_EMPTY	[t @ X1 (DG.Tweening.Core.TweenerCore`3<UnityEngine.Quaternion, UnityEngine.Quaternion, DG.Tweening.Plugins.Options.NoOptions>)+128]
generic instance, value type argument	DOTween	DG.Tweening.CustomPlugins.PureQuaternionPlugin	SetRelativeEndValue	DG.Tweening.Core.TweenerCore`3<UnityEngine.Quaternion, UnityEngine.Quaternion, DG.Tweening.Plugins.Options.NoOptions>		GenericInstanceTypeAnalysisContext	140	0	0	0	<none>	GENERIC_LAYOUT:instantiation	LAYOUT_PARTIAL	60	144	INSIDE_NO_FIELD	CLASS_OBJECT_RELATIVE	PARAMETER	SEARCH_EMPTY	[t @ X1 (DG.Tweening.Core.TweenerCore`3<UnityEngine.Quaternion, UnityEngine.Quaternion, DG.Tweening.Plugins.Options.NoOptions>)+140]
generic instance, value type argument	DOTween	DG.Tweening.CustomPlugins.PureQuaternionPlugin	SetRelativeEndValue	DG.Tweening.Core.TweenerCore`3<UnityEngine.Quaternion, UnityEngine.Quaternion, DG.Tweening.Plugins.Options.NoOptions>		GenericInstanceTypeAnalysisContext	12C	0	0	0	<none>	GENERIC_LAYOUT:instantiation	LAYOUT_PARTIAL	60	144	INSIDE_NO_FIELD	CLASS_OBJECT_RELATIVE	PARAMETER	SEARCH_EMPTY	[t @ X1 (DG.Tweening.Core.TweenerCore`3<UnityEngine.Quaternion, UnityEngine.Quaternion, DG.Tweening.Plugins.Options.NoOptions>)+12C]
generic instance, value type argument	DOTween	DG.Tweening.CustomPlugins.PureQuaternionPlugin	SetRelativeEndValue	DG.Tweening.Core.TweenerCore`3<UnityEngine.Quaternion, UnityEngine.Quaternion, DG.Tweening.Plugins.Options.NoOptions>		GenericInstanceTypeAnalysisContext	140	0	0	0	<none>	GENERIC_LAYOUT:instantiation	LAYOUT_PARTIAL	60	144	INSIDE_NO_FIELD	CLASS_OBJECT_RELATIVE	PARAMETER	SEARCH_EMPTY	[t @ X1 (DG.Tweening.Core.TweenerCore`3<UnityEngine.Quaternion, UnityEngine.Quaternion, DG.Tweening.Plugins.Options.NoOptions>)+140]
generic instance, value type argument	DOTween	DG.Tweening.CustomPlugins.PureQuaternionPlugin	SetRelativeEndValue	DG.Tweening.Core.TweenerCore`3<UnityEngine.Quaternion, UnityEngine.Quaternion, DG.Tweening.Plugins.Options.NoOptions>		GenericInstanceTypeAnalysisContext	130	0	0	0	<none>	GENERIC_LAYOUT:instantiation	LAYOUT_PARTIAL	60	144	INSIDE_NO_FIELD	CLASS_OBJECT_RELATIVE	PARAMETER	SEARCH_EMPTY	[t @ X1 (DG.Tweening.Core.TweenerCore`3<UnityEngine.Quaternion, UnityEngine.Quaternion, DG.Tweening.Plugins.Options.NoOptions>)+130]
generic instance, value type argument	DOTween	DG.Tweening.CustomPlugins.PureQuaternionPlugin	SetRelativeEndValue	DG.Tweening.Core.TweenerCore`3<UnityEngine.Quaternion, UnityEngine.Quaternion, DG.Tweening.Plugins.Options.NoOptions>		GenericInstanceTypeAnalysisContext	13C	0	0	0	<none>	GENERIC_LAYOUT:instantiation	LAYOUT_PARTIAL	60	144	INSIDE_NO_FIELD	CLASS_OBJECT_RELATIVE	PARAMETER	SEARCH_EMPTY	[t @ X1 (DG.Tweening.Core.TweenerCore`3<UnityEngine.Quaternion, UnityEngine.Quaternion, DG.Tweening.Plugins.Options.NoOptions>)+13C]
generic instance, value type argument	DOTween	DG.Tweening.CustomPlugins.PureQuaternionPlugin	SetRelativeEndValue	DG.Tweening.Core.TweenerCore`3<UnityEngine.Quaternion, UnityEngine.Quaternion, DG.Tweening.Plugins.Options.NoOptions>		GenericInstanceTypeAnalysisContext	130	0	0	0	<none>	GENERIC_LAYOUT:instantiation	LAYOUT_PARTIAL	60	144	INSIDE_NO_FIELD	CLASS_OBJECT_RELATIVE	PARAMETER	SEARCH_EMPTY	[t @ X1 (DG.Tweening.Core.TweenerCore`3<UnityEngine.Quaternion, UnityEngine.Quaternion, DG.Tweening.Plugins.Options.NoOptions>)+130]
generic instance, value type argument	DOTween	DG.Tweening.CustomPlugins.PureQuaternionPlugin	SetRelativeEndValue	DG.Tweening.Core.TweenerCore`3<UnityEngine.Quaternion, UnityEngine.Quaternion, DG.Tweening.Plugins.Options.NoOptions>		GenericInstanceTypeAnalysisContext	13C	0	0	0	<none>	GENERIC_LAYOUT:instantiation	LAYOUT_PARTIAL	60	144	INSIDE_NO_FIELD	CLASS_OBJECT_RELATIVE	PARAMETER	SEARCH_EMPTY	[t @ X1 (DG.Tweening.Core.TweenerCore`3<UnityEngine.Quaternion, UnityEngine.Quaternion, DG.Tweening.Plugins.Options.NoOptions>)+13C]
generic instance, value type argument	DOTween	DG.Tweening.CustomPlugins.PureQuaternionPlugin	SetRelativeEndValue	DG.Tweening.Core.TweenerCore`3<UnityEngine.Quaternion, UnityEngine.Quaternion, DG.Tweening.Plugins.Options.NoOptions>		GenericInstanceTypeAnalysisContext	12C	0	0	0	<none>	GENERIC_LAYOUT:instantiation	LAYOUT_PARTIAL	60	144	INSIDE_NO_FIELD	CLASS_OBJECT_RELATIVE	PARAMETER	SEARCH_EMPTY	[t @ X1 (DG.Tweening.Core.TweenerCore`3<UnityEngine.Quaternion, UnityEngine.Quaternion, DG.Tweening.Plugins.Options.NoOptions>)+12C]
value type base	LeanPool	Lean.Pool.LeanGameObjectPool	InvokeOnSpawn	System.Int32	System.ValueType	TypeAnalysisContext	0	0	1	0	Add	MISSING_METADATA:inside-the-layout-between-fields	LAYOUT_KNOWN	1	10	NESTED:m_value	VALUE_RELATIVE	UNKNOWN	NOT_A_FIELD_ACCESS	[v59 @ X9_v2 (System.Int32)+v43 @ X8_v4 (System.Int32)]
value type base	LeanPool	Lean.Pool.LeanGameObjectPool	InvokeOnDespawn	System.Int32	System.ValueType	TypeAnalysisContext	0	0	1	0	Add	MISSING_METADATA:inside-the-layout-between-fields	LAYOUT_KNOWN	1	10	NESTED:m_value	VALUE_RELATIVE	UNKNOWN	NOT_A_FIELD_ACCESS	[v59 @ X9_v2 (System.Int32)+v43 @ X8_v4 (System.Int32)]
generic instance, reference arguments	LeanPool	Lean.Pool.LeanGameObjectPool	MergeSpawnedClonesToList	System.Collections.Generic.IEnumerable`1<System.Object>		GenericInstanceTypeAnalysisContext	20	0	0	0	Move:field HashSet`1<UnityEngine.GameObject>	GENERIC_LAYOUT:instantiation	NO_INSTANCE_FIELDS	0	0	BEYOND_LAYOUT	CLASS_OBJECT_RELATIVE	INSTANCE_FIELD	SEARCH_EMPTY	[v35 @ X1_v1 (System.Collections.Generic.IEnumerable`1<System.Object>)+20]
Il2CppClass.cctor_finished	DOTween	DG.Tweening.Core.Debugger	Log	Il2CppClass<DG.Tweening.DOTween>		RuntimeClassTypeAnalysisContext	E0	0	0	0	Move:type DOTween	RUNTIME_STRUCT:RuntimeClassTypeAnalysisContext	RUNTIME_STRUCT	0	0	-	NOT_APPLICABLE	RUNTIME_STRUCTURE	SEARCH_EMPTY	[v71 @ X8_v5 (Il2CppClass<DG.Tweening.DOTween>)+E0]
between fields of the base type	LeanPool	Lean.Pool.LeanGameObjectPool	OnAfterDeserialize	System.NullReferenceException	System.SystemException	TypeAnalysisContext	1C	88	16	0	Move:local List`1<UnityEngine.GameObject>	MISSING_METADATA:inside-the-layout-between-fields	LAYOUT_KNOWN	16	88	INSIDE_NO_FIELD	CLASS_OBJECT_RELATIVE	UNKNOWN	SEARCH_EMPTY	[v80 @ X0_v3 (System.NullReferenceException)+1C]
Il2CppClass.cctor_finished	DOTween	DG.Tweening.Core.Debugger	LogWarning	Il2CppClass<DG.Tweening.DOTween>		RuntimeClassTypeAnalysisContext	E0	0	0	0	Move:type DOTween	RUNTIME_STRUCT:RuntimeClassTypeAnalysisContext	RUNTIME_STRUCT	0	0	-	NOT_APPLICABLE	RUNTIME_STRUCTURE	SEARCH_EMPTY	[v112 @ X0_v6 (Il2CppClass<DG.Tweening.DOTween>)+E0]
Il2CppClass.cctor_finished	DOTween	DG.Tweening.Core.Debugger	LogError	Il2CppClass<DG.Tweening.DOTween>		RuntimeClassTypeAnalysisContext	E0	0	0	0	Move:type DOTween	RUNTIME_STRUCT:RuntimeClassTypeAnalysisContext	RUNTIME_STRUCT	0	0	-	NOT_APPLICABLE	RUNTIME_STRUCTURE	SEARCH_EMPTY	[v112 @ X0_v6 (Il2CppClass<DG.Tweening.DOTween>)+E0]
static field storage at 0xC	LeanPool	Lean.Pool.LeanPool	Spawn	UnityEngine.Quaternion	System.ValueType	TypeAnalysisContext	C	C	4	0	Move:memory	RUNTIME_STRUCT:StaticFieldStorageTypeAnalysisContext	LAYOUT_KNOWN	4	1C	NESTED:w	VALUE_RELATIVE	STATIC_FIELD	SEARCH_EMPTY	[v298 @ X8_v16 (Il2CppStaticFields<UnityEngine.Quaternion>)+C]
static field storage at 0x8	LeanPool	Lean.Pool.LeanPool	Spawn	UnityEngine.Quaternion	System.ValueType	TypeAnalysisContext	8	C	4	0	Move:memory	RUNTIME_STRUCT:StaticFieldStorageTypeAnalysisContext	LAYOUT_KNOWN	4	1C	NESTED:z	VALUE_RELATIVE	STATIC_FIELD	SEARCH_EMPTY	[v298 @ X8_v16 (Il2CppStaticFields<UnityEngine.Quaternion>)+8]
static field storage at 0x4	LeanPool	Lean.Pool.LeanPool	Spawn	UnityEngine.Quaternion	System.ValueType	TypeAnalysisContext	4	C	4	0	Move:memory	RUNTIME_STRUCT:StaticFieldStorageTypeAnalysisContext	LAYOUT_KNOWN	4	1C	NESTED:y	VALUE_RELATIVE	STATIC_FIELD	SEARCH_EMPTY	[v298 @ X8_v16 (Il2CppStaticFields<UnityEngine.Quaternion>)+4]
base has no type, from Move from [Il2CppClass<Lean.Pool.LeanPool> + 0x0]	LeanPool	Lean.Pool.LeanPool	DespawnAll	<untyped>			B8	0	0	0	Move:memory	RUNTIME_STRUCT:RuntimeClassTypeAnalysisContext	NO_BASE_TYPE	0	0	-	NOT_APPLICABLE	LOADED_POINTER	NO_OWNER	[v180 @ X0_v23+B8]
past the last field of the base type	spine-unity	Spine.SkeletonJson	ReadAnimation	System.String	System.Object	TypeAnalysisContext	18	14	2	0	<none>	PAST_LAST_FIELD:class	LAYOUT_KNOWN	2	14	BEYOND_LAYOUT	CLASS_OBJECT_RELATIVE	STACK_SLOT	SEARCH_EMPTY	[v5340 @ stack_-E8 (System.String)+18]
past the last field of the base type	spine-unity	Spine.SkeletonJson	ReadAnimation	System.String	System.Object	TypeAnalysisContext	18	14	2	0	<none>	PAST_LAST_FIELD:class	LAYOUT_KNOWN	2	14	BEYOND_LAYOUT	CLASS_OBJECT_RELATIVE	STACK_SLOT	SEARCH_EMPTY	[v5340 @ stack_-E8 (System.String)+18]
past the last field of the base type	spine-unity	Spine.SkeletonJson	ReadAnimation	System.String	System.Object	TypeAnalysisContext	18	14	2	0	<none>	PAST_LAST_FIELD:class	LAYOUT_KNOWN	2	14	BEYOND_LAYOUT	CLASS_OBJECT_RELATIVE	STACK_SLOT	SEARCH_EMPTY	[v5340 @ stack_-E8 (System.String)+18]
past the last field of the base type	spine-unity	Spine.SkeletonJson	ReadAnimation	System.String	System.Object	TypeAnalysisContext	18	14	2	0	<none>	PAST_LAST_FIELD:class	LAYOUT_KNOWN	2	14	BEYOND_LAYOUT	CLASS_OBJECT_RELATIVE	STACK_SLOT	SEARCH_EMPTY	[v5340 @ stack_-E8 (System.String)+18]
past the last field of the base type	spine-unity	Spine.SkeletonJson	ReadAnimation	System.String	System.Object	TypeAnalysisContext	18	14	2	0	<none>	PAST_LAST_FIELD:class	LAYOUT_KNOWN	2	14	BEYOND_LAYOUT	CLASS_OBJECT_RELATIVE	STACK_SLOT	SEARCH_EMPTY	[v5340 @ stack_-E8 (System.String)+18]
past the last field of the base type	spine-unity	Spine.SkeletonJson	ReadAnimation	System.String	System.Object	TypeAnalysisContext	18	14	2	0	<none>	PAST_LAST_FIELD:class	LAYOUT_KNOWN	2	14	BEYOND_LAYOUT	CLASS_OBJECT_RELATIVE	STACK_SLOT	SEARCH_EMPTY	[v5340 @ stack_-E8 (System.String)+18]
past the last field of the base type	spine-unity	Spine.SkeletonJson	ReadAnimation	System.String	System.Object	TypeAnalysisContext	18	14	2	0	<none>	PAST_LAST_FIELD:class	LAYOUT_KNOWN	2	14	BEYOND_LAYOUT	CLASS_OBJECT_RELATIVE	STACK_SLOT	SEARCH_EMPTY	[v5340 @ stack_-E8 (System.String)+18]
base has no type, from no definition	spine-unity	Spine.SkeletonJson	ReadAnimation	<untyped>			18	0	0	0	<none>	TYPE_PROPAGATION:entry-value	NO_BASE_TYPE	0	0	-	NOT_APPLICABLE	STACK_SLOT	NO_OWNER	[v2358 @ stack_-B8+18]
base has no type, from no definition	spine-unity	Spine.SkeletonJson	ReadAnimation	<untyped>			18	0	0	0	<none>	TYPE_PROPAGATION:entry-value	NO_BASE_TYPE	0	0	-	NOT_APPLICABLE	STACK_SLOT	NO_OWNER	[v2358 @ stack_-B8+18]
Il2CppClass.typeHierarchyDepth	spine-unity	Spine.SkeletonJson	ReadAnimation	Il2CppClass<System.String>		RuntimeClassTypeAnalysisContext	130	0	0	0	Move:memory	RUNTIME_STRUCT:RuntimeClassTypeAnalysisContext	RUNTIME_STRUCT	0	0	-	NOT_APPLICABLE	RUNTIME_STRUCTURE	SEARCH_EMPTY	[v10861 @ X8_v367 (Il2CppClass<System.String>)+130]
value type base	spine-unity	Spine.SkeletonJson	ReadAnimation	System.Int32	System.ValueType	TypeAnalysisContext	130	0	1	0	Move:memory	PAST_LAST_FIELD:value-type	LAYOUT_KNOWN	1	10	BEYOND_LAYOUT	NEITHER	LOADED_POINTER	SEARCH_EMPTY	[v7079 @ X1_v193 (System.Int32)+130]
value type base	spine-unity	Spine.SkeletonJson	ReadAnimation	System.Int32	System.ValueType	TypeAnalysisContext	130	0	1	0	Move:memory	PAST_LAST_FIELD:value-type	LAYOUT_KNOWN	1	10	BEYOND_LAYOUT	NEITHER	LOADED_POINTER	SEARCH_EMPTY	[v7079 @ X1_v193 (System.Int32)+130]
Il2CppClass.typeHierarchy	spine-unity	Spine.SkeletonJson	ReadAnimation	Il2CppClass<System.String>		RuntimeClassTypeAnalysisContext	C8	0	0	0	Move:memory	RUNTIME_STRUCT:RuntimeClassTypeAnalysisContext	RUNTIME_STRUCT	0	0	-	NOT_APPLICABLE	RUNTIME_STRUCTURE	SEARCH_EMPTY	[v10861 @ X8_v367 (Il2CppClass<System.String>)+C8]
base has no type, from Add of [Il2CppClass<System.String> + 0xC8] and Int32	spine-unity	Spine.SkeletonJson	ReadAnimation	<untyped>			FFFFFFFFFFFFFFF8	0	0	0	Add	MISSING_METADATA:inside-the-layout-between-fields	NO_BASE_TYPE	0	0	-	NOT_APPLICABLE	UNKNOWN	NO_OWNER	[v10992 @ X8_v370-8]
past the last field of the base type	spine-unity	Spine.SkeletonJson	ReadAnimation	System.String	System.Object	TypeAnalysisContext	18	14	2	0	<none>	PAST_LAST_FIELD:class	LAYOUT_KNOWN	2	14	BEYOND_LAYOUT	CLASS_OBJECT_RELATIVE	STACK_SLOT	SEARCH_EMPTY	[v5340 @ stack_-E8 (System.String)+18]
past the last field of the base type	spine-unity	Spine.SkeletonJson	ReadAnimation	System.String	System.Object	TypeAnalysisContext	18	14	2	0	<none>	PAST_LAST_FIELD:class	LAYOUT_KNOWN	2	14	BEYOND_LAYOUT	CLASS_OBJECT_RELATIVE	STACK_SLOT	SEARCH_EMPTY	[v5340 @ stack_-E8 (System.String)+18]
past the last field of the base type	spine-unity	Spine.SkeletonJson	ReadAnimation	System.String	System.Object	TypeAnalysisContext	18	14	2	0	<none>	PAST_LAST_FIELD:class	LAYOUT_KNOWN	2	14	BEYOND_LAYOUT	CLASS_OBJECT_RELATIVE	STACK_SLOT	SEARCH_EMPTY	[v5340 @ stack_-E8 (System.String)+18]
past the last field of the base type	spine-unity	Spine.SkeletonJson	ReadAnimation	Spine.Attachment	System.Object	TypeAnalysisContext	28	10	1	0	Call	PAST_LAST_FIELD:class	LAYOUT_KNOWN	1	10	BEYOND_LAYOUT	CLASS_OBJECT_RELATIVE	CALL_RESULT	SEARCH_EMPTY	[v11455 @ X0_v229 (Spine.Attachment)+28]
past the last field of the base type	spine-unity	Spine.SkeletonJson	ReadAnimation	Spine.Attachment	System.Object	TypeAnalysisContext	20	10	1	0	Call	PAST_LAST_FIELD:class	LAYOUT_KNOWN	1	10	BEYOND_LAYOUT	CLASS_OBJECT_RELATIVE	CALL_RESULT	SEARCH_EMPTY	[v11455 @ X0_v229 (Spine.Attachment)+20]
past the last field of the base type	spine-unity	Spine.SkeletonJson	ReadAnimation	Spine.Attachment	System.Object	TypeAnalysisContext	28	10	1	0	Call	PAST_LAST_FIELD:class	LAYOUT_KNOWN	1	10	BEYOND_LAYOUT	CLASS_OBJECT_RELATIVE	CALL_RESULT	SEARCH_EMPTY	[v11455 @ X0_v229 (Spine.Attachment)+28]
past the last field of the base type	spine-unity	Spine.SkeletonJson	ReadAnimation	Spine.Attachment	System.Object	TypeAnalysisContext	28	10	1	0	Call	PAST_LAST_FIELD:class	LAYOUT_KNOWN	1	10	BEYOND_LAYOUT	CLASS_OBJECT_RELATIVE	CALL_RESULT	SEARCH_EMPTY	[v11455 @ X0_v229 (Spine.Attachment)+28]
base has no type, from no definition	spine-unity	Spine.SkeletonJson	ReadAnimation	<untyped>			18	0	0	0	<none>	TYPE_PROPAGATION:entry-value	NO_BASE_TYPE	0	0	-	NOT_APPLICABLE	STACK_SLOT	NO_OWNER	[v11453 @ stack_-138+18]
past the last field of the base type	spine-unity	Spine.SkeletonJson	ReadAnimation	Spine.Attachment	System.Object	TypeAnalysisContext	20	10	1	0	Call	PAST_LAST_FIELD:class	LAYOUT_KNOWN	1	10	BEYOND_LAYOUT	CLASS_OBJECT_RELATIVE	CALL_RESULT	SEARCH_EMPTY	[v11455 @ X0_v229 (Spine.Attachment)+20]
past the last field of the base type	spine-unity	Spine.SkeletonJson	ReadAnimation	Spine.Attachment	System.Object	TypeAnalysisContext	28	10	1	0	Call	PAST_LAST_FIELD:class	LAYOUT_KNOWN	1	10	BEYOND_LAYOUT	CLASS_OBJECT_RELATIVE	CALL_RESULT	SEARCH_EMPTY	[v11455 @ X0_v229 (Spine.Attachment)+28]
past the last field of the base type	spine-unity	Spine.SkeletonJson	ReadAnimation	Spine.Attachment	System.Object	TypeAnalysisContext	20	10	1	0	Call	PAST_LAST_FIELD:class	LAYOUT_KNOWN	1	10	BEYOND_LAYOUT	CLASS_OBJECT_RELATIVE	CALL_RESULT	SEARCH_EMPTY	[v11455 @ X0_v229 (Spine.Attachment)+20]
past the last field of the base type	spine-unity	Spine.SkeletonJson	ReadAnimation	Spine.Attachment	System.Object	TypeAnalysisContext	28	10	1	0	Call	PAST_LAST_FIELD:class	LAYOUT_KNOWN	1	10	BEYOND_LAYOUT	CLASS_OBJECT_RELATIVE	CALL_RESULT	SEARCH_EMPTY	[v11455 @ X0_v229 (Spine.Attachment)+28]
Il2CppClass.typeHierarchyDepth	spine-unity	Spine.SkeletonJson	ReadAnimation	Il2CppClass<System.Collections.Generic.List`1<System.Object>>		RuntimeClassTypeAnalysisContext	130	0	0	0	Move:type List`1<System.Object>	RUNTIME_STRUCT:RuntimeClassTypeAnalysisContext	RUNTIME_STRUCT	0	0	-	NOT_APPLICABLE	RUNTIME_STRUCTURE	SEARCH_EMPTY	[v7658 @ X1_v54 (Il2CppClass<System.Collections.Generic.List`1<System.Object>>)+130]
value type base	spine-unity	Spine.SkeletonJson	ReadAnimation	System.Int32	System.ValueType	TypeAnalysisContext	C8	0	1	0	Move:field Int32	PAST_LAST_FIELD:value-type	LAYOUT_KNOWN	1	10	BEYOND_LAYOUT	NEITHER	INSTANCE_FIELD	SEARCH_EMPTY	[v7657 @ X8_v85 (System.Int32)+C8]
base has no type, from Add of [Int32 + 0xC8] and Int32	spine-unity	Spine.SkeletonJson	ReadAnimation	<untyped>			FFFFFFFFFFFFFFF8	0	0	0	Add	MISSING_METADATA:inside-the-layout-between-fields	NO_BASE_TYPE	0	0	-	NOT_APPLICABLE	UNKNOWN	NO_OWNER	[v8300 @ X8_v87-8]
value type base	spine-unity	Spine.SkeletonJson	ReadAnimation	System.Int32	System.ValueType	TypeAnalysisContext	18	0	1	0	Call	PAST_LAST_FIELD:value-type	LAYOUT_KNOWN	1	10	BEYOND_LAYOUT	NEITHER	CALL_RESULT	SEARCH_EMPTY	[v753 @ X0_v100 (System.Int32)+18]
base has no type, from a call's result	spine-unity	Spine.SkeletonJson	ReadAnimation	<untyped>			18	0	0	0	Call	MISSING_METADATA:unresolved-call-result	NO_BASE_TYPE	0	0	-	NOT_APPLICABLE	CALL_RESULT	NO_OWNER	[v757 @ X0_v51+18]
base has no type, from a call's result	spine-unity	Spine.SkeletonJson	GetFloatArray	<untyped>			18	0	0	0	Call	MISSING_METADATA:unresolved-call-result	NO_BASE_TYPE	0	0	-	NOT_APPLICABLE	CALL_RESULT	NO_OWNER	[v58 @ X0_v12+18]
base has no type, from a call's result	spine-unity	Spine.SkeletonJson	GetFloatArray	<untyped>			18	0	0	0	Call	MISSING_METADATA:unresolved-call-result	NO_BASE_TYPE	0	0	-	NOT_APPLICABLE	CALL_RESULT	NO_OWNER	[v58 @ X0_v12+18]
base has no type, from a call's result	spine-unity	Spine.SkeletonJson	GetFloatArray	<untyped>			18	0	0	0	Call	MISSING_METADATA:unresolved-call-result	NO_BASE_TYPE	0	0	-	NOT_APPLICABLE	CALL_RESULT	NO_OWNER	[v58 @ X0_v12+18]
base has no type, from a call's result	spine-unity	Spine.SkeletonJson	GetFloatArray	<untyped>			18	0	0	0	Call	MISSING_METADATA:unresolved-call-result	NO_BASE_TYPE	0	0	-	NOT_APPLICABLE	CALL_RESULT	NO_OWNER	[v58 @ X0_v12+18]
base has no type, from a call's result	spine-unity	Spine.SkeletonJson	GetFloatArray	<untyped>			18	0	0	0	Call	MISSING_METADATA:unresolved-call-result	NO_BASE_TYPE	0	0	-	NOT_APPLICABLE	CALL_RESULT	NO_OWNER	[v58 @ X0_v12+18]
base has no type, from a call's result	spine-unity	Spine.SkeletonJson	GetIntArray	<untyped>			18	0	0	0	Call	MISSING_METADATA:unresolved-call-result	NO_BASE_TYPE	0	0	-	NOT_APPLICABLE	CALL_RESULT	NO_OWNER	[v59 @ X0_v12+18]
base has no type, from a call's result	spine-unity	Spine.SkeletonJson	GetIntArray	<untyped>			18	0	0	0	Call	MISSING_METADATA:unresolved-call-result	NO_BASE_TYPE	0	0	-	NOT_APPLICABLE	CALL_RESULT	NO_OWNER	[v59 @ X0_v12+18]
base has no type, from a call's result	spine-unity	Spine.SkeletonJson	GetIntArray	<untyped>			18	0	0	0	Call	MISSING_METADATA:unresolved-call-result	NO_BASE_TYPE	0	0	-	NOT_APPLICABLE	CALL_RESULT	NO_OWNER	[v59 @ X0_v12+18]
