System : System Tester
System : System Version: Unix 6.18.44.33
System : Operating System: Linux x64
System : AssetRipper Version: 1.3.14.0
System : AssetRipper Build Type: Release Compiled
System : UTC Current Time: Fri Sep 18 10:22:32 UTC 2026
System : UTC Compile Time: Unknown

General : Configuration Settings:
General : ExportRootPath: /home/user/AssetRipper/Source/0Bins/AssetRipper.Tools.SystemTester/Release/Ripped
General : ScriptContentLevel: Level3
General : StreamingAssetsMode: Extract
General : DefaultVersion: 0.0.0a0
General : TargetVersion: 0.0.0a0
General : EmitIl2CppOffsets: True
General : ReconstructNativeBodies: True
General : Il2CppStructDbPath: /home/user/AssetRipper/StructDb
General : EnablePrefabOutlining: False
General : EnableStaticMeshSeparation: True
General : EnableAssetDeduplication: False
General : BundledAssetsExportMode: DirectExport
General : AudioExportFormat: Default
General : ImageExportFormat: Png
General : LightmapTextureExportFormat: Yaml
General : ScriptExportMode: Decompiled
General : ScriptLanguageVersion: AutoSafe
General : ShaderExportMode: Dummy
General : SpriteExportMode: Yaml
General : TextExportMode: Parse
General : ExportUnreadableAssets: False
General : PreferOriginalTextureExtension: True
General : ClearExportDirectory: True
Import : Attempting to read files from Test/Input/MergeRoom
Import : Android game structure has been found at 'Test/Input/MergeRoom'
Import : Collecting game files...
Import : Asset bundle 'data.unity3d' has been found
Import : Files use the 'IL2Cpp' scripting backend.
Import : Il2Cpp recovery installed: offset attributes on, body reconstruction on, struct database /home/user/AssetRipper/StructDb.
Import : During Il2Cpp initialization, found Unity version: 2022.3.62f2
Cpp2IL : Initializing Metadata...
Cpp2IL : Using actual IL2CPP Metadata version 31.1
Cpp2IL : Initialized Metadata in 257ms
Cpp2IL : Using binary type ELF (from LibCpp2IL)
Cpp2IL : Searching Binary for Required Data...
Cpp2IL : Got Binary codereg: 0x37FD758, metareg: 0x3929688 in 188ms.
Cpp2IL : Initializing Binary...
Cpp2IL : Initialized Binary in 154ms
Cpp2IL : Mapping pointers to Il2CppMethodDefinitions...
Cpp2IL : Processed 83496 OK (126ms)
Cpp2IL : Creating application model...
Cpp2IL : Application model created in 1839.1801ms
Import : IL2CPP struct database: 370 Unity versions indexed from /home/user/AssetRipper/StructDb
Import : IL2CPP struct database: applied 9 measured Il2CppClass and 4 MethodInfo offsets for Unity 2022.3.62f2 (64-bit).
Import : IL2CPP struct database loaded: Unity 2022.3.62f2, 64-bit, sizeof(Il2CppClass) = 312
Import : Il2Cpp recovery: Unity 2022.3.62f2, metadata v31.1, 64-bit, instruction set Arm64InstructionSetSelector.
Import : Il2Cpp recovery: 29 assemblies will be attempted, 68 framework assemblies will be stubbed. Attempted: AlmostEngine, AlmostEngine.Shared, Assembly-CSharp, Assembly-CSharp-firstpass, Cinemachine, Coffee.UIParticle, DELTation.ToonShader, DOTween, EasySave3, Lofelt.NiceVibrations, Mono.Security, MoreMountains.Feedbacks, MoreMountains.Feedbacks.Cinemachine, MoreMountains.Feedbacks.MMTools, MoreMountains.Feedbacks.NiceVibrations, MoreMountains.Feedbacks.PostProcessing, MoreMountains.Feedbacks.TextMeshPro, MoreMountains.Feedbacks.URP, MoreMountains.Tools, Newtonsoft.Json, Sirenix.OdinInspector.Attributes, Sirenix.OdinInspector.CompatibilityLayer, Sirenix.Serialization, Sirenix.Serialization.AOTGenerated, Sirenix.Serialization.Config, Sirenix.Utilities, Tayx.Graphy, UniTask, __Generated
Import : Il2Cpp field layout self-check: of 4181 non-generic types with measured offsets, 3947 reproduced exactly, 234 laid out too few fields, 0 disagreed.
Import : Il2Cpp value-type layout self-check: of 1372 non-generic structs with measured offsets, 1196 reproduce at metadata+header, 0 at metadata itself, 29 at neither, 147 could not be laid out.
Import : Il2Cpp recovery: 30 il2cpp runtime helpers located, 5 not.
Import : Il2Cpp recovery: helpers located: il2cpp_codegen_initialize_runtime_metadata=0x179CE50, il2cpp_codegen_initialize_runtime_metadata_inline=0x179CE64, il2cpp_runtime_class_init_export=0x17D0EA0, il2cpp_runtime_class_init_actual=0x17E4724, il2cpp_codegen_runtime_class_init=0x179CF84, il2cpp_object_new=0x17D0E54, il2cpp_vm_object_new=0x1801CF4, il2cpp_codegen_object_new=0x179D098, il2cpp_array_new_specific=0x17D0534, il2cpp_vm_array_new_specific=0x1801604, SzArrayNew=0x179CEF4, il2cpp_type_get_object=0x17D0F2C, il2cpp_vm_reflection_get_type_object=0x1803890, il2cpp_resolve_icall=0x17D0518, InternalCalls_Resolve=0x181AFE4, il2cpp_string_new=0x17D0EB8, il2cpp_vm_string_new=0x17FE980, il2cpp_string_new_wrapper=0x17D0EBC, il2cpp_vm_string_newWrapper=0x17FE980, il2cpp_codegen_string_new_wrapper=0x17D0EB8, il2cpp_value_box=0x17D0E78, il2cpp_vm_object_box=0x1801C3C, il2cpp_object_unbox=0x17D0E74, il2cpp_vm_object_unbox=0x1802160, il2cpp_raise_exception=0x17D0AA8, il2cpp_vm_exception_raise=0x18199BC, il2cpp_class_is_assignable_from=0x17D0568, il2cpp_vm_class_is_assignable_from=0x17EDB90, il2cpp_vm_object_is_inst=0x1801F10, il2cpp_codegen_object_is_inst=0x179CF88
Import : Il2Cpp recovery: helpers not located: il2cpp_codegen_initialize_method, il2cpp_vm_metadatacache_initializemethodmetadata, il2cpp_codegen_raise_exception, il2cpp_codegen_write_barrier, AddrPInvokeLookup
Import : Il2Cpp recovery: sampled 200 methods from the game's assemblies — 200 lifted to ISIL, 0 produced none, 0 over the 30000 byte analysis cap, 0 threw.
Import : Native source injection: reconstructed 17705 method bodies.
Cpp2IL : Finding key function addresses...
Cpp2IL : Key function addresses found in 0.0035ms
Import : Il2Cpp method body recovery attempted 18089 methods; 0 failed to convert. Framework assemblies are stubbed by design, and a method whose native code produced no ISIL keeps an empty body.
Import : Il2Cpp method body recovery: 29 calls to a C library function were emitted as the C# operation equivalent to it.
Import : Il2Cpp method body recovery: 513 interface dispatches compiled as a runtime lookup were resolved to the interface method the slot names.
Import : Il2Cpp method body recovery: 16489 calls became a placeholder, by how many managed methods sit on the address:
Import :         15712 NO_MANAGED_METHOD
Import :           673 NOT_AN_ADDRESS
Import :           104 SHARED_2
Import : Il2Cpp method body recovery: the same calls, by what would have to change to resolve them:
Import :          8680 RUNTIME_HELPER_VENEER
Import :          4036 RUNTIME_HELPER
Import :          2834 NATIVE_ONLY
Import :           673 INDIRECT_TARGET
Import :           162 ATOMIC_COMPARE_EXCHANGE
Import :           104 GENERIC_SHARED
Import : Il2Cpp method body recovery: 3772 indirect jumps survived across 35818 analysed method bodies, by what the target register holds:
Import :          3185 VTABLE_SLOT
Import :           403 DEFINED_BY_Add
Import :            62 LOADED_POINTER:UNKNOWN:PRODUCERS_DISAGREE
Import :            52 LOADED_POINTER:NATIVE_POINTER
Import :            32 LOADED_POINTER:UNKNOWN:ENTRY_VALUE
Import :            12 DELEGATE_INVOKE
Import :             8 LOADED_FROM_valuetype
Import :             6 DEFINITIONS_DISAGREE
Import :             3 LOADED_POINTER:IL2CPP_CLASS_POINTER
Import :             2 LOADED_FROM_delegate
Import :             2 LOADED_POINTER:RUNTIME_STRUCT_POINTER
Import :             2 OTHER_ArrayLength
Import :             2 LOADED_FROM_reference
Import :             1 LOADED_POINTER:UNKNOWN:PRODUCED_BY_Add
Import : Il2Cpp method body recovery: 3249 indirect calls survived, by what the target holds - and for a vtable slot, by what the virtual resolver would have said:
Import :           754 LOADED_POINTER:NATIVE_POINTER
Import :           631 LOADED_FROM_reference
Import :           522 VTABLE_SLOT_UNRESOLVED
Import :           362 LOADED_POINTER:UNKNOWN:PRODUCERS_DISAGREE
Import :           155 METHODINFO_INVOKER_METHOD
Import :           155 LOADED_POINTER:STACK_POINTER
Import :           132 LOADED_FROM_valuetype
Import :           121 LOADED_POINTER:UNKNOWN:ENTRY_VALUE
Import :           102 METHODINFO_VIRTUALMETHODPOINTER
Import :            86 LOADED_POINTER:RUNTIME_STRUCT_POINTER
Import :            50 VTABLE_RESOLVABLE
Import :            44 VTABLE_OFFSET_BEFORE_TABLE
Import :            38 LOADED_POINTER:UNKNOWN:PRODUCED_BY_Move
Import :            26 LOADED_POINTER:UNKNOWN:PRODUCED_BY_Add
Import :            16 LOADED_POINTER:FIELD_POINTER
Import :            16 MANAGED_FIELD
Import :            15 LOADED_POINTER:IL2CPP_CLASS_POINTER
Import :            10 LOADED_POINTER:VTABLE_POINTER
Import :             9 LOADED_POINTER:UNKNOWN:PRODUCED_BY_Newobj
Import :             2 LOADED_POINTER:METHOD_POINTER
Import :             2 OTHER_ArrayLength
Import :             1 DEFINITIONS_DISAGREE
Import : Il2Cpp method body recovery: 21089 memory loads the generator gave up on, by kind:
Import :          2776 base has no type, from Move from an untyped base   e.g. TransformExtensions.MMFindDeepChildDepthFirst: 308 Move v553 @ X9_v15, [v401 @ X8_v12+12E]
Import :          1193 base has no type, from no definition   e.g. MMAchievementRules.PrintCurrentStatus: 129 CheckNotEqual v176 @ TEMPCSEL_v10 (System.Boolean), [v167 @ stack_-88+1D], 0
Import :          1026 past the last field of the base type   e.g. <DisplayAchievement>d__4.MoveNext: 79 Call Object.op_Equality, v117 @ X0_v19 (System.Boolean), [v44 @ X20_v2 (UnityEngine.MonoBehaviour)+20], 0
Import :           965 base has no type, from Add of an untyped local and Immediate   e.g. AIState.EnterState: 166 CheckEqual v796 @ Z_v17 (System.Boolean), [v791 @ X10_v20-8], [v128 @ X22_v1 (Il2CppClass<System.IDisposable>)]
Import :           930 Il2CppClass.interface_offsets_count   e.g. AIState.EnterState: 156 Move v782 @ X9_v20, [v534 @ X8_v18 (Il2CppClass<System.Collections.Generic.IEnumerator`1<MoreMountains.Tools.AIAction>>)+12E]
Import :           840 Il2CppMethodInfo.0x50   e.g. ConvertUtils.CreateCastConverter: 142 ShiftLeft v70 @ TEMPSHIFT_v5 (System.Int32), [v238 @ X1_v13 (Il2CppMethodInfo)+50], 4
Import :           659 value type base   e.g. MMAutoExecution.Awake: 50 CheckEqual v76 @ TEMP_v15 (System.Boolean), [v63 @ X8_v14 (System.Int32)+10], 0
Import :           642 base has no type, from Move from AddressOf(stack_-50)   e.g. MMEventListenerWrapper`3..ctor: 90 CheckNotEqual v112 @ TEMPCOND_v3 (System.Boolean), [v23 @ SYSREG+28], [v20 @ X29_v1-8]
Import :           478 Il2CppClass.interfaceOffsets   e.g. AIState.EnterState: 160 Add v791 @ X10_v20, [v534 @ X8_v18 (Il2CppClass<System.Collections.Generic.IEnumerator`1<MoreMountains.Tools.AIAction>>)+B0], 8
Import :           442 Il2CppClass.0x28   e.g. MMEventListenerWrapper`3..ctor: 41 CheckLess v53 @ N_v1 (System.Boolean), [v48 @ X8_v7 (Il2CppClass<TOwner>)+28], 0
Import :           415 Il2CppClass.0x80   e.g. MMEventListenerWrapper`3..ctor: 63 Add v85 @ X1_v3, [v83 @ X8_v11 (Il2CppClass<MoreMountains.Tools.MMEventListenerWrapper`3<TOwner, TTarget, TEvent>>)+80], 32
Import :           335 base has no type, from a call's result   e.g. <PlaySong>d__23.MoveNext: 166 Call Random.Range, v280 @ V0_v23 (System.Single), [v431 @ X0_v129+28], [v433 @ X0_v131+2C]
Import :           313 absolute address   e.g. AIBrain..ctor: 27 Move this.RandomActionFrequency (UnityEngine.Vector2), [99F9D0]
Import :           311 Il2CppClass.0xFC   e.g. MMEventListenerWrapper`3..ctor: 26 Add v39 @ X9_v1, [v35 @ X8_v4 (Il2CppClass<TOwner>)+FC], 15
Import :           305 Il2CppClass.0x135   e.g. MMEventManager.TriggerEvent: 115 And v279 @ TEMP_v19 (System.Int32), [v276 @ X1_v9 (Il2CppClass<MoreMountains.Tools.MMEventListener`1<MMEvent>>)+135], 1
Import :           241 Il2CppClass.static_fields   e.g. DynamicProxyMetaObject`1.GetArgs: 58 Move v79 @ X8_v10 (Il2CppStaticFields<Newtonsoft.Json.Utilities.DynamicProxyMetaObject`1<T>+<>c<T>>), [v78 @ X0_v10 (Il2CppClass<Newtonsoft.Json.Utilities.DynamicProxyMetaObject`1<T>+<>c<T>>)+B8]
Import :           239 static field storage at 0x8   e.g. AIBrain..ctor: 29 Move this._lastKnownTargetPosition.z (System.Single), [v41 @ X8_v6 (Il2CppStaticFields<UnityEngine.Vector3>)+8]
Import :           235 base has no type, from Move from AddressOf(stack_-60)   e.g. MMEventListenerWrapper`3.OnMMEvent: 102 CheckNotEqual v129 @ TEMPCOND_v1 (System.Boolean), [v25 @ SYSREG+28], [v22 @ X29_v1-8]
Import :           231 base has no type, from Move from AddressOf(an untyped local)   e.g. MMDictionaryExtensions.KeyByValue: 75 Add v98 @ X9_v9, [v1 @ X29-28], 15
Import :           186 between fields of the base type   e.g. MMPostProcessingMovingFilter.Initialization: 64 Add v94 @ V0_v3 (System.Single), v92 @ V1_v1 (System.Single), [this @ X0 (MoreMountains.Tools.MMPostProcessingMovingFilter)+v102 @ X8_v4 (System.Int32)]
Import :           184 Il2CppClass.0x410   e.g. MMFeedbackParticlesInstantiation.CustomPlayFeedback: -1 Move v303 @ X1_v4 (System.Int32), [v275 @ X8_v37 (Il2CppClass<MoreMountains.Feedbacks.MMFeedbackParticlesInstantiation>)+410]
Import :           177 base has no type, from Move from an untyped local   e.g. MMDictionaryExtensions.KeyByValue: 258 Move v277 @ X8_v25, [v275 @ X19_v3+38]
Import :           128 base has no type, from Move from AddressOf(stack_-140)   e.g. MMF_CameraClippingPlanes..ctor: 49 Move [v64 @ X23_v2+CC], [v64 @ X23_v2+EC]
Import :           123 Il2CppClass.cctor_finished   e.g. MMDebug.InstantiateOnScreenConsole: 106 CheckEqual v266 @ TEMP_v36 (System.Boolean), [v264 @ X8_v27 (Il2CppClass<MoreMountains.Tools.MMDebug>)+E0], 0
Import :           114 base has no type, from Move from AddressOf(stack_-60, Keyframe)   e.g. MMFeedbackAnimatorSpeed..ctor: 43 Move [v55 @ X8_v5+C], [v55 @ X8_v5+2C]
Import :           112 base has no type, from Move from AddressOf(stack_-40)   e.g. MMEventListenerWrapper`3.OnEvent: 53 CheckNotEqual v75 @ TEMPCOND_v1 (System.Boolean), [v17 @ SYSREG+28], [v14 @ X29_v1-8]
Import :           111 Il2CppClass.0x190   e.g. MMInputExecution.Update: 2 Move v3 @ X1_v1, [v0 @ X8_v1 (Il2CppClass<MoreMountains.Tools.MMInputExecution>)+190]
Import :            98 byref at 0x8, from no definition   e.g. MMMaths.Spring: 31 Move v190 @ V9_v2 (System.Single), [velocity @ X1 (UnityEngine.Vector3&)+8]
Import :            96 static field storage at 0x4   e.g. MMPostProcessingMovingFilter.Initialization: 34 Move v92 @ V1_v1 (System.Single), [v42 @ X8_v14 (Il2CppStaticFields<UnityEngine.Vector3>)+4]
Import :            92 generic instance, past the layout, reference arguments   e.g. MMReferencedScriptableObject`1.get_Typed: 8 Move v42 @ X22_v2 (T), [this @ X0 (MoreMountains.Tools.MMReferencedScriptableObject`1<T>)+20]
Import :            92 Il2CppClass.0x1B0   e.g. MMTriggerFilter.OnTriggerExit2D: 20 Move v36 @ X2_v2, [v30 @ X8_v2 (Il2CppClass<MoreMountains.Tools.MMTriggerFilter>)+1B0]
Import :            90 Il2CppClass.0x1A0   e.g. MMTriggerFilter.OnTriggerEnter2D: 20 Move v36 @ X2_v2, [v30 @ X8_v2 (Il2CppClass<MoreMountains.Tools.MMTriggerFilter>)+1A0]
Import :            85 Il2CppClass.0x3F0   e.g. MMFeedbacks.RemoveFeedback: 58 Move v79 @ X1_v5, [v88 @ X8_v9 (Il2CppClass<MoreMountains.Feedbacks.MMFeedbacks>)+3F0]
Import :            84 base has no type, from Move from AddressOf(stack_-70, Keyframe)   e.g. MMFeedbackTextureOffset..ctor: 58 Move [v69 @ X8_v6+C], [v69 @ X8_v6+2C]
Import :            81 Il2CppClass.0x3E8   e.g. MMFeedbacks.RemoveFeedback: 57 Move v77 @ X2_v4, [v88 @ X8_v9 (Il2CppClass<MoreMountains.Feedbacks.MMFeedbacks>)+3E8]
Import :            80 Il2CppClass.0x210   e.g. MMTimedActivation.Awake: 6 Move v5 @ X1_v1, [v3 @ X8_v2 (Il2CppClass<MoreMountains.Tools.MMTimedActivation>)+210]
Import :            79 Il2CppClass.0x380   e.g. MMFeedbackAudioFilterDistortion.get_FeedbackDuration: 3 Move v4 @ X1_v1, [v0 @ X8_v1 (Il2CppClass<MoreMountains.Feedbacks.MMFeedbackAudioFilterDistortion>)+380]
Import :            78 Il2CppClass.0x378   e.g. MMFeedbackAudioFilterDistortion.get_FeedbackDuration: 2 Move v3 @ X2_v1, [v0 @ X8_v1 (Il2CppClass<MoreMountains.Feedbacks.MMFeedbackAudioFilterDistortion>)+378]
Import :            78 Il2CppClass.0x290   e.g. MMSoundManager.UnmuteMusic: 3 Move v4 @ X2_v1, [v0 @ X8_v1 (Il2CppClass<MoreMountains.Tools.MMSoundManager>)+290]
Import :            78 Il2CppClass.0x188   e.g. MMInputExecution.Update: 1 Move v2 @ X2_v1, [v0 @ X8_v1 (Il2CppClass<MoreMountains.Tools.MMInputExecution>)+188]
Import :            76 Il2CppClass.0x198   e.g. MMTriggerFilter.OnTriggerEnter2D: 19 Move v35 @ X3_v1, [v30 @ X8_v2 (Il2CppClass<MoreMountains.Tools.MMTriggerFilter>)+198]
Import :            76 Il2CppClass.0x208   e.g. MMTimedActivation.Awake: 5 Move v4 @ X2_v1, [v3 @ X8_v2 (Il2CppClass<MoreMountains.Tools.MMTimedActivation>)+208]
Import :            75 Il2CppClass.0x240   e.g. MMTriggerAndCollisionFilter.OnTriggerStay: 20 Move v36 @ X2_v2, [v30 @ X8_v2 (Il2CppClass<MoreMountains.Tools.MMTriggerAndCollisionFilter>)+240]
Import :            75 Il2CppClass.0x1A8   e.g. MMTriggerFilter.OnTriggerExit2D: 19 Move v35 @ X3_v1, [v30 @ X8_v2 (Il2CppClass<MoreMountains.Tools.MMTriggerFilter>)+1A8]
Import :            75 base has no type, from Add of [ES3Reader + 0x0] and Int32   e.g. ES3Type_Random.ReadObject: 234 Call ES3Reader.Read, v870 @ X0_v71 (System.Int32), [v868 @ X8_v41+140]
Import :            74 byref at 0x4, from no definition   e.g. MMMaths.Spring: 113 Subtract v134 @ V1_v12 (System.Single), v23 @ V1.S0 (System.Single), [velocity @ X1 (UnityEngine.Vector2&)+4]
Import :            74 Il2CppClass.0x288   e.g. MMSoundManager.UnmuteMusic: 2 Move v3 @ X3_v1, [v0 @ X8_v1 (Il2CppClass<MoreMountains.Tools.MMSoundManager>)+288]
Import :            72 base has no type, from Move from AddressOf(stack_-200)   e.g. MMFeedbackChannelMixer_URP..ctor: 155 Move [v173 @ X24_v3+CC], [v173 @ X24_v3+EC]
Import :            71 Il2CppClass.0x1C0   e.g. MMPlaylistRemote.OnTriggerEnter: 20 Move v42 @ X1_v3, [v51 @ X8_v4 (Il2CppClass<MoreMountains.Tools.MMPlaylistRemote>)+1C0]
Import :            68 Il2CppClass.0x104   e.g. MMArrayExtensions.MMRandomValue: 53 Multiply v97 @ TEMP_v6, [v92 @ X8_v9 (Il2CppClass<T[]>)+104], v59 @ X0_v8 (System.Int32)
Import :            67 base has no type, from Move from AddressOf(stack_-30)   e.g. JsonTextReader.ReadAsDouble: 62 CheckNotEqual v105 @ TEMPCOND_v3 (System.Boolean), [v15 @ SYSREG+28], [v12 @ X29_v1-8]
Import :            64 base has no type, from Move from AddressOf(stack_-150)   e.g. MMProgressBar..ctor: 116 Move [v117 @ X23_v2+CC], [v117 @ X23_v2+EC]
Import :            64 static field storage at 0x10   e.g. MMPlotter.Update: 343 Multiply v590 @ V1_v17 (System.Single), [v585 @ X8_v31 (Il2CppStaticFields<UnityEngine.Vector3>)+10], 0.1f
Import :            64 Il2CppClass.0x280   e.g. MMSoundManager.MuteMusic: 3 Move v4 @ X2_v1, [v0 @ X8_v1 (Il2CppClass<MoreMountains.Tools.MMSoundManager>)+280]
Import :            63 Il2CppClass.0x1B8   e.g. MMPlaylistRemote.OnTriggerEnter: 19 Move v44 @ X2_v3, [v51 @ X8_v4 (Il2CppClass<MoreMountains.Tools.MMPlaylistRemote>)+1B8]
Import :            61 Il2CppClass.0x278   e.g. MMSoundManager.MuteMusic: 2 Move v3 @ X3_v1, [v0 @ X8_v1 (Il2CppClass<MoreMountains.Tools.MMSoundManager>)+278]
Import :            60 Il2CppClass.0x220   e.g. AIBrain.OnEnable: 5 Move v5 @ X1_v1, [v3 @ X8_v2 (Il2CppClass<MoreMountains.Tools.AIBrain>)+220]
Import :            58 base has no type, from Move from AddressOf(stack_-130)   e.g. ES3Type_SizeOverLifetimeModule.Write: 157 Move v391 @ V0_v2 (System.Single), [v362 @ X22_v1+90]
Import :            58 Il2CppClass.typeHierarchyDepth   e.g. MMDebug.InstantiateOnScreenConsole: 116 CheckLess v330 @ C_v10 (System.Boolean), [v327 @ X9_v16 (Il2CppClass<UnityEngine.Object>)+130], [v297 @ X1_v17 (Il2CppClass<MoreMountains.Tools.MMDebugOnScreenConsole>)+130]
Import :            57 Il2CppClass.0x2A0   e.g. MMSoundManager.SetVolumeMusic: 3 Move v4 @ X2_v1, [v0 @ X8_v1 (Il2CppClass<MoreMountains.Tools.MMSoundManager>)+2A0]
Import :            56 base has no type, from Move from AddressOf(stack_-210)   e.g. MMFeedbackScale..ctor: 159 Move [v176 @ X24_v3+CC], [v176 @ X24_v3+EC]
Import :            55 static field storage at 0x14   e.g. MMPlotter.Initialization: 56 Multiply v76 @ V1_v3 (System.Single), v62 @ V2_v3 (System.Single), [v71 @ X9_v1 (Il2CppStaticFields<UnityEngine.Vector3>)+14]
Import :            54 base has no type, from Move from AddressOf(stack_-100)   e.g. MMFeedbackChannelMixer_URP..ctor: 52 Move [v65 @ X21_v2+8C], [v65 @ X21_v2+AC]
Import :            54 generic instance, no layout, reference arguments   e.g. MMSimpleObjectPooler.FillObjectPool: 127 Subtract v272 @ X23_v6, v272 @ X23_v6, [v237 @ X21_v7 (System.Collections.Generic.IEnumerable`1<UnityEngine.GameObject>)+18]
Import :            54 Il2CppClass.0x200   e.g. MMTriggerAndCollisionFilter.OnCollisionExit: 20 Move v36 @ X2_v2, [v30 @ X8_v2 (Il2CppClass<MoreMountains.Tools.MMTriggerAndCollisionFilter>)+200]
Import :            52 Il2CppClass.0x1D0   e.g. MMTriggerFilter.OnTriggerEnter: 20 Move v36 @ X2_v2, [v30 @ X8_v2 (Il2CppClass<MoreMountains.Tools.MMTriggerFilter>)+1D0]
Import :            51 base has no type, from Move from AddressOf(stack_-2D0)   e.g. MMFeedbackDestinationTransform..ctor: 254 Move [v281 @ X24_v4+CC], [v281 @ X24_v4+EC]
Import :            51 base has no type, from Move from AddressOf(stack_-110)   e.g. MMFeedbackScale..ctor: 54 Move [v68 @ X21_v2+8C], [v68 @ X21_v2+AC]
Import :            49 static field storage at 0x20   e.g. MMBillboard..ctor: 42 Move this.Up.z (System.Single), [v53 @ X8_v6 (Il2CppStaticFields<UnityEngine.Vector3>)+20]
Import :            49 Il2CppClass.0x1C8   e.g. MMTriggerFilter.OnTriggerEnter: 19 Move v35 @ X3_v1, [v30 @ X8_v2 (Il2CppClass<MoreMountains.Tools.MMTriggerFilter>)+1C8]
Import :            48 base has no type, from Move from AddressOf(stack_-230)   e.g. MMF_LensDistortion_URP..ctor: 163 Move [v436 @ X21_v5+CC], [v436 @ X21_v5+EC]
Import :            48 negative offset off a typed base   e.g. MMSimpleObjectPooler.FillObjectPool: 105 Move v272 @ X23_v6, [v155 @ X20_v8 (System.Collections.Generic.List`1<UnityEngine.GameObject>)-8]
Import :            47 base has no type, from Add of an untyped local and Int32   e.g. MMDebugMenuRadioButton.FindAllRadioButtonsFromTheSameGroup: 116 Move v182 @ X22_v10 (UnityEngine.Object), [v176 @ X8_v10+20]
Import :            47 Il2CppClass.0x2B0   e.g. MMDebugMenuTab.Select: 32 Move v59 @ X1_v4, [v53 @ X8_v4 (Il2CppClass<UnityEngine.UI.Image>)+2B0]
Import :            46 Il2CppClass.0x180   e.g. MMAchievement.EvaluateProgress: 26 Move v24 @ X1_v1, [v21 @ X9_v2 (Il2CppClass<MoreMountains.Tools.MMAchievement>)+180]
Import :            46 Il2CppClass.0x2A8   e.g. MMDebugMenuTab.Select: 31 Move v58 @ X2_v3, [v53 @ X8_v4 (Il2CppClass<UnityEngine.UI.Image>)+2A8]
Import :            46 Il2CppClass.0x1E0   e.g. MMTriggerFilter.OnTriggerExit: 20 Move v36 @ X2_v2, [v30 @ X8_v2 (Il2CppClass<MoreMountains.Tools.MMTriggerFilter>)+1E0]
Import :            44 base has no type, from Move from Immediate   e.g. MMTimedActivation.StateChange: 136 CheckEqual v125 @ TEMP_v14 (System.Boolean), [v127 @ X19_v4+50], 0
Import :            43 Il2CppClass.0x1F0   e.g. MMTriggerFilter.OnTriggerStay: 20 Move v36 @ X2_v2, [v30 @ X8_v2 (Il2CppClass<MoreMountains.Tools.MMTriggerFilter>)+1F0]
Import :            43 Il2CppClass.0x178   e.g. MMAchievement.EvaluateProgress: 25 Move v23 @ X2_v1, [v21 @ X9_v2 (Il2CppClass<MoreMountains.Tools.MMAchievement>)+178]
Import :            43 base has no type, from Add of the field Vector3[] and Int32   e.g. Vector3ArrayPlugin.ConvertToStartValue: 85 Move [v237 @ X11_v9+14], [v248 @ X11_v8+8]
Import :            43 generic instance, inside the layout, on no field, reference arguments   e.g. <PlaySong>d__23.MoveNext: 528 Move v474 @ X0_v105, [v98 @ X21_v19 (System.Collections.Generic.List`1<MoreMountains.Tools.MMPlaylistSong>)+8]
Import :            40 Il2CppClass.0x1E8   e.g. MMTriggerFilter.OnTriggerStay: 19 Move v35 @ X3_v1, [v30 @ X8_v2 (Il2CppClass<MoreMountains.Tools.MMTriggerFilter>)+1E8]
Import :            40 base has no type, from Move from AddressOf(stack_-180)   e.g. MMFeedbackColorAdjustments_URP..ctor: 72 Move [v426 @ X24_v3+CC], [v426 @ X24_v3+EC]
Import :            40 byref at 0x34, from no definition   e.g. MMWiggle.AnimateCurveValue: 121 Divide v289 @ V0_v14 (System.Single), v206 @ V0_v7 (System.Int32), [internalProperties @ X1 (MoreMountains.Feedbacks.InternalWiggleProperties&)+34]
Import :            39 Il2CppClass.0x1F8   e.g. MMTriggerAndCollisionFilter.OnCollisionExit: 19 Move v35 @ X3_v1, [v30 @ X8_v2 (Il2CppClass<MoreMountains.Tools.MMTriggerAndCollisionFilter>)+1F8]
Import :            38 Il2CppClass.0x1D8   e.g. MMTriggerFilter.OnTriggerExit: 19 Move v35 @ X3_v1, [v30 @ X8_v2 (Il2CppClass<MoreMountains.Tools.MMTriggerFilter>)+1D8]
Import :            38 Il2CppClass.0x18   e.g. MMDebugMenu.FillMenu: 626 CheckEqual v2951 @ TEMP_v47 (System.Boolean), [v2924 @ stack_-90 (Il2CppClass<System.IDisposable>)+18], 0
Import :            36 Il2CppClass.0x238   e.g. MMTriggerAndCollisionFilter.OnTriggerStay: 19 Move v35 @ X3_v1, [v30 @ X8_v2 (Il2CppClass<MoreMountains.Tools.MMTriggerAndCollisionFilter>)+238]
Import :            34 Il2CppClass.0x298   e.g. MMSoundManager.SetVolumeMusic: 2 Move v3 @ X3_v1, [v0 @ X8_v1 (Il2CppClass<MoreMountains.Tools.MMSoundManager>)+298]
Import :            33 base has no type, from Move from [Il2CppRgctx<System.String> + 0x18]   e.g. MethodInfoFormatter`1.DeserializeImplementation: 955 And v2460 @ TEMP_v91 (System.Int32), [v148 @ X23_v19+135], 1
Import :            33 base has no type, from Move from AddressOf(stack_-420)   e.g. ES3Type_MainModule.Write: 289 Move v79 @ V0_v3 (System.Single), [v405 @ X24_v1+10]
Import :            32 Il2CppClass.0x4C0   e.g. MMF_Collider.CustomPlayFeedback: 59 Move v71 @ X2_v3, [v80 @ X8_v11 (Il2CppClass<MoreMountains.Feedbacks.MMF_Collider>)+4C0]
Import :            32 base has no type, from Move from [TElement[2] + 0x10]   e.g. MultiDimArrayUtilities.InsertOneColumnLeft: 166 Multiply v472 @ TEMP_v19, v85 @ X28_v6 (System.Int32), [v438 @ X8_v27+10]
Import :            31 Il2CppClass.0x4B8   e.g. MMF_Collider.CustomPlayFeedback: 58 Move v69 @ X3_v1, [v80 @ X8_v11 (Il2CppClass<MoreMountains.Feedbacks.MMF_Collider>)+4B8]
Import :            31 Il2CppClass.0x218   e.g. AIBrain.OnEnable: 4 Move v4 @ X2_v1, [v3 @ X8_v2 (Il2CppClass<MoreMountains.Tools.AIBrain>)+218]
Import :            31 Il2CppClass.0x5F0   e.g. MMDebugOnScreenConsole.AddMessage: 173 Move v181 @ X2_v10, [v203 @ X8_v14 (Il2CppClass<UnityEngine.UI.Text>)+5F0]
Import :            31 Il2CppClass.0x230   e.g. MMAudioAnalyzer.HandleBeats: 171 Move v269 @ X2_v7, [v343 @ X8_v11 (Il2CppClass<MoreMountains.Tools.MMAudioAnalyzer>)+230]
Import :            31 byref at 0xC, from no definition   e.g. MMMaths.Spring: 198 Subtract v245 @ V1_v17 (System.Single), v34 @ V3.S0 (System.Single), [velocity @ X1 (UnityEngine.Vector4&)+C]
Import :            31 base has no type, from Add of Vector3[] and Int32   e.g. DOTween.ToArray: 119 Move [v405 @ X14_v9+20], [v404 @ X14_v8+20]
Import :            30 base has no type, from Move from AddressOf(stack_-88, Vector3)   e.g. MMBoundsExtensions.GetColliderBounds: -1 Move v574 @ V13_v5 (System.Single), [v625 @ X8_v27+14]
Import :            29 byref at 0x38, from no definition   e.g. MMWiggle.AnimateNoiseValue: 23 Multiply v42 @ V0_v3 (System.Single), v41 @ V0_v2 (System.Single), [internalProperties @ X1 (MoreMountains.Feedbacks.InternalWiggleProperties&)+38]
Import :            29 Il2CppClass.0x170   e.g. EnumUtils.InternalFlagsFormat: 161 Move v219 @ X1_v5, [v239 @ X8_v12 (Il2CppClass<System.Text.StringBuilder>)+170]
Import :            29 base has no type, from Move from AddressOf(stack_-D0)   e.g. MMFeedbackDestinationTransform..ctor: 47 Move [v64 @ X21_v2+4C], [v64 @ X21_v2+6C]
Import :            28 Il2CppClass.0x168   e.g. EnumUtils.InternalFlagsFormat: 160 Move v193 @ X2_v4, [v239 @ X8_v12 (Il2CppClass<System.Text.StringBuilder>)+168]
Import :            28 Il2CppClass.0x3D0   e.g. MMFeedbackCollider2D.CustomPlayFeedback: 64 Move v71 @ X2_v3, [v80 @ X8_v11 (Il2CppClass<MoreMountains.Feedbacks.MMFeedbackCollider2D>)+3D0]
Import :            27 byref at 0x58, from no definition   e.g. MMWiggle.AnimateNoiseValue: 48 Call Mathf.PerlinNoise, v97 @ V0_v14 (System.Single), v96 @ V0_v13 (System.Single), [internalProperties @ X1 (MoreMountains.Feedbacks.InternalWiggleProperties&)+58]
Import :            27 base has no type, from Move from [Il2CppClass<UnityEngine.Transform> + 0x0]   e.g. MMDebugMenu.FillMenu: 883 CheckEqual v2957 @ TEMP_v120 (System.Boolean), [v558 @ X8_v119+B0], 0
Import :            27 Il2CppClass.0x2E0   e.g. MonoAttribute.GetValue: 47 Move v74 @ X2_v4, [v88 @ X8_v11 (Il2CppClass<System.Reflection.FieldInfo>)+2E0]
Import :            26 byref at 0x40, from no definition   e.g. MMWiggle.AnimateNoiseValue: 46 Multiply v96 @ V0_v13 (System.Single), [internalProperties @ X1 (MoreMountains.Feedbacks.InternalWiggleProperties&)+40], [internalProperties @ X1 (MoreMountains.Feedbacks.InternalWiggleProperties&)+64]
Import :            26 byref at 0x5C, from no definition   e.g. MMWiggle.AnimateCurveValue: 20 Add v40 @ V0_v2 (System.Single), [internalProperties @ X1 (MoreMountains.Feedbacks.InternalWiggleProperties&)+5C], v39 @ V0_v1 (System.Single)
Import :            26 byref at 0x64, from no definition   e.g. MMWiggle.AnimateNoiseValue: 21 Add v41 @ V0_v2 (System.Single), [internalProperties @ X1 (MoreMountains.Feedbacks.InternalWiggleProperties&)+64], v38 @ V0_v1 (System.Single)
Import :            26 base has no type, from Move from AddressOf(stack_-C0)   e.g. JsonTextReader.ParseReadNumber: 1343 Call JsonTextReader.ThrowReaderError, v387 @ X0_v48 (Newtonsoft.Json.JsonReaderException), v357 @ X19_v3 (Newtonsoft.Json.JsonReaderException), v446 @ X0_v46 (System.String), [v424 @ X20_v8+v433 @ X8_v17 (System.Int32)*8]
Import :            26 byref at 0x3C, from no definition   e.g. MMWiggle.AnimateNoiseValue: 35 Multiply v86 @ V0_v8 (System.Single), [internalProperties @ X1 (MoreMountains.Feedbacks.InternalWiggleProperties&)+3C], [internalProperties @ X1 (MoreMountains.Feedbacks.InternalWiggleProperties&)+64]
Import :            25 base has no type, from Move from AddressOf(stack_-190)   e.g. MMFeedbackRotation..ctor: 76 Move [v343 @ X24_v3+CC], [v343 @ X24_v3+EC]
Import :            24 array at 0x0, from Move from Immediate   e.g. BinaryDataReader.EnterNode: 139 CallVoid BaseDataReaderWriter.PushNode, this @ X0 (Sirenix.Serialization.BinaryDataReader), this.peekedEntryName (System.String), [v193 @ X10_v7 (System.Byte[])+v125 @ X8_v11 (System.Int32)], [type @ X1 (System.Type&)]
Import :            24 Il2CppClass.0x2D8   e.g. MMPositionShaker.Initialization: 80 Move v99 @ X2_v3, [v93 @ X8_v6 (Il2CppClass<MoreMountains.Feedbacks.MMPositionShaker>)+2D8]
Import :            24 byref at 0x60, from no definition   e.g. MMWiggle.AnimateCurveValue: 43 CheckGreaterOrEqual v134 @ TEMPCOND_v1 (System.Boolean), [internalProperties @ X1 (MoreMountains.Feedbacks.InternalWiggleProperties&)+5C], [internalProperties @ X1 (MoreMountains.Feedbacks.InternalWiggleProperties&)+60]
Import :            24 generic instance, past the layout, value type argument   e.g. IntPlugin.SetFrom: 7 Move v10 @ X8_v2, [t @ X1 (DG.Tweening.Core.TweenerCore`3<System.Int32, System.Int32, DG.Tweening.Plugins.Options.NoOptions>)+138]
Import :            24 base has no type, from Move from AddressOf(stack_-280)   e.g. MMFeedbackColorAdjustments_URP..ctor: 205 Move [v427 @ X24_v4+CC], [v427 @ X24_v4+EC]
Import :            24 base has no type, from Move from AddressOf(stack_-380)   e.g. MMFeedbackColorAdjustments_URP..ctor: 357 Move [v428 @ X24_v5+CC], [v428 @ X24_v5+EC]
Import :            24 base has no type, from Add of the field Waypoint[] and Int32   e.g. CinemachinePath.EvaluateLocalPosition: 59 Move returnVal1 @ V0_v3 (UnityEngine.Vector3), [v216 @ X8_v14+20]
Import :            24 base has no type, from Move from AddressOf(stack_-2C0)   e.g. MMFeedbackColorGrading..ctor: 256 Move [v278 @ X24_v4+CC], [v278 @ X24_v4+EC]
Import :            24 Il2CppClass.0x270   e.g. MMSoundManager.FreeAllLoopingSounds: 85 Move v65 @ X2_v1, [v117 @ X8_v11 (Il2CppClass<MoreMountains.Tools.MMSoundManager>)+270]
Import :            24 base has no type, from Move from AddressOf(stack_-1C0)   e.g. MMFeedbackColorGrading..ctor: 102 Move [v277 @ X24_v3+CC], [v277 @ X24_v3+EC]
Import :            23 Il2CppClass.0x3C8   e.g. MMFeedbackCollider2D.CustomPlayFeedback: 63 Move v67 @ X3_v1, [v80 @ X8_v11 (Il2CppClass<MoreMountains.Feedbacks.MMFeedbackCollider2D>)+3C8]
Import :            23 byref at 0x44, from no definition   e.g. MMWiggle.AnimateNoiseValue: 33 Multiply v85 @ V0_v7 (System.Single), [internalProperties @ X1 (MoreMountains.Feedbacks.InternalWiggleProperties&)+44], v84 @ V0_v6 (System.Single)
Import :            23 Il2CppClass.0x228   e.g. MMTriggerAndCollisionFilter.OnTriggerExit: 19 Move v35 @ X3_v1, [v30 @ X8_v2 (Il2CppClass<MoreMountains.Tools.MMTriggerAndCollisionFilter>)+228]
Import :            22 Il2CppClass.0x300   e.g. MMDebugMenuSwitch.ToggleState: 24 Move v41 @ X1_v1, [v35 @ X8_v3 (Il2CppClass<MoreMountains.Tools.MMDebugMenuSwitch>)+300]
Import :            22 Il2CppClass.0x310   e.g. MMDebugMenuSwitch.ToggleState: 21 Move v41 @ X1_v1, [v35 @ X8_v3 (Il2CppClass<MoreMountains.Tools.MMDebugMenuSwitch>)+310]
Import :            22 Il2CppClass.0x2F8   e.g. MMDebugMenuSwitch.ToggleState: 23 Move v42 @ X9_v2, [v35 @ X8_v3 (Il2CppClass<MoreMountains.Tools.MMDebugMenuSwitch>)+2F8]
Import :            22 Il2CppClass.0x250   e.g. MMFaderDirectional.Update: 42 Move v65 @ X1_v2, [v60 @ X8_v6 (Il2CppClass<MoreMountains.Tools.MMFaderDirectional>)+250]
Import :            21 base has no type, from Move from AddressOf(stack_-88)   e.g. ES3Type_LimitVelocityOverLifetimeModule.ReadInto: 301 Move v256 @ V1_v3, [v238 @ X21_v4+10]
Import :            21 Il2CppClass.0x248   e.g. MMFaderDirectional.Update: 41 Move v64 @ X2_v2, [v60 @ X8_v6 (Il2CppClass<MoreMountains.Tools.MMFaderDirectional>)+248]
Import :            20 Il2CppMethodInfo.klass   e.g. DefaultContractResolver.GetSerializableMembers: 869 CheckLess v2251 @ C_v61 (System.Boolean), [v170 @ X0_v14 (System.Collections.Generic.IEnumerable`1<System.Object>)+18], [v1142 @ X8_v12 (Il2CppMethodInfo)+18]
Import :            20 static field storage at 0x50   e.g. MMGyroscope.ClampAcceleration: -1 Move v188 @ V1_v5 (UnityEngine.Vector3), [v42 @ X8_v4 (Il2CppStaticFields<MoreMountains.Tools.MMGyroscope>)+50]
Import :            20 byref at 0x48, from no definition   e.g. MMWiggle.AnimateNoiseValue: 44 Multiply v95 @ V0_v12 (System.Single), [internalProperties @ X1 (MoreMountains.Feedbacks.InternalWiggleProperties&)+48], v94 @ V0_v11 (System.Single)
Import :            20 Il2CppClass.0x460   e.g. MMF_Feedback.SkipToTheEnd: 4 Move v6 @ X1_v1, [v3 @ X8_v1 (Il2CppClass<MoreMountains.Feedbacks.MMF_Feedback>)+460]
Import :            20 Il2CppClass.0x2D0   e.g. MMTouchButton.Update: 332 Move v219 @ X1_v2, [v212 @ X8_v5 (Il2CppClass<MoreMountains.Tools.MMTouchButton>)+2D0]
Import :            19 Il2CppClass.0x2F0   e.g. JsonWriter.WriteValue: 29 Move v47 @ X2_v2, [v38 @ X8_v3 (Il2CppClass<Newtonsoft.Json.JsonWriter>)+2F0]
Import :            19 Il2CppClass.0x3E0   e.g. MMSoundManager.MuteTrack: 4 Move v5 @ X3_v1, [v0 @ X8_v1 (Il2CppClass<MoreMountains.Tools.MMSoundManager>)+3E0]
Import :            19 base has no type, from Move from [Int32[2] + 0x10]   e.g. MMGridGeneratorRandomWalk.Generate: 65 CheckLess v149 @ C_v5 (System.Boolean), v143 @ X25_v4 (System.Int32), [v76 @ X8_v5+10]
Import :            19 Il2CppClass.typeHierarchy   e.g. MMDebug.InstantiateOnScreenConsole: 127 Move v363 @ X10_v11, [v327 @ X9_v16 (Il2CppClass<UnityEngine.Object>)+C8]
Import :            19 Il2CppClass.0x268   e.g. MMFaderRound.OnMMEvent: 49 Move v87 @ X5_v1, [v114 @ X9_v3 (Il2CppClass<MoreMountains.Tools.MMFaderRound>)+268]
Import :            19 Il2CppClass.0x2C8   e.g. MMTouchButton.Update: 331 Move v218 @ X2_v2, [v212 @ X8_v5 (Il2CppClass<MoreMountains.Tools.MMTouchButton>)+2C8]
Import :            18 byref at 0x54, from no definition   e.g. MMWiggle.AnimateNoiseValue: 37 Call Mathf.PerlinNoise, v88 @ V0_v9 (System.Single), v86 @ V0_v8 (System.Single), [internalProperties @ X1 (MoreMountains.Feedbacks.InternalWiggleProperties&)+54]
Import :            18 byref at 0x20, from no definition   e.g. MMPath.SetPath: 231 CheckEqual v350 @ Z_v8 (System.Boolean), [configuration @ X1 (Data&)+20], 0
Import :            18 Il2CppClass.0x3D8   e.g. MMSoundManager.MuteTrack: 3 Move v4 @ X4_v1, [v0 @ X8_v1 (Il2CppClass<MoreMountains.Tools.MMSoundManager>)+3D8]
Import :            17 array at 0x0, from Move from the field Single[]   e.g. MMAudioAnalyzer.HandleBuffer: 74 Multiply v75 @ V0_v8 (System.Single), [v30 @ X22_v5 (System.Single[])+v93 @ X20_v5 (System.Int32)*4], v74 @ V0_v6 (System.Single)
Import :            17 byref at 0x4C, from no definition   e.g. MMWiggle.AnimateNoiseValue: 54 Multiply v103 @ V8_v3 (System.Single), [internalProperties @ X1 (MoreMountains.Feedbacks.InternalWiggleProperties&)+4C], v102 @ V0_v16 (System.Single)
Import :            17 Il2CppClass.0x2B8   e.g. MMFeedbacks.PreparePlay: 206 Move v244 @ X3_v1, [v207 @ X8_v4 (Il2CppClass<MoreMountains.Feedbacks.MMFeedbacks>)+2B8]
Import :            16 base has no type, from Move from AddressOf(stack_-250)   e.g. MMFeedbackPosition..ctor: 177 Move [v401 @ X24_v4+CC], [v401 @ X24_v4+EC]
Import :            16 base has no type, from Newobj   e.g. DoubleLookupDictionary`3.RemoveWhere: 164 Move v474 @ X8_v77, [v69 @ X0_v3+10]
Import :            16 base has no type, from Move from AddressOf(stack_-350)   e.g. MMFeedbackPosition..ctor: 305 Move [v402 @ X24_v5+CC], [v402 @ X24_v5+EC]
Import :            16 static field storage at 0x24   e.g. TargetPositionCache.get_IsEmpty: 21 Subtract v38 @ TEMP1_v1 (System.Single), [v33 @ X8_v6 (Il2CppStaticFields<Cinemachine.TargetPositionCache>)+24], v33.m_CacheTimeRange (Cinemachine.TargetPositionCache+TimeRange)
Import :            16 base has no type, from Add of the field Color[] and Int32   e.g. MMFeedbackFlicker.CustomPlayFeedback: -1 MakeStruct Color_arg @ V0_v6 (UnityEngine.Color), typeof(UnityEngine.Color), [v395 @ X8_v17+20], [v395 @ X8_v17+24], [v395 @ X8_v17+28], [v395 @ X8_v17+2C]
Import :            16 base has no type, from Move from AddressOf(stack_-1D0)   e.g. MMFeedbackDestinationTransform..ctor: 99 Move [v280 @ X24_v3+CC], [v280 @ X24_v3+EC]
Import :            16 byref at 0x10, from no definition   e.g. MMPath.SetPath: 66 Move v171 @ X22_v11, [configuration @ X1 (Data&)+10]
Import :            16 Il2CppClass.0x260   e.g. MMTouchButton.Initialization: 160 Move v148 @ X1_v16, [v156 @ X8_v11 (Il2CppClass<MoreMountains.Tools.MMTouchButton>)+260]
Import :            16 Il2CppClass.0x2C0   e.g. MMFeedbacks.PreparePlay: 207 Move v245 @ X2_v2, [v207 @ X8_v4 (Il2CppClass<MoreMountains.Feedbacks.MMFeedbacks>)+2C0]
Import :            16 base has no type, from Move from AddressOf(stack_-290)   e.g. MMFeedbackRotation..ctor: 209 Move [v344 @ X24_v4+CC], [v344 @ X24_v4+EC]
Import :            16 static field storage at 0x18   e.g. DerivedDictionaryFormatter`3.SerializeImplementation: 276 Move v1316 @ X0_v93, [v959 @ X8_v66 (Il2CppStaticFields<Sirenix.Serialization.DerivedDictionaryFormatter`3<TDictionary, TKey, TValue>>)+18]
Import :            15 base has no type, from Move from AddressOf(stack_-160)   e.g. MMFloatingTextSpawner..ctor: 125 Move [v132 @ X28_v2+CC], [v132 @ X28_v2+EC]
Import :            15 Il2CppClass.0x458   e.g. MMF_Feedback.SkipToTheEnd: 3 Move v5 @ X2_v1, [v3 @ X8_v1 (Il2CppClass<MoreMountains.Feedbacks.MMF_Feedback>)+458]
Import :            15 base has no type, from Move from RuntimeClassTypeAnalysisContext   e.g. <>c__DisplayClass55_0`2.<BuildMapCreator>b__0: 150 Add v297 @ X0_v41 (System.Func`2<System.Collections.Generic.KeyValuePair`2<TKey, TValue>, System.Tuple`2<TKey, TValue>>), [v296 @ X0_v40+B8], 8
Import :            15 Il2CppClass.elementType   e.g. JsonTextReader.ReadAsDateTime: 40 CheckNotEqual v61 @ TEMPCOND_v2 (System.Boolean), [v47 @ X0_v3 (System.Object)], [v48 @ X1_v2 (Il2CppClass<System.Nullable`1<System.DateTime>>)+40]
Import :            15 byref at 0x14, from no definition   e.g. MMWiggle.InitializeRandomValues: -1 MakeStruct Vector3_arg @ V0_v12 (UnityEngine.Vector3), typeof(UnityEngine.Vector3), [internalProperties @ X2 (MoreMountains.Feedbacks.InternalWiggleProperties&)+C], [internalProperties @ X2 (MoreMountains.Feedbacks.InternalWiggleProperties&)+10], [internalProperties @ X2 (MoreMountains.Feedbacks.InternalWiggleProperties&)+14]
Import :            15 byref at 0x30, from no definition   e.g. MMWiggle.AnimateCurveValue: 32 Add v124 @ V0_v4 (System.Single), [internalProperties @ X1 (MoreMountains.Feedbacks.InternalWiggleProperties&)+30], v121 @ V0_v3 (System.Single)
Import :            15 static field storage at 0x2C   e.g. MMRagdoller.HandleBlending: 150 Multiply v294 @ V1_v2 (System.Single), [v1205 @ X8_v29 (Il2CppStaticFields<UnityEngine.Vector3>)+2C], [v1205 @ X8_v29 (Il2CppStaticFields<UnityEngine.Vector3>)+2C]
Import :            15 base has no type, from Move from [ASN1 + 0xB8]   e.g. X501.AppendEntry: 178 Call ASN1.CompareArray, v232 @ X0_v67 (System.Boolean), v519 @ X0_v66 (Mono.Security.ASN1), v450.m_aValue (System.Byte[]), [v521 @ X8_v35+8]
Import :            15 base has no type, from Move from an absolute address   e.g. TweenExtensions.GotoWaypoint: 152 CheckLess v90 @ C_v6 (System.Boolean), [v86 @ X9_v2+130], [v87 @ X8_v24 (Il2CppClass<DG.Tweening.Core.TweenerCore`3<UnityEngine.Vector3, DG.Tweening.Plugins.Core.PathCore.Path, DG.Tweening.Plugins.Options.PathOptions>>)+130]
Import :            14 base has no type, from Add of the field Vector2[] and Int32   e.g. GaussianWindow1D_CameraRotation.Compute: 162 Subtract v398 @ V1_v10, [v181 @ X8_v12+20], [v189 @ X8_v8+20]
Import :            14 static field storage at 0x1C   e.g. MMOrbitalCamera.Initialization: 373 Multiply v494 @ V2_v13 (System.Single), [v204 @ X8_v20 (Il2CppStaticFields<UnityEngine.Vector3>)+1C], v444.y (System.Single)
Import :            14 base has no type, from Add of an untyped base and Int32   e.g. BaseFormatter`1.Deserialize: 414 Move v657 @ X8_v100, [v1074 @ X8_v99+20]
Import :            14 base has no type, from Move from AddressOf(stack_-E0, Matrix4x4)   e.g. CinemachineGroupComposer.MutateCameraState: 314 Move this.<LastBoundsMatrix>k__BackingField.m02 (System.Single), [v966 @ X8_v27+20]
Import :            14 base has no type, from Move from [Il2CppMethodInfo + 0x0]   e.g. EnumUtils.InitializeValuesAndNames: 301 Move v111 @ X3_v13 (System.Int32), [v639 @ X8_v46+180]
Import :            14 Il2CppClass.0x308   e.g. MMDebugMenuSwitch.ToggleState: 20 Move v42 @ X9_v2, [v35 @ X8_v3 (Il2CppClass<MoreMountains.Tools.MMDebugMenuSwitch>)+308]
Import :            14 Il2CppClass.0x4D0   e.g. MMSoundManager.OnSceneLoaded: 2 Move v3 @ X1_v1, [v0 @ X8_v1 (Il2CppClass<MoreMountains.Tools.MMSoundManager>)+4D0]
Import :            14 Il2CppClass.0x420   e.g. MMFeedbackPosition.ComputeNewCurvePosition: 180 Move v123 @ X2_v1, [v136 @ X8_v4 (Il2CppClass<MoreMountains.Feedbacks.MMFeedbackPosition>)+420]
Import :            14 byref at 0x50, from no definition   e.g. MMWiggle.AnimateNoiseValue: 25 Call Mathf.PerlinNoise, v44 @ V0_v4 (System.Single), v42 @ V0_v3 (System.Single), [internalProperties @ X1 (MoreMountains.Feedbacks.InternalWiggleProperties&)+50]
Import :            13 Il2CppClass.0x4C8   e.g. MMSoundManager.OnSceneLoaded: 1 Move v2 @ X2_v1, [v0 @ X8_v1 (Il2CppClass<MoreMountains.Tools.MMSoundManager>)+4C8]
Import :            13 base has no type, from Move from AddressOf(stack_-B0)   e.g. MMFeedbackAudioSourceStereoPan..ctor: 46 Move [v58 @ X21_v3+4C], [v58 @ X21_v3+6C]
Import :            13 Il2CppClass.0x920   e.g. DefaultContractResolver.CreateDictionaryContract: 321 Move v223 @ X2_v7, [v568 @ X8_v36 (Il2CppClass<System.Type>)+920]
Import :            13 Il2CppClass.0x550   e.g. BinaryDataReader.ReadSByte: 52 Call 179D0B8, v91 @ X0_v6, v44 @ X0_v3 (System.Boolean), &v40 @ stack_-28_v2 (System.Int64), [v38 @ X8_v3 (Il2CppClass<Sirenix.Serialization.BinaryDataReader>)+550], v21 @ X3, v22 @ X4, v23 @ X5, v24 @ X6, v25 @ X7, v26 @ V0, v27 @ V1, v28 @ V2, v29 @ V3, v30 @ V4, v31 @ V5, v32 @ V6, v33 @ V7
Import :            13 array at 0x20, from no definition   e.g. MMDebug.MonoRayCastNonAlloc: 96 Move returnBuffer.m_Centroid (UnityEngine.Vector2), [array @ X0 (UnityEngine.RaycastHit2D[])+20]
Import :            13 Il2CppClass.0x258   e.g. MMTouchButton.Initialization: 159 Move v146 @ X2_v5, [v156 @ X8_v11 (Il2CppClass<MoreMountains.Tools.MMTouchButton>)+258]
Import :            13 Il2CppClass.0x3C0   e.g. MMFeedbacks.Awake: 106 Move v104 @ X1_v3, [v99 @ X8_v7 (Il2CppClass<MoreMountains.Feedbacks.MMFeedbacks>)+3C0]
Import :            12 static field storage at 0xC   e.g. MMGyroscope.ClampAcceleration: -1 Move v64 @ V4_v1 (UnityEngine.Vector3), [v42 @ X8_v4 (Il2CppStaticFields<MoreMountains.Tools.MMGyroscope>)+C]
Import :            12 static field storage at 0x44   e.g. MMOrbitalCamera.Initialization: 270 Multiply v402 @ V3_v8 (System.Single), [v203 @ X8_v11 (Il2CppStaticFields<UnityEngine.Vector3>)+44], v358.z (System.Single)
Import :            12 Il2CppClass.0x520   e.g. MMSoundManager.OnMMEvent: 27 Move v64 @ X1_v1, [v56 @ X8_v4 (Il2CppClass<MoreMountains.Tools.MMSoundManager>)+520]
Import :            12 base has no type, from Add of the field RaycastHit[] and Int32   e.g. RuntimeUtility.RaycastIgnoreTag: 233 Move v221 @ V0_v9 (UnityEngine.Vector3), [v536 @ X8_v24+30]
Import :            12 base has no type, from Move from AddressOf(stack_-48)   e.g. MMPreventPassingThrough.Initialization: 89 CheckGreaterOrEqual v59 @ TEMPCSEL_v2 (System.Boolean), [v129 @ X8_v4+C], [v130 @ X8_v5+10]
Import :            12 generic instance, inside the layout, on no field, value type argument   e.g. JsonPosition.BuildPath: 121 Move v278 @ V0_v5 (Newtonsoft.Json.JsonPosition), [currentPosition @ X1 (System.Nullable`1<Newtonsoft.Json.JsonPosition>)+8]
Import :            12 base has no type, from Move from [Int32 + 0x0]   e.g. AIBrain.Awake: 52 Move v132 @ X2_v2, [v80 @ X8_v17+180]
Import :            12 array at 0x28, from Move from the field Vector3[]   e.g. MMTouchFollowerJoystick.CreateInnerRect: 222 Move this._innerRectTransformBottomLeft.z (System.Single), [v138 @ X8_v11 (UnityEngine.Vector3[])+28]
Import :            11 Il2CppClass.0x590   e.g. BinaryDataReader.ReadByte: 51 Call 179D0B8, v91 @ X0_v6, v44 @ X0_v3 (System.Boolean), &v40 @ stack_-28_v2 (System.UInt64), [v38 @ X8_v3 (Il2CppClass<Sirenix.Serialization.BinaryDataReader>)+590], v21 @ X3, v22 @ X4, v23 @ X5, v24 @ X6, v25 @ X7, v26 @ V0, v27 @ V1, v28 @ V2, v29 @ V3, v30 @ V4, v31 @ V5, v32 @ V6, v33 @ V7
Import :            11 Il2CppClass.0x500   e.g. MMF_Player.OnValidate: 2 Move v3 @ X1_v1, [v0 @ X8_v1 (Il2CppClass<MoreMountains.Feedbacks.MMF_Player>)+500]
Import :            11 base has no type, from Move from [Il2CppRgctx<System.Object[]> + 0x8]   e.g. ComplexTypeSerializer`1.ReadValue: 306 And v799 @ TEMP_v367 (System.Int32), [v797 @ X0_v780+135], 1
Import :            11 Il2CppClass.0x4A0   e.g. JContainer.System.Collections.IList.Remove: 9 Move v13 @ X2_v1, [v9 @ X8_v1 (Il2CppClass<Newtonsoft.Json.Linq.JContainer>)+4A0]
Import :            11 Il2CppClass.0x370   e.g. JsonWriter.WriteValue: 29 Move v47 @ X2_v2, [v38 @ X8_v3 (Il2CppClass<Newtonsoft.Json.JsonWriter>)+370]
Import :            11 Il2CppClass.0x418   e.g. MMFeedbackPosition.ComputeNewCurvePosition: 179 Move v125 @ X3_v1, [v136 @ X8_v4 (Il2CppClass<MoreMountains.Feedbacks.MMFeedbackPosition>)+418]
Import :            11 Il2CppClass.0x320   e.g. MMFeedbacks.StopFeedbacks: 3 Move v4 @ X2_v1, [v0 @ X8_v1 (Il2CppClass<MoreMountains.Feedbacks.MMFeedbacks>)+320]
Import :            11 byref at 0x80, from no definition   e.g. MMWiggle.AnimateCurveValue: -1 MakeStruct Vector3_arg @ V4_v4 (UnityEngine.Vector3), typeof(UnityEngine.Vector3), [internalProperties @ X1 (MoreMountains.Feedbacks.InternalWiggleProperties&)+80], [internalProperties @ X1 (MoreMountains.Feedbacks.InternalWiggleProperties&)+84], [internalProperties @ X1 (MoreMountains.Feedbacks.InternalWiggleProperties&)+88]
Import :            11 Il2CppClass.0x318   e.g. MMFeedbacks.StopFeedbacks: 2 Move v3 @ X3_v1, [v0 @ X8_v1 (Il2CppClass<MoreMountains.Feedbacks.MMFeedbacks>)+318]
Import :            11 base has no type, from Add of CustomBlend[] and Int32   e.g. CinemachineBlenderSettings.GetBlendForVirtualCameras: 75 Call String.op_Equality, v295 @ X0_v11 (System.Boolean), [v278 @ X8_v10+20], fromCameraName @ X1 (System.String)
Import :            11 byref at 0x18, from no definition   e.g. MMPath.SetPath: 153 Move v386.Delay (System.Single), [configuration @ X1 (Data&)+18]
Import :            11 byref at 0x8C, from no definition   e.g. MMWiggle.AnimateCurveValue: 67 CheckNotEqual v157 @ TEMPCSEL_v4 (System.Boolean), [internalProperties @ X1 (MoreMountains.Feedbacks.InternalWiggleProperties&)+8C], 1f
Import :            11 Il2CppClass.0x4E0   e.g. MMF_Light.CustomInitialization: 97 Move v115 @ X2_v6, [v126 @ X8_v9 (Il2CppClass<MoreMountains.Feedbacks.MMF_Light>)+4E0]
Import :            11 array at 0x20, from Move from the field Vector3[]   e.g. MMTouchFollowerJoystick.CreateInnerRect: 221 Move this._innerRectTransformBottomLeft (UnityEngine.Vector3), [v138 @ X8_v11 (UnityEngine.Vector3[])+20]
Import :            10 Il2CppClass.0x518   e.g. MMSoundManager.OnMMEvent: 26 Move v65 @ X2_v1, [v56 @ X8_v4 (Il2CppClass<MoreMountains.Tools.MMSoundManager>)+518]
Import :            10 Il2CppClass.0x350   e.g. JsonWriter.WriteValue: 29 Move v47 @ X2_v2, [v38 @ X8_v3 (Il2CppClass<Newtonsoft.Json.JsonWriter>)+350]
Import :            10 Il2CppClass.0x4F0   e.g. MMSoundManager.OnEnable: 117 CallVoid UnityAction`2<UnityEngine.SceneManagement.Scene, UnityEngine.SceneManagement.LoadSceneMode>..ctor, v164 @ X0_v16 (UnityEngine.Events.UnityAction`2<UnityEngine.SceneManagement.Scene, UnityEngine.SceneManagement.LoadSceneMode>), this @ X0 (MoreMountains.Tools.MMSoundManager), [v165 @ X8_v5 (Il2CppClass<MoreMountains.Tools.MMSoundManager>)+4F0]
Import :            10 Il2CppMethodInfo.invoker_method   e.g. StringReferenceExtensions.StartsWith: 24 CheckLessOrEqual v31 @ TEMPCOND_v5 (System.Boolean), [methodInfo @ X2 (Il2CppMethodInfo)+10], v17 @ X9_v3 (System.Int32)
Import :            10 Il2CppClass.0x3B8   e.g. MMFeedbacks.Awake: 105 Move v103 @ X2_v3, [v99 @ X8_v7 (Il2CppClass<MoreMountains.Feedbacks.MMFeedbacks>)+3B8]
Import :            10 Il2CppClass.0x348   e.g. JsonWriter.WriteValue: 28 Move v46 @ X3_v1, [v38 @ X8_v3 (Il2CppClass<Newtonsoft.Json.JsonWriter>)+348]
Import :            10 Il2CppClass.0x390   e.g. JsonWriter.WriteValue: 29 Move v47 @ X2_v2, [v38 @ X8_v3 (Il2CppClass<Newtonsoft.Json.JsonWriter>)+390]
Import :            10 Il2CppClass.0x2E8   e.g. JsonWriter.WriteValue: 28 Move v46 @ X3_v1, [v38 @ X8_v3 (Il2CppClass<Newtonsoft.Json.JsonWriter>)+2E8]
Import :            10 base has no type, from Move from AddressOf(stack_-80, Keyframe)   e.g. MMFeedbackColorAdjustments_URP..ctor: 52 Move [v65 @ X8_v5+C], [v65 @ X8_v5+2C]
Import :            10 byref at 0x28, from no definition   e.g. CinemachineBrain.PushStateToUnityCamera: 241 MakeStruct v293 @ AGG18EA298_1_v3 (UnityEngine.Vector2), typeof(UnityEngine.Vector2), [state @ X1 (Cinemachine.CameraState&)+28], [state @ X1 (Cinemachine.CameraState&)+2C]
Import :            10 array at 0x28, from no definition   e.g. Vector3ArrayPlugin.EvaluateAndApply: 115 Subtract v421 @ V1_v81 (System.Single), v420 @ V2_v29, [changeValue @ X7 (UnityEngine.Vector3[])+28]
Import :            10 byref at 0x84, from no definition   e.g. MMWiggle.AnimateCurveValue: -1 MakeStruct Vector3_arg @ V4_v4 (UnityEngine.Vector3), typeof(UnityEngine.Vector3), [internalProperties @ X1 (MoreMountains.Feedbacks.InternalWiggleProperties&)+80], [internalProperties @ X1 (MoreMountains.Feedbacks.InternalWiggleProperties&)+84], [internalProperties @ X1 (MoreMountains.Feedbacks.InternalWiggleProperties&)+88]
Import :            10 byref at 0x78, from no definition   e.g. MMWiggle.AnimateCurveValue: -1 MakeStruct Vector3_arg @ V1_v13 (UnityEngine.Vector3), typeof(UnityEngine.Vector3), [internalProperties @ X1 (MoreMountains.Feedbacks.InternalWiggleProperties&)+74], [internalProperties @ X1 (MoreMountains.Feedbacks.InternalWiggleProperties&)+78], [internalProperties @ X1 (MoreMountains.Feedbacks.InternalWiggleProperties&)+7C]
Import :            10 byref at 0x88, from no definition   e.g. MMWiggle.AnimateCurveValue: -1 MakeStruct Vector3_arg @ V4_v4 (UnityEngine.Vector3), typeof(UnityEngine.Vector3), [internalProperties @ X1 (MoreMountains.Feedbacks.InternalWiggleProperties&)+80], [internalProperties @ X1 (MoreMountains.Feedbacks.InternalWiggleProperties&)+84], [internalProperties @ X1 (MoreMountains.Feedbacks.InternalWiggleProperties&)+88]
Import :            10 Il2CppClass.0x5E8   e.g. MMDebugOnScreenConsole.AddMessage: 172 Move v169 @ X3_v1, [v203 @ X8_v14 (Il2CppClass<UnityEngine.UI.Text>)+5E8]
Import :            10 base has no type, from Add of Vector3[] and an untyped local   e.g. Vector3ArrayPlugin.EvaluateAndApply: 110 Add v723 @ V0_v100, [v424 @ X11_v8+20], [v425 @ X10_v23+20]
Import :            10 Il2CppClass.0x338   e.g. JsonWriter.WriteValue: 36 Move v54 @ X3_v1, [v45 @ X8_v4 (Il2CppClass<Newtonsoft.Json.JsonWriter>)+338]
Import :            10 Il2CppMethodInfo.0x28   e.g. ImmutableList`1.System.Collections.IList.get_Item: 17 Move v24 @ X9_v1, [v23 @ X8_v4 (Il2CppMethodInfo)+28]
Import :             9 static field storage at 0x28   e.g. ComplexTypeSerializer`1.GetBaseFormatter: 101 CheckEqual v123 @ Z_v1 (System.Boolean), [v79 @ X9_v1 (Il2CppStaticFields<Sirenix.Serialization.ComplexTypeSerializer`1<T>>)+28], serializationPolicy @ X0 (Sirenix.Serialization.ISerializationPolicy)
Import :             9 static field storage at 0x30   e.g. MMGyroscope.Update: 49 Move this._GyroscopeRotationRate.z (System.Single), [v79 @ X9_v4 (Il2CppStaticFields<MoreMountains.Tools.MMGyroscope>)+30]
Import :             9 base has no type, from Move from [Il2CppStaticFields<Sirenix.Serialization.Utilities.Cache`1<T>> + 0x8]   e.g. Cache`1.Claim: 116 Subtract v143 @ X24_v3 (System.Int32), [v131 @ X23_v1+18], 1
Import :             9 Il2CppClass.0x400   e.g. MMSoundManager.PlaySound: 502 Move v598 @ X3_v6 (System.Boolean), [v876 @ X8_v32 (Il2CppClass<MoreMountains.Tools.MMSoundManager>)+400]
Import :             9 Il2CppClass.0x330   e.g. MMFeedbacks.StopFeedbacks: 20 Move v38 @ X2_v1, [v32 @ X8_v1 (Il2CppClass<MoreMountains.Feedbacks.MMFeedbacks>)+330]
Import :             9 static field storage at 0x4C   e.g. MMGyroscope.CalibrateAcceleration: 45 Negate v70 @ V1_v3, [v65 @ X8_v4 (Il2CppStaticFields<UnityEngine.Vector3>)+4C]
Import :             9 base has no type, from Move from AddressOf(stack_-D0, Matrix4x4)   e.g. CinemachineFramingTransposer.ComputeGroupBounds: 139 Move this.<LastBoundsMatrix>k__BackingField.m02 (System.Single), [v138 @ X8_v11+20]
Import :             8 base has no type, from IsInst   e.g. MMDebugMenuRadioButton.FindAllRadioButtonsFromTheSameGroup: 99 CheckLess v119 @ TEMPCOND_v4 (System.Boolean), [v105 @ X0_v13+18], 1
Import :             8 static field storage at 0x40   e.g. MMOrbitalCamera.Initialization: 269 Multiply v401 @ V2_v15 (System.Single), [v203 @ X8_v11 (Il2CppStaticFields<UnityEngine.Vector3>)+40], v358.y (System.Single)
Import :             8 byref at 0x90, from no definition   e.g. CinemachineBasicMultiChannelPerlin.MutateCameraState: 465 Multiply v683 @ V4_v6 (System.Single), v571 @ V0_v16 (UnityEngine.Quaternion), [curState @ X1 (Cinemachine.CameraState&)+90]
Import :             8 base has no type, from Move from AddressOf(stack_-4A0, Keyframe)   e.g. CinemachineImpulseDefinition.CreateStandardShapes: 845 Move [v2175 @ X21_v7+CC], [v2175 @ X21_v7+EC]
Import :             8 Il2CppClass.0x360   e.g. JsonWriter.WriteValue: 29 Move v47 @ X2_v2, [v38 @ X8_v3 (Il2CppClass<Newtonsoft.Json.JsonWriter>)+360]
Import :             8 base has no type, from Add of the field Orbit[] and Int32   e.g. CinemachineFreeLook.UpdateCachedSpline: 81 Move v78 @ V0_v4 (System.Single), [v63 @ X13_v7+20]
Import :             8 Il2CppClass.0x358   e.g. JsonWriter.WriteValue: 28 Move v46 @ X3_v1, [v38 @ X8_v3 (Il2CppClass<Newtonsoft.Json.JsonWriter>)+358]
Import :             8 base has no type, from Move from AddressOf(stack_-3A0, Keyframe)   e.g. CinemachineImpulseDefinition.CreateStandardShapes: 680 Move [v673 @ X25_v3+CC], [v673 @ X25_v3+EC]
Import :             8 byref at 0x2C, from no definition   e.g. CinemachineBrain.PushStateToUnityCamera: 241 MakeStruct v293 @ AGG18EA298_1_v3 (UnityEngine.Vector2), typeof(UnityEngine.Vector2), [state @ X1 (Cinemachine.CameraState&)+28], [state @ X1 (Cinemachine.CameraState&)+2C]
Import :             8 Il2CppClass.0x700   e.g. <GetAllMembers>d__47.MoveNext: 63 Move v102 @ X2_v7, [v276 @ X8_v20 (Il2CppClass<System.Type>)+700]
Import :             8 array at 0x0, from Move from the field CinemachineVirtualCamera[]   e.g. CinemachineFreeLook.UpdateRigCache: 169 Call CinemachineVirtualCamera.GetCinemachineComponent, v446 @ X0_v38 (Cinemachine.CinemachineOrbitalTransposer), [v495 @ X8_v16 (Cinemachine.CinemachineVirtualCamera[])+v395 @ X24_v11 (System.Int32)]
Import :             8 Il2CppClass.0x480   e.g. MMF_Feedback.OnValidate: 2 Move v3 @ X1_v1, [v0 @ X8_v1 (Il2CppClass<MoreMountains.Feedbacks.MMF_Feedback>)+480]
Import :             8 base has no type, from Move from AddressOf(stack_-260)   e.g. MMFloatingTextSpawner..ctor: 304 Move [v476 @ X28_v4+CC], [v476 @ X28_v4+EC]
Import :             8 base has no type, from Move from AddressOf(stack_-360)   e.g. MMFloatingTextSpawner..ctor: 466 Move [v254 @ X27_v5+CC], [v254 @ X27_v5+EC]
Import :             8 base has no type, from Move from AddressOf(stack_-5A0, Keyframe)   e.g. CinemachineImpulseDefinition.CreateStandardShapes: 976 Move [v2176 @ X21_v8+CC], [v2176 @ X21_v8+EC]
Import :             8 base has no type, from Move from AddressOf(stack_-1A0, Keyframe)   e.g. CinemachineImpulseDefinition.CreateStandardShapes: 336 Move [v672 @ X25_v2+CC], [v672 @ X25_v2+EC]
Import :             8 base has no type, from Add of the field Target[] and Int32   e.g. CinemachineTargetGroup.FindMember: 63 Call Object.op_Equality, v113 @ X0_v12 (System.Boolean), [v115 @ X8_v8+20], t @ X1 (UnityEngine.Transform)
Import :             8 Il2CppClass.0x328   e.g. MMFeedbacks.StopFeedbacks: 19 Move v37 @ X3_v1, [v32 @ X8_v1 (Il2CppClass<MoreMountains.Feedbacks.MMFeedbacks>)+328]
Import :             8 array at 0x20, from Move from [Vector4[]& + 0x0]   e.g. SplineHelpers.ComputeSmoothControlPoints: 1248 Subtract v561 @ V1_v8 (System.Single), [v55 @ X8_v4 (UnityEngine.Vector4[])+30], [v55 @ X8_v4 (UnityEngine.Vector4[])+20]
Import :             8 base has no type, from Move from AddressOf(stack_-2A0, Keyframe)   e.g. CinemachineImpulseDefinition.CreateStandardShapes: 550 Move [v2174 @ X21_v5+CC], [v2174 @ X21_v5+EC]
Import :             8 byref at 0x7C, from no definition   e.g. MMWiggle.AnimateCurveValue: -1 MakeStruct Vector3_arg @ V1_v13 (UnityEngine.Vector3), typeof(UnityEngine.Vector3), [internalProperties @ X1 (MoreMountains.Feedbacks.InternalWiggleProperties&)+74], [internalProperties @ X1 (MoreMountains.Feedbacks.InternalWiggleProperties&)+78], [internalProperties @ X1 (MoreMountains.Feedbacks.InternalWiggleProperties&)+7C]
Import :             8 Il2CppClass.0x340   e.g. JsonWriter.WriteValue: 37 Move v55 @ X2_v2, [v45 @ X8_v4 (Il2CppClass<Newtonsoft.Json.JsonWriter>)+340]
Import :             7 generic instance, layout answers, value type argument   e.g. SerializationData.get_HasEditorData: 38 CheckEqual v68 @ Z_v3 (System.Boolean), [v49 @ X8_v11 (System.Collections.Generic.List`1<Sirenix.Serialization.SerializationNode>)+18], 0
Import :             7 Il2CppClass.0x430   e.g. MMSoundManager.PlaySound: 516 Move v598 @ X3_v6 (System.Boolean), [v674 @ X8_v30 (Il2CppClass<MoreMountains.Tools.MMSoundManager>)+430]
Import :             7 static field storage at 0x70   e.g. MMGyroscope.Update: 72 Move this._InitialGyroscopeRotationRate.z (System.Single), [v92 @ X9_v13 (Il2CppStaticFields<MoreMountains.Tools.MMGyroscope>)+70]
Import :             7 Il2CppClass.0x440   e.g. ES3Reflection.GetGenericTypeDefinition: 6 Move v6 @ X1_v1, [v4 @ X8_v1 (Il2CppClass<System.Type>)+440]
Import :             7 Il2CppClass.0x388   e.g. JsonWriter.WriteValue: 28 Move v46 @ X3_v1, [v38 @ X8_v3 (Il2CppClass<Newtonsoft.Json.JsonWriter>)+388]
Import :             7 Il2CppClass.0x408   e.g. ReflectionUtils.GetBaseDefinition: 51 Move v74 @ X2_v5, [v87 @ X8_v5 (Il2CppClass<System.Reflection.MethodInfo>)+408]
Import :             7 static field storage at 0x48   e.g. MMGyroscope.Update: 59 Move this._InputAcceleration.z (System.Single), [v85 @ X9_v8 (Il2CppStaticFields<MoreMountains.Tools.MMGyroscope>)+48]
Import :             7 Il2CppClass.0x4B0   e.g. MMF_Destroy.ProceedWithDestruction: 47 Move v70 @ X2_v2, [v60 @ X8_v3 (Il2CppClass<MoreMountains.Feedbacks.MMF_Player>)+4B0]
Import :             7 static field storage at 0x38   e.g. ComplexTypeSerializer`1.GetBaseFormatter: 148 CheckEqual v238 @ Z_v3 (System.Boolean), [v118 @ X8_v18 (Il2CppStaticFields<Sirenix.Serialization.ComplexTypeSerializer`1<T>>)+38], serializationPolicy @ X0 (Sirenix.Serialization.ISerializationPolicy)
Import :             7 Il2CppClass.0x470   e.g. MMSoundManager.OnMMEvent: 40 Move v70 @ X2_v2, [v56 @ X8_v10 (Il2CppClass<MoreMountains.Tools.MMSoundManager>)+470]
Import :             7 base has no type, from Move from [Il2CppStaticFields<Sirenix.Serialization.Buffer`1<T>> + 0x8]   e.g. Buffer`1.Claim: 130 CheckGreaterOrEqual v421 @ TEMPCOND_v9 (System.Boolean), v45 @ X21_v7 (System.Int32), [v338 @ X22_v8+18]
Import :             7 base has no type, from Move from [JToken + 0x50]   e.g. <GetEnumerator>d__64.MoveNext: 219 CallVoid KeyValuePair`2<System.Object, System.Object>..ctor, &v203 @ stack_-40_v2 (System.Collections.Generic.KeyValuePair`2<System.Object, System.Object>), [v287 @ X0_v15 (Newtonsoft.Json.Linq.JToken)+58], [v460 @ X8_v19+10]
Import :             7 base has no type, from Add of an untyped local and an untyped local   e.g. CubicBezierDecoder.FinalizePath: 383 Subtract v688 @ V1_v5 (System.Single), [v308 @ X8_v20 (UnityEngine.Vector3[])+28], [v658 @ X8_v22+8]
Import :             6 base has no type, from Move from [Il2CppClass<Newtonsoft.Json.Serialization.DefaultContractResolver+<>c> + 0x0]   e.g. DefaultContractResolver.GetSerializableMembers: 1045 Move v2102 @ X8_v30, [v2160 @ X0_v45+B8]
Import :             6 base has no type, from Move from [TweenerCore`3<System.Int32, System.Int32, DG.Tweening.Plugins.Options.NoOptions> + 0x140]   e.g. IntPlugin.SetFrom: 35 Move v75 @ X3_v1, [v46 @ X8_v3+18]
Import :             6 array at 0x24, from Move from the field Vector3[]   e.g. PathPlugin.SetChangeValue: 180 MakeStruct v584 @ AGG195AF7C_0_v7 (UnityEngine.Vector3), typeof(UnityEngine.Vector3), [v275 @ X8_v42 (UnityEngine.Vector3[])+20], [v275 @ X8_v42 (UnityEngine.Vector3[])+24], [v275 @ X8_v42 (UnityEngine.Vector3[])+28]
Import :             6 static field storage at 0x0   e.g. JsonConvert.ToString: 47 Return [v45 @ X8_v4 (Il2CppStaticFields<Newtonsoft.Json.JsonConvert>)+v57 @ X9_v2 (System.Int32)]
Import :             6 byref at 0x94, from no definition   e.g. CinemachineBrain.PushStateToUnityCamera: 67 Move v252 @ X8_v5, [state @ X1 (Cinemachine.CameraState&)+94]
Import :             6 base has no type, from Move from [TweenerCore`3<System.UInt64, System.UInt64, DG.Tweening.Plugins.Options.NoOptions> + 0x150]   e.g. UlongPlugin.SetFrom: 35 Move v75 @ X3_v1, [v46 @ X8_v3+18]
Import :             6 base has no type, from Move from [Object + 0x28]   e.g. <PlaySong>d__23.MoveNext: 85 CheckEqual v243 @ TEMP_v86 (System.Boolean), [v540 @ X8_v51+18], 0
Import :             6 base has no type, from Add of the field Quaternion[] and Int32   e.g. GaussianWindow1D_Quaternion.Compute: 59 MakeStruct v141 @ AGG1934D0C_0_v3 (UnityEngine.Quaternion), typeof(UnityEngine.Quaternion), [v220 @ X8_v6+20], v63[v65 @ X9_v3 (System.Int32)].y (System.Single), v63[v65 @ X9_v3 (System.Int32)].z (System.Single), v63[v65 @ X9_v3 (System.Int32)].w (System.Single)
Import :             6 array at 0x28, from Move from [Vector4[]& + 0x0]   e.g. SplineHelpers.ComputeSmoothControlPoints: 1288 Subtract v617 @ V4_v4 (System.Single), [v164 @ X9_v12 (UnityEngine.Vector4[])+38], [v164 @ X9_v12 (UnityEngine.Vector4[])+28]
Import :             6 base has no type, from Move from [Component + 0x28]   e.g. <Awake>d__3.MoveNext: 235 CallVoid SplashScreenController.set_ScreenActive, [v67 @ X20_v2 (UnityEngine.Component)+20], [v263 @ X8_v18+38]
Import :             6 static field storage at 0x54   e.g. MMGyroscope.Update: 64 Move this._GyroscopeGravity.z (System.Single), [v88 @ X9_v10 (Il2CppStaticFields<MoreMountains.Tools.MMGyroscope>)+54]
Import :             6 Il2CppClass.0x478   e.g. MMF_Feedback.OnValidate: 1 Move v2 @ X2_v1, [v0 @ X8_v1 (Il2CppClass<MoreMountains.Feedbacks.MMF_Feedback>)+478]
Import :             6 Il2CppClass.0x4D8   e.g. MMF_Light.CustomInitialization: 96 Move v110 @ X3_v1, [v126 @ X8_v9 (Il2CppClass<MoreMountains.Feedbacks.MMF_Light>)+4D8]
Import :             6 Il2CppClass.0x4E8   e.g. MMF_Position.CustomPlayFeedback: 221 Move v285 @ X9_v4, [v354 @ X8_v21 (Il2CppClass<MoreMountains.Feedbacks.MMF_Position>)+4E8]
Import :             6 base has no type, from Move from [TweenerCore`3<UnityEngine.RectOffset, UnityEngine.RectOffset, DG.Tweening.Plugins.Options.NoOptions> + 0x150]   e.g. RectOffsetPlugin.SetFrom: 104 Move v107 @ X3_v1, [v71 @ X8_v4+18]
Import :             6 array at 0x2C, from Move from [Vector4[]& + 0x0]   e.g. SplineHelpers.ComputeSmoothControlPoints: 1290 Subtract v619 @ V5_v4 (System.Single), [v164 @ X9_v12 (UnityEngine.Vector4[])+3C], [v164 @ X9_v12 (UnityEngine.Vector4[])+2C]
Import :             6 base has no type, from Move from [TweenerCore`3<System.Int64, System.Int64, DG.Tweening.Plugins.Options.NoOptions> + 0x150]   e.g. LongPlugin.SetFrom: 35 Move v75 @ X3_v1, [v46 @ X8_v3+18]
Import :             6 base has no type, from Move from [TweenerCore`3<System.Double, System.Double, DG.Tweening.Plugins.Options.NoOptions> + 0x150]   e.g. DoublePlugin.SetFrom: 36 Move v76 @ X2_v1, [v52 @ X8_v3+18]
Import :             6 base has no type, from Move from [TweenerCore`3<UnityEngine.Quaternion, UnityEngine.Quaternion, DG.Tweening.Plugins.Options.NoOptions> + 0x160]   e.g. PureQuaternionPlugin.SetFrom: 65 Move v136 @ X2_v1, [v88 @ X8_v3+18]
Import :             6 byref at 0x74, from no definition   e.g. MMWiggle.AnimateCurveValue: -1 MakeStruct Vector3_arg @ V1_v13 (UnityEngine.Vector3), typeof(UnityEngine.Vector3), [internalProperties @ X1 (MoreMountains.Feedbacks.InternalWiggleProperties&)+74], [internalProperties @ X1 (MoreMountains.Feedbacks.InternalWiggleProperties&)+78], [internalProperties @ X1 (MoreMountains.Feedbacks.InternalWiggleProperties&)+7C]
Import :             6 base has no type, from Add of the field Instruction[] and Int32   e.g. CinemachineStateDrivenCamera.ValidateInstructions: 218 CallVoid Dictionary`2<System.Int32, System.Int32>.set_Item, this.mInstructionDictionary (System.Collections.Generic.Dictionary`2<System.Int32, System.Int32>), [v470 @ X8_v17-8], v227 @ X22_v11 (System.Int32)
Import :             6 static field storage at 0x60   e.g. MMFeedbackShaderGlobal..ctor: 53 Move this.GlobalMatrix.m02 (System.Single), [v61 @ X8_v10 (Il2CppStaticFields<UnityEngine.Matrix4x4>)+60]
Import :             6 base has no type, from Move from AddressOf(stack_-C8)   e.g. ES3Type_TrailModule.ReadInto: 237 Move v275 @ V1_v3, [v252 @ X21_v4+10]
Import :             6 Il2CppClass.0x4A8   e.g. MMF_Destroy.ProceedWithDestruction: 46 Move v72 @ X3_v1, [v60 @ X8_v3 (Il2CppClass<MoreMountains.Feedbacks.MMF_Player>)+4A8]
Import :             6 static field storage at 0x5C   e.g. MMBillboard..ctor: 26 Move this.OffsetDirection.z (System.Single), [v40 @ X9_v1 (Il2CppStaticFields<UnityEngine.Vector3>)+5C]
Import :             5 Il2CppClass.0x560   e.g. MMFloatingTextMeshPro.SetText: 7 Move v7 @ X2_v1, [v5 @ X8_v1 (Il2CppClass<TMPro.TextMeshPro>)+560]
Import :             5 Il2CppClass.0x10   e.g. MMDebugMenu.FillMenu: 676 Call Text.set_text, v2287 @ X0_v58, v1157.TabText (UnityEngine.UI.Text), [v2924 @ stack_-90 (Il2CppClass<System.IDisposable>)+10]
Import :             5 Il2CppClass.0x468   e.g. MMF_Feedback.ResetFeedback: 9 Move v8 @ X2_v1, [v6 @ X9_v1 (Il2CppClass<MoreMountains.Feedbacks.MMF_Feedback>)+468]
Import :             5 Il2CppClass.0x488   e.g. MMF_Destroy.ProceedWithDestruction: 30 Move v72 @ X3_v1, [v63 @ X8_v4 (Il2CppClass<MoreMountains.Feedbacks.MMF_Player>)+488]
Import :             5 byref at 0x24, from no definition   e.g. CinemachineBrain.PushStateToUnityCamera: 257 CallVoid Camera.set_focusDistance, v292 @ X0_v24 (UnityEngine.Camera), [state @ X1 (Cinemachine.CameraState&)+24]
Import :             5 base has no type, from Move from AddressOf(stack_-E0)   e.g. ES3Type_RotationOverLifetimeModule.Write: 149 Move v362 @ V0_v2 (System.Single), [v333 @ X22_v1+40]
Import :             5 base has no type, from Move from [List`1<AlmostEngine.Screenshot.ScreenshotOverlay> + 0xFFFFFFFFFFFFFFF8]   e.g. <UpdatePreviewCoroutine>d__40.MoveNext: 267 Move v210 @ X8_v37, [v176 @ X0_v44+10]
Import :             5 array at 0x40, from no definition   e.g. MMDebug.MonoRayCastNonAlloc: 95 Move returnBuffer.m_Collider (System.Int32), [array @ X0 (UnityEngine.RaycastHit2D[])+40]
Import :             5 static field storage at 0x58   e.g. CinemachineFramingTransposer.MutateCameraState: 267 Move v1050 @ V5_v32 (System.Single), [v831 @ X8_v80 (Il2CppStaticFields<UnityEngine.Vector3>)+58]
Import :             5 base has no type, from Add of Int32[2] and Int32   e.g. MMTilemapGridRenderer.TotalFilledBlocks: 65 CheckNotEqual v192 @ TEMPCSEL_v7 (System.Boolean), [v244 @ X13_v8+20], 1
Import :             5 Il2CppClass.0x368   e.g. JsonWriter.WriteValue: 28 Move v46 @ X3_v1, [v38 @ X8_v3 (Il2CppClass<Newtonsoft.Json.JsonWriter>)+368]
Import :             5 base has no type, from Add of the field Single[] and Int32   e.g. G_AudioGraph.UpdateGraph: 132 Move v372 @ V1_v18 (System.Single), [v775 @ X12_v20+20]
Import :             5 base has no type, from Move from AddressOf(stack_-178, GradientColorKey)   e.g. MMHealthBar..ctor: 92 Move [v70 @ X0_v5 (UnityEngine.GradientColorKey[])+20], [v99 @ X26_v2+110]
Import :             5 base has no type, from Move from List`1<Newtonsoft.Json.Converters.IXmlNode>   e.g. XmlNodeConverter.SerializeGroupedNodes: 505 CheckLess v1470 @ C_v55 (System.Boolean), [v103 @ X29_v14+18], [v349 @ X8_v66+18]
Import :             5 Il2CppClass.0x490   e.g. MMF_Destroy.ProceedWithDestruction: 31 Move v70 @ X2_v2, [v63 @ X8_v4 (Il2CppClass<MoreMountains.Feedbacks.MMF_Player>)+490]
Import :             5 Il2CppClass.0x540   e.g. JsonDataWriter..ctor: 292 CallVoid Action`2<System.Object, System.Int64>..ctor, v311 @ X0_v41 (System.Delegate), this @ X0 (Sirenix.Serialization.JsonDataWriter), [v315 @ X8_v18 (Il2CppClass<Sirenix.Serialization.JsonDataWriter>)+540]
Import :             5 Il2CppClass.0x4F8   e.g. MMF_Player.OnValidate: 1 Move v2 @ X2_v1, [v0 @ X8_v1 (Il2CppClass<MoreMountains.Feedbacks.MMF_Player>)+4F8]
Import :             5 base has no type, from Add of Boolean and Int32   e.g. Vector3ArrayPlugin.EvaluateAndApply: 347 Multiply v836 @ V1_v62 (System.Single), v984 @ V0_v24 (System.Single), [v833 @ X8_v56+20]
Import :             5 Il2CppClass.0x580   e.g. JsonDataWriter..ctor: 380 CallVoid Action`2<System.Object, System.UInt64>..ctor, v411 @ X0_v61 (System.Delegate), this @ X0 (Sirenix.Serialization.JsonDataWriter), [v412 @ X8_v42 (Il2CppClass<Sirenix.Serialization.JsonDataWriter>)+580]
Import :             4 base has no type, from Add of [Il2CppClass<System.Collections.Generic.IList`1<T>> + 0xC8] and Int32   e.g. LinqExtensions.AddRange: 446 CheckNotEqual v372 @ TEMPCOND_v40 (System.Boolean), [v361 @ X10_v58-8], v379 @ X1_v10 (Il2CppClass<System.Collections.Generic.List`1<T>>)
Import :             4 base has no type, from Add of StringReference and Int32   e.g. StringReferenceExtensions.StartsWith: 69 Subtract v183 @ TEMP1_v8 (System.Int32), v189 @ X9_v7 (System.Int32), [v232 @ X8_v7+20]
Import :             4 base has no type, from Add of Boolean and an untyped local   e.g. Vector3ArrayPlugin.EvaluateAndApply: 110 Add v723 @ V0_v100, [v424 @ X11_v8+20], [v425 @ X10_v23+20]
Import :             4 array at 0x0, from Move from the field Instruction[]   e.g. CinemachineBlendListCamera.ValidateInstructions: 104 Call Object.op_Inequality, v255 @ X0_v14 (System.Boolean), [v127 @ X8_v7 (Instruction[])+v115 @ X25_v5 (System.Int32)], 0
Import :             4 byref at 0x10, from Move from SerializationData&   e.g. UnitySerializationUtility.DeserializeUnityObject: 482 Move v1803 @ X25_v60 (System.Collections.Generic.List`1<UnityEngine.Object>), [v3705 @ X21_v56 (Sirenix.Serialization.SerializationData&)+10]
Import :             4 base has no type, from Move from [Il2CppMethodInfo + 0x28]   e.g. ImmutableList`1.System.Collections.IList.get_Item: 19 Add v26 @ X9_v3, [v24 @ X9_v1+FC], 15
Import :             4 base has no type, from Move from [Il2CppRgctx<System.String> + 0x30]   e.g. MethodInfoFormatter`1.DeserializeImplementation: 458 And v1112 @ TEMP_v17 (System.Int32), [v1110 @ X0_v28+135], 1
Import :             4 array at 0x0, from Move from the field Int32[]   e.g. MMFeedbackMaterial.CustomPlayFeedback: 187 Move v303 @ X9_v12 (System.Int32), [v328 @ X8_v29 (System.Int32[])+v97 @ X23_v8 (System.Int32)*4]
Import :             4 base has no type, from Move from [Array + 0x10]   e.g. MultiDimArrayUtilities.DuplicateColumn: 214 Multiply v650 @ TEMP_v35, v444 @ X8_v40, [v600 @ X8_v46+10]
Import :             4 array at 0x24, from Move from [Vector4[]& + 0x0]   e.g. SplineHelpers.ComputeSmoothControlPoints: 1317 Move [v186 @ X10_v6 (UnityEngine.Vector4[])+24], [v55 @ X8_v4 (UnityEngine.Vector4[])+24]
Import :             4 base has no type, from Move from [Il2CppRgctx<System.String> + 0x48]   e.g. MethodInfoFormatter`1.DeserializeImplementation: 1070 And v2818 @ TEMP_v142 (System.Int32), [v2816 @ X0_v251+135], 1
Import :             4 base has no type, from Move from NullReferenceException   e.g. MMFeedbackAnimation.CustomInitialization: 153 CheckEqual v201 @ TEMP_v19 (System.Boolean), [v204 @ X19_v13+E8], 0
Import :             4 Il2CppClass.0x450   e.g. MMF_Player.PlayFeedbacksInternal: 195 Move v323 @ X2_v2, [v318 @ X8_v19 (Il2CppClass<MoreMountains.Feedbacks.MMF_Player>)+450]
Import :             4 static field storage at 0x34   e.g. CinemachineCollider.ClampRayToBounds: 528 Multiply v717 @ V1_v65, [v729 @ X8_v72 (Il2CppStaticFields<UnityEngine.Vector3>)+34], [v729 @ X8_v72 (Il2CppStaticFields<UnityEngine.Vector3>)+34]
Import :             4 byref at 0x28, from Move from SerializationData&   e.g. UnitySerializationUtility.DeserializeUnityObject: 934 Move v1212 @ X21_v2 (System.Collections.Generic.List`1<UnityEngine.Object>), [v3705 @ X21_v56 (Sirenix.Serialization.SerializationData&)+28]
Import :             4 Il2CppClass.0x398   e.g. JsonWriter.WriteValue: 30 Move v48 @ X4_v1, [v42 @ X8_v5 (Il2CppClass<Newtonsoft.Json.JsonWriter>)+398]
Import :             4 Il2CppClass.0x630   e.g. JsonDataReader.ExitNode: 26 Move v49 @ X1_v2 (System.String), [v35 @ X8_v3 (Il2CppClass<Sirenix.Serialization.JsonDataReader>)+630]
Import :             4 base has no type, from Add of the field ControlPoint[] and Int32   e.g. CubicBezierDecoder.SetWaypointsLengths: 125 Move [v262 @ X9_v8 (DG.Tweening.Plugins.Core.PathCore.ControlPoint[])+30], [v144 @ X11_v6+30]
Import :             4 base has no type, from Move from [IEnumerable`1<System.Object> + 0x10]   e.g. DefaultContractResolver.GetSerializableMembers: 490 CheckLess v1992 @ C_v95 (System.Boolean), [v170 @ X0_v14 (System.Collections.Generic.IEnumerable`1<System.Object>)+18], [v482 @ X8_v136+18]
Import :             4 base has no type, from Add of [Il2CppClass<System.Reflection.MemberInfo> + 0xC8] and Int32   e.g. <>c.<FindSerializableMembers>b__16_0: 74 Subtract v138 @ TEMP1_v6, [v153 @ X8_v7-8], typeof(System.Reflection.PropertyInfo)
Import :             4 base has no type, from Move from AddressOf(stack_-90, Keyframe)   e.g. MMFeedbackRotation..ctor: 54 Move [v68 @ X8_v6+C], [v68 @ X8_v6+2C]
Import :             4 Il2CppClass.0x1C   e.g. XmlNodeWrapper.get_ChildNodes: 235 Add v825 @ X10_v27, [v485 @ X21_v14 (Il2CppClass<System.Collections.Generic.List`1<Newtonsoft.Json.Converters.IXmlNode>>)+1C], 1
Import :             4 array at 0x30, from Move from [Vector4[]& + 0x0]   e.g. CinemachineFreeLook.UpdateCachedSpline: 321 Subtract v580 @ V1_v9 (System.Single), v578.zeroVector (UnityEngine.Vector4), [v214 @ X23_v5 (UnityEngine.Vector4[])+30]
Import :             4 Il2CppClass.0x5A0   e.g. TypeExtensions.IsEnum: 6 Move v6 @ X1_v1, [v4 @ X8_v1 (Il2CppClass<System.Type>)+5A0]
Import :             4 base has no type, from Move from [Tween + 0x120]   e.g. TweenManager.Despawn: 123 CheckLess v82 @ TEMPCOND_v25 (System.Boolean), [v697 @ X0_v86+18], 1
Import :             4 Il2CppClass.0x428   e.g. MMF_GraphicCrossFade.CustomPlayFeedback: 146 Move v100 @ X4_v1, [v173 @ X8_v14 (Il2CppClass<UnityEngine.UI.Graphic>)+428]
Import :             4 array at 0x0, from Move from the field AudioSource[]   e.g. MMFeedbackSound.GetAudioSourceFromPool: 39 Call AudioSource.get_isPlaying, v30 @ X0_v10 (System.Boolean), [v76 @ X8_v5 (UnityEngine.AudioSource[])+v65 @ X20_v5 (System.Int32)*8]
Import :             4 Il2CppClass.0x3A0   e.g. JsonWriter.WriteValue: 31 Move v49 @ X3_v1, [v42 @ X8_v5 (Il2CppClass<Newtonsoft.Json.JsonWriter>)+3A0]
Import :             4 base has no type, from Add of PlayerLoopSystem[] and Int32   e.g. PlayerLoopHelper.InsertLoop: 75 Move v136 @ V1_v6, [v230 @ X8_v16+20]
Import :             4 Il2CppClass.0x3F8   e.g. MMFeedbackPosition.CustomPlayFeedback: 223 Move v331 @ X9_v5, [v283 @ X8_v20 (Il2CppClass<MoreMountains.Feedbacks.MMFeedbackPosition>)+3F8]
Import :             4 base has no type, from Move from AddressOf(Matrix4x4)   e.g. CinemachineGroupComposer.MutateCameraState: 687 Move this.<LastBoundsMatrix>k__BackingField.m02 (System.Single), [v1654 @ X8_v77+20]
Import :             4 base has no type, from Move from [TEdge + 0x0]   e.g. ClipperBase.ProcessBound: 188 CheckNotEqual v401 @ TEMPCOND_v34 (System.Boolean), [v196 @ X9_v42+50], -3.4E+38d
Import :             4 byref at 0x1C, from no definition   e.g. MMPath.SetPath: 225 Move this.CycleOption (MoreMountains.Tools.MMPath+CycleOptions), [configuration @ X1 (Data&)+1C]
Import :             4 Il2CppClass.0x438   e.g. ES3Reflection.GetGenericTypeDefinition: 5 Move v5 @ X2_v1, [v4 @ X8_v1 (Il2CppClass<System.Type>)+438]
Import :             4 base has no type, from Move from [Component + 0xB0]   e.g. <TestPlaySound>d__47.MoveNext: 86 CheckEqual v198 @ TEMP_v30 (System.Boolean), [v153 @ X22_v16+18], 0
Import :             4 Il2CppClass.0x448   e.g. MMF_Player.PlayFeedbacksInternal: 194 Move v182 @ X9_v8, [v318 @ X8_v19 (Il2CppClass<MoreMountains.Feedbacks.MMF_Player>)+448]
Import :             3 Il2CppClass.0x860   e.g. TypeExtensions.BaseType: 6 Move v6 @ X1_v1, [v4 @ X8_v1 (Il2CppClass<System.Type>)+860]
Import :             3 base has no type, from Move from [Boolean + 0xF0]   e.g. Vector3ArrayPlugin.EvaluateAndApply: 134 CheckNotEqual v535 @ TEMPCOND_v49 (System.Boolean), [v351 @ X9_v21+A8], 2
Import :             3 base has no type, from Move from [Data& + 0x10]   e.g. MMPath.SetPath: 78 CallVoid List`1<MoreMountains.Tools.MMPathMovementElement>..ctor, v180 @ X0_v39 (System.Collections.Generic.List`1<MoreMountains.Tools.MMPathMovementElement>), [v171 @ X22_v11+18]
Import :             3 base has no type, from Move from AddressOf(stack_-F0, Single)   e.g. UIParticleUpdater.GetScaledMatrix: -1 Move v314 @ V2_v2 (System.Single), [v552 @ X8_v4+10]
Import :             3 Il2CppMethodInfo.0x2C   e.g. CinemachineVirtualCameraBase.CreateBlend: 77 Move v232 @ V1_v5 (System.Single), [methodInfo @ X5 (Il2CppMethodInfo)+2C]
Import :             3 base has no type, from Move from [Il2CppStaticFields<Newtonsoft.Json.Utilities.DateTimeUtils> + 0x0]   e.g. DateTimeUtils.GetDateValues: 206 CheckLess v219 @ C_v13 (System.Boolean), v263 @ X11_v10 (System.Int32), [v212 @ X8_v16+18]
Import :             3 base has no type, from Add of Tween and Immediate   e.g. Vector3ArrayPlugin.EvaluateAndApply: 252 Add v705 @ V0_v5 (System.Single), v705 @ V0_v5 (System.Single), [v658 @ X10_v12+v692 @ X8_v64 (System.Int32)*4]
Import :             3 array at 0x0, from Move from the field SerializedMMAchievement[]   e.g. MMAchievementManager.ExtractSerializedMMAchievementManager: 94 Move v288 @ X8_v17 (MoreMountains.Tools.SerializedMMAchievement), [v287 @ X8_v16 (MoreMountains.Tools.SerializedMMAchievement[])+v66 @ X24_v7 (System.Int32)*8]
Import :             3 Il2CppClass.0x510   e.g. MMF_Position.ComputeNewCurvePosition: 263 Move v130 @ X2_v2, [v135 @ X8_v3 (Il2CppClass<MoreMountains.Feedbacks.MMF_Position>)+510]
Import :             3 Il2CppClass.0x538   e.g. JsonDataWriter.WriteInt32: 2 Move v4 @ X4_v1, [v0 @ X8_v1 (Il2CppClass<Sirenix.Serialization.JsonDataWriter>)+538]
Import :             3 base has no type, from Subtract   e.g. BaseFormatter`1.Deserialize: 809 CallVoid DebugContext.LogException, v160 @ X0_v24 (Sirenix.Serialization.DebugContext), [v86 @ X25_v8+v175 @ X8_v12*8]
Import :             3 base has no type, from Move from AddressOf(stack_-1A0, Matrix4x4)   e.g. ShapeCache.CalculateDeltaTransformationMatrix: 158 Move [this @ X0 (Cinemachine.CinemachineConfiner2D+ShapeCache)+30], [v404 @ X8_v5+20]
Import :             3 base has no type, from Move from [Il2CppClass<System.Collections.IEnumerator> + 0x0]   e.g. ES3Type.ReadProperties: 2292 Move v1345 @ X9_v24, [v1474 @ X8_v43+12E]
Import :             3 Il2CppClass.0x498   e.g. JContainer.System.Collections.IList.Remove: 8 Move v12 @ X3_v1, [v9 @ X8_v1 (Il2CppClass<Newtonsoft.Json.Linq.JContainer>)+498]
Import :             3 static field storage at 0xB8   e.g. MMGyroscope.Update: 102 Move this._LerpedCalibratedInputAcceleration.z (System.Single), [v110 @ X9_v25 (Il2CppStaticFields<MoreMountains.Tools.MMGyroscope>)+B8]
Import :             3 array at 0x0, from Move from the field MeshFilter[]   e.g. RoomObject.CombineMesh: 156 Call MeshFilter.get_sharedMesh, v1339 @ X0_v229 (UnityEngine.Mesh), [v1094 @ X8_v124 (UnityEngine.MeshFilter[])+v817 @ X28_v20 (System.Int32)*8]
Import :             3 Il2CppClass.0x140   e.g. JsonSerializer.SetupReader: 77 Move v169 @ X2_v1 (System.Globalization.CultureInfo&), [v74 @ X8_v45 (Il2CppClass<System.Globalization.CultureInfo>)+140]
Import :             3 base has no type, from Add of String and Int32   e.g. BinaryDataWriter.WriteStringFast: 340 Move [v1059 @ X11_v33 (System.Int32)+10], [v1057 @ X12_v4+10]
Import :             3 byref at 0x68, from no definition   e.g. MMWiggle.UpdateValue: 135 Move [internalProperties @ X3 (MoreMountains.Feedbacks.InternalWiggleProperties&)], [internalProperties @ X3 (MoreMountains.Feedbacks.InternalWiggleProperties&)+68]
Import :             3 base has no type, from Move from [IDictionary + 0xC0]   e.g. GameObjectExtensions.MMGetComponentNoAlloc: 191 Move v159 @ X0_v12, [v149 @ X8_v6+10]
Import :             3 base has no type, from Move from [DoubleLookupDictionary`3<TFirstKey, TSecondKey, TValue> + 0xC0]   e.g. DoubleLookupDictionary`3.RemoveWhere: 438 Move v725 @ X0_v34 (Sirenix.Utilities.DoubleLookupDictionary`3<TFirstKey, TSecondKey, TValue>), [v717 @ X8_v42+10]
Import :             3 base has no type, from Move from AddressOf(stack_-A0, Single)   e.g. CacheEntry.CreateCurves: 132 Move v211 @ V1_v11, [v90 @ X24_v2+14]
Import :             3 array at 0x0, from Move from the field CinemachineOrbitalTransposer[]   e.g. CinemachineFreeLook.PushSettingsToRigs: 385 Move v445 @ X8_v18 (Cinemachine.CinemachineOrbitalTransposer), [v444 @ X8_v17 (Cinemachine.CinemachineOrbitalTransposer[])+v355 @ X24_v5 (System.Int32)*8]
Import :             3 byref at 0x70, from no definition   e.g. MMWiggle.UpdateValue: 136 Move [internalProperties @ X3 (MoreMountains.Feedbacks.InternalWiggleProperties&)+8], [internalProperties @ X3 (MoreMountains.Feedbacks.InternalWiggleProperties&)+70]
Import :             3 base has no type, from Add of Byte[] and an untyped local   e.g. BigInteger..ctor: 146 ShiftLeft v458 @ X15_v6 (System.Int32), [v454 @ X14_v9+1D], 24
Import :             3 base has no type, from Add of the field Vector4[] and Int32   e.g. CinemachineFreeLook.GetLocalPositionForCameraFromInput: 119 MakeStruct v68 @ AGG18F77A4_1_v2 (UnityEngine.Vector3), typeof(UnityEngine.Vector3), [v271 @ X8_v11+20], v17[v162 @ X10_v2 (System.Int32)].y (System.Single), v17[v162 @ X10_v2 (System.Int32)].z (System.Single)
Import :             3 base has no type, from Move from AddressOf(stack_-60, Matrix4x4)   e.g. MMGyroscope.Calibrate: 54 Move [v72 @ X8_v7 (Il2CppStaticFields<MoreMountains.Tools.MMGyroscope>)+100], [v46 @ X8_v5+20]
Import :             3 Il2CppClass.0x558   e.g. MMFloatingTextMeshPro.SetText: 6 Move v6 @ X3_v1, [v5 @ X8_v1 (Il2CppClass<TMPro.TextMeshPro>)+558]
Import :             3 base has no type, from Add of [ReflectionDelegateFactory + 0x0] and Int32   e.g. ReflectionObject.Create: 148 Move v69 @ X0_v5 (Newtonsoft.Json.Utilities.ReflectionDelegateFactory), [v559 @ X8_v83+140]
Import :             3 base has no type, from Move from [String + 0x20]   e.g. EnumSerializer`1.ReadValue: 529 Move v684 @ X8_v46, [v682 @ X8_v45+C0]
Import :             3 static field storage at 0xC4   e.g. MMGyroscope.Update: 107 Move this._LerpedCalibratedGyroscopeGravity.z (System.Single), [v112 @ X8_v10 (Il2CppStaticFields<MoreMountains.Tools.MMGyroscope>)+C4]
Import :             3 base has no type, from Add of [Vector4[]& + 0x0] and Int32   e.g. SplineHelpers.ComputeSmoothControlPointsLooped: 121 Move [v146 @ X10_v5+v305 @ X8_v12 (System.Int32)*16], [v525 @ X15_v6+20]
Import :             3 static field storage at 0x7C   e.g. MMGyroscope.Update: 77 Move this._InitialGyroscopeAcceleration.z (System.Single), [v95 @ X9_v15 (Il2CppStaticFields<MoreMountains.Tools.MMGyroscope>)+7C]
Import :             3 Il2CppClass.0x578   e.g. JsonDataWriter.WriteByte: 2 Move v4 @ X4_v1, [v0 @ X8_v1 (Il2CppClass<Sirenix.Serialization.JsonDataWriter>)+578]
Import :             3 base has no type, from Add of Color[] and an untyped local   e.g. ColorExtensions.Lerp: 110 Subtract v183 @ V1_v8, [v96 @ X10_v5+20], [v124 @ X8_v3+20]
Import :             3 Il2CppClass.0x160   e.g. FastTypeComparer.GetHashCode: 7 Move v7 @ X8_v2, [v4 @ X8_v1 (Il2CppClass<System.Type>)+160]
Import :             3 Il2CppClass.-0x8   e.g. DefaultContractResolver.GetSerializableMembers: 927 CheckEqual v1369 @ Z_v42 (System.Boolean), [v1344 @ X10_v42 (Il2CppClass<System.IDisposable>)-8], typeof(System.IDisposable)
Import :             3 base has no type, from Move from [Il2CppRgctx<System.String> + 0x8]   e.g. ComplexTypeSerializer`1.WriteValue: 917 And v3013 @ TEMP_v108 (System.Int32), [v3011 @ X8_v141+135], 1
Import :             3 array at 0x24, from no definition   e.g. ScreenshotCutter.CropTexture: 62 Subtract v152 @ V3_v2 (System.Single), [v52 @ X0_v3 (UnityEngine.Vector3[])+30], [v52 @ X0_v3 (UnityEngine.Vector3[])+24]
Import :             3 base has no type, from Move from AddressOf(stack_-A0, Object)   e.g. MMDebug.get_LogHistoryText: 130 Call String.IsNullOrEmpty, v414 @ X0_v15 (System.Boolean), [v347 @ X8_v12+8]
Import :             3 Il2CppClass.0x158   e.g. FastTypeComparer.GetHashCode: 6 Move v6 @ X2_v1, [v4 @ X8_v1 (Il2CppClass<System.Type>)+158]
Import :             3 base has no type, from Add of Single[] and Immediate   e.g. LinearDecoder.GetPoint: 54 CheckGreaterOrEqual v272 @ TEMPCOND_v14 (System.Boolean), [v151 @ X12_v9+v253 @ X10_v8 (System.Int32)*4], perc @ V0 (System.Single)
Import :             2 base has no type, from Move from [PropertyInfo + 0x0]   e.g. ES3ReflectedMember.get_Name: 9 Move v13 @ X2_v1, [v12 @ X8_v2+1B8]
Import :             2 base has no type, from Move from AddressOf(stack_-B8, Vector3)   e.g. MMConeOfVision.DrawMesh: 206 Move this._viewCast.Distance (System.Single), [v894 @ X8_v30+10]
Import :             2 base has no type, from Move from [Object + 0x20]   e.g. X509Extension.Equals: 95 Move v117 @ X10_v7 (System.Int32), [v251 @ X10_v5+18]
Import :             2 base has no type, from Move from AddressOf(stack_-78)   e.g. DelegateFormatter`1.DeserializeImplementation: 3209 Call Exception.GetType, v4201 @ X0_v563 (System.Type), [v2910 @ X22_v30+v715 @ X19_v74 (System.Int32)*8]
Import :             2 base has no type, from Add of Vector4[] and Int32   e.g. SplineHelpers.ComputeSmoothControlPointsLooped: 266 Move [v141 @ X11_v11+20], [v133 @ X12_v11+20]
Import :             2 base has no type, from Move from [Il2CppClass<Newtonsoft.Json.Linq.JToken> + 0xC8]   e.g. JObject.ValidateToken: 78 CheckNotEqual v214 @ TEMPCOND_v8 (System.Boolean), [v203 @ X10_v7+v118 @ X9_v8*8], typeof(Newtonsoft.Json.Linq.JProperty)
Import :             2 static field storage at 0x78   e.g. DOTweenComponent.OnDestroy: 241 Move v472 @ X9_v30 (System.Int32), [v426 @ X9_v19 (Il2CppStaticFields<DG.Tweening.DOTween>)+78]
Import :             2 base has no type, from Move from [Boolean + 0x20]   e.g. TweenerCore`3.ChangeEndValue: 3 Move v5 @ X8_v2, [v0 @ X8_v1+C0]
Import :             2 Il2CppClass.0x3A8   e.g. MMFeedback.Stop: 52 Move v67 @ X2_v5, [v63 @ X8_v3 (Il2CppClass<MoreMountains.Feedbacks.MMFeedback>)+3A8]
Import :             2 base has no type, from Add of Color[] and Int32   e.g. ScreenshotRotation.RotateTextureRight: 158 Move [v390 @ X8_v21+20], [v389 @ X8_v20+20]
Import :             2 base has no type, from Move from [Il2CppClass<DG.Tweening.Tween> + 0x0]   e.g. Sequence.ApplyInternalCycle: 188 CheckLess v1018 @ C_v75 (System.Boolean), [v420 @ X8_v65 (Il2CppClass<DG.Tweening.Tween>)+130], [v360 @ X1_v21+130]
Import :             2 base has no type, from Add of Char[] and Int32   e.g. DefaultJsonNameTable.TextEquals: 64 Subtract v184 @ TEMP1_v8 (System.Int32), v154 @ X9_v6 (System.Int32), [v229 @ X8_v7+20]
Import :             2 Il2CppClass.0x570   e.g. JsonDataWriter..ctor: 358 CallVoid Action`2<System.Object, System.UInt32>..ctor, v391 @ X0_v56 (System.Delegate), this @ X0 (Sirenix.Serialization.JsonDataWriter), [v392 @ X8_v36 (Il2CppClass<Sirenix.Serialization.JsonDataWriter>)+570]
Import :             2 array at 0x50, from Move from [Vector4[]& + 0x0]   e.g. CinemachineFreeLook.UpdateCachedSpline: 363 Subtract v200 @ V2_v6 (System.Single), v588.zeroVector (UnityEngine.Vector4), [v381 @ X9_v14 (UnityEngine.Vector4[])+50]
Import :             2 Il2CppClass.0x6E0   e.g. ReflectionUtils.IsOverridenGenericMember: 138 Move v60 @ X3_v5, [v124 @ X8_v20 (Il2CppClass<System.Type>)+6E0]
Import :             2 base has no type, from Move from [Il2CppClass<System.Collections.Generic.List`1<Newtonsoft.Json.Serialization.JsonProperty>> + 0xC8]   e.g. JsonPropertyCollection..ctor: 108 CheckNotEqual v171 @ TEMPCOND_v5 (System.Boolean), [v159 @ X11_v5+v160 @ X10_v5*8], typeof(System.Collections.Generic.List`1<Newtonsoft.Json.Serialization.JsonProperty>)
Import :             2 base has no type, from Move from AddressOf(stack_-A8)   e.g. UnitySerializationUtility.DeserializeUnityObject: 1444 Call Exception.get_Message, v2064 @ X0_v72 (System.String), [v1317 @ X20_v11+v786 @ stack_-D8_v8 (System.Int32)*8]
Import :             2 base has no type, from Add of PreLaunchItem[] and Int32   e.g. GameInstaller.Awake: 151 CallVoid PoolManager.PoolPreLaunch, [v387 @ X8_v30+20], [v387 @ X8_v30+28], v390 @ X0_v59 (UnityEngine.Transform)
Import :             2 base has no type, from Add of NamingStrategy and Int32   e.g. EnumUtils.ParseEnum: -1 Move v811 @ X1_v5 (System.UInt64), [v706 @ X9_v2+20]
Import :             2 static field storage at -0x8   e.g. DerivedDictionaryFormatter`3.SerializeImplementation: 628 CheckEqual v654 @ Z_v11 (System.Boolean), [v670 @ X10_v13 (Il2CppStaticFields<Sirenix.Serialization.DerivedDictionaryFormatter`3<TDictionary, TKey, TValue>>)-8], typeof(Sirenix.Serialization.IDataWriter)
Import :             2 Il2CppClass.0x918   e.g. DefaultSerializationBinder.GetGenericTypeFromTypeName: 254 Move v245 @ X3_v5, [v262 @ X8_v15 (Il2CppClass<System.Type>)+918]
Import :             2 base has no type, from Add of [Il2CppStaticFields<Sirenix.Serialization.BaseFormatter`1<T>> + 0x8] and Int32   e.g. BaseFormatter`1.Serialize: 446 Move v619 @ X8_v26, [v804 @ X8_v25+20]
Import :             2 array at 0x0, from Move from the field CinemachineComponentBase[]   e.g. CinemachineVirtualCamera.CalculateNewState: 284 Call Object.op_Inequality, v406 @ X0_v63 (System.Boolean), [v657 @ X8_v18 (Cinemachine.CinemachineComponentBase[])+v372 @ X22_v10 (System.Int32)*8], 0
Import :             2 base has no type, from Move from [Il2CppRgctx<System.Object[]> + 0x18]   e.g. ComplexTypeSerializer`1.ReadValue: 1271 Call 37F7400, v2871 @ X0_v380, [v1 @ X29-E0], 0, [v62 @ X8_v6+FC], v1377 @ X3_v6, v983 @ X4_v2 (System.String), v42 @ X5, v43 @ X6, v44 @ X7, v45 @ V0, v46 @ V1, v47 @ V2, v48 @ V3, v49 @ V4, v50 @ V5, v51 @ V6, v52 @ V7
Import :             2 array at 0x0, from Move from the field Target[]   e.g. CinemachineTargetGroup.UpdateMemberValidity: 179 Call Object.op_Inequality, v236 @ X0_v17 (System.Boolean), [v255 @ X8_v13 (Target[])+v103 @ X28_v6 (System.Int32)], 0
Import :             2 static field storage at 0xAC   e.g. MMGyroscope.Update: 97 Move this._CalibratedGyroscopeGravity.z (System.Single), [v107 @ X9_v23 (Il2CppStaticFields<MoreMountains.Tools.MMGyroscope>)+AC]
Import :             2 array at 0x0, from Move from the field ES3Member[]   e.g. ES3Type.ReadProperties: 256 Move v1804 @ X8_v258 (ES3Internal.ES3Member), [v1776 @ X8_v73 (ES3Internal.ES3Member[])+v1761 @ X24_v41 (Il2CppClass<ES3Types.ES3DictionaryType>)*8]
Import :             2 base has no type, from Move from [Il2CppClass<Sirenix.Utilities.TypeExtensions> + 0x0]   e.g. TypeExtensions..cctor: 2319 Add v2294 @ X0_v577 (System.Collections.Generic.Dictionary`2<System.Type, System.Collections.Generic.HashSet`1<System.Type>>), [v2291 @ X8_v367+B8], 160
Import :             2 base has no type, from Add of the field Item[] and Int32   e.g. HeadingTracker.PopBottom: 86 Subtract v57 @ V8_v3 (System.Single), v123 @ V0_v2 (System.Single), [v185 @ X8_v9+30]
Import :             2 array at 0x0, from a call's result   e.g. RoomObject.CombineMesh: 576 Call Object.get_name, v1955 @ X0_v176 (System.String), [v978 @ X0_v174 (UnityEngine.Material[])+v822 @ X28_v16 (System.Int32)*8]
Import :             2 base has no type, from Move from AddressOf(stack_-268, Single)   e.g. CameraState.Lerp: 556 Move v167 @ V1_v111 (Cinemachine.LensSettings), [v150 @ X22_v2+FC]
Import :             2 static field storage at 0xD8   e.g. MMGyroscope.HandleTestMode: 38 Move [v60 @ X9_v4 (Il2CppStaticFields<MoreMountains.Tools.MMGyroscope>)+48], [v60 @ X9_v4 (Il2CppStaticFields<MoreMountains.Tools.MMGyroscope>)+D8]
Import :             2 array at 0x34, from no definition   e.g. CatmullRomDecoder.FinalizePath: 132 Move v282 @ V0_v3 (UnityEngine.Vector3), [wps @ X2 (UnityEngine.Vector3[])+34]
Import :             2 array at 0x30, from no definition   e.g. MMDebug.MonoRayCastNonAlloc: 97 Move returnBuffer.m_Normal (UnityEngine.Vector2), [array @ X0 (UnityEngine.RaycastHit2D[])+30]
Import :             2 base has no type, from Move from AddressOf(stack_-E8)   e.g. PlayerLoopHelper.InsertRunner: 70 Move v123 @ V1_v3 (System.Type), [v44 @ X26_v1+10]
Import :             2 byref at 0x6C, from no definition   e.g. CinemachineComposer.MutateCameraState: 444 Move v453 @ V1_v2 (System.Single), [curState @ X1 (Cinemachine.CameraState&)+6C]
Import :             2 Il2CppClass.0x530   e.g. JsonDataWriter..ctor: 270 CallVoid Action`2<System.Object, System.Int32>..ctor, v279 @ X0_v36 (System.Delegate), this @ X0 (Sirenix.Serialization.JsonDataWriter), [v283 @ X8_v12 (Il2CppClass<Sirenix.Serialization.JsonDataWriter>)+530]
Import :             2 base has no type, from Add of Vector4[] and Immediate   e.g. CinemachineSmoothPath.UpdateControlPoints: 232 Move [v283 @ X13_v7+20], [v81 @ X11_v4+v384 @ X8_v14 (System.Int32)*16]
Import :             2 Il2CppClass.0x858   e.g. TypeExtensions.BaseType: 5 Move v5 @ X2_v1, [v4 @ X8_v1 (Il2CppClass<System.Type>)+858]
Import :             2 base has no type, from Add of the field ParentHash[] and Immediate   e.g. CinemachineStateDrivenCamera.ValidateInstructions: 270 ShiftRight v375 @ X2_v3 (System.Int32), [v160 @ X23_v5+v228 @ X22_v7 (System.Int32)*8], 32
Import :             2 base has no type, from Add of [Il2CppStaticFields<Sirenix.Serialization.BaseFormatter`1<T>> + 0x10] and Int32   e.g. BaseFormatter`1.InvokeOnDeserializingCallbacks: 95 Move v70 @ X8_v26, [v230 @ X8_v25+20]
Import :             2 base has no type, from Add of the field Vector2[] and Immediate   e.g. SlicedFilledImage.GenerateSlicedFilledSprite: 1522 Move v481 @ V6_v10 (System.Single), [v1272 @ X9_v20+v1318 @ X8_v51 (System.Int32)]
Import :             2 Il2CppClass.0x5B0   e.g. JsonDataWriter..ctor: 468 CallVoid Action`2<System.Object, System.Double>..ctor, v491 @ X0_v81 (System.Delegate), this @ X0 (Sirenix.Serialization.JsonDataWriter), [v492 @ X8_v66 (Il2CppClass<Sirenix.Serialization.JsonDataWriter>)+5B0]
Import :             2 Il2CppClass.0x5D8   e.g. ES3Type_Text.WriteComponent: 152 Move v642 @ X9_v43 (System.Int32), [v196 @ X8_v9 (Il2CppClass<System.Object>)+5D8]
Import :             2 Il2CppClass.0x598   e.g. TypeExtensions.IsEnum: 5 Move v5 @ X2_v1, [v4 @ X8_v1 (Il2CppClass<System.Type>)+598]
Import :             2 base has no type, from Move from [T2 + 0x20]   e.g. TweenerCore`3.ChangeStartValue: 53 Move v63 @ X8_v5, [v59 @ X8_v4+C0]
Import :             2 base has no type, from Move from [Il2CppClass<Sirenix.Serialization.Utilities.TypeExtensions> + 0x0]   e.g. TypeExtensions..cctor: 2319 Add v2294 @ X0_v577 (System.Collections.Generic.Dictionary`2<System.Type, System.Collections.Generic.HashSet`1<System.Type>>), [v2291 @ X8_v367+B8], 160
Import :             2 base has no type, from Move from AddressOf(stack_-A0, Keyframe)   e.g. CinemachineImpulseDefinition.CreateStandardShapes: 314 Move [v2150 @ X8_v15+C], [v2150 @ X8_v15+2C]
Import :             2 base has no type, from Move from AddressOf(stack_-550, Single)   e.g. UIParticleUpdater.BakeMesh: -1 Move v893 @ V2_v37 (System.Single), [v2008 @ X8_v47+20]
Import :             2 base has no type, from Move from AddressOf(stack_-70)   e.g. JsonTextReader.ReadAsDateTimeOffset: 53 Move [v19 @ X8+10], [v51 @ X20_v2+10]
Import :             2 base has no type, from Add of IEnumerable`1<System.Reflection.ParameterInfo> and Int32   e.g. MethodInfoExtensions.GetParamsNames: 97 Move v142 @ X21_v9, [v158 @ X8_v12+20]
Import :             2 static field storage at 0x12E   e.g. JEnumerable`1.GetEnumerator: 79 Move v136 @ X9_v4, [v157 @ X8_v16 (Il2CppStaticFields<Newtonsoft.Json.Linq.JEnumerable`1<T>>)+12E]
Import :             2 Il2CppClass.0x3B0   e.g. MMFeedback.Stop: 53 Move v68 @ X1_v5, [v63 @ X8_v3 (Il2CppClass<MoreMountains.Feedbacks.MMFeedback>)+3B0]
Import :             2 base has no type, from Add of the field StringReference and Int32   e.g. JsonTextReader.ParseReadNumber: 212 CheckEqual v238 @ Z_v13 (System.Boolean), [v315 @ X9_v13+20], 46
Import :             2 base has no type, from Add of [Il2CppClass<Newtonsoft.Json.Serialization.NamingStrategy> + 0xC8] and Int32   e.g. StringEnumConverter.get_CamelCaseText: 43 Subtract v81 @ TEMP1_v4, [v77 @ X9_v5-8], typeof(Newtonsoft.Json.Serialization.CamelCaseNamingStrategy)
Import :             2 static field storage at 0x80   e.g. DOTweenComponent.OnDestroy: 287 Move v510 @ X9_v26 (System.Int32), [v485 @ X9_v23 (Il2CppStaticFields<DG.Tweening.DOTween>)+80]
Import :             2 base has no type, from Move from [Component + 0x90]   e.g. <SkipToTheEndCo>d__33.MoveNext: 75 Subtract v107 @ X23_v4 (System.Int32), [v293 @ X0_v19+18], 1
Import :             2 Il2CppClass.0x5C0   e.g. JsonDataWriter..ctor: 424 CallVoid Action`2<System.Object, System.Boolean>..ctor, v451 @ X0_v71 (System.Delegate), this @ X0 (Sirenix.Serialization.JsonDataWriter), [v452 @ X8_v54 (Il2CppClass<Sirenix.Serialization.JsonDataWriter>)+5C0]
Import :             2 base has no type, from Move from [Int32 + 0xB8]   e.g. JsonSerializerInternalReader.CreateObjectUsingCreatorWithParameters: 930 Move v1442 @ X27_v73 (System.Func`2<Newtonsoft.Json.Serialization.JsonProperty, System.String>), [v3261 @ X9_v200+10]
Import :             2 base has no type, from Add of the field UInt32[] and Immediate   e.g. Kernel.SingleByteDivideInPlace: 29 And v136 @ X13_v5 (System.Int32), [v52 @ X11_v4+v56 @ X8_v4 (System.UInt32)*4], 4294967295
Import :             2 base has no type, from Move from [Il2CppStaticFields<Sirenix.Serialization.BaseFormatter`1<T>> + 0x10]   e.g. BaseFormatter`1.InvokeOnDeserializingCallbacks: 51 CheckGreaterOrEqual v40 @ TEMPCOND_v4 (System.Boolean), v74 @ X24_v2 (System.Int32), [v111 @ X8_v10+18]
Import :             2 base has no type, from Add of Vector3[][] and Int32   e.g. ExtensionMesh.RecalculateNormals: 893 Add v1988 @ X8_v77, [v1820 @ X8_v75+20], v1987 @ TEMP_v54 (System.Int32)
Import :             2 Il2CppClass.0x6C0   e.g. ES3Reflection.GetSerializableFields: 82 Move v534 @ X2_v13 (Il2CppMethodInfo), [v173 @ X8_v14 (Il2CppClass<System.Type>)+6C0]
Import :             2 base has no type, from Move from [Il2CppClass<UnityEngine.Object> + 0xC8]   e.g. MMDebug.InstantiateOnScreenConsole: 139 CheckNotEqual v375 @ TEMPCOND_v9 (System.Boolean), [v363 @ X10_v11+v364 @ X9_v18*8], typeof(MoreMountains.Tools.MMDebugOnScreenConsole)
Import :             2 base has no type, from Move from [Il2CppClass<System.Collections.Generic.List`1<Newtonsoft.Json.Converters.IXmlNode>> + 0x10]   e.g. XmlNodeWrapper.get_ChildNodes: 241 CheckLess v827 @ C_v30 (System.Boolean), [v485 @ X21_v14 (Il2CppClass<System.Collections.Generic.List`1<Newtonsoft.Json.Converters.IXmlNode>>)+18], [v497 @ X8_v41+18]
Import :             2 static field storage at 0xA0   e.g. MMGyroscope.Update: 92 Move this._CalibratedInputAcceleration.z (System.Single), [v104 @ X9_v21 (Il2CppStaticFields<MoreMountains.Tools.MMGyroscope>)+A0]
Import :             2 base has no type, from Add of ArrayAccess and Int32   e.g. JsonWriter.AutoComplete: 69 CheckEqual v133 @ Z_v6 (System.Boolean), [v141 @ X9_v6+20], 9
Import :             2 base has no type, from Add of Waypoint[] and Int32   e.g. CinemachineSmoothPath.UpdateControlPoints: 149 Move [v408 @ X10_v9+20], [v473 @ X10_v8+20]
Import :             2 base has no type, from Move from [Object + 0x48]   e.g. <PlaySong>d__23.MoveNext: 124 CheckNotEqual v380 @ TEMPCOND_v13 (System.Boolean), [v541 @ X8_v53+20], 1
Import :             2 base has no type, from Move from [Il2CppStaticFields<Sirenix.Serialization.BaseFormatter`1<T>> + 0x8]   e.g. BaseFormatter`1.Serialize: 402 CheckGreaterOrEqual v402 @ TEMPCOND_v3 (System.Boolean), v87 @ X23_v4 (System.InvalidCastException), [v189 @ X8_v13+18]
Import :             2 array at 0x0, from Move from Type[]   e.g. TypeExtensions.TryInferGenericParameters: 827 Call Dictionary`2<System.Type, System.Type>.get_Item, v1656 @ X0_v92 (System.Type), v249.GenericConstraintsSatisfactionInferredParameters (System.Collections.Generic.Dictionary`2<System.Type, System.Type>), [v1123 @ X9_v19 (System.Type[])+v1097 @ X24_v16 (System.Int32)]
Import :             2 array at 0x2C, from no definition   e.g. CatmullRomDecoder.FinalizePath: 133 Move v280 @ V1_v3 (UnityEngine.Vector3), [wps @ X2 (UnityEngine.Vector3[])+2C]
Import :             2 base has no type, from Move from [Il2CppClass<System.Object> + 0xC8]   e.g. ES3ReflectedMember..ctor: 103 CheckNotEqual v238 @ TEMPCOND_v9 (System.Boolean), [v226 @ X10_v7+v227 @ X9_v14*8], typeof(System.Reflection.PropertyInfo)
Import :             1 array at 0x24, from Move from the field Orbit[]   e.g. CinemachineFreeLook.UpdateCachedSpline: 262 Negate v256 @ V0_v10, [v406 @ X8_v9 (Orbit[])+24]
Import :             1 base has no type, from Move from AddressOf(String)   e.g. BaseDataReaderWriter.PushNode: 62 Move v127[v123 @ X9_v4 (System.Int32)].Type (System.Type), [v131 @ X10_v4+10]
Import :             1 base has no type, from Add of Instruction[] and Int32   e.g. CinemachineBlendListCamera.InternalUpdateCameraState: 89 Move v162 @ X22_v1 (UnityEngine.Object), [v300 @ X8_v34+20]
Import :             1 base has no type, from Move from [Il2CppRgctx<Sirenix.Serialization.StackFormatter`2> + 0xB8]   e.g. StackFormatter`2.SerializeImplementation: 125 Move v628 @ X8_v51, [v626 @ X8_v50+20]
Import :             1 base has no type, from Move from AddressOf(stack_-70, Vector3)   e.g. CacheCurve.Evaluate: 196 Move v293 @ V0_v2 (UnityEngine.Quaternion), [v55 @ X22_v2+C]
Import :             1 base has no type, from Add of the field GUILayoutOptionsInstance[] and Int32   e.g. GUILayoutOptions..cctor: 148 Move [v262 @ X0_v29], [v170 @ X8_v24-8]
Import :             1 array at 0x24, from Add of the field Vector3[] and Int32   e.g. CatmullRomDecoder.SetWaypointsLengths: 143 Move [v260 @ X8_v14 (DG.Tweening.Plugins.Core.PathCore.ControlPoint[])+24], [v547 @ X11_v5 (DG.Tweening.Plugins.Core.PathCore.ControlPoint[])+24]
Import :             1 base has no type, from Move from AddressOf(stack_-A0)   e.g. CacheCurve.AddUntil: 78 Move [v53 @ X22_v2+2C], [v107 @ X8_v7+C]
Import :             1 base has no type, from Move from [JContainer + 0x50]   e.g. JContainer.ReadContentFrom: 102 CheckEqual v148 @ TEMP_v10 (System.Boolean), [v192 @ X8_v10+10], 0
Import :             1 Il2CppClass.0x670   e.g. JObject.set_Item: 36 Move v50 @ X2_v4, [v44 @ X8_v2 (Il2CppClass<Newtonsoft.Json.Linq.JObject>)+670]
Import :             1 base has no type, from Move from [SerializationData& + 0x30]   e.g. UnitySerializationUtility.DeserializeUnityObject: 980 CheckGreater v1440 @ TEMPCOND_v70 (System.Boolean), [v2105 @ X8_v90+18], 0
Import :             1 base has no type, from Move from [Il2CppClass<UnityEngine.GameObject> + 0x10]   e.g. RoomObject.CombineMesh: 1246 CheckLess v2127 @ C_v29 (System.Boolean), [v2059 @ X0_v87 (Il2CppClass<UnityEngine.GameObject>)+18], [v1122 @ X8_v62+18]
Import :             1 base has no type, from Move from AddressOf(stack_-F0)   e.g. ES3Type_ForceOverLifetimeModule.Write: 189 Move [v30 @ X24_v1+10], [v359 @ X8_v16+10]
Import :             1 array at 0x38, from Move from [Vector4[]& + 0x0]   e.g. SplineHelpers.ComputeSmoothControlPoints: 1288 Subtract v617 @ V4_v4 (System.Single), [v164 @ X9_v12 (UnityEngine.Vector4[])+38], [v164 @ X9_v12 (UnityEngine.Vector4[])+28]
Import :             1 array at 0x28, from Move from the field Orbit[]   e.g. CinemachineFreeLook.UpdateCachedSpline: 234 Move [v378 @ X9_v8 (UnityEngine.Vector4[])+44], [v405 @ X8_v8 (Orbit[])+28]
Import :             1 base has no type, from Add of IEnumerable`1<System.Object> and Int32   e.g. DelegateFormatter`1.DeserializeImplementation: 990 CheckEqual v2774 @ TEMP_v191 (System.Boolean), [v2871 @ X10_v76+20], 0
Import :             1 base has no type, from Move from AddressOf(stack_-2F0)   e.g. ES3Type_NoiseModule.Write: 739 Move [v30 @ X21_v1+10], [v1026 @ X8_v74+10]
Import :             1 array at 0x2C, from Move from the field Vector3[]   e.g. MMTouchFollowerJoystick.CreateInnerRect: 239 Move this._innerRectTransformTopLeft (UnityEngine.Vector3), [v138 @ X8_v11 (UnityEngine.Vector3[])+2C]
Import :             1 base has no type, from Add of AddressOf(stack_-80, Enumerator<ItemData>) and Immediate   e.g. StageRoom.GetItemData: 89 Move [returnBuffer @ X8 (ItemData)+14], [v81 @ X24_v5+8]
Import :             1 static field storage at 0x94   e.g. MMGyroscope.Update: 87 Move this._InitialGyroscopeGravity.z (System.Single), [v101 @ X9_v19 (Il2CppStaticFields<MoreMountains.Tools.MMGyroscope>)+94]
Import :             1 array at 0x4C, from Move from the field Vector3[]   e.g. MMTouchFollowerJoystick.CreateInnerRect: 274 Move this._innerRectTransformBottomRight.z (System.Single), [v138 @ X8_v11 (UnityEngine.Vector3[])+4C]
Import :             1 base has no type, from Move from [<GetEnumerator>d__2<TEnumeratorKey, TEnumeratorValue> + 0x28]   e.g. <GetEnumerator>d__2.MoveNext: 88 Move v245 @ X24_v11, [v150 @ X8_v64+10]
Import :             1 base has no type, from Add of Vector3[] and Immediate   e.g. Vector3ArrayPlugin.GetSpeedBasedDuration: 80 Divide v192 @ V0_v11 (System.Single), v317 @ V0_v10 (System.Single), [v71 @ X25_v6+v77 @ X22_v7 (System.Int32)*4]
Import :             1 array at 0x44, from Move from the field Vector3[]   e.g. MMTouchFollowerJoystick.CreateInnerRect: 273 Move this._innerRectTransformBottomRight (UnityEngine.Vector3), [v138 @ X8_v11 (UnityEngine.Vector3[])+44]
Import :             1 Il2CppClass.0x5E0   e.g. <>c__DisplayClass37_0.<DOText>b__0: 7 Move v7 @ X1_v1, [v5 @ X8_v1 (Il2CppClass<UnityEngine.UI.Text>)+5E0]
Import :             1 base has no type, from Move from [ICinemachineCamera + 0x340]   e.g. CinemachineFreeLook.OnTransitionFromCamera: 208 Move v374 @ X21_v8 (UnityEngine.Object), [v393 @ X8_v30+28]
Import :             1 base has no type, from Add of [Il2CppClass<DG.Tweening.Tween> + 0xC8] and Int32   e.g. Sequence.ApplyInternalCycle: 212 CheckNotEqual v171 @ TEMPCOND_v52 (System.Boolean), [v1031 @ X8_v67-8], v360 @ X1_v21
Import :             1 base has no type, from Move from AddressOf(stack_-1CB)   e.g. CinemachineFramingTransposer.OnTransitionFromCamera: 120 Move this.m_PreviousCameraPosition (UnityEngine.Vector3), [v249 @ X9_v5+FF]
Import :             1 base has no type, from Add of String[] and Immediate   e.g. PathUtilities.MakeRelative: 354 Call StringBuilder.Append, v556 @ X0_v47 (System.Text.StringBuilder), v214 @ X0_v38 (System.Text.StringBuilder), [v293 @ X22_v8+v288 @ X20_v10*8]
Import :             1 base has no type, from Move from AddressOf(stack_-60, TimeScaleProperties)   e.g. MMTimeManager.Update: 67 Move this._currentProperty.Infinite (System.Boolean), [v228 @ X8_v18+10]
Import :             1 base has no type, from Move from AddressOf(stack_-90, Vector3)   e.g. CacheCurve.Evaluate: 140 Move [v55 @ X22_v2+C], [v144 @ X8_v14+C]
Import :             1 base has no type, from Move from [Il2CppClass<System.Collections.Generic.List`1<System.Collections.Generic.List`1<Cinemachine.ClipperLib+IntPoint>>> + 0x10]   e.g. ConfinerOven.Initialize: 303 CheckLess v686 @ C_v27 (System.Boolean), [v338 @ X0_v48 (Il2CppClass<System.Collections.Generic.List`1<System.Collections.Generic.List`1<Cinemachine.ClipperLib+IntPoint>>>)+18], [v378 @ X8_v41+18]
Import :             1 Il2CppClass.0x8F0   e.g. DataTableConverter.GetColumnDataType: 131 Move v157 @ X1_v8, [v163 @ X8_v13 (Il2CppClass<System.Type>)+8F0]
Import :             1 base has no type, from Add of Int32[] and Immediate   e.g. MultiDimensionalArrayFormatter`2.DeserializeImplementation: 627 Multiply v1472 @ X8_v83 (System.Int32), v1281 @ X8_v106 (System.Int32), [v1219 @ X12_v12+v1265 @ X10_v50 (System.Int32)*4]
Import :             1 base has no type, from Move from [Il2CppClass<Cinemachine.PostFX.CinemachineVolumeSettings> + 0x0]   e.g. CinemachineVolumeSettings.ApplyPostFX: 240 Move v447 @ X8_v17, [v445 @ X0_v32+B8]
Import :             1 array at 0x38, from no definition   e.g. ScreenshotCutter.CropTexture: 64 Subtract v150 @ V2_v2 (System.Single), [v52 @ X0_v3 (UnityEngine.Vector3[])+38], [v52 @ X0_v3 (UnityEngine.Vector3[])+20]
Import :             1 array at 0x34, from Move from the field Vector3[]   e.g. MMTouchFollowerJoystick.CreateInnerRect: 240 Move this._innerRectTransformTopLeft.z (System.Single), [v138 @ X8_v11 (UnityEngine.Vector3[])+34]
Import :             1 byref at -0x30, from Add of ConfinerOven and Immediate   e.g. ConfinerOven.Initialize: 587 CallVoid ClipperOffset.Execute, [v363 @ X20_v10 (System.Collections.Generic.List`1<System.Collections.Generic.List`1<Cinemachine.ClipperLib+IntPoint>>&)-30], v363 @ X20_v10 (System.Collections.Generic.List`1<System.Collections.Generic.List`1<Cinemachine.ClipperLib+IntPoint>>&), v812 @ V0_v16 (System.Single)
Import :             1 array at 0x30, from Move from the field Orbit[]   e.g. CinemachineFreeLook.UpdateCachedSpline: 195 Move [v376 @ X9_v6 (UnityEngine.Vector4[])+34], [v404 @ X8_v7 (Orbit[])+30]
Import :             1 static field storage at 0x1   e.g. JsonTypeReflector.get_FullyTrusted: 83 Return [v82 @ X8_v8 (Il2CppStaticFields<Newtonsoft.Json.Serialization.JsonTypeReflector>)+1]
Import :             1 base has no type, from Move from [Il2CppClass<Sirenix.Serialization.FormatterLocator> + 0x0]   e.g. FormatterLocator.GetFormatter: 100 Move v187 @ X8_v5, [v430 @ X0_v4+B8]
Import :             1 array at 0x3C, from Move from [Vector4[]& + 0x0]   e.g. SplineHelpers.ComputeSmoothControlPoints: 1290 Subtract v619 @ V5_v4 (System.Single), [v164 @ X9_v12 (UnityEngine.Vector4[])+3C], [v164 @ X9_v12 (UnityEngine.Vector4[])+2C]
Import :             1 array at 0x135, from Move from [Il2CppRgctx<System.String> + 0x18]   e.g. MethodInfoFormatter`1.DeserializeImplementation: 883 And v2078 @ TEMP_v86 (System.Int32), [v1377 @ X23_v17 (System.Type[])+135], 1
Import :             1 base has no type, from Add of the field NodeInfo[] and Int32   e.g. BaseDataReaderWriter.PushArray: 87 CallVoid NodeInfo..ctor, &v31 @ stack_-40_v4 (Sirenix.Serialization.NodeInfo), [v189 @ X8_v14+20], v25[v184 @ X8_v12 (System.Int32)].Id (System.Int32), v25[v184 @ X8_v12 (System.Int32)].Type (System.Type), 1
Import :             1 base has no type, from Add of [Preset + 0xB8] and Immediate   e.g. HapticPatterns.GetPresetForType: 140 Move returnBuffer.jsonClip (System.Byte[]), [v73 @ X8_v4+10]
Import :             1 static field storage at 0xB0   e.g. JEnumerable`1.GetEnumerator: 83 Add v145 @ X10_v5, [v157 @ X8_v16 (Il2CppStaticFields<Newtonsoft.Json.Linq.JEnumerable`1<T>>)+B0], 8
Import :             1 static field storage at 0x21   e.g. BaseFormatter`1.Serialize: 267 CheckEqual v515 @ TEMP_v58 (System.Boolean), [v513 @ X8_v60 (Il2CppStaticFields<Sirenix.Serialization.BaseFormatter`1<T>>)+21], 0
Import :             1 byref at 0x38, from Move from SerializationData&   e.g. UnitySerializationUtility.DeserializeUnityObject: 536 CallVoid SerializationNodeDataReader.set_Nodes, v896 @ X0_v24 (Sirenix.Serialization.SerializationNodeDataReader), [v3705 @ X21_v56 (Sirenix.Serialization.SerializationData&)+38]
Import :             1 base has no type, from Add of Single[] and Int32   e.g. Preset.GetDuration: 15 Move returnVal1 @ V0_v1 (System.Single), [v34 @ X8_v3+20]
Import :             1 array at 0x28, from Move from the field ControlPoint[]   e.g. CubicBezierDecoder.FinalizePath: 444 Subtract v502 @ V8_v8 (System.Single), v773 @ V3_v12 (UnityEngine.Vector3), [v198 @ X9_v13 (DG.Tweening.Plugins.Core.PathCore.ControlPoint[])+28]
Import :             1 byref at 0x1, from no definition   e.g. Color32Formatter.Write: 49 CallVoid Serializer`1<System.Byte>.WriteValue, v77.ByteSerializer (Sirenix.Serialization.Serializer`1<System.Byte>), [value @ X1 (UnityEngine.Color32&)+1], writer @ X2 (Sirenix.Serialization.IDataWriter)
Import :             1 array at 0x34, from Move from the field Orbit[]   e.g. CinemachineFreeLook.UpdateCachedSpline: 194 Negate v254 @ V0_v6, [v404 @ X8_v7 (Orbit[])+34]
Import :             1 array at 0x20, from Add of the field Vector3[] and Int32   e.g. CatmullRomDecoder.SetWaypointsLengths: 142 Move [v260 @ X8_v14 (DG.Tweening.Plugins.Core.PathCore.ControlPoint[])+20], [v547 @ X11_v5 (DG.Tweening.Plugins.Core.PathCore.ControlPoint[])+20]
Import :             1 byref at 0x2, from no definition   e.g. Color32Formatter.Write: 58 CallVoid Serializer`1<System.Byte>.WriteValue, v78.ByteSerializer (Sirenix.Serialization.Serializer`1<System.Byte>), [value @ X1 (UnityEngine.Color32&)+2], writer @ X2 (Sirenix.Serialization.IDataWriter)
Import :             1 Il2CppClass.0x830   e.g. ReflectionUtils.GetChildPrivateProperties: 92 Move v178 @ X2_v6 (System.Reflection.BindingFlags), [v237 @ X8_v8 (Il2CppClass<System.Type>)+830]
Import :             1 base has no type, from Add of [Int32 + 0xC8] and Int32   e.g. DelegateFormatter`1.DeserializeImplementation: 1979 CheckNotEqual v3192 @ TEMPCSEL_v15 (System.Boolean), [v3181 @ X8_v237-8], v2995 @ X0_v250 (Il2CppClass<UnityEngine.Object>)
Import :             1 base has no type, from Add of Il2CppClass<UnityEngine.Component> and Int32   e.g. UIManager.SetupWindows: 60 Move v87 @ X0_v11, [v94 @ X8_v9+20]
Import :             1 Il2CppClass.0x6A0   e.g. DefaultContractResolver.SetIsSpecifiedActions: 110 Move v86 @ X3_v3, [v220 @ X8_v25 (Il2CppClass<System.Type>)+6A0]
Import :             1 base has no type, from Move from [String[2] + 0x10]   e.g. ES3Spreadsheet.Save: 159 Multiply v755 @ TEMP_v30, [v651 @ X8_v21+10], v413 @ X28_v8 (System.Int32)
Import :             1 Il2CppClass.0x668   e.g. JObject.set_Item: 35 Move v49 @ X3_v1, [v44 @ X8_v2 (Il2CppClass<Newtonsoft.Json.Linq.JObject>)+668]
Import :             1 array at 0x28, from Add of the field Vector3[] and Int32   e.g. CatmullRomDecoder.SetWaypointsLengths: 144 Move [v260 @ X8_v14 (DG.Tweening.Plugins.Core.PathCore.ControlPoint[])+28], [v547 @ X11_v5 (DG.Tweening.Plugins.Core.PathCore.ControlPoint[])+28]
Import :             1 base has no type, from Move from [Boolean + 0xC0]   e.g. CollectionWrapper`1.VerifyValueType: 64 Call Type.GetTypeFromHandle, v102 @ X0_v18 (System.Type), [v87 @ X8_v6+B8]
Import :             1 base has no type, from Add of [MMFeedback + 0xF8] and the field Int32   e.g. <Flicker>d__22.MoveNext: 158 CheckEqual v163 @ TEMP_v21 (System.Boolean), [v363 @ X8_v20+20], 0
Import :             1 base has no type, from Move from CinemachineVirtualCameraBase   e.g. CinemachineStateDrivenCamera.ChooseCurrentCamera: 405 CheckLessOrEqual v817 @ TEMPCOND_v31 (System.Boolean), [v275 @ stack_-58_v7+3C], v544.m_Priority (System.Int32)
Import :             1 base has no type, from Add of Int32 and Immediate   e.g. JsonSerializerInternalReader.CreateObjectUsingCreatorWithParameters: 2429 Move v2834 @ X1_v2 (Il2CppClass<System.IDisposable>), [v3965 @ X0_v17+8]
Import :             1 base has no type, from Move from [List`1<Cinemachine.CinemachineStateDrivenCamera+HashPair> + 0x10]   e.g. CinemachineStateDrivenCamera.LookupFakeHash: 164 CheckLess v283 @ C_v3 (System.Boolean), [v96 @ X0_v24 (System.Collections.Generic.List`1<Cinemachine.CinemachineStateDrivenCamera+HashPair>)+18], [v148 @ X9_v3+18]
Import :             1 array at 0x0, from Move from the field Orbit[]   e.g. CinemachineFreeLook.UpdateCachedSpline: 406 Move [v237 @ X11_v7 (Orbit[])+v409 @ X8_v17 (System.Int32)*8], [v382 @ X9_v16 (Orbit[])+v409 @ X8_v17 (System.Int32)*8]
Import :             1 array at 0x20, from Move from the field ControlPoint[]   e.g. CubicBezierDecoder.FinalizePath: 443 Subtract v498 @ V15_v7 (System.Single), [v308 @ X8_v20 (UnityEngine.Vector3[])+20], [v198 @ X9_v13 (DG.Tweening.Plugins.Core.PathCore.ControlPoint[])+20]
Import :             1 Il2CppClass.0x678   e.g. JObject.InternalPropertyChanging: 6 Move v7 @ X3_v1, [v4 @ X8_v1 (Il2CppClass<Newtonsoft.Json.Linq.JObject>)+678]
Import :             1 base has no type, from Move from AddressOf(stack_-25B)   e.g. CameraState.Lerp: 557 Move v158 @ V2_v75 (Cinemachine.LensSettings), [v1561 @ X8_v90+FF]
Import :             1 base has no type, from Move from [SerializationData& + 0x38]   e.g. UnitySerializationUtility.DeserializeUnityObject: 182 CheckEqual v125 @ TEMP_v213 (System.Boolean), [v136 @ X9_v100+18], 0
Import :             1 Il2CppMethodInfo.virtualMethodPointer   e.g. DictionaryWrapper`2.Contains: 195 Move v151 @ X0_v8, [v231 @ X1_v1 (Il2CppMethodInfo)+8]
Import :             1 byref at 0x3, from no definition   e.g. Color32Formatter.Write: 73 CallVoid Serializer`1<System.Byte>.WriteValue, v79.ByteSerializer (Sirenix.Serialization.Serializer`1<System.Byte>), [value @ X1 (UnityEngine.Color32&)+3], writer @ X2 (Sirenix.Serialization.IDataWriter)
Import :             1 base has no type, from Add of [ES3Type_ES3PrefabInternal + 0x0] and Int32   e.g. ES3Type_ES3PrefabInternal.Read: 167 Move v54 @ X0_v23 (System.Int64), [v335 @ X8_v20+140]
Import :             1 base has no type, from Move from [ICinemachineCamera + 0x10]   e.g. CinemachineBrain.UpdateFrame0: 479 Move v824 @ X9_v15 (System.Int32), [v270 @ X9_v21+18]
Import :             1 base has no type, from Move from [Boolean + 0xB8]   e.g. ComplexTypeSerializer`1.ReadValue: 471 CheckEqual v1395 @ TEMP_v181 (System.Boolean), [v1630 @ X8_v192+3], 0
Import :             1 array at 0x2C, from Move from the field Orbit[]   e.g. CinemachineFreeLook.UpdateCachedSpline: 233 Negate v255 @ V0_v8, [v405 @ X8_v8 (Orbit[])+2C]
Import :             1 base has no type, from Add of Object and Int32   e.g. AndroidUtils.GetAvailableExternalMediaStorages: 198 Call AndroidJavaObject.Call, v504 @ X0_v68 (System.Object), [v453 @ X9_v14+20], "getPath", v508.Value (System.Object[])
Import :             1 base has no type, from Move from [Il2CppClass<System.Type> + 0x0]   e.g. Serializer.Create: 392 Move v623 @ X1_v9 (System.ExecutionEngineException), [v638 @ X8_v16+1B0]
Import :             1 Il2CppClass.0x508   e.g. MMF_Position.ComputeNewCurvePosition: 262 Move v98 @ X3_v1, [v135 @ X8_v3 (Il2CppClass<MoreMountains.Feedbacks.MMF_Position>)+508]
Import :             1 base has no type, from Add of [Object + 0xC8] and Int32   e.g. CinemachineStoryboard.StaticBlendingHandler: 106 CheckNotEqual v333 @ TEMPCSEL_v5 (System.Boolean), [v322 @ X9_v14-8], typeof(Cinemachine.CinemachineStoryboard)
Import :             1 base has no type, from Move from AddressOf(stack_-D0, RaycastHit)   e.g. RuntimeUtility.SphereCastIgnoreTag: 406 Move [v1182 @ X8_v77+1C], [v864 @ X9_v27+1C]
Import :             1 array at 0x20, from Move from the field Orbit[]   e.g. CinemachineFreeLook.UpdateCachedSpline: 263 Move [v380 @ X9_v10 (UnityEngine.Vector4[])+54], [v406 @ X8_v9 (Orbit[])+20]
Import :             1 base has no type, from Add of Scene[] and Immediate   e.g. MMAdditiveSceneLoadingManager.Initialization: 82 Move v273 @ X8_v21 (UnityEngine.SceneManagement.Scene), [v72 @ X23_v4+v173 @ X22_v5 (System.Int32)*4]
Import :             1 base has no type, from Move from [Object + 0x10]   e.g. DataTableConverter.WriteJson: 292 Move v961 @ X0_v81, [v967 @ X8_v49+40]
Import :             1 array at 0x0, from Move from the field UInt32[]   e.g. Kernel.DwordDivMod: 73 And v305 @ X13_v8 (System.Int32), [v132 @ X8_v14 (System.UInt32[])+v111 @ X11_v7 (System.Int32)*4], 4294967295
Import :             1 base has no type, from Move from [Component + 0x30]   e.g. <Awake>d__3.MoveNext: 306 CheckEqual v679 @ TEMP_v111 (System.Boolean), [v642 @ X8_v77+30], 0
Import :             1 Il2CppClass.0x48   e.g. MMDebugMenu.FillTab: 1378 Call Object.Instantiate, v157 @ X0_v126 (UnityEngine.GameObject), [v180 @ X8_v14 (Il2CppClass<MoreMountains.Tools.MMDebugMenu>)+48]
Import :             1 base has no type, from Move from [Il2CppClass<UnityEngine.Vector3> + 0x0]   e.g. CinemachineImpulseManager.GetImpulseAt: 214 Move v515 @ X8_v28 (Il2CppStaticFields<UnityEngine.Vector3>), [v512 @ X8_v27+B8]
Import :             1 base has no type, from Add of IndexOutOfRangeException and Int32   e.g. ConvertUtils.Int64TryParse: 179 Subtract v299 @ X9_v6 (System.Int32), [v494 @ X9_v7+20], 48
Import :             1 static field storage at 0x88   e.g. MMGyroscope.Update: 82 Move this._InitialInputAcceleration.z (System.Single), [v98 @ X9_v17 (Il2CppStaticFields<MoreMountains.Tools.MMGyroscope>)+88]
Import :             1 Il2CppClass.0x8E8   e.g. DataTableConverter.GetColumnDataType: 130 Move v146 @ X2_v3, [v163 @ X8_v13 (Il2CppClass<System.Type>)+8E8]
Import :             1 base has no type, from Add of Array and an untyped local   e.g. DeriveBytes.Derive: 374 Move v335[v368 @ X8_v35 (System.Int32)], [v808 @ X9_v19+20]
Import :             1 base has no type, from Add of an untyped base and Immediate   e.g. TweenExtensions.GotoWaypoint: 316 Add v472 @ V0_v1 (System.Int32), v472 @ V0_v1 (System.Int32), [v370 @ X12_v2+v398 @ X9_v15 (System.Int32)*4]
Import :             1 static field storage at 0x3   e.g. ComplexTypeSerializer`1.WriteValue: 240 CheckEqual v1039 @ TEMP_v145 (System.Boolean), [v1037 @ X8_v187 (Il2CppStaticFields<Sirenix.Serialization.ComplexTypeSerializer`1<T>>)+3], 0
Import :             1 array at 0x40, from Move from the field Vector3[]   e.g. MMTouchFollowerJoystick.CreateInnerRect: 257 Move this._innerRectTransformTopRight.z (System.Single), [v138 @ X8_v11 (UnityEngine.Vector3[])+40]
Import :             1 byref at 0x31, from no definition   e.g. LensSettings.SnapshotCameraReadOnlyProperties: 80 CheckEqual v174 @ Z_v7 (System.Boolean), [lens @ X1 (Cinemachine.LensSettings&)+31], 0
Import :             1 Il2CppClass.0x680   e.g. JObject.InternalPropertyChanging: 7 Move v8 @ X2_v1, [v4 @ X8_v1 (Il2CppClass<Newtonsoft.Json.Linq.JObject>)+680]
Import :             1 base has no type, from Move from [T + 0x20]   e.g. GaussianWindow1d`1.Filter: 21 Move v37 @ X8_v5, [v35 @ X8_v4+C0]
Import :             1 base has no type, from Move from [Il2CppClass<Newtonsoft.Json.Utilities.EnumUtils+<>c> + 0x0]   e.g. EnumUtils.InitializeValuesAndNames: 240 Add v634 @ X0_v79 (Newtonsoft.Json.Utilities.EnumUtils+<>c), [v602 @ X8_v53+B8], 8
Import :             1 base has no type, from Move from [IList`1<T> + 0x10]   e.g. ES3Reflection.GetInstances: 209 CheckLess v511 @ C_v21 (System.Boolean), [v64 @ X0_v4 (System.Collections.Generic.IList`1<T>)+18], [v216 @ X8_v27+18]
Import :             1 base has no type, from Move from [Int32 + 0x38]   e.g. SerializationUtility.DeserializeValue: 39 Move v62 @ X8_v4, [v59 @ X8_v3+8]
Import :             1 array at 0x38, from Move from the field Vector3[]   e.g. MMTouchFollowerJoystick.CreateInnerRect: 256 Move this._innerRectTransformTopRight (UnityEngine.Vector3), [v138 @ X8_v11 (UnityEngine.Vector3[])+38]
Import :             1 static field storage at 0x3C   e.g. MMGyroscope.Update: 54 Move this._GyroscopeAcceleration.z (System.Single), [v82 @ X9_v6 (Il2CppStaticFields<MoreMountains.Tools.MMGyroscope>)+3C]
Import :             1 base has no type, from Move from AddressOf(stack_-2A7)   e.g. CinemachineFramingTransposer.OnTransitionFromCamera: 174 Move this.m_prevRotation (UnityEngine.Quaternion), [v118 @ X8_v16+FF]
Import :             1 base has no type, from Move from AddressOf(stack_-50, Color)   e.g. Color2Plugin.SetFrom: 58 Move t.startValue.cb (UnityEngine.Color), [v140 @ X8_v1+10]
Import :             1 static field storage at 0x23   e.g. BaseFormatter`1.Deserialize: 177 CheckEqual v460 @ TEMP_v110 (System.Boolean), [v535 @ X8_v126 (Il2CppStaticFields<Sirenix.Serialization.BaseFormatter`1<T>>)+23], 0
Import :             1 base has no type, from Add of String[2] and Int32   e.g. ES3Spreadsheet.Save: 171 Call ES3Spreadsheet.Escape, v731 @ X0_v30 (System.String), [v732 @ X8_v25+20], 0
Import :             1 Il2CppClass.vtable   e.g. JContainer.IsTokenUnchanged: 60 Move v135 @ X3_v1, [v40 @ X8_v5 (Il2CppClass<Newtonsoft.Json.Linq.JToken>)+138]
Import : Il2Cpp method body recovery: 128297 locals the analysis could not type, by what defines them:
Import :         65910 written by nothing, first read by an unresolved call   e.g. UnitySourceGeneratedAssemblyMonoScriptTypes_v1.Get: v30
Import :         17952 written by nothing [never read]   e.g. UnitySourceGeneratedAssemblyMonoScriptTypes_v1.Get: v50
Import :         12118 Call - the return of a call whose target is unknown [never read]   e.g. MMAchievementRules.PrintCurrentStatus: 401 Call 37F7330, v246 @ X0_v16, v226 @ X0_v15, v146 @ X1_v1 (Il2CppMethodInfo), v33 @ X2, v34 @ X3, v35 @ X4, v36 @ X5, v37 @ X6, v38 @ X7, v97 @ stack_-98_v3 (System.Collections.Generic.List`1<System.Object>+Enumerator<System.Object>), v40 @ V1, v41 @ V2, v42 @ V3, v43 @ V4, v44 @ V5, v45 @ V6, v46 @ V7
Import :          6974 Add, first read by an unresolved call   e.g. UnitySourceGeneratedAssemblyMonoScriptTypes_v1.Get: 34 Add v52 @ X20_v2, &v50 @ stack_-50, 8
Import :          6625 Move from memory [never read]   e.g. MMPlaylistRemote.OnTriggerEnter: 20 Move v42 @ X1_v3, [v51 @ X8_v4 (Il2CppClass<MoreMountains.Tools.MMPlaylistRemote>)+1C0]
Import :          2663 Call - the return of a resolved method (typed) [never read]   e.g. MMAchievementRules.PrintCurrentStatus: 426 Call Enumerator<MoreMountains.Tools.MMAchievement>.Dispose, v401 @ X0_v11, v409 @ X0_v10 (System.OutOfMemoryException)
Import :          2011 written by nothing, first read by IndirectCall   e.g. AIBrain.Awake: v20
Import :          1319 Add, first read by Add   e.g. AIState.EnterState: 433 Add v747 @ X10_v45, [v481 @ X8_v37 (Il2CppClass<System.Collections.Generic.IEnumerator`1<MoreMountains.Tools.AIAction>>)+B0], 8
Import :          1108 Add [never read]   e.g. AIState.EnterState: 465 Add v844 @ X0_v62, v842 @ X8_v40, 312
Import :           881 IndirectCall [never read]   e.g. AIBrain.Awake: 54 IndirectCall [v80 @ X8_v17+178], v78 @ X0_v39, 0, this @ X0 (MoreMountains.Tools.AIBrain), [v80 @ X8_v17+180], v20 @ X3, v21 @ X4, v22 @ X5, v23 @ X6, v24 @ X7, v25 @ V0, v26 @ V1, v27 @ V2, v28 @ V3, v29 @ V4, v30 @ V5, v31 @ V6, v32 @ V7
Import :           816 Subtract, first read by Move   e.g. AIState.EnterState: 454 Subtract v606 @ X9_v47, v738 @ X9_v45, 1
Import :           808 Call - the return of a call whose target is unknown, first read by an unresolved call   e.g. MMAchievementRules.PrintCurrentStatus: 399 Call 37F7320, v226 @ X0_v15, v162 @ X0_v5 (System.NullReferenceException), v146 @ X1_v1 (Il2CppMethodInfo), v33 @ X2, v34 @ X3, v35 @ X4, v36 @ X5, v37 @ X6, v38 @ X7, v97 @ stack_-98_v3 (System.Collections.Generic.List`1<System.Object>+Enumerator<System.Object>), v40 @ V1, v41 @ V2, v42 @ V3, v43 @ V4, v44 @ V5, v45 @ V6, v46 @ V7
Import :           698 written by nothing, first read by Move   e.g. MMApplicationPlatformActivation.Process: v30
Import :           695 Move of AddressOf [never read]   e.g. MMOrbitalCamera.Zoom: 14 Move v24 @ X20_v1, &v25 @ stack_-A0 (UnityEngine.Touch)
Import :           601 Move from memory, first read by Subtract   e.g. AIState.EnterState: 429 Move v738 @ X9_v45, [v481 @ X8_v37 (Il2CppClass<System.Collections.Generic.IEnumerator`1<MoreMountains.Tools.AIAction>>)+12E]
Import :           491 IsInst, first read by CheckEqual   e.g. MMAchievementManager.FillSerializedMMAchievementManager: 137 IsInst v177 @ X0_v29, typeof(MoreMountains.Tools.SerializedMMAchievement), v340 @ X0_v24 (MoreMountains.Tools.SerializedMMAchievement)
Import :           460 Move from memory, first read by an unresolved call   e.g. MMTimedActivation.StateChange: 257 Move v260 @ X1_v5, [v11 @ X22]
Import :           453 Xor, first read by And   e.g. MMAudioAnalyzer.HandleBuffer: 81 Xor v127 @ TEMP3_v9, v75 @ V0_v8 (System.Single), v163 @ TEMP1_v9 (System.Single)
Import :           437 Subtract, first read by an unresolved call   e.g. MMEventListenerWrapper`3..ctor: 28 Subtract v41 @ X24_v1, &v38 @ stack_-60_v1, v40 @ X9_v2 (System.Int32)
Import :           393 Add, first read by And   e.g. MMEventListenerWrapper`3..ctor: 26 Add v39 @ X9_v1, [v35 @ X8_v4 (Il2CppClass<TOwner>)+FC], 15
Import :           349 Call - the return of a call whose target is unknown, first read by IndirectCall   e.g. MMStateMachine`1.ChangeState: 23 Call 1A98F48, v43 @ X0_v3, methodof(System.Collections.Generic.EqualityComparer`1<T>::get_Default), newState @ X1 (T), methodInfo @ X2 (Il2CppMethodInfo), v24 @ X3, v25 @ X4, v26 @ X5, v27 @ X6, v28 @ X7, v29 @ V0, v30 @ V1, v31 @ V2, v32 @ V3, v33 @ V4, v34 @ V5, v35 @ V6, v36 @ V7
Import :           313 Multiply, first read by Add   e.g. MMOrbitalCamera.Initialization: 237 Multiply v373 @ V1_v10, [v203 @ X8_v11 (Il2CppStaticFields<UnityEngine.Vector3>)+40], [v203 @ X8_v11 (Il2CppStaticFields<UnityEngine.Vector3>)+40]
Import :           261 Move of a constant, first read by an unresolved call   e.g. MMAudioAnalyzer.Initialization: -1 Move v297 @ X2_v3, 0
Import :           256 Subtract, first read by CheckEqual   e.g. AIBrain.FindState: 141 Subtract v95 @ TEMP1_v7, v128.Length, 2
Import :           210 Add, first read by ShiftLeft   e.g. ListExtensions.MMSwap: 227 Add v448 @ X9_v23, [v436 @ X10_v14], 1
Import :           187 Call - the return of a call whose target is unknown, first read by Move   e.g. MMDictionaryExtensions.KeyByValue: 209 Call "il2cpp_vm_object_box", v435 @ X0_v62, [v383 @ X27_v9], v101 @ X23_v1, [v1 @ X29-28], v337 @ X3_v10, v107 @ X22_v1, v392 @ X5_v2, v40 @ X6, v41 @ X7, v42 @ V0, v43 @ V1, v44 @ V2, v45 @ V3, v46 @ V4, v47 @ V5, v48 @ V6, v49 @ V7
Import :           184 Add, first read by Move   e.g. MMFaderRound.OnMMEvent: 9 Add v12 @ X9_v2, this @ X0 (MoreMountains.Tools.MMFaderRound), 72
Import :           171 written by nothing, first read by Multiply   e.g. MMOrbitalCamera.ApplyMovement: v160
Import :           164 Subtract, first read by IndirectCall   e.g. MMEventListenerWrapper`3.OnMMEvent: 50 Subtract v102 @ X3_v2, &v23 @ stack_-60_v2, 24
Import :           161 Move from memory, first read by IndirectCall   e.g. MMSoundManager.ControlTrack: 259 Move v190 @ X9_v1, [v158 @ X8_v10 (Il2CppClass<MoreMountains.Tools.MMSoundManagerSettingsSO>)+1A8]
Import :           151 IndirectCall, first read by And   e.g. MMDictionaryExtensions.KeyByValue: 152 IndirectCall [v397 @ X1_v7], v227 @ X0_v50, v131 @ X24_v1, [v223 @ X8_v37+60], v401 @ X2_v8, v395 @ X3_v2, v393 @ X4_v2, v392 @ X5_v2, v40 @ X6, v41 @ X7, v42 @ V0, v43 @ V1, v44 @ V2, v45 @ V3, v46 @ V4, v47 @ V5, v48 @ V6, v49 @ V7
Import :           145 Move from memory, first read by Add   e.g. TransformExtensions.MMFindDeepChildDepthFirst: 306 Move v401 @ X8_v12, [v338 @ X0_v18]
Import :           138 Subtract, first read by Multiply   e.g. MMGyroscope.GetGyroValues: 199 Subtract v173 @ V5_v6, [v202 @ X8_v18 (Il2CppStaticFields<MoreMountains.Tools.MMGyroscope>)+AC], [v202 @ X8_v18 (Il2CppStaticFields<MoreMountains.Tools.MMGyroscope>)+C4]
Import :           124 Call - the return of a call whose target is unknown, first read by And   e.g. <DelayedCopy>d__15.MoveNext: 116 Call "il2cpp_vm_class_is_assignable_from", v193 @ X0_v18, typeof(System.Exception), [v191 @ X8_v9], v152 @ X2_v2, v18 @ X3, v19 @ X4, v20 @ X5, v21 @ X6, v22 @ X7, v23 @ V0, v24 @ V1, v25 @ V2, v26 @ V3, v27 @ V4, v28 @ V5, v29 @ V6, v30 @ V7
Import :           120 Move from another untyped local, first read by an unresolved call   e.g. MMApplicationPlatformActivation.Process: -1 Move v69 @ X3_v1, v30 @ X3
Import :           119 Call - the return of a call whose target is unknown, first read by CheckEqual   e.g. TransformExtensions.MMFindDeepChildDepthFirst: 302 Call "il2cpp_codegen_object_is_inst", v338 @ X0_v18, v192 @ X19_v7 (System.Collections.IEnumerator), [v186 @ X22_v4 (Il2CppClass<System.IDisposable>)], v409 @ X2_v7 (Il2CppMethodInfo), v29 @ X3, v30 @ X4, v31 @ X5, v32 @ X6, v33 @ X7, v34 @ V0, v35 @ V1, v36 @ V2, v37 @ V3, v38 @ V4, v39 @ V5, v40 @ V6, v41 @ V7
Import :           118 written by nothing, first read by MakeStruct   e.g. MMTouchJoystick.OnDrag: v98
Import :           106 Move from memory, first read by And   e.g. MMObservable`1.get_Value: 17 Move v52 @ X9_v3, [v25 @ X9_v1]
Import :            99 Move of a constant [never read]   e.g. MMSoundManagerSoundPlayEvent.Trigger: 90 Move v130 @ stack_-1A0_v1, 0
Import :            87 Subtract, first read by CheckLess   e.g. MMAnimatorMirror.Mirror: 89 Subtract v200 @ X8_v19, v236 @ stack_-3C, 1
Import :            64 written by nothing, first read by Subtract   e.g. MMAnimatorMirror.Mirror: v236
Import :            52 Add, first read by Multiply   e.g. DateTimeUtils.GetDateValues: 93 Add v112 @ X8_v11, v81 @ X8_v10 (System.Int64), v111 @ TEMP_v7
Import :            46 Subtract, first read by Add   e.g. MMTilemapBoolean.BooleanClean: 91 Subtract v502 @ X20_v9, v441 @ X0_v26, 1
Import :            42 Add, first read by CheckLess   e.g. JavaScriptUtils.FirstCharToEscape: 52 Add v197 @ X8_v10, 4294959064, v24 @ X0_v10 (System.Char)
Import :            42 written by nothing, first read by Add   e.g. MMAchievementRules.PrintCurrentStatus: v167
Import :            40 written by nothing, first read by CallVoid   e.g. MMAudioSourcePitchShakeEvent.Trigger: v64
Import :            39 IndirectCall, first read by an unresolved call   e.g. <>c__55`2.<BuildMapCreator>b__55_1: 85 IndirectCall [v82 @ X1_v3 (Il2CppMethodInfo)+10], v102 @ X0_v9, [v82 @ X1_v3 (Il2CppMethodInfo)], methodof(System.Tuple`2<TKey, TValue>::.ctor), v77 @ X0_v7 (System.Tuple`2<TKey, TValue>), v98 @ X3_v3, v96 @ X20_v2, v48 @ X5, v49 @ X6, v50 @ X7, v51 @ V0, v52 @ V1, v53 @ V2, v54 @ V3, v55 @ V4, v56 @ V5, v57 @ V6, v58 @ V7
Import :            37 Add, first read by CheckEqual   e.g. DateTimeParser.ParseTime: 293 Add v201 @ TEMP_v43, v527 @ X8_v35, 1
Import :            36 Box, first read by IndirectCall   e.g. ES3.Save: 77 Box v172 @ X0_v38, typeof(Il2CppClass<T>), &v150 @ X19_v7 (System.Int32)
Import :            36 Multiply, first read by Subtract   e.g. MMTime.FloatToTimeString: 126 Multiply v149 @ TEMP_v8, v93 @ X26_v1, 60
Import :            36 Move from another untyped local [never read]   e.g. MMTimedActivation.StateChange: -1 Move v66 @ X21_v1, v67 @ X21_v6
Import :            34 Move of a constant, first read by IndirectCall   e.g. <FinalHideBar>d__44.MoveNext: -1 Move v132 @ X2_v5, 0
Import :            34 Move from a typed local, first read by an unresolved call   e.g. MMRagdoller.set_Ragdolling: -1 Move v202 @ V0_v2, v161 @ V0_v12 (System.Single)
Import :            31 Box, first read by CheckEqual   e.g. MMPlotter.DrawPoints: 116 Box v197 @ X0_v20, typeof(System.Single), &v146 @ V0_v6 (System.Single)
Import :            28 Move from another untyped local, first read by Move   e.g. MMRagdoller.set_Ragdolling: -1 Move v229 @ X2_v4, v227 @ X2_v2
Import :            25 Add, first read by a call to an instance method   e.g. <get_All>d__9.MoveNext: 104 Add v121 @ X0_v4, v112 @ X0_v3 (MoreMountains.Tools.MMReferenceHolder`1<T>+<get_All>d__9<T>), 32
Import :            25 written by nothing, first read by CheckEqual   e.g. MMAchievementManager.ResetAchievements: v129
Import :            24 written by nothing, first read by CheckNotEqual   e.g. MMSoundManagerAudioPool.GetAvailableAudioSource: v187
Import :            23 Negate, first read by MakeStruct   e.g. MMGyroscope.CalibrateAcceleration: 44 Negate v69 @ V0_v3, v65.forwardVector (UnityEngine.Vector3)
Import :            23 Call - the return of a resolved method (typed), first read by And   e.g. MMReferenceHolder`1.First: 160 Call Func`2<T, System.Boolean>.Invoke, v278 @ X0_v65, selector @ X0 (System.Func`2<T, System.Boolean>), v285 @ stack_-48_v8 (T)
Import :            21 Move of AddressOf, first read by an unresolved call   e.g. JsonPosition.BuildPath: -1 Move v248 @ X3_v2, &v228 @ stack_-48_v2 (System.Char[])
Import :            20 Negate, first read by Multiply   e.g. MMAudioAnalyzer.HandleBuffer: 45 Negate v67 @ V1_v5, this.BufferSpeed (System.Single)
Import :            20 written by nothing, first read by And   e.g. MMSoundManager.FreeAllSoundsButPersistent: v70
Import :            19 Move from memory, first read by Move   e.g. MMTimedActivation.StateChange: 279 Move v67 @ X21_v6, [v295 @ X0_v19]
Import :            18 Subtract [never read]   e.g. MMDebug.InstantiateOnScreenConsole: 128 Subtract v364 @ X9_v18, [v297 @ X1_v17 (Il2CppClass<MoreMountains.Tools.MMDebugOnScreenConsole>)+130], 1
Import :            17 Move of TypeAnalysisContext [never read]   e.g. MMPropertyPicker.Initialization: -1 Move v375 @ X8_v15, typeof(MoreMountains.Tools.MMPropertyLinkString)
Import :            17 Subtract, first read by Box   e.g. DictionaryEnumerator`2.get_Current: 337 Subtract v241 @ X1_v17, &v25 @ stack_-60_v2, 48
Import :            16 Move of a constant, first read by Add   e.g. MMFeedbackMaterial.LerpMaterial: -1 Move v178 @ X25_v5, 4294967295
Import :            16 Move from memory, first read by a call to an instance method   e.g. <PlaySong>d__23.MoveNext: 645 Move v240 @ X0_v44, [v51 @ X20_v2 (UnityEngine.Object)+28]
Import :            16 Move of RuntimeClassTypeAnalysisContext [never read]   e.g. <>c__DisplayClass55_0`2.<BuildMapCreator>b__0: -1 Move v296 @ X0_v40, typeof(Il2CppClass<Newtonsoft.Json.Utilities.FSharpUtils+<>c__55`2<TKey, TValue>>)
Import :            15 Call - the return of a resolved method (typed), first read by CheckEqual   e.g. <PlaySong>d__23.MoveNext: 250 Call List`1<System.Object>.get_Item, v756 @ X0_v127, [v51 @ X20_v2 (UnityEngine.Object)+28], [v51 @ X20_v2 (UnityEngine.Object)+38]
Import :            15 Add, first read by CallVoid   e.g. <get_All>d__9.System.IDisposable.Dispose: 23 Add v30 @ X0_v1, this @ X0 (MoreMountains.Tools.MMReferenceHolder`1<T>+<get_All>d__9<T>), 32
Import :            14 Add, first read by Subtract   e.g. StringReferenceExtensions.EndsWith: 40 Add v201 @ X9_v5, v17 @ X9_v3 (System.Int32), text @ X1 (System.String)
Import :            13 Move from memory, first read by Multiply   e.g. MMGridGenerator.SmoothenGrid: 93 Move v314 @ X8_v6, [v248 @ X8_v12+10]
Import :            12 IsInst [never read]   e.g. BaseDataReaderWriter.get_Binder: 32 IsInst v50 @ X0_v25, typeof(Sirenix.Serialization.IDataWriter), this @ X0 (Sirenix.Serialization.BaseDataReaderWriter)
Import :            11 Box, first read by IsInst   e.g. ES3Type_double.Read: 31 Box v48 @ X0_v9, typeof(System.Double), &v21 @ V0
Import :            11 Negate, first read by Move   e.g. MMGyroscope.GetGyroValues: 61 Negate v81 @ V1_v3, v66.w (System.Single)
Import :            10 ShiftRight, first read by Move   e.g. ProperBitConverter.GetBytes: 32 ShiftRight v102 @ X10_v4, value @ V0 (System.Single), 8
Import :            10 IndirectCall, first read by Move   e.g. Color32Formatter.Read: 36 IndirectCall [v51 @ X8_v6 (Il2CppClass<Sirenix.Serialization.Serializer`1<System.Byte>>)+198], v55 @ X0_v7, v49 @ X0_v4 (Sirenix.Serialization.Serializer`1<System.Byte>), reader @ X2 (Sirenix.Serialization.IDataReader), [v51 @ X8_v6 (Il2CppClass<Sirenix.Serialization.Serializer`1<System.Byte>>)+1A0], methodInfo @ X3 (Il2CppMethodInfo), v25 @ X4, v26 @ X5, v27 @ X6, v28 @ X7, v29 @ V0, v30 @ V1, v31 @ V2, v32 @ V3, v33 @ V4, v34 @ V5, v35 @ V6, v36 @ V7
Import :             9 Add, first read by MakeStruct   e.g. BoundsFormatter.Write: 58 Add v87 @ V2_v3, [value @ X1 (UnityEngine.Bounds&)+14], [value @ X1 (UnityEngine.Bounds&)+14]
Import :             9 IndirectCall, first read by IndirectCall   e.g. <PlaySong>d__23.MoveNext: 618 IndirectCall [v878 @ X8_v12 (Il2CppClass<UnityEngine.Object>)+1C8], v882 @ X0_v10, this.<>4__this (MoreMountains.Tools.MMPlaylist), [v878 @ X8_v12 (Il2CppClass<UnityEngine.Object>)+1D0], methodof(System.Collections.Generic.List`1<MoreMountains.Tools.MMPlaylistSong>::get_Item), [v555 @ X8_v41 (Il2CppClass<UnityEngine.Object>)+1C0], v31 @ X4, v32 @ X5, v33 @ X6, v34 @ X7, v91 @ V0_v2 (System.Single), 1, v85 @ V2_v2, v38 @ V3, v39 @ V4, v40 @ V5, v41 @ V6, v42 @ V7
Import :             9 Move of RuntimeMethodInfoAnalysisContext [never read]   e.g. MMMultipleObjectPooler.EnableObjects: -1 Move v80 @ X21_v2, methodof(System.Collections.Generic.List`1<MoreMountains.Tools.MMMultipleObjectPoolerObject>+Enumerator<MoreMountains.Tools.MMMultipleObjectPoolerObject>::Dispose)
Import :             9 IndirectCall, first read by Add   e.g. <>f__AnonymousType0`2.GetHashCode: 30 IndirectCall [v51 @ X8_v9 (Il2CppClass<System.Collections.Generic.EqualityComparer`1<<type>j__TPar>>)+1C8], v55 @ X0_v8, v40 @ X0_v7 (System.Collections.Generic.EqualityComparer`1<<type>j__TPar>), this.<type>i__Field (<type>j__TPar), [v51 @ X8_v9 (Il2CppClass<System.Collections.Generic.EqualityComparer`1<<type>j__TPar>>)+1D0], v16 @ X3, v17 @ X4, v18 @ X5, v19 @ X6, v20 @ X7, v21 @ V0, v22 @ V1, v23 @ V2, v24 @ V3, v25 @ V4, v26 @ V5, v27 @ V6, v28 @ V7
Import :             9 Move from another untyped local, first read by Add   e.g. UnsafeUtilities.MemoryCopy: -1 Move v326 @ X10_v12, v345 @ X10_v10
Import :             9 Move of ArrayLength [never read]   e.g. MMFeedbackMaterial.CustomInitialization: 66 Move v123 @ X1_v9, v113.Length
Import :             9 Move from memory, first read by CheckNotEqual   e.g. TransformExtensions.ChangeLayersRecursively: 179 Move v173 @ X1_v6, [v171 @ X22_v3 (Il2CppClass<System.IDisposable>)]
Import :             8 And, first read by CheckEqual   e.g. MMDebug.MonoRayCastNonAlloc: 42 And v62 @ TEMP_v4, drawGizmo @ X2 (UnityEngine.Color), 1
Import :             8 IndirectCall, first read by CheckEqual   e.g. JsonReader.MoveToContent: 7 IndirectCall v43 @ X9_v2, v47 @ X0_v2, v12 @ X0_v1 (Newtonsoft.Json.JsonReader), v41 @ X1_v2, v48 @ X2, v49 @ X3, v50 @ X4, v51 @ X5, v52 @ X6, v53 @ X7, v54 @ V0, v55 @ V1, v56 @ V2, v57 @ V3, v58 @ V4, v59 @ V5, v60 @ V6, v61 @ V7
Import :             8 IndirectCall, first read by IsInst   e.g. ES3Reader.ReadObject: 38 IndirectCall [v96 @ X0_v10+8], v149 @ X0_v12, type @ X1 (ES3Types.ES3Type), this @ X0 (ES3Reader), v96 @ X0_v10, v19 @ X3, v20 @ X4, v21 @ X5, v22 @ X6, v23 @ X7, v24 @ V0, v25 @ V1, v26 @ V2, v27 @ V3, v28 @ V4, v29 @ V5, v30 @ V6, v31 @ V7
Import :             8 Move from another untyped local, first read by Subtract   e.g. CinemachineCollider.PushCameraBack: -1 Move v570 @ V13_v5, v869 @ stack_8
Import :             8 Subtract, first read by Divide   e.g. BakedSolution.FindIntersection: 24 Subtract v28 @ V4_v2, v24 @ V6_v1, v26 @ V5_v2
Import :             7 Move of RuntimeMethodInfoAnalysisContext, first read by an unresolved call   e.g. ImmutableCollectionsUtils..cctor: -1 Move v440 @ X2_v27, methodof(System.Collections.Generic.List`1<Newtonsoft.Json.Utilities.ImmutableCollectionsUtils+ImmutableCollectionTypeInfo>::AddWithResize)
Import :             7 Newobj, first read by CallVoid   e.g. ES3Type_GameObject.ReadComponents: 114 Newobj v366 @ X0_v26, typeof(System.Collections.Generic.List`1<UnityEngine.Component>)
Import :             7 Move from memory, first read by CallVoid   e.g. Buffer`1.Free: 226 Move v257 @ X22_v12, [v253 @ X8_v35 (Il2CppStaticFields<Sirenix.Serialization.Buffer`1<T>>)+8]
Import :             6 IndirectCall, first read by CheckLess   e.g. X509Certificate.get_Hash: 56 IndirectCall [v207 @ X8_v22 (Il2CppClass<System.Byte[]>)+298], v204 @ X0_v42, [v108 @ X8_v20 (System.Boolean)+20], [v207 @ X8_v22 (Il2CppClass<System.Byte[]>)+2A0], v61 @ X2_v16 (System.Int32), v283 @ X3_v5 (System.Int32), v282 @ X4_v5, v24 @ X5, v25 @ X6, v26 @ X7, v27 @ V0, v28 @ V1, v29 @ V2, v30 @ V3, v31 @ V4, v32 @ V5, v33 @ V6, v34 @ V7
Import :             6 Move from a typed local, first read by Add   e.g. MMVector3Extensions.MMRound: -1 Move v168 @ V0_v6, v14 @ stack_-28_v1 (System.Single)
Import :             6 Move of a constant, first read by Move   e.g. DynamicProxyMetaObject`1.GetArgArray: -1 Move v174 @ X2_v6, 0
Import :             6 ShiftRight, first read by Add   e.g. MMTime.FloatToTimeString: 77 ShiftRight v88 @ X9_v4, v86 @ X9_v3 (System.Single), 32
Import :             6 Move of RuntimeMethodInfoAnalysisContext, first read by CheckNotEqual   e.g. MMInputSequenceRecorder.DetectRecording: -1 Move v154 @ X1_v3, methodof(System.Collections.Generic.List`1<MoreMountains.Feedbacks.MMSequenceTrack>+Enumerator<MoreMountains.Feedbacks.MMSequenceTrack>::MoveNext)
Import :             6 Call - the return of a resolved method (typed), first read by an unresolved call   e.g. MMEventManager.TriggerEvent: 91 Call List`1<System.Object>.get_Item, v263 @ X0_v15, v259 @ X0_v14 (System.Object), v184 @ X21_v8 (System.Int32)
Import :             5 Not, first read by And   e.g. JsonConvert.EnsureFloatFormat: 40 Not v58 @ TEMP_v5, value @ V0 (System.Double)
Import :             5 Call - the return of a resolved method (typed), first read by a call to an instance method   e.g. CollectionUtils.AddRange: 184 Call IEnumerator`1<T>.get_Current, v696 @ X0_v53, v264 @ X0_v45 (System.Collections.IEnumerator)
Import :             5 Add, first read by ShiftRight   e.g. DateTimeUtils.GetDateValues: 111 Add v130 @ X10_v8, v128 @ X10_v7 (System.Int32), v126 @ X23_v2
Import :             5 Move from memory, first read by CheckEqual   e.g. ES3Writer.Merge: 173 Move v242 @ X27_v10, [v732 @ X0_v52+8]
Import :             5 Subtract, first read by a call to an instance method   e.g. <GetEnumerator>d__2.MoveNext: 58 Subtract v83 @ X20_v2, &v62 @ stack_-90_v1, v78 @ X9_v7 (System.Int32)
Import :             5 written by nothing, first read by Divide   e.g. MMPanningTexture.Update: v35
Import :             5 Multiply, first read by Move   e.g. LegacySignalSource.GetSignal: 184 Multiply v354 @ V0_v14, [pos @ X1 (UnityEngine.Vector3&)], v355 @ V3.S0
Import :             5 Call - the return of a resolved method (typed), first read by Subtract   e.g. JsonDynamicContract.TrySetMember: 56 Call Func`4<System.Runtime.CompilerServices.CallSite, System.Object, System.Object, System.Object>.Invoke, v134 @ X0_v8, v62.Target (System.Func`4<System.Runtime.CompilerServices.CallSite, System.Object, System.Object, System.Object>), v62 @ X0_v6 (System.Runtime.CompilerServices.CallSite`1<System.Func`4<System.Runtime.CompilerServices.CallSite, System.Object, System.Object, System.Object>>), dynamicProvider @ X1 (System.Dynamic.IDynamicMetaObjectProvider), value @ X3 (System.Object)
Import :             5 Call - the return of a call whose target is unknown, first read by a call to an instance method   e.g. JavaScriptUtils..cctor: 630 Call 1CE4A64, v347 @ X0_v52, v375 @ X19_v8 (System.Collections.Generic.List`1<System.Char>), v346 @ X0_v50, [v147 @ X26_v3 (Il2CppMethodInfo)]
Import :             5 Multiply, first read by an unresolved call   e.g. CinemachineImpulseManager.GetImpulseAt: 275 Multiply v301 @ V6_v5, [rot @ X4 (UnityEngine.Quaternion&)+4], v565 @ stack_-9C
Import :             5 Multiply, first read by Multiply   e.g. CubicBezier.GetPointOnSegment: 15 Multiply v24 @ V23_v1, v7 @ stack_20, v7 @ stack_20
Import :             5 Subtract, first read by MakeStruct   e.g. CameraState.Lerp: 1249 Subtract v2020 @ V6_v14, [stateA @ X0 (Cinemachine.CameraState)+48], v167 @ V1_v111 (Cinemachine.LensSettings)
Import :             5 Call - the return of a resolved method (typed), first read by IsInst   e.g. <>c__DisplayClass81_0.<SetIsSpecifiedActions>b__0: 25 Call Func`2<System.Object, System.Object>.Invoke, v43 @ X0_v7, this.specifiedPropertyGet (System.Func`2<System.Object, System.Object>), o @ X1 (System.Object)
Import :             5 Move from a field, first read by an unresolved call   e.g. JsonTextReader.ParseReadString: -1 Move v380 @ X2_v4, v43._dateFormatString (System.String)
Import :             5 Add, first read by CheckGreaterOrEqual   e.g. CameraState.InterpolatePosition: 56 Add v74 @ V1_v13, v73 @ V2_v11, v72 @ V1_v12
Import :             5 Multiply, first read by ShiftRight   e.g. MMBezierLineRenderer.Initialization: 35 Multiply v90 @ X8_v8, v66.Length, 1431655766
Import :             5 written by nothing, first read by CheckLess   e.g. Int128.op_GreaterThan: v2
Import :             4 Subtract, first read by Subtract   e.g. CinemachineSmoothPath.EvaluateLocalTangent: 66 Subtract v315 @ X10_v9, v119.Length, 1
Import :             4 Call - the return of a resolved method (typed), first read by IndirectCall   e.g. <SkipToTheEndCo>d__33.MoveNext: 103 Call List`1<System.Object>.get_Item, v306 @ X0_v26, [v44 @ X20_v2 (UnityEngine.Component)+90], v99 @ X21_v6 (System.Int32)
Import :             4 Move from a typed local, first read by And   e.g. MMVector3Extensions.MMRound: -1 Move v252 @ V0_v10, v14 @ stack_-28_v1 (System.Single)
Import :             4 Multiply, first read by CheckGreaterOrEqual   e.g. UnityVectorExtensions.FindIntersection: 58 Multiply v101 @ V2_v6, v100 @ V5.S1, v102 @ V7.S0
Import :             4 Add, first read by Divide   e.g. BakedSolution.FindIntersection: 25 Add v29 @ V1_v3, v27 @ V7_v1, v25 @ V1_v2
Import :             4 Move from a typed local, first read by CheckNotEqual   e.g. ES3UnityObjectType.ReadObject: -1 Move v488 @ X1_v11, reader @ X1 (ES3Reader)
Import :             4 Move of ArrayLength, first read by Subtract   e.g. MMMaths.Sum: -1 Move v42 @ X10_v5, thingsToAdd.Length
Import :             4 ShiftLeft, first read by Add   e.g. MMFPSCounter.Update: 265 ShiftLeft v370 @ TEMPSHIFT_v3, v282 @ X9_v14 (System.Single), 3
Import :             4 And, first read by And   e.g. MMMaths.Lerp: 133 And v52 @ X9_v7, v176 @ X9_v6 (System.Single), 255
Import :             3 Subtract, first read by CheckGreaterOrEqual   e.g. CinemachinePathBase.ToNativePathUnits: 115 Subtract v287 @ X8_v16, v274.Length, 1
Import :             3 Move of a constant, first read by Subtract   e.g. CinemachinePathBase.ResamplePath: -1 Move v317 @ V10_v7, 9218868437227405312
Import :             3 Move from another untyped local, first read by MakeStruct   e.g. CinemachineCollider.PushCameraBack: -1 Move v403 @ V3_v4, v861 @ stack_1C
Import :             3 written by nothing, first read by IsInst   e.g. XmlNodeConverter.DeserializeNode: v445
Import :             3 Box, first read by an unresolved call   e.g. <>c__DisplayClass6_1.<DeserializeImplementation>b__0: 300 Box v417 @ X0_v48, typeof(System.Int32), v416 @ X1_v14
Import :             3 Negate, first read by Divide   e.g. BakedSolution.FindIntersection: 114 Negate v63 @ V2_v3, v28 @ V4_v2
Import :             3 Move from a typed local, first read by IndirectCall   e.g. EntityKeyMemberConverter.WriteJson: -1 Move v432 @ X1_v9, v411 @ stack_-48_v3 (System.String)
Import :             3 IndirectCall, first read by Subtract   e.g. MMShufflebag`1.Pick: 231 IndirectCall [v95 @ X1_v8], v98 @ X0_v14, this @ X0 (MoreMountains.Tools.MMShufflebag`1<T>), [v77 @ X8_v7+38], v30 @ X2, v62 @ X3, v63 @ X4, v64 @ X5, v65 @ X6, v66 @ X7, v67 @ V0, v68 @ V1, v69 @ V2, v70 @ V3, v71 @ V4, v72 @ V5, v73 @ V6, v74 @ V7
Import :             3 Multiply, first read by CheckLess   e.g. Vector3ArrayPlugin.EvaluateAndApply: 154 Multiply v399 @ X8_v67, v352 @ X9_v23, v726 @ X8_v66 (System.Int32)
Import :             3 IndirectCall, first read by CheckNotEqual   e.g. JsonSerializer.ResetReader: 207 IndirectCall [v248 @ X8_v11 (Il2CppClass<Newtonsoft.Json.Serialization.IContractResolver>)+278], v312 @ X0_v12, v140 @ X0_v11 (Newtonsoft.Json.Serialization.IContractResolver), [v248 @ X8_v11 (Il2CppClass<Newtonsoft.Json.Serialization.IContractResolver>)+280], previousCulture @ X2 (System.Globalization.CultureInfo), previousDateTimeZoneHandling @ X3 (System.Nullable`1<Newtonsoft.Json.DateTimeZoneHandling>), previousDateParseHandling @ X4 (System.Nullable`1<Newtonsoft.Json.DateParseHandling>), previousFloatParseHandling @ X5 (System.Nullable`1<Newtonsoft.Json.FloatParseHandling>), previousMaxDepth @ X6 (System.Nullable`1<System.Int32>), previousDateFormatString @ X7 (System.String), v44 @ V0, v45 @ V1, v46 @ V2, v47 @ V3, v48 @ V4, v49 @ V5, v50 @ V6, v51 @ V7
Import :             3 Negate, first read by Subtract   e.g. MathUtils.ApproxEquals: 46 Negate v88 @ V0_v6, v103 @ V0_v5 (System.Double)
Import :             3 Call - the return of a resolved method (typed), first read by CheckNotEqual   e.g. MMEventManager.SubscriptionExists: 70 Call List`1<System.Object>.get_Item, v175 @ X0_v12, v62 @ stack_-28_v3 (System.Object), v105 @ X20_v6 (System.Int32)
Import :             3 written by nothing, first read by CheckLessOrEqual   e.g. MMFeedback.get_FeedbackPlaying: v20
Import :             3 Move from another untyped local, first read by IndirectCall   e.g. MMDictionaryExtensions.KeyByValue: -1 Move v392 @ X5_v2, v230 @ X5_v6
Import :             3 Move of a constant, first read by CheckNotEqual   e.g. MMRagdoller.set_Ragdolling: -1 Move v237 @ X1_v2, 0
Import :             2 Call - the return of a call whose target is unknown, first read by ShiftRight   e.g. MMTilemapBoolean.BooleanClean: 82 Call 2B03570, v441 @ X0_v26, &v155 @ stack_-98_v6 (UnityEngine.Vector3Int), 0, 0, v38 @ X3, v392 @ X4_v3 (System.Int32), v40 @ X5, v41 @ X6, v42 @ X7, v390.m_Position (UnityEngine.Vector3Int), v44 @ V1, v45 @ V2, v46 @ V3, v47 @ V4, v48 @ V5, v49 @ V6, v50 @ V7
Import :             2 Move from another untyped local, first read by a call to an instance method   e.g. ExtensionMesh.RecalculateNormals: -1 Move v490 @ X29_v9, v920 @ X0_v36
Import :             2 And, first read by CheckLess   e.g. TypeExtensions.DoubleEqualityComparer: 16 And v17 @ X8_v5, b @ V1 (System.Double), 9223372036854775807
Import :             2 Call - the return of a call whose target is unknown, first read by IsInst   e.g. BaseFormatter`1.Deserialize: 515 Call "il2cpp_vm_object_box", v1046 @ X0_v90, [v173 @ X8_v81+90], v1043 @ X1_v32, v106 @ X2_v4 (Sirenix.Serialization.IDataReader), v298 @ X3_v1 (System.Runtime.Serialization.StreamingContextStates), [v657 @ X8_v100+28], v42 @ X5, v43 @ X6, v44 @ X7, v45 @ V0, v46 @ V1, v47 @ V2, v48 @ V3, v49 @ V4, v50 @ V5, v51 @ V6, v52 @ V7
Import :             2 Move of ArrayLength, first read by CheckLess   e.g. TypeExtensions.TryInferGenericParameters: 375 Move v577 @ X8_v23, v569.Length
Import :             2 written by nothing, first read by CheckGreater   e.g. MMMaths.RoundToClosest: v17
Import :             2 IsInst, first read by Move   e.g. BaseDataReaderWriter.set_Binder: 37 IsInst v61 @ X0_v25, typeof(Sirenix.Serialization.IDataWriter), this @ X0 (Sirenix.Serialization.BaseDataReaderWriter)
Import :             2 IndirectCall, first read by Multiply   e.g. <>f__AnonymousType0`2.GetHashCode: 17 IndirectCall [v30 @ X8_v5+1C8], v34 @ X0_v5, v14 @ X0_v2, this.<assembly>i__Field (<assembly>j__TPar), [v30 @ X8_v5+1D0], v16 @ X3, v17 @ X4, v18 @ X5, v19 @ X6, v20 @ X7, v21 @ V0, v22 @ V1, v23 @ V2, v24 @ V3, v25 @ V4, v26 @ V5, v27 @ V6, v28 @ V7
Import :             2 Move from another untyped local, first read by CheckNotEqual   e.g. MMLootTable`2.ComputeWeights: -1 Move v313 @ X1_v12, v254 @ X1_v18
Import :             2 Move from a typed local, first read by MakeStruct   e.g. CinemachineTrackedDolly.MutateCameraState: -1 Move v1125 @ V8_v9, v1109 @ V4_v14 (System.Single)
Import :             2 Subtract, first read by Negate   e.g. Clipper.SlopesNearCollinear: 46 Subtract v75 @ X8_v5, v290 @ X0_v4 (Cinemachine.ClipperLib+IntPoint), pt3 @ X2 (Cinemachine.ClipperLib+IntPoint)
Import :             2 And, first read by Multiply   e.g. UnityQuaternionExtensions.SlerpWithReferenceUp: 310 And v494 @ V0_v31, v483 @ V1_v26 (System.Single), v345 @ TEMP_v6
Import :             2 Multiply, first read by ShiftLeft   e.g. MMGridGenerator.BindGrid: 101 Multiply v388 @ X12_v11, [v230 @ X8_v15+10], v349 @ X11_v11 (System.Int32)
Import :             2 Subtract, first read by ShiftLeft   e.g. StringReferenceExtensions.EndsWith: 41 Subtract v48 @ X22_v5, v201 @ X9_v5, [methodInfo @ X2 (Il2CppMethodInfo)+10]
Import :             2 Multiply, first read by IndirectCall   e.g. <PlaySong>d__23.MoveNext: 483 Multiply v85 @ V2_v2, [v466 @ X0_v90+1C], [v51 @ X20_v2 (UnityEngine.Object)+34]
Import :             2 Move of ArrayAccess [never read]   e.g. Clipper.CleanPolygon: 236 Move v119 @ X9_v13, v312[v150 @ X22_v16 (System.Int32)]
Import :             2 Add, first read by Or   e.g. MMTilemap.GetRandomPosition: 68 Add v101 @ X10_v5, v229 @ X0_v14 (UnityEngine.Vector3Int), v155 @ X0_v10 (System.Int32)
Import :             2 Move from memory, first read by CheckLess   e.g. MMSimpleObjectPooler.FillObjectPool: 105 Move v272 @ X23_v6, [v155 @ X20_v8 (System.Collections.Generic.List`1<UnityEngine.GameObject>)-8]
Import :             2 Move from a typed local [never read]   e.g. JsonTextReader.ReadNumberValue: -1 Move v158 @ X1_v15, v69 @ X1_v1 (Newtonsoft.Json.ReadType)
Import :             2 Move of TypeAnalysisContext, first read by an unresolved call   e.g. JsonTextReader.ParseReadString: -1 Move v382 @ X0_v7, typeof(System.DateTimeOffset)
Import :             2 Subtract, first read by Or   e.g. ClipperOffset.GetUnitNormal: 24 Subtract v47 @ X8_v3, methodInfo @ X2 (Il2CppMethodInfo), v44 @ X0_v1 (Cinemachine.ClipperLib+IntPoint)
Import :             1 Call - the return of a resolved method (typed), first read by Add   e.g. UintPlugin.SetFrom: 19 Call DOGetter`1<System.UInt32>.Invoke, v49 @ X0_v6, t.getter (DG.Tweening.Core.DOGetter`1<System.UInt32>)
Import :             1 Subtract, first read by CallVoid   e.g. <GetEnumerator>d__2.MoveNext: 323 Subtract v708 @ X0_v29, &v21 @ stack_-50_v2, 64
Import :             1 Call - the return of a call whose target is unknown, first read by CheckLess   e.g. CinemachineMixer.ProcessFrame: 516 Call 1D3FC9C, v907 @ V0_v21, v365 @ stack_-90_v7 (UnityEngine.Playables.ScriptPlayable`1<CinemachineShotPlayable>), info @ X2 (UnityEngine.Playables.FrameData)
Import :             1 Divide, first read by Not   e.g. BakedSolution.FindIntersection: 26 Divide v30 @ V1_v4, v29 @ V1_v3, v28 @ V4_v2
Import :             1 Move of a constant, first read by CheckEqual   e.g. JsonSerializerInternalReader.CreateObjectUsingCreatorWithParameters: -1 Move v2276 @ X21_v65, 28
Import :             1 Add, first read by CheckLessOrEqual   e.g. UnityVectorExtensions.FindIntersection: 78 Add v134 @ V1_v8, v131 @ V1_v7, v132 @ V2_v7
Import :             1 Move from memory, first read by MakeStruct   e.g. CameraState.Lerp: -1 Move v1397 @ stack_-320_v6, [v1257 @ X8_v39 (Il2CppStaticFields<UnityEngine.Vector3>)+8]
Import :             1 Move of SzArrayTypeAnalysisContext, first read by an unresolved call   e.g. ConvertUtils.TryConvertInternal: -1 Move v516 @ X1_v19, typeof(System.Byte[])
Import :             1 Move from memory, first read by CheckLessOrEqual   e.g. Base64Encoder.FulfillFromLeftover: 16 Move v37 @ X10_v4, [count @ X3 (System.Int32&)]
Import :             1 IndirectCall, first read by a call to an instance method   e.g. ES3CollectionType.ReadICollection: 50 IndirectCall [v189 @ X0_v15+8], v97 @ X0_v17, reader @ X1 (ES3Reader), elementType @ X3 (ES3Types.ES3Type), v189 @ X0_v15, elementType @ X3 (ES3Types.ES3Type), methodInfo @ X4 (Il2CppMethodInfo), v27 @ X5, v28 @ X6, v29 @ X7, v30 @ V0, v31 @ V1, v32 @ V2, v33 @ V3, v34 @ V4, v35 @ V5, v36 @ V6, v37 @ V7
Import :             1 Call - the return of a call whose target is unknown, first read by CheckGreaterOrEqual   e.g. CinemachineMixer.ProcessFrame: 482 Call 1D405BC, v822 @ V0_v17, v365 @ stack_-90_v7 (UnityEngine.Playables.ScriptPlayable`1<CinemachineShotPlayable>), info @ X2 (UnityEngine.Playables.FrameData)
Import :             1 Add, first read by Negate   e.g. Int128.op_Explicit: 22 Add v35 @ V0_v4, v25 @ V1_v3, v31 @ TEMP_v6 (System.Int32)
Import :             1 Move of a constant, first read by CheckGreaterOrEqual   e.g. MMTilemapBoolean.BooleanClean: -1 Move v359 @ X22_v10, 0
Import :             1 IsInst, first read by Add   e.g. MMDebugMenuRadioButton.FindAllRadioButtonsFromTheSameGroup: 84 IsInst v105 @ X0_v13, typeof(MoreMountains.Tools.MMDebugMenuRadioButton[]), v103 @ X0_v12 (UnityEngine.Object[])
Import :             1 Call - the return of a resolved method (typed), first read by Move   e.g. MethodInfoFormatter`1.DeserializeImplementation: 755 Call IFormatter`1<T>.Deserialize, v2543 @ X0_v467, v1133 @ X0_v463, reader @ X2 (Sirenix.Serialization.IDataReader)
Import :             1 IndirectCall, first read by CallVoid   e.g. StackFormatter`2.DeserializeImplementation: 366 IndirectCall [v1741 @ X8_v97 (Il2CppClass<Sirenix.Serialization.Serializer`1<TValue>>)+198], v1745 @ X0_v151, v1730 @ X0_v148 (Sirenix.Serialization.Serializer`1<TValue>), reader @ X2 (Sirenix.Serialization.IDataReader), [v1741 @ X8_v97 (Il2CppClass<Sirenix.Serialization.Serializer`1<TValue>>)+1A0], methodof(Sirenix.Serialization.BaseFormatter`1<TStack>::RegisterReferenceID), v32 @ X4, v33 @ X5, v34 @ X6, v35 @ X7, v36 @ V0, v37 @ V1, v38 @ V2, v39 @ V3, v40 @ V4, v41 @ V5, v42 @ V6, v43 @ V7
Import :             1 written by nothing, first read by Negate   e.g. MathUtilities.RayDistToPlane: v34
Import :             1 Call - the return of a call whose target is unknown, first read by CallVoid   e.g. CinemachineTrack.CreateTrackMixer: 49 Call 28CE3B8, v66 @ X0_v5, graph @ X1 (UnityEngine.Playables.PlayableGraph), go @ X2 (UnityEngine.GameObject), 0
Import :             1 Call - the return of a resolved method (typed), first read by ShiftRight   e.g. MMTilemapShadow.Copy: 101 Call List`1<UnityEngine.Vector3Int>.AddWithResize, v445 @ X0_v44, &v174 @ stack_-C0_v6 (UnityEngine.Vector3Int), 0
Import :             1 Move from a typed local, first read by Move   e.g. ScreenshotTaker.ApplySettings: -1 Move v191 @ X1_v15, v300 @ X0_v29 (System.Collections.Generic.List`1<System.Object>)
Import :             1 Move of SzArrayTypeAnalysisContext [never read]   e.g. G_AdvancedData.Init: -1 Move v742 @ X23_v1, typeof(System.String[])
Import :             1 Add, first read by IndirectCall   e.g. MultiDimArrayUtilities.InsertOneRowAbove: 429 Add v432 @ X23_v5, v185 @ X1_v1 (System.Object), 32
Import :             1 Move from a typed local, first read by IsInst   e.g. PKCS12.GetBytes: -1 Move v581 @ X25_v21, v846 @ X0_v20 (Mono.Security.X509.X509CertificateCollection+X509CertificateEnumerator)
Import :             1 written by nothing, first read by CheckGreaterOrEqual   e.g. UIParticleUpdater.ModifyScale: v40
Import :             1 Move from a typed local, first read by CheckLess   e.g. SlicedFilledImage.UnityEngine.ICanvasRaycastFilter.IsRaycastLocationValid: -1 Move v744 @ V20_v7, v695 @ V0_v20 (UnityEngine.Vector4)
Import :             1 IsInst, first read by IsInst   e.g. Extensions.Convert: 64 IsInst v305 @ X0_v81, typeof(U), token @ X0 (T)
Import :             1 Box, first read by CallVoid   e.g. JsonSerializerInternalReader.SetPropertyValue: 485 Box v358 @ X0_v16, typeof(System.Boolean), &v291 @ stack_-74_v3 (System.Int32)
Import :             1 written by nothing, first read by Or   e.g. MMTilemapShadow.Copy: v831
Import :             1 Call - the return of a resolved method (typed), first read by CallVoid   e.g. DictionaryWrapper`2.System.Collections.IDictionary.GetEnumerator: 178 Call IEnumerable`1<System.Collections.Generic.KeyValuePair`2<TKey, TValue>>.GetEnumerator, v337 @ X0_v4, v325 @ X20_v6 (System.Collections.Generic.IReadOnlyDictionary`2<TKey, TValue>)
Import :             1 Move from a field, first read by CheckEqual   e.g. SlicedFilledImage.UnityEngine.ICanvasRaycastFilter.IsRaycastLocationValid: -1 Move v855 @ V19_v19, v695.y (System.Single)
Import :             1 Multiply, first read by MakeStruct   e.g. CinemachineStoryboard.PlaceImage: 488 Multiply v201 @ V1_v18, v172 @ V11_v5 (System.Int32), [this @ X0 (Cinemachine.CinemachineStoryboard)+v322 @ X8_v31 (System.Int32)]
Import :             1 Move from a typed local, first read by CallVoid   e.g. XmlNodeConverter.SerializeGroupedNodes: -1 Move v103 @ X29_v14, v92 @ stack_-68_v10 (System.Object)
Import :             1 Multiply, first read by Divide   e.g. Clipper.DistanceFromLineSqrd: 17 Multiply v23 @ V0_v5, v22 @ V0_v4, v22 @ V0_v4
Import :             1 Move of AddressOf, first read by Box   e.g. ES3HashSetType.Read: -1 Move v113 @ X1_v3, &v49 @ stack_-24_v2
Import :             1 Move of GenericInstanceTypeAnalysisContext [never read]   e.g. JsonTextReader.FinishReadQuotedNumber: -1 Move v132 @ X8_v6, typeof(System.Nullable`1<System.Double>)
Import :             1 Subtract, first read by CheckLessOrEqual   e.g. CatmullRomDecoder.GetPoint: 142 Subtract v85 @ X11_v5, v136 @ X9_v4, 1
Import :             1 Divide, first read by Multiply   e.g. LinearDecoder.GetPoint: 180 Divide v363 @ V1_v9, v291 @ V10_v4, v348 @ V1_v7
Import :             1 Box, first read by Move   e.g. JEnumerable`1.GetEnumerator: 57 Box v26 @ X0_v26, typeof(Il2CppClass<Newtonsoft.Json.Linq.JEnumerable`1<T>>), &v158 @ X8_v17 (Newtonsoft.Json.Linq.JEnumerable`1<T>)
Import :             1 IsInst, first read by an unresolved call   e.g. MMAudioListener.OnEnable: 84 IsInst v211 @ X0_v18, typeof(UnityEngine.AudioListener[]), v206 @ X0_v15 (UnityEngine.Object[])
Import :             1 Divide, first read by CheckLess   e.g. BakedSolution.FindIntersection: 115 Divide v64 @ V0_v4, v62 @ V0_v3, v63 @ V2_v3
Import :             1 Call - the return of a call whose target is unknown, first read by CheckNotEqual   e.g. CinemachineMixer.ProcessFrame: 494 Call 1D405BC, v868 @ V0_v19, v365 @ stack_-90_v7 (UnityEngine.Playables.ScriptPlayable`1<CinemachineShotPlayable>), info @ X2 (UnityEngine.Playables.FrameData)
Import :             1 Call - the return of a call whose target is unknown, first read by Add   e.g. ScreenshotTaker.GetFirstActiveCamera: 113 Call 1D3DECC, v161 @ X0_v9, [v147 @ X23_v3 (Il2CppMethodInfo)]
Import :             1 And, first read by Add   e.g. Flash.WeightedEase: 78 And v110 @ X8_v11, overshootOrAmplitude @ V0 (System.Single), v107 @ TEMPCOND_v13 (System.Boolean)
Import :             1 Move of a constant, first read by And   e.g. DoubleLookupDictionaryFormatter`3.SerializeImplementation: -1 Move v468 @ X29_v8, 1
Import :             1 Move of RuntimeClassTypeAnalysisContext, first read by an unresolved call   e.g. MMEventManager.TriggerEvent: -1 Move v302 @ X1_v10, typeof(Il2CppClass<MoreMountains.Tools.MMEventListener`1<MMEvent>>)
Import : Il2Cpp method body recovery: 5120 call arguments the ABI spread over several vector registers were composed back into their value.
Import : Il2Cpp method body recovery: a write narrower than the field its offset lands on named a member inside it 650 times; 655 times no member accounted for the width, so the field stood.
Import : Il2Cpp method body recovery: 1033 locals held the base of a page of metadata usage slots rather than one slot; 46 usages were resolved at an offset from one.
Import : Il2Cpp method body recovery: 809 members of a game assembly were widened because a recovered body reaches them from outside the type, or the assembly, that declares them.
Import : Il2Cpp method body recovery: 80 event declarations were dropped because a recovered body reads the field they are built on - il2cpp inlines add_/remove_, and C# refuses to read an event from outside its declaring type whatever its accessibility. The field and the accessors stay.
Import : Il2Cpp accessor pairing probe: 3112 non-public instance fields had no candidate getter at all; 1193 rejections were a getter for another field; 56 getters read the field's own offset and were still turned down.
Import : Il2Cpp accessor pairing probe: 1x Bounds.m_Center @10: Move Move Move Add Add Add Return
Import : Il2Cpp accessor pairing probe: 1x Ray.m_Origin @10: Move Move Move Return
Import : Il2Cpp accessor pairing probe: 1x ChallengeResponse._ntpwd @28: ShiftStack Move Move Move CheckEqual Not ConditionalJump Move Move Move ShiftStack Call
Import : Il2Cpp accessor pairing probe: 1x DeserializationContext.streamingContext @20: Move Move Move Return
Import : Il2Cpp accessor pairing probe: 1x SerializationContext.streamingContext @20: Move Move Move Return
Import : Il2Cpp accessor pairing probe: 1x GraphyManager.m_cautionFpsColor @68: Move Move Move Move Return
Import : Il2Cpp accessor pairing probe: 1x MMGizmo.<_vector3Zero>k__BackingField @110: Move Move Move Return
Import : Il2Cpp accessor pairing probe: 1x MMGizmo.<_newPosition>k__BackingField @11C: Move Move Move Return
Import : Il2Cpp accessor pairing probe: 1x GraphyManager.m_criticalFpsColor @7C: Move Move Move Move Return
Import : Il2Cpp accessor pairing probe: 1x MMAim.<PrimaryMovement>k__BackingField @38: Move Move Return
Import : Il2Cpp accessor pairing probe: 1x DebugContext.errorHandlingPolicy @24: ShiftStack Move Move Move Call Move Move Move ShiftStack Return
Import : Il2Cpp accessor pairing probe: 1x RoomController._background @38: Move Move Move Move Return
Import : Il2Cpp accessor pairing probe: 1x CinemachineComposer.<TrackedPoint>k__BackingField @6C: Move Move Move Return
Import : Il2Cpp accessor pairing probe: 1x Shadow.m_EffectColor @28: Move Move Move Move Return
Import : Il2Cpp accessor pairing probe: 1x Exception._className @10: ShiftStack Move Move Move Move Move Move Move And CheckEqual Not ConditionalJump
Import : Il2Cpp accessor pairing probe: 1x CinemachineGroupComposer.<LastBoundsMatrix>k__BackingField @150: Move Move Move Move Move Move Move Move Return
Import : Il2Cpp accessor pairing probe: 1x JsonTextReader._lineStartPos @90: Move Move Subtract Return
Import : Il2Cpp accessor pairing probe: 1x MMAim.<CurrentPosition>k__BackingField @2C: Move Move Move Return
Import : Il2Cpp accessor pairing probe: 1x MonoTlsSettings.<CertificateValidationTime>k__BackingField @20: Move Move Move Return
Import : Il2Cpp accessor pairing probe: 1x RaycastHit.m_Point @10: Move Move Move Return
Import : Il2Cpp accessor pairing probe: 1x LinkedListNode`1.item @28: Move Move Move Return
Import : Il2Cpp accessor pairing probe: 1x MMAim.<SecondaryMovement>k__BackingField @40: Move Move Return
Import : Il2Cpp accessor pairing probe: 1x MMF_NVContinuous._duration @E8: Move Move Move Move IndirectJump Return
Import : Il2Cpp accessor pairing probe: 1x GraphyManager.m_audioGraphColor @E0: Move Move Move Move Return
Import : Il2Cpp accessor pairing probe: 1x MMPathMovement.<CurrentSpeed>k__BackingField @34: Move Move Move Return
Import : Il2Cpp method body recovery: 5202 reads of a hidden static field were written as the public property that returns it.
Import : Il2Cpp method body recovery: 36 calls were retargeted from a shared generic instantiation onto the one the receiver's own type names.
Import : Il2Cpp inline operation recovery: 1346 candidate sites, 820 rewritten into the operation they came from.
Import : Il2Cpp inline operation recovery: 820x ListAdd
Import : Il2Cpp inline operation recovery: rejected 159x - ListAdd:CheckLess of field _size and ArrayLength of a local defined by Move field _items, neither the receiver's size; the receiver is local defined by Add local
Import : Il2Cpp inline operation recovery: rejected 136x - ListAdd:guard does not end in a conditional branch
Import : Il2Cpp inline operation recovery: rejected 46x - ListAdd:slow path has 2 predecessors
Import : Il2Cpp inline operation recovery: rejected 35x - ListAdd:the branch condition is defined by CheckNotEqual; the receiver is local defined by Call local
Import : Il2Cpp inline operation recovery: rejected 31x - ListAdd:fast path has 2 predecessors
Import : Il2Cpp inline operation recovery: rejected 27x - ListAdd:the branch condition is defined by CheckNotEqual; the receiver is local defined by Newobj TypeAnalysisContext
Import : Il2Cpp inline operation recovery: rejected 14x - ListAdd:CheckLess of memory+0x18 and memory+0x18, neither the receiver's size; the receiver is local defined by Newobj GenericInstanceTypeAnalysisContext
Import : Il2Cpp inline operation recovery: rejected 12x - ListAdd:CheckLess of memory+0x18 and memory+0x18, neither the receiver's size; the receiver is local defined by Move memory+0x0
Import : Il2Cpp inline operation recovery: rejected 10x - ListAdd:the branch condition is defined by CheckNotEqual; the receiver is a local with no single definition
Import : Il2Cpp inline operation recovery: rejected 10x - ListAdd:CheckLess of a local with no single definition and ArrayLength of a local with no single definition, neither the receiver's size; the receiver is local defined by Newobj GenericInstanceTypeAnalysisContext
Import : Il2Cpp inline operation recovery: rejected 6x - ListAdd:CheckLess of memory+0x18 and memory+0x18, neither the receiver's size; the receiver is local defined by Newobj RuntimeClassTypeAnalysisContext
Import : Il2Cpp inline operation recovery: rejected 6x - ListAdd:fast path has 3 predecessors
Import : Il2Cpp inline operation recovery: rejected 6x - ListAdd:slow path has 3 predecessors
Import : Il2Cpp inline operation recovery: rejected 4x - ListAdd:CheckLess of memory+0x18 and memory+0x18, neither the receiver's size; the receiver is local defined by Add local
Import : Il2Cpp inline operation recovery: rejected 4x - ListAdd:CheckLess of memory+0x18 and memory+0x18, neither the receiver's size; the receiver is a local with no single definition
Import : Il2Cpp inline operation recovery: rejected 2x - ListAdd:CheckLess of memory+0x18 and memory+0x18, neither the receiver's size; the receiver is local defined by Move memory+0x60
Import : Il2Cpp inline operation recovery: rejected 2x - ListAdd:the branch condition is defined by Not; the receiver is local defined by Add local
Import : Il2Cpp inline operation recovery: rejected 2x - ListAdd:fast path has 5 predecessors
Import : Il2Cpp inline operation recovery: rejected 2x - ListAdd:CheckLess of memory+0x18 and memory+0x18, neither the receiver's size; the receiver is local defined by Move memory+0x8
Import : Il2Cpp inline operation recovery: rejected 2x - ListAdd:the branch condition is defined by CheckEqual; the receiver is local defined by Newobj GenericInstanceTypeAnalysisContext
Import : Il2Cpp inline operation recovery: rejected 2x - ListAdd:CheckLess of a local with no single definition and ArrayLength of a local defined by Move field _items, neither the receiver's size; the receiver is local defined by Newobj GenericInstanceTypeAnalysisContext
Import : Il2Cpp inline operation recovery: rejected 2x - ListAdd:CheckLess of a local with no single definition and ArrayLength of a local defined by Move field _items, neither the receiver's size; the receiver is a local with no single definition
Import : Il2Cpp inline operation recovery: rejected 2x - ListAdd:CheckLess of memory+0x18 and memory+0x18, neither the receiver's size; the receiver is local defined by Move memory+0xFFFFFFFFFFFFFFF8
Import : Il2Cpp inline operation recovery: rejected 2x - ListAdd:CheckLess of a local with no single definition and a local with no single definition, neither the receiver's size; the receiver is field m_normals
Import : Il2Cpp inline operation recovery: rejected 2x - ListAdd:size compared against ArrayLength of a local with no single definition; the receiver is local defined by Newobj GenericInstanceTypeAnalysisContext
Import : Il2Cpp method body recovery: SSA destruction left copies - 74452 coalesced, 10781 kept because the two locals are live at once, 5962 because their types differ.
Import : Finished reading files
Processing : Processing loaded assets...
Processing : AttributePolyfillGenerator
Processing : MonoExplicitPropertyRepairProcessor
Processing : ObfuscationRepairProcessor
Processing : ForwardingAssemblyGenerator
Processing : NullRefReturnProcessor
Processing : UnmanagedConstraintRecoveryProcessor
Processing : RemoveAssemblyKeyFileAttributeProcessor
Processing : InternalsVisibileToPublicKeyRemover
Processing : SceneDefinitionProcessor
Processing : Creating Scene Definitions
Processing : OriginalPathProcessor
Processing : MainAssetProcessor
Processing : Main Asset Pairing
Processing : AnimatorControllerProcessor
Processing : Reconstruct AnimatorController Assets
Processing : AudioMixerProcessor
Processing : Reconstruct AudioMixer Assets
Processing : EditorFormatProcessor
Processing : Editor Format Conversion
Processing : LightingDataProcessor
Processing : Lighting Data Assets
Processing : PrefabProcessor
Processing : SpriteProcessor
Processing : ScriptableObjectProcessor
Processing : Processing Scriptable Object Groups
Processing : Finished processing assets
Export : Starting export
Export : Attempting to export assets to /home/user/AssetRipper/Test/Out56F-m...
Export : Game files have these Unity versions: 2022.3.54f1 2022.3.62f2
Export : Exporting to Unity version 2022.3.62f2
Import [Warning] : Resource file 'UniTask.Linq.dll' hasn't been found
Import [Warning] : Assembly 'UniTask.Linq' hasn't been found
Import [Warning] : Resource file 'Unity.VisualScripting.Core.dll' hasn't been found
Import [Warning] : Assembly 'Unity.VisualScripting.Core' hasn't been found
Import [Warning] : Resource file 'Unity.VisualScripting.Flow.dll' hasn't been found
Import [Warning] : Assembly 'Unity.VisualScripting.Flow' hasn't been found
Import [Warning] : Resource file 'Unity.VisualScripting.State.dll' hasn't been found
Import [Warning] : Assembly 'Unity.VisualScripting.State' hasn't been found
Import [Warning] : Resource file 'UnityEngine.TestRunner.dll' hasn't been found
Import [Warning] : Assembly 'UnityEngine.TestRunner' hasn't been found
Import [Warning] : Resource file 'Unity.Services.Core.Networking.dll' hasn't been found
Import [Warning] : Assembly 'Unity.Services.Core.Networking' hasn't been found
Import [Warning] : Resource file 'Unity.RenderPipelines.Core.ShaderLibrary.dll' hasn't been found
Import [Warning] : Assembly 'Unity.RenderPipelines.Core.ShaderLibrary' hasn't been found
Import [Warning] : Resource file 'Unity.AI.Navigation.dll' hasn't been found
Import [Warning] : Assembly 'Unity.AI.Navigation' hasn't been found
Import [Warning] : Resource file 'UnityEngine.XR.LegacyInputHelpers.dll' hasn't been found
Import [Warning] : Assembly 'UnityEngine.XR.LegacyInputHelpers' hasn't been found
Import [Warning] : Resource file 'Unity.Services.Core.Components.dll' hasn't been found
Import [Warning] : Assembly 'Unity.Services.Core.Components' hasn't been found
Import [Warning] : Resource file 'Unity.RenderPipelines.Universal.Shaders.dll' hasn't been found
Import [Warning] : Assembly 'Unity.RenderPipelines.Universal.Shaders' hasn't been found
Import [Warning] : Resource file 'UnityEngine.SpatialTracking.dll' hasn't been found
Import [Warning] : Assembly 'UnityEngine.SpatialTracking' hasn't been found
Import [Warning] : Resource file 'Unity.Services.Core.Analytics.dll' hasn't been found
Import [Warning] : Assembly 'Unity.Services.Core.Analytics' hasn't been found
Import [Warning] : Resource file 'Unity.Services.Core.Environments.dll' hasn't been found
Import [Warning] : Assembly 'Unity.Services.Core.Environments' hasn't been found
Import [Warning] : Resource file 'UniTask.TextMeshPro.dll' hasn't been found
Import [Warning] : Assembly 'UniTask.TextMeshPro' hasn't been found
Import [Warning] : Resource file 'Unity.RenderPipelines.Universal.Config.Runtime.dll' hasn't been found
Import [Warning] : Assembly 'Unity.RenderPipelines.Universal.Config.Runtime' hasn't been found
Import [Warning] : Resource file 'Unity.Recorder.dll' hasn't been found
Import [Warning] : Assembly 'Unity.Recorder' hasn't been found
Import [Warning] : Resource file 'Unity.RenderPipelines.Universal.2D.Internal.dll' hasn't been found
Import [Warning] : Assembly 'Unity.RenderPipelines.Universal.2D.Internal' hasn't been found
Import [Warning] : Resource file 'Unity.RenderPipelines.ShaderGraph.ShaderGraphLibrary.dll' hasn't been found
Import [Warning] : Assembly 'Unity.RenderPipelines.ShaderGraph.ShaderGraphLibrary' hasn't been found
Import [Warning] : Resource file 'Unity.RemoteConfig.Editor.Core.dll' hasn't been found
Import [Warning] : Assembly 'Unity.RemoteConfig.Editor.Core' hasn't been found
Import : Resource file 'sharedassets1.resource' has been loaded
ExportProgress : (1/1031) Exporting 'EditorBuildSettings'
ExportProgress : (2/1031) Exporting 'EditorSettings'
ExportProgress : (3/1031) Exporting 'LightingData'
ExportProgress : (4/1031) Exporting '[Gtap]CoreScene (SceneAsset)'
ExportProgress : (5/1031) Exporting 'LightingData'
ExportProgress : (6/1031) Exporting 'Level_1 (SceneAsset)'
ExportProgress : (7/1031) Exporting 'Splash Screen Unity Logo'
ExportProgress : (8/1031) Exporting 'LDR_LLL1_0'
ExportProgress : (9/1031) Exporting 'BayerMatrix'
ExportProgress : (10/1031) Exporting 'Nunito-Black Atlas'
ExportProgress : (11/1031) Exporting 'sactx-0-2048x2048-ASTC 6x6-Atlas-87e66907'
ExportProgress : (12/1031) Exporting 'sactx-2-2048x2048-ASTC 6x6-Atlas-87e66907'
ExportProgress : (13/1031) Exporting 'sactx-3-2048x2048-ASTC 6x6-Atlas-87e66907'
ExportProgress : (14/1031) Exporting 'sactx-4-2048x2048-ASTC 6x6-Atlas-87e66907'
ExportProgress : (15/1031) Exporting 'skill_passive_rotate_white 1'
ExportProgress : (16/1031) Exporting 'logo_gtap'
ExportProgress : (17/1031) Exporting 'DefaultSetIcons'
ExportProgress : (18/1031) Exporting 'logo'
ExportProgress : (19/1031) Exporting 'sactx-5-2048x2048-ASTC 6x6-Atlas-87e66907'
ExportProgress : (20/1031) Exporting 'sactx-6-2048x2048-ASTC 6x6-Atlas-87e66907'
ExportProgress : (21/1031) Exporting 'sactx-1-2048x2048-ASTC 6x6-Atlas-87e66907'
ExportProgress : (22/1031) Exporting '9'
ExportProgress : (23/1031) Exporting 'Letter-1'
ExportProgress : (24/1031) Exporting 'Letter-5'
ExportProgress : (25/1031) Exporting 'Letter-10'
ExportProgress : (26/1031) Exporting 'Letter-7'
ExportProgress : (27/1031) Exporting 'Letter-3'
ExportProgress : (28/1031) Exporting 'Letter-2'
ExportProgress : (29/1031) Exporting 'Letter-6'
ExportProgress : (30/1031) Exporting 'image 11'
ExportProgress : (31/1031) Exporting 'Letter-7'
ExportProgress : (32/1031) Exporting 'Letter-1'
ExportProgress : (33/1031) Exporting 'Letter-11'
ExportProgress : (34/1031) Exporting '8'
ExportProgress : (35/1031) Exporting 'circle'
ExportProgress : (36/1031) Exporting 'image 12'
ExportProgress : (37/1031) Exporting 'Letter-5'
ExportProgress : (38/1031) Exporting 'image 14'
ExportProgress : (39/1031) Exporting 'Letter-4'
ExportProgress : (40/1031) Exporting '7'
ExportProgress : (41/1031) Exporting 'Letter-2'
ExportProgress : (42/1031) Exporting 'Letter-2'
ExportProgress : (43/1031) Exporting 'Letter-1'
ExportProgress : (44/1031) Exporting 'Letter-8'
ExportProgress : (45/1031) Exporting 'Letter-9'
ExportProgress : (46/1031) Exporting 'Letter-9'
ExportProgress : (47/1031) Exporting 'Letter-2'
ExportProgress : (48/1031) Exporting 'Letter-13'
ExportProgress : (49/1031) Exporting 'Letter-8'
ExportProgress : (50/1031) Exporting 'Letter-6'
ExportProgress : (51/1031) Exporting 'Letter'
ExportProgress : (52/1031) Exporting '4'
ExportProgress : (53/1031) Exporting '6'
ExportProgress : (54/1031) Exporting 'Letter'
ExportProgress : (55/1031) Exporting '2'
ExportProgress : (56/1031) Exporting 'Letter-4'
ExportProgress : (57/1031) Exporting 'Letter-5'
ExportProgress : (58/1031) Exporting 'image 9'
ExportProgress : (59/1031) Exporting '3'
ExportProgress : (60/1031) Exporting 'Letter-2'
ExportProgress : (61/1031) Exporting 'Letter-5'
ExportProgress : (62/1031) Exporting '10'
ExportProgress : (63/1031) Exporting '12'
ExportProgress : (64/1031) Exporting 'skill_passive_rotate_white 2'
ExportProgress : (65/1031) Exporting 'Letter'
ExportProgress : (66/1031) Exporting 'Letter-7'
ExportProgress : (67/1031) Exporting 'Letter-3'
ExportProgress : (68/1031) Exporting 'Letter-6'
ExportProgress : (69/1031) Exporting 'Letter-4'
ExportProgress : (70/1031) Exporting 'Letter-7'
ExportProgress : (71/1031) Exporting 'Letter-2'
ExportProgress : (72/1031) Exporting 'Letter-9'
ExportProgress : (73/1031) Exporting 'Letter-3'
ExportProgress : (74/1031) Exporting 'Letter-4'
ExportProgress : (75/1031) Exporting '11'
ExportProgress : (76/1031) Exporting 'Letter-7'
ExportProgress : (77/1031) Exporting 'image 13'
ExportProgress : (78/1031) Exporting 'Letter'
ExportProgress : (79/1031) Exporting 'Letter-11'
ExportProgress : (80/1031) Exporting 'Letter-12'
ExportProgress : (81/1031) Exporting 'Letter-8'
ExportProgress : (82/1031) Exporting '5'
ExportProgress : (83/1031) Exporting 'Letter-4'
ExportProgress : (84/1031) Exporting 'Letter-5'
ExportProgress : (85/1031) Exporting 'Letter-1'
ExportProgress : (86/1031) Exporting 'Letter-1'
ExportProgress : (87/1031) Exporting 'Letter-4'
ExportProgress : (88/1031) Exporting 'Letter-8'
ExportProgress : (89/1031) Exporting 'cloud_2x2_hardshadow'
ExportProgress : (90/1031) Exporting 'Letter-8'
ExportProgress : (91/1031) Exporting 'Letter-6'
ExportProgress : (92/1031) Exporting 'Letter'
ExportProgress : (93/1031) Exporting 'Letter-3'
ExportProgress : (94/1031) Exporting 'Letter-5'
ExportProgress : (95/1031) Exporting 'image 10'
ExportProgress : (96/1031) Exporting 'Letter-3'
ExportProgress : (97/1031) Exporting 'Letter-1'
ExportProgress : (98/1031) Exporting 'Letter-10'
ExportProgress : (99/1031) Exporting 'Letter-6'
ExportProgress : (100/1031) Exporting 'Cell'
ExportProgress : (101/1031) Exporting 'DefaultSetIcons3'
ExportProgress : (102/1031) Exporting 'polyspriteline'
ExportProgress : (103/1031) Exporting 'Letter-6'
ExportProgress : (104/1031) Exporting 'Letter-8'
ExportProgress : (105/1031) Exporting 'Letter-10'
ExportProgress : (106/1031) Exporting 'Letter-9'
ExportProgress : (107/1031) Exporting 'Letter-7'
ExportProgress : (108/1031) Exporting 'Letter'
ExportProgress : (109/1031) Exporting 'Letter-3'
ExportProgress : (110/1031) Exporting '1'
ExportProgress : (111/1031) Exporting 'LilitaOne-Regular SDF Atlas'
ExportProgress : (112/1031) Exporting 'MMLogo16x16'
ExportProgress : (113/1031) Exporting 'White1px'
ExportProgress : (114/1031) Exporting 'AchievementIcon'
ExportProgress : (115/1031) Exporting 'UIFoldoutClosed'
ExportProgress : (116/1031) Exporting 'UIFoldoutOpened'
ExportProgress : (117/1031) Exporting '2x2_Texture'
ExportProgress : (118/1031) Exporting 'UICheckMark'
ExportProgress : (119/1031) Exporting 'AchievementBackgroundUnlocked'
ExportProgress : (120/1031) Exporting 'Rounded_Rect_10px'
ExportProgress : (121/1031) Exporting 'AchievementBackground'
ExportProgress : (122/1031) Exporting 'UIElement8px'
ExportProgress : (123/1031) Exporting 'EmojiOne'
ExportProgress : (124/1031) Exporting 'LiberationSans SDF Atlas'
Export [Warning] : Unable to convert 'LiberationSans SDF Atlas' to bitmap
ExportProgress [Warning] : Failed to export 'LiberationSans SDF Atlas' (TextureExportCollection)
ExportProgress : (125/1031) Exporting 'LiberationSans SDF Atlas'
ExportProgress : (126/1031) Exporting 'PlayerSettings'
ExportProgress : (127/1031) Exporting 'InputManager'
ExportProgress : (128/1031) Exporting 'TagManager'
ExportProgress : (129/1031) Exporting 'AudioManager'
ExportProgress : (130/1031) Exporting 'GraphicsSettings'
ExportProgress : (131/1031) Exporting 'TimeManager'
ExportProgress : (132/1031) Exporting 'DelayedCallManager'
ExportProgress : (133/1031) Exporting 'PhysicsManager'
ExportProgress : (134/1031) Exporting 'QualitySettings'
ExportProgress : (135/1031) Exporting 'NavMeshProjectSettings'
ExportProgress : (136/1031) Exporting 'Physics2DSettings'
ExportProgress : (137/1031) Exporting 'RuntimeInitializeOnLoadManager'
ExportProgress : (138/1031) Exporting 'StreamingManager'
ExportProgress : (139/1031) Exporting 'VFXManager'
ExportProgress : (140/1031) Exporting 'Hidden/Universal Render Pipeline/Sampling'
ExportProgress : (141/1031) Exporting 'Hidden/TerrainEngine/Details/UniversalPipeline/BillboardWavingDoublePass'
ExportProgress : (142/1031) Exporting 'Hidden/Core/FallbackError'
ExportProgress : (143/1031) Exporting 'Hidden/Universal Render Pipeline/XR/XROcclusionMesh'
ExportProgress : (144/1031) Exporting 'Hidden/Universal/HDRDebugView'
ExportProgress : (145/1031) Exporting 'Hidden/Universal Render Pipeline/MaterialError'
ExportProgress : (146/1031) Exporting 'Hidden/Universal Render Pipeline/LensFlareDataDriven'
ExportProgress : (147/1031) Exporting 'Hidden/Universal Render Pipeline/ObjectMotionVectors'
ExportProgress : (148/1031) Exporting 'Hidden/Universal Render Pipeline/FallbackLoading'
ExportProgress : (149/1031) Exporting 'Hidden/Universal/CoreBlit'
ExportProgress : (150/1031) Exporting 'Hidden/Universal/BlitHDROverlay'
ExportProgress : (151/1031) Exporting 'Hidden/Universal Render Pipeline/Blit'
ExportProgress : (152/1031) Exporting 'Hidden/Universal Render Pipeline/CameraMotionVectors'
ExportProgress : (153/1031) Exporting 'Hidden/Universal Render Pipeline/Debug/DebugReplacement'
ExportProgress : (154/1031) Exporting 'Hidden/Universal/CoreBlitColorAndDepth'
ExportProgress : (155/1031) Exporting 'Hidden/Universal Render Pipeline/XR/XRMirrorView'
ExportProgress : (156/1031) Exporting 'Hidden/Universal Render Pipeline/CopyDepth'
ExportProgress : (157/1031) Exporting 'Hidden/TerrainEngine/Details/UniversalPipeline/WavingDoublePass'
ExportProgress : (158/1031) Exporting 'Hidden/Universal Render Pipeline/FallbackError'
ExportProgress : (159/1031) Exporting 'Hidden/Universal Render Pipeline/StencilDeferred'
ExportProgress : (160/1031) Exporting 'Hidden/TerrainEngine/Details/UniversalPipeline/Vertexlit'
ExportProgress : (161/1031) Exporting 'ScriptExportCollection'
Export : Exporting scripts...
Export : Decompiling Unity.InputSystem
Export : Decompiling Unity.RenderPipelines.Universal.Runtime
Export : Decompiling MoreMountains.Tools
Export : Decompiling Unity.RenderPipelines.Core.Runtime
Export : Decompiling MoreMountains.Feedbacks
Export : Decompiling Newtonsoft.Json
Export : Decompiling Unity.TextMeshPro
Export : Decompiling EasySave3
Export : Decompiling Sirenix.Serialization
Export : Decompiling Cinemachine
Export [Error] : Decompilation of 'Cinemachine' was abandoned part way through, so its scripts are incomplete. The methods named below are the ones ILSpy could not read.
[Error] : System.AggregateException: One or more errors occurred. (Error decompiling @060000CF Cinemachine.CinemachineFreeLook.SteepestDescent)
 ---> Error decompiling @060000CF Cinemachine.CinemachineFreeLook.SteepestDescent
in assembly "Cinemachine"
 ---> System.ArgumentOutOfRangeException: Index was out of range. Must be non-negative and less than the size of the collection. (Parameter 'index')
   at System.ThrowHelper.ThrowArgumentOutOfRange_IndexMustBeLessException() in offset 0
   at System.Collections.Generic.List`1.get_Item(Int32 index) in offset 9
   at ICSharpCode.Decompiler.IL.Transforms.LocalFunctionDecompiler.<DetermineCaptureAndDeclarationScope>g__GetClosureInitializer|23_0(ILVariable variable) in LocalFunctionDecompiler.cs:line 749
   at ICSharpCode.Decompiler.IL.Transforms.LocalFunctionDecompiler.DetermineCaptureAndDeclarationScope(LocalFunctionInfo info, Int32 parameterIndex, ILInstruction arg) in LocalFunctionDecompiler.cs:line 716
   at ICSharpCode.Decompiler.IL.Transforms.LocalFunctionDecompiler.DetermineCaptureAndDeclarationScope(LocalFunctionInfo info, ILInstruction useSite) in LocalFunctionDecompiler.cs:line 678
   at ICSharpCode.Decompiler.IL.Transforms.LocalFunctionDecompiler.DetermineCaptureAndDeclarationScopes(ValueCollection localFunctions) in LocalFunctionDecompiler.cs:line 143
   at ICSharpCode.Decompiler.IL.Transforms.LocalFunctionDecompiler.Run(ILFunction function, ILTransformContext context) in LocalFunctionDecompiler.cs:line 97
   at ICSharpCode.Decompiler.CSharp.CSharpDecompiler.DecompileBody(IMethod method, EntityDeclaration entityDecl, DecompileRun decompileRun, ITypeResolveContext decompilationContext, ExtensionInfo extensionInfo) in CSharpDecompiler.cs:line 2103
-- continuing with outer exception (ICSharpCode.Decompiler.DecompilerException) --
   at ICSharpCode.Decompiler.CSharp.CSharpDecompiler.DecompileBody(IMethod method, EntityDeclaration entityDecl, DecompileRun decompileRun, ITypeResolveContext decompilationContext, ExtensionInfo extensionInfo) in CSharpDecompiler.cs:line 2144
   at ICSharpCode.Decompiler.CSharp.CSharpDecompiler.DoDecompile(IMethod method, DecompileRun decompileRun, ITypeResolveContext decompilationContext, ExtensionInfo extensionInfo) in CSharpDecompiler.cs:line 1979
   at ICSharpCode.Decompiler.CSharp.CSharpDecompiler.<DoDecompile>g__DoDecompileMember|80_0(IEntity entity, RecordDecompiler recordDecompiler, PartialTypeInfo partialType, ExtensionInfo extensionInfo, <>c__DisplayClass80_0&) in CSharpDecompiler.cs:line 1815
   at ICSharpCode.Decompiler.CSharp.CSharpDecompiler.DoDecompile(ITypeDefinition typeDef, DecompileRun decompileRun, ITypeResolveContext decompilationContext, Boolean asExtension) in CSharpDecompiler.cs:line 1667
   at ICSharpCode.Decompiler.CSharp.CSharpDecompiler.DoDecompileTypes(IEnumerable`1 types, DecompileRun decompileRun, ITypeResolveContext decompilationContext, SyntaxTree syntaxTree) in CSharpDecompiler.cs:line 827
   at ICSharpCode.Decompiler.CSharp.CSharpDecompiler.DecompileTypes(IEnumerable`1 types) in CSharpDecompiler.cs:line 1182
   at ICSharpCode.Decompiler.CSharp.ProjectDecompiler.WholeProjectDecompiler.<>c__DisplayClass50_0.<WriteCodeFilesInProject>b__5(IGrouping`2 file) in WholeProjectDecompiler.cs:line 302
   at System.Threading.Tasks.Parallel.<>c__DisplayClass43_0`2.<PartitionerForEachWorker>b__1(IEnumerator& partitionState, Int64 timeout, Boolean& replicationDelegateYieldedBeforeCompletion) in offset 259
   at System.Runtime.ExceptionServices.ExceptionDispatchInfo.Throw() in offset 17
   at System.Runtime.ExceptionServices.ExceptionDispatchInfo.Throw(Exception source) in offset 0
   at System.Threading.Tasks.Parallel.<>c__DisplayClass43_0`2.<PartitionerForEachWorker>b__1(IEnumerator& partitionState, Int64 timeout, Boolean& replicationDelegateYieldedBeforeCompletion) in offset 607
   at System.Threading.Tasks.TaskReplicator.Replica.Execute() in offset 35
   --- End of inner exception stack trace ---
   at System.Threading.Tasks.TaskReplicator.Run[TState](ReplicatableUserAction`1 action, ParallelOptions options, Boolean stopOnFirstFailure)
   at System.Threading.Tasks.Parallel.PartitionerForEachWorker[TSource,TLocal](Partitioner`1 source, ParallelOptions parallelOptions, Action`1 simpleBody, Action`2 bodyWithState, Action`3 bodyWithStateAndIndex, Func`4 bodyWithStateAndLocal, Func`5 bodyWithEverything, Func`1 localInit, Action`1 localFinally)
--- End of stack trace from previous location ---
   at System.Threading.Tasks.Parallel.PartitionerForEachWorker[TSource,TLocal](Partitioner`1 source, ParallelOptions parallelOptions, Action`1 simpleBody, Action`2 bodyWithState, Action`3 bodyWithStateAndIndex, Func`4 bodyWithStateAndLocal, Func`5 bodyWithEverything, Func`1 localInit, Action`1 localFinally)
   at System.Threading.Tasks.Parallel.ForEach[TSource](Partitioner`1 source, ParallelOptions parallelOptions, Action`1 body)
   at ICSharpCode.Decompiler.CSharp.ProjectDecompiler.WholeProjectDecompiler.<>c__DisplayClass50_0.<WriteCodeFilesInProject>g__ProcessFiles|3(List`1 files) in /_/ICSharpCode.Decompiler/CSharp/ProjectDecompiler/WholeProjectDecompiler.cs:line 283
   at ICSharpCode.Decompiler.CSharp.ProjectDecompiler.WholeProjectDecompiler.WriteCodeFilesInProject(MetadataFile module, IList`1 partialTypes, CancellationToken cancellationToken) in /_/ICSharpCode.Decompiler/CSharp/ProjectDecompiler/WholeProjectDecompiler.cs:line 246
   at ICSharpCode.Decompiler.CSharp.ProjectDecompiler.WholeProjectDecompiler.DecompileProject(MetadataFile file, String targetDirectory, TextWriter projectFileWriter, CancellationToken cancellationToken) in /_/ICSharpCode.Decompiler/CSharp/ProjectDecompiler/WholeProjectDecompiler.cs:line 157
   at AssetRipper.Export.UnityProjects.Scripts.ScriptDecompiler.DecompileWholeProject(WholeProjectDecompiler decompiler, AssemblyDefinition assembly, String outputFolder) in /home/user/AssetRipper/Source/AssetRipper.Export.UnityProjects/Scripts/ScriptDecompiler.cs:line 75

Export : Decompiling UnityEngine.UI
Export : Decompiling DOTween
Export : Decompiling Sirenix.Utilities
Export : Decompiling Assembly-CSharp
Export : Decompiling MoreMountains.Feedbacks.MMTools
Export : Decompiling AlmostEngine
Export : Decompiling MoreMountains.Feedbacks.URP
Export : Decompiling Unity.Timeline
Export : Decompiling UniTask
Export : Decompiling Unity.LevelPlay
Export : Decompiling Tayx.Graphy
Export : Decompiling MoreMountains.Feedbacks.TextMeshPro
Export : Decompiling Unity.Services.Authentication
Export : Decompiling MoreMountains.Feedbacks.PostProcessing
Export : Decompiling Sirenix.OdinInspector.Attributes
Export : Decompiling Assembly-CSharp-firstpass
Export : Decompiling Unity.Services.Core.Internal
Export : Decompiling MoreMountains.Feedbacks.Cinemachine
Export : Decompiling Unity.Mathematics
Export : Decompiling Coffee.UIParticle
Export : Decompiling MoreMountains.Feedbacks.NiceVibrations
Export : Decompiling Unity.Burst
Export : Decompiling Unity.Services.RemoteConfig
Export : Decompiling Lofelt.NiceVibrations
Export : Decompiling Sirenix.Serialization.Config
Export : Decompiling Unity.Services.Core.Registration
Export : Decompiling AlmostEngine.Shared
Export : Decompiling Unity.Services.Core.Scheduler
Export : Decompiling Unity.Services.Core.Configuration
Export : Decompiling Unity.Services.Core
Export : Decompiling DELTation.ToonShader
Export : Decompiling Unity.Services.Core.Device
Export : Decompiling Unity.RenderPipeline.Universal.ShaderLibrary
Export : Decompiling Sirenix.OdinInspector.CompatibilityLayer
Export : Decompiling Unity.Services.Core.Telemetry
Export : Decompiling Unity.Services.Core.Environments.Internal
Export : Decompiling Unity.Services.Core.Threading
Export : Decompiling Sirenix.Serialization.AOTGenerated
Export : Decompiling __Generated
Export : Decompiling System.Runtime.CompilerServices.Unsafe
ExportProgress : (162/1031) Exporting 'Sprite'
ExportProgress : (163/1031) Exporting 'Default_PipelineAsset_ForwardRenderer'
ExportProgress : (164/1031) Exporting 'High'
ExportProgress : (165/1031) Exporting 'Mobile'
ExportProgress : (166/1031) Exporting 'UniversalRenderPipelineGlobalSettings'
ExportProgress : (167/1031) Exporting 'XRSystemData'
ExportProgress : (168/1031) Exporting 'Nunito-Black'
ExportProgress : (169/1031) Exporting 'Nunito-Black Atlas Material'
ExportProgress : (170/1031) Exporting 'TextMeshPro/Distance Field'
ExportProgress : (171/1031) Exporting 'TextMeshPro/Mobile/Distance Field'
ExportProgress : (172/1031) Exporting 'GridBack_0'
ExportProgress : (173/1031) Exporting 'DefaultSetIcons2_15'
ExportProgress : (174/1031) Exporting 'DefaultSetIcons2_4'
ExportProgress : (175/1031) Exporting 'DefaultSetIcons2_6'
ExportProgress : (176/1031) Exporting 'DefaultSetIcons2_8'
ExportProgress : (177/1031) Exporting 'Icons_5'
ExportProgress : (178/1031) Exporting 'DefaultSetIcons2_14'
ExportProgress : (179/1031) Exporting 'Rectangle 27_0'
ExportProgress : (180/1031) Exporting 'DefaultSetIcons2_2'
ExportProgress : (181/1031) Exporting 'Icons_3'
ExportProgress : (182/1031) Exporting 'DefaultSetIcons2_1'
ExportProgress : (183/1031) Exporting 'Water'
ExportProgress : (184/1031) Exporting 'Nail'
ExportProgress : (185/1031) Exporting 'Tomato'
ExportProgress : (186/1031) Exporting 'Calculator'
ExportProgress : (187/1031) Exporting 'Big_pillow'
ExportProgress : (188/1031) Exporting 'Flask'
ExportProgress : (189/1031) Exporting 'Tooth'
ExportProgress : (190/1031) Exporting 'T_shirt'
ExportProgress : (191/1031) Exporting 'Fist'
ExportProgress : (192/1031) Exporting 'Tomato_cut'
ExportProgress : (193/1031) Exporting 'Medical_glove'
ExportProgress : (194/1031) Exporting 'Sports_ladder'
ExportProgress : (195/1031) Exporting 'Needle'
ExportProgress : (196/1031) Exporting 'Socket'
ExportProgress : (197/1031) Exporting 'Colored_plastic'
ExportProgress : (198/1031) Exporting 'Ottoman'
ExportProgress : (199/1031) Exporting 'Spoon'
ExportProgress : (200/1031) Exporting 'Candle'
ExportProgress : (201/1031) Exporting 'ok'
ExportProgress : (202/1031) Exporting 'Bear'
ExportProgress : (203/1031) Exporting 'skill_passive_rotate_white 1'
ExportProgress : (204/1031) Exporting 'Button_sharp'
ExportProgress : (205/1031) Exporting 'Christmas_tree'
ExportProgress : (206/1031) Exporting 'Wires'
ExportProgress : (207/1031) Exporting 'Bead'
ExportProgress : (208/1031) Exporting 'Pin'
ExportProgress : (209/1031) Exporting 'Bucket'
ExportProgress : (210/1031) Exporting 'Moon'
ExportProgress : (211/1031) Exporting 'logo_gtap'
ExportProgress : (212/1031) Exporting 'Group 17'
ExportProgress : (213/1031) Exporting 'Matches'
ExportProgress : (214/1031) Exporting 'Drops_with_steam'
ExportProgress : (215/1031) Exporting 'Hanger'
ExportProgress : (216/1031) Exporting 'Finger'
ExportProgress : (217/1031) Exporting 'Metal_ingot'
ExportProgress : (218/1031) Exporting 'Rag'
ExportProgress : (219/1031) Exporting 'Banana'
ExportProgress : (220/1031) Exporting 'Boxing_gloves'
ExportProgress : (221/1031) Exporting 'Frame'
ExportProgress : (222/1031) Exporting 'DangerIcons'
ExportProgress : (223/1031) Exporting 'Spot'
ExportProgress : (224/1031) Exporting 'Group 18'
ExportProgress : (225/1031) Exporting 'Hammer'
ExportProgress : (226/1031) Exporting 'ok 1'
ExportProgress : (227/1031) Exporting 'Drop_of_paste'
ExportProgress : (228/1031) Exporting 'Metal_shavings'
ExportProgress : (229/1031) Exporting 'File_folder'
ExportProgress : (230/1031) Exporting 'Ball_of_thread'
ExportProgress : (231/1031) Exporting 'Metal_ore'
ExportProgress : (232/1031) Exporting 'Hook'
ExportProgress : (233/1031) Exporting 'Rectangle 19-1'
ExportProgress : (234/1031) Exporting 'Duck'
ExportProgress : (235/1031) Exporting 'Iron_pipes'
ExportProgress : (236/1031) Exporting 'Wool'
ExportProgress : (237/1031) Exporting 'Sponge'
ExportProgress : (238/1031) Exporting 'Spring'
ExportProgress : (239/1031) Exporting 'Cone'
ExportProgress : (240/1031) Exporting 'Road'
ExportProgress : (241/1031) Exporting 'Dumbbell'
ExportProgress : (242/1031) Exporting 'Jar'
ExportProgress : (243/1031) Exporting 'Medal'
ExportProgress : (244/1031) Exporting 'Fire'
ExportProgress : (245/1031) Exporting 'Book'
ExportProgress : (246/1031) Exporting 'Pan'
ExportProgress : (247/1031) Exporting 'drops'
ExportProgress : (248/1031) Exporting 'Black_ink_drop'
ExportProgress : (249/1031) Exporting 'Iron'
ExportProgress : (250/1031) Exporting 'Tea_spoon'
ExportProgress : (251/1031) Exporting 'Soap'
ExportProgress : (252/1031) Exporting 'Steam'
ExportProgress : (253/1031) Exporting 'Stump'
ExportProgress : (254/1031) Exporting 'Pancake_from_the_bar'
ExportProgress : (255/1031) Exporting 'Chicken'
ExportProgress : (256/1031) Exporting 'Pig'
ExportProgress : (257/1031) Exporting 'Arrow'
ExportProgress : (258/1031) Exporting 'Feather'
ExportProgress : (259/1031) Exporting 'Herbs'
ExportProgress : (260/1031) Exporting 'Thread'
ExportProgress : (261/1031) Exporting 'Lightning'
ExportProgress : (262/1031) Exporting 'Shirt'
ExportProgress : (263/1031) Exporting 'Bread'
ExportProgress : (264/1031) Exporting 'Paralon'
ExportProgress : (265/1031) Exporting 'Hair'
ExportProgress : (266/1031) Exporting 'Cup-1'
ExportProgress : (267/1031) Exporting 'Timer'
ExportProgress : (268/1031) Exporting 'Caps'
ExportProgress : (269/1031) Exporting 'Toilet_paper'
ExportProgress : (270/1031) Exporting 'Comb'
ExportProgress : (271/1031) Exporting 'Jar_lid'
ExportProgress : (272/1031) Exporting 'Radio'
ExportProgress : (273/1031) Exporting 'Cloud'
ExportProgress : (274/1031) Exporting 'Sneaker'
ExportProgress : (275/1031) Exporting 'Cookie'
ExportProgress : (276/1031) Exporting 'Glass'
ExportProgress : (277/1031) Exporting 'Group 17 (2)'
ExportProgress : (278/1031) Exporting 'Mouse'
ExportProgress : (279/1031) Exporting 'Stack_of_things'
ExportProgress : (280/1031) Exporting 'Snowflake'
ExportProgress : (281/1031) Exporting 'Cup'
ExportProgress : (282/1031) Exporting 'Forest'
ExportProgress : (283/1031) Exporting 'Wood_block'
ExportProgress : (284/1031) Exporting 'Grater'
ExportProgress : (285/1031) Exporting 'Leather'
ExportProgress : (286/1031) Exporting 'Chip'
ExportProgress : (287/1031) Exporting 'Branch'
ExportProgress : (288/1031) Exporting 'Eraser'
ExportProgress : (289/1031) Exporting 'Letter_A'
ExportProgress : (290/1031) Exporting 'Bird'
ExportProgress : (291/1031) Exporting 'Plate'
ExportProgress : (292/1031) Exporting 'Pattern'
ExportProgress : (293/1031) Exporting 'Hose'
ExportProgress : (294/1031) Exporting 'Shavings'
ExportProgress : (295/1031) Exporting 'Metal_disk'
ExportProgress : (296/1031) Exporting 'Star_sky'
ExportProgress : (297/1031) Exporting 'Pipette'
ExportProgress : (298/1031) Exporting 'Net'
ExportProgress : (299/1031) Exporting 'Magnifying_glass'
ExportProgress : (300/1031) Exporting 'Bonfire'
ExportProgress : (301/1031) Exporting 'Basin'
ExportProgress : (302/1031) Exporting 'Mouth_guard'
ExportProgress : (303/1031) Exporting 'Rainbow'
ExportProgress : (304/1031) Exporting 'Hands'
ExportProgress : (305/1031) Exporting 'Fan'
ExportProgress : (306/1031) Exporting 'Wristband'
ExportProgress : (307/1031) Exporting 'Black_mirror'
ExportProgress : (308/1031) Exporting 'Handkerchief'
ExportProgress : (309/1031) Exporting 'Edible_pear'
ExportProgress : (310/1031) Exporting 'Rectangle 18-2'
ExportProgress : (311/1031) Exporting 'Monitor'
ExportProgress : (312/1031) Exporting 'Perfume'
ExportProgress : (313/1031) Exporting 'RectangleRoom'
ExportProgress : (314/1031) Exporting 'Colored_drop'
ExportProgress : (315/1031) Exporting 'Inkwell'
ExportProgress : (316/1031) Exporting 'Colored_spot'
ExportProgress : (317/1031) Exporting 'Rectangle 19'
ExportProgress : (318/1031) Exporting 'Metal_sphere'
ExportProgress : (319/1031) Exporting 'Rubber'
ExportProgress : (320/1031) Exporting 'Boot'
ExportProgress : (321/1031) Exporting 'Powder'
ExportProgress : (322/1031) Exporting 'Eye'
ExportProgress : (323/1031) Exporting 'Envelope'
ExportProgress : (324/1031) Exporting 'Knife'
ExportProgress : (325/1031) Exporting 'Life_mouse'
ExportProgress : (326/1031) Exporting 'Food'
ExportProgress : (327/1031) Exporting 'Magnet'
ExportProgress : (328/1031) Exporting 'Fruits_plate'
ExportProgress : (329/1031) Exporting 'Wind'
ExportProgress : (330/1031) Exporting 'Video_card'
ExportProgress : (331/1031) Exporting 'Car_wheel'
ExportProgress : (332/1031) Exporting 'Bolt'
ExportProgress : (333/1031) Exporting 'Weighting_compound'
ExportProgress : (334/1031) Exporting 'Citrus_orange'
ExportProgress : (335/1031) Exporting 'Rectangle 26 (Stroke)'
ExportProgress : (336/1031) Exporting 'Easel'
ExportProgress : (337/1031) Exporting 'Wifi_sign'
ExportProgress : (338/1031) Exporting 'Hill_of_crumbs_of_slate'
ExportProgress : (339/1031) Exporting 'Tap'
ExportProgress : (340/1031) Exporting 'Glasses'
ExportProgress : (341/1031) Exporting 'Paper'
ExportProgress : (342/1031) Exporting 'Tablecloth'
ExportProgress : (343/1031) Exporting 'Textile'
ExportProgress : (344/1031) Exporting 'Rectangle 30'
ExportProgress : (345/1031) Exporting 'Wood_plank'
ExportProgress : (346/1031) Exporting 'Green_leaf'
ExportProgress : (347/1031) Exporting 'SadSmile'
ExportProgress : (348/1031) Exporting 'Piece_of_metal'
ExportProgress : (349/1031) Exporting 'Vector-1'
ExportProgress : (350/1031) Exporting 'Brush'
ExportProgress : (351/1031) Exporting 'Blanket'
ExportProgress : (352/1031) Exporting 'Rectangle 18'
ExportProgress : (353/1031) Exporting 'Metal_ring'
ExportProgress : (354/1031) Exporting 'Torn_fabric'
ExportProgress : (355/1031) Exporting 'Lamp'
ExportProgress : (356/1031) Exporting 'Syringe'
ExportProgress : (357/1031) Exporting 'Flower'
ExportProgress : (358/1031) Exporting 'Pillow'
ExportProgress : (359/1031) Exporting 'Lattice'
ExportProgress : (360/1031) Exporting 'Stapler'
ExportProgress : (361/1031) Exporting 'Flash_drive'
ExportProgress : (362/1031) Exporting 'Bacterium'
ExportProgress : (363/1031) Exporting 'Letter_W'
ExportProgress : (364/1031) Exporting 'Bottle'
ExportProgress : (365/1031) Exporting 'Coffee_mug'
ExportProgress : (366/1031) Exporting 'Group 17 (1)'
ExportProgress : (367/1031) Exporting 'Ink_blot'
ExportProgress : (368/1031) Exporting 'Bubbles'
ExportProgress : (369/1031) Exporting 'Pen'
ExportProgress : (370/1031) Exporting 'Gloves'
ExportProgress : (371/1031) Exporting 'Dress'
ExportProgress : (372/1031) Exporting 'Tongue'
ExportProgress : (373/1031) Exporting 'Telephone'
ExportProgress : (374/1031) Exporting 'Mug'
ExportProgress : (375/1031) Exporting 'Hands_in_biceps'
ExportProgress : (376/1031) Exporting 'Toilet_brush'
ExportProgress : (377/1031) Exporting 'Toothbrush'
ExportProgress : (378/1031) Exporting 'Pencil'
ExportProgress : (379/1031) Exporting 'logo'
ExportProgress : (380/1031) Exporting 'Gradient_0'
ExportProgress : (381/1031) Exporting 'Icons_4'
ExportProgress : (382/1031) Exporting 'Icons_1'
ExportProgress : (383/1031) Exporting 'Icons_0'
ExportProgress : (384/1031) Exporting 'Gradient_1'
ExportProgress : (385/1031) Exporting 'DefaultSetIcons2_0'
ExportProgress : (386/1031) Exporting 'Icons_2'
ExportProgress : (387/1031) Exporting 'GuiSprite_8'
ExportProgress : (388/1031) Exporting 'DefaultSetIcons2_3'
ExportProgress : (389/1031) Exporting 'DefaultSetIcons2_5'
ExportProgress : (390/1031) Exporting 'UI/Navigate'
ExportProgress : (391/1031) Exporting 'UI/RightClick'
ExportProgress : (392/1031) Exporting 'UI/MiddleClick'
ExportProgress : (393/1031) Exporting 'UI/Point'
ExportProgress : (394/1031) Exporting 'DefaultInputActions'
ExportProgress : (395/1031) Exporting 'Nunito-Black SDF'
ExportProgress : (396/1031) Exporting 'UI/Submit'
ExportProgress : (397/1031) Exporting 'UI/Click'
ExportProgress : (398/1031) Exporting 'UI/ScrollWheel'
ExportProgress : (399/1031) Exporting 'UI/TrackedDevicePosition'
ExportProgress : (400/1031) Exporting 'UI/Cancel'
ExportProgress : (401/1031) Exporting 'UI/TrackedDeviceOrientation'
ExportProgress : (402/1031) Exporting '[Gtap]CoreScene'
ExportProgress : (403/1031) Exporting 'circle_AB'
ExportProgress : (404/1031) Exporting 'cloud_2x2_default_AB'
ExportProgress : (405/1031) Exporting 'LilitaOne-Regular SDF'
ExportProgress : (406/1031) Exporting 'Ghost'
ExportProgress : (407/1031) Exporting 'Skybox'
ExportProgress : (408/1031) Exporting 'UI_confetti'
ExportProgress : (409/1031) Exporting '01'
ExportProgress : (410/1031) Exporting '032'
ExportProgress : (411/1031) Exporting '1285'
ExportProgress : (412/1031) Exporting '2147'
ExportProgress : (413/1031) Exporting '2154'
ExportProgress : (414/1031) Exporting '35576'
ExportProgress : (415/1031) Exporting '45545'
ExportProgress : (416/1031) Exporting '46086'
ExportProgress : (417/1031) Exporting '54'
ExportProgress : (418/1031) Exporting '5487'
ExportProgress : (419/1031) Exporting '8721'
ExportProgress : (420/1031) Exporting 'Material.001'
ExportProgress : (421/1031) Exporting 'Material.003'
ExportProgress : (422/1031) Exporting 'Material.004'
ExportProgress : (423/1031) Exporting 'Material.005'
ExportProgress : (424/1031) Exporting 'Material.007'
ExportProgress : (425/1031) Exporting 'Material.008'
ExportProgress : (426/1031) Exporting 'Material.009'
ExportProgress : (427/1031) Exporting 'Material.010'
ExportProgress : (428/1031) Exporting 'Material.011'
ExportProgress : (429/1031) Exporting 'Material.012'
ExportProgress : (430/1031) Exporting 'Material.013'
ExportProgress : (431/1031) Exporting 'Material.014'
ExportProgress : (432/1031) Exporting 'Material.016'
ExportProgress : (433/1031) Exporting 'Material.019'
ExportProgress : (434/1031) Exporting 'Material.020'
ExportProgress : (435/1031) Exporting 'Material.021'
ExportProgress : (436/1031) Exporting 'Material.022'
ExportProgress : (437/1031) Exporting 'Material.027'
ExportProgress : (438/1031) Exporting 'Material.028 1'
ExportProgress : (439/1031) Exporting 'Material.028'
ExportProgress : (440/1031) Exporting 'Material.029'
ExportProgress : (441/1031) Exporting 'Material.032'
ExportProgress : (442/1031) Exporting 'Material.035'
ExportProgress : (443/1031) Exporting 'Material.036'
ExportProgress : (444/1031) Exporting 'Material.037'
ExportProgress : (445/1031) Exporting 'Material.041'
ExportProgress : (446/1031) Exporting 'Material.042'
ExportProgress : (447/1031) Exporting 'Material.043'
ExportProgress : (448/1031) Exporting 'Material.044'
ExportProgress : (449/1031) Exporting 'Material.045'
ExportProgress : (450/1031) Exporting 'Material.049'
ExportProgress : (451/1031) Exporting 'Material.050'
ExportProgress : (452/1031) Exporting 'Material.051'
ExportProgress : (453/1031) Exporting 'Material.053'
ExportProgress : (454/1031) Exporting 'Material.055'
ExportProgress : (455/1031) Exporting 'Material.004'
ExportProgress : (456/1031) Exporting 'Material.005'
ExportProgress : (457/1031) Exporting 'Material.006'
ExportProgress : (458/1031) Exporting 'Material.007 1'
ExportProgress : (459/1031) Exporting 'Material.007'
ExportProgress : (460/1031) Exporting 'Material.015'
ExportProgress : (461/1031) Exporting 'Material.016'
ExportProgress : (462/1031) Exporting 'Material.017'
ExportProgress : (463/1031) Exporting 'Material.018'
ExportProgress : (464/1031) Exporting 'Material.019'
ExportProgress : (465/1031) Exporting 'Material.021'
ExportProgress : (466/1031) Exporting 'Material.022'
ExportProgress : (467/1031) Exporting 'Material.023'
ExportProgress : (468/1031) Exporting 'Material.024'
ExportProgress : (469/1031) Exporting 'Material.025'
ExportProgress : (470/1031) Exporting 'Material.026'
ExportProgress : (471/1031) Exporting 'Material.027'
ExportProgress : (472/1031) Exporting 'Material.028'
ExportProgress : (473/1031) Exporting 'Material.029'
ExportProgress : (474/1031) Exporting 'Material.030'
ExportProgress : (475/1031) Exporting 'Material.031'
ExportProgress : (476/1031) Exporting 'Material.032'
ExportProgress : (477/1031) Exporting 'Material.033'
ExportProgress : (478/1031) Exporting 'Material.035 1'
ExportProgress : (479/1031) Exporting 'Material.035'
ExportProgress : (480/1031) Exporting 'Material.036'
ExportProgress : (481/1031) Exporting 'Material.038'
ExportProgress : (482/1031) Exporting 'Material.039'
ExportProgress : (483/1031) Exporting 'Material.040'
ExportProgress : (484/1031) Exporting 'Material.041'
ExportProgress : (485/1031) Exporting 'Material.043'
ExportProgress : (486/1031) Exporting 'Material.044'
ExportProgress : (487/1031) Exporting 'Material.045'
ExportProgress : (488/1031) Exporting 'Material.046'
ExportProgress : (489/1031) Exporting 'Material.047'
ExportProgress : (490/1031) Exporting 'Material.048'
ExportProgress : (491/1031) Exporting 'Material.049'
ExportProgress : (492/1031) Exporting 'Material.052'
ExportProgress : (493/1031) Exporting 'Material.053'
ExportProgress : (494/1031) Exporting 'Material.054'
ExportProgress : (495/1031) Exporting 'Material.055'
ExportProgress : (496/1031) Exporting 'Material.056'
ExportProgress : (497/1031) Exporting 'Material.057 1'
ExportProgress : (498/1031) Exporting 'Material.057'
ExportProgress : (499/1031) Exporting 'Material.058 1'
ExportProgress : (500/1031) Exporting 'Material.058'
ExportProgress : (501/1031) Exporting 'Material.059 1'
ExportProgress : (502/1031) Exporting 'Material.059'
ExportProgress : (503/1031) Exporting 'Material.060 1'
ExportProgress : (504/1031) Exporting 'Material.060'
ExportProgress : (505/1031) Exporting 'Material.061'
ExportProgress : (506/1031) Exporting 'Material'
ExportProgress : (507/1031) Exporting 'Material.008'
ExportProgress : (508/1031) Exporting 'Material.009'
ExportProgress : (509/1031) Exporting 'Material.010'
ExportProgress : (510/1031) Exporting 'Material.012'
ExportProgress : (511/1031) Exporting 'Material.013'
ExportProgress : (512/1031) Exporting 'Material.014'
ExportProgress : (513/1031) Exporting 'Material.026'
ExportProgress : (514/1031) Exporting 'Material.004'
ExportProgress : (515/1031) Exporting 'Material.053'
ExportProgress : (516/1031) Exporting 'Material.054'
ExportProgress : (517/1031) Exporting 'Material.055'
ExportProgress : (518/1031) Exporting 'Material.056'
ExportProgress : (519/1031) Exporting 'Material.057'
ExportProgress : (520/1031) Exporting 'Material.058'
ExportProgress : (521/1031) Exporting 'Material.059'
ExportProgress : (522/1031) Exporting 'Material.060'
ExportProgress : (523/1031) Exporting 'Material.061'
ExportProgress : (524/1031) Exporting 'Material.062 1'
ExportProgress : (525/1031) Exporting 'Material.062 2'
ExportProgress : (526/1031) Exporting 'Material.062 3'
ExportProgress : (527/1031) Exporting 'Material.062 4'
ExportProgress : (528/1031) Exporting 'Material.062 5'
ExportProgress : (529/1031) Exporting 'Material.062 6'
ExportProgress : (530/1031) Exporting 'Material.062'
ExportProgress : (531/1031) Exporting 'Material.063'
ExportProgress : (532/1031) Exporting 'Material.064'
ExportProgress : (533/1031) Exporting 'Material.065 1'
ExportProgress : (534/1031) Exporting 'Material.065 2'
ExportProgress : (535/1031) Exporting 'Material.065'
ExportProgress : (536/1031) Exporting 'Material.066'
ExportProgress : (537/1031) Exporting 'Material.067'
ExportProgress : (538/1031) Exporting 'Material.068'
ExportProgress : (539/1031) Exporting 'Material.069'
ExportProgress : (540/1031) Exporting 'Material.070'
ExportProgress : (541/1031) Exporting 'Material.071'
ExportProgress : (542/1031) Exporting 'Material.072'
ExportProgress : (543/1031) Exporting 'Material.073'
ExportProgress : (544/1031) Exporting 'Material.074'
ExportProgress : (545/1031) Exporting 'Material.075'
ExportProgress : (546/1031) Exporting 'Material.077 1'
ExportProgress : (547/1031) Exporting 'Material.077 2'
ExportProgress : (548/1031) Exporting 'Material.077 3'
ExportProgress : (549/1031) Exporting 'Material.077'
ExportProgress : (550/1031) Exporting 'Material.079'
ExportProgress : (551/1031) Exporting 'Material.080'
ExportProgress : (552/1031) Exporting 'Material.081'
ExportProgress : (553/1031) Exporting 'Material.082 1'
ExportProgress : (554/1031) Exporting 'Material.082 2'
ExportProgress : (555/1031) Exporting 'Material.082 3'
ExportProgress : (556/1031) Exporting 'Material.082'
ExportProgress : (557/1031) Exporting 'Material.083 1'
ExportProgress : (558/1031) Exporting 'Material.083 2'
ExportProgress : (559/1031) Exporting 'Material.083'
ExportProgress : (560/1031) Exporting 'Material.084'
ExportProgress : (561/1031) Exporting 'Material.086'
ExportProgress : (562/1031) Exporting 'Material.001'
ExportProgress : (563/1031) Exporting 'Material.003'
ExportProgress : (564/1031) Exporting 'Material.005'
ExportProgress : (565/1031) Exporting 'Material.006'
ExportProgress : (566/1031) Exporting 'Material.011'
ExportProgress : (567/1031) Exporting 'Material.078'
ExportProgress : (568/1031) Exporting 'Material.087'
ExportProgress : (569/1031) Exporting 'Material.088'
ExportProgress : (570/1031) Exporting 'Material.089'
ExportProgress : (571/1031) Exporting 'Material.090'
ExportProgress : (572/1031) Exporting 'Material.091'
ExportProgress : (573/1031) Exporting 'Material.092'
ExportProgress : (574/1031) Exporting 'Material.094'
ExportProgress : (575/1031) Exporting 'Material.096'
ExportProgress : (576/1031) Exporting 'Material.097'
ExportProgress : (577/1031) Exporting 'Material.100'
ExportProgress : (578/1031) Exporting 'Material.101'
ExportProgress : (579/1031) Exporting 'Material.102'
ExportProgress : (580/1031) Exporting 'Material.103'
ExportProgress : (581/1031) Exporting 'Material.104'
ExportProgress : (582/1031) Exporting 'Material.105'
ExportProgress : (583/1031) Exporting 'Material.106'
ExportProgress : (584/1031) Exporting 'Material.107'
ExportProgress : (585/1031) Exporting 'Material.108'
ExportProgress : (586/1031) Exporting 'Material.109'
ExportProgress : (587/1031) Exporting 'Material.110'
ExportProgress : (588/1031) Exporting 'Material.111'
ExportProgress : (589/1031) Exporting 'Material.112'
ExportProgress : (590/1031) Exporting 'Material.114'
ExportProgress : (591/1031) Exporting 'Material.115'
ExportProgress : (592/1031) Exporting 'Material.117'
ExportProgress : (593/1031) Exporting 'Material.118'
ExportProgress : (594/1031) Exporting 'Material.119'
ExportProgress : (595/1031) Exporting 'Material.120'
ExportProgress : (596/1031) Exporting 'Material.122'
ExportProgress : (597/1031) Exporting 'Material.123'
ExportProgress : (598/1031) Exporting 'Material.124'
ExportProgress : (599/1031) Exporting 'Material.125'
ExportProgress : (600/1031) Exporting 'Material.126'
ExportProgress : (601/1031) Exporting 'Material.127'
ExportProgress : (602/1031) Exporting 'Material.128'
ExportProgress : (603/1031) Exporting 'Material.129'
ExportProgress : (604/1031) Exporting 'Material.130'
ExportProgress : (605/1031) Exporting 'Material.132'
ExportProgress : (606/1031) Exporting 'Material.133'
ExportProgress : (607/1031) Exporting 'Material.134 1'
ExportProgress : (608/1031) Exporting 'Material.134 2'
ExportProgress : (609/1031) Exporting 'Material.135'
ExportProgress : (610/1031) Exporting 'Material.136'
ExportProgress : (611/1031) Exporting 'Material.137'
ExportProgress : (612/1031) Exporting 'Material.138'
ExportProgress : (613/1031) Exporting 'Material.139'
ExportProgress : (614/1031) Exporting 'Material.140'
ExportProgress : (615/1031) Exporting 'Material.141'
ExportProgress : (616/1031) Exporting 'Material.142'
ExportProgress : (617/1031) Exporting 'Material.143'
ExportProgress : (618/1031) Exporting 'Material.146 1'
ExportProgress : (619/1031) Exporting 'Material.146'
ExportProgress : (620/1031) Exporting 'Material.147 1'
ExportProgress : (621/1031) Exporting 'Material.147'
ExportProgress : (622/1031) Exporting 'Material.148'
ExportProgress : (623/1031) Exporting 'Material.149'
ExportProgress : (624/1031) Exporting 'Material.150'
ExportProgress : (625/1031) Exporting 'Material.151'
ExportProgress : (626/1031) Exporting 'Material.153 1'
ExportProgress : (627/1031) Exporting 'Material.155'
ExportProgress : (628/1031) Exporting 'Material.156'
ExportProgress : (629/1031) Exporting 'Material.157'
ExportProgress : (630/1031) Exporting 'Material.158'
ExportProgress : (631/1031) Exporting 'Material.155'
ExportProgress : (632/1031) Exporting 'Material.156'
ExportProgress : (633/1031) Exporting 'Material.001'
ExportProgress : (634/1031) Exporting 'Material.003'
ExportProgress : (635/1031) Exporting 'Material.005'
ExportProgress : (636/1031) Exporting 'Material.006'
ExportProgress : (637/1031) Exporting 'Material.007'
ExportProgress : (638/1031) Exporting 'Material.008'
ExportProgress : (639/1031) Exporting 'Material.009'
ExportProgress : (640/1031) Exporting 'Material.010'
ExportProgress : (641/1031) Exporting 'Material.011'
ExportProgress : (642/1031) Exporting 'Material.012'
ExportProgress : (643/1031) Exporting 'Material.013'
ExportProgress : (644/1031) Exporting 'Material.014'
ExportProgress : (645/1031) Exporting 'Material.015'
ExportProgress : (646/1031) Exporting 'Material.016'
ExportProgress : (647/1031) Exporting 'Material.017'
ExportProgress : (648/1031) Exporting 'Material.018'
ExportProgress : (649/1031) Exporting 'Material.020'
ExportProgress : (650/1031) Exporting 'Material.021'
ExportProgress : (651/1031) Exporting 'Material.022'
ExportProgress : (652/1031) Exporting 'Material.023'
ExportProgress : (653/1031) Exporting 'Material.024'
ExportProgress : (654/1031) Exporting 'Material.025'
ExportProgress : (655/1031) Exporting 'Material.026'
ExportProgress : (656/1031) Exporting 'Material.027'
ExportProgress : (657/1031) Exporting 'Material.028'
ExportProgress : (658/1031) Exporting 'Material.030'
ExportProgress : (659/1031) Exporting 'Material.032'
ExportProgress : (660/1031) Exporting 'Material.033'
ExportProgress : (661/1031) Exporting 'Material.034 1'
ExportProgress : (662/1031) Exporting 'Material.034'
ExportProgress : (663/1031) Exporting 'Material.035 1'
ExportProgress : (664/1031) Exporting 'Material.035'
ExportProgress : (665/1031) Exporting 'Material.039'
ExportProgress : (666/1031) Exporting 'Material.040'
ExportProgress : (667/1031) Exporting 'Material.041'
ExportProgress : (668/1031) Exporting 'Material.042'
ExportProgress : (669/1031) Exporting 'Material.043'
ExportProgress : (670/1031) Exporting 'Material.044'
ExportProgress : (671/1031) Exporting 'Material.045'
ExportProgress : (672/1031) Exporting 'Material.050'
ExportProgress : (673/1031) Exporting 'Material.053'
ExportProgress : (674/1031) Exporting 'Material.054'
ExportProgress : (675/1031) Exporting 'Material.055'
ExportProgress : (676/1031) Exporting 'Material.056'
ExportProgress : (677/1031) Exporting 'Material.062'
ExportProgress : (678/1031) Exporting 'Material'
ExportProgress : (679/1031) Exporting '20 GREY.007'
ExportProgress : (680/1031) Exporting '20 GREY'
ExportProgress : (681/1031) Exporting 'Material.001'
ExportProgress : (682/1031) Exporting 'Material.003 1'
ExportProgress : (683/1031) Exporting 'Material.003'
ExportProgress : (684/1031) Exporting 'Material.004 1'
ExportProgress : (685/1031) Exporting 'Material.004'
ExportProgress : (686/1031) Exporting 'Material.005 1'
ExportProgress : (687/1031) Exporting 'Material.005'
ExportProgress : (688/1031) Exporting 'Material.010'
ExportProgress : (689/1031) Exporting 'Material.034'
ExportProgress : (690/1031) Exporting 'Material.035'
ExportProgress : (691/1031) Exporting 'Material.036'
ExportProgress : (692/1031) Exporting 'Material.037'
ExportProgress : (693/1031) Exporting 'Material.041'
ExportProgress : (694/1031) Exporting 'Material.056'
ExportProgress : (695/1031) Exporting 'Material.062'
ExportProgress : (696/1031) Exporting 'Material.063'
ExportProgress : (697/1031) Exporting 'Material.064'
ExportProgress : (698/1031) Exporting 'Material.065 1'
ExportProgress : (699/1031) Exporting 'Material.065'
ExportProgress : (700/1031) Exporting 'Material.066 1'
ExportProgress : (701/1031) Exporting 'Material.066'
ExportProgress : (702/1031) Exporting 'Material.067 1'
ExportProgress : (703/1031) Exporting 'Material.067'
ExportProgress : (704/1031) Exporting 'Material.068'
ExportProgress : (705/1031) Exporting 'Material.069'
ExportProgress : (706/1031) Exporting 'Material.070'
ExportProgress : (707/1031) Exporting 'Material.071'
ExportProgress : (708/1031) Exporting 'Material.072'
ExportProgress : (709/1031) Exporting 'Material.073'
ExportProgress : (710/1031) Exporting 'Material.074'
ExportProgress : (711/1031) Exporting 'Material.075'
ExportProgress : (712/1031) Exporting 'Material.076'
ExportProgress : (713/1031) Exporting 'Material.077'
ExportProgress : (714/1031) Exporting 'Material.078'
ExportProgress : (715/1031) Exporting 'Material.080'
ExportProgress : (716/1031) Exporting 'Material.081'
ExportProgress : (717/1031) Exporting 'Material.082'
ExportProgress : (718/1031) Exporting 'Material.083'
ExportProgress : (719/1031) Exporting 'PolySolidGlow'
ExportProgress : (720/1031) Exporting 'PolySprite_ADD'
ExportProgress : (721/1031) Exporting 'LilitaOne-Regular SDF Material'
ExportProgress : (722/1031) Exporting '4 pan'
ExportProgress : (723/1031) Exporting '5 folder'
ExportProgress : (724/1031) Exporting '4 fridge'
ExportProgress : (725/1031) Exporting '3keyboard'
ExportProgress : (726/1031) Exporting '2sponge'
ExportProgress : (727/1031) Exporting '3pk1'
ExportProgress : (728/1031) Exporting '5 mask'
ExportProgress : (729/1031) Exporting '5 flask2'
ExportProgress : (730/1031) Exporting '1 table'
ExportProgress : (731/1031) Exporting 'Cube.023'
ExportProgress : (732/1031) Exporting '2 sink'
ExportProgress : (733/1031) Exporting '2 wardrobe 2'
ExportProgress : (734/1031) Exporting '6 BASE'
ExportProgress : (735/1031) Exporting '4 eggs'
ExportProgress : (736/1031) Exporting '5 table'
ExportProgress : (737/1031) Exporting '4 sink'
ExportProgress : (738/1031) Exporting '2bath'
ExportProgress : (739/1031) Exporting '4 bowl'
ExportProgress : (740/1031) Exporting '5 punching bag'
ExportProgress : (741/1031) Exporting '3desk'
ExportProgress : (742/1031) Exporting '4 microwave'
ExportProgress : (743/1031) Exporting '2 Toothbrush'
ExportProgress : (744/1031) Exporting '2 toothpaste'
ExportProgress : (745/1031) Exporting '5 boxing gloves'
ExportProgress : (746/1031) Exporting '2hanger'
ExportProgress : (747/1031) Exporting '4BASE'
ExportProgress : (748/1031) Exporting 'adult room wardrobe'
ExportProgress : (749/1031) Exporting '5 swedish wall'
ExportProgress : (750/1031) Exporting '4 lockers'
ExportProgress : (751/1031) Exporting '5 flask1'
ExportProgress : (752/1031) Exporting '3columns'
ExportProgress : (753/1031) Exporting '1 wardrobe'
ExportProgress : (754/1031) Exporting 'Cube.027'
ExportProgress : (755/1031) Exporting 'printer'
ExportProgress : (756/1031) Exporting 'mirror'
ExportProgress : (757/1031) Exporting '5 JARS'
ExportProgress : (758/1031) Exporting '2ironing board'
ExportProgress : (759/1031) Exporting '3clock'
ExportProgress : (760/1031) Exporting '4sofa'
ExportProgress : (761/1031) Exporting '5 chair'
ExportProgress : (762/1031) Exporting '2towel'
ExportProgress : (763/1031) Exporting '4 chocolate'
ExportProgress : (764/1031) Exporting 'PolyConfetti'
ExportProgress : (765/1031) Exporting '5 damn'
ExportProgress : (766/1031) Exporting '5 bike path'
ExportProgress : (767/1031) Exporting '5 window'
ExportProgress : (768/1031) Exporting '4 frying pan'
ExportProgress : (769/1031) Exporting '4 fries'
ExportProgress : (770/1031) Exporting '5 carpet'
ExportProgress : (771/1031) Exporting '5 sink'
ExportProgress : (772/1031) Exporting '4 countertop'
ExportProgress : (773/1031) Exporting '2 carpet'
ExportProgress : (774/1031) Exporting 'picture1'
ExportProgress : (775/1031) Exporting 'Cylinder.006'
ExportProgress : (776/1031) Exporting '2shower'
ExportProgress : (777/1031) Exporting '4 table'
ExportProgress : (778/1031) Exporting '5 picture'
ExportProgress : (779/1031) Exporting '5 dumbbells'
ExportProgress : (780/1031) Exporting '5 mirror'
ExportProgress : (781/1031) Exporting '2 stiralka'
ExportProgress : (782/1031) Exporting 'handles'
ExportProgress : (783/1031) Exporting 'rug'
ExportProgress : (784/1031) Exporting 'rug'
ExportProgress : (785/1031) Exporting 'book'
ExportProgress : (786/1031) Exporting '4chair.002'
ExportProgress : (787/1031) Exporting 'flower'
ExportProgress : (788/1031) Exporting '1 chair'
ExportProgress : (789/1031) Exporting '5 stand'
ExportProgress : (790/1031) Exporting '4 mugs'
ExportProgress : (791/1031) Exporting '4 knife'
ExportProgress : (792/1031) Exporting 'Cube.025'
ExportProgress : (793/1031) Exporting '4 watermelon2'
ExportProgress : (794/1031) Exporting '2 wardrobe1'
ExportProgress : (795/1031) Exporting '5 door'
ExportProgress : (796/1031) Exporting '5 door'
ExportProgress : (797/1031) Exporting '5 cabinet'
ExportProgress : (798/1031) Exporting '5 cabinet'
ExportProgress : (799/1031) Exporting '4 cutting board'
ExportProgress : (800/1031) Exporting '3chest'
ExportProgress : (801/1031) Exporting 'picture2'
ExportProgress : (802/1031) Exporting '4 many eggs'
ExportProgress : (803/1031) Exporting '4 fork'
ExportProgress : (804/1031) Exporting 'bed'
ExportProgress : (805/1031) Exporting 'Cylinder.009'
ExportProgress : (806/1031) Exporting '6 jar'
ExportProgress : (807/1031) Exporting '4 watermelon1'
ExportProgress : (808/1031) Exporting '4 sushi stand'
ExportProgress : (809/1031) Exporting '5 fan'
ExportProgress : (810/1031) Exporting 'Base'
ExportProgress : (811/1031) Exporting 'Base'
ExportProgress : (812/1031) Exporting '2shampoo'
ExportProgress : (813/1031) Exporting '2 base'
ExportProgress : (814/1031) Exporting '3 lamp'
ExportProgress : (815/1031) Exporting '5 pk'
ExportProgress : (816/1031) Exporting '5 test tubes'
ExportProgress : (817/1031) Exporting '4 scales'
ExportProgress : (818/1031) Exporting 'shelf with books'
ExportProgress : (819/1031) Exporting '5 the mat'
ExportProgress : (820/1031) Exporting '4 tv'
ExportProgress : (821/1031) Exporting '4 cheese'
ExportProgress : (822/1031) Exporting '5 book'
ExportProgress : (823/1031) Exporting 'pk'
ExportProgress : (824/1031) Exporting 'Cube.055'
ExportProgress : (825/1031) Exporting '1 lamp'
ExportProgress : (826/1031) Exporting '5 base'
ExportProgress : (827/1031) Exporting '4 oven'
ExportProgress : (828/1031) Exporting '4 bagels'
ExportProgress : (829/1031) Exporting '4 sushi'
ExportProgress : (830/1031) Exporting '4 picture'
ExportProgress : (831/1031) Exporting '5 rod'
ExportProgress : (832/1031) Exporting '3computer mouse'
ExportProgress : (833/1031) Exporting '2 jar'
ExportProgress : (834/1031) Exporting '5 kettlebell'
ExportProgress : (835/1031) Exporting '2 toilet'
ExportProgress : (836/1031) Exporting '4 cake'
ExportProgress : (837/1031) Exporting '5 microscope'
ExportProgress : (838/1031) Exporting '4 juice'
ExportProgress : (839/1031) Exporting 'Shader Graphs/Ghost'
ExportProgress : (840/1031) Exporting 'PolygonArsenal/URP/PolygonArsenal-SolidGlowSoft'
ExportProgress : (841/1031) Exporting 'Universal Render Pipeline/Particles/Unlit'
ExportProgress : (842/1031) Exporting 'DELTation/Toon Shader'
ExportProgress : (843/1031) Exporting 'LevoriCollection/Skybox'
ExportProgress : (844/1031) Exporting 'Hidden/Shader Graph/FallbackError'
ExportProgress : (845/1031) Exporting 'click2'
ExportProgress : (846/1031) Exporting 'Win sound 16'
ExportProgress : (847/1031) Exporting 'Casual - Store (Loop_01)'
ExportProgress : (848/1031) Exporting 'OpenSkin'
ExportProgress : (849/1031) Exporting 'chpok1'
ExportProgress : (850/1031) Exporting 'platform_destruct'
ExportProgress : (851/1031) Exporting 'GuiSprite_16'
ExportProgress : (852/1031) Exporting 'GuiSprite_6'
ExportProgress : (853/1031) Exporting '9'
ExportProgress : (854/1031) Exporting 'Letter-1'
ExportProgress : (855/1031) Exporting 'Letter-5'
ExportProgress : (856/1031) Exporting 'Letter-10'
ExportProgress : (857/1031) Exporting 'Letter-7'
ExportProgress : (858/1031) Exporting 'Letter-3'
ExportProgress : (859/1031) Exporting 'Letter-2'
ExportProgress : (860/1031) Exporting 'Letter-6'
ExportProgress : (861/1031) Exporting 'image 11'
ExportProgress : (862/1031) Exporting 'Letter-7'
ExportProgress : (863/1031) Exporting 'Letter-1'
ExportProgress : (864/1031) Exporting 'Letter-11'
ExportProgress : (865/1031) Exporting '8'
ExportProgress : (866/1031) Exporting 'image 12'
ExportProgress : (867/1031) Exporting 'Letter-5'
ExportProgress : (868/1031) Exporting 'image 14'
ExportProgress : (869/1031) Exporting 'Letter-4'
ExportProgress : (870/1031) Exporting '7'
ExportProgress : (871/1031) Exporting 'Letter-2'
ExportProgress : (872/1031) Exporting 'Letter-2'
ExportProgress : (873/1031) Exporting 'Letter-1'
ExportProgress : (874/1031) Exporting 'Letter-8'
ExportProgress : (875/1031) Exporting 'Letter-9'
ExportProgress : (876/1031) Exporting 'Letter-9'
ExportProgress : (877/1031) Exporting 'Letter-2'
ExportProgress : (878/1031) Exporting 'Letter-13'
ExportProgress : (879/1031) Exporting 'Letter-8'
ExportProgress : (880/1031) Exporting 'Letter-6'
ExportProgress : (881/1031) Exporting 'Letter'
ExportProgress : (882/1031) Exporting '4'
ExportProgress : (883/1031) Exporting '6'
ExportProgress : (884/1031) Exporting 'Letter'
ExportProgress : (885/1031) Exporting '2'
ExportProgress : (886/1031) Exporting 'Letter-4'
ExportProgress : (887/1031) Exporting 'Letter-5'
ExportProgress : (888/1031) Exporting 'image 9'
ExportProgress : (889/1031) Exporting '3'
ExportProgress : (890/1031) Exporting 'Letter-2'
ExportProgress : (891/1031) Exporting 'Letter-5'
ExportProgress : (892/1031) Exporting '10'
ExportProgress : (893/1031) Exporting '12'
ExportProgress : (894/1031) Exporting 'skill_passive_rotate_white 2'
ExportProgress : (895/1031) Exporting 'Letter'
ExportProgress : (896/1031) Exporting 'Letter-7'
ExportProgress : (897/1031) Exporting 'Letter-3'
ExportProgress : (898/1031) Exporting 'Letter-6'
ExportProgress : (899/1031) Exporting 'Letter-4'
ExportProgress : (900/1031) Exporting 'Letter-7'
ExportProgress : (901/1031) Exporting 'Letter-2'
ExportProgress : (902/1031) Exporting 'Letter-9'
ExportProgress : (903/1031) Exporting 'Letter-3'
ExportProgress : (904/1031) Exporting 'Letter-4'
ExportProgress : (905/1031) Exporting '11'
ExportProgress : (906/1031) Exporting 'Letter-7'
ExportProgress : (907/1031) Exporting 'image 13'
ExportProgress : (908/1031) Exporting 'Letter'
ExportProgress : (909/1031) Exporting 'Letter-11'
ExportProgress : (910/1031) Exporting 'Letter-12'
ExportProgress : (911/1031) Exporting 'Letter-8'
ExportProgress : (912/1031) Exporting '5'
ExportProgress : (913/1031) Exporting 'Letter-4'
ExportProgress : (914/1031) Exporting 'Letter-5'
ExportProgress : (915/1031) Exporting 'Letter-1'
ExportProgress : (916/1031) Exporting 'Letter-1'
ExportProgress : (917/1031) Exporting 'Letter-4'
ExportProgress : (918/1031) Exporting 'Letter-8'
ExportProgress : (919/1031) Exporting 'Letter-8'
ExportProgress : (920/1031) Exporting 'Letter-6'
ExportProgress : (921/1031) Exporting 'Letter'
ExportProgress : (922/1031) Exporting 'Letter-3'
ExportProgress : (923/1031) Exporting 'Letter-5'
ExportProgress : (924/1031) Exporting 'image 10'
ExportProgress : (925/1031) Exporting 'Letter-3'
ExportProgress : (926/1031) Exporting 'Letter-1'
ExportProgress : (927/1031) Exporting 'Letter-10'
ExportProgress : (928/1031) Exporting 'Letter-6'
ExportProgress : (929/1031) Exporting 'Cell'
ExportProgress : (930/1031) Exporting 'Letter-6'
ExportProgress : (931/1031) Exporting 'Letter-8'
ExportProgress : (932/1031) Exporting 'Letter-10'
ExportProgress : (933/1031) Exporting 'Letter-9'
ExportProgress : (934/1031) Exporting 'Letter-7'
ExportProgress : (935/1031) Exporting 'Letter'
ExportProgress : (936/1031) Exporting 'Letter-3'
ExportProgress : (937/1031) Exporting '1'
ExportProgress : (938/1031) Exporting 'GuiSprite_4'
ExportProgress : (939/1031) Exporting 'GuiSprite_14'
ExportProgress : (940/1031) Exporting 'SettingsItemBackground'
ExportProgress : (941/1031) Exporting 'CloudExplosion'
ExportProgress : (942/1031) Exporting 'Item'
ExportProgress : (943/1031) Exporting 'Cell'
ExportProgress : (944/1031) Exporting 'FloaterText'
ExportProgress : (945/1031) Exporting 'Camera Blends'
ExportProgress : (946/1031) Exporting 'LilitaOne-Regular SDF'
ExportProgress : (947/1031) Exporting 'GameSettings'
ExportProgress : (948/1031) Exporting 'Level_1'
ExportProgress : (949/1031) Exporting 'Settings.lighting'
ExportProgress : (950/1031) Exporting 'Audio_Spectrum_Graph'
ExportProgress : (951/1031) Exporting 'Audio_Spectrum_Highest_Values_Graph'
ExportProgress : (952/1031) Exporting 'FPS_Graph'
ExportProgress : (953/1031) Exporting 'RAM_Allocated_Graph'
ExportProgress : (954/1031) Exporting 'RAM_Mono_Graph'
ExportProgress : (955/1031) Exporting 'RAM_Reserved_Graph'
ExportProgress : (956/1031) Exporting 'OutlineFill'
ExportProgress : (957/1031) Exporting 'OutlineMask'
ExportProgress : (958/1031) Exporting 'LiberationSans SDF - Drop Shadow'
ExportProgress : (959/1031) Exporting 'LiberationSans SDF - Outline'
ExportProgress : (960/1031) Exporting 'orange kid'
ExportProgress : (961/1031) Exporting 'PerfectDOSVGA437'
ExportProgress : (962/1031) Exporting 'Roboto-Regular'
ExportProgress : (963/1031) Exporting 'Roboto-Bold'
ExportProgress : (964/1031) Exporting 'LiberationSans'
ExportProgress : (965/1031) Exporting 'TextMeshPro/Sprite'
ExportProgress : (966/1031) Exporting 'LiberationSans SDF Material'
ExportProgress : (967/1031) Exporting 'LiberationSans SDF Material'
ExportProgress : (968/1031) Exporting 'outlinemask'
ExportProgress : (969/1031) Exporting 'outlinefill'
ExportProgress : (970/1031) Exporting 'Graphy/Graph Mobile'
ExportProgress : (971/1031) Exporting 'Graphy/Graph Standard'
ExportProgress : (972/1031) Exporting 'TextMeshPro/Sprite'
ExportProgress : (973/1031) Exporting 'nv-constant-template'
ExportProgress : (974/1031) Exporting 'nv-emphasis-template'
ExportProgress : (975/1031) Exporting 'LineBreaking Leading Characters'
ExportProgress : (976/1031) Exporting 'nv-pattern-template'
ExportProgress : (977/1031) Exporting 'LineBreaking Following Characters'
ExportProgress : (978/1031) Exporting 'MMLogo16x16'
ExportProgress : (979/1031) Exporting 'White1px'
ExportProgress : (980/1031) Exporting 'AchievementIcon'
ExportProgress : (981/1031) Exporting 'UIFoldoutClosed'
ExportProgress : (982/1031) Exporting 'UIFoldoutOpened'
ExportProgress : (983/1031) Exporting '2x2_Texture'
ExportProgress : (984/1031) Exporting 'UICheckMark'
ExportProgress : (985/1031) Exporting 'AchievementBackgroundUnlocked'
ExportProgress : (986/1031) Exporting 'Rounded_Rect_10px'
ExportProgress : (987/1031) Exporting 'AchievementBackground'
ExportProgress : (988/1031) Exporting 'UIElement8px'
ExportProgress : (989/1031) Exporting '[Graphy]'
ExportProgress : (990/1031) Exporting 'AchievementDisplay'
ExportProgress : (991/1031) Exporting 'DebugUIVector2'
ExportProgress : (992/1031) Exporting 'DebugUIColor'
ExportProgress : (993/1031) Exporting 'DebugUIPanel'
ExportProgress : (994/1031) Exporting 'DebugUIGroup'
ExportProgress : (995/1031) Exporting 'DebugUIVector4'
ExportProgress : (996/1031) Exporting 'DebugUIToggle'
ExportProgress : (997/1031) Exporting 'DebugUIValuePersistent'
ExportProgress : (998/1031) Exporting 'DebugUIValueTuple'
ExportProgress : (999/1031) Exporting 'DebugUIObject'
ExportProgress : (1000/1031) Exporting 'DebugUIIntField'
ExportProgress : (1001/1031) Exporting 'DebugUIProgressBar'
ExportProgress : (1002/1031) Exporting 'DebugUIFloatField'
ExportProgress : (1003/1031) Exporting 'DebugUIValue'
ExportProgress : (1004/1031) Exporting 'DebugUIUIntField'
ExportProgress : (1005/1031) Exporting 'DebugUIFoldout'
ExportProgress : (1006/1031) Exporting 'DebugUIRow'
ExportProgress : (1007/1031) Exporting 'DebugUIVector3'
ExportProgress : (1008/1031) Exporting 'DebugUICanvas'
ExportProgress : (1009/1031) Exporting 'DebugUIHBox'
ExportProgress : (1010/1031) Exporting 'DebugUIEnumField'
ExportProgress : (1011/1031) Exporting 'DebugUIObjectList'
ExportProgress : (1012/1031) Exporting 'DebugUIButton'
ExportProgress : (1013/1031) Exporting 'DebugUIPersistentCanvas'
ExportProgress : (1014/1031) Exporting 'DebugUIMessageBox'
ExportProgress : (1015/1031) Exporting 'DebugUIVBox'
ExportProgress : (1016/1031) Exporting 'DebugUIBitField'
ExportProgress : (1017/1031) Exporting 'MMDebugOnScreenConsole'
ExportProgress : (1018/1031) Exporting 'DebugUIEnumHistory'
ExportProgress : (1019/1031) Exporting 'DebugUIToggleHistory'
ExportProgress : (1020/1031) Exporting 'DebugUIObjectPopupField'
ExportProgress : (1021/1031) Exporting 'ES3Defaults'
ExportProgress : (1022/1031) Exporting 'ES3GlobalReferences'
ExportProgress : (1023/1031) Exporting 'GlobalSerializationConfig'
ExportProgress : (1024/1031) Exporting 'CoreSettings'
ExportProgress : (1025/1031) Exporting 'DOTweenSettings'
ExportProgress : (1026/1031) Exporting 'Settings'
ExportProgress : (1027/1031) Exporting 'LiberationSans SDF - Fallback'
ExportProgress : (1028/1031) Exporting 'LiberationSans SDF'
ExportProgress : (1029/1031) Exporting 'EmojiOne'
ExportProgress : (1030/1031) Exporting 'Default Style Sheet'
ExportProgress : (1031/1031) Exporting 'TMP Settings'
Export : Finished exporting assets
Export : Saving game assemblies...
Export : Native plugins: 2 libraries the game shipped were copied into Assets/Plugins; 8 were the il2cpp runtime, the Unity player, Burst output or a platform library and are deliberately not carried.
Export : Finished post-export
Export : Ripped to /home/user/AssetRipper/Test/Out56F-m
