MoreMountains.Tools.AIState::EnterState	CALL	v143 @ X19_v2 (System.Collections.Generic.IEnumerator`1<MoreMountains.Tools.AIAction>)	[v128 @ X22_v1 (Il2CppClass<System.IDisposable>)]	0	System.IDisposable::Dispose	0x0600079F	RUNTIME_DISPATCH		EXACT	lookup(receiver, interface class, slot) reaches the dispatch pointer; slot = Il2CppMethodDefinition.slot
MoreMountains.Tools.AIState::EnterState	CALL	v201 @ X19_v4 (System.Collections.Generic.IEnumerator`1<MoreMountains.Tools.AITransition>)	[v189 @ X22_v2 (Il2CppClass<System.IDisposable>)]	0	System.IDisposable::Dispose	0x0600079F	RUNTIME_DISPATCH		EXACT	lookup(receiver, interface class, slot) reaches the dispatch pointer; slot = Il2CppMethodDefinition.slot
MoreMountains.Tools.AIState::EnterState	CALL	v308 @ X19_v6 (System.Collections.Generic.IEnumerator`1<MoreMountains.Tools.AIAction>)	[v189 @ X22_v2 (Il2CppClass<System.IDisposable>)]	0	System.IDisposable::Dispose	0x0600079F	RUNTIME_DISPATCH		EXACT	lookup(receiver, interface class, slot) reaches the dispatch pointer; slot = Il2CppMethodDefinition.slot
MoreMountains.Tools.AIState::EnterState	CALL	v308 @ X19_v6 (System.Collections.Generic.IEnumerator`1<MoreMountains.Tools.AIAction>)	[v189 @ X22_v2 (Il2CppClass<System.IDisposable>)]	0	System.IDisposable::Dispose	0x0600079F	RUNTIME_DISPATCH		EXACT	lookup(receiver, interface class, slot) reaches the dispatch pointer; slot = Il2CppMethodDefinition.slot
MoreMountains.Tools.AIState::ExitState	CALL	v143 @ X19_v2 (System.Collections.Generic.IEnumerator`1<MoreMountains.Tools.AIAction>)	[v128 @ X22_v1 (Il2CppClass<System.IDisposable>)]	0	System.IDisposable::Dispose	0x0600079F	RUNTIME_DISPATCH		EXACT	lookup(receiver, interface class, slot) reaches the dispatch pointer; slot = Il2CppMethodDefinition.slot
MoreMountains.Tools.AIState::ExitState	CALL	v201 @ X19_v4 (System.Collections.Generic.IEnumerator`1<MoreMountains.Tools.AITransition>)	[v189 @ X22_v2 (Il2CppClass<System.IDisposable>)]	0	System.IDisposable::Dispose	0x0600079F	RUNTIME_DISPATCH		EXACT	lookup(receiver, interface class, slot) reaches the dispatch pointer; slot = Il2CppMethodDefinition.slot
MoreMountains.Tools.AIState::ExitState	CALL	v308 @ X19_v6 (System.Collections.Generic.IEnumerator`1<MoreMountains.Tools.AIAction>)	[v189 @ X22_v2 (Il2CppClass<System.IDisposable>)]	0	System.IDisposable::Dispose	0x0600079F	RUNTIME_DISPATCH		EXACT	lookup(receiver, interface class, slot) reaches the dispatch pointer; slot = Il2CppMethodDefinition.slot
MoreMountains.Tools.AIState::ExitState	CALL	v308 @ X19_v6 (System.Collections.Generic.IEnumerator`1<MoreMountains.Tools.AIAction>)	[v189 @ X22_v2 (Il2CppClass<System.IDisposable>)]	0	System.IDisposable::Dispose	0x0600079F	RUNTIME_DISPATCH		EXACT	lookup(receiver, interface class, slot) reaches the dispatch pointer; slot = Il2CppMethodDefinition.slot
MoreMountains.Tools.MMDebugMenuCommands::Help	CALL	v582 @ X19_v9 (System.Collections.Generic.IEnumerator`1<System.Reflection.MethodInfo>)	[v539 @ X25_v8 (Il2CppClass<System.IDisposable>)]	0	System.IDisposable::Dispose	0x0600079F	RUNTIME_DISPATCH		EXACT	lookup(receiver, interface class, slot) reaches the dispatch pointer; slot = Il2CppMethodDefinition.slot
MoreMountains.Tools.MMDebugMenuCommands::Help	CALL	v300 @ X19_v7 (System.Collections.Generic.IEnumerator`1<System.Reflection.MethodInfo>)	[v252 @ X25_v6 (Il2CppClass<System.IDisposable>)]	0	System.IDisposable::Dispose	0x0600079F	RUNTIME_DISPATCH		EXACT	lookup(receiver, interface class, slot) reaches the dispatch pointer; slot = Il2CppMethodDefinition.slot
MoreMountains.Tools.MMDebugMenu::FillMenu	CALL	v1321 @ X0_v12 (System.Collections.IEnumerator)	[v1729 @ X23_v10 (Il2CppClass<System.IDisposable>)]	0	System.IDisposable::Dispose	0x0600079F	RUNTIME_DISPATCH		EXACT	lookup(receiver, interface class, slot) reaches the dispatch pointer; slot = Il2CppMethodDefinition.slot
MoreMountains.Tools.MMDebugMenu::FillMenu	CALL	v1321 @ X0_v12 (System.Collections.IEnumerator)	[v1729 @ X23_v10 (Il2CppClass<System.IDisposable>)]	0	System.IDisposable::Dispose	0x0600079F	RUNTIME_DISPATCH		EXACT	lookup(receiver, interface class, slot) reaches the dispatch pointer; slot = Il2CppMethodDefinition.slot
MoreMountains.Tools.MMDebugMenu::FillMenu	CALL	v1321 @ X0_v12 (System.Collections.IEnumerator)	[v1729 @ X23_v10 (Il2CppClass<System.IDisposable>)]	0	System.IDisposable::Dispose	0x0600079F	RUNTIME_DISPATCH		EXACT	lookup(receiver, interface class, slot) reaches the dispatch pointer; slot = Il2CppMethodDefinition.slot
MoreMountains.Tools.MMDebugMenu::FillMenu	CALL	v1321 @ X0_v12 (System.Collections.IEnumerator)	[v1729 @ X23_v10 (Il2CppClass<System.IDisposable>)]	0	System.IDisposable::Dispose	0x0600079F	RUNTIME_DISPATCH		EXACT	lookup(receiver, interface class, slot) reaches the dispatch pointer; slot = Il2CppMethodDefinition.slot
MoreMountains.Tools.TransformExtensions::MMFindDeepChildBreadthFirst	CALL	v285 @ X0_v6	[v281 @ X23_v3 (Il2CppClass<System.IDisposable>)]	0	System.IDisposable::Dispose	0x0600079F	RUNTIME_DISPATCH		EXACT	lookup(receiver, interface class, slot) reaches the dispatch pointer; slot = Il2CppMethodDefinition.slot
MoreMountains.Tools.TransformExtensions::MMFindDeepChildDepthFirst	CALL	v491 @ X0_v5 (System.Collections.IEnumerator)	[v186 @ X22_v4 (Il2CppClass<System.IDisposable>)]	0	System.IDisposable::Dispose	0x0600079F	RUNTIME_DISPATCH		EXACT	lookup(receiver, interface class, slot) reaches the dispatch pointer; slot = Il2CppMethodDefinition.slot
MoreMountains.Tools.TransformExtensions::MMFindDeepChildDepthFirst	CALL	v338 @ X0_v18	[v186 @ X22_v4 (Il2CppClass<System.IDisposable>)]	0	System.IDisposable::Dispose	0x0600079F	RUNTIME_DISPATCH		EXACT	lookup(receiver, interface class, slot) reaches the dispatch pointer; slot = Il2CppMethodDefinition.slot
MoreMountains.Tools.TransformExtensions::ChangeLayersRecursively	CALL	v321 @ X0_v4 (System.Collections.IEnumerator)	[v171 @ X22_v3 (Il2CppClass<System.IDisposable>)]	0	System.IDisposable::Dispose	0x0600079F	RUNTIME_DISPATCH		EXACT	lookup(receiver, interface class, slot) reaches the dispatch pointer; slot = Il2CppMethodDefinition.slot
MoreMountains.Tools.TransformExtensions::ChangeLayersRecursively	CALL	v212 @ X0_v16	[v171 @ X22_v3 (Il2CppClass<System.IDisposable>)]	0	System.IDisposable::Dispose	0x0600079F	RUNTIME_DISPATCH		EXACT	lookup(receiver, interface class, slot) reaches the dispatch pointer; slot = Il2CppMethodDefinition.slot
MoreMountains.Tools.TransformExtensions::ChangeLayersRecursively	CALL	v337 @ X0_v4 (System.Collections.IEnumerator)	[v183 @ X21_v4 (Il2CppClass<System.IDisposable>)]	0	System.IDisposable::Dispose	0x0600079F	RUNTIME_DISPATCH		EXACT	lookup(receiver, interface class, slot) reaches the dispatch pointer; slot = Il2CppMethodDefinition.slot
MoreMountains.Tools.TransformExtensions::ChangeLayersRecursively	CALL	v244 @ X0_v16	[v183 @ X21_v4 (Il2CppClass<System.IDisposable>)]	0	System.IDisposable::Dispose	0x0600079F	RUNTIME_DISPATCH		EXACT	lookup(receiver, interface class, slot) reaches the dispatch pointer; slot = Il2CppMethodDefinition.slot
MoreMountains.Tools.MMPSBToUIConverter::ConvertToCanvas	CALL	v718 @ X0_v10 (System.Collections.IEnumerator)	[v249 @ X24_v1 (Il2CppClass<System.IDisposable>)]	0	System.IDisposable::Dispose	0x0600079F	RUNTIME_DISPATCH		EXACT	lookup(receiver, interface class, slot) reaches the dispatch pointer; slot = Il2CppMethodDefinition.slot
MoreMountains.Tools.MMPSBToUIConverter::CreateImageForChildren	CALL	v583 @ X0_v4 (System.Collections.IEnumerator)	[v308 @ X22_v1 (Il2CppClass<System.IDisposable>)]	0	System.IDisposable::Dispose	0x0600079F	RUNTIME_DISPATCH		EXACT	lookup(receiver, interface class, slot) reaches the dispatch pointer; slot = Il2CppMethodDefinition.slot
MoreMountains.Tools.MMTilemapGenerator::Generate	CALL	v200 @ X19_v3 (System.Collections.Generic.IEnumerator`1<MoreMountains.Tools.MMTilemapGeneratorLayer>)	[v198 @ X21_v4 (Il2CppClass<System.IDisposable>)]	0	System.IDisposable::Dispose	0x0600079F	RUNTIME_DISPATCH		EXACT	lookup(receiver, interface class, slot) reaches the dispatch pointer; slot = Il2CppMethodDefinition.slot
MoreMountains.Tools.MMTilemapGenerator::Generate	CALL	v200 @ X19_v3 (System.Collections.Generic.IEnumerator`1<MoreMountains.Tools.MMTilemapGeneratorLayer>)	[v198 @ X21_v4 (Il2CppClass<System.IDisposable>)]	0	System.IDisposable::Dispose	0x0600079F	RUNTIME_DISPATCH		EXACT	lookup(receiver, interface class, slot) reaches the dispatch pointer; slot = Il2CppMethodDefinition.slot
MoreMountains.Tools.MMAnimationCurveGenerator::GenerateAnimationCurvesAsset	CALL	v341 @ X0_v11 (System.Collections.IEnumerator)	[v241 @ X22_v5 (Il2CppClass<System.IDisposable>)]	0	System.IDisposable::Dispose	0x0600079F	RUNTIME_DISPATCH		EXACT	lookup(receiver, interface class, slot) reaches the dispatch pointer; slot = Il2CppMethodDefinition.slot
MoreMountains.Tools.MMAnimationCurveGenerator::GenerateAnimationCurvesAsset	CALL	v297 @ X0_v23	[v241 @ X22_v5 (Il2CppClass<System.IDisposable>)]	0	System.IDisposable::Dispose	0x0600079F	RUNTIME_DISPATCH		EXACT	lookup(receiver, interface class, slot) reaches the dispatch pointer; slot = Il2CppMethodDefinition.slot
Newtonsoft.Json.Utilities.BidirectionalDictionary`2::Set	CALL	v14 @ X23_v1 (System.Collections.Generic.IDictionary`2<TFirst, TSecond>)	v161 @ X1_v8 (Il2CppClass<System.Collections.Generic.IDictionary`2<TFirst, TSecond>>)	6	System.Collections.Generic.IDictionary`2::TryGetValue	0x06002EC7	RUNTIME_DISPATCH	TFirst,TSecond	EXACT	lookup(receiver, interface class, slot) reaches the dispatch pointer; slot = Il2CppMethodDefinition.slot
Newtonsoft.Json.Utilities.BidirectionalDictionary`2::Set	CALL	v139 @ X23_v5 (System.Collections.Generic.IDictionary`2<TSecond, TFirst>)	v322 @ X1_v12 (Il2CppClass<System.Collections.Generic.IDictionary`2<TSecond, TFirst>>)	6	System.Collections.Generic.IDictionary`2::TryGetValue	0x06002EC7	RUNTIME_DISPATCH	TSecond,TFirst	EXACT	lookup(receiver, interface class, slot) reaches the dispatch pointer; slot = Il2CppMethodDefinition.slot
Newtonsoft.Json.Utilities.BidirectionalDictionary`2::Set	CALL	v140 @ X23_v6 (System.Collections.Generic.IDictionary`2<TFirst, TSecond>)	v467 @ X1_v16 (Il2CppClass<System.Collections.Generic.IDictionary`2<TFirst, TSecond>>)	4	System.Collections.Generic.IDictionary`2::Add	0x06002EC5	RUNTIME_DISPATCH	TFirst,TSecond	EXACT	lookup(receiver, interface class, slot) reaches the dispatch pointer; slot = Il2CppMethodDefinition.slot
Newtonsoft.Json.Utilities.BidirectionalDictionary`2::Set	CALL	v121 @ X22_v5 (System.Collections.Generic.IDictionary`2<TSecond, TFirst>)	v545 @ X1_v19 (Il2CppClass<System.Collections.Generic.IDictionary`2<TSecond, TFirst>>)	4	System.Collections.Generic.IDictionary`2::Add	0x06002EC5	RUNTIME_DISPATCH	TSecond,TFirst	EXACT	lookup(receiver, interface class, slot) reaches the dispatch pointer; slot = Il2CppMethodDefinition.slot
Newtonsoft.Json.Utilities.BidirectionalDictionary`2::TryGetByFirst	TAIL	v8 @ X21_v1 (System.Collections.Generic.IDictionary`2<TFirst, TSecond>)	v39 @ X1_v2 (Il2CppClass<System.Collections.Generic.IDictionary`2<TFirst, TSecond>>)	6	System.Collections.Generic.IDictionary`2::TryGetValue	0x06002EC7	RUNTIME_DISPATCH	TFirst,TSecond	EXACT	lookup(receiver, interface class, slot) reaches the dispatch pointer; slot = Il2CppMethodDefinition.slot
Newtonsoft.Json.Utilities.BidirectionalDictionary`2::TryGetBySecond	TAIL	v8 @ X21_v1 (System.Collections.Generic.IDictionary`2<TSecond, TFirst>)	v39 @ X1_v2 (Il2CppClass<System.Collections.Generic.IDictionary`2<TSecond, TFirst>>)	6	System.Collections.Generic.IDictionary`2::TryGetValue	0x06002EC7	RUNTIME_DISPATCH	TSecond,TFirst	EXACT	lookup(receiver, interface class, slot) reaches the dispatch pointer; slot = Il2CppMethodDefinition.slot
Newtonsoft.Json.Utilities.CollectionUtils::IsNullOrEmpty	CALL	collection @ X0 (System.Collections.Generic.ICollection`1<T>)	v45 @ X1_v3 (Il2CppClass<System.Collections.Generic.ICollection`1<T>>)	0	System.Collections.Generic.ICollection`1::get_Count	0x06002EB9	RUNTIME_DISPATCH	T	EXACT	lookup(receiver, interface class, slot) reaches the dispatch pointer; slot = Il2CppMethodDefinition.slot
Newtonsoft.Json.Utilities.CollectionUtils::AddRange	CALL	collection @ X1 (System.Collections.Generic.IEnumerable`1<T>)	v127 @ X1_v14 (Il2CppClass<System.Collections.Generic.IEnumerable`1<T>>)	0	System.Collections.Generic.IEnumerable`1::GetEnumerator	0x06002EC8	RUNTIME_DISPATCH	T	EXACT	lookup(receiver, interface class, slot) reaches the dispatch pointer; slot = Il2CppMethodDefinition.slot
Newtonsoft.Json.Utilities.CollectionUtils::AddRange	CALL	v264 @ X0_v45 (System.Collections.IEnumerator)	v480 @ X1_v20 (Il2CppClass<System.Collections.Generic.IEnumerator`1<T>>)	0	System.Collections.Generic.IEnumerator`1::get_Current	0x06002EC9	RUNTIME_DISPATCH	T	EXACT	lookup(receiver, interface class, slot) reaches the dispatch pointer; slot = Il2CppMethodDefinition.slot
Newtonsoft.Json.Utilities.CollectionUtils::AddRange	CALL	initial @ X0 (System.Collections.Generic.IList`1<T>)	v726 @ X1_v23 (Il2CppClass<System.Collections.Generic.ICollection`1<T>>)	2	System.Collections.Generic.ICollection`1::Add	0x06002EBB	RUNTIME_DISPATCH	T	EXACT	lookup(receiver, interface class, slot) reaches the dispatch pointer; slot = Il2CppMethodDefinition.slot
Newtonsoft.Json.Utilities.CollectionUtils::IndexOf	CALL	collection @ X0 (System.Collections.Generic.IEnumerable`1<T>)	v112 @ X1_v13 (Il2CppClass<System.Collections.Generic.IEnumerable`1<T>>)	0	System.Collections.Generic.IEnumerable`1::GetEnumerator	0x06002EC8	RUNTIME_DISPATCH	T	EXACT	lookup(receiver, interface class, slot) reaches the dispatch pointer; slot = Il2CppMethodDefinition.slot
Newtonsoft.Json.Utilities.CollectionUtils::IndexOf	CALL	v151 @ X0_v38 (System.Collections.IEnumerator)	v609 @ X1_v19 (Il2CppClass<System.Collections.Generic.IEnumerator`1<T>>)	0	System.Collections.Generic.IEnumerator`1::get_Current	0x06002EC9	RUNTIME_DISPATCH	T	EXACT	lookup(receiver, interface class, slot) reaches the dispatch pointer; slot = Il2CppMethodDefinition.slot
Newtonsoft.Json.Utilities.CollectionWrapper`1::GetEnumerator	TAIL	v39 @ X19_v2 (System.Collections.Generic.ICollection`1<T>)	v50 @ X1_v3 (Il2CppClass<System.Collections.Generic.IEnumerable`1<T>>)	0	System.Collections.Generic.IEnumerable`1::GetEnumerator	0x06002EC8	RUNTIME_DISPATCH	T	EXACT	lookup(receiver, interface class, slot) reaches the dispatch pointer; slot = Il2CppMethodDefinition.slot
Newtonsoft.Json.Utilities.DictionaryWrapper`2::get_Values	CALL	this._readOnlyDictionary (System.Collections.Generic.IReadOnlyDictionary`2<TKey, TValue>)	Type: Il2CppClass<System.Collections.Generic.IReadOnlyDictionary`2<TKey, TValue>>	3	System.Collections.Generic.IReadOnlyDictionary`2::get_Values	0x06002ED5	RUNTIME_DISPATCH	TKey,TValue	EXACT	lookup(receiver, interface class, slot) reaches the dispatch pointer; slot = Il2CppMethodDefinition.slot
Newtonsoft.Json.Utilities.DictionaryWrapper`2::CopyTo	CALL	v240 @ X0_v47 (System.Collections.Generic.IDictionary`2<TKey, TValue>)	v422 @ X1_v20 (Il2CppClass<System.Collections.Generic.ICollection`1<System.Collections.Generic.KeyValuePair`2<TKey, TValue>>>)	5	System.Collections.Generic.ICollection`1::CopyTo	0x06002EBE	RUNTIME_DISPATCH	System.Collections.Generic.KeyValuePair`2<TKey, TValue>	EXACT	lookup(receiver, interface class, slot) reaches the dispatch pointer; slot = Il2CppMethodDefinition.slot
Newtonsoft.Json.Utilities.DictionaryWrapper`2::CopyTo	CALL	v541 @ X0_v13 (System.OutOfMemoryException)	[v157 @ X26_v2 (Il2CppClass<System.IDisposable>)]	0	System.IDisposable::Dispose	0x0600079F	RUNTIME_DISPATCH		EXACT	lookup(receiver, interface class, slot) reaches the dispatch pointer; slot = Il2CppMethodDefinition.slot
Newtonsoft.Json.Utilities.DictionaryWrapper`2::System.Collections.IDictionary.GetEnumerator	CALL	v216 @ X20_v7 (System.Collections.Generic.IReadOnlyDictionary`2<TKey, TValue>)	v200 @ X1_v6 (Il2CppClass<System.Collections.Generic.IEnumerable`1<System.Collections.Generic.KeyValuePair`2<TKey, TValue>>>)	0	System.Collections.Generic.IEnumerable`1::GetEnumerator	0x06002EC8	RUNTIME_DISPATCH	System.Collections.Generic.KeyValuePair`2<TKey, TValue>	EXACT	lookup(receiver, interface class, slot) reaches the dispatch pointer; slot = Il2CppMethodDefinition.slot
Newtonsoft.Json.Utilities.DictionaryWrapper`2::System.Collections.ICollection.CopyTo	TAIL	v100 @ X0_v16 (System.Collections.Generic.IDictionary`2<TKey, TValue>)	Type: Il2CppClass<System.Collections.Generic.ICollection`1<System.Collections.Generic.KeyValuePair`2<TKey, TValue>>>	5	System.Collections.Generic.ICollection`1::CopyTo	0x06002EBE	RUNTIME_DISPATCH	System.Collections.Generic.KeyValuePair`2<TKey, TValue>	EXACT	lookup(receiver, interface class, slot) reaches the dispatch pointer; slot = Il2CppMethodDefinition.slot
Newtonsoft.Json.Utilities.JavaScriptUtils::.cctor	CALL	v1684 @ X20_v28 (System.Collections.Generic.IEnumerator`1<System.Char>)	[v1642 @ X24_v18 (Il2CppClass<System.IDisposable>)]	0	System.IDisposable::Dispose	0x0600079F	RUNTIME_DISPATCH		EXACT	lookup(receiver, interface class, slot) reaches the dispatch pointer; slot = Il2CppMethodDefinition.slot
Newtonsoft.Json.Utilities.JavaScriptUtils::.cctor	CALL	v347 @ X0_v52	[v142 @ X25_v3 (Il2CppClass<System.Collections.Generic.IEnumerable`1<System.Char>>)]	0	System.Collections.Generic.IEnumerable`1::GetEnumerator	0x06002EC8	RUNTIME_DISPATCH	System.Char	EXACT	lookup(receiver, interface class, slot) reaches the dispatch pointer; slot = Il2CppMethodDefinition.slot
Newtonsoft.Json.Utilities.JavaScriptUtils::.cctor	CALL	v1406 @ X20_v27 (System.Collections.IEnumerator)	[v1642 @ X24_v18 (Il2CppClass<System.IDisposable>)]	0	System.IDisposable::Dispose	0x0600079F	RUNTIME_DISPATCH		EXACT	lookup(receiver, interface class, slot) reaches the dispatch pointer; slot = Il2CppMethodDefinition.slot
Newtonsoft.Json.Utilities.JavaScriptUtils::.cctor	CALL	v348 @ X0_v28	[v695 @ X25_v1 (Il2CppClass<System.Collections.Generic.IEnumerable`1<System.Char>>)]	0	System.Collections.Generic.IEnumerable`1::GetEnumerator	0x06002EC8	RUNTIME_DISPATCH	System.Char	EXACT	lookup(receiver, interface class, slot) reaches the dispatch pointer; slot = Il2CppMethodDefinition.slot
Newtonsoft.Json.Utilities.JavaScriptUtils::.cctor	CALL	v1683 @ X19_v23 (System.Collections.Generic.List`1<System.Char>)	[v693 @ X24_v1 (Il2CppClass<System.IDisposable>)]	0	System.IDisposable::Dispose	0x0600079F	RUNTIME_DISPATCH		EXACT	lookup(receiver, interface class, slot) reaches the dispatch pointer; slot = Il2CppMethodDefinition.slot
Newtonsoft.Json.Utilities.JavaScriptUtils::.cctor	CALL	v1683 @ X19_v23 (System.Collections.Generic.List`1<System.Char>)	[v693 @ X24_v1 (Il2CppClass<System.IDisposable>)]	0	System.IDisposable::Dispose	0x0600079F	RUNTIME_DISPATCH		EXACT	lookup(receiver, interface class, slot) reaches the dispatch pointer; slot = Il2CppMethodDefinition.slot
Newtonsoft.Json.Utilities.JavaScriptUtils::.cctor	CALL	0	[v1642 @ X24_v18 (Il2CppClass<System.IDisposable>)]	0	System.IDisposable::Dispose	0x0600079F	RUNTIME_DISPATCH		EXACT	lookup(receiver, interface class, slot) reaches the dispatch pointer; slot = Il2CppMethodDefinition.slot
Newtonsoft.Json.Utilities.JavaScriptUtils::.cctor	CALL	0	[v1642 @ X24_v18 (Il2CppClass<System.IDisposable>)]	0	System.IDisposable::Dispose	0x0600079F	RUNTIME_DISPATCH		EXACT	lookup(receiver, interface class, slot) reaches the dispatch pointer; slot = Il2CppMethodDefinition.slot
Newtonsoft.Json.Utilities.ReflectionUtils::GetChildPrivateProperties	CALL	initialProperties @ X0 (System.Collections.Generic.IList`1<System.Reflection.PropertyInfo>)	v654 @ X1_v14 (Il2CppClass<System.Collections.Generic.ICollection`1<System.Reflection.PropertyInfo>>)	2	System.Collections.Generic.ICollection`1::Add	0x06002EBB	RUNTIME_DISPATCH	System.Reflection.PropertyInfo	EXACT	lookup(receiver, interface class, slot) reaches the dispatch pointer; slot = Il2CppMethodDefinition.slot
Newtonsoft.Json.Serialization.JsonSerializerInternalReader::CreateJToken	CALL	v425 @ X21_v4 (Newtonsoft.Json.Linq.JTokenWriter)	[v311 @ X24_v3 (Il2CppClass<System.IDisposable>)]	0	System.IDisposable::Dispose	0x0600079F	RUNTIME_DISPATCH		EXACT	lookup(receiver, interface class, slot) reaches the dispatch pointer; slot = Il2CppMethodDefinition.slot
Newtonsoft.Json.Serialization.JsonSerializerInternalReader::CreateJToken	CALL	v467 @ X0_v21 (System.Globalization.CultureInfo)	[v311 @ X24_v3 (Il2CppClass<System.IDisposable>)]	0	System.IDisposable::Dispose	0x0600079F	RUNTIME_DISPATCH		EXACT	lookup(receiver, interface class, slot) reaches the dispatch pointer; slot = Il2CppMethodDefinition.slot
Newtonsoft.Json.Serialization.JsonSerializerInternalWriter::SerializeDictionary	CALL	v839 @ X0_v9 (System.Collections.IDictionaryEnumerator)	[v331 @ X25_v2 (Il2CppClass<System.IDisposable>)]	0	System.IDisposable::Dispose	0x0600079F	RUNTIME_DISPATCH		EXACT	lookup(receiver, interface class, slot) reaches the dispatch pointer; slot = Il2CppMethodDefinition.slot
Newtonsoft.Json.Linq.JContainer::.ctor	CALL	v164 @ X19_v2 (System.Collections.Generic.IEnumerator`1<Newtonsoft.Json.Linq.JToken>)	[v172 @ X23_v2 (Il2CppClass<System.IDisposable>)]	0	System.IDisposable::Dispose	0x0600079F	RUNTIME_DISPATCH		EXACT	lookup(receiver, interface class, slot) reaches the dispatch pointer; slot = Il2CppMethodDefinition.slot
Newtonsoft.Json.Linq.JContainer::.ctor	CALL	v164 @ X19_v2 (System.Collections.Generic.IEnumerator`1<Newtonsoft.Json.Linq.JToken>)	[v172 @ X23_v2 (Il2CppClass<System.IDisposable>)]	0	System.IDisposable::Dispose	0x0600079F	RUNTIME_DISPATCH		EXACT	lookup(receiver, interface class, slot) reaches the dispatch pointer; slot = Il2CppMethodDefinition.slot
Newtonsoft.Json.Linq.JContainer::ClearItems	CALL	v229 @ X21_v1 (System.Collections.Generic.IEnumerator`1<Newtonsoft.Json.Linq.JToken>)	[v227 @ X23_v1 (Il2CppClass<System.IDisposable>)]	0	System.IDisposable::Dispose	0x0600079F	RUNTIME_DISPATCH		EXACT	lookup(receiver, interface class, slot) reaches the dispatch pointer; slot = Il2CppMethodDefinition.slot
Newtonsoft.Json.Linq.JContainer::ClearItems	CALL	v228 @ X21_v4 (System.Collections.Generic.IEnumerator`1<Newtonsoft.Json.Linq.JToken>)	[v226 @ X23_v4 (Il2CppClass<System.IDisposable>)]	0	System.IDisposable::Dispose	0x0600079F	RUNTIME_DISPATCH		EXACT	lookup(receiver, interface class, slot) reaches the dispatch pointer; slot = Il2CppMethodDefinition.slot
Newtonsoft.Json.Linq.JContainer::CopyItemsTo	CALL	v297 @ X0_v77 (System.Collections.Generic.IEnumerator`1<Newtonsoft.Json.Linq.JToken>)	[v382 @ X22_v4 (Il2CppClass<System.IDisposable>)]	0	System.IDisposable::Dispose	0x0600079F	RUNTIME_DISPATCH		EXACT	lookup(receiver, interface class, slot) reaches the dispatch pointer; slot = Il2CppMethodDefinition.slot
Newtonsoft.Json.Linq.JContainer::CopyItemsTo	CALL	v297 @ X0_v77 (System.Collections.Generic.IEnumerator`1<Newtonsoft.Json.Linq.JToken>)	[v382 @ X22_v4 (Il2CppClass<System.IDisposable>)]	0	System.IDisposable::Dispose	0x0600079F	RUNTIME_DISPATCH		EXACT	lookup(receiver, interface class, slot) reaches the dispatch pointer; slot = Il2CppMethodDefinition.slot
Newtonsoft.Json.Linq.JEnumerable`1::GetEnumerator	CALL	v29 @ X20_v2 (System.Collections.Generic.IEnumerable`1<T>)	v73 @ X1_v3 (Il2CppClass<System.Collections.Generic.IEnumerable`1<T>>)	0	System.Collections.Generic.IEnumerable`1::GetEnumerator	0x06002EC8	RUNTIME_DISPATCH	T	EXACT	lookup(receiver, interface class, slot) reaches the dispatch pointer; slot = Il2CppMethodDefinition.slot
Newtonsoft.Json.Linq.JObject::System.Collections.Generic.ICollection<System.Collections.Generic.KeyValuePair<System.String,Newtonsoft.Json.Linq.JToken>>.CopyTo	CALL	v223 @ X0_v71 (System.Collections.Generic.IEnumerator`1<Newtonsoft.Json.Linq.JToken>)	[v418 @ X22_v4 (Il2CppClass<System.IDisposable>)]	0	System.IDisposable::Dispose	0x0600079F	RUNTIME_DISPATCH		EXACT	lookup(receiver, interface class, slot) reaches the dispatch pointer; slot = Il2CppMethodDefinition.slot
Newtonsoft.Json.Linq.JObject::System.Collections.Generic.ICollection<System.Collections.Generic.KeyValuePair<System.String,Newtonsoft.Json.Linq.JToken>>.CopyTo	CALL	v223 @ X0_v71 (System.Collections.Generic.IEnumerator`1<Newtonsoft.Json.Linq.JToken>)	[v418 @ X22_v4 (Il2CppClass<System.IDisposable>)]	0	System.IDisposable::Dispose	0x0600079F	RUNTIME_DISPATCH		EXACT	lookup(receiver, interface class, slot) reaches the dispatch pointer; slot = Il2CppMethodDefinition.slot
Newtonsoft.Json.Converters.DataSetConverter::WriteJson	CALL	v551 @ X0_v4 (System.Object)	[v384 @ X25_v5 (Il2CppClass<System.IDisposable>)]	0	System.IDisposable::Dispose	0x0600079F	RUNTIME_DISPATCH		EXACT	lookup(receiver, interface class, slot) reaches the dispatch pointer; slot = Il2CppMethodDefinition.slot
Newtonsoft.Json.Converters.DataSetConverter::WriteJson	CALL	v503 @ X0_v18	[v384 @ X25_v5 (Il2CppClass<System.IDisposable>)]	0	System.IDisposable::Dispose	0x0600079F	RUNTIME_DISPATCH		EXACT	lookup(receiver, interface class, slot) reaches the dispatch pointer; slot = Il2CppMethodDefinition.slot
Newtonsoft.Json.Converters.DataTableConverter::WriteJson	CALL	v1077 @ X0_v4 (System.Object)	[v262 @ X26_v1 (Il2CppClass<System.IDisposable>)]	0	System.IDisposable::Dispose	0x0600079F	RUNTIME_DISPATCH		EXACT	lookup(receiver, interface class, slot) reaches the dispatch pointer; slot = Il2CppMethodDefinition.slot
Newtonsoft.Json.Converters.XmlNodeConverter::DeserializeValue	TAIL	currentNode @ X5 (Newtonsoft.Json.Converters.IXmlNode)	v626 @ X1_v6 (Il2CppClass<Newtonsoft.Json.Converters.IXmlNode>)	6	Newtonsoft.Json.Converters.IXmlNode::AppendChild	0x060008A8	RUNTIME_DISPATCH		EXACT	lookup(receiver, interface class, slot) reaches the dispatch pointer; slot = Il2CppMethodDefinition.slot
Newtonsoft.Json.Converters.XmlNodeConverter::CreateInstruction	TAIL	currentNode @ X3 (Newtonsoft.Json.Converters.IXmlNode)	v648 @ X1_v16 (Il2CppClass<Newtonsoft.Json.Converters.IXmlNode>)	6	Newtonsoft.Json.Converters.IXmlNode::AppendChild	0x060008A8	RUNTIME_DISPATCH		EXACT	lookup(receiver, interface class, slot) reaches the dispatch pointer; slot = Il2CppMethodDefinition.slot
ES3::LoadAudio	CALL	v285 @ X0_v95 (UnityEngine.Networking.UnityWebRequest)	[v572 @ X23_v9 (Il2CppClass<System.IDisposable>)]	0	System.IDisposable::Dispose	0x0600079F	RUNTIME_DISPATCH		EXACT	lookup(receiver, interface class, slot) reaches the dispatch pointer; slot = Il2CppMethodDefinition.slot
ES3File::Sync	CALL	v409 @ X19_v7 (ES3Writer)	[v404 @ X24_v5 (Il2CppClass<System.IDisposable>)]	0	System.IDisposable::Dispose	0x0600079F	RUNTIME_DISPATCH		EXACT	lookup(receiver, interface class, slot) reaches the dispatch pointer; slot = Il2CppMethodDefinition.slot
ES3File::Sync	CALL	v409 @ X19_v7 (ES3Writer)	[v404 @ X24_v5 (Il2CppClass<System.IDisposable>)]	0	System.IDisposable::Dispose	0x0600079F	RUNTIME_DISPATCH		EXACT	lookup(receiver, interface class, slot) reaches the dispatch pointer; slot = Il2CppMethodDefinition.slot
ES3File::GetBytes	CALL	v1379 @ X20_v23 (ES3Writer)	[v1339 @ X24_v16 (Il2CppClass<System.IDisposable>)]	0	System.IDisposable::Dispose	0x0600079F	RUNTIME_DISPATCH		EXACT	lookup(receiver, interface class, slot) reaches the dispatch pointer; slot = Il2CppMethodDefinition.slot
ES3File::GetBytes	CALL	v1379 @ X20_v23 (ES3Writer)	[v1339 @ X24_v16 (Il2CppClass<System.IDisposable>)]	0	System.IDisposable::Dispose	0x0600079F	RUNTIME_DISPATCH		EXACT	lookup(receiver, interface class, slot) reaches the dispatch pointer; slot = Il2CppMethodDefinition.slot
ES3File::GetBytes	CALL	v1379 @ X20_v23 (ES3Writer)	[v1339 @ X24_v16 (Il2CppClass<System.IDisposable>)]	0	System.IDisposable::Dispose	0x0600079F	RUNTIME_DISPATCH		EXACT	lookup(receiver, interface class, slot) reaches the dispatch pointer; slot = Il2CppMethodDefinition.slot
ES3File::GetBytes	CALL	v1379 @ X20_v23 (ES3Writer)	[v1339 @ X24_v16 (Il2CppClass<System.IDisposable>)]	0	System.IDisposable::Dispose	0x0600079F	RUNTIME_DISPATCH		EXACT	lookup(receiver, interface class, slot) reaches the dispatch pointer; slot = Il2CppMethodDefinition.slot
ES3Writer::Merge	CALL	v410 @ X0_v4 (System.Collections.IEnumerator)	[v208 @ X23_v3 (Il2CppClass<System.IDisposable>)]	0	System.IDisposable::Dispose	0x0600079F	RUNTIME_DISPATCH		EXACT	lookup(receiver, interface class, slot) reaches the dispatch pointer; slot = Il2CppMethodDefinition.slot
ES3Writer::Merge	CALL	v354 @ X0_v16	[v208 @ X23_v3 (Il2CppClass<System.IDisposable>)]	0	System.IDisposable::Dispose	0x0600079F	RUNTIME_DISPATCH		EXACT	lookup(receiver, interface class, slot) reaches the dispatch pointer; slot = Il2CppMethodDefinition.slot
ES3Types.ES3ArrayType::ReadInto	CALL	v619 @ X0_v4 (System.Object)	[v328 @ X27_v1 (Il2CppClass<System.IDisposable>)]	0	System.IDisposable::Dispose	0x0600079F	RUNTIME_DISPATCH		EXACT	lookup(receiver, interface class, slot) reaches the dispatch pointer; slot = Il2CppMethodDefinition.slot
ES3Types.ES3ArrayType::ReadInto	CALL	v64 @ X0_v69 (System.Collections.ICollection)	[v364 @ X25_v1 (Il2CppClass<System.Collections.ICollection>)]	1	System.Collections.ICollection::get_Count	0x06002BB9	RUNTIME_DISPATCH		EXACT	lookup(receiver, interface class, slot) reaches the dispatch pointer; slot = Il2CppMethodDefinition.slot
ES3Types.ES3CollectionType::ReadICollection	CALL	collection @ X2 (System.Collections.Generic.ICollection`1<T>)	v229 @ X1_v11 (Il2CppClass<System.Collections.Generic.ICollection`1<T>>)	2	System.Collections.Generic.ICollection`1::Add	0x06002EBB	RUNTIME_DISPATCH	T	EXACT	lookup(receiver, interface class, slot) reaches the dispatch pointer; slot = Il2CppMethodDefinition.slot
ES3Types.ES3CollectionType::ReadICollectionInto	CALL	v552 @ X0_v4 (System.Collections.IEnumerator)	[v295 @ X26_v1 (Il2CppClass<System.IDisposable>)]	0	System.IDisposable::Dispose	0x0600079F	RUNTIME_DISPATCH		EXACT	lookup(receiver, interface class, slot) reaches the dispatch pointer; slot = Il2CppMethodDefinition.slot
ES3Types.ES3CollectionType::ReadICollectionInto	CALL	collection @ X2 (System.Collections.ICollection)	[v293 @ X25_v1 (Il2CppClass<System.Collections.ICollection>)]	1	System.Collections.ICollection::get_Count	0x06002BB9	RUNTIME_DISPATCH		EXACT	lookup(receiver, interface class, slot) reaches the dispatch pointer; slot = Il2CppMethodDefinition.slot
ES3Types.ES3DictionaryType::Write	CALL	v510 @ X0_v4 (System.Collections.IDictionaryEnumerator)	[v255 @ X26_v3 (Il2CppClass<System.IDisposable>)]	0	System.IDisposable::Dispose	0x0600079F	RUNTIME_DISPATCH		EXACT	lookup(receiver, interface class, slot) reaches the dispatch pointer; slot = Il2CppMethodDefinition.slot
ES3Types.ES3DictionaryType::Write	CALL	v396 @ X0_v16	[v255 @ X26_v3 (Il2CppClass<System.IDisposable>)]	0	System.IDisposable::Dispose	0x0600079F	RUNTIME_DISPATCH		EXACT	lookup(receiver, interface class, slot) reaches the dispatch pointer; slot = Il2CppMethodDefinition.slot
ES3Types.ES3HashSetType::Write	CALL	v1044 @ X0_v4 (System.Object)	[v796 @ X25_v6 (Il2CppClass<System.IDisposable>)]	0	System.IDisposable::Dispose	0x0600079F	RUNTIME_DISPATCH		EXACT	lookup(receiver, interface class, slot) reaches the dispatch pointer; slot = Il2CppMethodDefinition.slot
ES3Types.ES3HashSetType::Write	CALL	v835 @ X22_v8 (System.Collections.IEnumerable)	[v825 @ X27_v6 (Il2CppClass<System.Collections.IEnumerable>)]	0	System.Collections.IEnumerable::GetEnumerator	0x06002BC9	RUNTIME_DISPATCH		EXACT	lookup(receiver, interface class, slot) reaches the dispatch pointer; slot = Il2CppMethodDefinition.slot
ES3Types.ES3HashSetType::Write	CALL	v827 @ X0_v8 (System.Collections.IEnumerable)	[v797 @ X26_v6 (Il2CppClass<System.Collections.IEnumerator>)]	0	System.Collections.IEnumerator::MoveNext	0x06002BCA	RUNTIME_DISPATCH		EXACT	lookup(receiver, interface class, slot) reaches the dispatch pointer; slot = Il2CppMethodDefinition.slot
ES3Types.ES3HashSetType::Write	CALL	v827 @ X0_v8 (System.Collections.IEnumerable)	[v797 @ X26_v6 (Il2CppClass<System.Collections.IEnumerator>)]	1	System.Collections.IEnumerator::get_Current	0x06002BCB	RUNTIME_DISPATCH		EXACT	lookup(receiver, interface class, slot) reaches the dispatch pointer; slot = Il2CppMethodDefinition.slot
ES3Types.ES3HashSetType::Write	CALL	v567 @ X0_v40	[v796 @ X25_v6 (Il2CppClass<System.IDisposable>)]	0	System.IDisposable::Dispose	0x0600079F	RUNTIME_DISPATCH		EXACT	lookup(receiver, interface class, slot) reaches the dispatch pointer; slot = Il2CppMethodDefinition.slot
ES3Types.ES3HashSetType::Write	CALL	v993 @ X0_v63	[v796 @ X25_v6 (Il2CppClass<System.IDisposable>)]	0	System.IDisposable::Dispose	0x0600079F	RUNTIME_DISPATCH		EXACT	lookup(receiver, interface class, slot) reaches the dispatch pointer; slot = Il2CppMethodDefinition.slot
ES3Types.ES3ListType::Write	CALL	v461 @ X0_v4 (System.Object)	[v90 @ X25_v4 (Il2CppClass<System.IDisposable>)]	0	System.IDisposable::Dispose	0x0600079F	RUNTIME_DISPATCH		EXACT	lookup(receiver, interface class, slot) reaches the dispatch pointer; slot = Il2CppMethodDefinition.slot
ES3Types.ES3ListType::Write	CALL	v357 @ X0_v15	[v90 @ X25_v4 (Il2CppClass<System.IDisposable>)]	0	System.IDisposable::Dispose	0x0600079F	RUNTIME_DISPATCH		EXACT	lookup(receiver, interface class, slot) reaches the dispatch pointer; slot = Il2CppMethodDefinition.slot
ES3Types.ES3ListType::ReadInto	CALL	v484 @ X0_v4 (System.Object)	[v166 @ X27_v4 (Il2CppClass<System.IDisposable>)]	0	System.IDisposable::Dispose	0x0600079F	RUNTIME_DISPATCH		EXACT	lookup(receiver, interface class, slot) reaches the dispatch pointer; slot = Il2CppMethodDefinition.slot
ES3Types.ES3ListType::ReadInto	CALL	v428 @ X20_v2 (System.Collections.IEnumerable)	[v172 @ X26_v4 (Il2CppClass<System.Collections.ICollection>)]	1	System.Collections.ICollection::get_Count	0x06002BB9	RUNTIME_DISPATCH		EXACT	lookup(receiver, interface class, slot) reaches the dispatch pointer; slot = Il2CppMethodDefinition.slot
ES3Types.ES3ListType::ReadInto	CALL	v372 @ X0_v34	[v166 @ X27_v4 (Il2CppClass<System.IDisposable>)]	0	System.IDisposable::Dispose	0x0600079F	RUNTIME_DISPATCH		EXACT	lookup(receiver, interface class, slot) reaches the dispatch pointer; slot = Il2CppMethodDefinition.slot
ES3Types.ES3QueueType::Write	CALL	v515 @ X0_v5	[v293 @ X25_v3 (Il2CppClass<System.IDisposable>)]	0	System.IDisposable::Dispose	0x0600079F	RUNTIME_DISPATCH		EXACT	lookup(receiver, interface class, slot) reaches the dispatch pointer; slot = Il2CppMethodDefinition.slot
ES3Types.ES3QueueType::Write	CALL	v442 @ X0_v17	[v293 @ X25_v3 (Il2CppClass<System.IDisposable>)]	0	System.IDisposable::Dispose	0x0600079F	RUNTIME_DISPATCH		EXACT	lookup(receiver, interface class, slot) reaches the dispatch pointer; slot = Il2CppMethodDefinition.slot
ES3Types.ES3QueueType::ReadInto	CALL	v669 @ X0_v4 (System.Object)	[v234 @ X27_v1 (Il2CppClass<System.IDisposable>)]	0	System.IDisposable::Dispose	0x0600079F	RUNTIME_DISPATCH		EXACT	lookup(receiver, interface class, slot) reaches the dispatch pointer; slot = Il2CppMethodDefinition.slot
ES3Types.ES3QueueType::ReadInto	CALL	v179 @ X0_v69 (System.Collections.IEnumerable)	[v270 @ X25_v1 (Il2CppClass<System.Collections.ICollection>)]	1	System.Collections.ICollection::get_Count	0x06002BB9	RUNTIME_DISPATCH		EXACT	lookup(receiver, interface class, slot) reaches the dispatch pointer; slot = Il2CppMethodDefinition.slot
ES3Types.ES3StackType::Write	CALL	v515 @ X0_v5	[v293 @ X25_v3 (Il2CppClass<System.IDisposable>)]	0	System.IDisposable::Dispose	0x0600079F	RUNTIME_DISPATCH		EXACT	lookup(receiver, interface class, slot) reaches the dispatch pointer; slot = Il2CppMethodDefinition.slot
ES3Types.ES3StackType::Write	CALL	v442 @ X0_v17	[v293 @ X25_v3 (Il2CppClass<System.IDisposable>)]	0	System.IDisposable::Dispose	0x0600079F	RUNTIME_DISPATCH		EXACT	lookup(receiver, interface class, slot) reaches the dispatch pointer; slot = Il2CppMethodDefinition.slot
ES3Types.ES3StackType::ReadInto	CALL	v669 @ X0_v4 (System.Object)	[v234 @ X27_v1 (Il2CppClass<System.IDisposable>)]	0	System.IDisposable::Dispose	0x0600079F	RUNTIME_DISPATCH		EXACT	lookup(receiver, interface class, slot) reaches the dispatch pointer; slot = Il2CppMethodDefinition.slot
ES3Types.ES3StackType::ReadInto	CALL	v179 @ X0_v69 (System.Collections.IEnumerable)	[v270 @ X25_v1 (Il2CppClass<System.Collections.ICollection>)]	1	System.Collections.ICollection::get_Count	0x06002BB9	RUNTIME_DISPATCH		EXACT	lookup(receiver, interface class, slot) reaches the dispatch pointer; slot = Il2CppMethodDefinition.slot
ES3Types.ES3Type::ReadProperties	CALL	v3187 @ X0_v414 (System.Type)	[v445 @ X28_v55 (Il2CppClass<System.IDisposable>)]	0	System.IDisposable::Dispose	0x0600079F	RUNTIME_DISPATCH		EXACT	lookup(receiver, interface class, slot) reaches the dispatch pointer; slot = Il2CppMethodDefinition.slot
ES3Types.ES3Type::ReadProperties	CALL	v3693 @ X0_v355	[v2206 @ X28_v61 (Il2CppClass<System.IDisposable>)]	0	System.IDisposable::Dispose	0x0600079F	RUNTIME_DISPATCH		EXACT	lookup(receiver, interface class, slot) reaches the dispatch pointer; slot = Il2CppMethodDefinition.slot
ES3Types.ES3Type::ReadProperties	CALL	v4005 @ X0_v308	[v192 @ X28_v59 (Il2CppClass<System.IDisposable>)]	0	System.IDisposable::Dispose	0x0600079F	RUNTIME_DISPATCH		EXACT	lookup(receiver, interface class, slot) reaches the dispatch pointer; slot = Il2CppMethodDefinition.slot
ES3Types.ES3Type::ReadProperties	CALL	v4248 @ X0_v261	[v315 @ X28_v15 (Il2CppClass<System.IDisposable>)]	0	System.IDisposable::Dispose	0x0600079F	RUNTIME_DISPATCH		EXACT	lookup(receiver, interface class, slot) reaches the dispatch pointer; slot = Il2CppMethodDefinition.slot
ES3Types.ES3Type::ReadProperties	CALL	v1150 @ X0_v23	[v445 @ X28_v55 (Il2CppClass<System.IDisposable>)]	0	System.IDisposable::Dispose	0x0600079F	RUNTIME_DISPATCH		EXACT	lookup(receiver, interface class, slot) reaches the dispatch pointer; slot = Il2CppMethodDefinition.slot
ES3Types.ES3Type::ReadProperties	CALL	v954 @ X0_v46 (Il2CppClass<System.Collections.IEnumerator>)	[v953 @ X28_v13 (Il2CppClass<System.IDisposable>)]	0	System.IDisposable::Dispose	0x0600079F	RUNTIME_DISPATCH		EXACT	lookup(receiver, interface class, slot) reaches the dispatch pointer; slot = Il2CppMethodDefinition.slot
ES3Types.ES3Type_Random::ReadObject	CALL	v544 @ X0_v4 (System.Collections.IEnumerator)	[v267 @ X22_v1 (Il2CppClass<System.IDisposable>)]	0	System.IDisposable::Dispose	0x0600079F	RUNTIME_DISPATCH		EXACT	lookup(receiver, interface class, slot) reaches the dispatch pointer; slot = Il2CppMethodDefinition.slot
ES3Types.ES3Type_BoxCollider::ReadComponent	CALL	v690 @ X0_v4 (System.Collections.IEnumerator)	[v305 @ X22_v1 (Il2CppClass<System.IDisposable>)]	0	System.IDisposable::Dispose	0x0600079F	RUNTIME_DISPATCH		EXACT	lookup(receiver, interface class, slot) reaches the dispatch pointer; slot = Il2CppMethodDefinition.slot
ES3Types.ES3Type_BoxCollider2D::ReadComponent	CALL	v757 @ X0_v4 (System.Collections.IEnumerator)	[v583 @ X22_v1 (Il2CppClass<System.IDisposable>)]	0	System.IDisposable::Dispose	0x0600079F	RUNTIME_DISPATCH		EXACT	lookup(receiver, interface class, slot) reaches the dispatch pointer; slot = Il2CppMethodDefinition.slot
ES3Types.ES3Type_Camera::ReadComponent	CALL	v1660 @ X0_v4 (System.Collections.IEnumerator)	[v507 @ X22_v1 (Il2CppClass<System.IDisposable>)]	0	System.IDisposable::Dispose	0x0600079F	RUNTIME_DISPATCH		EXACT	lookup(receiver, interface class, slot) reaches the dispatch pointer; slot = Il2CppMethodDefinition.slot
ES3Types.ES3Type_CapsuleCollider::ReadComponent	CALL	v889 @ X0_v4 (System.Collections.IEnumerator)	[v331 @ X22_v1 (Il2CppClass<System.IDisposable>)]	0	System.IDisposable::Dispose	0x0600079F	RUNTIME_DISPATCH		EXACT	lookup(receiver, interface class, slot) reaches the dispatch pointer; slot = Il2CppMethodDefinition.slot
ES3Types.ES3Type_EventSystem::ReadComponent	CALL	v294 @ X0_v4 (System.Collections.IEnumerator)	[v113 @ X21_v1 (Il2CppClass<System.IDisposable>)]	0	System.IDisposable::Dispose	0x0600079F	RUNTIME_DISPATCH		EXACT	lookup(receiver, interface class, slot) reaches the dispatch pointer; slot = Il2CppMethodDefinition.slot
ES3Types.ES3Type_EventSystem::ReadComponent	CALL	v239 @ X0_v16	[v112 @ X21_v3 (Il2CppClass<System.IDisposable>)]	0	System.IDisposable::Dispose	0x0600079F	RUNTIME_DISPATCH		EXACT	lookup(receiver, interface class, slot) reaches the dispatch pointer; slot = Il2CppMethodDefinition.slot
ES3Types.ES3Type_Image::ReadComponent	CALL	v1167 @ X0_v4 (System.Collections.IEnumerator)	[v281 @ X22_v1 (Il2CppClass<System.IDisposable>)]	0	System.IDisposable::Dispose	0x0600079F	RUNTIME_DISPATCH		EXACT	lookup(receiver, interface class, slot) reaches the dispatch pointer; slot = Il2CppMethodDefinition.slot
ES3Types.ES3Type_MeshCollider::ReadComponent	CALL	v683 @ X0_v4 (System.Collections.IEnumerator)	[v295 @ X22_v1 (Il2CppClass<System.IDisposable>)]	0	System.IDisposable::Dispose	0x0600079F	RUNTIME_DISPATCH		EXACT	lookup(receiver, interface class, slot) reaches the dispatch pointer; slot = Il2CppMethodDefinition.slot
ES3Types.ES3Type_MeshFilter::ReadComponent	CALL	v431 @ X0_v4 (System.Collections.IEnumerator)	[v118 @ X23_v4 (Il2CppClass<System.IDisposable>)]	0	System.IDisposable::Dispose	0x0600079F	RUNTIME_DISPATCH		EXACT	lookup(receiver, interface class, slot) reaches the dispatch pointer; slot = Il2CppMethodDefinition.slot
ES3Types.ES3Type_MeshFilter::ReadComponent	CALL	v310 @ X0_v16	[v118 @ X23_v4 (Il2CppClass<System.IDisposable>)]	0	System.IDisposable::Dispose	0x0600079F	RUNTIME_DISPATCH		EXACT	lookup(receiver, interface class, slot) reaches the dispatch pointer; slot = Il2CppMethodDefinition.slot
ES3Types.ES3Type_MeshRenderer::ReadComponent	CALL	v1082 @ X0_v4 (System.Collections.IEnumerator)	[v263 @ X22_v1 (Il2CppClass<System.IDisposable>)]	0	System.IDisposable::Dispose	0x0600079F	RUNTIME_DISPATCH		EXACT	lookup(receiver, interface class, slot) reaches the dispatch pointer; slot = Il2CppMethodDefinition.slot
ES3Types.ES3Type_ParticleSystem::ReadComponent	CALL	v945 @ X0_v4 (System.Collections.IEnumerator)	[v236 @ X22_v1 (Il2CppClass<System.IDisposable>)]	0	System.IDisposable::Dispose	0x0600079F	RUNTIME_DISPATCH		EXACT	lookup(receiver, interface class, slot) reaches the dispatch pointer; slot = Il2CppMethodDefinition.slot
ES3Types.ES3Type_PolygonCollider2D::ReadComponent	CALL	v808 @ X0_v4 (System.Collections.IEnumerator)	[v637 @ X22_v1 (Il2CppClass<System.IDisposable>)]	0	System.IDisposable::Dispose	0x0600079F	RUNTIME_DISPATCH		EXACT	lookup(receiver, interface class, slot) reaches the dispatch pointer; slot = Il2CppMethodDefinition.slot
ES3Types.ES3Type_RawImage::ReadComponent	CALL	v1101 @ X0_v4 (System.Collections.IEnumerator)	[v371 @ X22_v1 (Il2CppClass<System.IDisposable>)]	0	System.IDisposable::Dispose	0x0600079F	RUNTIME_DISPATCH		EXACT	lookup(receiver, interface class, slot) reaches the dispatch pointer; slot = Il2CppMethodDefinition.slot
ES3Types.ES3Type_Rigidbody::ReadComponent	CALL	v1251 @ X0_v4 (System.Collections.IEnumerator)	[v298 @ X22_v1 (Il2CppClass<System.IDisposable>)]	0	System.IDisposable::Dispose	0x0600079F	RUNTIME_DISPATCH		EXACT	lookup(receiver, interface class, slot) reaches the dispatch pointer; slot = Il2CppMethodDefinition.slot
ES3Types.ES3Type_SphereCollider::ReadComponent	CALL	v691 @ X0_v4 (System.Collections.IEnumerator)	[v303 @ X22_v1 (Il2CppClass<System.IDisposable>)]	0	System.IDisposable::Dispose	0x0600079F	RUNTIME_DISPATCH		EXACT	lookup(receiver, interface class, slot) reaches the dispatch pointer; slot = Il2CppMethodDefinition.slot
ES3Types.ES3Type_Text::ReadComponent	CALL	v1241 @ X0_v4 (System.Collections.IEnumerator)	[v274 @ X22_v1 (Il2CppClass<System.IDisposable>)]	0	System.IDisposable::Dispose	0x0600079F	RUNTIME_DISPATCH		EXACT	lookup(receiver, interface class, slot) reaches the dispatch pointer; slot = Il2CppMethodDefinition.slot
ES3Types.ES3Type_Transform::ReadComponent	CALL	v629 @ X0_v4 (System.Collections.IEnumerator)	[v311 @ X22_v1 (Il2CppClass<System.IDisposable>)]	0	System.IDisposable::Dispose	0x0600079F	RUNTIME_DISPATCH		EXACT	lookup(receiver, interface class, slot) reaches the dispatch pointer; slot = Il2CppMethodDefinition.slot
ES3Types.ES3Type_AudioClip::ReadUnityObject	CALL	v438 @ X0_v4 (System.Collections.IEnumerator)	[v120 @ X23_v4 (Il2CppClass<System.IDisposable>)]	0	System.IDisposable::Dispose	0x0600079F	RUNTIME_DISPATCH		EXACT	lookup(receiver, interface class, slot) reaches the dispatch pointer; slot = Il2CppMethodDefinition.slot
ES3Types.ES3Type_AudioClip::ReadUnityObject	CALL	v316 @ X0_v16	[v120 @ X23_v4 (Il2CppClass<System.IDisposable>)]	0	System.IDisposable::Dispose	0x0600079F	RUNTIME_DISPATCH		EXACT	lookup(receiver, interface class, slot) reaches the dispatch pointer; slot = Il2CppMethodDefinition.slot
ES3Types.ES3Type_AudioClip::ReadUnityObject	CALL	v552 @ X0_v4 (System.Collections.IEnumerator)	[v189 @ X23_v1 (Il2CppClass<System.IDisposable>)]	0	System.IDisposable::Dispose	0x0600079F	RUNTIME_DISPATCH		EXACT	lookup(receiver, interface class, slot) reaches the dispatch pointer; slot = Il2CppMethodDefinition.slot
ES3Types.ES3Type_GameObject::ReadObject	CALL	v752 @ X0_v4 (System.Collections.IEnumerator)	[v595 @ X22_v1 (Il2CppClass<System.IDisposable>)]	0	System.IDisposable::Dispose	0x0600079F	RUNTIME_DISPATCH		EXACT	lookup(receiver, interface class, slot) reaches the dispatch pointer; slot = Il2CppMethodDefinition.slot
ES3Types.ES3Type_GameObject::GetChildren	CALL	v349 @ X0_v4 (System.Collections.IEnumerator)	[v188 @ X22_v3 (Il2CppClass<System.IDisposable>)]	0	System.IDisposable::Dispose	0x0600079F	RUNTIME_DISPATCH		EXACT	lookup(receiver, interface class, slot) reaches the dispatch pointer; slot = Il2CppMethodDefinition.slot
ES3Types.ES3Type_GameObject::GetChildren	CALL	v233 @ X0_v17	[v188 @ X22_v3 (Il2CppClass<System.IDisposable>)]	0	System.IDisposable::Dispose	0x0600079F	RUNTIME_DISPATCH		EXACT	lookup(receiver, interface class, slot) reaches the dispatch pointer; slot = Il2CppMethodDefinition.slot
ES3Types.ES3Type_Light::ReadComponent	CALL	v1391 @ X0_v4 (System.Collections.IEnumerator)	[v365 @ X22_v1 (Il2CppClass<System.IDisposable>)]	0	System.IDisposable::Dispose	0x0600079F	RUNTIME_DISPATCH		EXACT	lookup(receiver, interface class, slot) reaches the dispatch pointer; slot = Il2CppMethodDefinition.slot
ES3Types.ES3Type_PhysicMaterial::ReadObject	CALL	v606 @ X0_v4 (System.Collections.IEnumerator)	[v295 @ X22_v1 (Il2CppClass<System.IDisposable>)]	0	System.IDisposable::Dispose	0x0600079F	RUNTIME_DISPATCH		EXACT	lookup(receiver, interface class, slot) reaches the dispatch pointer; slot = Il2CppMethodDefinition.slot
ES3Types.ES3Type_PhysicsMaterial2D::ReadObject	CALL	v453 @ X0_v4 (System.Collections.IEnumerator)	[v122 @ X23_v4 (Il2CppClass<System.IDisposable>)]	0	System.IDisposable::Dispose	0x0600079F	RUNTIME_DISPATCH		EXACT	lookup(receiver, interface class, slot) reaches the dispatch pointer; slot = Il2CppMethodDefinition.slot
ES3Types.ES3Type_PhysicsMaterial2D::ReadObject	CALL	v320 @ X0_v16	[v122 @ X23_v4 (Il2CppClass<System.IDisposable>)]	0	System.IDisposable::Dispose	0x0600079F	RUNTIME_DISPATCH		EXACT	lookup(receiver, interface class, slot) reaches the dispatch pointer; slot = Il2CppMethodDefinition.slot
ES3Types.ES3Type_RectTransform::ReadComponent	CALL	v1430 @ X0_v4 (System.Collections.IEnumerator)	[v433 @ X22_v1 (Il2CppClass<System.IDisposable>)]	0	System.IDisposable::Dispose	0x0600079F	RUNTIME_DISPATCH		EXACT	lookup(receiver, interface class, slot) reaches the dispatch pointer; slot = Il2CppMethodDefinition.slot
ES3Types.ES3Type_RenderTexture::ReadObject	CALL	v1458 @ X0_v4 (System.Collections.IEnumerator)	[v330 @ X22_v1 (Il2CppClass<System.IDisposable>)]	0	System.IDisposable::Dispose	0x0600079F	RUNTIME_DISPATCH		EXACT	lookup(receiver, interface class, slot) reaches the dispatch pointer; slot = Il2CppMethodDefinition.slot
ES3Types.ES3Type_Shader::ReadInto	CALL	v462 @ X0_v4 (System.Collections.IEnumerator)	[v272 @ X22_v1 (Il2CppClass<System.IDisposable>)]	0	System.IDisposable::Dispose	0x0600079F	RUNTIME_DISPATCH		EXACT	lookup(receiver, interface class, slot) reaches the dispatch pointer; slot = Il2CppMethodDefinition.slot
ES3Types.ES3Type_SkinnedMeshRenderer::ReadComponent	CALL	v1345 @ X0_v4 (System.Collections.IEnumerator)	[v314 @ X22_v1 (Il2CppClass<System.IDisposable>)]	0	System.IDisposable::Dispose	0x0600079F	RUNTIME_DISPATCH		EXACT	lookup(receiver, interface class, slot) reaches the dispatch pointer; slot = Il2CppMethodDefinition.slot
ES3Types.ES3Type_Sprite::ReadUnityObject	CALL	v294 @ X0_v4 (System.Collections.IEnumerator)	[v113 @ X21_v1 (Il2CppClass<System.IDisposable>)]	0	System.IDisposable::Dispose	0x0600079F	RUNTIME_DISPATCH		EXACT	lookup(receiver, interface class, slot) reaches the dispatch pointer; slot = Il2CppMethodDefinition.slot
ES3Types.ES3Type_Sprite::ReadUnityObject	CALL	v239 @ X0_v16	[v112 @ X21_v3 (Il2CppClass<System.IDisposable>)]	0	System.IDisposable::Dispose	0x0600079F	RUNTIME_DISPATCH		EXACT	lookup(receiver, interface class, slot) reaches the dispatch pointer; slot = Il2CppMethodDefinition.slot
ES3Types.ES3Type_Sprite::ReadUnityObject	CALL	v676 @ X0_v7 (System.Collections.IEnumerator)	[v338 @ X23_v1 (Il2CppClass<System.IDisposable>)]	0	System.IDisposable::Dispose	0x0600079F	RUNTIME_DISPATCH		EXACT	lookup(receiver, interface class, slot) reaches the dispatch pointer; slot = Il2CppMethodDefinition.slot
ES3Types.ES3Type_SpriteRenderer::ReadComponent	CALL	v1448 @ X0_v4 (System.Collections.IEnumerator)	[v383 @ X22_v1 (Il2CppClass<System.IDisposable>)]	0	System.IDisposable::Dispose	0x0600079F	RUNTIME_DISPATCH		EXACT	lookup(receiver, interface class, slot) reaches the dispatch pointer; slot = Il2CppMethodDefinition.slot
ES3Internal.AESEncryptionAlgorithm::Encrypt	CALL	v286 @ X24_v9 (System.Security.Cryptography.CryptoStream)	[v135 @ X26_v1 (Il2CppClass<System.IDisposable>)]	0	System.IDisposable::Dispose	0x0600079F	RUNTIME_DISPATCH		EXACT	lookup(receiver, interface class, slot) reaches the dispatch pointer; slot = Il2CppMethodDefinition.slot
ES3Internal.AESEncryptionAlgorithm::Encrypt	CALL	v306 @ X20_v12 (System.Security.Cryptography.ICryptoTransform)	[v135 @ X26_v1 (Il2CppClass<System.IDisposable>)]	0	System.IDisposable::Dispose	0x0600079F	RUNTIME_DISPATCH		EXACT	lookup(receiver, interface class, slot) reaches the dispatch pointer; slot = Il2CppMethodDefinition.slot
ES3Internal.AESEncryptionAlgorithm::Encrypt	CALL	v157 @ X19_v2 (System.Security.Cryptography.Aes)	[v135 @ X26_v1 (Il2CppClass<System.IDisposable>)]	0	System.IDisposable::Dispose	0x0600079F	RUNTIME_DISPATCH		EXACT	lookup(receiver, interface class, slot) reaches the dispatch pointer; slot = Il2CppMethodDefinition.slot
ES3Internal.AESEncryptionAlgorithm::Encrypt	CALL	v286 @ X24_v9 (System.Security.Cryptography.CryptoStream)	[v135 @ X26_v1 (Il2CppClass<System.IDisposable>)]	0	System.IDisposable::Dispose	0x0600079F	RUNTIME_DISPATCH		EXACT	lookup(receiver, interface class, slot) reaches the dispatch pointer; slot = Il2CppMethodDefinition.slot
ES3Internal.AESEncryptionAlgorithm::Encrypt	CALL	v306 @ X20_v12 (System.Security.Cryptography.ICryptoTransform)	[v135 @ X26_v1 (Il2CppClass<System.IDisposable>)]	0	System.IDisposable::Dispose	0x0600079F	RUNTIME_DISPATCH		EXACT	lookup(receiver, interface class, slot) reaches the dispatch pointer; slot = Il2CppMethodDefinition.slot
ES3Internal.AESEncryptionAlgorithm::Encrypt	CALL	v157 @ X19_v2 (System.Security.Cryptography.Aes)	[v135 @ X26_v1 (Il2CppClass<System.IDisposable>)]	0	System.IDisposable::Dispose	0x0600079F	RUNTIME_DISPATCH		EXACT	lookup(receiver, interface class, slot) reaches the dispatch pointer; slot = Il2CppMethodDefinition.slot
ES3Internal.ES3JSONReader::ReadElement	CALL	v581 @ X19_v7 (System.IO.StreamWriter)	[v623 @ X23_v5 (Il2CppClass<System.IDisposable>)]	0	System.IDisposable::Dispose	0x0600079F	RUNTIME_DISPATCH		EXACT	lookup(receiver, interface class, slot) reaches the dispatch pointer; slot = Il2CppMethodDefinition.slot
ES3Internal.ES3JSONReader::ReadElement	CALL	v581 @ X19_v7 (System.IO.StreamWriter)	[v623 @ X23_v5 (Il2CppClass<System.IDisposable>)]	0	System.IDisposable::Dispose	0x0600079F	RUNTIME_DISPATCH		EXACT	lookup(receiver, interface class, slot) reaches the dispatch pointer; slot = Il2CppMethodDefinition.slot
Sirenix.Serialization.MethodInfoFormatter`1::DeserializeImplementation	CALL	v1133 @ X0_v463	v2129 @ X1_v168 (Il2CppClass<Sirenix.Serialization.IFormatter`1<T>>)	1	Sirenix.Serialization.IFormatter`1::Deserialize	0x060002A2	RUNTIME_DISPATCH	T	EXACT	lookup(receiver, interface class, slot) reaches the dispatch pointer; slot = Il2CppMethodDefinition.slot
Sirenix.Serialization.QueueFormatter`2::DeserializeImplementation	CALL	reader @ X2 (Sirenix.Serialization.IDataReader)	[v407 @ X25_v24 (Il2CppClass<Sirenix.Serialization.IDataReader>)]	37	Sirenix.Serialization.IDataReader::SkipEntry	0x0600015E	RUNTIME_DISPATCH		EXACT	lookup(receiver, interface class, slot) reaches the dispatch pointer; slot = Il2CppMethodDefinition.slot
Sirenix.Serialization.StackFormatter`2::DeserializeImplementation	CALL	reader @ X2 (Sirenix.Serialization.IDataReader)	[v407 @ X25_v24 (Il2CppClass<Sirenix.Serialization.IDataReader>)]	37	Sirenix.Serialization.IDataReader::SkipEntry	0x0600015E	RUNTIME_DISPATCH		EXACT	lookup(receiver, interface class, slot) reaches the dispatch pointer; slot = Il2CppMethodDefinition.slot
Sirenix.Serialization.StackFormatter`2::SerializeImplementation	CALL	v391 @ X0_v86 (Sirenix.Serialization.Utilities.Cache`1<System.Collections.Generic.List`1<TValue>>)	[v530 @ X29_v3 (Il2CppClass<System.IDisposable>)]	0	System.IDisposable::Dispose	0x0600079F	RUNTIME_DISPATCH		EXACT	lookup(receiver, interface class, slot) reaches the dispatch pointer; slot = Il2CppMethodDefinition.slot
Sirenix.Serialization.ArrayListFormatter::DeserializeImplementation	CALL	reader @ X2 (Sirenix.Serialization.IDataReader)	[v385 @ X24_v23 (Il2CppClass<Sirenix.Serialization.IDataReader>)]	37	Sirenix.Serialization.IDataReader::SkipEntry	0x0600015E	RUNTIME_DISPATCH		EXACT	lookup(receiver, interface class, slot) reaches the dispatch pointer; slot = Il2CppMethodDefinition.slot
Sirenix.Serialization.DerivedDictionaryFormatter`3::DeserializeImplementation	CALL	reader @ X2 (Sirenix.Serialization.IDataReader)	[v1644 @ X20_v9 (Il2CppClass<Sirenix.Serialization.IDataReader>)]	37	Sirenix.Serialization.IDataReader::SkipEntry	0x0600015E	RUNTIME_DISPATCH		EXACT	lookup(receiver, interface class, slot) reaches the dispatch pointer; slot = Il2CppMethodDefinition.slot
Sirenix.Serialization.DerivedDictionaryFormatter`3::DeserializeImplementation	CALL	reader @ X2 (Sirenix.Serialization.IDataReader)	[v1644 @ X20_v9 (Il2CppClass<Sirenix.Serialization.IDataReader>)]	12	Sirenix.Serialization.IDataReader::ExitNode	0x06000145	RUNTIME_DISPATCH		EXACT	lookup(receiver, interface class, slot) reaches the dispatch pointer; slot = Il2CppMethodDefinition.slot
Sirenix.Serialization.DerivedDictionaryFormatter`3::DeserializeImplementation	CALL	reader @ X2 (Sirenix.Serialization.IDataReader)	[v1644 @ X20_v9 (Il2CppClass<Sirenix.Serialization.IDataReader>)]	14	Sirenix.Serialization.IDataReader::ExitArray	0x06000147	RUNTIME_DISPATCH		EXACT	lookup(receiver, interface class, slot) reaches the dispatch pointer; slot = Il2CppMethodDefinition.slot
Sirenix.Serialization.DictionaryFormatter`2::DeserializeImplementation	CALL	reader @ X2 (Sirenix.Serialization.IDataReader)	[v1507 @ X20_v9 (Il2CppClass<Sirenix.Serialization.IDataReader>)]	37	Sirenix.Serialization.IDataReader::SkipEntry	0x0600015E	RUNTIME_DISPATCH		EXACT	lookup(receiver, interface class, slot) reaches the dispatch pointer; slot = Il2CppMethodDefinition.slot
Sirenix.Serialization.DictionaryFormatter`2::DeserializeImplementation	CALL	reader @ X2 (Sirenix.Serialization.IDataReader)	[v1507 @ X20_v9 (Il2CppClass<Sirenix.Serialization.IDataReader>)]	12	Sirenix.Serialization.IDataReader::ExitNode	0x06000145	RUNTIME_DISPATCH		EXACT	lookup(receiver, interface class, slot) reaches the dispatch pointer; slot = Il2CppMethodDefinition.slot
Sirenix.Serialization.DictionaryFormatter`2::DeserializeImplementation	CALL	reader @ X2 (Sirenix.Serialization.IDataReader)	[v1507 @ X20_v9 (Il2CppClass<Sirenix.Serialization.IDataReader>)]	14	Sirenix.Serialization.IDataReader::ExitArray	0x06000147	RUNTIME_DISPATCH		EXACT	lookup(receiver, interface class, slot) reaches the dispatch pointer; slot = Il2CppMethodDefinition.slot
Sirenix.Serialization.DoubleLookupDictionaryFormatter`3::DeserializeImplementation	CALL	reader @ X2 (Sirenix.Serialization.IDataReader)	[v1460 @ X20_v8 (Il2CppClass<Sirenix.Serialization.IDataReader>)]	14	Sirenix.Serialization.IDataReader::ExitArray	0x06000147	RUNTIME_DISPATCH		EXACT	lookup(receiver, interface class, slot) reaches the dispatch pointer; slot = Il2CppMethodDefinition.slot
Sirenix.Serialization.DoubleLookupDictionaryFormatter`3::DeserializeImplementation	CALL	reader @ X2 (Sirenix.Serialization.IDataReader)	[v1460 @ X20_v8 (Il2CppClass<Sirenix.Serialization.IDataReader>)]	37	Sirenix.Serialization.IDataReader::SkipEntry	0x0600015E	RUNTIME_DISPATCH		EXACT	lookup(receiver, interface class, slot) reaches the dispatch pointer; slot = Il2CppMethodDefinition.slot
Sirenix.Serialization.DoubleLookupDictionaryFormatter`3::DeserializeImplementation	CALL	reader @ X2 (Sirenix.Serialization.IDataReader)	[v1460 @ X20_v8 (Il2CppClass<Sirenix.Serialization.IDataReader>)]	12	Sirenix.Serialization.IDataReader::ExitNode	0x06000145	RUNTIME_DISPATCH		EXACT	lookup(receiver, interface class, slot) reaches the dispatch pointer; slot = Il2CppMethodDefinition.slot
Sirenix.Serialization.DoubleLookupDictionaryFormatter`3::DeserializeImplementation	CALL	reader @ X2 (Sirenix.Serialization.IDataReader)	[v1460 @ X20_v8 (Il2CppClass<Sirenix.Serialization.IDataReader>)]	14	Sirenix.Serialization.IDataReader::ExitArray	0x06000147	RUNTIME_DISPATCH		EXACT	lookup(receiver, interface class, slot) reaches the dispatch pointer; slot = Il2CppMethodDefinition.slot
Sirenix.Serialization.GenericCollectionFormatter`2::DeserializeImplementation	CALL	v591 @ X25_v31 (TCollection)	v1637 @ X1_v84 (Il2CppClass<System.Collections.Generic.ICollection`1<TElement>>)	2	System.Collections.Generic.ICollection`1::Add	0x06002EBB	RUNTIME_DISPATCH	TElement	EXACT	lookup(receiver, interface class, slot) reaches the dispatch pointer; slot = Il2CppMethodDefinition.slot
Sirenix.Serialization.GenericCollectionFormatter`2::DeserializeImplementation	CALL	reader @ X2 (Sirenix.Serialization.IDataReader)	[v343 @ X20_v27 (Il2CppClass<Sirenix.Serialization.IDataReader>)]	14	Sirenix.Serialization.IDataReader::ExitArray	0x06000147	RUNTIME_DISPATCH		EXACT	lookup(receiver, interface class, slot) reaches the dispatch pointer; slot = Il2CppMethodDefinition.slot
Sirenix.Serialization.GenericCollectionFormatter`2::DeserializeImplementation	CALL	reader @ X2 (Sirenix.Serialization.IDataReader)	[v343 @ X20_v27 (Il2CppClass<Sirenix.Serialization.IDataReader>)]	37	Sirenix.Serialization.IDataReader::SkipEntry	0x0600015E	RUNTIME_DISPATCH		EXACT	lookup(receiver, interface class, slot) reaches the dispatch pointer; slot = Il2CppMethodDefinition.slot
Sirenix.Serialization.GenericCollectionFormatter`2::SerializeImplementation	CALL	v128 @ X22_v15 (TCollection)	v125 @ X1_v22 (Il2CppClass<System.Collections.Generic.ICollection`1<TElement>>)	0	System.Collections.Generic.ICollection`1::get_Count	0x06002EB9	RUNTIME_DISPATCH	TElement	EXACT	lookup(receiver, interface class, slot) reaches the dispatch pointer; slot = Il2CppMethodDefinition.slot
Sirenix.Serialization.GenericCollectionFormatter`2::SerializeImplementation	CALL	v425 @ X22_v18 (TCollection)	v564 @ X1_v27 (Il2CppClass<System.Collections.Generic.IEnumerable`1<TElement>>)	0	System.Collections.Generic.IEnumerable`1::GetEnumerator	0x06002EC8	RUNTIME_DISPATCH	TElement	EXACT	lookup(receiver, interface class, slot) reaches the dispatch pointer; slot = Il2CppMethodDefinition.slot
Sirenix.Serialization.GenericCollectionFormatter`2::SerializeImplementation	CALL	v417 @ X0_v73 (System.Collections.IEnumerator)	v1149 @ X1_v33 (Il2CppClass<System.Collections.Generic.IEnumerator`1<TElement>>)	0	System.Collections.Generic.IEnumerator`1::get_Current	0x06002EC9	RUNTIME_DISPATCH	TElement	EXACT	lookup(receiver, interface class, slot) reaches the dispatch pointer; slot = Il2CppMethodDefinition.slot
Sirenix.Serialization.GenericCollectionFormatter`2::SerializeImplementation	CALL	v417 @ X0_v73 (System.Collections.IEnumerator)	[v460 @ X24_v4 (Il2CppClass<System.IDisposable>)]	0	System.IDisposable::Dispose	0x0600079F	RUNTIME_DISPATCH		EXACT	lookup(receiver, interface class, slot) reaches the dispatch pointer; slot = Il2CppMethodDefinition.slot
Sirenix.Serialization.GenericCollectionFormatter`2::SerializeImplementation	CALL	v417 @ X0_v73 (System.Collections.IEnumerator)	[v460 @ X24_v4 (Il2CppClass<System.IDisposable>)]	0	System.IDisposable::Dispose	0x0600079F	RUNTIME_DISPATCH		EXACT	lookup(receiver, interface class, slot) reaches the dispatch pointer; slot = Il2CppMethodDefinition.slot
Sirenix.Serialization.HashSetFormatter`1::DeserializeImplementation	CALL	reader @ X2 (Sirenix.Serialization.IDataReader)	[v409 @ X24_v24 (Il2CppClass<Sirenix.Serialization.IDataReader>)]	37	Sirenix.Serialization.IDataReader::SkipEntry	0x0600015E	RUNTIME_DISPATCH		EXACT	lookup(receiver, interface class, slot) reaches the dispatch pointer; slot = Il2CppMethodDefinition.slot
Sirenix.Serialization.ListFormatter`1::DeserializeImplementation	CALL	reader @ X2 (Sirenix.Serialization.IDataReader)	[v409 @ X25_v24 (Il2CppClass<Sirenix.Serialization.IDataReader>)]	37	Sirenix.Serialization.IDataReader::SkipEntry	0x0600015E	RUNTIME_DISPATCH		EXACT	lookup(receiver, interface class, slot) reaches the dispatch pointer; slot = Il2CppMethodDefinition.slot
Sirenix.Serialization.MultiDimensionalArrayFormatter`2::DeserializeImplementation	CALL	v803 @ X19_v10 (Sirenix.Serialization.IDataReader)	v790 @ X1_v14 (Il2CppClass<Sirenix.Serialization.IDataReader>)	37	Sirenix.Serialization.IDataReader::SkipEntry	0x0600015E	RUNTIME_DISPATCH		EXACT	lookup(receiver, interface class, slot) reaches the dispatch pointer; slot = Il2CppMethodDefinition.slot
Sirenix.Serialization.MultiDimensionalArrayFormatter`2::SerializeImplementation	CALL	v185 @ X19_v4 (Sirenix.Serialization.IDataWriter)	[v435 @ X26_v4 (Il2CppClass<Sirenix.Serialization.IDataWriter>)]	13	Sirenix.Serialization.IDataWriter::EndArrayNode	0x0600016D	RUNTIME_DISPATCH		EXACT	lookup(receiver, interface class, slot) reaches the dispatch pointer; slot = Il2CppMethodDefinition.slot
Sirenix.Serialization.MultiDimensionalArrayFormatter`2::SerializeImplementation	CALL	v630.writer (Sirenix.Serialization.IDataWriter)	[v435 @ X26_v4 (Il2CppClass<Sirenix.Serialization.IDataWriter>)]	13	Sirenix.Serialization.IDataWriter::EndArrayNode	0x0600016D	RUNTIME_DISPATCH		EXACT	lookup(receiver, interface class, slot) reaches the dispatch pointer; slot = Il2CppMethodDefinition.slot
Sirenix.Serialization.SerializableFormatter`1::ReadSerializationInfo	CALL	reader @ X1 (Sirenix.Serialization.IDataReader)	[v216 @ X23_v1 (Il2CppClass<Sirenix.Serialization.IDataReader>)]	14	Sirenix.Serialization.IDataReader::ExitArray	0x06000147	RUNTIME_DISPATCH		EXACT	lookup(receiver, interface class, slot) reaches the dispatch pointer; slot = Il2CppMethodDefinition.slot
Sirenix.Serialization.SerializableFormatter`1::ReadSerializationInfo	CALL	reader @ X1 (Sirenix.Serialization.IDataReader)	[v216 @ X23_v1 (Il2CppClass<Sirenix.Serialization.IDataReader>)]	14	Sirenix.Serialization.IDataReader::ExitArray	0x06000147	RUNTIME_DISPATCH		EXACT	lookup(receiver, interface class, slot) reaches the dispatch pointer; slot = Il2CppMethodDefinition.slot
Sirenix.Serialization.Utilities.LinqExtensions::ForEach	CALL	source @ X0 (System.Collections.Generic.IEnumerable`1<T>)	Type: Il2CppClass<System.Collections.Generic.IEnumerable`1<T>>	0	System.Collections.Generic.IEnumerable`1::GetEnumerator	0x06002EC8	RUNTIME_DISPATCH	T	EXACT	lookup(receiver, interface class, slot) reaches the dispatch pointer; slot = Il2CppMethodDefinition.slot
Sirenix.Serialization.Utilities.LinqExtensions::ForEach	CALL	source @ X0 (System.Collections.Generic.IEnumerable`1<T>)	Type: Il2CppClass<System.Collections.Generic.IEnumerable`1<T>>	0	System.Collections.Generic.IEnumerable`1::GetEnumerator	0x06002EC8	RUNTIME_DISPATCH	T	EXACT	lookup(receiver, interface class, slot) reaches the dispatch pointer; slot = Il2CppMethodDefinition.slot
Sirenix.Serialization.Utilities.TypeExtensions::GetCastMethod	CALL	v164 @ X0_v14	[v155 @ X28_v5 (Il2CppClass<System.Collections.Generic.IEnumerable`1<System.Reflection.MethodInfo>>)]	0	System.Collections.Generic.IEnumerable`1::GetEnumerator	0x06002EC8	RUNTIME_DISPATCH	System.Reflection.MethodInfo	EXACT	lookup(receiver, interface class, slot) reaches the dispatch pointer; slot = Il2CppMethodDefinition.slot
Sirenix.Serialization.Utilities.ImmutableList`1::get_Count	TAIL	v4 @ X19_v1 (System.Collections.Generic.IList`1<T>)	v33 @ X1_v2 (Il2CppClass<System.Collections.Generic.ICollection`1<T>>)	0	System.Collections.Generic.ICollection`1::get_Count	0x06002EB9	RUNTIME_DISPATCH	T	EXACT	lookup(receiver, interface class, slot) reaches the dispatch pointer; slot = Il2CppMethodDefinition.slot
Sirenix.Serialization.Utilities.ImmutableList`1::CopyTo	TAIL	v8 @ X21_v1 (System.Collections.Generic.IList`1<T>)	v39 @ X1_v2 (Il2CppClass<System.Collections.Generic.ICollection`1<T>>)	5	System.Collections.Generic.ICollection`1::CopyTo	0x06002EBE	RUNTIME_DISPATCH	T	EXACT	lookup(receiver, interface class, slot) reaches the dispatch pointer; slot = Il2CppMethodDefinition.slot
Sirenix.Serialization.Utilities.ImmutableList`1::GetEnumerator	TAIL	v4 @ X19_v1 (System.Collections.Generic.IList`1<T>)	v33 @ X1_v2 (Il2CppClass<System.Collections.Generic.IEnumerable`1<T>>)	0	System.Collections.Generic.IEnumerable`1::GetEnumerator	0x06002EC8	RUNTIME_DISPATCH	T	EXACT	lookup(receiver, interface class, slot) reaches the dispatch pointer; slot = Il2CppMethodDefinition.slot
Sirenix.Serialization.Utilities.ImmutableList`1::System.Collections.ICollection.CopyTo	TAIL	v14 @ X20_v1 (System.Collections.Generic.IList`1<T>)	v46 @ X21_v2 (Il2CppClass<System.Collections.Generic.ICollection`1<T>>)	5	System.Collections.Generic.ICollection`1::CopyTo	0x06002EBE	RUNTIME_DISPATCH	T	EXACT	lookup(receiver, interface class, slot) reaches the dispatch pointer; slot = Il2CppMethodDefinition.slot
CinemachineMixer::ProcessFrame	CALL	v210 @ X22_v5 (Cinemachine.ICameraOverrideStack)	[v220 @ X26_v5 (Il2CppClass<Cinemachine.ICameraOverrideStack>)]	0	Cinemachine.ICameraOverrideStack::SetCameraOverride	0x06000040	RUNTIME_DISPATCH		EXACT	lookup(receiver, interface class, slot) reaches the dispatch pointer; slot = Il2CppMethodDefinition.slot
Cinemachine.CinemachineVirtualCamera::OnDestroy	CALL	v419 @ X0_v6 (System.Collections.IEnumerator)	[v207 @ X23_v3 (Il2CppClass<System.IDisposable>)]	0	System.IDisposable::Dispose	0x0600079F	RUNTIME_DISPATCH		EXACT	lookup(receiver, interface class, slot) reaches the dispatch pointer; slot = Il2CppMethodDefinition.slot
Cinemachine.CinemachineVirtualCamera::OnDestroy	CALL	v361 @ X0_v19	[v207 @ X23_v3 (Il2CppClass<System.IDisposable>)]	0	System.IDisposable::Dispose	0x0600079F	RUNTIME_DISPATCH		EXACT	lookup(receiver, interface class, slot) reaches the dispatch pointer; slot = Il2CppMethodDefinition.slot
Cinemachine.CinemachineVirtualCamera::DestroyPipeline	CALL	v546 @ X0_v8 (System.Collections.IEnumerator)	[v300 @ X25_v4 (Il2CppClass<System.IDisposable>)]	0	System.IDisposable::Dispose	0x0600079F	RUNTIME_DISPATCH		EXACT	lookup(receiver, interface class, slot) reaches the dispatch pointer; slot = Il2CppMethodDefinition.slot
Cinemachine.CinemachineVirtualCamera::DestroyPipeline	CALL	v546 @ X0_v8 (System.Collections.IEnumerator)	[v300 @ X25_v4 (Il2CppClass<System.IDisposable>)]	0	System.IDisposable::Dispose	0x0600079F	RUNTIME_DISPATCH		EXACT	lookup(receiver, interface class, slot) reaches the dispatch pointer; slot = Il2CppMethodDefinition.slot
Cinemachine.CinemachineVirtualCamera::UpdateComponentPipeline	CALL	v638 @ X0_v66	[v235 @ X27_v5 (Il2CppClass<System.IDisposable>)]	0	System.IDisposable::Dispose	0x0600079F	RUNTIME_DISPATCH		EXACT	lookup(receiver, interface class, slot) reaches the dispatch pointer; slot = Il2CppMethodDefinition.slot
Cinemachine.CinemachineBlend::get_State	CALL	v961 @ X20_v8 (Cinemachine.ICinemachineCamera)	v957 @ X1_v8 (Il2CppClass<Cinemachine.ICinemachineCamera>)	8	Cinemachine.ICinemachineCamera::get_State	0x06000393	RUNTIME_DISPATCH		EXACT	lookup(receiver, interface class, slot) reaches the dispatch pointer; slot = Il2CppMethodDefinition.slot
Cinemachine.CinemachineImpulseDefinition::CreateStandardShapes	CALL	v1638 @ X0_v11 (System.Collections.IEnumerator)	[v1468 @ X22_v5 (Il2CppClass<System.IDisposable>)]	0	System.IDisposable::Dispose	0x0600079F	RUNTIME_DISPATCH		EXACT	lookup(receiver, interface class, slot) reaches the dispatch pointer; slot = Il2CppMethodDefinition.slot
Cinemachine.CinemachineImpulseDefinition::CreateStandardShapes	CALL	v1587 @ X0_v86	[v1468 @ X22_v5 (Il2CppClass<System.IDisposable>)]	0	System.IDisposable::Dispose	0x0600079F	RUNTIME_DISPATCH		EXACT	lookup(receiver, interface class, slot) reaches the dispatch pointer; slot = Il2CppMethodDefinition.slot
Sirenix.Utilities.LinqExtensions::ForEach	CALL	source @ X0 (System.Collections.Generic.IEnumerable`1<T>)	Type: Il2CppClass<System.Collections.Generic.IEnumerable`1<T>>	0	System.Collections.Generic.IEnumerable`1::GetEnumerator	0x06002EC8	RUNTIME_DISPATCH	T	EXACT	lookup(receiver, interface class, slot) reaches the dispatch pointer; slot = Il2CppMethodDefinition.slot
Sirenix.Utilities.LinqExtensions::ForEach	CALL	source @ X0 (System.Collections.Generic.IEnumerable`1<T>)	Type: Il2CppClass<System.Collections.Generic.IEnumerable`1<T>>	0	System.Collections.Generic.IEnumerable`1::GetEnumerator	0x06002EC8	RUNTIME_DISPATCH	T	EXACT	lookup(receiver, interface class, slot) reaches the dispatch pointer; slot = Il2CppMethodDefinition.slot
Sirenix.Utilities.LinqExtensions::AddRange	CALL	range @ X1 (System.Collections.Generic.IEnumerable`1<T>)	Type: Il2CppClass<System.Collections.Generic.IEnumerable`1<T>>	0	System.Collections.Generic.IEnumerable`1::GetEnumerator	0x06002EC8	RUNTIME_DISPATCH	T	EXACT	lookup(receiver, interface class, slot) reaches the dispatch pointer; slot = Il2CppMethodDefinition.slot
Sirenix.Utilities.LinqExtensions::IsNullOrEmpty	CALL	list @ X0 (System.Collections.Generic.IList`1<T>)	v45 @ X1_v3 (Il2CppClass<System.Collections.Generic.ICollection`1<T>>)	0	System.Collections.Generic.ICollection`1::get_Count	0x06002EB9	RUNTIME_DISPATCH	T	EXACT	lookup(receiver, interface class, slot) reaches the dispatch pointer; slot = Il2CppMethodDefinition.slot
Sirenix.Utilities.LinqExtensions::Populate	CALL	list @ X0 (System.Collections.Generic.IList`1<T>)	v73 @ X1_v3 (Il2CppClass<System.Collections.Generic.ICollection`1<T>>)	0	System.Collections.Generic.ICollection`1::get_Count	0x06002EB9	RUNTIME_DISPATCH	T	EXACT	lookup(receiver, interface class, slot) reaches the dispatch pointer; slot = Il2CppMethodDefinition.slot
Sirenix.Utilities.TypeExtensions::GetCastMethod	CALL	v164 @ X0_v14	[v155 @ X28_v5 (Il2CppClass<System.Collections.Generic.IEnumerable`1<System.Reflection.MethodInfo>>)]	0	System.Collections.Generic.IEnumerable`1::GetEnumerator	0x06002EC8	RUNTIME_DISPATCH	System.Reflection.MethodInfo	EXACT	lookup(receiver, interface class, slot) reaches the dispatch pointer; slot = Il2CppMethodDefinition.slot
Sirenix.Utilities.ImmutableList`1::get_Count	TAIL	v4 @ X19_v1 (System.Collections.Generic.IList`1<T>)	v33 @ X1_v2 (Il2CppClass<System.Collections.Generic.ICollection`1<T>>)	0	System.Collections.Generic.ICollection`1::get_Count	0x06002EB9	RUNTIME_DISPATCH	T	EXACT	lookup(receiver, interface class, slot) reaches the dispatch pointer; slot = Il2CppMethodDefinition.slot
Sirenix.Utilities.ImmutableList`1::CopyTo	TAIL	v8 @ X21_v1 (System.Collections.Generic.IList`1<T>)	v39 @ X1_v2 (Il2CppClass<System.Collections.Generic.ICollection`1<T>>)	5	System.Collections.Generic.ICollection`1::CopyTo	0x06002EBE	RUNTIME_DISPATCH	T	EXACT	lookup(receiver, interface class, slot) reaches the dispatch pointer; slot = Il2CppMethodDefinition.slot
Sirenix.Utilities.ImmutableList`1::GetEnumerator	TAIL	v4 @ X19_v1 (System.Collections.Generic.IList`1<T>)	v33 @ X1_v2 (Il2CppClass<System.Collections.Generic.IEnumerable`1<T>>)	0	System.Collections.Generic.IEnumerable`1::GetEnumerator	0x06002EC8	RUNTIME_DISPATCH	T	EXACT	lookup(receiver, interface class, slot) reaches the dispatch pointer; slot = Il2CppMethodDefinition.slot
Sirenix.Utilities.ImmutableList`1::System.Collections.ICollection.CopyTo	TAIL	v14 @ X20_v1 (System.Collections.Generic.IList`1<T>)	v46 @ X21_v2 (Il2CppClass<System.Collections.Generic.ICollection`1<T>>)	5	System.Collections.Generic.ICollection`1::CopyTo	0x06002EBE	RUNTIME_DISPATCH	T	EXACT	lookup(receiver, interface class, slot) reaches the dispatch pointer; slot = Il2CppMethodDefinition.slot
Sirenix.Utilities.ListExtensions::SetLength	CALL	v201 @ X25_v8 (System.Collections.Generic.IList`1<T>)	v368 @ X1_v37 (Il2CppClass<System.Collections.Generic.ICollection`1<T>>)	0	System.Collections.Generic.ICollection`1::get_Count	0x06002EB9	RUNTIME_DISPATCH	T	EXACT	lookup(receiver, interface class, slot) reaches the dispatch pointer; slot = Il2CppMethodDefinition.slot
Sirenix.Utilities.ListExtensions::SetLength	CALL	v295 @ X25_v9 (System.Collections.Generic.IList`1<T>)	v376 @ X1_v27 (Il2CppClass<System.Collections.Generic.ICollection`1<T>>)	0	System.Collections.Generic.ICollection`1::get_Count	0x06002EB9	RUNTIME_DISPATCH	T	EXACT	lookup(receiver, interface class, slot) reaches the dispatch pointer; slot = Il2CppMethodDefinition.slot
Sirenix.Utilities.ListExtensions::SetLength	CALL	v116 @ X22_v7 (System.Collections.Generic.IList`1<T>)	v308 @ X1_v16 (Il2CppClass<System.Collections.Generic.ICollection`1<T>>)	0	System.Collections.Generic.ICollection`1::get_Count	0x06002EB9	RUNTIME_DISPATCH	T	EXACT	lookup(receiver, interface class, slot) reaches the dispatch pointer; slot = Il2CppMethodDefinition.slot
Sirenix.Utilities.ListExtensions::SetLength	CALL	v116 @ X22_v7 (System.Collections.Generic.IList`1<T>)	v665 @ X1_v19 (Il2CppClass<System.Collections.Generic.IList`1<T>>)	4	System.Collections.Generic.IList`1::RemoveAt	0x06002ED0	RUNTIME_DISPATCH	T	EXACT	lookup(receiver, interface class, slot) reaches the dispatch pointer; slot = Il2CppMethodDefinition.slot
Sirenix.Utilities.ListExtensions::SetLength	CALL	v204 @ X25_v2 (System.Collections.Generic.IList`1<T>)	v797 @ X1_v10 (Il2CppClass<System.Collections.Generic.ICollection`1<T>>)	0	System.Collections.Generic.ICollection`1::get_Count	0x06002EB9	RUNTIME_DISPATCH	T	EXACT	lookup(receiver, interface class, slot) reaches the dispatch pointer; slot = Il2CppMethodDefinition.slot
Sirenix.Utilities.ListExtensions::SetLength	CALL	v203 @ X24_v8 (System.Collections.Generic.IList`1<T>)	v372 @ X1_v35 (Il2CppClass<System.Collections.Generic.ICollection`1<T>>)	0	System.Collections.Generic.ICollection`1::get_Count	0x06002EB9	RUNTIME_DISPATCH	T	EXACT	lookup(receiver, interface class, slot) reaches the dispatch pointer; slot = Il2CppMethodDefinition.slot
Sirenix.Utilities.ListExtensions::SetLength	CALL	v351 @ X24_v9 (System.Collections.Generic.IList`1<T>)	v380 @ X1_v26 (Il2CppClass<System.Collections.Generic.ICollection`1<T>>)	0	System.Collections.Generic.ICollection`1::get_Count	0x06002EB9	RUNTIME_DISPATCH	T	EXACT	lookup(receiver, interface class, slot) reaches the dispatch pointer; slot = Il2CppMethodDefinition.slot
Sirenix.Utilities.ListExtensions::SetLength	CALL	v225 @ X22_v7 (System.Collections.Generic.IList`1<T>)	v364 @ X1_v15 (Il2CppClass<System.Collections.Generic.ICollection`1<T>>)	0	System.Collections.Generic.ICollection`1::get_Count	0x06002EB9	RUNTIME_DISPATCH	T	EXACT	lookup(receiver, interface class, slot) reaches the dispatch pointer; slot = Il2CppMethodDefinition.slot
Sirenix.Utilities.ListExtensions::SetLength	CALL	v225 @ X22_v7 (System.Collections.Generic.IList`1<T>)	v668 @ X1_v18 (Il2CppClass<System.Collections.Generic.IList`1<T>>)	4	System.Collections.Generic.IList`1::RemoveAt	0x06002ED0	RUNTIME_DISPATCH	T	EXACT	lookup(receiver, interface class, slot) reaches the dispatch pointer; slot = Il2CppMethodDefinition.slot
Sirenix.Utilities.ListExtensions::SetLength	CALL	v206 @ X24_v2 (System.Collections.Generic.IList`1<T>)	v816 @ X1_v9 (Il2CppClass<System.Collections.Generic.ICollection`1<T>>)	0	System.Collections.Generic.ICollection`1::get_Count	0x06002EB9	RUNTIME_DISPATCH	T	EXACT	lookup(receiver, interface class, slot) reaches the dispatch pointer; slot = Il2CppMethodDefinition.slot
Sirenix.Utilities.ListExtensions::SetLength	CALL	list @ X0 (System.Collections.Generic.IList`1<T>)	v234 @ X1_v13 (Il2CppClass<System.Collections.Generic.ICollection`1<T>>)	0	System.Collections.Generic.ICollection`1::get_Count	0x06002EB9	RUNTIME_DISPATCH	T	EXACT	lookup(receiver, interface class, slot) reaches the dispatch pointer; slot = Il2CppMethodDefinition.slot
Sirenix.Utilities.ListExtensions::SetLength	CALL	list @ X0 (System.Collections.Generic.IList`1<T>)	v590 @ X1_v20 (Il2CppClass<System.Collections.Generic.ICollection`1<T>>)	0	System.Collections.Generic.ICollection`1::get_Count	0x06002EB9	RUNTIME_DISPATCH	T	EXACT	lookup(receiver, interface class, slot) reaches the dispatch pointer; slot = Il2CppMethodDefinition.slot
Sirenix.Utilities.ListExtensions::SetLength	CALL	list @ X0 (System.Collections.Generic.IList`1<T>)	v690 @ X1_v23 (Il2CppClass<System.Collections.Generic.IList`1<T>>)	4	System.Collections.Generic.IList`1::RemoveAt	0x06002ED0	RUNTIME_DISPATCH	T	EXACT	lookup(receiver, interface class, slot) reaches the dispatch pointer; slot = Il2CppMethodDefinition.slot
Sirenix.Utilities.ListExtensions::SetLength	CALL	list @ X0 (System.Collections.Generic.IList`1<T>)	v423 @ X1_v17 (Il2CppClass<System.Collections.Generic.ICollection`1<T>>)	0	System.Collections.Generic.ICollection`1::get_Count	0x06002EB9	RUNTIME_DISPATCH	T	EXACT	lookup(receiver, interface class, slot) reaches the dispatch pointer; slot = Il2CppMethodDefinition.slot
Sirenix.Utilities.ListExtensions::SetLength	CALL	list @ X0 (System.Collections.Generic.IList`1<T>)	v236 @ X1_v12 (Il2CppClass<System.Collections.Generic.ICollection`1<T>>)	0	System.Collections.Generic.ICollection`1::get_Count	0x06002EB9	RUNTIME_DISPATCH	T	EXACT	lookup(receiver, interface class, slot) reaches the dispatch pointer; slot = Il2CppMethodDefinition.slot
Sirenix.Utilities.ListExtensions::SetLength	CALL	list @ X0 (System.Collections.Generic.IList`1<T>)	v601 @ X1_v19 (Il2CppClass<System.Collections.Generic.ICollection`1<T>>)	0	System.Collections.Generic.ICollection`1::get_Count	0x06002EB9	RUNTIME_DISPATCH	T	EXACT	lookup(receiver, interface class, slot) reaches the dispatch pointer; slot = Il2CppMethodDefinition.slot
Sirenix.Utilities.ListExtensions::SetLength	CALL	list @ X0 (System.Collections.Generic.IList`1<T>)	v691 @ X1_v22 (Il2CppClass<System.Collections.Generic.IList`1<T>>)	4	System.Collections.Generic.IList`1::RemoveAt	0x06002ED0	RUNTIME_DISPATCH	T	EXACT	lookup(receiver, interface class, slot) reaches the dispatch pointer; slot = Il2CppMethodDefinition.slot
Sirenix.Utilities.ListExtensions::SetLength	CALL	list @ X0 (System.Collections.Generic.IList`1<T>)	v442 @ X1_v16 (Il2CppClass<System.Collections.Generic.ICollection`1<T>>)	0	System.Collections.Generic.ICollection`1::get_Count	0x06002EB9	RUNTIME_DISPATCH	T	EXACT	lookup(receiver, interface class, slot) reaches the dispatch pointer; slot = Il2CppMethodDefinition.slot
LayerMaskExtension::IncludesAll	CALL	v446 @ X19_v6 (System.Collections.Generic.IEnumerator`1<System.Int32>)	[v409 @ X22_v5 (Il2CppClass<System.IDisposable>)]	0	System.IDisposable::Dispose	0x0600079F	RUNTIME_DISPATCH		EXACT	lookup(receiver, interface class, slot) reaches the dispatch pointer; slot = Il2CppMethodDefinition.slot
LayerMaskExtension::IncludesAll	CALL	v206 @ X19_v4 (System.Collections.Generic.IEnumerator`1<System.Int32>)	[v166 @ X22_v3 (Il2CppClass<System.IDisposable>)]	0	System.IDisposable::Dispose	0x0600079F	RUNTIME_DISPATCH		EXACT	lookup(receiver, interface class, slot) reaches the dispatch pointer; slot = Il2CppMethodDefinition.slot
LayerMaskExtension::IncludesAny	CALL	v492 @ X19_v7 (System.Collections.Generic.IEnumerator`1<System.Int32>)	[v470 @ X22_v6 (Il2CppClass<System.IDisposable>)]	0	System.IDisposable::Dispose	0x0600079F	RUNTIME_DISPATCH		EXACT	lookup(receiver, interface class, slot) reaches the dispatch pointer; slot = Il2CppMethodDefinition.slot
LayerMaskExtension::IncludesAny	CALL	v206 @ X19_v5 (System.Collections.Generic.IEnumerator`1<System.Int32>)	[v166 @ X22_v4 (Il2CppClass<System.IDisposable>)]	0	System.IDisposable::Dispose	0x0600079F	RUNTIME_DISPATCH		EXACT	lookup(receiver, interface class, slot) reaches the dispatch pointer; slot = Il2CppMethodDefinition.slot
Mono.Security.X509.PKCS12::get_Keys	CALL	v736 @ X0_v9 (System.Collections.ArrayList)	[v94 @ X23_v4 (Il2CppClass<System.IDisposable>)]	0	System.IDisposable::Dispose	0x0600079F	RUNTIME_DISPATCH		EXACT	lookup(receiver, interface class, slot) reaches the dispatch pointer; slot = Il2CppMethodDefinition.slot
Mono.Security.X509.PKCS12::get_Certificates	CALL	v544 @ X0_v8 (System.Collections.IEnumerator)	[v318 @ X24_v5 (Il2CppClass<System.IDisposable>)]	0	System.IDisposable::Dispose	0x0600079F	RUNTIME_DISPATCH		EXACT	lookup(receiver, interface class, slot) reaches the dispatch pointer; slot = Il2CppMethodDefinition.slot
Mono.Security.X509.PKCS12::get_Certificates	CALL	v487 @ X0_v20	[v318 @ X24_v5 (Il2CppClass<System.IDisposable>)]	0	System.IDisposable::Dispose	0x0600079F	RUNTIME_DISPATCH		EXACT	lookup(receiver, interface class, slot) reaches the dispatch pointer; slot = Il2CppMethodDefinition.slot
Mono.Security.X509.PKCS12::GetExistingParameters	CALL	v228 @ X0_v6 (System.Security.Cryptography.DSAParameters)	[v156 @ X24_v1 (Il2CppClass<System.IDisposable>)]	0	System.IDisposable::Dispose	0x0600079F	RUNTIME_DISPATCH		EXACT	lookup(receiver, interface class, slot) reaches the dispatch pointer; slot = Il2CppMethodDefinition.slot
Mono.Security.X509.PKCS12::GetExistingParameters	CALL	v236 @ X0_v18	[v155 @ X24_v3 (Il2CppClass<System.IDisposable>)]	0	System.IDisposable::Dispose	0x0600079F	RUNTIME_DISPATCH		EXACT	lookup(receiver, interface class, slot) reaches the dispatch pointer; slot = Il2CppMethodDefinition.slot
Mono.Security.X509.PKCS12::RemoveCertificate	CALL	v709 @ X19_v16 (System.Collections.IDictionary)	[v706 @ X20_v18 (Il2CppClass<System.Collections.IDictionary>)]	0	System.Collections.IDictionary::get_Item	0x06002BBD	RUNTIME_DISPATCH		EXACT	lookup(receiver, interface class, slot) reaches the dispatch pointer; slot = Il2CppMethodDefinition.slot
Mono.Security.X509.X509Chain::FindCertificateParent	CALL	v193 @ X0_v6 (Mono.Security.X509.X509CertificateCollection+X509CertificateEnumerator)	[v112 @ X23_v2 (Il2CppClass<System.IDisposable>)]	0	System.IDisposable::Dispose	0x0600079F	RUNTIME_DISPATCH		EXACT	lookup(receiver, interface class, slot) reaches the dispatch pointer; slot = Il2CppMethodDefinition.slot
Mono.Security.X509.X509Chain::FindCertificateParent	CALL	v196 @ X0_v19	[v111 @ X23_v4 (Il2CppClass<System.IDisposable>)]	0	System.IDisposable::Dispose	0x0600079F	RUNTIME_DISPATCH		EXACT	lookup(receiver, interface class, slot) reaches the dispatch pointer; slot = Il2CppMethodDefinition.slot
Mono.Security.Authenticode.AuthenticodeDeformatter::VerifyCounterSignature	CALL	v1801 @ X0_v4 (System.String)	[v193 @ X29_v2 (Il2CppClass<System.IDisposable>)]	0	System.IDisposable::Dispose	0x0600079F	RUNTIME_DISPATCH		EXACT	lookup(receiver, interface class, slot) reaches the dispatch pointer; slot = Il2CppMethodDefinition.slot
Mono.Security.Authenticode.AuthenticodeDeformatter::VerifyCounterSignature	CALL	v1865 @ X0_v46 (Mono.Security.PKCS7+SignerInfo)	[v427 @ X26_v6 (Il2CppClass<System.IDisposable>)]	0	System.IDisposable::Dispose	0x0600079F	RUNTIME_DISPATCH		EXACT	lookup(receiver, interface class, slot) reaches the dispatch pointer; slot = Il2CppMethodDefinition.slot
Mono.Security.Authenticode.AuthenticodeDeformatter::VerifyCounterSignature	CALL	v1724 @ X0_v59 (Mono.Security.PKCS7+SignerInfo)	[v445 @ X29_v3 (Il2CppClass<System.IDisposable>)]	0	System.IDisposable::Dispose	0x0600079F	RUNTIME_DISPATCH		EXACT	lookup(receiver, interface class, slot) reaches the dispatch pointer; slot = Il2CppMethodDefinition.slot
Cysharp.Threading.Tasks.TaskPool`1::TryPop	CALL	v24 @ X21_v3 (T)	v121 @ X1_v4 (Il2CppClass<Cysharp.Threading.Tasks.ITaskPoolNode`1<T>>)	0	Cysharp.Threading.Tasks.ITaskPoolNode`1::get_NextNode	0x0600002D	RUNTIME_DISPATCH	T	EXACT	lookup(receiver, interface class, slot) reaches the dispatch pointer; slot = Il2CppMethodDefinition.slot
Cysharp.Threading.Tasks.TaskPool`1::TryPush	CALL	item @ X1 (T)	v196 @ X1_v5 (Il2CppClass<Cysharp.Threading.Tasks.ITaskPoolNode`1<T>>)	0	Cysharp.Threading.Tasks.ITaskPoolNode`1::get_NextNode	0x0600002D	RUNTIME_DISPATCH	T	EXACT	lookup(receiver, interface class, slot) reaches the dispatch pointer; slot = Il2CppMethodDefinition.slot
Cysharp.Threading.Tasks.TriggerEvent`1::Add	CALL	v44 @ X22_v15 (Cysharp.Threading.Tasks.ITriggerHandler`1<T>)	v188 @ X1_v37 (Il2CppClass<Cysharp.Threading.Tasks.ITriggerHandler`1<T>>)	2	Cysharp.Threading.Tasks.ITriggerHandler`1::get_Prev	0x06000033	RUNTIME_DISPATCH	T	EXACT	lookup(receiver, interface class, slot) reaches the dispatch pointer; slot = Il2CppMethodDefinition.slot
Cysharp.Threading.Tasks.TriggerEvent`1::Add	CALL	v16 @ X22_v2 (Cysharp.Threading.Tasks.ITriggerHandler`1<T>)	v177 @ X1_v15 (Il2CppClass<Cysharp.Threading.Tasks.ITriggerHandler`1<T>>)	2	Cysharp.Threading.Tasks.ITriggerHandler`1::get_Prev	0x06000033	RUNTIME_DISPATCH	T	EXACT	lookup(receiver, interface class, slot) reaches the dispatch pointer; slot = Il2CppMethodDefinition.slot
Cysharp.Threading.Tasks.TriggerEvent`1::Add	CALL	v231 @ X23_v12 (Cysharp.Threading.Tasks.ITriggerHandler`1<T>)	v427 @ X1_v40 (Il2CppClass<Cysharp.Threading.Tasks.ITriggerHandler`1<T>>)	3	Cysharp.Threading.Tasks.ITriggerHandler`1::set_Prev	0x06000034	RUNTIME_DISPATCH	T	EXACT	lookup(receiver, interface class, slot) reaches the dispatch pointer; slot = Il2CppMethodDefinition.slot
Cysharp.Threading.Tasks.TriggerEvent`1::Add	CALL	v288 @ X0_v95 (Cysharp.Threading.Tasks.ITriggerHandler`1<T>)	v609 @ X1_v50 (Il2CppClass<Cysharp.Threading.Tasks.ITriggerHandler`1<T>>)	5	Cysharp.Threading.Tasks.ITriggerHandler`1::set_Next	0x06000036	RUNTIME_DISPATCH	T	EXACT	lookup(receiver, interface class, slot) reaches the dispatch pointer; slot = Il2CppMethodDefinition.slot
Cysharp.Threading.Tasks.TriggerEvent`1::Add	CALL	v294 @ X22_v17 (Cysharp.Threading.Tasks.ITriggerHandler`1<T>)	v691 @ X1_v43 (Il2CppClass<Cysharp.Threading.Tasks.ITriggerHandler`1<T>>)	5	Cysharp.Threading.Tasks.ITriggerHandler`1::set_Next	0x06000036	RUNTIME_DISPATCH	T	EXACT	lookup(receiver, interface class, slot) reaches the dispatch pointer; slot = Il2CppMethodDefinition.slot
Cysharp.Threading.Tasks.TriggerEvent`1::Add	CALL	v232 @ X23_v11 (Cysharp.Threading.Tasks.ITriggerHandler`1<T>)	v419 @ X1_v18 (Il2CppClass<Cysharp.Threading.Tasks.ITriggerHandler`1<T>>)	3	Cysharp.Threading.Tasks.ITriggerHandler`1::set_Prev	0x06000034	RUNTIME_DISPATCH	T	EXACT	lookup(receiver, interface class, slot) reaches the dispatch pointer; slot = Il2CppMethodDefinition.slot
Cysharp.Threading.Tasks.TriggerEvent`1::Add	CALL	v289 @ X0_v35 (Cysharp.Threading.Tasks.ITriggerHandler`1<T>)	v593 @ X1_v28 (Il2CppClass<Cysharp.Threading.Tasks.ITriggerHandler`1<T>>)	5	Cysharp.Threading.Tasks.ITriggerHandler`1::set_Next	0x06000036	RUNTIME_DISPATCH	T	EXACT	lookup(receiver, interface class, slot) reaches the dispatch pointer; slot = Il2CppMethodDefinition.slot
Cysharp.Threading.Tasks.TriggerEvent`1::Add	CALL	v295 @ X22_v14 (Cysharp.Threading.Tasks.ITriggerHandler`1<T>)	v654 @ X1_v21 (Il2CppClass<Cysharp.Threading.Tasks.ITriggerHandler`1<T>>)	5	Cysharp.Threading.Tasks.ITriggerHandler`1::set_Next	0x06000036	RUNTIME_DISPATCH	T	EXACT	lookup(receiver, interface class, slot) reaches the dispatch pointer; slot = Il2CppMethodDefinition.slot
Cysharp.Threading.Tasks.TriggerEvent`1::Add	TAIL	handler @ X1 (Cysharp.Threading.Tasks.ITriggerHandler`1<T>)	v1147 @ X1_v11 (Il2CppClass<Cysharp.Threading.Tasks.ITriggerHandler`1<T>>)	3	Cysharp.Threading.Tasks.ITriggerHandler`1::set_Prev	0x06000034	RUNTIME_DISPATCH	T	EXACT	lookup(receiver, interface class, slot) reaches the dispatch pointer; slot = Il2CppMethodDefinition.slot
Cysharp.Threading.Tasks.TriggerEvent`1::Remove	CALL	handler @ X1 (Cysharp.Threading.Tasks.ITriggerHandler`1<T>)	v168 @ X1_v5 (Il2CppClass<Cysharp.Threading.Tasks.ITriggerHandler`1<T>>)	2	Cysharp.Threading.Tasks.ITriggerHandler`1::get_Prev	0x06000033	RUNTIME_DISPATCH	T	EXACT	lookup(receiver, interface class, slot) reaches the dispatch pointer; slot = Il2CppMethodDefinition.slot
Cysharp.Threading.Tasks.TriggerEvent`1::Remove	CALL	handler @ X1 (Cysharp.Threading.Tasks.ITriggerHandler`1<T>)	v334 @ X1_v8 (Il2CppClass<Cysharp.Threading.Tasks.ITriggerHandler`1<T>>)	4	Cysharp.Threading.Tasks.ITriggerHandler`1::get_Next	0x06000035	RUNTIME_DISPATCH	T	EXACT	lookup(receiver, interface class, slot) reaches the dispatch pointer; slot = Il2CppMethodDefinition.slot
Cysharp.Threading.Tasks.TriggerEvent`1::Remove	CALL	v415 @ X0_v23 (Cysharp.Threading.Tasks.ITriggerHandler`1<T>)	v492 @ X1_v52 (Il2CppClass<Cysharp.Threading.Tasks.ITriggerHandler`1<T>>)	3	Cysharp.Threading.Tasks.ITriggerHandler`1::set_Prev	0x06000034	RUNTIME_DISPATCH	T	EXACT	lookup(receiver, interface class, slot) reaches the dispatch pointer; slot = Il2CppMethodDefinition.slot
Cysharp.Threading.Tasks.TriggerEvent`1::Remove	CALL	v315 @ X0_v18 (Cysharp.Threading.Tasks.ITriggerHandler`1<T>)	v668 @ X1_v48 (Il2CppClass<Cysharp.Threading.Tasks.ITriggerHandler`1<T>>)	5	Cysharp.Threading.Tasks.ITriggerHandler`1::set_Next	0x06000036	RUNTIME_DISPATCH	T	EXACT	lookup(receiver, interface class, slot) reaches the dispatch pointer; slot = Il2CppMethodDefinition.slot
Cysharp.Threading.Tasks.TriggerEvent`1::Remove	CALL	v580 @ X23_v3 (Cysharp.Threading.Tasks.ITriggerHandler`1<T>)	v762 @ X1_v38 (Il2CppClass<Cysharp.Threading.Tasks.ITriggerHandler`1<T>>)	2	Cysharp.Threading.Tasks.ITriggerHandler`1::get_Prev	0x06000033	RUNTIME_DISPATCH	T	EXACT	lookup(receiver, interface class, slot) reaches the dispatch pointer; slot = Il2CppMethodDefinition.slot
Cysharp.Threading.Tasks.TriggerEvent`1::Remove	CALL	v654 @ X23_v5 (Cysharp.Threading.Tasks.ITriggerHandler`1<T>)	v835 @ X1_v24 (Il2CppClass<Cysharp.Threading.Tasks.ITriggerHandler`1<T>>)	2	Cysharp.Threading.Tasks.ITriggerHandler`1::get_Prev	0x06000033	RUNTIME_DISPATCH	T	EXACT	lookup(receiver, interface class, slot) reaches the dispatch pointer; slot = Il2CppMethodDefinition.slot
Cysharp.Threading.Tasks.TriggerEvent`1::Remove	CALL	v253 @ X23_v8 (Cysharp.Threading.Tasks.ITriggerHandler`1<T>)	v1139 @ X1_v27 (Il2CppClass<Cysharp.Threading.Tasks.ITriggerHandler`1<T>>)	2	Cysharp.Threading.Tasks.ITriggerHandler`1::get_Prev	0x06000033	RUNTIME_DISPATCH	T	EXACT	lookup(receiver, interface class, slot) reaches the dispatch pointer; slot = Il2CppMethodDefinition.slot
Cysharp.Threading.Tasks.TriggerEvent`1::Remove	CALL	handler @ X1 (Cysharp.Threading.Tasks.ITriggerHandler`1<T>)	v842 @ X1_v16 (Il2CppClass<Cysharp.Threading.Tasks.ITriggerHandler`1<T>>)	3	Cysharp.Threading.Tasks.ITriggerHandler`1::set_Prev	0x06000034	RUNTIME_DISPATCH	T	EXACT	lookup(receiver, interface class, slot) reaches the dispatch pointer; slot = Il2CppMethodDefinition.slot
Cysharp.Threading.Tasks.TriggerEvent`1::Remove	TAIL	handler @ X1 (Cysharp.Threading.Tasks.ITriggerHandler`1<T>)	v1077 @ X1_v19 (Il2CppClass<Cysharp.Threading.Tasks.ITriggerHandler`1<T>>)	5	Cysharp.Threading.Tasks.ITriggerHandler`1::set_Next	0x06000036	RUNTIME_DISPATCH	T	EXACT	lookup(receiver, interface class, slot) reaches the dispatch pointer; slot = Il2CppMethodDefinition.slot
Cysharp.Threading.Tasks.TriggerEvent`1::Remove	CALL	v315 @ X0_v18 (Cysharp.Threading.Tasks.ITriggerHandler`1<T>)	Type: Il2CppClass<Cysharp.Threading.Tasks.ITriggerHandler`1<T>>	3	Cysharp.Threading.Tasks.ITriggerHandler`1::set_Prev	0x06000034	RUNTIME_DISPATCH	T	EXACT	lookup(receiver, interface class, slot) reaches the dispatch pointer; slot = Il2CppMethodDefinition.slot
Cysharp.Threading.Tasks.TriggerEvent`1::Remove	CALL	v282 @ X21_v5 (Cysharp.Threading.Tasks.ITriggerHandler`1<T>)	Type: Il2CppClass<Cysharp.Threading.Tasks.ITriggerHandler`1<T>>	3	Cysharp.Threading.Tasks.ITriggerHandler`1::set_Prev	0x06000034	RUNTIME_DISPATCH	T	EXACT	lookup(receiver, interface class, slot) reaches the dispatch pointer; slot = Il2CppMethodDefinition.slot
Cysharp.Threading.Tasks.Triggers.AsyncTriggerHandler`1::Cysharp.Threading.Tasks.IUniTaskSource.GetResult	TAIL	this @ X0 (Cysharp.Threading.Tasks.Triggers.AsyncTriggerHandler`1<T>)	v36 @ X1_v2 (Il2CppClass<Cysharp.Threading.Tasks.IUniTaskSource`1<T>>)	0	Cysharp.Threading.Tasks.IUniTaskSource`1::GetResult	0x0600000D	RUNTIME_DISPATCH	T	EXACT	lookup(receiver, interface class, slot) reaches the dispatch pointer; slot = Il2CppMethodDefinition.slot
Tayx.Graphy.Ram.G_RamManager::Init	CALL	v335 @ X0_v6 (System.Collections.IEnumerator)	[v220 @ X24_v3 (Il2CppClass<System.IDisposable>)]	0	System.IDisposable::Dispose	0x0600079F	RUNTIME_DISPATCH		EXACT	lookup(receiver, interface class, slot) reaches the dispatch pointer; slot = Il2CppMethodDefinition.slot
Tayx.Graphy.Ram.G_RamManager::Init	CALL	v282 @ X0_v18	[v220 @ X24_v3 (Il2CppClass<System.IDisposable>)]	0	System.IDisposable::Dispose	0x0600079F	RUNTIME_DISPATCH		EXACT	lookup(receiver, interface class, slot) reaches the dispatch pointer; slot = Il2CppMethodDefinition.slot
Tayx.Graphy.Fps.G_FpsManager::Init	CALL	v340 @ X0_v6 (System.Collections.IEnumerator)	[v220 @ X24_v3 (Il2CppClass<System.IDisposable>)]	0	System.IDisposable::Dispose	0x0600079F	RUNTIME_DISPATCH		EXACT	lookup(receiver, interface class, slot) reaches the dispatch pointer; slot = Il2CppMethodDefinition.slot
Tayx.Graphy.Fps.G_FpsManager::Init	CALL	v285 @ X0_v18	[v220 @ X24_v3 (Il2CppClass<System.IDisposable>)]	0	System.IDisposable::Dispose	0x0600079F	RUNTIME_DISPATCH		EXACT	lookup(receiver, interface class, slot) reaches the dispatch pointer; slot = Il2CppMethodDefinition.slot
Tayx.Graphy.Audio.G_AudioManager::Init	CALL	v340 @ X0_v6 (System.Collections.IEnumerator)	[v220 @ X24_v3 (Il2CppClass<System.IDisposable>)]	0	System.IDisposable::Dispose	0x0600079F	RUNTIME_DISPATCH		EXACT	lookup(receiver, interface class, slot) reaches the dispatch pointer; slot = Il2CppMethodDefinition.slot
Tayx.Graphy.Audio.G_AudioManager::Init	CALL	v285 @ X0_v18	[v220 @ X24_v3 (Il2CppClass<System.IDisposable>)]	0	System.IDisposable::Dispose	0x0600079F	RUNTIME_DISPATCH		EXACT	lookup(receiver, interface class, slot) reaches the dispatch pointer; slot = Il2CppMethodDefinition.slot
MoreMountains.Tools.AIState::EnterState	CALL	v143 @ X19_v2 (System.Collections.Generic.IEnumerator`1<MoreMountains.Tools.AIAction>)	[v128 @ X22_v1 (Il2CppClass<System.IDisposable>)]	0	System.IDisposable::Dispose	0x0600079F	RUNTIME_DISPATCH		EXACT	lookup(receiver, interface class, slot) reaches the dispatch pointer; slot = Il2CppMethodDefinition.slot
MoreMountains.Tools.AIState::EnterState	CALL	v201 @ X19_v4 (System.Collections.Generic.IEnumerator`1<MoreMountains.Tools.AITransition>)	[v189 @ X22_v2 (Il2CppClass<System.IDisposable>)]	0	System.IDisposable::Dispose	0x0600079F	RUNTIME_DISPATCH		EXACT	lookup(receiver, interface class, slot) reaches the dispatch pointer; slot = Il2CppMethodDefinition.slot
MoreMountains.Tools.AIState::EnterState	CALL	v308 @ X19_v6 (System.Collections.Generic.IEnumerator`1<MoreMountains.Tools.AIAction>)	[v189 @ X22_v2 (Il2CppClass<System.IDisposable>)]	0	System.IDisposable::Dispose	0x0600079F	RUNTIME_DISPATCH		EXACT	lookup(receiver, interface class, slot) reaches the dispatch pointer; slot = Il2CppMethodDefinition.slot
MoreMountains.Tools.AIState::EnterState	CALL	v308 @ X19_v6 (System.Collections.Generic.IEnumerator`1<MoreMountains.Tools.AIAction>)	[v189 @ X22_v2 (Il2CppClass<System.IDisposable>)]	0	System.IDisposable::Dispose	0x0600079F	RUNTIME_DISPATCH		EXACT	lookup(receiver, interface class, slot) reaches the dispatch pointer; slot = Il2CppMethodDefinition.slot
MoreMountains.Tools.AIState::ExitState	CALL	v143 @ X19_v2 (System.Collections.Generic.IEnumerator`1<MoreMountains.Tools.AIAction>)	[v128 @ X22_v1 (Il2CppClass<System.IDisposable>)]	0	System.IDisposable::Dispose	0x0600079F	RUNTIME_DISPATCH		EXACT	lookup(receiver, interface class, slot) reaches the dispatch pointer; slot = Il2CppMethodDefinition.slot
MoreMountains.Tools.AIState::ExitState	CALL	v201 @ X19_v4 (System.Collections.Generic.IEnumerator`1<MoreMountains.Tools.AITransition>)	[v189 @ X22_v2 (Il2CppClass<System.IDisposable>)]	0	System.IDisposable::Dispose	0x0600079F	RUNTIME_DISPATCH		EXACT	lookup(receiver, interface class, slot) reaches the dispatch pointer; slot = Il2CppMethodDefinition.slot
MoreMountains.Tools.AIState::ExitState	CALL	v308 @ X19_v6 (System.Collections.Generic.IEnumerator`1<MoreMountains.Tools.AIAction>)	[v189 @ X22_v2 (Il2CppClass<System.IDisposable>)]	0	System.IDisposable::Dispose	0x0600079F	RUNTIME_DISPATCH		EXACT	lookup(receiver, interface class, slot) reaches the dispatch pointer; slot = Il2CppMethodDefinition.slot
MoreMountains.Tools.AIState::ExitState	CALL	v308 @ X19_v6 (System.Collections.Generic.IEnumerator`1<MoreMountains.Tools.AIAction>)	[v189 @ X22_v2 (Il2CppClass<System.IDisposable>)]	0	System.IDisposable::Dispose	0x0600079F	RUNTIME_DISPATCH		EXACT	lookup(receiver, interface class, slot) reaches the dispatch pointer; slot = Il2CppMethodDefinition.slot
MoreMountains.Tools.TransformExtensions::MMFindDeepChildDepthFirst	CALL	v491 @ X0_v5 (System.Collections.IEnumerator)	[v186 @ X22_v4 (Il2CppClass<System.IDisposable>)]	0	System.IDisposable::Dispose	0x0600079F	RUNTIME_DISPATCH		EXACT	lookup(receiver, interface class, slot) reaches the dispatch pointer; slot = Il2CppMethodDefinition.slot
MoreMountains.Tools.TransformExtensions::MMFindDeepChildDepthFirst	CALL	v338 @ X0_v18	[v186 @ X22_v4 (Il2CppClass<System.IDisposable>)]	0	System.IDisposable::Dispose	0x0600079F	RUNTIME_DISPATCH		EXACT	lookup(receiver, interface class, slot) reaches the dispatch pointer; slot = Il2CppMethodDefinition.slot
MoreMountains.Tools.TransformExtensions::ChangeLayersRecursively	CALL	v321 @ X0_v4 (System.Collections.IEnumerator)	[v171 @ X22_v3 (Il2CppClass<System.IDisposable>)]	0	System.IDisposable::Dispose	0x0600079F	RUNTIME_DISPATCH		EXACT	lookup(receiver, interface class, slot) reaches the dispatch pointer; slot = Il2CppMethodDefinition.slot
MoreMountains.Tools.TransformExtensions::ChangeLayersRecursively	CALL	v212 @ X0_v16	[v171 @ X22_v3 (Il2CppClass<System.IDisposable>)]	0	System.IDisposable::Dispose	0x0600079F	RUNTIME_DISPATCH		EXACT	lookup(receiver, interface class, slot) reaches the dispatch pointer; slot = Il2CppMethodDefinition.slot
MoreMountains.Tools.MMDebugMenuCommands::Help	CALL	v582 @ X19_v9 (System.Collections.Generic.IEnumerator`1<System.Reflection.MethodInfo>)	[v539 @ X25_v8 (Il2CppClass<System.IDisposable>)]	0	System.IDisposable::Dispose	0x0600079F	RUNTIME_DISPATCH		EXACT	lookup(receiver, interface class, slot) reaches the dispatch pointer; slot = Il2CppMethodDefinition.slot
MoreMountains.Tools.MMDebugMenuCommands::Help	CALL	v300 @ X19_v7 (System.Collections.Generic.IEnumerator`1<System.Reflection.MethodInfo>)	[v252 @ X25_v6 (Il2CppClass<System.IDisposable>)]	0	System.IDisposable::Dispose	0x0600079F	RUNTIME_DISPATCH		EXACT	lookup(receiver, interface class, slot) reaches the dispatch pointer; slot = Il2CppMethodDefinition.slot
MoreMountains.Tools.TransformExtensions::ChangeLayersRecursively	CALL	v337 @ X0_v4 (System.Collections.IEnumerator)	[v183 @ X21_v4 (Il2CppClass<System.IDisposable>)]	0	System.IDisposable::Dispose	0x0600079F	RUNTIME_DISPATCH		EXACT	lookup(receiver, interface class, slot) reaches the dispatch pointer; slot = Il2CppMethodDefinition.slot
MoreMountains.Tools.TransformExtensions::ChangeLayersRecursively	CALL	v244 @ X0_v16	[v183 @ X21_v4 (Il2CppClass<System.IDisposable>)]	0	System.IDisposable::Dispose	0x0600079F	RUNTIME_DISPATCH		EXACT	lookup(receiver, interface class, slot) reaches the dispatch pointer; slot = Il2CppMethodDefinition.slot
MoreMountains.Tools.TransformExtensions::MMFindDeepChildBreadthFirst	CALL	v285 @ X0_v6	[v281 @ X23_v3 (Il2CppClass<System.IDisposable>)]	0	System.IDisposable::Dispose	0x0600079F	RUNTIME_DISPATCH		EXACT	lookup(receiver, interface class, slot) reaches the dispatch pointer; slot = Il2CppMethodDefinition.slot
MoreMountains.Tools.MMDebugMenu::FillMenu	CALL	v1321 @ X0_v12 (System.Collections.IEnumerator)	[v1729 @ X23_v10 (Il2CppClass<System.IDisposable>)]	0	System.IDisposable::Dispose	0x0600079F	RUNTIME_DISPATCH		EXACT	lookup(receiver, interface class, slot) reaches the dispatch pointer; slot = Il2CppMethodDefinition.slot
MoreMountains.Tools.MMDebugMenu::FillMenu	CALL	v1321 @ X0_v12 (System.Collections.IEnumerator)	[v1729 @ X23_v10 (Il2CppClass<System.IDisposable>)]	0	System.IDisposable::Dispose	0x0600079F	RUNTIME_DISPATCH		EXACT	lookup(receiver, interface class, slot) reaches the dispatch pointer; slot = Il2CppMethodDefinition.slot
MoreMountains.Tools.MMDebugMenu::FillMenu	CALL	v1321 @ X0_v12 (System.Collections.IEnumerator)	[v1729 @ X23_v10 (Il2CppClass<System.IDisposable>)]	0	System.IDisposable::Dispose	0x0600079F	RUNTIME_DISPATCH		EXACT	lookup(receiver, interface class, slot) reaches the dispatch pointer; slot = Il2CppMethodDefinition.slot
MoreMountains.Tools.MMDebugMenu::FillMenu	CALL	v1321 @ X0_v12 (System.Collections.IEnumerator)	[v1729 @ X23_v10 (Il2CppClass<System.IDisposable>)]	0	System.IDisposable::Dispose	0x0600079F	RUNTIME_DISPATCH		EXACT	lookup(receiver, interface class, slot) reaches the dispatch pointer; slot = Il2CppMethodDefinition.slot
MoreMountains.Tools.MMPSBToUIConverter::ConvertToCanvas	CALL	v718 @ X0_v10 (System.Collections.IEnumerator)	[v249 @ X24_v1 (Il2CppClass<System.IDisposable>)]	0	System.IDisposable::Dispose	0x0600079F	RUNTIME_DISPATCH		EXACT	lookup(receiver, interface class, slot) reaches the dispatch pointer; slot = Il2CppMethodDefinition.slot
MoreMountains.Tools.MMPSBToUIConverter::CreateImageForChildren	CALL	v583 @ X0_v4 (System.Collections.IEnumerator)	[v308 @ X22_v1 (Il2CppClass<System.IDisposable>)]	0	System.IDisposable::Dispose	0x0600079F	RUNTIME_DISPATCH		EXACT	lookup(receiver, interface class, slot) reaches the dispatch pointer; slot = Il2CppMethodDefinition.slot
MoreMountains.Tools.MMTilemapGenerator::Generate	CALL	v200 @ X19_v3 (System.Collections.Generic.IEnumerator`1<MoreMountains.Tools.MMTilemapGeneratorLayer>)	[v198 @ X21_v4 (Il2CppClass<System.IDisposable>)]	0	System.IDisposable::Dispose	0x0600079F	RUNTIME_DISPATCH		EXACT	lookup(receiver, interface class, slot) reaches the dispatch pointer; slot = Il2CppMethodDefinition.slot
MoreMountains.Tools.MMTilemapGenerator::Generate	CALL	v200 @ X19_v3 (System.Collections.Generic.IEnumerator`1<MoreMountains.Tools.MMTilemapGeneratorLayer>)	[v198 @ X21_v4 (Il2CppClass<System.IDisposable>)]	0	System.IDisposable::Dispose	0x0600079F	RUNTIME_DISPATCH		EXACT	lookup(receiver, interface class, slot) reaches the dispatch pointer; slot = Il2CppMethodDefinition.slot
MoreMountains.Tools.MMAnimationCurveGenerator::GenerateAnimationCurvesAsset	CALL	v341 @ X0_v11 (System.Collections.IEnumerator)	[v241 @ X22_v5 (Il2CppClass<System.IDisposable>)]	0	System.IDisposable::Dispose	0x0600079F	RUNTIME_DISPATCH		EXACT	lookup(receiver, interface class, slot) reaches the dispatch pointer; slot = Il2CppMethodDefinition.slot
MoreMountains.Tools.MMAnimationCurveGenerator::GenerateAnimationCurvesAsset	CALL	v297 @ X0_v23	[v241 @ X22_v5 (Il2CppClass<System.IDisposable>)]	0	System.IDisposable::Dispose	0x0600079F	RUNTIME_DISPATCH		EXACT	lookup(receiver, interface class, slot) reaches the dispatch pointer; slot = Il2CppMethodDefinition.slot
Newtonsoft.Json.Utilities.BidirectionalDictionary`2::Set	CALL	v14 @ X23_v1 (System.Collections.Generic.IDictionary`2<TFirst, TSecond>)	v161 @ X1_v8 (Il2CppClass<System.Collections.Generic.IDictionary`2<TFirst, TSecond>>)	6	System.Collections.Generic.IDictionary`2::TryGetValue	0x06002EC7	RUNTIME_DISPATCH	TFirst,TSecond	EXACT	lookup(receiver, interface class, slot) reaches the dispatch pointer; slot = Il2CppMethodDefinition.slot
Newtonsoft.Json.Utilities.BidirectionalDictionary`2::Set	CALL	v139 @ X23_v5 (System.Collections.Generic.IDictionary`2<TSecond, TFirst>)	v322 @ X1_v12 (Il2CppClass<System.Collections.Generic.IDictionary`2<TSecond, TFirst>>)	6	System.Collections.Generic.IDictionary`2::TryGetValue	0x06002EC7	RUNTIME_DISPATCH	TSecond,TFirst	EXACT	lookup(receiver, interface class, slot) reaches the dispatch pointer; slot = Il2CppMethodDefinition.slot
Newtonsoft.Json.Utilities.BidirectionalDictionary`2::Set	CALL	v140 @ X23_v6 (System.Collections.Generic.IDictionary`2<TFirst, TSecond>)	v467 @ X1_v16 (Il2CppClass<System.Collections.Generic.IDictionary`2<TFirst, TSecond>>)	4	System.Collections.Generic.IDictionary`2::Add	0x06002EC5	RUNTIME_DISPATCH	TFirst,TSecond	EXACT	lookup(receiver, interface class, slot) reaches the dispatch pointer; slot = Il2CppMethodDefinition.slot
Newtonsoft.Json.Utilities.BidirectionalDictionary`2::Set	CALL	v121 @ X22_v5 (System.Collections.Generic.IDictionary`2<TSecond, TFirst>)	v545 @ X1_v19 (Il2CppClass<System.Collections.Generic.IDictionary`2<TSecond, TFirst>>)	4	System.Collections.Generic.IDictionary`2::Add	0x06002EC5	RUNTIME_DISPATCH	TSecond,TFirst	EXACT	lookup(receiver, interface class, slot) reaches the dispatch pointer; slot = Il2CppMethodDefinition.slot
Newtonsoft.Json.Utilities.BidirectionalDictionary`2::TryGetByFirst	TAIL	v8 @ X21_v1 (System.Collections.Generic.IDictionary`2<TFirst, TSecond>)	v39 @ X1_v2 (Il2CppClass<System.Collections.Generic.IDictionary`2<TFirst, TSecond>>)	6	System.Collections.Generic.IDictionary`2::TryGetValue	0x06002EC7	RUNTIME_DISPATCH	TFirst,TSecond	EXACT	lookup(receiver, interface class, slot) reaches the dispatch pointer; slot = Il2CppMethodDefinition.slot
Newtonsoft.Json.Utilities.BidirectionalDictionary`2::TryGetBySecond	TAIL	v8 @ X21_v1 (System.Collections.Generic.IDictionary`2<TSecond, TFirst>)	v39 @ X1_v2 (Il2CppClass<System.Collections.Generic.IDictionary`2<TSecond, TFirst>>)	6	System.Collections.Generic.IDictionary`2::TryGetValue	0x06002EC7	RUNTIME_DISPATCH	TSecond,TFirst	EXACT	lookup(receiver, interface class, slot) reaches the dispatch pointer; slot = Il2CppMethodDefinition.slot
Newtonsoft.Json.Utilities.CollectionUtils::IsNullOrEmpty	CALL	collection @ X0 (System.Collections.Generic.ICollection`1<T>)	v45 @ X1_v3 (Il2CppClass<System.Collections.Generic.ICollection`1<T>>)	0	System.Collections.Generic.ICollection`1::get_Count	0x06002EB9	RUNTIME_DISPATCH	T	EXACT	lookup(receiver, interface class, slot) reaches the dispatch pointer; slot = Il2CppMethodDefinition.slot
Newtonsoft.Json.Utilities.CollectionUtils::AddRange	CALL	collection @ X1 (System.Collections.Generic.IEnumerable`1<T>)	v127 @ X1_v14 (Il2CppClass<System.Collections.Generic.IEnumerable`1<T>>)	0	System.Collections.Generic.IEnumerable`1::GetEnumerator	0x06002EC8	RUNTIME_DISPATCH	T	EXACT	lookup(receiver, interface class, slot) reaches the dispatch pointer; slot = Il2CppMethodDefinition.slot
Newtonsoft.Json.Utilities.CollectionUtils::AddRange	CALL	v264 @ X0_v45 (System.Collections.IEnumerator)	v480 @ X1_v20 (Il2CppClass<System.Collections.Generic.IEnumerator`1<T>>)	0	System.Collections.Generic.IEnumerator`1::get_Current	0x06002EC9	RUNTIME_DISPATCH	T	EXACT	lookup(receiver, interface class, slot) reaches the dispatch pointer; slot = Il2CppMethodDefinition.slot
Newtonsoft.Json.Utilities.CollectionUtils::AddRange	CALL	initial @ X0 (System.Collections.Generic.IList`1<T>)	v726 @ X1_v23 (Il2CppClass<System.Collections.Generic.ICollection`1<T>>)	2	System.Collections.Generic.ICollection`1::Add	0x06002EBB	RUNTIME_DISPATCH	T	EXACT	lookup(receiver, interface class, slot) reaches the dispatch pointer; slot = Il2CppMethodDefinition.slot
Newtonsoft.Json.Utilities.CollectionUtils::IndexOf	CALL	collection @ X0 (System.Collections.Generic.IEnumerable`1<T>)	v112 @ X1_v13 (Il2CppClass<System.Collections.Generic.IEnumerable`1<T>>)	0	System.Collections.Generic.IEnumerable`1::GetEnumerator	0x06002EC8	RUNTIME_DISPATCH	T	EXACT	lookup(receiver, interface class, slot) reaches the dispatch pointer; slot = Il2CppMethodDefinition.slot
Newtonsoft.Json.Utilities.CollectionUtils::IndexOf	CALL	v151 @ X0_v38 (System.Collections.IEnumerator)	v609 @ X1_v19 (Il2CppClass<System.Collections.Generic.IEnumerator`1<T>>)	0	System.Collections.Generic.IEnumerator`1::get_Current	0x06002EC9	RUNTIME_DISPATCH	T	EXACT	lookup(receiver, interface class, slot) reaches the dispatch pointer; slot = Il2CppMethodDefinition.slot
Newtonsoft.Json.Utilities.CollectionWrapper`1::GetEnumerator	TAIL	v39 @ X19_v2 (System.Collections.Generic.ICollection`1<T>)	v50 @ X1_v3 (Il2CppClass<System.Collections.Generic.IEnumerable`1<T>>)	0	System.Collections.Generic.IEnumerable`1::GetEnumerator	0x06002EC8	RUNTIME_DISPATCH	T	EXACT	lookup(receiver, interface class, slot) reaches the dispatch pointer; slot = Il2CppMethodDefinition.slot
Newtonsoft.Json.Utilities.JavaScriptUtils::.cctor	CALL	v1684 @ X20_v28 (System.Collections.Generic.IEnumerator`1<System.Char>)	[v1642 @ X24_v18 (Il2CppClass<System.IDisposable>)]	0	System.IDisposable::Dispose	0x0600079F	RUNTIME_DISPATCH		EXACT	lookup(receiver, interface class, slot) reaches the dispatch pointer; slot = Il2CppMethodDefinition.slot
Newtonsoft.Json.Utilities.JavaScriptUtils::.cctor	CALL	v347 @ X0_v52	[v142 @ X25_v3 (Il2CppClass<System.Collections.Generic.IEnumerable`1<System.Char>>)]	0	System.Collections.Generic.IEnumerable`1::GetEnumerator	0x06002EC8	RUNTIME_DISPATCH	System.Char	EXACT	lookup(receiver, interface class, slot) reaches the dispatch pointer; slot = Il2CppMethodDefinition.slot
Newtonsoft.Json.Utilities.JavaScriptUtils::.cctor	CALL	v1406 @ X20_v27 (System.Collections.IEnumerator)	[v1642 @ X24_v18 (Il2CppClass<System.IDisposable>)]	0	System.IDisposable::Dispose	0x0600079F	RUNTIME_DISPATCH		EXACT	lookup(receiver, interface class, slot) reaches the dispatch pointer; slot = Il2CppMethodDefinition.slot
Newtonsoft.Json.Utilities.JavaScriptUtils::.cctor	CALL	v348 @ X0_v28	[v695 @ X25_v1 (Il2CppClass<System.Collections.Generic.IEnumerable`1<System.Char>>)]	0	System.Collections.Generic.IEnumerable`1::GetEnumerator	0x06002EC8	RUNTIME_DISPATCH	System.Char	EXACT	lookup(receiver, interface class, slot) reaches the dispatch pointer; slot = Il2CppMethodDefinition.slot
Newtonsoft.Json.Utilities.JavaScriptUtils::.cctor	CALL	v1683 @ X19_v23 (System.Collections.Generic.List`1<System.Char>)	[v693 @ X24_v1 (Il2CppClass<System.IDisposable>)]	0	System.IDisposable::Dispose	0x0600079F	RUNTIME_DISPATCH		EXACT	lookup(receiver, interface class, slot) reaches the dispatch pointer; slot = Il2CppMethodDefinition.slot
Newtonsoft.Json.Utilities.JavaScriptUtils::.cctor	CALL	v1683 @ X19_v23 (System.Collections.Generic.List`1<System.Char>)	[v693 @ X24_v1 (Il2CppClass<System.IDisposable>)]	0	System.IDisposable::Dispose	0x0600079F	RUNTIME_DISPATCH		EXACT	lookup(receiver, interface class, slot) reaches the dispatch pointer; slot = Il2CppMethodDefinition.slot
Newtonsoft.Json.Utilities.JavaScriptUtils::.cctor	CALL	0	[v1642 @ X24_v18 (Il2CppClass<System.IDisposable>)]	0	System.IDisposable::Dispose	0x0600079F	RUNTIME_DISPATCH		EXACT	lookup(receiver, interface class, slot) reaches the dispatch pointer; slot = Il2CppMethodDefinition.slot
Newtonsoft.Json.Utilities.JavaScriptUtils::.cctor	CALL	0	[v1642 @ X24_v18 (Il2CppClass<System.IDisposable>)]	0	System.IDisposable::Dispose	0x0600079F	RUNTIME_DISPATCH		EXACT	lookup(receiver, interface class, slot) reaches the dispatch pointer; slot = Il2CppMethodDefinition.slot
Newtonsoft.Json.Utilities.ReflectionUtils::GetChildPrivateProperties	CALL	initialProperties @ X0 (System.Collections.Generic.IList`1<System.Reflection.PropertyInfo>)	v654 @ X1_v14 (Il2CppClass<System.Collections.Generic.ICollection`1<System.Reflection.PropertyInfo>>)	2	System.Collections.Generic.ICollection`1::Add	0x06002EBB	RUNTIME_DISPATCH	System.Reflection.PropertyInfo	EXACT	lookup(receiver, interface class, slot) reaches the dispatch pointer; slot = Il2CppMethodDefinition.slot
Newtonsoft.Json.Serialization.JsonSerializerInternalWriter::SerializeDictionary	CALL	v839 @ X0_v9 (System.Collections.IDictionaryEnumerator)	[v331 @ X25_v2 (Il2CppClass<System.IDisposable>)]	0	System.IDisposable::Dispose	0x0600079F	RUNTIME_DISPATCH		EXACT	lookup(receiver, interface class, slot) reaches the dispatch pointer; slot = Il2CppMethodDefinition.slot
Newtonsoft.Json.Serialization.JsonSerializerInternalReader::CreateJToken	CALL	v425 @ X21_v4 (Newtonsoft.Json.Linq.JTokenWriter)	[v311 @ X24_v3 (Il2CppClass<System.IDisposable>)]	0	System.IDisposable::Dispose	0x0600079F	RUNTIME_DISPATCH		EXACT	lookup(receiver, interface class, slot) reaches the dispatch pointer; slot = Il2CppMethodDefinition.slot
Newtonsoft.Json.Serialization.JsonSerializerInternalReader::CreateJToken	CALL	v467 @ X0_v21 (System.Globalization.CultureInfo)	[v311 @ X24_v3 (Il2CppClass<System.IDisposable>)]	0	System.IDisposable::Dispose	0x0600079F	RUNTIME_DISPATCH		EXACT	lookup(receiver, interface class, slot) reaches the dispatch pointer; slot = Il2CppMethodDefinition.slot
Newtonsoft.Json.Utilities.DictionaryWrapper`2::get_Values	CALL	this._readOnlyDictionary (System.Collections.Generic.IReadOnlyDictionary`2<TKey, TValue>)	Type: Il2CppClass<System.Collections.Generic.IReadOnlyDictionary`2<TKey, TValue>>	3	System.Collections.Generic.IReadOnlyDictionary`2::get_Values	0x06002ED5	RUNTIME_DISPATCH	TKey,TValue	EXACT	lookup(receiver, interface class, slot) reaches the dispatch pointer; slot = Il2CppMethodDefinition.slot
Newtonsoft.Json.Linq.JContainer::.ctor	CALL	v164 @ X19_v2 (System.Collections.Generic.IEnumerator`1<Newtonsoft.Json.Linq.JToken>)	[v172 @ X23_v2 (Il2CppClass<System.IDisposable>)]	0	System.IDisposable::Dispose	0x0600079F	RUNTIME_DISPATCH		EXACT	lookup(receiver, interface class, slot) reaches the dispatch pointer; slot = Il2CppMethodDefinition.slot
Newtonsoft.Json.Linq.JContainer::.ctor	CALL	v164 @ X19_v2 (System.Collections.Generic.IEnumerator`1<Newtonsoft.Json.Linq.JToken>)	[v172 @ X23_v2 (Il2CppClass<System.IDisposable>)]	0	System.IDisposable::Dispose	0x0600079F	RUNTIME_DISPATCH		EXACT	lookup(receiver, interface class, slot) reaches the dispatch pointer; slot = Il2CppMethodDefinition.slot
Newtonsoft.Json.Utilities.DictionaryWrapper`2::CopyTo	CALL	v240 @ X0_v47 (System.Collections.Generic.IDictionary`2<TKey, TValue>)	v422 @ X1_v20 (Il2CppClass<System.Collections.Generic.ICollection`1<System.Collections.Generic.KeyValuePair`2<TKey, TValue>>>)	5	System.Collections.Generic.ICollection`1::CopyTo	0x06002EBE	RUNTIME_DISPATCH	System.Collections.Generic.KeyValuePair`2<TKey, TValue>	EXACT	lookup(receiver, interface class, slot) reaches the dispatch pointer; slot = Il2CppMethodDefinition.slot
Newtonsoft.Json.Utilities.DictionaryWrapper`2::CopyTo	CALL	v541 @ X0_v13 (System.OutOfMemoryException)	[v157 @ X26_v2 (Il2CppClass<System.IDisposable>)]	0	System.IDisposable::Dispose	0x0600079F	RUNTIME_DISPATCH		EXACT	lookup(receiver, interface class, slot) reaches the dispatch pointer; slot = Il2CppMethodDefinition.slot
Newtonsoft.Json.Linq.JContainer::ClearItems	CALL	v229 @ X21_v1 (System.Collections.Generic.IEnumerator`1<Newtonsoft.Json.Linq.JToken>)	[v227 @ X23_v1 (Il2CppClass<System.IDisposable>)]	0	System.IDisposable::Dispose	0x0600079F	RUNTIME_DISPATCH		EXACT	lookup(receiver, interface class, slot) reaches the dispatch pointer; slot = Il2CppMethodDefinition.slot
Newtonsoft.Json.Linq.JContainer::ClearItems	CALL	v228 @ X21_v4 (System.Collections.Generic.IEnumerator`1<Newtonsoft.Json.Linq.JToken>)	[v226 @ X23_v4 (Il2CppClass<System.IDisposable>)]	0	System.IDisposable::Dispose	0x0600079F	RUNTIME_DISPATCH		EXACT	lookup(receiver, interface class, slot) reaches the dispatch pointer; slot = Il2CppMethodDefinition.slot
Newtonsoft.Json.Utilities.DictionaryWrapper`2::System.Collections.IDictionary.GetEnumerator	CALL	v216 @ X20_v7 (System.Collections.Generic.IReadOnlyDictionary`2<TKey, TValue>)	v200 @ X1_v6 (Il2CppClass<System.Collections.Generic.IEnumerable`1<System.Collections.Generic.KeyValuePair`2<TKey, TValue>>>)	0	System.Collections.Generic.IEnumerable`1::GetEnumerator	0x06002EC8	RUNTIME_DISPATCH	System.Collections.Generic.KeyValuePair`2<TKey, TValue>	EXACT	lookup(receiver, interface class, slot) reaches the dispatch pointer; slot = Il2CppMethodDefinition.slot
Newtonsoft.Json.Linq.JEnumerable`1::GetEnumerator	CALL	v29 @ X20_v2 (System.Collections.Generic.IEnumerable`1<T>)	v73 @ X1_v3 (Il2CppClass<System.Collections.Generic.IEnumerable`1<T>>)	0	System.Collections.Generic.IEnumerable`1::GetEnumerator	0x06002EC8	RUNTIME_DISPATCH	T	EXACT	lookup(receiver, interface class, slot) reaches the dispatch pointer; slot = Il2CppMethodDefinition.slot
Newtonsoft.Json.Utilities.DictionaryWrapper`2::System.Collections.ICollection.CopyTo	TAIL	v100 @ X0_v16 (System.Collections.Generic.IDictionary`2<TKey, TValue>)	Type: Il2CppClass<System.Collections.Generic.ICollection`1<System.Collections.Generic.KeyValuePair`2<TKey, TValue>>>	5	System.Collections.Generic.ICollection`1::CopyTo	0x06002EBE	RUNTIME_DISPATCH	System.Collections.Generic.KeyValuePair`2<TKey, TValue>	EXACT	lookup(receiver, interface class, slot) reaches the dispatch pointer; slot = Il2CppMethodDefinition.slot
Newtonsoft.Json.Linq.JContainer::CopyItemsTo	CALL	v297 @ X0_v77 (System.Collections.Generic.IEnumerator`1<Newtonsoft.Json.Linq.JToken>)	[v382 @ X22_v4 (Il2CppClass<System.IDisposable>)]	0	System.IDisposable::Dispose	0x0600079F	RUNTIME_DISPATCH		EXACT	lookup(receiver, interface class, slot) reaches the dispatch pointer; slot = Il2CppMethodDefinition.slot
Newtonsoft.Json.Linq.JContainer::CopyItemsTo	CALL	v297 @ X0_v77 (System.Collections.Generic.IEnumerator`1<Newtonsoft.Json.Linq.JToken>)	[v382 @ X22_v4 (Il2CppClass<System.IDisposable>)]	0	System.IDisposable::Dispose	0x0600079F	RUNTIME_DISPATCH		EXACT	lookup(receiver, interface class, slot) reaches the dispatch pointer; slot = Il2CppMethodDefinition.slot
Newtonsoft.Json.Linq.JObject::System.Collections.Generic.ICollection<System.Collections.Generic.KeyValuePair<System.String,Newtonsoft.Json.Linq.JToken>>.CopyTo	CALL	v223 @ X0_v71 (System.Collections.Generic.IEnumerator`1<Newtonsoft.Json.Linq.JToken>)	[v418 @ X22_v4 (Il2CppClass<System.IDisposable>)]	0	System.IDisposable::Dispose	0x0600079F	RUNTIME_DISPATCH		EXACT	lookup(receiver, interface class, slot) reaches the dispatch pointer; slot = Il2CppMethodDefinition.slot
Newtonsoft.Json.Linq.JObject::System.Collections.Generic.ICollection<System.Collections.Generic.KeyValuePair<System.String,Newtonsoft.Json.Linq.JToken>>.CopyTo	CALL	v223 @ X0_v71 (System.Collections.Generic.IEnumerator`1<Newtonsoft.Json.Linq.JToken>)	[v418 @ X22_v4 (Il2CppClass<System.IDisposable>)]	0	System.IDisposable::Dispose	0x0600079F	RUNTIME_DISPATCH		EXACT	lookup(receiver, interface class, slot) reaches the dispatch pointer; slot = Il2CppMethodDefinition.slot
Newtonsoft.Json.Converters.DataSetConverter::WriteJson	CALL	v551 @ X0_v4 (System.Object)	[v384 @ X25_v5 (Il2CppClass<System.IDisposable>)]	0	System.IDisposable::Dispose	0x0600079F	RUNTIME_DISPATCH		EXACT	lookup(receiver, interface class, slot) reaches the dispatch pointer; slot = Il2CppMethodDefinition.slot
Newtonsoft.Json.Converters.DataSetConverter::WriteJson	CALL	v503 @ X0_v18	[v384 @ X25_v5 (Il2CppClass<System.IDisposable>)]	0	System.IDisposable::Dispose	0x0600079F	RUNTIME_DISPATCH		EXACT	lookup(receiver, interface class, slot) reaches the dispatch pointer; slot = Il2CppMethodDefinition.slot
Newtonsoft.Json.Converters.DataTableConverter::WriteJson	CALL	v1077 @ X0_v4 (System.Object)	[v262 @ X26_v1 (Il2CppClass<System.IDisposable>)]	0	System.IDisposable::Dispose	0x0600079F	RUNTIME_DISPATCH		EXACT	lookup(receiver, interface class, slot) reaches the dispatch pointer; slot = Il2CppMethodDefinition.slot
ES3::LoadAudio	CALL	v285 @ X0_v95 (UnityEngine.Networking.UnityWebRequest)	[v572 @ X23_v9 (Il2CppClass<System.IDisposable>)]	0	System.IDisposable::Dispose	0x0600079F	RUNTIME_DISPATCH		EXACT	lookup(receiver, interface class, slot) reaches the dispatch pointer; slot = Il2CppMethodDefinition.slot
Newtonsoft.Json.Converters.XmlNodeConverter::DeserializeValue	TAIL	currentNode @ X5 (Newtonsoft.Json.Converters.IXmlNode)	v626 @ X1_v6 (Il2CppClass<Newtonsoft.Json.Converters.IXmlNode>)	6	Newtonsoft.Json.Converters.IXmlNode::AppendChild	0x060008A8	RUNTIME_DISPATCH		EXACT	lookup(receiver, interface class, slot) reaches the dispatch pointer; slot = Il2CppMethodDefinition.slot
ES3File::Sync	CALL	v409 @ X19_v7 (ES3Writer)	[v404 @ X24_v5 (Il2CppClass<System.IDisposable>)]	0	System.IDisposable::Dispose	0x0600079F	RUNTIME_DISPATCH		EXACT	lookup(receiver, interface class, slot) reaches the dispatch pointer; slot = Il2CppMethodDefinition.slot
ES3File::Sync	CALL	v409 @ X19_v7 (ES3Writer)	[v404 @ X24_v5 (Il2CppClass<System.IDisposable>)]	0	System.IDisposable::Dispose	0x0600079F	RUNTIME_DISPATCH		EXACT	lookup(receiver, interface class, slot) reaches the dispatch pointer; slot = Il2CppMethodDefinition.slot
ES3File::GetBytes	CALL	v1379 @ X20_v23 (ES3Writer)	[v1339 @ X24_v16 (Il2CppClass<System.IDisposable>)]	0	System.IDisposable::Dispose	0x0600079F	RUNTIME_DISPATCH		EXACT	lookup(receiver, interface class, slot) reaches the dispatch pointer; slot = Il2CppMethodDefinition.slot
ES3File::GetBytes	CALL	v1379 @ X20_v23 (ES3Writer)	[v1339 @ X24_v16 (Il2CppClass<System.IDisposable>)]	0	System.IDisposable::Dispose	0x0600079F	RUNTIME_DISPATCH		EXACT	lookup(receiver, interface class, slot) reaches the dispatch pointer; slot = Il2CppMethodDefinition.slot
ES3File::GetBytes	CALL	v1379 @ X20_v23 (ES3Writer)	[v1339 @ X24_v16 (Il2CppClass<System.IDisposable>)]	0	System.IDisposable::Dispose	0x0600079F	RUNTIME_DISPATCH		EXACT	lookup(receiver, interface class, slot) reaches the dispatch pointer; slot = Il2CppMethodDefinition.slot
ES3File::GetBytes	CALL	v1379 @ X20_v23 (ES3Writer)	[v1339 @ X24_v16 (Il2CppClass<System.IDisposable>)]	0	System.IDisposable::Dispose	0x0600079F	RUNTIME_DISPATCH		EXACT	lookup(receiver, interface class, slot) reaches the dispatch pointer; slot = Il2CppMethodDefinition.slot
Newtonsoft.Json.Converters.XmlNodeConverter::CreateInstruction	TAIL	currentNode @ X3 (Newtonsoft.Json.Converters.IXmlNode)	v648 @ X1_v16 (Il2CppClass<Newtonsoft.Json.Converters.IXmlNode>)	6	Newtonsoft.Json.Converters.IXmlNode::AppendChild	0x060008A8	RUNTIME_DISPATCH		EXACT	lookup(receiver, interface class, slot) reaches the dispatch pointer; slot = Il2CppMethodDefinition.slot
ES3Writer::Merge	CALL	v410 @ X0_v4 (System.Collections.IEnumerator)	[v208 @ X23_v3 (Il2CppClass<System.IDisposable>)]	0	System.IDisposable::Dispose	0x0600079F	RUNTIME_DISPATCH		EXACT	lookup(receiver, interface class, slot) reaches the dispatch pointer; slot = Il2CppMethodDefinition.slot
ES3Writer::Merge	CALL	v354 @ X0_v16	[v208 @ X23_v3 (Il2CppClass<System.IDisposable>)]	0	System.IDisposable::Dispose	0x0600079F	RUNTIME_DISPATCH		EXACT	lookup(receiver, interface class, slot) reaches the dispatch pointer; slot = Il2CppMethodDefinition.slot
ES3Types.ES3Type_CapsuleCollider::ReadComponent	CALL	v889 @ X0_v4 (System.Collections.IEnumerator)	[v331 @ X22_v1 (Il2CppClass<System.IDisposable>)]	0	System.IDisposable::Dispose	0x0600079F	RUNTIME_DISPATCH		EXACT	lookup(receiver, interface class, slot) reaches the dispatch pointer; slot = Il2CppMethodDefinition.slot
ES3Types.ES3Type_Random::ReadObject	CALL	v544 @ X0_v4 (System.Collections.IEnumerator)	[v267 @ X22_v1 (Il2CppClass<System.IDisposable>)]	0	System.IDisposable::Dispose	0x0600079F	RUNTIME_DISPATCH		EXACT	lookup(receiver, interface class, slot) reaches the dispatch pointer; slot = Il2CppMethodDefinition.slot
ES3Types.ES3Type_EventSystem::ReadComponent	CALL	v294 @ X0_v4 (System.Collections.IEnumerator)	[v113 @ X21_v1 (Il2CppClass<System.IDisposable>)]	0	System.IDisposable::Dispose	0x0600079F	RUNTIME_DISPATCH		EXACT	lookup(receiver, interface class, slot) reaches the dispatch pointer; slot = Il2CppMethodDefinition.slot
ES3Types.ES3Type_EventSystem::ReadComponent	CALL	v239 @ X0_v16	[v112 @ X21_v3 (Il2CppClass<System.IDisposable>)]	0	System.IDisposable::Dispose	0x0600079F	RUNTIME_DISPATCH		EXACT	lookup(receiver, interface class, slot) reaches the dispatch pointer; slot = Il2CppMethodDefinition.slot
ES3Types.ES3ArrayType::ReadInto	CALL	v619 @ X0_v4 (System.Object)	[v328 @ X27_v1 (Il2CppClass<System.IDisposable>)]	0	System.IDisposable::Dispose	0x0600079F	RUNTIME_DISPATCH		EXACT	lookup(receiver, interface class, slot) reaches the dispatch pointer; slot = Il2CppMethodDefinition.slot
ES3Types.ES3ArrayType::ReadInto	CALL	v64 @ X0_v69 (System.Collections.ICollection)	[v364 @ X25_v1 (Il2CppClass<System.Collections.ICollection>)]	1	System.Collections.ICollection::get_Count	0x06002BB9	RUNTIME_DISPATCH		EXACT	lookup(receiver, interface class, slot) reaches the dispatch pointer; slot = Il2CppMethodDefinition.slot
ES3Types.ES3CollectionType::ReadICollection	CALL	collection @ X2 (System.Collections.Generic.ICollection`1<T>)	v229 @ X1_v11 (Il2CppClass<System.Collections.Generic.ICollection`1<T>>)	2	System.Collections.Generic.ICollection`1::Add	0x06002EBB	RUNTIME_DISPATCH	T	EXACT	lookup(receiver, interface class, slot) reaches the dispatch pointer; slot = Il2CppMethodDefinition.slot
ES3Types.ES3CollectionType::ReadICollectionInto	CALL	v552 @ X0_v4 (System.Collections.IEnumerator)	[v295 @ X26_v1 (Il2CppClass<System.IDisposable>)]	0	System.IDisposable::Dispose	0x0600079F	RUNTIME_DISPATCH		EXACT	lookup(receiver, interface class, slot) reaches the dispatch pointer; slot = Il2CppMethodDefinition.slot
ES3Types.ES3CollectionType::ReadICollectionInto	CALL	collection @ X2 (System.Collections.ICollection)	[v293 @ X25_v1 (Il2CppClass<System.Collections.ICollection>)]	1	System.Collections.ICollection::get_Count	0x06002BB9	RUNTIME_DISPATCH		EXACT	lookup(receiver, interface class, slot) reaches the dispatch pointer; slot = Il2CppMethodDefinition.slot
ES3Types.ES3DictionaryType::Write	CALL	v510 @ X0_v4 (System.Collections.IDictionaryEnumerator)	[v255 @ X26_v3 (Il2CppClass<System.IDisposable>)]	0	System.IDisposable::Dispose	0x0600079F	RUNTIME_DISPATCH		EXACT	lookup(receiver, interface class, slot) reaches the dispatch pointer; slot = Il2CppMethodDefinition.slot
ES3Types.ES3DictionaryType::Write	CALL	v396 @ X0_v16	[v255 @ X26_v3 (Il2CppClass<System.IDisposable>)]	0	System.IDisposable::Dispose	0x0600079F	RUNTIME_DISPATCH		EXACT	lookup(receiver, interface class, slot) reaches the dispatch pointer; slot = Il2CppMethodDefinition.slot
ES3Types.ES3HashSetType::Write	CALL	v1044 @ X0_v4 (System.Object)	[v796 @ X25_v6 (Il2CppClass<System.IDisposable>)]	0	System.IDisposable::Dispose	0x0600079F	RUNTIME_DISPATCH		EXACT	lookup(receiver, interface class, slot) reaches the dispatch pointer; slot = Il2CppMethodDefinition.slot
ES3Types.ES3HashSetType::Write	CALL	v835 @ X22_v8 (System.Collections.IEnumerable)	[v825 @ X27_v6 (Il2CppClass<System.Collections.IEnumerable>)]	0	System.Collections.IEnumerable::GetEnumerator	0x06002BC9	RUNTIME_DISPATCH		EXACT	lookup(receiver, interface class, slot) reaches the dispatch pointer; slot = Il2CppMethodDefinition.slot
ES3Types.ES3HashSetType::Write	CALL	v827 @ X0_v8 (System.Collections.IEnumerable)	[v797 @ X26_v6 (Il2CppClass<System.Collections.IEnumerator>)]	0	System.Collections.IEnumerator::MoveNext	0x06002BCA	RUNTIME_DISPATCH		EXACT	lookup(receiver, interface class, slot) reaches the dispatch pointer; slot = Il2CppMethodDefinition.slot
ES3Types.ES3HashSetType::Write	CALL	v827 @ X0_v8 (System.Collections.IEnumerable)	[v797 @ X26_v6 (Il2CppClass<System.Collections.IEnumerator>)]	1	System.Collections.IEnumerator::get_Current	0x06002BCB	RUNTIME_DISPATCH		EXACT	lookup(receiver, interface class, slot) reaches the dispatch pointer; slot = Il2CppMethodDefinition.slot
ES3Types.ES3HashSetType::Write	CALL	v567 @ X0_v40	[v796 @ X25_v6 (Il2CppClass<System.IDisposable>)]	0	System.IDisposable::Dispose	0x0600079F	RUNTIME_DISPATCH		EXACT	lookup(receiver, interface class, slot) reaches the dispatch pointer; slot = Il2CppMethodDefinition.slot
ES3Types.ES3HashSetType::Write	CALL	v993 @ X0_v63	[v796 @ X25_v6 (Il2CppClass<System.IDisposable>)]	0	System.IDisposable::Dispose	0x0600079F	RUNTIME_DISPATCH		EXACT	lookup(receiver, interface class, slot) reaches the dispatch pointer; slot = Il2CppMethodDefinition.slot
ES3Types.ES3ListType::Write	CALL	v461 @ X0_v4 (System.Object)	[v90 @ X25_v4 (Il2CppClass<System.IDisposable>)]	0	System.IDisposable::Dispose	0x0600079F	RUNTIME_DISPATCH		EXACT	lookup(receiver, interface class, slot) reaches the dispatch pointer; slot = Il2CppMethodDefinition.slot
ES3Types.ES3ListType::Write	CALL	v357 @ X0_v15	[v90 @ X25_v4 (Il2CppClass<System.IDisposable>)]	0	System.IDisposable::Dispose	0x0600079F	RUNTIME_DISPATCH		EXACT	lookup(receiver, interface class, slot) reaches the dispatch pointer; slot = Il2CppMethodDefinition.slot
ES3Types.ES3ListType::ReadInto	CALL	v484 @ X0_v4 (System.Object)	[v166 @ X27_v4 (Il2CppClass<System.IDisposable>)]	0	System.IDisposable::Dispose	0x0600079F	RUNTIME_DISPATCH		EXACT	lookup(receiver, interface class, slot) reaches the dispatch pointer; slot = Il2CppMethodDefinition.slot
ES3Types.ES3ListType::ReadInto	CALL	v428 @ X20_v2 (System.Collections.IEnumerable)	[v172 @ X26_v4 (Il2CppClass<System.Collections.ICollection>)]	1	System.Collections.ICollection::get_Count	0x06002BB9	RUNTIME_DISPATCH		EXACT	lookup(receiver, interface class, slot) reaches the dispatch pointer; slot = Il2CppMethodDefinition.slot
ES3Types.ES3ListType::ReadInto	CALL	v372 @ X0_v34	[v166 @ X27_v4 (Il2CppClass<System.IDisposable>)]	0	System.IDisposable::Dispose	0x0600079F	RUNTIME_DISPATCH		EXACT	lookup(receiver, interface class, slot) reaches the dispatch pointer; slot = Il2CppMethodDefinition.slot
ES3Types.ES3QueueType::Write	CALL	v515 @ X0_v5	[v293 @ X25_v3 (Il2CppClass<System.IDisposable>)]	0	System.IDisposable::Dispose	0x0600079F	RUNTIME_DISPATCH		EXACT	lookup(receiver, interface class, slot) reaches the dispatch pointer; slot = Il2CppMethodDefinition.slot
ES3Types.ES3QueueType::Write	CALL	v442 @ X0_v17	[v293 @ X25_v3 (Il2CppClass<System.IDisposable>)]	0	System.IDisposable::Dispose	0x0600079F	RUNTIME_DISPATCH		EXACT	lookup(receiver, interface class, slot) reaches the dispatch pointer; slot = Il2CppMethodDefinition.slot
ES3Types.ES3Type_BoxCollider::ReadComponent	CALL	v690 @ X0_v4 (System.Collections.IEnumerator)	[v305 @ X22_v1 (Il2CppClass<System.IDisposable>)]	0	System.IDisposable::Dispose	0x0600079F	RUNTIME_DISPATCH		EXACT	lookup(receiver, interface class, slot) reaches the dispatch pointer; slot = Il2CppMethodDefinition.slot
ES3Types.ES3QueueType::ReadInto	CALL	v669 @ X0_v4 (System.Object)	[v234 @ X27_v1 (Il2CppClass<System.IDisposable>)]	0	System.IDisposable::Dispose	0x0600079F	RUNTIME_DISPATCH		EXACT	lookup(receiver, interface class, slot) reaches the dispatch pointer; slot = Il2CppMethodDefinition.slot
ES3Types.ES3QueueType::ReadInto	CALL	v179 @ X0_v69 (System.Collections.IEnumerable)	[v270 @ X25_v1 (Il2CppClass<System.Collections.ICollection>)]	1	System.Collections.ICollection::get_Count	0x06002BB9	RUNTIME_DISPATCH		EXACT	lookup(receiver, interface class, slot) reaches the dispatch pointer; slot = Il2CppMethodDefinition.slot
ES3Types.ES3Type_Image::ReadComponent	CALL	v1167 @ X0_v4 (System.Collections.IEnumerator)	[v281 @ X22_v1 (Il2CppClass<System.IDisposable>)]	0	System.IDisposable::Dispose	0x0600079F	RUNTIME_DISPATCH		EXACT	lookup(receiver, interface class, slot) reaches the dispatch pointer; slot = Il2CppMethodDefinition.slot
ES3Types.ES3Type_BoxCollider2D::ReadComponent	CALL	v757 @ X0_v4 (System.Collections.IEnumerator)	[v583 @ X22_v1 (Il2CppClass<System.IDisposable>)]	0	System.IDisposable::Dispose	0x0600079F	RUNTIME_DISPATCH		EXACT	lookup(receiver, interface class, slot) reaches the dispatch pointer; slot = Il2CppMethodDefinition.slot
ES3Types.ES3StackType::Write	CALL	v515 @ X0_v5	[v293 @ X25_v3 (Il2CppClass<System.IDisposable>)]	0	System.IDisposable::Dispose	0x0600079F	RUNTIME_DISPATCH		EXACT	lookup(receiver, interface class, slot) reaches the dispatch pointer; slot = Il2CppMethodDefinition.slot
ES3Types.ES3StackType::Write	CALL	v442 @ X0_v17	[v293 @ X25_v3 (Il2CppClass<System.IDisposable>)]	0	System.IDisposable::Dispose	0x0600079F	RUNTIME_DISPATCH		EXACT	lookup(receiver, interface class, slot) reaches the dispatch pointer; slot = Il2CppMethodDefinition.slot
ES3Types.ES3Type_Light::ReadComponent	CALL	v1391 @ X0_v4 (System.Collections.IEnumerator)	[v365 @ X22_v1 (Il2CppClass<System.IDisposable>)]	0	System.IDisposable::Dispose	0x0600079F	RUNTIME_DISPATCH		EXACT	lookup(receiver, interface class, slot) reaches the dispatch pointer; slot = Il2CppMethodDefinition.slot
ES3Types.ES3StackType::ReadInto	CALL	v669 @ X0_v4 (System.Object)	[v234 @ X27_v1 (Il2CppClass<System.IDisposable>)]	0	System.IDisposable::Dispose	0x0600079F	RUNTIME_DISPATCH		EXACT	lookup(receiver, interface class, slot) reaches the dispatch pointer; slot = Il2CppMethodDefinition.slot
ES3Types.ES3StackType::ReadInto	CALL	v179 @ X0_v69 (System.Collections.IEnumerable)	[v270 @ X25_v1 (Il2CppClass<System.Collections.ICollection>)]	1	System.Collections.ICollection::get_Count	0x06002BB9	RUNTIME_DISPATCH		EXACT	lookup(receiver, interface class, slot) reaches the dispatch pointer; slot = Il2CppMethodDefinition.slot
ES3Types.ES3Type_MeshCollider::ReadComponent	CALL	v683 @ X0_v4 (System.Collections.IEnumerator)	[v295 @ X22_v1 (Il2CppClass<System.IDisposable>)]	0	System.IDisposable::Dispose	0x0600079F	RUNTIME_DISPATCH		EXACT	lookup(receiver, interface class, slot) reaches the dispatch pointer; slot = Il2CppMethodDefinition.slot
ES3Types.ES3Type_MeshFilter::ReadComponent	CALL	v431 @ X0_v4 (System.Collections.IEnumerator)	[v118 @ X23_v4 (Il2CppClass<System.IDisposable>)]	0	System.IDisposable::Dispose	0x0600079F	RUNTIME_DISPATCH		EXACT	lookup(receiver, interface class, slot) reaches the dispatch pointer; slot = Il2CppMethodDefinition.slot
ES3Types.ES3Type_MeshFilter::ReadComponent	CALL	v310 @ X0_v16	[v118 @ X23_v4 (Il2CppClass<System.IDisposable>)]	0	System.IDisposable::Dispose	0x0600079F	RUNTIME_DISPATCH		EXACT	lookup(receiver, interface class, slot) reaches the dispatch pointer; slot = Il2CppMethodDefinition.slot
ES3Types.ES3Type_MeshRenderer::ReadComponent	CALL	v1082 @ X0_v4 (System.Collections.IEnumerator)	[v263 @ X22_v1 (Il2CppClass<System.IDisposable>)]	0	System.IDisposable::Dispose	0x0600079F	RUNTIME_DISPATCH		EXACT	lookup(receiver, interface class, slot) reaches the dispatch pointer; slot = Il2CppMethodDefinition.slot
ES3Types.ES3Type_Camera::ReadComponent	CALL	v1660 @ X0_v4 (System.Collections.IEnumerator)	[v507 @ X22_v1 (Il2CppClass<System.IDisposable>)]	0	System.IDisposable::Dispose	0x0600079F	RUNTIME_DISPATCH		EXACT	lookup(receiver, interface class, slot) reaches the dispatch pointer; slot = Il2CppMethodDefinition.slot
ES3Internal.AESEncryptionAlgorithm::Encrypt	CALL	v286 @ X24_v9 (System.Security.Cryptography.CryptoStream)	[v135 @ X26_v1 (Il2CppClass<System.IDisposable>)]	0	System.IDisposable::Dispose	0x0600079F	RUNTIME_DISPATCH		EXACT	lookup(receiver, interface class, slot) reaches the dispatch pointer; slot = Il2CppMethodDefinition.slot
ES3Internal.AESEncryptionAlgorithm::Encrypt	CALL	v306 @ X20_v12 (System.Security.Cryptography.ICryptoTransform)	[v135 @ X26_v1 (Il2CppClass<System.IDisposable>)]	0	System.IDisposable::Dispose	0x0600079F	RUNTIME_DISPATCH		EXACT	lookup(receiver, interface class, slot) reaches the dispatch pointer; slot = Il2CppMethodDefinition.slot
ES3Internal.AESEncryptionAlgorithm::Encrypt	CALL	v157 @ X19_v2 (System.Security.Cryptography.Aes)	[v135 @ X26_v1 (Il2CppClass<System.IDisposable>)]	0	System.IDisposable::Dispose	0x0600079F	RUNTIME_DISPATCH		EXACT	lookup(receiver, interface class, slot) reaches the dispatch pointer; slot = Il2CppMethodDefinition.slot
ES3Internal.AESEncryptionAlgorithm::Encrypt	CALL	v286 @ X24_v9 (System.Security.Cryptography.CryptoStream)	[v135 @ X26_v1 (Il2CppClass<System.IDisposable>)]	0	System.IDisposable::Dispose	0x0600079F	RUNTIME_DISPATCH		EXACT	lookup(receiver, interface class, slot) reaches the dispatch pointer; slot = Il2CppMethodDefinition.slot
ES3Internal.AESEncryptionAlgorithm::Encrypt	CALL	v306 @ X20_v12 (System.Security.Cryptography.ICryptoTransform)	[v135 @ X26_v1 (Il2CppClass<System.IDisposable>)]	0	System.IDisposable::Dispose	0x0600079F	RUNTIME_DISPATCH		EXACT	lookup(receiver, interface class, slot) reaches the dispatch pointer; slot = Il2CppMethodDefinition.slot
ES3Internal.AESEncryptionAlgorithm::Encrypt	CALL	v157 @ X19_v2 (System.Security.Cryptography.Aes)	[v135 @ X26_v1 (Il2CppClass<System.IDisposable>)]	0	System.IDisposable::Dispose	0x0600079F	RUNTIME_DISPATCH		EXACT	lookup(receiver, interface class, slot) reaches the dispatch pointer; slot = Il2CppMethodDefinition.slot
ES3Types.ES3Type::ReadProperties	CALL	v3187 @ X0_v414 (System.Type)	[v445 @ X28_v55 (Il2CppClass<System.IDisposable>)]	0	System.IDisposable::Dispose	0x0600079F	RUNTIME_DISPATCH		EXACT	lookup(receiver, interface class, slot) reaches the dispatch pointer; slot = Il2CppMethodDefinition.slot
ES3Types.ES3Type::ReadProperties	CALL	v3693 @ X0_v355	[v2206 @ X28_v61 (Il2CppClass<System.IDisposable>)]	0	System.IDisposable::Dispose	0x0600079F	RUNTIME_DISPATCH		EXACT	lookup(receiver, interface class, slot) reaches the dispatch pointer; slot = Il2CppMethodDefinition.slot
ES3Types.ES3Type::ReadProperties	CALL	v4005 @ X0_v308	[v192 @ X28_v59 (Il2CppClass<System.IDisposable>)]	0	System.IDisposable::Dispose	0x0600079F	RUNTIME_DISPATCH		EXACT	lookup(receiver, interface class, slot) reaches the dispatch pointer; slot = Il2CppMethodDefinition.slot
ES3Types.ES3Type::ReadProperties	CALL	v4248 @ X0_v261	[v315 @ X28_v15 (Il2CppClass<System.IDisposable>)]	0	System.IDisposable::Dispose	0x0600079F	RUNTIME_DISPATCH		EXACT	lookup(receiver, interface class, slot) reaches the dispatch pointer; slot = Il2CppMethodDefinition.slot
ES3Types.ES3Type::ReadProperties	CALL	v1150 @ X0_v23	[v445 @ X28_v55 (Il2CppClass<System.IDisposable>)]	0	System.IDisposable::Dispose	0x0600079F	RUNTIME_DISPATCH		EXACT	lookup(receiver, interface class, slot) reaches the dispatch pointer; slot = Il2CppMethodDefinition.slot
ES3Types.ES3Type::ReadProperties	CALL	v954 @ X0_v46 (Il2CppClass<System.Collections.IEnumerator>)	[v953 @ X28_v13 (Il2CppClass<System.IDisposable>)]	0	System.IDisposable::Dispose	0x0600079F	RUNTIME_DISPATCH		EXACT	lookup(receiver, interface class, slot) reaches the dispatch pointer; slot = Il2CppMethodDefinition.slot
ES3Internal.ES3JSONReader::ReadElement	CALL	v581 @ X19_v7 (System.IO.StreamWriter)	[v623 @ X23_v5 (Il2CppClass<System.IDisposable>)]	0	System.IDisposable::Dispose	0x0600079F	RUNTIME_DISPATCH		EXACT	lookup(receiver, interface class, slot) reaches the dispatch pointer; slot = Il2CppMethodDefinition.slot
ES3Internal.ES3JSONReader::ReadElement	CALL	v581 @ X19_v7 (System.IO.StreamWriter)	[v623 @ X23_v5 (Il2CppClass<System.IDisposable>)]	0	System.IDisposable::Dispose	0x0600079F	RUNTIME_DISPATCH		EXACT	lookup(receiver, interface class, slot) reaches the dispatch pointer; slot = Il2CppMethodDefinition.slot
ES3Types.ES3Type_ParticleSystem::ReadComponent	CALL	v945 @ X0_v4 (System.Collections.IEnumerator)	[v236 @ X22_v1 (Il2CppClass<System.IDisposable>)]	0	System.IDisposable::Dispose	0x0600079F	RUNTIME_DISPATCH		EXACT	lookup(receiver, interface class, slot) reaches the dispatch pointer; slot = Il2CppMethodDefinition.slot
Sirenix.Serialization.MethodInfoFormatter`1::DeserializeImplementation	CALL	v1133 @ X0_v463	v2129 @ X1_v168 (Il2CppClass<Sirenix.Serialization.IFormatter`1<T>>)	1	Sirenix.Serialization.IFormatter`1::Deserialize	0x060002A2	RUNTIME_DISPATCH	T	EXACT	lookup(receiver, interface class, slot) reaches the dispatch pointer; slot = Il2CppMethodDefinition.slot
ES3Types.ES3Type_PolygonCollider2D::ReadComponent	CALL	v808 @ X0_v4 (System.Collections.IEnumerator)	[v637 @ X22_v1 (Il2CppClass<System.IDisposable>)]	0	System.IDisposable::Dispose	0x0600079F	RUNTIME_DISPATCH		EXACT	lookup(receiver, interface class, slot) reaches the dispatch pointer; slot = Il2CppMethodDefinition.slot
Sirenix.Serialization.QueueFormatter`2::DeserializeImplementation	CALL	reader @ X2 (Sirenix.Serialization.IDataReader)	[v407 @ X25_v24 (Il2CppClass<Sirenix.Serialization.IDataReader>)]	37	Sirenix.Serialization.IDataReader::SkipEntry	0x0600015E	RUNTIME_DISPATCH		EXACT	lookup(receiver, interface class, slot) reaches the dispatch pointer; slot = Il2CppMethodDefinition.slot
ES3Types.ES3Type_RawImage::ReadComponent	CALL	v1101 @ X0_v4 (System.Collections.IEnumerator)	[v371 @ X22_v1 (Il2CppClass<System.IDisposable>)]	0	System.IDisposable::Dispose	0x0600079F	RUNTIME_DISPATCH		EXACT	lookup(receiver, interface class, slot) reaches the dispatch pointer; slot = Il2CppMethodDefinition.slot
Sirenix.Serialization.StackFormatter`2::DeserializeImplementation	CALL	reader @ X2 (Sirenix.Serialization.IDataReader)	[v407 @ X25_v24 (Il2CppClass<Sirenix.Serialization.IDataReader>)]	37	Sirenix.Serialization.IDataReader::SkipEntry	0x0600015E	RUNTIME_DISPATCH		EXACT	lookup(receiver, interface class, slot) reaches the dispatch pointer; slot = Il2CppMethodDefinition.slot
Sirenix.Serialization.StackFormatter`2::SerializeImplementation	CALL	v391 @ X0_v86 (Sirenix.Serialization.Utilities.Cache`1<System.Collections.Generic.List`1<TValue>>)	[v530 @ X29_v3 (Il2CppClass<System.IDisposable>)]	0	System.IDisposable::Dispose	0x0600079F	RUNTIME_DISPATCH		EXACT	lookup(receiver, interface class, slot) reaches the dispatch pointer; slot = Il2CppMethodDefinition.slot
ES3Types.ES3Type_Rigidbody::ReadComponent	CALL	v1251 @ X0_v4 (System.Collections.IEnumerator)	[v298 @ X22_v1 (Il2CppClass<System.IDisposable>)]	0	System.IDisposable::Dispose	0x0600079F	RUNTIME_DISPATCH		EXACT	lookup(receiver, interface class, slot) reaches the dispatch pointer; slot = Il2CppMethodDefinition.slot
ES3Types.ES3Type_SphereCollider::ReadComponent	CALL	v691 @ X0_v4 (System.Collections.IEnumerator)	[v303 @ X22_v1 (Il2CppClass<System.IDisposable>)]	0	System.IDisposable::Dispose	0x0600079F	RUNTIME_DISPATCH		EXACT	lookup(receiver, interface class, slot) reaches the dispatch pointer; slot = Il2CppMethodDefinition.slot
Sirenix.Serialization.DictionaryFormatter`2::DeserializeImplementation	CALL	reader @ X2 (Sirenix.Serialization.IDataReader)	[v1507 @ X20_v9 (Il2CppClass<Sirenix.Serialization.IDataReader>)]	37	Sirenix.Serialization.IDataReader::SkipEntry	0x0600015E	RUNTIME_DISPATCH		EXACT	lookup(receiver, interface class, slot) reaches the dispatch pointer; slot = Il2CppMethodDefinition.slot
Sirenix.Serialization.DictionaryFormatter`2::DeserializeImplementation	CALL	reader @ X2 (Sirenix.Serialization.IDataReader)	[v1507 @ X20_v9 (Il2CppClass<Sirenix.Serialization.IDataReader>)]	12	Sirenix.Serialization.IDataReader::ExitNode	0x06000145	RUNTIME_DISPATCH		EXACT	lookup(receiver, interface class, slot) reaches the dispatch pointer; slot = Il2CppMethodDefinition.slot
Sirenix.Serialization.DictionaryFormatter`2::DeserializeImplementation	CALL	reader @ X2 (Sirenix.Serialization.IDataReader)	[v1507 @ X20_v9 (Il2CppClass<Sirenix.Serialization.IDataReader>)]	14	Sirenix.Serialization.IDataReader::ExitArray	0x06000147	RUNTIME_DISPATCH		EXACT	lookup(receiver, interface class, slot) reaches the dispatch pointer; slot = Il2CppMethodDefinition.slot
ES3Types.ES3Type_Text::ReadComponent	CALL	v1241 @ X0_v4 (System.Collections.IEnumerator)	[v274 @ X22_v1 (Il2CppClass<System.IDisposable>)]	0	System.IDisposable::Dispose	0x0600079F	RUNTIME_DISPATCH		EXACT	lookup(receiver, interface class, slot) reaches the dispatch pointer; slot = Il2CppMethodDefinition.slot
Sirenix.Serialization.DoubleLookupDictionaryFormatter`3::DeserializeImplementation	CALL	reader @ X2 (Sirenix.Serialization.IDataReader)	[v1460 @ X20_v8 (Il2CppClass<Sirenix.Serialization.IDataReader>)]	14	Sirenix.Serialization.IDataReader::ExitArray	0x06000147	RUNTIME_DISPATCH		EXACT	lookup(receiver, interface class, slot) reaches the dispatch pointer; slot = Il2CppMethodDefinition.slot
Sirenix.Serialization.DoubleLookupDictionaryFormatter`3::DeserializeImplementation	CALL	reader @ X2 (Sirenix.Serialization.IDataReader)	[v1460 @ X20_v8 (Il2CppClass<Sirenix.Serialization.IDataReader>)]	37	Sirenix.Serialization.IDataReader::SkipEntry	0x0600015E	RUNTIME_DISPATCH		EXACT	lookup(receiver, interface class, slot) reaches the dispatch pointer; slot = Il2CppMethodDefinition.slot
Sirenix.Serialization.DoubleLookupDictionaryFormatter`3::DeserializeImplementation	CALL	reader @ X2 (Sirenix.Serialization.IDataReader)	[v1460 @ X20_v8 (Il2CppClass<Sirenix.Serialization.IDataReader>)]	12	Sirenix.Serialization.IDataReader::ExitNode	0x06000145	RUNTIME_DISPATCH		EXACT	lookup(receiver, interface class, slot) reaches the dispatch pointer; slot = Il2CppMethodDefinition.slot
Sirenix.Serialization.DoubleLookupDictionaryFormatter`3::DeserializeImplementation	CALL	reader @ X2 (Sirenix.Serialization.IDataReader)	[v1460 @ X20_v8 (Il2CppClass<Sirenix.Serialization.IDataReader>)]	14	Sirenix.Serialization.IDataReader::ExitArray	0x06000147	RUNTIME_DISPATCH		EXACT	lookup(receiver, interface class, slot) reaches the dispatch pointer; slot = Il2CppMethodDefinition.slot
ES3Types.ES3Type_Transform::ReadComponent	CALL	v629 @ X0_v4 (System.Collections.IEnumerator)	[v311 @ X22_v1 (Il2CppClass<System.IDisposable>)]	0	System.IDisposable::Dispose	0x0600079F	RUNTIME_DISPATCH		EXACT	lookup(receiver, interface class, slot) reaches the dispatch pointer; slot = Il2CppMethodDefinition.slot
ES3Types.ES3Type_AudioClip::ReadUnityObject	CALL	v438 @ X0_v4 (System.Collections.IEnumerator)	[v120 @ X23_v4 (Il2CppClass<System.IDisposable>)]	0	System.IDisposable::Dispose	0x0600079F	RUNTIME_DISPATCH		EXACT	lookup(receiver, interface class, slot) reaches the dispatch pointer; slot = Il2CppMethodDefinition.slot
ES3Types.ES3Type_AudioClip::ReadUnityObject	CALL	v316 @ X0_v16	[v120 @ X23_v4 (Il2CppClass<System.IDisposable>)]	0	System.IDisposable::Dispose	0x0600079F	RUNTIME_DISPATCH		EXACT	lookup(receiver, interface class, slot) reaches the dispatch pointer; slot = Il2CppMethodDefinition.slot
ES3Types.ES3Type_AudioClip::ReadUnityObject	CALL	v552 @ X0_v4 (System.Collections.IEnumerator)	[v189 @ X23_v1 (Il2CppClass<System.IDisposable>)]	0	System.IDisposable::Dispose	0x0600079F	RUNTIME_DISPATCH		EXACT	lookup(receiver, interface class, slot) reaches the dispatch pointer; slot = Il2CppMethodDefinition.slot
Sirenix.Serialization.GenericCollectionFormatter`2::DeserializeImplementation	CALL	v591 @ X25_v31 (TCollection)	v1637 @ X1_v84 (Il2CppClass<System.Collections.Generic.ICollection`1<TElement>>)	2	System.Collections.Generic.ICollection`1::Add	0x06002EBB	RUNTIME_DISPATCH	TElement	EXACT	lookup(receiver, interface class, slot) reaches the dispatch pointer; slot = Il2CppMethodDefinition.slot
Sirenix.Serialization.GenericCollectionFormatter`2::DeserializeImplementation	CALL	reader @ X2 (Sirenix.Serialization.IDataReader)	[v343 @ X20_v27 (Il2CppClass<Sirenix.Serialization.IDataReader>)]	14	Sirenix.Serialization.IDataReader::ExitArray	0x06000147	RUNTIME_DISPATCH		EXACT	lookup(receiver, interface class, slot) reaches the dispatch pointer; slot = Il2CppMethodDefinition.slot
Sirenix.Serialization.GenericCollectionFormatter`2::DeserializeImplementation	CALL	reader @ X2 (Sirenix.Serialization.IDataReader)	[v343 @ X20_v27 (Il2CppClass<Sirenix.Serialization.IDataReader>)]	37	Sirenix.Serialization.IDataReader::SkipEntry	0x0600015E	RUNTIME_DISPATCH		EXACT	lookup(receiver, interface class, slot) reaches the dispatch pointer; slot = Il2CppMethodDefinition.slot
Sirenix.Serialization.GenericCollectionFormatter`2::SerializeImplementation	CALL	v128 @ X22_v15 (TCollection)	v125 @ X1_v22 (Il2CppClass<System.Collections.Generic.ICollection`1<TElement>>)	0	System.Collections.Generic.ICollection`1::get_Count	0x06002EB9	RUNTIME_DISPATCH	TElement	EXACT	lookup(receiver, interface class, slot) reaches the dispatch pointer; slot = Il2CppMethodDefinition.slot
Sirenix.Serialization.GenericCollectionFormatter`2::SerializeImplementation	CALL	v425 @ X22_v18 (TCollection)	v564 @ X1_v27 (Il2CppClass<System.Collections.Generic.IEnumerable`1<TElement>>)	0	System.Collections.Generic.IEnumerable`1::GetEnumerator	0x06002EC8	RUNTIME_DISPATCH	TElement	EXACT	lookup(receiver, interface class, slot) reaches the dispatch pointer; slot = Il2CppMethodDefinition.slot
Sirenix.Serialization.GenericCollectionFormatter`2::SerializeImplementation	CALL	v417 @ X0_v73 (System.Collections.IEnumerator)	v1149 @ X1_v33 (Il2CppClass<System.Collections.Generic.IEnumerator`1<TElement>>)	0	System.Collections.Generic.IEnumerator`1::get_Current	0x06002EC9	RUNTIME_DISPATCH	TElement	EXACT	lookup(receiver, interface class, slot) reaches the dispatch pointer; slot = Il2CppMethodDefinition.slot
Sirenix.Serialization.GenericCollectionFormatter`2::SerializeImplementation	CALL	v417 @ X0_v73 (System.Collections.IEnumerator)	[v460 @ X24_v4 (Il2CppClass<System.IDisposable>)]	0	System.IDisposable::Dispose	0x0600079F	RUNTIME_DISPATCH		EXACT	lookup(receiver, interface class, slot) reaches the dispatch pointer; slot = Il2CppMethodDefinition.slot
Sirenix.Serialization.GenericCollectionFormatter`2::SerializeImplementation	CALL	v417 @ X0_v73 (System.Collections.IEnumerator)	[v460 @ X24_v4 (Il2CppClass<System.IDisposable>)]	0	System.IDisposable::Dispose	0x0600079F	RUNTIME_DISPATCH		EXACT	lookup(receiver, interface class, slot) reaches the dispatch pointer; slot = Il2CppMethodDefinition.slot
Sirenix.Serialization.HashSetFormatter`1::DeserializeImplementation	CALL	reader @ X2 (Sirenix.Serialization.IDataReader)	[v409 @ X24_v24 (Il2CppClass<Sirenix.Serialization.IDataReader>)]	37	Sirenix.Serialization.IDataReader::SkipEntry	0x0600015E	RUNTIME_DISPATCH		EXACT	lookup(receiver, interface class, slot) reaches the dispatch pointer; slot = Il2CppMethodDefinition.slot
Sirenix.Serialization.ArrayListFormatter::DeserializeImplementation	CALL	reader @ X2 (Sirenix.Serialization.IDataReader)	[v385 @ X24_v23 (Il2CppClass<Sirenix.Serialization.IDataReader>)]	37	Sirenix.Serialization.IDataReader::SkipEntry	0x0600015E	RUNTIME_DISPATCH		EXACT	lookup(receiver, interface class, slot) reaches the dispatch pointer; slot = Il2CppMethodDefinition.slot
Sirenix.Serialization.ListFormatter`1::DeserializeImplementation	CALL	reader @ X2 (Sirenix.Serialization.IDataReader)	[v409 @ X25_v24 (Il2CppClass<Sirenix.Serialization.IDataReader>)]	37	Sirenix.Serialization.IDataReader::SkipEntry	0x0600015E	RUNTIME_DISPATCH		EXACT	lookup(receiver, interface class, slot) reaches the dispatch pointer; slot = Il2CppMethodDefinition.slot
ES3Types.ES3Type_GameObject::ReadObject	CALL	v752 @ X0_v4 (System.Collections.IEnumerator)	[v595 @ X22_v1 (Il2CppClass<System.IDisposable>)]	0	System.IDisposable::Dispose	0x0600079F	RUNTIME_DISPATCH		EXACT	lookup(receiver, interface class, slot) reaches the dispatch pointer; slot = Il2CppMethodDefinition.slot
ES3Types.ES3Type_GameObject::GetChildren	CALL	v349 @ X0_v4 (System.Collections.IEnumerator)	[v188 @ X22_v3 (Il2CppClass<System.IDisposable>)]	0	System.IDisposable::Dispose	0x0600079F	RUNTIME_DISPATCH		EXACT	lookup(receiver, interface class, slot) reaches the dispatch pointer; slot = Il2CppMethodDefinition.slot
ES3Types.ES3Type_GameObject::GetChildren	CALL	v233 @ X0_v17	[v188 @ X22_v3 (Il2CppClass<System.IDisposable>)]	0	System.IDisposable::Dispose	0x0600079F	RUNTIME_DISPATCH		EXACT	lookup(receiver, interface class, slot) reaches the dispatch pointer; slot = Il2CppMethodDefinition.slot
Sirenix.Serialization.MultiDimensionalArrayFormatter`2::DeserializeImplementation	CALL	v803 @ X19_v10 (Sirenix.Serialization.IDataReader)	v790 @ X1_v14 (Il2CppClass<Sirenix.Serialization.IDataReader>)	37	Sirenix.Serialization.IDataReader::SkipEntry	0x0600015E	RUNTIME_DISPATCH		EXACT	lookup(receiver, interface class, slot) reaches the dispatch pointer; slot = Il2CppMethodDefinition.slot
Sirenix.Serialization.MultiDimensionalArrayFormatter`2::SerializeImplementation	CALL	v185 @ X19_v4 (Sirenix.Serialization.IDataWriter)	[v435 @ X26_v4 (Il2CppClass<Sirenix.Serialization.IDataWriter>)]	13	Sirenix.Serialization.IDataWriter::EndArrayNode	0x0600016D	RUNTIME_DISPATCH		EXACT	lookup(receiver, interface class, slot) reaches the dispatch pointer; slot = Il2CppMethodDefinition.slot
Sirenix.Serialization.MultiDimensionalArrayFormatter`2::SerializeImplementation	CALL	v630.writer (Sirenix.Serialization.IDataWriter)	[v435 @ X26_v4 (Il2CppClass<Sirenix.Serialization.IDataWriter>)]	13	Sirenix.Serialization.IDataWriter::EndArrayNode	0x0600016D	RUNTIME_DISPATCH		EXACT	lookup(receiver, interface class, slot) reaches the dispatch pointer; slot = Il2CppMethodDefinition.slot
Sirenix.Serialization.SerializableFormatter`1::ReadSerializationInfo	CALL	reader @ X1 (Sirenix.Serialization.IDataReader)	[v216 @ X23_v1 (Il2CppClass<Sirenix.Serialization.IDataReader>)]	14	Sirenix.Serialization.IDataReader::ExitArray	0x06000147	RUNTIME_DISPATCH		EXACT	lookup(receiver, interface class, slot) reaches the dispatch pointer; slot = Il2CppMethodDefinition.slot
Sirenix.Serialization.SerializableFormatter`1::ReadSerializationInfo	CALL	reader @ X1 (Sirenix.Serialization.IDataReader)	[v216 @ X23_v1 (Il2CppClass<Sirenix.Serialization.IDataReader>)]	14	Sirenix.Serialization.IDataReader::ExitArray	0x06000147	RUNTIME_DISPATCH		EXACT	lookup(receiver, interface class, slot) reaches the dispatch pointer; slot = Il2CppMethodDefinition.slot
Sirenix.Serialization.DerivedDictionaryFormatter`3::DeserializeImplementation	CALL	reader @ X2 (Sirenix.Serialization.IDataReader)	[v1644 @ X20_v9 (Il2CppClass<Sirenix.Serialization.IDataReader>)]	37	Sirenix.Serialization.IDataReader::SkipEntry	0x0600015E	RUNTIME_DISPATCH		EXACT	lookup(receiver, interface class, slot) reaches the dispatch pointer; slot = Il2CppMethodDefinition.slot
Sirenix.Serialization.DerivedDictionaryFormatter`3::DeserializeImplementation	CALL	reader @ X2 (Sirenix.Serialization.IDataReader)	[v1644 @ X20_v9 (Il2CppClass<Sirenix.Serialization.IDataReader>)]	12	Sirenix.Serialization.IDataReader::ExitNode	0x06000145	RUNTIME_DISPATCH		EXACT	lookup(receiver, interface class, slot) reaches the dispatch pointer; slot = Il2CppMethodDefinition.slot
Sirenix.Serialization.DerivedDictionaryFormatter`3::DeserializeImplementation	CALL	reader @ X2 (Sirenix.Serialization.IDataReader)	[v1644 @ X20_v9 (Il2CppClass<Sirenix.Serialization.IDataReader>)]	14	Sirenix.Serialization.IDataReader::ExitArray	0x06000147	RUNTIME_DISPATCH		EXACT	lookup(receiver, interface class, slot) reaches the dispatch pointer; slot = Il2CppMethodDefinition.slot
ES3Types.ES3Type_PhysicMaterial::ReadObject	CALL	v606 @ X0_v4 (System.Collections.IEnumerator)	[v295 @ X22_v1 (Il2CppClass<System.IDisposable>)]	0	System.IDisposable::Dispose	0x0600079F	RUNTIME_DISPATCH		EXACT	lookup(receiver, interface class, slot) reaches the dispatch pointer; slot = Il2CppMethodDefinition.slot
ES3Types.ES3Type_PhysicsMaterial2D::ReadObject	CALL	v453 @ X0_v4 (System.Collections.IEnumerator)	[v122 @ X23_v4 (Il2CppClass<System.IDisposable>)]	0	System.IDisposable::Dispose	0x0600079F	RUNTIME_DISPATCH		EXACT	lookup(receiver, interface class, slot) reaches the dispatch pointer; slot = Il2CppMethodDefinition.slot
ES3Types.ES3Type_PhysicsMaterial2D::ReadObject	CALL	v320 @ X0_v16	[v122 @ X23_v4 (Il2CppClass<System.IDisposable>)]	0	System.IDisposable::Dispose	0x0600079F	RUNTIME_DISPATCH		EXACT	lookup(receiver, interface class, slot) reaches the dispatch pointer; slot = Il2CppMethodDefinition.slot
Sirenix.Serialization.Utilities.LinqExtensions::ForEach	CALL	source @ X0 (System.Collections.Generic.IEnumerable`1<T>)	Type: Il2CppClass<System.Collections.Generic.IEnumerable`1<T>>	0	System.Collections.Generic.IEnumerable`1::GetEnumerator	0x06002EC8	RUNTIME_DISPATCH	T	EXACT	lookup(receiver, interface class, slot) reaches the dispatch pointer; slot = Il2CppMethodDefinition.slot
Sirenix.Serialization.Utilities.LinqExtensions::ForEach	CALL	source @ X0 (System.Collections.Generic.IEnumerable`1<T>)	Type: Il2CppClass<System.Collections.Generic.IEnumerable`1<T>>	0	System.Collections.Generic.IEnumerable`1::GetEnumerator	0x06002EC8	RUNTIME_DISPATCH	T	EXACT	lookup(receiver, interface class, slot) reaches the dispatch pointer; slot = Il2CppMethodDefinition.slot
ES3Types.ES3Type_RectTransform::ReadComponent	CALL	v1430 @ X0_v4 (System.Collections.IEnumerator)	[v433 @ X22_v1 (Il2CppClass<System.IDisposable>)]	0	System.IDisposable::Dispose	0x0600079F	RUNTIME_DISPATCH		EXACT	lookup(receiver, interface class, slot) reaches the dispatch pointer; slot = Il2CppMethodDefinition.slot
CinemachineMixer::ProcessFrame	CALL	v210 @ X22_v5 (Cinemachine.ICameraOverrideStack)	[v220 @ X26_v5 (Il2CppClass<Cinemachine.ICameraOverrideStack>)]	0	Cinemachine.ICameraOverrideStack::SetCameraOverride	0x06000040	RUNTIME_DISPATCH		EXACT	lookup(receiver, interface class, slot) reaches the dispatch pointer; slot = Il2CppMethodDefinition.slot
Sirenix.Serialization.Utilities.ImmutableList`1::get_Count	TAIL	v4 @ X19_v1 (System.Collections.Generic.IList`1<T>)	v33 @ X1_v2 (Il2CppClass<System.Collections.Generic.ICollection`1<T>>)	0	System.Collections.Generic.ICollection`1::get_Count	0x06002EB9	RUNTIME_DISPATCH	T	EXACT	lookup(receiver, interface class, slot) reaches the dispatch pointer; slot = Il2CppMethodDefinition.slot
ES3Types.ES3Type_RenderTexture::ReadObject	CALL	v1458 @ X0_v4 (System.Collections.IEnumerator)	[v330 @ X22_v1 (Il2CppClass<System.IDisposable>)]	0	System.IDisposable::Dispose	0x0600079F	RUNTIME_DISPATCH		EXACT	lookup(receiver, interface class, slot) reaches the dispatch pointer; slot = Il2CppMethodDefinition.slot
Sirenix.Serialization.Utilities.ImmutableList`1::CopyTo	TAIL	v8 @ X21_v1 (System.Collections.Generic.IList`1<T>)	v39 @ X1_v2 (Il2CppClass<System.Collections.Generic.ICollection`1<T>>)	5	System.Collections.Generic.ICollection`1::CopyTo	0x06002EBE	RUNTIME_DISPATCH	T	EXACT	lookup(receiver, interface class, slot) reaches the dispatch pointer; slot = Il2CppMethodDefinition.slot
Sirenix.Serialization.Utilities.ImmutableList`1::GetEnumerator	TAIL	v4 @ X19_v1 (System.Collections.Generic.IList`1<T>)	v33 @ X1_v2 (Il2CppClass<System.Collections.Generic.IEnumerable`1<T>>)	0	System.Collections.Generic.IEnumerable`1::GetEnumerator	0x06002EC8	RUNTIME_DISPATCH	T	EXACT	lookup(receiver, interface class, slot) reaches the dispatch pointer; slot = Il2CppMethodDefinition.slot
Sirenix.Serialization.Utilities.ImmutableList`1::System.Collections.ICollection.CopyTo	TAIL	v14 @ X20_v1 (System.Collections.Generic.IList`1<T>)	v46 @ X21_v2 (Il2CppClass<System.Collections.Generic.ICollection`1<T>>)	5	System.Collections.Generic.ICollection`1::CopyTo	0x06002EBE	RUNTIME_DISPATCH	T	EXACT	lookup(receiver, interface class, slot) reaches the dispatch pointer; slot = Il2CppMethodDefinition.slot
Sirenix.Serialization.Utilities.TypeExtensions::GetCastMethod	CALL	v164 @ X0_v14	[v155 @ X28_v5 (Il2CppClass<System.Collections.Generic.IEnumerable`1<System.Reflection.MethodInfo>>)]	0	System.Collections.Generic.IEnumerable`1::GetEnumerator	0x06002EC8	RUNTIME_DISPATCH	System.Reflection.MethodInfo	EXACT	lookup(receiver, interface class, slot) reaches the dispatch pointer; slot = Il2CppMethodDefinition.slot
ES3Types.ES3Type_Shader::ReadInto	CALL	v462 @ X0_v4 (System.Collections.IEnumerator)	[v272 @ X22_v1 (Il2CppClass<System.IDisposable>)]	0	System.IDisposable::Dispose	0x0600079F	RUNTIME_DISPATCH		EXACT	lookup(receiver, interface class, slot) reaches the dispatch pointer; slot = Il2CppMethodDefinition.slot
Cinemachine.CinemachineVirtualCamera::OnDestroy	CALL	v419 @ X0_v6 (System.Collections.IEnumerator)	[v207 @ X23_v3 (Il2CppClass<System.IDisposable>)]	0	System.IDisposable::Dispose	0x0600079F	RUNTIME_DISPATCH		EXACT	lookup(receiver, interface class, slot) reaches the dispatch pointer; slot = Il2CppMethodDefinition.slot
Cinemachine.CinemachineVirtualCamera::OnDestroy	CALL	v361 @ X0_v19	[v207 @ X23_v3 (Il2CppClass<System.IDisposable>)]	0	System.IDisposable::Dispose	0x0600079F	RUNTIME_DISPATCH		EXACT	lookup(receiver, interface class, slot) reaches the dispatch pointer; slot = Il2CppMethodDefinition.slot
Cinemachine.CinemachineVirtualCamera::DestroyPipeline	CALL	v546 @ X0_v8 (System.Collections.IEnumerator)	[v300 @ X25_v4 (Il2CppClass<System.IDisposable>)]	0	System.IDisposable::Dispose	0x0600079F	RUNTIME_DISPATCH		EXACT	lookup(receiver, interface class, slot) reaches the dispatch pointer; slot = Il2CppMethodDefinition.slot
Cinemachine.CinemachineVirtualCamera::DestroyPipeline	CALL	v546 @ X0_v8 (System.Collections.IEnumerator)	[v300 @ X25_v4 (Il2CppClass<System.IDisposable>)]	0	System.IDisposable::Dispose	0x0600079F	RUNTIME_DISPATCH		EXACT	lookup(receiver, interface class, slot) reaches the dispatch pointer; slot = Il2CppMethodDefinition.slot
Cinemachine.CinemachineVirtualCamera::UpdateComponentPipeline	CALL	v638 @ X0_v66	[v235 @ X27_v5 (Il2CppClass<System.IDisposable>)]	0	System.IDisposable::Dispose	0x0600079F	RUNTIME_DISPATCH		EXACT	lookup(receiver, interface class, slot) reaches the dispatch pointer; slot = Il2CppMethodDefinition.slot
ES3Types.ES3Type_SkinnedMeshRenderer::ReadComponent	CALL	v1345 @ X0_v4 (System.Collections.IEnumerator)	[v314 @ X22_v1 (Il2CppClass<System.IDisposable>)]	0	System.IDisposable::Dispose	0x0600079F	RUNTIME_DISPATCH		EXACT	lookup(receiver, interface class, slot) reaches the dispatch pointer; slot = Il2CppMethodDefinition.slot
ES3Types.ES3Type_Sprite::ReadUnityObject	CALL	v294 @ X0_v4 (System.Collections.IEnumerator)	[v113 @ X21_v1 (Il2CppClass<System.IDisposable>)]	0	System.IDisposable::Dispose	0x0600079F	RUNTIME_DISPATCH		EXACT	lookup(receiver, interface class, slot) reaches the dispatch pointer; slot = Il2CppMethodDefinition.slot
ES3Types.ES3Type_Sprite::ReadUnityObject	CALL	v239 @ X0_v16	[v112 @ X21_v3 (Il2CppClass<System.IDisposable>)]	0	System.IDisposable::Dispose	0x0600079F	RUNTIME_DISPATCH		EXACT	lookup(receiver, interface class, slot) reaches the dispatch pointer; slot = Il2CppMethodDefinition.slot
ES3Types.ES3Type_Sprite::ReadUnityObject	CALL	v676 @ X0_v7 (System.Collections.IEnumerator)	[v338 @ X23_v1 (Il2CppClass<System.IDisposable>)]	0	System.IDisposable::Dispose	0x0600079F	RUNTIME_DISPATCH		EXACT	lookup(receiver, interface class, slot) reaches the dispatch pointer; slot = Il2CppMethodDefinition.slot
Cinemachine.CinemachineBlend::get_State	CALL	v961 @ X20_v8 (Cinemachine.ICinemachineCamera)	v957 @ X1_v8 (Il2CppClass<Cinemachine.ICinemachineCamera>)	8	Cinemachine.ICinemachineCamera::get_State	0x06000393	RUNTIME_DISPATCH		EXACT	lookup(receiver, interface class, slot) reaches the dispatch pointer; slot = Il2CppMethodDefinition.slot
ES3Types.ES3Type_SpriteRenderer::ReadComponent	CALL	v1448 @ X0_v4 (System.Collections.IEnumerator)	[v383 @ X22_v1 (Il2CppClass<System.IDisposable>)]	0	System.IDisposable::Dispose	0x0600079F	RUNTIME_DISPATCH		EXACT	lookup(receiver, interface class, slot) reaches the dispatch pointer; slot = Il2CppMethodDefinition.slot
Cinemachine.CinemachineImpulseDefinition::CreateStandardShapes	CALL	v1638 @ X0_v11 (System.Collections.IEnumerator)	[v1468 @ X22_v5 (Il2CppClass<System.IDisposable>)]	0	System.IDisposable::Dispose	0x0600079F	RUNTIME_DISPATCH		EXACT	lookup(receiver, interface class, slot) reaches the dispatch pointer; slot = Il2CppMethodDefinition.slot
Cinemachine.CinemachineImpulseDefinition::CreateStandardShapes	CALL	v1587 @ X0_v86	[v1468 @ X22_v5 (Il2CppClass<System.IDisposable>)]	0	System.IDisposable::Dispose	0x0600079F	RUNTIME_DISPATCH		EXACT	lookup(receiver, interface class, slot) reaches the dispatch pointer; slot = Il2CppMethodDefinition.slot
Sirenix.Utilities.TypeExtensions::GetCastMethod	CALL	v164 @ X0_v14	[v155 @ X28_v5 (Il2CppClass<System.Collections.Generic.IEnumerable`1<System.Reflection.MethodInfo>>)]	0	System.Collections.Generic.IEnumerable`1::GetEnumerator	0x06002EC8	RUNTIME_DISPATCH	System.Reflection.MethodInfo	EXACT	lookup(receiver, interface class, slot) reaches the dispatch pointer; slot = Il2CppMethodDefinition.slot
Sirenix.Utilities.LinqExtensions::ForEach	CALL	source @ X0 (System.Collections.Generic.IEnumerable`1<T>)	Type: Il2CppClass<System.Collections.Generic.IEnumerable`1<T>>	0	System.Collections.Generic.IEnumerable`1::GetEnumerator	0x06002EC8	RUNTIME_DISPATCH	T	EXACT	lookup(receiver, interface class, slot) reaches the dispatch pointer; slot = Il2CppMethodDefinition.slot
Sirenix.Utilities.LinqExtensions::ForEach	CALL	source @ X0 (System.Collections.Generic.IEnumerable`1<T>)	Type: Il2CppClass<System.Collections.Generic.IEnumerable`1<T>>	0	System.Collections.Generic.IEnumerable`1::GetEnumerator	0x06002EC8	RUNTIME_DISPATCH	T	EXACT	lookup(receiver, interface class, slot) reaches the dispatch pointer; slot = Il2CppMethodDefinition.slot
Sirenix.Utilities.LinqExtensions::AddRange	CALL	range @ X1 (System.Collections.Generic.IEnumerable`1<T>)	Type: Il2CppClass<System.Collections.Generic.IEnumerable`1<T>>	0	System.Collections.Generic.IEnumerable`1::GetEnumerator	0x06002EC8	RUNTIME_DISPATCH	T	EXACT	lookup(receiver, interface class, slot) reaches the dispatch pointer; slot = Il2CppMethodDefinition.slot
Sirenix.Utilities.LinqExtensions::IsNullOrEmpty	CALL	list @ X0 (System.Collections.Generic.IList`1<T>)	v45 @ X1_v3 (Il2CppClass<System.Collections.Generic.ICollection`1<T>>)	0	System.Collections.Generic.ICollection`1::get_Count	0x06002EB9	RUNTIME_DISPATCH	T	EXACT	lookup(receiver, interface class, slot) reaches the dispatch pointer; slot = Il2CppMethodDefinition.slot
Sirenix.Utilities.LinqExtensions::Populate	CALL	list @ X0 (System.Collections.Generic.IList`1<T>)	v73 @ X1_v3 (Il2CppClass<System.Collections.Generic.ICollection`1<T>>)	0	System.Collections.Generic.ICollection`1::get_Count	0x06002EB9	RUNTIME_DISPATCH	T	EXACT	lookup(receiver, interface class, slot) reaches the dispatch pointer; slot = Il2CppMethodDefinition.slot
Sirenix.Utilities.ListExtensions::SetLength	CALL	v201 @ X25_v8 (System.Collections.Generic.IList`1<T>)	v368 @ X1_v37 (Il2CppClass<System.Collections.Generic.ICollection`1<T>>)	0	System.Collections.Generic.ICollection`1::get_Count	0x06002EB9	RUNTIME_DISPATCH	T	EXACT	lookup(receiver, interface class, slot) reaches the dispatch pointer; slot = Il2CppMethodDefinition.slot
Sirenix.Utilities.ListExtensions::SetLength	CALL	v295 @ X25_v9 (System.Collections.Generic.IList`1<T>)	v376 @ X1_v27 (Il2CppClass<System.Collections.Generic.ICollection`1<T>>)	0	System.Collections.Generic.ICollection`1::get_Count	0x06002EB9	RUNTIME_DISPATCH	T	EXACT	lookup(receiver, interface class, slot) reaches the dispatch pointer; slot = Il2CppMethodDefinition.slot
Sirenix.Utilities.ListExtensions::SetLength	CALL	v116 @ X22_v7 (System.Collections.Generic.IList`1<T>)	v308 @ X1_v16 (Il2CppClass<System.Collections.Generic.ICollection`1<T>>)	0	System.Collections.Generic.ICollection`1::get_Count	0x06002EB9	RUNTIME_DISPATCH	T	EXACT	lookup(receiver, interface class, slot) reaches the dispatch pointer; slot = Il2CppMethodDefinition.slot
Sirenix.Utilities.ListExtensions::SetLength	CALL	v116 @ X22_v7 (System.Collections.Generic.IList`1<T>)	v665 @ X1_v19 (Il2CppClass<System.Collections.Generic.IList`1<T>>)	4	System.Collections.Generic.IList`1::RemoveAt	0x06002ED0	RUNTIME_DISPATCH	T	EXACT	lookup(receiver, interface class, slot) reaches the dispatch pointer; slot = Il2CppMethodDefinition.slot
Sirenix.Utilities.ListExtensions::SetLength	CALL	v204 @ X25_v2 (System.Collections.Generic.IList`1<T>)	v797 @ X1_v10 (Il2CppClass<System.Collections.Generic.ICollection`1<T>>)	0	System.Collections.Generic.ICollection`1::get_Count	0x06002EB9	RUNTIME_DISPATCH	T	EXACT	lookup(receiver, interface class, slot) reaches the dispatch pointer; slot = Il2CppMethodDefinition.slot
Sirenix.Utilities.ImmutableList`1::get_Count	TAIL	v4 @ X19_v1 (System.Collections.Generic.IList`1<T>)	v33 @ X1_v2 (Il2CppClass<System.Collections.Generic.ICollection`1<T>>)	0	System.Collections.Generic.ICollection`1::get_Count	0x06002EB9	RUNTIME_DISPATCH	T	EXACT	lookup(receiver, interface class, slot) reaches the dispatch pointer; slot = Il2CppMethodDefinition.slot
Sirenix.Utilities.ImmutableList`1::CopyTo	TAIL	v8 @ X21_v1 (System.Collections.Generic.IList`1<T>)	v39 @ X1_v2 (Il2CppClass<System.Collections.Generic.ICollection`1<T>>)	5	System.Collections.Generic.ICollection`1::CopyTo	0x06002EBE	RUNTIME_DISPATCH	T	EXACT	lookup(receiver, interface class, slot) reaches the dispatch pointer; slot = Il2CppMethodDefinition.slot
Sirenix.Utilities.ListExtensions::SetLength	CALL	v203 @ X24_v8 (System.Collections.Generic.IList`1<T>)	v372 @ X1_v35 (Il2CppClass<System.Collections.Generic.ICollection`1<T>>)	0	System.Collections.Generic.ICollection`1::get_Count	0x06002EB9	RUNTIME_DISPATCH	T	EXACT	lookup(receiver, interface class, slot) reaches the dispatch pointer; slot = Il2CppMethodDefinition.slot
Sirenix.Utilities.ListExtensions::SetLength	CALL	v351 @ X24_v9 (System.Collections.Generic.IList`1<T>)	v380 @ X1_v26 (Il2CppClass<System.Collections.Generic.ICollection`1<T>>)	0	System.Collections.Generic.ICollection`1::get_Count	0x06002EB9	RUNTIME_DISPATCH	T	EXACT	lookup(receiver, interface class, slot) reaches the dispatch pointer; slot = Il2CppMethodDefinition.slot
Sirenix.Utilities.ListExtensions::SetLength	CALL	v225 @ X22_v7 (System.Collections.Generic.IList`1<T>)	v364 @ X1_v15 (Il2CppClass<System.Collections.Generic.ICollection`1<T>>)	0	System.Collections.Generic.ICollection`1::get_Count	0x06002EB9	RUNTIME_DISPATCH	T	EXACT	lookup(receiver, interface class, slot) reaches the dispatch pointer; slot = Il2CppMethodDefinition.slot
Sirenix.Utilities.ListExtensions::SetLength	CALL	v225 @ X22_v7 (System.Collections.Generic.IList`1<T>)	v668 @ X1_v18 (Il2CppClass<System.Collections.Generic.IList`1<T>>)	4	System.Collections.Generic.IList`1::RemoveAt	0x06002ED0	RUNTIME_DISPATCH	T	EXACT	lookup(receiver, interface class, slot) reaches the dispatch pointer; slot = Il2CppMethodDefinition.slot
Sirenix.Utilities.ListExtensions::SetLength	CALL	v206 @ X24_v2 (System.Collections.Generic.IList`1<T>)	v816 @ X1_v9 (Il2CppClass<System.Collections.Generic.ICollection`1<T>>)	0	System.Collections.Generic.ICollection`1::get_Count	0x06002EB9	RUNTIME_DISPATCH	T	EXACT	lookup(receiver, interface class, slot) reaches the dispatch pointer; slot = Il2CppMethodDefinition.slot
Sirenix.Utilities.ImmutableList`1::GetEnumerator	TAIL	v4 @ X19_v1 (System.Collections.Generic.IList`1<T>)	v33 @ X1_v2 (Il2CppClass<System.Collections.Generic.IEnumerable`1<T>>)	0	System.Collections.Generic.IEnumerable`1::GetEnumerator	0x06002EC8	RUNTIME_DISPATCH	T	EXACT	lookup(receiver, interface class, slot) reaches the dispatch pointer; slot = Il2CppMethodDefinition.slot
Sirenix.Utilities.ImmutableList`1::System.Collections.ICollection.CopyTo	TAIL	v14 @ X20_v1 (System.Collections.Generic.IList`1<T>)	v46 @ X21_v2 (Il2CppClass<System.Collections.Generic.ICollection`1<T>>)	5	System.Collections.Generic.ICollection`1::CopyTo	0x06002EBE	RUNTIME_DISPATCH	T	EXACT	lookup(receiver, interface class, slot) reaches the dispatch pointer; slot = Il2CppMethodDefinition.slot
Sirenix.Utilities.ListExtensions::SetLength	CALL	list @ X0 (System.Collections.Generic.IList`1<T>)	v234 @ X1_v13 (Il2CppClass<System.Collections.Generic.ICollection`1<T>>)	0	System.Collections.Generic.ICollection`1::get_Count	0x06002EB9	RUNTIME_DISPATCH	T	EXACT	lookup(receiver, interface class, slot) reaches the dispatch pointer; slot = Il2CppMethodDefinition.slot
Sirenix.Utilities.ListExtensions::SetLength	CALL	list @ X0 (System.Collections.Generic.IList`1<T>)	v590 @ X1_v20 (Il2CppClass<System.Collections.Generic.ICollection`1<T>>)	0	System.Collections.Generic.ICollection`1::get_Count	0x06002EB9	RUNTIME_DISPATCH	T	EXACT	lookup(receiver, interface class, slot) reaches the dispatch pointer; slot = Il2CppMethodDefinition.slot
Sirenix.Utilities.ListExtensions::SetLength	CALL	list @ X0 (System.Collections.Generic.IList`1<T>)	v690 @ X1_v23 (Il2CppClass<System.Collections.Generic.IList`1<T>>)	4	System.Collections.Generic.IList`1::RemoveAt	0x06002ED0	RUNTIME_DISPATCH	T	EXACT	lookup(receiver, interface class, slot) reaches the dispatch pointer; slot = Il2CppMethodDefinition.slot
Sirenix.Utilities.ListExtensions::SetLength	CALL	list @ X0 (System.Collections.Generic.IList`1<T>)	v423 @ X1_v17 (Il2CppClass<System.Collections.Generic.ICollection`1<T>>)	0	System.Collections.Generic.ICollection`1::get_Count	0x06002EB9	RUNTIME_DISPATCH	T	EXACT	lookup(receiver, interface class, slot) reaches the dispatch pointer; slot = Il2CppMethodDefinition.slot
Sirenix.Utilities.ListExtensions::SetLength	CALL	list @ X0 (System.Collections.Generic.IList`1<T>)	v236 @ X1_v12 (Il2CppClass<System.Collections.Generic.ICollection`1<T>>)	0	System.Collections.Generic.ICollection`1::get_Count	0x06002EB9	RUNTIME_DISPATCH	T	EXACT	lookup(receiver, interface class, slot) reaches the dispatch pointer; slot = Il2CppMethodDefinition.slot
Sirenix.Utilities.ListExtensions::SetLength	CALL	list @ X0 (System.Collections.Generic.IList`1<T>)	v601 @ X1_v19 (Il2CppClass<System.Collections.Generic.ICollection`1<T>>)	0	System.Collections.Generic.ICollection`1::get_Count	0x06002EB9	RUNTIME_DISPATCH	T	EXACT	lookup(receiver, interface class, slot) reaches the dispatch pointer; slot = Il2CppMethodDefinition.slot
Sirenix.Utilities.ListExtensions::SetLength	CALL	list @ X0 (System.Collections.Generic.IList`1<T>)	v691 @ X1_v22 (Il2CppClass<System.Collections.Generic.IList`1<T>>)	4	System.Collections.Generic.IList`1::RemoveAt	0x06002ED0	RUNTIME_DISPATCH	T	EXACT	lookup(receiver, interface class, slot) reaches the dispatch pointer; slot = Il2CppMethodDefinition.slot
Sirenix.Utilities.ListExtensions::SetLength	CALL	list @ X0 (System.Collections.Generic.IList`1<T>)	v442 @ X1_v16 (Il2CppClass<System.Collections.Generic.ICollection`1<T>>)	0	System.Collections.Generic.ICollection`1::get_Count	0x06002EB9	RUNTIME_DISPATCH	T	EXACT	lookup(receiver, interface class, slot) reaches the dispatch pointer; slot = Il2CppMethodDefinition.slot
LayerMaskExtension::IncludesAll	CALL	v446 @ X19_v6 (System.Collections.Generic.IEnumerator`1<System.Int32>)	[v409 @ X22_v5 (Il2CppClass<System.IDisposable>)]	0	System.IDisposable::Dispose	0x0600079F	RUNTIME_DISPATCH		EXACT	lookup(receiver, interface class, slot) reaches the dispatch pointer; slot = Il2CppMethodDefinition.slot
LayerMaskExtension::IncludesAll	CALL	v206 @ X19_v4 (System.Collections.Generic.IEnumerator`1<System.Int32>)	[v166 @ X22_v3 (Il2CppClass<System.IDisposable>)]	0	System.IDisposable::Dispose	0x0600079F	RUNTIME_DISPATCH		EXACT	lookup(receiver, interface class, slot) reaches the dispatch pointer; slot = Il2CppMethodDefinition.slot
LayerMaskExtension::IncludesAny	CALL	v492 @ X19_v7 (System.Collections.Generic.IEnumerator`1<System.Int32>)	[v470 @ X22_v6 (Il2CppClass<System.IDisposable>)]	0	System.IDisposable::Dispose	0x0600079F	RUNTIME_DISPATCH		EXACT	lookup(receiver, interface class, slot) reaches the dispatch pointer; slot = Il2CppMethodDefinition.slot
LayerMaskExtension::IncludesAny	CALL	v206 @ X19_v5 (System.Collections.Generic.IEnumerator`1<System.Int32>)	[v166 @ X22_v4 (Il2CppClass<System.IDisposable>)]	0	System.IDisposable::Dispose	0x0600079F	RUNTIME_DISPATCH		EXACT	lookup(receiver, interface class, slot) reaches the dispatch pointer; slot = Il2CppMethodDefinition.slot
Mono.Security.X509.X509Chain::FindCertificateParent	CALL	v193 @ X0_v6 (Mono.Security.X509.X509CertificateCollection+X509CertificateEnumerator)	[v112 @ X23_v2 (Il2CppClass<System.IDisposable>)]	0	System.IDisposable::Dispose	0x0600079F	RUNTIME_DISPATCH		EXACT	lookup(receiver, interface class, slot) reaches the dispatch pointer; slot = Il2CppMethodDefinition.slot
Mono.Security.X509.X509Chain::FindCertificateParent	CALL	v196 @ X0_v19	[v111 @ X23_v4 (Il2CppClass<System.IDisposable>)]	0	System.IDisposable::Dispose	0x0600079F	RUNTIME_DISPATCH		EXACT	lookup(receiver, interface class, slot) reaches the dispatch pointer; slot = Il2CppMethodDefinition.slot
Mono.Security.X509.PKCS12::get_Keys	CALL	v736 @ X0_v9 (System.Collections.ArrayList)	[v94 @ X23_v4 (Il2CppClass<System.IDisposable>)]	0	System.IDisposable::Dispose	0x0600079F	RUNTIME_DISPATCH		EXACT	lookup(receiver, interface class, slot) reaches the dispatch pointer; slot = Il2CppMethodDefinition.slot
Mono.Security.X509.PKCS12::get_Certificates	CALL	v544 @ X0_v8 (System.Collections.IEnumerator)	[v318 @ X24_v5 (Il2CppClass<System.IDisposable>)]	0	System.IDisposable::Dispose	0x0600079F	RUNTIME_DISPATCH		EXACT	lookup(receiver, interface class, slot) reaches the dispatch pointer; slot = Il2CppMethodDefinition.slot
Mono.Security.X509.PKCS12::get_Certificates	CALL	v487 @ X0_v20	[v318 @ X24_v5 (Il2CppClass<System.IDisposable>)]	0	System.IDisposable::Dispose	0x0600079F	RUNTIME_DISPATCH		EXACT	lookup(receiver, interface class, slot) reaches the dispatch pointer; slot = Il2CppMethodDefinition.slot
Mono.Security.X509.PKCS12::GetExistingParameters	CALL	v228 @ X0_v6 (System.Security.Cryptography.DSAParameters)	[v156 @ X24_v1 (Il2CppClass<System.IDisposable>)]	0	System.IDisposable::Dispose	0x0600079F	RUNTIME_DISPATCH		EXACT	lookup(receiver, interface class, slot) reaches the dispatch pointer; slot = Il2CppMethodDefinition.slot
Mono.Security.X509.PKCS12::GetExistingParameters	CALL	v236 @ X0_v18	[v155 @ X24_v3 (Il2CppClass<System.IDisposable>)]	0	System.IDisposable::Dispose	0x0600079F	RUNTIME_DISPATCH		EXACT	lookup(receiver, interface class, slot) reaches the dispatch pointer; slot = Il2CppMethodDefinition.slot
Mono.Security.Authenticode.AuthenticodeDeformatter::VerifyCounterSignature	CALL	v1801 @ X0_v4 (System.String)	[v193 @ X29_v2 (Il2CppClass<System.IDisposable>)]	0	System.IDisposable::Dispose	0x0600079F	RUNTIME_DISPATCH		EXACT	lookup(receiver, interface class, slot) reaches the dispatch pointer; slot = Il2CppMethodDefinition.slot
Mono.Security.Authenticode.AuthenticodeDeformatter::VerifyCounterSignature	CALL	v1865 @ X0_v46 (Mono.Security.PKCS7+SignerInfo)	[v427 @ X26_v6 (Il2CppClass<System.IDisposable>)]	0	System.IDisposable::Dispose	0x0600079F	RUNTIME_DISPATCH		EXACT	lookup(receiver, interface class, slot) reaches the dispatch pointer; slot = Il2CppMethodDefinition.slot
Mono.Security.Authenticode.AuthenticodeDeformatter::VerifyCounterSignature	CALL	v1724 @ X0_v59 (Mono.Security.PKCS7+SignerInfo)	[v445 @ X29_v3 (Il2CppClass<System.IDisposable>)]	0	System.IDisposable::Dispose	0x0600079F	RUNTIME_DISPATCH		EXACT	lookup(receiver, interface class, slot) reaches the dispatch pointer; slot = Il2CppMethodDefinition.slot
Mono.Security.X509.PKCS12::GetBytes	CALL	returnVal2 @ X0_v574 (System.Byte[])	[v584 @ X25_v12 (Il2CppClass<System.IDisposable>)]	0	System.IDisposable::Dispose	0x0600079F	RUNTIME_DISPATCH		EXACT	lookup(receiver, interface class, slot) reaches the dispatch pointer; slot = Il2CppMethodDefinition.slot
Mono.Security.X509.PKCS12::RemoveCertificate	CALL	v709 @ X19_v16 (System.Collections.IDictionary)	[v706 @ X20_v18 (Il2CppClass<System.Collections.IDictionary>)]	0	System.Collections.IDictionary::get_Item	0x06002BBD	RUNTIME_DISPATCH		EXACT	lookup(receiver, interface class, slot) reaches the dispatch pointer; slot = Il2CppMethodDefinition.slot
Cysharp.Threading.Tasks.TaskPool`1::TryPop	CALL	v24 @ X21_v3 (T)	v121 @ X1_v4 (Il2CppClass<Cysharp.Threading.Tasks.ITaskPoolNode`1<T>>)	0	Cysharp.Threading.Tasks.ITaskPoolNode`1::get_NextNode	0x0600002D	RUNTIME_DISPATCH	T	EXACT	lookup(receiver, interface class, slot) reaches the dispatch pointer; slot = Il2CppMethodDefinition.slot
Cysharp.Threading.Tasks.TaskPool`1::TryPush	CALL	item @ X1 (T)	v196 @ X1_v5 (Il2CppClass<Cysharp.Threading.Tasks.ITaskPoolNode`1<T>>)	0	Cysharp.Threading.Tasks.ITaskPoolNode`1::get_NextNode	0x0600002D	RUNTIME_DISPATCH	T	EXACT	lookup(receiver, interface class, slot) reaches the dispatch pointer; slot = Il2CppMethodDefinition.slot
Cysharp.Threading.Tasks.TriggerEvent`1::Add	CALL	v44 @ X22_v15 (Cysharp.Threading.Tasks.ITriggerHandler`1<T>)	v188 @ X1_v37 (Il2CppClass<Cysharp.Threading.Tasks.ITriggerHandler`1<T>>)	2	Cysharp.Threading.Tasks.ITriggerHandler`1::get_Prev	0x06000033	RUNTIME_DISPATCH	T	EXACT	lookup(receiver, interface class, slot) reaches the dispatch pointer; slot = Il2CppMethodDefinition.slot
Cysharp.Threading.Tasks.TriggerEvent`1::Add	CALL	v16 @ X22_v2 (Cysharp.Threading.Tasks.ITriggerHandler`1<T>)	v177 @ X1_v15 (Il2CppClass<Cysharp.Threading.Tasks.ITriggerHandler`1<T>>)	2	Cysharp.Threading.Tasks.ITriggerHandler`1::get_Prev	0x06000033	RUNTIME_DISPATCH	T	EXACT	lookup(receiver, interface class, slot) reaches the dispatch pointer; slot = Il2CppMethodDefinition.slot
Cysharp.Threading.Tasks.TriggerEvent`1::Add	CALL	v231 @ X23_v12 (Cysharp.Threading.Tasks.ITriggerHandler`1<T>)	v427 @ X1_v40 (Il2CppClass<Cysharp.Threading.Tasks.ITriggerHandler`1<T>>)	3	Cysharp.Threading.Tasks.ITriggerHandler`1::set_Prev	0x06000034	RUNTIME_DISPATCH	T	EXACT	lookup(receiver, interface class, slot) reaches the dispatch pointer; slot = Il2CppMethodDefinition.slot
Cysharp.Threading.Tasks.TriggerEvent`1::Add	CALL	v288 @ X0_v95 (Cysharp.Threading.Tasks.ITriggerHandler`1<T>)	v609 @ X1_v50 (Il2CppClass<Cysharp.Threading.Tasks.ITriggerHandler`1<T>>)	5	Cysharp.Threading.Tasks.ITriggerHandler`1::set_Next	0x06000036	RUNTIME_DISPATCH	T	EXACT	lookup(receiver, interface class, slot) reaches the dispatch pointer; slot = Il2CppMethodDefinition.slot
Cysharp.Threading.Tasks.TriggerEvent`1::Add	CALL	v294 @ X22_v17 (Cysharp.Threading.Tasks.ITriggerHandler`1<T>)	v691 @ X1_v43 (Il2CppClass<Cysharp.Threading.Tasks.ITriggerHandler`1<T>>)	5	Cysharp.Threading.Tasks.ITriggerHandler`1::set_Next	0x06000036	RUNTIME_DISPATCH	T	EXACT	lookup(receiver, interface class, slot) reaches the dispatch pointer; slot = Il2CppMethodDefinition.slot
Cysharp.Threading.Tasks.TriggerEvent`1::Add	CALL	v232 @ X23_v11 (Cysharp.Threading.Tasks.ITriggerHandler`1<T>)	v419 @ X1_v18 (Il2CppClass<Cysharp.Threading.Tasks.ITriggerHandler`1<T>>)	3	Cysharp.Threading.Tasks.ITriggerHandler`1::set_Prev	0x06000034	RUNTIME_DISPATCH	T	EXACT	lookup(receiver, interface class, slot) reaches the dispatch pointer; slot = Il2CppMethodDefinition.slot
Cysharp.Threading.Tasks.TriggerEvent`1::Add	CALL	v289 @ X0_v35 (Cysharp.Threading.Tasks.ITriggerHandler`1<T>)	v593 @ X1_v28 (Il2CppClass<Cysharp.Threading.Tasks.ITriggerHandler`1<T>>)	5	Cysharp.Threading.Tasks.ITriggerHandler`1::set_Next	0x06000036	RUNTIME_DISPATCH	T	EXACT	lookup(receiver, interface class, slot) reaches the dispatch pointer; slot = Il2CppMethodDefinition.slot
Cysharp.Threading.Tasks.TriggerEvent`1::Add	CALL	v295 @ X22_v14 (Cysharp.Threading.Tasks.ITriggerHandler`1<T>)	v654 @ X1_v21 (Il2CppClass<Cysharp.Threading.Tasks.ITriggerHandler`1<T>>)	5	Cysharp.Threading.Tasks.ITriggerHandler`1::set_Next	0x06000036	RUNTIME_DISPATCH	T	EXACT	lookup(receiver, interface class, slot) reaches the dispatch pointer; slot = Il2CppMethodDefinition.slot
Cysharp.Threading.Tasks.TriggerEvent`1::Add	TAIL	handler @ X1 (Cysharp.Threading.Tasks.ITriggerHandler`1<T>)	v1147 @ X1_v11 (Il2CppClass<Cysharp.Threading.Tasks.ITriggerHandler`1<T>>)	3	Cysharp.Threading.Tasks.ITriggerHandler`1::set_Prev	0x06000034	RUNTIME_DISPATCH	T	EXACT	lookup(receiver, interface class, slot) reaches the dispatch pointer; slot = Il2CppMethodDefinition.slot
Cysharp.Threading.Tasks.TriggerEvent`1::Remove	CALL	handler @ X1 (Cysharp.Threading.Tasks.ITriggerHandler`1<T>)	v168 @ X1_v5 (Il2CppClass<Cysharp.Threading.Tasks.ITriggerHandler`1<T>>)	2	Cysharp.Threading.Tasks.ITriggerHandler`1::get_Prev	0x06000033	RUNTIME_DISPATCH	T	EXACT	lookup(receiver, interface class, slot) reaches the dispatch pointer; slot = Il2CppMethodDefinition.slot
Cysharp.Threading.Tasks.TriggerEvent`1::Remove	CALL	handler @ X1 (Cysharp.Threading.Tasks.ITriggerHandler`1<T>)	v334 @ X1_v8 (Il2CppClass<Cysharp.Threading.Tasks.ITriggerHandler`1<T>>)	4	Cysharp.Threading.Tasks.ITriggerHandler`1::get_Next	0x06000035	RUNTIME_DISPATCH	T	EXACT	lookup(receiver, interface class, slot) reaches the dispatch pointer; slot = Il2CppMethodDefinition.slot
Cysharp.Threading.Tasks.TriggerEvent`1::Remove	CALL	v415 @ X0_v23 (Cysharp.Threading.Tasks.ITriggerHandler`1<T>)	v492 @ X1_v52 (Il2CppClass<Cysharp.Threading.Tasks.ITriggerHandler`1<T>>)	3	Cysharp.Threading.Tasks.ITriggerHandler`1::set_Prev	0x06000034	RUNTIME_DISPATCH	T	EXACT	lookup(receiver, interface class, slot) reaches the dispatch pointer; slot = Il2CppMethodDefinition.slot
Cysharp.Threading.Tasks.TriggerEvent`1::Remove	CALL	v315 @ X0_v18 (Cysharp.Threading.Tasks.ITriggerHandler`1<T>)	v668 @ X1_v48 (Il2CppClass<Cysharp.Threading.Tasks.ITriggerHandler`1<T>>)	5	Cysharp.Threading.Tasks.ITriggerHandler`1::set_Next	0x06000036	RUNTIME_DISPATCH	T	EXACT	lookup(receiver, interface class, slot) reaches the dispatch pointer; slot = Il2CppMethodDefinition.slot
Cysharp.Threading.Tasks.TriggerEvent`1::Remove	CALL	v580 @ X23_v3 (Cysharp.Threading.Tasks.ITriggerHandler`1<T>)	v762 @ X1_v38 (Il2CppClass<Cysharp.Threading.Tasks.ITriggerHandler`1<T>>)	2	Cysharp.Threading.Tasks.ITriggerHandler`1::get_Prev	0x06000033	RUNTIME_DISPATCH	T	EXACT	lookup(receiver, interface class, slot) reaches the dispatch pointer; slot = Il2CppMethodDefinition.slot
Cysharp.Threading.Tasks.TriggerEvent`1::Remove	CALL	v654 @ X23_v5 (Cysharp.Threading.Tasks.ITriggerHandler`1<T>)	v835 @ X1_v24 (Il2CppClass<Cysharp.Threading.Tasks.ITriggerHandler`1<T>>)	2	Cysharp.Threading.Tasks.ITriggerHandler`1::get_Prev	0x06000033	RUNTIME_DISPATCH	T	EXACT	lookup(receiver, interface class, slot) reaches the dispatch pointer; slot = Il2CppMethodDefinition.slot
Cysharp.Threading.Tasks.TriggerEvent`1::Remove	CALL	v253 @ X23_v8 (Cysharp.Threading.Tasks.ITriggerHandler`1<T>)	v1139 @ X1_v27 (Il2CppClass<Cysharp.Threading.Tasks.ITriggerHandler`1<T>>)	2	Cysharp.Threading.Tasks.ITriggerHandler`1::get_Prev	0x06000033	RUNTIME_DISPATCH	T	EXACT	lookup(receiver, interface class, slot) reaches the dispatch pointer; slot = Il2CppMethodDefinition.slot
Cysharp.Threading.Tasks.TriggerEvent`1::Remove	CALL	handler @ X1 (Cysharp.Threading.Tasks.ITriggerHandler`1<T>)	v842 @ X1_v16 (Il2CppClass<Cysharp.Threading.Tasks.ITriggerHandler`1<T>>)	3	Cysharp.Threading.Tasks.ITriggerHandler`1::set_Prev	0x06000034	RUNTIME_DISPATCH	T	EXACT	lookup(receiver, interface class, slot) reaches the dispatch pointer; slot = Il2CppMethodDefinition.slot
Cysharp.Threading.Tasks.TriggerEvent`1::Remove	TAIL	handler @ X1 (Cysharp.Threading.Tasks.ITriggerHandler`1<T>)	v1077 @ X1_v19 (Il2CppClass<Cysharp.Threading.Tasks.ITriggerHandler`1<T>>)	5	Cysharp.Threading.Tasks.ITriggerHandler`1::set_Next	0x06000036	RUNTIME_DISPATCH	T	EXACT	lookup(receiver, interface class, slot) reaches the dispatch pointer; slot = Il2CppMethodDefinition.slot
Cysharp.Threading.Tasks.TriggerEvent`1::Remove	CALL	v315 @ X0_v18 (Cysharp.Threading.Tasks.ITriggerHandler`1<T>)	Type: Il2CppClass<Cysharp.Threading.Tasks.ITriggerHandler`1<T>>	3	Cysharp.Threading.Tasks.ITriggerHandler`1::set_Prev	0x06000034	RUNTIME_DISPATCH	T	EXACT	lookup(receiver, interface class, slot) reaches the dispatch pointer; slot = Il2CppMethodDefinition.slot
Cysharp.Threading.Tasks.TriggerEvent`1::Remove	CALL	v282 @ X21_v5 (Cysharp.Threading.Tasks.ITriggerHandler`1<T>)	Type: Il2CppClass<Cysharp.Threading.Tasks.ITriggerHandler`1<T>>	3	Cysharp.Threading.Tasks.ITriggerHandler`1::set_Prev	0x06000034	RUNTIME_DISPATCH	T	EXACT	lookup(receiver, interface class, slot) reaches the dispatch pointer; slot = Il2CppMethodDefinition.slot
Cysharp.Threading.Tasks.Triggers.AsyncTriggerHandler`1::Cysharp.Threading.Tasks.IUniTaskSource.GetResult	TAIL	this @ X0 (Cysharp.Threading.Tasks.Triggers.AsyncTriggerHandler`1<T>)	v36 @ X1_v2 (Il2CppClass<Cysharp.Threading.Tasks.IUniTaskSource`1<T>>)	0	Cysharp.Threading.Tasks.IUniTaskSource`1::GetResult	0x0600000D	RUNTIME_DISPATCH	T	EXACT	lookup(receiver, interface class, slot) reaches the dispatch pointer; slot = Il2CppMethodDefinition.slot
Tayx.Graphy.Fps.G_FpsManager::Init	CALL	v340 @ X0_v6 (System.Collections.IEnumerator)	[v220 @ X24_v3 (Il2CppClass<System.IDisposable>)]	0	System.IDisposable::Dispose	0x0600079F	RUNTIME_DISPATCH		EXACT	lookup(receiver, interface class, slot) reaches the dispatch pointer; slot = Il2CppMethodDefinition.slot
Tayx.Graphy.Fps.G_FpsManager::Init	CALL	v285 @ X0_v18	[v220 @ X24_v3 (Il2CppClass<System.IDisposable>)]	0	System.IDisposable::Dispose	0x0600079F	RUNTIME_DISPATCH		EXACT	lookup(receiver, interface class, slot) reaches the dispatch pointer; slot = Il2CppMethodDefinition.slot
Tayx.Graphy.Audio.G_AudioManager::Init	CALL	v340 @ X0_v6 (System.Collections.IEnumerator)	[v220 @ X24_v3 (Il2CppClass<System.IDisposable>)]	0	System.IDisposable::Dispose	0x0600079F	RUNTIME_DISPATCH		EXACT	lookup(receiver, interface class, slot) reaches the dispatch pointer; slot = Il2CppMethodDefinition.slot
Tayx.Graphy.Audio.G_AudioManager::Init	CALL	v285 @ X0_v18	[v220 @ X24_v3 (Il2CppClass<System.IDisposable>)]	0	System.IDisposable::Dispose	0x0600079F	RUNTIME_DISPATCH		EXACT	lookup(receiver, interface class, slot) reaches the dispatch pointer; slot = Il2CppMethodDefinition.slot
Tayx.Graphy.Ram.G_RamManager::Init	CALL	v335 @ X0_v6 (System.Collections.IEnumerator)	[v220 @ X24_v3 (Il2CppClass<System.IDisposable>)]	0	System.IDisposable::Dispose	0x0600079F	RUNTIME_DISPATCH		EXACT	lookup(receiver, interface class, slot) reaches the dispatch pointer; slot = Il2CppMethodDefinition.slot
Tayx.Graphy.Ram.G_RamManager::Init	CALL	v282 @ X0_v18	[v220 @ X24_v3 (Il2CppClass<System.IDisposable>)]	0	System.IDisposable::Dispose	0x0600079F	RUNTIME_DISPATCH		EXACT	lookup(receiver, interface class, slot) reaches the dispatch pointer; slot = Il2CppMethodDefinition.slot
