Newtonsoft.Json.JsonConvert::DeserializeObject	CALL	v258 @ X19_v5 (Newtonsoft.Json.JsonTextReader)	v265 @ X1_v8	0	System.IDisposable::Dispose	0x06000742	RUNTIME_DISPATCH		EXACT	lookup(receiver, interface class, slot) reaches the dispatch pointer; slot = Il2CppMethodDefinition.slot
Newtonsoft.Json.JsonConvert::DeserializeObject	CALL	v132 @ X19_v4 (Newtonsoft.Json.JsonTextReader)	v189 @ X1_v5	0	System.IDisposable::Dispose	0x06000742	RUNTIME_DISPATCH		EXACT	lookup(receiver, interface class, slot) reaches the dispatch pointer; slot = Il2CppMethodDefinition.slot
Newtonsoft.Json.JsonConvert::DeserializeObject	CALL	v258 @ X19_v5 (Newtonsoft.Json.JsonTextReader)	v265 @ X1_v8	0	System.IDisposable::Dispose	0x06000742	RUNTIME_DISPATCH		EXACT	lookup(receiver, interface class, slot) reaches the dispatch pointer; slot = Il2CppMethodDefinition.slot
Newtonsoft.Json.JsonConvert::DeserializeObject	CALL	v132 @ X19_v4 (Newtonsoft.Json.JsonTextReader)	v189 @ X1_v5	0	System.IDisposable::Dispose	0x06000742	RUNTIME_DISPATCH		EXACT	lookup(receiver, interface class, slot) reaches the dispatch pointer; slot = Il2CppMethodDefinition.slot
Newtonsoft.Json.JsonValidatingReader::get_CurrentMemberSchemas	CALL	v183 @ X21_v1 (System.IDisposable)	v928 @ X1_v23 (Il2CppClass<System.IDisposable>)	0	System.IDisposable::Dispose	0x06000742	RUNTIME_DISPATCH		EXACT	lookup(receiver, interface class, slot) reaches the dispatch pointer; slot = Il2CppMethodDefinition.slot
Newtonsoft.Json.Utilities.BidirectionalDictionary`2::Set	CALL	v14 @ X23_v1 (System.Collections.Generic.IDictionary`2<TFirst, TSecond>)	v161 @ X1_v8 (Il2CppClass<System.Collections.Generic.IDictionary`2<TFirst, TSecond>>)	7	System.Collections.Generic.IDictionary`2::TryGetValue	0x06002E05	RUNTIME_DISPATCH	TFirst,TSecond	EXACT	lookup(receiver, interface class, slot) reaches the dispatch pointer; slot = Il2CppMethodDefinition.slot
Newtonsoft.Json.Utilities.BidirectionalDictionary`2::Set	CALL	v139 @ X23_v5 (System.Collections.Generic.IDictionary`2<TSecond, TFirst>)	v322 @ X1_v12 (Il2CppClass<System.Collections.Generic.IDictionary`2<TSecond, TFirst>>)	7	System.Collections.Generic.IDictionary`2::TryGetValue	0x06002E05	RUNTIME_DISPATCH	TSecond,TFirst	EXACT	lookup(receiver, interface class, slot) reaches the dispatch pointer; slot = Il2CppMethodDefinition.slot
Newtonsoft.Json.Utilities.BidirectionalDictionary`2::Set	CALL	v140 @ X23_v6 (System.Collections.Generic.IDictionary`2<TFirst, TSecond>)	v467 @ X1_v16 (Il2CppClass<System.Collections.Generic.IDictionary`2<TFirst, TSecond>>)	5	System.Collections.Generic.IDictionary`2::Add	0x06002E03	RUNTIME_DISPATCH	TFirst,TSecond	EXACT	lookup(receiver, interface class, slot) reaches the dispatch pointer; slot = Il2CppMethodDefinition.slot
Newtonsoft.Json.Utilities.BidirectionalDictionary`2::Set	CALL	v121 @ X22_v5 (System.Collections.Generic.IDictionary`2<TSecond, TFirst>)	v545 @ X1_v19 (Il2CppClass<System.Collections.Generic.IDictionary`2<TSecond, TFirst>>)	5	System.Collections.Generic.IDictionary`2::Add	0x06002E03	RUNTIME_DISPATCH	TSecond,TFirst	EXACT	lookup(receiver, interface class, slot) reaches the dispatch pointer; slot = Il2CppMethodDefinition.slot
Newtonsoft.Json.Utilities.BidirectionalDictionary`2::TryGetByFirst	TAIL	v8 @ X21_v1 (System.Collections.Generic.IDictionary`2<TFirst, TSecond>)	v39 @ X1_v2 (Il2CppClass<System.Collections.Generic.IDictionary`2<TFirst, TSecond>>)	7	System.Collections.Generic.IDictionary`2::TryGetValue	0x06002E05	RUNTIME_DISPATCH	TFirst,TSecond	EXACT	lookup(receiver, interface class, slot) reaches the dispatch pointer; slot = Il2CppMethodDefinition.slot
Newtonsoft.Json.Utilities.BidirectionalDictionary`2::TryGetBySecond	TAIL	v8 @ X21_v1 (System.Collections.Generic.IDictionary`2<TSecond, TFirst>)	v39 @ X1_v2 (Il2CppClass<System.Collections.Generic.IDictionary`2<TSecond, TFirst>>)	7	System.Collections.Generic.IDictionary`2::TryGetValue	0x06002E05	RUNTIME_DISPATCH	TSecond,TFirst	EXACT	lookup(receiver, interface class, slot) reaches the dispatch pointer; slot = Il2CppMethodDefinition.slot
Newtonsoft.Json.Utilities.CollectionUtils::IsNullOrEmpty	CALL	collection @ X0 (System.Collections.Generic.ICollection`1<T>)	v45 @ X1_v3 (Il2CppClass<System.Collections.Generic.ICollection`1<T>>)	0	System.Collections.Generic.ICollection`1::get_Count	0x06002DF6	RUNTIME_DISPATCH	T	EXACT	lookup(receiver, interface class, slot) reaches the dispatch pointer; slot = Il2CppMethodDefinition.slot
Newtonsoft.Json.Utilities.CollectionUtils::AddRange	CALL	collection @ X1 (System.Collections.Generic.IEnumerable`1<T>)	v127 @ X1_v14 (Il2CppClass<System.Collections.Generic.IEnumerable`1<T>>)	0	System.Collections.Generic.IEnumerable`1::GetEnumerator	0x06002E06	RUNTIME_DISPATCH	T	EXACT	lookup(receiver, interface class, slot) reaches the dispatch pointer; slot = Il2CppMethodDefinition.slot
Newtonsoft.Json.Utilities.CollectionUtils::AddRange	CALL	v264 @ X0_v45 (System.Collections.IEnumerator)	v480 @ X1_v20 (Il2CppClass<System.Collections.Generic.IEnumerator`1<T>>)	0	System.Collections.Generic.IEnumerator`1::get_Current	0x06002E07	RUNTIME_DISPATCH	T	EXACT	lookup(receiver, interface class, slot) reaches the dispatch pointer; slot = Il2CppMethodDefinition.slot
Newtonsoft.Json.Utilities.CollectionUtils::AddRange	CALL	initial @ X0 (System.Collections.Generic.IList`1<T>)	v726 @ X1_v23 (Il2CppClass<System.Collections.Generic.ICollection`1<T>>)	2	System.Collections.Generic.ICollection`1::Add	0x06002DF8	RUNTIME_DISPATCH	T	EXACT	lookup(receiver, interface class, slot) reaches the dispatch pointer; slot = Il2CppMethodDefinition.slot
Newtonsoft.Json.Utilities.CollectionUtils::ContainsValue	CALL	source @ X0 (System.Collections.Generic.IEnumerable`1<TSource>)	v137 @ X1_v15 (Il2CppClass<System.Collections.Generic.IEnumerable`1<TSource>>)	0	System.Collections.Generic.IEnumerable`1::GetEnumerator	0x06002E06	RUNTIME_DISPATCH	TSource	EXACT	lookup(receiver, interface class, slot) reaches the dispatch pointer; slot = Il2CppMethodDefinition.slot
Newtonsoft.Json.Utilities.CollectionUtils::ContainsValue	CALL	v226 @ X0_v47 (System.Collections.IEnumerator)	v454 @ X1_v21 (Il2CppClass<System.Collections.Generic.IEnumerator`1<TSource>>)	0	System.Collections.Generic.IEnumerator`1::get_Current	0x06002E07	RUNTIME_DISPATCH	TSource	EXACT	lookup(receiver, interface class, slot) reaches the dispatch pointer; slot = Il2CppMethodDefinition.slot
Newtonsoft.Json.Utilities.CollectionUtils::ContainsValue	CALL	v62 @ X22_v2 (System.Collections.Generic.IEqualityComparer`1<TSource>)	v807 @ X1_v24 (Il2CppClass<System.Collections.Generic.IEqualityComparer`1<TSource>>)	0	System.Collections.Generic.IEqualityComparer`1::Equals	0x06002E08	RUNTIME_DISPATCH	TSource	EXACT	lookup(receiver, interface class, slot) reaches the dispatch pointer; slot = Il2CppMethodDefinition.slot
Newtonsoft.Json.Utilities.CollectionUtils::AddRangeDistinct	CALL	values @ X1 (System.Collections.Generic.IEnumerable`1<T>)	v60 @ X1_v11 (Il2CppClass<System.Collections.Generic.IEnumerable`1<T>>)	0	System.Collections.Generic.IEnumerable`1::GetEnumerator	0x06002E06	RUNTIME_DISPATCH	T	EXACT	lookup(receiver, interface class, slot) reaches the dispatch pointer; slot = Il2CppMethodDefinition.slot
Newtonsoft.Json.Utilities.CollectionUtils::AddRangeDistinct	CALL	v110 @ X0_v36 (System.Collections.IEnumerator)	v566 @ X1_v17 (Il2CppClass<System.Collections.Generic.IEnumerator`1<T>>)	0	System.Collections.Generic.IEnumerator`1::get_Current	0x06002E07	RUNTIME_DISPATCH	T	EXACT	lookup(receiver, interface class, slot) reaches the dispatch pointer; slot = Il2CppMethodDefinition.slot
Newtonsoft.Json.Utilities.CollectionUtils::IndexOf	CALL	collection @ X0 (System.Collections.Generic.IEnumerable`1<T>)	v112 @ X1_v13 (Il2CppClass<System.Collections.Generic.IEnumerable`1<T>>)	0	System.Collections.Generic.IEnumerable`1::GetEnumerator	0x06002E06	RUNTIME_DISPATCH	T	EXACT	lookup(receiver, interface class, slot) reaches the dispatch pointer; slot = Il2CppMethodDefinition.slot
Newtonsoft.Json.Utilities.CollectionUtils::IndexOf	CALL	v151 @ X0_v38 (System.Collections.IEnumerator)	v609 @ X1_v19 (Il2CppClass<System.Collections.Generic.IEnumerator`1<T>>)	0	System.Collections.Generic.IEnumerator`1::get_Current	0x06002E07	RUNTIME_DISPATCH	T	EXACT	lookup(receiver, interface class, slot) reaches the dispatch pointer; slot = Il2CppMethodDefinition.slot
Newtonsoft.Json.Utilities.CollectionWrapper`1::Add	CALL	this._genericCollection (System.Collections.Generic.ICollection`1<T>)	Type: Il2CppClass<System.Collections.Generic.ICollection`1<T>>	2	System.Collections.Generic.ICollection`1::Add	0x06002DF8	RUNTIME_DISPATCH		UNRESOLVED	INVOKER_THROUGH_METHOD:METADATA_USAGE:DISPATCH_PATH_NOT_RECOVERED	
Newtonsoft.Json.Utilities.CollectionWrapper`1::Clear	TAIL	v37 @ X19_v2 (System.Collections.Generic.ICollection`1<T>)	v162 @ X1_v4 (Il2CppClass<System.Collections.IList>)	v150 @ X2_v3 (System.Int32)			RUNTIME_DISPATCH		UNRESOLVED	METHOD_POINTER:TYPED_CLASS_LOCAL:SLOT_NAMES_NO_METHOD	
Newtonsoft.Json.Utilities.CollectionWrapper`1::Contains	CALL	this._genericCollection (System.Collections.Generic.ICollection`1<T>)	Type: Il2CppClass<System.Collections.Generic.ICollection`1<T>>	4	System.Collections.Generic.ICollection`1::Contains	0x06002DFA	RUNTIME_DISPATCH		UNRESOLVED	INVOKER_THROUGH_METHOD:METADATA_USAGE:DISPATCH_PATH_NOT_RECOVERED	
Newtonsoft.Json.Utilities.CollectionWrapper`1::CopyTo	TAIL	v171 @ X0_v6	v170 @ X1_v4 (Il2CppClass<System.Collections.ICollection>)	v158 @ X2_v3 (System.Int32)			RUNTIME_DISPATCH		UNRESOLVED	METHOD_POINTER:TYPED_CLASS_LOCAL:SLOT_NAMES_NO_METHOD	
Newtonsoft.Json.Utilities.CollectionWrapper`1::get_Count	TAIL	v165 @ X0_v6	v164 @ X1_v4 (Il2CppClass<System.Collections.ICollection>)	v152 @ X2_v3 (System.Int32)			RUNTIME_DISPATCH		UNRESOLVED	METHOD_POINTER:TYPED_CLASS_LOCAL:SLOT_NAMES_NO_METHOD	
Newtonsoft.Json.Utilities.CollectionWrapper`1::get_IsReadOnly	TAIL	v37 @ X19_v2 (System.Collections.Generic.ICollection`1<T>)	v162 @ X1_v4 (Il2CppClass<System.Collections.IList>)	v150 @ X2_v3 (System.Int32)			RUNTIME_DISPATCH		UNRESOLVED	METHOD_POINTER:TYPED_CLASS_LOCAL:SLOT_NAMES_NO_METHOD	
Newtonsoft.Json.Utilities.CollectionWrapper`1::Remove	CALL	this._genericCollection (System.Collections.Generic.ICollection`1<T>)	Type: Il2CppClass<System.Collections.Generic.ICollection`1<T>>	6	System.Collections.Generic.ICollection`1::Remove	0x06002DFC	RUNTIME_DISPATCH		UNRESOLVED	INVOKER_THROUGH_METHOD:METADATA_USAGE:DISPATCH_PATH_NOT_RECOVERED	
Newtonsoft.Json.Utilities.CollectionWrapper`1::GetEnumerator	TAIL	v39 @ X19_v2 (System.Collections.Generic.ICollection`1<T>)	v50 @ X1_v3 (Il2CppClass<System.Collections.Generic.IEnumerable`1<T>>)	0	System.Collections.Generic.IEnumerable`1::GetEnumerator	0x06002E06	RUNTIME_DISPATCH	T	EXACT	lookup(receiver, interface class, slot) reaches the dispatch pointer; slot = Il2CppMethodDefinition.slot
Newtonsoft.Json.Utilities.CollectionWrapper`1::System.Collections.IList.get_IsFixedSize	TAIL	v37 @ X19_v2 (System.Collections.Generic.ICollection`1<T>)	v162 @ X1_v4 (Il2CppClass<System.Collections.IList>)	v150 @ X2_v3 (System.Int32)			RUNTIME_DISPATCH		UNRESOLVED	METHOD_POINTER:TYPED_CLASS_LOCAL:SLOT_NAMES_NO_METHOD	
Newtonsoft.Json.Utilities.ConvertUtils::EnsureTypeAssignable	CALL	v98.CastConverters (Newtonsoft.Json.Utilities.ThreadSafeStore`2<Newtonsoft.Json.Utilities.StructMultiKey`2<System.Type, System.Type>, System.Func`2<System.Object, System.Object>>)	0	0			RUNTIME_DISPATCH		UNRESOLVED	METHOD_POINTER:UNKNOWN_CLASS_SOURCE:CLASS_NOT_AN_INTERFACE_POINTER	Immediate
Newtonsoft.Json.Utilities.DictionaryWrapper`2+DictionaryEnumerator`2::get_Current	CALL	v129 @ X27_v1 (System.Collections.Generic.IEnumerator`1<System.Collections.Generic.KeyValuePair`2<TEnumeratorKey, TEnumeratorValue>>)	Type: Il2CppClass<System.Collections.Generic.IEnumerator`1<System.Collections.Generic.KeyValuePair`2<TEnumeratorKey, TEnumeratorValue>>>	0	System.Collections.Generic.IEnumerator`1::get_Current	0x06002E07	RUNTIME_DISPATCH		UNRESOLVED	INVOKER_THROUGH_METHOD:METADATA_USAGE:DISPATCH_PATH_NOT_RECOVERED	
Newtonsoft.Json.Utilities.DictionaryWrapper`2+DictionaryEnumerator`2::get_Current	CALL	v148 @ X25_v4 (System.Collections.Generic.IEnumerator`1<System.Collections.Generic.KeyValuePair`2<TEnumeratorKey, TEnumeratorValue>>)	Type: Il2CppClass<System.Collections.Generic.IEnumerator`1<System.Collections.Generic.KeyValuePair`2<TEnumeratorKey, TEnumeratorValue>>>	0	System.Collections.Generic.IEnumerator`1::get_Current	0x06002E07	RUNTIME_DISPATCH		UNRESOLVED	INVOKER_THROUGH_METHOD:METADATA_USAGE:DISPATCH_PATH_NOT_RECOVERED	
Newtonsoft.Json.Utilities.DictionaryWrapper`2::Add	CALL	this._genericDictionary (System.Collections.Generic.IDictionary`2<TKey, TValue>)	Type: Il2CppClass<System.Collections.Generic.IDictionary`2<TKey, TValue>>	5	System.Collections.Generic.IDictionary`2::Add	0x06002E03	RUNTIME_DISPATCH		UNRESOLVED	INVOKER_THROUGH_METHOD:METADATA_USAGE:DISPATCH_PATH_NOT_RECOVERED	
Newtonsoft.Json.Utilities.DictionaryWrapper`2::ContainsKey	CALL	v450 @ X0_v12 (System.Collections.Generic.IReadOnlyDictionary`2<TKey, TValue>)	v187 @ X1_v16 (Il2CppClass<System.Collections.Generic.IReadOnlyDictionary`2<TKey, TValue>>)	v424 @ X2_v6 (System.Int32)			RUNTIME_DISPATCH		UNRESOLVED	INVOKER_THROUGH_METHOD:TYPED_CLASS_LOCAL:SLOT_NAMES_NO_METHOD	
Newtonsoft.Json.Utilities.DictionaryWrapper`2::get_Keys	CALL	this._readOnlyDictionary (System.Collections.Generic.IReadOnlyDictionary`2<TKey, TValue>)	Type: Il2CppClass<System.Collections.Generic.IReadOnlyDictionary`2<TKey, TValue>>	3	System.Collections.Generic.IReadOnlyDictionary`2::get_Keys	0x06002E13	RUNTIME_DISPATCH	TKey,TValue	EXACT	lookup(receiver, interface class, slot) reaches the dispatch pointer; slot = Il2CppMethodDefinition.slot
Newtonsoft.Json.Utilities.DictionaryWrapper`2::Remove	CALL	v95 @ X0_v15 (System.Collections.Generic.IDictionary`2<TKey, TValue>)	Type: Il2CppClass<System.Collections.Generic.IDictionary`2<TKey, TValue>>	6	System.Collections.Generic.IDictionary`2::Remove	0x06002E04	RUNTIME_DISPATCH		UNRESOLVED	INVOKER_THROUGH_METHOD:METADATA_USAGE:DISPATCH_PATH_NOT_RECOVERED	
Newtonsoft.Json.Utilities.DictionaryWrapper`2::TryGetValue	CALL	v667 @ X0_v44 (System.Object)	Type: Il2CppClass<TValue>	v78 @ X23_v1			RUNTIME_DISPATCH		UNRESOLVED	METHOD_POINTER:METADATA_USAGE:CLASS_NOT_AN_INTERFACE_POINTER	usage:TValue
Newtonsoft.Json.Utilities.DictionaryWrapper`2::get_Values	CALL	this._readOnlyDictionary (System.Collections.Generic.IReadOnlyDictionary`2<TKey, TValue>)	Type: Il2CppClass<System.Collections.Generic.IReadOnlyDictionary`2<TKey, TValue>>	4	System.Collections.Generic.IReadOnlyDictionary`2::get_Values	0x06002E14	RUNTIME_DISPATCH	TKey,TValue	EXACT	lookup(receiver, interface class, slot) reaches the dispatch pointer; slot = Il2CppMethodDefinition.slot
Newtonsoft.Json.Utilities.DictionaryWrapper`2::get_Item	CALL	v451 @ X0_v12 (System.Collections.Generic.IReadOnlyDictionary`2<TKey, TValue>)	v203 @ X1_v17 (Il2CppClass<System.Collections.Generic.IReadOnlyDictionary`2<TKey, TValue>>)	v424 @ X2_v7 (System.Int32)			RUNTIME_DISPATCH		UNRESOLVED	INVOKER_THROUGH_METHOD:TYPED_CLASS_LOCAL:SLOT_NAMES_NO_METHOD	
Newtonsoft.Json.Utilities.DictionaryWrapper`2::set_Item	CALL	v109 @ X0_v14 (System.Collections.Generic.IDictionary`2<TKey, TValue>)	Type: Il2CppClass<System.Collections.Generic.IDictionary`2<TKey, TValue>>	1	System.Collections.Generic.IDictionary`2::set_Item	0x06002DFF	RUNTIME_DISPATCH		UNRESOLVED	INVOKER_THROUGH_METHOD:METADATA_USAGE:DISPATCH_PATH_NOT_RECOVERED	
Newtonsoft.Json.Utilities.DictionaryWrapper`2::Add	CALL	v51._genericDictionary (System.Collections.Generic.IDictionary`2<TKey, TValue>)	Type: Il2CppClass<System.Collections.Generic.ICollection`1<System.Collections.Generic.KeyValuePair`2<TKey, TValue>>>	2	System.Collections.Generic.ICollection`1::Add	0x06002DF8	RUNTIME_DISPATCH		UNRESOLVED	INVOKER_THROUGH_METHOD:METADATA_USAGE:DISPATCH_PATH_NOT_RECOVERED	
Newtonsoft.Json.Utilities.DictionaryWrapper`2::Clear	TAIL	v207 @ X19_v3 (System.Collections.IDictionary)	v138 @ X1_v4 (Il2CppClass<System.Collections.IDictionary>)	v118 @ X2_v3 (System.Int32)			RUNTIME_DISPATCH		UNRESOLVED	METHOD_POINTER:TYPED_CLASS_LOCAL:SLOT_NAMES_NO_METHOD	
Newtonsoft.Json.Utilities.DictionaryWrapper`2::Contains	CALL	v87 @ X0_v12 (System.Collections.Generic.IDictionary`2<TKey, TValue>)	Type: Il2CppClass<System.Collections.Generic.ICollection`1<System.Collections.Generic.KeyValuePair`2<TKey, TValue>>>	4	System.Collections.Generic.ICollection`1::Contains	0x06002DFA	RUNTIME_DISPATCH		UNRESOLVED	INVOKER_THROUGH_METHOD:METADATA_USAGE:DISPATCH_PATH_NOT_RECOVERED	
Newtonsoft.Json.Utilities.DictionaryWrapper`2::CopyTo	CALL	v913 @ X0_v4 (System.OutOfMemoryException)	v1021 @ X1_v4	0	System.IDisposable::Dispose	0x06000742	RUNTIME_DISPATCH		EXACT	lookup(receiver, interface class, slot) reaches the dispatch pointer; slot = Il2CppMethodDefinition.slot
Newtonsoft.Json.Utilities.DictionaryWrapper`2::CopyTo	CALL	v260 @ X0_v47 (System.Collections.Generic.IDictionary`2<TKey, TValue>)	v454 @ X1_v20 (Il2CppClass<System.Collections.Generic.ICollection`1<System.Collections.Generic.KeyValuePair`2<TKey, TValue>>>)	5	System.Collections.Generic.ICollection`1::CopyTo	0x06002DFB	RUNTIME_DISPATCH	System.Collections.Generic.KeyValuePair`2<TKey, TValue>	EXACT	lookup(receiver, interface class, slot) reaches the dispatch pointer; slot = Il2CppMethodDefinition.slot
Newtonsoft.Json.Utilities.DictionaryWrapper`2::get_Count	TAIL	v148 @ X0_v6 (System.Collections.IDictionary)	v142 @ X1_v4 (Il2CppClass<System.Collections.ICollection>)	v122 @ X2_v3 (System.Int32)			RUNTIME_DISPATCH		UNRESOLVED	METHOD_POINTER:TYPED_CLASS_LOCAL:SLOT_NAMES_NO_METHOD	
Newtonsoft.Json.Utilities.DictionaryWrapper`2::get_IsReadOnly	TAIL	v245 @ X19_v3 (System.Collections.IDictionary)	v139 @ X1_v2 (Il2CppClass<System.Collections.IDictionary>)	v119 @ X2_v1 (System.Int32)			RUNTIME_DISPATCH		UNRESOLVED	METHOD_POINTER:TYPED_CLASS_LOCAL:SLOT_NAMES_NO_METHOD	
Newtonsoft.Json.Utilities.DictionaryWrapper`2::Remove	CALL	v110 @ X0_v15 (System.Collections.Generic.IDictionary`2<TKey, TValue>)	Type: Il2CppClass<System.Collections.Generic.ICollection`1<System.Collections.Generic.KeyValuePair`2<TKey, TValue>>>	6	System.Collections.Generic.ICollection`1::Remove	0x06002DFC	RUNTIME_DISPATCH		UNRESOLVED	INVOKER_THROUGH_METHOD:METADATA_USAGE:DISPATCH_PATH_NOT_RECOVERED	
Newtonsoft.Json.Utilities.DictionaryWrapper`2::System.Collections.IDictionary.Add	CALL	v127 @ X0_v14 (System.Collections.Generic.IDictionary`2<TKey, TValue>)	Type: Il2CppClass<System.Collections.Generic.IDictionary`2<TKey, TValue>>	5	System.Collections.Generic.IDictionary`2::Add	0x06002E03	RUNTIME_DISPATCH		UNRESOLVED	INVOKER_THROUGH_METHOD:METADATA_USAGE:DISPATCH_PATH_NOT_RECOVERED	
Newtonsoft.Json.Utilities.DictionaryWrapper`2::System.Collections.IDictionary.get_Item	CALL	v458 @ X0_v12 (System.Collections.Generic.IReadOnlyDictionary`2<TKey, TValue>)	v273 @ X1_v18 (Il2CppClass<System.Collections.Generic.IReadOnlyDictionary`2<TKey, TValue>>)	v433 @ X2_v6 (System.Int32)			RUNTIME_DISPATCH		UNRESOLVED	INVOKER_THROUGH_METHOD:TYPED_CLASS_LOCAL:SLOT_NAMES_NO_METHOD	
Newtonsoft.Json.Utilities.DictionaryWrapper`2::System.Collections.IDictionary.set_Item	CALL	v127 @ X0_v14 (System.Collections.Generic.IDictionary`2<TKey, TValue>)	Type: Il2CppClass<System.Collections.Generic.IDictionary`2<TKey, TValue>>	1	System.Collections.Generic.IDictionary`2::set_Item	0x06002DFF	RUNTIME_DISPATCH		UNRESOLVED	INVOKER_THROUGH_METHOD:METADATA_USAGE:DISPATCH_PATH_NOT_RECOVERED	
Newtonsoft.Json.Utilities.DictionaryWrapper`2::System.Collections.IDictionary.GetEnumerator	CALL	v216 @ X20_v7 (System.Collections.Generic.IReadOnlyDictionary`2<TKey, TValue>)	v200 @ X1_v6 (Il2CppClass<System.Collections.Generic.IEnumerable`1<System.Collections.Generic.KeyValuePair`2<TKey, TValue>>>)	0	System.Collections.Generic.IEnumerable`1::GetEnumerator	0x06002E06	RUNTIME_DISPATCH	System.Collections.Generic.KeyValuePair`2<TKey, TValue>	EXACT	lookup(receiver, interface class, slot) reaches the dispatch pointer; slot = Il2CppMethodDefinition.slot
Newtonsoft.Json.Utilities.DictionaryWrapper`2::System.Collections.IDictionary.Contains	CALL	v439 @ X0_v8 (System.Collections.Generic.IDictionary`2<TKey, TValue>)	v109 @ X1_v17 (Il2CppClass<System.Collections.Generic.IDictionary`2<TKey, TValue>>)	v414 @ X2_v4 (System.Int32)			RUNTIME_DISPATCH		UNRESOLVED	INVOKER_THROUGH_METHOD:TYPED_CLASS_LOCAL:SLOT_NAMES_NO_METHOD	
Newtonsoft.Json.Utilities.DictionaryWrapper`2::System.Collections.IDictionary.get_Keys	TAIL	v63 @ X19_v4 (System.Collections.IDictionary)	Type: System.Collections.IDictionary	2	System.Collections.IDictionary::get_Keys	0x06002AE4	RUNTIME_DISPATCH		EXACT	lookup(receiver, interface class, slot) reaches the dispatch pointer; slot = Il2CppMethodDefinition.slot
Newtonsoft.Json.Utilities.DictionaryWrapper`2::System.Collections.IDictionary.get_Keys	CALL	v37 @ X20_v2 (System.Collections.Generic.IDictionary`2<TKey, TValue>)	v50 @ X1_v13 (Il2CppClass<System.Collections.Generic.IDictionary`2<TKey, TValue>>)	v329 @ X2_v2 (System.Int32)			RUNTIME_DISPATCH		UNRESOLVED	METHOD_POINTER:TYPED_CLASS_LOCAL:SLOT_NAMES_NO_METHOD	
Newtonsoft.Json.Utilities.DictionaryWrapper`2::Remove	CALL	v115 @ X0_v14 (System.Collections.Generic.IDictionary`2<TKey, TValue>)	Type: Il2CppClass<System.Collections.Generic.IDictionary`2<TKey, TValue>>	6	System.Collections.Generic.IDictionary`2::Remove	0x06002E04	RUNTIME_DISPATCH		UNRESOLVED	INVOKER_THROUGH_METHOD:METADATA_USAGE:DISPATCH_PATH_NOT_RECOVERED	
Newtonsoft.Json.Utilities.DictionaryWrapper`2::System.Collections.IDictionary.get_Values	TAIL	v63 @ X19_v4 (System.Collections.IDictionary)	Type: System.Collections.IDictionary	3	System.Collections.IDictionary::get_Values	0x06002AE5	RUNTIME_DISPATCH		EXACT	lookup(receiver, interface class, slot) reaches the dispatch pointer; slot = Il2CppMethodDefinition.slot
Newtonsoft.Json.Utilities.DictionaryWrapper`2::System.Collections.IDictionary.get_Values	CALL	v37 @ X20_v2 (System.Collections.Generic.IDictionary`2<TKey, TValue>)	v50 @ X1_v13 (Il2CppClass<System.Collections.Generic.IDictionary`2<TKey, TValue>>)	v329 @ X2_v2 (System.Int32)			RUNTIME_DISPATCH		UNRESOLVED	METHOD_POINTER:TYPED_CLASS_LOCAL:SLOT_NAMES_NO_METHOD	
Newtonsoft.Json.Utilities.DictionaryWrapper`2::System.Collections.ICollection.CopyTo	TAIL	v100 @ X0_v16 (System.Collections.Generic.IDictionary`2<TKey, TValue>)	Type: Il2CppClass<System.Collections.Generic.ICollection`1<System.Collections.Generic.KeyValuePair`2<TKey, TValue>>>	5	System.Collections.Generic.ICollection`1::CopyTo	0x06002DFB	RUNTIME_DISPATCH	System.Collections.Generic.KeyValuePair`2<TKey, TValue>	EXACT	lookup(receiver, interface class, slot) reaches the dispatch pointer; slot = Il2CppMethodDefinition.slot
Newtonsoft.Json.Utilities.EnumUtils::GetFlagsValues	CALL	v229 @ X0_v92 (System.Collections.Generic.IList`1<T>)	v115 @ X24_v10 (Il2CppClass<System.Collections.Generic.ICollection`1<T>>)	2	System.Collections.Generic.ICollection`1::Add	0x06002DF8	RUNTIME_DISPATCH	T	EXACT	lookup(receiver, interface class, slot) reaches the dispatch pointer; slot = Il2CppMethodDefinition.slot
Newtonsoft.Json.Utilities.EnumUtils::GetFlagsValues	CALL	v242 @ X20_v2 (System.Collections.Generic.IList`1<T>)	v367 @ X1_v5 (Il2CppClass<System.Collections.Generic.ICollection`1<T>>)	0	System.Collections.Generic.ICollection`1::get_Count	0x06002DF6	RUNTIME_DISPATCH	T	EXACT	lookup(receiver, interface class, slot) reaches the dispatch pointer; slot = Il2CppMethodDefinition.slot
Newtonsoft.Json.Utilities.EnumUtils::GetFlagsValues	CALL	v242 @ X20_v2 (System.Collections.Generic.IList`1<T>)	v689 @ X1_v11	2	System.Collections.Generic.ICollection`1::Add	0x06002DF8	RUNTIME_DISPATCH	T	EXACT	lookup(receiver, interface class, slot) reaches the dispatch pointer; slot = Il2CppMethodDefinition.slot
Newtonsoft.Json.Utilities.JavaScriptUtils::.cctor	CALL	v1672 @ X20_v28 (System.Collections.Generic.IEnumerator`1<System.Char>)	v1678 @ X1_v57	0	System.IDisposable::Dispose	0x06000742	RUNTIME_DISPATCH		EXACT	lookup(receiver, interface class, slot) reaches the dispatch pointer; slot = Il2CppMethodDefinition.slot
Newtonsoft.Json.Utilities.JavaScriptUtils::.cctor	CALL	v326 @ X0_v46	v2115 @ X1_v23	0	System.Collections.Generic.IEnumerable`1::GetEnumerator	0x06002E06	RUNTIME_DISPATCH	System.Char	EXACT	lookup(receiver, interface class, slot) reaches the dispatch pointer; slot = Il2CppMethodDefinition.slot
Newtonsoft.Json.Utilities.JavaScriptUtils::.cctor	CALL	v1394 @ X20_v27 (System.Collections.IEnumerator)	v1400 @ X1_v54	0	System.IDisposable::Dispose	0x06000742	RUNTIME_DISPATCH		EXACT	lookup(receiver, interface class, slot) reaches the dispatch pointer; slot = Il2CppMethodDefinition.slot
Newtonsoft.Json.Utilities.JavaScriptUtils::.cctor	CALL	v327 @ X0_v22	v1732 @ X1_v13	0	System.Collections.Generic.IEnumerable`1::GetEnumerator	0x06002E06	RUNTIME_DISPATCH	System.Char	EXACT	lookup(receiver, interface class, slot) reaches the dispatch pointer; slot = Il2CppMethodDefinition.slot
Newtonsoft.Json.Utilities.JavaScriptUtils::.cctor	CALL	v729 @ X19_v4 (System.Collections.Generic.List`1<System.Char>)	v1005 @ X1_v7	0	System.IDisposable::Dispose	0x06000742	RUNTIME_DISPATCH		EXACT	lookup(receiver, interface class, slot) reaches the dispatch pointer; slot = Il2CppMethodDefinition.slot
Newtonsoft.Json.Utilities.JavaScriptUtils::.cctor	CALL	v728 @ X19_v9 (System.Collections.Generic.List`1<System.Char>)	v810 @ X1_v40	0	System.IDisposable::Dispose	0x06000742	RUNTIME_DISPATCH		EXACT	lookup(receiver, interface class, slot) reaches the dispatch pointer; slot = Il2CppMethodDefinition.slot
Newtonsoft.Json.Utilities.JavaScriptUtils::.cctor	CALL	0	v1326 @ X1_v38	0	System.IDisposable::Dispose	0x06000742	RUNTIME_DISPATCH		EXACT	lookup(receiver, interface class, slot) reaches the dispatch pointer; slot = Il2CppMethodDefinition.slot
Newtonsoft.Json.Utilities.JavaScriptUtils::.cctor	CALL	0	v1575 @ X1_v36	0	System.IDisposable::Dispose	0x06000742	RUNTIME_DISPATCH		EXACT	lookup(receiver, interface class, slot) reaches the dispatch pointer; slot = Il2CppMethodDefinition.slot
Newtonsoft.Json.Utilities.ReflectionDelegateFactory::CreateGet	TAIL	[v257 @ X8_v10+140]	v234 @ X1_v9 (Il2CppMethodInfo)	v209 @ X2_v1 (Il2CppMethodInfo)			RUNTIME_DISPATCH		UNRESOLVED	METHOD_POINTER:UNKNOWN_CLASS_SOURCE:CLASS_NOT_AN_INTERFACE_POINTER	{RuntimeMethodInfoAnalysisContext | RuntimeMethodInfoAnalysisContext}
Newtonsoft.Json.Utilities.ReflectionDelegateFactory::CreateSet	TAIL	[v170 @ X8_v7+140]	v150 @ X1_v4 (Il2CppMethodInfo)	methodInfo @ X2 (Il2CppMethodInfo)			RUNTIME_DISPATCH		UNRESOLVED	METHOD_POINTER:UNKNOWN_CLASS_SOURCE:CLASS_NOT_AN_INTERFACE_POINTER	{RuntimeMethodInfoAnalysisContext | RuntimeMethodInfoAnalysisContext}
Newtonsoft.Json.Utilities.ReflectionUtils::GetChildPrivateProperties	CALL	initialProperties @ X0 (System.Collections.Generic.IList`1<System.Reflection.PropertyInfo>)	v617 @ X1_v13 (Il2CppClass<System.Collections.Generic.ICollection`1<System.Reflection.PropertyInfo>>)	2	System.Collections.Generic.ICollection`1::Add	0x06002DF8	RUNTIME_DISPATCH	System.Reflection.PropertyInfo	EXACT	lookup(receiver, interface class, slot) reaches the dispatch pointer; slot = Il2CppMethodDefinition.slot
Newtonsoft.Json.Serialization.DiagnosticsTraceWriter::Trace	CALL	v642 @ X0_v10 (System.Collections.IEnumerator)	v696 @ X1_v7	0	System.IDisposable::Dispose	0x06000742	RUNTIME_DISPATCH		EXACT	lookup(receiver, interface class, slot) reaches the dispatch pointer; slot = Il2CppMethodDefinition.slot
Newtonsoft.Json.Serialization.DiagnosticsTraceWriter::Trace	CALL	v645 @ X0_v25	v720 @ X1_v15	0	System.IDisposable::Dispose	0x06000742	RUNTIME_DISPATCH		EXACT	lookup(receiver, interface class, slot) reaches the dispatch pointer; slot = Il2CppMethodDefinition.slot
Newtonsoft.Json.Serialization.JsonSerializerInternalReader::CreateJToken	CALL	v416 @ X21_v4 (Newtonsoft.Json.Linq.JTokenWriter)	v418 @ X1_v6	0	System.IDisposable::Dispose	0x06000742	RUNTIME_DISPATCH		EXACT	lookup(receiver, interface class, slot) reaches the dispatch pointer; slot = Il2CppMethodDefinition.slot
Newtonsoft.Json.Serialization.JsonSerializerInternalReader::CreateJToken	CALL	v458 @ X0_v21 (System.Globalization.CultureInfo)	v573 @ X1_v16	0	System.IDisposable::Dispose	0x06000742	RUNTIME_DISPATCH		EXACT	lookup(receiver, interface class, slot) reaches the dispatch pointer; slot = Il2CppMethodDefinition.slot
Newtonsoft.Json.Serialization.JsonSerializerInternalReader::CreateObjectUsingCreatorWithParameters	CALL	v893 @ X0_v384 (System.Collections.Generic.IEnumerator`1<Newtonsoft.Json.Serialization.JsonProperty>)	v1188 @ X1_v188	0	System.Collections.IEnumerator::MoveNext	0x06002AF1	RUNTIME_DISPATCH		EXACT	lookup(receiver, interface class, slot) reaches the dispatch pointer; slot = Il2CppMethodDefinition.slot
Newtonsoft.Json.Serialization.JsonSerializerInternalReader::CreateObjectUsingCreatorWithParameters	CALL	v4552 @ X27_v67 (Newtonsoft.Json.Utilities.IWrappedCollection)	v5436 @ X1_v132	6	System.Collections.IList::get_IsFixedSize	0x06002AFC	RUNTIME_DISPATCH		EXACT	lookup(receiver, interface class, slot) reaches the dispatch pointer; slot = Il2CppMethodDefinition.slot
Newtonsoft.Json.Serialization.JsonSerializerInternalReader::CreateObjectUsingCreatorWithParameters	CALL	v4552 @ X27_v67 (Newtonsoft.Json.Utilities.IWrappedCollection)	v6164 @ X1_v146	2	System.Collections.IList::Add	0x06002AF8	RUNTIME_DISPATCH		EXACT	lookup(receiver, interface class, slot) reaches the dispatch pointer; slot = Il2CppMethodDefinition.slot
Newtonsoft.Json.Serialization.JsonSerializerInternalReader::CreateObjectUsingCreatorWithParameters	CALL	v2201 @ X0_v89 (System.IDisposable)	Type: System.IDisposable	0	System.IDisposable::Dispose	0x06000742	RUNTIME_DISPATCH		EXACT	lookup(receiver, interface class, slot) reaches the dispatch pointer; slot = Il2CppMethodDefinition.slot
Newtonsoft.Json.Serialization.JsonSerializerInternalReader::CreateObjectUsingCreatorWithParameters	CALL	v4165 @ X0_v55 (System.IDisposable)	Type: System.IDisposable	0	System.IDisposable::Dispose	0x06000742	RUNTIME_DISPATCH		EXACT	lookup(receiver, interface class, slot) reaches the dispatch pointer; slot = Il2CppMethodDefinition.slot
Newtonsoft.Json.Serialization.JsonSerializerInternalWriter::SerializeDictionary	CALL	v822 @ X0_v9 (System.Collections.IDictionaryEnumerator)	v924 @ X1_v11	0	System.IDisposable::Dispose	0x06000742	RUNTIME_DISPATCH		EXACT	lookup(receiver, interface class, slot) reaches the dispatch pointer; slot = Il2CppMethodDefinition.slot
Newtonsoft.Json.Schema.Extensions::Validate	CALL	v249 @ X19_v4 (Newtonsoft.Json.JsonValidatingReader)	v256 @ X1_v5	0	System.IDisposable::Dispose	0x06000742	RUNTIME_DISPATCH		EXACT	lookup(receiver, interface class, slot) reaches the dispatch pointer; slot = Il2CppMethodDefinition.slot
Newtonsoft.Json.Schema.Extensions::Validate	CALL	v136 @ X19_v5 (Newtonsoft.Json.JsonValidatingReader)	v192 @ X1_v9	0	System.IDisposable::Dispose	0x06000742	RUNTIME_DISPATCH		EXACT	lookup(receiver, interface class, slot) reaches the dispatch pointer; slot = Il2CppMethodDefinition.slot
Newtonsoft.Json.Schema.JsonSchemaBuilder::ProcessExtends	CALL	v53 @ X0_v3 (System.Collections.Generic.List`1<Newtonsoft.Json.Schema.JsonSchema>)	v409 @ X1_v15	2	System.Collections.Generic.ICollection`1::Add	0x06002DF8	RUNTIME_DISPATCH	Newtonsoft.Json.Schema.JsonSchema	EXACT	lookup(receiver, interface class, slot) reaches the dispatch pointer; slot = Il2CppMethodDefinition.slot
Newtonsoft.Json.Schema.JsonSchemaBuilder::ProcessExtends	CALL	v53 @ X0_v3 (System.Collections.Generic.List`1<Newtonsoft.Json.Schema.JsonSchema>)	v412 @ X1_v4	0	System.Collections.Generic.ICollection`1::get_Count	0x06002DF6	RUNTIME_DISPATCH	Newtonsoft.Json.Schema.JsonSchema	EXACT	lookup(receiver, interface class, slot) reaches the dispatch pointer; slot = Il2CppMethodDefinition.slot
Newtonsoft.Json.Schema.JsonSchemaBuilder::ProcessEnum	CALL	v422 @ X19_v2 (System.Collections.Generic.IEnumerator`1<Newtonsoft.Json.Linq.JToken>)	v652 @ X1_v3	0	System.IDisposable::Dispose	0x06000742	RUNTIME_DISPATCH		EXACT	lookup(receiver, interface class, slot) reaches the dispatch pointer; slot = Il2CppMethodDefinition.slot
Newtonsoft.Json.Schema.JsonSchemaBuilder::ProcessEnum	CALL	v421 @ X19_v4 (System.Collections.Generic.IEnumerator`1<Newtonsoft.Json.Linq.JToken>)	v590 @ X1_v7	0	System.IDisposable::Dispose	0x06000742	RUNTIME_DISPATCH		EXACT	lookup(receiver, interface class, slot) reaches the dispatch pointer; slot = Il2CppMethodDefinition.slot
Newtonsoft.Json.Schema.JsonSchemaBuilder::ProcessProperties	CALL	v432 @ X20_v2 (System.Collections.Generic.IEnumerator`1<Newtonsoft.Json.Linq.JToken>)	v674 @ X1_v4	0	System.IDisposable::Dispose	0x06000742	RUNTIME_DISPATCH		EXACT	lookup(receiver, interface class, slot) reaches the dispatch pointer; slot = Il2CppMethodDefinition.slot
Newtonsoft.Json.Schema.JsonSchemaBuilder::ProcessProperties	CALL	v431 @ X20_v4 (System.Collections.Generic.IEnumerator`1<Newtonsoft.Json.Linq.JToken>)	v609 @ X1_v8	0	System.IDisposable::Dispose	0x06000742	RUNTIME_DISPATCH		EXACT	lookup(receiver, interface class, slot) reaches the dispatch pointer; slot = Il2CppMethodDefinition.slot
Newtonsoft.Json.Schema.JsonSchemaGenerator::GenerateObjectSchema	CALL	v500 @ X21_v7 (System.Collections.Generic.IEnumerator`1<Newtonsoft.Json.Serialization.JsonProperty>)	v508 @ X1_v12	0	System.IDisposable::Dispose	0x06000742	RUNTIME_DISPATCH		EXACT	lookup(receiver, interface class, slot) reaches the dispatch pointer; slot = Il2CppMethodDefinition.slot
Newtonsoft.Json.Schema.JsonSchemaGenerator::GenerateObjectSchema	CALL	v250 @ X21_v4 (System.Collections.Generic.IEnumerator`1<Newtonsoft.Json.Serialization.JsonProperty>)	v409 @ X1_v7	0	System.IDisposable::Dispose	0x06000742	RUNTIME_DISPATCH		EXACT	lookup(receiver, interface class, slot) reaches the dispatch pointer; slot = Il2CppMethodDefinition.slot
Newtonsoft.Json.Schema.JsonSchemaModel::Create	CALL	v210 @ X20_v2 (System.Collections.Generic.IEnumerator`1<Newtonsoft.Json.Schema.JsonSchema>)	v462 @ X1_v4	0	System.IDisposable::Dispose	0x06000742	RUNTIME_DISPATCH		EXACT	lookup(receiver, interface class, slot) reaches the dispatch pointer; slot = Il2CppMethodDefinition.slot
Newtonsoft.Json.Schema.JsonSchemaModel::Create	CALL	v209 @ X20_v4 (System.Collections.Generic.IEnumerator`1<Newtonsoft.Json.Schema.JsonSchema>)	v337 @ X1_v8	0	System.IDisposable::Dispose	0x06000742	RUNTIME_DISPATCH		EXACT	lookup(receiver, interface class, slot) reaches the dispatch pointer; slot = Il2CppMethodDefinition.slot
Newtonsoft.Json.Schema.JsonSchemaWriter::WriteSchema	CALL	v521 @ X21_v9 (System.Collections.Generic.IList`1<Newtonsoft.Json.Schema.JsonSchema>)	v1882 @ X1_v12	0	System.Collections.Generic.ICollection`1::get_Count	0x06002DF6	RUNTIME_DISPATCH	Newtonsoft.Json.Schema.JsonSchema	EXACT	lookup(receiver, interface class, slot) reaches the dispatch pointer; slot = Il2CppMethodDefinition.slot
Newtonsoft.Json.Schema.JsonSchemaWriter::WriteSchema	CALL	v522 @ X21_v10 (System.Collections.Generic.IList`1<Newtonsoft.Json.Schema.JsonSchema>)	v2014 @ X1_v15	0	System.Collections.Generic.ICollection`1::get_Count	0x06002DF6	RUNTIME_DISPATCH	Newtonsoft.Json.Schema.JsonSchema	EXACT	lookup(receiver, interface class, slot) reaches the dispatch pointer; slot = Il2CppMethodDefinition.slot
Newtonsoft.Json.Linq.Extensions+<Convert>d__14`2::MoveNext	CALL	v150 @ X19_v13 (System.Collections.Generic.IEnumerable`1<T>)	v314 @ X1_v15	0			RUNTIME_DISPATCH		UNRESOLVED	METHOD_POINTER:UNKNOWN_CLASS_SOURCE:CLASS_NOT_AN_INTERFACE_POINTER	{[[[param:v39+0x20]->rgctx_data]+0x10] | returns-argument@0xE6A35C({[[...->rgctx_data]+0x10] | returns-argument@0xE6A35C(DEFINED_2_TIMES)})}
Newtonsoft.Json.Linq.Extensions+<Convert>d__14`2::MoveNext	CALL	this.<>7__wrap1 (System.Collections.Generic.IEnumerator`1<T>)	v457 @ X1_v6	0			RUNTIME_DISPATCH		UNRESOLVED	METHOD_POINTER:UNKNOWN_CLASS_SOURCE:CLASS_NOT_AN_INTERFACE_POINTER	{[[[param:v39+0x20]->rgctx_data]+0x20] | returns-argument@0xE6A35C({[[...->rgctx_data]+0x20] | returns-argument@0xE6A35C(DEFINED_2_TIMES)})}
Newtonsoft.Json.Linq.JContainer::.ctor	CALL	v164 @ X19_v2 (System.Collections.Generic.IEnumerator`1<Newtonsoft.Json.Linq.JToken>)	v156 @ X1_v3	0	System.IDisposable::Dispose	0x06000742	RUNTIME_DISPATCH		EXACT	lookup(receiver, interface class, slot) reaches the dispatch pointer; slot = Il2CppMethodDefinition.slot
Newtonsoft.Json.Linq.JContainer::.ctor	CALL	v376 @ X19_v6 (System.Collections.Generic.IEnumerator`1<Newtonsoft.Json.Linq.JToken>)	v575 @ X1_v9	0	System.IDisposable::Dispose	0x06000742	RUNTIME_DISPATCH		EXACT	lookup(receiver, interface class, slot) reaches the dispatch pointer; slot = Il2CppMethodDefinition.slot
Newtonsoft.Json.Linq.JContainer::ClearItems	CALL	v224 @ X21_v1 (System.Collections.Generic.IEnumerator`1<Newtonsoft.Json.Linq.JToken>)	v499 @ X1_v11	0	System.IDisposable::Dispose	0x06000742	RUNTIME_DISPATCH		EXACT	lookup(receiver, interface class, slot) reaches the dispatch pointer; slot = Il2CppMethodDefinition.slot
Newtonsoft.Json.Linq.JContainer::ClearItems	CALL	v223 @ X21_v4 (System.Collections.Generic.IEnumerator`1<Newtonsoft.Json.Linq.JToken>)	v373 @ X1_v15	0	System.IDisposable::Dispose	0x06000742	RUNTIME_DISPATCH		EXACT	lookup(receiver, interface class, slot) reaches the dispatch pointer; slot = Il2CppMethodDefinition.slot
Newtonsoft.Json.Linq.JContainer::CopyItemsTo	CALL	v375 @ X19_v2 (Newtonsoft.Json.Linq.JContainer)	v637 @ X1_v3	0	System.IDisposable::Dispose	0x06000742	RUNTIME_DISPATCH		EXACT	lookup(receiver, interface class, slot) reaches the dispatch pointer; slot = Il2CppMethodDefinition.slot
Newtonsoft.Json.Linq.JContainer::CopyItemsTo	CALL	v374 @ X19_v4 (Newtonsoft.Json.Linq.JContainer)	v512 @ X1_v7	0	System.IDisposable::Dispose	0x06000742	RUNTIME_DISPATCH		EXACT	lookup(receiver, interface class, slot) reaches the dispatch pointer; slot = Il2CppMethodDefinition.slot
Newtonsoft.Json.Linq.JContainer::ContentsHashCode	CALL	v254 @ X19_v2 (System.Collections.Generic.IEnumerator`1<Newtonsoft.Json.Linq.JToken>)	v494 @ X1_v4	0	System.IDisposable::Dispose	0x06000742	RUNTIME_DISPATCH		EXACT	lookup(receiver, interface class, slot) reaches the dispatch pointer; slot = Il2CppMethodDefinition.slot
Newtonsoft.Json.Linq.JContainer::ContentsHashCode	CALL	v253 @ X19_v4 (System.Collections.Generic.IEnumerator`1<Newtonsoft.Json.Linq.JToken>)	v368 @ X1_v8	0	System.IDisposable::Dispose	0x06000742	RUNTIME_DISPATCH		EXACT	lookup(receiver, interface class, slot) reaches the dispatch pointer; slot = Il2CppMethodDefinition.slot
Newtonsoft.Json.Linq.JEnumerable`1::GetEnumerator	CALL	v29 @ X20_v2 (System.Collections.Generic.IEnumerable`1<T>)	v73 @ X1_v3 (Il2CppClass<System.Collections.Generic.IEnumerable`1<T>>)	0	System.Collections.Generic.IEnumerable`1::GetEnumerator	0x06002E06	RUNTIME_DISPATCH	T	EXACT	lookup(receiver, interface class, slot) reaches the dispatch pointer; slot = Il2CppMethodDefinition.slot
Newtonsoft.Json.Linq.JObject::System.Collections.Generic.ICollection<System.Collections.Generic.KeyValuePair<System.String,Newtonsoft.Json.Linq.JToken>>.CopyTo	CALL	v411 @ X19_v2 (System.Collections.Generic.IEnumerator`1<Newtonsoft.Json.Linq.JToken>)	v713 @ X1_v3	0	System.IDisposable::Dispose	0x06000742	RUNTIME_DISPATCH		EXACT	lookup(receiver, interface class, slot) reaches the dispatch pointer; slot = Il2CppMethodDefinition.slot
Newtonsoft.Json.Linq.JObject::System.Collections.Generic.ICollection<System.Collections.Generic.KeyValuePair<System.String,Newtonsoft.Json.Linq.JToken>>.CopyTo	CALL	v410 @ X19_v4 (System.Collections.Generic.IEnumerator`1<Newtonsoft.Json.Linq.JToken>)	v569 @ X1_v7	0	System.IDisposable::Dispose	0x06000742	RUNTIME_DISPATCH		EXACT	lookup(receiver, interface class, slot) reaches the dispatch pointer; slot = Il2CppMethodDefinition.slot
Newtonsoft.Json.Linq.JToken::SelectToken	CALL	v174 @ X19_v2 (System.Collections.Generic.IEnumerator`1<Newtonsoft.Json.Linq.JToken>)	v453 @ X1_v4	0	System.IDisposable::Dispose	0x06000742	RUNTIME_DISPATCH		EXACT	lookup(receiver, interface class, slot) reaches the dispatch pointer; slot = Il2CppMethodDefinition.slot
Newtonsoft.Json.Linq.JToken::SelectToken	CALL	v173 @ X19_v4 (System.Collections.Generic.IEnumerator`1<Newtonsoft.Json.Linq.JToken>)	v307 @ X1_v8	0	System.IDisposable::Dispose	0x06000742	RUNTIME_DISPATCH		EXACT	lookup(receiver, interface class, slot) reaches the dispatch pointer; slot = Il2CppMethodDefinition.slot
Newtonsoft.Json.Linq.JsonPath.FieldFilter+<ExecuteFilter>d__2::MoveNext	CALL	v179 @ X20_v27 (System.Collections.Generic.IEnumerable`1<Newtonsoft.Json.Linq.JToken>)	Type: System.Collections.Generic.IEnumerable`1<Newtonsoft.Json.Linq.JToken>	0	System.Collections.Generic.IEnumerable`1::GetEnumerator	0x06002E06	RUNTIME_DISPATCH	Newtonsoft.Json.Linq.JToken	EXACT	lookup(receiver, interface class, slot) reaches the dispatch pointer; slot = Il2CppMethodDefinition.slot
Newtonsoft.Json.Linq.JsonPath.BooleanQueryExpression::IsMatch	CALL	v469 @ X23_v6 (Newtonsoft.Json.Linq.JToken)	Type: System.IDisposable	0	System.IDisposable::Dispose	0x06000742	RUNTIME_DISPATCH		EXACT	lookup(receiver, interface class, slot) reaches the dispatch pointer; slot = Il2CppMethodDefinition.slot
Newtonsoft.Json.Converters.DataSetConverter::WriteJson	CALL	v551 @ X0_v4 (System.Data.DataSet)	v682 @ X1_v5	0	System.IDisposable::Dispose	0x06000742	RUNTIME_DISPATCH		EXACT	lookup(receiver, interface class, slot) reaches the dispatch pointer; slot = Il2CppMethodDefinition.slot
Newtonsoft.Json.Converters.DataSetConverter::WriteJson	CALL	v503 @ X0_v18	v553 @ X1_v11	0	System.IDisposable::Dispose	0x06000742	RUNTIME_DISPATCH		EXACT	lookup(receiver, interface class, slot) reaches the dispatch pointer; slot = Il2CppMethodDefinition.slot
Newtonsoft.Json.Converters.DataTableConverter::WriteJson	CALL	v1077 @ X0_v4 (System.Data.DataTable)	v1224 @ X1_v5	0	System.IDisposable::Dispose	0x06000742	RUNTIME_DISPATCH		EXACT	lookup(receiver, interface class, slot) reaches the dispatch pointer; slot = Il2CppMethodDefinition.slot
Newtonsoft.Json.Converters.XmlNodeConverter::SerializeNode	CALL	v321 @ X21_v2 (Newtonsoft.Json.Converters.IXmlNode)	v759 @ X1_v13	3	Newtonsoft.Json.Converters.IXmlNode::get_Attributes	0x06000F4B	RUNTIME_DISPATCH		EXACT	lookup(receiver, interface class, slot) reaches the dispatch pointer; slot = Il2CppMethodDefinition.slot
Newtonsoft.Json.Converters.XmlNodeConverter::SerializeNode	CALL	v321 @ X21_v2 (Newtonsoft.Json.Converters.IXmlNode)	v845 @ X1_v42	2	Newtonsoft.Json.Converters.IXmlNode::get_ChildNodes	0x06000F4A	RUNTIME_DISPATCH		EXACT	lookup(receiver, interface class, slot) reaches the dispatch pointer; slot = Il2CppMethodDefinition.slot
Newtonsoft.Json.Converters.XmlNodeConverter::SerializeNode	CALL	v321 @ X21_v2 (Newtonsoft.Json.Converters.IXmlNode)	v1021 @ X1_v44	2	Newtonsoft.Json.Converters.IXmlNode::get_ChildNodes	0x06000F4A	RUNTIME_DISPATCH		EXACT	lookup(receiver, interface class, slot) reaches the dispatch pointer; slot = Il2CppMethodDefinition.slot
Newtonsoft.Json.Converters.XmlNodeConverter::SerializeNode	CALL	v288 @ X0_v106 (Il2CppClass<Newtonsoft.Json.Converters.IXmlElement>)	v1246 @ X1_v47	0	Newtonsoft.Json.Converters.IXmlNode::get_NodeType	0x06000F48	RUNTIME_DISPATCH		EXACT	lookup(receiver, interface class, slot) reaches the dispatch pointer; slot = Il2CppMethodDefinition.slot
Newtonsoft.Json.Converters.XmlNodeConverter::SerializeNode	CALL	v321 @ X21_v2 (Newtonsoft.Json.Converters.IXmlNode)	v1422 @ X1_v49	2	Newtonsoft.Json.Converters.IXmlNode::get_ChildNodes	0x06000F4A	RUNTIME_DISPATCH		EXACT	lookup(receiver, interface class, slot) reaches the dispatch pointer; slot = Il2CppMethodDefinition.slot
Newtonsoft.Json.Converters.XmlNodeConverter::SerializeNode	CALL	v321 @ X21_v2 (Newtonsoft.Json.Converters.IXmlNode)	v895 @ X1_v19	2	Newtonsoft.Json.Converters.IXmlNode::get_ChildNodes	0x06000F4A	RUNTIME_DISPATCH		EXACT	lookup(receiver, interface class, slot) reaches the dispatch pointer; slot = Il2CppMethodDefinition.slot
Newtonsoft.Json.Converters.XmlNodeConverter::SerializeNode	CALL	v321 @ X21_v2 (Newtonsoft.Json.Converters.IXmlNode)	v1025 @ X1_v33	3	Newtonsoft.Json.Converters.IXmlNode::get_Attributes	0x06000F4B	RUNTIME_DISPATCH		EXACT	lookup(receiver, interface class, slot) reaches the dispatch pointer; slot = Il2CppMethodDefinition.slot
Newtonsoft.Json.Converters.XmlNodeConverter::SerializeNode	CALL	v321 @ X21_v2 (Newtonsoft.Json.Converters.IXmlNode)	v1162 @ X1_v25	3	Newtonsoft.Json.Converters.IXmlNode::get_Attributes	0x06000F4B	RUNTIME_DISPATCH		EXACT	lookup(receiver, interface class, slot) reaches the dispatch pointer; slot = Il2CppMethodDefinition.slot
Newtonsoft.Json.Converters.XmlNodeConverter::SerializeNode	CALL	v321 @ X21_v2 (Newtonsoft.Json.Converters.IXmlNode)	v1290 @ X1_v29	3	Newtonsoft.Json.Converters.IXmlNode::get_Attributes	0x06000F4B	RUNTIME_DISPATCH		EXACT	lookup(receiver, interface class, slot) reaches the dispatch pointer; slot = Il2CppMethodDefinition.slot
Newtonsoft.Json.Converters.XmlNodeConverter::SerializeNode	CALL	v290 @ X0_v113 (Newtonsoft.Json.Converters.IXmlNode)	v1584 @ X1_v52	5	Newtonsoft.Json.Converters.IXmlNode::get_Value	0x06000F4D	RUNTIME_DISPATCH		EXACT	lookup(receiver, interface class, slot) reaches the dispatch pointer; slot = Il2CppMethodDefinition.slot
Newtonsoft.Json.Converters.XmlNodeConverter::ReadJson	TAIL	v173 @ X0_v72 (Newtonsoft.Json.Converters.IXmlElement)	Type: Newtonsoft.Json.Converters.IXmlNode	9	Newtonsoft.Json.Converters.IXmlNode::get_WrappedNode	0x06000F51	RUNTIME_DISPATCH		EXACT	lookup(receiver, interface class, slot) reaches the dispatch pointer; slot = Il2CppMethodDefinition.slot
Newtonsoft.Json.Converters.XmlNodeConverter::DeserializeValue	TAIL	currentNode @ X5 (Newtonsoft.Json.Converters.IXmlNode)	v626 @ X1_v6 (Il2CppClass<Newtonsoft.Json.Converters.IXmlNode>)	7	Newtonsoft.Json.Converters.IXmlNode::AppendChild	0x06000F4F	RUNTIME_DISPATCH		EXACT	lookup(receiver, interface class, slot) reaches the dispatch pointer; slot = Il2CppMethodDefinition.slot
Newtonsoft.Json.Converters.XmlNodeConverter::CreateElement	CALL	document @ X2 (Newtonsoft.Json.Converters.IXmlDocument)	v715 @ X1_v11	1	Newtonsoft.Json.Converters.IXmlDocument::CreateTextNode	0x06000F30	RUNTIME_DISPATCH		EXACT	lookup(receiver, interface class, slot) reaches the dispatch pointer; slot = Il2CppMethodDefinition.slot
Newtonsoft.Json.Converters.XmlNodeConverter::CreateElement	CALL	v284 @ X20_v2 (Newtonsoft.Json.Converters.IXmlElement)	v898 @ X1_v13	7	Newtonsoft.Json.Converters.IXmlNode::AppendChild	0x06000F4F	RUNTIME_DISPATCH		EXACT	lookup(receiver, interface class, slot) reaches the dispatch pointer; slot = Il2CppMethodDefinition.slot
Newtonsoft.Json.Converters.XmlNodeConverter::CreateInstruction	TAIL	currentNode @ X3 (Newtonsoft.Json.Converters.IXmlNode)	v648 @ X1_v16 (Il2CppClass<Newtonsoft.Json.Converters.IXmlNode>)	7	Newtonsoft.Json.Converters.IXmlNode::AppendChild	0x06000F4F	RUNTIME_DISPATCH		EXACT	lookup(receiver, interface class, slot) reaches the dispatch pointer; slot = Il2CppMethodDefinition.slot
Mono.Security.X509.PKCS12::get_Keys	CALL	v736 @ X0_v9 (System.Collections.ArrayList)	v846 @ X1_v7	0	System.IDisposable::Dispose	0x06000742	RUNTIME_DISPATCH		EXACT	lookup(receiver, interface class, slot) reaches the dispatch pointer; slot = Il2CppMethodDefinition.slot
Mono.Security.X509.PKCS12::get_Certificates	CALL	v544 @ X0_v8 (System.Collections.IEnumerator)	v655 @ X1_v6	0	System.IDisposable::Dispose	0x06000742	RUNTIME_DISPATCH		EXACT	lookup(receiver, interface class, slot) reaches the dispatch pointer; slot = Il2CppMethodDefinition.slot
Mono.Security.X509.PKCS12::get_Certificates	CALL	v487 @ X0_v20	v546 @ X1_v11	0	System.IDisposable::Dispose	0x06000742	RUNTIME_DISPATCH		EXACT	lookup(receiver, interface class, slot) reaches the dispatch pointer; slot = Il2CppMethodDefinition.slot
Mono.Security.X509.PKCS12::GetExistingParameters	CALL	v228 @ X0_v6 (System.Security.Cryptography.DSAParameters)	v239 @ X1_v4	0	System.IDisposable::Dispose	0x06000742	RUNTIME_DISPATCH		EXACT	lookup(receiver, interface class, slot) reaches the dispatch pointer; slot = Il2CppMethodDefinition.slot
Mono.Security.X509.PKCS12::GetExistingParameters	CALL	v236 @ X0_v18	v303 @ X1_v9	0	System.IDisposable::Dispose	0x06000742	RUNTIME_DISPATCH		EXACT	lookup(receiver, interface class, slot) reaches the dispatch pointer; slot = Il2CppMethodDefinition.slot
Mono.Security.X509.PKCS12::RemoveCertificate	CALL	v342 @ X19_v15 (System.Collections.IDictionary)	v734 @ X1_v34	0	System.Collections.IDictionary::get_Item	0x06002AE2	RUNTIME_DISPATCH		EXACT	lookup(receiver, interface class, slot) reaches the dispatch pointer; slot = Il2CppMethodDefinition.slot
Mono.Security.X509.X509Chain::FindCertificateParent	CALL	v193 @ X0_v6 (Mono.Security.X509.X509CertificateCollection+X509CertificateEnumerator)	v201 @ X1_v5	0	System.IDisposable::Dispose	0x06000742	RUNTIME_DISPATCH		EXACT	lookup(receiver, interface class, slot) reaches the dispatch pointer; slot = Il2CppMethodDefinition.slot
Mono.Security.X509.X509Chain::FindCertificateParent	CALL	v196 @ X0_v19	v225 @ X1_v10	0	System.IDisposable::Dispose	0x06000742	RUNTIME_DISPATCH		EXACT	lookup(receiver, interface class, slot) reaches the dispatch pointer; slot = Il2CppMethodDefinition.slot
Mono.Security.Authenticode.AuthenticodeDeformatter::VerifySignature	CALL	v1630 @ X0_v40 (System.Security.Cryptography.RSACryptoServiceProvider)	v1742 @ X1_v38	0	System.IDisposable::Dispose	0x06000742	RUNTIME_DISPATCH		EXACT	lookup(receiver, interface class, slot) reaches the dispatch pointer; slot = Il2CppMethodDefinition.slot
Mono.Security.Authenticode.AuthenticodeDeformatter::VerifySignature	CALL	v1549 @ X0_v72 (System.IDisposable)	v1632 @ X1_v50	0	System.IDisposable::Dispose	0x06000742	RUNTIME_DISPATCH		EXACT	lookup(receiver, interface class, slot) reaches the dispatch pointer; slot = Il2CppMethodDefinition.slot
Mono.Security.Authenticode.AuthenticodeDeformatter::VerifyCounterSignature	CALL	v1801 @ X0_v4 (System.IDisposable)	v1922 @ X1_v22	0	System.IDisposable::Dispose	0x06000742	RUNTIME_DISPATCH		EXACT	lookup(receiver, interface class, slot) reaches the dispatch pointer; slot = Il2CppMethodDefinition.slot
Mono.Security.Authenticode.AuthenticodeDeformatter::VerifyCounterSignature	CALL	v1865 @ X0_v46 (System.IDisposable)	v2054 @ X1_v27	0	System.IDisposable::Dispose	0x06000742	RUNTIME_DISPATCH		EXACT	lookup(receiver, interface class, slot) reaches the dispatch pointer; slot = Il2CppMethodDefinition.slot
Mono.Security.Authenticode.AuthenticodeDeformatter::VerifyCounterSignature	CALL	v1724 @ X0_v59 (System.IDisposable)	v1867 @ X1_v39	0	System.IDisposable::Dispose	0x06000742	RUNTIME_DISPATCH		EXACT	lookup(receiver, interface class, slot) reaches the dispatch pointer; slot = Il2CppMethodDefinition.slot
Newtonsoft.Json.JsonConvert::DeserializeObject	CALL	v258 @ X19_v5 (Newtonsoft.Json.JsonTextReader)	v265 @ X1_v8	0	System.IDisposable::Dispose	0x06000742	RUNTIME_DISPATCH		EXACT	lookup(receiver, interface class, slot) reaches the dispatch pointer; slot = Il2CppMethodDefinition.slot
Newtonsoft.Json.JsonConvert::DeserializeObject	CALL	v132 @ X19_v4 (Newtonsoft.Json.JsonTextReader)	v189 @ X1_v5	0	System.IDisposable::Dispose	0x06000742	RUNTIME_DISPATCH		EXACT	lookup(receiver, interface class, slot) reaches the dispatch pointer; slot = Il2CppMethodDefinition.slot
Newtonsoft.Json.Utilities.BidirectionalDictionary`2::Set	CALL	v14 @ X23_v1 (System.Collections.Generic.IDictionary`2<TFirst, TSecond>)	v161 @ X1_v8 (Il2CppClass<System.Collections.Generic.IDictionary`2<TFirst, TSecond>>)	7	System.Collections.Generic.IDictionary`2::TryGetValue	0x06002E05	RUNTIME_DISPATCH	TFirst,TSecond	EXACT	lookup(receiver, interface class, slot) reaches the dispatch pointer; slot = Il2CppMethodDefinition.slot
Newtonsoft.Json.Utilities.BidirectionalDictionary`2::Set	CALL	v139 @ X23_v5 (System.Collections.Generic.IDictionary`2<TSecond, TFirst>)	v322 @ X1_v12 (Il2CppClass<System.Collections.Generic.IDictionary`2<TSecond, TFirst>>)	7	System.Collections.Generic.IDictionary`2::TryGetValue	0x06002E05	RUNTIME_DISPATCH	TSecond,TFirst	EXACT	lookup(receiver, interface class, slot) reaches the dispatch pointer; slot = Il2CppMethodDefinition.slot
Newtonsoft.Json.Utilities.BidirectionalDictionary`2::Set	CALL	v140 @ X23_v6 (System.Collections.Generic.IDictionary`2<TFirst, TSecond>)	v467 @ X1_v16 (Il2CppClass<System.Collections.Generic.IDictionary`2<TFirst, TSecond>>)	5	System.Collections.Generic.IDictionary`2::Add	0x06002E03	RUNTIME_DISPATCH	TFirst,TSecond	EXACT	lookup(receiver, interface class, slot) reaches the dispatch pointer; slot = Il2CppMethodDefinition.slot
Newtonsoft.Json.Utilities.BidirectionalDictionary`2::Set	CALL	v121 @ X22_v5 (System.Collections.Generic.IDictionary`2<TSecond, TFirst>)	v545 @ X1_v19 (Il2CppClass<System.Collections.Generic.IDictionary`2<TSecond, TFirst>>)	5	System.Collections.Generic.IDictionary`2::Add	0x06002E03	RUNTIME_DISPATCH	TSecond,TFirst	EXACT	lookup(receiver, interface class, slot) reaches the dispatch pointer; slot = Il2CppMethodDefinition.slot
Newtonsoft.Json.Utilities.BidirectionalDictionary`2::TryGetByFirst	TAIL	v8 @ X21_v1 (System.Collections.Generic.IDictionary`2<TFirst, TSecond>)	v39 @ X1_v2 (Il2CppClass<System.Collections.Generic.IDictionary`2<TFirst, TSecond>>)	7	System.Collections.Generic.IDictionary`2::TryGetValue	0x06002E05	RUNTIME_DISPATCH	TFirst,TSecond	EXACT	lookup(receiver, interface class, slot) reaches the dispatch pointer; slot = Il2CppMethodDefinition.slot
Newtonsoft.Json.Utilities.BidirectionalDictionary`2::TryGetBySecond	TAIL	v8 @ X21_v1 (System.Collections.Generic.IDictionary`2<TSecond, TFirst>)	v39 @ X1_v2 (Il2CppClass<System.Collections.Generic.IDictionary`2<TSecond, TFirst>>)	7	System.Collections.Generic.IDictionary`2::TryGetValue	0x06002E05	RUNTIME_DISPATCH	TSecond,TFirst	EXACT	lookup(receiver, interface class, slot) reaches the dispatch pointer; slot = Il2CppMethodDefinition.slot
Newtonsoft.Json.JsonValidatingReader::get_CurrentMemberSchemas	CALL	v183 @ X21_v1 (System.IDisposable)	v928 @ X1_v23 (Il2CppClass<System.IDisposable>)	0	System.IDisposable::Dispose	0x06000742	RUNTIME_DISPATCH		EXACT	lookup(receiver, interface class, slot) reaches the dispatch pointer; slot = Il2CppMethodDefinition.slot
Newtonsoft.Json.Utilities.CollectionUtils::IsNullOrEmpty	CALL	collection @ X0 (System.Collections.Generic.ICollection`1<T>)	v45 @ X1_v3 (Il2CppClass<System.Collections.Generic.ICollection`1<T>>)	0	System.Collections.Generic.ICollection`1::get_Count	0x06002DF6	RUNTIME_DISPATCH	T	EXACT	lookup(receiver, interface class, slot) reaches the dispatch pointer; slot = Il2CppMethodDefinition.slot
Newtonsoft.Json.Utilities.CollectionUtils::AddRange	CALL	collection @ X1 (System.Collections.Generic.IEnumerable`1<T>)	v127 @ X1_v14 (Il2CppClass<System.Collections.Generic.IEnumerable`1<T>>)	0	System.Collections.Generic.IEnumerable`1::GetEnumerator	0x06002E06	RUNTIME_DISPATCH	T	EXACT	lookup(receiver, interface class, slot) reaches the dispatch pointer; slot = Il2CppMethodDefinition.slot
Newtonsoft.Json.Utilities.CollectionUtils::AddRange	CALL	v264 @ X0_v45 (System.Collections.IEnumerator)	v480 @ X1_v20 (Il2CppClass<System.Collections.Generic.IEnumerator`1<T>>)	0	System.Collections.Generic.IEnumerator`1::get_Current	0x06002E07	RUNTIME_DISPATCH	T	EXACT	lookup(receiver, interface class, slot) reaches the dispatch pointer; slot = Il2CppMethodDefinition.slot
Newtonsoft.Json.Utilities.CollectionUtils::AddRange	CALL	initial @ X0 (System.Collections.Generic.IList`1<T>)	v726 @ X1_v23 (Il2CppClass<System.Collections.Generic.ICollection`1<T>>)	2	System.Collections.Generic.ICollection`1::Add	0x06002DF8	RUNTIME_DISPATCH	T	EXACT	lookup(receiver, interface class, slot) reaches the dispatch pointer; slot = Il2CppMethodDefinition.slot
Newtonsoft.Json.Utilities.CollectionUtils::ContainsValue	CALL	source @ X0 (System.Collections.Generic.IEnumerable`1<TSource>)	v137 @ X1_v15 (Il2CppClass<System.Collections.Generic.IEnumerable`1<TSource>>)	0	System.Collections.Generic.IEnumerable`1::GetEnumerator	0x06002E06	RUNTIME_DISPATCH	TSource	EXACT	lookup(receiver, interface class, slot) reaches the dispatch pointer; slot = Il2CppMethodDefinition.slot
Newtonsoft.Json.Utilities.CollectionUtils::ContainsValue	CALL	v226 @ X0_v47 (System.Collections.IEnumerator)	v454 @ X1_v21 (Il2CppClass<System.Collections.Generic.IEnumerator`1<TSource>>)	0	System.Collections.Generic.IEnumerator`1::get_Current	0x06002E07	RUNTIME_DISPATCH	TSource	EXACT	lookup(receiver, interface class, slot) reaches the dispatch pointer; slot = Il2CppMethodDefinition.slot
Newtonsoft.Json.Utilities.CollectionUtils::ContainsValue	CALL	v62 @ X22_v2 (System.Collections.Generic.IEqualityComparer`1<TSource>)	v807 @ X1_v24 (Il2CppClass<System.Collections.Generic.IEqualityComparer`1<TSource>>)	0	System.Collections.Generic.IEqualityComparer`1::Equals	0x06002E08	RUNTIME_DISPATCH	TSource	EXACT	lookup(receiver, interface class, slot) reaches the dispatch pointer; slot = Il2CppMethodDefinition.slot
Newtonsoft.Json.Utilities.CollectionUtils::AddRangeDistinct	CALL	values @ X1 (System.Collections.Generic.IEnumerable`1<T>)	v60 @ X1_v11 (Il2CppClass<System.Collections.Generic.IEnumerable`1<T>>)	0	System.Collections.Generic.IEnumerable`1::GetEnumerator	0x06002E06	RUNTIME_DISPATCH	T	EXACT	lookup(receiver, interface class, slot) reaches the dispatch pointer; slot = Il2CppMethodDefinition.slot
Newtonsoft.Json.Utilities.CollectionUtils::AddRangeDistinct	CALL	v110 @ X0_v36 (System.Collections.IEnumerator)	v566 @ X1_v17 (Il2CppClass<System.Collections.Generic.IEnumerator`1<T>>)	0	System.Collections.Generic.IEnumerator`1::get_Current	0x06002E07	RUNTIME_DISPATCH	T	EXACT	lookup(receiver, interface class, slot) reaches the dispatch pointer; slot = Il2CppMethodDefinition.slot
Newtonsoft.Json.Utilities.CollectionUtils::IndexOf	CALL	collection @ X0 (System.Collections.Generic.IEnumerable`1<T>)	v112 @ X1_v13 (Il2CppClass<System.Collections.Generic.IEnumerable`1<T>>)	0	System.Collections.Generic.IEnumerable`1::GetEnumerator	0x06002E06	RUNTIME_DISPATCH	T	EXACT	lookup(receiver, interface class, slot) reaches the dispatch pointer; slot = Il2CppMethodDefinition.slot
Newtonsoft.Json.Utilities.CollectionUtils::IndexOf	CALL	v151 @ X0_v38 (System.Collections.IEnumerator)	v609 @ X1_v19 (Il2CppClass<System.Collections.Generic.IEnumerator`1<T>>)	0	System.Collections.Generic.IEnumerator`1::get_Current	0x06002E07	RUNTIME_DISPATCH	T	EXACT	lookup(receiver, interface class, slot) reaches the dispatch pointer; slot = Il2CppMethodDefinition.slot
Newtonsoft.Json.Utilities.CollectionWrapper`1::Add	CALL	this._genericCollection (System.Collections.Generic.ICollection`1<T>)	Type: Il2CppClass<System.Collections.Generic.ICollection`1<T>>	2	System.Collections.Generic.ICollection`1::Add	0x06002DF8	RUNTIME_DISPATCH		UNRESOLVED	INVOKER_THROUGH_METHOD:METADATA_USAGE:DISPATCH_PATH_NOT_RECOVERED	
Newtonsoft.Json.Utilities.CollectionWrapper`1::Clear	TAIL	v37 @ X19_v2 (System.Collections.Generic.ICollection`1<T>)	v162 @ X1_v4 (Il2CppClass<System.Collections.IList>)	v150 @ X2_v3 (System.Int32)			RUNTIME_DISPATCH		UNRESOLVED	METHOD_POINTER:TYPED_CLASS_LOCAL:SLOT_NAMES_NO_METHOD	
Newtonsoft.Json.Utilities.CollectionWrapper`1::Contains	CALL	this._genericCollection (System.Collections.Generic.ICollection`1<T>)	Type: Il2CppClass<System.Collections.Generic.ICollection`1<T>>	4	System.Collections.Generic.ICollection`1::Contains	0x06002DFA	RUNTIME_DISPATCH		UNRESOLVED	INVOKER_THROUGH_METHOD:METADATA_USAGE:DISPATCH_PATH_NOT_RECOVERED	
Newtonsoft.Json.Utilities.CollectionWrapper`1::CopyTo	TAIL	v171 @ X0_v6	v170 @ X1_v4 (Il2CppClass<System.Collections.ICollection>)	v158 @ X2_v3 (System.Int32)			RUNTIME_DISPATCH		UNRESOLVED	METHOD_POINTER:TYPED_CLASS_LOCAL:SLOT_NAMES_NO_METHOD	
Newtonsoft.Json.Utilities.CollectionWrapper`1::get_Count	TAIL	v165 @ X0_v6	v164 @ X1_v4 (Il2CppClass<System.Collections.ICollection>)	v152 @ X2_v3 (System.Int32)			RUNTIME_DISPATCH		UNRESOLVED	METHOD_POINTER:TYPED_CLASS_LOCAL:SLOT_NAMES_NO_METHOD	
Newtonsoft.Json.Utilities.CollectionWrapper`1::get_IsReadOnly	TAIL	v37 @ X19_v2 (System.Collections.Generic.ICollection`1<T>)	v162 @ X1_v4 (Il2CppClass<System.Collections.IList>)	v150 @ X2_v3 (System.Int32)			RUNTIME_DISPATCH		UNRESOLVED	METHOD_POINTER:TYPED_CLASS_LOCAL:SLOT_NAMES_NO_METHOD	
Newtonsoft.Json.Utilities.CollectionWrapper`1::Remove	CALL	this._genericCollection (System.Collections.Generic.ICollection`1<T>)	Type: Il2CppClass<System.Collections.Generic.ICollection`1<T>>	6	System.Collections.Generic.ICollection`1::Remove	0x06002DFC	RUNTIME_DISPATCH		UNRESOLVED	INVOKER_THROUGH_METHOD:METADATA_USAGE:DISPATCH_PATH_NOT_RECOVERED	
Newtonsoft.Json.Utilities.CollectionWrapper`1::GetEnumerator	TAIL	v39 @ X19_v2 (System.Collections.Generic.ICollection`1<T>)	v50 @ X1_v3 (Il2CppClass<System.Collections.Generic.IEnumerable`1<T>>)	0	System.Collections.Generic.IEnumerable`1::GetEnumerator	0x06002E06	RUNTIME_DISPATCH	T	EXACT	lookup(receiver, interface class, slot) reaches the dispatch pointer; slot = Il2CppMethodDefinition.slot
Newtonsoft.Json.Utilities.CollectionWrapper`1::System.Collections.IList.get_IsFixedSize	TAIL	v37 @ X19_v2 (System.Collections.Generic.ICollection`1<T>)	v162 @ X1_v4 (Il2CppClass<System.Collections.IList>)	v150 @ X2_v3 (System.Int32)			RUNTIME_DISPATCH		UNRESOLVED	METHOD_POINTER:TYPED_CLASS_LOCAL:SLOT_NAMES_NO_METHOD	
Newtonsoft.Json.Utilities.DictionaryWrapper`2+DictionaryEnumerator`2::get_Current	CALL	v129 @ X27_v1 (System.Collections.Generic.IEnumerator`1<System.Collections.Generic.KeyValuePair`2<TEnumeratorKey, TEnumeratorValue>>)	Type: Il2CppClass<System.Collections.Generic.IEnumerator`1<System.Collections.Generic.KeyValuePair`2<TEnumeratorKey, TEnumeratorValue>>>	0	System.Collections.Generic.IEnumerator`1::get_Current	0x06002E07	RUNTIME_DISPATCH		UNRESOLVED	INVOKER_THROUGH_METHOD:METADATA_USAGE:DISPATCH_PATH_NOT_RECOVERED	
Newtonsoft.Json.Utilities.DictionaryWrapper`2+DictionaryEnumerator`2::get_Current	CALL	v148 @ X25_v4 (System.Collections.Generic.IEnumerator`1<System.Collections.Generic.KeyValuePair`2<TEnumeratorKey, TEnumeratorValue>>)	Type: Il2CppClass<System.Collections.Generic.IEnumerator`1<System.Collections.Generic.KeyValuePair`2<TEnumeratorKey, TEnumeratorValue>>>	0	System.Collections.Generic.IEnumerator`1::get_Current	0x06002E07	RUNTIME_DISPATCH		UNRESOLVED	INVOKER_THROUGH_METHOD:METADATA_USAGE:DISPATCH_PATH_NOT_RECOVERED	
Newtonsoft.Json.Utilities.DictionaryWrapper`2::Add	CALL	this._genericDictionary (System.Collections.Generic.IDictionary`2<TKey, TValue>)	Type: Il2CppClass<System.Collections.Generic.IDictionary`2<TKey, TValue>>	5	System.Collections.Generic.IDictionary`2::Add	0x06002E03	RUNTIME_DISPATCH		UNRESOLVED	INVOKER_THROUGH_METHOD:METADATA_USAGE:DISPATCH_PATH_NOT_RECOVERED	
Newtonsoft.Json.Utilities.DictionaryWrapper`2::ContainsKey	CALL	v450 @ X0_v12 (System.Collections.Generic.IReadOnlyDictionary`2<TKey, TValue>)	v187 @ X1_v16 (Il2CppClass<System.Collections.Generic.IReadOnlyDictionary`2<TKey, TValue>>)	v424 @ X2_v6 (System.Int32)			RUNTIME_DISPATCH		UNRESOLVED	INVOKER_THROUGH_METHOD:TYPED_CLASS_LOCAL:SLOT_NAMES_NO_METHOD	
Newtonsoft.Json.Utilities.ConvertUtils::EnsureTypeAssignable	CALL	v98.CastConverters (Newtonsoft.Json.Utilities.ThreadSafeStore`2<Newtonsoft.Json.Utilities.StructMultiKey`2<System.Type, System.Type>, System.Func`2<System.Object, System.Object>>)	0	0			RUNTIME_DISPATCH		UNRESOLVED	METHOD_POINTER:UNKNOWN_CLASS_SOURCE:CLASS_NOT_AN_INTERFACE_POINTER	Immediate
Newtonsoft.Json.Utilities.DictionaryWrapper`2::get_Keys	CALL	this._readOnlyDictionary (System.Collections.Generic.IReadOnlyDictionary`2<TKey, TValue>)	Type: Il2CppClass<System.Collections.Generic.IReadOnlyDictionary`2<TKey, TValue>>	3	System.Collections.Generic.IReadOnlyDictionary`2::get_Keys	0x06002E13	RUNTIME_DISPATCH	TKey,TValue	EXACT	lookup(receiver, interface class, slot) reaches the dispatch pointer; slot = Il2CppMethodDefinition.slot
Newtonsoft.Json.Utilities.DictionaryWrapper`2::Remove	CALL	v95 @ X0_v15 (System.Collections.Generic.IDictionary`2<TKey, TValue>)	Type: Il2CppClass<System.Collections.Generic.IDictionary`2<TKey, TValue>>	6	System.Collections.Generic.IDictionary`2::Remove	0x06002E04	RUNTIME_DISPATCH		UNRESOLVED	INVOKER_THROUGH_METHOD:METADATA_USAGE:DISPATCH_PATH_NOT_RECOVERED	
Newtonsoft.Json.Utilities.DictionaryWrapper`2::TryGetValue	CALL	v667 @ X0_v44 (System.Object)	Type: Il2CppClass<TValue>	v78 @ X23_v1			RUNTIME_DISPATCH		UNRESOLVED	METHOD_POINTER:METADATA_USAGE:CLASS_NOT_AN_INTERFACE_POINTER	usage:TValue
Newtonsoft.Json.Utilities.DictionaryWrapper`2::get_Values	CALL	this._readOnlyDictionary (System.Collections.Generic.IReadOnlyDictionary`2<TKey, TValue>)	Type: Il2CppClass<System.Collections.Generic.IReadOnlyDictionary`2<TKey, TValue>>	4	System.Collections.Generic.IReadOnlyDictionary`2::get_Values	0x06002E14	RUNTIME_DISPATCH	TKey,TValue	EXACT	lookup(receiver, interface class, slot) reaches the dispatch pointer; slot = Il2CppMethodDefinition.slot
Newtonsoft.Json.Utilities.DictionaryWrapper`2::get_Item	CALL	v451 @ X0_v12 (System.Collections.Generic.IReadOnlyDictionary`2<TKey, TValue>)	v203 @ X1_v17 (Il2CppClass<System.Collections.Generic.IReadOnlyDictionary`2<TKey, TValue>>)	v424 @ X2_v7 (System.Int32)			RUNTIME_DISPATCH		UNRESOLVED	INVOKER_THROUGH_METHOD:TYPED_CLASS_LOCAL:SLOT_NAMES_NO_METHOD	
Newtonsoft.Json.Utilities.DictionaryWrapper`2::set_Item	CALL	v109 @ X0_v14 (System.Collections.Generic.IDictionary`2<TKey, TValue>)	Type: Il2CppClass<System.Collections.Generic.IDictionary`2<TKey, TValue>>	1	System.Collections.Generic.IDictionary`2::set_Item	0x06002DFF	RUNTIME_DISPATCH		UNRESOLVED	INVOKER_THROUGH_METHOD:METADATA_USAGE:DISPATCH_PATH_NOT_RECOVERED	
Newtonsoft.Json.Utilities.DictionaryWrapper`2::Add	CALL	v51._genericDictionary (System.Collections.Generic.IDictionary`2<TKey, TValue>)	Type: Il2CppClass<System.Collections.Generic.ICollection`1<System.Collections.Generic.KeyValuePair`2<TKey, TValue>>>	2	System.Collections.Generic.ICollection`1::Add	0x06002DF8	RUNTIME_DISPATCH		UNRESOLVED	INVOKER_THROUGH_METHOD:METADATA_USAGE:DISPATCH_PATH_NOT_RECOVERED	
Newtonsoft.Json.Utilities.EnumUtils::GetFlagsValues	CALL	v229 @ X0_v92 (System.Collections.Generic.IList`1<T>)	v115 @ X24_v10 (Il2CppClass<System.Collections.Generic.ICollection`1<T>>)	2	System.Collections.Generic.ICollection`1::Add	0x06002DF8	RUNTIME_DISPATCH	T	EXACT	lookup(receiver, interface class, slot) reaches the dispatch pointer; slot = Il2CppMethodDefinition.slot
Newtonsoft.Json.Utilities.EnumUtils::GetFlagsValues	CALL	v242 @ X20_v2 (System.Collections.Generic.IList`1<T>)	v367 @ X1_v5 (Il2CppClass<System.Collections.Generic.ICollection`1<T>>)	0	System.Collections.Generic.ICollection`1::get_Count	0x06002DF6	RUNTIME_DISPATCH	T	EXACT	lookup(receiver, interface class, slot) reaches the dispatch pointer; slot = Il2CppMethodDefinition.slot
Newtonsoft.Json.Utilities.EnumUtils::GetFlagsValues	CALL	v242 @ X20_v2 (System.Collections.Generic.IList`1<T>)	v689 @ X1_v11	2	System.Collections.Generic.ICollection`1::Add	0x06002DF8	RUNTIME_DISPATCH	T	EXACT	lookup(receiver, interface class, slot) reaches the dispatch pointer; slot = Il2CppMethodDefinition.slot
Newtonsoft.Json.Utilities.DictionaryWrapper`2::Clear	TAIL	v207 @ X19_v3 (System.Collections.IDictionary)	v138 @ X1_v4 (Il2CppClass<System.Collections.IDictionary>)	v118 @ X2_v3 (System.Int32)			RUNTIME_DISPATCH		UNRESOLVED	METHOD_POINTER:TYPED_CLASS_LOCAL:SLOT_NAMES_NO_METHOD	
Newtonsoft.Json.Utilities.DictionaryWrapper`2::Contains	CALL	v87 @ X0_v12 (System.Collections.Generic.IDictionary`2<TKey, TValue>)	Type: Il2CppClass<System.Collections.Generic.ICollection`1<System.Collections.Generic.KeyValuePair`2<TKey, TValue>>>	4	System.Collections.Generic.ICollection`1::Contains	0x06002DFA	RUNTIME_DISPATCH		UNRESOLVED	INVOKER_THROUGH_METHOD:METADATA_USAGE:DISPATCH_PATH_NOT_RECOVERED	
Newtonsoft.Json.Utilities.DictionaryWrapper`2::CopyTo	CALL	v913 @ X0_v4 (System.OutOfMemoryException)	v1021 @ X1_v4	0	System.IDisposable::Dispose	0x06000742	RUNTIME_DISPATCH		EXACT	lookup(receiver, interface class, slot) reaches the dispatch pointer; slot = Il2CppMethodDefinition.slot
Newtonsoft.Json.Utilities.DictionaryWrapper`2::CopyTo	CALL	v260 @ X0_v47 (System.Collections.Generic.IDictionary`2<TKey, TValue>)	v454 @ X1_v20 (Il2CppClass<System.Collections.Generic.ICollection`1<System.Collections.Generic.KeyValuePair`2<TKey, TValue>>>)	5	System.Collections.Generic.ICollection`1::CopyTo	0x06002DFB	RUNTIME_DISPATCH	System.Collections.Generic.KeyValuePair`2<TKey, TValue>	EXACT	lookup(receiver, interface class, slot) reaches the dispatch pointer; slot = Il2CppMethodDefinition.slot
Newtonsoft.Json.Utilities.ReflectionDelegateFactory::CreateGet	TAIL	[v257 @ X8_v10+140]	v234 @ X1_v9 (Il2CppMethodInfo)	v209 @ X2_v1 (Il2CppMethodInfo)			RUNTIME_DISPATCH		UNRESOLVED	METHOD_POINTER:UNKNOWN_CLASS_SOURCE:CLASS_NOT_AN_INTERFACE_POINTER	{RuntimeMethodInfoAnalysisContext | RuntimeMethodInfoAnalysisContext}
Newtonsoft.Json.Utilities.ReflectionDelegateFactory::CreateSet	TAIL	[v170 @ X8_v7+140]	v150 @ X1_v4 (Il2CppMethodInfo)	methodInfo @ X2 (Il2CppMethodInfo)			RUNTIME_DISPATCH		UNRESOLVED	METHOD_POINTER:UNKNOWN_CLASS_SOURCE:CLASS_NOT_AN_INTERFACE_POINTER	{RuntimeMethodInfoAnalysisContext | RuntimeMethodInfoAnalysisContext}
Newtonsoft.Json.Utilities.JavaScriptUtils::.cctor	CALL	v1672 @ X20_v28 (System.Collections.Generic.IEnumerator`1<System.Char>)	v1678 @ X1_v57	0	System.IDisposable::Dispose	0x06000742	RUNTIME_DISPATCH		EXACT	lookup(receiver, interface class, slot) reaches the dispatch pointer; slot = Il2CppMethodDefinition.slot
Newtonsoft.Json.Utilities.JavaScriptUtils::.cctor	CALL	v326 @ X0_v46	v2115 @ X1_v23	0	System.Collections.Generic.IEnumerable`1::GetEnumerator	0x06002E06	RUNTIME_DISPATCH	System.Char	EXACT	lookup(receiver, interface class, slot) reaches the dispatch pointer; slot = Il2CppMethodDefinition.slot
Newtonsoft.Json.Utilities.JavaScriptUtils::.cctor	CALL	v1394 @ X20_v27 (System.Collections.IEnumerator)	v1400 @ X1_v54	0	System.IDisposable::Dispose	0x06000742	RUNTIME_DISPATCH		EXACT	lookup(receiver, interface class, slot) reaches the dispatch pointer; slot = Il2CppMethodDefinition.slot
Newtonsoft.Json.Utilities.JavaScriptUtils::.cctor	CALL	v327 @ X0_v22	v1732 @ X1_v13	0	System.Collections.Generic.IEnumerable`1::GetEnumerator	0x06002E06	RUNTIME_DISPATCH	System.Char	EXACT	lookup(receiver, interface class, slot) reaches the dispatch pointer; slot = Il2CppMethodDefinition.slot
Newtonsoft.Json.Utilities.JavaScriptUtils::.cctor	CALL	v729 @ X19_v4 (System.Collections.Generic.List`1<System.Char>)	v1005 @ X1_v7	0	System.IDisposable::Dispose	0x06000742	RUNTIME_DISPATCH		EXACT	lookup(receiver, interface class, slot) reaches the dispatch pointer; slot = Il2CppMethodDefinition.slot
Newtonsoft.Json.Utilities.JavaScriptUtils::.cctor	CALL	v728 @ X19_v9 (System.Collections.Generic.List`1<System.Char>)	v810 @ X1_v40	0	System.IDisposable::Dispose	0x06000742	RUNTIME_DISPATCH		EXACT	lookup(receiver, interface class, slot) reaches the dispatch pointer; slot = Il2CppMethodDefinition.slot
Newtonsoft.Json.Utilities.JavaScriptUtils::.cctor	CALL	0	v1326 @ X1_v38	0	System.IDisposable::Dispose	0x06000742	RUNTIME_DISPATCH		EXACT	lookup(receiver, interface class, slot) reaches the dispatch pointer; slot = Il2CppMethodDefinition.slot
Newtonsoft.Json.Utilities.JavaScriptUtils::.cctor	CALL	0	v1575 @ X1_v36	0	System.IDisposable::Dispose	0x06000742	RUNTIME_DISPATCH		EXACT	lookup(receiver, interface class, slot) reaches the dispatch pointer; slot = Il2CppMethodDefinition.slot
Newtonsoft.Json.Utilities.ReflectionUtils::GetChildPrivateProperties	CALL	initialProperties @ X0 (System.Collections.Generic.IList`1<System.Reflection.PropertyInfo>)	v617 @ X1_v13 (Il2CppClass<System.Collections.Generic.ICollection`1<System.Reflection.PropertyInfo>>)	2	System.Collections.Generic.ICollection`1::Add	0x06002DF8	RUNTIME_DISPATCH	System.Reflection.PropertyInfo	EXACT	lookup(receiver, interface class, slot) reaches the dispatch pointer; slot = Il2CppMethodDefinition.slot
Newtonsoft.Json.Serialization.DiagnosticsTraceWriter::Trace	CALL	v642 @ X0_v10 (System.Collections.IEnumerator)	v696 @ X1_v7	0	System.IDisposable::Dispose	0x06000742	RUNTIME_DISPATCH		EXACT	lookup(receiver, interface class, slot) reaches the dispatch pointer; slot = Il2CppMethodDefinition.slot
Newtonsoft.Json.Serialization.DiagnosticsTraceWriter::Trace	CALL	v645 @ X0_v25	v720 @ X1_v15	0	System.IDisposable::Dispose	0x06000742	RUNTIME_DISPATCH		EXACT	lookup(receiver, interface class, slot) reaches the dispatch pointer; slot = Il2CppMethodDefinition.slot
Newtonsoft.Json.Serialization.JsonSerializerInternalReader::CreateJToken	CALL	v416 @ X21_v4 (Newtonsoft.Json.Linq.JTokenWriter)	v418 @ X1_v6	0	System.IDisposable::Dispose	0x06000742	RUNTIME_DISPATCH		EXACT	lookup(receiver, interface class, slot) reaches the dispatch pointer; slot = Il2CppMethodDefinition.slot
Newtonsoft.Json.Serialization.JsonSerializerInternalReader::CreateJToken	CALL	v458 @ X0_v21 (System.Globalization.CultureInfo)	v573 @ X1_v16	0	System.IDisposable::Dispose	0x06000742	RUNTIME_DISPATCH		EXACT	lookup(receiver, interface class, slot) reaches the dispatch pointer; slot = Il2CppMethodDefinition.slot
Newtonsoft.Json.Serialization.JsonSerializerInternalWriter::SerializeDictionary	CALL	v822 @ X0_v9 (System.Collections.IDictionaryEnumerator)	v924 @ X1_v11	0	System.IDisposable::Dispose	0x06000742	RUNTIME_DISPATCH		EXACT	lookup(receiver, interface class, slot) reaches the dispatch pointer; slot = Il2CppMethodDefinition.slot
Newtonsoft.Json.Schema.Extensions::Validate	CALL	v249 @ X19_v4 (Newtonsoft.Json.JsonValidatingReader)	v256 @ X1_v5	0	System.IDisposable::Dispose	0x06000742	RUNTIME_DISPATCH		EXACT	lookup(receiver, interface class, slot) reaches the dispatch pointer; slot = Il2CppMethodDefinition.slot
Newtonsoft.Json.Schema.Extensions::Validate	CALL	v136 @ X19_v5 (Newtonsoft.Json.JsonValidatingReader)	v192 @ X1_v9	0	System.IDisposable::Dispose	0x06000742	RUNTIME_DISPATCH		EXACT	lookup(receiver, interface class, slot) reaches the dispatch pointer; slot = Il2CppMethodDefinition.slot
Newtonsoft.Json.Schema.JsonSchemaModel::Create	CALL	v210 @ X20_v2 (System.Collections.Generic.IEnumerator`1<Newtonsoft.Json.Schema.JsonSchema>)	v462 @ X1_v4	0	System.IDisposable::Dispose	0x06000742	RUNTIME_DISPATCH		EXACT	lookup(receiver, interface class, slot) reaches the dispatch pointer; slot = Il2CppMethodDefinition.slot
Newtonsoft.Json.Schema.JsonSchemaModel::Create	CALL	v209 @ X20_v4 (System.Collections.Generic.IEnumerator`1<Newtonsoft.Json.Schema.JsonSchema>)	v337 @ X1_v8	0	System.IDisposable::Dispose	0x06000742	RUNTIME_DISPATCH		EXACT	lookup(receiver, interface class, slot) reaches the dispatch pointer; slot = Il2CppMethodDefinition.slot
Newtonsoft.Json.Linq.JContainer::ClearItems	CALL	v224 @ X21_v1 (System.Collections.Generic.IEnumerator`1<Newtonsoft.Json.Linq.JToken>)	v499 @ X1_v11	0	System.IDisposable::Dispose	0x06000742	RUNTIME_DISPATCH		EXACT	lookup(receiver, interface class, slot) reaches the dispatch pointer; slot = Il2CppMethodDefinition.slot
Newtonsoft.Json.Linq.JContainer::ClearItems	CALL	v223 @ X21_v4 (System.Collections.Generic.IEnumerator`1<Newtonsoft.Json.Linq.JToken>)	v373 @ X1_v15	0	System.IDisposable::Dispose	0x06000742	RUNTIME_DISPATCH		EXACT	lookup(receiver, interface class, slot) reaches the dispatch pointer; slot = Il2CppMethodDefinition.slot
Newtonsoft.Json.Linq.JContainer::CopyItemsTo	CALL	v375 @ X19_v2 (Newtonsoft.Json.Linq.JContainer)	v637 @ X1_v3	0	System.IDisposable::Dispose	0x06000742	RUNTIME_DISPATCH		EXACT	lookup(receiver, interface class, slot) reaches the dispatch pointer; slot = Il2CppMethodDefinition.slot
Newtonsoft.Json.Linq.JContainer::CopyItemsTo	CALL	v374 @ X19_v4 (Newtonsoft.Json.Linq.JContainer)	v512 @ X1_v7	0	System.IDisposable::Dispose	0x06000742	RUNTIME_DISPATCH		EXACT	lookup(receiver, interface class, slot) reaches the dispatch pointer; slot = Il2CppMethodDefinition.slot
Newtonsoft.Json.Schema.JsonSchemaBuilder::ProcessExtends	CALL	v53 @ X0_v3 (System.Collections.Generic.List`1<Newtonsoft.Json.Schema.JsonSchema>)	v409 @ X1_v15	2	System.Collections.Generic.ICollection`1::Add	0x06002DF8	RUNTIME_DISPATCH	Newtonsoft.Json.Schema.JsonSchema	EXACT	lookup(receiver, interface class, slot) reaches the dispatch pointer; slot = Il2CppMethodDefinition.slot
Newtonsoft.Json.Schema.JsonSchemaBuilder::ProcessExtends	CALL	v53 @ X0_v3 (System.Collections.Generic.List`1<Newtonsoft.Json.Schema.JsonSchema>)	v412 @ X1_v4	0	System.Collections.Generic.ICollection`1::get_Count	0x06002DF6	RUNTIME_DISPATCH	Newtonsoft.Json.Schema.JsonSchema	EXACT	lookup(receiver, interface class, slot) reaches the dispatch pointer; slot = Il2CppMethodDefinition.slot
Newtonsoft.Json.Schema.JsonSchemaBuilder::ProcessEnum	CALL	v422 @ X19_v2 (System.Collections.Generic.IEnumerator`1<Newtonsoft.Json.Linq.JToken>)	v652 @ X1_v3	0	System.IDisposable::Dispose	0x06000742	RUNTIME_DISPATCH		EXACT	lookup(receiver, interface class, slot) reaches the dispatch pointer; slot = Il2CppMethodDefinition.slot
Newtonsoft.Json.Schema.JsonSchemaBuilder::ProcessEnum	CALL	v421 @ X19_v4 (System.Collections.Generic.IEnumerator`1<Newtonsoft.Json.Linq.JToken>)	v590 @ X1_v7	0	System.IDisposable::Dispose	0x06000742	RUNTIME_DISPATCH		EXACT	lookup(receiver, interface class, slot) reaches the dispatch pointer; slot = Il2CppMethodDefinition.slot
Newtonsoft.Json.Linq.JContainer::ContentsHashCode	CALL	v254 @ X19_v2 (System.Collections.Generic.IEnumerator`1<Newtonsoft.Json.Linq.JToken>)	v494 @ X1_v4	0	System.IDisposable::Dispose	0x06000742	RUNTIME_DISPATCH		EXACT	lookup(receiver, interface class, slot) reaches the dispatch pointer; slot = Il2CppMethodDefinition.slot
Newtonsoft.Json.Linq.JContainer::ContentsHashCode	CALL	v253 @ X19_v4 (System.Collections.Generic.IEnumerator`1<Newtonsoft.Json.Linq.JToken>)	v368 @ X1_v8	0	System.IDisposable::Dispose	0x06000742	RUNTIME_DISPATCH		EXACT	lookup(receiver, interface class, slot) reaches the dispatch pointer; slot = Il2CppMethodDefinition.slot
Newtonsoft.Json.Schema.JsonSchemaBuilder::ProcessProperties	CALL	v432 @ X20_v2 (System.Collections.Generic.IEnumerator`1<Newtonsoft.Json.Linq.JToken>)	v674 @ X1_v4	0	System.IDisposable::Dispose	0x06000742	RUNTIME_DISPATCH		EXACT	lookup(receiver, interface class, slot) reaches the dispatch pointer; slot = Il2CppMethodDefinition.slot
Newtonsoft.Json.Schema.JsonSchemaBuilder::ProcessProperties	CALL	v431 @ X20_v4 (System.Collections.Generic.IEnumerator`1<Newtonsoft.Json.Linq.JToken>)	v609 @ X1_v8	0	System.IDisposable::Dispose	0x06000742	RUNTIME_DISPATCH		EXACT	lookup(receiver, interface class, slot) reaches the dispatch pointer; slot = Il2CppMethodDefinition.slot
Newtonsoft.Json.Schema.JsonSchemaWriter::WriteSchema	CALL	v521 @ X21_v9 (System.Collections.Generic.IList`1<Newtonsoft.Json.Schema.JsonSchema>)	v1882 @ X1_v12	0	System.Collections.Generic.ICollection`1::get_Count	0x06002DF6	RUNTIME_DISPATCH	Newtonsoft.Json.Schema.JsonSchema	EXACT	lookup(receiver, interface class, slot) reaches the dispatch pointer; slot = Il2CppMethodDefinition.slot
Newtonsoft.Json.Schema.JsonSchemaWriter::WriteSchema	CALL	v522 @ X21_v10 (System.Collections.Generic.IList`1<Newtonsoft.Json.Schema.JsonSchema>)	v2014 @ X1_v15	0	System.Collections.Generic.ICollection`1::get_Count	0x06002DF6	RUNTIME_DISPATCH	Newtonsoft.Json.Schema.JsonSchema	EXACT	lookup(receiver, interface class, slot) reaches the dispatch pointer; slot = Il2CppMethodDefinition.slot
Newtonsoft.Json.Schema.JsonSchemaGenerator::GenerateObjectSchema	CALL	v500 @ X21_v7 (System.Collections.Generic.IEnumerator`1<Newtonsoft.Json.Serialization.JsonProperty>)	v508 @ X1_v12	0	System.IDisposable::Dispose	0x06000742	RUNTIME_DISPATCH		EXACT	lookup(receiver, interface class, slot) reaches the dispatch pointer; slot = Il2CppMethodDefinition.slot
Newtonsoft.Json.Schema.JsonSchemaGenerator::GenerateObjectSchema	CALL	v250 @ X21_v4 (System.Collections.Generic.IEnumerator`1<Newtonsoft.Json.Serialization.JsonProperty>)	v409 @ X1_v7	0	System.IDisposable::Dispose	0x06000742	RUNTIME_DISPATCH		EXACT	lookup(receiver, interface class, slot) reaches the dispatch pointer; slot = Il2CppMethodDefinition.slot
Newtonsoft.Json.Linq.JEnumerable`1::GetEnumerator	CALL	v29 @ X20_v2 (System.Collections.Generic.IEnumerable`1<T>)	v73 @ X1_v3 (Il2CppClass<System.Collections.Generic.IEnumerable`1<T>>)	0	System.Collections.Generic.IEnumerable`1::GetEnumerator	0x06002E06	RUNTIME_DISPATCH	T	EXACT	lookup(receiver, interface class, slot) reaches the dispatch pointer; slot = Il2CppMethodDefinition.slot
Newtonsoft.Json.Linq.Extensions+<Convert>d__14`2::MoveNext	CALL	v150 @ X19_v13 (System.Collections.Generic.IEnumerable`1<T>)	v314 @ X1_v15	0			RUNTIME_DISPATCH		UNRESOLVED	METHOD_POINTER:UNKNOWN_CLASS_SOURCE:CLASS_NOT_AN_INTERFACE_POINTER	{[[[param:v39+0x20]->rgctx_data]+0x10] | returns-argument@0xE6A35C({[[...->rgctx_data]+0x10] | returns-argument@0xE6A35C(DEFINED_2_TIMES)})}
Newtonsoft.Json.Linq.Extensions+<Convert>d__14`2::MoveNext	CALL	this.<>7__wrap1 (System.Collections.Generic.IEnumerator`1<T>)	v457 @ X1_v6	0			RUNTIME_DISPATCH		UNRESOLVED	METHOD_POINTER:UNKNOWN_CLASS_SOURCE:CLASS_NOT_AN_INTERFACE_POINTER	{[[[param:v39+0x20]->rgctx_data]+0x20] | returns-argument@0xE6A35C({[[...->rgctx_data]+0x20] | returns-argument@0xE6A35C(DEFINED_2_TIMES)})}
Newtonsoft.Json.Linq.JObject::System.Collections.Generic.ICollection<System.Collections.Generic.KeyValuePair<System.String,Newtonsoft.Json.Linq.JToken>>.CopyTo	CALL	v411 @ X19_v2 (System.Collections.Generic.IEnumerator`1<Newtonsoft.Json.Linq.JToken>)	v713 @ X1_v3	0	System.IDisposable::Dispose	0x06000742	RUNTIME_DISPATCH		EXACT	lookup(receiver, interface class, slot) reaches the dispatch pointer; slot = Il2CppMethodDefinition.slot
Newtonsoft.Json.Linq.JObject::System.Collections.Generic.ICollection<System.Collections.Generic.KeyValuePair<System.String,Newtonsoft.Json.Linq.JToken>>.CopyTo	CALL	v410 @ X19_v4 (System.Collections.Generic.IEnumerator`1<Newtonsoft.Json.Linq.JToken>)	v569 @ X1_v7	0	System.IDisposable::Dispose	0x06000742	RUNTIME_DISPATCH		EXACT	lookup(receiver, interface class, slot) reaches the dispatch pointer; slot = Il2CppMethodDefinition.slot
Newtonsoft.Json.Linq.JContainer::.ctor	CALL	v164 @ X19_v2 (System.Collections.Generic.IEnumerator`1<Newtonsoft.Json.Linq.JToken>)	v156 @ X1_v3	0	System.IDisposable::Dispose	0x06000742	RUNTIME_DISPATCH		EXACT	lookup(receiver, interface class, slot) reaches the dispatch pointer; slot = Il2CppMethodDefinition.slot
Newtonsoft.Json.Linq.JContainer::.ctor	CALL	v376 @ X19_v6 (System.Collections.Generic.IEnumerator`1<Newtonsoft.Json.Linq.JToken>)	v575 @ X1_v9	0	System.IDisposable::Dispose	0x06000742	RUNTIME_DISPATCH		EXACT	lookup(receiver, interface class, slot) reaches the dispatch pointer; slot = Il2CppMethodDefinition.slot
Newtonsoft.Json.Converters.DataSetConverter::WriteJson	CALL	v551 @ X0_v4 (System.Data.DataSet)	v682 @ X1_v5	0	System.IDisposable::Dispose	0x06000742	RUNTIME_DISPATCH		EXACT	lookup(receiver, interface class, slot) reaches the dispatch pointer; slot = Il2CppMethodDefinition.slot
Newtonsoft.Json.Converters.DataSetConverter::WriteJson	CALL	v503 @ X0_v18	v553 @ X1_v11	0	System.IDisposable::Dispose	0x06000742	RUNTIME_DISPATCH		EXACT	lookup(receiver, interface class, slot) reaches the dispatch pointer; slot = Il2CppMethodDefinition.slot
Newtonsoft.Json.Converters.DataTableConverter::WriteJson	CALL	v1077 @ X0_v4 (System.Data.DataTable)	v1224 @ X1_v5	0	System.IDisposable::Dispose	0x06000742	RUNTIME_DISPATCH		EXACT	lookup(receiver, interface class, slot) reaches the dispatch pointer; slot = Il2CppMethodDefinition.slot
Newtonsoft.Json.Linq.JsonPath.FieldFilter+<ExecuteFilter>d__2::MoveNext	CALL	v179 @ X20_v27 (System.Collections.Generic.IEnumerable`1<Newtonsoft.Json.Linq.JToken>)	Type: System.Collections.Generic.IEnumerable`1<Newtonsoft.Json.Linq.JToken>	0	System.Collections.Generic.IEnumerable`1::GetEnumerator	0x06002E06	RUNTIME_DISPATCH	Newtonsoft.Json.Linq.JToken	EXACT	lookup(receiver, interface class, slot) reaches the dispatch pointer; slot = Il2CppMethodDefinition.slot
Newtonsoft.Json.Serialization.JsonSerializerInternalReader::CreateObjectUsingCreatorWithParameters	CALL	v893 @ X0_v384 (System.Collections.Generic.IEnumerator`1<Newtonsoft.Json.Serialization.JsonProperty>)	v1188 @ X1_v188	0	System.Collections.IEnumerator::MoveNext	0x06002AF1	RUNTIME_DISPATCH		EXACT	lookup(receiver, interface class, slot) reaches the dispatch pointer; slot = Il2CppMethodDefinition.slot
Newtonsoft.Json.Serialization.JsonSerializerInternalReader::CreateObjectUsingCreatorWithParameters	CALL	v4552 @ X27_v67 (Newtonsoft.Json.Utilities.IWrappedCollection)	v5436 @ X1_v132	6	System.Collections.IList::get_IsFixedSize	0x06002AFC	RUNTIME_DISPATCH		EXACT	lookup(receiver, interface class, slot) reaches the dispatch pointer; slot = Il2CppMethodDefinition.slot
Newtonsoft.Json.Serialization.JsonSerializerInternalReader::CreateObjectUsingCreatorWithParameters	CALL	v4552 @ X27_v67 (Newtonsoft.Json.Utilities.IWrappedCollection)	v6164 @ X1_v146	2	System.Collections.IList::Add	0x06002AF8	RUNTIME_DISPATCH		EXACT	lookup(receiver, interface class, slot) reaches the dispatch pointer; slot = Il2CppMethodDefinition.slot
Newtonsoft.Json.Serialization.JsonSerializerInternalReader::CreateObjectUsingCreatorWithParameters	CALL	v2201 @ X0_v89 (System.IDisposable)	Type: System.IDisposable	0	System.IDisposable::Dispose	0x06000742	RUNTIME_DISPATCH		EXACT	lookup(receiver, interface class, slot) reaches the dispatch pointer; slot = Il2CppMethodDefinition.slot
Newtonsoft.Json.Serialization.JsonSerializerInternalReader::CreateObjectUsingCreatorWithParameters	CALL	v4165 @ X0_v55 (System.IDisposable)	Type: System.IDisposable	0	System.IDisposable::Dispose	0x06000742	RUNTIME_DISPATCH		EXACT	lookup(receiver, interface class, slot) reaches the dispatch pointer; slot = Il2CppMethodDefinition.slot
Newtonsoft.Json.Converters.XmlNodeConverter::SerializeNode	CALL	v321 @ X21_v2 (Newtonsoft.Json.Converters.IXmlNode)	v759 @ X1_v13	3	Newtonsoft.Json.Converters.IXmlNode::get_Attributes	0x06000F4B	RUNTIME_DISPATCH		EXACT	lookup(receiver, interface class, slot) reaches the dispatch pointer; slot = Il2CppMethodDefinition.slot
Newtonsoft.Json.Converters.XmlNodeConverter::SerializeNode	CALL	v321 @ X21_v2 (Newtonsoft.Json.Converters.IXmlNode)	v845 @ X1_v42	2	Newtonsoft.Json.Converters.IXmlNode::get_ChildNodes	0x06000F4A	RUNTIME_DISPATCH		EXACT	lookup(receiver, interface class, slot) reaches the dispatch pointer; slot = Il2CppMethodDefinition.slot
Newtonsoft.Json.Converters.XmlNodeConverter::SerializeNode	CALL	v321 @ X21_v2 (Newtonsoft.Json.Converters.IXmlNode)	v1021 @ X1_v44	2	Newtonsoft.Json.Converters.IXmlNode::get_ChildNodes	0x06000F4A	RUNTIME_DISPATCH		EXACT	lookup(receiver, interface class, slot) reaches the dispatch pointer; slot = Il2CppMethodDefinition.slot
Newtonsoft.Json.Converters.XmlNodeConverter::SerializeNode	CALL	v288 @ X0_v106 (Il2CppClass<Newtonsoft.Json.Converters.IXmlElement>)	v1246 @ X1_v47	0	Newtonsoft.Json.Converters.IXmlNode::get_NodeType	0x06000F48	RUNTIME_DISPATCH		EXACT	lookup(receiver, interface class, slot) reaches the dispatch pointer; slot = Il2CppMethodDefinition.slot
Newtonsoft.Json.Converters.XmlNodeConverter::SerializeNode	CALL	v321 @ X21_v2 (Newtonsoft.Json.Converters.IXmlNode)	v1422 @ X1_v49	2	Newtonsoft.Json.Converters.IXmlNode::get_ChildNodes	0x06000F4A	RUNTIME_DISPATCH		EXACT	lookup(receiver, interface class, slot) reaches the dispatch pointer; slot = Il2CppMethodDefinition.slot
Newtonsoft.Json.Converters.XmlNodeConverter::SerializeNode	CALL	v321 @ X21_v2 (Newtonsoft.Json.Converters.IXmlNode)	v895 @ X1_v19	2	Newtonsoft.Json.Converters.IXmlNode::get_ChildNodes	0x06000F4A	RUNTIME_DISPATCH		EXACT	lookup(receiver, interface class, slot) reaches the dispatch pointer; slot = Il2CppMethodDefinition.slot
Newtonsoft.Json.Converters.XmlNodeConverter::SerializeNode	CALL	v321 @ X21_v2 (Newtonsoft.Json.Converters.IXmlNode)	v1025 @ X1_v33	3	Newtonsoft.Json.Converters.IXmlNode::get_Attributes	0x06000F4B	RUNTIME_DISPATCH		EXACT	lookup(receiver, interface class, slot) reaches the dispatch pointer; slot = Il2CppMethodDefinition.slot
Newtonsoft.Json.Converters.XmlNodeConverter::SerializeNode	CALL	v321 @ X21_v2 (Newtonsoft.Json.Converters.IXmlNode)	v1162 @ X1_v25	3	Newtonsoft.Json.Converters.IXmlNode::get_Attributes	0x06000F4B	RUNTIME_DISPATCH		EXACT	lookup(receiver, interface class, slot) reaches the dispatch pointer; slot = Il2CppMethodDefinition.slot
Newtonsoft.Json.Converters.XmlNodeConverter::SerializeNode	CALL	v321 @ X21_v2 (Newtonsoft.Json.Converters.IXmlNode)	v1290 @ X1_v29	3	Newtonsoft.Json.Converters.IXmlNode::get_Attributes	0x06000F4B	RUNTIME_DISPATCH		EXACT	lookup(receiver, interface class, slot) reaches the dispatch pointer; slot = Il2CppMethodDefinition.slot
Newtonsoft.Json.Converters.XmlNodeConverter::SerializeNode	CALL	v290 @ X0_v113 (Newtonsoft.Json.Converters.IXmlNode)	v1584 @ X1_v52	5	Newtonsoft.Json.Converters.IXmlNode::get_Value	0x06000F4D	RUNTIME_DISPATCH		EXACT	lookup(receiver, interface class, slot) reaches the dispatch pointer; slot = Il2CppMethodDefinition.slot
Newtonsoft.Json.Utilities.DictionaryWrapper`2::get_Count	TAIL	v148 @ X0_v6 (System.Collections.IDictionary)	v142 @ X1_v4 (Il2CppClass<System.Collections.ICollection>)	v122 @ X2_v3 (System.Int32)			RUNTIME_DISPATCH		UNRESOLVED	METHOD_POINTER:TYPED_CLASS_LOCAL:SLOT_NAMES_NO_METHOD	
Newtonsoft.Json.Utilities.DictionaryWrapper`2::get_IsReadOnly	TAIL	v245 @ X19_v3 (System.Collections.IDictionary)	v139 @ X1_v2 (Il2CppClass<System.Collections.IDictionary>)	v119 @ X2_v1 (System.Int32)			RUNTIME_DISPATCH		UNRESOLVED	METHOD_POINTER:TYPED_CLASS_LOCAL:SLOT_NAMES_NO_METHOD	
Newtonsoft.Json.Converters.XmlNodeConverter::ReadJson	TAIL	v173 @ X0_v72 (Newtonsoft.Json.Converters.IXmlElement)	Type: Newtonsoft.Json.Converters.IXmlNode	9	Newtonsoft.Json.Converters.IXmlNode::get_WrappedNode	0x06000F51	RUNTIME_DISPATCH		EXACT	lookup(receiver, interface class, slot) reaches the dispatch pointer; slot = Il2CppMethodDefinition.slot
Newtonsoft.Json.Linq.JToken::SelectToken	CALL	v174 @ X19_v2 (System.Collections.Generic.IEnumerator`1<Newtonsoft.Json.Linq.JToken>)	v453 @ X1_v4	0	System.IDisposable::Dispose	0x06000742	RUNTIME_DISPATCH		EXACT	lookup(receiver, interface class, slot) reaches the dispatch pointer; slot = Il2CppMethodDefinition.slot
Newtonsoft.Json.Utilities.DictionaryWrapper`2::Remove	CALL	v110 @ X0_v15 (System.Collections.Generic.IDictionary`2<TKey, TValue>)	Type: Il2CppClass<System.Collections.Generic.ICollection`1<System.Collections.Generic.KeyValuePair`2<TKey, TValue>>>	6	System.Collections.Generic.ICollection`1::Remove	0x06002DFC	RUNTIME_DISPATCH		UNRESOLVED	INVOKER_THROUGH_METHOD:METADATA_USAGE:DISPATCH_PATH_NOT_RECOVERED	
Newtonsoft.Json.Linq.JToken::SelectToken	CALL	v173 @ X19_v4 (System.Collections.Generic.IEnumerator`1<Newtonsoft.Json.Linq.JToken>)	v307 @ X1_v8	0	System.IDisposable::Dispose	0x06000742	RUNTIME_DISPATCH		EXACT	lookup(receiver, interface class, slot) reaches the dispatch pointer; slot = Il2CppMethodDefinition.slot
Newtonsoft.Json.Converters.XmlNodeConverter::DeserializeValue	TAIL	currentNode @ X5 (Newtonsoft.Json.Converters.IXmlNode)	v626 @ X1_v6 (Il2CppClass<Newtonsoft.Json.Converters.IXmlNode>)	7	Newtonsoft.Json.Converters.IXmlNode::AppendChild	0x06000F4F	RUNTIME_DISPATCH		EXACT	lookup(receiver, interface class, slot) reaches the dispatch pointer; slot = Il2CppMethodDefinition.slot
Newtonsoft.Json.Converters.XmlNodeConverter::CreateElement	CALL	document @ X2 (Newtonsoft.Json.Converters.IXmlDocument)	v715 @ X1_v11	1	Newtonsoft.Json.Converters.IXmlDocument::CreateTextNode	0x06000F30	RUNTIME_DISPATCH		EXACT	lookup(receiver, interface class, slot) reaches the dispatch pointer; slot = Il2CppMethodDefinition.slot
Newtonsoft.Json.Converters.XmlNodeConverter::CreateElement	CALL	v284 @ X20_v2 (Newtonsoft.Json.Converters.IXmlElement)	v898 @ X1_v13	7	Newtonsoft.Json.Converters.IXmlNode::AppendChild	0x06000F4F	RUNTIME_DISPATCH		EXACT	lookup(receiver, interface class, slot) reaches the dispatch pointer; slot = Il2CppMethodDefinition.slot
Newtonsoft.Json.Utilities.DictionaryWrapper`2::System.Collections.IDictionary.Add	CALL	v127 @ X0_v14 (System.Collections.Generic.IDictionary`2<TKey, TValue>)	Type: Il2CppClass<System.Collections.Generic.IDictionary`2<TKey, TValue>>	5	System.Collections.Generic.IDictionary`2::Add	0x06002E03	RUNTIME_DISPATCH		UNRESOLVED	INVOKER_THROUGH_METHOD:METADATA_USAGE:DISPATCH_PATH_NOT_RECOVERED	
Newtonsoft.Json.Utilities.DictionaryWrapper`2::System.Collections.IDictionary.get_Item	CALL	v458 @ X0_v12 (System.Collections.Generic.IReadOnlyDictionary`2<TKey, TValue>)	v273 @ X1_v18 (Il2CppClass<System.Collections.Generic.IReadOnlyDictionary`2<TKey, TValue>>)	v433 @ X2_v6 (System.Int32)			RUNTIME_DISPATCH		UNRESOLVED	INVOKER_THROUGH_METHOD:TYPED_CLASS_LOCAL:SLOT_NAMES_NO_METHOD	
Newtonsoft.Json.Utilities.DictionaryWrapper`2::System.Collections.IDictionary.set_Item	CALL	v127 @ X0_v14 (System.Collections.Generic.IDictionary`2<TKey, TValue>)	Type: Il2CppClass<System.Collections.Generic.IDictionary`2<TKey, TValue>>	1	System.Collections.Generic.IDictionary`2::set_Item	0x06002DFF	RUNTIME_DISPATCH		UNRESOLVED	INVOKER_THROUGH_METHOD:METADATA_USAGE:DISPATCH_PATH_NOT_RECOVERED	
Newtonsoft.Json.Utilities.DictionaryWrapper`2::System.Collections.IDictionary.GetEnumerator	CALL	v216 @ X20_v7 (System.Collections.Generic.IReadOnlyDictionary`2<TKey, TValue>)	v200 @ X1_v6 (Il2CppClass<System.Collections.Generic.IEnumerable`1<System.Collections.Generic.KeyValuePair`2<TKey, TValue>>>)	0	System.Collections.Generic.IEnumerable`1::GetEnumerator	0x06002E06	RUNTIME_DISPATCH	System.Collections.Generic.KeyValuePair`2<TKey, TValue>	EXACT	lookup(receiver, interface class, slot) reaches the dispatch pointer; slot = Il2CppMethodDefinition.slot
Newtonsoft.Json.Linq.JsonPath.BooleanQueryExpression::IsMatch	CALL	v469 @ X23_v6 (Newtonsoft.Json.Linq.JToken)	Type: System.IDisposable	0	System.IDisposable::Dispose	0x06000742	RUNTIME_DISPATCH		EXACT	lookup(receiver, interface class, slot) reaches the dispatch pointer; slot = Il2CppMethodDefinition.slot
Newtonsoft.Json.Utilities.DictionaryWrapper`2::System.Collections.IDictionary.Contains	CALL	v439 @ X0_v8 (System.Collections.Generic.IDictionary`2<TKey, TValue>)	v109 @ X1_v17 (Il2CppClass<System.Collections.Generic.IDictionary`2<TKey, TValue>>)	v414 @ X2_v4 (System.Int32)			RUNTIME_DISPATCH		UNRESOLVED	INVOKER_THROUGH_METHOD:TYPED_CLASS_LOCAL:SLOT_NAMES_NO_METHOD	
Newtonsoft.Json.Converters.XmlNodeConverter::CreateInstruction	TAIL	currentNode @ X3 (Newtonsoft.Json.Converters.IXmlNode)	v648 @ X1_v16 (Il2CppClass<Newtonsoft.Json.Converters.IXmlNode>)	7	Newtonsoft.Json.Converters.IXmlNode::AppendChild	0x06000F4F	RUNTIME_DISPATCH		EXACT	lookup(receiver, interface class, slot) reaches the dispatch pointer; slot = Il2CppMethodDefinition.slot
Newtonsoft.Json.Utilities.DictionaryWrapper`2::System.Collections.IDictionary.get_Keys	TAIL	v63 @ X19_v4 (System.Collections.IDictionary)	Type: System.Collections.IDictionary	2	System.Collections.IDictionary::get_Keys	0x06002AE4	RUNTIME_DISPATCH		EXACT	lookup(receiver, interface class, slot) reaches the dispatch pointer; slot = Il2CppMethodDefinition.slot
Newtonsoft.Json.Utilities.DictionaryWrapper`2::System.Collections.IDictionary.get_Keys	CALL	v37 @ X20_v2 (System.Collections.Generic.IDictionary`2<TKey, TValue>)	v50 @ X1_v13 (Il2CppClass<System.Collections.Generic.IDictionary`2<TKey, TValue>>)	v329 @ X2_v2 (System.Int32)			RUNTIME_DISPATCH		UNRESOLVED	METHOD_POINTER:TYPED_CLASS_LOCAL:SLOT_NAMES_NO_METHOD	
Newtonsoft.Json.Utilities.DictionaryWrapper`2::Remove	CALL	v115 @ X0_v14 (System.Collections.Generic.IDictionary`2<TKey, TValue>)	Type: Il2CppClass<System.Collections.Generic.IDictionary`2<TKey, TValue>>	6	System.Collections.Generic.IDictionary`2::Remove	0x06002E04	RUNTIME_DISPATCH		UNRESOLVED	INVOKER_THROUGH_METHOD:METADATA_USAGE:DISPATCH_PATH_NOT_RECOVERED	
Newtonsoft.Json.Utilities.DictionaryWrapper`2::System.Collections.IDictionary.get_Values	TAIL	v63 @ X19_v4 (System.Collections.IDictionary)	Type: System.Collections.IDictionary	3	System.Collections.IDictionary::get_Values	0x06002AE5	RUNTIME_DISPATCH		EXACT	lookup(receiver, interface class, slot) reaches the dispatch pointer; slot = Il2CppMethodDefinition.slot
Newtonsoft.Json.Utilities.DictionaryWrapper`2::System.Collections.IDictionary.get_Values	CALL	v37 @ X20_v2 (System.Collections.Generic.IDictionary`2<TKey, TValue>)	v50 @ X1_v13 (Il2CppClass<System.Collections.Generic.IDictionary`2<TKey, TValue>>)	v329 @ X2_v2 (System.Int32)			RUNTIME_DISPATCH		UNRESOLVED	METHOD_POINTER:TYPED_CLASS_LOCAL:SLOT_NAMES_NO_METHOD	
Newtonsoft.Json.Utilities.DictionaryWrapper`2::System.Collections.ICollection.CopyTo	TAIL	v100 @ X0_v16 (System.Collections.Generic.IDictionary`2<TKey, TValue>)	Type: Il2CppClass<System.Collections.Generic.ICollection`1<System.Collections.Generic.KeyValuePair`2<TKey, TValue>>>	5	System.Collections.Generic.ICollection`1::CopyTo	0x06002DFB	RUNTIME_DISPATCH	System.Collections.Generic.KeyValuePair`2<TKey, TValue>	EXACT	lookup(receiver, interface class, slot) reaches the dispatch pointer; slot = Il2CppMethodDefinition.slot
Mono.Security.X509.PKCS12::get_Keys	CALL	v736 @ X0_v9 (System.Collections.ArrayList)	v846 @ X1_v7	0	System.IDisposable::Dispose	0x06000742	RUNTIME_DISPATCH		EXACT	lookup(receiver, interface class, slot) reaches the dispatch pointer; slot = Il2CppMethodDefinition.slot
Mono.Security.X509.PKCS12::get_Certificates	CALL	v544 @ X0_v8 (System.Collections.IEnumerator)	v655 @ X1_v6	0	System.IDisposable::Dispose	0x06000742	RUNTIME_DISPATCH		EXACT	lookup(receiver, interface class, slot) reaches the dispatch pointer; slot = Il2CppMethodDefinition.slot
Mono.Security.X509.PKCS12::get_Certificates	CALL	v487 @ X0_v20	v546 @ X1_v11	0	System.IDisposable::Dispose	0x06000742	RUNTIME_DISPATCH		EXACT	lookup(receiver, interface class, slot) reaches the dispatch pointer; slot = Il2CppMethodDefinition.slot
Mono.Security.X509.PKCS12::GetExistingParameters	CALL	v228 @ X0_v6 (System.Security.Cryptography.DSAParameters)	v239 @ X1_v4	0	System.IDisposable::Dispose	0x06000742	RUNTIME_DISPATCH		EXACT	lookup(receiver, interface class, slot) reaches the dispatch pointer; slot = Il2CppMethodDefinition.slot
Mono.Security.X509.PKCS12::GetExistingParameters	CALL	v236 @ X0_v18	v303 @ X1_v9	0	System.IDisposable::Dispose	0x06000742	RUNTIME_DISPATCH		EXACT	lookup(receiver, interface class, slot) reaches the dispatch pointer; slot = Il2CppMethodDefinition.slot
Mono.Security.Authenticode.AuthenticodeDeformatter::VerifySignature	CALL	v1630 @ X0_v40 (System.Security.Cryptography.RSACryptoServiceProvider)	v1742 @ X1_v38	0	System.IDisposable::Dispose	0x06000742	RUNTIME_DISPATCH		EXACT	lookup(receiver, interface class, slot) reaches the dispatch pointer; slot = Il2CppMethodDefinition.slot
Mono.Security.Authenticode.AuthenticodeDeformatter::VerifySignature	CALL	v1549 @ X0_v72 (System.IDisposable)	v1632 @ X1_v50	0	System.IDisposable::Dispose	0x06000742	RUNTIME_DISPATCH		EXACT	lookup(receiver, interface class, slot) reaches the dispatch pointer; slot = Il2CppMethodDefinition.slot
Mono.Security.Authenticode.AuthenticodeDeformatter::VerifyCounterSignature	CALL	v1801 @ X0_v4 (System.IDisposable)	v1922 @ X1_v22	0	System.IDisposable::Dispose	0x06000742	RUNTIME_DISPATCH		EXACT	lookup(receiver, interface class, slot) reaches the dispatch pointer; slot = Il2CppMethodDefinition.slot
Mono.Security.Authenticode.AuthenticodeDeformatter::VerifyCounterSignature	CALL	v1865 @ X0_v46 (System.IDisposable)	v2054 @ X1_v27	0	System.IDisposable::Dispose	0x06000742	RUNTIME_DISPATCH		EXACT	lookup(receiver, interface class, slot) reaches the dispatch pointer; slot = Il2CppMethodDefinition.slot
Mono.Security.Authenticode.AuthenticodeDeformatter::VerifyCounterSignature	CALL	v1724 @ X0_v59 (System.IDisposable)	v1867 @ X1_v39	0	System.IDisposable::Dispose	0x06000742	RUNTIME_DISPATCH		EXACT	lookup(receiver, interface class, slot) reaches the dispatch pointer; slot = Il2CppMethodDefinition.slot
Mono.Security.X509.PKCS12::GetBytes	CALL	v5756 @ X0_v196 (System.IDisposable)	v5880 @ X1_v97	0	System.IDisposable::Dispose	0x06000742	RUNTIME_DISPATCH		EXACT	lookup(receiver, interface class, slot) reaches the dispatch pointer; slot = Il2CppMethodDefinition.slot
Mono.Security.X509.PKCS12::GetBytes	CALL	v2300 @ X0_v422 (System.IDisposable)	Type: System.IDisposable	0	System.IDisposable::Dispose	0x06000742	RUNTIME_DISPATCH		EXACT	lookup(receiver, interface class, slot) reaches the dispatch pointer; slot = Il2CppMethodDefinition.slot
Mono.Security.X509.PKCS12::RemoveCertificate	CALL	v342 @ X19_v15 (System.Collections.IDictionary)	v734 @ X1_v34	0	System.Collections.IDictionary::get_Item	0x06002AE2	RUNTIME_DISPATCH		EXACT	lookup(receiver, interface class, slot) reaches the dispatch pointer; slot = Il2CppMethodDefinition.slot
Mono.Security.X509.X509Chain::FindCertificateParent	CALL	v193 @ X0_v6 (Mono.Security.X509.X509CertificateCollection+X509CertificateEnumerator)	v201 @ X1_v5	0	System.IDisposable::Dispose	0x06000742	RUNTIME_DISPATCH		EXACT	lookup(receiver, interface class, slot) reaches the dispatch pointer; slot = Il2CppMethodDefinition.slot
Mono.Security.X509.X509Chain::FindCertificateParent	CALL	v196 @ X0_v19	v225 @ X1_v10	0	System.IDisposable::Dispose	0x06000742	RUNTIME_DISPATCH		EXACT	lookup(receiver, interface class, slot) reaches the dispatch pointer; slot = Il2CppMethodDefinition.slot
