Newtonsoft.Json.JsonConvert::SerializeObjectInternal	CALL	v254 @ X21_v7	[v259 @ X8_v12 (System.Int32)]	0			RUNTIME_DISPATCH		UNRESOLVED	METHOD_POINTER:UNKNOWN_CLASS_SOURCE:CLASS_NOT_AN_INTERFACE_POINTER	[Add]
Newtonsoft.Json.JsonConvert::DeserializeObject	CALL	v245 @ X21_v7	[v250 @ X8_v7 (System.Int32)]	0			RUNTIME_DISPATCH		UNRESOLVED	METHOD_POINTER:UNKNOWN_CLASS_SOURCE:CLASS_NOT_AN_INTERFACE_POINTER	[Add]
Newtonsoft.Json.JsonPosition::FormatMessage	CALL	lineInfo @ X0 (Newtonsoft.Json.IJsonLineInfo)	[v219 @ X24_v6 (System.Int32)]	0			RUNTIME_DISPATCH		UNRESOLVED	METHOD_POINTER:UNKNOWN_CLASS_SOURCE:CLASS_NOT_AN_INTERFACE_POINTER	[Add]
Newtonsoft.Json.JsonPosition::FormatMessage	CALL	lineInfo @ X0 (Newtonsoft.Json.IJsonLineInfo)	[v219 @ X24_v6 (System.Int32)]	1			RUNTIME_DISPATCH		UNRESOLVED	METHOD_POINTER:UNKNOWN_CLASS_SOURCE:CLASS_NOT_AN_INTERFACE_POINTER	[Add]
Newtonsoft.Json.JsonPosition::FormatMessage	CALL	lineInfo @ X0 (Newtonsoft.Json.IJsonLineInfo)	[v219 @ X24_v6 (System.Int32)]	2			RUNTIME_DISPATCH		UNRESOLVED	METHOD_POINTER:UNKNOWN_CLASS_SOURCE:CLASS_NOT_AN_INTERFACE_POINTER	[Add]
Newtonsoft.Json.JsonReader::ReadAsString	CALL	v355 @ X0_v43	v566 @ X1_v22	0			RUNTIME_DISPATCH		UNRESOLVED	METHOD_POINTER:UNKNOWN_CLASS_SOURCE:CLASS_NOT_AN_INTERFACE_POINTER	{[Add] | [Add] | {[Add] | [Add]}}
Newtonsoft.Json.JsonReaderException::Create	CALL	lineInfo @ X0 (Newtonsoft.Json.IJsonLineInfo)	[v76 @ X25_v6 (System.Int32)]	0			RUNTIME_DISPATCH		UNRESOLVED	METHOD_POINTER:UNKNOWN_CLASS_SOURCE:CLASS_NOT_AN_INTERFACE_POINTER	[Add]
Newtonsoft.Json.JsonReaderException::Create	CALL	lineInfo @ X0 (Newtonsoft.Json.IJsonLineInfo)	[v76 @ X25_v6 (System.Int32)]	1			RUNTIME_DISPATCH		UNRESOLVED	METHOD_POINTER:UNKNOWN_CLASS_SOURCE:CLASS_NOT_AN_INTERFACE_POINTER	[Add]
Newtonsoft.Json.JsonReaderException::Create	CALL	lineInfo @ X0 (Newtonsoft.Json.IJsonLineInfo)	[v76 @ X25_v6 (System.Int32)]	2			RUNTIME_DISPATCH		UNRESOLVED	METHOD_POINTER:UNKNOWN_CLASS_SOURCE:CLASS_NOT_AN_INTERFACE_POINTER	[Add]
Newtonsoft.Json.JsonSerializationException::Create	CALL	lineInfo @ X0 (Newtonsoft.Json.IJsonLineInfo)	[v76 @ X25_v6 (System.Int32)]	0			RUNTIME_DISPATCH		UNRESOLVED	METHOD_POINTER:UNKNOWN_CLASS_SOURCE:CLASS_NOT_AN_INTERFACE_POINTER	[Add]
Newtonsoft.Json.JsonSerializationException::Create	CALL	lineInfo @ X0 (Newtonsoft.Json.IJsonLineInfo)	[v76 @ X25_v6 (System.Int32)]	1			RUNTIME_DISPATCH		UNRESOLVED	METHOD_POINTER:UNKNOWN_CLASS_SOURCE:CLASS_NOT_AN_INTERFACE_POINTER	[Add]
Newtonsoft.Json.JsonSerializationException::Create	CALL	lineInfo @ X0 (Newtonsoft.Json.IJsonLineInfo)	[v76 @ X25_v6 (System.Int32)]	2			RUNTIME_DISPATCH		UNRESOLVED	METHOD_POINTER:UNKNOWN_CLASS_SOURCE:CLASS_NOT_AN_INTERFACE_POINTER	[Add]
Newtonsoft.Json.JsonSerializer::ApplySerializerSettings	CALL	v243 @ X22_v7 (System.Collections.Generic.IList`1<Newtonsoft.Json.JsonConverter>)	[v239 @ X24_v5 (System.Int32)]	0			RUNTIME_DISPATCH		UNRESOLVED	METHOD_POINTER:UNKNOWN_CLASS_SOURCE:CLASS_NOT_AN_INTERFACE_POINTER	[Add]
Newtonsoft.Json.JsonSerializer::ApplySerializerSettings	CALL	v81 @ X23_v5 (System.Collections.Generic.IList`1<Newtonsoft.Json.JsonConverter>)	[v236 @ X25_v5 (System.Int32)]	0			RUNTIME_DISPATCH		UNRESOLVED	METHOD_POINTER:UNKNOWN_CLASS_SOURCE:CLASS_NOT_AN_INTERFACE_POINTER	[Add]
Newtonsoft.Json.JsonSerializer::ApplySerializerSettings	CALL	v243 @ X22_v7 (System.Collections.Generic.IList`1<Newtonsoft.Json.JsonConverter>)	[v516 @ X8_v124 (System.Int32)]	0			RUNTIME_DISPATCH		UNRESOLVED	METHOD_POINTER:UNKNOWN_CLASS_SOURCE:CLASS_NOT_AN_INTERFACE_POINTER	[Add]
Newtonsoft.Json.JsonSerializer::PopulateInternal	CALL	v100 @ X0_v27 (Newtonsoft.Json.Serialization.ITraceWriter)	[v54 @ X24_v3 (System.Int32)]	0			RUNTIME_DISPATCH		UNRESOLVED	METHOD_POINTER:UNKNOWN_CLASS_SOURCE:CLASS_NOT_AN_INTERFACE_POINTER	[Add]
Newtonsoft.Json.JsonSerializer::PopulateInternal	CALL	v383 @ X0_v14 (Newtonsoft.Json.Serialization.ITraceWriter)	[v54 @ X24_v3 (System.Int32)]	1			RUNTIME_DISPATCH		UNRESOLVED	METHOD_POINTER:UNKNOWN_CLASS_SOURCE:CLASS_NOT_AN_INTERFACE_POINTER	[Add]
Newtonsoft.Json.JsonSerializer::DeserializeInternal	CALL	v92 @ X0_v30 (Newtonsoft.Json.Serialization.ITraceWriter)	[v52 @ X24_v2 (System.Int32)]	0			RUNTIME_DISPATCH		UNRESOLVED	METHOD_POINTER:UNKNOWN_CLASS_SOURCE:CLASS_NOT_AN_INTERFACE_POINTER	[Add]
Newtonsoft.Json.JsonSerializer::DeserializeInternal	CALL	v397 @ X0_v17 (Newtonsoft.Json.Serialization.ITraceWriter)	[v52 @ X24_v2 (System.Int32)]	1			RUNTIME_DISPATCH		UNRESOLVED	METHOD_POINTER:UNKNOWN_CLASS_SOURCE:CLASS_NOT_AN_INTERFACE_POINTER	[Add]
Newtonsoft.Json.JsonSerializer::SerializeInternal	CALL	v363 @ X0_v33 (Newtonsoft.Json.Serialization.ITraceWriter)	[v133 @ X27_v2 (System.Int32)]	0			RUNTIME_DISPATCH		UNRESOLVED	METHOD_POINTER:UNKNOWN_CLASS_SOURCE:CLASS_NOT_AN_INTERFACE_POINTER	[Add]
Newtonsoft.Json.JsonSerializer::SerializeInternal	CALL	v1445 @ X0_v22 (Newtonsoft.Json.Serialization.ITraceWriter)	[v133 @ X27_v2 (System.Int32)]	1			RUNTIME_DISPATCH		UNRESOLVED	METHOD_POINTER:UNKNOWN_CLASS_SOURCE:CLASS_NOT_AN_INTERFACE_POINTER	[Add]
Newtonsoft.Json.JsonSerializer::GetMatchingConverter	CALL	converters @ X0 (System.Collections.Generic.IList`1<Newtonsoft.Json.JsonConverter>)	[v53 @ X23_v4 (System.Int32)]	0			RUNTIME_DISPATCH		UNRESOLVED	METHOD_POINTER:UNKNOWN_CLASS_SOURCE:CLASS_NOT_AN_INTERFACE_POINTER	[Add]
Newtonsoft.Json.JsonSerializer::GetMatchingConverter	CALL	converters @ X0 (System.Collections.Generic.IList`1<Newtonsoft.Json.JsonConverter>)	[v55 @ X24_v4 (System.Int32)]	0			RUNTIME_DISPATCH		UNRESOLVED	METHOD_POINTER:UNKNOWN_CLASS_SOURCE:CLASS_NOT_AN_INTERFACE_POINTER	[Add]
Newtonsoft.Json.JsonConvert::SerializeObjectInternal	CALL	v254 @ X21_v7	[v259 @ X8_v12 (System.Int32)]	0			RUNTIME_DISPATCH		UNRESOLVED	METHOD_POINTER:UNKNOWN_CLASS_SOURCE:CLASS_NOT_AN_INTERFACE_POINTER	[Add]
Newtonsoft.Json.JsonConvert::DeserializeObject	CALL	v245 @ X21_v7	[v250 @ X8_v7 (System.Int32)]	0			RUNTIME_DISPATCH		UNRESOLVED	METHOD_POINTER:UNKNOWN_CLASS_SOURCE:CLASS_NOT_AN_INTERFACE_POINTER	[Add]
Newtonsoft.Json.JsonPosition::FormatMessage	CALL	lineInfo @ X0 (Newtonsoft.Json.IJsonLineInfo)	[v219 @ X24_v6 (System.Int32)]	0			RUNTIME_DISPATCH		UNRESOLVED	METHOD_POINTER:UNKNOWN_CLASS_SOURCE:CLASS_NOT_AN_INTERFACE_POINTER	[Add]
Newtonsoft.Json.JsonPosition::FormatMessage	CALL	lineInfo @ X0 (Newtonsoft.Json.IJsonLineInfo)	[v219 @ X24_v6 (System.Int32)]	1			RUNTIME_DISPATCH		UNRESOLVED	METHOD_POINTER:UNKNOWN_CLASS_SOURCE:CLASS_NOT_AN_INTERFACE_POINTER	[Add]
Newtonsoft.Json.JsonPosition::FormatMessage	CALL	lineInfo @ X0 (Newtonsoft.Json.IJsonLineInfo)	[v219 @ X24_v6 (System.Int32)]	2			RUNTIME_DISPATCH		UNRESOLVED	METHOD_POINTER:UNKNOWN_CLASS_SOURCE:CLASS_NOT_AN_INTERFACE_POINTER	[Add]
Newtonsoft.Json.JsonReader::ReadAsString	CALL	v355 @ X0_v43	v566 @ X1_v22	0			RUNTIME_DISPATCH		UNRESOLVED	METHOD_POINTER:UNKNOWN_CLASS_SOURCE:CLASS_NOT_AN_INTERFACE_POINTER	{[Add] | [Add] | {[Add] | [Add]}}
Newtonsoft.Json.JsonReaderException::Create	CALL	lineInfo @ X0 (Newtonsoft.Json.IJsonLineInfo)	[v76 @ X25_v6 (System.Int32)]	0			RUNTIME_DISPATCH		UNRESOLVED	METHOD_POINTER:UNKNOWN_CLASS_SOURCE:CLASS_NOT_AN_INTERFACE_POINTER	[Add]
Newtonsoft.Json.JsonReaderException::Create	CALL	lineInfo @ X0 (Newtonsoft.Json.IJsonLineInfo)	[v76 @ X25_v6 (System.Int32)]	1			RUNTIME_DISPATCH		UNRESOLVED	METHOD_POINTER:UNKNOWN_CLASS_SOURCE:CLASS_NOT_AN_INTERFACE_POINTER	[Add]
Newtonsoft.Json.JsonReaderException::Create	CALL	lineInfo @ X0 (Newtonsoft.Json.IJsonLineInfo)	[v76 @ X25_v6 (System.Int32)]	2			RUNTIME_DISPATCH		UNRESOLVED	METHOD_POINTER:UNKNOWN_CLASS_SOURCE:CLASS_NOT_AN_INTERFACE_POINTER	[Add]
Newtonsoft.Json.JsonSerializationException::Create	CALL	lineInfo @ X0 (Newtonsoft.Json.IJsonLineInfo)	[v76 @ X25_v6 (System.Int32)]	0			RUNTIME_DISPATCH		UNRESOLVED	METHOD_POINTER:UNKNOWN_CLASS_SOURCE:CLASS_NOT_AN_INTERFACE_POINTER	[Add]
Newtonsoft.Json.JsonSerializationException::Create	CALL	lineInfo @ X0 (Newtonsoft.Json.IJsonLineInfo)	[v76 @ X25_v6 (System.Int32)]	1			RUNTIME_DISPATCH		UNRESOLVED	METHOD_POINTER:UNKNOWN_CLASS_SOURCE:CLASS_NOT_AN_INTERFACE_POINTER	[Add]
Newtonsoft.Json.JsonSerializationException::Create	CALL	lineInfo @ X0 (Newtonsoft.Json.IJsonLineInfo)	[v76 @ X25_v6 (System.Int32)]	2			RUNTIME_DISPATCH		UNRESOLVED	METHOD_POINTER:UNKNOWN_CLASS_SOURCE:CLASS_NOT_AN_INTERFACE_POINTER	[Add]
Newtonsoft.Json.JsonSerializer::ApplySerializerSettings	CALL	v243 @ X22_v7 (System.Collections.Generic.IList`1<Newtonsoft.Json.JsonConverter>)	[v239 @ X24_v5 (System.Int32)]	0			RUNTIME_DISPATCH		UNRESOLVED	METHOD_POINTER:UNKNOWN_CLASS_SOURCE:CLASS_NOT_AN_INTERFACE_POINTER	[Add]
Newtonsoft.Json.JsonSerializer::ApplySerializerSettings	CALL	v81 @ X23_v5 (System.Collections.Generic.IList`1<Newtonsoft.Json.JsonConverter>)	[v236 @ X25_v5 (System.Int32)]	0			RUNTIME_DISPATCH		UNRESOLVED	METHOD_POINTER:UNKNOWN_CLASS_SOURCE:CLASS_NOT_AN_INTERFACE_POINTER	[Add]
Newtonsoft.Json.JsonSerializer::ApplySerializerSettings	CALL	v243 @ X22_v7 (System.Collections.Generic.IList`1<Newtonsoft.Json.JsonConverter>)	[v516 @ X8_v124 (System.Int32)]	0			RUNTIME_DISPATCH		UNRESOLVED	METHOD_POINTER:UNKNOWN_CLASS_SOURCE:CLASS_NOT_AN_INTERFACE_POINTER	[Add]
Newtonsoft.Json.JsonSerializer::PopulateInternal	CALL	v100 @ X0_v27 (Newtonsoft.Json.Serialization.ITraceWriter)	[v54 @ X24_v3 (System.Int32)]	0			RUNTIME_DISPATCH		UNRESOLVED	METHOD_POINTER:UNKNOWN_CLASS_SOURCE:CLASS_NOT_AN_INTERFACE_POINTER	[Add]
Newtonsoft.Json.JsonSerializer::PopulateInternal	CALL	v383 @ X0_v14 (Newtonsoft.Json.Serialization.ITraceWriter)	[v54 @ X24_v3 (System.Int32)]	1			RUNTIME_DISPATCH		UNRESOLVED	METHOD_POINTER:UNKNOWN_CLASS_SOURCE:CLASS_NOT_AN_INTERFACE_POINTER	[Add]
Newtonsoft.Json.JsonSerializer::DeserializeInternal	CALL	v92 @ X0_v30 (Newtonsoft.Json.Serialization.ITraceWriter)	[v52 @ X24_v2 (System.Int32)]	0			RUNTIME_DISPATCH		UNRESOLVED	METHOD_POINTER:UNKNOWN_CLASS_SOURCE:CLASS_NOT_AN_INTERFACE_POINTER	[Add]
Newtonsoft.Json.JsonSerializer::DeserializeInternal	CALL	v397 @ X0_v17 (Newtonsoft.Json.Serialization.ITraceWriter)	[v52 @ X24_v2 (System.Int32)]	1			RUNTIME_DISPATCH		UNRESOLVED	METHOD_POINTER:UNKNOWN_CLASS_SOURCE:CLASS_NOT_AN_INTERFACE_POINTER	[Add]
Newtonsoft.Json.JsonSerializer::SerializeInternal	CALL	v363 @ X0_v33 (Newtonsoft.Json.Serialization.ITraceWriter)	[v133 @ X27_v2 (System.Int32)]	0			RUNTIME_DISPATCH		UNRESOLVED	METHOD_POINTER:UNKNOWN_CLASS_SOURCE:CLASS_NOT_AN_INTERFACE_POINTER	[Add]
Newtonsoft.Json.JsonSerializer::SerializeInternal	CALL	v1445 @ X0_v22 (Newtonsoft.Json.Serialization.ITraceWriter)	[v133 @ X27_v2 (System.Int32)]	1			RUNTIME_DISPATCH		UNRESOLVED	METHOD_POINTER:UNKNOWN_CLASS_SOURCE:CLASS_NOT_AN_INTERFACE_POINTER	[Add]
Newtonsoft.Json.JsonSerializer::GetMatchingConverter	CALL	converters @ X0 (System.Collections.Generic.IList`1<Newtonsoft.Json.JsonConverter>)	[v53 @ X23_v4 (System.Int32)]	0			RUNTIME_DISPATCH		UNRESOLVED	METHOD_POINTER:UNKNOWN_CLASS_SOURCE:CLASS_NOT_AN_INTERFACE_POINTER	[Add]
Newtonsoft.Json.JsonSerializer::GetMatchingConverter	CALL	converters @ X0 (System.Collections.Generic.IList`1<Newtonsoft.Json.JsonConverter>)	[v55 @ X24_v4 (System.Int32)]	0			RUNTIME_DISPATCH		UNRESOLVED	METHOD_POINTER:UNKNOWN_CLASS_SOURCE:CLASS_NOT_AN_INTERFACE_POINTER	[Add]
Newtonsoft.Json.JsonWriter::ResolveConvertibleValue	CALL	convertible @ X0 (System.IConvertible)	[v241 @ X8_v9 (System.Int32)]	16			RUNTIME_DISPATCH		UNRESOLVED	METHOD_POINTER:UNKNOWN_CLASS_SOURCE:CLASS_NOT_AN_INTERFACE_POINTER	[Add]
Newtonsoft.Json.Utilities.BidirectionalDictionary`2::Set	CALL	v20 @ X23_v1 (System.Collections.Generic.IDictionary`2<TFirst, TSecond>)	v196 @ X1_v8 (Il2CppClass<System.Collections.Generic.IDictionary`2<TFirst, TSecond>>)	7	System.Collections.Generic.IDictionary`2::TryGetValue	0x06002DF5	RUNTIME_DISPATCH	TFirst,TSecond	EXACT	lookup(receiver, interface class, slot) reaches the dispatch pointer; slot = Il2CppMethodDefinition.slot
Newtonsoft.Json.Utilities.BidirectionalDictionary`2::Set	CALL	v172 @ X23_v5 (System.Collections.Generic.IDictionary`2<TSecond, TFirst>)	v370 @ X1_v11 (Il2CppClass<System.Collections.Generic.IDictionary`2<TSecond, TFirst>>)	7	System.Collections.Generic.IDictionary`2::TryGetValue	0x06002DF5	RUNTIME_DISPATCH	TSecond,TFirst	EXACT	lookup(receiver, interface class, slot) reaches the dispatch pointer; slot = Il2CppMethodDefinition.slot
Newtonsoft.Json.Utilities.BidirectionalDictionary`2::Set	CALL	v173 @ X23_v6 (System.Collections.Generic.IDictionary`2<TFirst, TSecond>)	v532 @ X1_v14 (Il2CppClass<System.Collections.Generic.IDictionary`2<TFirst, TSecond>>)	5	System.Collections.Generic.IDictionary`2::Add	0x06002DF3	RUNTIME_DISPATCH	TFirst,TSecond	EXACT	lookup(receiver, interface class, slot) reaches the dispatch pointer; slot = Il2CppMethodDefinition.slot
Newtonsoft.Json.Utilities.BidirectionalDictionary`2::Set	CALL	v161 @ X22_v5 (System.Collections.Generic.IDictionary`2<TSecond, TFirst>)	v611 @ X1_v17 (Il2CppClass<System.Collections.Generic.IDictionary`2<TSecond, TFirst>>)	5	System.Collections.Generic.IDictionary`2::Add	0x06002DF3	RUNTIME_DISPATCH	TSecond,TFirst	EXACT	lookup(receiver, interface class, slot) reaches the dispatch pointer; slot = Il2CppMethodDefinition.slot
Newtonsoft.Json.Utilities.BidirectionalDictionary`2::TryGetByFirst	TAIL	v14 @ X21_v1 (System.Collections.Generic.IDictionary`2<TFirst, TSecond>)	v46 @ X1_v2 (Il2CppClass<System.Collections.Generic.IDictionary`2<TFirst, TSecond>>)	7	System.Collections.Generic.IDictionary`2::TryGetValue	0x06002DF5	RUNTIME_DISPATCH	TFirst,TSecond	EXACT	lookup(receiver, interface class, slot) reaches the dispatch pointer; slot = Il2CppMethodDefinition.slot
Newtonsoft.Json.Utilities.BidirectionalDictionary`2::TryGetBySecond	TAIL	v14 @ X21_v1 (System.Collections.Generic.IDictionary`2<TSecond, TFirst>)	v46 @ X1_v2 (Il2CppClass<System.Collections.Generic.IDictionary`2<TSecond, TFirst>>)	7	System.Collections.Generic.IDictionary`2::TryGetValue	0x06002DF5	RUNTIME_DISPATCH	TSecond,TFirst	EXACT	lookup(receiver, interface class, slot) reaches the dispatch pointer; slot = Il2CppMethodDefinition.slot
Newtonsoft.Json.Utilities.CollectionUtils::IsNullOrEmpty	CALL	collection @ X0 (System.Collections.Generic.ICollection`1<T>)	v54 @ X1_v2 (Il2CppClass<System.Collections.Generic.ICollection`1<T>>)	0	System.Collections.Generic.ICollection`1::get_Count	0x06002DE6	RUNTIME_DISPATCH	T	EXACT	lookup(receiver, interface class, slot) reaches the dispatch pointer; slot = Il2CppMethodDefinition.slot
Newtonsoft.Json.Utilities.CollectionUtils::AddRange	CALL	collection @ X1 (System.Collections.Generic.IEnumerable`1<T>)	v183 @ X1_v11 (Il2CppClass<System.Collections.Generic.IEnumerable`1<T>>)	0	System.Collections.Generic.IEnumerable`1::GetEnumerator	0x06002DF6	RUNTIME_DISPATCH	T	EXACT	lookup(receiver, interface class, slot) reaches the dispatch pointer; slot = Il2CppMethodDefinition.slot
Newtonsoft.Json.Utilities.CollectionUtils::AddRange	CALL	initial @ X0 (System.Collections.Generic.IList`1<T>)	v691 @ X1_v21 (Il2CppClass<System.Collections.Generic.ICollection`1<T>>)	2	System.Collections.Generic.ICollection`1::Add	0x06002DE8	RUNTIME_DISPATCH	T	EXACT	lookup(receiver, interface class, slot) reaches the dispatch pointer; slot = Il2CppMethodDefinition.slot
Newtonsoft.Json.Utilities.CollectionUtils::AddRange	CALL	v325 @ X0_v36	v572 @ X1_v18 (Il2CppClass<System.Collections.Generic.IEnumerator`1<T>>)	0	System.Collections.Generic.IEnumerator`1::get_Current	0x06002DF7	RUNTIME_DISPATCH	T	EXACT	lookup(receiver, interface class, slot) reaches the dispatch pointer; slot = Il2CppMethodDefinition.slot
Newtonsoft.Json.Utilities.CollectionUtils::AddRange	CALL	v325 @ X0_v36	[v63 @ X22_v8 (System.Int32)]	0			RUNTIME_DISPATCH		UNRESOLVED	METHOD_POINTER:UNKNOWN_CLASS_SOURCE:CLASS_NOT_AN_INTERFACE_POINTER	[Add]
Newtonsoft.Json.Utilities.CollectionUtils::AddRange	CALL	v506 @ X20_v8	[v510 @ X8_v10 (System.Int32)]	0			RUNTIME_DISPATCH		UNRESOLVED	METHOD_POINTER:UNKNOWN_CLASS_SOURCE:CLASS_NOT_AN_INTERFACE_POINTER	[Add]
Newtonsoft.Json.Utilities.CollectionUtils::ResolveEnumerableCollectionConstructor	CALL	v209 @ X0_v27 (System.Reflection.ParameterInfo[])	[v120 @ X27_v7 (System.Int32)]	0			RUNTIME_DISPATCH		UNRESOLVED	METHOD_POINTER:UNKNOWN_CLASS_SOURCE:CLASS_NOT_AN_INTERFACE_POINTER	[Add]
Newtonsoft.Json.Utilities.CollectionUtils::ResolveEnumerableCollectionConstructor	CALL	v209 @ X0_v27 (System.Reflection.ParameterInfo[])	[v118 @ X28_v7 (System.Int32)]	0			RUNTIME_DISPATCH		UNRESOLVED	METHOD_POINTER:UNKNOWN_CLASS_SOURCE:CLASS_NOT_AN_INTERFACE_POINTER	[Add]
Newtonsoft.Json.Utilities.CollectionUtils::IndexOf	CALL	collection @ X0 (System.Collections.Generic.IEnumerable`1<T>)	v128 @ X1_v8 (Il2CppClass<System.Collections.Generic.IEnumerable`1<T>>)	0	System.Collections.Generic.IEnumerable`1::GetEnumerator	0x06002DF6	RUNTIME_DISPATCH	T	EXACT	lookup(receiver, interface class, slot) reaches the dispatch pointer; slot = Il2CppMethodDefinition.slot
Newtonsoft.Json.Utilities.CollectionUtils::IndexOf	CALL	v274 @ X0_v27	v612 @ X1_v16 (Il2CppClass<System.Collections.Generic.IEnumerator`1<T>>)	0	System.Collections.Generic.IEnumerator`1::get_Current	0x06002DF7	RUNTIME_DISPATCH	T	EXACT	lookup(receiver, interface class, slot) reaches the dispatch pointer; slot = Il2CppMethodDefinition.slot
Newtonsoft.Json.Utilities.CollectionUtils::IndexOf	CALL	v333 @ X22_v9	[v284 @ X23_v9 (System.Int32)]	0			RUNTIME_DISPATCH		UNRESOLVED	METHOD_POINTER:UNKNOWN_CLASS_SOURCE:CLASS_NOT_AN_INTERFACE_POINTER	[Add]
Newtonsoft.Json.Utilities.CollectionUtils::IndexOf	CALL	v444 @ X20_v6	[v451 @ X8_v9 (System.Int32)]	0			RUNTIME_DISPATCH		UNRESOLVED	METHOD_POINTER:UNKNOWN_CLASS_SOURCE:CLASS_NOT_AN_INTERFACE_POINTER	[Add]
Newtonsoft.Json.Utilities.CollectionUtils::Contains	CALL	comparer @ X2 (System.Collections.IEqualityComparer)	[v100 @ X25_v3 (System.Int32)]	0			RUNTIME_DISPATCH		UNRESOLVED	METHOD_POINTER:UNKNOWN_CLASS_SOURCE:CLASS_NOT_AN_INTERFACE_POINTER	[Add]
Newtonsoft.Json.Utilities.CollectionUtils::GetDimensions	CALL	v131 @ X19_v4 (System.Collections.IList)	[v75 @ X25_v4 (System.Int32)]	0			RUNTIME_DISPATCH		UNRESOLVED	METHOD_POINTER:UNKNOWN_CLASS_SOURCE:CLASS_NOT_AN_INTERFACE_POINTER	[Add]
Newtonsoft.Json.Utilities.CollectionUtils::GetDimensions	CALL	v57 @ X0_v3 (System.Collections.Generic.List`1<System.Int32>)	[v73 @ X24_v4 (System.Int32)]	0			RUNTIME_DISPATCH		UNRESOLVED	METHOD_POINTER:UNKNOWN_CLASS_SOURCE:CLASS_NOT_AN_INTERFACE_POINTER	[Add]
Newtonsoft.Json.Utilities.CollectionUtils::GetDimensions	CALL	v131 @ X19_v4 (System.Collections.IList)	[v71 @ X23_v6 (System.Int32)]	1			RUNTIME_DISPATCH		UNRESOLVED	METHOD_POINTER:UNKNOWN_CLASS_SOURCE:CLASS_NOT_AN_INTERFACE_POINTER	[Add]
Newtonsoft.Json.Utilities.CollectionUtils::GetDimensions	CALL	values @ X0 (System.Collections.IList)	[v182 @ X8_v5 (System.Int32)]	1			RUNTIME_DISPATCH		UNRESOLVED	METHOD_POINTER:UNKNOWN_CLASS_SOURCE:CLASS_NOT_AN_INTERFACE_POINTER	[Add]
Newtonsoft.Json.Utilities.CollectionUtils::GetDimensions	CALL	v131 @ X19_v4 (System.Collections.IList)	[v71 @ X23_v6 (System.Int32)]	1			RUNTIME_DISPATCH		UNRESOLVED	METHOD_POINTER:UNKNOWN_CLASS_SOURCE:CLASS_NOT_AN_INTERFACE_POINTER	[Add]
Newtonsoft.Json.Utilities.CollectionUtils::GetDimensions	CALL	v57 @ X0_v3 (System.Collections.Generic.List`1<System.Int32>)	[v73 @ X24_v4 (System.Int32)]	2			RUNTIME_DISPATCH		UNRESOLVED	METHOD_POINTER:UNKNOWN_CLASS_SOURCE:CLASS_NOT_AN_INTERFACE_POINTER	[Add]
Newtonsoft.Json.Utilities.CollectionUtils::CopyFromJaggedToMultidimensionalArray	CALL	v294 @ X0_v21	[v291 @ X8_v9 (System.Int32)]	1			RUNTIME_DISPATCH		UNRESOLVED	METHOD_POINTER:UNKNOWN_CLASS_SOURCE:CLASS_NOT_AN_INTERFACE_POINTER	[Add]
Newtonsoft.Json.Utilities.CollectionUtils::JaggedArrayGetValue	CALL	v119 @ X19_v5 (System.Collections.IList)	[v79 @ X23_v5 (System.Int32)]	0			RUNTIME_DISPATCH		UNRESOLVED	METHOD_POINTER:UNKNOWN_CLASS_SOURCE:CLASS_NOT_AN_INTERFACE_POINTER	[Add]
Newtonsoft.Json.Utilities.CollectionUtils::JaggedArrayGetValue	TAIL	v119 @ X19_v5 (System.Collections.IList)	[v79 @ X23_v5 (System.Int32)]	0			RUNTIME_DISPATCH		UNRESOLVED	METHOD_POINTER:UNKNOWN_CLASS_SOURCE:CLASS_NOT_AN_INTERFACE_POINTER	[Add]
Newtonsoft.Json.Utilities.CollectionUtils::ToMultidimensionalArray	CALL	v55 @ X0_v3 (System.Collections.Generic.IList`1<System.Int32>)	[v68 @ X25_v2 (System.Int32)]	2			RUNTIME_DISPATCH		UNRESOLVED	METHOD_POINTER:UNKNOWN_CLASS_SOURCE:CLASS_NOT_AN_INTERFACE_POINTER	[Add]
Newtonsoft.Json.Utilities.CollectionUtils::ToMultidimensionalArray	CALL	v55 @ X0_v3 (System.Collections.Generic.IList`1<System.Int32>)	[v68 @ X25_v2 (System.Int32)]	0			RUNTIME_DISPATCH		UNRESOLVED	METHOD_POINTER:UNKNOWN_CLASS_SOURCE:CLASS_NOT_AN_INTERFACE_POINTER	[Add]
Newtonsoft.Json.Utilities.CollectionWrapper`1::Add	CALL	this._genericCollection (System.Collections.Generic.ICollection`1<T>)	Type: Il2CppClass<System.Collections.Generic.ICollection`1<T>>	2	System.Collections.Generic.ICollection`1::Add	0x06002DE8	RUNTIME_DISPATCH		UNRESOLVED	INVOKER_THROUGH_METHOD:METADATA_USAGE:DISPATCH_PATH_NOT_RECOVERED	
Newtonsoft.Json.Utilities.CollectionWrapper`1::Add	CALL	v83 @ X20_v6 (System.Collections.IList)	[v139 @ X8_v14 (System.Int32)]	2			RUNTIME_DISPATCH		UNRESOLVED	METHOD_POINTER:UNKNOWN_CLASS_SOURCE:CLASS_NOT_AN_INTERFACE_POINTER	[Add]
Newtonsoft.Json.Utilities.CollectionWrapper`1::Clear	TAIL	v172 @ X0_v5	v171 @ X1_v3 (Il2CppClass<System.Collections.Generic.ICollection`1<T>>)	v159 @ X2_v2 (System.Int32)			RUNTIME_DISPATCH		UNRESOLVED	METHOD_POINTER:TYPED_CLASS_LOCAL:SLOT_NAMES_NO_METHOD	
Newtonsoft.Json.Utilities.CollectionWrapper`1::Contains	CALL	this._genericCollection (System.Collections.Generic.ICollection`1<T>)	Type: Il2CppClass<System.Collections.Generic.ICollection`1<T>>	4	System.Collections.Generic.ICollection`1::Contains	0x06002DEA	RUNTIME_DISPATCH		UNRESOLVED	INVOKER_THROUGH_METHOD:METADATA_USAGE:DISPATCH_PATH_NOT_RECOVERED	
Newtonsoft.Json.Utilities.CollectionWrapper`1::Contains	CALL	v82 @ X20_v6 (System.Collections.IList)	[v138 @ X8_v14 (System.Int32)]	3			RUNTIME_DISPATCH		UNRESOLVED	METHOD_POINTER:UNKNOWN_CLASS_SOURCE:CLASS_NOT_AN_INTERFACE_POINTER	[Add]
Newtonsoft.Json.Utilities.CollectionWrapper`1::CopyTo	TAIL	v178 @ X0_v6	v177 @ X1_v4 (Il2CppClass<System.Collections.Generic.ICollection`1<T>>)	v165 @ X2_v3 (System.Int32)			RUNTIME_DISPATCH		UNRESOLVED	METHOD_POINTER:TYPED_CLASS_LOCAL:SLOT_NAMES_NO_METHOD	
Newtonsoft.Json.Utilities.CollectionWrapper`1::get_Count	TAIL	v172 @ X0_v5	v171 @ X1_v3 (Il2CppClass<System.Collections.Generic.ICollection`1<T>>)	v159 @ X2_v2 (System.Int32)			RUNTIME_DISPATCH		UNRESOLVED	METHOD_POINTER:TYPED_CLASS_LOCAL:SLOT_NAMES_NO_METHOD	
Newtonsoft.Json.Utilities.CollectionWrapper`1::get_IsReadOnly	TAIL	v172 @ X0_v5	v171 @ X1_v3 (Il2CppClass<System.Collections.Generic.ICollection`1<T>>)	v159 @ X2_v2 (System.Int32)			RUNTIME_DISPATCH		UNRESOLVED	METHOD_POINTER:TYPED_CLASS_LOCAL:SLOT_NAMES_NO_METHOD	
Newtonsoft.Json.Utilities.CollectionWrapper`1::Remove	CALL	v82 @ X24_v5 (System.Collections.IList)	[v141 @ X26_v5 (System.Int32)]	3			RUNTIME_DISPATCH		UNRESOLVED	METHOD_POINTER:UNKNOWN_CLASS_SOURCE:CLASS_NOT_AN_INTERFACE_POINTER	[Add]
Newtonsoft.Json.Utilities.CollectionWrapper`1::Remove	CALL	this._genericCollection (System.Collections.Generic.ICollection`1<T>)	Type: Il2CppClass<System.Collections.Generic.ICollection`1<T>>	6	System.Collections.Generic.ICollection`1::Remove	0x06002DEC	RUNTIME_DISPATCH		UNRESOLVED	INVOKER_THROUGH_METHOD:METADATA_USAGE:DISPATCH_PATH_NOT_RECOVERED	
Newtonsoft.Json.Utilities.CollectionWrapper`1::Remove	CALL	v225 @ X22_v5 (System.Collections.IList)	[v141 @ X26_v5 (System.Int32)]	9			RUNTIME_DISPATCH		UNRESOLVED	METHOD_POINTER:UNKNOWN_CLASS_SOURCE:CLASS_NOT_AN_INTERFACE_POINTER	[Add]
Newtonsoft.Json.Utilities.CollectionWrapper`1::GetEnumerator	TAIL	v43 @ X19_v2 (System.Collections.Generic.ICollection`1<T>)	v55 @ X1_v3 (Il2CppClass<System.Collections.Generic.IEnumerable`1<T>>)	0	System.Collections.Generic.IEnumerable`1::GetEnumerator	0x06002DF6	RUNTIME_DISPATCH	T	EXACT	lookup(receiver, interface class, slot) reaches the dispatch pointer; slot = Il2CppMethodDefinition.slot
Newtonsoft.Json.Utilities.CollectionWrapper`1::System.Collections.IEnumerable.GetEnumerator	TAIL	v38 @ X19_v2 (System.Collections.Generic.ICollection`1<T>)	[v46 @ X8_v4 (System.Int32)]	0			RUNTIME_DISPATCH		UNRESOLVED	METHOD_POINTER:UNKNOWN_CLASS_SOURCE:CLASS_NOT_AN_INTERFACE_POINTER	[Add]
Newtonsoft.Json.Utilities.CollectionWrapper`1::System.Collections.IList.IndexOf	CALL	v69 @ X20_v7 (System.Collections.IList)	[v241 @ X8_v20 (System.Int32)]	7			RUNTIME_DISPATCH		UNRESOLVED	METHOD_POINTER:UNKNOWN_CLASS_SOURCE:CLASS_NOT_AN_INTERFACE_POINTER	[Add]
Newtonsoft.Json.Utilities.CollectionWrapper`1::System.Collections.IList.RemoveAt	TAIL	v47 @ X20_v3 (System.Collections.IList)	[v53 @ X8_v5 (System.Int32)]	10			RUNTIME_DISPATCH		UNRESOLVED	METHOD_POINTER:UNKNOWN_CLASS_SOURCE:CLASS_NOT_AN_INTERFACE_POINTER	[Add]
Newtonsoft.Json.Utilities.CollectionWrapper`1::System.Collections.IList.Insert	CALL	v70 @ X21_v4 (System.Collections.IList)	[v106 @ X8_v18 (System.Int32)]	8			RUNTIME_DISPATCH		UNRESOLVED	METHOD_POINTER:UNKNOWN_CLASS_SOURCE:CLASS_NOT_AN_INTERFACE_POINTER	[Add]
Newtonsoft.Json.Utilities.CollectionWrapper`1::System.Collections.IList.get_IsFixedSize	TAIL	v172 @ X0_v5	v171 @ X1_v3 (Il2CppClass<System.Collections.Generic.ICollection`1<T>>)	v159 @ X2_v2 (System.Int32)			RUNTIME_DISPATCH		UNRESOLVED	METHOD_POINTER:TYPED_CLASS_LOCAL:SLOT_NAMES_NO_METHOD	
Newtonsoft.Json.Utilities.CollectionWrapper`1::System.Collections.IList.get_Item	TAIL	v47 @ X20_v3 (System.Collections.IList)	[v53 @ X8_v5 (System.Int32)]	0			RUNTIME_DISPATCH		UNRESOLVED	METHOD_POINTER:UNKNOWN_CLASS_SOURCE:CLASS_NOT_AN_INTERFACE_POINTER	[Add]
Newtonsoft.Json.Utilities.CollectionWrapper`1::System.Collections.IList.set_Item	CALL	v70 @ X21_v4 (System.Collections.IList)	[v106 @ X8_v18 (System.Int32)]	1			RUNTIME_DISPATCH		UNRESOLVED	METHOD_POINTER:UNKNOWN_CLASS_SOURCE:CLASS_NOT_AN_INTERFACE_POINTER	[Add]
Newtonsoft.Json.Utilities.ConvertUtils::GetTypeInformation	CALL	convertable @ X0 (System.IConvertible)	[v64 @ X8_v6 (System.Int32)]	0			RUNTIME_DISPATCH		UNRESOLVED	METHOD_POINTER:UNKNOWN_CLASS_SOURCE:CLASS_NOT_AN_INTERFACE_POINTER	[Add]
Newtonsoft.Json.Utilities.ConvertUtils::CreateCastConverter	CALL	[v257 @ X8_v17+140]	v255 @ X1_v11	v85 @ X2_v5			RUNTIME_DISPATCH		UNRESOLVED	METHOD_POINTER:UNKNOWN_CLASS_SOURCE:CLASS_NOT_AN_INTERFACE_POINTER	[Add]
Newtonsoft.Json.Utilities.ConvertUtils::EnsureTypeAssignable	CALL	[v165 @ X8_v15+10]	v87 @ stack_-50_v5	0			RUNTIME_DISPATCH		UNRESOLVED	METHOD_POINTER:UNKNOWN_CLASS_SOURCE:CLASS_NOT_AN_INTERFACE_POINTER	param:v87
Newtonsoft.Json.Utilities.DictionaryWrapper`2+DictionaryEnumerator`2::get_Current	CALL	v136 @ X27_v1 (System.Collections.Generic.IEnumerator`1<System.Collections.Generic.KeyValuePair`2<TEnumeratorKey, TEnumeratorValue>>)	v368 @ X1_v22 (Il2CppClass<System.Collections.Generic.IEnumerator`1<System.Collections.Generic.KeyValuePair`2<TEnumeratorKey, TEnumeratorValue>>>)	0	System.Collections.Generic.IEnumerator`1::get_Current	0x06002DF7	RUNTIME_DISPATCH		UNRESOLVED	INVOKER_THROUGH_METHOD:TYPED_CLASS_LOCAL:DISPATCH_PATH_NOT_RECOVERED	
Newtonsoft.Json.Utilities.DictionaryWrapper`2+DictionaryEnumerator`2::get_Current	CALL	v200 @ X23_v4 (System.Collections.Generic.IEnumerator`1<System.Collections.Generic.KeyValuePair`2<TEnumeratorKey, TEnumeratorValue>>)	v533 @ X1_v15 (Il2CppClass<System.Collections.Generic.IEnumerator`1<System.Collections.Generic.KeyValuePair`2<TEnumeratorKey, TEnumeratorValue>>>)	0	System.Collections.Generic.IEnumerator`1::get_Current	0x06002DF7	RUNTIME_DISPATCH		UNRESOLVED	INVOKER_THROUGH_METHOD:TYPED_CLASS_LOCAL:DISPATCH_PATH_NOT_RECOVERED	
Newtonsoft.Json.Utilities.DictionaryWrapper`2+DictionaryEnumerator`2::MoveNext	TAIL	v38 @ X19_v2 (System.Collections.Generic.IEnumerator`1<System.Collections.Generic.KeyValuePair`2<TEnumeratorKey, TEnumeratorValue>>)	[v41 @ X8_v4 (System.Int32)]	0			RUNTIME_DISPATCH		UNRESOLVED	METHOD_POINTER:UNKNOWN_CLASS_SOURCE:CLASS_NOT_AN_INTERFACE_POINTER	[Add]
Newtonsoft.Json.Utilities.DictionaryWrapper`2+DictionaryEnumerator`2::Reset	TAIL	v38 @ X19_v2 (System.Collections.Generic.IEnumerator`1<System.Collections.Generic.KeyValuePair`2<TEnumeratorKey, TEnumeratorValue>>)	[v41 @ X8_v4 (System.Int32)]	2			RUNTIME_DISPATCH		UNRESOLVED	METHOD_POINTER:UNKNOWN_CLASS_SOURCE:CLASS_NOT_AN_INTERFACE_POINTER	[Add]
Newtonsoft.Json.Utilities.DictionaryWrapper`2::Add	CALL	this._dictionary (System.Collections.IDictionary)	[v84 @ X22_v7 (System.Int32)]	5			RUNTIME_DISPATCH		UNRESOLVED	METHOD_POINTER:UNKNOWN_CLASS_SOURCE:CLASS_NOT_AN_INTERFACE_POINTER	[Add]
Newtonsoft.Json.Utilities.DictionaryWrapper`2::Add	CALL	this._genericDictionary (System.Collections.Generic.IDictionary`2<TKey, TValue>)	Type: Il2CppClass<System.Collections.Generic.IDictionary`2<TKey, TValue>>	5	System.Collections.Generic.IDictionary`2::Add	0x06002DF3	RUNTIME_DISPATCH		UNRESOLVED	INVOKER_THROUGH_METHOD:METADATA_USAGE:DISPATCH_PATH_NOT_RECOVERED	
Newtonsoft.Json.Utilities.DictionaryWrapper`2::ContainsKey	CALL	this._dictionary (System.Collections.IDictionary)	[v69 @ X21_v7 (System.Int32)]	4			RUNTIME_DISPATCH		UNRESOLVED	METHOD_POINTER:UNKNOWN_CLASS_SOURCE:CLASS_NOT_AN_INTERFACE_POINTER	[Add]
Newtonsoft.Json.Utilities.DictionaryWrapper`2::ContainsKey	CALL	v524 @ X0_v13 (System.Collections.Generic.IReadOnlyDictionary`2<TKey, TValue>)	v188 @ X1_v17 (Il2CppClass<System.Collections.Generic.IReadOnlyDictionary`2<TKey, TValue>>)	v498 @ X2_v7 (System.Int32)			RUNTIME_DISPATCH		UNRESOLVED	INVOKER_THROUGH_METHOD:TYPED_CLASS_LOCAL:SLOT_NAMES_NO_METHOD	
Newtonsoft.Json.Utilities.DictionaryWrapper`2::get_Keys	TAIL	v104 @ X0_v5 (System.Collections.Generic.IDictionary`2<TKey, TValue>)	v207 @ X1_v5 (Il2CppClass<System.Collections.Generic.IDictionary`2<TKey, TValue>>)	2	System.Collections.Generic.IDictionary`2::get_Keys	0x06002DF0	RUNTIME_DISPATCH	TKey,TValue	EXACT	lookup(receiver, interface class, slot) reaches the dispatch pointer; slot = Il2CppMethodDefinition.slot
Newtonsoft.Json.Utilities.DictionaryWrapper`2::get_Keys	CALL	this._readOnlyDictionary (System.Collections.Generic.IReadOnlyDictionary`2<TKey, TValue>)	Type: Il2CppClass<System.Collections.Generic.IReadOnlyDictionary`2<TKey, TValue>>	3	System.Collections.Generic.IReadOnlyDictionary`2::get_Keys	0x06002E03	RUNTIME_DISPATCH	TKey,TValue	EXACT	lookup(receiver, interface class, slot) reaches the dispatch pointer; slot = Il2CppMethodDefinition.slot
Newtonsoft.Json.Utilities.DictionaryWrapper`2::get_Keys	CALL	this._dictionary (System.Collections.IDictionary)	[v46 @ X8_v22 (System.Int32)]	2			RUNTIME_DISPATCH		UNRESOLVED	METHOD_POINTER:UNKNOWN_CLASS_SOURCE:CLASS_NOT_AN_INTERFACE_POINTER	[Add]
Newtonsoft.Json.Utilities.DictionaryWrapper`2::Remove	CALL	this._dictionary (System.Collections.IDictionary)	[v69 @ X26_v8 (System.Int32)]	4			RUNTIME_DISPATCH		UNRESOLVED	METHOD_POINTER:UNKNOWN_CLASS_SOURCE:CLASS_NOT_AN_INTERFACE_POINTER	[Add]
Newtonsoft.Json.Utilities.DictionaryWrapper`2::Remove	CALL	v92 @ X0_v16 (System.Collections.Generic.IDictionary`2<TKey, TValue>)	Type: Il2CppClass<System.Collections.Generic.IDictionary`2<TKey, TValue>>	6	System.Collections.Generic.IDictionary`2::Remove	0x06002DF4	RUNTIME_DISPATCH		UNRESOLVED	INVOKER_THROUGH_METHOD:METADATA_USAGE:DISPATCH_PATH_NOT_RECOVERED	
Newtonsoft.Json.Utilities.DictionaryWrapper`2::Remove	CALL	v295 @ X23_v9 (System.Collections.IDictionary)	[v69 @ X26_v8 (System.Int32)]	9			RUNTIME_DISPATCH		UNRESOLVED	METHOD_POINTER:UNKNOWN_CLASS_SOURCE:CLASS_NOT_AN_INTERFACE_POINTER	[Add]
Newtonsoft.Json.Utilities.DictionaryWrapper`2::TryGetValue	CALL	this._dictionary (System.Collections.IDictionary)	[v83 @ X19_v11 (System.Int32)]	4			RUNTIME_DISPATCH		UNRESOLVED	METHOD_POINTER:UNKNOWN_CLASS_SOURCE:CLASS_NOT_AN_INTERFACE_POINTER	[Add]
Newtonsoft.Json.Utilities.DictionaryWrapper`2::TryGetValue	CALL	v316 @ X26_v7 (System.Collections.IDictionary)	[v83 @ X19_v11 (System.Int32)]	0			RUNTIME_DISPATCH		UNRESOLVED	METHOD_POINTER:UNKNOWN_CLASS_SOURCE:CLASS_NOT_AN_INTERFACE_POINTER	[Add]
Newtonsoft.Json.Utilities.DictionaryWrapper`2::TryGetValue	CALL	v106 @ X0_v15 (System.Collections.Generic.IDictionary`2<TKey, TValue>)	Type: Il2CppClass<System.Collections.Generic.IDictionary`2<TKey, TValue>>	7	System.Collections.Generic.IDictionary`2::TryGetValue	0x06002DF5	RUNTIME_DISPATCH		UNRESOLVED	INVOKER_THROUGH_METHOD:METADATA_USAGE:DISPATCH_PATH_NOT_RECOVERED	
Newtonsoft.Json.Utilities.DictionaryWrapper`2::get_Values	TAIL	v104 @ X0_v5 (System.Collections.Generic.IDictionary`2<TKey, TValue>)	v207 @ X1_v5 (Il2CppClass<System.Collections.Generic.IDictionary`2<TKey, TValue>>)	3	System.Collections.Generic.IDictionary`2::get_Values	0x06002DF1	RUNTIME_DISPATCH	TKey,TValue	EXACT	lookup(receiver, interface class, slot) reaches the dispatch pointer; slot = Il2CppMethodDefinition.slot
Newtonsoft.Json.Utilities.DictionaryWrapper`2::get_Values	CALL	this._readOnlyDictionary (System.Collections.Generic.IReadOnlyDictionary`2<TKey, TValue>)	Type: Il2CppClass<System.Collections.Generic.IReadOnlyDictionary`2<TKey, TValue>>	4	System.Collections.Generic.IReadOnlyDictionary`2::get_Values	0x06002E04	RUNTIME_DISPATCH	TKey,TValue	EXACT	lookup(receiver, interface class, slot) reaches the dispatch pointer; slot = Il2CppMethodDefinition.slot
Newtonsoft.Json.Utilities.DictionaryWrapper`2::get_Values	CALL	this._dictionary (System.Collections.IDictionary)	[v46 @ X8_v22 (System.Int32)]	3			RUNTIME_DISPATCH		UNRESOLVED	METHOD_POINTER:UNKNOWN_CLASS_SOURCE:CLASS_NOT_AN_INTERFACE_POINTER	[Add]
Newtonsoft.Json.Utilities.DictionaryWrapper`2::get_Item	CALL	this._dictionary (System.Collections.IDictionary)	[v81 @ X27_v10 (System.Int32)]	0			RUNTIME_DISPATCH		UNRESOLVED	METHOD_POINTER:UNKNOWN_CLASS_SOURCE:CLASS_NOT_AN_INTERFACE_POINTER	[Add]
Newtonsoft.Json.Utilities.DictionaryWrapper`2::get_Item	CALL	v488 @ X0_v13 (System.Collections.Generic.IReadOnlyDictionary`2<TKey, TValue>)	v200 @ X1_v17 (Il2CppClass<System.Collections.Generic.IReadOnlyDictionary`2<TKey, TValue>>)	v461 @ X2_v7 (System.Int32)			RUNTIME_DISPATCH		UNRESOLVED	INVOKER_THROUGH_METHOD:TYPED_CLASS_LOCAL:SLOT_NAMES_NO_METHOD	
Newtonsoft.Json.Utilities.DictionaryWrapper`2::set_Item	CALL	this._dictionary (System.Collections.IDictionary)	[v83 @ X27_v9 (System.Int32)]	1			RUNTIME_DISPATCH		UNRESOLVED	METHOD_POINTER:UNKNOWN_CLASS_SOURCE:CLASS_NOT_AN_INTERFACE_POINTER	[Add]
Newtonsoft.Json.Utilities.DictionaryWrapper`2::set_Item	CALL	v106 @ X0_v15 (System.Collections.Generic.IDictionary`2<TKey, TValue>)	Type: Il2CppClass<System.Collections.Generic.IDictionary`2<TKey, TValue>>	1	System.Collections.Generic.IDictionary`2::set_Item	0x06002DEF	RUNTIME_DISPATCH		UNRESOLVED	INVOKER_THROUGH_METHOD:METADATA_USAGE:DISPATCH_PATH_NOT_RECOVERED	
Newtonsoft.Json.Utilities.DictionaryWrapper`2::Add	CALL	v304 @ X0_v37	[v69 @ X23_v10 (System.Int32)]	2			RUNTIME_DISPATCH		UNRESOLVED	METHOD_POINTER:UNKNOWN_CLASS_SOURCE:CLASS_NOT_AN_INTERFACE_POINTER	[Add]
Newtonsoft.Json.Utilities.DictionaryWrapper`2::Add	CALL	v292._genericDictionary (System.Collections.Generic.IDictionary`2<TKey, TValue>)	Type: Il2CppClass<System.Collections.Generic.ICollection`1<System.Collections.Generic.KeyValuePair`2<TKey, TValue>>>	2	System.Collections.Generic.ICollection`1::Add	0x06002DE8	RUNTIME_DISPATCH		UNRESOLVED	INVOKER_THROUGH_METHOD:METADATA_USAGE:DISPATCH_PATH_NOT_RECOVERED	
Newtonsoft.Json.Utilities.DictionaryWrapper`2::Clear	TAIL	v152 @ X0_v5 (System.Collections.IDictionary)	v150 @ X1_v3 (Il2CppClass<System.Collections.Generic.ICollection`1<System.Collections.Generic.KeyValuePair`2<TKey, TValue>>>)	v126 @ X2_v2 (System.Int32)			RUNTIME_DISPATCH		UNRESOLVED	METHOD_POINTER:TYPED_CLASS_LOCAL:SLOT_NAMES_NO_METHOD	
Newtonsoft.Json.Utilities.DictionaryWrapper`2::Contains	CALL	v263 @ X0_v38	[v69 @ X22_v9 (System.Int32)]	3			RUNTIME_DISPATCH		UNRESOLVED	METHOD_POINTER:UNKNOWN_CLASS_SOURCE:CLASS_NOT_AN_INTERFACE_POINTER	[Add]
Newtonsoft.Json.Utilities.DictionaryWrapper`2::Contains	CALL	v86 @ X0_v17 (System.Collections.Generic.IDictionary`2<TKey, TValue>)	Type: Il2CppClass<System.Collections.Generic.ICollection`1<System.Collections.Generic.KeyValuePair`2<TKey, TValue>>>	4	System.Collections.Generic.ICollection`1::Contains	0x06002DEA	RUNTIME_DISPATCH		UNRESOLVED	INVOKER_THROUGH_METHOD:METADATA_USAGE:DISPATCH_PATH_NOT_RECOVERED	
Newtonsoft.Json.Utilities.DictionaryWrapper`2::CopyTo	CALL	v242 @ X0_v34 (System.Collections.Generic.IDictionary`2<TKey, TValue>)	v393 @ X1_v14 (Il2CppClass<System.Collections.Generic.ICollection`1<System.Collections.Generic.KeyValuePair`2<TKey, TValue>>>)	5	System.Collections.Generic.ICollection`1::CopyTo	0x06002DEB	RUNTIME_DISPATCH	System.Collections.Generic.KeyValuePair`2<TKey, TValue>	EXACT	lookup(receiver, interface class, slot) reaches the dispatch pointer; slot = Il2CppMethodDefinition.slot
Newtonsoft.Json.Utilities.DictionaryWrapper`2::CopyTo	CALL	this._dictionary (System.Collections.IDictionary)	[v108 @ X8_v45 (System.Int32)]	8			RUNTIME_DISPATCH		UNRESOLVED	METHOD_POINTER:UNKNOWN_CLASS_SOURCE:CLASS_NOT_AN_INTERFACE_POINTER	[Add]
Newtonsoft.Json.Utilities.DictionaryWrapper`2::CopyTo	CALL	v381 @ stack_-70_v8	[v579 @ X8_v53 (System.Int32)]	0			RUNTIME_DISPATCH		UNRESOLVED	METHOD_POINTER:UNKNOWN_CLASS_SOURCE:CLASS_NOT_AN_INTERFACE_POINTER	[Add]
Newtonsoft.Json.Utilities.DictionaryWrapper`2::CopyTo	CALL	v381 @ stack_-70_v8	[v759 @ X8_v59 (System.Int32)]	2			RUNTIME_DISPATCH		UNRESOLVED	METHOD_POINTER:UNKNOWN_CLASS_SOURCE:CLASS_NOT_AN_INTERFACE_POINTER	[Add]
Newtonsoft.Json.Utilities.DictionaryWrapper`2::CopyTo	CALL	v723 @ X0_v14	[v143 @ X25_v2 (System.Int32)]	0			RUNTIME_DISPATCH		UNRESOLVED	METHOD_POINTER:UNKNOWN_CLASS_SOURCE:CLASS_NOT_AN_INTERFACE_POINTER	[{Add | Add}]
Newtonsoft.Json.Utilities.DictionaryWrapper`2::get_Count	TAIL	v154 @ X0_v5 (System.Collections.IDictionary)	v152 @ X1_v3 (Il2CppClass<System.Collections.Generic.IReadOnlyCollection`1<System.Collections.Generic.KeyValuePair`2<TKey, TValue>>>)	v128 @ X2_v2 (System.Int32)			RUNTIME_DISPATCH		UNRESOLVED	METHOD_POINTER:TYPED_CLASS_LOCAL:SLOT_NAMES_NO_METHOD	
Newtonsoft.Json.Utilities.DictionaryWrapper`2::get_IsReadOnly	TAIL	v155 @ X0_v5 (System.Collections.IDictionary)	v153 @ X1_v3 (Il2CppClass<System.Collections.Generic.ICollection`1<System.Collections.Generic.KeyValuePair`2<TKey, TValue>>>)	v129 @ X2_v2 (System.Int32)			RUNTIME_DISPATCH		UNRESOLVED	METHOD_POINTER:TYPED_CLASS_LOCAL:SLOT_NAMES_NO_METHOD	
Newtonsoft.Json.Utilities.DictionaryWrapper`2::Remove	CALL	this._dictionary (System.Collections.IDictionary)	[v83 @ X26_v7 (System.Int32)]	4			RUNTIME_DISPATCH		UNRESOLVED	METHOD_POINTER:UNKNOWN_CLASS_SOURCE:CLASS_NOT_AN_INTERFACE_POINTER	[Add]
Newtonsoft.Json.Utilities.DictionaryWrapper`2::Remove	CALL	v108 @ X0_v14 (System.Collections.Generic.IDictionary`2<TKey, TValue>)	Type: Il2CppClass<System.Collections.Generic.ICollection`1<System.Collections.Generic.KeyValuePair`2<TKey, TValue>>>	6	System.Collections.Generic.ICollection`1::Remove	0x06002DEC	RUNTIME_DISPATCH		UNRESOLVED	INVOKER_THROUGH_METHOD:METADATA_USAGE:DISPATCH_PATH_NOT_RECOVERED	
Newtonsoft.Json.Utilities.DictionaryWrapper`2::Remove	CALL	v293 @ X24_v8 (System.Collections.IDictionary)	[v83 @ X26_v7 (System.Int32)]	0			RUNTIME_DISPATCH		UNRESOLVED	METHOD_POINTER:UNKNOWN_CLASS_SOURCE:CLASS_NOT_AN_INTERFACE_POINTER	[Add]
Newtonsoft.Json.Utilities.DictionaryWrapper`2::Remove	CALL	v322 @ X21_v8 (System.Collections.IDictionary)	[v83 @ X26_v7 (System.Int32)]	9			RUNTIME_DISPATCH		UNRESOLVED	METHOD_POINTER:UNKNOWN_CLASS_SOURCE:CLASS_NOT_AN_INTERFACE_POINTER	[Add]
Newtonsoft.Json.Utilities.DictionaryWrapper`2::System.Collections.IDictionary.Add	TAIL	this._dictionary (System.Collections.IDictionary)	v177 @ X1_v5	5			RUNTIME_DISPATCH		UNRESOLVED	METHOD_POINTER:UNKNOWN_CLASS_SOURCE:CLASS_NOT_AN_INTERFACE_POINTER	{[Add] | [{call IL2CPP_RUNTIME@0xF7087C(call get_GenericDictionary) | Add}+0x8]}
Newtonsoft.Json.Utilities.DictionaryWrapper`2::System.Collections.IDictionary.Add	CALL	v127 @ X0_v14 (System.Collections.Generic.IDictionary`2<TKey, TValue>)	Type: Il2CppClass<System.Collections.Generic.IDictionary`2<TKey, TValue>>	5	System.Collections.Generic.IDictionary`2::Add	0x06002DF3	RUNTIME_DISPATCH		UNRESOLVED	INVOKER_THROUGH_METHOD:METADATA_USAGE:DISPATCH_PATH_NOT_RECOVERED	
Newtonsoft.Json.Utilities.DictionaryWrapper`2::System.Collections.IDictionary.get_Item	TAIL	this._dictionary (System.Collections.IDictionary)	v271 @ X1_v3	0			RUNTIME_DISPATCH		UNRESOLVED	METHOD_POINTER:UNKNOWN_CLASS_SOURCE:CLASS_NOT_AN_INTERFACE_POINTER	{[Add] | Subtract}
Newtonsoft.Json.Utilities.DictionaryWrapper`2::System.Collections.IDictionary.get_Item	CALL	v467 @ X0_v13 (System.Collections.Generic.IReadOnlyDictionary`2<TKey, TValue>)	v284 @ X1_v18 (Il2CppClass<System.Collections.Generic.IReadOnlyDictionary`2<TKey, TValue>>)	v442 @ X2_v6 (System.Int32)			RUNTIME_DISPATCH		UNRESOLVED	INVOKER_THROUGH_METHOD:TYPED_CLASS_LOCAL:SLOT_NAMES_NO_METHOD	
Newtonsoft.Json.Utilities.DictionaryWrapper`2::System.Collections.IDictionary.set_Item	TAIL	this._dictionary (System.Collections.IDictionary)	v177 @ X1_v5	1			RUNTIME_DISPATCH		UNRESOLVED	METHOD_POINTER:UNKNOWN_CLASS_SOURCE:CLASS_NOT_AN_INTERFACE_POINTER	{[Add] | [{call IL2CPP_RUNTIME@0xF7087C(call get_GenericDictionary) | Add}+0x8]}
Newtonsoft.Json.Utilities.DictionaryWrapper`2::System.Collections.IDictionary.set_Item	CALL	v127 @ X0_v14 (System.Collections.Generic.IDictionary`2<TKey, TValue>)	Type: Il2CppClass<System.Collections.Generic.IDictionary`2<TKey, TValue>>	1	System.Collections.Generic.IDictionary`2::set_Item	0x06002DEF	RUNTIME_DISPATCH		UNRESOLVED	INVOKER_THROUGH_METHOD:METADATA_USAGE:DISPATCH_PATH_NOT_RECOVERED	
Newtonsoft.Json.Utilities.DictionaryWrapper`2::System.Collections.IDictionary.GetEnumerator	CALL	v51 @ X20_v3 (System.Collections.Generic.IReadOnlyDictionary`2<TKey, TValue>)	v129 @ X1_v11 (Il2CppClass<System.Collections.Generic.IEnumerable`1<System.Collections.Generic.KeyValuePair`2<TKey, TValue>>>)	0	System.Collections.Generic.IEnumerable`1::GetEnumerator	0x06002DF6	RUNTIME_DISPATCH	System.Collections.Generic.KeyValuePair`2<TKey, TValue>	EXACT	lookup(receiver, interface class, slot) reaches the dispatch pointer; slot = Il2CppMethodDefinition.slot
Newtonsoft.Json.Utilities.DictionaryWrapper`2::System.Collections.IDictionary.GetEnumerator	CALL	v104 @ X0_v9 (System.Collections.Generic.IDictionary`2<TKey, TValue>)	v208 @ X1_v6 (Il2CppClass<System.Collections.Generic.IEnumerable`1<System.Collections.Generic.KeyValuePair`2<TKey, TValue>>>)	0	System.Collections.Generic.IEnumerable`1::GetEnumerator	0x06002DF6	RUNTIME_DISPATCH	System.Collections.Generic.KeyValuePair`2<TKey, TValue>	EXACT	lookup(receiver, interface class, slot) reaches the dispatch pointer; slot = Il2CppMethodDefinition.slot
Newtonsoft.Json.Utilities.DictionaryWrapper`2::System.Collections.IDictionary.GetEnumerator	TAIL	this._dictionary (System.Collections.IDictionary)	[v46 @ X8_v33 (System.Int32)]	8			RUNTIME_DISPATCH		UNRESOLVED	METHOD_POINTER:UNKNOWN_CLASS_SOURCE:CLASS_NOT_AN_INTERFACE_POINTER	[Add]
Newtonsoft.Json.Utilities.DictionaryWrapper`2::System.Collections.IDictionary.Contains	CALL	v451 @ X0_v8 (System.Collections.Generic.IDictionary`2<TKey, TValue>)	v174 @ X1_v17 (Il2CppClass<System.Collections.Generic.IDictionary`2<TKey, TValue>>)	v426 @ X2_v4 (System.Int32)			RUNTIME_DISPATCH		UNRESOLVED	INVOKER_THROUGH_METHOD:TYPED_CLASS_LOCAL:SLOT_NAMES_NO_METHOD	
Newtonsoft.Json.Utilities.DictionaryWrapper`2::System.Collections.IDictionary.get_Keys	TAIL	v71 @ X19_v3 (System.Collections.IDictionary)	[v121 @ X8_v11 (System.Int32)]	2			RUNTIME_DISPATCH		UNRESOLVED	METHOD_POINTER:UNKNOWN_CLASS_SOURCE:CLASS_NOT_AN_INTERFACE_POINTER	[Add]
Newtonsoft.Json.Utilities.DictionaryWrapper`2::System.Collections.IDictionary.get_Keys	CALL	v175 @ X0_v7 (System.Collections.Generic.IDictionary`2<TKey, TValue>)	v57 @ X1_v13 (Il2CppClass<System.Collections.Generic.IDictionary`2<TKey, TValue>>)	v361 @ X2_v1 (System.Int32)			RUNTIME_DISPATCH		UNRESOLVED	METHOD_POINTER:TYPED_CLASS_LOCAL:SLOT_NAMES_NO_METHOD	
Newtonsoft.Json.Utilities.DictionaryWrapper`2::Remove	TAIL	this._dictionary (System.Collections.IDictionary)	v162 @ X1_v5	9			RUNTIME_DISPATCH		UNRESOLVED	METHOD_POINTER:UNKNOWN_CLASS_SOURCE:CLASS_NOT_AN_INTERFACE_POINTER	{[Add] | [{call IL2CPP_RUNTIME@0xF7087C(call get_GenericDictionary) | Add}+0x8]}
Newtonsoft.Json.Utilities.DictionaryWrapper`2::Remove	CALL	v115 @ X0_v14 (System.Collections.Generic.IDictionary`2<TKey, TValue>)	Type: Il2CppClass<System.Collections.Generic.IDictionary`2<TKey, TValue>>	6	System.Collections.Generic.IDictionary`2::Remove	0x06002DF4	RUNTIME_DISPATCH		UNRESOLVED	INVOKER_THROUGH_METHOD:METADATA_USAGE:DISPATCH_PATH_NOT_RECOVERED	
Newtonsoft.Json.Utilities.DictionaryWrapper`2::System.Collections.IDictionary.get_Values	TAIL	v71 @ X19_v3 (System.Collections.IDictionary)	[v121 @ X8_v11 (System.Int32)]	3			RUNTIME_DISPATCH		UNRESOLVED	METHOD_POINTER:UNKNOWN_CLASS_SOURCE:CLASS_NOT_AN_INTERFACE_POINTER	[Add]
Newtonsoft.Json.Utilities.DictionaryWrapper`2::System.Collections.IDictionary.get_Values	CALL	v175 @ X0_v7 (System.Collections.Generic.IDictionary`2<TKey, TValue>)	v57 @ X1_v13 (Il2CppClass<System.Collections.Generic.IDictionary`2<TKey, TValue>>)	v361 @ X2_v1 (System.Int32)			RUNTIME_DISPATCH		UNRESOLVED	METHOD_POINTER:TYPED_CLASS_LOCAL:SLOT_NAMES_NO_METHOD	
Newtonsoft.Json.Utilities.DictionaryWrapper`2::System.Collections.ICollection.CopyTo	TAIL	v105 @ X0_v14 (System.Collections.Generic.IDictionary`2<TKey, TValue>)	v349 @ X22_v6 (Il2CppClass<System.Collections.Generic.ICollection`1<System.Collections.Generic.KeyValuePair`2<TKey, TValue>>>)	5	System.Collections.Generic.ICollection`1::CopyTo	0x06002DEB	RUNTIME_DISPATCH	System.Collections.Generic.KeyValuePair`2<TKey, TValue>	EXACT	lookup(receiver, interface class, slot) reaches the dispatch pointer; slot = Il2CppMethodDefinition.slot
Newtonsoft.Json.Utilities.DictionaryWrapper`2::System.Collections.ICollection.CopyTo	TAIL	this._dictionary (System.Collections.IDictionary)	[v52 @ X8_v28 (System.Int32)]	0			RUNTIME_DISPATCH		UNRESOLVED	METHOD_POINTER:UNKNOWN_CLASS_SOURCE:CLASS_NOT_AN_INTERFACE_POINTER	[Add]
Newtonsoft.Json.Utilities.DictionaryWrapper`2::System.Collections.ICollection.get_IsSynchronized	TAIL	this._dictionary (System.Collections.IDictionary)	[v41 @ X8_v4 (System.Int32)]	3			RUNTIME_DISPATCH		UNRESOLVED	METHOD_POINTER:UNKNOWN_CLASS_SOURCE:CLASS_NOT_AN_INTERFACE_POINTER	[Add]
Newtonsoft.Json.Utilities.DynamicProxyMetaObject`1::BuildCallMethodWithResult	CALL	v107 @ X0_v11 (System.Collections.Generic.IEnumerable`1<System.Linq.Expressions.Expression>)	[v344 @ X22_v9 (System.Int32)]	2			RUNTIME_DISPATCH		UNRESOLVED	METHOD_POINTER:UNKNOWN_CLASS_SOURCE:CLASS_NOT_AN_INTERFACE_POINTER	[Add]
Newtonsoft.Json.Utilities.DynamicProxyMetaObject`1::BuildCallMethodWithResult	CALL	v107 @ X0_v11 (System.Collections.Generic.IEnumerable`1<System.Linq.Expressions.Expression>)	[v344 @ X22_v9 (System.Int32)]	2			RUNTIME_DISPATCH		UNRESOLVED	METHOD_POINTER:UNKNOWN_CLASS_SOURCE:CLASS_NOT_AN_INTERFACE_POINTER	[Add]
Newtonsoft.Json.Utilities.DynamicProxyMetaObject`1::BuildCallMethodWithResult	CALL	v107 @ X0_v11 (System.Collections.Generic.IEnumerable`1<System.Linq.Expressions.Expression>)	[v344 @ X22_v9 (System.Int32)]	2			RUNTIME_DISPATCH		UNRESOLVED	METHOD_POINTER:UNKNOWN_CLASS_SOURCE:CLASS_NOT_AN_INTERFACE_POINTER	[Add]
Newtonsoft.Json.Utilities.DynamicProxyMetaObject`1::CallMethodReturnLast	CALL	v154 @ X0_v20 (System.Collections.Generic.IEnumerable`1<System.Linq.Expressions.Expression>)	[v373 @ X28_v5 (System.Int32)]	2			RUNTIME_DISPATCH		UNRESOLVED	METHOD_POINTER:UNKNOWN_CLASS_SOURCE:CLASS_NOT_AN_INTERFACE_POINTER	[Add]
Newtonsoft.Json.Utilities.DynamicProxyMetaObject`1::CallMethodReturnLast	CALL	v154 @ X0_v20 (System.Collections.Generic.IEnumerable`1<System.Linq.Expressions.Expression>)	[v373 @ X28_v5 (System.Int32)]	2			RUNTIME_DISPATCH		UNRESOLVED	METHOD_POINTER:UNKNOWN_CLASS_SOURCE:CLASS_NOT_AN_INTERFACE_POINTER	[Add]
Newtonsoft.Json.Utilities.DynamicProxyMetaObject`1::CallMethodReturnLast	CALL	v154 @ X0_v20 (System.Collections.Generic.IEnumerable`1<System.Linq.Expressions.Expression>)	[v373 @ X28_v5 (System.Int32)]	0			RUNTIME_DISPATCH		UNRESOLVED	METHOD_POINTER:UNKNOWN_CLASS_SOURCE:CLASS_NOT_AN_INTERFACE_POINTER	[Add]
Newtonsoft.Json.Utilities.DynamicProxyMetaObject`1::CallMethodReturnLast	CALL	v154 @ X0_v20 (System.Collections.Generic.IEnumerable`1<System.Linq.Expressions.Expression>)	[v373 @ X28_v5 (System.Int32)]	0			RUNTIME_DISPATCH		UNRESOLVED	METHOD_POINTER:UNKNOWN_CLASS_SOURCE:CLASS_NOT_AN_INTERFACE_POINTER	[Add]
Newtonsoft.Json.Utilities.DynamicProxyMetaObject`1::CallMethodReturnLast	CALL	v154 @ X0_v20 (System.Collections.Generic.IEnumerable`1<System.Linq.Expressions.Expression>)	[v132 @ X27_v9 (System.Int32)]	0			RUNTIME_DISPATCH		UNRESOLVED	METHOD_POINTER:UNKNOWN_CLASS_SOURCE:CLASS_NOT_AN_INTERFACE_POINTER	[Add]
Newtonsoft.Json.Utilities.DynamicProxyMetaObject`1::CallMethodReturnLast	CALL	v154 @ X0_v20 (System.Collections.Generic.IEnumerable`1<System.Linq.Expressions.Expression>)	[v132 @ X27_v9 (System.Int32)]	1			RUNTIME_DISPATCH		UNRESOLVED	METHOD_POINTER:UNKNOWN_CLASS_SOURCE:CLASS_NOT_AN_INTERFACE_POINTER	[Add]
Newtonsoft.Json.Utilities.DynamicProxyMetaObject`1::CallMethodNoResult	CALL	v75 @ X0_v7 (System.Collections.Generic.IEnumerable`1<System.Linq.Expressions.Expression>)	[v126 @ X28_v5 (System.Int32)]	2			RUNTIME_DISPATCH		UNRESOLVED	METHOD_POINTER:UNKNOWN_CLASS_SOURCE:CLASS_NOT_AN_INTERFACE_POINTER	[Add]
Newtonsoft.Json.Utilities.DynamicProxyMetaObject`1::CallMethodNoResult	CALL	v75 @ X0_v7 (System.Collections.Generic.IEnumerable`1<System.Linq.Expressions.Expression>)	[v126 @ X28_v5 (System.Int32)]	2			RUNTIME_DISPATCH		UNRESOLVED	METHOD_POINTER:UNKNOWN_CLASS_SOURCE:CLASS_NOT_AN_INTERFACE_POINTER	[Add]
Newtonsoft.Json.Utilities.DynamicUtils+BinderWrapper::CreateMemberCalls	CALL	[v500 @ X8_v22+140]	v498 @ X1_v25	v225 @ X0_v28 (System.Type[])			RUNTIME_DISPATCH		UNRESOLVED	METHOD_POINTER:UNKNOWN_CLASS_SOURCE:CLASS_NOT_AN_INTERFACE_POINTER	[Add]
Newtonsoft.Json.Utilities.DynamicUtils+BinderWrapper::CreateMemberCalls	CALL	[v558 @ X8_v34+140]	v556 @ X1_v40	v228 @ X0_v63 (System.Type[])			RUNTIME_DISPATCH		UNRESOLVED	METHOD_POINTER:UNKNOWN_CLASS_SOURCE:CLASS_NOT_AN_INTERFACE_POINTER	[Add]
Newtonsoft.Json.Utilities.DynamicUtils::GetDynamicMemberNames	CALL	dynamicProvider @ X0 (System.Dynamic.IDynamicMetaObjectProvider)	[v73 @ X8_v5 (System.Int32)]	0			RUNTIME_DISPATCH		UNRESOLVED	METHOD_POINTER:UNKNOWN_CLASS_SOURCE:CLASS_NOT_AN_INTERFACE_POINTER	[Add]
Newtonsoft.Json.Utilities.FSharpUtils::.ctor	CALL	[v304 @ X8_v12+140]	v302 @ X1_v8	v293 @ X2_v5 (System.Reflection.BindingFlags)			RUNTIME_DISPATCH		UNRESOLVED	METHOD_POINTER:UNKNOWN_CLASS_SOURCE:CLASS_NOT_AN_INTERFACE_POINTER	[Add]
Newtonsoft.Json.Utilities.FSharpUtils::.ctor	CALL	[v362 @ X8_v15+140]	v359 @ X1_v14	v126 @ X2_v9 (System.Reflection.BindingFlags)			RUNTIME_DISPATCH		UNRESOLVED	METHOD_POINTER:UNKNOWN_CLASS_SOURCE:CLASS_NOT_AN_INTERFACE_POINTER	[Add]
Newtonsoft.Json.Utilities.FSharpUtils::.ctor	CALL	[v410 @ X8_v22+140]	v408 @ X1_v26	0			RUNTIME_DISPATCH		UNRESOLVED	METHOD_POINTER:UNKNOWN_CLASS_SOURCE:CLASS_NOT_AN_INTERFACE_POINTER	[Add]
Newtonsoft.Json.Utilities.FSharpUtils::.ctor	CALL	[v427 @ X8_v25+140]	v425 @ X1_v30	0			RUNTIME_DISPATCH		UNRESOLVED	METHOD_POINTER:UNKNOWN_CLASS_SOURCE:CLASS_NOT_AN_INTERFACE_POINTER	[Add]
Newtonsoft.Json.Utilities.FSharpUtils::.ctor	CALL	[v444 @ X8_v28+140]	v442 @ X1_v34	0			RUNTIME_DISPATCH		UNRESOLVED	METHOD_POINTER:UNKNOWN_CLASS_SOURCE:CLASS_NOT_AN_INTERFACE_POINTER	[Add]
Newtonsoft.Json.Utilities.FSharpUtils::.ctor	CALL	[v462 @ X8_v31+140]	v459 @ X1_v38	0			RUNTIME_DISPATCH		UNRESOLVED	METHOD_POINTER:UNKNOWN_CLASS_SOURCE:CLASS_NOT_AN_INTERFACE_POINTER	[Add]
Newtonsoft.Json.Utilities.FSharpUtils::CreateFSharpFuncCall	CALL	[v187 @ X8_v10+140]	v185 @ X1_v8	20			RUNTIME_DISPATCH		UNRESOLVED	METHOD_POINTER:UNKNOWN_CLASS_SOURCE:CLASS_NOT_AN_INTERFACE_POINTER	[Add]
Newtonsoft.Json.Utilities.FSharpUtils::CreateFSharpFuncCall	CALL	[v202 @ X8_v13+140]	v200 @ X1_v11	v189 @ X0_v20			RUNTIME_DISPATCH		UNRESOLVED	METHOD_POINTER:UNKNOWN_CLASS_SOURCE:CLASS_NOT_AN_INTERFACE_POINTER	[Add]
Newtonsoft.Json.Utilities.BufferUtils::RentBuffer	TAIL	bufferPool @ X0 (Newtonsoft.Json.IArrayPool`1<System.Char>)	[v48 @ X8_v6 (System.Int32)]	0			RUNTIME_DISPATCH		UNRESOLVED	METHOD_POINTER:UNKNOWN_CLASS_SOURCE:CLASS_NOT_AN_INTERFACE_POINTER	[Add]
Newtonsoft.Json.Utilities.BufferUtils::ReturnBuffer	TAIL	bufferPool @ X0 (Newtonsoft.Json.IArrayPool`1<System.Char>)	[v45 @ X8_v4 (System.Int32)]	1			RUNTIME_DISPATCH		UNRESOLVED	METHOD_POINTER:UNKNOWN_CLASS_SOURCE:CLASS_NOT_AN_INTERFACE_POINTER	[Add]
Newtonsoft.Json.Utilities.BufferUtils::EnsureBufferSize	CALL	bufferPool @ X0 (Newtonsoft.Json.IArrayPool`1<System.Char>)	[v49 @ X22_v4 (System.Int32)]	1			RUNTIME_DISPATCH		UNRESOLVED	METHOD_POINTER:UNKNOWN_CLASS_SOURCE:CLASS_NOT_AN_INTERFACE_POINTER	[Add]
Newtonsoft.Json.Utilities.BufferUtils::EnsureBufferSize	TAIL	bufferPool @ X0 (Newtonsoft.Json.IArrayPool`1<System.Char>)	[v49 @ X22_v4 (System.Int32)]	0			RUNTIME_DISPATCH		UNRESOLVED	METHOD_POINTER:UNKNOWN_CLASS_SOURCE:CLASS_NOT_AN_INTERFACE_POINTER	[Add]
Newtonsoft.Json.Utilities.JavaScriptUtils::.cctor	CALL	v107 @ X0_v17 (System.Collections.Generic.List`1<System.Char>)	[v365 @ X21_v12 (System.Int32)]	2			RUNTIME_DISPATCH		UNRESOLVED	METHOD_POINTER:UNKNOWN_CLASS_SOURCE:CLASS_NOT_AN_INTERFACE_POINTER	[Add]
Newtonsoft.Json.Utilities.JavaScriptUtils::.cctor	CALL	v340 @ X0_v59	[v157 @ X24_v10 (System.Int32)]	0			RUNTIME_DISPATCH		UNRESOLVED	METHOD_POINTER:UNKNOWN_CLASS_SOURCE:CLASS_NOT_AN_INTERFACE_POINTER	[Add]
Newtonsoft.Json.Utilities.JavaScriptUtils::.cctor	CALL	v1160 @ X20_v21	[v1098 @ X21_v16 (System.Int32)]	0			RUNTIME_DISPATCH		UNRESOLVED	METHOD_POINTER:UNKNOWN_CLASS_SOURCE:CLASS_NOT_AN_INTERFACE_POINTER	[Add]
Newtonsoft.Json.Utilities.JavaScriptUtils::.cctor	CALL	v1093 @ X0_v62	[v1100 @ X27_v12 (System.Int32)]	0			RUNTIME_DISPATCH		UNRESOLVED	METHOD_POINTER:UNKNOWN_CLASS_SOURCE:CLASS_NOT_AN_INTERFACE_POINTER	[Add]
Newtonsoft.Json.Utilities.JavaScriptUtils::.cctor	CALL	[v1385 @ X8_v44]	[v706 @ X23_v9 (System.Int32)]	0			RUNTIME_DISPATCH		UNRESOLVED	METHOD_POINTER:UNKNOWN_CLASS_SOURCE:CLASS_NOT_AN_INTERFACE_POINTER	[{Add | {{Add | DEFINED_3_TIMES} | self | {Add | DEFINED_3_TIMES}}}]
Newtonsoft.Json.Utilities.JavaScriptUtils::.cctor	CALL	v342 @ X0_v74	[v157 @ X24_v10 (System.Int32)]	0			RUNTIME_DISPATCH		UNRESOLVED	METHOD_POINTER:UNKNOWN_CLASS_SOURCE:CLASS_NOT_AN_INTERFACE_POINTER	[Add]
Newtonsoft.Json.Utilities.JavaScriptUtils::.cctor	CALL	v1647 @ X20_v26	[v1344 @ X21_v20 (System.Int32)]	0			RUNTIME_DISPATCH		UNRESOLVED	METHOD_POINTER:UNKNOWN_CLASS_SOURCE:CLASS_NOT_AN_INTERFACE_POINTER	[Add]
Newtonsoft.Json.Utilities.JavaScriptUtils::.cctor	CALL	v1619 @ X0_v77	[v1197 @ X27_v16 (System.Int32)]	0			RUNTIME_DISPATCH		UNRESOLVED	METHOD_POINTER:UNKNOWN_CLASS_SOURCE:CLASS_NOT_AN_INTERFACE_POINTER	[Add]
Newtonsoft.Json.Utilities.JavaScriptUtils::.cctor	CALL	[v1714 @ X8_v57]	[v706 @ X23_v9 (System.Int32)]	0			RUNTIME_DISPATCH		UNRESOLVED	METHOD_POINTER:UNKNOWN_CLASS_SOURCE:CLASS_NOT_AN_INTERFACE_POINTER	[{Add | {{Add | DEFINED_3_TIMES} | self | {Add | DEFINED_3_TIMES}}}]
Newtonsoft.Json.Utilities.JavaScriptUtils::.cctor	CALL	v343 @ X0_v88	[v157 @ X24_v10 (System.Int32)]	0			RUNTIME_DISPATCH		UNRESOLVED	METHOD_POINTER:UNKNOWN_CLASS_SOURCE:CLASS_NOT_AN_INTERFACE_POINTER	[Add]
Newtonsoft.Json.Utilities.JavaScriptUtils::.cctor	CALL	v1981 @ X19_v18	[v1335 @ X20_v31 (System.Int32)]	0			RUNTIME_DISPATCH		UNRESOLVED	METHOD_POINTER:UNKNOWN_CLASS_SOURCE:CLASS_NOT_AN_INTERFACE_POINTER	[Add]
Newtonsoft.Json.Utilities.JavaScriptUtils::.cctor	CALL	v1953 @ X0_v91	[v703 @ X21_v24 (System.Int32)]	0			RUNTIME_DISPATCH		UNRESOLVED	METHOD_POINTER:UNKNOWN_CLASS_SOURCE:CLASS_NOT_AN_INTERFACE_POINTER	[Add]
Newtonsoft.Json.Utilities.JavaScriptUtils::.cctor	CALL	v698 @ X20_v11	[v706 @ X23_v9 (System.Int32)]	0			RUNTIME_DISPATCH		UNRESOLVED	METHOD_POINTER:UNKNOWN_CLASS_SOURCE:CLASS_NOT_AN_INTERFACE_POINTER	[{Add | {{Add | DEFINED_3_TIMES} | self | {Add | DEFINED_3_TIMES}}}]
Newtonsoft.Json.Utilities.JavaScriptUtils::WriteEscapedJavaScriptString	CALL	v1392 @ X12_v11 (Newtonsoft.Json.IArrayPool`1<System.Char>)	[v1405 @ X8_v38 (System.Int32)]	1			RUNTIME_DISPATCH		UNRESOLVED	METHOD_POINTER:UNKNOWN_CLASS_SOURCE:CLASS_NOT_AN_INTERFACE_POINTER	[Add]
Newtonsoft.Json.Utilities.JavaScriptUtils::ToEscapedJavaScriptString	CALL	v344 @ X21_v6	[v351 @ X8_v10 (System.Int32)]	0			RUNTIME_DISPATCH		UNRESOLVED	METHOD_POINTER:UNKNOWN_CLASS_SOURCE:CLASS_NOT_AN_INTERFACE_POINTER	[Add]
Newtonsoft.Json.Utilities.ReflectionObject::GetValue	CALL	v44 @ X21_v2 (System.Collections.Generic.IDictionary`2<System.String, Newtonsoft.Json.Utilities.ReflectionMember>)	[v47 @ X8_v5 (System.Int32)]	0			RUNTIME_DISPATCH		UNRESOLVED	METHOD_POINTER:UNKNOWN_CLASS_SOURCE:CLASS_NOT_AN_INTERFACE_POINTER	[Add]
Newtonsoft.Json.Utilities.ReflectionObject::SetValue	CALL	v49 @ X22_v2 (System.Collections.Generic.IDictionary`2<System.String, Newtonsoft.Json.Utilities.ReflectionMember>)	[v52 @ X8_v5 (System.Int32)]	0			RUNTIME_DISPATCH		UNRESOLVED	METHOD_POINTER:UNKNOWN_CLASS_SOURCE:CLASS_NOT_AN_INTERFACE_POINTER	[Add]
Newtonsoft.Json.Utilities.ReflectionObject::GetType	CALL	v43 @ X20_v2 (System.Collections.Generic.IDictionary`2<System.String, Newtonsoft.Json.Utilities.ReflectionMember>)	[v46 @ X8_v5 (System.Int32)]	0			RUNTIME_DISPATCH		UNRESOLVED	METHOD_POINTER:UNKNOWN_CLASS_SOURCE:CLASS_NOT_AN_INTERFACE_POINTER	[Add]
Newtonsoft.Json.Utilities.ReflectionObject::Create	CALL	[v456 @ X8_v92+140]	v454 @ X1_v63	0			RUNTIME_DISPATCH		UNRESOLVED	METHOD_POINTER:UNKNOWN_CLASS_SOURCE:CLASS_NOT_AN_INTERFACE_POINTER	[Add]
Newtonsoft.Json.Utilities.ReflectionObject::Create	CALL	v119 @ X25_v5 (System.Collections.Generic.IDictionary`2<System.String, Newtonsoft.Json.Utilities.ReflectionMember>)	[v950 @ X8_v19 (System.Int32)]	1			RUNTIME_DISPATCH		UNRESOLVED	METHOD_POINTER:UNKNOWN_CLASS_SOURCE:CLASS_NOT_AN_INTERFACE_POINTER	[Add]
Newtonsoft.Json.Utilities.ReflectionObject::Create	CALL	[v1039 @ X8_v77+140]	v1037 @ X1_v49	0			RUNTIME_DISPATCH		UNRESOLVED	METHOD_POINTER:UNKNOWN_CLASS_SOURCE:CLASS_NOT_AN_INTERFACE_POINTER	[Add]
Newtonsoft.Json.Utilities.ReflectionObject::Create	CALL	[v1030 @ X8_v59+140]	v1028 @ X1_v40	0			RUNTIME_DISPATCH		UNRESOLVED	METHOD_POINTER:UNKNOWN_CLASS_SOURCE:CLASS_NOT_AN_INTERFACE_POINTER	[Add]
Newtonsoft.Json.Utilities.ReflectionUtils::GetFullyQualifiedTypeName	CALL	binder @ X1 (Newtonsoft.Json.Serialization.ISerializationBinder)	[v51 @ X8_v5 (System.Int32)]	1			RUNTIME_DISPATCH		UNRESOLVED	METHOD_POINTER:UNKNOWN_CLASS_SOURCE:CLASS_NOT_AN_INTERFACE_POINTER	[Add]
Newtonsoft.Json.Utilities.ReflectionUtils::GetFieldsAndProperties	CALL	v191 @ X0_v150	[v735 @ X8_v118 (System.Int32)]	0			RUNTIME_DISPATCH		UNRESOLVED	METHOD_POINTER:UNKNOWN_CLASS_SOURCE:CLASS_NOT_AN_INTERFACE_POINTER	[Add]
Newtonsoft.Json.Utilities.ReflectionUtils::GetFieldsAndProperties	CALL	v370 @ X21_v10	[v271 @ X26_v7 (System.Int32)]	0			RUNTIME_DISPATCH		UNRESOLVED	METHOD_POINTER:UNKNOWN_CLASS_SOURCE:CLASS_NOT_AN_INTERFACE_POINTER	[Add]
Newtonsoft.Json.Utilities.ReflectionUtils::GetFieldsAndProperties	CALL	v257 @ stack_-68_v3	[v743 @ X8_v31 (System.Int32)]	0			RUNTIME_DISPATCH		UNRESOLVED	METHOD_POINTER:UNKNOWN_CLASS_SOURCE:CLASS_NOT_AN_INTERFACE_POINTER	[Add]
Newtonsoft.Json.Utilities.ReflectionUtils::GetFieldsAndProperties	CALL	v1041 @ X0_v43 (System.Collections.Generic.IEnumerable`1<System.Object>)	[v1099 @ X8_v42 (System.Int32)]	0			RUNTIME_DISPATCH		UNRESOLVED	METHOD_POINTER:UNKNOWN_CLASS_SOURCE:CLASS_NOT_AN_INTERFACE_POINTER	[Add]
Newtonsoft.Json.Utilities.ReflectionUtils::GetFieldsAndProperties	CALL	v1236 @ X22_v11	[v271 @ X26_v7 (System.Int32)]	0			RUNTIME_DISPATCH		UNRESOLVED	METHOD_POINTER:UNKNOWN_CLASS_SOURCE:CLASS_NOT_AN_INTERFACE_POINTER	[Add]
Newtonsoft.Json.Utilities.ReflectionUtils::GetFieldsAndProperties	CALL	v415 @ stack_-70_v8	[v277 @ X19_v10 (System.Int32)]	0			RUNTIME_DISPATCH		UNRESOLVED	METHOD_POINTER:UNKNOWN_CLASS_SOURCE:CLASS_NOT_AN_INTERFACE_POINTER	[Add]
Newtonsoft.Json.Utilities.ReflectionUtils::GetFieldsAndProperties	CALL	[v1309 @ X8_v51]	[v1312 @ X8_v56 (System.Int32)]	0			RUNTIME_DISPATCH		UNRESOLVED	METHOD_POINTER:UNKNOWN_CLASS_SOURCE:CLASS_NOT_AN_INTERFACE_POINTER	[Add]
Newtonsoft.Json.Utilities.ReflectionUtils::GetFieldsAndProperties	CALL	[v722 @ X8_v15]	[v749 @ X8_v18 (System.Int32)]	0			RUNTIME_DISPATCH		UNRESOLVED	METHOD_POINTER:UNKNOWN_CLASS_SOURCE:CLASS_NOT_AN_INTERFACE_POINTER	[Add]
Newtonsoft.Json.Utilities.ReflectionUtils::GetChildPrivateProperties	CALL	initialProperties @ X0 (System.Collections.Generic.IList`1<System.Reflection.PropertyInfo>)	v759 @ X1_v59	2			RUNTIME_DISPATCH		UNRESOLVED	METHOD_POINTER:UNKNOWN_CLASS_SOURCE:CLASS_NOT_AN_INTERFACE_POINTER	{[Add] | [Add] | [Add]}
Newtonsoft.Json.Utilities.ReflectionUtils::GetChildPrivateProperties	CALL	initialProperties @ X0 (System.Collections.Generic.IList`1<System.Reflection.PropertyInfo>)	[v689 @ X8_v35 (System.Int32)]	0			RUNTIME_DISPATCH		UNRESOLVED	METHOD_POINTER:UNKNOWN_CLASS_SOURCE:CLASS_NOT_AN_INTERFACE_POINTER	[Add]
Newtonsoft.Json.Utilities.ReflectionUtils::GetChildPrivateProperties	CALL	initialProperties @ X0 (System.Collections.Generic.IList`1<System.Reflection.PropertyInfo>)	[v962 @ X8_v41 (System.Int32)]	1			RUNTIME_DISPATCH		UNRESOLVED	METHOD_POINTER:UNKNOWN_CLASS_SOURCE:CLASS_NOT_AN_INTERFACE_POINTER	[Add]
Newtonsoft.Json.Utilities.StringBuffer::Clear	CALL	bufferPool @ X1 (Newtonsoft.Json.IArrayPool`1<System.Char>)	[v105 @ X8_v6 (System.Int32)]	1			RUNTIME_DISPATCH		UNRESOLVED	METHOD_POINTER:UNKNOWN_CLASS_SOURCE:CLASS_NOT_AN_INTERFACE_POINTER	[Add]
Newtonsoft.Json.Utilities.StringBuffer::EnsureSize	CALL	bufferPool @ X1 (Newtonsoft.Json.IArrayPool`1<System.Char>)	[v124 @ X8_v7 (System.Int32)]	1			RUNTIME_DISPATCH		UNRESOLVED	METHOD_POINTER:UNKNOWN_CLASS_SOURCE:CLASS_NOT_AN_INTERFACE_POINTER	[Add]
Newtonsoft.Json.Utilities.TypeExtensions::ImplementInterface	CALL	v186 @ X0_v20 (System.Type[])	[v239 @ X8_v11 (System.Int32)]	0			RUNTIME_DISPATCH		UNRESOLVED	METHOD_POINTER:UNKNOWN_CLASS_SOURCE:CLASS_NOT_AN_INTERFACE_POINTER	[Add]
Newtonsoft.Json.Utilities.TypeExtensions::ImplementInterface	CALL	v499 @ X21_v10	[v60 @ X27_v2 (System.Int32)]	0			RUNTIME_DISPATCH		UNRESOLVED	METHOD_POINTER:UNKNOWN_CLASS_SOURCE:CLASS_NOT_AN_INTERFACE_POINTER	[Add]
Newtonsoft.Json.Utilities.TypeExtensions::ImplementInterface	CALL	v455 @ X0_v23	[v62 @ X28_v2 (System.Int32)]	0			RUNTIME_DISPATCH		UNRESOLVED	METHOD_POINTER:UNKNOWN_CLASS_SOURCE:CLASS_NOT_AN_INTERFACE_POINTER	[Add]
Newtonsoft.Json.Utilities.TypeExtensions::ImplementInterface	CALL	v575 @ X22_v7	[v606 @ X8_v25 (System.Int32)]	0			RUNTIME_DISPATCH		UNRESOLVED	METHOD_POINTER:UNKNOWN_CLASS_SOURCE:CLASS_NOT_AN_INTERFACE_POINTER	[Add]
Newtonsoft.Json.Serialization.DefaultContractResolver+EnumerableDictionaryWrapper`2+<GetEnumerator>d__2::MoveNext	CALL	v266 @ X24_v11	v454 @ X1_v24 (Il2CppClass<System.Collections.Generic.IEnumerable`1<System.Collections.Generic.KeyValuePair`2<TEnumeratorKey, TEnumeratorValue>>>)	0	System.Collections.Generic.IEnumerable`1::GetEnumerator	0x06002DF6	RUNTIME_DISPATCH	System.Collections.Generic.KeyValuePair`2<TEnumeratorKey, TEnumeratorValue>	EXACT	lookup(receiver, interface class, slot) reaches the dispatch pointer; slot = Il2CppMethodDefinition.slot
Newtonsoft.Json.Serialization.DefaultContractResolver+EnumerableDictionaryWrapper`2+<GetEnumerator>d__2::MoveNext	CALL	[v147 @ X24_v2 (Newtonsoft.Json.Serialization.DefaultContractResolver+EnumerableDictionaryWrapper`2<TEnumeratorKey, TEnumeratorValue>+<GetEnumerator>d__2<TEnumeratorKey, TEnumeratorValue>)+30]	[v208 @ X8_v24 (System.Int32)]	0			RUNTIME_DISPATCH		UNRESOLVED	METHOD_POINTER:UNKNOWN_CLASS_SOURCE:CLASS_NOT_AN_INTERFACE_POINTER	[Add]
Newtonsoft.Json.Serialization.DefaultContractResolver+EnumerableDictionaryWrapper`2+<GetEnumerator>d__2::MoveNext	CALL	[this @ X0 (Newtonsoft.Json.Serialization.DefaultContractResolver+EnumerableDictionaryWrapper`2<TEnumeratorKey, TEnumeratorValue>+<GetEnumerator>d__2<TEnumeratorKey, TEnumeratorValue>)+30]	Type: Il2CppClass<System.Collections.Generic.IEnumerator`1<System.Collections.Generic.KeyValuePair`2<TEnumeratorKey, TEnumeratorValue>>>	0	System.Collections.Generic.IEnumerator`1::get_Current	0x06002DF7	RUNTIME_DISPATCH		UNRESOLVED	INVOKER_THROUGH_METHOD:METADATA_USAGE:DISPATCH_PATH_NOT_RECOVERED	
Newtonsoft.Json.Serialization.DefaultContractResolver+EnumerableDictionaryWrapper`2+<GetEnumerator>d__2::<>m__Finally1	TAIL	[this @ X0 (Newtonsoft.Json.Serialization.DefaultContractResolver+EnumerableDictionaryWrapper`2<TEnumeratorKey, TEnumeratorValue>+<GetEnumerator>d__2<TEnumeratorKey, TEnumeratorValue>)+30]	[v42 @ X8_v5 (System.Int32)]	0			RUNTIME_DISPATCH		UNRESOLVED	METHOD_POINTER:UNKNOWN_CLASS_SOURCE:CLASS_NOT_AN_INTERFACE_POINTER	[Add]
Newtonsoft.Json.Serialization.DefaultContractResolver::GetSerializableMembers	CALL	v156 @ X0_v14	[v211 @ X8_v116 (System.Int32)]	0			RUNTIME_DISPATCH		UNRESOLVED	METHOD_POINTER:UNKNOWN_CLASS_SOURCE:CLASS_NOT_AN_INTERFACE_POINTER	[Add]
Newtonsoft.Json.Serialization.DefaultContractResolver::GetSerializableMembers	CALL	v156 @ X0_v14	[v870 @ X8_v56 (System.Int32)]	0			RUNTIME_DISPATCH		UNRESOLVED	METHOD_POINTER:UNKNOWN_CLASS_SOURCE:CLASS_NOT_AN_INTERFACE_POINTER	[Add]
Newtonsoft.Json.Serialization.DefaultContractResolver::GetSerializableMembers	CALL	v743 @ X20_v25	[v613 @ X21_v17 (Newtonsoft.Json.Serialization.DefaultContractResolver)]	0			RUNTIME_DISPATCH		UNRESOLVED	METHOD_POINTER:UNKNOWN_CLASS_SOURCE:CLASS_NOT_AN_INTERFACE_POINTER	[Add]
Newtonsoft.Json.Serialization.DefaultContractResolver::GetSerializableMembers	CALL	v443 @ stack_-68_v14	[v1370 @ X22_v14 (System.Int32)]	0			RUNTIME_DISPATCH		UNRESOLVED	METHOD_POINTER:UNKNOWN_CLASS_SOURCE:CLASS_NOT_AN_INTERFACE_POINTER	[{Add | Immediate | [call IL2CPP_RUNTIME@0x274A080(Newobj)]}]
Newtonsoft.Json.Serialization.DefaultContractResolver::GetSerializableMembers	CALL	v1387 @ X21_v13 (Newtonsoft.Json.Serialization.DefaultContractResolver)	[v970 @ X8_v129 (System.Int32)]	0			RUNTIME_DISPATCH		UNRESOLVED	METHOD_POINTER:UNKNOWN_CLASS_SOURCE:CLASS_NOT_AN_INTERFACE_POINTER	[Add]
Newtonsoft.Json.Serialization.DefaultContractResolver::GetSerializableMembers	CALL	v1487 @ X24_v18	[v409 @ X27_v16 (System.Int32)]	0			RUNTIME_DISPATCH		UNRESOLVED	METHOD_POINTER:UNKNOWN_CLASS_SOURCE:CLASS_NOT_AN_INTERFACE_POINTER	[Add]
Newtonsoft.Json.Serialization.DefaultContractResolver::GetSerializableMembers	CALL	v443 @ stack_-68_v14	[v364 @ X26_v18 (System.Int32)]	0			RUNTIME_DISPATCH		UNRESOLVED	METHOD_POINTER:UNKNOWN_CLASS_SOURCE:CLASS_NOT_AN_INTERFACE_POINTER	[Add]
Newtonsoft.Json.Serialization.DefaultContractResolver::GetSerializableMembers	CALL	v1368 @ X23_v12 (System.Int32)	[v927 @ X8_v47 (System.Int32)]	0			RUNTIME_DISPATCH		UNRESOLVED	METHOD_POINTER:UNKNOWN_CLASS_SOURCE:CLASS_NOT_AN_INTERFACE_POINTER	[Add]
Newtonsoft.Json.Serialization.DefaultContractResolver::CreateObjectContract	CALL	v577 @ X0_v31 (System.Collections.Generic.IList`1<Newtonsoft.Json.Serialization.SerializationCallback>)	[v651 @ X8_v15 (System.Int32)]	2			RUNTIME_DISPATCH		UNRESOLVED	METHOD_POINTER:UNKNOWN_CLASS_SOURCE:CLASS_NOT_AN_INTERFACE_POINTER	[Add]
Newtonsoft.Json.Serialization.DefaultContractResolver::SetExtensionDataDelegates	CALL	[v850 @ X8_v54+140]	v848 @ X1_v41	v169 @ X2_v14 (System.Boolean)			RUNTIME_DISPATCH		UNRESOLVED	METHOD_POINTER:UNKNOWN_CLASS_SOURCE:CLASS_NOT_AN_INTERFACE_POINTER	[Add]
Newtonsoft.Json.Serialization.DefaultContractResolver::SetExtensionDataDelegates	CALL	[v988 @ X8_v64+140]	v986 @ X1_v50	20			RUNTIME_DISPATCH		UNRESOLVED	METHOD_POINTER:UNKNOWN_CLASS_SOURCE:CLASS_NOT_AN_INTERFACE_POINTER	[Add]
Newtonsoft.Json.Serialization.DefaultContractResolver::GetAttributeConstructor	CALL	v355 @ X0_v12	[v359 @ X8_v10 (System.Int32)]	0			RUNTIME_DISPATCH		UNRESOLVED	METHOD_POINTER:UNKNOWN_CLASS_SOURCE:CLASS_NOT_AN_INTERFACE_POINTER	[Add]
Newtonsoft.Json.Serialization.DefaultContractResolver::GetAttributeConstructor	CALL	v494 @ X0_v13	[v70 @ X22_v6 (System.Int32)]	0			RUNTIME_DISPATCH		UNRESOLVED	METHOD_POINTER:UNKNOWN_CLASS_SOURCE:CLASS_NOT_AN_INTERFACE_POINTER	[Add]
Newtonsoft.Json.Serialization.DefaultContractResolver::GetAttributeConstructor	CALL	v494 @ X0_v13	[v70 @ X22_v6 (System.Int32)]	0			RUNTIME_DISPATCH		UNRESOLVED	METHOD_POINTER:UNKNOWN_CLASS_SOURCE:CLASS_NOT_AN_INTERFACE_POINTER	[Add]
Newtonsoft.Json.Serialization.DefaultContractResolver::GetAttributeConstructor	CALL	v494 @ X0_v13	[v592 @ X8_v36 (System.Int32)]	0			RUNTIME_DISPATCH		UNRESOLVED	METHOD_POINTER:UNKNOWN_CLASS_SOURCE:CLASS_NOT_AN_INTERFACE_POINTER	[Add]
Newtonsoft.Json.Serialization.DefaultContractResolver::GetImmutableConstructor	CALL	v62 @ X0_v5 (System.Reflection.ConstructorInfo[])	[v212 @ X8_v5 (System.Int32)]	0			RUNTIME_DISPATCH		UNRESOLVED	METHOD_POINTER:UNKNOWN_CLASS_SOURCE:CLASS_NOT_AN_INTERFACE_POINTER	[Add]
Newtonsoft.Json.Serialization.DefaultContractResolver::GetImmutableConstructor	CALL	v324 @ X0_v6	[v81 @ X22_v3 (System.Int32)]	0			RUNTIME_DISPATCH		UNRESOLVED	METHOD_POINTER:UNKNOWN_CLASS_SOURCE:CLASS_NOT_AN_INTERFACE_POINTER	[Add]
Newtonsoft.Json.Serialization.DefaultContractResolver::GetImmutableConstructor	CALL	v324 @ X0_v6	[v81 @ X22_v3 (System.Int32)]	0			RUNTIME_DISPATCH		UNRESOLVED	METHOD_POINTER:UNKNOWN_CLASS_SOURCE:CLASS_NOT_AN_INTERFACE_POINTER	[Add]
Newtonsoft.Json.Serialization.DefaultContractResolver::GetImmutableConstructor	CALL	v324 @ X0_v6	[v502 @ X8_v13 (System.Int32)]	0			RUNTIME_DISPATCH		UNRESOLVED	METHOD_POINTER:UNKNOWN_CLASS_SOURCE:CLASS_NOT_AN_INTERFACE_POINTER	[Add]
Newtonsoft.Json.Serialization.DefaultContractResolver::GetDefaultCreator	TAIL	[v73 @ X8_v10+140]	v69 @ X1_v1	methodInfo @ X2 (Il2CppMethodInfo)			RUNTIME_DISPATCH		UNRESOLVED	METHOD_POINTER:UNKNOWN_CLASS_SOURCE:CLASS_NOT_AN_INTERFACE_POINTER	[Add]
Newtonsoft.Json.Serialization.DefaultContractResolver::CreateShouldSerializeTest	CALL	[v227 @ X8_v22+140]	v225 @ X1_v12	0			RUNTIME_DISPATCH		UNRESOLVED	METHOD_POINTER:UNKNOWN_CLASS_SOURCE:CLASS_NOT_AN_INTERFACE_POINTER	[Add]
Newtonsoft.Json.Serialization.JsonArrayContract::CreateTemporaryCollection	CALL	[v290 @ X8_v30+140]	v288 @ X1_v17	[v275 @ X8_v23 (Il2CppClass<System.Type>)+8D0]			RUNTIME_DISPATCH		UNRESOLVED	METHOD_POINTER:UNKNOWN_CLASS_SOURCE:CLASS_NOT_AN_INTERFACE_POINTER	[Add]
Newtonsoft.Json.Serialization.JsonDictionaryContract::CreateTemporaryDictionary	CALL	[v336 @ X8_v29+140]	v334 @ X1_v19	[v321 @ X8_v22 (Il2CppClass<System.Type>)+8D0]			RUNTIME_DISPATCH		UNRESOLVED	METHOD_POINTER:UNKNOWN_CLASS_SOURCE:CLASS_NOT_AN_INTERFACE_POINTER	[Add]
Newtonsoft.Json.Serialization.JsonObjectContract::get_HasRequiredOrDefaultValueProperties	CALL	v256 @ X0_v29	[v296 @ X23_v8 (System.Int32)]	0			RUNTIME_DISPATCH		UNRESOLVED	METHOD_POINTER:UNKNOWN_CLASS_SOURCE:CLASS_NOT_AN_INTERFACE_POINTER	[Add]
Newtonsoft.Json.Serialization.JsonObjectContract::get_HasRequiredOrDefaultValueProperties	CALL	v256 @ X0_v29	[v294 @ X24_v8 (System.Int32)]	0			RUNTIME_DISPATCH		UNRESOLVED	METHOD_POINTER:UNKNOWN_CLASS_SOURCE:CLASS_NOT_AN_INTERFACE_POINTER	[Add]
Newtonsoft.Json.Serialization.JsonObjectContract::get_HasRequiredOrDefaultValueProperties	CALL	v537 @ X21_v7	[v582 @ X8_v15 (System.Int32)]	0			RUNTIME_DISPATCH		UNRESOLVED	METHOD_POINTER:UNKNOWN_CLASS_SOURCE:CLASS_NOT_AN_INTERFACE_POINTER	[Add]
Newtonsoft.Json.Serialization.JsonPropertyCollection::TryGetProperty	TAIL	this.dict (System.Collections.Generic.Dictionary`2<System.String, Newtonsoft.Json.Serialization.JsonProperty>)	[v50 @ X8_v4 (System.Int32)]	7			RUNTIME_DISPATCH		UNRESOLVED	METHOD_POINTER:UNKNOWN_CLASS_SOURCE:CLASS_NOT_AN_INTERFACE_POINTER	[Add]
Newtonsoft.Json.Serialization.JsonSerializerInternalBase::IsErrorHandled	CALL	this.TraceWriter (Newtonsoft.Json.Serialization.ITraceWriter)	[v77 @ X28_v7 (System.Int32)]	0			RUNTIME_DISPATCH		UNRESOLVED	METHOD_POINTER:UNKNOWN_CLASS_SOURCE:CLASS_NOT_AN_INTERFACE_POINTER	[Add]
Newtonsoft.Json.Serialization.JsonSerializerInternalBase::IsErrorHandled	CALL	v241 @ X24_v8 (Newtonsoft.Json.Serialization.ITraceWriter)	[v77 @ X28_v7 (System.Int32)]	1			RUNTIME_DISPATCH		UNRESOLVED	METHOD_POINTER:UNKNOWN_CLASS_SOURCE:CLASS_NOT_AN_INTERFACE_POINTER	[Add]
Newtonsoft.Json.Serialization.JsonSerializerInternalReader::Populate	CALL	v233 @ X22_v7 (Newtonsoft.Json.Serialization.IContractResolver)	[v373 @ X8_v10 (System.Int32)]	0			RUNTIME_DISPATCH		UNRESOLVED	METHOD_POINTER:UNKNOWN_CLASS_SOURCE:CLASS_NOT_AN_INTERFACE_POINTER	[Add]
Newtonsoft.Json.Serialization.JsonSerializerInternalReader::GetContract	TAIL	v45 @ X20_v3 (Newtonsoft.Json.Serialization.IContractResolver)	[v51 @ X8_v5 (System.Int32)]	0			RUNTIME_DISPATCH		UNRESOLVED	METHOD_POINTER:UNKNOWN_CLASS_SOURCE:CLASS_NOT_AN_INTERFACE_POINTER	[Add]
Newtonsoft.Json.Serialization.JsonSerializerInternalReader::CreateJToken	CALL	v459 @ X23_v9	[v474 @ X8_v15 (System.Int32)]	0			RUNTIME_DISPATCH		UNRESOLVED	METHOD_POINTER:UNKNOWN_CLASS_SOURCE:CLASS_NOT_AN_INTERFACE_POINTER	[Add]
Newtonsoft.Json.Serialization.JsonSerializerInternalReader::CreateJObject	CALL	v405 @ X21_v9	[v411 @ X8_v10 (System.Int32)]	0			RUNTIME_DISPATCH		UNRESOLVED	METHOD_POINTER:UNKNOWN_CLASS_SOURCE:CLASS_NOT_AN_INTERFACE_POINTER	[Add]
Newtonsoft.Json.Serialization.JsonSerializerInternalReader::ReadMetadataPropertiesToken	CALL	this.TraceWriter (Newtonsoft.Json.Serialization.ITraceWriter)	[v251 @ X25_v10 (System.Int32)]	0			RUNTIME_DISPATCH		UNRESOLVED	METHOD_POINTER:UNKNOWN_CLASS_SOURCE:CLASS_NOT_AN_INTERFACE_POINTER	[Add]
Newtonsoft.Json.Serialization.JsonSerializerInternalReader::ReadMetadataPropertiesToken	CALL	v215 @ X0_v99 (Newtonsoft.Json.Serialization.IReferenceResolver)	[v810 @ X8_v48 (System.Int32)]	0			RUNTIME_DISPATCH		UNRESOLVED	METHOD_POINTER:UNKNOWN_CLASS_SOURCE:CLASS_NOT_AN_INTERFACE_POINTER	[Add]
Newtonsoft.Json.Serialization.JsonSerializerInternalReader::ReadMetadataPropertiesToken	CALL	v244 @ X21_v10 (Newtonsoft.Json.Serialization.ITraceWriter)	[v251 @ X25_v10 (System.Int32)]	1			RUNTIME_DISPATCH		UNRESOLVED	METHOD_POINTER:UNKNOWN_CLASS_SOURCE:CLASS_NOT_AN_INTERFACE_POINTER	[Add]
Newtonsoft.Json.Serialization.JsonSerializerInternalReader::ReadMetadataProperties	CALL	v198 @ X0_v90 (Newtonsoft.Json.Serialization.IReferenceResolver)	[v718 @ X8_v35 (System.Int32)]	0			RUNTIME_DISPATCH		UNRESOLVED	METHOD_POINTER:UNKNOWN_CLASS_SOURCE:CLASS_NOT_AN_INTERFACE_POINTER	[Add]
Newtonsoft.Json.Serialization.JsonSerializerInternalReader::ResolveTypeName	CALL	this.TraceWriter (Newtonsoft.Json.Serialization.ITraceWriter)	[v190 @ X28_v14 (System.Int32)]	0			RUNTIME_DISPATCH		UNRESOLVED	METHOD_POINTER:UNKNOWN_CLASS_SOURCE:CLASS_NOT_AN_INTERFACE_POINTER	[Add]
Newtonsoft.Json.Serialization.JsonSerializerInternalReader::ResolveTypeName	CALL	v362._serializationBinder (Newtonsoft.Json.Serialization.ISerializationBinder)	[v401 @ X8_v13 (System.Int32)]	0			RUNTIME_DISPATCH		UNRESOLVED	METHOD_POINTER:UNKNOWN_CLASS_SOURCE:CLASS_NOT_AN_INTERFACE_POINTER	[Add]
Newtonsoft.Json.Serialization.JsonSerializerInternalReader::ResolveTypeName	CALL	v260 @ X25_v16 (Newtonsoft.Json.Serialization.ITraceWriter)	[v190 @ X28_v14 (System.Int32)]	1			RUNTIME_DISPATCH		UNRESOLVED	METHOD_POINTER:UNKNOWN_CLASS_SOURCE:CLASS_NOT_AN_INTERFACE_POINTER	[Add]
Newtonsoft.Json.Serialization.JsonSerializerInternalReader::CreateList	CALL	v598 @ X25_v14 (System.Collections.Generic.List`1<Newtonsoft.Json.Serialization.SerializationCallback>)	[v622 @ X8_v34 (System.Int32)]	0			RUNTIME_DISPATCH		UNRESOLVED	METHOD_POINTER:UNKNOWN_CLASS_SOURCE:CLASS_NOT_AN_INTERFACE_POINTER	[Add]
Newtonsoft.Json.Serialization.JsonSerializerInternalReader::CreateList	CALL	v599 @ X25_v17 (System.Collections.Generic.List`1<Newtonsoft.Json.Serialization.SerializationErrorCallback>)	[v940 @ X8_v42 (System.Int32)]	0			RUNTIME_DISPATCH		UNRESOLVED	METHOD_POINTER:UNKNOWN_CLASS_SOURCE:CLASS_NOT_AN_INTERFACE_POINTER	[Add]
Newtonsoft.Json.Serialization.JsonSerializerInternalReader::CreateList	TAIL	v638 @ X0_v37	[v635 @ X22_v5 (System.Int32)]	0			RUNTIME_DISPATCH		UNRESOLVED	METHOD_POINTER:UNKNOWN_CLASS_SOURCE:CLASS_NOT_AN_INTERFACE_POINTER	[Add]
Newtonsoft.Json.Serialization.JsonSerializerInternalReader::CreateList	CALL	v316 @ X0_v31 (System.Collections.IList)	[v753 @ X20_v15 (System.Int32)]	1			RUNTIME_DISPATCH		UNRESOLVED	METHOD_POINTER:UNKNOWN_CLASS_SOURCE:CLASS_NOT_AN_INTERFACE_POINTER	[Add]
Newtonsoft.Json.Serialization.JsonSerializerInternalReader::CreateList	CALL	v316 @ X0_v31 (System.Collections.IList)	[v753 @ X20_v15 (System.Int32)]	0			RUNTIME_DISPATCH		UNRESOLVED	METHOD_POINTER:UNKNOWN_CLASS_SOURCE:CLASS_NOT_AN_INTERFACE_POINTER	[Add]
Newtonsoft.Json.Serialization.JsonSerializerInternalReader::SetPropertyValue	CALL	this.TraceWriter (Newtonsoft.Json.Serialization.ITraceWriter)	[v424 @ X25_v10 (System.Int32)]	0			RUNTIME_DISPATCH		UNRESOLVED	METHOD_POINTER:UNKNOWN_CLASS_SOURCE:CLASS_NOT_AN_INTERFACE_POINTER	[Add]
Newtonsoft.Json.Serialization.JsonSerializerInternalReader::SetPropertyValue	CALL	v433 @ X24_v14 (Newtonsoft.Json.Serialization.IValueProvider)	[v531 @ X8_v56 (System.Int32)]	1			RUNTIME_DISPATCH		UNRESOLVED	METHOD_POINTER:UNKNOWN_CLASS_SOURCE:CLASS_NOT_AN_INTERFACE_POINTER	[Add]
Newtonsoft.Json.Serialization.JsonSerializerInternalReader::SetPropertyValue	CALL	v429 @ X23_v6 (Newtonsoft.Json.Serialization.IValueProvider)	[v711 @ X8_v11 (System.Int32)]	0			RUNTIME_DISPATCH		UNRESOLVED	METHOD_POINTER:UNKNOWN_CLASS_SOURCE:CLASS_NOT_AN_INTERFACE_POINTER	[Add]
Newtonsoft.Json.Serialization.JsonSerializerInternalReader::SetPropertyValue	CALL	v426 @ X22_v7 (Newtonsoft.Json.Serialization.ITraceWriter)	[v424 @ X25_v10 (System.Int32)]	1			RUNTIME_DISPATCH		UNRESOLVED	METHOD_POINTER:UNKNOWN_CLASS_SOURCE:CLASS_NOT_AN_INTERFACE_POINTER	[Add]
Newtonsoft.Json.Serialization.JsonSerializerInternalReader::CalculatePropertyDetails	CALL	this.TraceWriter (Newtonsoft.Json.Serialization.ITraceWriter)	[v258 @ X23_v9 (System.Int32)]	0			RUNTIME_DISPATCH		UNRESOLVED	METHOD_POINTER:UNKNOWN_CLASS_SOURCE:CLASS_NOT_AN_INTERFACE_POINTER	[Add]
Newtonsoft.Json.Serialization.JsonSerializerInternalReader::CalculatePropertyDetails	CALL	v256 @ X23_v10 (Newtonsoft.Json.Serialization.IValueProvider)	[v707 @ X8_v70 (System.Int32)]	1			RUNTIME_DISPATCH		UNRESOLVED	METHOD_POINTER:UNKNOWN_CLASS_SOURCE:CLASS_NOT_AN_INTERFACE_POINTER	[Add]
Newtonsoft.Json.Serialization.JsonSerializerInternalReader::AddReference	CALL	this.TraceWriter (Newtonsoft.Json.Serialization.ITraceWriter)	[v60 @ X26_v5 (System.Int32)]	0			RUNTIME_DISPATCH		UNRESOLVED	METHOD_POINTER:UNKNOWN_CLASS_SOURCE:CLASS_NOT_AN_INTERFACE_POINTER	[Add]
Newtonsoft.Json.Serialization.JsonSerializerInternalReader::AddReference	CALL	this.TraceWriter (Newtonsoft.Json.Serialization.ITraceWriter)	[v60 @ X26_v5 (System.Int32)]	1			RUNTIME_DISPATCH		UNRESOLVED	METHOD_POINTER:UNKNOWN_CLASS_SOURCE:CLASS_NOT_AN_INTERFACE_POINTER	[Add]
Newtonsoft.Json.Serialization.JsonSerializerInternalReader::AddReference	CALL	v177 @ X0_v5 (Newtonsoft.Json.Serialization.IReferenceResolver)	[v228 @ X8_v5 (System.Int32)]	3			RUNTIME_DISPATCH		UNRESOLVED	METHOD_POINTER:UNKNOWN_CLASS_SOURCE:CLASS_NOT_AN_INTERFACE_POINTER	[Add]
Newtonsoft.Json.Serialization.JsonSerializerInternalReader::OnDeserializing	CALL	this.TraceWriter (Newtonsoft.Json.Serialization.ITraceWriter)	[v60 @ X26_v5 (System.Int32)]	0			RUNTIME_DISPATCH		UNRESOLVED	METHOD_POINTER:UNKNOWN_CLASS_SOURCE:CLASS_NOT_AN_INTERFACE_POINTER	[Add]
Newtonsoft.Json.Serialization.JsonSerializerInternalReader::OnDeserializing	CALL	v156 @ X23_v6 (Newtonsoft.Json.Serialization.ITraceWriter)	[v60 @ X26_v5 (System.Int32)]	1			RUNTIME_DISPATCH		UNRESOLVED	METHOD_POINTER:UNKNOWN_CLASS_SOURCE:CLASS_NOT_AN_INTERFACE_POINTER	[Add]
Newtonsoft.Json.Serialization.JsonSerializerInternalReader::OnDeserialized	CALL	this.TraceWriter (Newtonsoft.Json.Serialization.ITraceWriter)	[v60 @ X26_v5 (System.Int32)]	0			RUNTIME_DISPATCH		UNRESOLVED	METHOD_POINTER:UNKNOWN_CLASS_SOURCE:CLASS_NOT_AN_INTERFACE_POINTER	[Add]
Newtonsoft.Json.Serialization.JsonSerializerInternalReader::OnDeserialized	CALL	v156 @ X23_v6 (Newtonsoft.Json.Serialization.ITraceWriter)	[v60 @ X26_v5 (System.Int32)]	1			RUNTIME_DISPATCH		UNRESOLVED	METHOD_POINTER:UNKNOWN_CLASS_SOURCE:CLASS_NOT_AN_INTERFACE_POINTER	[Add]
Newtonsoft.Json.Serialization.JsonSerializerInternalReader::PopulateDictionary	CALL	v68 @ X0_v3 (System.Int32)	[v41 @ X25_v2 (System.Int32)]	0			RUNTIME_DISPATCH		UNRESOLVED	METHOD_POINTER:UNKNOWN_CLASS_SOURCE:CLASS_NOT_AN_INTERFACE_POINTER	[Add]
Newtonsoft.Json.Serialization.JsonSerializerInternalReader::PopulateDictionary	CALL	dictionary @ X1 (System.Collections.IDictionary)	[v1375 @ X8_v65 (System.Int32)]	1			RUNTIME_DISPATCH		UNRESOLVED	METHOD_POINTER:UNKNOWN_CLASS_SOURCE:CLASS_NOT_AN_INTERFACE_POINTER	[Add]
Newtonsoft.Json.Serialization.JsonSerializerInternalReader::PopulateMultidimensionalArray	CALL	v311 @ X20_v14 (System.Collections.IList)	[v692 @ X8_v37 (System.Int32)]	2			RUNTIME_DISPATCH		UNRESOLVED	METHOD_POINTER:UNKNOWN_CLASS_SOURCE:CLASS_NOT_AN_INTERFACE_POINTER	[Add]
Newtonsoft.Json.Serialization.JsonSerializerInternalReader::PopulateMultidimensionalArray	CALL	v173 @ X20_v2 (System.Collections.IList)	[v695 @ X8_v27 (System.Int32)]	2			RUNTIME_DISPATCH		UNRESOLVED	METHOD_POINTER:UNKNOWN_CLASS_SOURCE:CLASS_NOT_AN_INTERFACE_POINTER	[Add]
Newtonsoft.Json.Serialization.JsonSerializerInternalReader::PopulateList	CALL	list @ X1 (System.Collections.IList)	[v191 @ X25_v4 (System.Int32)]	6			RUNTIME_DISPATCH		UNRESOLVED	METHOD_POINTER:UNKNOWN_CLASS_SOURCE:CLASS_NOT_AN_INTERFACE_POINTER	[Add]
Newtonsoft.Json.Serialization.JsonSerializerInternalReader::PopulateList	CALL	list @ X1 (System.Collections.IList)	[v191 @ X25_v4 (System.Int32)]	2			RUNTIME_DISPATCH		UNRESOLVED	METHOD_POINTER:UNKNOWN_CLASS_SOURCE:CLASS_NOT_AN_INTERFACE_POINTER	[Add]
Newtonsoft.Json.Serialization.JsonSerializerInternalReader::PopulateList	CALL	v66 @ X0_v3	[v41 @ X27_v2 (System.Int32)]	0			RUNTIME_DISPATCH		UNRESOLVED	METHOD_POINTER:UNKNOWN_CLASS_SOURCE:CLASS_NOT_AN_INTERFACE_POINTER	[Add]
Newtonsoft.Json.Serialization.JsonSerializerInternalReader::CreateISerializable	CALL	this.TraceWriter (Newtonsoft.Json.Serialization.ITraceWriter)	[v184 @ X28_v12 (System.Int32)]	0			RUNTIME_DISPATCH		UNRESOLVED	METHOD_POINTER:UNKNOWN_CLASS_SOURCE:CLASS_NOT_AN_INTERFACE_POINTER	[Add]
Newtonsoft.Json.Serialization.JsonSerializerInternalReader::CreateISerializable	CALL	v188 @ X25_v21 (Newtonsoft.Json.Serialization.ITraceWriter)	[v184 @ X28_v12 (System.Int32)]	1			RUNTIME_DISPATCH		UNRESOLVED	METHOD_POINTER:UNKNOWN_CLASS_SOURCE:CLASS_NOT_AN_INTERFACE_POINTER	[Add]
Newtonsoft.Json.Serialization.JsonSerializerInternalReader::CreateDynamic	CALL	v418.dict (System.Collections.Generic.Dictionary`2<System.String, Newtonsoft.Json.Serialization.JsonProperty>)	[v765 @ X8_v76 (System.Int32)]	7			RUNTIME_DISPATCH		UNRESOLVED	METHOD_POINTER:UNKNOWN_CLASS_SOURCE:CLASS_NOT_AN_INTERFACE_POINTER	[Add]
Newtonsoft.Json.Serialization.JsonSerializerInternalReader::CreateObjectUsingCreatorWithParameters	CALL	v456 @ X23_v48 (Newtonsoft.Json.Serialization.ITraceWriter)	[v269 @ X19_v23 (System.Int32)]	0			RUNTIME_DISPATCH		UNRESOLVED	METHOD_POINTER:UNKNOWN_CLASS_SOURCE:CLASS_NOT_AN_INTERFACE_POINTER	[Add]
Newtonsoft.Json.Serialization.JsonSerializerInternalReader::CreateObjectUsingCreatorWithParameters	CALL	v3397 @ X0_v97 (Newtonsoft.Json.Utilities.IWrappedDictionary)	[v3719 @ X8_v111 (System.Int32)]	1			RUNTIME_DISPATCH		UNRESOLVED	METHOD_POINTER:UNKNOWN_CLASS_SOURCE:CLASS_NOT_AN_INTERFACE_POINTER	[Add]
Newtonsoft.Json.Serialization.JsonSerializerInternalReader::CreateObjectUsingCreatorWithParameters	CALL	v308 @ X23_v50 (Newtonsoft.Json.Serialization.ITraceWriter)	[v269 @ X19_v23 (System.Int32)]	1			RUNTIME_DISPATCH		UNRESOLVED	METHOD_POINTER:UNKNOWN_CLASS_SOURCE:CLASS_NOT_AN_INTERFACE_POINTER	[Add]
Newtonsoft.Json.Serialization.JsonSerializerInternalReader::CreateObjectUsingCreatorWithParameters	CALL	v1564 @ X23_v42 (System.Type)	[v1566 @ X8_v258 (System.Int32)]	0			RUNTIME_DISPATCH		UNRESOLVED	METHOD_POINTER:UNKNOWN_CLASS_SOURCE:CLASS_NOT_AN_INTERFACE_POINTER	[Add]
Newtonsoft.Json.Serialization.JsonSerializerInternalReader::CreateObjectUsingCreatorWithParameters	CALL	v575 @ stack_-70_v11 (System.Type)	[v1044 @ X20_v23 (System.Int32)]	0			RUNTIME_DISPATCH		UNRESOLVED	METHOD_POINTER:UNKNOWN_CLASS_SOURCE:CLASS_NOT_AN_INTERFACE_POINTER	[Add]
Newtonsoft.Json.Serialization.JsonSerializerInternalReader::CreateObjectUsingCreatorWithParameters	CALL	v1996 @ X25_v6 (System.Type)	[v2090 @ X8_v265 (System.Int32)]	0			RUNTIME_DISPATCH		UNRESOLVED	METHOD_POINTER:UNKNOWN_CLASS_SOURCE:CLASS_NOT_AN_INTERFACE_POINTER	[Add]
Newtonsoft.Json.Serialization.JsonSerializerInternalReader::CreateObjectUsingCreatorWithParameters	CALL	v1048.<ValueProvider>k__BackingField (Newtonsoft.Json.Serialization.IValueProvider)	[v2967 @ X8_v166 (System.Int32)]	0			RUNTIME_DISPATCH		UNRESOLVED	METHOD_POINTER:UNKNOWN_CLASS_SOURCE:CLASS_NOT_AN_INTERFACE_POINTER	[Add]
Newtonsoft.Json.Serialization.JsonSerializerInternalReader::CreateObjectUsingCreatorWithParameters	CALL	v1033._contractResolver (Newtonsoft.Json.Serialization.IContractResolver)	[v3065 @ X8_v74 (System.Int32)]	0			RUNTIME_DISPATCH		UNRESOLVED	METHOD_POINTER:UNKNOWN_CLASS_SOURCE:CLASS_NOT_AN_INTERFACE_POINTER	[Add]
Newtonsoft.Json.Serialization.JsonSerializerInternalReader::CreateObjectUsingCreatorWithParameters	CALL	v1048.<ValueProvider>k__BackingField (Newtonsoft.Json.Serialization.IValueProvider)	[v3245 @ X8_v132 (System.Int32)]	1			RUNTIME_DISPATCH		UNRESOLVED	METHOD_POINTER:UNKNOWN_CLASS_SOURCE:CLASS_NOT_AN_INTERFACE_POINTER	[Add]
Newtonsoft.Json.Serialization.JsonSerializerInternalReader::CreateObjectUsingCreatorWithParameters	CALL	v2834 @ X28_v20	[v3591 @ X8_v147 (System.Int32)]	0			RUNTIME_DISPATCH		UNRESOLVED	METHOD_POINTER:UNKNOWN_CLASS_SOURCE:CLASS_NOT_AN_INTERFACE_POINTER	[Add]
Newtonsoft.Json.Serialization.JsonSerializerInternalReader::CreateObjectUsingCreatorWithParameters	CALL	v480 @ stack_-A0_v14	[v3753 @ X8_v153 (System.Int32)]	1			RUNTIME_DISPATCH		UNRESOLVED	METHOD_POINTER:UNKNOWN_CLASS_SOURCE:CLASS_NOT_AN_INTERFACE_POINTER	[Add]
Newtonsoft.Json.Serialization.JsonSerializerInternalReader::CreateObjectUsingCreatorWithParameters	CALL	v3432 @ X0_v150 (Newtonsoft.Json.Utilities.IWrappedCollection)	[v1056 @ X21_v26 (System.Int32)]	2			RUNTIME_DISPATCH		UNRESOLVED	METHOD_POINTER:UNKNOWN_CLASS_SOURCE:CLASS_NOT_AN_INTERFACE_POINTER	[Add]
Newtonsoft.Json.Serialization.JsonSerializerInternalReader::CreateObjectUsingCreatorWithParameters	CALL	v1048.<ValueProvider>k__BackingField (Newtonsoft.Json.Serialization.IValueProvider)	[v3251 @ X8_v89 (System.Int32)]	1			RUNTIME_DISPATCH		UNRESOLVED	METHOD_POINTER:UNKNOWN_CLASS_SOURCE:CLASS_NOT_AN_INTERFACE_POINTER	[Add]
Newtonsoft.Json.Serialization.JsonSerializerInternalReader::CreateObjectUsingCreatorWithParameters	CALL	v477 @ stack_-B0_v12	[v3466 @ X8_v103 (System.Int32)]	0			RUNTIME_DISPATCH		UNRESOLVED	METHOD_POINTER:UNKNOWN_CLASS_SOURCE:CLASS_NOT_AN_INTERFACE_POINTER	[Add]
Newtonsoft.Json.Serialization.JsonSerializerInternalReader::CreateObjectUsingCreatorWithParameters	CALL	v477 @ stack_-B0_v12	[v1057 @ X21_v22 (System.Int32)]	2			RUNTIME_DISPATCH		UNRESOLVED	METHOD_POINTER:UNKNOWN_CLASS_SOURCE:CLASS_NOT_AN_INTERFACE_POINTER	[Add]
Newtonsoft.Json.Serialization.JsonSerializerInternalReader::DeserializeConvertable	CALL	this.TraceWriter (Newtonsoft.Json.Serialization.ITraceWriter)	[v60 @ X27_v2 (System.Int32)]	0			RUNTIME_DISPATCH		UNRESOLVED	METHOD_POINTER:UNKNOWN_CLASS_SOURCE:CLASS_NOT_AN_INTERFACE_POINTER	[Add]
Newtonsoft.Json.Serialization.JsonSerializerInternalReader::DeserializeConvertable	CALL	v401 @ X24_v18 (Newtonsoft.Json.Serialization.ITraceWriter)	[v60 @ X27_v2 (System.Int32)]	1			RUNTIME_DISPATCH		UNRESOLVED	METHOD_POINTER:UNKNOWN_CLASS_SOURCE:CLASS_NOT_AN_INTERFACE_POINTER	[Add]
Newtonsoft.Json.Serialization.JsonSerializerInternalReader::DeserializeConvertable	CALL	this.TraceWriter (Newtonsoft.Json.Serialization.ITraceWriter)	[v60 @ X27_v2 (System.Int32)]	0			RUNTIME_DISPATCH		UNRESOLVED	METHOD_POINTER:UNKNOWN_CLASS_SOURCE:CLASS_NOT_AN_INTERFACE_POINTER	[Add]
Newtonsoft.Json.Serialization.JsonSerializerInternalReader::DeserializeConvertable	CALL	v482 @ X22_v5 (Newtonsoft.Json.Serialization.ITraceWriter)	[v60 @ X27_v2 (System.Int32)]	1			RUNTIME_DISPATCH		UNRESOLVED	METHOD_POINTER:UNKNOWN_CLASS_SOURCE:CLASS_NOT_AN_INTERFACE_POINTER	[Add]
Newtonsoft.Json.Serialization.JsonSerializerInternalReader::ResolvePropertyAndCreatorValues	CALL	v861.TraceWriter (Newtonsoft.Json.Serialization.ITraceWriter)	[v1150 @ X8_v86 (System.Int32)]	0			RUNTIME_DISPATCH		UNRESOLVED	METHOD_POINTER:UNKNOWN_CLASS_SOURCE:CLASS_NOT_AN_INTERFACE_POINTER	[Add]
Newtonsoft.Json.Serialization.JsonSerializerInternalReader::ResolvePropertyAndCreatorValues	CALL	v290 @ X22_v23 (Newtonsoft.Json.Serialization.ITraceWriter)	[v1466 @ X8_v101 (System.Int32)]	1			RUNTIME_DISPATCH		UNRESOLVED	METHOD_POINTER:UNKNOWN_CLASS_SOURCE:CLASS_NOT_AN_INTERFACE_POINTER	[Add]
Newtonsoft.Json.Serialization.JsonSerializerInternalReader::PopulateObject	CALL	v648.dict (System.Collections.Generic.Dictionary`2<System.String, Newtonsoft.Json.Serialization.JsonProperty>)	[v1196 @ X8_v141 (System.Int32)]	7			RUNTIME_DISPATCH		UNRESOLVED	METHOD_POINTER:UNKNOWN_CLASS_SOURCE:CLASS_NOT_AN_INTERFACE_POINTER	[Add]
Newtonsoft.Json.Serialization.JsonSerializerInternalReader::PopulateObject	CALL	this.TraceWriter (Newtonsoft.Json.Serialization.ITraceWriter)	[v1411 @ X8_v52 (System.Int32)]	0			RUNTIME_DISPATCH		UNRESOLVED	METHOD_POINTER:UNKNOWN_CLASS_SOURCE:CLASS_NOT_AN_INTERFACE_POINTER	[Add]
Newtonsoft.Json.Serialization.JsonSerializerInternalReader::PopulateObject	CALL	this.TraceWriter (Newtonsoft.Json.Serialization.ITraceWriter)	[v2021 @ X8_v68 (System.Int32)]	1			RUNTIME_DISPATCH		UNRESOLVED	METHOD_POINTER:UNKNOWN_CLASS_SOURCE:CLASS_NOT_AN_INTERFACE_POINTER	[Add]
Newtonsoft.Json.Serialization.JsonSerializerInternalReader::PopulateObject	CALL	v876._contractResolver (Newtonsoft.Json.Serialization.IContractResolver)	[v1965 @ X8_v133 (System.Int32)]	0			RUNTIME_DISPATCH		UNRESOLVED	METHOD_POINTER:UNKNOWN_CLASS_SOURCE:CLASS_NOT_AN_INTERFACE_POINTER	[Add]
Newtonsoft.Json.Serialization.JsonSerializerInternalReader::ShouldDeserialize	CALL	this.TraceWriter (Newtonsoft.Json.Serialization.ITraceWriter)	[v108 @ X25_v5 (System.Int32)]	0			RUNTIME_DISPATCH		UNRESOLVED	METHOD_POINTER:UNKNOWN_CLASS_SOURCE:CLASS_NOT_AN_INTERFACE_POINTER	[Add]
Newtonsoft.Json.Serialization.JsonSerializerInternalReader::ShouldDeserialize	CALL	v132 @ X21_v5 (Newtonsoft.Json.Serialization.ITraceWriter)	[v108 @ X25_v5 (System.Int32)]	1			RUNTIME_DISPATCH		UNRESOLVED	METHOD_POINTER:UNKNOWN_CLASS_SOURCE:CLASS_NOT_AN_INTERFACE_POINTER	[Add]
Newtonsoft.Json.Serialization.JsonSerializerInternalWriter::GetContract	TAIL	v53 @ X19_v3 (Newtonsoft.Json.Serialization.IContractResolver)	[v121 @ X8_v5 (System.Int32)]	0			RUNTIME_DISPATCH		UNRESOLVED	METHOD_POINTER:UNKNOWN_CLASS_SOURCE:CLASS_NOT_AN_INTERFACE_POINTER	[Add]
Newtonsoft.Json.Serialization.JsonSerializerInternalWriter::ShouldWriteReference	CALL	v150 @ X0_v10 (Newtonsoft.Json.Serialization.IReferenceResolver)	[v312 @ X8_v15 (System.Int32)]	2			RUNTIME_DISPATCH		UNRESOLVED	METHOD_POINTER:UNKNOWN_CLASS_SOURCE:CLASS_NOT_AN_INTERFACE_POINTER	[Add]
Newtonsoft.Json.Serialization.JsonSerializerInternalWriter::WriteReference	CALL	this.TraceWriter (Newtonsoft.Json.Serialization.ITraceWriter)	[v67 @ X25_v5 (System.Int32)]	0			RUNTIME_DISPATCH		UNRESOLVED	METHOD_POINTER:UNKNOWN_CLASS_SOURCE:CLASS_NOT_AN_INTERFACE_POINTER	[Add]
Newtonsoft.Json.Serialization.JsonSerializerInternalWriter::WriteReference	CALL	v163 @ X22_v5 (Newtonsoft.Json.Serialization.ITraceWriter)	[v67 @ X25_v5 (System.Int32)]	1			RUNTIME_DISPATCH		UNRESOLVED	METHOD_POINTER:UNKNOWN_CLASS_SOURCE:CLASS_NOT_AN_INTERFACE_POINTER	[Add]
Newtonsoft.Json.Serialization.JsonSerializerInternalWriter::GetReference	CALL	v47 @ X0_v9 (Newtonsoft.Json.Serialization.IReferenceResolver)	[v52 @ X8_v4 (System.Int32)]	1			RUNTIME_DISPATCH		UNRESOLVED	METHOD_POINTER:UNKNOWN_CLASS_SOURCE:CLASS_NOT_AN_INTERFACE_POINTER	[Add]
Newtonsoft.Json.Serialization.JsonSerializerInternalWriter::OnSerializing	CALL	this.TraceWriter (Newtonsoft.Json.Serialization.ITraceWriter)	[v60 @ X25_v5 (System.Int32)]	0			RUNTIME_DISPATCH		UNRESOLVED	METHOD_POINTER:UNKNOWN_CLASS_SOURCE:CLASS_NOT_AN_INTERFACE_POINTER	[Add]
Newtonsoft.Json.Serialization.JsonSerializerInternalWriter::OnSerializing	CALL	v154 @ X22_v6 (Newtonsoft.Json.Serialization.ITraceWriter)	[v60 @ X25_v5 (System.Int32)]	1			RUNTIME_DISPATCH		UNRESOLVED	METHOD_POINTER:UNKNOWN_CLASS_SOURCE:CLASS_NOT_AN_INTERFACE_POINTER	[Add]
Newtonsoft.Json.Serialization.JsonSerializerInternalWriter::OnSerialized	CALL	this.TraceWriter (Newtonsoft.Json.Serialization.ITraceWriter)	[v60 @ X25_v5 (System.Int32)]	0			RUNTIME_DISPATCH		UNRESOLVED	METHOD_POINTER:UNKNOWN_CLASS_SOURCE:CLASS_NOT_AN_INTERFACE_POINTER	[Add]
Newtonsoft.Json.Serialization.JsonSerializerInternalWriter::OnSerialized	CALL	v154 @ X22_v6 (Newtonsoft.Json.Serialization.ITraceWriter)	[v60 @ X25_v5 (System.Int32)]	1			RUNTIME_DISPATCH		UNRESOLVED	METHOD_POINTER:UNKNOWN_CLASS_SOURCE:CLASS_NOT_AN_INTERFACE_POINTER	[Add]
Newtonsoft.Json.Serialization.JsonSerializerInternalWriter::SerializeObject	CALL	v526 @ X0_v46	[v557 @ X8_v30 (System.Int32)]	0			RUNTIME_DISPATCH		UNRESOLVED	METHOD_POINTER:UNKNOWN_CLASS_SOURCE:CLASS_NOT_AN_INTERFACE_POINTER	[Add]
Newtonsoft.Json.Serialization.JsonSerializerInternalWriter::SerializeObject	CALL	v858 @ X24_v14	[v259 @ X28_v12 (System.Int32)]	0			RUNTIME_DISPATCH		UNRESOLVED	METHOD_POINTER:UNKNOWN_CLASS_SOURCE:CLASS_NOT_AN_INTERFACE_POINTER	[Add]
Newtonsoft.Json.Serialization.JsonSerializerInternalWriter::SerializeObject	CALL	v246 @ stack_-78_v10	[v924 @ X8_v41 (System.Int32)]	0			RUNTIME_DISPATCH		UNRESOLVED	METHOD_POINTER:UNKNOWN_CLASS_SOURCE:CLASS_NOT_AN_INTERFACE_POINTER	[Add]
Newtonsoft.Json.Serialization.JsonSerializerInternalWriter::SerializeObject	CALL	[v600 @ X8_v39]	[v609 @ X8_v18 (System.Int32)]	0			RUNTIME_DISPATCH		UNRESOLVED	METHOD_POINTER:UNKNOWN_CLASS_SOURCE:CLASS_NOT_AN_INTERFACE_POINTER	[Add]
Newtonsoft.Json.Serialization.JsonSerializerInternalWriter::CalculatePropertyValues	CALL	v127 @ X28_v8 (Newtonsoft.Json.Serialization.IContractResolver)	[v539 @ X8_v32 (System.Int32)]	0			RUNTIME_DISPATCH		UNRESOLVED	METHOD_POINTER:UNKNOWN_CLASS_SOURCE:CLASS_NOT_AN_INTERFACE_POINTER	[Add]
Newtonsoft.Json.Serialization.JsonSerializerInternalWriter::CalculatePropertyValues	CALL	v128 @ X28_v7 (Newtonsoft.Json.Serialization.IValueProvider)	[v512 @ X8_v12 (System.Int32)]	1			RUNTIME_DISPATCH		UNRESOLVED	METHOD_POINTER:UNKNOWN_CLASS_SOURCE:CLASS_NOT_AN_INTERFACE_POINTER	[Add]
Newtonsoft.Json.Serialization.JsonSerializerInternalWriter::WriteReferenceIdProperty	CALL	this.TraceWriter (Newtonsoft.Json.Serialization.ITraceWriter)	[v64 @ X24_v5 (System.Int32)]	0			RUNTIME_DISPATCH		UNRESOLVED	METHOD_POINTER:UNKNOWN_CLASS_SOURCE:CLASS_NOT_AN_INTERFACE_POINTER	[Add]
Newtonsoft.Json.Serialization.JsonSerializerInternalWriter::WriteReferenceIdProperty	CALL	v158 @ X22_v5 (Newtonsoft.Json.Serialization.ITraceWriter)	[v64 @ X24_v5 (System.Int32)]	1			RUNTIME_DISPATCH		UNRESOLVED	METHOD_POINTER:UNKNOWN_CLASS_SOURCE:CLASS_NOT_AN_INTERFACE_POINTER	[Add]
Newtonsoft.Json.Serialization.JsonSerializerInternalWriter::WriteTypeProperty	CALL	this.TraceWriter (Newtonsoft.Json.Serialization.ITraceWriter)	[v114 @ X24_v5 (System.Int32)]	0			RUNTIME_DISPATCH		UNRESOLVED	METHOD_POINTER:UNKNOWN_CLASS_SOURCE:CLASS_NOT_AN_INTERFACE_POINTER	[Add]
Newtonsoft.Json.Serialization.JsonSerializerInternalWriter::WriteTypeProperty	CALL	v151 @ X22_v5 (Newtonsoft.Json.Serialization.ITraceWriter)	[v114 @ X24_v5 (System.Int32)]	1			RUNTIME_DISPATCH		UNRESOLVED	METHOD_POINTER:UNKNOWN_CLASS_SOURCE:CLASS_NOT_AN_INTERFACE_POINTER	[Add]
Newtonsoft.Json.Serialization.JsonSerializerInternalWriter::SerializeConvertable	CALL	v350 @ X23_v17 (Newtonsoft.Json.Serialization.ITraceWriter)	[v284 @ X27_v6 (System.Int32)]	0			RUNTIME_DISPATCH		UNRESOLVED	METHOD_POINTER:UNKNOWN_CLASS_SOURCE:CLASS_NOT_AN_INTERFACE_POINTER	[Add]
Newtonsoft.Json.Serialization.JsonSerializerInternalWriter::SerializeConvertable	CALL	this.TraceWriter (Newtonsoft.Json.Serialization.ITraceWriter)	[v342 @ X25_v8 (System.Int32)]	0			RUNTIME_DISPATCH		UNRESOLVED	METHOD_POINTER:UNKNOWN_CLASS_SOURCE:CLASS_NOT_AN_INTERFACE_POINTER	[Add]
Newtonsoft.Json.Serialization.JsonSerializerInternalWriter::SerializeConvertable	CALL	v351 @ X23_v18 (Newtonsoft.Json.Serialization.ITraceWriter)	[v284 @ X27_v6 (System.Int32)]	1			RUNTIME_DISPATCH		UNRESOLVED	METHOD_POINTER:UNKNOWN_CLASS_SOURCE:CLASS_NOT_AN_INTERFACE_POINTER	[Add]
Newtonsoft.Json.Serialization.JsonSerializerInternalWriter::SerializeConvertable	CALL	v355 @ X23_v10 (Newtonsoft.Json.Serialization.ITraceWriter)	[v342 @ X25_v8 (System.Int32)]	1			RUNTIME_DISPATCH		UNRESOLVED	METHOD_POINTER:UNKNOWN_CLASS_SOURCE:CLASS_NOT_AN_INTERFACE_POINTER	[Add]
Newtonsoft.Json.Serialization.JsonSerializerInternalWriter::SerializeList	CALL	v68 @ X0_v3	[v43 @ X28_v2 (System.Int32)]	0			RUNTIME_DISPATCH		UNRESOLVED	METHOD_POINTER:UNKNOWN_CLASS_SOURCE:CLASS_NOT_AN_INTERFACE_POINTER	[Add]
Newtonsoft.Json.Serialization.JsonSerializerInternalWriter::SerializeList	CALL	values @ X2 (System.Collections.IEnumerable)	[v543 @ X8_v29 (System.Int32)]	0			RUNTIME_DISPATCH		UNRESOLVED	METHOD_POINTER:UNKNOWN_CLASS_SOURCE:CLASS_NOT_AN_INTERFACE_POINTER	[Add]
Newtonsoft.Json.Serialization.JsonSerializerInternalWriter::SerializeList	CALL	v600 @ X26_v12	[v517 @ X25_v11 (System.Int32)]	0			RUNTIME_DISPATCH		UNRESOLVED	METHOD_POINTER:UNKNOWN_CLASS_SOURCE:CLASS_NOT_AN_INTERFACE_POINTER	[Add]
Newtonsoft.Json.Serialization.JsonSerializerInternalWriter::SerializeList	CALL	v447 @ stack_-68_v8	[v517 @ X25_v11 (System.Int32)]	1			RUNTIME_DISPATCH		UNRESOLVED	METHOD_POINTER:UNKNOWN_CLASS_SOURCE:CLASS_NOT_AN_INTERFACE_POINTER	[Add]
Newtonsoft.Json.Serialization.JsonSerializerInternalWriter::SerializeList	CALL	v607 @ X0_v9	[v291 @ X26_v4 (System.Int32)]	0			RUNTIME_DISPATCH		UNRESOLVED	METHOD_POINTER:UNKNOWN_CLASS_SOURCE:CLASS_NOT_AN_INTERFACE_POINTER	[Add]
Newtonsoft.Json.Serialization.JsonSerializerInternalWriter::WriteStartArray	CALL	v220 @ X20_v4 (Newtonsoft.Json.Serialization.IContractResolver)	[v420 @ X8_v10 (System.Int32)]	0			RUNTIME_DISPATCH		UNRESOLVED	METHOD_POINTER:UNKNOWN_CLASS_SOURCE:CLASS_NOT_AN_INTERFACE_POINTER	[Add]
Newtonsoft.Json.Serialization.JsonSerializerInternalWriter::SerializeISerializable	CALL	v272 @ X20_v3 (System.Runtime.Serialization.ISerializable)	[v455 @ X9_v4 (System.Int32)]	0			RUNTIME_DISPATCH		UNRESOLVED	METHOD_POINTER:UNKNOWN_CLASS_SOURCE:CLASS_NOT_AN_INTERFACE_POINTER	[Add]
Newtonsoft.Json.Serialization.JsonSerializerInternalWriter::SerializeDynamic	CALL	v223 @ X0_v44 (System.Collections.Generic.IEnumerable`1<System.String>)	[v119 @ X28_v8 (System.Int32)]	0			RUNTIME_DISPATCH		UNRESOLVED	METHOD_POINTER:UNKNOWN_CLASS_SOURCE:CLASS_NOT_AN_INTERFACE_POINTER	[Add]
Newtonsoft.Json.Serialization.JsonSerializerInternalWriter::SerializeDynamic	CALL	v885 @ X24_v15	[v887 @ X8_v35 (System.Int32)]	0			RUNTIME_DISPATCH		UNRESOLVED	METHOD_POINTER:UNKNOWN_CLASS_SOURCE:CLASS_NOT_AN_INTERFACE_POINTER	[Add]
Newtonsoft.Json.Serialization.JsonSerializerInternalWriter::SerializeDynamic	CALL	v261 @ stack_-78_v8	[v956 @ X8_v41 (System.Int32)]	0			RUNTIME_DISPATCH		UNRESOLVED	METHOD_POINTER:UNKNOWN_CLASS_SOURCE:CLASS_NOT_AN_INTERFACE_POINTER	[Add]
Newtonsoft.Json.Serialization.JsonSerializerInternalWriter::SerializeDynamic	CALL	v539 @ X23_v8	[v545 @ X8_v18 (System.Int32)]	0			RUNTIME_DISPATCH		UNRESOLVED	METHOD_POINTER:UNKNOWN_CLASS_SOURCE:CLASS_NOT_AN_INTERFACE_POINTER	[Add]
Newtonsoft.Json.Serialization.JsonSerializerInternalWriter::SerializeDictionary	CALL	v70 @ X0_v3	[v43 @ X22_v2 (System.Int32)]	0			RUNTIME_DISPATCH		UNRESOLVED	METHOD_POINTER:UNKNOWN_CLASS_SOURCE:CLASS_NOT_AN_INTERFACE_POINTER	[Add]
Newtonsoft.Json.Serialization.JsonSerializerInternalWriter::SerializeDictionary	CALL	v370._contractResolver (Newtonsoft.Json.Serialization.IContractResolver)	[v740 @ X8_v68 (System.Int32)]	0			RUNTIME_DISPATCH		UNRESOLVED	METHOD_POINTER:UNKNOWN_CLASS_SOURCE:CLASS_NOT_AN_INTERFACE_POINTER	[Add]
Newtonsoft.Json.Serialization.JsonSerializerInternalWriter::SerializeDictionary	CALL	v371._contractResolver (Newtonsoft.Json.Serialization.IContractResolver)	[v817 @ X8_v55 (System.Int32)]	0			RUNTIME_DISPATCH		UNRESOLVED	METHOD_POINTER:UNKNOWN_CLASS_SOURCE:CLASS_NOT_AN_INTERFACE_POINTER	[Add]
Newtonsoft.Json.Serialization.JsonSerializerInternalWriter::SerializeDictionary	CALL	values @ X2 (System.Collections.IDictionary)	[v808 @ X8_v30 (System.Int32)]	8			RUNTIME_DISPATCH		UNRESOLVED	METHOD_POINTER:UNKNOWN_CLASS_SOURCE:CLASS_NOT_AN_INTERFACE_POINTER	[Add]
Newtonsoft.Json.Serialization.JsonSerializerInternalWriter::SerializeDictionary	CALL	v593 @ X27_v11 (System.Collections.IDictionary)	[v596 @ X26_v10 (System.Int32)]	0			RUNTIME_DISPATCH		UNRESOLVED	METHOD_POINTER:UNKNOWN_CLASS_SOURCE:CLASS_NOT_AN_INTERFACE_POINTER	[Add]
Newtonsoft.Json.Serialization.JsonSerializerInternalWriter::SerializeDictionary	CALL	v548 @ stack_-68_v7 (System.Collections.IDictionary)	[v1087 @ X22_v11 (System.Int32)]	2			RUNTIME_DISPATCH		UNRESOLVED	METHOD_POINTER:UNKNOWN_CLASS_SOURCE:CLASS_NOT_AN_INTERFACE_POINTER	[Add]
Newtonsoft.Json.Serialization.JsonSerializerInternalWriter::SerializeDictionary	CALL	v602 @ X0_v9	[v400 @ X24_v4 (System.Int32)]	0			RUNTIME_DISPATCH		UNRESOLVED	METHOD_POINTER:UNKNOWN_CLASS_SOURCE:CLASS_NOT_AN_INTERFACE_POINTER	[Add]
Newtonsoft.Json.Serialization.JsonSerializerInternalWriter::ShouldSerialize	CALL	this.TraceWriter (Newtonsoft.Json.Serialization.ITraceWriter)	[v108 @ X25_v5 (System.Int32)]	0			RUNTIME_DISPATCH		UNRESOLVED	METHOD_POINTER:UNKNOWN_CLASS_SOURCE:CLASS_NOT_AN_INTERFACE_POINTER	[Add]
Newtonsoft.Json.Serialization.JsonSerializerInternalWriter::ShouldSerialize	CALL	v131 @ X21_v5 (Newtonsoft.Json.Serialization.ITraceWriter)	[v108 @ X25_v5 (System.Int32)]	1			RUNTIME_DISPATCH		UNRESOLVED	METHOD_POINTER:UNKNOWN_CLASS_SOURCE:CLASS_NOT_AN_INTERFACE_POINTER	[Add]
Newtonsoft.Json.Serialization.JsonSerializerInternalWriter::IsSpecified	CALL	this.TraceWriter (Newtonsoft.Json.Serialization.ITraceWriter)	[v108 @ X25_v5 (System.Int32)]	0			RUNTIME_DISPATCH		UNRESOLVED	METHOD_POINTER:UNKNOWN_CLASS_SOURCE:CLASS_NOT_AN_INTERFACE_POINTER	[Add]
Newtonsoft.Json.Serialization.JsonSerializerInternalWriter::IsSpecified	CALL	v131 @ X21_v5 (Newtonsoft.Json.Serialization.ITraceWriter)	[v108 @ X25_v5 (System.Int32)]	1			RUNTIME_DISPATCH		UNRESOLVED	METHOD_POINTER:UNKNOWN_CLASS_SOURCE:CLASS_NOT_AN_INTERFACE_POINTER	[Add]
Newtonsoft.Json.Serialization.JsonTypeReflector::GetCreator	CALL	[v261 @ X8_v24+140]	v259 @ X1_v7	v67 @ X2_v4			RUNTIME_DISPATCH		UNRESOLVED	METHOD_POINTER:UNKNOWN_CLASS_SOURCE:CLASS_NOT_AN_INTERFACE_POINTER	[Add]
Newtonsoft.Json.Serialization.TraceJsonReader::Newtonsoft.Json.IJsonLineInfo.HasLineInfo	TAIL	returnVal1 @ X0_v3 (System.Boolean)	[v19 @ X20_v2 (System.Int32)]	0			RUNTIME_DISPATCH		UNRESOLVED	METHOD_POINTER:UNKNOWN_CLASS_SOURCE:CLASS_NOT_AN_INTERFACE_POINTER	[Add]
Newtonsoft.Json.Serialization.TraceJsonReader::Newtonsoft.Json.IJsonLineInfo.get_LineNumber	TAIL	returnVal1 @ X0_v3 (System.Int32)	[v19 @ X20_v2 (System.Int32)]	1			RUNTIME_DISPATCH		UNRESOLVED	METHOD_POINTER:UNKNOWN_CLASS_SOURCE:CLASS_NOT_AN_INTERFACE_POINTER	[Add]
Newtonsoft.Json.Serialization.TraceJsonReader::Newtonsoft.Json.IJsonLineInfo.get_LinePosition	TAIL	returnVal1 @ X0_v3 (System.Int32)	[v19 @ X20_v2 (System.Int32)]	2			RUNTIME_DISPATCH		UNRESOLVED	METHOD_POINTER:UNKNOWN_CLASS_SOURCE:CLASS_NOT_AN_INTERFACE_POINTER	[Add]
Newtonsoft.Json.Linq.JContainer::.ctor	CALL	other @ X1 (Newtonsoft.Json.Linq.JContainer)	[v146 @ X8_v23 (System.Int32)]	0			RUNTIME_DISPATCH		UNRESOLVED	METHOD_POINTER:UNKNOWN_CLASS_SOURCE:CLASS_NOT_AN_INTERFACE_POINTER	[Add]
Newtonsoft.Json.Linq.JContainer::.ctor	CALL	v402 @ X22_v16	[v393 @ X23_v16 (System.Int32)]	0			RUNTIME_DISPATCH		UNRESOLVED	METHOD_POINTER:UNKNOWN_CLASS_SOURCE:CLASS_NOT_AN_INTERFACE_POINTER	[Add]
Newtonsoft.Json.Linq.JContainer::.ctor	CALL	v439 @ X0_v54	[v345 @ X24_v10 (System.Int32)]	0			RUNTIME_DISPATCH		UNRESOLVED	METHOD_POINTER:UNKNOWN_CLASS_SOURCE:CLASS_NOT_AN_INTERFACE_POINTER	[Add]
Newtonsoft.Json.Linq.JContainer::.ctor	CALL	v223 @ X20_v7 (System.Boolean)	[v685 @ X8_v19 (System.Int32)]	0			RUNTIME_DISPATCH		UNRESOLVED	METHOD_POINTER:UNKNOWN_CLASS_SOURCE:CLASS_NOT_AN_INTERFACE_POINTER	[Add]
Newtonsoft.Json.Linq.JContainer::get_HasValues	CALL	v42 @ X0_v3 (System.Collections.Generic.IList`1<Newtonsoft.Json.Linq.JToken>)	[v46 @ X8_v5 (System.Int32)]	0			RUNTIME_DISPATCH		UNRESOLVED	METHOD_POINTER:UNKNOWN_CLASS_SOURCE:CLASS_NOT_AN_INTERFACE_POINTER	[Add]
Newtonsoft.Json.Linq.JContainer::get_First	CALL	v43 @ X0_v3 (System.Collections.Generic.IList`1<Newtonsoft.Json.Linq.JToken>)	[v49 @ X8_v5 (System.Int32)]	0			RUNTIME_DISPATCH		UNRESOLVED	METHOD_POINTER:UNKNOWN_CLASS_SOURCE:CLASS_NOT_AN_INTERFACE_POINTER	[Add]
Newtonsoft.Json.Linq.JContainer::get_First	TAIL	v43 @ X0_v3 (System.Collections.Generic.IList`1<Newtonsoft.Json.Linq.JToken>)	[v257 @ X8_v10 (System.Int32)]	0			RUNTIME_DISPATCH		UNRESOLVED	METHOD_POINTER:UNKNOWN_CLASS_SOURCE:CLASS_NOT_AN_INTERFACE_POINTER	[Add]
Newtonsoft.Json.Linq.JContainer::get_Last	CALL	v43 @ X0_v3 (System.Collections.Generic.IList`1<Newtonsoft.Json.Linq.JToken>)	[v49 @ X8_v5 (System.Int32)]	0			RUNTIME_DISPATCH		UNRESOLVED	METHOD_POINTER:UNKNOWN_CLASS_SOURCE:CLASS_NOT_AN_INTERFACE_POINTER	[Add]
Newtonsoft.Json.Linq.JContainer::get_Last	TAIL	v43 @ X0_v3 (System.Collections.Generic.IList`1<Newtonsoft.Json.Linq.JToken>)	[v260 @ X8_v10 (System.Int32)]	0			RUNTIME_DISPATCH		UNRESOLVED	METHOD_POINTER:UNKNOWN_CLASS_SOURCE:CLASS_NOT_AN_INTERFACE_POINTER	[Add]
Newtonsoft.Json.Linq.JContainer::InsertItem	CALL	v59 @ X0_v3 (System.Collections.Generic.IList`1<Newtonsoft.Json.Linq.JToken>)	[v66 @ X26_v3 (System.Int32)]	0			RUNTIME_DISPATCH		UNRESOLVED	METHOD_POINTER:UNKNOWN_CLASS_SOURCE:CLASS_NOT_AN_INTERFACE_POINTER	[Add]
Newtonsoft.Json.Linq.JContainer::InsertItem	CALL	v59 @ X0_v3 (System.Collections.Generic.IList`1<Newtonsoft.Json.Linq.JToken>)	v484 @ X1_v28	0			RUNTIME_DISPATCH		UNRESOLVED	METHOD_POINTER:UNKNOWN_CLASS_SOURCE:CLASS_NOT_AN_INTERFACE_POINTER	{[Add] | {[Add] | [Add]} | [Add]}
Newtonsoft.Json.Linq.JContainer::InsertItem	CALL	v59 @ X0_v3 (System.Collections.Generic.IList`1<Newtonsoft.Json.Linq.JToken>)	[v621 @ X25_v5 (System.Int32)]	0			RUNTIME_DISPATCH		UNRESOLVED	METHOD_POINTER:UNKNOWN_CLASS_SOURCE:CLASS_NOT_AN_INTERFACE_POINTER	[{Add | {{Add | DEFINED_5_TIMES} | {Add | DEFINED_5_TIMES} | {Add | DEFINED_5_TIMES} | {Add | DEFINED_5_TIMES} | {Add | DEFINED_5_TIMES}}}]
Newtonsoft.Json.Linq.JContainer::InsertItem	CALL	v59 @ X0_v3 (System.Collections.Generic.IList`1<Newtonsoft.Json.Linq.JToken>)	[v621 @ X25_v5 (System.Int32)]	0			RUNTIME_DISPATCH		UNRESOLVED	METHOD_POINTER:UNKNOWN_CLASS_SOURCE:CLASS_NOT_AN_INTERFACE_POINTER	[{Add | {{Add | DEFINED_5_TIMES} | {Add | DEFINED_5_TIMES} | {Add | DEFINED_5_TIMES} | {Add | DEFINED_5_TIMES} | {Add | DEFINED_5_TIMES}}}]
Newtonsoft.Json.Linq.JContainer::InsertItem	CALL	v59 @ X0_v3 (System.Collections.Generic.IList`1<Newtonsoft.Json.Linq.JToken>)	[v80 @ X25_v2 (System.Int32)]	3			RUNTIME_DISPATCH		UNRESOLVED	METHOD_POINTER:UNKNOWN_CLASS_SOURCE:CLASS_NOT_AN_INTERFACE_POINTER	[{{Add | {DEFINED_2_TIMES | DEFINED_2_TIMES | DEFINED_2_TIMES | DEFINED_2_TIMES | DEFINED_2_TIMES}} | {Add | {DEFINED_2_TIMES | DEFINED_2_TIMES | DEFINED_2_TIMES | DEFINED_2_TIMES | DEFINED_2_TIMES}} | {Add | {DEFINED_2_TIMES | DEFINED_2_TIMES | DEFINED_2_TIMES | DEFINED_2_TIMES | DEFINED_2_TIMES}} | {Add | {DEFINED_2_TIMES | DEFINED_2_TIMES | DEFINED_2_TIMES | DEFINED_2_TIMES | DEFINED_2_TIMES}} | {Add | {DEFINED_2_TIMES | DEFINED_2_TIMES | DEFINED_2_TIMES | DEFINED_2_TIMES | DEFINED_2_TIMES}}}]
Newtonsoft.Json.Linq.JContainer::RemoveItemAt	CALL	v56 @ X0_v3 (System.Collections.Generic.IList`1<Newtonsoft.Json.Linq.JToken>)	[v132 @ X24_v5 (System.Int32)]	0			RUNTIME_DISPATCH		UNRESOLVED	METHOD_POINTER:UNKNOWN_CLASS_SOURCE:CLASS_NOT_AN_INTERFACE_POINTER	[Add]
Newtonsoft.Json.Linq.JContainer::RemoveItemAt	CALL	v56 @ X0_v3 (System.Collections.Generic.IList`1<Newtonsoft.Json.Linq.JToken>)	[v142 @ X25_v5 (System.Int32)]	0			RUNTIME_DISPATCH		UNRESOLVED	METHOD_POINTER:UNKNOWN_CLASS_SOURCE:CLASS_NOT_AN_INTERFACE_POINTER	[Add]
Newtonsoft.Json.Linq.JContainer::RemoveItemAt	CALL	v56 @ X0_v3 (System.Collections.Generic.IList`1<Newtonsoft.Json.Linq.JToken>)	v661 @ X1_v32	0			RUNTIME_DISPATCH		UNRESOLVED	METHOD_POINTER:UNKNOWN_CLASS_SOURCE:CLASS_NOT_AN_INTERFACE_POINTER	{[Add] | {[Add] | [Add]} | [Add]}
Newtonsoft.Json.Linq.JContainer::RemoveItemAt	CALL	v56 @ X0_v3 (System.Collections.Generic.IList`1<Newtonsoft.Json.Linq.JToken>)	[v142 @ X25_v5 (System.Int32)]	4			RUNTIME_DISPATCH		UNRESOLVED	METHOD_POINTER:UNKNOWN_CLASS_SOURCE:CLASS_NOT_AN_INTERFACE_POINTER	[Add]
Newtonsoft.Json.Linq.JContainer::RemoveItemAt	CALL	v56 @ X0_v3 (System.Collections.Generic.IList`1<Newtonsoft.Json.Linq.JToken>)	[v142 @ X25_v5 (System.Int32)]	0			RUNTIME_DISPATCH		UNRESOLVED	METHOD_POINTER:UNKNOWN_CLASS_SOURCE:CLASS_NOT_AN_INTERFACE_POINTER	[Add]
Newtonsoft.Json.Linq.JContainer::RemoveItemAt	CALL	v56 @ X0_v3 (System.Collections.Generic.IList`1<Newtonsoft.Json.Linq.JToken>)	[v142 @ X25_v5 (System.Int32)]	0			RUNTIME_DISPATCH		UNRESOLVED	METHOD_POINTER:UNKNOWN_CLASS_SOURCE:CLASS_NOT_AN_INTERFACE_POINTER	[Add]
Newtonsoft.Json.Linq.JContainer::GetItem	TAIL	v47 @ X0_v3 (System.Collections.Generic.IList`1<Newtonsoft.Json.Linq.JToken>)	[v51 @ X8_v5 (System.Int32)]	0			RUNTIME_DISPATCH		UNRESOLVED	METHOD_POINTER:UNKNOWN_CLASS_SOURCE:CLASS_NOT_AN_INTERFACE_POINTER	[Add]
Newtonsoft.Json.Linq.JContainer::SetItem	CALL	v57 @ X0_v3 (System.Collections.Generic.IList`1<Newtonsoft.Json.Linq.JToken>)	[v430 @ X25_v6 (Newtonsoft.Json.Linq.JToken)]	0			RUNTIME_DISPATCH		UNRESOLVED	METHOD_POINTER:UNKNOWN_CLASS_SOURCE:CLASS_NOT_AN_INTERFACE_POINTER	[{Add | self | self}]
Newtonsoft.Json.Linq.JContainer::SetItem	CALL	v57 @ X0_v3 (System.Collections.Generic.IList`1<Newtonsoft.Json.Linq.JToken>)	v898 @ X1_v37 (Il2CppClass<Newtonsoft.Json.Linq.JToken>)	0			RUNTIME_DISPATCH		UNRESOLVED	METHOD_POINTER:TYPED_CLASS_LOCAL:CLASS_NOT_AN_INTERFACE_POINTER	{[{Add | self | self}] | {[{Add | self | self}] | [{Add | self | self}]} | [{Add | self | self}]}
Newtonsoft.Json.Linq.JContainer::SetItem	CALL	v57 @ X0_v3 (System.Collections.Generic.IList`1<Newtonsoft.Json.Linq.JToken>)	[v99 @ X26_v4 (System.Int32)]	1			RUNTIME_DISPATCH		UNRESOLVED	METHOD_POINTER:UNKNOWN_CLASS_SOURCE:CLASS_NOT_AN_INTERFACE_POINTER	[{Add | self | self}]
Newtonsoft.Json.Linq.JContainer::SetItem	CALL	v57 @ X0_v3 (System.Collections.Generic.IList`1<Newtonsoft.Json.Linq.JToken>)	[v99 @ X26_v4 (System.Int32)]	0			RUNTIME_DISPATCH		UNRESOLVED	METHOD_POINTER:UNKNOWN_CLASS_SOURCE:CLASS_NOT_AN_INTERFACE_POINTER	[{Add | self | self}]
Newtonsoft.Json.Linq.JContainer::SetItem	CALL	v57 @ X0_v3 (System.Collections.Generic.IList`1<Newtonsoft.Json.Linq.JToken>)	[v99 @ X26_v4 (System.Int32)]	0			RUNTIME_DISPATCH		UNRESOLVED	METHOD_POINTER:UNKNOWN_CLASS_SOURCE:CLASS_NOT_AN_INTERFACE_POINTER	[{Add | self | self}]
Newtonsoft.Json.Linq.JContainer::SetItem	CALL	v57 @ X0_v3 (System.Collections.Generic.IList`1<Newtonsoft.Json.Linq.JToken>)	[v99 @ X26_v4 (System.Int32)]	0			RUNTIME_DISPATCH		UNRESOLVED	METHOD_POINTER:UNKNOWN_CLASS_SOURCE:CLASS_NOT_AN_INTERFACE_POINTER	[{Add | self | self}]
Newtonsoft.Json.Linq.JContainer::ClearItems	CALL	v236 @ X20_v9 (System.Collections.Generic.IList`1<Newtonsoft.Json.Linq.JToken>)	[v187 @ X25_v1 (System.Int32)]	3			RUNTIME_DISPATCH		UNRESOLVED	METHOD_POINTER:UNKNOWN_CLASS_SOURCE:CLASS_NOT_AN_INTERFACE_POINTER	[{{Add | {DEFINED_2_TIMES | self | DEFINED_2_TIMES}} | self | {Add | {DEFINED_2_TIMES | self | DEFINED_2_TIMES}}}]
Newtonsoft.Json.Linq.JContainer::ClearItems	CALL	v64 @ X0_v4 (System.Collections.Generic.IList`1<Newtonsoft.Json.Linq.JToken>)	[v71 @ X8_v26 (System.Int32)]	0			RUNTIME_DISPATCH		UNRESOLVED	METHOD_POINTER:UNKNOWN_CLASS_SOURCE:CLASS_NOT_AN_INTERFACE_POINTER	[Add]
Newtonsoft.Json.Linq.JContainer::ClearItems	CALL	v297 @ X0_v46	[v98 @ X22_v8 (System.Int32)]	0			RUNTIME_DISPATCH		UNRESOLVED	METHOD_POINTER:UNKNOWN_CLASS_SOURCE:CLASS_NOT_AN_INTERFACE_POINTER	[Add]
Newtonsoft.Json.Linq.JContainer::ClearItems	CALL	v297 @ X0_v46	[v88 @ X27_v7 (System.Int32)]	0			RUNTIME_DISPATCH		UNRESOLVED	METHOD_POINTER:UNKNOWN_CLASS_SOURCE:CLASS_NOT_AN_INTERFACE_POINTER	[Add]
Newtonsoft.Json.Linq.JContainer::ClearItems	CALL	v452 @ X22_v6	[v447 @ X26_v5 (System.Int32)]	0			RUNTIME_DISPATCH		UNRESOLVED	METHOD_POINTER:UNKNOWN_CLASS_SOURCE:CLASS_NOT_AN_INTERFACE_POINTER	[{Add | {{Add | DEFINED_3_TIMES} | self | {Add | DEFINED_3_TIMES}}}]
Newtonsoft.Json.Linq.JContainer::CopyItemsTo	CALL	v258 @ X0_v71 (System.Collections.Generic.IList`1<Newtonsoft.Json.Linq.JToken>)	[v269 @ X8_v22 (System.Int32)]	0			RUNTIME_DISPATCH		UNRESOLVED	METHOD_POINTER:UNKNOWN_CLASS_SOURCE:CLASS_NOT_AN_INTERFACE_POINTER	[Add]
Newtonsoft.Json.Linq.JContainer::CopyItemsTo	CALL	v313 @ X0_v86 (System.Collections.Generic.IList`1<Newtonsoft.Json.Linq.JToken>)	[v515 @ X8_v29 (System.Int32)]	0			RUNTIME_DISPATCH		UNRESOLVED	METHOD_POINTER:UNKNOWN_CLASS_SOURCE:CLASS_NOT_AN_INTERFACE_POINTER	[Add]
Newtonsoft.Json.Linq.JContainer::CopyItemsTo	CALL	v695 @ X21_v15	[v622 @ X23_v13 (System.Int32)]	0			RUNTIME_DISPATCH		UNRESOLVED	METHOD_POINTER:UNKNOWN_CLASS_SOURCE:CLASS_NOT_AN_INTERFACE_POINTER	[Add]
Newtonsoft.Json.Linq.JContainer::CopyItemsTo	CALL	v611 @ X0_v89	[v624 @ X24_v13 (System.Int32)]	0			RUNTIME_DISPATCH		UNRESOLVED	METHOD_POINTER:UNKNOWN_CLASS_SOURCE:CLASS_NOT_AN_INTERFACE_POINTER	[Add]
Newtonsoft.Json.Linq.JContainer::CopyItemsTo	CALL	v745 @ X20_v9	[v750 @ X8_v12 (System.Int32)]	0			RUNTIME_DISPATCH		UNRESOLVED	METHOD_POINTER:UNKNOWN_CLASS_SOURCE:CLASS_NOT_AN_INTERFACE_POINTER	[Add]
Newtonsoft.Json.Linq.JContainer::Add	CALL	v47 @ X0_v3 (System.Collections.Generic.IList`1<Newtonsoft.Json.Linq.JToken>)	[v51 @ X8_v5 (System.Int32)]	0			RUNTIME_DISPATCH		UNRESOLVED	METHOD_POINTER:UNKNOWN_CLASS_SOURCE:CLASS_NOT_AN_INTERFACE_POINTER	[Add]
Newtonsoft.Json.Linq.JContainer::TryAdd	CALL	v47 @ X0_v3 (System.Collections.Generic.IList`1<Newtonsoft.Json.Linq.JToken>)	[v51 @ X8_v5 (System.Int32)]	0			RUNTIME_DISPATCH		UNRESOLVED	METHOD_POINTER:UNKNOWN_CLASS_SOURCE:CLASS_NOT_AN_INTERFACE_POINTER	[Add]
Newtonsoft.Json.Linq.JContainer::AddAndSkipParentCheck	CALL	v47 @ X0_v3 (System.Collections.Generic.IList`1<Newtonsoft.Json.Linq.JToken>)	[v51 @ X8_v5 (System.Int32)]	0			RUNTIME_DISPATCH		UNRESOLVED	METHOD_POINTER:UNKNOWN_CLASS_SOURCE:CLASS_NOT_AN_INTERFACE_POINTER	[Add]
Newtonsoft.Json.Linq.JContainer::TryAddInternal	CALL	v300 @ X0_v39	v132 @ X25_v4 (System.Int32)	0			RUNTIME_DISPATCH		UNRESOLVED	METHOD_POINTER:UNKNOWN_CLASS_SOURCE:CLASS_NOT_AN_INTERFACE_POINTER	{Add | [{Add | [DEFINED_2_TIMES]}]}
Newtonsoft.Json.Linq.JContainer::TryAddInternal	CALL	v521 @ X23_v12	[v451 @ X24_v14 (System.Int32)]	0			RUNTIME_DISPATCH		UNRESOLVED	METHOD_POINTER:UNKNOWN_CLASS_SOURCE:CLASS_NOT_AN_INTERFACE_POINTER	[Add]
Newtonsoft.Json.Linq.JContainer::TryAddInternal	CALL	v80 @ stack_-58_v7	[v451 @ X24_v14 (System.Int32)]	1			RUNTIME_DISPATCH		UNRESOLVED	METHOD_POINTER:UNKNOWN_CLASS_SOURCE:CLASS_NOT_AN_INTERFACE_POINTER	[Add]
Newtonsoft.Json.Linq.JContainer::TryAddInternal	CALL	v569 @ X0_v8	[v346 @ X22_v5 (System.Int32)]	0			RUNTIME_DISPATCH		UNRESOLVED	METHOD_POINTER:UNKNOWN_CLASS_SOURCE:CLASS_NOT_AN_INTERFACE_POINTER	[Add]
Newtonsoft.Json.Linq.JContainer::System.Collections.IList.Add	CALL	v50 @ X0_v6 (System.Collections.Generic.IList`1<Newtonsoft.Json.Linq.JToken>)	[v54 @ X8_v6 (System.Int32)]	0			RUNTIME_DISPATCH		UNRESOLVED	METHOD_POINTER:UNKNOWN_CLASS_SOURCE:CLASS_NOT_AN_INTERFACE_POINTER	[Add]
Newtonsoft.Json.Linq.JContainer::get_Count	TAIL	v42 @ X0_v3 (System.Collections.Generic.IList`1<Newtonsoft.Json.Linq.JToken>)	[v46 @ X8_v5 (System.Int32)]	0			RUNTIME_DISPATCH		UNRESOLVED	METHOD_POINTER:UNKNOWN_CLASS_SOURCE:CLASS_NOT_AN_INTERFACE_POINTER	[Add]
Newtonsoft.Json.Linq.JEnumerable`1::GetEnumerator	CALL	v33 @ X20_v2 (System.Collections.Generic.IEnumerable`1<T>)	v186 @ X1_v4 (Il2CppClass<System.Collections.Generic.IEnumerable`1<T>>)	0	System.Collections.Generic.IEnumerable`1::GetEnumerator	0x06002DF6	RUNTIME_DISPATCH	T	EXACT	lookup(receiver, interface class, slot) reaches the dispatch pointer; slot = Il2CppMethodDefinition.slot
Newtonsoft.Json.Linq.JObject+<GetEnumerator>d__64::System.IDisposable.Dispose	TAIL	this.<>7__wrap1 (System.Collections.Generic.IEnumerator`1<Newtonsoft.Json.Linq.JToken>)	[v156 @ X8_v7 (System.Int32)]	0			RUNTIME_DISPATCH		UNRESOLVED	METHOD_POINTER:UNKNOWN_CLASS_SOURCE:CLASS_NOT_AN_INTERFACE_POINTER	[Add]
Newtonsoft.Json.Linq.JObject+<GetEnumerator>d__64::MoveNext	CALL	v70.<>7__wrap1 (System.Collections.Generic.IEnumerator`1<Newtonsoft.Json.Linq.JToken>)	[v151 @ X8_v8 (System.Int32)]	0			RUNTIME_DISPATCH		UNRESOLVED	METHOD_POINTER:UNKNOWN_CLASS_SOURCE:CLASS_NOT_AN_INTERFACE_POINTER	[Add]
Newtonsoft.Json.Linq.JObject+<GetEnumerator>d__64::MoveNext	CALL	v41.<>7__wrap1 (System.Collections.Generic.IEnumerator`1<Newtonsoft.Json.Linq.JToken>)	[v370 @ X8_v24 (System.Int32)]	0			RUNTIME_DISPATCH		UNRESOLVED	METHOD_POINTER:UNKNOWN_CLASS_SOURCE:CLASS_NOT_AN_INTERFACE_POINTER	[Add]
Newtonsoft.Json.Linq.JObject+<GetEnumerator>d__64::MoveNext	CALL	v41.<>7__wrap1 (System.Collections.Generic.IEnumerator`1<Newtonsoft.Json.Linq.JToken>)	[v415 @ X8_v17 (System.Int32)]	0			RUNTIME_DISPATCH		UNRESOLVED	METHOD_POINTER:UNKNOWN_CLASS_SOURCE:CLASS_NOT_AN_INTERFACE_POINTER	[Add]
Newtonsoft.Json.Linq.JObject+<GetEnumerator>d__64::<>m__Finally1	TAIL	this.<>7__wrap1 (System.Collections.Generic.IEnumerator`1<Newtonsoft.Json.Linq.JToken>)	[v42 @ X8_v5 (System.Int32)]	0			RUNTIME_DISPATCH		UNRESOLVED	METHOD_POINTER:UNKNOWN_CLASS_SOURCE:CLASS_NOT_AN_INTERFACE_POINTER	[Add]
Newtonsoft.Json.Linq.JObject::WriteTo	CALL	this._properties (Newtonsoft.Json.Linq.JPropertyKeyedCollection)	v118 @ X22_v6 (System.Int32)	[v94 @ X24_v5 (System.Int32)]			RUNTIME_DISPATCH		UNRESOLVED	TWO_LOADS_OTHER:UNKNOWN_CLASS_SOURCE:CLASS_NOT_AN_INTERFACE_POINTER	{Immediate | Add}
Newtonsoft.Json.Linq.JObject::System.Collections.Generic.ICollection<System.Collections.Generic.KeyValuePair<System.String,Newtonsoft.Json.Linq.JToken>>.CopyTo	CALL	v290 @ X0_v69 (System.Collections.Generic.IList`1<Newtonsoft.Json.Linq.JToken>)	[v302 @ X8_v23 (System.Int32)]	0			RUNTIME_DISPATCH		UNRESOLVED	METHOD_POINTER:UNKNOWN_CLASS_SOURCE:CLASS_NOT_AN_INTERFACE_POINTER	[Add]
Newtonsoft.Json.Linq.JObject::System.Collections.Generic.ICollection<System.Collections.Generic.KeyValuePair<System.String,Newtonsoft.Json.Linq.JToken>>.CopyTo	CALL	v676 @ X21_v14	[v580 @ X23_v13 (System.Int32)]	0			RUNTIME_DISPATCH		UNRESOLVED	METHOD_POINTER:UNKNOWN_CLASS_SOURCE:CLASS_NOT_AN_INTERFACE_POINTER	[Add]
Newtonsoft.Json.Linq.JObject::System.Collections.Generic.ICollection<System.Collections.Generic.KeyValuePair<System.String,Newtonsoft.Json.Linq.JToken>>.CopyTo	CALL	v500 @ X0_v82	[v582 @ X24_v13 (System.Int32)]	0			RUNTIME_DISPATCH		UNRESOLVED	METHOD_POINTER:UNKNOWN_CLASS_SOURCE:CLASS_NOT_AN_INTERFACE_POINTER	[Add]
Newtonsoft.Json.Linq.JObject::System.Collections.Generic.ICollection<System.Collections.Generic.KeyValuePair<System.String,Newtonsoft.Json.Linq.JToken>>.CopyTo	CALL	v856 @ X20_v9	[v861 @ X8_v12 (System.Int32)]	0			RUNTIME_DISPATCH		UNRESOLVED	METHOD_POINTER:UNKNOWN_CLASS_SOURCE:CLASS_NOT_AN_INTERFACE_POINTER	[Add]
Newtonsoft.Json.Linq.JObject::System.Collections.Generic.ICollection<System.Collections.Generic.KeyValuePair<System.String,Newtonsoft.Json.Linq.JToken>>.Remove	CALL	this @ X0 (Newtonsoft.Json.Linq.JObject)	[v27 @ X22_v2 (System.Int32)]	4			RUNTIME_DISPATCH		UNRESOLVED	METHOD_POINTER:UNKNOWN_CLASS_SOURCE:CLASS_NOT_AN_INTERFACE_POINTER	[Add]
Newtonsoft.Json.Linq.JObject::System.Collections.Generic.ICollection<System.Collections.Generic.KeyValuePair<System.String,Newtonsoft.Json.Linq.JToken>>.Remove	CALL	this @ X0 (Newtonsoft.Json.Linq.JObject)	[v153 @ X8_v8 (System.Int32)]	6			RUNTIME_DISPATCH		UNRESOLVED	METHOD_POINTER:UNKNOWN_CLASS_SOURCE:CLASS_NOT_AN_INTERFACE_POINTER	[Add]
Newtonsoft.Json.Linq.JObject::System.ComponentModel.ICustomTypeDescriptor.GetProperties	TAIL	this @ X0 (Newtonsoft.Json.Linq.JObject)	[v19 @ X21_v2 (System.Int32)]	3			RUNTIME_DISPATCH		UNRESOLVED	METHOD_POINTER:UNKNOWN_CLASS_SOURCE:CLASS_NOT_AN_INTERFACE_POINTER	[Add]
Newtonsoft.Json.Linq.JObject::System.ComponentModel.ICustomTypeDescriptor.GetProperties	CALL	v82 @ X0_v96 (System.Collections.Generic.IList`1<Newtonsoft.Json.Linq.JToken>)	[v98 @ X8_v42 (System.Int32)]	0			RUNTIME_DISPATCH		UNRESOLVED	METHOD_POINTER:UNKNOWN_CLASS_SOURCE:CLASS_NOT_AN_INTERFACE_POINTER	[Add]
Newtonsoft.Json.Linq.JObject::System.ComponentModel.ICustomTypeDescriptor.GetProperties	CALL	v313 @ X21_v5 (System.Object)	[v255 @ X24_v2 (System.Int32)]	0			RUNTIME_DISPATCH		UNRESOLVED	METHOD_POINTER:UNKNOWN_CLASS_SOURCE:CLASS_NOT_AN_INTERFACE_POINTER	[Add]
Newtonsoft.Json.Linq.JObject::System.ComponentModel.ICustomTypeDescriptor.GetProperties	CALL	v265 @ X0_v8 (System.Object)	[v257 @ X25_v2 (System.Int32)]	0			RUNTIME_DISPATCH		UNRESOLVED	METHOD_POINTER:UNKNOWN_CLASS_SOURCE:CLASS_NOT_AN_INTERFACE_POINTER	[Add]
Newtonsoft.Json.Linq.JObject::System.ComponentModel.ICustomTypeDescriptor.GetProperties	CALL	v451 @ X21_v10	[v261 @ X23_v2 (System.Int32)]	0			RUNTIME_DISPATCH		UNRESOLVED	METHOD_POINTER:UNKNOWN_CLASS_SOURCE:CLASS_NOT_AN_INTERFACE_POINTER	[Add]
Newtonsoft.Json.Linq.JPropertyKeyedCollection::RemoveItem	CALL	v44 @ X21_v2 (System.Collections.Generic.IList`1<Newtonsoft.Json.Linq.JToken>)	[v50 @ X8_v6 (System.Int32)]	0			RUNTIME_DISPATCH		UNRESOLVED	METHOD_POINTER:UNKNOWN_CLASS_SOURCE:CLASS_NOT_AN_INTERFACE_POINTER	[Add]
Newtonsoft.Json.Linq.JPropertyKeyedCollection::SetItem	CALL	v191 @ X24_v7	[v426 @ X8_v24 (System.Int32)]	0			RUNTIME_DISPATCH		UNRESOLVED	METHOD_POINTER:UNKNOWN_CLASS_SOURCE:CLASS_NOT_AN_INTERFACE_POINTER	[Add]
Newtonsoft.Json.Linq.JPropertyKeyedCollection::SetItem	CALL	v107 @ X23_v4 (System.Collections.Generic.IList`1<Newtonsoft.Json.Linq.JToken>)	[v276 @ X8_v11 (System.Int32)]	0			RUNTIME_DISPATCH		UNRESOLVED	METHOD_POINTER:UNKNOWN_CLASS_SOURCE:CLASS_NOT_AN_INTERFACE_POINTER	[Add]
Newtonsoft.Json.Linq.JRaw::Create	CALL	v304 @ X21_v12	[v64 @ X22_v2 (System.Int32)]	0			RUNTIME_DISPATCH		UNRESOLVED	METHOD_POINTER:UNKNOWN_CLASS_SOURCE:CLASS_NOT_AN_INTERFACE_POINTER	[Add]
Newtonsoft.Json.Linq.JRaw::Create	CALL	[v387 @ X8_v12]	[v64 @ X22_v2 (System.Int32)]	0			RUNTIME_DISPATCH		UNRESOLVED	METHOD_POINTER:UNKNOWN_CLASS_SOURCE:CLASS_NOT_AN_INTERFACE_POINTER	[Add]
Newtonsoft.Json.Linq.JToken::get_Path	CALL	v452 @ X0_v33	[v68 @ X26_v4 (System.Int32)]	2			RUNTIME_DISPATCH		UNRESOLVED	METHOD_POINTER:UNKNOWN_CLASS_SOURCE:CLASS_NOT_AN_INTERFACE_POINTER	[Add]
Newtonsoft.Json.Linq.JToken::ToString	CALL	[v166 @ X8_v18]	[v233 @ X8_v11 (System.Int32)]	0			RUNTIME_DISPATCH		UNRESOLVED	METHOD_POINTER:UNKNOWN_CLASS_SOURCE:CLASS_NOT_AN_INTERFACE_POINTER	[Add]
Newtonsoft.Json.Linq.JToken::System.Collections.IEnumerable.GetEnumerator	TAIL	this @ X0 (Newtonsoft.Json.Linq.JToken)	[v19 @ X21_v2 (System.Int32)]	0			RUNTIME_DISPATCH		UNRESOLVED	METHOD_POINTER:UNKNOWN_CLASS_SOURCE:CLASS_NOT_AN_INTERFACE_POINTER	[Add]
Newtonsoft.Json.Linq.JToken::ToObject	CALL	v310 @ X21_v9	[v319 @ X8_v12 (System.Int32)]	0			RUNTIME_DISPATCH		UNRESOLVED	METHOD_POINTER:UNKNOWN_CLASS_SOURCE:CLASS_NOT_AN_INTERFACE_POINTER	[Add]
Newtonsoft.Json.Linq.JToken::SetLineInfo	CALL	lineInfo @ X1 (Newtonsoft.Json.IJsonLineInfo)	[v127 @ X22_v5 (System.Int32)]	0			RUNTIME_DISPATCH		UNRESOLVED	METHOD_POINTER:UNKNOWN_CLASS_SOURCE:CLASS_NOT_AN_INTERFACE_POINTER	[Add]
Newtonsoft.Json.Linq.JToken::SetLineInfo	CALL	lineInfo @ X1 (Newtonsoft.Json.IJsonLineInfo)	[v127 @ X22_v5 (System.Int32)]	1			RUNTIME_DISPATCH		UNRESOLVED	METHOD_POINTER:UNKNOWN_CLASS_SOURCE:CLASS_NOT_AN_INTERFACE_POINTER	[Add]
Newtonsoft.Json.Linq.JToken::SetLineInfo	CALL	lineInfo @ X1 (Newtonsoft.Json.IJsonLineInfo)	[v127 @ X22_v5 (System.Int32)]	2			RUNTIME_DISPATCH		UNRESOLVED	METHOD_POINTER:UNKNOWN_CLASS_SOURCE:CLASS_NOT_AN_INTERFACE_POINTER	[Add]
Newtonsoft.Json.Linq.JTokenReader::Newtonsoft.Json.IJsonLineInfo.HasLineInfo	TAIL	this._current (Newtonsoft.Json.Linq.JToken)	[v50 @ X8_v5 (System.Int32)]	0			RUNTIME_DISPATCH		UNRESOLVED	METHOD_POINTER:UNKNOWN_CLASS_SOURCE:CLASS_NOT_AN_INTERFACE_POINTER	[Add]
Newtonsoft.Json.Linq.JTokenReader::Newtonsoft.Json.IJsonLineInfo.get_LineNumber	TAIL	this._current (Newtonsoft.Json.Linq.JToken)	[v50 @ X8_v5 (System.Int32)]	1			RUNTIME_DISPATCH		UNRESOLVED	METHOD_POINTER:UNKNOWN_CLASS_SOURCE:CLASS_NOT_AN_INTERFACE_POINTER	[Add]
Newtonsoft.Json.Linq.JTokenReader::Newtonsoft.Json.IJsonLineInfo.get_LinePosition	TAIL	this._current (Newtonsoft.Json.Linq.JToken)	[v50 @ X8_v5 (System.Int32)]	2			RUNTIME_DISPATCH		UNRESOLVED	METHOD_POINTER:UNKNOWN_CLASS_SOURCE:CLASS_NOT_AN_INTERFACE_POINTER	[Add]
Newtonsoft.Json.Linq.JValue::ToString	TAIL	v56 @ X0_v4	[v54 @ X23_v3 (System.Int32)]	0			RUNTIME_DISPATCH		UNRESOLVED	METHOD_POINTER:UNKNOWN_CLASS_SOURCE:CLASS_NOT_AN_INTERFACE_POINTER	[Add]
Newtonsoft.Json.Linq.JValue::System.IConvertible.GetTypeCode	TAIL	v43 @ X0_v4	[v41 @ X20_v5 (System.Int32)]	0			RUNTIME_DISPATCH		UNRESOLVED	METHOD_POINTER:UNKNOWN_CLASS_SOURCE:CLASS_NOT_AN_INTERFACE_POINTER	[Add]
Newtonsoft.Json.Converters.DataSetConverter::WriteJson	CALL	v86 @ stack_-58_v8	[v101 @ X25_v9 (System.Int32)]	0			RUNTIME_DISPATCH		UNRESOLVED	METHOD_POINTER:UNKNOWN_CLASS_SOURCE:CLASS_NOT_AN_INTERFACE_POINTER	[Add]
Newtonsoft.Json.Converters.DataSetConverter::WriteJson	CALL	v86 @ stack_-58_v8	[v101 @ X25_v9 (System.Int32)]	1			RUNTIME_DISPATCH		UNRESOLVED	METHOD_POINTER:UNKNOWN_CLASS_SOURCE:CLASS_NOT_AN_INTERFACE_POINTER	[Add]
Newtonsoft.Json.Converters.DataSetConverter::WriteJson	CALL	v568 @ X0_v24	[v539 @ X24_v6 (System.Int32)]	0			RUNTIME_DISPATCH		UNRESOLVED	METHOD_POINTER:UNKNOWN_CLASS_SOURCE:CLASS_NOT_AN_INTERFACE_POINTER	[{Add | Add | {{Add | Add | DEFINED_3_TIMES} | self | {Add | Add | DEFINED_3_TIMES}}}]
Newtonsoft.Json.Converters.DataTableConverter::WriteJson	CALL	v98 @ stack_-68_v7	[v119 @ X26_v8 (System.Int32)]	0			RUNTIME_DISPATCH		UNRESOLVED	METHOD_POINTER:UNKNOWN_CLASS_SOURCE:CLASS_NOT_AN_INTERFACE_POINTER	[Add]
Newtonsoft.Json.Converters.DataTableConverter::WriteJson	CALL	v98 @ stack_-68_v7	[v119 @ X26_v8 (System.Int32)]	1			RUNTIME_DISPATCH		UNRESOLVED	METHOD_POINTER:UNKNOWN_CLASS_SOURCE:CLASS_NOT_AN_INTERFACE_POINTER	[Add]
Newtonsoft.Json.Converters.DataTableConverter::WriteJson	CALL	v1041 @ X23_v13 (System.Collections.IEnumerator)	[v119 @ X26_v8 (System.Int32)]	0			RUNTIME_DISPATCH		UNRESOLVED	METHOD_POINTER:UNKNOWN_CLASS_SOURCE:CLASS_NOT_AN_INTERFACE_POINTER	[Add]
Newtonsoft.Json.Converters.DataTableConverter::WriteJson	CALL	v1015 @ X0_v56 (System.Collections.IEnumerator)	[v119 @ X26_v8 (System.Int32)]	1			RUNTIME_DISPATCH		UNRESOLVED	METHOD_POINTER:UNKNOWN_CLASS_SOURCE:CLASS_NOT_AN_INTERFACE_POINTER	[Add]
Newtonsoft.Json.Converters.DataTableConverter::WriteJson	CALL	v1130 @ X0_v62	[v442 @ X25_v1 (System.Int32)]	0			RUNTIME_DISPATCH		UNRESOLVED	METHOD_POINTER:UNKNOWN_CLASS_SOURCE:CLASS_NOT_AN_INTERFACE_POINTER	[Add]
Newtonsoft.Json.Converters.DataTableConverter::WriteJson	CALL	v805 @ X0_v4	[v442 @ X25_v1 (System.Int32)]	0			RUNTIME_DISPATCH		UNRESOLVED	METHOD_POINTER:UNKNOWN_CLASS_SOURCE:CLASS_NOT_AN_INTERFACE_POINTER	[Add]
Newtonsoft.Json.Converters.DataTableConverter::CreateRow	CALL	v698 @ X0_v53	[v747 @ X8_v45 (System.Int32)]	0			RUNTIME_DISPATCH		UNRESOLVED	METHOD_POINTER:UNKNOWN_CLASS_SOURCE:CLASS_NOT_AN_INTERFACE_POINTER	[Add]
Newtonsoft.Json.Converters.ExpandoObjectConverter::ReadList	CALL	v53 @ X0_v3 (System.Object)	[v127 @ X23_v9 (System.Int32)]	2			RUNTIME_DISPATCH		UNRESOLVED	METHOD_POINTER:UNKNOWN_CLASS_SOURCE:CLASS_NOT_AN_INTERFACE_POINTER	[Add]
Newtonsoft.Json.Converters.ExpandoObjectConverter::ReadObject	CALL	v51 @ X0_v3 (System.Dynamic.ExpandoObject)	[v114 @ X24_v7 (System.Int32)]	1			RUNTIME_DISPATCH		UNRESOLVED	METHOD_POINTER:UNKNOWN_CLASS_SOURCE:CLASS_NOT_AN_INTERFACE_POINTER	[Add]
Newtonsoft.Json.Converters.KeyValuePairConverter::InitializeReflectionObject	CALL	v55 @ X0_v10 (System.Type[])	[v107 @ X23_v5 (System.Int32)]	0			RUNTIME_DISPATCH		UNRESOLVED	METHOD_POINTER:UNKNOWN_CLASS_SOURCE:CLASS_NOT_AN_INTERFACE_POINTER	[Add]
Newtonsoft.Json.Converters.KeyValuePairConverter::InitializeReflectionObject	CALL	v55 @ X0_v10 (System.Type[])	[v107 @ X23_v5 (System.Int32)]	0			RUNTIME_DISPATCH		UNRESOLVED	METHOD_POINTER:UNKNOWN_CLASS_SOURCE:CLASS_NOT_AN_INTERFACE_POINTER	[Add]
Newtonsoft.Json.Converters.KeyValuePairConverter::ReadJson	CALL	v191 @ X0_v27 (Newtonsoft.Json.Serialization.IContractResolver)	[v106 @ X25_v6 (System.Int32)]	0			RUNTIME_DISPATCH		UNRESOLVED	METHOD_POINTER:UNKNOWN_CLASS_SOURCE:CLASS_NOT_AN_INTERFACE_POINTER	[Add]
Newtonsoft.Json.Converters.KeyValuePairConverter::ReadJson	CALL	v571 @ X0_v34 (Newtonsoft.Json.Serialization.IContractResolver)	[v106 @ X25_v6 (System.Int32)]	0			RUNTIME_DISPATCH		UNRESOLVED	METHOD_POINTER:UNKNOWN_CLASS_SOURCE:CLASS_NOT_AN_INTERFACE_POINTER	[Add]
Newtonsoft.Json.Converters.XmlNodeWrapper::get_ChildNodes	CALL	v478 @ X20_v14 (System.Collections.IEnumerator)	[v364 @ X21_v12 (System.Int32)]	0			RUNTIME_DISPATCH		UNRESOLVED	METHOD_POINTER:UNKNOWN_CLASS_SOURCE:CLASS_NOT_AN_INTERFACE_POINTER	[Add]
Newtonsoft.Json.Converters.XmlNodeWrapper::get_ChildNodes	CALL	v183 @ stack_-48_v7 (System.Collections.IEnumerator)	[v364 @ X21_v12 (System.Int32)]	1			RUNTIME_DISPATCH		UNRESOLVED	METHOD_POINTER:UNKNOWN_CLASS_SOURCE:CLASS_NOT_AN_INTERFACE_POINTER	[Add]
Newtonsoft.Json.Converters.XmlNodeWrapper::get_ChildNodes	CALL	v379 @ X0_v7	[v96 @ X23_v5 (System.Int32)]	0			RUNTIME_DISPATCH		UNRESOLVED	METHOD_POINTER:UNKNOWN_CLASS_SOURCE:CLASS_NOT_AN_INTERFACE_POINTER	[Add]
Newtonsoft.Json.Converters.XmlNodeWrapper::get_Attributes	CALL	v633 @ X20_v14 (System.Collections.IEnumerator)	[v473 @ X21_v13 (System.Int32)]	0			RUNTIME_DISPATCH		UNRESOLVED	METHOD_POINTER:UNKNOWN_CLASS_SOURCE:CLASS_NOT_AN_INTERFACE_POINTER	[Add]
Newtonsoft.Json.Converters.XmlNodeWrapper::get_Attributes	CALL	v252 @ stack_-48_v7 (System.Collections.IEnumerator)	[v473 @ X21_v13 (System.Int32)]	1			RUNTIME_DISPATCH		UNRESOLVED	METHOD_POINTER:UNKNOWN_CLASS_SOURCE:CLASS_NOT_AN_INTERFACE_POINTER	[Add]
Newtonsoft.Json.Converters.XmlNodeWrapper::get_Attributes	CALL	v484 @ X0_v8	[v63 @ X23_v5 (System.Int32)]	0			RUNTIME_DISPATCH		UNRESOLVED	METHOD_POINTER:UNKNOWN_CLASS_SOURCE:CLASS_NOT_AN_INTERFACE_POINTER	[Add]
Newtonsoft.Json.Converters.XDocumentWrapper::get_ChildNodes	CALL	v180 @ X0_v21 (Newtonsoft.Json.Converters.IXmlNode)	[v361 @ X8_v24 (System.Int32)]	0			RUNTIME_DISPATCH		UNRESOLVED	METHOD_POINTER:UNKNOWN_CLASS_SOURCE:CLASS_NOT_AN_INTERFACE_POINTER	[Add]
Newtonsoft.Json.Converters.XContainerWrapper::get_ChildNodes	CALL	v316 @ X0_v41 (System.Collections.Generic.IEnumerable`1<System.Xml.Linq.XNode>)	[v371 @ X8_v33 (System.Int32)]	0			RUNTIME_DISPATCH		UNRESOLVED	METHOD_POINTER:UNKNOWN_CLASS_SOURCE:CLASS_NOT_AN_INTERFACE_POINTER	[Add]
Newtonsoft.Json.Converters.XContainerWrapper::get_ChildNodes	CALL	v632 @ X20_v17	[v521 @ X21_v14 (System.Int32)]	0			RUNTIME_DISPATCH		UNRESOLVED	METHOD_POINTER:UNKNOWN_CLASS_SOURCE:CLASS_NOT_AN_INTERFACE_POINTER	[Add]
Newtonsoft.Json.Converters.XContainerWrapper::get_ChildNodes	CALL	v463 @ X0_v44	[v474 @ X22_v11 (System.Int32)]	0			RUNTIME_DISPATCH		UNRESOLVED	METHOD_POINTER:UNKNOWN_CLASS_SOURCE:CLASS_NOT_AN_INTERFACE_POINTER	[Add]
Newtonsoft.Json.Converters.XContainerWrapper::get_ChildNodes	CALL	v499 @ X21_v9	[v514 @ X8_v20 (System.Int32)]	0			RUNTIME_DISPATCH		UNRESOLVED	METHOD_POINTER:UNKNOWN_CLASS_SOURCE:CLASS_NOT_AN_INTERFACE_POINTER	[Add]
Newtonsoft.Json.Converters.XContainerWrapper::AppendChild	CALL	newChild @ X1 (Newtonsoft.Json.Converters.IXmlNode)	[v171 @ X8_v6 (System.Int32)]	8			RUNTIME_DISPATCH		UNRESOLVED	METHOD_POINTER:UNKNOWN_CLASS_SOURCE:CLASS_NOT_AN_INTERFACE_POINTER	[Add]
Newtonsoft.Json.Converters.XElementWrapper::get_Attributes	CALL	v384 @ X0_v50 (System.Collections.Generic.IEnumerable`1<System.Xml.Linq.XAttribute>)	[v703 @ X8_v44 (System.Int32)]	0			RUNTIME_DISPATCH		UNRESOLVED	METHOD_POINTER:UNKNOWN_CLASS_SOURCE:CLASS_NOT_AN_INTERFACE_POINTER	[Add]
Newtonsoft.Json.Converters.XElementWrapper::get_Attributes	CALL	v850 @ X21_v17	[v552 @ X24_v11 (System.Int32)]	0			RUNTIME_DISPATCH		UNRESOLVED	METHOD_POINTER:UNKNOWN_CLASS_SOURCE:CLASS_NOT_AN_INTERFACE_POINTER	[Add]
Newtonsoft.Json.Converters.XElementWrapper::get_Attributes	CALL	v790 @ X0_v53	[v550 @ X25_v11 (System.Int32)]	0			RUNTIME_DISPATCH		UNRESOLVED	METHOD_POINTER:UNKNOWN_CLASS_SOURCE:CLASS_NOT_AN_INTERFACE_POINTER	[Add]
Newtonsoft.Json.Converters.XElementWrapper::get_Attributes	CALL	v585 @ X22_v9	[v595 @ X8_v22 (System.Int32)]	0			RUNTIME_DISPATCH		UNRESOLVED	METHOD_POINTER:UNKNOWN_CLASS_SOURCE:CLASS_NOT_AN_INTERFACE_POINTER	[Add]
Newtonsoft.Json.Converters.XElementWrapper::HasImplicitNamespaceAttribute	CALL	v65 @ X0_v8 (Newtonsoft.Json.Converters.IXmlNode)	[v334 @ X8_v59 (System.Int32)]	7			RUNTIME_DISPATCH		UNRESOLVED	METHOD_POINTER:UNKNOWN_CLASS_SOURCE:CLASS_NOT_AN_INTERFACE_POINTER	[Add]
Newtonsoft.Json.Converters.XElementWrapper::HasImplicitNamespaceAttribute	CALL	v491 @ X0_v46 (System.Collections.Generic.IEnumerable`1<System.Xml.Linq.XAttribute>)	[v737 @ X8_v39 (System.Int32)]	0			RUNTIME_DISPATCH		UNRESOLVED	METHOD_POINTER:UNKNOWN_CLASS_SOURCE:CLASS_NOT_AN_INTERFACE_POINTER	[Add]
Newtonsoft.Json.Converters.XElementWrapper::HasImplicitNamespaceAttribute	CALL	v944 @ X20_v15	[v583 @ X22_v16 (System.Int32)]	0			RUNTIME_DISPATCH		UNRESOLVED	METHOD_POINTER:UNKNOWN_CLASS_SOURCE:CLASS_NOT_AN_INTERFACE_POINTER	[Add]
Newtonsoft.Json.Converters.XElementWrapper::HasImplicitNamespaceAttribute	CALL	v556 @ X0_v49	[v573 @ X23_v11 (System.Int32)]	0			RUNTIME_DISPATCH		UNRESOLVED	METHOD_POINTER:UNKNOWN_CLASS_SOURCE:CLASS_NOT_AN_INTERFACE_POINTER	[Add]
Newtonsoft.Json.Converters.XElementWrapper::HasImplicitNamespaceAttribute	CALL	v773 @ X19_v10	[v776 @ X8_v22 (System.Int32)]	0			RUNTIME_DISPATCH		UNRESOLVED	METHOD_POINTER:UNKNOWN_CLASS_SOURCE:CLASS_NOT_AN_INTERFACE_POINTER	[Add]
Newtonsoft.Json.Converters.XmlNodeConverter::PushParentNamespaces	CALL	v421 @ X0_v86 (Newtonsoft.Json.Converters.IXmlNode)	[v58 @ X23_v2 (System.Int32)]	0			RUNTIME_DISPATCH		UNRESOLVED	METHOD_POINTER:UNKNOWN_CLASS_SOURCE:CLASS_NOT_AN_INTERFACE_POINTER	[Add]
Newtonsoft.Json.Converters.XmlNodeConverter::PushParentNamespaces	CALL	v171 @ X20_v2 (Newtonsoft.Json.Converters.IXmlNode)	[v58 @ X23_v2 (System.Int32)]	4			RUNTIME_DISPATCH		UNRESOLVED	METHOD_POINTER:UNKNOWN_CLASS_SOURCE:CLASS_NOT_AN_INTERFACE_POINTER	[Add]
Newtonsoft.Json.Converters.XmlNodeConverter::PushParentNamespaces	CALL	v301._current (System.Object)	[v58 @ X23_v2 (System.Int32)]	3			RUNTIME_DISPATCH		UNRESOLVED	METHOD_POINTER:UNKNOWN_CLASS_SOURCE:CLASS_NOT_AN_INTERFACE_POINTER	[Add]
Newtonsoft.Json.Converters.XmlNodeConverter::PushParentNamespaces	CALL	[v937 @ X0_v40+10]	[v58 @ X23_v2 (System.Int32)]	7			RUNTIME_DISPATCH		UNRESOLVED	METHOD_POINTER:UNKNOWN_CLASS_SOURCE:CLASS_NOT_AN_INTERFACE_POINTER	[Add]
Newtonsoft.Json.Converters.XmlNodeConverter::PushParentNamespaces	CALL	[v937 @ X0_v40+10]	[v58 @ X23_v2 (System.Int32)]	1			RUNTIME_DISPATCH		UNRESOLVED	METHOD_POINTER:UNKNOWN_CLASS_SOURCE:CLASS_NOT_AN_INTERFACE_POINTER	[Add]
Newtonsoft.Json.Converters.XmlNodeConverter::PushParentNamespaces	CALL	[v937 @ X0_v40+10]	[v58 @ X23_v2 (System.Int32)]	1			RUNTIME_DISPATCH		UNRESOLVED	METHOD_POINTER:UNKNOWN_CLASS_SOURCE:CLASS_NOT_AN_INTERFACE_POINTER	[Add]
Newtonsoft.Json.Converters.XmlNodeConverter::PushParentNamespaces	CALL	[v937 @ X0_v40+10]	[v58 @ X23_v2 (System.Int32)]	5			RUNTIME_DISPATCH		UNRESOLVED	METHOD_POINTER:UNKNOWN_CLASS_SOURCE:CLASS_NOT_AN_INTERFACE_POINTER	[Add]
Newtonsoft.Json.Converters.XmlNodeConverter::ResolveFullName	CALL	node @ X1 (Newtonsoft.Json.Converters.IXmlNode)	[v49 @ X22_v3 (System.Int32)]	7			RUNTIME_DISPATCH		UNRESOLVED	METHOD_POINTER:UNKNOWN_CLASS_SOURCE:CLASS_NOT_AN_INTERFACE_POINTER	[Add]
Newtonsoft.Json.Converters.XmlNodeConverter::ResolveFullName	CALL	node @ X1 (Newtonsoft.Json.Converters.IXmlNode)	[v49 @ X22_v3 (System.Int32)]	7			RUNTIME_DISPATCH		UNRESOLVED	METHOD_POINTER:UNKNOWN_CLASS_SOURCE:CLASS_NOT_AN_INTERFACE_POINTER	[Add]
Newtonsoft.Json.Converters.XmlNodeConverter::ResolveFullName	CALL	node @ X1 (Newtonsoft.Json.Converters.IXmlNode)	[v49 @ X22_v3 (System.Int32)]	1			RUNTIME_DISPATCH		UNRESOLVED	METHOD_POINTER:UNKNOWN_CLASS_SOURCE:CLASS_NOT_AN_INTERFACE_POINTER	[Add]
Newtonsoft.Json.Converters.XmlNodeConverter::ResolveFullName	CALL	node @ X1 (Newtonsoft.Json.Converters.IXmlNode)	[v49 @ X22_v3 (System.Int32)]	7			RUNTIME_DISPATCH		UNRESOLVED	METHOD_POINTER:UNKNOWN_CLASS_SOURCE:CLASS_NOT_AN_INTERFACE_POINTER	[Add]
Newtonsoft.Json.Converters.XmlNodeConverter::ResolveFullName	CALL	node @ X1 (Newtonsoft.Json.Converters.IXmlNode)	[v49 @ X22_v3 (System.Int32)]	1			RUNTIME_DISPATCH		UNRESOLVED	METHOD_POINTER:UNKNOWN_CLASS_SOURCE:CLASS_NOT_AN_INTERFACE_POINTER	[Add]
Newtonsoft.Json.Converters.XmlNodeConverter::ResolveFullName	CALL	node @ X1 (Newtonsoft.Json.Converters.IXmlNode)	[v49 @ X22_v3 (System.Int32)]	1			RUNTIME_DISPATCH		UNRESOLVED	METHOD_POINTER:UNKNOWN_CLASS_SOURCE:CLASS_NOT_AN_INTERFACE_POINTER	[Add]
Newtonsoft.Json.Converters.XmlNodeConverter::GetPropertyName	CALL	node @ X1 (Newtonsoft.Json.Converters.IXmlNode)	[v48 @ X21_v4 (System.Int32)]	0			RUNTIME_DISPATCH		UNRESOLVED	METHOD_POINTER:UNKNOWN_CLASS_SOURCE:CLASS_NOT_AN_INTERFACE_POINTER	[Add]
Newtonsoft.Json.Converters.XmlNodeConverter::IsArray	CALL	node @ X1 (Newtonsoft.Json.Converters.IXmlNode)	[v52 @ X21_v8 (System.Int32)]	3			RUNTIME_DISPATCH		UNRESOLVED	METHOD_POINTER:UNKNOWN_CLASS_SOURCE:CLASS_NOT_AN_INTERFACE_POINTER	[Add]
Newtonsoft.Json.Converters.XmlNodeConverter::IsArray	CALL	[v328 @ X0_v19+10]	[v52 @ X21_v8 (System.Int32)]	1			RUNTIME_DISPATCH		UNRESOLVED	METHOD_POINTER:UNKNOWN_CLASS_SOURCE:CLASS_NOT_AN_INTERFACE_POINTER	[Add]
Newtonsoft.Json.Converters.XmlNodeConverter::IsArray	CALL	[v328 @ X0_v19+10]	[v52 @ X21_v8 (System.Int32)]	7			RUNTIME_DISPATCH		UNRESOLVED	METHOD_POINTER:UNKNOWN_CLASS_SOURCE:CLASS_NOT_AN_INTERFACE_POINTER	[Add]
Newtonsoft.Json.Converters.XmlNodeConverter::IsArray	CALL	[v328 @ X0_v19+10]	[v52 @ X21_v8 (System.Int32)]	5			RUNTIME_DISPATCH		UNRESOLVED	METHOD_POINTER:UNKNOWN_CLASS_SOURCE:CLASS_NOT_AN_INTERFACE_POINTER	[Add]
Newtonsoft.Json.Converters.XmlNodeConverter::SerializeGroupedNodes	CALL	node @ X2 (Newtonsoft.Json.Converters.IXmlNode)	[v69 @ X24_v6 (System.Int32)]	2			RUNTIME_DISPATCH		UNRESOLVED	METHOD_POINTER:UNKNOWN_CLASS_SOURCE:CLASS_NOT_AN_INTERFACE_POINTER	[Add]
Newtonsoft.Json.Converters.XmlNodeConverter::SerializeGroupedNodes	CALL	node @ X2 (Newtonsoft.Json.Converters.IXmlNode)	[v69 @ X24_v6 (System.Int32)]	2			RUNTIME_DISPATCH		UNRESOLVED	METHOD_POINTER:UNKNOWN_CLASS_SOURCE:CLASS_NOT_AN_INTERFACE_POINTER	[Add]
Newtonsoft.Json.Converters.XmlNodeConverter::SerializeGroupedNodes	CALL	v543 @ X23_v12 (Newtonsoft.Json.Converters.IXmlNode)	[v69 @ X24_v6 (System.Int32)]	2			RUNTIME_DISPATCH		UNRESOLVED	METHOD_POINTER:UNKNOWN_CLASS_SOURCE:CLASS_NOT_AN_INTERFACE_POINTER	[Add]
Newtonsoft.Json.Converters.XmlNodeConverter::SerializeGroupedNodes	CALL	v543 @ X23_v12 (Newtonsoft.Json.Converters.IXmlNode)	[v69 @ X24_v6 (System.Int32)]	2			RUNTIME_DISPATCH		UNRESOLVED	METHOD_POINTER:UNKNOWN_CLASS_SOURCE:CLASS_NOT_AN_INTERFACE_POINTER	[Add]
Newtonsoft.Json.Converters.XmlNodeConverter::SerializeGroupedNodes	CALL	v543 @ X23_v12 (Newtonsoft.Json.Converters.IXmlNode)	[v69 @ X24_v6 (System.Int32)]	2			RUNTIME_DISPATCH		UNRESOLVED	METHOD_POINTER:UNKNOWN_CLASS_SOURCE:CLASS_NOT_AN_INTERFACE_POINTER	[Add]
Newtonsoft.Json.Converters.XmlNodeConverter::SerializeGroupedNodes	CALL	v543 @ X23_v12 (Newtonsoft.Json.Converters.IXmlNode)	[v69 @ X24_v6 (System.Int32)]	2			RUNTIME_DISPATCH		UNRESOLVED	METHOD_POINTER:UNKNOWN_CLASS_SOURCE:CLASS_NOT_AN_INTERFACE_POINTER	[Add]
Newtonsoft.Json.Converters.XmlNodeConverter::SerializeGroupedNodes	CALL	v543 @ X23_v12 (Newtonsoft.Json.Converters.IXmlNode)	[v69 @ X24_v6 (System.Int32)]	2			RUNTIME_DISPATCH		UNRESOLVED	METHOD_POINTER:UNKNOWN_CLASS_SOURCE:CLASS_NOT_AN_INTERFACE_POINTER	[Add]
Newtonsoft.Json.Converters.XmlNodeConverter::SerializeGroupedNodes	CALL	node @ X2 (Newtonsoft.Json.Converters.IXmlNode)	[v69 @ X24_v6 (System.Int32)]	2			RUNTIME_DISPATCH		UNRESOLVED	METHOD_POINTER:UNKNOWN_CLASS_SOURCE:CLASS_NOT_AN_INTERFACE_POINTER	[Add]
Newtonsoft.Json.Converters.XmlNodeConverter::SerializeGroupedNodes	CALL	node @ X2 (Newtonsoft.Json.Converters.IXmlNode)	[v69 @ X24_v6 (System.Int32)]	2			RUNTIME_DISPATCH		UNRESOLVED	METHOD_POINTER:UNKNOWN_CLASS_SOURCE:CLASS_NOT_AN_INTERFACE_POINTER	[Add]
Newtonsoft.Json.Converters.XmlNodeConverter::SerializeNode	CALL	node @ X2 (Newtonsoft.Json.Converters.IXmlNode)	[v67 @ X26_v5 (System.Int32)]	0			RUNTIME_DISPATCH		UNRESOLVED	METHOD_POINTER:UNKNOWN_CLASS_SOURCE:CLASS_NOT_AN_INTERFACE_POINTER	[Add]
Newtonsoft.Json.Converters.XmlNodeConverter::AllSameName	CALL	node @ X0 (Newtonsoft.Json.Converters.IXmlNode)	[v52 @ X23_v6 (System.Int32)]	2			RUNTIME_DISPATCH		UNRESOLVED	METHOD_POINTER:UNKNOWN_CLASS_SOURCE:CLASS_NOT_AN_INTERFACE_POINTER	[Add]
Newtonsoft.Json.Converters.XmlNodeConverter::AllSameName	CALL	[v261 @ X0_v21+10]	[v52 @ X23_v6 (System.Int32)]	1			RUNTIME_DISPATCH		UNRESOLVED	METHOD_POINTER:UNKNOWN_CLASS_SOURCE:CLASS_NOT_AN_INTERFACE_POINTER	[Add]
Newtonsoft.Json.Converters.XmlNodeConverter::AllSameName	CALL	node @ X0 (Newtonsoft.Json.Converters.IXmlNode)	[v52 @ X23_v6 (System.Int32)]	1			RUNTIME_DISPATCH		UNRESOLVED	METHOD_POINTER:UNKNOWN_CLASS_SOURCE:CLASS_NOT_AN_INTERFACE_POINTER	[Add]
Newtonsoft.Json.Converters.XmlNodeConverter::ReadJson	CALL	v122 @ X23_v12 (Newtonsoft.Json.Converters.IXmlDocument)	[v918 @ X8_v39 (System.Int32)]	12			RUNTIME_DISPATCH		UNRESOLVED	METHOD_POINTER:UNKNOWN_CLASS_SOURCE:CLASS_NOT_AN_INTERFACE_POINTER	[Add]
Newtonsoft.Json.Converters.XmlNodeConverter::ReadJson	CALL	v122 @ X23_v12 (Newtonsoft.Json.Converters.IXmlDocument)	[v1033 @ X10_v17 (System.Int32)]	12			RUNTIME_DISPATCH		UNRESOLVED	METHOD_POINTER:UNKNOWN_CLASS_SOURCE:CLASS_NOT_AN_INTERFACE_POINTER	[Add]
Newtonsoft.Json.Converters.XmlNodeConverter::ReadJson	CALL	v1002 @ X0_v79	[v1006 @ X8_v43 (System.Int32)]	8			RUNTIME_DISPATCH		UNRESOLVED	METHOD_POINTER:UNKNOWN_CLASS_SOURCE:CLASS_NOT_AN_INTERFACE_POINTER	[Add]
Newtonsoft.Json.Converters.XmlNodeConverter::ReadJson	TAIL	v122 @ X23_v12 (Newtonsoft.Json.Converters.IXmlDocument)	[v1037 @ X10_v9 (System.Int32)]	8			RUNTIME_DISPATCH		UNRESOLVED	METHOD_POINTER:UNKNOWN_CLASS_SOURCE:CLASS_NOT_AN_INTERFACE_POINTER	[Add]
Newtonsoft.Json.Converters.XmlNodeConverter::ReadJson	TAIL	v1194 @ X0_v65	[v1199 @ X8_v31 (System.Int32)]	8			RUNTIME_DISPATCH		UNRESOLVED	METHOD_POINTER:UNKNOWN_CLASS_SOURCE:CLASS_NOT_AN_INTERFACE_POINTER	[Add]
Newtonsoft.Json.Converters.XmlNodeConverter::DeserializeValue	CALL	document @ X2 (Newtonsoft.Json.Converters.IXmlDocument)	[v449 @ X8_v60 (System.Int32)]	1			RUNTIME_DISPATCH		UNRESOLVED	METHOD_POINTER:UNKNOWN_CLASS_SOURCE:CLASS_NOT_AN_INTERFACE_POINTER	[Add]
Newtonsoft.Json.Converters.XmlNodeConverter::DeserializeValue	CALL	document @ X2 (Newtonsoft.Json.Converters.IXmlDocument)	[v499 @ X8_v47 (System.Int32)]	2			RUNTIME_DISPATCH		UNRESOLVED	METHOD_POINTER:UNKNOWN_CLASS_SOURCE:CLASS_NOT_AN_INTERFACE_POINTER	[Add]
Newtonsoft.Json.Converters.XmlNodeConverter::DeserializeValue	CALL	document @ X2 (Newtonsoft.Json.Converters.IXmlDocument)	[v677 @ X8_v35 (System.Int32)]	3			RUNTIME_DISPATCH		UNRESOLVED	METHOD_POINTER:UNKNOWN_CLASS_SOURCE:CLASS_NOT_AN_INTERFACE_POINTER	[Add]
Newtonsoft.Json.Converters.XmlNodeConverter::DeserializeValue	CALL	document @ X2 (Newtonsoft.Json.Converters.IXmlDocument)	[v845 @ X8_v23 (System.Int32)]	4			RUNTIME_DISPATCH		UNRESOLVED	METHOD_POINTER:UNKNOWN_CLASS_SOURCE:CLASS_NOT_AN_INTERFACE_POINTER	[Add]
Newtonsoft.Json.Converters.XmlNodeConverter::DeserializeValue	TAIL	currentNode @ X5 (Newtonsoft.Json.Converters.IXmlNode)	v633 @ X1_v6	6			RUNTIME_DISPATCH		UNRESOLVED	METHOD_POINTER:UNKNOWN_CLASS_SOURCE:CLASS_NOT_AN_INTERFACE_POINTER	{[Add] | [Add] | [Add] | [Add]}
Newtonsoft.Json.Converters.XmlNodeConverter::CreateElement	CALL	v71 @ X0_v3 (Newtonsoft.Json.Converters.IXmlElement)	[v299 @ X22_v10 (System.Int32)]	0			RUNTIME_DISPATCH		UNRESOLVED	METHOD_POINTER:UNKNOWN_CLASS_SOURCE:CLASS_NOT_AN_INTERFACE_POINTER	[Add]
Newtonsoft.Json.Converters.XmlNodeConverter::CreateElement	CALL	document @ X2 (Newtonsoft.Json.Converters.IXmlDocument)	[v301 @ X27_v4 (Newtonsoft.Json.Converters.XmlNodeConverter)]	1			RUNTIME_DISPATCH		UNRESOLVED	METHOD_POINTER:UNKNOWN_CLASS_SOURCE:CLASS_NOT_AN_INTERFACE_POINTER	[{this | Add}]
Newtonsoft.Json.Converters.XmlNodeConverter::CreateElement	CALL	currentNode @ X3 (Newtonsoft.Json.Converters.IXmlNode)	[v300 @ X22_v2 (System.Int32)]	6			RUNTIME_DISPATCH		UNRESOLVED	METHOD_POINTER:UNKNOWN_CLASS_SOURCE:CLASS_NOT_AN_INTERFACE_POINTER	[{Add | Add | Add}]
Newtonsoft.Json.Converters.XmlNodeConverter::CreateElement	CALL	document @ X2 (Newtonsoft.Json.Converters.IXmlDocument)	[v301 @ X27_v4 (Newtonsoft.Json.Converters.XmlNodeConverter)]	10			RUNTIME_DISPATCH		UNRESOLVED	METHOD_POINTER:UNKNOWN_CLASS_SOURCE:CLASS_NOT_AN_INTERFACE_POINTER	[{this | Add}]
Newtonsoft.Json.Converters.XmlNodeConverter::CreateElement	CALL	document @ X2 (Newtonsoft.Json.Converters.IXmlDocument)	[v301 @ X27_v4 (Newtonsoft.Json.Converters.XmlNodeConverter)]	11			RUNTIME_DISPATCH		UNRESOLVED	METHOD_POINTER:UNKNOWN_CLASS_SOURCE:CLASS_NOT_AN_INTERFACE_POINTER	[{this | Add}]
Newtonsoft.Json.Converters.XmlNodeConverter::CreateElement	CALL	v316 @ X20_v4 (Newtonsoft.Json.Converters.IXmlElement)	[v300 @ X22_v2 (System.Int32)]	6			RUNTIME_DISPATCH		UNRESOLVED	METHOD_POINTER:UNKNOWN_CLASS_SOURCE:CLASS_NOT_AN_INTERFACE_POINTER	[{Add | Add | Add}]
Newtonsoft.Json.Converters.XmlNodeConverter::AddAttribute	CALL	currentNode @ X2 (Newtonsoft.Json.Converters.IXmlNode)	[v62 @ X8_v7 (System.Int32)]	0			RUNTIME_DISPATCH		UNRESOLVED	METHOD_POINTER:UNKNOWN_CLASS_SOURCE:CLASS_NOT_AN_INTERFACE_POINTER	[Add]
Newtonsoft.Json.Converters.XmlNodeConverter::AddAttribute	CALL	document @ X1 (Newtonsoft.Json.Converters.IXmlDocument)	[v431 @ X8_v31 (System.Int32)]	10			RUNTIME_DISPATCH		UNRESOLVED	METHOD_POINTER:UNKNOWN_CLASS_SOURCE:CLASS_NOT_AN_INTERFACE_POINTER	[Add]
Newtonsoft.Json.Converters.XmlNodeConverter::AddAttribute	CALL	document @ X1 (Newtonsoft.Json.Converters.IXmlDocument)	[v471 @ X8_v25 (System.Int32)]	11			RUNTIME_DISPATCH		UNRESOLVED	METHOD_POINTER:UNKNOWN_CLASS_SOURCE:CLASS_NOT_AN_INTERFACE_POINTER	[Add]
Newtonsoft.Json.Converters.XmlNodeConverter::AddAttribute	TAIL	v273 @ X0_v14	[v211 @ X22_v7 (System.Int32)]	0			RUNTIME_DISPATCH		UNRESOLVED	METHOD_POINTER:UNKNOWN_CLASS_SOURCE:CLASS_NOT_AN_INTERFACE_POINTER	[Add]
Newtonsoft.Json.Converters.XmlNodeConverter::ReadArrayElements	CALL	currentNode @ X4 (Newtonsoft.Json.Converters.IXmlNode)	[v80 @ X26_v5 (System.Int32)]	6			RUNTIME_DISPATCH		UNRESOLVED	METHOD_POINTER:UNKNOWN_CLASS_SOURCE:CLASS_NOT_AN_INTERFACE_POINTER	[Add]
Newtonsoft.Json.Converters.XmlNodeConverter::ReadArrayElements	CALL	v70 @ X0_v5 (Newtonsoft.Json.Converters.IXmlElement)	[v80 @ X26_v5 (System.Int32)]	2			RUNTIME_DISPATCH		UNRESOLVED	METHOD_POINTER:UNKNOWN_CLASS_SOURCE:CLASS_NOT_AN_INTERFACE_POINTER	[Add]
Newtonsoft.Json.Converters.XmlNodeConverter::ReadArrayElements	CALL	v588 @ X0_v33 (Newtonsoft.Json.Converters.IXmlElement)	[v80 @ X26_v5 (System.Int32)]	1			RUNTIME_DISPATCH		UNRESOLVED	METHOD_POINTER:UNKNOWN_CLASS_SOURCE:CLASS_NOT_AN_INTERFACE_POINTER	[Add]
Newtonsoft.Json.Converters.XmlNodeConverter::AddJsonArrayAttribute	CALL	element @ X1 (Newtonsoft.Json.Converters.IXmlElement)	[v292 @ X26_v2 (System.Int32)]	1			RUNTIME_DISPATCH		UNRESOLVED	METHOD_POINTER:UNKNOWN_CLASS_SOURCE:CLASS_NOT_AN_INTERFACE_POINTER	[Add]
Newtonsoft.Json.Converters.XmlNodeConverter::AddJsonArrayAttribute	CALL	document @ X2 (Newtonsoft.Json.Converters.IXmlDocument)	[v57 @ X25_v3 (System.Int32)]	11			RUNTIME_DISPATCH		UNRESOLVED	METHOD_POINTER:UNKNOWN_CLASS_SOURCE:CLASS_NOT_AN_INTERFACE_POINTER	[Add]
Newtonsoft.Json.Converters.XmlNodeConverter::AddJsonArrayAttribute	CALL	element @ X1 (Newtonsoft.Json.Converters.IXmlElement)	[v292 @ X26_v2 (System.Int32)]	0			RUNTIME_DISPATCH		UNRESOLVED	METHOD_POINTER:UNKNOWN_CLASS_SOURCE:CLASS_NOT_AN_INTERFACE_POINTER	[Add]
Newtonsoft.Json.Converters.XmlNodeConverter::AddJsonArrayAttribute	CALL	document @ X2 (Newtonsoft.Json.Converters.IXmlDocument)	[v57 @ X25_v3 (System.Int32)]	11			RUNTIME_DISPATCH		UNRESOLVED	METHOD_POINTER:UNKNOWN_CLASS_SOURCE:CLASS_NOT_AN_INTERFACE_POINTER	[Add]
Newtonsoft.Json.Converters.XmlNodeConverter::AddJsonArrayAttribute	TAIL	element @ X1 (Newtonsoft.Json.Converters.IXmlElement)	[v292 @ X26_v2 (System.Int32)]	0			RUNTIME_DISPATCH		UNRESOLVED	METHOD_POINTER:UNKNOWN_CLASS_SOURCE:CLASS_NOT_AN_INTERFACE_POINTER	[Add]
Newtonsoft.Json.Converters.XmlNodeConverter::CreateInstruction	CALL	document @ X2 (Newtonsoft.Json.Converters.IXmlDocument)	[v437 @ X8_v18 (System.Int32)]	7			RUNTIME_DISPATCH		UNRESOLVED	METHOD_POINTER:UNKNOWN_CLASS_SOURCE:CLASS_NOT_AN_INTERFACE_POINTER	[Add]
Newtonsoft.Json.Converters.XmlNodeConverter::CreateInstruction	CALL	document @ X2 (Newtonsoft.Json.Converters.IXmlDocument)	[v382 @ X8_v30 (System.Int32)]	5			RUNTIME_DISPATCH		UNRESOLVED	METHOD_POINTER:UNKNOWN_CLASS_SOURCE:CLASS_NOT_AN_INTERFACE_POINTER	[Add]
Newtonsoft.Json.Converters.XmlNodeConverter::CreateInstruction	TAIL	currentNode @ X3 (Newtonsoft.Json.Converters.IXmlNode)	v651 @ X1_v16	6			RUNTIME_DISPATCH		UNRESOLVED	METHOD_POINTER:UNKNOWN_CLASS_SOURCE:CLASS_NOT_AN_INTERFACE_POINTER	{[Add] | [Add]}
Newtonsoft.Json.Converters.XmlNodeConverter::CreateDocumentType	CALL	document @ X2 (Newtonsoft.Json.Converters.IXmlDocument)	[v316 @ X8_v13 (System.Int32)]	6			RUNTIME_DISPATCH		UNRESOLVED	METHOD_POINTER:UNKNOWN_CLASS_SOURCE:CLASS_NOT_AN_INTERFACE_POINTER	[Add]
Newtonsoft.Json.Converters.XmlNodeConverter::CreateDocumentType	TAIL	currentNode @ X3 (Newtonsoft.Json.Converters.IXmlNode)	[v463 @ X8_v18 (System.Int32)]	6			RUNTIME_DISPATCH		UNRESOLVED	METHOD_POINTER:UNKNOWN_CLASS_SOURCE:CLASS_NOT_AN_INTERFACE_POINTER	[Add]
Newtonsoft.Json.Converters.XmlNodeConverter::CreateElement	TAIL	document @ X2 (Newtonsoft.Json.Converters.IXmlDocument)	[v249 @ X8_v14 (System.Int32)]	9			RUNTIME_DISPATCH		UNRESOLVED	METHOD_POINTER:UNKNOWN_CLASS_SOURCE:CLASS_NOT_AN_INTERFACE_POINTER	[Add]
Newtonsoft.Json.Converters.XmlNodeConverter::CreateElement	TAIL	document @ X2 (Newtonsoft.Json.Converters.IXmlDocument)	[v254 @ X8_v7 (System.Int32)]	8			RUNTIME_DISPATCH		UNRESOLVED	METHOD_POINTER:UNKNOWN_CLASS_SOURCE:CLASS_NOT_AN_INTERFACE_POINTER	[Add]
Newtonsoft.Json.Converters.XmlNodeConverter::DeserializeNode	CALL	document @ X2 (Newtonsoft.Json.Converters.IXmlDocument)	[v752 @ X8_v72 (System.Int32)]	0			RUNTIME_DISPATCH		UNRESOLVED	METHOD_POINTER:UNKNOWN_CLASS_SOURCE:CLASS_NOT_AN_INTERFACE_POINTER	[Add]
Newtonsoft.Json.Converters.XmlNodeConverter::DeserializeNode	CALL	currentNode @ X4 (Newtonsoft.Json.Converters.IXmlNode)	[v69 @ X27_v7 (System.Int32)]	0			RUNTIME_DISPATCH		UNRESOLVED	METHOD_POINTER:UNKNOWN_CLASS_SOURCE:CLASS_NOT_AN_INTERFACE_POINTER	[Add]
Newtonsoft.Json.Converters.XmlNodeConverter::DeserializeNode	CALL	document @ X2 (Newtonsoft.Json.Converters.IXmlDocument)	[v969 @ X8_v61 (System.Int32)]	12			RUNTIME_DISPATCH		UNRESOLVED	METHOD_POINTER:UNKNOWN_CLASS_SOURCE:CLASS_NOT_AN_INTERFACE_POINTER	[Add]
Newtonsoft.Json.Converters.XmlNodeConverter::DeserializeNode	CALL	currentNode @ X4 (Newtonsoft.Json.Converters.IXmlNode)	v1197 @ X1_v48	2			RUNTIME_DISPATCH		UNRESOLVED	METHOD_POINTER:UNKNOWN_CLASS_SOURCE:CLASS_NOT_AN_INTERFACE_POINTER	{[Add] | [Add] | {[Add] | [Add]}}
Newtonsoft.Json.Converters.XmlNodeConverter::DeserializeNode	CALL	currentNode @ X4 (Newtonsoft.Json.Converters.IXmlNode)	[v69 @ X27_v7 (System.Int32)]	6			RUNTIME_DISPATCH		UNRESOLVED	METHOD_POINTER:UNKNOWN_CLASS_SOURCE:CLASS_NOT_AN_INTERFACE_POINTER	[Add]
Newtonsoft.Json.Converters.XmlNodeConverter::DeserializeNode	CALL	v1297 @ X0_v72 (Newtonsoft.Json.Converters.IXmlElement)	[v69 @ X27_v7 (System.Int32)]	1			RUNTIME_DISPATCH		UNRESOLVED	METHOD_POINTER:UNKNOWN_CLASS_SOURCE:CLASS_NOT_AN_INTERFACE_POINTER	[Add]
Newtonsoft.Json.Converters.XmlNodeConverter::DeserializeNode	CALL	v1297 @ X0_v72 (Newtonsoft.Json.Converters.IXmlElement)	[v69 @ X27_v7 (System.Int32)]	7			RUNTIME_DISPATCH		UNRESOLVED	METHOD_POINTER:UNKNOWN_CLASS_SOURCE:CLASS_NOT_AN_INTERFACE_POINTER	[Add]
Newtonsoft.Json.Converters.XmlNodeConverter::ValueAttributes	CALL	v152 @ X20_v7 (Newtonsoft.Json.Converters.IXmlNode)	[v60 @ X23_v5 (System.Int32)]	7			RUNTIME_DISPATCH		UNRESOLVED	METHOD_POINTER:UNKNOWN_CLASS_SOURCE:CLASS_NOT_AN_INTERFACE_POINTER	[Add]
Newtonsoft.Json.Converters.XmlNodeConverter::ValueAttributes	CALL	v152 @ X20_v7 (Newtonsoft.Json.Converters.IXmlNode)	[v60 @ X23_v5 (System.Int32)]	7			RUNTIME_DISPATCH		UNRESOLVED	METHOD_POINTER:UNKNOWN_CLASS_SOURCE:CLASS_NOT_AN_INTERFACE_POINTER	[Add]
Newtonsoft.Json.Converters.XmlNodeConverter::ValueAttributes	CALL	v152 @ X20_v7 (Newtonsoft.Json.Converters.IXmlNode)	[v60 @ X23_v5 (System.Int32)]	5			RUNTIME_DISPATCH		UNRESOLVED	METHOD_POINTER:UNKNOWN_CLASS_SOURCE:CLASS_NOT_AN_INTERFACE_POINTER	[Add]
TMPro.TMP_InputField::OnScroll	TAIL	this.m_IScrollHandlerParent (UnityEngine.EventSystems.IScrollHandler)	[v134 @ X8_v6 (System.Int32)]	0			RUNTIME_DISPATCH		UNRESOLVED	METHOD_POINTER:UNKNOWN_CLASS_SOURCE:CLASS_NOT_AN_INTERFACE_POINTER	[Add]
TMPro.TMP_InputField::OnFillVBO	CALL	v528 @ X20_v7	[v533 @ X8_v11 (System.Int32)]	0			RUNTIME_DISPATCH		UNRESOLVED	METHOD_POINTER:UNKNOWN_CLASS_SOURCE:CLASS_NOT_AN_INTERFACE_POINTER	[Add]
TMPro.TMP_MaterialManager::GetMaterialForRendering	CALL	v259 @ X0_v18	[v245 @ X25_v6 (System.Int32)]	0			RUNTIME_DISPATCH		UNRESOLVED	METHOD_POINTER:UNKNOWN_CLASS_SOURCE:CLASS_NOT_AN_INTERFACE_POINTER	[Add]
TMPro.TMP_MeshInfo::SortGeometry	CALL	sortingOrder @ X1 (System.Collections.Generic.IList`1<System.Int32>)	[v57 @ X8_v5 (System.Int32)]	0			RUNTIME_DISPATCH		UNRESOLVED	METHOD_POINTER:UNKNOWN_CLASS_SOURCE:CLASS_NOT_AN_INTERFACE_POINTER	[Add]
TMPro.TMP_MeshInfo::SortGeometry	CALL	sortingOrder @ X1 (System.Collections.Generic.IList`1<System.Int32>)	[v282 @ X24_v2 (System.Int32)]	0			RUNTIME_DISPATCH		UNRESOLVED	METHOD_POINTER:UNKNOWN_CLASS_SOURCE:CLASS_NOT_AN_INTERFACE_POINTER	[Add]
TMPro.TMP_Text::ParseInputText	CALL	this.m_TextPreprocessor (TMPro.ITextPreprocessor)	[v136 @ X8_v8 (System.Int32)]	0			RUNTIME_DISPATCH		UNRESOLVED	METHOD_POINTER:UNKNOWN_CLASS_SOURCE:CLASS_NOT_AN_INTERFACE_POINTER	[Add]
TMPro.TMP_UpdateRegistry::PerformUpdateForCanvasRendererObjects	CALL	v217 @ X0_v31	[v64 @ X25_v3 (System.Int32)]	0			RUNTIME_DISPATCH		UNRESOLVED	METHOD_POINTER:UNKNOWN_CLASS_SOURCE:CLASS_NOT_AN_INTERFACE_POINTER	[Add]
TMPro.TMP_UpdateRegistry::PerformUpdateForCanvasRendererObjects	CALL	v223 @ X0_v13	[v64 @ X25_v3 (System.Int32)]	0			RUNTIME_DISPATCH		UNRESOLVED	METHOD_POINTER:UNKNOWN_CLASS_SOURCE:CLASS_NOT_AN_INTERFACE_POINTER	[Add]
UnityEngine.UI.CanvasUpdateRegistry::CleanInvalidItems	CALL	v254 @ X0_v6	[v57 @ X24_v3 (System.Int32)]	2			RUNTIME_DISPATCH		UNRESOLVED	METHOD_POINTER:UNKNOWN_CLASS_SOURCE:CLASS_NOT_AN_INTERFACE_POINTER	[Add]
UnityEngine.UI.CanvasUpdateRegistry::CleanInvalidItems	CALL	v254 @ X0_v6	[v57 @ X24_v3 (System.Int32)]	4			RUNTIME_DISPATCH		UNRESOLVED	METHOD_POINTER:UNKNOWN_CLASS_SOURCE:CLASS_NOT_AN_INTERFACE_POINTER	[Add]
UnityEngine.UI.CanvasUpdateRegistry::CleanInvalidItems	CALL	v332 @ X0_v27	[v57 @ X24_v3 (System.Int32)]	3			RUNTIME_DISPATCH		UNRESOLVED	METHOD_POINTER:UNKNOWN_CLASS_SOURCE:CLASS_NOT_AN_INTERFACE_POINTER	[Add]
UnityEngine.UI.CanvasUpdateRegistry::CleanInvalidItems	CALL	v332 @ X0_v27	[v57 @ X24_v3 (System.Int32)]	4			RUNTIME_DISPATCH		UNRESOLVED	METHOD_POINTER:UNKNOWN_CLASS_SOURCE:CLASS_NOT_AN_INTERFACE_POINTER	[Add]
UnityEngine.UI.CanvasUpdateRegistry::PerformUpdate	CALL	v415 @ X0_v20 (UnityEngine.Object)	v581 @ X1_v16	0			RUNTIME_DISPATCH		UNRESOLVED	METHOD_POINTER:UNKNOWN_CLASS_SOURCE:CLASS_NOT_AN_INTERFACE_POINTER	{[Add] | {[Add] | [Add]} | [Add]}
UnityEngine.UI.CanvasUpdateRegistry::PerformUpdate	CALL	v311 @ X0_v111	[v86 @ X21_v3 (System.Int32)]	2			RUNTIME_DISPATCH		UNRESOLVED	METHOD_POINTER:UNKNOWN_CLASS_SOURCE:CLASS_NOT_AN_INTERFACE_POINTER	[Add]
UnityEngine.UI.CanvasUpdateRegistry::PerformUpdate	CALL	v815 @ X0_v87 (UnityEngine.Object)	v1016 @ X1_v47	0			RUNTIME_DISPATCH		UNRESOLVED	METHOD_POINTER:UNKNOWN_CLASS_SOURCE:CLASS_NOT_AN_INTERFACE_POINTER	{[Add] | {[Add] | [Add]} | [Add]}
UnityEngine.UI.CanvasUpdateRegistry::PerformUpdate	CALL	v859 @ X0_v63 (UnityEngine.Object)	v1256 @ X1_v38	0			RUNTIME_DISPATCH		UNRESOLVED	METHOD_POINTER:UNKNOWN_CLASS_SOURCE:CLASS_NOT_AN_INTERFACE_POINTER	{[Add] | {[Add] | [Add]} | [Add]}
UnityEngine.UI.CanvasUpdateRegistry::PerformUpdate	CALL	v318 @ X0_v53	[v86 @ X21_v3 (System.Int32)]	3			RUNTIME_DISPATCH		UNRESOLVED	METHOD_POINTER:UNKNOWN_CLASS_SOURCE:CLASS_NOT_AN_INTERFACE_POINTER	[Add]
UnityEngine.UI.CanvasUpdateRegistry::SortLayoutList	CALL	x @ X0 (UnityEngine.UI.ICanvasElement)	[v48 @ X21_v7 (System.Int32)]	1			RUNTIME_DISPATCH		UNRESOLVED	METHOD_POINTER:UNKNOWN_CLASS_SOURCE:CLASS_NOT_AN_INTERFACE_POINTER	[Add]
UnityEngine.UI.CanvasUpdateRegistry::SortLayoutList	CALL	y @ X1 (UnityEngine.UI.ICanvasElement)	[v48 @ X21_v7 (System.Int32)]	1			RUNTIME_DISPATCH		UNRESOLVED	METHOD_POINTER:UNKNOWN_CLASS_SOURCE:CLASS_NOT_AN_INTERFACE_POINTER	[Add]
UnityEngine.UI.CanvasUpdateRegistry::InternalUnRegisterCanvasElementForLayoutRebuild	CALL	element @ X1 (UnityEngine.UI.ICanvasElement)	[v66 @ X8_v6 (System.Int32)]	2			RUNTIME_DISPATCH		UNRESOLVED	METHOD_POINTER:UNKNOWN_CLASS_SOURCE:CLASS_NOT_AN_INTERFACE_POINTER	[Add]
UnityEngine.UI.CanvasUpdateRegistry::InternalUnRegisterCanvasElementForGraphicRebuild	CALL	element @ X1 (UnityEngine.UI.ICanvasElement)	[v66 @ X8_v6 (System.Int32)]	3			RUNTIME_DISPATCH		UNRESOLVED	METHOD_POINTER:UNKNOWN_CLASS_SOURCE:CLASS_NOT_AN_INTERFACE_POINTER	[Add]
UnityEngine.UI.CanvasUpdateRegistry::InternalDisableCanvasElementForLayoutRebuild	CALL	element @ X1 (UnityEngine.UI.ICanvasElement)	[v66 @ X8_v6 (System.Int32)]	2			RUNTIME_DISPATCH		UNRESOLVED	METHOD_POINTER:UNKNOWN_CLASS_SOURCE:CLASS_NOT_AN_INTERFACE_POINTER	[Add]
UnityEngine.UI.CanvasUpdateRegistry::InternalDisableCanvasElementForGraphicRebuild	CALL	element @ X1 (UnityEngine.UI.ICanvasElement)	[v66 @ X8_v6 (System.Int32)]	3			RUNTIME_DISPATCH		UNRESOLVED	METHOD_POINTER:UNKNOWN_CLASS_SOURCE:CLASS_NOT_AN_INTERFACE_POINTER	[Add]
UnityEngine.UI.ClipperRegistry::Cull	CALL	v118 @ X0_v7	[v85 @ X24_v5 (System.Int32)]	0			RUNTIME_DISPATCH		UNRESOLVED	METHOD_POINTER:UNKNOWN_CLASS_SOURCE:CLASS_NOT_AN_INTERFACE_POINTER	[Add]
UnityEngine.UI.DefaultControls::CreateUIElementRoot	CALL	v111 @ X21_v4	[v117 @ X8_v5 (System.Int32)]	0			RUNTIME_DISPATCH		UNRESOLVED	METHOD_POINTER:UNKNOWN_CLASS_SOURCE:CLASS_NOT_AN_INTERFACE_POINTER	[Add]
UnityEngine.UI.DefaultControls::CreateUIObject	CALL	v226 @ X22_v3	[v112 @ X8_v18 (System.Int32)]	0			RUNTIME_DISPATCH		UNRESOLVED	METHOD_POINTER:UNKNOWN_CLASS_SOURCE:CLASS_NOT_AN_INTERFACE_POINTER	[Add]
UnityEngine.UI.Graphic::get_materialForRendering	CALL	v151 @ X0_v19	[v112 @ X25_v5 (System.Int32)]	0			RUNTIME_DISPATCH		UNRESOLVED	METHOD_POINTER:UNKNOWN_CLASS_SOURCE:CLASS_NOT_AN_INTERFACE_POINTER	[Add]
UnityEngine.UI.Graphic::DoMeshGeneration	CALL	v419 @ X0_v91	[v261 @ X27_v7 (System.Int32)]	1			RUNTIME_DISPATCH		UNRESOLVED	METHOD_POINTER:UNKNOWN_CLASS_SOURCE:CLASS_NOT_AN_INTERFACE_POINTER	[Add]
UnityEngine.UI.Graphic::DoLegacyMeshGeneration	CALL	v412 @ X0_v85	[v265 @ X27_v7 (System.Int32)]	0			RUNTIME_DISPATCH		UNRESOLVED	METHOD_POINTER:UNKNOWN_CLASS_SOURCE:CLASS_NOT_AN_INTERFACE_POINTER	[Add]
UnityEngine.UI.Graphic::Raycast	CALL	v661 @ X0_v42	[v149 @ X28_v7 (System.Int32)]	0			RUNTIME_DISPATCH		UNRESOLVED	METHOD_POINTER:UNKNOWN_CLASS_SOURCE:CLASS_NOT_AN_INTERFACE_POINTER	[Add]
UnityEngine.UI.Graphic::Raycast	CALL	v661 @ X0_v42	[v149 @ X28_v7 (System.Int32)]	0			RUNTIME_DISPATCH		UNRESOLVED	METHOD_POINTER:UNKNOWN_CLASS_SOURCE:CLASS_NOT_AN_INTERFACE_POINTER	[Add]
UnityEngine.UI.Graphic::Raycast	CALL	v661 @ X0_v42	[v149 @ X28_v7 (System.Int32)]	0			RUNTIME_DISPATCH		UNRESOLVED	METHOD_POINTER:UNKNOWN_CLASS_SOURCE:CLASS_NOT_AN_INTERFACE_POINTER	[Add]
UnityEngine.UI.GraphicRaycaster::Raycast	CALL	v710 @ X0_v10 (System.Collections.Generic.IList`1<UnityEngine.UI.Graphic>)	[v713 @ X8_v9 (System.Int32)]	0			RUNTIME_DISPATCH		UNRESOLVED	METHOD_POINTER:UNKNOWN_CLASS_SOURCE:CLASS_NOT_AN_INTERFACE_POINTER	[Add]
UnityEngine.UI.GraphicRaycaster::Raycast	CALL	foundGraphics @ X2 (System.Collections.Generic.IList`1<UnityEngine.UI.Graphic>)	[v76 @ X8_v13 (System.Int32)]	0			RUNTIME_DISPATCH		UNRESOLVED	METHOD_POINTER:UNKNOWN_CLASS_SOURCE:CLASS_NOT_AN_INTERFACE_POINTER	[Add]
UnityEngine.UI.GraphicRaycaster::Raycast	CALL	foundGraphics @ X2 (System.Collections.Generic.IList`1<UnityEngine.UI.Graphic>)	[v171 @ X24_v9 (System.Int32)]	0			RUNTIME_DISPATCH		UNRESOLVED	METHOD_POINTER:UNKNOWN_CLASS_SOURCE:CLASS_NOT_AN_INTERFACE_POINTER	[Add]
UnityEngine.UI.InputField::LateUpdate	CALL	v811 @ X21_v14	[v822 @ X8_v49 (System.Int32)]	0			RUNTIME_DISPATCH		UNRESOLVED	METHOD_POINTER:UNKNOWN_CLASS_SOURCE:CLASS_NOT_AN_INTERFACE_POINTER	[Add]
UnityEngine.UI.InputField::GetUnclampedCharacterLineFromPosition	CALL	v137 @ X0_v14 (System.Collections.Generic.IList`1<UnityEngine.UILineInfo>)	[v101 @ X23_v7 (System.Int32)]	0			RUNTIME_DISPATCH		UNRESOLVED	METHOD_POINTER:UNKNOWN_CLASS_SOURCE:CLASS_NOT_AN_INTERFACE_POINTER	[Add]
UnityEngine.UI.InputField::GetUnclampedCharacterLineFromPosition	CALL	v138 @ X0_v19 (System.Collections.Generic.IList`1<UnityEngine.UILineInfo>)	[v101 @ X23_v7 (System.Int32)]	0			RUNTIME_DISPATCH		UNRESOLVED	METHOD_POINTER:UNKNOWN_CLASS_SOURCE:CLASS_NOT_AN_INTERFACE_POINTER	[Add]
UnityEngine.UI.InputField::GetCharacterIndexFromPosition	CALL	v186 @ X0_v27 (System.Collections.Generic.IList`1<UnityEngine.UICharInfo>)	[v85 @ X24_v6 (System.Int32)]	0			RUNTIME_DISPATCH		UNRESOLVED	METHOD_POINTER:UNKNOWN_CLASS_SOURCE:CLASS_NOT_AN_INTERFACE_POINTER	[Add]
UnityEngine.UI.InputField::GetCharacterIndexFromPosition	CALL	v185 @ X0_v17 (System.Collections.Generic.IList`1<UnityEngine.UILineInfo>)	[v383 @ X8_v6 (System.Int32)]	0			RUNTIME_DISPATCH		UNRESOLVED	METHOD_POINTER:UNKNOWN_CLASS_SOURCE:CLASS_NOT_AN_INTERFACE_POINTER	[Add]
UnityEngine.UI.InputField::DetermineCharacterLine	CALL	v103 @ X0_v12 (System.Collections.Generic.IList`1<UnityEngine.UILineInfo>)	[v50 @ X24_v3 (System.Int32)]	0			RUNTIME_DISPATCH		UNRESOLVED	METHOD_POINTER:UNKNOWN_CLASS_SOURCE:CLASS_NOT_AN_INTERFACE_POINTER	[Add]
UnityEngine.UI.InputField::LineUpCharacterPosition	CALL	v97 @ X0_v4 (System.Collections.Generic.IList`1<UnityEngine.UICharInfo>)	[v114 @ X8_v5 (System.Int32)]	0			RUNTIME_DISPATCH		UNRESOLVED	METHOD_POINTER:UNKNOWN_CLASS_SOURCE:CLASS_NOT_AN_INTERFACE_POINTER	[Add]
UnityEngine.UI.InputField::LineUpCharacterPosition	CALL	v233 @ X0_v45 (System.Collections.Generic.IList`1<UnityEngine.UICharInfo>)	[v144 @ X25_v5 (System.Int32)]	0			RUNTIME_DISPATCH		UNRESOLVED	METHOD_POINTER:UNKNOWN_CLASS_SOURCE:CLASS_NOT_AN_INTERFACE_POINTER	[Add]
UnityEngine.UI.InputField::LineUpCharacterPosition	CALL	v227 @ X0_v12 (System.Collections.Generic.IList`1<UnityEngine.UICharInfo>)	[v144 @ X25_v5 (System.Int32)]	0			RUNTIME_DISPATCH		UNRESOLVED	METHOD_POINTER:UNKNOWN_CLASS_SOURCE:CLASS_NOT_AN_INTERFACE_POINTER	[Add]
UnityEngine.UI.InputField::LineUpCharacterPosition	CALL	v229 @ X0_v30 (System.Collections.Generic.IList`1<UnityEngine.UILineInfo>)	[v130 @ X23_v5 (System.Int32)]	0			RUNTIME_DISPATCH		UNRESOLVED	METHOD_POINTER:UNKNOWN_CLASS_SOURCE:CLASS_NOT_AN_INTERFACE_POINTER	[Add]
UnityEngine.UI.InputField::LineUpCharacterPosition	CALL	v231 @ X0_v37 (System.Collections.Generic.IList`1<UnityEngine.UILineInfo>)	[v130 @ X23_v5 (System.Int32)]	0			RUNTIME_DISPATCH		UNRESOLVED	METHOD_POINTER:UNKNOWN_CLASS_SOURCE:CLASS_NOT_AN_INTERFACE_POINTER	[Add]
UnityEngine.UI.InputField::LineDownCharacterPosition	CALL	v262 @ X0_v26 (System.Collections.Generic.IList`1<UnityEngine.UICharInfo>)	[v146 @ X26_v6 (System.Int32)]	0			RUNTIME_DISPATCH		UNRESOLVED	METHOD_POINTER:UNKNOWN_CLASS_SOURCE:CLASS_NOT_AN_INTERFACE_POINTER	[Add]
UnityEngine.UI.InputField::LineDownCharacterPosition	CALL	v257 @ X0_v11 (System.Collections.Generic.IList`1<UnityEngine.UICharInfo>)	[v146 @ X26_v6 (System.Int32)]	0			RUNTIME_DISPATCH		UNRESOLVED	METHOD_POINTER:UNKNOWN_CLASS_SOURCE:CLASS_NOT_AN_INTERFACE_POINTER	[Add]
UnityEngine.UI.InputField::LineDownCharacterPosition	CALL	v260 @ X0_v18 (System.Collections.Generic.IList`1<UnityEngine.UILineInfo>)	[v673 @ X8_v18 (System.Int32)]	0			RUNTIME_DISPATCH		UNRESOLVED	METHOD_POINTER:UNKNOWN_CLASS_SOURCE:CLASS_NOT_AN_INTERFACE_POINTER	[Add]
UnityEngine.UI.InputField::GetLineStartPosition	CALL	v49 @ X0_v5 (System.Collections.Generic.IList`1<UnityEngine.UILineInfo>)	[v105 @ X8_v5 (System.Int32)]	0			RUNTIME_DISPATCH		UNRESOLVED	METHOD_POINTER:UNKNOWN_CLASS_SOURCE:CLASS_NOT_AN_INTERFACE_POINTER	[Add]
UnityEngine.UI.InputField::GetLineStartPosition	CALL	v94 @ X0_v10 (System.Collections.Generic.IList`1<UnityEngine.UILineInfo>)	[v224 @ X8_v10 (System.Int32)]	0			RUNTIME_DISPATCH		UNRESOLVED	METHOD_POINTER:UNKNOWN_CLASS_SOURCE:CLASS_NOT_AN_INTERFACE_POINTER	[Add]
UnityEngine.UI.InputField::GetLineEndPosition	CALL	v49 @ X0_v5 (System.Collections.Generic.IList`1<UnityEngine.UILineInfo>)	[v107 @ X8_v5 (System.Int32)]	0			RUNTIME_DISPATCH		UNRESOLVED	METHOD_POINTER:UNKNOWN_CLASS_SOURCE:CLASS_NOT_AN_INTERFACE_POINTER	[Add]
UnityEngine.UI.InputField::GetLineEndPosition	CALL	v94 @ X0_v11 (System.Collections.Generic.IList`1<UnityEngine.UILineInfo>)	[v279 @ X8_v10 (System.Int32)]	0			RUNTIME_DISPATCH		UNRESOLVED	METHOD_POINTER:UNKNOWN_CLASS_SOURCE:CLASS_NOT_AN_INTERFACE_POINTER	[Add]
UnityEngine.UI.InputField::SetDrawRangeToContainCaretPosition	CALL	v702 @ X0_v60 (System.Collections.Generic.IList`1<UnityEngine.UICharInfo>)	[v1393 @ X23_v19 (UnityEngine.TextGenerator)]	0			RUNTIME_DISPATCH		UNRESOLVED	METHOD_POINTER:UNKNOWN_CLASS_SOURCE:CLASS_NOT_AN_INTERFACE_POINTER	[{{Newobj | Newobj} | {Newobj | Newobj} | {Newobj | Newobj} | Add}]
UnityEngine.UI.InputField::SetDrawRangeToContainCaretPosition	CALL	v617 @ X21_v2 (System.Collections.Generic.IList`1<UnityEngine.UILineInfo>)	[v516 @ X25_v5 (System.Int32)]	0			RUNTIME_DISPATCH		UNRESOLVED	METHOD_POINTER:UNKNOWN_CLASS_SOURCE:CLASS_NOT_AN_INTERFACE_POINTER	[Add]
UnityEngine.UI.InputField::SetDrawRangeToContainCaretPosition	CALL	v692 @ X0_v145 (System.Collections.Generic.IList`1<UnityEngine.UILineInfo>)	[v1643 @ X28_v5 (System.Int32)]	0			RUNTIME_DISPATCH		UNRESOLVED	METHOD_POINTER:UNKNOWN_CLASS_SOURCE:CLASS_NOT_AN_INTERFACE_POINTER	[Add]
UnityEngine.UI.InputField::SetDrawRangeToContainCaretPosition	CALL	v692 @ X0_v145 (System.Collections.Generic.IList`1<UnityEngine.UILineInfo>)	[v1754 @ X27_v9 (System.Int32)]	0			RUNTIME_DISPATCH		UNRESOLVED	METHOD_POINTER:UNKNOWN_CLASS_SOURCE:CLASS_NOT_AN_INTERFACE_POINTER	[Add]
UnityEngine.UI.InputField::SetDrawRangeToContainCaretPosition	CALL	v692 @ X0_v145 (System.Collections.Generic.IList`1<UnityEngine.UILineInfo>)	[v1643 @ X28_v5 (System.Int32)]	0			RUNTIME_DISPATCH		UNRESOLVED	METHOD_POINTER:UNKNOWN_CLASS_SOURCE:CLASS_NOT_AN_INTERFACE_POINTER	[Add]
UnityEngine.UI.InputField::SetDrawRangeToContainCaretPosition	CALL	v702 @ X0_v60 (System.Collections.Generic.IList`1<UnityEngine.UICharInfo>)	[v1393 @ X23_v19 (UnityEngine.TextGenerator)]	0			RUNTIME_DISPATCH		UNRESOLVED	METHOD_POINTER:UNKNOWN_CLASS_SOURCE:CLASS_NOT_AN_INTERFACE_POINTER	[{{Newobj | Newobj} | {Newobj | Newobj} | {Newobj | Newobj} | Add}]
UnityEngine.UI.InputField::SetDrawRangeToContainCaretPosition	CALL	v702 @ X0_v60 (System.Collections.Generic.IList`1<UnityEngine.UICharInfo>)	[v173 @ X24_v9 (System.Int32)]	0			RUNTIME_DISPATCH		UNRESOLVED	METHOD_POINTER:UNKNOWN_CLASS_SOURCE:CLASS_NOT_AN_INTERFACE_POINTER	[Add]
UnityEngine.UI.InputField::SetDrawRangeToContainCaretPosition	CALL	v692 @ X0_v145 (System.Collections.Generic.IList`1<UnityEngine.UILineInfo>)	[v516 @ X25_v5 (System.Int32)]	0			RUNTIME_DISPATCH		UNRESOLVED	METHOD_POINTER:UNKNOWN_CLASS_SOURCE:CLASS_NOT_AN_INTERFACE_POINTER	[Add]
UnityEngine.UI.InputField::SetDrawRangeToContainCaretPosition	CALL	v692 @ X0_v145 (System.Collections.Generic.IList`1<UnityEngine.UILineInfo>)	[v1643 @ X28_v5 (System.Int32)]	0			RUNTIME_DISPATCH		UNRESOLVED	METHOD_POINTER:UNKNOWN_CLASS_SOURCE:CLASS_NOT_AN_INTERFACE_POINTER	[Add]
UnityEngine.UI.InputField::SetDrawRangeToContainCaretPosition	CALL	v617 @ X21_v2 (System.Collections.Generic.IList`1<UnityEngine.UILineInfo>)	[v516 @ X25_v5 (System.Int32)]	0			RUNTIME_DISPATCH		UNRESOLVED	METHOD_POINTER:UNKNOWN_CLASS_SOURCE:CLASS_NOT_AN_INTERFACE_POINTER	[Add]
UnityEngine.UI.InputField::SetDrawRangeToContainCaretPosition	CALL	v692 @ X0_v145 (System.Collections.Generic.IList`1<UnityEngine.UILineInfo>)	[v1643 @ X28_v5 (System.Int32)]	0			RUNTIME_DISPATCH		UNRESOLVED	METHOD_POINTER:UNKNOWN_CLASS_SOURCE:CLASS_NOT_AN_INTERFACE_POINTER	[Add]
UnityEngine.UI.InputField::SetDrawRangeToContainCaretPosition	CALL	v617 @ X21_v2 (System.Collections.Generic.IList`1<UnityEngine.UILineInfo>)	[v763 @ X8_v10 (System.Int32)]	0			RUNTIME_DISPATCH		UNRESOLVED	METHOD_POINTER:UNKNOWN_CLASS_SOURCE:CLASS_NOT_AN_INTERFACE_POINTER	[Add]
UnityEngine.UI.InputField::SetDrawRangeToContainCaretPosition	CALL	v692 @ X0_v145 (System.Collections.Generic.IList`1<UnityEngine.UILineInfo>)	[v1643 @ X28_v5 (System.Int32)]	0			RUNTIME_DISPATCH		UNRESOLVED	METHOD_POINTER:UNKNOWN_CLASS_SOURCE:CLASS_NOT_AN_INTERFACE_POINTER	[Add]
UnityEngine.UI.InputField::SetDrawRangeToContainCaretPosition	CALL	v617 @ X21_v2 (System.Collections.Generic.IList`1<UnityEngine.UILineInfo>)	[v516 @ X25_v5 (System.Int32)]	0			RUNTIME_DISPATCH		UNRESOLVED	METHOD_POINTER:UNKNOWN_CLASS_SOURCE:CLASS_NOT_AN_INTERFACE_POINTER	[Add]
UnityEngine.UI.InputField::SetDrawRangeToContainCaretPosition	CALL	v692 @ X0_v145 (System.Collections.Generic.IList`1<UnityEngine.UILineInfo>)	[v1754 @ X27_v9 (System.Int32)]	0			RUNTIME_DISPATCH		UNRESOLVED	METHOD_POINTER:UNKNOWN_CLASS_SOURCE:CLASS_NOT_AN_INTERFACE_POINTER	[Add]
UnityEngine.UI.InputField::SetDrawRangeToContainCaretPosition	CALL	v692 @ X0_v145 (System.Collections.Generic.IList`1<UnityEngine.UILineInfo>)	[v1643 @ X28_v5 (System.Int32)]	0			RUNTIME_DISPATCH		UNRESOLVED	METHOD_POINTER:UNKNOWN_CLASS_SOURCE:CLASS_NOT_AN_INTERFACE_POINTER	[Add]
UnityEngine.UI.InputField::SetDrawRangeToContainCaretPosition	CALL	v692 @ X0_v145 (System.Collections.Generic.IList`1<UnityEngine.UILineInfo>)	[v1643 @ X28_v5 (System.Int32)]	0			RUNTIME_DISPATCH		UNRESOLVED	METHOD_POINTER:UNKNOWN_CLASS_SOURCE:CLASS_NOT_AN_INTERFACE_POINTER	[Add]
UnityEngine.UI.InputField::SetDrawRangeToContainCaretPosition	CALL	v692 @ X0_v145 (System.Collections.Generic.IList`1<UnityEngine.UILineInfo>)	[v1643 @ X28_v5 (System.Int32)]	0			RUNTIME_DISPATCH		UNRESOLVED	METHOD_POINTER:UNKNOWN_CLASS_SOURCE:CLASS_NOT_AN_INTERFACE_POINTER	[Add]
UnityEngine.UI.InputField::SetDrawRangeToContainCaretPosition	CALL	v692 @ X0_v145 (System.Collections.Generic.IList`1<UnityEngine.UILineInfo>)	[v1754 @ X27_v9 (System.Int32)]	0			RUNTIME_DISPATCH		UNRESOLVED	METHOD_POINTER:UNKNOWN_CLASS_SOURCE:CLASS_NOT_AN_INTERFACE_POINTER	[Add]
UnityEngine.UI.InputField::OnFillVBO	CALL	v310 @ X20_v7	[v315 @ X8_v11 (System.Int32)]	0			RUNTIME_DISPATCH		UNRESOLVED	METHOD_POINTER:UNKNOWN_CLASS_SOURCE:CLASS_NOT_AN_INTERFACE_POINTER	[Add]
UnityEngine.UI.InputField::GenerateCaret	CALL	v585 @ X0_v58 (System.Collections.Generic.IList`1<UnityEngine.UICharInfo>)	[v804 @ X8_v43 (System.Int32)]	0			RUNTIME_DISPATCH		UNRESOLVED	METHOD_POINTER:UNKNOWN_CLASS_SOURCE:CLASS_NOT_AN_INTERFACE_POINTER	[Add]
UnityEngine.UI.InputField::GenerateCaret	CALL	v591 @ X0_v66 (System.Collections.Generic.IList`1<UnityEngine.UILineInfo>)	[v571 @ X26_v9 (System.Int32)]	0			RUNTIME_DISPATCH		UNRESOLVED	METHOD_POINTER:UNKNOWN_CLASS_SOURCE:CLASS_NOT_AN_INTERFACE_POINTER	[Add]
UnityEngine.UI.InputField::GenerateCaret	CALL	v586 @ X0_v98 (System.Collections.Generic.IList`1<UnityEngine.UICharInfo>)	[v922 @ X8_v65 (System.Int32)]	0			RUNTIME_DISPATCH		UNRESOLVED	METHOD_POINTER:UNKNOWN_CLASS_SOURCE:CLASS_NOT_AN_INTERFACE_POINTER	[Add]
UnityEngine.UI.InputField::GenerateCaret	CALL	v594 @ X0_v69 (System.Collections.Generic.IList`1<UnityEngine.UILineInfo>)	[v571 @ X26_v9 (System.Int32)]	0			RUNTIME_DISPATCH		UNRESOLVED	METHOD_POINTER:UNKNOWN_CLASS_SOURCE:CLASS_NOT_AN_INTERFACE_POINTER	[Add]
UnityEngine.UI.InputField::GenerateHighlight	CALL	v498 @ X0_v29 (System.Collections.Generic.IList`1<UnityEngine.UICharInfo>)	[v261 @ X27_v6 (System.Int32)]	0			RUNTIME_DISPATCH		UNRESOLVED	METHOD_POINTER:UNKNOWN_CLASS_SOURCE:CLASS_NOT_AN_INTERFACE_POINTER	[Add]
UnityEngine.UI.InputField::GenerateHighlight	CALL	v501 @ X0_v32 (System.Collections.Generic.IList`1<UnityEngine.UILineInfo>)	[v494 @ X23_v9 (System.Int32)]	0			RUNTIME_DISPATCH		UNRESOLVED	METHOD_POINTER:UNKNOWN_CLASS_SOURCE:CLASS_NOT_AN_INTERFACE_POINTER	[Add]
UnityEngine.UI.InputField::GenerateHighlight	CALL	v497 @ X0_v24 (System.Collections.Generic.IList`1<UnityEngine.UICharInfo>)	[v261 @ X27_v6 (System.Int32)]	0			RUNTIME_DISPATCH		UNRESOLVED	METHOD_POINTER:UNKNOWN_CLASS_SOURCE:CLASS_NOT_AN_INTERFACE_POINTER	[Add]
UnityEngine.UI.InputField::GenerateHighlight	CALL	v505 @ X0_v36 (System.Collections.Generic.IList`1<UnityEngine.UILineInfo>)	[v494 @ X23_v9 (System.Int32)]	0			RUNTIME_DISPATCH		UNRESOLVED	METHOD_POINTER:UNKNOWN_CLASS_SOURCE:CLASS_NOT_AN_INTERFACE_POINTER	[Add]
UnityEngine.UI.LayoutGroup::CalculateLayoutInputHorizontal	CALL	v335 @ X0_v49	[v123 @ X28_v5 (System.Int32)]	0			RUNTIME_DISPATCH		UNRESOLVED	METHOD_POINTER:UNKNOWN_CLASS_SOURCE:CLASS_NOT_AN_INTERFACE_POINTER	[Add]
UnityEngine.UI.LayoutUtility::GetLayoutProperty	CALL	v342 @ X0_v26 (UnityEngine.Behaviour)	v504 @ X1_v16	8			RUNTIME_DISPATCH		UNRESOLVED	METHOD_POINTER:UNKNOWN_CLASS_SOURCE:CLASS_NOT_AN_INTERFACE_POINTER	{[Add] | {[Add] | [Add]} | [Add]}
UnityEngine.UI.MaskUtilities::Notify2DMaskStateChanged	CALL	v348 @ X0_v25	[v113 @ X27_v5 (System.Int32)]	1			RUNTIME_DISPATCH		UNRESOLVED	METHOD_POINTER:UNKNOWN_CLASS_SOURCE:CLASS_NOT_AN_INTERFACE_POINTER	[Add]
UnityEngine.UI.MaskUtilities::NotifyStencilStateChanged	CALL	v348 @ X0_v25	[v113 @ X27_v5 (System.Int32)]	0			RUNTIME_DISPATCH		UNRESOLVED	METHOD_POINTER:UNKNOWN_CLASS_SOURCE:CLASS_NOT_AN_INTERFACE_POINTER	[Add]
UnityEngine.UI.MaskUtilities::GetRectMaskForClippable	CALL	clippable @ X0 (UnityEngine.UI.IClippable)	[v98 @ X28_v3 (System.Int32)]	0			RUNTIME_DISPATCH		UNRESOLVED	METHOD_POINTER:UNKNOWN_CLASS_SOURCE:CLASS_NOT_AN_INTERFACE_POINTER	[Add]
UnityEngine.UI.MaskUtilities::GetRectMaskForClippable	CALL	clippable @ X0 (UnityEngine.UI.IClippable)	[v98 @ X28_v3 (System.Int32)]	0			RUNTIME_DISPATCH		UNRESOLVED	METHOD_POINTER:UNKNOWN_CLASS_SOURCE:CLASS_NOT_AN_INTERFACE_POINTER	[Add]
UnityEngine.UI.MaskUtilities::GetRectMaskForClippable	CALL	clippable @ X0 (UnityEngine.UI.IClippable)	[v98 @ X28_v3 (System.Int32)]	0			RUNTIME_DISPATCH		UNRESOLVED	METHOD_POINTER:UNKNOWN_CLASS_SOURCE:CLASS_NOT_AN_INTERFACE_POINTER	[Add]
UnityEngine.UI.RectMask2D::PerformClipping	CALL	[v664 @ X8_v42+10]	[v364 @ X22_v9 (System.Int32)]	4			RUNTIME_DISPATCH		UNRESOLVED	METHOD_POINTER:UNKNOWN_CLASS_SOURCE:CLASS_NOT_AN_INTERFACE_POINTER	[Add]
UnityEngine.UI.RectMask2D::PerformClipping	CALL	[v593 @ X8_v14+10]	[v363 @ X22_v7 (System.Int32)]	4			RUNTIME_DISPATCH		UNRESOLVED	METHOD_POINTER:UNKNOWN_CLASS_SOURCE:CLASS_NOT_AN_INTERFACE_POINTER	[Add]
UnityEngine.UI.RectMask2D::UpdateClipSoftness	CALL	v445 @ X20_v13 (UnityEngine.UI.IClippable)	[v202 @ X26_v7 (System.Int32)]	5			RUNTIME_DISPATCH		UNRESOLVED	METHOD_POINTER:UNKNOWN_CLASS_SOURCE:CLASS_NOT_AN_INTERFACE_POINTER	[Add]
UnityEngine.UI.RectMask2D::RemoveClippable	CALL	clippable @ X1 (UnityEngine.UI.IClippable)	[v49 @ X8_v5 (System.Int32)]	4			RUNTIME_DISPATCH		UNRESOLVED	METHOD_POINTER:UNKNOWN_CLASS_SOURCE:CLASS_NOT_AN_INTERFACE_POINTER	[Add]
UnityEngine.UI.SetPropertyUtility::SetStruct	CALL	Type: Il2CppMethodInfo	newValue @ X1 (T)	methodInfo @ X2 (Il2CppMethodInfo)			RUNTIME_DISPATCH		UNRESOLVED	TWO_LOADS_OTHER:UNKNOWN_CLASS_SOURCE:CLASS_NOT_AN_INTERFACE_POINTER	param:newValue
UnityEngine.UI.Text::OnPopulateMesh	CALL	v574 @ X0_v23 (System.Collections.Generic.IList`1<UnityEngine.UIVertex>)	[v576 @ X8_v12 (System.Int32)]	0			RUNTIME_DISPATCH		UNRESOLVED	METHOD_POINTER:UNKNOWN_CLASS_SOURCE:CLASS_NOT_AN_INTERFACE_POINTER	[Add]
UnityEngine.UI.Text::OnPopulateMesh	CALL	v574 @ X0_v23 (System.Collections.Generic.IList`1<UnityEngine.UIVertex>)	[v118 @ X24_v6 (System.Int32)]	0			RUNTIME_DISPATCH		UNRESOLVED	METHOD_POINTER:UNKNOWN_CLASS_SOURCE:CLASS_NOT_AN_INTERFACE_POINTER	[Add]
UnityEngine.UI.Text::OnPopulateMesh	CALL	v574 @ X0_v23 (System.Collections.Generic.IList`1<UnityEngine.UIVertex>)	[v118 @ X24_v6 (System.Int32)]	0			RUNTIME_DISPATCH		UNRESOLVED	METHOD_POINTER:UNKNOWN_CLASS_SOURCE:CLASS_NOT_AN_INTERFACE_POINTER	[Add]
UnityEngine.UI.Text::OnPopulateMesh	CALL	v574 @ X0_v23 (System.Collections.Generic.IList`1<UnityEngine.UIVertex>)	[v118 @ X24_v6 (System.Int32)]	0			RUNTIME_DISPATCH		UNRESOLVED	METHOD_POINTER:UNKNOWN_CLASS_SOURCE:CLASS_NOT_AN_INTERFACE_POINTER	[Add]
UnityEngine.UI.Text::OnPopulateMesh	CALL	v574 @ X0_v23 (System.Collections.Generic.IList`1<UnityEngine.UIVertex>)	[v118 @ X24_v6 (System.Int32)]	0			RUNTIME_DISPATCH		UNRESOLVED	METHOD_POINTER:UNKNOWN_CLASS_SOURCE:CLASS_NOT_AN_INTERFACE_POINTER	[Add]
UnityEngine.UI.ToggleGroup::EnsureValidState	CALL	v74 @ X0_v56 (System.Collections.Generic.IEnumerable`1<UnityEngine.UI.Toggle>)	[v543 @ X8_v39 (System.Int32)]	0			RUNTIME_DISPATCH		UNRESOLVED	METHOD_POINTER:UNKNOWN_CLASS_SOURCE:CLASS_NOT_AN_INTERFACE_POINTER	[Add]
UnityEngine.UI.ToggleGroup::EnsureValidState	CALL	v453 @ X20_v10	[v386 @ X21_v8 (System.Int32)]	0			RUNTIME_DISPATCH		UNRESOLVED	METHOD_POINTER:UNKNOWN_CLASS_SOURCE:CLASS_NOT_AN_INTERFACE_POINTER	[Add]
UnityEngine.UI.ToggleGroup::EnsureValidState	CALL	v375 @ X0_v4	[v388 @ X22_v8 (System.Int32)]	0			RUNTIME_DISPATCH		UNRESOLVED	METHOD_POINTER:UNKNOWN_CLASS_SOURCE:CLASS_NOT_AN_INTERFACE_POINTER	[Add]
UnityEngine.UI.ToggleGroup::EnsureValidState	CALL	v650 @ X20_v8	[v655 @ X8_v14 (System.Int32)]	0			RUNTIME_DISPATCH		UNRESOLVED	METHOD_POINTER:UNKNOWN_CLASS_SOURCE:CLASS_NOT_AN_INTERFACE_POINTER	[Add]
UnityEngine.UI.BaseMeshEffect::ModifyMesh	CALL	v157 @ X20_v6	[v162 @ X8_v10 (System.Int32)]	0			RUNTIME_DISPATCH		UNRESOLVED	METHOD_POINTER:UNKNOWN_CLASS_SOURCE:CLASS_NOT_AN_INTERFACE_POINTER	[Add]
UnityEngine.UIElements.PanelEventHandler::OnPointerMove	CALL	v256 @ X20_v7	[v261 @ X8_v13 (System.Int32)]	0			RUNTIME_DISPATCH		UNRESOLVED	METHOD_POINTER:UNKNOWN_CLASS_SOURCE:CLASS_NOT_AN_INTERFACE_POINTER	[Add]
UnityEngine.UIElements.PanelEventHandler::OnPointerUp	CALL	v315 @ X20_v8	[v318 @ X8_v14 (System.Int32)]	0			RUNTIME_DISPATCH		UNRESOLVED	METHOD_POINTER:UNKNOWN_CLASS_SOURCE:CLASS_NOT_AN_INTERFACE_POINTER	[Add]
UnityEngine.UIElements.PanelEventHandler::OnPointerDown	CALL	v434 @ X20_v8	[v436 @ X8_v15 (System.Int32)]	0			RUNTIME_DISPATCH		UNRESOLVED	METHOD_POINTER:UNKNOWN_CLASS_SOURCE:CLASS_NOT_AN_INTERFACE_POINTER	[Add]
UnityEngine.UIElements.PanelEventHandler::OnPointerExit	CALL	v460 @ X21_v11	[v465 @ X8_v15 (System.Int32)]	0			RUNTIME_DISPATCH		UNRESOLVED	METHOD_POINTER:UNKNOWN_CLASS_SOURCE:CLASS_NOT_AN_INTERFACE_POINTER	[Add]
UnityEngine.UIElements.PanelEventHandler::OnSubmit	CALL	v337 @ X20_v8	[v342 @ X8_v12 (System.Int32)]	0			RUNTIME_DISPATCH		UNRESOLVED	METHOD_POINTER:UNKNOWN_CLASS_SOURCE:CLASS_NOT_AN_INTERFACE_POINTER	[Add]
UnityEngine.UIElements.PanelEventHandler::OnCancel	CALL	v337 @ X20_v8	[v342 @ X8_v12 (System.Int32)]	0			RUNTIME_DISPATCH		UNRESOLVED	METHOD_POINTER:UNKNOWN_CLASS_SOURCE:CLASS_NOT_AN_INTERFACE_POINTER	[Add]
UnityEngine.UIElements.PanelEventHandler::OnMove	CALL	v373 @ X20_v9	[v378 @ X8_v13 (System.Int32)]	0			RUNTIME_DISPATCH		UNRESOLVED	METHOD_POINTER:UNKNOWN_CLASS_SOURCE:CLASS_NOT_AN_INTERFACE_POINTER	[Add]
UnityEngine.UIElements.PanelEventHandler::OnScroll	CALL	v331 @ X20_v7	[v336 @ X8_v11 (System.Int32)]	0			RUNTIME_DISPATCH		UNRESOLVED	METHOD_POINTER:UNKNOWN_CLASS_SOURCE:CLASS_NOT_AN_INTERFACE_POINTER	[Add]
UnityEngine.UIElements.PanelEventHandler::SendTabEvent	CALL	v206 @ X20_v7	[v209 @ X8_v13 (System.Int32)]	0			RUNTIME_DISPATCH		UNRESOLVED	METHOD_POINTER:UNKNOWN_CLASS_SOURCE:CLASS_NOT_AN_INTERFACE_POINTER	[Add]
UnityEngine.UIElements.PanelEventHandler::SendKeyUpEvent	CALL	v311 @ X20_v8	[v314 @ X8_v14 (System.Int32)]	0			RUNTIME_DISPATCH		UNRESOLVED	METHOD_POINTER:UNKNOWN_CLASS_SOURCE:CLASS_NOT_AN_INTERFACE_POINTER	[Add]
UnityEngine.UIElements.PanelEventHandler::SendKeyDownEvent	CALL	v311 @ X20_v8	[v314 @ X8_v14 (System.Int32)]	0			RUNTIME_DISPATCH		UNRESOLVED	METHOD_POINTER:UNKNOWN_CLASS_SOURCE:CLASS_NOT_AN_INTERFACE_POINTER	[Add]
UnityEngine.EventSystems.ExecuteEvents::Execute	TAIL	handler @ X0 (UnityEngine.EventSystems.IPointerMoveHandler)	[v80 @ X8_v11 (System.Int32)]	0			RUNTIME_DISPATCH		UNRESOLVED	METHOD_POINTER:UNKNOWN_CLASS_SOURCE:CLASS_NOT_AN_INTERFACE_POINTER	[Add]
UnityEngine.EventSystems.ExecuteEvents::Execute	TAIL	handler @ X0 (UnityEngine.EventSystems.IPointerEnterHandler)	[v80 @ X8_v11 (System.Int32)]	0			RUNTIME_DISPATCH		UNRESOLVED	METHOD_POINTER:UNKNOWN_CLASS_SOURCE:CLASS_NOT_AN_INTERFACE_POINTER	[Add]
UnityEngine.EventSystems.ExecuteEvents::Execute	TAIL	handler @ X0 (UnityEngine.EventSystems.IPointerExitHandler)	[v80 @ X8_v11 (System.Int32)]	0			RUNTIME_DISPATCH		UNRESOLVED	METHOD_POINTER:UNKNOWN_CLASS_SOURCE:CLASS_NOT_AN_INTERFACE_POINTER	[Add]
UnityEngine.EventSystems.ExecuteEvents::Execute	TAIL	handler @ X0 (UnityEngine.EventSystems.IPointerDownHandler)	[v80 @ X8_v11 (System.Int32)]	0			RUNTIME_DISPATCH		UNRESOLVED	METHOD_POINTER:UNKNOWN_CLASS_SOURCE:CLASS_NOT_AN_INTERFACE_POINTER	[Add]
UnityEngine.EventSystems.ExecuteEvents::Execute	TAIL	handler @ X0 (UnityEngine.EventSystems.IPointerUpHandler)	[v80 @ X8_v11 (System.Int32)]	0			RUNTIME_DISPATCH		UNRESOLVED	METHOD_POINTER:UNKNOWN_CLASS_SOURCE:CLASS_NOT_AN_INTERFACE_POINTER	[Add]
UnityEngine.EventSystems.ExecuteEvents::Execute	TAIL	handler @ X0 (UnityEngine.EventSystems.IPointerClickHandler)	[v80 @ X8_v11 (System.Int32)]	0			RUNTIME_DISPATCH		UNRESOLVED	METHOD_POINTER:UNKNOWN_CLASS_SOURCE:CLASS_NOT_AN_INTERFACE_POINTER	[Add]
UnityEngine.EventSystems.ExecuteEvents::Execute	TAIL	handler @ X0 (UnityEngine.EventSystems.IInitializePotentialDragHandler)	[v80 @ X8_v11 (System.Int32)]	0			RUNTIME_DISPATCH		UNRESOLVED	METHOD_POINTER:UNKNOWN_CLASS_SOURCE:CLASS_NOT_AN_INTERFACE_POINTER	[Add]
UnityEngine.EventSystems.ExecuteEvents::Execute	TAIL	handler @ X0 (UnityEngine.EventSystems.IBeginDragHandler)	[v80 @ X8_v11 (System.Int32)]	0			RUNTIME_DISPATCH		UNRESOLVED	METHOD_POINTER:UNKNOWN_CLASS_SOURCE:CLASS_NOT_AN_INTERFACE_POINTER	[Add]
UnityEngine.EventSystems.ExecuteEvents::Execute	TAIL	handler @ X0 (UnityEngine.EventSystems.IDragHandler)	[v80 @ X8_v11 (System.Int32)]	0			RUNTIME_DISPATCH		UNRESOLVED	METHOD_POINTER:UNKNOWN_CLASS_SOURCE:CLASS_NOT_AN_INTERFACE_POINTER	[Add]
UnityEngine.EventSystems.ExecuteEvents::Execute	TAIL	handler @ X0 (UnityEngine.EventSystems.IEndDragHandler)	[v80 @ X8_v11 (System.Int32)]	0			RUNTIME_DISPATCH		UNRESOLVED	METHOD_POINTER:UNKNOWN_CLASS_SOURCE:CLASS_NOT_AN_INTERFACE_POINTER	[Add]
UnityEngine.EventSystems.ExecuteEvents::Execute	TAIL	handler @ X0 (UnityEngine.EventSystems.IDropHandler)	[v80 @ X8_v11 (System.Int32)]	0			RUNTIME_DISPATCH		UNRESOLVED	METHOD_POINTER:UNKNOWN_CLASS_SOURCE:CLASS_NOT_AN_INTERFACE_POINTER	[Add]
UnityEngine.EventSystems.ExecuteEvents::Execute	TAIL	handler @ X0 (UnityEngine.EventSystems.IScrollHandler)	[v80 @ X8_v11 (System.Int32)]	0			RUNTIME_DISPATCH		UNRESOLVED	METHOD_POINTER:UNKNOWN_CLASS_SOURCE:CLASS_NOT_AN_INTERFACE_POINTER	[Add]
UnityEngine.EventSystems.ExecuteEvents::Execute	TAIL	handler @ X0 (UnityEngine.EventSystems.IUpdateSelectedHandler)	[v45 @ X8_v4 (System.Int32)]	0			RUNTIME_DISPATCH		UNRESOLVED	METHOD_POINTER:UNKNOWN_CLASS_SOURCE:CLASS_NOT_AN_INTERFACE_POINTER	[Add]
UnityEngine.EventSystems.ExecuteEvents::Execute	TAIL	handler @ X0 (UnityEngine.EventSystems.ISelectHandler)	[v45 @ X8_v4 (System.Int32)]	0			RUNTIME_DISPATCH		UNRESOLVED	METHOD_POINTER:UNKNOWN_CLASS_SOURCE:CLASS_NOT_AN_INTERFACE_POINTER	[Add]
UnityEngine.EventSystems.ExecuteEvents::Execute	TAIL	handler @ X0 (UnityEngine.EventSystems.IDeselectHandler)	[v45 @ X8_v4 (System.Int32)]	0			RUNTIME_DISPATCH		UNRESOLVED	METHOD_POINTER:UNKNOWN_CLASS_SOURCE:CLASS_NOT_AN_INTERFACE_POINTER	[Add]
UnityEngine.EventSystems.ExecuteEvents::Execute	TAIL	handler @ X0 (UnityEngine.EventSystems.IMoveHandler)	[v80 @ X8_v11 (System.Int32)]	0			RUNTIME_DISPATCH		UNRESOLVED	METHOD_POINTER:UNKNOWN_CLASS_SOURCE:CLASS_NOT_AN_INTERFACE_POINTER	[Add]
UnityEngine.EventSystems.ExecuteEvents::Execute	TAIL	handler @ X0 (UnityEngine.EventSystems.ISubmitHandler)	[v45 @ X8_v4 (System.Int32)]	0			RUNTIME_DISPATCH		UNRESOLVED	METHOD_POINTER:UNKNOWN_CLASS_SOURCE:CLASS_NOT_AN_INTERFACE_POINTER	[Add]
UnityEngine.EventSystems.ExecuteEvents::Execute	TAIL	handler @ X0 (UnityEngine.EventSystems.ICancelHandler)	[v45 @ X8_v4 (System.Int32)]	0			RUNTIME_DISPATCH		UNRESOLVED	METHOD_POINTER:UNKNOWN_CLASS_SOURCE:CLASS_NOT_AN_INTERFACE_POINTER	[Add]
UnityEngine.EventSystems.ExecuteEvents::GetEventChain	CALL	eventChain @ X1 (System.Collections.Generic.IList`1<UnityEngine.Transform>)	[v48 @ X21_v4 (System.Int32)]	3			RUNTIME_DISPATCH		UNRESOLVED	METHOD_POINTER:UNKNOWN_CLASS_SOURCE:CLASS_NOT_AN_INTERFACE_POINTER	[Add]
UnityEngine.EventSystems.ExecuteEvents::GetEventChain	CALL	eventChain @ X1 (System.Collections.Generic.IList`1<UnityEngine.Transform>)	[v48 @ X21_v4 (System.Int32)]	2			RUNTIME_DISPATCH		UNRESOLVED	METHOD_POINTER:UNKNOWN_CLASS_SOURCE:CLASS_NOT_AN_INTERFACE_POINTER	[Add]
UnityEngine.EventSystems.ExecuteEvents::GetEventList	CALL	results @ X1 (System.Collections.Generic.IList`1<UnityEngine.EventSystems.IEventSystemHandler>)	[v388 @ X8_v25 (System.Int32)]	2			RUNTIME_DISPATCH		UNRESOLVED	METHOD_POINTER:UNKNOWN_CLASS_SOURCE:CLASS_NOT_AN_INTERFACE_POINTER	[Add]
<>f__AnonymousType0`1::Equals	TAIL	Type: Il2CppMethodInfo	value @ X1 (System.Object)	methodInfo @ X2 (Il2CppMethodInfo)			RUNTIME_DISPATCH		UNRESOLVED	TWO_LOADS_OTHER:UNKNOWN_CLASS_SOURCE:CLASS_NOT_AN_INTERFACE_POINTER	param:value
<>f__AnonymousType0`1::GetHashCode	CALL	Type: Il2CppMethodInfo	methodInfo @ X1 (Il2CppMethodInfo)	v17 @ X2			RUNTIME_DISPATCH		UNRESOLVED	TWO_LOADS_OTHER:UNKNOWN_CLASS_SOURCE:CLASS_NOT_AN_INTERFACE_POINTER	methodInfo
LogScroller::ClearLogs	CALL	v86 @ stack_-48_v6	[v143 @ X20_v9 (System.Int32)]	0			RUNTIME_DISPATCH		UNRESOLVED	METHOD_POINTER:UNKNOWN_CLASS_SOURCE:CLASS_NOT_AN_INTERFACE_POINTER	[Add]
LogScroller::ClearLogs	CALL	v86 @ stack_-48_v6	[v143 @ X20_v9 (System.Int32)]	1			RUNTIME_DISPATCH		UNRESOLVED	METHOD_POINTER:UNKNOWN_CLASS_SOURCE:CLASS_NOT_AN_INTERFACE_POINTER	[Add]
LogScroller::ClearLogs	CALL	v367 @ X0_v18	[v338 @ X21_v5 (System.Int32)]	0			RUNTIME_DISPATCH		UNRESOLVED	METHOD_POINTER:UNKNOWN_CLASS_SOURCE:CLASS_NOT_AN_INTERFACE_POINTER	[{Add | {{Add | DEFINED_3_TIMES} | self | {Add | DEFINED_3_TIMES}}}]
MainPage::_OnInitCloud	CALL	result @ X1 (Facebook.Unity.IInitCloudGameResult)	[v49 @ X21_v4 (System.Int32)]	0			RUNTIME_DISPATCH		UNRESOLVED	METHOD_POINTER:UNKNOWN_CLASS_SOURCE:CLASS_NOT_AN_INTERFACE_POINTER	[Add]
MainPage::_OnInitCloud	CALL	result @ X1 (Facebook.Unity.IInitCloudGameResult)	[v49 @ X21_v4 (System.Int32)]	1			RUNTIME_DISPATCH		UNRESOLVED	METHOD_POINTER:UNKNOWN_CLASS_SOURCE:CLASS_NOT_AN_INTERFACE_POINTER	[Add]
MainPage::_OnInitCloud	CALL	result @ X1 (Facebook.Unity.IInitCloudGameResult)	[v49 @ X21_v4 (System.Int32)]	0			RUNTIME_DISPATCH		UNRESOLVED	METHOD_POINTER:UNKNOWN_CLASS_SOURCE:CLASS_NOT_AN_INTERFACE_POINTER	[Add]
Menu::Awake	CALL	v87 @ stack_-48_v6	[v173 @ X21_v10 (System.Int32)]	0			RUNTIME_DISPATCH		UNRESOLVED	METHOD_POINTER:UNKNOWN_CLASS_SOURCE:CLASS_NOT_AN_INTERFACE_POINTER	[Add]
Menu::Awake	CALL	v87 @ stack_-48_v6	[v173 @ X21_v10 (System.Int32)]	1			RUNTIME_DISPATCH		UNRESOLVED	METHOD_POINTER:UNKNOWN_CLASS_SOURCE:CLASS_NOT_AN_INTERFACE_POINTER	[Add]
Menu::Awake	CALL	v357 @ X0_v28	[v327 @ X22_v5 (System.Int32)]	0			RUNTIME_DISPATCH		UNRESOLVED	METHOD_POINTER:UNKNOWN_CLASS_SOURCE:CLASS_NOT_AN_INTERFACE_POINTER	[{Add | {{Add | DEFINED_3_TIMES} | self | {Add | DEFINED_3_TIMES}}}]
Menu::_FindChild	CALL	v113 @ stack_-48_v6	[v54 @ X21_v9 (System.Int32)]	0			RUNTIME_DISPATCH		UNRESOLVED	METHOD_POINTER:UNKNOWN_CLASS_SOURCE:CLASS_NOT_AN_INTERFACE_POINTER	[Add]
Menu::_FindChild	CALL	v113 @ stack_-48_v6	[v54 @ X21_v9 (System.Int32)]	1			RUNTIME_DISPATCH		UNRESOLVED	METHOD_POINTER:UNKNOWN_CLASS_SOURCE:CLASS_NOT_AN_INTERFACE_POINTER	[Add]
Menu::_FindChild	CALL	v433 @ X0_v19	[v431 @ X22_v5 (System.Int32)]	0			RUNTIME_DISPATCH		UNRESOLVED	METHOD_POINTER:UNKNOWN_CLASS_SOURCE:CLASS_NOT_AN_INTERFACE_POINTER	[{Add | {self | {Add | DEFINED_3_TIMES} | {Add | DEFINED_3_TIMES}}}]
PurchasePage::LoadProducts	CALL	v111 @ stack_-58_v6	[v124 @ X21_v8 (System.Int32)]	0			RUNTIME_DISPATCH		UNRESOLVED	METHOD_POINTER:UNKNOWN_CLASS_SOURCE:CLASS_NOT_AN_INTERFACE_POINTER	[Add]
PurchasePage::LoadProducts	CALL	v111 @ stack_-58_v6	[v124 @ X21_v8 (System.Int32)]	1			RUNTIME_DISPATCH		UNRESOLVED	METHOD_POINTER:UNKNOWN_CLASS_SOURCE:CLASS_NOT_AN_INTERFACE_POINTER	[Add]
PurchasePage::LoadProducts	CALL	v432 @ X0_v22	[v425 @ X24_v5 (System.Int32)]	0			RUNTIME_DISPATCH		UNRESOLVED	METHOD_POINTER:UNKNOWN_CLASS_SOURCE:CLASS_NOT_AN_INTERFACE_POINTER	[{Add | {{Add | DEFINED_3_TIMES} | self | {Add | DEFINED_3_TIMES}}}]
PurchasePage::LoadPurchases	CALL	v111 @ stack_-58_v6	[v124 @ X21_v8 (System.Int32)]	0			RUNTIME_DISPATCH		UNRESOLVED	METHOD_POINTER:UNKNOWN_CLASS_SOURCE:CLASS_NOT_AN_INTERFACE_POINTER	[Add]
PurchasePage::LoadPurchases	CALL	v111 @ stack_-58_v6	[v124 @ X21_v8 (System.Int32)]	1			RUNTIME_DISPATCH		UNRESOLVED	METHOD_POINTER:UNKNOWN_CLASS_SOURCE:CLASS_NOT_AN_INTERFACE_POINTER	[Add]
PurchasePage::LoadPurchases	CALL	v432 @ X0_v22	[v425 @ X24_v5 (System.Int32)]	0			RUNTIME_DISPATCH		UNRESOLVED	METHOD_POINTER:UNKNOWN_CLASS_SOURCE:CLASS_NOT_AN_INTERFACE_POINTER	[{Add | {{Add | DEFINED_3_TIMES} | self | {Add | DEFINED_3_TIMES}}}]
PurchasePage::ToggleShowConsumedClicked	CALL	v113 @ stack_-48_v6	[v55 @ X22_v8 (System.Int32)]	0			RUNTIME_DISPATCH		UNRESOLVED	METHOD_POINTER:UNKNOWN_CLASS_SOURCE:CLASS_NOT_AN_INTERFACE_POINTER	[Add]
PurchasePage::ToggleShowConsumedClicked	CALL	v113 @ stack_-48_v6	[v55 @ X22_v8 (System.Int32)]	1			RUNTIME_DISPATCH		UNRESOLVED	METHOD_POINTER:UNKNOWN_CLASS_SOURCE:CLASS_NOT_AN_INTERFACE_POINTER	[Add]
PurchasePage::ToggleShowConsumedClicked	CALL	v406 @ X0_v19	[v409 @ X21_v6 (System.Int32)]	0			RUNTIME_DISPATCH		UNRESOLVED	METHOD_POINTER:UNKNOWN_CLASS_SOURCE:CLASS_NOT_AN_INTERFACE_POINTER	[{Add | {{Add | DEFINED_3_TIMES} | self | {Add | DEFINED_3_TIMES}}}]
FBWindowsA2UNotificationsManager::A2UNotificationCallback	CALL	result @ X1 (Facebook.Unity.IScheduleAppToUserNotificationResult)	[v48 @ X21_v4 (System.Int32)]	0			RUNTIME_DISPATCH		UNRESOLVED	METHOD_POINTER:UNKNOWN_CLASS_SOURCE:CLASS_NOT_AN_INTERFACE_POINTER	[Add]
FBWindowsA2UNotificationsManager::A2UNotificationCallback	CALL	result @ X1 (Facebook.Unity.IScheduleAppToUserNotificationResult)	[v48 @ X21_v4 (System.Int32)]	0			RUNTIME_DISPATCH		UNRESOLVED	METHOD_POINTER:UNKNOWN_CLASS_SOURCE:CLASS_NOT_AN_INTERFACE_POINTER	[Add]
FBWindowsFriendsManager::OpenFriendsDialogCallBack	CALL	result @ X1 (Facebook.Unity.IGamingServicesFriendFinderResult)	[v48 @ X21_v4 (System.Int32)]	0			RUNTIME_DISPATCH		UNRESOLVED	METHOD_POINTER:UNKNOWN_CLASS_SOURCE:CLASS_NOT_AN_INTERFACE_POINTER	[Add]
FBWindowsFriendsManager::OpenFriendsDialogCallBack	CALL	result @ X1 (Facebook.Unity.IGamingServicesFriendFinderResult)	[v48 @ X21_v4 (System.Int32)]	0			RUNTIME_DISPATCH		UNRESOLVED	METHOD_POINTER:UNKNOWN_CLASS_SOURCE:CLASS_NOT_AN_INTERFACE_POINTER	[Add]
FBWindowsFriendsManager::GetFriendFinderInvitationsCallback	CALL	receivedInvitations @ X1 (Facebook.Unity.IFriendFinderInvitationResult)	[v321 @ X21_v19 (System.Int32)]	0			RUNTIME_DISPATCH		UNRESOLVED	METHOD_POINTER:UNKNOWN_CLASS_SOURCE:CLASS_NOT_AN_INTERFACE_POINTER	[Add]
FBWindowsFriendsManager::GetFriendFinderInvitationsCallback	CALL	receivedInvitations @ X1 (Facebook.Unity.IFriendFinderInvitationResult)	[v321 @ X21_v19 (System.Int32)]	0			RUNTIME_DISPATCH		UNRESOLVED	METHOD_POINTER:UNKNOWN_CLASS_SOURCE:CLASS_NOT_AN_INTERFACE_POINTER	[Add]
FBWindowsFriendsManager::GetFriendFinderInvitationsCallback	CALL	receivedInvitations @ X1 (Facebook.Unity.IFriendFinderInvitationResult)	[v256 @ X22_v16 (System.Int32)]	0			RUNTIME_DISPATCH		UNRESOLVED	METHOD_POINTER:UNKNOWN_CLASS_SOURCE:CLASS_NOT_AN_INTERFACE_POINTER	[Add]
FBWindowsFriendsManager::GetFriendFinderInvitationsCallback	CALL	v1650 @ X0_v45	[v1654 @ X8_v35 (System.Int32)]	0			RUNTIME_DISPATCH		UNRESOLVED	METHOD_POINTER:UNKNOWN_CLASS_SOURCE:CLASS_NOT_AN_INTERFACE_POINTER	[Add]
FBWindowsFriendsManager::GetFriendFinderInvitationsCallback	CALL	receivedInvitations @ X1 (Facebook.Unity.IFriendFinderInvitationResult)	[v256 @ X22_v16 (System.Int32)]	0			RUNTIME_DISPATCH		UNRESOLVED	METHOD_POINTER:UNKNOWN_CLASS_SOURCE:CLASS_NOT_AN_INTERFACE_POINTER	[Add]
FBWindowsFriendsManager::GetFriendFinderInvitationsCallback	CALL	v274 @ stack_-68_v12	[v259 @ X26_v12 (System.Int32)]	0			RUNTIME_DISPATCH		UNRESOLVED	METHOD_POINTER:UNKNOWN_CLASS_SOURCE:CLASS_NOT_AN_INTERFACE_POINTER	[Add]
FBWindowsFriendsManager::GetFriendFinderInvitationsCallback	CALL	v274 @ stack_-68_v12	[v259 @ X26_v12 (System.Int32)]	1			RUNTIME_DISPATCH		UNRESOLVED	METHOD_POINTER:UNKNOWN_CLASS_SOURCE:CLASS_NOT_AN_INTERFACE_POINTER	[Add]
FBWindowsFriendsManager::GetFriendFinderInvitationsCallback	CALL	v1231 @ X0_v42	[v85 @ X25_v12 (System.Int32)]	0			RUNTIME_DISPATCH		UNRESOLVED	METHOD_POINTER:UNKNOWN_CLASS_SOURCE:CLASS_NOT_AN_INTERFACE_POINTER	[Add]
FBWindowsFriendsManager::GetFriendFinderInvitationsCallback	CALL	v1814 @ X0_v49	[v1819 @ X8_v44 (System.Int32)]	0			RUNTIME_DISPATCH		UNRESOLVED	METHOD_POINTER:UNKNOWN_CLASS_SOURCE:CLASS_NOT_AN_INTERFACE_POINTER	[Add]
FBWindowsFriendsManager::GetFriendFinderInvitationsCallback	CALL	v338 @ stack_-78_v12	[v259 @ X26_v12 (System.Int32)]	0			RUNTIME_DISPATCH		UNRESOLVED	METHOD_POINTER:UNKNOWN_CLASS_SOURCE:CLASS_NOT_AN_INTERFACE_POINTER	[Add]
FBWindowsFriendsManager::GetFriendFinderInvitationsCallback	CALL	v338 @ stack_-78_v12	[v1982 @ X8_v57 (System.Int32)]	0			RUNTIME_DISPATCH		UNRESOLVED	METHOD_POINTER:UNKNOWN_CLASS_SOURCE:CLASS_NOT_AN_INTERFACE_POINTER	[Add]
FBWindowsFriendsManager::GetFriendFinderInvitationsCallback	CALL	v1160 @ X21_v12	[v1129 @ X23_v12 (System.Int32)]	0			RUNTIME_DISPATCH		UNRESOLVED	METHOD_POINTER:UNKNOWN_CLASS_SOURCE:CLASS_NOT_AN_INTERFACE_POINTER	[{Add | Add}]
FBWindowsFriendsManager::DeleteFriendFinderInvitationCallback	CALL	receivedInvitations @ X1 (Facebook.Unity.IFriendFinderInvitationResult)	[v48 @ X22_v3 (System.Int32)]	0			RUNTIME_DISPATCH		UNRESOLVED	METHOD_POINTER:UNKNOWN_CLASS_SOURCE:CLASS_NOT_AN_INTERFACE_POINTER	[Add]
FBWindowsFriendsManager::DeleteFriendFinderInvitationCallback	CALL	receivedInvitations @ X1 (Facebook.Unity.IFriendFinderInvitationResult)	[v48 @ X22_v3 (System.Int32)]	0			RUNTIME_DISPATCH		UNRESOLVED	METHOD_POINTER:UNKNOWN_CLASS_SOURCE:CLASS_NOT_AN_INTERFACE_POINTER	[Add]
FBWindowsInitManager::InitCallback	CALL	v87 @ X0_v26 (Facebook.Unity.IFacebook)	[v155 @ X8_v12 (System.Int32)]	3			RUNTIME_DISPATCH		UNRESOLVED	METHOD_POINTER:UNKNOWN_CLASS_SOURCE:CLASS_NOT_AN_INTERFACE_POINTER	[Add]
FBWindowsLoginManager::AuthCallback	CALL	result @ X1 (Facebook.Unity.ILoginResult)	[v54 @ X21_v9 (System.Int32)]	0			RUNTIME_DISPATCH		UNRESOLVED	METHOD_POINTER:UNKNOWN_CLASS_SOURCE:CLASS_NOT_AN_INTERFACE_POINTER	[Add]
FBWindowsLoginManager::AuthCallback	CALL	result @ X1 (Facebook.Unity.ILoginResult)	[v54 @ X21_v9 (System.Int32)]	0			RUNTIME_DISPATCH		UNRESOLVED	METHOD_POINTER:UNKNOWN_CLASS_SOURCE:CLASS_NOT_AN_INTERFACE_POINTER	[Add]
FBWindowsLoginManager::AuthCallback	CALL	v176 @ X20_v12	[v669 @ X8_v30 (System.Int32)]	0			RUNTIME_DISPATCH		UNRESOLVED	METHOD_POINTER:UNKNOWN_CLASS_SOURCE:CLASS_NOT_AN_INTERFACE_POINTER	[Add]
FBWindowsLoginManager::AuthCallback	CALL	v748 @ X0_v39	[v169 @ X21_v13 (System.Int32)]	0			RUNTIME_DISPATCH		UNRESOLVED	METHOD_POINTER:UNKNOWN_CLASS_SOURCE:CLASS_NOT_AN_INTERFACE_POINTER	[Add]
FBWindowsLoginManager::AuthCallback	CALL	v748 @ X0_v39	[v80 @ X22_v9 (System.Int32)]	0			RUNTIME_DISPATCH		UNRESOLVED	METHOD_POINTER:UNKNOWN_CLASS_SOURCE:CLASS_NOT_AN_INTERFACE_POINTER	[Add]
FBWindowsLoginManager::AuthCallback	CALL	v514 @ X21_v7	[v520 @ X8_v9 (System.Int32)]	0			RUNTIME_DISPATCH		UNRESOLVED	METHOD_POINTER:UNKNOWN_CLASS_SOURCE:CLASS_NOT_AN_INTERFACE_POINTER	[Add]
FBWindowsPurchaseManager::ProcessGetCatalog	CALL	result @ X1 (Facebook.Unity.ICatalogResult)	[v257 @ X21_v18 (System.Int32)]	0			RUNTIME_DISPATCH		UNRESOLVED	METHOD_POINTER:UNKNOWN_CLASS_SOURCE:CLASS_NOT_AN_INTERFACE_POINTER	[Add]
FBWindowsPurchaseManager::ProcessGetCatalog	CALL	result @ X1 (Facebook.Unity.ICatalogResult)	[v257 @ X21_v18 (System.Int32)]	0			RUNTIME_DISPATCH		UNRESOLVED	METHOD_POINTER:UNKNOWN_CLASS_SOURCE:CLASS_NOT_AN_INTERFACE_POINTER	[Add]
FBWindowsPurchaseManager::ProcessGetCatalog	CALL	result @ X1 (Facebook.Unity.ICatalogResult)	[v1331 @ X8_v31 (System.Int32)]	0			RUNTIME_DISPATCH		UNRESOLVED	METHOD_POINTER:UNKNOWN_CLASS_SOURCE:CLASS_NOT_AN_INTERFACE_POINTER	[Add]
FBWindowsPurchaseManager::ProcessGetCatalog	CALL	v208 @ stack_-68_v11	[v64 @ X28_v12 (System.Int32)]	0			RUNTIME_DISPATCH		UNRESOLVED	METHOD_POINTER:UNKNOWN_CLASS_SOURCE:CLASS_NOT_AN_INTERFACE_POINTER	[Add]
FBWindowsPurchaseManager::ProcessGetCatalog	CALL	v208 @ stack_-68_v11	[v64 @ X28_v12 (System.Int32)]	1			RUNTIME_DISPATCH		UNRESOLVED	METHOD_POINTER:UNKNOWN_CLASS_SOURCE:CLASS_NOT_AN_INTERFACE_POINTER	[Add]
FBWindowsPurchaseManager::ProcessGetCatalog	CALL	v764 @ X0_v40	[v70 @ X27_v12 (System.Int32)]	0			RUNTIME_DISPATCH		UNRESOLVED	METHOD_POINTER:UNKNOWN_CLASS_SOURCE:CLASS_NOT_AN_INTERFACE_POINTER	[Add]
FBWindowsPurchaseManager::ProcessGetCatalog	CALL	v1417 @ X0_v46	[v1422 @ X8_v35 (System.Int32)]	0			RUNTIME_DISPATCH		UNRESOLVED	METHOD_POINTER:UNKNOWN_CLASS_SOURCE:CLASS_NOT_AN_INTERFACE_POINTER	[Add]
FBWindowsPurchaseManager::ProcessGetCatalog	CALL	v1536 @ X21_v21	[v64 @ X28_v12 (System.Int32)]	0			RUNTIME_DISPATCH		UNRESOLVED	METHOD_POINTER:UNKNOWN_CLASS_SOURCE:CLASS_NOT_AN_INTERFACE_POINTER	[Add]
FBWindowsPurchaseManager::ProcessGetCatalog	CALL	v274 @ stack_-78_v12	[v1611 @ X8_v49 (System.Int32)]	0			RUNTIME_DISPATCH		UNRESOLVED	METHOD_POINTER:UNKNOWN_CLASS_SOURCE:CLASS_NOT_AN_INTERFACE_POINTER	[Add]
FBWindowsPurchaseManager::ProcessGetCatalog	CALL	v936 @ X21_v13	[v923 @ X23_v12 (System.Int32)]	0			RUNTIME_DISPATCH		UNRESOLVED	METHOD_POINTER:UNKNOWN_CLASS_SOURCE:CLASS_NOT_AN_INTERFACE_POINTER	[{Add | Add}]
FBWindowsPurchaseManager::ProcessPurchase	CALL	result @ X1 (Facebook.Unity.IPurchaseResult)	[v602 @ X22_v3 (System.Int32)]	0			RUNTIME_DISPATCH		UNRESOLVED	METHOD_POINTER:UNKNOWN_CLASS_SOURCE:CLASS_NOT_AN_INTERFACE_POINTER	[Add]
FBWindowsPurchaseManager::ProcessPurchase	CALL	result @ X1 (Facebook.Unity.IPurchaseResult)	[v103 @ X23_v5 (System.Int32)]	0			RUNTIME_DISPATCH		UNRESOLVED	METHOD_POINTER:UNKNOWN_CLASS_SOURCE:CLASS_NOT_AN_INTERFACE_POINTER	[Add]
FBWindowsPurchaseManager::ProcessPurchase	CALL	result @ X1 (Facebook.Unity.IPurchaseResult)	[v103 @ X23_v5 (System.Int32)]	0			RUNTIME_DISPATCH		UNRESOLVED	METHOD_POINTER:UNKNOWN_CLASS_SOURCE:CLASS_NOT_AN_INTERFACE_POINTER	[Add]
FBWindowsPurchaseManager::ProcessPurchase	CALL	result @ X1 (Facebook.Unity.IPurchaseResult)	[v103 @ X23_v5 (System.Int32)]	0			RUNTIME_DISPATCH		UNRESOLVED	METHOD_POINTER:UNKNOWN_CLASS_SOURCE:CLASS_NOT_AN_INTERFACE_POINTER	[Add]
FBWindowsPurchaseManager::ProcessPurchase	CALL	result @ X1 (Facebook.Unity.IPurchaseResult)	[v103 @ X23_v5 (System.Int32)]	0			RUNTIME_DISPATCH		UNRESOLVED	METHOD_POINTER:UNKNOWN_CLASS_SOURCE:CLASS_NOT_AN_INTERFACE_POINTER	[Add]
FBWindowsPurchaseManager::ProcessPurchase	CALL	result @ X1 (Facebook.Unity.IPurchaseResult)	[v103 @ X23_v5 (System.Int32)]	0			RUNTIME_DISPATCH		UNRESOLVED	METHOD_POINTER:UNKNOWN_CLASS_SOURCE:CLASS_NOT_AN_INTERFACE_POINTER	[Add]
FBWindowsPurchaseManager::ProcessPurchase	CALL	result @ X1 (Facebook.Unity.IPurchaseResult)	[v103 @ X23_v5 (System.Int32)]	0			RUNTIME_DISPATCH		UNRESOLVED	METHOD_POINTER:UNKNOWN_CLASS_SOURCE:CLASS_NOT_AN_INTERFACE_POINTER	[Add]
FBWindowsPurchaseManager::ProcessPurchase	CALL	result @ X1 (Facebook.Unity.IPurchaseResult)	[v103 @ X23_v5 (System.Int32)]	0			RUNTIME_DISPATCH		UNRESOLVED	METHOD_POINTER:UNKNOWN_CLASS_SOURCE:CLASS_NOT_AN_INTERFACE_POINTER	[Add]
FBWindowsPurchaseManager::ProcessPurchase	CALL	result @ X1 (Facebook.Unity.IPurchaseResult)	[v103 @ X23_v5 (System.Int32)]	0			RUNTIME_DISPATCH		UNRESOLVED	METHOD_POINTER:UNKNOWN_CLASS_SOURCE:CLASS_NOT_AN_INTERFACE_POINTER	[Add]
FBWindowsPurchaseManager::ProcessPurchase	CALL	result @ X1 (Facebook.Unity.IPurchaseResult)	[v103 @ X23_v5 (System.Int32)]	0			RUNTIME_DISPATCH		UNRESOLVED	METHOD_POINTER:UNKNOWN_CLASS_SOURCE:CLASS_NOT_AN_INTERFACE_POINTER	[Add]
FBWindowsPurchaseManager::ProcessPurchase	CALL	result @ X1 (Facebook.Unity.IPurchaseResult)	[v103 @ X23_v5 (System.Int32)]	0			RUNTIME_DISPATCH		UNRESOLVED	METHOD_POINTER:UNKNOWN_CLASS_SOURCE:CLASS_NOT_AN_INTERFACE_POINTER	[Add]
FBWindowsPurchaseManager::ProcessPurchase	CALL	result @ X1 (Facebook.Unity.IPurchaseResult)	[v103 @ X23_v5 (System.Int32)]	0			RUNTIME_DISPATCH		UNRESOLVED	METHOD_POINTER:UNKNOWN_CLASS_SOURCE:CLASS_NOT_AN_INTERFACE_POINTER	[Add]
FBWindowsPurchaseManager::ProcessPurchase	CALL	result @ X1 (Facebook.Unity.IPurchaseResult)	[v103 @ X23_v5 (System.Int32)]	0			RUNTIME_DISPATCH		UNRESOLVED	METHOD_POINTER:UNKNOWN_CLASS_SOURCE:CLASS_NOT_AN_INTERFACE_POINTER	[Add]
FBWindowsPurchaseManager::ProcessPurchase	CALL	result @ X1 (Facebook.Unity.IPurchaseResult)	[v602 @ X22_v3 (System.Int32)]	0			RUNTIME_DISPATCH		UNRESOLVED	METHOD_POINTER:UNKNOWN_CLASS_SOURCE:CLASS_NOT_AN_INTERFACE_POINTER	[Add]
FBWindowsPurchaseManager::processPurchases	CALL	result @ X1 (Facebook.Unity.IPurchasesResult)	[v286 @ X21_v16 (System.Int32)]	0			RUNTIME_DISPATCH		UNRESOLVED	METHOD_POINTER:UNKNOWN_CLASS_SOURCE:CLASS_NOT_AN_INTERFACE_POINTER	[Add]
FBWindowsPurchaseManager::processPurchases	CALL	result @ X1 (Facebook.Unity.IPurchasesResult)	[v286 @ X21_v16 (System.Int32)]	0			RUNTIME_DISPATCH		UNRESOLVED	METHOD_POINTER:UNKNOWN_CLASS_SOURCE:CLASS_NOT_AN_INTERFACE_POINTER	[Add]
FBWindowsPurchaseManager::processPurchases	CALL	result @ X1 (Facebook.Unity.IPurchasesResult)	[v287 @ X21_v18 (System.Int32)]	0			RUNTIME_DISPATCH		UNRESOLVED	METHOD_POINTER:UNKNOWN_CLASS_SOURCE:CLASS_NOT_AN_INTERFACE_POINTER	[Add]
FBWindowsPurchaseManager::processPurchases	CALL	result @ X1 (Facebook.Unity.IPurchasesResult)	[v287 @ X21_v18 (System.Int32)]	0			RUNTIME_DISPATCH		UNRESOLVED	METHOD_POINTER:UNKNOWN_CLASS_SOURCE:CLASS_NOT_AN_INTERFACE_POINTER	[Add]
FBWindowsPurchaseManager::processPurchases	CALL	v228 @ stack_-68_v9	[v64 @ X25_v10 (System.Int32)]	0			RUNTIME_DISPATCH		UNRESOLVED	METHOD_POINTER:UNKNOWN_CLASS_SOURCE:CLASS_NOT_AN_INTERFACE_POINTER	[Add]
FBWindowsPurchaseManager::processPurchases	CALL	v228 @ stack_-68_v9	[v64 @ X25_v10 (System.Int32)]	1			RUNTIME_DISPATCH		UNRESOLVED	METHOD_POINTER:UNKNOWN_CLASS_SOURCE:CLASS_NOT_AN_INTERFACE_POINTER	[Add]
FBWindowsPurchaseManager::processPurchases	CALL	v711 @ X0_v38	[v70 @ X27_v10 (System.Int32)]	0			RUNTIME_DISPATCH		UNRESOLVED	METHOD_POINTER:UNKNOWN_CLASS_SOURCE:CLASS_NOT_AN_INTERFACE_POINTER	[Add]
FBWindowsPurchaseManager::processPurchases	CALL	v1451 @ X0_v49	[v1456 @ X8_v43 (System.Int32)]	0			RUNTIME_DISPATCH		UNRESOLVED	METHOD_POINTER:UNKNOWN_CLASS_SOURCE:CLASS_NOT_AN_INTERFACE_POINTER	[Add]
FBWindowsPurchaseManager::processPurchases	CALL	v533 @ stack_-78_v11	[v64 @ X25_v10 (System.Int32)]	0			RUNTIME_DISPATCH		UNRESOLVED	METHOD_POINTER:UNKNOWN_CLASS_SOURCE:CLASS_NOT_AN_INTERFACE_POINTER	[Add]
FBWindowsPurchaseManager::processPurchases	CALL	v533 @ stack_-78_v11	[v1621 @ X8_v58 (System.Int32)]	0			RUNTIME_DISPATCH		UNRESOLVED	METHOD_POINTER:UNKNOWN_CLASS_SOURCE:CLASS_NOT_AN_INTERFACE_POINTER	[Add]
FBWindowsPurchaseManager::processPurchases	CALL	v765 @ X21_v10	[v763 @ X8_v14 (System.Int32)]	0			RUNTIME_DISPATCH		UNRESOLVED	METHOD_POINTER:UNKNOWN_CLASS_SOURCE:CLASS_NOT_AN_INTERFACE_POINTER	[{Add | Add}]
FBWindowsReferralsManager::CallbackReferralsCreate	CALL	result @ X1 (Facebook.Unity.IReferralsCreateResult)	[v53 @ X22_v3 (System.Int32)]	0			RUNTIME_DISPATCH		UNRESOLVED	METHOD_POINTER:UNKNOWN_CLASS_SOURCE:CLASS_NOT_AN_INTERFACE_POINTER	[Add]
FBWindowsReferralsManager::CallbackReferralsCreate	CALL	result @ X1 (Facebook.Unity.IReferralsCreateResult)	[v190 @ X22_v5 (System.Int32)]	1			RUNTIME_DISPATCH		UNRESOLVED	METHOD_POINTER:UNKNOWN_CLASS_SOURCE:CLASS_NOT_AN_INTERFACE_POINTER	[Add]
FBWindowsReferralsManager::CallbackReferralsCreate	CALL	result @ X1 (Facebook.Unity.IReferralsCreateResult)	[v53 @ X22_v3 (System.Int32)]	0			RUNTIME_DISPATCH		UNRESOLVED	METHOD_POINTER:UNKNOWN_CLASS_SOURCE:CLASS_NOT_AN_INTERFACE_POINTER	[Add]
FBWindowsReferralsManager::CallbackReferralsCreate	CALL	result @ X1 (Facebook.Unity.IReferralsCreateResult)	[v53 @ X22_v3 (System.Int32)]	2			RUNTIME_DISPATCH		UNRESOLVED	METHOD_POINTER:UNKNOWN_CLASS_SOURCE:CLASS_NOT_AN_INTERFACE_POINTER	[Add]
FBWindowsReferralsManager::CallbackReferralsCreate	CALL	result @ X1 (Facebook.Unity.IReferralsCreateResult)	[v190 @ X22_v5 (System.Int32)]	0			RUNTIME_DISPATCH		UNRESOLVED	METHOD_POINTER:UNKNOWN_CLASS_SOURCE:CLASS_NOT_AN_INTERFACE_POINTER	[Add]
FBWindowsReferralsManager::CallbackReferralsCreate	CALL	result @ X1 (Facebook.Unity.IReferralsCreateResult)	[v190 @ X22_v5 (System.Int32)]	1			RUNTIME_DISPATCH		UNRESOLVED	METHOD_POINTER:UNKNOWN_CLASS_SOURCE:CLASS_NOT_AN_INTERFACE_POINTER	[Add]
FBWindowsReferralsManager::CallbackReferralsGetData	CALL	result @ X1 (Facebook.Unity.IReferralsGetDataResult)	[v53 @ X22_v3 (System.Int32)]	0			RUNTIME_DISPATCH		UNRESOLVED	METHOD_POINTER:UNKNOWN_CLASS_SOURCE:CLASS_NOT_AN_INTERFACE_POINTER	[Add]
FBWindowsReferralsManager::CallbackReferralsGetData	CALL	result @ X1 (Facebook.Unity.IReferralsGetDataResult)	[v53 @ X22_v3 (System.Int32)]	0			RUNTIME_DISPATCH		UNRESOLVED	METHOD_POINTER:UNKNOWN_CLASS_SOURCE:CLASS_NOT_AN_INTERFACE_POINTER	[Add]
FBWindowsReferralsManager::CallbackReferralsGetData	CALL	result @ X1 (Facebook.Unity.IReferralsGetDataResult)	[v53 @ X22_v3 (System.Int32)]	2			RUNTIME_DISPATCH		UNRESOLVED	METHOD_POINTER:UNKNOWN_CLASS_SOURCE:CLASS_NOT_AN_INTERFACE_POINTER	[Add]
FBWindowsReferralsManager::CallbackReferralsGetData	CALL	result @ X1 (Facebook.Unity.IReferralsGetDataResult)	[v162 @ X22_v5 (System.Int32)]	0			RUNTIME_DISPATCH		UNRESOLVED	METHOD_POINTER:UNKNOWN_CLASS_SOURCE:CLASS_NOT_AN_INTERFACE_POINTER	[Add]
FBWindowsReferralsManager::CallbackReferralsGetData	CALL	result @ X1 (Facebook.Unity.IReferralsGetDataResult)	[v162 @ X22_v5 (System.Int32)]	1			RUNTIME_DISPATCH		UNRESOLVED	METHOD_POINTER:UNKNOWN_CLASS_SOURCE:CLASS_NOT_AN_INTERFACE_POINTER	[Add]
FBWindowsShareManager::CallbackUploadImage	CALL	result @ X1 (Facebook.Unity.IMediaUploadResult)	[v135 @ X22_v3 (System.Int32)]	0			RUNTIME_DISPATCH		UNRESOLVED	METHOD_POINTER:UNKNOWN_CLASS_SOURCE:CLASS_NOT_AN_INTERFACE_POINTER	[Add]
FBWindowsShareManager::CallbackUploadImage	CALL	result @ X1 (Facebook.Unity.IMediaUploadResult)	[v135 @ X22_v3 (System.Int32)]	0			RUNTIME_DISPATCH		UNRESOLVED	METHOD_POINTER:UNKNOWN_CLASS_SOURCE:CLASS_NOT_AN_INTERFACE_POINTER	[Add]
FBWindowsShareManager::CallbackUploadImage	CALL	result @ X1 (Facebook.Unity.IMediaUploadResult)	[v135 @ X22_v3 (System.Int32)]	2			RUNTIME_DISPATCH		UNRESOLVED	METHOD_POINTER:UNKNOWN_CLASS_SOURCE:CLASS_NOT_AN_INTERFACE_POINTER	[Add]
FBWindowsShareManager::CallbackUploadImage	CALL	result @ X1 (Facebook.Unity.IMediaUploadResult)	[v320 @ X10_v4 (System.Int32)]	0			RUNTIME_DISPATCH		UNRESOLVED	METHOD_POINTER:UNKNOWN_CLASS_SOURCE:CLASS_NOT_AN_INTERFACE_POINTER	[Add]
FBWindowsShareManager::CallbackUploadVideo	CALL	result @ X1 (Facebook.Unity.IMediaUploadResult)	[v135 @ X22_v3 (System.Int32)]	0			RUNTIME_DISPATCH		UNRESOLVED	METHOD_POINTER:UNKNOWN_CLASS_SOURCE:CLASS_NOT_AN_INTERFACE_POINTER	[Add]
FBWindowsShareManager::CallbackUploadVideo	CALL	result @ X1 (Facebook.Unity.IMediaUploadResult)	[v135 @ X22_v3 (System.Int32)]	0			RUNTIME_DISPATCH		UNRESOLVED	METHOD_POINTER:UNKNOWN_CLASS_SOURCE:CLASS_NOT_AN_INTERFACE_POINTER	[Add]
FBWindowsShareManager::CallbackUploadVideo	CALL	result @ X1 (Facebook.Unity.IMediaUploadResult)	[v135 @ X22_v3 (System.Int32)]	2			RUNTIME_DISPATCH		UNRESOLVED	METHOD_POINTER:UNKNOWN_CLASS_SOURCE:CLASS_NOT_AN_INTERFACE_POINTER	[Add]
FBWindowsShareManager::CallbackUploadVideo	CALL	result @ X1 (Facebook.Unity.IMediaUploadResult)	[v320 @ X10_v4 (System.Int32)]	0			RUNTIME_DISPATCH		UNRESOLVED	METHOD_POINTER:UNKNOWN_CLASS_SOURCE:CLASS_NOT_AN_INTERFACE_POINTER	[Add]
FBWindowsSoftKeyboardManager::CallbackSetSoftKeyboardOpen	CALL	result @ X1 (Facebook.Unity.ISoftKeyboardOpenResult)	[v53 @ X22_v3 (System.Int32)]	0			RUNTIME_DISPATCH		UNRESOLVED	METHOD_POINTER:UNKNOWN_CLASS_SOURCE:CLASS_NOT_AN_INTERFACE_POINTER	[Add]
FBWindowsSoftKeyboardManager::CallbackSetSoftKeyboardOpen	CALL	result @ X1 (Facebook.Unity.ISoftKeyboardOpenResult)	[v53 @ X22_v3 (System.Int32)]	0			RUNTIME_DISPATCH		UNRESOLVED	METHOD_POINTER:UNKNOWN_CLASS_SOURCE:CLASS_NOT_AN_INTERFACE_POINTER	[Add]
FBWindowsSoftKeyboardManager::CallbackSetSoftKeyboardOpen	CALL	result @ X1 (Facebook.Unity.ISoftKeyboardOpenResult)	[v53 @ X22_v3 (System.Int32)]	2			RUNTIME_DISPATCH		UNRESOLVED	METHOD_POINTER:UNKNOWN_CLASS_SOURCE:CLASS_NOT_AN_INTERFACE_POINTER	[Add]
FBWindowsSoftKeyboardManager::CallbackSetSoftKeyboardOpen	CALL	result @ X1 (Facebook.Unity.ISoftKeyboardOpenResult)	[v316 @ X10_v4 (System.Int32)]	0			RUNTIME_DISPATCH		UNRESOLVED	METHOD_POINTER:UNKNOWN_CLASS_SOURCE:CLASS_NOT_AN_INTERFACE_POINTER	[Add]
FBWindowsTournamentsManager::CallbackCreateTournament	CALL	result @ X1 (Facebook.Unity.ITournamentResult)	[v45 @ X21_v4 (System.Int32)]	0			RUNTIME_DISPATCH		UNRESOLVED	METHOD_POINTER:UNKNOWN_CLASS_SOURCE:CLASS_NOT_AN_INTERFACE_POINTER	[Add]
FBWindowsTournamentsManager::CallbackCreateTournament	CALL	result @ X1 (Facebook.Unity.ITournamentResult)	[v45 @ X21_v4 (System.Int32)]	2			RUNTIME_DISPATCH		UNRESOLVED	METHOD_POINTER:UNKNOWN_CLASS_SOURCE:CLASS_NOT_AN_INTERFACE_POINTER	[Add]
FBWindowsTournamentsManager::CallbackCreateTournament	CALL	result @ X1 (Facebook.Unity.ITournamentResult)	[v45 @ X21_v4 (System.Int32)]	0			RUNTIME_DISPATCH		UNRESOLVED	METHOD_POINTER:UNKNOWN_CLASS_SOURCE:CLASS_NOT_AN_INTERFACE_POINTER	[Add]
FBWindowsTournamentsManager::CallbackPostSessionScore	CALL	result @ X1 (Facebook.Unity.ISessionScoreResult)	[v45 @ X21_v4 (System.Int32)]	0			RUNTIME_DISPATCH		UNRESOLVED	METHOD_POINTER:UNKNOWN_CLASS_SOURCE:CLASS_NOT_AN_INTERFACE_POINTER	[Add]
FBWindowsTournamentsManager::CallbackPostSessionScore	CALL	result @ X1 (Facebook.Unity.ISessionScoreResult)	[v45 @ X21_v4 (System.Int32)]	2			RUNTIME_DISPATCH		UNRESOLVED	METHOD_POINTER:UNKNOWN_CLASS_SOURCE:CLASS_NOT_AN_INTERFACE_POINTER	[Add]
FBWindowsTournamentsManager::CallbackPostSessionScore	CALL	result @ X1 (Facebook.Unity.ISessionScoreResult)	[v45 @ X21_v4 (System.Int32)]	0			RUNTIME_DISPATCH		UNRESOLVED	METHOD_POINTER:UNKNOWN_CLASS_SOURCE:CLASS_NOT_AN_INTERFACE_POINTER	[Add]
FBWindowsTournamentsManager::CallbackPostTournamentScore	CALL	result @ X1 (Facebook.Unity.ITournamentScoreResult)	[v45 @ X21_v4 (System.Int32)]	0			RUNTIME_DISPATCH		UNRESOLVED	METHOD_POINTER:UNKNOWN_CLASS_SOURCE:CLASS_NOT_AN_INTERFACE_POINTER	[Add]
FBWindowsTournamentsManager::CallbackPostTournamentScore	CALL	result @ X1 (Facebook.Unity.ITournamentScoreResult)	[v45 @ X21_v4 (System.Int32)]	2			RUNTIME_DISPATCH		UNRESOLVED	METHOD_POINTER:UNKNOWN_CLASS_SOURCE:CLASS_NOT_AN_INTERFACE_POINTER	[Add]
FBWindowsTournamentsManager::CallbackPostTournamentScore	CALL	result @ X1 (Facebook.Unity.ITournamentScoreResult)	[v45 @ X21_v4 (System.Int32)]	0			RUNTIME_DISPATCH		UNRESOLVED	METHOD_POINTER:UNKNOWN_CLASS_SOURCE:CLASS_NOT_AN_INTERFACE_POINTER	[Add]
FBWindowsTournamentsManager::CallbackShareTournament	CALL	result @ X1 (Facebook.Unity.ITournamentScoreResult)	[v45 @ X21_v4 (System.Int32)]	0			RUNTIME_DISPATCH		UNRESOLVED	METHOD_POINTER:UNKNOWN_CLASS_SOURCE:CLASS_NOT_AN_INTERFACE_POINTER	[Add]
FBWindowsTournamentsManager::CallbackShareTournament	CALL	result @ X1 (Facebook.Unity.ITournamentScoreResult)	[v45 @ X21_v4 (System.Int32)]	2			RUNTIME_DISPATCH		UNRESOLVED	METHOD_POINTER:UNKNOWN_CLASS_SOURCE:CLASS_NOT_AN_INTERFACE_POINTER	[Add]
FBWindowsTournamentsManager::CallbackShareTournament	CALL	result @ X1 (Facebook.Unity.ITournamentScoreResult)	[v45 @ X21_v4 (System.Int32)]	0			RUNTIME_DISPATCH		UNRESOLVED	METHOD_POINTER:UNKNOWN_CLASS_SOURCE:CLASS_NOT_AN_INTERFACE_POINTER	[Add]
FBWindowsTournamentsManager::CallbackGetTournament	CALL	result @ X1 (Facebook.Unity.ITournamentResult)	[v45 @ X21_v4 (System.Int32)]	0			RUNTIME_DISPATCH		UNRESOLVED	METHOD_POINTER:UNKNOWN_CLASS_SOURCE:CLASS_NOT_AN_INTERFACE_POINTER	[Add]
FBWindowsTournamentsManager::CallbackGetTournament	CALL	result @ X1 (Facebook.Unity.ITournamentResult)	[v45 @ X21_v4 (System.Int32)]	2			RUNTIME_DISPATCH		UNRESOLVED	METHOD_POINTER:UNKNOWN_CLASS_SOURCE:CLASS_NOT_AN_INTERFACE_POINTER	[Add]
FBWindowsTournamentsManager::CallbackGetTournament	CALL	result @ X1 (Facebook.Unity.ITournamentResult)	[v45 @ X21_v4 (System.Int32)]	0			RUNTIME_DISPATCH		UNRESOLVED	METHOD_POINTER:UNKNOWN_CLASS_SOURCE:CLASS_NOT_AN_INTERFACE_POINTER	[Add]
FBWindowsVirtualGamepadManager::CallbackSetVirtualGamepadLayout	CALL	result @ X1 (Facebook.Unity.IVirtualGamepadLayoutResult)	[v53 @ X22_v3 (System.Int32)]	0			RUNTIME_DISPATCH		UNRESOLVED	METHOD_POINTER:UNKNOWN_CLASS_SOURCE:CLASS_NOT_AN_INTERFACE_POINTER	[Add]
FBWindowsVirtualGamepadManager::CallbackSetVirtualGamepadLayout	CALL	result @ X1 (Facebook.Unity.IVirtualGamepadLayoutResult)	[v53 @ X22_v3 (System.Int32)]	0			RUNTIME_DISPATCH		UNRESOLVED	METHOD_POINTER:UNKNOWN_CLASS_SOURCE:CLASS_NOT_AN_INTERFACE_POINTER	[Add]
FBWindowsVirtualGamepadManager::CallbackSetVirtualGamepadLayout	CALL	result @ X1 (Facebook.Unity.IVirtualGamepadLayoutResult)	[v53 @ X22_v3 (System.Int32)]	2			RUNTIME_DISPATCH		UNRESOLVED	METHOD_POINTER:UNKNOWN_CLASS_SOURCE:CLASS_NOT_AN_INTERFACE_POINTER	[Add]
FBWindowsVirtualGamepadManager::CallbackSetVirtualGamepadLayout	CALL	result @ X1 (Facebook.Unity.IVirtualGamepadLayoutResult)	[v316 @ X10_v4 (System.Int32)]	0			RUNTIME_DISPATCH		UNRESOLVED	METHOD_POINTER:UNKNOWN_CLASS_SOURCE:CLASS_NOT_AN_INTERFACE_POINTER	[Add]
ApplicationManager::OnAwake	CALL	v84 @ X0_v8 (DG.Tweening.IDOTweenInit)	[v88 @ X8_v6 (System.Int32)]	0			RUNTIME_DISPATCH		UNRESOLVED	METHOD_POINTER:UNKNOWN_CLASS_SOURCE:CLASS_NOT_AN_INTERFACE_POINTER	[Add]
FluidPhysicsCoupler::Shuffle	CALL	list @ X1 (System.Collections.Generic.IList`1<T>)	v100 @ X1_v5 (Il2CppClass<System.Collections.Generic.ICollection`1<T>>)	0	System.Collections.Generic.ICollection`1::get_Count	0x06002DE6	RUNTIME_DISPATCH	T	EXACT	lookup(receiver, interface class, slot) reaches the dispatch pointer; slot = Il2CppMethodDefinition.slot
FluidPhysicsCoupler::Shuffle	CALL	list @ X1 (System.Collections.Generic.IList`1<T>)	Type: Il2CppClass<System.Collections.Generic.IList`1<T>>	1	System.Collections.Generic.IList`1::set_Item	0x06002DFB	RUNTIME_DISPATCH		UNRESOLVED	INVOKER_THROUGH_METHOD:METADATA_USAGE:DISPATCH_PATH_NOT_RECOVERED	
FluidPhysicsCoupler::Shuffle	CALL	list @ X1 (System.Collections.Generic.IList`1<T>)	Type: Il2CppClass<System.Collections.Generic.IList`1<T>>	0	System.Collections.Generic.IList`1::get_Item	0x06002DFA	RUNTIME_DISPATCH		UNRESOLVED	INVOKER_THROUGH_METHOD:METADATA_USAGE:DISPATCH_PATH_NOT_RECOVERED	
FluidPhysicsCoupler::Shuffle	CALL	list @ X1 (System.Collections.Generic.IList`1<T>)	Type: Il2CppClass<System.Collections.Generic.IList`1<T>>	0	System.Collections.Generic.IList`1::get_Item	0x06002DFA	RUNTIME_DISPATCH		UNRESOLVED	INVOKER_THROUGH_METHOD:METADATA_USAGE:DISPATCH_PATH_NOT_RECOVERED	
FluidPhysicsCoupler::Shuffle	CALL	list @ X1 (System.Collections.Generic.IList`1<T>)	Type: Il2CppClass<System.Collections.Generic.IList`1<T>>	1	System.Collections.Generic.IList`1::set_Item	0x06002DFB	RUNTIME_DISPATCH		UNRESOLVED	INVOKER_THROUGH_METHOD:METADATA_USAGE:DISPATCH_PATH_NOT_RECOVERED	
JsonHelper::.cctor	CALL	v130 @ X20_v4 (System.Collections.Generic.IList`1<Newtonsoft.Json.JsonConverter>)	[v116 @ X22_v4 (System.Int32)]	2			RUNTIME_DISPATCH		UNRESOLVED	METHOD_POINTER:UNKNOWN_CLASS_SOURCE:CLASS_NOT_AN_INTERFACE_POINTER	[Add]
JsonHelper::.cctor	CALL	v131 @ X20_v5 (System.Collections.Generic.IList`1<Newtonsoft.Json.JsonConverter>)	[v116 @ X22_v4 (System.Int32)]	2			RUNTIME_DISPATCH		UNRESOLVED	METHOD_POINTER:UNKNOWN_CLASS_SOURCE:CLASS_NOT_AN_INTERFACE_POINTER	[Add]
Level::CollectBlocksRecursive	CALL	v127 @ stack_-68_v6	[v62 @ X23_v7 (System.Int32)]	0			RUNTIME_DISPATCH		UNRESOLVED	METHOD_POINTER:UNKNOWN_CLASS_SOURCE:CLASS_NOT_AN_INTERFACE_POINTER	[Add]
Level::CollectBlocksRecursive	CALL	v127 @ stack_-68_v6	[v62 @ X23_v7 (System.Int32)]	1			RUNTIME_DISPATCH		UNRESOLVED	METHOD_POINTER:UNKNOWN_CLASS_SOURCE:CLASS_NOT_AN_INTERFACE_POINTER	[Add]
Level::CollectBlocksRecursive	CALL	v472 @ X0_v18	[v466 @ X22_v5 (System.Int32)]	0			RUNTIME_DISPATCH		UNRESOLVED	METHOD_POINTER:UNKNOWN_CLASS_SOURCE:CLASS_NOT_AN_INTERFACE_POINTER	[{Add | {{Add | DEFINED_3_TIMES} | self | {Add | DEFINED_3_TIMES}}}]
UIIconGenerator::SetLayerRecursive	CALL	v106 @ stack_-48_v6	[v111 @ X23_v7 (System.Int32)]	0			RUNTIME_DISPATCH		UNRESOLVED	METHOD_POINTER:UNKNOWN_CLASS_SOURCE:CLASS_NOT_AN_INTERFACE_POINTER	[Add]
UIIconGenerator::SetLayerRecursive	CALL	v106 @ stack_-48_v6	[v111 @ X23_v7 (System.Int32)]	1			RUNTIME_DISPATCH		UNRESOLVED	METHOD_POINTER:UNKNOWN_CLASS_SOURCE:CLASS_NOT_AN_INTERFACE_POINTER	[Add]
UIIconGenerator::SetLayerRecursive	CALL	v391 @ X0_v18	[v397 @ X22_v6 (System.Int32)]	0			RUNTIME_DISPATCH		UNRESOLVED	METHOD_POINTER:UNKNOWN_CLASS_SOURCE:CLASS_NOT_AN_INTERFACE_POINTER	[{Add | {{Add | DEFINED_3_TIMES} | self | {Add | DEFINED_3_TIMES}}}]
Unity.VisualScripting.DictionaryCloner::FillClone	CALL	v84 @ X3_v2 (System.Collections.IDictionary)	[v62 @ X8_v5 (System.Int32)]	8			RUNTIME_DISPATCH		UNRESOLVED	METHOD_POINTER:UNKNOWN_CLASS_SOURCE:CLASS_NOT_AN_INTERFACE_POINTER	[Add]
Unity.VisualScripting.DictionaryCloner::FillClone	CALL	v305 @ X24_v5 (System.Collections.IDictionary)	[v652 @ X8_v28 (System.Int32)]	5			RUNTIME_DISPATCH		UNRESOLVED	METHOD_POINTER:UNKNOWN_CLASS_SOURCE:CLASS_NOT_AN_INTERFACE_POINTER	[Add]
Unity.VisualScripting.DictionaryCloner::FillClone	CALL	v295 @ X0_v4	[v90 @ X27_v3 (System.Int32)]	0			RUNTIME_DISPATCH		UNRESOLVED	METHOD_POINTER:UNKNOWN_CLASS_SOURCE:CLASS_NOT_AN_INTERFACE_POINTER	[Add]
Unity.VisualScripting.DictionaryCloner::FillClone	CALL	v295 @ X0_v4	[v88 @ X28_v3 (System.Int32)]	0			RUNTIME_DISPATCH		UNRESOLVED	METHOD_POINTER:UNKNOWN_CLASS_SOURCE:CLASS_NOT_AN_INTERFACE_POINTER	[Add]
Unity.VisualScripting.DictionaryCloner::FillClone	CALL	v295 @ X0_v4	[v88 @ X28_v3 (System.Int32)]	1			RUNTIME_DISPATCH		UNRESOLVED	METHOD_POINTER:UNKNOWN_CLASS_SOURCE:CLASS_NOT_AN_INTERFACE_POINTER	[Add]
Unity.VisualScripting.EnumerableCloner::FillClone	CALL	v61 @ X0_v3 (Unity.VisualScripting.IOptimizedInvoker)	[v92 @ X26_v8 (System.Int32)]	1			RUNTIME_DISPATCH		UNRESOLVED	METHOD_POINTER:UNKNOWN_CLASS_SOURCE:CLASS_NOT_AN_INTERFACE_POINTER	[Add]
Unity.VisualScripting.EnumerableCloner::FillClone	CALL	v539 @ X3_v5 (System.Collections.IEnumerable)	[v161 @ X8_v14 (System.Int32)]	0			RUNTIME_DISPATCH		UNRESOLVED	METHOD_POINTER:UNKNOWN_CLASS_SOURCE:CLASS_NOT_AN_INTERFACE_POINTER	[Add]
Unity.VisualScripting.EnumerableCloner::FillClone	CALL	v77 @ stack_-70_v7	[v90 @ X25_v8 (System.Int32)]	0			RUNTIME_DISPATCH		UNRESOLVED	METHOD_POINTER:UNKNOWN_CLASS_SOURCE:CLASS_NOT_AN_INTERFACE_POINTER	[Add]
Unity.VisualScripting.EnumerableCloner::FillClone	CALL	v77 @ stack_-70_v7	[v90 @ X25_v8 (System.Int32)]	1			RUNTIME_DISPATCH		UNRESOLVED	METHOD_POINTER:UNKNOWN_CLASS_SOURCE:CLASS_NOT_AN_INTERFACE_POINTER	[Add]
Unity.VisualScripting.EnumerableCloner::FillClone	CALL	v555 @ X0_v34	[v537 @ X24_v6 (System.Int32)]	0			RUNTIME_DISPATCH		UNRESOLVED	METHOD_POINTER:UNKNOWN_CLASS_SOURCE:CLASS_NOT_AN_INTERFACE_POINTER	[{{{DEFINED_2_TIMES | Add} | {DEFINED_2_TIMES | Add}} | Add}]
Unity.VisualScripting.FakeSerializationCloner::BeforeClone	TAIL	v46 @ X0_v3	[v19 @ X20_v2 (System.Int32)]	0			RUNTIME_DISPATCH		UNRESOLVED	METHOD_POINTER:UNKNOWN_CLASS_SOURCE:CLASS_NOT_AN_INTERFACE_POINTER	[Add]
Unity.VisualScripting.FakeSerializationCloner::AfterClone	TAIL	v46 @ X0_v3	[v19 @ X20_v2 (System.Int32)]	1			RUNTIME_DISPATCH		UNRESOLVED	METHOD_POINTER:UNKNOWN_CLASS_SOURCE:CLASS_NOT_AN_INTERFACE_POINTER	[Add]
Unity.VisualScripting.ListCloner::FillClone	CALL	v99 @ X25_v10 (System.Collections.IList)	[v65 @ X27_v3 (System.Int32)]	2			RUNTIME_DISPATCH		UNRESOLVED	METHOD_POINTER:UNKNOWN_CLASS_SOURCE:CLASS_NOT_AN_INTERFACE_POINTER	[Add]
Unity.VisualScripting.ListCloner::FillClone	CALL	original @ X3 (System.Collections.IList)	[v63 @ X26_v3 (System.Int32)]	1			RUNTIME_DISPATCH		UNRESOLVED	METHOD_POINTER:UNKNOWN_CLASS_SOURCE:CLASS_NOT_AN_INTERFACE_POINTER	[Add]
Unity.VisualScripting.ListCloner::FillClone	CALL	original @ X3 (System.Collections.IList)	[v65 @ X27_v3 (System.Int32)]	0			RUNTIME_DISPATCH		UNRESOLVED	METHOD_POINTER:UNKNOWN_CLASS_SOURCE:CLASS_NOT_AN_INTERFACE_POINTER	[Add]
Unity.VisualScripting.ListCloner::FillClone	CALL	v716 @ X25_v8 (System.Collections.IList)	[v63 @ X26_v3 (System.Int32)]	1			RUNTIME_DISPATCH		UNRESOLVED	METHOD_POINTER:UNKNOWN_CLASS_SOURCE:CLASS_NOT_AN_INTERFACE_POINTER	[Add]
Unity.VisualScripting.ListCloner::FillClone	CALL	v94 @ X24_v5 (System.Collections.IList)	[v65 @ X27_v3 (System.Int32)]	2			RUNTIME_DISPATCH		UNRESOLVED	METHOD_POINTER:UNKNOWN_CLASS_SOURCE:CLASS_NOT_AN_INTERFACE_POINTER	[Add]
Unity.VisualScripting.ListCloner::FillClone	CALL	original @ X3 (System.Collections.IList)	[v63 @ X26_v3 (System.Int32)]	1			RUNTIME_DISPATCH		UNRESOLVED	METHOD_POINTER:UNKNOWN_CLASS_SOURCE:CLASS_NOT_AN_INTERFACE_POINTER	[Add]
Unity.VisualScripting.ListCloner::FillClone	CALL	v98 @ X25_v11 (System.Collections.IList)	[v65 @ X27_v3 (System.Int32)]	0			RUNTIME_DISPATCH		UNRESOLVED	METHOD_POINTER:UNKNOWN_CLASS_SOURCE:CLASS_NOT_AN_INTERFACE_POINTER	[Add]
Unity.VisualScripting.ListCloner::FillClone	CALL	v93 @ X24_v10 (System.Collections.IList)	[v65 @ X27_v3 (System.Int32)]	1			RUNTIME_DISPATCH		UNRESOLVED	METHOD_POINTER:UNKNOWN_CLASS_SOURCE:CLASS_NOT_AN_INTERFACE_POINTER	[Add]
Unity.VisualScripting.ListCloner::FillClone	CALL	original @ X3 (System.Collections.IList)	[v65 @ X27_v3 (System.Int32)]	0			RUNTIME_DISPATCH		UNRESOLVED	METHOD_POINTER:UNKNOWN_CLASS_SOURCE:CLASS_NOT_AN_INTERFACE_POINTER	[Add]
Unity.VisualScripting.ReflectedCloner::FillClone	CALL	v98[v173 @ X27_v8 (System.Int32)]	v1059 @ X1_v36	2			RUNTIME_DISPATCH		UNRESOLVED	METHOD_POINTER:UNKNOWN_CLASS_SOURCE:CLASS_NOT_AN_INTERFACE_POINTER	{[Add] | [Add]}
Unity.VisualScripting.ReflectedCloner::FillClone	CALL	v98[v173 @ X27_v8 (System.Int32)]	[v170 @ X28_v6 (System.Int32)]	1			RUNTIME_DISPATCH		UNRESOLVED	METHOD_POINTER:UNKNOWN_CLASS_SOURCE:CLASS_NOT_AN_INTERFACE_POINTER	[Add]
Unity.VisualScripting.ReflectedCloner::FillClone	CALL	v98[v173 @ X27_v8 (System.Int32)]	[v170 @ X28_v6 (System.Int32)]	1			RUNTIME_DISPATCH		UNRESOLVED	METHOD_POINTER:UNKNOWN_CLASS_SOURCE:CLASS_NOT_AN_INTERFACE_POINTER	[Add]
Unity.VisualScripting.ReflectedCloner::FillClone	CALL	v98[v173 @ X27_v8 (System.Int32)]	[v170 @ X28_v6 (System.Int32)]	1			RUNTIME_DISPATCH		UNRESOLVED	METHOD_POINTER:UNKNOWN_CLASS_SOURCE:CLASS_NOT_AN_INTERFACE_POINTER	[Add]
Unity.VisualScripting.ReflectedCloner::GetOptimizedAccessors	CALL	v166 @ X0_v39 (System.Collections.Generic.IEnumerable`1<System.Reflection.MemberInfo>)	[v491 @ X8_v32 (System.Int32)]	0			RUNTIME_DISPATCH		UNRESOLVED	METHOD_POINTER:UNKNOWN_CLASS_SOURCE:CLASS_NOT_AN_INTERFACE_POINTER	[Add]
Unity.VisualScripting.ReflectedCloner::GetOptimizedAccessors	CALL	v676 @ X23_v13	[v209 @ X24_v13 (System.Int32)]	0			RUNTIME_DISPATCH		UNRESOLVED	METHOD_POINTER:UNKNOWN_CLASS_SOURCE:CLASS_NOT_AN_INTERFACE_POINTER	[Add]
Unity.VisualScripting.ReflectedCloner::GetOptimizedAccessors	CALL	v629 @ X0_v42	[v207 @ X25_v12 (System.Int32)]	0			RUNTIME_DISPATCH		UNRESOLVED	METHOD_POINTER:UNKNOWN_CLASS_SOURCE:CLASS_NOT_AN_INTERFACE_POINTER	[Add]
Unity.VisualScripting.ReflectedCloner::GetOptimizedAccessors	CALL	v709 @ X23_v10	[v735 @ X8_v19 (System.Int32)]	0			RUNTIME_DISPATCH		UNRESOLVED	METHOD_POINTER:UNKNOWN_CLASS_SOURCE:CLASS_NOT_AN_INTERFACE_POINTER	[Add]
Unity.VisualScripting.Cloning::Clone	CALL	v148 @ X21_v8	[v153 @ X8_v13 (System.Int32)]	0			RUNTIME_DISPATCH		UNRESOLVED	METHOD_POINTER:UNKNOWN_CLASS_SOURCE:CLASS_NOT_AN_INTERFACE_POINTER	[Add]
Unity.VisualScripting.Cloning::CloneInto	CALL	v263 @ X0_v15 (Unity.VisualScripting.ICloner)	[v312 @ X8_v27 (System.Int32)]	1			RUNTIME_DISPATCH		UNRESOLVED	METHOD_POINTER:UNKNOWN_CLASS_SOURCE:CLASS_NOT_AN_INTERFACE_POINTER	[Add]
Unity.VisualScripting.Cloning::CloneInto	CALL	v263 @ X0_v15 (Unity.VisualScripting.ICloner)	[v253 @ X25_v4 (System.Int32)]	2			RUNTIME_DISPATCH		UNRESOLVED	METHOD_POINTER:UNKNOWN_CLASS_SOURCE:CLASS_NOT_AN_INTERFACE_POINTER	[Add]
Unity.VisualScripting.Cloning::CloneInto	CALL	v263 @ X0_v15 (Unity.VisualScripting.ICloner)	[v253 @ X25_v4 (System.Int32)]	3			RUNTIME_DISPATCH		UNRESOLVED	METHOD_POINTER:UNKNOWN_CLASS_SOURCE:CLASS_NOT_AN_INTERFACE_POINTER	[Add]
Unity.VisualScripting.Cloning::CloneInto	CALL	v263 @ X0_v15 (Unity.VisualScripting.ICloner)	[v253 @ X25_v4 (System.Int32)]	4			RUNTIME_DISPATCH		UNRESOLVED	METHOD_POINTER:UNKNOWN_CLASS_SOURCE:CLASS_NOT_AN_INTERFACE_POINTER	[Add]
Unity.VisualScripting.Cloning::GetCloner	TAIL	v72 @ X0_v9	[v61 @ X22_v4 (System.Int32)]	0			RUNTIME_DISPATCH		UNRESOLVED	METHOD_POINTER:UNKNOWN_CLASS_SOURCE:CLASS_NOT_AN_INTERFACE_POINTER	[Add]
Unity.VisualScripting.Namespace+Collection::TryGetValue	TAIL	this.dict (System.Collections.Generic.Dictionary`2<System.String, Unity.VisualScripting.Namespace>)	[v50 @ X8_v4 (System.Int32)]	7			RUNTIME_DISPATCH		UNRESOLVED	METHOD_POINTER:UNKNOWN_CLASS_SOURCE:CLASS_NOT_AN_INTERFACE_POINTER	[Add]
Unity.VisualScripting.InvokerBase::VerifyArgument	CALL	v326 @ X0_v51 (System.Reflection.ParameterInfo[])	argIndex @ X2 (System.Int32)	0			RUNTIME_DISPATCH		UNRESOLVED	TWO_LOADS_OTHER:UNKNOWN_CLASS_SOURCE:CLASS_NOT_AN_INTERFACE_POINTER	param:argIndex
Unity.VisualScripting.OptimizedReflection::SetValueOptimized	TAIL	v69 @ X0_v18 (Unity.VisualScripting.IOptimizedAccessor)	[v75 @ X8_v11 (System.Int32)]	2			RUNTIME_DISPATCH		UNRESOLVED	METHOD_POINTER:UNKNOWN_CLASS_SOURCE:CLASS_NOT_AN_INTERFACE_POINTER	[Add]
Unity.VisualScripting.OptimizedReflection::GetFieldAccessor	CALL	v437 @ X20_v16 (Unity.VisualScripting.ReflectionFieldAccessor)	v734 @ X1_v17	0			RUNTIME_DISPATCH		UNRESOLVED	METHOD_POINTER:UNKNOWN_CLASS_SOURCE:CLASS_NOT_AN_INTERFACE_POINTER	{[Add] | [Add] | {[Add] | [Add]}}
Unity.VisualScripting.OptimizedReflection::SetValueOptimized	TAIL	v69 @ X0_v18 (Unity.VisualScripting.IOptimizedAccessor)	[v75 @ X8_v11 (System.Int32)]	2			RUNTIME_DISPATCH		UNRESOLVED	METHOD_POINTER:UNKNOWN_CLASS_SOURCE:CLASS_NOT_AN_INTERFACE_POINTER	[Add]
Unity.VisualScripting.OptimizedReflection::GetPropertyAccessor	CALL	v439 @ X20_v16 (Unity.VisualScripting.ReflectionPropertyAccessor)	v763 @ X1_v17	0			RUNTIME_DISPATCH		UNRESOLVED	METHOD_POINTER:UNKNOWN_CLASS_SOURCE:CLASS_NOT_AN_INTERFACE_POINTER	{[Add] | [Add] | {[Add] | [Add]}}
Unity.VisualScripting.RuntimeCodebase+<GetAssemblyAttributes>d__15::System.IDisposable.Dispose	CALL	v275 @ X19_v6 (System.Collections.Generic.IEnumerator`1<System.Attribute>)	[v20 @ X21_v2 (System.Int32)]	0			RUNTIME_DISPATCH		UNRESOLVED	METHOD_POINTER:UNKNOWN_CLASS_SOURCE:CLASS_NOT_AN_INTERFACE_POINTER	[Add]
Unity.VisualScripting.RuntimeCodebase+<GetAssemblyAttributes>d__15::System.IDisposable.Dispose	CALL	[v158 @ X20_v3+48]	[v20 @ X21_v2 (System.Int32)]	0			RUNTIME_DISPATCH		UNRESOLVED	METHOD_POINTER:UNKNOWN_CLASS_SOURCE:CLASS_NOT_AN_INTERFACE_POINTER	[Add]
Unity.VisualScripting.RuntimeCodebase+<GetAssemblyAttributes>d__15::MoveNext	CALL	this.assemblies (System.Collections.Generic.IEnumerable`1<System.Reflection.Assembly>)	[v983 @ X8_v89 (System.Int32)]	0			RUNTIME_DISPATCH		UNRESOLVED	METHOD_POINTER:UNKNOWN_CLASS_SOURCE:CLASS_NOT_AN_INTERFACE_POINTER	[Add]
Unity.VisualScripting.RuntimeCodebase+<GetAssemblyAttributes>d__15::MoveNext	CALL	v511.<>7__wrap1 (System.Collections.Generic.IEnumerator`1<System.Reflection.Assembly>)	[v55 @ X21_v2 (System.Int32)]	0			RUNTIME_DISPATCH		UNRESOLVED	METHOD_POINTER:UNKNOWN_CLASS_SOURCE:CLASS_NOT_AN_INTERFACE_POINTER	[Add]
Unity.VisualScripting.RuntimeCodebase+<GetAssemblyAttributes>d__15::MoveNext	CALL	v753 @ X0_v7 (System.Collections.Generic.IEnumerable`1<System.Attribute>)	[v57 @ X22_v2 (System.Int32)]	0			RUNTIME_DISPATCH		UNRESOLVED	METHOD_POINTER:UNKNOWN_CLASS_SOURCE:CLASS_NOT_AN_INTERFACE_POINTER	[Add]
Unity.VisualScripting.RuntimeCodebase+<GetAssemblyAttributes>d__15::MoveNext	CALL	this.<>7__wrap2 (System.Collections.Generic.IEnumerator`1<System.Attribute>)	[v53 @ X20_v3 (System.Int32)]	0			RUNTIME_DISPATCH		UNRESOLVED	METHOD_POINTER:UNKNOWN_CLASS_SOURCE:CLASS_NOT_AN_INTERFACE_POINTER	[Add]
Unity.VisualScripting.RuntimeCodebase+<GetAssemblyAttributes>d__15::MoveNext	CALL	this.<>7__wrap2 (System.Collections.Generic.IEnumerator`1<System.Attribute>)	[v59 @ X23_v2 (System.Int32)]	0			RUNTIME_DISPATCH		UNRESOLVED	METHOD_POINTER:UNKNOWN_CLASS_SOURCE:CLASS_NOT_AN_INTERFACE_POINTER	[Add]
Unity.VisualScripting.RuntimeCodebase+<GetAssemblyAttributes>d__15::MoveNext	CALL	this.<>7__wrap2 (System.Collections.Generic.IEnumerator`1<System.Attribute>)	[v613 @ X8_v29 (System.Int32)]	0			RUNTIME_DISPATCH		UNRESOLVED	METHOD_POINTER:UNKNOWN_CLASS_SOURCE:CLASS_NOT_AN_INTERFACE_POINTER	[Add]
Unity.VisualScripting.RuntimeCodebase+<GetAssemblyAttributes>d__15::MoveNext	CALL	v826 @ X19_v18 (System.Collections.Generic.IEnumerator`1<System.Reflection.Assembly>)	[v53 @ X20_v3 (System.Int32)]	0			RUNTIME_DISPATCH		UNRESOLVED	METHOD_POINTER:UNKNOWN_CLASS_SOURCE:CLASS_NOT_AN_INTERFACE_POINTER	[Add]
Unity.VisualScripting.RuntimeCodebase+<GetAssemblyAttributes>d__15::MoveNext	CALL	this.<>7__wrap1 (System.Collections.Generic.IEnumerator`1<System.Reflection.Assembly>)	[v1026 @ X8_v54 (System.Int32)]	0			RUNTIME_DISPATCH		UNRESOLVED	METHOD_POINTER:UNKNOWN_CLASS_SOURCE:CLASS_NOT_AN_INTERFACE_POINTER	[Add]
Unity.VisualScripting.RuntimeCodebase+<GetAssemblyAttributes>d__15::<>m__Finally1	TAIL	this.<>7__wrap1 (System.Collections.Generic.IEnumerator`1<System.Reflection.Assembly>)	[v42 @ X8_v5 (System.Int32)]	0			RUNTIME_DISPATCH		UNRESOLVED	METHOD_POINTER:UNKNOWN_CLASS_SOURCE:CLASS_NOT_AN_INTERFACE_POINTER	[Add]
Unity.VisualScripting.RuntimeCodebase+<GetAssemblyAttributes>d__15::<>m__Finally2	TAIL	this.<>7__wrap2 (System.Collections.Generic.IEnumerator`1<System.Attribute>)	[v42 @ X8_v5 (System.Int32)]	0			RUNTIME_DISPATCH		UNRESOLVED	METHOD_POINTER:UNKNOWN_CLASS_SOURCE:CLASS_NOT_AN_INTERFACE_POINTER	[Add]
Unity.VisualScripting.RuntimeCodebase::.cctor	CALL	v631 @ X0_v71 (System.Object)	[v642 @ X8_v52 (System.Int32)]	0			RUNTIME_DISPATCH		UNRESOLVED	METHOD_POINTER:UNKNOWN_CLASS_SOURCE:CLASS_NOT_AN_INTERFACE_POINTER	[Add]
Unity.VisualScripting.RuntimeCodebase::.cctor	CALL	v762 @ X21_v13	[v372 @ X28_v8 (System.Int32)]	0			RUNTIME_DISPATCH		UNRESOLVED	METHOD_POINTER:UNKNOWN_CLASS_SOURCE:CLASS_NOT_AN_INTERFACE_POINTER	[Add]
Unity.VisualScripting.RuntimeCodebase::.cctor	CALL	v245 @ stack_-78_v7	[v370 @ X27_v8 (System.Int32)]	0			RUNTIME_DISPATCH		UNRESOLVED	METHOD_POINTER:UNKNOWN_CLASS_SOURCE:CLASS_NOT_AN_INTERFACE_POINTER	[Add]
Unity.VisualScripting.RuntimeCodebase::.cctor	CALL	[v829 @ X8_v61]	[v836 @ X8_v65 (System.Int32)]	0			RUNTIME_DISPATCH		UNRESOLVED	METHOD_POINTER:UNKNOWN_CLASS_SOURCE:CLASS_NOT_AN_INTERFACE_POINTER	[Add]
Unity.VisualScripting.RuntimeCodebase::TrySystemTypeLookup	CALL	v98 @ X0_v59	[v691 @ X8_v37 (System.Int32)]	0			RUNTIME_DISPATCH		UNRESOLVED	METHOD_POINTER:UNKNOWN_CLASS_SOURCE:CLASS_NOT_AN_INTERFACE_POINTER	[Add]
Unity.VisualScripting.RuntimeCodebase::TrySystemTypeLookup	CALL	v771 @ X0_v62	[v180 @ X23_v19 (System.Int32)]	0			RUNTIME_DISPATCH		UNRESOLVED	METHOD_POINTER:UNKNOWN_CLASS_SOURCE:CLASS_NOT_AN_INTERFACE_POINTER	[Add]
Unity.VisualScripting.RuntimeCodebase::TrySystemTypeLookup	CALL	v771 @ X0_v62	[v174 @ X24_v17 (System.Int32)]	0			RUNTIME_DISPATCH		UNRESOLVED	METHOD_POINTER:UNKNOWN_CLASS_SOURCE:CLASS_NOT_AN_INTERFACE_POINTER	[Add]
Unity.VisualScripting.RuntimeCodebase::TrySystemTypeLookup	CALL	v551 @ X22_v11	[v555 @ X8_v14 (System.Int32)]	0			RUNTIME_DISPATCH		UNRESOLVED	METHOD_POINTER:UNKNOWN_CLASS_SOURCE:CLASS_NOT_AN_INTERFACE_POINTER	[Add]
Unity.VisualScripting.RuntimeCodebase::FetchRenamedNamespaces	CALL	v83 @ X0_v7	[v93 @ X8_v16 (System.Int32)]	0			RUNTIME_DISPATCH		UNRESOLVED	METHOD_POINTER:UNKNOWN_CLASS_SOURCE:CLASS_NOT_AN_INTERFACE_POINTER	[Add]
Unity.VisualScripting.RuntimeCodebase::FetchRenamedNamespaces	CALL	v428 @ X20_v13	[v341 @ X23_v9 (System.Int32)]	0			RUNTIME_DISPATCH		UNRESOLVED	METHOD_POINTER:UNKNOWN_CLASS_SOURCE:CLASS_NOT_AN_INTERFACE_POINTER	[Add]
Unity.VisualScripting.RuntimeCodebase::FetchRenamedNamespaces	CALL	v323 @ X0_v31	[v343 @ X24_v9 (System.Int32)]	0			RUNTIME_DISPATCH		UNRESOLVED	METHOD_POINTER:UNKNOWN_CLASS_SOURCE:CLASS_NOT_AN_INTERFACE_POINTER	[Add]
Unity.VisualScripting.RuntimeCodebase::FetchRenamedNamespaces	CALL	v618 @ X21_v8	[v624 @ X8_v10 (System.Int32)]	0			RUNTIME_DISPATCH		UNRESOLVED	METHOD_POINTER:UNKNOWN_CLASS_SOURCE:CLASS_NOT_AN_INTERFACE_POINTER	[Add]
Unity.VisualScripting.RuntimeCodebase::FetchRenamedAssemblies	CALL	v83 @ X0_v7	[v93 @ X8_v16 (System.Int32)]	0			RUNTIME_DISPATCH		UNRESOLVED	METHOD_POINTER:UNKNOWN_CLASS_SOURCE:CLASS_NOT_AN_INTERFACE_POINTER	[Add]
Unity.VisualScripting.RuntimeCodebase::FetchRenamedAssemblies	CALL	v428 @ X20_v13	[v341 @ X23_v9 (System.Int32)]	0			RUNTIME_DISPATCH		UNRESOLVED	METHOD_POINTER:UNKNOWN_CLASS_SOURCE:CLASS_NOT_AN_INTERFACE_POINTER	[Add]
Unity.VisualScripting.RuntimeCodebase::FetchRenamedAssemblies	CALL	v323 @ X0_v31	[v343 @ X24_v9 (System.Int32)]	0			RUNTIME_DISPATCH		UNRESOLVED	METHOD_POINTER:UNKNOWN_CLASS_SOURCE:CLASS_NOT_AN_INTERFACE_POINTER	[Add]
Unity.VisualScripting.RuntimeCodebase::FetchRenamedAssemblies	CALL	v618 @ X21_v8	[v624 @ X8_v10 (System.Int32)]	0			RUNTIME_DISPATCH		UNRESOLVED	METHOD_POINTER:UNKNOWN_CLASS_SOURCE:CLASS_NOT_AN_INTERFACE_POINTER	[Add]
Unity.VisualScripting.RuntimeCodebase::FetchRenamedTypes	CALL	v258 @ X20_v3	[v138 @ X8_v116 (System.Int32)]	0			RUNTIME_DISPATCH		UNRESOLVED	METHOD_POINTER:UNKNOWN_CLASS_SOURCE:CLASS_NOT_AN_INTERFACE_POINTER	[Add]
Unity.VisualScripting.RuntimeCodebase::FetchRenamedTypes	CALL	v367 @ X25_v8	[v277 @ X22_v8 (System.Int32)]	0			RUNTIME_DISPATCH		UNRESOLVED	METHOD_POINTER:UNKNOWN_CLASS_SOURCE:CLASS_NOT_AN_INTERFACE_POINTER	[Add]
Unity.VisualScripting.RuntimeCodebase::FetchRenamedTypes	CALL	v267 @ stack_-68_v3	[v730 @ X8_v25 (System.Int32)]	0			RUNTIME_DISPATCH		UNRESOLVED	METHOD_POINTER:UNKNOWN_CLASS_SOURCE:CLASS_NOT_AN_INTERFACE_POINTER	[Add]
Unity.VisualScripting.RuntimeCodebase::FetchRenamedTypes	CALL	v1041 @ X0_v46 (System.Object)	[v1053 @ X8_v41 (System.Int32)]	0			RUNTIME_DISPATCH		UNRESOLVED	METHOD_POINTER:UNKNOWN_CLASS_SOURCE:CLASS_NOT_AN_INTERFACE_POINTER	[Add]
Unity.VisualScripting.RuntimeCodebase::FetchRenamedTypes	CALL	v1138 @ X25_v13	[v277 @ X22_v8 (System.Int32)]	0			RUNTIME_DISPATCH		UNRESOLVED	METHOD_POINTER:UNKNOWN_CLASS_SOURCE:CLASS_NOT_AN_INTERFACE_POINTER	[Add]
Unity.VisualScripting.RuntimeCodebase::FetchRenamedTypes	CALL	v306 @ stack_-70_v8	[v1228 @ X8_v60 (System.Int32)]	0			RUNTIME_DISPATCH		UNRESOLVED	METHOD_POINTER:UNKNOWN_CLASS_SOURCE:CLASS_NOT_AN_INTERFACE_POINTER	[Add]
Unity.VisualScripting.RuntimeCodebase::FetchRenamedTypes	CALL	v1397 @ X0_v79 (System.Collections.Generic.IEnumerable`1<System.Object>)	[v1401 @ X8_v73 (System.Int32)]	0			RUNTIME_DISPATCH		UNRESOLVED	METHOD_POINTER:UNKNOWN_CLASS_SOURCE:CLASS_NOT_AN_INTERFACE_POINTER	[Add]
Unity.VisualScripting.RuntimeCodebase::FetchRenamedTypes	CALL	v448 @ X26_v15	[v277 @ X22_v8 (System.Int32)]	0			RUNTIME_DISPATCH		UNRESOLVED	METHOD_POINTER:UNKNOWN_CLASS_SOURCE:CLASS_NOT_AN_INTERFACE_POINTER	[Add]
Unity.VisualScripting.RuntimeCodebase::FetchRenamedTypes	CALL	v1480 @ X0_v86	[v280 @ X24_v7 (System.Int32)]	0			RUNTIME_DISPATCH		UNRESOLVED	METHOD_POINTER:UNKNOWN_CLASS_SOURCE:CLASS_NOT_AN_INTERFACE_POINTER	[Add]
Unity.VisualScripting.RuntimeCodebase::FetchRenamedTypes	CALL	[v1575 @ X8_v81]	[v1582 @ X8_v84 (System.Int32)]	0			RUNTIME_DISPATCH		UNRESOLVED	METHOD_POINTER:UNKNOWN_CLASS_SOURCE:CLASS_NOT_AN_INTERFACE_POINTER	[Add]
Unity.VisualScripting.RuntimeCodebase::FetchRenamedTypes	CALL	[v1225 @ X8_v51]	[v1234 @ X8_v54 (System.Int32)]	0			RUNTIME_DISPATCH		UNRESOLVED	METHOD_POINTER:UNKNOWN_CLASS_SOURCE:CLASS_NOT_AN_INTERFACE_POINTER	[Add]
Unity.VisualScripting.RuntimeCodebase::FetchRenamedTypes	CALL	[v723 @ X8_v9]	[v736 @ X8_v12 (System.Int32)]	0			RUNTIME_DISPATCH		UNRESOLVED	METHOD_POINTER:UNKNOWN_CLASS_SOURCE:CLASS_NOT_AN_INTERFACE_POINTER	[Add]
Unity.VisualScripting.Serialization::HandleResult	CALL	v186 @ X0_v12 (System.Collections.Generic.IEnumerable`1<System.String>)	[v260 @ X8_v18 (System.Int32)]	0			RUNTIME_DISPATCH		UNRESOLVED	METHOD_POINTER:UNKNOWN_CLASS_SOURCE:CLASS_NOT_AN_INTERFACE_POINTER	[Add]
Unity.VisualScripting.Serialization::HandleResult	CALL	v416 @ X0_v36	[v282 @ X23_v8 (System.Int32)]	0			RUNTIME_DISPATCH		UNRESOLVED	METHOD_POINTER:UNKNOWN_CLASS_SOURCE:CLASS_NOT_AN_INTERFACE_POINTER	[Add]
Unity.VisualScripting.Serialization::HandleResult	CALL	v416 @ X0_v36	[v725 @ X8_v30 (System.Int32)]	0			RUNTIME_DISPATCH		UNRESOLVED	METHOD_POINTER:UNKNOWN_CLASS_SOURCE:CLASS_NOT_AN_INTERFACE_POINTER	[Add]
Unity.VisualScripting.Serialization::HandleResult	CALL	v634 @ X20_v7	[v640 @ X8_v12 (System.Int32)]	0			RUNTIME_DISPATCH		UNRESOLVED	METHOD_POINTER:UNKNOWN_CLASS_SOURCE:CLASS_NOT_AN_INTERFACE_POINTER	[Add]
Unity.VisualScripting.SerializationData::ToString	CALL	v573 @ X21_v15	[v583 @ X8_v58 (System.Int32)]	0			RUNTIME_DISPATCH		UNRESOLVED	METHOD_POINTER:UNKNOWN_CLASS_SOURCE:CLASS_NOT_AN_INTERFACE_POINTER	[Add]
Unity.VisualScripting.LinqUtility+<Concat>d__0`1::System.IDisposable.Dispose	CALL	v287 @ X19_v6 (System.Collections.Generic.IEnumerator`1<T>)	[v22 @ X21_v2 (System.Int32)]	0			RUNTIME_DISPATCH		UNRESOLVED	METHOD_POINTER:UNKNOWN_CLASS_SOURCE:CLASS_NOT_AN_INTERFACE_POINTER	[Add]
Unity.VisualScripting.LinqUtility+<Concat>d__0`1::System.IDisposable.Dispose	CALL	[v165 @ X20_v3+38]	[v22 @ X21_v2 (System.Int32)]	0			RUNTIME_DISPATCH		UNRESOLVED	METHOD_POINTER:UNKNOWN_CLASS_SOURCE:CLASS_NOT_AN_INTERFACE_POINTER	[Add]
Unity.VisualScripting.LinqUtility+<Concat>d__0`1::MoveNext	CALL	v715 @ X0_v7 (System.Collections.Generic.IEnumerable`1<T>)	v845 @ X1_v6 (Il2CppClass<System.Collections.Generic.IEnumerable`1<T>>)	0	System.Collections.Generic.IEnumerable`1::GetEnumerator	0x06002DF6	RUNTIME_DISPATCH	T	EXACT	lookup(receiver, interface class, slot) reaches the dispatch pointer; slot = Il2CppMethodDefinition.slot
Unity.VisualScripting.LinqUtility+<Concat>d__0`1::MoveNext	CALL	v396 @ X19_v9 (System.Collections.Generic.IEnumerator`1<T>)	v614 @ X1_v14 (Il2CppClass<System.Collections.Generic.IEnumerator`1<T>>)	0	System.Collections.Generic.IEnumerator`1::get_Current	0x06002DF7	RUNTIME_DISPATCH	T	EXACT	lookup(receiver, interface class, slot) reaches the dispatch pointer; slot = Il2CppMethodDefinition.slot
Unity.VisualScripting.LinqUtility+<Concat>d__0`1::MoveNext	CALL	v131 @ X0_v86 (System.Collections.Generic.IEnumerator`1<T>)	[v274 @ X8_v69 (System.Int32)]	0			RUNTIME_DISPATCH		UNRESOLVED	METHOD_POINTER:UNKNOWN_CLASS_SOURCE:CLASS_NOT_AN_INTERFACE_POINTER	[Add]
Unity.VisualScripting.LinqUtility+<Concat>d__0`1::MoveNext	CALL	v392 @ X19_v18 (System.Collections.Generic.IEnumerator`1<T>)	[v52 @ X22_v2 (System.Int32)]	0			RUNTIME_DISPATCH		UNRESOLVED	METHOD_POINTER:UNKNOWN_CLASS_SOURCE:CLASS_NOT_AN_INTERFACE_POINTER	[Add]
Unity.VisualScripting.LinqUtility+<Concat>d__0`1::MoveNext	CALL	v392 @ X19_v18 (System.Collections.Generic.IEnumerator`1<T>)	[v50 @ X21_v2 (System.Int32)]	0			RUNTIME_DISPATCH		UNRESOLVED	METHOD_POINTER:UNKNOWN_CLASS_SOURCE:CLASS_NOT_AN_INTERFACE_POINTER	[Add]
Unity.VisualScripting.LinqUtility+<Concat>d__0`1::MoveNext	CALL	this.<>7__wrap2 (System.Collections.Generic.IEnumerator`1<T>)	[v60 @ X20_v3 (System.Int32)]	0			RUNTIME_DISPATCH		UNRESOLVED	METHOD_POINTER:UNKNOWN_CLASS_SOURCE:CLASS_NOT_AN_INTERFACE_POINTER	[Add]
Unity.VisualScripting.LinqUtility+<Concat>d__0`1::MoveNext	CALL	v388.<>7__wrap1 (System.Collections.Generic.IEnumerator`1<System.Collections.IEnumerable>)	[v50 @ X21_v2 (System.Int32)]	0			RUNTIME_DISPATCH		UNRESOLVED	METHOD_POINTER:UNKNOWN_CLASS_SOURCE:CLASS_NOT_AN_INTERFACE_POINTER	[Add]
Unity.VisualScripting.LinqUtility+<Concat>d__0`1::MoveNext	CALL	this.<>7__wrap1 (System.Collections.Generic.IEnumerator`1<System.Collections.IEnumerable>)	[v60 @ X20_v3 (System.Int32)]	0			RUNTIME_DISPATCH		UNRESOLVED	METHOD_POINTER:UNKNOWN_CLASS_SOURCE:CLASS_NOT_AN_INTERFACE_POINTER	[Add]
Unity.VisualScripting.LinqUtility+<Concat>d__0`1::<>m__Finally1	TAIL	this.<>7__wrap1 (System.Collections.Generic.IEnumerator`1<System.Collections.IEnumerable>)	[v42 @ X8_v5 (System.Int32)]	0			RUNTIME_DISPATCH		UNRESOLVED	METHOD_POINTER:UNKNOWN_CLASS_SOURCE:CLASS_NOT_AN_INTERFACE_POINTER	[Add]
Unity.VisualScripting.LinqUtility+<Concat>d__0`1::<>m__Finally2	TAIL	this.<>7__wrap2 (System.Collections.Generic.IEnumerator`1<T>)	[v42 @ X8_v5 (System.Int32)]	0			RUNTIME_DISPATCH		UNRESOLVED	METHOD_POINTER:UNKNOWN_CLASS_SOURCE:CLASS_NOT_AN_INTERFACE_POINTER	[Add]
Unity.VisualScripting.LinqUtility::AddRange	CALL	items @ X1 (System.Collections.Generic.IEnumerable`1<T>)	v122 @ X1_v8 (Il2CppClass<System.Collections.Generic.IEnumerable`1<T>>)	0	System.Collections.Generic.IEnumerable`1::GetEnumerator	0x06002DF6	RUNTIME_DISPATCH	T	EXACT	lookup(receiver, interface class, slot) reaches the dispatch pointer; slot = Il2CppMethodDefinition.slot
Unity.VisualScripting.LinqUtility::AddRange	CALL	collection @ X0 (System.Collections.Generic.ICollection`1<T>)	v654 @ X1_v18 (Il2CppClass<System.Collections.Generic.ICollection`1<T>>)	2	System.Collections.Generic.ICollection`1::Add	0x06002DE8	RUNTIME_DISPATCH	T	EXACT	lookup(receiver, interface class, slot) reaches the dispatch pointer; slot = Il2CppMethodDefinition.slot
Unity.VisualScripting.LinqUtility::AddRange	CALL	v266 @ X0_v26	v580 @ X1_v15 (Il2CppClass<System.Collections.Generic.IEnumerator`1<T>>)	0	System.Collections.Generic.IEnumerator`1::get_Current	0x06002DF7	RUNTIME_DISPATCH	T	EXACT	lookup(receiver, interface class, slot) reaches the dispatch pointer; slot = Il2CppMethodDefinition.slot
Unity.VisualScripting.LinqUtility::AddRange	CALL	v266 @ X0_v26	[v69 @ X22_v7 (System.Int32)]	0			RUNTIME_DISPATCH		UNRESOLVED	METHOD_POINTER:UNKNOWN_CLASS_SOURCE:CLASS_NOT_AN_INTERFACE_POINTER	[Add]
Unity.VisualScripting.LinqUtility::AddRange	CALL	v397 @ X20_v6	[v403 @ X8_v9 (System.Int32)]	0			RUNTIME_DISPATCH		UNRESOLVED	METHOD_POINTER:UNKNOWN_CLASS_SOURCE:CLASS_NOT_AN_INTERFACE_POINTER	[Add]
Unity.VisualScripting.SavedVariables::MergeInitialAndSavedDeclarations	CALL	v221 @ X0_v200 (System.Collections.Generic.IEnumerable`1<System.Object>)	[v230 @ X8_v138 (System.Int32)]	0			RUNTIME_DISPATCH		UNRESOLVED	METHOD_POINTER:UNKNOWN_CLASS_SOURCE:CLASS_NOT_AN_INTERFACE_POINTER	[Add]
Unity.VisualScripting.SavedVariables::MergeInitialAndSavedDeclarations	CALL	v461 @ X21_v11	[v388 @ X26_v9 (System.Int32)]	0			RUNTIME_DISPATCH		UNRESOLVED	METHOD_POINTER:UNKNOWN_CLASS_SOURCE:CLASS_NOT_AN_INTERFACE_POINTER	[Add]
Unity.VisualScripting.SavedVariables::MergeInitialAndSavedDeclarations	CALL	v376 @ X0_v15	[v390 @ X27_v8 (System.Int32)]	0			RUNTIME_DISPATCH		UNRESOLVED	METHOD_POINTER:UNKNOWN_CLASS_SOURCE:CLASS_NOT_AN_INTERFACE_POINTER	[Add]
Unity.VisualScripting.SavedVariables::MergeInitialAndSavedDeclarations	CALL	v783 @ X20_v11	[v790 @ X8_v22 (System.Int32)]	0			RUNTIME_DISPATCH		UNRESOLVED	METHOD_POINTER:UNKNOWN_CLASS_SOURCE:CLASS_NOT_AN_INTERFACE_POINTER	[Add]
Unity.VisualScripting.SavedVariables::WarnAndNullifyUnityObjectReferences	CALL	v576 @ X20_v15	[v406 @ X22_v10 (System.Int32)]	0			RUNTIME_DISPATCH		UNRESOLVED	METHOD_POINTER:UNKNOWN_CLASS_SOURCE:CLASS_NOT_AN_INTERFACE_POINTER	[Add]
Unity.VisualScripting.SavedVariables::WarnAndNullifyUnityObjectReferences	CALL	v350 @ X0_v35	[v398 @ X23_v9 (System.Int32)]	0			RUNTIME_DISPATCH		UNRESOLVED	METHOD_POINTER:UNKNOWN_CLASS_SOURCE:CLASS_NOT_AN_INTERFACE_POINTER	[Add]
Unity.VisualScripting.SavedVariables::WarnAndNullifyUnityObjectReferences	CALL	v416 @ X20_v9	[v421 @ X8_v14 (System.Int32)]	0			RUNTIME_DISPATCH		UNRESOLVED	METHOD_POINTER:UNKNOWN_CLASS_SOURCE:CLASS_NOT_AN_INTERFACE_POINTER	[Add]
Unity.VisualScripting.VariableDeclarationCollection::TryGetValue	TAIL	this.dict (System.Collections.Generic.Dictionary`2<System.String, Unity.VisualScripting.VariableDeclaration>)	[v50 @ X8_v4 (System.Int32)]	7			RUNTIME_DISPATCH		UNRESOLVED	METHOD_POINTER:UNKNOWN_CLASS_SOURCE:CLASS_NOT_AN_INTERFACE_POINTER	[Add]
Unity.VisualScripting.VariableDeclarations::System.Collections.IEnumerable.GetEnumerator	TAIL	v38 @ X19_v2 (Unity.VisualScripting.VariableDeclarationCollection)	[v41 @ X8_v4 (System.Int32)]	0			RUNTIME_DISPATCH		UNRESOLVED	METHOD_POINTER:UNKNOWN_CLASS_SOURCE:CLASS_NOT_AN_INTERFACE_POINTER	[Add]
Unity.VisualScripting.VariableDeclarationsCloner::FillClone	CALL	v225 @ X0_v25	[v130 @ X25_v7 (System.Int32)]	0			RUNTIME_DISPATCH		UNRESOLVED	METHOD_POINTER:UNKNOWN_CLASS_SOURCE:CLASS_NOT_AN_INTERFACE_POINTER	[Add]
Unity.VisualScripting.VariableDeclarationsCloner::FillClone	CALL	v225 @ X0_v25	[v128 @ X26_v7 (System.Int32)]	0			RUNTIME_DISPATCH		UNRESOLVED	METHOD_POINTER:UNKNOWN_CLASS_SOURCE:CLASS_NOT_AN_INTERFACE_POINTER	[Add]
Unity.VisualScripting.VariableDeclarationsCloner::FillClone	CALL	v412 @ X20_v7	[v415 @ X8_v9 (System.Int32)]	0			RUNTIME_DISPATCH		UNRESOLVED	METHOD_POINTER:UNKNOWN_CLASS_SOURCE:CLASS_NOT_AN_INTERFACE_POINTER	[Add]
Unity.VisualScripting.FullSerializer.fsArrayConverter::TrySerialize	CALL	instance @ X1 (System.Object)	[v232 @ X27_v4 (System.Int32)]	1			RUNTIME_DISPATCH		UNRESOLVED	METHOD_POINTER:UNKNOWN_CLASS_SOURCE:CLASS_NOT_AN_INTERFACE_POINTER	[Add]
Unity.VisualScripting.FullSerializer.fsArrayConverter::TrySerialize	CALL	instance @ X1 (System.Object)	[v232 @ X27_v4 (System.Int32)]	1			RUNTIME_DISPATCH		UNRESOLVED	METHOD_POINTER:UNKNOWN_CLASS_SOURCE:CLASS_NOT_AN_INTERFACE_POINTER	[Add]
Unity.VisualScripting.FullSerializer.fsArrayConverter::TrySerialize	CALL	instance @ X1 (System.Object)	[v225 @ X28_v4 (System.Int32)]	0			RUNTIME_DISPATCH		UNRESOLVED	METHOD_POINTER:UNKNOWN_CLASS_SOURCE:CLASS_NOT_AN_INTERFACE_POINTER	[Add]
Unity.VisualScripting.FullSerializer.fsDictionaryConverter::TrySerialize	CALL	v776 @ X0_v38	v1073 @ X1_v72	0			RUNTIME_DISPATCH		UNRESOLVED	METHOD_POINTER:UNKNOWN_CLASS_SOURCE:CLASS_NOT_AN_INTERFACE_POINTER	{[Add] | {[Add] | [Add]} | [Add]}
Unity.VisualScripting.FullSerializer.fsDictionaryConverter::TrySerialize	CALL	v776 @ X0_v38	[v1142 @ X8_v75 (System.Int32)]	0			RUNTIME_DISPATCH		UNRESOLVED	METHOD_POINTER:UNKNOWN_CLASS_SOURCE:CLASS_NOT_AN_INTERFACE_POINTER	[Add]
Unity.VisualScripting.FullSerializer.fsDictionaryConverter::TrySerialize	CALL	v776 @ X0_v38	[v1249 @ X8_v80 (System.Int32)]	1			RUNTIME_DISPATCH		UNRESOLVED	METHOD_POINTER:UNKNOWN_CLASS_SOURCE:CLASS_NOT_AN_INTERFACE_POINTER	[Add]
Unity.VisualScripting.FullSerializer.fsDictionaryConverter::TrySerialize	CALL	v106 @ X0_v15 (System.Object)	[v99 @ X26_v4 (System.Int32)]	8			RUNTIME_DISPATCH		UNRESOLVED	METHOD_POINTER:UNKNOWN_CLASS_SOURCE:CLASS_NOT_AN_INTERFACE_POINTER	[Add]
Unity.VisualScripting.FullSerializer.fsDictionaryConverter::TrySerialize	CALL	v106 @ X0_v15 (System.Object)	[v563 @ X22_v9 (System.Int32)]	1			RUNTIME_DISPATCH		UNRESOLVED	METHOD_POINTER:UNKNOWN_CLASS_SOURCE:CLASS_NOT_AN_INTERFACE_POINTER	[Add]
Unity.VisualScripting.FullSerializer.fsDictionaryConverter::TrySerialize	CALL	v106 @ X0_v15 (System.Object)	[v505 @ X27_v6 (System.Int32)]	1			RUNTIME_DISPATCH		UNRESOLVED	METHOD_POINTER:UNKNOWN_CLASS_SOURCE:CLASS_NOT_AN_INTERFACE_POINTER	[{Add | Add}]
Unity.VisualScripting.FullSerializer.fsDictionaryConverter::AddItemToDictionary	CALL	dictionary @ X1 (System.Collections.IDictionary)	[v128 @ X8_v39 (System.Int32)]	1			RUNTIME_DISPATCH		UNRESOLVED	METHOD_POINTER:UNKNOWN_CLASS_SOURCE:CLASS_NOT_AN_INTERFACE_POINTER	[Add]
Unity.VisualScripting.FullSerializer.fsEnumConverter::TrySerialize	CALL	v249 @ stack_-68_v10	[v239 @ X25_v12 (System.Int32)]	0			RUNTIME_DISPATCH		UNRESOLVED	METHOD_POINTER:UNKNOWN_CLASS_SOURCE:CLASS_NOT_AN_INTERFACE_POINTER	[Add]
Unity.VisualScripting.FullSerializer.fsEnumConverter::TrySerialize	CALL	v249 @ stack_-68_v10	[v239 @ X25_v12 (System.Int32)]	1			RUNTIME_DISPATCH		UNRESOLVED	METHOD_POINTER:UNKNOWN_CLASS_SOURCE:CLASS_NOT_AN_INTERFACE_POINTER	[Add]
Unity.VisualScripting.FullSerializer.fsEnumConverter::TrySerialize	CALL	v577 @ X0_v4	[v112 @ X25_v3 (System.Int32)]	0			RUNTIME_DISPATCH		UNRESOLVED	METHOD_POINTER:UNKNOWN_CLASS_SOURCE:CLASS_NOT_AN_INTERFACE_POINTER	[Add]
Unity.VisualScripting.FullSerializer.fsEnumConverter::ArrayContains	CALL	Type: Il2CppMethodInfo	v64 @ X1_v2 (T)	value @ X1 (T)			RUNTIME_DISPATCH		UNRESOLVED	TWO_LOADS_OTHER:UNKNOWN_CLASS_SOURCE:CLASS_NOT_AN_INTERFACE_POINTER	{param:value | ArrayAccess}
Unity.VisualScripting.FullSerializer.fsIEnumerableConverter::TrySerialize	CALL	v93 @ X19_v2 (System.Collections.IEnumerable)	[v59 @ X26_v2 (System.Int32)]	0			RUNTIME_DISPATCH		UNRESOLVED	METHOD_POINTER:UNKNOWN_CLASS_SOURCE:CLASS_NOT_AN_INTERFACE_POINTER	[Add]
Unity.VisualScripting.FullSerializer.fsIEnumerableConverter::TrySerialize	CALL	v494 @ X23_v11	[v408 @ X26_v10 (System.Int32)]	0			RUNTIME_DISPATCH		UNRESOLVED	METHOD_POINTER:UNKNOWN_CLASS_SOURCE:CLASS_NOT_AN_INTERFACE_POINTER	[Add]
Unity.VisualScripting.FullSerializer.fsIEnumerableConverter::TrySerialize	CALL	v151 @ stack_-78_v6	[v408 @ X26_v10 (System.Int32)]	1			RUNTIME_DISPATCH		UNRESOLVED	METHOD_POINTER:UNKNOWN_CLASS_SOURCE:CLASS_NOT_AN_INTERFACE_POINTER	[Add]
Unity.VisualScripting.FullSerializer.fsIEnumerableConverter::TrySerialize	CALL	v542 @ X0_v18	[v241 @ X24_v6 (System.Int32)]	0			RUNTIME_DISPATCH		UNRESOLVED	METHOD_POINTER:UNKNOWN_CLASS_SOURCE:CLASS_NOT_AN_INTERFACE_POINTER	[Add]
Unity.VisualScripting.FullSerializer.fsIEnumerableConverter::HintSize	TAIL	v159 @ X0_v14	[v19 @ X21_v2 (System.Int32)]	1			RUNTIME_DISPATCH		UNRESOLVED	METHOD_POINTER:UNKNOWN_CLASS_SOURCE:CLASS_NOT_AN_INTERFACE_POINTER	[Add]
Unity.VisualScripting.FullSerializer.fsSerializationCallbackProcessor::OnBeforeSerialize	TAIL	v127 @ X0_v10	[v45 @ X21_v3 (System.Int32)]	0			RUNTIME_DISPATCH		UNRESOLVED	METHOD_POINTER:UNKNOWN_CLASS_SOURCE:CLASS_NOT_AN_INTERFACE_POINTER	[Add]
Unity.VisualScripting.FullSerializer.fsSerializationCallbackProcessor::OnAfterSerialize	TAIL	v140 @ X0_v10	[v50 @ X22_v3 (System.Int32)]	1			RUNTIME_DISPATCH		UNRESOLVED	METHOD_POINTER:UNKNOWN_CLASS_SOURCE:CLASS_NOT_AN_INTERFACE_POINTER	[Add]
Unity.VisualScripting.FullSerializer.fsSerializationCallbackProcessor::OnBeforeDeserializeAfterInstanceCreation	TAIL	v101 @ X0_v41	[v27 @ X23_v2 (System.Int32)]	2			RUNTIME_DISPATCH		UNRESOLVED	METHOD_POINTER:UNKNOWN_CLASS_SOURCE:CLASS_NOT_AN_INTERFACE_POINTER	[Add]
Unity.VisualScripting.FullSerializer.fsSerializationCallbackProcessor::OnAfterDeserialize	TAIL	v127 @ X0_v10	[v45 @ X21_v3 (System.Int32)]	3			RUNTIME_DISPATCH		UNRESOLVED	METHOD_POINTER:UNKNOWN_CLASS_SOURCE:CLASS_NOT_AN_INTERFACE_POINTER	[Add]
Unity.VisualScripting.FullSerializer.fsSerializationCallbackReceiverProcessor::OnBeforeSerialize	TAIL	v202 @ X0_v10	[v119 @ X21_v3 (System.Int32)]	0			RUNTIME_DISPATCH		UNRESOLVED	METHOD_POINTER:UNKNOWN_CLASS_SOURCE:CLASS_NOT_AN_INTERFACE_POINTER	[Add]
Unity.VisualScripting.FullSerializer.fsSerializationCallbackReceiverProcessor::OnAfterDeserialize	TAIL	v202 @ X0_v10	[v119 @ X21_v3 (System.Int32)]	1			RUNTIME_DISPATCH		UNRESOLVED	METHOD_POINTER:UNKNOWN_CLASS_SOURCE:CLASS_NOT_AN_INTERFACE_POINTER	[Add]
Unity.VisualScripting.FullSerializer.fsJsonPrinter::PrettyJson	CALL	v168 @ X21_v8	[v177 @ X8_v9 (System.Int32)]	0			RUNTIME_DISPATCH		UNRESOLVED	METHOD_POINTER:UNKNOWN_CLASS_SOURCE:CLASS_NOT_AN_INTERFACE_POINTER	[Add]
Unity.VisualScripting.FullSerializer.fsJsonPrinter::CompressedJson	CALL	v167 @ X21_v8	[v176 @ X8_v9 (System.Int32)]	0			RUNTIME_DISPATCH		UNRESOLVED	METHOD_POINTER:UNKNOWN_CLASS_SOURCE:CLASS_NOT_AN_INTERFACE_POINTER	[Add]
Unity.VisualScripting.FullSerializer.Internal.fsPortableReflection::GetAttribute	CALL	v84 @ X24_v1	[v87 @ X26_v4 (System.Int32)]	7			RUNTIME_DISPATCH		UNRESOLVED	METHOD_POINTER:UNKNOWN_CLASS_SOURCE:CLASS_NOT_AN_INTERFACE_POINTER	[Add]
Unity.VisualScripting.FullSerializer.Internal.fsPortableReflection::GetAttribute	CALL	v153 @ X21_v6	[v87 @ X26_v4 (System.Int32)]	1			RUNTIME_DISPATCH		UNRESOLVED	METHOD_POINTER:UNKNOWN_CLASS_SOURCE:CLASS_NOT_AN_INTERFACE_POINTER	[Add]
Facebook.MiniJSON.Json+Parser::Parse	CALL	v138 @ X21_v11	[v147 @ X8_v11 (System.Int32)]	0			RUNTIME_DISPATCH		UNRESOLVED	METHOD_POINTER:UNKNOWN_CLASS_SOURCE:CLASS_NOT_AN_INTERFACE_POINTER	[Add]
Facebook.MiniJSON.Json+Serializer::SerializeObject	CALL	obj @ X1 (System.Collections.IDictionary)	[v164 @ X23_v8 (System.Int32)]	2			RUNTIME_DISPATCH		UNRESOLVED	METHOD_POINTER:UNKNOWN_CLASS_SOURCE:CLASS_NOT_AN_INTERFACE_POINTER	[Add]
Facebook.MiniJSON.Json+Serializer::SerializeObject	CALL	v310 @ X0_v30	[v315 @ X8_v15 (System.Int32)]	0			RUNTIME_DISPATCH		UNRESOLVED	METHOD_POINTER:UNKNOWN_CLASS_SOURCE:CLASS_NOT_AN_INTERFACE_POINTER	[Add]
Facebook.MiniJSON.Json+Serializer::SerializeObject	CALL	v77 @ stack_-58_v7	[v87 @ X24_v8 (System.Int32)]	0			RUNTIME_DISPATCH		UNRESOLVED	METHOD_POINTER:UNKNOWN_CLASS_SOURCE:CLASS_NOT_AN_INTERFACE_POINTER	[Add]
Facebook.MiniJSON.Json+Serializer::SerializeObject	CALL	v77 @ stack_-58_v7	[v87 @ X24_v8 (System.Int32)]	1			RUNTIME_DISPATCH		UNRESOLVED	METHOD_POINTER:UNKNOWN_CLASS_SOURCE:CLASS_NOT_AN_INTERFACE_POINTER	[Add]
Facebook.MiniJSON.Json+Serializer::SerializeObject	CALL	obj @ X1 (System.Collections.IDictionary)	[v164 @ X23_v8 (System.Int32)]	0			RUNTIME_DISPATCH		UNRESOLVED	METHOD_POINTER:UNKNOWN_CLASS_SOURCE:CLASS_NOT_AN_INTERFACE_POINTER	[Add]
Facebook.MiniJSON.Json+Serializer::SerializeObject	CALL	v455 @ X0_v22	[v421 @ X22_v5 (System.Int32)]	0			RUNTIME_DISPATCH		UNRESOLVED	METHOD_POINTER:UNKNOWN_CLASS_SOURCE:CLASS_NOT_AN_INTERFACE_POINTER	[{Add | {{Add | DEFINED_3_TIMES} | self | {Add | DEFINED_3_TIMES}}}]
Facebook.MiniJSON.Json+Serializer::SerializeArray	CALL	array @ X1 (System.Collections.IList)	[v198 @ X8_v13 (System.Int32)]	0			RUNTIME_DISPATCH		UNRESOLVED	METHOD_POINTER:UNKNOWN_CLASS_SOURCE:CLASS_NOT_AN_INTERFACE_POINTER	[Add]
Facebook.MiniJSON.Json+Serializer::SerializeArray	CALL	v71 @ stack_-48_v7	[v150 @ X21_v9 (System.Int32)]	0			RUNTIME_DISPATCH		UNRESOLVED	METHOD_POINTER:UNKNOWN_CLASS_SOURCE:CLASS_NOT_AN_INTERFACE_POINTER	[Add]
Facebook.MiniJSON.Json+Serializer::SerializeArray	CALL	v71 @ stack_-48_v7	[v150 @ X21_v9 (System.Int32)]	1			RUNTIME_DISPATCH		UNRESOLVED	METHOD_POINTER:UNKNOWN_CLASS_SOURCE:CLASS_NOT_AN_INTERFACE_POINTER	[Add]
Facebook.MiniJSON.Json+Serializer::SerializeArray	CALL	v427 @ X0_v22	[v394 @ X22_v5 (System.Int32)]	0			RUNTIME_DISPATCH		UNRESOLVED	METHOD_POINTER:UNKNOWN_CLASS_SOURCE:CLASS_NOT_AN_INTERFACE_POINTER	[{Add | {{Add | DEFINED_3_TIMES} | self | {Add | DEFINED_3_TIMES}}}]
Facebook.Unity.CallbackManager::AddFacebookDelegate	CALL	v47 @ X21_v3	[v125 @ X8_v6 (System.Int32)]	5			RUNTIME_DISPATCH		UNRESOLVED	METHOD_POINTER:UNKNOWN_CLASS_SOURCE:CLASS_NOT_AN_INTERFACE_POINTER	[Add]
Facebook.Unity.CallbackManager::OnFacebookResponse	CALL	result @ X1 (Facebook.Unity.IInternalResult)	[v53 @ X23_v4 (System.Int32)]	0			RUNTIME_DISPATCH		UNRESOLVED	METHOD_POINTER:UNKNOWN_CLASS_SOURCE:CLASS_NOT_AN_INTERFACE_POINTER	[Add]
Facebook.Unity.CallbackManager::OnFacebookResponse	CALL	result @ X1 (Facebook.Unity.IInternalResult)	[v53 @ X23_v4 (System.Int32)]	0			RUNTIME_DISPATCH		UNRESOLVED	METHOD_POINTER:UNKNOWN_CLASS_SOURCE:CLASS_NOT_AN_INTERFACE_POINTER	[Add]
Facebook.Unity.CallbackManager::OnFacebookResponse	CALL	this.facebookDelegates (System.Collections.Generic.IDictionary`2<System.String, System.Object>)	[v76 @ X24_v8 (System.Int32)]	7			RUNTIME_DISPATCH		UNRESOLVED	METHOD_POINTER:UNKNOWN_CLASS_SOURCE:CLASS_NOT_AN_INTERFACE_POINTER	[Add]
Facebook.Unity.CallbackManager::OnFacebookResponse	CALL	result @ X1 (Facebook.Unity.IInternalResult)	[v53 @ X23_v4 (System.Int32)]	0			RUNTIME_DISPATCH		UNRESOLVED	METHOD_POINTER:UNKNOWN_CLASS_SOURCE:CLASS_NOT_AN_INTERFACE_POINTER	[Add]
Facebook.Unity.CallbackManager::OnFacebookResponse	CALL	v439 @ X20_v7 (System.Collections.Generic.IDictionary`2<System.String, System.Object>)	[v76 @ X24_v8 (System.Int32)]	6			RUNTIME_DISPATCH		UNRESOLVED	METHOD_POINTER:UNKNOWN_CLASS_SOURCE:CLASS_NOT_AN_INTERFACE_POINTER	[Add]
Facebook.Unity.CallbackManager::TryCallCallback	CALL	callback @ X0 (System.Object)	v43 @ X1_v12 (Il2CppClass<Facebook.Unity.FacebookDelegate`1<T>>)	methodInfo @ X2 (Il2CppMethodInfo)			RUNTIME_DISPATCH		UNRESOLVED	METHOD_POINTER:TYPED_CLASS_LOCAL:CLASS_NOT_AN_INTERFACE_POINTER	{usage:FacebookDelegate`1<T> | usage:FacebookDelegate`1<T>}
Facebook.Unity.Constants::get_GraphApiUserAgent	CALL	v82 @ X0_v10 (Facebook.Unity.IFacebook)	[v86 @ X8_v9 (System.Int32)]	3			RUNTIME_DISPATCH		UNRESOLVED	METHOD_POINTER:UNKNOWN_CLASS_SOURCE:CLASS_NOT_AN_INTERFACE_POINTER	[Add]
Facebook.Unity.FB+Mobile::IsImplicitPurchaseLoggingEnabled	TAIL	v37 @ X0_v2 (Facebook.Unity.Mobile.IMobileFacebook)	[v41 @ X8_v4 (System.Int32)]	0			RUNTIME_DISPATCH		UNRESOLVED	METHOD_POINTER:UNKNOWN_CLASS_SOURCE:CLASS_NOT_AN_INTERFACE_POINTER	[Add]
Facebook.Unity.FB+Windows::SetVirtualGamepadLayout	TAIL	v43 @ X0_v2 (Facebook.Unity.Windows.IWindowsFacebook)	v48 @ X1_v1	0	Facebook.Unity.Windows.IWindowsFacebook::SetVirtualGamepadLayout	0x0600034C	RUNTIME_DISPATCH		EXACT	lookup(receiver, interface class, slot) reaches the dispatch pointer; slot = Il2CppMethodDefinition.slot
Facebook.Unity.FB+Windows::SetSoftKeyboardOpen	TAIL	v43 @ X0_v2 (Facebook.Unity.Windows.IWindowsFacebook)	v48 @ X1_v1	1	Facebook.Unity.Windows.IWindowsFacebook::SetSoftKeyboardOpen	0x0600034D	RUNTIME_DISPATCH		EXACT	lookup(receiver, interface class, slot) reaches the dispatch pointer; slot = Il2CppMethodDefinition.slot
Facebook.Unity.FB+Windows::CreateReferral	TAIL	v43 @ X0_v2 (Facebook.Unity.Windows.IWindowsFacebook)	v48 @ X1_v1	2	Facebook.Unity.Windows.IWindowsFacebook::CreateReferral	0x0600034E	RUNTIME_DISPATCH		EXACT	lookup(receiver, interface class, slot) reaches the dispatch pointer; slot = Il2CppMethodDefinition.slot
Facebook.Unity.FB+Windows::GetDataReferral	TAIL	v38 @ X0_v2 (Facebook.Unity.Windows.IWindowsFacebook)	v43 @ X1_v1	3	Facebook.Unity.Windows.IWindowsFacebook::GetDataReferral	0x0600034F	RUNTIME_DISPATCH		EXACT	lookup(receiver, interface class, slot) reaches the dispatch pointer; slot = Il2CppMethodDefinition.slot
Facebook.Unity.FB::get_IsLoggedIn	TAIL	v76 @ X0_v15 (Facebook.Unity.IFacebook)	[v158 @ X8_v11 (System.Int32)]	0			RUNTIME_DISPATCH		UNRESOLVED	METHOD_POINTER:UNKNOWN_CLASS_SOURCE:CLASS_NOT_AN_INTERFACE_POINTER	[Add]
Facebook.Unity.FB::get_IsInitialized	TAIL	v82 @ X19_v6	[v85 @ X8_v11 (System.Int32)]	4			RUNTIME_DISPATCH		UNRESOLVED	METHOD_POINTER:UNKNOWN_CLASS_SOURCE:CLASS_NOT_AN_INTERFACE_POINTER	[Add]
Facebook.Unity.FB::get_LimitAppEventUsage	TAIL	v82 @ X19_v6	[v85 @ X8_v11 (System.Int32)]	1			RUNTIME_DISPATCH		UNRESOLVED	METHOD_POINTER:UNKNOWN_CLASS_SOURCE:CLASS_NOT_AN_INTERFACE_POINTER	[Add]
Facebook.Unity.FB::set_LimitAppEventUsage	TAIL	v89 @ X20_v6	[v92 @ X8_v11 (System.Int32)]	2			RUNTIME_DISPATCH		UNRESOLVED	METHOD_POINTER:UNKNOWN_CLASS_SOURCE:CLASS_NOT_AN_INTERFACE_POINTER	[Add]
Facebook.Unity.FB::LogInWithPublishPermissions	TAIL	v62 @ X0_v17 (Facebook.Unity.IFacebook)	[v68 @ X8_v11 (System.Int32)]	5			RUNTIME_DISPATCH		UNRESOLVED	METHOD_POINTER:UNKNOWN_CLASS_SOURCE:CLASS_NOT_AN_INTERFACE_POINTER	[Add]
Facebook.Unity.FB::LogInWithReadPermissions	TAIL	v62 @ X0_v17 (Facebook.Unity.IFacebook)	[v68 @ X8_v11 (System.Int32)]	6			RUNTIME_DISPATCH		UNRESOLVED	METHOD_POINTER:UNKNOWN_CLASS_SOURCE:CLASS_NOT_AN_INTERFACE_POINTER	[Add]
Facebook.Unity.FB::LogOut	TAIL	v55 @ X0_v16 (Facebook.Unity.IFacebook)	[v61 @ X8_v10 (System.Int32)]	7			RUNTIME_DISPATCH		UNRESOLVED	METHOD_POINTER:UNKNOWN_CLASS_SOURCE:CLASS_NOT_AN_INTERFACE_POINTER	[Add]
Facebook.Unity.FB::AppRequest	CALL	v74 @ X0_v4 (Facebook.Unity.IFacebook)	[v85 @ X8_v5 (System.Int32)]	8			RUNTIME_DISPATCH		UNRESOLVED	METHOD_POINTER:UNKNOWN_CLASS_SOURCE:CLASS_NOT_AN_INTERFACE_POINTER	[Add]
Facebook.Unity.FB::AppRequest	CALL	v75 @ X0_v4 (Facebook.Unity.IFacebook)	[v88 @ X8_v5 (System.Int32)]	8			RUNTIME_DISPATCH		UNRESOLVED	METHOD_POINTER:UNKNOWN_CLASS_SOURCE:CLASS_NOT_AN_INTERFACE_POINTER	[Add]
Facebook.Unity.FB::AppRequest	CALL	v80 @ X0_v18 (Facebook.Unity.IFacebook)	[v86 @ X8_v12 (System.Int32)]	8			RUNTIME_DISPATCH		UNRESOLVED	METHOD_POINTER:UNKNOWN_CLASS_SOURCE:CLASS_NOT_AN_INTERFACE_POINTER	[Add]
Facebook.Unity.FB::ShareLink	TAIL	v73 @ X0_v17 (Facebook.Unity.IFacebook)	[v79 @ X8_v11 (System.Int32)]	9			RUNTIME_DISPATCH		UNRESOLVED	METHOD_POINTER:UNKNOWN_CLASS_SOURCE:CLASS_NOT_AN_INTERFACE_POINTER	[Add]
Facebook.Unity.FB::FeedShare	CALL	v80 @ X0_v18 (Facebook.Unity.IFacebook)	[v86 @ X8_v12 (System.Int32)]	10			RUNTIME_DISPATCH		UNRESOLVED	METHOD_POINTER:UNKNOWN_CLASS_SOURCE:CLASS_NOT_AN_INTERFACE_POINTER	[Add]
Facebook.Unity.FB::API	TAIL	v68 @ X0_v24 (Facebook.Unity.IFacebook)	[v77 @ X8_v8 (System.Int32)]	11			RUNTIME_DISPATCH		UNRESOLVED	METHOD_POINTER:UNKNOWN_CLASS_SOURCE:CLASS_NOT_AN_INTERFACE_POINTER	[Add]
Facebook.Unity.FB::API	TAIL	v68 @ X0_v24 (Facebook.Unity.IFacebook)	[v77 @ X8_v8 (System.Int32)]	12			RUNTIME_DISPATCH		UNRESOLVED	METHOD_POINTER:UNKNOWN_CLASS_SOURCE:CLASS_NOT_AN_INTERFACE_POINTER	[Add]
Facebook.Unity.FB::ActivateApp	TAIL	v229 @ X19_v2 (Facebook.Unity.IFacebook)	[v108 @ X8_v16 (System.Int32)]	13			RUNTIME_DISPATCH		UNRESOLVED	METHOD_POINTER:UNKNOWN_CLASS_SOURCE:CLASS_NOT_AN_INTERFACE_POINTER	[Add]
Facebook.Unity.FB::GetAppLink	TAIL	v54 @ X0_v4 (Facebook.Unity.IFacebook)	[v139 @ X8_v7 (System.Int32)]	14			RUNTIME_DISPATCH		UNRESOLVED	METHOD_POINTER:UNKNOWN_CLASS_SOURCE:CLASS_NOT_AN_INTERFACE_POINTER	[Add]
Facebook.Unity.FB::LogAppEvent	TAIL	v67 @ X0_v17 (Facebook.Unity.IFacebook)	[v73 @ X8_v11 (System.Int32)]	15			RUNTIME_DISPATCH		UNRESOLVED	METHOD_POINTER:UNKNOWN_CLASS_SOURCE:CLASS_NOT_AN_INTERFACE_POINTER	[Add]
Facebook.Unity.FB::LogPurchase	TAIL	v73 @ X0_v6 (Facebook.Unity.IFacebook)	[v77 @ X8_v5 (System.Int32)]	16			RUNTIME_DISPATCH		UNRESOLVED	METHOD_POINTER:UNKNOWN_CLASS_SOURCE:CLASS_NOT_AN_INTERFACE_POINTER	[Add]
Facebook.Unity.FB::LogVersion	CALL	v182 @ X0_v33 (Facebook.Unity.IFacebook)	[v189 @ X8_v26 (System.Int32)]	3			RUNTIME_DISPATCH		UNRESOLVED	METHOD_POINTER:UNKNOWN_CLASS_SOURCE:CLASS_NOT_AN_INTERFACE_POINTER	[Add]
Facebook.Unity.FB::GetCatalog	TAIL	v61 @ X0_v17 (Facebook.Unity.IFacebook)	[v67 @ X8_v11 (System.Int32)]	17			RUNTIME_DISPATCH		UNRESOLVED	METHOD_POINTER:UNKNOWN_CLASS_SOURCE:CLASS_NOT_AN_INTERFACE_POINTER	[Add]
Facebook.Unity.FB::GetPurchases	TAIL	v61 @ X0_v17 (Facebook.Unity.IFacebook)	[v67 @ X8_v11 (System.Int32)]	18			RUNTIME_DISPATCH		UNRESOLVED	METHOD_POINTER:UNKNOWN_CLASS_SOURCE:CLASS_NOT_AN_INTERFACE_POINTER	[Add]
Facebook.Unity.FB::Purchase	TAIL	v67 @ X0_v17 (Facebook.Unity.IFacebook)	[v73 @ X8_v11 (System.Int32)]	19			RUNTIME_DISPATCH		UNRESOLVED	METHOD_POINTER:UNKNOWN_CLASS_SOURCE:CLASS_NOT_AN_INTERFACE_POINTER	[Add]
Facebook.Unity.FB::ConsumePurchase	TAIL	v62 @ X0_v17 (Facebook.Unity.IFacebook)	[v68 @ X8_v11 (System.Int32)]	20			RUNTIME_DISPATCH		UNRESOLVED	METHOD_POINTER:UNKNOWN_CLASS_SOURCE:CLASS_NOT_AN_INTERFACE_POINTER	[Add]
Facebook.Unity.FB::GetSubscribableCatalog	TAIL	v61 @ X0_v17 (Facebook.Unity.IFacebook)	[v67 @ X8_v11 (System.Int32)]	21			RUNTIME_DISPATCH		UNRESOLVED	METHOD_POINTER:UNKNOWN_CLASS_SOURCE:CLASS_NOT_AN_INTERFACE_POINTER	[Add]
Facebook.Unity.FB::GetSubscriptions	TAIL	v61 @ X0_v17 (Facebook.Unity.IFacebook)	[v67 @ X8_v11 (System.Int32)]	22			RUNTIME_DISPATCH		UNRESOLVED	METHOD_POINTER:UNKNOWN_CLASS_SOURCE:CLASS_NOT_AN_INTERFACE_POINTER	[Add]
Facebook.Unity.FB::PurchaseSubscription	TAIL	v62 @ X0_v17 (Facebook.Unity.IFacebook)	[v68 @ X8_v11 (System.Int32)]	23			RUNTIME_DISPATCH		UNRESOLVED	METHOD_POINTER:UNKNOWN_CLASS_SOURCE:CLASS_NOT_AN_INTERFACE_POINTER	[Add]
Facebook.Unity.FB::CancelSubscription	TAIL	v62 @ X0_v17 (Facebook.Unity.IFacebook)	[v68 @ X8_v11 (System.Int32)]	24			RUNTIME_DISPATCH		UNRESOLVED	METHOD_POINTER:UNKNOWN_CLASS_SOURCE:CLASS_NOT_AN_INTERFACE_POINTER	[Add]
Facebook.Unity.FB::CurrentProfile	TAIL	v55 @ X0_v16 (Facebook.Unity.IFacebook)	[v61 @ X8_v10 (System.Int32)]	25			RUNTIME_DISPATCH		UNRESOLVED	METHOD_POINTER:UNKNOWN_CLASS_SOURCE:CLASS_NOT_AN_INTERFACE_POINTER	[Add]
Facebook.Unity.FB::CurrentProfile	TAIL	v61 @ X0_v17 (Facebook.Unity.IFacebook)	[v67 @ X8_v11 (System.Int32)]	26			RUNTIME_DISPATCH		UNRESOLVED	METHOD_POINTER:UNKNOWN_CLASS_SOURCE:CLASS_NOT_AN_INTERFACE_POINTER	[Add]
Facebook.Unity.FB::LoadInterstitialAd	TAIL	v62 @ X0_v17 (Facebook.Unity.IFacebook)	[v68 @ X8_v11 (System.Int32)]	27			RUNTIME_DISPATCH		UNRESOLVED	METHOD_POINTER:UNKNOWN_CLASS_SOURCE:CLASS_NOT_AN_INTERFACE_POINTER	[Add]
Facebook.Unity.FB::ShowInterstitialAd	TAIL	v62 @ X0_v17 (Facebook.Unity.IFacebook)	[v68 @ X8_v11 (System.Int32)]	28			RUNTIME_DISPATCH		UNRESOLVED	METHOD_POINTER:UNKNOWN_CLASS_SOURCE:CLASS_NOT_AN_INTERFACE_POINTER	[Add]
Facebook.Unity.FB::LoadRewardedVideo	TAIL	v62 @ X0_v17 (Facebook.Unity.IFacebook)	[v68 @ X8_v11 (System.Int32)]	29			RUNTIME_DISPATCH		UNRESOLVED	METHOD_POINTER:UNKNOWN_CLASS_SOURCE:CLASS_NOT_AN_INTERFACE_POINTER	[Add]
Facebook.Unity.FB::ShowRewardedVideo	TAIL	v62 @ X0_v17 (Facebook.Unity.IFacebook)	[v68 @ X8_v11 (System.Int32)]	30			RUNTIME_DISPATCH		UNRESOLVED	METHOD_POINTER:UNKNOWN_CLASS_SOURCE:CLASS_NOT_AN_INTERFACE_POINTER	[Add]
Facebook.Unity.FB::OpenFriendFinderDialog	TAIL	v61 @ X0_v17 (Facebook.Unity.IFacebook)	[v67 @ X8_v11 (System.Int32)]	31			RUNTIME_DISPATCH		UNRESOLVED	METHOD_POINTER:UNKNOWN_CLASS_SOURCE:CLASS_NOT_AN_INTERFACE_POINTER	[Add]
Facebook.Unity.FB::GetFriendFinderInvitations	TAIL	v61 @ X0_v17 (Facebook.Unity.IFacebook)	[v67 @ X8_v11 (System.Int32)]	32			RUNTIME_DISPATCH		UNRESOLVED	METHOD_POINTER:UNKNOWN_CLASS_SOURCE:CLASS_NOT_AN_INTERFACE_POINTER	[Add]
Facebook.Unity.FB::DeleteFriendFinderInvitation	TAIL	v62 @ X0_v17 (Facebook.Unity.IFacebook)	[v68 @ X8_v11 (System.Int32)]	33			RUNTIME_DISPATCH		UNRESOLVED	METHOD_POINTER:UNKNOWN_CLASS_SOURCE:CLASS_NOT_AN_INTERFACE_POINTER	[Add]
Facebook.Unity.FB::ScheduleAppToUserNotification	TAIL	v74 @ X0_v17 (Facebook.Unity.IFacebook)	[v80 @ X8_v12 (System.Int32)]	34			RUNTIME_DISPATCH		UNRESOLVED	METHOD_POINTER:UNKNOWN_CLASS_SOURCE:CLASS_NOT_AN_INTERFACE_POINTER	[Add]
Facebook.Unity.FB::PostSessionScore	TAIL	v62 @ X0_v17 (Facebook.Unity.IFacebook)	[v68 @ X8_v11 (System.Int32)]	35			RUNTIME_DISPATCH		UNRESOLVED	METHOD_POINTER:UNKNOWN_CLASS_SOURCE:CLASS_NOT_AN_INTERFACE_POINTER	[Add]
Facebook.Unity.FB::PostTournamentScore	TAIL	v62 @ X0_v17 (Facebook.Unity.IFacebook)	[v68 @ X8_v11 (System.Int32)]	36			RUNTIME_DISPATCH		UNRESOLVED	METHOD_POINTER:UNKNOWN_CLASS_SOURCE:CLASS_NOT_AN_INTERFACE_POINTER	[Add]
Facebook.Unity.FB::GetTournament	TAIL	v61 @ X0_v17 (Facebook.Unity.IFacebook)	[v67 @ X8_v11 (System.Int32)]	37			RUNTIME_DISPATCH		UNRESOLVED	METHOD_POINTER:UNKNOWN_CLASS_SOURCE:CLASS_NOT_AN_INTERFACE_POINTER	[Add]
Facebook.Unity.FB::ShareTournament	TAIL	v67 @ X0_v17 (Facebook.Unity.IFacebook)	[v73 @ X8_v11 (System.Int32)]	38			RUNTIME_DISPATCH		UNRESOLVED	METHOD_POINTER:UNKNOWN_CLASS_SOURCE:CLASS_NOT_AN_INTERFACE_POINTER	[Add]
Facebook.Unity.FB::CreateTournament	CALL	v79 @ X0_v18 (Facebook.Unity.IFacebook)	[v85 @ X8_v12 (System.Int32)]	39			RUNTIME_DISPATCH		UNRESOLVED	METHOD_POINTER:UNKNOWN_CLASS_SOURCE:CLASS_NOT_AN_INTERFACE_POINTER	[Add]
Facebook.Unity.FB::UploadImageToMediaLibrary	TAIL	v68 @ X0_v17 (Facebook.Unity.IFacebook)	[v74 @ X8_v11 (System.Int32)]	40			RUNTIME_DISPATCH		UNRESOLVED	METHOD_POINTER:UNKNOWN_CLASS_SOURCE:CLASS_NOT_AN_INTERFACE_POINTER	[Add]
Facebook.Unity.FB::UploadVideoToMediaLibrary	TAIL	v68 @ X0_v17 (Facebook.Unity.IFacebook)	[v74 @ X8_v11 (System.Int32)]	41			RUNTIME_DISPATCH		UNRESOLVED	METHOD_POINTER:UNKNOWN_CLASS_SOURCE:CLASS_NOT_AN_INTERFACE_POINTER	[Add]
Facebook.Unity.FB::UploadImageToMediaLibrary	TAIL	v73 @ X0_v17 (Facebook.Unity.IFacebook)	[v79 @ X8_v11 (System.Int32)]	0			RUNTIME_DISPATCH		UNRESOLVED	METHOD_POINTER:UNKNOWN_CLASS_SOURCE:CLASS_NOT_AN_INTERFACE_POINTER	[Add]
Facebook.Unity.FB::UploadVideoToMediaLibrary	TAIL	v73 @ X0_v17 (Facebook.Unity.IFacebook)	[v79 @ X8_v11 (System.Int32)]	1			RUNTIME_DISPATCH		UNRESOLVED	METHOD_POINTER:UNKNOWN_CLASS_SOURCE:CLASS_NOT_AN_INTERFACE_POINTER	[Add]
Facebook.Unity.FB::GetUserLocale	TAIL	v61 @ X0_v17 (Facebook.Unity.IFacebook)	[v67 @ X8_v11 (System.Int32)]	42			RUNTIME_DISPATCH		UNRESOLVED	METHOD_POINTER:UNKNOWN_CLASS_SOURCE:CLASS_NOT_AN_INTERFACE_POINTER	[Add]
Facebook.Unity.FBGamingServices::OpenFriendFinderDialog	TAIL	v38 @ X0_v2 (Facebook.Unity.Mobile.IMobileFacebook)	[v42 @ X8_v4 (System.Int32)]	31			RUNTIME_DISPATCH		UNRESOLVED	METHOD_POINTER:UNKNOWN_CLASS_SOURCE:CLASS_NOT_AN_INTERFACE_POINTER	[Add]
Facebook.Unity.FBGamingServices::UploadImageToMediaLibrary	TAIL	v49 @ X0_v2 (Facebook.Unity.Mobile.IMobileFacebook)	[v53 @ X8_v4 (System.Int32)]	40			RUNTIME_DISPATCH		UNRESOLVED	METHOD_POINTER:UNKNOWN_CLASS_SOURCE:CLASS_NOT_AN_INTERFACE_POINTER	[Add]
Facebook.Unity.FBGamingServices::UploadVideoToMediaLibrary	TAIL	v49 @ X0_v2 (Facebook.Unity.Mobile.IMobileFacebook)	[v53 @ X8_v4 (System.Int32)]	41			RUNTIME_DISPATCH		UNRESOLVED	METHOD_POINTER:UNKNOWN_CLASS_SOURCE:CLASS_NOT_AN_INTERFACE_POINTER	[Add]
Facebook.Unity.FBGamingServices::OnIAPReady	TAIL	v38 @ X0_v2 (Facebook.Unity.Mobile.IMobileFacebook)	[v42 @ X8_v4 (System.Int32)]	1			RUNTIME_DISPATCH		UNRESOLVED	METHOD_POINTER:UNKNOWN_CLASS_SOURCE:CLASS_NOT_AN_INTERFACE_POINTER	[Add]
Facebook.Unity.FBGamingServices::GetCatalog	TAIL	v38 @ X0_v2 (Facebook.Unity.Mobile.IMobileFacebook)	[v42 @ X8_v4 (System.Int32)]	17			RUNTIME_DISPATCH		UNRESOLVED	METHOD_POINTER:UNKNOWN_CLASS_SOURCE:CLASS_NOT_AN_INTERFACE_POINTER	[Add]
Facebook.Unity.FBGamingServices::GetPurchases	TAIL	v38 @ X0_v2 (Facebook.Unity.Mobile.IMobileFacebook)	[v42 @ X8_v4 (System.Int32)]	18			RUNTIME_DISPATCH		UNRESOLVED	METHOD_POINTER:UNKNOWN_CLASS_SOURCE:CLASS_NOT_AN_INTERFACE_POINTER	[Add]
Facebook.Unity.FBGamingServices::Purchase	TAIL	v44 @ X0_v2 (Facebook.Unity.Mobile.IMobileFacebook)	[v48 @ X8_v4 (System.Int32)]	19			RUNTIME_DISPATCH		UNRESOLVED	METHOD_POINTER:UNKNOWN_CLASS_SOURCE:CLASS_NOT_AN_INTERFACE_POINTER	[Add]
Facebook.Unity.FBGamingServices::ConsumePurchase	TAIL	v43 @ X0_v2 (Facebook.Unity.Mobile.IMobileFacebook)	[v47 @ X8_v4 (System.Int32)]	20			RUNTIME_DISPATCH		UNRESOLVED	METHOD_POINTER:UNKNOWN_CLASS_SOURCE:CLASS_NOT_AN_INTERFACE_POINTER	[Add]
Facebook.Unity.FBGamingServices::GetSubscribableCatalog	TAIL	v38 @ X0_v2 (Facebook.Unity.Mobile.IMobileFacebook)	[v42 @ X8_v4 (System.Int32)]	21			RUNTIME_DISPATCH		UNRESOLVED	METHOD_POINTER:UNKNOWN_CLASS_SOURCE:CLASS_NOT_AN_INTERFACE_POINTER	[Add]
Facebook.Unity.FBGamingServices::GetSubscriptions	TAIL	v38 @ X0_v2 (Facebook.Unity.Mobile.IMobileFacebook)	[v42 @ X8_v4 (System.Int32)]	22			RUNTIME_DISPATCH		UNRESOLVED	METHOD_POINTER:UNKNOWN_CLASS_SOURCE:CLASS_NOT_AN_INTERFACE_POINTER	[Add]
Facebook.Unity.FBGamingServices::PurchaseSubscription	TAIL	v43 @ X0_v2 (Facebook.Unity.Mobile.IMobileFacebook)	[v47 @ X8_v4 (System.Int32)]	23			RUNTIME_DISPATCH		UNRESOLVED	METHOD_POINTER:UNKNOWN_CLASS_SOURCE:CLASS_NOT_AN_INTERFACE_POINTER	[Add]
Facebook.Unity.FBGamingServices::CancelSubscription	TAIL	v43 @ X0_v2 (Facebook.Unity.Mobile.IMobileFacebook)	[v47 @ X8_v4 (System.Int32)]	24			RUNTIME_DISPATCH		UNRESOLVED	METHOD_POINTER:UNKNOWN_CLASS_SOURCE:CLASS_NOT_AN_INTERFACE_POINTER	[Add]
Facebook.Unity.FBGamingServices::InitCloudGame	TAIL	v38 @ X0_v2 (Facebook.Unity.Mobile.IMobileFacebook)	[v42 @ X8_v4 (System.Int32)]	2			RUNTIME_DISPATCH		UNRESOLVED	METHOD_POINTER:UNKNOWN_CLASS_SOURCE:CLASS_NOT_AN_INTERFACE_POINTER	[Add]
Facebook.Unity.FBGamingServices::GameLoadComplete	TAIL	v38 @ X0_v2 (Facebook.Unity.Mobile.IMobileFacebook)	[v42 @ X8_v4 (System.Int32)]	3			RUNTIME_DISPATCH		UNRESOLVED	METHOD_POINTER:UNKNOWN_CLASS_SOURCE:CLASS_NOT_AN_INTERFACE_POINTER	[Add]
Facebook.Unity.FBGamingServices::ScheduleAppToUserNotification	TAIL	v55 @ X0_v2 (Facebook.Unity.Mobile.IMobileFacebook)	[v59 @ X8_v4 (System.Int32)]	34			RUNTIME_DISPATCH		UNRESOLVED	METHOD_POINTER:UNKNOWN_CLASS_SOURCE:CLASS_NOT_AN_INTERFACE_POINTER	[Add]
Facebook.Unity.FBGamingServices::LoadInterstitialAd	TAIL	v43 @ X0_v2 (Facebook.Unity.Mobile.IMobileFacebook)	[v47 @ X8_v4 (System.Int32)]	27			RUNTIME_DISPATCH		UNRESOLVED	METHOD_POINTER:UNKNOWN_CLASS_SOURCE:CLASS_NOT_AN_INTERFACE_POINTER	[Add]
Facebook.Unity.FBGamingServices::ShowInterstitialAd	TAIL	v43 @ X0_v2 (Facebook.Unity.Mobile.IMobileFacebook)	[v47 @ X8_v4 (System.Int32)]	28			RUNTIME_DISPATCH		UNRESOLVED	METHOD_POINTER:UNKNOWN_CLASS_SOURCE:CLASS_NOT_AN_INTERFACE_POINTER	[Add]
Facebook.Unity.FBGamingServices::LoadRewardedVideo	TAIL	v43 @ X0_v2 (Facebook.Unity.Mobile.IMobileFacebook)	[v47 @ X8_v4 (System.Int32)]	29			RUNTIME_DISPATCH		UNRESOLVED	METHOD_POINTER:UNKNOWN_CLASS_SOURCE:CLASS_NOT_AN_INTERFACE_POINTER	[Add]
Facebook.Unity.FBGamingServices::ShowRewardedVideo	TAIL	v43 @ X0_v2 (Facebook.Unity.Mobile.IMobileFacebook)	[v47 @ X8_v4 (System.Int32)]	30			RUNTIME_DISPATCH		UNRESOLVED	METHOD_POINTER:UNKNOWN_CLASS_SOURCE:CLASS_NOT_AN_INTERFACE_POINTER	[Add]
Facebook.Unity.FBGamingServices::GetPayload	TAIL	v38 @ X0_v2 (Facebook.Unity.Mobile.IMobileFacebook)	[v42 @ X8_v4 (System.Int32)]	4			RUNTIME_DISPATCH		UNRESOLVED	METHOD_POINTER:UNKNOWN_CLASS_SOURCE:CLASS_NOT_AN_INTERFACE_POINTER	[Add]
Facebook.Unity.FBGamingServices::PostSessionScore	TAIL	v43 @ X0_v2 (Facebook.Unity.Mobile.IMobileFacebook)	[v47 @ X8_v4 (System.Int32)]	35			RUNTIME_DISPATCH		UNRESOLVED	METHOD_POINTER:UNKNOWN_CLASS_SOURCE:CLASS_NOT_AN_INTERFACE_POINTER	[Add]
Facebook.Unity.FBGamingServices::GetTournament	TAIL	v38 @ X0_v2 (Facebook.Unity.Mobile.IMobileFacebook)	[v42 @ X8_v4 (System.Int32)]	37			RUNTIME_DISPATCH		UNRESOLVED	METHOD_POINTER:UNKNOWN_CLASS_SOURCE:CLASS_NOT_AN_INTERFACE_POINTER	[Add]
Facebook.Unity.FBGamingServices::ShareTournament	TAIL	v44 @ X0_v2 (Facebook.Unity.Mobile.IMobileFacebook)	[v48 @ X8_v4 (System.Int32)]	38			RUNTIME_DISPATCH		UNRESOLVED	METHOD_POINTER:UNKNOWN_CLASS_SOURCE:CLASS_NOT_AN_INTERFACE_POINTER	[Add]
Facebook.Unity.FBGamingServices::CreateTournament	CALL	v56 @ X0_v2 (Facebook.Unity.Mobile.IMobileFacebook)	[v60 @ X8_v4 (System.Int32)]	39			RUNTIME_DISPATCH		UNRESOLVED	METHOD_POINTER:UNKNOWN_CLASS_SOURCE:CLASS_NOT_AN_INTERFACE_POINTER	[Add]
Facebook.Unity.FBGamingServices::PostTournamentScore	TAIL	v43 @ X0_v2 (Facebook.Unity.Mobile.IMobileFacebook)	[v47 @ X8_v4 (System.Int32)]	36			RUNTIME_DISPATCH		UNRESOLVED	METHOD_POINTER:UNKNOWN_CLASS_SOURCE:CLASS_NOT_AN_INTERFACE_POINTER	[Add]
Facebook.Unity.FBGamingServices::OpenAppStore	TAIL	v38 @ X0_v2 (Facebook.Unity.Mobile.IMobileFacebook)	[v42 @ X8_v4 (System.Int32)]	5			RUNTIME_DISPATCH		UNRESOLVED	METHOD_POINTER:UNKNOWN_CLASS_SOURCE:CLASS_NOT_AN_INTERFACE_POINTER	[Add]
Facebook.Unity.FBGamingServices::CreateGamingContext	TAIL	v43 @ X0_v2 (Facebook.Unity.Mobile.IMobileFacebook)	[v47 @ X8_v4 (System.Int32)]	6			RUNTIME_DISPATCH		UNRESOLVED	METHOD_POINTER:UNKNOWN_CLASS_SOURCE:CLASS_NOT_AN_INTERFACE_POINTER	[Add]
Facebook.Unity.FBGamingServices::SwitchGamingContext	TAIL	v43 @ X0_v2 (Facebook.Unity.Mobile.IMobileFacebook)	[v47 @ X8_v4 (System.Int32)]	7			RUNTIME_DISPATCH		UNRESOLVED	METHOD_POINTER:UNKNOWN_CLASS_SOURCE:CLASS_NOT_AN_INTERFACE_POINTER	[Add]
Facebook.Unity.FBGamingServices::ChooseGamingContext	TAIL	v49 @ X0_v2 (Facebook.Unity.Mobile.IMobileFacebook)	[v53 @ X8_v4 (System.Int32)]	8			RUNTIME_DISPATCH		UNRESOLVED	METHOD_POINTER:UNKNOWN_CLASS_SOURCE:CLASS_NOT_AN_INTERFACE_POINTER	[Add]
Facebook.Unity.FBGamingServices::GetCurrentGamingContext	TAIL	v38 @ X0_v2 (Facebook.Unity.Mobile.IMobileFacebook)	[v42 @ X8_v4 (System.Int32)]	9			RUNTIME_DISPATCH		UNRESOLVED	METHOD_POINTER:UNKNOWN_CLASS_SOURCE:CLASS_NOT_AN_INTERFACE_POINTER	[Add]
Facebook.Unity.FacebookBase::API	CALL	v82 @ X21_v3 (System.Collections.Generic.IDictionary`2<System.String, System.String>)	[v84 @ X25_v3 (System.Int32)]	4			RUNTIME_DISPATCH		UNRESOLVED	METHOD_POINTER:UNKNOWN_CLASS_SOURCE:CLASS_NOT_AN_INTERFACE_POINTER	[Add]
Facebook.Unity.FacebookBase::API	CALL	v82 @ X21_v3 (System.Collections.Generic.IDictionary`2<System.String, System.String>)	v531 @ X1_v16	1			RUNTIME_DISPATCH		UNRESOLVED	METHOD_POINTER:UNKNOWN_CLASS_SOURCE:CLASS_NOT_AN_INTERFACE_POINTER	{[Add] | [Add] | {[Add] | [Add]}}
Facebook.Unity.FacebookBase::API	TAIL	v394 @ X23_v7	[v397 @ X8_v13 (System.Int32)]	1			RUNTIME_DISPATCH		UNRESOLVED	METHOD_POINTER:UNKNOWN_CLASS_SOURCE:CLASS_NOT_AN_INTERFACE_POINTER	[Add]
Facebook.Unity.FacebookBase::API	TAIL	v259 @ X23_v6	[v262 @ X8_v10 (System.Int32)]	0			RUNTIME_DISPATCH		UNRESOLVED	METHOD_POINTER:UNKNOWN_CLASS_SOURCE:CLASS_NOT_AN_INTERFACE_POINTER	[Add]
Facebook.Unity.FacebookBase::OnInitComplete	CALL	v80 @ X21_v4 (System.Collections.Generic.IDictionary`2<System.String, System.Object>)	[v156 @ X8_v8 (System.Int32)]	1			RUNTIME_DISPATCH		UNRESOLVED	METHOD_POINTER:UNKNOWN_CLASS_SOURCE:CLASS_NOT_AN_INTERFACE_POINTER	[Add]
Facebook.Unity.FacebookBase::CopyByValue	CALL	data @ X1 (System.Collections.Generic.IDictionary`2<System.String, System.String>)	[v53 @ X8_v13 (System.Int32)]	0			RUNTIME_DISPATCH		UNRESOLVED	METHOD_POINTER:UNKNOWN_CLASS_SOURCE:CLASS_NOT_AN_INTERFACE_POINTER	[Add]
Facebook.Unity.FacebookBase::CopyByValue	CALL	data @ X1 (System.Collections.Generic.IDictionary`2<System.String, System.String>)	[v59 @ X22_v7 (System.Int32)]	0			RUNTIME_DISPATCH		UNRESOLVED	METHOD_POINTER:UNKNOWN_CLASS_SOURCE:CLASS_NOT_AN_INTERFACE_POINTER	[Add]
Facebook.Unity.FacebookBase::CopyByValue	CALL	v456 @ X0_v31	[v78 @ X21_v9 (System.Int32)]	0			RUNTIME_DISPATCH		UNRESOLVED	METHOD_POINTER:UNKNOWN_CLASS_SOURCE:CLASS_NOT_AN_INTERFACE_POINTER	[Add]
Facebook.Unity.FacebookBase::CopyByValue	CALL	v456 @ X0_v31	[v124 @ X23_v9 (System.Int32)]	0			RUNTIME_DISPATCH		UNRESOLVED	METHOD_POINTER:UNKNOWN_CLASS_SOURCE:CLASS_NOT_AN_INTERFACE_POINTER	[Add]
Facebook.Unity.FacebookBase::CopyByValue	CALL	v380 @ X21_v6	[v411 @ X22_v5 (System.Int32)]	0			RUNTIME_DISPATCH		UNRESOLVED	METHOD_POINTER:UNKNOWN_CLASS_SOURCE:CLASS_NOT_AN_INTERFACE_POINTER	[{Add | {{Add | DEFINED_3_TIMES} | self | {Add | DEFINED_3_TIMES}}}]
Facebook.Unity.FacebookGameObject::OnInitComplete	TAIL	v46 @ X19_v2 (Facebook.Unity.IFacebookImplementation)	[v55 @ X8_v4 (System.Int32)]	0			RUNTIME_DISPATCH		UNRESOLVED	METHOD_POINTER:UNKNOWN_CLASS_SOURCE:CLASS_NOT_AN_INTERFACE_POINTER	[Add]
Facebook.Unity.FacebookGameObject::OnLoginComplete	TAIL	v46 @ X19_v2 (Facebook.Unity.IFacebookImplementation)	[v55 @ X8_v4 (System.Int32)]	1			RUNTIME_DISPATCH		UNRESOLVED	METHOD_POINTER:UNKNOWN_CLASS_SOURCE:CLASS_NOT_AN_INTERFACE_POINTER	[Add]
Facebook.Unity.FacebookGameObject::OnLogoutComplete	TAIL	v46 @ X19_v2 (Facebook.Unity.IFacebookImplementation)	[v55 @ X8_v4 (System.Int32)]	2			RUNTIME_DISPATCH		UNRESOLVED	METHOD_POINTER:UNKNOWN_CLASS_SOURCE:CLASS_NOT_AN_INTERFACE_POINTER	[Add]
Facebook.Unity.FacebookGameObject::OnGetAppLinkComplete	TAIL	v46 @ X19_v2 (Facebook.Unity.IFacebookImplementation)	[v55 @ X8_v4 (System.Int32)]	3			RUNTIME_DISPATCH		UNRESOLVED	METHOD_POINTER:UNKNOWN_CLASS_SOURCE:CLASS_NOT_AN_INTERFACE_POINTER	[Add]
Facebook.Unity.FacebookGameObject::OnAppRequestsComplete	TAIL	v46 @ X19_v2 (Facebook.Unity.IFacebookImplementation)	[v55 @ X8_v4 (System.Int32)]	4			RUNTIME_DISPATCH		UNRESOLVED	METHOD_POINTER:UNKNOWN_CLASS_SOURCE:CLASS_NOT_AN_INTERFACE_POINTER	[Add]
Facebook.Unity.FacebookGameObject::OnShareLinkComplete	TAIL	v46 @ X19_v2 (Facebook.Unity.IFacebookImplementation)	[v55 @ X8_v4 (System.Int32)]	5			RUNTIME_DISPATCH		UNRESOLVED	METHOD_POINTER:UNKNOWN_CLASS_SOURCE:CLASS_NOT_AN_INTERFACE_POINTER	[Add]
Facebook.Unity.MethodArguments::AddPrimative	CALL	v48 @ X20_v2 (System.Collections.Generic.IDictionary`2<System.String, System.Object>)	[v58 @ X8_v4 (System.Int32)]	1			RUNTIME_DISPATCH		UNRESOLVED	METHOD_POINTER:UNKNOWN_CLASS_SOURCE:CLASS_NOT_AN_INTERFACE_POINTER	[Add]
Facebook.Unity.MethodArguments::AddNullablePrimitive	CALL	v68 @ X20_v4 (System.Collections.Generic.IDictionary`2<System.String, System.Object>)	[v164 @ X8_v7 (System.Int32)]	1			RUNTIME_DISPATCH		UNRESOLVED	METHOD_POINTER:UNKNOWN_CLASS_SOURCE:CLASS_NOT_AN_INTERFACE_POINTER	[Add]
Facebook.Unity.MethodArguments::AddString	TAIL	v55 @ X21_v2 (System.Collections.Generic.IDictionary`2<System.String, System.Object>)	[v124 @ X8_v4 (System.Int32)]	1			RUNTIME_DISPATCH		UNRESOLVED	METHOD_POINTER:UNKNOWN_CLASS_SOURCE:CLASS_NOT_AN_INTERFACE_POINTER	[Add]
Facebook.Unity.MethodArguments::AddCommaSeparatedList	TAIL	v49 @ X20_v3 (System.Collections.Generic.IDictionary`2<System.String, System.Object>)	[v159 @ X8_v6 (System.Int32)]	1			RUNTIME_DISPATCH		UNRESOLVED	METHOD_POINTER:UNKNOWN_CLASS_SOURCE:CLASS_NOT_AN_INTERFACE_POINTER	[Add]
Facebook.Unity.MethodArguments::AddDictionary	TAIL	v45 @ X20_v3 (System.Collections.Generic.IDictionary`2<System.String, System.Object>)	[v123 @ X8_v4 (System.Int32)]	1			RUNTIME_DISPATCH		UNRESOLVED	METHOD_POINTER:UNKNOWN_CLASS_SOURCE:CLASS_NOT_AN_INTERFACE_POINTER	[Add]
Facebook.Unity.MethodArguments::AddList	TAIL	v45 @ X21_v3 (System.Collections.Generic.IDictionary`2<System.String, System.Object>)	[v54 @ X8_v4 (System.Int32)]	1			RUNTIME_DISPATCH		UNRESOLVED	METHOD_POINTER:UNKNOWN_CLASS_SOURCE:CLASS_NOT_AN_INTERFACE_POINTER	[Add]
Facebook.Unity.MethodArguments::AddUri	TAIL	v112 @ X20_v4 (System.Collections.Generic.IDictionary`2<System.String, System.Object>)	[v186 @ X8_v7 (System.Int32)]	1			RUNTIME_DISPATCH		UNRESOLVED	METHOD_POINTER:UNKNOWN_CLASS_SOURCE:CLASS_NOT_AN_INTERFACE_POINTER	[Add]
Facebook.Unity.MethodArguments::ToStringDict	CALL	dict @ X0 (System.Collections.Generic.IDictionary`2<System.String, System.Object>)	[v57 @ X22_v4 (System.Int32)]	0			RUNTIME_DISPATCH		UNRESOLVED	METHOD_POINTER:UNKNOWN_CLASS_SOURCE:CLASS_NOT_AN_INTERFACE_POINTER	[Add]
Facebook.Unity.MethodArguments::ToStringDict	CALL	v288 @ X0_v8	[v282 @ X21_v6 (System.Int32)]	0			RUNTIME_DISPATCH		UNRESOLVED	METHOD_POINTER:UNKNOWN_CLASS_SOURCE:CLASS_NOT_AN_INTERFACE_POINTER	[Add]
Facebook.Unity.MethodArguments::ToStringDict	CALL	v288 @ X0_v8	[v122 @ X22_v6 (System.Int32)]	0			RUNTIME_DISPATCH		UNRESOLVED	METHOD_POINTER:UNKNOWN_CLASS_SOURCE:CLASS_NOT_AN_INTERFACE_POINTER	[Add]
Facebook.Unity.MethodArguments::ToStringDict	CALL	v487 @ X21_v10	[v498 @ X8_v17 (System.Int32)]	0			RUNTIME_DISPATCH		UNRESOLVED	METHOD_POINTER:UNKNOWN_CLASS_SOURCE:CLASS_NOT_AN_INTERFACE_POINTER	[Add]
Facebook.Unity.Purchase::.ctor	CALL	purchasePrice @ X7 (System.Collections.Generic.IDictionary`2<System.String, System.Object>)	[v337 @ X25_v3 (System.Int32)]	0			RUNTIME_DISPATCH		UNRESOLVED	METHOD_POINTER:UNKNOWN_CLASS_SOURCE:CLASS_NOT_AN_INTERFACE_POINTER	[Add]
Facebook.Unity.Purchase::.ctor	CALL	purchasePrice @ X7 (System.Collections.Generic.IDictionary`2<System.String, System.Object>)	v508 @ X1_v38	0			RUNTIME_DISPATCH		UNRESOLVED	METHOD_POINTER:UNKNOWN_CLASS_SOURCE:CLASS_NOT_AN_INTERFACE_POINTER	{[Add] | [Add] | {[Add] | [Add]}}
Facebook.Unity.Subscription::.ctor	CALL	purchasePrice @ X7 (System.Collections.Generic.IDictionary`2<System.String, System.Object>)	[v522 @ X26_v3 (System.Int32)]	0			RUNTIME_DISPATCH		UNRESOLVED	METHOD_POINTER:UNKNOWN_CLASS_SOURCE:CLASS_NOT_AN_INTERFACE_POINTER	[Add]
Facebook.Unity.Subscription::.ctor	CALL	purchasePrice @ X7 (System.Collections.Generic.IDictionary`2<System.String, System.Object>)	v683 @ X1_v49	0			RUNTIME_DISPATCH		UNRESOLVED	METHOD_POINTER:UNKNOWN_CLASS_SOURCE:CLASS_NOT_AN_INTERFACE_POINTER	{[Add] | [Add] | {[Add] | [Add]}}
Facebook.Unity.AccessTokenRefreshResult::.ctor	CALL	v60 @ X0_v7 (System.Collections.Generic.IDictionary`2<System.String, System.Object>)	[v194 @ X8_v8 (System.Int32)]	4			RUNTIME_DISPATCH		UNRESOLVED	METHOD_POINTER:UNKNOWN_CLASS_SOURCE:CLASS_NOT_AN_INTERFACE_POINTER	[Add]
Facebook.Unity.AppRequestResult::.ctor	CALL	v156 @ stack_-68_v9 (System.Object)	[v460 @ X8_v28 (System.Int32)]	0			RUNTIME_DISPATCH		UNRESOLVED	METHOD_POINTER:UNKNOWN_CLASS_SOURCE:CLASS_NOT_AN_INTERFACE_POINTER	[Add]
Facebook.Unity.AppRequestResult::.ctor	CALL	v690 @ X21_v18	[v566 @ X22_v15 (System.Int32)]	0			RUNTIME_DISPATCH		UNRESOLVED	METHOD_POINTER:UNKNOWN_CLASS_SOURCE:CLASS_NOT_AN_INTERFACE_POINTER	[Add]
Facebook.Unity.AppRequestResult::.ctor	CALL	v556 @ X0_v46	[v568 @ X23_v13 (System.Int32)]	0			RUNTIME_DISPATCH		UNRESOLVED	METHOD_POINTER:UNKNOWN_CLASS_SOURCE:CLASS_NOT_AN_INTERFACE_POINTER	[Add]
Facebook.Unity.AppRequestResult::.ctor	CALL	v651 @ X22_v11	[v667 @ X8_v15 (System.Int32)]	0			RUNTIME_DISPATCH		UNRESOLVED	METHOD_POINTER:UNKNOWN_CLASS_SOURCE:CLASS_NOT_AN_INTERFACE_POINTER	[Add]
Facebook.Unity.CatalogResult::.ctor	CALL	v69 @ X0_v38 (System.Collections.Generic.IDictionary`2<System.String, System.Object>)	[v49 @ X22_v2 (System.Int32)]	4			RUNTIME_DISPATCH		UNRESOLVED	METHOD_POINTER:UNKNOWN_CLASS_SOURCE:CLASS_NOT_AN_INTERFACE_POINTER	[Add]
Facebook.Unity.CatalogResult::.ctor	CALL	v189 @ X0_v12 (System.Collections.Generic.IDictionary`2<System.String, System.Object>)	[v49 @ X22_v2 (System.Int32)]	4			RUNTIME_DISPATCH		UNRESOLVED	METHOD_POINTER:UNKNOWN_CLASS_SOURCE:CLASS_NOT_AN_INTERFACE_POINTER	[Add]
Facebook.Unity.CatalogResult::.ctor	CALL	v190 @ X0_v15 (System.Collections.Generic.IDictionary`2<System.String, System.Object>)	[v49 @ X22_v2 (System.Int32)]	7			RUNTIME_DISPATCH		UNRESOLVED	METHOD_POINTER:UNKNOWN_CLASS_SOURCE:CLASS_NOT_AN_INTERFACE_POINTER	[Add]
Facebook.Unity.CatalogResult::ToString	CALL	v68 @ X21_v2 (System.Collections.Generic.IList`1<Facebook.Unity.Product>)	[v74 @ X8_v15 (System.Int32)]	0			RUNTIME_DISPATCH		UNRESOLVED	METHOD_POINTER:UNKNOWN_CLASS_SOURCE:CLASS_NOT_AN_INTERFACE_POINTER	[Add]
Facebook.Unity.CatalogResult::ToString	CALL	v321 @ X0_v37	[v113 @ X22_v8 (System.Int32)]	0			RUNTIME_DISPATCH		UNRESOLVED	METHOD_POINTER:UNKNOWN_CLASS_SOURCE:CLASS_NOT_AN_INTERFACE_POINTER	[Add]
Facebook.Unity.CatalogResult::ToString	CALL	v321 @ X0_v37	[v98 @ X28_v7 (System.Int32)]	0			RUNTIME_DISPATCH		UNRESOLVED	METHOD_POINTER:UNKNOWN_CLASS_SOURCE:CLASS_NOT_AN_INTERFACE_POINTER	[Add]
Facebook.Unity.CatalogResult::ToString	CALL	v483 @ X22_v6	[v477 @ X27_v5 (System.Int32)]	0			RUNTIME_DISPATCH		UNRESOLVED	METHOD_POINTER:UNKNOWN_CLASS_SOURCE:CLASS_NOT_AN_INTERFACE_POINTER	[{Add | {{Add | DEFINED_3_TIMES} | self | {Add | DEFINED_3_TIMES}}}]
Facebook.Unity.InterstitialAdResult::.ctor	CALL	v61 @ X0_v7 (System.Collections.Generic.IDictionary`2<System.String, System.String>)	[v124 @ X8_v7 (System.Int32)]	0			RUNTIME_DISPATCH		UNRESOLVED	METHOD_POINTER:UNKNOWN_CLASS_SOURCE:CLASS_NOT_AN_INTERFACE_POINTER	[Add]
Facebook.Unity.LoginResult::.ctor	CALL	v68 @ X0_v76 (System.Collections.Generic.IDictionary`2<System.String, System.Object>)	[v49 @ X22_v2 (System.Int32)]	4			RUNTIME_DISPATCH		UNRESOLVED	METHOD_POINTER:UNKNOWN_CLASS_SOURCE:CLASS_NOT_AN_INTERFACE_POINTER	[Add]
Facebook.Unity.LoginResult::.ctor	CALL	v226 @ X0_v56 (System.Collections.Generic.IDictionary`2<System.String, System.Object>)	[v49 @ X22_v2 (System.Int32)]	4			RUNTIME_DISPATCH		UNRESOLVED	METHOD_POINTER:UNKNOWN_CLASS_SOURCE:CLASS_NOT_AN_INTERFACE_POINTER	[Add]
Facebook.Unity.LoginResult::.ctor	CALL	v317 @ X0_v22 (System.Collections.Generic.IDictionary`2<System.String, System.Object>)	[v49 @ X22_v2 (System.Int32)]	4			RUNTIME_DISPATCH		UNRESOLVED	METHOD_POINTER:UNKNOWN_CLASS_SOURCE:CLASS_NOT_AN_INTERFACE_POINTER	[Add]
Facebook.Unity.LoginResult::.ctor	CALL	v694 @ X0_v27 (System.Collections.Generic.IDictionary`2<System.String, System.Object>)	[v49 @ X22_v2 (System.Int32)]	4			RUNTIME_DISPATCH		UNRESOLVED	METHOD_POINTER:UNKNOWN_CLASS_SOURCE:CLASS_NOT_AN_INTERFACE_POINTER	[Add]
Facebook.Unity.LoginStatusResult::.ctor	CALL	v74 @ X0_v9 (System.Collections.Generic.IDictionary`2<System.String, System.Object>)	[v211 @ X8_v9 (System.Int32)]	4			RUNTIME_DISPATCH		UNRESOLVED	METHOD_POINTER:UNKNOWN_CLASS_SOURCE:CLASS_NOT_AN_INTERFACE_POINTER	[Add]
Facebook.Unity.PayloadResult::.ctor	CALL	v58 @ X0_v7 (System.Collections.Generic.IDictionary`2<System.String, System.Object>)	[v138 @ X8_v7 (System.Int32)]	4			RUNTIME_DISPATCH		UNRESOLVED	METHOD_POINTER:UNKNOWN_CLASS_SOURCE:CLASS_NOT_AN_INTERFACE_POINTER	[Add]
Facebook.Unity.PurchaseResult::.ctor	CALL	v69 @ X0_v54 (System.Collections.Generic.IDictionary`2<System.String, System.Object>)	[v49 @ X22_v2 (System.Int32)]	4			RUNTIME_DISPATCH		UNRESOLVED	METHOD_POINTER:UNKNOWN_CLASS_SOURCE:CLASS_NOT_AN_INTERFACE_POINTER	[Add]
Facebook.Unity.PurchaseResult::.ctor	CALL	v210 @ X0_v36 (System.Collections.Generic.IDictionary`2<System.String, System.Object>)	[v49 @ X22_v2 (System.Int32)]	4			RUNTIME_DISPATCH		UNRESOLVED	METHOD_POINTER:UNKNOWN_CLASS_SOURCE:CLASS_NOT_AN_INTERFACE_POINTER	[Add]
Facebook.Unity.PurchaseResult::.ctor	CALL	v211 @ X0_v39 (System.Collections.Generic.IDictionary`2<System.String, System.Object>)	[v49 @ X22_v2 (System.Int32)]	7			RUNTIME_DISPATCH		UNRESOLVED	METHOD_POINTER:UNKNOWN_CLASS_SOURCE:CLASS_NOT_AN_INTERFACE_POINTER	[Add]
Facebook.Unity.PurchaseResult::.ctor	CALL	v212 @ X0_v12 (System.Collections.Generic.IDictionary`2<System.String, System.String>)	[v530 @ X8_v9 (System.Int32)]	0			RUNTIME_DISPATCH		UNRESOLVED	METHOD_POINTER:UNKNOWN_CLASS_SOURCE:CLASS_NOT_AN_INTERFACE_POINTER	[Add]
Facebook.Unity.PurchasesResult::.ctor	CALL	v69 @ X0_v38 (System.Collections.Generic.IDictionary`2<System.String, System.Object>)	[v49 @ X22_v2 (System.Int32)]	4			RUNTIME_DISPATCH		UNRESOLVED	METHOD_POINTER:UNKNOWN_CLASS_SOURCE:CLASS_NOT_AN_INTERFACE_POINTER	[Add]
Facebook.Unity.PurchasesResult::.ctor	CALL	v189 @ X0_v12 (System.Collections.Generic.IDictionary`2<System.String, System.Object>)	[v49 @ X22_v2 (System.Int32)]	4			RUNTIME_DISPATCH		UNRESOLVED	METHOD_POINTER:UNKNOWN_CLASS_SOURCE:CLASS_NOT_AN_INTERFACE_POINTER	[Add]
Facebook.Unity.PurchasesResult::.ctor	CALL	v190 @ X0_v15 (System.Collections.Generic.IDictionary`2<System.String, System.Object>)	[v49 @ X22_v2 (System.Int32)]	7			RUNTIME_DISPATCH		UNRESOLVED	METHOD_POINTER:UNKNOWN_CLASS_SOURCE:CLASS_NOT_AN_INTERFACE_POINTER	[Add]
Facebook.Unity.PurchasesResult::ToString	CALL	v68 @ X21_v2 (System.Collections.Generic.IList`1<Facebook.Unity.Purchase>)	[v74 @ X8_v15 (System.Int32)]	0			RUNTIME_DISPATCH		UNRESOLVED	METHOD_POINTER:UNKNOWN_CLASS_SOURCE:CLASS_NOT_AN_INTERFACE_POINTER	[Add]
Facebook.Unity.PurchasesResult::ToString	CALL	v321 @ X0_v37	[v113 @ X22_v8 (System.Int32)]	0			RUNTIME_DISPATCH		UNRESOLVED	METHOD_POINTER:UNKNOWN_CLASS_SOURCE:CLASS_NOT_AN_INTERFACE_POINTER	[Add]
Facebook.Unity.PurchasesResult::ToString	CALL	v321 @ X0_v37	[v98 @ X28_v7 (System.Int32)]	0			RUNTIME_DISPATCH		UNRESOLVED	METHOD_POINTER:UNKNOWN_CLASS_SOURCE:CLASS_NOT_AN_INTERFACE_POINTER	[Add]
Facebook.Unity.PurchasesResult::ToString	CALL	v483 @ X22_v6	[v477 @ X27_v5 (System.Int32)]	0			RUNTIME_DISPATCH		UNRESOLVED	METHOD_POINTER:UNKNOWN_CLASS_SOURCE:CLASS_NOT_AN_INTERFACE_POINTER	[{Add | {{Add | DEFINED_3_TIMES} | self | {Add | DEFINED_3_TIMES}}}]
Facebook.Unity.ResultBase::GetCancelledValue	CALL	result @ X0 (System.Collections.Generic.IDictionary`2<System.String, System.Object>)	[v58 @ X8_v13 (System.Int32)]	7			RUNTIME_DISPATCH		UNRESOLVED	METHOD_POINTER:UNKNOWN_CLASS_SOURCE:CLASS_NOT_AN_INTERFACE_POINTER	[Add]
Facebook.Unity.ResultContainer::GetWebFormattedResponseDictionary	CALL	resultDictionary @ X1 (System.Collections.Generic.IDictionary`2<System.String, System.Object>)	[v134 @ X21_v7 (System.Int32)]	7			RUNTIME_DISPATCH		UNRESOLVED	METHOD_POINTER:UNKNOWN_CLASS_SOURCE:CLASS_NOT_AN_INTERFACE_POINTER	[Add]
Facebook.Unity.ResultContainer::GetWebFormattedResponseDictionary	CALL	v52 @ stack_-38_v2 (System.Object)	[v134 @ X21_v7 (System.Int32)]	1			RUNTIME_DISPATCH		UNRESOLVED	METHOD_POINTER:UNKNOWN_CLASS_SOURCE:CLASS_NOT_AN_INTERFACE_POINTER	[Add]
Facebook.Unity.RewardedVideoResult::.ctor	CALL	v61 @ X0_v7 (System.Collections.Generic.IDictionary`2<System.String, System.String>)	[v124 @ X8_v7 (System.Int32)]	0			RUNTIME_DISPATCH		UNRESOLVED	METHOD_POINTER:UNKNOWN_CLASS_SOURCE:CLASS_NOT_AN_INTERFACE_POINTER	[Add]
Facebook.Unity.SubscribableCatalogResult::.ctor	CALL	v69 @ X0_v38 (System.Collections.Generic.IDictionary`2<System.String, System.Object>)	[v49 @ X22_v2 (System.Int32)]	4			RUNTIME_DISPATCH		UNRESOLVED	METHOD_POINTER:UNKNOWN_CLASS_SOURCE:CLASS_NOT_AN_INTERFACE_POINTER	[Add]
Facebook.Unity.SubscribableCatalogResult::.ctor	CALL	v189 @ X0_v12 (System.Collections.Generic.IDictionary`2<System.String, System.Object>)	[v49 @ X22_v2 (System.Int32)]	4			RUNTIME_DISPATCH		UNRESOLVED	METHOD_POINTER:UNKNOWN_CLASS_SOURCE:CLASS_NOT_AN_INTERFACE_POINTER	[Add]
Facebook.Unity.SubscribableCatalogResult::.ctor	CALL	v190 @ X0_v15 (System.Collections.Generic.IDictionary`2<System.String, System.Object>)	[v49 @ X22_v2 (System.Int32)]	7			RUNTIME_DISPATCH		UNRESOLVED	METHOD_POINTER:UNKNOWN_CLASS_SOURCE:CLASS_NOT_AN_INTERFACE_POINTER	[Add]
Facebook.Unity.SubscribableCatalogResult::ToString	CALL	v68 @ X21_v2 (System.Collections.Generic.IList`1<Facebook.Unity.SubscribableProduct>)	[v74 @ X8_v15 (System.Int32)]	0			RUNTIME_DISPATCH		UNRESOLVED	METHOD_POINTER:UNKNOWN_CLASS_SOURCE:CLASS_NOT_AN_INTERFACE_POINTER	[Add]
Facebook.Unity.SubscribableCatalogResult::ToString	CALL	v321 @ X0_v37	[v113 @ X22_v8 (System.Int32)]	0			RUNTIME_DISPATCH		UNRESOLVED	METHOD_POINTER:UNKNOWN_CLASS_SOURCE:CLASS_NOT_AN_INTERFACE_POINTER	[Add]
Facebook.Unity.SubscribableCatalogResult::ToString	CALL	v321 @ X0_v37	[v98 @ X28_v7 (System.Int32)]	0			RUNTIME_DISPATCH		UNRESOLVED	METHOD_POINTER:UNKNOWN_CLASS_SOURCE:CLASS_NOT_AN_INTERFACE_POINTER	[Add]
Facebook.Unity.SubscribableCatalogResult::ToString	CALL	v483 @ X22_v6	[v477 @ X27_v5 (System.Int32)]	0			RUNTIME_DISPATCH		UNRESOLVED	METHOD_POINTER:UNKNOWN_CLASS_SOURCE:CLASS_NOT_AN_INTERFACE_POINTER	[{Add | {{Add | DEFINED_3_TIMES} | self | {Add | DEFINED_3_TIMES}}}]
Facebook.Unity.SubscriptionResult::.ctor	CALL	v69 @ X0_v54 (System.Collections.Generic.IDictionary`2<System.String, System.Object>)	[v49 @ X22_v2 (System.Int32)]	4			RUNTIME_DISPATCH		UNRESOLVED	METHOD_POINTER:UNKNOWN_CLASS_SOURCE:CLASS_NOT_AN_INTERFACE_POINTER	[Add]
Facebook.Unity.SubscriptionResult::.ctor	CALL	v210 @ X0_v36 (System.Collections.Generic.IDictionary`2<System.String, System.Object>)	[v49 @ X22_v2 (System.Int32)]	4			RUNTIME_DISPATCH		UNRESOLVED	METHOD_POINTER:UNKNOWN_CLASS_SOURCE:CLASS_NOT_AN_INTERFACE_POINTER	[Add]
Facebook.Unity.SubscriptionResult::.ctor	CALL	v211 @ X0_v39 (System.Collections.Generic.IDictionary`2<System.String, System.Object>)	[v49 @ X22_v2 (System.Int32)]	7			RUNTIME_DISPATCH		UNRESOLVED	METHOD_POINTER:UNKNOWN_CLASS_SOURCE:CLASS_NOT_AN_INTERFACE_POINTER	[Add]
Facebook.Unity.SubscriptionResult::.ctor	CALL	v212 @ X0_v12 (System.Collections.Generic.IDictionary`2<System.String, System.String>)	[v530 @ X8_v9 (System.Int32)]	0			RUNTIME_DISPATCH		UNRESOLVED	METHOD_POINTER:UNKNOWN_CLASS_SOURCE:CLASS_NOT_AN_INTERFACE_POINTER	[Add]
Facebook.Unity.SubscriptionsResult::.ctor	CALL	v67 @ X0_v36 (System.Collections.Generic.IDictionary`2<System.String, System.Object>)	[v49 @ X23_v2 (System.Int32)]	4			RUNTIME_DISPATCH		UNRESOLVED	METHOD_POINTER:UNKNOWN_CLASS_SOURCE:CLASS_NOT_AN_INTERFACE_POINTER	[Add]
Facebook.Unity.SubscriptionsResult::.ctor	CALL	v190 @ X0_v10 (System.Collections.Generic.IDictionary`2<System.String, System.Object>)	[v49 @ X23_v2 (System.Int32)]	4			RUNTIME_DISPATCH		UNRESOLVED	METHOD_POINTER:UNKNOWN_CLASS_SOURCE:CLASS_NOT_AN_INTERFACE_POINTER	[Add]
Facebook.Unity.SubscriptionsResult::.ctor	CALL	v191 @ X0_v13 (System.Collections.Generic.IDictionary`2<System.String, System.Object>)	[v49 @ X23_v2 (System.Int32)]	7			RUNTIME_DISPATCH		UNRESOLVED	METHOD_POINTER:UNKNOWN_CLASS_SOURCE:CLASS_NOT_AN_INTERFACE_POINTER	[Add]
Facebook.Unity.SubscriptionsResult::ToString	CALL	v68 @ X21_v2 (System.Collections.Generic.IList`1<Facebook.Unity.Subscription>)	[v74 @ X8_v15 (System.Int32)]	0			RUNTIME_DISPATCH		UNRESOLVED	METHOD_POINTER:UNKNOWN_CLASS_SOURCE:CLASS_NOT_AN_INTERFACE_POINTER	[Add]
Facebook.Unity.SubscriptionsResult::ToString	CALL	v321 @ X0_v37	[v113 @ X22_v8 (System.Int32)]	0			RUNTIME_DISPATCH		UNRESOLVED	METHOD_POINTER:UNKNOWN_CLASS_SOURCE:CLASS_NOT_AN_INTERFACE_POINTER	[Add]
Facebook.Unity.SubscriptionsResult::ToString	CALL	v321 @ X0_v37	[v98 @ X28_v7 (System.Int32)]	0			RUNTIME_DISPATCH		UNRESOLVED	METHOD_POINTER:UNKNOWN_CLASS_SOURCE:CLASS_NOT_AN_INTERFACE_POINTER	[Add]
Facebook.Unity.SubscriptionsResult::ToString	CALL	v483 @ X22_v6	[v477 @ X27_v5 (System.Int32)]	0			RUNTIME_DISPATCH		UNRESOLVED	METHOD_POINTER:UNKNOWN_CLASS_SOURCE:CLASS_NOT_AN_INTERFACE_POINTER	[{Add | {{Add | DEFINED_3_TIMES} | self | {Add | DEFINED_3_TIMES}}}]
Facebook.Unity.AsyncRequestString+<Start>d__9::MoveNext	CALL	[v766 @ X20_v10 (UnityEngine.Object)+30]	[v912 @ X8_v41 (System.Int32)]	0			RUNTIME_DISPATCH		UNRESOLVED	METHOD_POINTER:UNKNOWN_CLASS_SOURCE:CLASS_NOT_AN_INTERFACE_POINTER	[Add]
Facebook.Unity.AsyncRequestString+<Start>d__9::MoveNext	CALL	v581 @ X22_v25	[v597 @ X8_v68 (System.Int32)]	0			RUNTIME_DISPATCH		UNRESOLVED	METHOD_POINTER:UNKNOWN_CLASS_SOURCE:CLASS_NOT_AN_INTERFACE_POINTER	[Add]
Facebook.Unity.AsyncRequestString+<Start>d__9::MoveNext	CALL	v807 @ X0_v103	[v810 @ X23_v19 (System.Int32)]	0			RUNTIME_DISPATCH		UNRESOLVED	METHOD_POINTER:UNKNOWN_CLASS_SOURCE:CLASS_NOT_AN_INTERFACE_POINTER	[Add]
Facebook.Unity.AsyncRequestString+<Start>d__9::MoveNext	CALL	v807 @ X0_v103	[v403 @ X24_v16 (System.Int32)]	0			RUNTIME_DISPATCH		UNRESOLVED	METHOD_POINTER:UNKNOWN_CLASS_SOURCE:CLASS_NOT_AN_INTERFACE_POINTER	[Add]
Facebook.Unity.AsyncRequestString+<Start>d__9::MoveNext	CALL	[v1226 @ X8_v77]	[v1238 @ X8_v80 (System.Int32)]	0			RUNTIME_DISPATCH		UNRESOLVED	METHOD_POINTER:UNKNOWN_CLASS_SOURCE:CLASS_NOT_AN_INTERFACE_POINTER	[Add]
Facebook.Unity.AsyncRequestString+<Start>d__9::MoveNext	CALL	v1173 @ X0_v60	[v1105 @ X24_v12 (System.Int32)]	0			RUNTIME_DISPATCH		UNRESOLVED	METHOD_POINTER:UNKNOWN_CLASS_SOURCE:CLASS_NOT_AN_INTERFACE_POINTER	[Add]
Facebook.Unity.AsyncRequestString+<Start>d__9::MoveNext	CALL	v1173 @ X0_v60	[v714 @ X25_v11 (System.Int32)]	0			RUNTIME_DISPATCH		UNRESOLVED	METHOD_POINTER:UNKNOWN_CLASS_SOURCE:CLASS_NOT_AN_INTERFACE_POINTER	[Add]
Facebook.Unity.FacebookLogger::Log	TAIL	v220 @ X20_v3	[v106 @ X8_v17 (System.Int32)]	0			RUNTIME_DISPATCH		UNRESOLVED	METHOD_POINTER:UNKNOWN_CLASS_SOURCE:CLASS_NOT_AN_INTERFACE_POINTER	[Add]
Facebook.Unity.FacebookLogger::Info	TAIL	v221 @ X20_v3	[v106 @ X8_v17 (System.Int32)]	1			RUNTIME_DISPATCH		UNRESOLVED	METHOD_POINTER:UNKNOWN_CLASS_SOURCE:CLASS_NOT_AN_INTERFACE_POINTER	[Add]
Facebook.Unity.FacebookLogger::Warn	TAIL	v221 @ X20_v3	[v106 @ X8_v17 (System.Int32)]	2			RUNTIME_DISPATCH		UNRESOLVED	METHOD_POINTER:UNKNOWN_CLASS_SOURCE:CLASS_NOT_AN_INTERFACE_POINTER	[Add]
Facebook.Unity.Utilities::TryGetValue	CALL	dictionary @ X0 (System.Collections.Generic.IDictionary`2<System.String, System.Object>)	[v50 @ X8_v6 (System.Int32)]	7			RUNTIME_DISPATCH		UNRESOLVED	METHOD_POINTER:UNKNOWN_CLASS_SOURCE:CLASS_NOT_AN_INTERFACE_POINTER	[Add]
Facebook.Unity.Utilities::FormatToString	CALL	propertiesAndValues @ X2 (System.Collections.Generic.IDictionary`2<System.String, System.String>)	[v237 @ X8_v17 (System.Int32)]	0			RUNTIME_DISPATCH		UNRESOLVED	METHOD_POINTER:UNKNOWN_CLASS_SOURCE:CLASS_NOT_AN_INTERFACE_POINTER	[Add]
Facebook.Unity.Utilities::FormatToString	CALL	v349 @ X0_v33	[v158 @ X21_v9 (System.Int32)]	0			RUNTIME_DISPATCH		UNRESOLVED	METHOD_POINTER:UNKNOWN_CLASS_SOURCE:CLASS_NOT_AN_INTERFACE_POINTER	[Add]
Facebook.Unity.Utilities::FormatToString	CALL	v349 @ X0_v33	[v151 @ X23_v10 (System.Int32)]	0			RUNTIME_DISPATCH		UNRESOLVED	METHOD_POINTER:UNKNOWN_CLASS_SOURCE:CLASS_NOT_AN_INTERFACE_POINTER	[Add]
Facebook.Unity.Utilities::FormatToString	CALL	v447 @ X21_v7	[v446 @ X22_v6 (System.String)]	0			RUNTIME_DISPATCH		UNRESOLVED	METHOD_POINTER:UNKNOWN_CLASS_SOURCE:CLASS_NOT_AN_INTERFACE_POINTER	[{Add | {{Add | DEFINED_3_TIMES} | self | {Add | DEFINED_3_TIMES}}}]
Facebook.Unity.Utilities::ParseCatalogFromResult	CALL	resultDictionary @ X0 (System.Collections.Generic.IDictionary`2<System.String, System.Object>)	[v72 @ X24_v10 (System.Int32)]	7			RUNTIME_DISPATCH		UNRESOLVED	METHOD_POINTER:UNKNOWN_CLASS_SOURCE:CLASS_NOT_AN_INTERFACE_POINTER	[Add]
Facebook.Unity.Utilities::ParseCatalogFromResult	CALL	v58 @ X0_v3 (System.Collections.Generic.IList`1<Facebook.Unity.Product>)	[v93 @ X25_v10 (System.Int32)]	2			RUNTIME_DISPATCH		UNRESOLVED	METHOD_POINTER:UNKNOWN_CLASS_SOURCE:CLASS_NOT_AN_INTERFACE_POINTER	[Add]
Facebook.Unity.Utilities::ParseCatalogFromResult	CALL	v313 @ X0_v41	[v319 @ X8_v29 (System.Int32)]	0			RUNTIME_DISPATCH		UNRESOLVED	METHOD_POINTER:UNKNOWN_CLASS_SOURCE:CLASS_NOT_AN_INTERFACE_POINTER	[Add]
Facebook.Unity.Utilities::ParseCatalogFromResult	CALL	v765 @ X0_v44	[v180 @ X22_v12 (System.Int32)]	0			RUNTIME_DISPATCH		UNRESOLVED	METHOD_POINTER:UNKNOWN_CLASS_SOURCE:CLASS_NOT_AN_INTERFACE_POINTER	[Add]
Facebook.Unity.Utilities::ParseCatalogFromResult	CALL	v765 @ X0_v44	[v293 @ X23_v4 (System.Int32)]	0			RUNTIME_DISPATCH		UNRESOLVED	METHOD_POINTER:UNKNOWN_CLASS_SOURCE:CLASS_NOT_AN_INTERFACE_POINTER	[{Add | [{Add | [DEFINED_3_TIMES] | Add}] | Add}]
Facebook.Unity.Utilities::ParseCatalogFromResult	CALL	v593 @ X21_v11	[v601 @ X8_v12 (System.Int32)]	0			RUNTIME_DISPATCH		UNRESOLVED	METHOD_POINTER:UNKNOWN_CLASS_SOURCE:CLASS_NOT_AN_INTERFACE_POINTER	[Add]
Facebook.Unity.Utilities::ParseProductFromCatalogResult	CALL	product @ X0 (System.Collections.Generic.IDictionary`2<System.String, System.Object>)	[v61 @ X28_v2 (System.Int32)]	0			RUNTIME_DISPATCH		UNRESOLVED	METHOD_POINTER:UNKNOWN_CLASS_SOURCE:CLASS_NOT_AN_INTERFACE_POINTER	[Add]
Facebook.Unity.Utilities::ParseProductFromCatalogResult	CALL	product @ X0 (System.Collections.Generic.IDictionary`2<System.String, System.Object>)	[v61 @ X28_v2 (System.Int32)]	0			RUNTIME_DISPATCH		UNRESOLVED	METHOD_POINTER:UNKNOWN_CLASS_SOURCE:CLASS_NOT_AN_INTERFACE_POINTER	[Add]
Facebook.Unity.Utilities::ParseProductFromCatalogResult	CALL	product @ X0 (System.Collections.Generic.IDictionary`2<System.String, System.Object>)	v489 @ X1_v39	4			RUNTIME_DISPATCH		UNRESOLVED	METHOD_POINTER:UNKNOWN_CLASS_SOURCE:CLASS_NOT_AN_INTERFACE_POINTER	{[Add] | [Add] | {[Add] | [Add]}}
Facebook.Unity.Utilities::ParseProductFromCatalogResult	CALL	product @ X0 (System.Collections.Generic.IDictionary`2<System.String, System.Object>)	[v61 @ X28_v2 (System.Int32)]	0			RUNTIME_DISPATCH		UNRESOLVED	METHOD_POINTER:UNKNOWN_CLASS_SOURCE:CLASS_NOT_AN_INTERFACE_POINTER	[Add]
Facebook.Unity.Utilities::ParseProductFromCatalogResult	CALL	product @ X0 (System.Collections.Generic.IDictionary`2<System.String, System.Object>)	[v61 @ X28_v2 (System.Int32)]	4			RUNTIME_DISPATCH		UNRESOLVED	METHOD_POINTER:UNKNOWN_CLASS_SOURCE:CLASS_NOT_AN_INTERFACE_POINTER	[Add]
Facebook.Unity.Utilities::ParseProductFromCatalogResult	CALL	product @ X0 (System.Collections.Generic.IDictionary`2<System.String, System.Object>)	[v61 @ X28_v2 (System.Int32)]	0			RUNTIME_DISPATCH		UNRESOLVED	METHOD_POINTER:UNKNOWN_CLASS_SOURCE:CLASS_NOT_AN_INTERFACE_POINTER	[Add]
Facebook.Unity.Utilities::ParseProductFromCatalogResult	CALL	product @ X0 (System.Collections.Generic.IDictionary`2<System.String, System.Object>)	v960 @ X1_v29	0			RUNTIME_DISPATCH		UNRESOLVED	METHOD_POINTER:UNKNOWN_CLASS_SOURCE:CLASS_NOT_AN_INTERFACE_POINTER	{[Add] | {[Add] | [Add]} | [Add]}
Facebook.Unity.Utilities::ParseProductFromCatalogResult	CALL	product @ X0 (System.Collections.Generic.IDictionary`2<System.String, System.Object>)	[v61 @ X28_v2 (System.Int32)]	4			RUNTIME_DISPATCH		UNRESOLVED	METHOD_POINTER:UNKNOWN_CLASS_SOURCE:CLASS_NOT_AN_INTERFACE_POINTER	[Add]
Facebook.Unity.Utilities::ParseProductFromCatalogResult	CALL	product @ X0 (System.Collections.Generic.IDictionary`2<System.String, System.Object>)	[v61 @ X28_v2 (System.Int32)]	0			RUNTIME_DISPATCH		UNRESOLVED	METHOD_POINTER:UNKNOWN_CLASS_SOURCE:CLASS_NOT_AN_INTERFACE_POINTER	[Add]
Facebook.Unity.Utilities::ParseProductFromCatalogResult	CALL	product @ X0 (System.Collections.Generic.IDictionary`2<System.String, System.Object>)	[v61 @ X28_v2 (System.Int32)]	0			RUNTIME_DISPATCH		UNRESOLVED	METHOD_POINTER:UNKNOWN_CLASS_SOURCE:CLASS_NOT_AN_INTERFACE_POINTER	[Add]
Facebook.Unity.Utilities::ParseSubscribableCatalogFromResult	CALL	resultDictionary @ X0 (System.Collections.Generic.IDictionary`2<System.String, System.Object>)	[v72 @ X24_v10 (System.Int32)]	7			RUNTIME_DISPATCH		UNRESOLVED	METHOD_POINTER:UNKNOWN_CLASS_SOURCE:CLASS_NOT_AN_INTERFACE_POINTER	[Add]
Facebook.Unity.Utilities::ParseSubscribableCatalogFromResult	CALL	v58 @ X0_v3 (System.Collections.Generic.IList`1<Facebook.Unity.SubscribableProduct>)	[v93 @ X25_v10 (System.Int32)]	2			RUNTIME_DISPATCH		UNRESOLVED	METHOD_POINTER:UNKNOWN_CLASS_SOURCE:CLASS_NOT_AN_INTERFACE_POINTER	[Add]
Facebook.Unity.Utilities::ParseSubscribableCatalogFromResult	CALL	v313 @ X0_v41	[v319 @ X8_v29 (System.Int32)]	0			RUNTIME_DISPATCH		UNRESOLVED	METHOD_POINTER:UNKNOWN_CLASS_SOURCE:CLASS_NOT_AN_INTERFACE_POINTER	[Add]
Facebook.Unity.Utilities::ParseSubscribableCatalogFromResult	CALL	v765 @ X0_v44	[v180 @ X22_v12 (System.Int32)]	0			RUNTIME_DISPATCH		UNRESOLVED	METHOD_POINTER:UNKNOWN_CLASS_SOURCE:CLASS_NOT_AN_INTERFACE_POINTER	[Add]
Facebook.Unity.Utilities::ParseSubscribableCatalogFromResult	CALL	v765 @ X0_v44	[v293 @ X23_v4 (System.Int32)]	0			RUNTIME_DISPATCH		UNRESOLVED	METHOD_POINTER:UNKNOWN_CLASS_SOURCE:CLASS_NOT_AN_INTERFACE_POINTER	[{Add | [{Add | [DEFINED_3_TIMES] | Add}] | Add}]
Facebook.Unity.Utilities::ParseSubscribableCatalogFromResult	CALL	v593 @ X21_v11	[v601 @ X8_v12 (System.Int32)]	0			RUNTIME_DISPATCH		UNRESOLVED	METHOD_POINTER:UNKNOWN_CLASS_SOURCE:CLASS_NOT_AN_INTERFACE_POINTER	[Add]
Facebook.Unity.Utilities::ParseSubscribableProductFromCatalogResult	CALL	product @ X0 (System.Collections.Generic.IDictionary`2<System.String, System.Object>)	[v233 @ X22_v13 (System.Int32)]	4			RUNTIME_DISPATCH		UNRESOLVED	METHOD_POINTER:UNKNOWN_CLASS_SOURCE:CLASS_NOT_AN_INTERFACE_POINTER	[Add]
Facebook.Unity.Utilities::ParseSubscribableProductFromCatalogResult	CALL	product @ X0 (System.Collections.Generic.IDictionary`2<System.String, System.Object>)	[v68 @ X9_v4 (System.Int32)]	0			RUNTIME_DISPATCH		UNRESOLVED	METHOD_POINTER:UNKNOWN_CLASS_SOURCE:CLASS_NOT_AN_INTERFACE_POINTER	[Add]
Facebook.Unity.Utilities::ParseSubscribableProductFromCatalogResult	CALL	product @ X0 (System.Collections.Generic.IDictionary`2<System.String, System.Object>)	[v435 @ X8_v18 (System.Int32)]	0			RUNTIME_DISPATCH		UNRESOLVED	METHOD_POINTER:UNKNOWN_CLASS_SOURCE:CLASS_NOT_AN_INTERFACE_POINTER	[Add]
Facebook.Unity.Utilities::ParseSubscribableProductFromCatalogResult	CALL	product @ X0 (System.Collections.Generic.IDictionary`2<System.String, System.Object>)	[v564 @ X22_v9 (System.Int32)]	4			RUNTIME_DISPATCH		UNRESOLVED	METHOD_POINTER:UNKNOWN_CLASS_SOURCE:CLASS_NOT_AN_INTERFACE_POINTER	[Add]
Facebook.Unity.Utilities::ParseSubscribableProductFromCatalogResult	CALL	product @ X0 (System.Collections.Generic.IDictionary`2<System.String, System.Object>)	[v564 @ X22_v9 (System.Int32)]	0			RUNTIME_DISPATCH		UNRESOLVED	METHOD_POINTER:UNKNOWN_CLASS_SOURCE:CLASS_NOT_AN_INTERFACE_POINTER	[Add]
Facebook.Unity.Utilities::ParseSubscribableProductFromCatalogResult	CALL	product @ X0 (System.Collections.Generic.IDictionary`2<System.String, System.Object>)	[v564 @ X22_v9 (System.Int32)]	4			RUNTIME_DISPATCH		UNRESOLVED	METHOD_POINTER:UNKNOWN_CLASS_SOURCE:CLASS_NOT_AN_INTERFACE_POINTER	[Add]
Facebook.Unity.Utilities::ParseSubscribableProductFromCatalogResult	CALL	product @ X0 (System.Collections.Generic.IDictionary`2<System.String, System.Object>)	[v564 @ X22_v9 (System.Int32)]	0			RUNTIME_DISPATCH		UNRESOLVED	METHOD_POINTER:UNKNOWN_CLASS_SOURCE:CLASS_NOT_AN_INTERFACE_POINTER	[Add]
Facebook.Unity.Utilities::ParseSubscribableProductFromCatalogResult	CALL	product @ X0 (System.Collections.Generic.IDictionary`2<System.String, System.Object>)	v1041 @ X1_v37	0			RUNTIME_DISPATCH		UNRESOLVED	METHOD_POINTER:UNKNOWN_CLASS_SOURCE:CLASS_NOT_AN_INTERFACE_POINTER	{[Add] | [Add] | [Add] | {[Add] | [Add] | [Add]}}
Facebook.Unity.Utilities::ParseSubscribableProductFromCatalogResult	CALL	product @ X0 (System.Collections.Generic.IDictionary`2<System.String, System.Object>)	[v233 @ X22_v13 (System.Int32)]	0			RUNTIME_DISPATCH		UNRESOLVED	METHOD_POINTER:UNKNOWN_CLASS_SOURCE:CLASS_NOT_AN_INTERFACE_POINTER	[Add]
Facebook.Unity.Utilities::ParseSubscribableProductFromCatalogResult	CALL	product @ X0 (System.Collections.Generic.IDictionary`2<System.String, System.Object>)	[v233 @ X22_v13 (System.Int32)]	0			RUNTIME_DISPATCH		UNRESOLVED	METHOD_POINTER:UNKNOWN_CLASS_SOURCE:CLASS_NOT_AN_INTERFACE_POINTER	[Add]
Facebook.Unity.Utilities::ParseSubscribableProductFromCatalogResult	CALL	product @ X0 (System.Collections.Generic.IDictionary`2<System.String, System.Object>)	[v1538 @ X8_v50 (System.Int32)]	0			RUNTIME_DISPATCH		UNRESOLVED	METHOD_POINTER:UNKNOWN_CLASS_SOURCE:CLASS_NOT_AN_INTERFACE_POINTER	[Add]
Facebook.Unity.Utilities::ParsePurchasesFromResult	CALL	resultDictionary @ X0 (System.Collections.Generic.IDictionary`2<System.String, System.Object>)	[v423 @ X22_v5 (System.Int32)]	7			RUNTIME_DISPATCH		UNRESOLVED	METHOD_POINTER:UNKNOWN_CLASS_SOURCE:CLASS_NOT_AN_INTERFACE_POINTER	[Add]
Facebook.Unity.Utilities::ParsePurchasesFromResult	CALL	v56 @ X0_v3 (System.Collections.Generic.IList`1<Facebook.Unity.Purchase>)	[v613 @ X24_v12 (System.Int32)]	2			RUNTIME_DISPATCH		UNRESOLVED	METHOD_POINTER:UNKNOWN_CLASS_SOURCE:CLASS_NOT_AN_INTERFACE_POINTER	[Add]
Facebook.Unity.Utilities::ParsePurchaseFromResult	CALL	resultDictionary @ X0 (System.Collections.Generic.IDictionary`2<System.String, System.Object>)	[v49 @ X21_v3 (System.Int32)]	7			RUNTIME_DISPATCH		UNRESOLVED	METHOD_POINTER:UNKNOWN_CLASS_SOURCE:CLASS_NOT_AN_INTERFACE_POINTER	[Add]
Facebook.Unity.Utilities::ParseSubscriptionsFromResult	CALL	resultDictionary @ X0 (System.Collections.Generic.IDictionary`2<System.String, System.Object>)	[v423 @ X22_v5 (System.Int32)]	7			RUNTIME_DISPATCH		UNRESOLVED	METHOD_POINTER:UNKNOWN_CLASS_SOURCE:CLASS_NOT_AN_INTERFACE_POINTER	[Add]
Facebook.Unity.Utilities::ParseSubscriptionsFromResult	CALL	v56 @ X0_v3 (System.Collections.Generic.IList`1<Facebook.Unity.Subscription>)	[v613 @ X24_v12 (System.Int32)]	2			RUNTIME_DISPATCH		UNRESOLVED	METHOD_POINTER:UNKNOWN_CLASS_SOURCE:CLASS_NOT_AN_INTERFACE_POINTER	[Add]
Facebook.Unity.Utilities::ParseSubscriptionFromResult	CALL	resultDictionary @ X0 (System.Collections.Generic.IDictionary`2<System.String, System.Object>)	[v49 @ X21_v3 (System.Int32)]	7			RUNTIME_DISPATCH		UNRESOLVED	METHOD_POINTER:UNKNOWN_CLASS_SOURCE:CLASS_NOT_AN_INTERFACE_POINTER	[Add]
Facebook.Unity.Utilities::ParsePurchaseFromDictionary	CALL	purchase @ X0 (System.Collections.Generic.IDictionary`2<System.String, System.Object>)	[v163 @ X28_v3 (System.Int32)]	4			RUNTIME_DISPATCH		UNRESOLVED	METHOD_POINTER:UNKNOWN_CLASS_SOURCE:CLASS_NOT_AN_INTERFACE_POINTER	[Add]
Facebook.Unity.Utilities::ParsePurchaseFromDictionary	CALL	purchase @ X0 (System.Collections.Generic.IDictionary`2<System.String, System.Object>)	[v163 @ X28_v3 (System.Int32)]	0			RUNTIME_DISPATCH		UNRESOLVED	METHOD_POINTER:UNKNOWN_CLASS_SOURCE:CLASS_NOT_AN_INTERFACE_POINTER	[Add]
Facebook.Unity.Utilities::ParsePurchaseFromDictionary	CALL	purchase @ X0 (System.Collections.Generic.IDictionary`2<System.String, System.Object>)	[v163 @ X28_v3 (System.Int32)]	4			RUNTIME_DISPATCH		UNRESOLVED	METHOD_POINTER:UNKNOWN_CLASS_SOURCE:CLASS_NOT_AN_INTERFACE_POINTER	[Add]
Facebook.Unity.Utilities::ParsePurchaseFromDictionary	CALL	purchase @ X0 (System.Collections.Generic.IDictionary`2<System.String, System.Object>)	[v163 @ X28_v3 (System.Int32)]	0			RUNTIME_DISPATCH		UNRESOLVED	METHOD_POINTER:UNKNOWN_CLASS_SOURCE:CLASS_NOT_AN_INTERFACE_POINTER	[Add]
Facebook.Unity.Utilities::ParsePurchaseFromDictionary	CALL	purchase @ X0 (System.Collections.Generic.IDictionary`2<System.String, System.Object>)	[v163 @ X28_v3 (System.Int32)]	4			RUNTIME_DISPATCH		UNRESOLVED	METHOD_POINTER:UNKNOWN_CLASS_SOURCE:CLASS_NOT_AN_INTERFACE_POINTER	[Add]
Facebook.Unity.Utilities::ParsePurchaseFromDictionary	CALL	purchase @ X0 (System.Collections.Generic.IDictionary`2<System.String, System.Object>)	[v163 @ X28_v3 (System.Int32)]	0			RUNTIME_DISPATCH		UNRESOLVED	METHOD_POINTER:UNKNOWN_CLASS_SOURCE:CLASS_NOT_AN_INTERFACE_POINTER	[Add]
Facebook.Unity.Utilities::ParsePurchaseFromDictionary	CALL	purchase @ X0 (System.Collections.Generic.IDictionary`2<System.String, System.Object>)	[v163 @ X28_v3 (System.Int32)]	0			RUNTIME_DISPATCH		UNRESOLVED	METHOD_POINTER:UNKNOWN_CLASS_SOURCE:CLASS_NOT_AN_INTERFACE_POINTER	[Add]
Facebook.Unity.Utilities::ParsePurchaseFromDictionary	CALL	purchase @ X0 (System.Collections.Generic.IDictionary`2<System.String, System.Object>)	[v163 @ X28_v3 (System.Int32)]	0			RUNTIME_DISPATCH		UNRESOLVED	METHOD_POINTER:UNKNOWN_CLASS_SOURCE:CLASS_NOT_AN_INTERFACE_POINTER	[Add]
Facebook.Unity.Utilities::ParsePurchaseFromDictionary	CALL	purchase @ X0 (System.Collections.Generic.IDictionary`2<System.String, System.Object>)	[v163 @ X28_v3 (System.Int32)]	4			RUNTIME_DISPATCH		UNRESOLVED	METHOD_POINTER:UNKNOWN_CLASS_SOURCE:CLASS_NOT_AN_INTERFACE_POINTER	[Add]
Facebook.Unity.Utilities::ParsePurchaseFromDictionary	CALL	purchase @ X0 (System.Collections.Generic.IDictionary`2<System.String, System.Object>)	[v163 @ X28_v3 (System.Int32)]	4			RUNTIME_DISPATCH		UNRESOLVED	METHOD_POINTER:UNKNOWN_CLASS_SOURCE:CLASS_NOT_AN_INTERFACE_POINTER	[Add]
Facebook.Unity.Utilities::ParsePurchaseFromDictionary	CALL	v1577 @ X25_v7 (System.Collections.Generic.IDictionary`2<System.String, System.Object>)	[v163 @ X28_v3 (System.Int32)]	5			RUNTIME_DISPATCH		UNRESOLVED	METHOD_POINTER:UNKNOWN_CLASS_SOURCE:CLASS_NOT_AN_INTERFACE_POINTER	[Add]
Facebook.Unity.Utilities::ParsePurchaseFromDictionary	CALL	v1577 @ X25_v7 (System.Collections.Generic.IDictionary`2<System.String, System.Object>)	[v163 @ X28_v3 (System.Int32)]	5			RUNTIME_DISPATCH		UNRESOLVED	METHOD_POINTER:UNKNOWN_CLASS_SOURCE:CLASS_NOT_AN_INTERFACE_POINTER	[Add]
Facebook.Unity.Utilities::ParsePurchaseFromDictionary	CALL	purchase @ X0 (System.Collections.Generic.IDictionary`2<System.String, System.Object>)	[v163 @ X28_v3 (System.Int32)]	0			RUNTIME_DISPATCH		UNRESOLVED	METHOD_POINTER:UNKNOWN_CLASS_SOURCE:CLASS_NOT_AN_INTERFACE_POINTER	[Add]
Facebook.Unity.Utilities::ParsePurchaseFromDictionary	CALL	purchase @ X0 (System.Collections.Generic.IDictionary`2<System.String, System.Object>)	[v163 @ X28_v3 (System.Int32)]	0			RUNTIME_DISPATCH		UNRESOLVED	METHOD_POINTER:UNKNOWN_CLASS_SOURCE:CLASS_NOT_AN_INTERFACE_POINTER	[Add]
Facebook.Unity.Utilities::ParsePurchaseFromDictionary	CALL	purchase @ X0 (System.Collections.Generic.IDictionary`2<System.String, System.Object>)	[v163 @ X28_v3 (System.Int32)]	0			RUNTIME_DISPATCH		UNRESOLVED	METHOD_POINTER:UNKNOWN_CLASS_SOURCE:CLASS_NOT_AN_INTERFACE_POINTER	[Add]
Facebook.Unity.Utilities::ParseSubscriptionFromDictionary	CALL	subscription @ X0 (System.Collections.Generic.IDictionary`2<System.String, System.Object>)	[v179 @ X27_v5 (System.Int32)]	0			RUNTIME_DISPATCH		UNRESOLVED	METHOD_POINTER:UNKNOWN_CLASS_SOURCE:CLASS_NOT_AN_INTERFACE_POINTER	[Add]
Facebook.Unity.Utilities::ParseSubscriptionFromDictionary	CALL	subscription @ X0 (System.Collections.Generic.IDictionary`2<System.String, System.Object>)	[v179 @ X27_v5 (System.Int32)]	0			RUNTIME_DISPATCH		UNRESOLVED	METHOD_POINTER:UNKNOWN_CLASS_SOURCE:CLASS_NOT_AN_INTERFACE_POINTER	[Add]
Facebook.Unity.Utilities::ParseSubscriptionFromDictionary	CALL	subscription @ X0 (System.Collections.Generic.IDictionary`2<System.String, System.Object>)	v644 @ X23_v6	0			RUNTIME_DISPATCH		UNRESOLVED	METHOD_POINTER:UNKNOWN_CLASS_SOURCE:CLASS_NOT_AN_INTERFACE_POINTER	{[Add] | [Add] | [Add]}
Facebook.Unity.Utilities::ParseSubscriptionFromDictionary	CALL	subscription @ X0 (System.Collections.Generic.IDictionary`2<System.String, System.Object>)	[v179 @ X27_v5 (System.Int32)]	0			RUNTIME_DISPATCH		UNRESOLVED	METHOD_POINTER:UNKNOWN_CLASS_SOURCE:CLASS_NOT_AN_INTERFACE_POINTER	[Add]
Facebook.Unity.Utilities::ParseSubscriptionFromDictionary	CALL	subscription @ X0 (System.Collections.Generic.IDictionary`2<System.String, System.Object>)	v939 @ X1_v32	0			RUNTIME_DISPATCH		UNRESOLVED	METHOD_POINTER:UNKNOWN_CLASS_SOURCE:CLASS_NOT_AN_INTERFACE_POINTER	{[Add] | [Add] | {[Add] | [Add]}}
Facebook.Unity.Utilities::ParseSubscriptionFromDictionary	CALL	subscription @ X0 (System.Collections.Generic.IDictionary`2<System.String, System.Object>)	[v179 @ X27_v5 (System.Int32)]	0			RUNTIME_DISPATCH		UNRESOLVED	METHOD_POINTER:UNKNOWN_CLASS_SOURCE:CLASS_NOT_AN_INTERFACE_POINTER	[Add]
Facebook.Unity.Utilities::ParseSubscriptionFromDictionary	CALL	subscription @ X0 (System.Collections.Generic.IDictionary`2<System.String, System.Object>)	[v179 @ X27_v5 (System.Int32)]	0			RUNTIME_DISPATCH		UNRESOLVED	METHOD_POINTER:UNKNOWN_CLASS_SOURCE:CLASS_NOT_AN_INTERFACE_POINTER	[Add]
Facebook.Unity.Utilities::ParseStringDictionaryFromString	CALL	v324 @ X0_v10 (System.String)	v456 @ X1_v21	5			RUNTIME_DISPATCH		UNRESOLVED	METHOD_POINTER:UNKNOWN_CLASS_SOURCE:CLASS_NOT_AN_INTERFACE_POINTER	{[Add] | [Add] | {[Add] | [Add]}}
Facebook.Unity.Utilities::ParseInnerStringDictionary	CALL	resultDictionary @ X0 (System.Collections.Generic.IDictionary`2<System.String, System.Object>)	[v49 @ X8_v4 (System.Int32)]	7			RUNTIME_DISPATCH		UNRESOLVED	METHOD_POINTER:UNKNOWN_CLASS_SOURCE:CLASS_NOT_AN_INTERFACE_POINTER	[Add]
Facebook.Unity.CodelessIAPAutoLog::handlePurchaseCompleted	CALL	v140 @ X0_v31	[v137 @ X21_v4 (System.Int32)]	0			RUNTIME_DISPATCH		UNRESOLVED	METHOD_POINTER:UNKNOWN_CLASS_SOURCE:CLASS_NOT_AN_INTERFACE_POINTER	[Add]
Facebook.Unity.CodelessCrawler::SendAndroid	CALL	v236 @ X20_v8	[v240 @ X8_v11 (System.Int32)]	0			RUNTIME_DISPATCH		UNRESOLVED	METHOD_POINTER:UNKNOWN_CLASS_SOURCE:CLASS_NOT_AN_INTERFACE_POINTER	[Add]
Facebook.Unity.UserAgeRange::AgeRangeFromDictionary	CALL	dictionary @ X0 (System.Collections.Generic.IDictionary`2<System.String, System.String>)	[v52 @ X21_v2 (System.Int32)]	7			RUNTIME_DISPATCH		UNRESOLVED	METHOD_POINTER:UNKNOWN_CLASS_SOURCE:CLASS_NOT_AN_INTERFACE_POINTER	[Add]
Facebook.Unity.UserAgeRange::AgeRangeFromDictionary	CALL	dictionary @ X0 (System.Collections.Generic.IDictionary`2<System.String, System.String>)	[v52 @ X21_v2 (System.Int32)]	7			RUNTIME_DISPATCH		UNRESOLVED	METHOD_POINTER:UNKNOWN_CLASS_SOURCE:CLASS_NOT_AN_INTERFACE_POINTER	[Add]
Facebook.Unity.FBLocation::FromDictionary	CALL	dictionary @ X1 (System.Collections.Generic.IDictionary`2<System.String, System.String>)	[v65 @ X22_v3 (System.Int32)]	7			RUNTIME_DISPATCH		UNRESOLVED	METHOD_POINTER:UNKNOWN_CLASS_SOURCE:CLASS_NOT_AN_INTERFACE_POINTER	[Add]
Facebook.Unity.FBLocation::FromDictionary	CALL	dictionary @ X1 (System.Collections.Generic.IDictionary`2<System.String, System.String>)	[v65 @ X22_v3 (System.Int32)]	7			RUNTIME_DISPATCH		UNRESOLVED	METHOD_POINTER:UNKNOWN_CLASS_SOURCE:CLASS_NOT_AN_INTERFACE_POINTER	[Add]
Facebook.Unity.TournamentResult::ToString	CALL	v69 @ X21_v2 (System.Collections.Generic.IDictionary`2<System.String, System.String>)	[v75 @ X8_v26 (System.Int32)]	0			RUNTIME_DISPATCH		UNRESOLVED	METHOD_POINTER:UNKNOWN_CLASS_SOURCE:CLASS_NOT_AN_INTERFACE_POINTER	[Add]
Facebook.Unity.TournamentResult::ToString	CALL	v89 @ stack_-68_v7	[v118 @ X22_v9 (System.Int32)]	0			RUNTIME_DISPATCH		UNRESOLVED	METHOD_POINTER:UNKNOWN_CLASS_SOURCE:CLASS_NOT_AN_INTERFACE_POINTER	[Add]
Facebook.Unity.TournamentResult::ToString	CALL	v89 @ stack_-68_v7	[v99 @ X28_v7 (System.Int32)]	0			RUNTIME_DISPATCH		UNRESOLVED	METHOD_POINTER:UNKNOWN_CLASS_SOURCE:CLASS_NOT_AN_INTERFACE_POINTER	[Add]
Facebook.Unity.TournamentResult::ToString	CALL	v502 @ X22_v7	[v495 @ X27_v5 (System.Int32)]	0			RUNTIME_DISPATCH		UNRESOLVED	METHOD_POINTER:UNKNOWN_CLASS_SOURCE:CLASS_NOT_AN_INTERFACE_POINTER	[{Add | {{Add | DEFINED_3_TIMES} | self | {Add | DEFINED_3_TIMES}}}]
Facebook.Unity.GetTournamentsResult::.ctor	CALL	v242 @ X0_v9 (System.Collections.Generic.IDictionary`2<System.String, System.Object>)	[v249 @ X8_v22 (System.Int32)]	0			RUNTIME_DISPATCH		UNRESOLVED	METHOD_POINTER:UNKNOWN_CLASS_SOURCE:CLASS_NOT_AN_INTERFACE_POINTER	[Add]
Facebook.Unity.GetTournamentsResult::.ctor	CALL	v511 @ X21_v16	[v427 @ X23_v11 (System.Int32)]	0			RUNTIME_DISPATCH		UNRESOLVED	METHOD_POINTER:UNKNOWN_CLASS_SOURCE:CLASS_NOT_AN_INTERFACE_POINTER	[Add]
Facebook.Unity.GetTournamentsResult::.ctor	CALL	v418 @ X0_v37	[v429 @ X24_v10 (System.Int32)]	0			RUNTIME_DISPATCH		UNRESOLVED	METHOD_POINTER:UNKNOWN_CLASS_SOURCE:CLASS_NOT_AN_INTERFACE_POINTER	[Add]
Facebook.Unity.GetTournamentsResult::.ctor	CALL	v620 @ X22_v7	[v652 @ X8_v16 (System.Int32)]	0			RUNTIME_DISPATCH		UNRESOLVED	METHOD_POINTER:UNKNOWN_CLASS_SOURCE:CLASS_NOT_AN_INTERFACE_POINTER	[Add]
Facebook.Unity.Windows.WindowsFacebook::Init	CALL	v54 @ X23_v4 (Facebook.Unity.Windows.IWindowsWrapper)	[v57 @ X8_v5 (System.Int32)]	0			RUNTIME_DISPATCH		UNRESOLVED	METHOD_POINTER:UNKNOWN_CLASS_SOURCE:CLASS_NOT_AN_INTERFACE_POINTER	[Add]
Facebook.Unity.Windows.WindowsFacebook::LogInWithPublishPermissions	TAIL	v51 @ X20_v3 (Facebook.Unity.Windows.IWindowsWrapper)	[v65 @ X8_v7 (System.Int32)]	1			RUNTIME_DISPATCH		UNRESOLVED	METHOD_POINTER:UNKNOWN_CLASS_SOURCE:CLASS_NOT_AN_INTERFACE_POINTER	[Add]
Facebook.Unity.Windows.WindowsFacebook::LogInWithReadPermissions	TAIL	v51 @ X20_v3 (Facebook.Unity.Windows.IWindowsWrapper)	[v65 @ X8_v7 (System.Int32)]	1			RUNTIME_DISPATCH		UNRESOLVED	METHOD_POINTER:UNKNOWN_CLASS_SOURCE:CLASS_NOT_AN_INTERFACE_POINTER	[Add]
Facebook.Unity.Windows.WindowsFacebook::LogOut	TAIL	v38 @ X19_v2 (Facebook.Unity.Windows.IWindowsWrapper)	[v41 @ X8_v4 (System.Int32)]	3			RUNTIME_DISPATCH		UNRESOLVED	METHOD_POINTER:UNKNOWN_CLASS_SOURCE:CLASS_NOT_AN_INTERFACE_POINTER	[Add]
Facebook.Unity.Windows.WindowsFacebook::get_LoggedIn	TAIL	v38 @ X19_v2 (Facebook.Unity.Windows.IWindowsWrapper)	[v41 @ X8_v4 (System.Int32)]	2			RUNTIME_DISPATCH		UNRESOLVED	METHOD_POINTER:UNKNOWN_CLASS_SOURCE:CLASS_NOT_AN_INTERFACE_POINTER	[Add]
Facebook.Unity.Windows.WindowsFacebook::GetCatalog	TAIL	v50 @ X19_v3 (Facebook.Unity.Windows.IWindowsWrapper)	[v64 @ X8_v7 (System.Int32)]	6			RUNTIME_DISPATCH		UNRESOLVED	METHOD_POINTER:UNKNOWN_CLASS_SOURCE:CLASS_NOT_AN_INTERFACE_POINTER	[Add]
Facebook.Unity.Windows.WindowsFacebook::GetPurchases	TAIL	v50 @ X19_v3 (Facebook.Unity.Windows.IWindowsWrapper)	[v64 @ X8_v7 (System.Int32)]	7			RUNTIME_DISPATCH		UNRESOLVED	METHOD_POINTER:UNKNOWN_CLASS_SOURCE:CLASS_NOT_AN_INTERFACE_POINTER	[Add]
Facebook.Unity.Windows.WindowsFacebook::Purchase	TAIL	v56 @ X21_v3 (Facebook.Unity.Windows.IWindowsWrapper)	[v70 @ X8_v7 (System.Int32)]	8			RUNTIME_DISPATCH		UNRESOLVED	METHOD_POINTER:UNKNOWN_CLASS_SOURCE:CLASS_NOT_AN_INTERFACE_POINTER	[Add]
Facebook.Unity.Windows.WindowsFacebook::ConsumePurchase	TAIL	v51 @ X20_v3 (Facebook.Unity.Windows.IWindowsWrapper)	[v65 @ X8_v7 (System.Int32)]	9			RUNTIME_DISPATCH		UNRESOLVED	METHOD_POINTER:UNKNOWN_CLASS_SOURCE:CLASS_NOT_AN_INTERFACE_POINTER	[Add]
Facebook.Unity.Windows.WindowsFacebook::CurrentProfile	TAIL	v50 @ X19_v3 (Facebook.Unity.Windows.IWindowsWrapper)	[v64 @ X8_v7 (System.Int32)]	10			RUNTIME_DISPATCH		UNRESOLVED	METHOD_POINTER:UNKNOWN_CLASS_SOURCE:CLASS_NOT_AN_INTERFACE_POINTER	[Add]
Facebook.Unity.Windows.WindowsFacebook::LoadInterstitialAd	TAIL	v51 @ X20_v3 (Facebook.Unity.Windows.IWindowsWrapper)	[v65 @ X8_v7 (System.Int32)]	11			RUNTIME_DISPATCH		UNRESOLVED	METHOD_POINTER:UNKNOWN_CLASS_SOURCE:CLASS_NOT_AN_INTERFACE_POINTER	[Add]
Facebook.Unity.Windows.WindowsFacebook::ShowInterstitialAd	TAIL	v51 @ X20_v3 (Facebook.Unity.Windows.IWindowsWrapper)	[v65 @ X8_v7 (System.Int32)]	12			RUNTIME_DISPATCH		UNRESOLVED	METHOD_POINTER:UNKNOWN_CLASS_SOURCE:CLASS_NOT_AN_INTERFACE_POINTER	[Add]
Facebook.Unity.Windows.WindowsFacebook::LoadRewardedVideo	TAIL	v51 @ X20_v3 (Facebook.Unity.Windows.IWindowsWrapper)	[v65 @ X8_v7 (System.Int32)]	13			RUNTIME_DISPATCH		UNRESOLVED	METHOD_POINTER:UNKNOWN_CLASS_SOURCE:CLASS_NOT_AN_INTERFACE_POINTER	[Add]
Facebook.Unity.Windows.WindowsFacebook::ShowRewardedVideo	TAIL	v51 @ X20_v3 (Facebook.Unity.Windows.IWindowsWrapper)	[v65 @ X8_v7 (System.Int32)]	14			RUNTIME_DISPATCH		UNRESOLVED	METHOD_POINTER:UNKNOWN_CLASS_SOURCE:CLASS_NOT_AN_INTERFACE_POINTER	[Add]
Facebook.Unity.Windows.WindowsFacebook::OpenFriendFinderDialog	TAIL	v50 @ X19_v3 (Facebook.Unity.Windows.IWindowsWrapper)	[v64 @ X8_v7 (System.Int32)]	15			RUNTIME_DISPATCH		UNRESOLVED	METHOD_POINTER:UNKNOWN_CLASS_SOURCE:CLASS_NOT_AN_INTERFACE_POINTER	[Add]
Facebook.Unity.Windows.WindowsFacebook::GetFriendFinderInvitations	TAIL	v50 @ X19_v3 (Facebook.Unity.Windows.IWindowsWrapper)	[v64 @ X8_v7 (System.Int32)]	16			RUNTIME_DISPATCH		UNRESOLVED	METHOD_POINTER:UNKNOWN_CLASS_SOURCE:CLASS_NOT_AN_INTERFACE_POINTER	[Add]
Facebook.Unity.Windows.WindowsFacebook::DeleteFriendFinderInvitation	TAIL	v51 @ X20_v3 (Facebook.Unity.Windows.IWindowsWrapper)	[v65 @ X8_v7 (System.Int32)]	17			RUNTIME_DISPATCH		UNRESOLVED	METHOD_POINTER:UNKNOWN_CLASS_SOURCE:CLASS_NOT_AN_INTERFACE_POINTER	[Add]
Facebook.Unity.Windows.WindowsFacebook::ScheduleAppToUserNotification	CALL	v63 @ X24_v3 (Facebook.Unity.Windows.IWindowsWrapper)	[v77 @ X8_v7 (System.Int32)]	18			RUNTIME_DISPATCH		UNRESOLVED	METHOD_POINTER:UNKNOWN_CLASS_SOURCE:CLASS_NOT_AN_INTERFACE_POINTER	[Add]
Facebook.Unity.Windows.WindowsFacebook::PostSessionScore	TAIL	v51 @ X20_v3 (Facebook.Unity.Windows.IWindowsWrapper)	[v65 @ X8_v7 (System.Int32)]	19			RUNTIME_DISPATCH		UNRESOLVED	METHOD_POINTER:UNKNOWN_CLASS_SOURCE:CLASS_NOT_AN_INTERFACE_POINTER	[Add]
Facebook.Unity.Windows.WindowsFacebook::PostTournamentScore	TAIL	v51 @ X20_v3 (Facebook.Unity.Windows.IWindowsWrapper)	[v65 @ X8_v7 (System.Int32)]	20			RUNTIME_DISPATCH		UNRESOLVED	METHOD_POINTER:UNKNOWN_CLASS_SOURCE:CLASS_NOT_AN_INTERFACE_POINTER	[Add]
Facebook.Unity.Windows.WindowsFacebook::GetTournament	TAIL	v50 @ X19_v3 (Facebook.Unity.Windows.IWindowsWrapper)	[v64 @ X8_v7 (System.Int32)]	21			RUNTIME_DISPATCH		UNRESOLVED	METHOD_POINTER:UNKNOWN_CLASS_SOURCE:CLASS_NOT_AN_INTERFACE_POINTER	[Add]
Facebook.Unity.Windows.WindowsFacebook::ShareTournament	TAIL	v56 @ X21_v3 (Facebook.Unity.Windows.IWindowsWrapper)	[v70 @ X8_v7 (System.Int32)]	22			RUNTIME_DISPATCH		UNRESOLVED	METHOD_POINTER:UNKNOWN_CLASS_SOURCE:CLASS_NOT_AN_INTERFACE_POINTER	[Add]
Facebook.Unity.Windows.WindowsFacebook::CreateTournament	CALL	v68 @ X25_v3 (Facebook.Unity.Windows.IWindowsWrapper)	[v82 @ X8_v7 (System.Int32)]	23			RUNTIME_DISPATCH		UNRESOLVED	METHOD_POINTER:UNKNOWN_CLASS_SOURCE:CLASS_NOT_AN_INTERFACE_POINTER	[Add]
Facebook.Unity.Windows.WindowsFacebook::UploadImageToMediaLibrary	TAIL	v62 @ X23_v3 (Facebook.Unity.Windows.IWindowsWrapper)	[v76 @ X8_v7 (System.Int32)]	24			RUNTIME_DISPATCH		UNRESOLVED	METHOD_POINTER:UNKNOWN_CLASS_SOURCE:CLASS_NOT_AN_INTERFACE_POINTER	[Add]
Facebook.Unity.Windows.WindowsFacebook::UploadVideoToMediaLibrary	TAIL	v62 @ X23_v3 (Facebook.Unity.Windows.IWindowsWrapper)	[v76 @ X8_v7 (System.Int32)]	25			RUNTIME_DISPATCH		UNRESOLVED	METHOD_POINTER:UNKNOWN_CLASS_SOURCE:CLASS_NOT_AN_INTERFACE_POINTER	[Add]
Facebook.Unity.Windows.WindowsFacebook::UploadImageToMediaLibrary	TAIL	v62 @ X22_v3 (Facebook.Unity.Windows.IWindowsWrapper)	[v78 @ X8_v7 (System.Int32)]	24			RUNTIME_DISPATCH		UNRESOLVED	METHOD_POINTER:UNKNOWN_CLASS_SOURCE:CLASS_NOT_AN_INTERFACE_POINTER	[Add]
Facebook.Unity.Windows.WindowsFacebook::UploadVideoToMediaLibrary	TAIL	v62 @ X22_v3 (Facebook.Unity.Windows.IWindowsWrapper)	[v78 @ X8_v7 (System.Int32)]	25			RUNTIME_DISPATCH		UNRESOLVED	METHOD_POINTER:UNKNOWN_CLASS_SOURCE:CLASS_NOT_AN_INTERFACE_POINTER	[Add]
Facebook.Unity.Windows.WindowsFacebook::GetUserLocale	TAIL	v50 @ X19_v3 (Facebook.Unity.Windows.IWindowsWrapper)	[v64 @ X8_v7 (System.Int32)]	27			RUNTIME_DISPATCH		UNRESOLVED	METHOD_POINTER:UNKNOWN_CLASS_SOURCE:CLASS_NOT_AN_INTERFACE_POINTER	[Add]
Facebook.Unity.Windows.WindowsFacebook::Tick	TAIL	v38 @ X19_v2 (Facebook.Unity.Windows.IWindowsWrapper)	[v41 @ X8_v4 (System.Int32)]	4			RUNTIME_DISPATCH		UNRESOLVED	METHOD_POINTER:UNKNOWN_CLASS_SOURCE:CLASS_NOT_AN_INTERFACE_POINTER	[Add]
Facebook.Unity.Windows.WindowsFacebook::Deinit	TAIL	v38 @ X19_v2 (Facebook.Unity.Windows.IWindowsWrapper)	[v41 @ X8_v4 (System.Int32)]	5			RUNTIME_DISPATCH		UNRESOLVED	METHOD_POINTER:UNKNOWN_CLASS_SOURCE:CLASS_NOT_AN_INTERFACE_POINTER	[Add]
Facebook.Unity.Windows.WindowsFacebook::SetVirtualGamepadLayout	TAIL	v51 @ X20_v3 (Facebook.Unity.Windows.IWindowsWrapper)	[v65 @ X8_v7 (System.Int32)]	26			RUNTIME_DISPATCH		UNRESOLVED	METHOD_POINTER:UNKNOWN_CLASS_SOURCE:CLASS_NOT_AN_INTERFACE_POINTER	[Add]
Facebook.Unity.Windows.WindowsFacebook::SetSoftKeyboardOpen	TAIL	v51 @ X20_v3 (Facebook.Unity.Windows.IWindowsWrapper)	[v65 @ X8_v7 (System.Int32)]	28			RUNTIME_DISPATCH		UNRESOLVED	METHOD_POINTER:UNKNOWN_CLASS_SOURCE:CLASS_NOT_AN_INTERFACE_POINTER	[Add]
Facebook.Unity.Windows.WindowsFacebook::CreateReferral	TAIL	v51 @ X20_v3 (Facebook.Unity.Windows.IWindowsWrapper)	[v65 @ X8_v7 (System.Int32)]	29			RUNTIME_DISPATCH		UNRESOLVED	METHOD_POINTER:UNKNOWN_CLASS_SOURCE:CLASS_NOT_AN_INTERFACE_POINTER	[Add]
Facebook.Unity.Windows.WindowsFacebook::GetDataReferral	TAIL	v50 @ X19_v3 (Facebook.Unity.Windows.IWindowsWrapper)	[v64 @ X8_v7 (System.Int32)]	30			RUNTIME_DISPATCH		UNRESOLVED	METHOD_POINTER:UNKNOWN_CLASS_SOURCE:CLASS_NOT_AN_INTERFACE_POINTER	[Add]
Facebook.Unity.Windows.WindowsFacebookGameObject::Update	TAIL	v73 @ X0_v15 (Facebook.Unity.Windows.WindowsFacebookGameObject)	[v69 @ X22_v4 (System.Int32)]	0			RUNTIME_DISPATCH		UNRESOLVED	METHOD_POINTER:UNKNOWN_CLASS_SOURCE:CLASS_NOT_AN_INTERFACE_POINTER	[Add]
Facebook.Unity.Windows.WindowsFacebookGameObject::OnDestroy	TAIL	v73 @ X0_v15 (Facebook.Unity.Windows.WindowsFacebookGameObject)	[v69 @ X22_v4 (System.Int32)]	1			RUNTIME_DISPATCH		UNRESOLVED	METHOD_POINTER:UNKNOWN_CLASS_SOURCE:CLASS_NOT_AN_INTERFACE_POINTER	[Add]
Facebook.Unity.Editor.EditorFacebook::Init	TAIL	v64 @ X19_v3 (Facebook.Unity.Editor.IEditorWrapper)	[v67 @ X8_v5 (System.Int32)]	0			RUNTIME_DISPATCH		UNRESOLVED	METHOD_POINTER:UNKNOWN_CLASS_SOURCE:CLASS_NOT_AN_INTERFACE_POINTER	[Add]
Facebook.Unity.Editor.EditorFacebook::LogInWithPublishPermissions	TAIL	this.editorWrapper (Facebook.Unity.Editor.IEditorWrapper)	[v229 @ X8_v18 (System.Int32)]	1			RUNTIME_DISPATCH		UNRESOLVED	METHOD_POINTER:UNKNOWN_CLASS_SOURCE:CLASS_NOT_AN_INTERFACE_POINTER	[Add]
Facebook.Unity.Editor.EditorFacebook::AppRequest	TAIL	v47 @ X19_v2 (Facebook.Unity.Editor.IEditorWrapper)	[v76 @ X8_v8 (System.Int32)]	2			RUNTIME_DISPATCH		UNRESOLVED	METHOD_POINTER:UNKNOWN_CLASS_SOURCE:CLASS_NOT_AN_INTERFACE_POINTER	[Add]
Facebook.Unity.Editor.EditorFacebook::ShareLink	TAIL	v46 @ X19_v2 (Facebook.Unity.Editor.IEditorWrapper)	[v78 @ X8_v8 (System.Int32)]	3			RUNTIME_DISPATCH		UNRESOLVED	METHOD_POINTER:UNKNOWN_CLASS_SOURCE:CLASS_NOT_AN_INTERFACE_POINTER	[Add]
Facebook.Unity.Editor.EditorFacebook::FeedShare	TAIL	v47 @ X19_v2 (Facebook.Unity.Editor.IEditorWrapper)	[v79 @ X8_v8 (System.Int32)]	3			RUNTIME_DISPATCH		UNRESOLVED	METHOD_POINTER:UNKNOWN_CLASS_SOURCE:CLASS_NOT_AN_INTERFACE_POINTER	[Add]
Facebook.Unity.Editor.EditorFacebook::OpenFriendFinderDialog	TAIL	v46 @ X19_v2 (Facebook.Unity.Editor.IEditorWrapper)	[v78 @ X8_v8 (System.Int32)]	4			RUNTIME_DISPATCH		UNRESOLVED	METHOD_POINTER:UNKNOWN_CLASS_SOURCE:CLASS_NOT_AN_INTERFACE_POINTER	[Add]
Facebook.Unity.Editor.EditorWrapper::Init	TAIL	v39 @ X19_v2 (Facebook.Unity.IFacebookCallbackHandler)	[v46 @ X9_v2 (System.Int32)]	0			RUNTIME_DISPATCH		UNRESOLVED	METHOD_POINTER:UNKNOWN_CLASS_SOURCE:CLASS_NOT_AN_INTERFACE_POINTER	[Add]
Facebook.Unity.Mobile.MobileFacebookGameObject::OnFetchDeferredAppLinkComplete	TAIL	v114 @ X19_v2 (Facebook.Unity.Mobile.MobileFacebookGameObject)	[v125 @ X8_v6 (System.Int32)]	0			RUNTIME_DISPATCH		UNRESOLVED	METHOD_POINTER:UNKNOWN_CLASS_SOURCE:CLASS_NOT_AN_INTERFACE_POINTER	[Add]
Facebook.Unity.Mobile.MobileFacebookGameObject::OnRefreshCurrentAccessTokenComplete	TAIL	v114 @ X19_v2 (Facebook.Unity.Mobile.MobileFacebookGameObject)	[v125 @ X8_v6 (System.Int32)]	1			RUNTIME_DISPATCH		UNRESOLVED	METHOD_POINTER:UNKNOWN_CLASS_SOURCE:CLASS_NOT_AN_INTERFACE_POINTER	[Add]
Facebook.Unity.Mobile.MobileFacebookGameObject::OnFriendFinderComplete	TAIL	v114 @ X19_v2 (Facebook.Unity.Mobile.MobileFacebookGameObject)	[v125 @ X8_v6 (System.Int32)]	2			RUNTIME_DISPATCH		UNRESOLVED	METHOD_POINTER:UNKNOWN_CLASS_SOURCE:CLASS_NOT_AN_INTERFACE_POINTER	[Add]
Facebook.Unity.Mobile.MobileFacebookGameObject::OnUploadImageToMediaLibraryComplete	TAIL	v114 @ X19_v2 (Facebook.Unity.Mobile.MobileFacebookGameObject)	[v125 @ X8_v6 (System.Int32)]	3			RUNTIME_DISPATCH		UNRESOLVED	METHOD_POINTER:UNKNOWN_CLASS_SOURCE:CLASS_NOT_AN_INTERFACE_POINTER	[Add]
Facebook.Unity.Mobile.MobileFacebookGameObject::OnUploadVideoToMediaLibraryComplete	TAIL	v114 @ X19_v2 (Facebook.Unity.Mobile.MobileFacebookGameObject)	[v125 @ X8_v6 (System.Int32)]	4			RUNTIME_DISPATCH		UNRESOLVED	METHOD_POINTER:UNKNOWN_CLASS_SOURCE:CLASS_NOT_AN_INTERFACE_POINTER	[Add]
Facebook.Unity.Mobile.MobileFacebookGameObject::OnOnIAPReadyComplete	TAIL	v114 @ X19_v2 (Facebook.Unity.Mobile.MobileFacebookGameObject)	[v125 @ X8_v6 (System.Int32)]	5			RUNTIME_DISPATCH		UNRESOLVED	METHOD_POINTER:UNKNOWN_CLASS_SOURCE:CLASS_NOT_AN_INTERFACE_POINTER	[Add]
Facebook.Unity.Mobile.MobileFacebookGameObject::OnGetCatalogComplete	TAIL	v114 @ X19_v2 (Facebook.Unity.Mobile.MobileFacebookGameObject)	[v125 @ X8_v6 (System.Int32)]	6			RUNTIME_DISPATCH		UNRESOLVED	METHOD_POINTER:UNKNOWN_CLASS_SOURCE:CLASS_NOT_AN_INTERFACE_POINTER	[Add]
Facebook.Unity.Mobile.MobileFacebookGameObject::OnGetPurchasesComplete	TAIL	v114 @ X19_v2 (Facebook.Unity.Mobile.MobileFacebookGameObject)	[v125 @ X8_v6 (System.Int32)]	7			RUNTIME_DISPATCH		UNRESOLVED	METHOD_POINTER:UNKNOWN_CLASS_SOURCE:CLASS_NOT_AN_INTERFACE_POINTER	[Add]
Facebook.Unity.Mobile.MobileFacebookGameObject::OnPurchaseComplete	TAIL	v114 @ X19_v2 (Facebook.Unity.Mobile.MobileFacebookGameObject)	[v125 @ X8_v6 (System.Int32)]	8			RUNTIME_DISPATCH		UNRESOLVED	METHOD_POINTER:UNKNOWN_CLASS_SOURCE:CLASS_NOT_AN_INTERFACE_POINTER	[Add]
Facebook.Unity.Mobile.MobileFacebookGameObject::OnConsumePurchaseComplete	TAIL	v114 @ X19_v2 (Facebook.Unity.Mobile.MobileFacebookGameObject)	[v125 @ X8_v6 (System.Int32)]	9			RUNTIME_DISPATCH		UNRESOLVED	METHOD_POINTER:UNKNOWN_CLASS_SOURCE:CLASS_NOT_AN_INTERFACE_POINTER	[Add]
Facebook.Unity.Mobile.MobileFacebookGameObject::OnGetSubscribableCatalogComplete	TAIL	v114 @ X19_v2 (Facebook.Unity.Mobile.MobileFacebookGameObject)	[v125 @ X8_v6 (System.Int32)]	10			RUNTIME_DISPATCH		UNRESOLVED	METHOD_POINTER:UNKNOWN_CLASS_SOURCE:CLASS_NOT_AN_INTERFACE_POINTER	[Add]
Facebook.Unity.Mobile.MobileFacebookGameObject::OnGetSubscriptionsComplete	TAIL	v114 @ X19_v2 (Facebook.Unity.Mobile.MobileFacebookGameObject)	[v125 @ X8_v6 (System.Int32)]	11			RUNTIME_DISPATCH		UNRESOLVED	METHOD_POINTER:UNKNOWN_CLASS_SOURCE:CLASS_NOT_AN_INTERFACE_POINTER	[Add]
Facebook.Unity.Mobile.MobileFacebookGameObject::OnPurchaseSubscriptionComplete	TAIL	v114 @ X19_v2 (Facebook.Unity.Mobile.MobileFacebookGameObject)	[v125 @ X8_v6 (System.Int32)]	12			RUNTIME_DISPATCH		UNRESOLVED	METHOD_POINTER:UNKNOWN_CLASS_SOURCE:CLASS_NOT_AN_INTERFACE_POINTER	[Add]
Facebook.Unity.Mobile.MobileFacebookGameObject::OnCancelSubscriptionComplete	TAIL	v114 @ X19_v2 (Facebook.Unity.Mobile.MobileFacebookGameObject)	[v125 @ X8_v6 (System.Int32)]	13			RUNTIME_DISPATCH		UNRESOLVED	METHOD_POINTER:UNKNOWN_CLASS_SOURCE:CLASS_NOT_AN_INTERFACE_POINTER	[Add]
Facebook.Unity.Mobile.MobileFacebookGameObject::OnInitCloudGameComplete	TAIL	v114 @ X19_v2 (Facebook.Unity.Mobile.MobileFacebookGameObject)	[v125 @ X8_v6 (System.Int32)]	14			RUNTIME_DISPATCH		UNRESOLVED	METHOD_POINTER:UNKNOWN_CLASS_SOURCE:CLASS_NOT_AN_INTERFACE_POINTER	[Add]
Facebook.Unity.Mobile.MobileFacebookGameObject::OnGameLoadCompleteComplete	TAIL	v114 @ X19_v2 (Facebook.Unity.Mobile.MobileFacebookGameObject)	[v125 @ X8_v6 (System.Int32)]	15			RUNTIME_DISPATCH		UNRESOLVED	METHOD_POINTER:UNKNOWN_CLASS_SOURCE:CLASS_NOT_AN_INTERFACE_POINTER	[Add]
Facebook.Unity.Mobile.MobileFacebookGameObject::OnScheduleAppToUserNotificationComplete	TAIL	v114 @ X19_v2 (Facebook.Unity.Mobile.MobileFacebookGameObject)	[v125 @ X8_v6 (System.Int32)]	16			RUNTIME_DISPATCH		UNRESOLVED	METHOD_POINTER:UNKNOWN_CLASS_SOURCE:CLASS_NOT_AN_INTERFACE_POINTER	[Add]
Facebook.Unity.Mobile.MobileFacebookGameObject::OnLoadInterstitialAdComplete	TAIL	v114 @ X19_v2 (Facebook.Unity.Mobile.MobileFacebookGameObject)	[v125 @ X8_v6 (System.Int32)]	17			RUNTIME_DISPATCH		UNRESOLVED	METHOD_POINTER:UNKNOWN_CLASS_SOURCE:CLASS_NOT_AN_INTERFACE_POINTER	[Add]
Facebook.Unity.Mobile.MobileFacebookGameObject::OnShowInterstitialAdComplete	TAIL	v114 @ X19_v2 (Facebook.Unity.Mobile.MobileFacebookGameObject)	[v125 @ X8_v6 (System.Int32)]	18			RUNTIME_DISPATCH		UNRESOLVED	METHOD_POINTER:UNKNOWN_CLASS_SOURCE:CLASS_NOT_AN_INTERFACE_POINTER	[Add]
Facebook.Unity.Mobile.MobileFacebookGameObject::OnLoadRewardedVideoComplete	TAIL	v114 @ X19_v2 (Facebook.Unity.Mobile.MobileFacebookGameObject)	[v125 @ X8_v6 (System.Int32)]	19			RUNTIME_DISPATCH		UNRESOLVED	METHOD_POINTER:UNKNOWN_CLASS_SOURCE:CLASS_NOT_AN_INTERFACE_POINTER	[Add]
Facebook.Unity.Mobile.MobileFacebookGameObject::OnShowRewardedVideoComplete	TAIL	v114 @ X19_v2 (Facebook.Unity.Mobile.MobileFacebookGameObject)	[v125 @ X8_v6 (System.Int32)]	20			RUNTIME_DISPATCH		UNRESOLVED	METHOD_POINTER:UNKNOWN_CLASS_SOURCE:CLASS_NOT_AN_INTERFACE_POINTER	[Add]
Facebook.Unity.Mobile.MobileFacebookGameObject::OnGetPayloadComplete	TAIL	v114 @ X19_v2 (Facebook.Unity.Mobile.MobileFacebookGameObject)	[v125 @ X8_v6 (System.Int32)]	21			RUNTIME_DISPATCH		UNRESOLVED	METHOD_POINTER:UNKNOWN_CLASS_SOURCE:CLASS_NOT_AN_INTERFACE_POINTER	[Add]
Facebook.Unity.Mobile.MobileFacebookGameObject::OnPostSessionScoreComplete	TAIL	v114 @ X19_v2 (Facebook.Unity.Mobile.MobileFacebookGameObject)	[v125 @ X8_v6 (System.Int32)]	22			RUNTIME_DISPATCH		UNRESOLVED	METHOD_POINTER:UNKNOWN_CLASS_SOURCE:CLASS_NOT_AN_INTERFACE_POINTER	[Add]
Facebook.Unity.Mobile.MobileFacebookGameObject::OnPostTournamentScoreComplete	TAIL	v114 @ X19_v2 (Facebook.Unity.Mobile.MobileFacebookGameObject)	[v125 @ X8_v6 (System.Int32)]	26			RUNTIME_DISPATCH		UNRESOLVED	METHOD_POINTER:UNKNOWN_CLASS_SOURCE:CLASS_NOT_AN_INTERFACE_POINTER	[Add]
Facebook.Unity.Mobile.MobileFacebookGameObject::OnGetTournamentComplete	TAIL	v114 @ X19_v2 (Facebook.Unity.Mobile.MobileFacebookGameObject)	[v125 @ X8_v6 (System.Int32)]	23			RUNTIME_DISPATCH		UNRESOLVED	METHOD_POINTER:UNKNOWN_CLASS_SOURCE:CLASS_NOT_AN_INTERFACE_POINTER	[Add]
Facebook.Unity.Mobile.MobileFacebookGameObject::OnShareTournamentComplete	TAIL	v114 @ X19_v2 (Facebook.Unity.Mobile.MobileFacebookGameObject)	[v125 @ X8_v6 (System.Int32)]	24			RUNTIME_DISPATCH		UNRESOLVED	METHOD_POINTER:UNKNOWN_CLASS_SOURCE:CLASS_NOT_AN_INTERFACE_POINTER	[Add]
Facebook.Unity.Mobile.MobileFacebookGameObject::OnCreateTournamentComplete	TAIL	v114 @ X19_v2 (Facebook.Unity.Mobile.MobileFacebookGameObject)	[v125 @ X8_v6 (System.Int32)]	25			RUNTIME_DISPATCH		UNRESOLVED	METHOD_POINTER:UNKNOWN_CLASS_SOURCE:CLASS_NOT_AN_INTERFACE_POINTER	[Add]
Facebook.Unity.Mobile.MobileFacebookGameObject::OnGetTournamentsComplete	TAIL	v114 @ X19_v2 (Facebook.Unity.Mobile.MobileFacebookGameObject)	[v125 @ X8_v6 (System.Int32)]	27			RUNTIME_DISPATCH		UNRESOLVED	METHOD_POINTER:UNKNOWN_CLASS_SOURCE:CLASS_NOT_AN_INTERFACE_POINTER	[Add]
Facebook.Unity.Mobile.MobileFacebookGameObject::OnUpdateTournamentComplete	TAIL	v114 @ X19_v2 (Facebook.Unity.Mobile.MobileFacebookGameObject)	[v125 @ X8_v6 (System.Int32)]	28			RUNTIME_DISPATCH		UNRESOLVED	METHOD_POINTER:UNKNOWN_CLASS_SOURCE:CLASS_NOT_AN_INTERFACE_POINTER	[Add]
Facebook.Unity.Mobile.MobileFacebookGameObject::OnTournamentDialogSuccess	TAIL	v114 @ X19_v2 (Facebook.Unity.Mobile.MobileFacebookGameObject)	[v125 @ X8_v6 (System.Int32)]	29			RUNTIME_DISPATCH		UNRESOLVED	METHOD_POINTER:UNKNOWN_CLASS_SOURCE:CLASS_NOT_AN_INTERFACE_POINTER	[Add]
Facebook.Unity.Mobile.MobileFacebookGameObject::OnTournamentDialogCancel	TAIL	v114 @ X19_v2 (Facebook.Unity.Mobile.MobileFacebookGameObject)	[v125 @ X8_v6 (System.Int32)]	30			RUNTIME_DISPATCH		UNRESOLVED	METHOD_POINTER:UNKNOWN_CLASS_SOURCE:CLASS_NOT_AN_INTERFACE_POINTER	[Add]
Facebook.Unity.Mobile.MobileFacebookGameObject::OnTournamentDialogError	TAIL	v114 @ X19_v2 (Facebook.Unity.Mobile.MobileFacebookGameObject)	[v125 @ X8_v6 (System.Int32)]	31			RUNTIME_DISPATCH		UNRESOLVED	METHOD_POINTER:UNKNOWN_CLASS_SOURCE:CLASS_NOT_AN_INTERFACE_POINTER	[Add]
Facebook.Unity.Mobile.MobileFacebookGameObject::OnOpenAppStoreComplete	TAIL	v114 @ X19_v2 (Facebook.Unity.Mobile.MobileFacebookGameObject)	[v125 @ X8_v6 (System.Int32)]	32			RUNTIME_DISPATCH		UNRESOLVED	METHOD_POINTER:UNKNOWN_CLASS_SOURCE:CLASS_NOT_AN_INTERFACE_POINTER	[Add]
Facebook.Unity.Mobile.MobileFacebookGameObject::OnCreateGamingContextComplete	TAIL	v114 @ X19_v2 (Facebook.Unity.Mobile.MobileFacebookGameObject)	[v125 @ X8_v6 (System.Int32)]	33			RUNTIME_DISPATCH		UNRESOLVED	METHOD_POINTER:UNKNOWN_CLASS_SOURCE:CLASS_NOT_AN_INTERFACE_POINTER	[Add]
Facebook.Unity.Mobile.MobileFacebookGameObject::OnSwitchGamingContextComplete	TAIL	v114 @ X19_v2 (Facebook.Unity.Mobile.MobileFacebookGameObject)	[v125 @ X8_v6 (System.Int32)]	34			RUNTIME_DISPATCH		UNRESOLVED	METHOD_POINTER:UNKNOWN_CLASS_SOURCE:CLASS_NOT_AN_INTERFACE_POINTER	[Add]
Facebook.Unity.Mobile.MobileFacebookGameObject::OnChooseGamingContextComplete	TAIL	v114 @ X19_v2 (Facebook.Unity.Mobile.MobileFacebookGameObject)	[v125 @ X8_v6 (System.Int32)]	35			RUNTIME_DISPATCH		UNRESOLVED	METHOD_POINTER:UNKNOWN_CLASS_SOURCE:CLASS_NOT_AN_INTERFACE_POINTER	[Add]
Facebook.Unity.Mobile.MobileFacebookGameObject::OnGetCurrentGamingContextComplete	TAIL	v114 @ X19_v2 (Facebook.Unity.Mobile.MobileFacebookGameObject)	[v125 @ X8_v6 (System.Int32)]	36			RUNTIME_DISPATCH		UNRESOLVED	METHOD_POINTER:UNKNOWN_CLASS_SOURCE:CLASS_NOT_AN_INTERFACE_POINTER	[Add]
Facebook.Unity.Mobile.IOS.IOSFacebook::set_LimitEventUsage	TAIL	v43 @ X20_v2 (Facebook.Unity.Mobile.IOS.IIOSWrapper)	[v46 @ X8_v4 (System.Int32)]	10			RUNTIME_DISPATCH		UNRESOLVED	METHOD_POINTER:UNKNOWN_CLASS_SOURCE:CLASS_NOT_AN_INTERFACE_POINTER	[Add]
Facebook.Unity.Mobile.IOS.IOSFacebook::get_SDKVersion	TAIL	v38 @ X19_v2 (Facebook.Unity.Mobile.IOS.IIOSWrapper)	[v41 @ X8_v4 (System.Int32)]	12			RUNTIME_DISPATCH		UNRESOLVED	METHOD_POINTER:UNKNOWN_CLASS_SOURCE:CLASS_NOT_AN_INTERFACE_POINTER	[Add]
Facebook.Unity.Mobile.IOS.IOSFacebook::Init	CALL	v59 @ X23_v2 (Facebook.Unity.Mobile.IOS.IIOSWrapper)	[v65 @ X25_v3 (System.Int32)]	0			RUNTIME_DISPATCH		UNRESOLVED	METHOD_POINTER:UNKNOWN_CLASS_SOURCE:CLASS_NOT_AN_INTERFACE_POINTER	[Add]
Facebook.Unity.Mobile.IOS.IOSFacebook::Init	CALL	v128 @ X20_v3 (Facebook.Unity.Mobile.IOS.IIOSWrapper)	[v65 @ X25_v3 (System.Int32)]	13			RUNTIME_DISPATCH		UNRESOLVED	METHOD_POINTER:UNKNOWN_CLASS_SOURCE:CLASS_NOT_AN_INTERFACE_POINTER	[Add]
Facebook.Unity.Mobile.IOS.IOSFacebook::LogInWithReadPermissions	TAIL	v51 @ X19_v2 (Facebook.Unity.Mobile.IOS.IIOSWrapper)	[v65 @ X8_v4 (System.Int32)]	1			RUNTIME_DISPATCH		UNRESOLVED	METHOD_POINTER:UNKNOWN_CLASS_SOURCE:CLASS_NOT_AN_INTERFACE_POINTER	[Add]
Facebook.Unity.Mobile.IOS.IOSFacebook::LogInWithPublishPermissions	TAIL	v51 @ X19_v2 (Facebook.Unity.Mobile.IOS.IIOSWrapper)	[v65 @ X8_v4 (System.Int32)]	2			RUNTIME_DISPATCH		UNRESOLVED	METHOD_POINTER:UNKNOWN_CLASS_SOURCE:CLASS_NOT_AN_INTERFACE_POINTER	[Add]
Facebook.Unity.Mobile.IOS.IOSFacebook::LogOut	TAIL	v40 @ X19_v2 (Facebook.Unity.Mobile.IOS.IIOSWrapper)	[v43 @ X8_v4 (System.Int32)]	3			RUNTIME_DISPATCH		UNRESOLVED	METHOD_POINTER:UNKNOWN_CLASS_SOURCE:CLASS_NOT_AN_INTERFACE_POINTER	[Add]
Facebook.Unity.Mobile.IOS.IOSFacebook::CurrentAuthenticationToken	TAIL	v38 @ X19_v2 (Facebook.Unity.Mobile.IOS.IIOSWrapper)	[v41 @ X8_v4 (System.Int32)]	21			RUNTIME_DISPATCH		UNRESOLVED	METHOD_POINTER:UNKNOWN_CLASS_SOURCE:CLASS_NOT_AN_INTERFACE_POINTER	[Add]
Facebook.Unity.Mobile.IOS.IOSFacebook::CurrentProfile	TAIL	v38 @ X19_v2 (Facebook.Unity.Mobile.IOS.IIOSWrapper)	[v41 @ X8_v4 (System.Int32)]	22			RUNTIME_DISPATCH		UNRESOLVED	METHOD_POINTER:UNKNOWN_CLASS_SOURCE:CLASS_NOT_AN_INTERFACE_POINTER	[Add]
Facebook.Unity.Mobile.IOS.IOSFacebook::AppRequest	CALL	v157 @ X24_v2 (Facebook.Unity.Mobile.IOS.IIOSWrapper)	[v416 @ X8_v31 (System.Int32)]	6			RUNTIME_DISPATCH		UNRESOLVED	METHOD_POINTER:UNKNOWN_CLASS_SOURCE:CLASS_NOT_AN_INTERFACE_POINTER	[Add]
Facebook.Unity.Mobile.IOS.IOSFacebook::ShareLink	TAIL	v58 @ X21_v2 (Facebook.Unity.Mobile.IOS.IIOSWrapper)	[v76 @ X8_v4 (System.Int32)]	4			RUNTIME_DISPATCH		UNRESOLVED	METHOD_POINTER:UNKNOWN_CLASS_SOURCE:CLASS_NOT_AN_INTERFACE_POINTER	[Add]
Facebook.Unity.Mobile.IOS.IOSFacebook::FeedShare	TAIL	v122 @ X28_v3 (Facebook.Unity.Mobile.IOS.IIOSWrapper)	[v271 @ X8_v8 (System.Int32)]	5			RUNTIME_DISPATCH		UNRESOLVED	METHOD_POINTER:UNKNOWN_CLASS_SOURCE:CLASS_NOT_AN_INTERFACE_POINTER	[Add]
Facebook.Unity.Mobile.IOS.IOSFacebook::AppEventsLogEvent	CALL	v63 @ X20_v2 (Facebook.Unity.Mobile.IOS.IIOSWrapper)	[v56 @ X24_v2 (System.Int32)]	8			RUNTIME_DISPATCH		UNRESOLVED	METHOD_POINTER:UNKNOWN_CLASS_SOURCE:CLASS_NOT_AN_INTERFACE_POINTER	[Add]
Facebook.Unity.Mobile.IOS.IOSFacebook::AppEventsLogEvent	TAIL	v63 @ X20_v2 (Facebook.Unity.Mobile.IOS.IIOSWrapper)	[v56 @ X24_v2 (System.Int32)]	8			RUNTIME_DISPATCH		UNRESOLVED	METHOD_POINTER:UNKNOWN_CLASS_SOURCE:CLASS_NOT_AN_INTERFACE_POINTER	[Add]
Facebook.Unity.Mobile.IOS.IOSFacebook::AppEventsLogPurchase	TAIL	v56 @ X20_v3 (Facebook.Unity.Mobile.IOS.IIOSWrapper)	[v62 @ X8_v4 (System.Int32)]	9			RUNTIME_DISPATCH		UNRESOLVED	METHOD_POINTER:UNKNOWN_CLASS_SOURCE:CLASS_NOT_AN_INTERFACE_POINTER	[Add]
Facebook.Unity.Mobile.IOS.IOSFacebook::ActivateApp	TAIL	v38 @ X19_v2 (Facebook.Unity.Mobile.IOS.IIOSWrapper)	[v41 @ X8_v4 (System.Int32)]	7			RUNTIME_DISPATCH		UNRESOLVED	METHOD_POINTER:UNKNOWN_CLASS_SOURCE:CLASS_NOT_AN_INTERFACE_POINTER	[Add]
Facebook.Unity.Mobile.IOS.IOSFacebook::GetAppLink	TAIL	v53 @ X19_v3 (Facebook.Unity.Mobile.IOS.IIOSWrapper)	[v144 @ X8_v8 (System.Int32)]	11			RUNTIME_DISPATCH		UNRESOLVED	METHOD_POINTER:UNKNOWN_CLASS_SOURCE:CLASS_NOT_AN_INTERFACE_POINTER	[Add]
Facebook.Unity.Mobile.IOS.IOSFacebook::OpenFriendFinderDialog	TAIL	v53 @ X19_v3 (Facebook.Unity.Mobile.IOS.IIOSWrapper)	[v144 @ X8_v8 (System.Int32)]	14			RUNTIME_DISPATCH		UNRESOLVED	METHOD_POINTER:UNKNOWN_CLASS_SOURCE:CLASS_NOT_AN_INTERFACE_POINTER	[Add]
Facebook.Unity.Mobile.IOS.IOSFacebook::CreateGamingContext	TAIL	v54 @ X20_v3 (Facebook.Unity.Mobile.IOS.IIOSWrapper)	[v147 @ X8_v8 (System.Int32)]	15			RUNTIME_DISPATCH		UNRESOLVED	METHOD_POINTER:UNKNOWN_CLASS_SOURCE:CLASS_NOT_AN_INTERFACE_POINTER	[Add]
Facebook.Unity.Mobile.IOS.IOSFacebook::SwitchGamingContext	TAIL	v54 @ X20_v3 (Facebook.Unity.Mobile.IOS.IIOSWrapper)	[v147 @ X8_v8 (System.Int32)]	16			RUNTIME_DISPATCH		UNRESOLVED	METHOD_POINTER:UNKNOWN_CLASS_SOURCE:CLASS_NOT_AN_INTERFACE_POINTER	[Add]
Facebook.Unity.Mobile.IOS.IOSFacebook::ChooseGamingContext	TAIL	v113 @ X22_v3 (Facebook.Unity.Mobile.IOS.IIOSWrapper)	[v215 @ X8_v9 (System.Int32)]	18			RUNTIME_DISPATCH		UNRESOLVED	METHOD_POINTER:UNKNOWN_CLASS_SOURCE:CLASS_NOT_AN_INTERFACE_POINTER	[Add]
Facebook.Unity.Mobile.IOS.IOSFacebook::GetCurrentGamingContext	TAIL	v53 @ X19_v3 (Facebook.Unity.Mobile.IOS.IIOSWrapper)	[v144 @ X8_v8 (System.Int32)]	17			RUNTIME_DISPATCH		UNRESOLVED	METHOD_POINTER:UNKNOWN_CLASS_SOURCE:CLASS_NOT_AN_INTERFACE_POINTER	[Add]
Facebook.Unity.Mobile.IOS.IOSFacebook::UploadImageToMediaLibrary	TAIL	v60 @ X21_v3 (Facebook.Unity.Mobile.IOS.IIOSWrapper)	[v172 @ X8_v9 (System.Int32)]	19			RUNTIME_DISPATCH		UNRESOLVED	METHOD_POINTER:UNKNOWN_CLASS_SOURCE:CLASS_NOT_AN_INTERFACE_POINTER	[Add]
Facebook.Unity.Mobile.IOS.IOSFacebook::UploadVideoToMediaLibrary	TAIL	v59 @ X20_v3 (Facebook.Unity.Mobile.IOS.IIOSWrapper)	[v169 @ X8_v9 (System.Int32)]	20			RUNTIME_DISPATCH		UNRESOLVED	METHOD_POINTER:UNKNOWN_CLASS_SOURCE:CLASS_NOT_AN_INTERFACE_POINTER	[Add]
Facebook.Unity.Mobile.Android.AndroidFacebook::get_SDKVersion	TAIL	[v176 @ X0_v3+8]	v51 @ X21_v1	[v51 @ X21_v1+50]			RUNTIME_DISPATCH		UNRESOLVED	METHOD_POINTER:UNKNOWN_CLASS_SOURCE:CLASS_NOT_AN_INTERFACE_POINTER	[Add]
Facebook.Unity.Mobile.Android.AndroidFacebook::Init	CALL	[v289 @ X0_v22+8]	v228 @ X22_v3	[v228 @ X22_v3+50]			RUNTIME_DISPATCH		UNRESOLVED	METHOD_POINTER:UNKNOWN_CLASS_SOURCE:CLASS_NOT_AN_INTERFACE_POINTER	[Add]
Facebook.Unity.Mobile.Android.AndroidFacebook::CurrentAuthenticationToken	CALL	[v207 @ X0_v28+8]	v54 @ X21_v3	[v54 @ X21_v3+50]			RUNTIME_DISPATCH		UNRESOLVED	METHOD_POINTER:UNKNOWN_CLASS_SOURCE:CLASS_NOT_AN_INTERFACE_POINTER	[Add]
Facebook.Unity.Mobile.Android.AndroidFacebook::CurrentAuthenticationToken	CALL	v106 @ X0_v37 (System.Collections.Generic.IDictionary`2<System.String, System.String>)	[v333 @ X21_v7 (System.Int32)]	7			RUNTIME_DISPATCH		UNRESOLVED	METHOD_POINTER:UNKNOWN_CLASS_SOURCE:CLASS_NOT_AN_INTERFACE_POINTER	[Add]
Facebook.Unity.Mobile.Android.AndroidFacebook::CurrentAuthenticationToken	CALL	v106 @ X0_v37 (System.Collections.Generic.IDictionary`2<System.String, System.String>)	[v333 @ X21_v7 (System.Int32)]	7			RUNTIME_DISPATCH		UNRESOLVED	METHOD_POINTER:UNKNOWN_CLASS_SOURCE:CLASS_NOT_AN_INTERFACE_POINTER	[Add]
Facebook.Unity.Mobile.Android.AndroidFacebook::CurrentProfile	CALL	[v202 @ X0_v10+8]	v75 @ X22_v3	[v75 @ X22_v3+50]			RUNTIME_DISPATCH		UNRESOLVED	METHOD_POINTER:UNKNOWN_CLASS_SOURCE:CLASS_NOT_AN_INTERFACE_POINTER	[Add]
Facebook.Unity.Mobile.Android.AndroidFacebook::CurrentProfile	CALL	v161 @ X0_v19 (System.Collections.Generic.IDictionary`2<System.String, System.String>)	[v493 @ X22_v7 (System.Int32)]	7			RUNTIME_DISPATCH		UNRESOLVED	METHOD_POINTER:UNKNOWN_CLASS_SOURCE:CLASS_NOT_AN_INTERFACE_POINTER	[Add]
Facebook.Unity.Mobile.Android.AndroidFacebook::CurrentProfile	CALL	v161 @ X0_v19 (System.Collections.Generic.IDictionary`2<System.String, System.String>)	[v493 @ X22_v7 (System.Int32)]	7			RUNTIME_DISPATCH		UNRESOLVED	METHOD_POINTER:UNKNOWN_CLASS_SOURCE:CLASS_NOT_AN_INTERFACE_POINTER	[Add]
Facebook.Unity.Mobile.Android.AndroidFacebook::CurrentProfile	CALL	v161 @ X0_v19 (System.Collections.Generic.IDictionary`2<System.String, System.String>)	[v493 @ X22_v7 (System.Int32)]	7			RUNTIME_DISPATCH		UNRESOLVED	METHOD_POINTER:UNKNOWN_CLASS_SOURCE:CLASS_NOT_AN_INTERFACE_POINTER	[Add]
Facebook.Unity.Mobile.Android.AndroidFacebook::CurrentProfile	CALL	v161 @ X0_v19 (System.Collections.Generic.IDictionary`2<System.String, System.String>)	[v493 @ X22_v7 (System.Int32)]	7			RUNTIME_DISPATCH		UNRESOLVED	METHOD_POINTER:UNKNOWN_CLASS_SOURCE:CLASS_NOT_AN_INTERFACE_POINTER	[Add]
Facebook.Unity.Mobile.Android.AndroidFacebook::CurrentProfile	CALL	v161 @ X0_v19 (System.Collections.Generic.IDictionary`2<System.String, System.String>)	[v493 @ X22_v7 (System.Int32)]	7			RUNTIME_DISPATCH		UNRESOLVED	METHOD_POINTER:UNKNOWN_CLASS_SOURCE:CLASS_NOT_AN_INTERFACE_POINTER	[Add]
Facebook.Unity.Mobile.Android.AndroidFacebook::CurrentProfile	CALL	v161 @ X0_v19 (System.Collections.Generic.IDictionary`2<System.String, System.String>)	[v493 @ X22_v7 (System.Int32)]	7			RUNTIME_DISPATCH		UNRESOLVED	METHOD_POINTER:UNKNOWN_CLASS_SOURCE:CLASS_NOT_AN_INTERFACE_POINTER	[Add]
Facebook.Unity.Mobile.Android.AndroidFacebook::CurrentProfile	CALL	v161 @ X0_v19 (System.Collections.Generic.IDictionary`2<System.String, System.String>)	[v493 @ X22_v7 (System.Int32)]	7			RUNTIME_DISPATCH		UNRESOLVED	METHOD_POINTER:UNKNOWN_CLASS_SOURCE:CLASS_NOT_AN_INTERFACE_POINTER	[Add]
Facebook.Unity.Mobile.Android.AndroidFacebook::CurrentProfile	CALL	v161 @ X0_v19 (System.Collections.Generic.IDictionary`2<System.String, System.String>)	[v493 @ X22_v7 (System.Int32)]	7			RUNTIME_DISPATCH		UNRESOLVED	METHOD_POINTER:UNKNOWN_CLASS_SOURCE:CLASS_NOT_AN_INTERFACE_POINTER	[Add]
Facebook.Unity.Mobile.Android.AndroidFacebook::CurrentProfile	CALL	v161 @ X0_v19 (System.Collections.Generic.IDictionary`2<System.String, System.String>)	[v493 @ X22_v7 (System.Int32)]	7			RUNTIME_DISPATCH		UNRESOLVED	METHOD_POINTER:UNKNOWN_CLASS_SOURCE:CLASS_NOT_AN_INTERFACE_POINTER	[Add]
Facebook.Unity.Mobile.Android.AndroidFacebook::CurrentProfile	CALL	v161 @ X0_v19 (System.Collections.Generic.IDictionary`2<System.String, System.String>)	[v493 @ X22_v7 (System.Int32)]	7			RUNTIME_DISPATCH		UNRESOLVED	METHOD_POINTER:UNKNOWN_CLASS_SOURCE:CLASS_NOT_AN_INTERFACE_POINTER	[Add]
Facebook.Unity.Mobile.Android.AndroidFacebook::CurrentProfile	CALL	v161 @ X0_v19 (System.Collections.Generic.IDictionary`2<System.String, System.String>)	[v493 @ X22_v7 (System.Int32)]	7			RUNTIME_DISPATCH		UNRESOLVED	METHOD_POINTER:UNKNOWN_CLASS_SOURCE:CLASS_NOT_AN_INTERFACE_POINTER	[Add]
Facebook.Unity.Mobile.Android.AndroidFacebook::IsImplicitPurchaseLoggingEnabled	TAIL	[v176 @ X0_v3+8]	v51 @ X21_v1	[v51 @ X21_v1+50]			RUNTIME_DISPATCH		UNRESOLVED	METHOD_POINTER:UNKNOWN_CLASS_SOURCE:CLASS_NOT_AN_INTERFACE_POINTER	[Add]
Facebook.Unity.Mobile.Android.AndroidFacebook::CallFB	TAIL	v51 @ X20_v2 (Facebook.Unity.Mobile.Android.IAndroidWrapper)	[v97 @ X8_v9 (System.Int32)]	1			RUNTIME_DISPATCH		UNRESOLVED	METHOD_POINTER:UNKNOWN_CLASS_SOURCE:CLASS_NOT_AN_INTERFACE_POINTER	[Add]
Facebook.Unity.Canvas.CanvasFacebook+CanvasUIMethodCall`1::UI	CALL	v60 @ X24_v3 (Facebook.Unity.Canvas.ICanvasJSWrapper)	[v116 @ X25_v3 (System.Int32)]	1			RUNTIME_DISPATCH		UNRESOLVED	METHOD_POINTER:UNKNOWN_CLASS_SOURCE:CLASS_NOT_AN_INTERFACE_POINTER	[Add]
Facebook.Unity.Canvas.CanvasFacebook+CanvasUIMethodCall`1::UI	TAIL	v141 @ X21_v3 (Facebook.Unity.Canvas.ICanvasJSWrapper)	[v116 @ X25_v3 (System.Int32)]	8			RUNTIME_DISPATCH		UNRESOLVED	METHOD_POINTER:UNKNOWN_CLASS_SOURCE:CLASS_NOT_AN_INTERFACE_POINTER	[Add]
Facebook.Unity.Canvas.CanvasFacebook::get_SDKVersion	TAIL	v38 @ X19_v2 (Facebook.Unity.Canvas.ICanvasJSWrapper)	[v41 @ X8_v4 (System.Int32)]	0			RUNTIME_DISPATCH		UNRESOLVED	METHOD_POINTER:UNKNOWN_CLASS_SOURCE:CLASS_NOT_AN_INTERFACE_POINTER	[Add]
Facebook.Unity.Canvas.CanvasFacebook::Init	CALL	v81 @ X23_v2 (Facebook.Unity.Canvas.ICanvasJSWrapper)	[v87 @ X8_v6 (System.Int32)]	9			RUNTIME_DISPATCH		UNRESOLVED	METHOD_POINTER:UNKNOWN_CLASS_SOURCE:CLASS_NOT_AN_INTERFACE_POINTER	[Add]
Facebook.Unity.Canvas.CanvasFacebook::Init	TAIL	v170 @ X20_v5 (Facebook.Unity.Canvas.ICanvasJSWrapper)	[v436 @ X8_v26 (System.Int32)]	2			RUNTIME_DISPATCH		UNRESOLVED	METHOD_POINTER:UNKNOWN_CLASS_SOURCE:CLASS_NOT_AN_INTERFACE_POINTER	[Add]
Facebook.Unity.Canvas.CanvasFacebook::LogInWithPublishPermissions	CALL	v49 @ X22_v2 (Facebook.Unity.Canvas.ICanvasJSWrapper)	[v54 @ X23_v3 (System.Int32)]	1			RUNTIME_DISPATCH		UNRESOLVED	METHOD_POINTER:UNKNOWN_CLASS_SOURCE:CLASS_NOT_AN_INTERFACE_POINTER	[Add]
Facebook.Unity.Canvas.CanvasFacebook::LogInWithPublishPermissions	TAIL	v144 @ X21_v3 (Facebook.Unity.Canvas.ICanvasJSWrapper)	[v54 @ X23_v3 (System.Int32)]	3			RUNTIME_DISPATCH		UNRESOLVED	METHOD_POINTER:UNKNOWN_CLASS_SOURCE:CLASS_NOT_AN_INTERFACE_POINTER	[Add]
Facebook.Unity.Canvas.CanvasFacebook::LogInWithReadPermissions	CALL	v49 @ X22_v2 (Facebook.Unity.Canvas.ICanvasJSWrapper)	[v54 @ X23_v3 (System.Int32)]	1			RUNTIME_DISPATCH		UNRESOLVED	METHOD_POINTER:UNKNOWN_CLASS_SOURCE:CLASS_NOT_AN_INTERFACE_POINTER	[Add]
Facebook.Unity.Canvas.CanvasFacebook::LogInWithReadPermissions	TAIL	v144 @ X21_v3 (Facebook.Unity.Canvas.ICanvasJSWrapper)	[v54 @ X23_v3 (System.Int32)]	3			RUNTIME_DISPATCH		UNRESOLVED	METHOD_POINTER:UNKNOWN_CLASS_SOURCE:CLASS_NOT_AN_INTERFACE_POINTER	[Add]
Facebook.Unity.Canvas.CanvasFacebook::LogOut	TAIL	v40 @ X19_v2 (Facebook.Unity.Canvas.ICanvasJSWrapper)	[v43 @ X8_v4 (System.Int32)]	4			RUNTIME_DISPATCH		UNRESOLVED	METHOD_POINTER:UNKNOWN_CLASS_SOURCE:CLASS_NOT_AN_INTERFACE_POINTER	[Add]
Facebook.Unity.Canvas.CanvasFacebook::ActivateApp	TAIL	v38 @ X19_v2 (Facebook.Unity.Canvas.ICanvasJSWrapper)	[v41 @ X8_v4 (System.Int32)]	5			RUNTIME_DISPATCH		UNRESOLVED	METHOD_POINTER:UNKNOWN_CLASS_SOURCE:CLASS_NOT_AN_INTERFACE_POINTER	[Add]
Facebook.Unity.Canvas.CanvasFacebook::AppEventsLogEvent	TAIL	v200 @ X21_v2 (Facebook.Unity.Canvas.ICanvasJSWrapper)	[v84 @ X8_v11 (System.Int32)]	6			RUNTIME_DISPATCH		UNRESOLVED	METHOD_POINTER:UNKNOWN_CLASS_SOURCE:CLASS_NOT_AN_INTERFACE_POINTER	[Add]
Facebook.Unity.Canvas.CanvasFacebook::AppEventsLogPurchase	TAIL	v204 @ X20_v2 (Facebook.Unity.Canvas.ICanvasJSWrapper)	[v88 @ X8_v11 (System.Int32)]	7			RUNTIME_DISPATCH		UNRESOLVED	METHOD_POINTER:UNKNOWN_CLASS_SOURCE:CLASS_NOT_AN_INTERFACE_POINTER	[Add]
Facebook.Unity.Canvas.CanvasFacebook::FormatAuthResponse	CALL	v311 @ X22_v17	[v640 @ X25_v8 (System.Int32)]	6			RUNTIME_DISPATCH		UNRESOLVED	METHOD_POINTER:UNKNOWN_CLASS_SOURCE:CLASS_NOT_AN_INTERFACE_POINTER	[{Add | {{Add | DEFINED_3_TIMES | DEFINED_3_TIMES | self} | {Add | DEFINED_3_TIMES | DEFINED_3_TIMES | self} | {Add | DEFINED_3_TIMES | DEFINED_3_TIMES | self}} | {{Add | DEFINED_3_TIMES | DEFINED_3_TIMES | self} | {Add | DEFINED_3_TIMES | DEFINED_3_TIMES | self} | {Add | DEFINED_3_TIMES | DEFINED_3_TIMES | self}} | self}]
Facebook.Unity.Canvas.CanvasFacebook::FormatAuthResponse	CALL	[v289 @ X8_v78 (Il2CppClass<Facebook.Unity.ResultContainer>)+18]	[v640 @ X25_v8 (System.Int32)]	1			RUNTIME_DISPATCH		UNRESOLVED	METHOD_POINTER:UNKNOWN_CLASS_SOURCE:CLASS_NOT_AN_INTERFACE_POINTER	[{Add | {{Add | DEFINED_3_TIMES | DEFINED_3_TIMES | self} | {Add | DEFINED_3_TIMES | DEFINED_3_TIMES | self} | {Add | DEFINED_3_TIMES | DEFINED_3_TIMES | self}} | {{Add | DEFINED_3_TIMES | DEFINED_3_TIMES | self} | {Add | DEFINED_3_TIMES | DEFINED_3_TIMES | self} | {Add | DEFINED_3_TIMES | DEFINED_3_TIMES | self}} | self}]
Facebook.Unity.Canvas.CanvasFacebook::FormatAuthResponse	CALL	v315 @ X22_v11	[v640 @ X25_v8 (System.Int32)]	4			RUNTIME_DISPATCH		UNRESOLVED	METHOD_POINTER:UNKNOWN_CLASS_SOURCE:CLASS_NOT_AN_INTERFACE_POINTER	[{Add | {{Add | DEFINED_3_TIMES | DEFINED_3_TIMES | self} | {Add | DEFINED_3_TIMES | DEFINED_3_TIMES | self} | {Add | DEFINED_3_TIMES | DEFINED_3_TIMES | self}} | {{Add | DEFINED_3_TIMES | DEFINED_3_TIMES | self} | {Add | DEFINED_3_TIMES | DEFINED_3_TIMES | self} | {Add | DEFINED_3_TIMES | DEFINED_3_TIMES | self}} | self}]
Facebook.Unity.Canvas.CanvasFacebook::FormatAuthResponse	CALL	v317 @ X22_v13	[v640 @ X25_v8 (System.Int32)]	4			RUNTIME_DISPATCH		UNRESOLVED	METHOD_POINTER:UNKNOWN_CLASS_SOURCE:CLASS_NOT_AN_INTERFACE_POINTER	[{Add | {{Add | DEFINED_3_TIMES | DEFINED_3_TIMES | self} | {Add | DEFINED_3_TIMES | DEFINED_3_TIMES | self} | {Add | DEFINED_3_TIMES | DEFINED_3_TIMES | self}} | {{Add | DEFINED_3_TIMES | DEFINED_3_TIMES | self} | {Add | DEFINED_3_TIMES | DEFINED_3_TIMES | self} | {Add | DEFINED_3_TIMES | DEFINED_3_TIMES | self}} | self}]
Facebook.Unity.Canvas.CanvasFacebook::FormatAuthResponse	CALL	v826 @ X22_v18 (System.Object)	[v828 @ X8_v72 (System.Int32)]	0			RUNTIME_DISPATCH		UNRESOLVED	METHOD_POINTER:UNKNOWN_CLASS_SOURCE:CLASS_NOT_AN_INTERFACE_POINTER	[Add]
Facebook.Unity.Canvas.CanvasFacebook::FormatAuthResponse	CALL	v1039 @ X0_v87	[v111 @ X26_v11 (System.Int32)]	0			RUNTIME_DISPATCH		UNRESOLVED	METHOD_POINTER:UNKNOWN_CLASS_SOURCE:CLASS_NOT_AN_INTERFACE_POINTER	[Add]
Facebook.Unity.Canvas.CanvasFacebook::FormatAuthResponse	CALL	v1039 @ X0_v87	[v108 @ X27_v11 (System.Int32)]	0			RUNTIME_DISPATCH		UNRESOLVED	METHOD_POINTER:UNKNOWN_CLASS_SOURCE:CLASS_NOT_AN_INTERFACE_POINTER	[Add]
Facebook.Unity.Canvas.CanvasFacebook::FormatAuthResponse	CALL	v641 @ X23_v14	[v656 @ X8_v60 (System.Int32)]	0			RUNTIME_DISPATCH		UNRESOLVED	METHOD_POINTER:UNKNOWN_CLASS_SOURCE:CLASS_NOT_AN_INTERFACE_POINTER	[Add]
Facebook.Unity.Canvas.CanvasFacebook::FormatAuthResponse	CALL	v438 @ X20_v4 (System.Int32)	[v640 @ X25_v8 (System.Int32)]	0			RUNTIME_DISPATCH		UNRESOLVED	METHOD_POINTER:UNKNOWN_CLASS_SOURCE:CLASS_NOT_AN_INTERFACE_POINTER	[{Add | {{Add | DEFINED_3_TIMES | DEFINED_3_TIMES | self} | {Add | DEFINED_3_TIMES | DEFINED_3_TIMES | self} | {Add | DEFINED_3_TIMES | DEFINED_3_TIMES | self}} | {{Add | DEFINED_3_TIMES | DEFINED_3_TIMES | self} | {Add | DEFINED_3_TIMES | DEFINED_3_TIMES | self} | {Add | DEFINED_3_TIMES | DEFINED_3_TIMES | self}} | self}]
Facebook.Unity.Canvas.CanvasFacebookGameObject::OnPayComplete	TAIL	v114 @ X19_v2 (Facebook.Unity.Canvas.CanvasFacebookGameObject)	[v125 @ X8_v6 (System.Int32)]	0			RUNTIME_DISPATCH		UNRESOLVED	METHOD_POINTER:UNKNOWN_CLASS_SOURCE:CLASS_NOT_AN_INTERFACE_POINTER	[Add]
Facebook.Unity.Canvas.CanvasFacebookGameObject::OnFacebookAuthResponseChange	TAIL	v114 @ X19_v2 (Facebook.Unity.Canvas.CanvasFacebookGameObject)	[v125 @ X8_v6 (System.Int32)]	1			RUNTIME_DISPATCH		UNRESOLVED	METHOD_POINTER:UNKNOWN_CLASS_SOURCE:CLASS_NOT_AN_INTERFACE_POINTER	[Add]
Facebook.Unity.Canvas.CanvasFacebookGameObject::OnUrlResponse	TAIL	v74 @ X0_v16 (Facebook.Unity.Canvas.CanvasFacebookGameObject)	[v135 @ X8_v14 (System.Int32)]	2			RUNTIME_DISPATCH		UNRESOLVED	METHOD_POINTER:UNKNOWN_CLASS_SOURCE:CLASS_NOT_AN_INTERFACE_POINTER	[Add]
Facebook.Unity.Canvas.CanvasFacebookGameObject::OnHideUnity	TAIL	v74 @ X0_v16 (Facebook.Unity.Canvas.CanvasFacebookGameObject)	[v135 @ X8_v14 (System.Int32)]	3			RUNTIME_DISPATCH		UNRESOLVED	METHOD_POINTER:UNKNOWN_CLASS_SOURCE:CLASS_NOT_AN_INTERFACE_POINTER	[Add]
Facebook.Unity.Canvas.JsBridge::OnLoginComplete	TAIL	v43 @ X20_v2 (Facebook.Unity.Canvas.ICanvasFacebookCallbackHandler)	[v46 @ X8_v4 (System.Int32)]	1			RUNTIME_DISPATCH		UNRESOLVED	METHOD_POINTER:UNKNOWN_CLASS_SOURCE:CLASS_NOT_AN_INTERFACE_POINTER	[Add]
Facebook.Unity.Canvas.JsBridge::OnFacebookAuthResponseChange	TAIL	v43 @ X20_v2 (Facebook.Unity.Canvas.ICanvasFacebookCallbackHandler)	[v46 @ X8_v4 (System.Int32)]	1			RUNTIME_DISPATCH		UNRESOLVED	METHOD_POINTER:UNKNOWN_CLASS_SOURCE:CLASS_NOT_AN_INTERFACE_POINTER	[Add]
Facebook.Unity.Canvas.JsBridge::OnPayComplete	TAIL	v43 @ X20_v2 (Facebook.Unity.Canvas.ICanvasFacebookCallbackHandler)	[v46 @ X8_v4 (System.Int32)]	0			RUNTIME_DISPATCH		UNRESOLVED	METHOD_POINTER:UNKNOWN_CLASS_SOURCE:CLASS_NOT_AN_INTERFACE_POINTER	[Add]
Facebook.Unity.Canvas.JsBridge::OnAppRequestsComplete	TAIL	v43 @ X20_v2 (Facebook.Unity.Canvas.ICanvasFacebookCallbackHandler)	[v46 @ X8_v4 (System.Int32)]	2			RUNTIME_DISPATCH		UNRESOLVED	METHOD_POINTER:UNKNOWN_CLASS_SOURCE:CLASS_NOT_AN_INTERFACE_POINTER	[Add]
Facebook.Unity.Canvas.JsBridge::OnShareLinkComplete	TAIL	v43 @ X20_v2 (Facebook.Unity.Canvas.ICanvasFacebookCallbackHandler)	[v46 @ X8_v4 (System.Int32)]	3			RUNTIME_DISPATCH		UNRESOLVED	METHOD_POINTER:UNKNOWN_CLASS_SOURCE:CLASS_NOT_AN_INTERFACE_POINTER	[Add]
Facebook.Unity.Canvas.JsBridge::OnFacebookFocus	TAIL	v46 @ X19_v2 (Facebook.Unity.Canvas.ICanvasFacebookCallbackHandler)	[v56 @ X8_v4 (System.Int32)]	3			RUNTIME_DISPATCH		UNRESOLVED	METHOD_POINTER:UNKNOWN_CLASS_SOURCE:CLASS_NOT_AN_INTERFACE_POINTER	[Add]
Facebook.Unity.Canvas.JsBridge::OnInitComplete	TAIL	v43 @ X20_v2 (Facebook.Unity.Canvas.ICanvasFacebookCallbackHandler)	[v46 @ X8_v4 (System.Int32)]	0			RUNTIME_DISPATCH		UNRESOLVED	METHOD_POINTER:UNKNOWN_CLASS_SOURCE:CLASS_NOT_AN_INTERFACE_POINTER	[Add]
Facebook.Unity.Canvas.JsBridge::OnUrlResponse	TAIL	v43 @ X20_v2 (Facebook.Unity.Canvas.ICanvasFacebookCallbackHandler)	[v46 @ X8_v4 (System.Int32)]	2			RUNTIME_DISPATCH		UNRESOLVED	METHOD_POINTER:UNKNOWN_CLASS_SOURCE:CLASS_NOT_AN_INTERFACE_POINTER	[Add]
Mono.Security.ASN1::GetBytes	CALL	v597 @ X22_v20 (System.Collections.IEnumerator)	[v488 @ X23_v12 (System.Int32)]	0			RUNTIME_DISPATCH		UNRESOLVED	METHOD_POINTER:UNKNOWN_CLASS_SOURCE:CLASS_NOT_AN_INTERFACE_POINTER	[Add]
Mono.Security.ASN1::GetBytes	CALL	v166 @ stack_-68_v12 (System.Collections.IEnumerator)	[v488 @ X23_v12 (System.Int32)]	1			RUNTIME_DISPATCH		UNRESOLVED	METHOD_POINTER:UNKNOWN_CLASS_SOURCE:CLASS_NOT_AN_INTERFACE_POINTER	[Add]
Mono.Security.ASN1::GetBytes	CALL	v1081 @ X0_v60	[v268 @ X26_v13 (System.Int32)]	0			RUNTIME_DISPATCH		UNRESOLVED	METHOD_POINTER:UNKNOWN_CLASS_SOURCE:CLASS_NOT_AN_INTERFACE_POINTER	[Add]
Mono.Security.X509.PKCS12::get_Keys	CALL	v559 @ X21_v12 (System.Collections.IEnumerator)	[v449 @ X25_v10 (System.Int32)]	0			RUNTIME_DISPATCH		UNRESOLVED	METHOD_POINTER:UNKNOWN_CLASS_SOURCE:CLASS_NOT_AN_INTERFACE_POINTER	[Add]
Mono.Security.X509.PKCS12::get_Keys	CALL	v255 @ stack_-70_v8 (System.Collections.IEnumerator)	[v449 @ X25_v10 (System.Int32)]	1			RUNTIME_DISPATCH		UNRESOLVED	METHOD_POINTER:UNKNOWN_CLASS_SOURCE:CLASS_NOT_AN_INTERFACE_POINTER	[Add]
Mono.Security.X509.PKCS12::get_Keys	CALL	returnVal1 @ X0_v5 (System.Collections.ArrayList)	[v82 @ X24_v6 (System.Int32)]	0			RUNTIME_DISPATCH		UNRESOLVED	METHOD_POINTER:UNKNOWN_CLASS_SOURCE:CLASS_NOT_AN_INTERFACE_POINTER	[Add]
Mono.Security.X509.PKCS12::get_Certificates	CALL	v454 @ X22_v11 (System.Collections.IEnumerator)	[v376 @ X26_v10 (System.Int32)]	0			RUNTIME_DISPATCH		UNRESOLVED	METHOD_POINTER:UNKNOWN_CLASS_SOURCE:CLASS_NOT_AN_INTERFACE_POINTER	[Add]
Mono.Security.X509.PKCS12::get_Certificates	CALL	v201 @ stack_-68_v8 (System.Collections.IEnumerator)	[v376 @ X26_v10 (System.Int32)]	1			RUNTIME_DISPATCH		UNRESOLVED	METHOD_POINTER:UNKNOWN_CLASS_SOURCE:CLASS_NOT_AN_INTERFACE_POINTER	[Add]
Mono.Security.X509.PKCS12::get_Certificates	CALL	returnVal1 @ X0_v4 (Mono.Security.X509.X509CertificateCollection)	[v70 @ X23_v6 (System.Int32)]	0			RUNTIME_DISPATCH		UNRESOLVED	METHOD_POINTER:UNKNOWN_CLASS_SOURCE:CLASS_NOT_AN_INTERFACE_POINTER	[Add]
Mono.Security.X509.PKCS12::Decrypt	CALL	v65 @ X0_v21 (System.Security.Cryptography.ICryptoTransform)	[v135 @ X8_v11 (System.Int32)]	4			RUNTIME_DISPATCH		UNRESOLVED	METHOD_POINTER:UNKNOWN_CLASS_SOURCE:CLASS_NOT_AN_INTERFACE_POINTER	[Add]
Mono.Security.X509.PKCS12::Encrypt	CALL	v67 @ X0_v27 (System.Security.Cryptography.ICryptoTransform)	[v134 @ X8_v17 (System.Int32)]	4			RUNTIME_DISPATCH		UNRESOLVED	METHOD_POINTER:UNKNOWN_CLASS_SOURCE:CLASS_NOT_AN_INTERFACE_POINTER	[Add]
Mono.Security.X509.PKCS12::Encrypt	CALL	v292 @ X21_v7	[v298 @ X8_v10 (System.Int32)]	0			RUNTIME_DISPATCH		UNRESOLVED	METHOD_POINTER:UNKNOWN_CLASS_SOURCE:CLASS_NOT_AN_INTERFACE_POINTER	[Add]
Mono.Security.X509.PKCS12::GetExistingParameters	CALL	v304.enumerator (System.Collections.IEnumerator)	[v238 @ X21_v12 (System.Int32)]	0			RUNTIME_DISPATCH		UNRESOLVED	METHOD_POINTER:UNKNOWN_CLASS_SOURCE:CLASS_NOT_AN_INTERFACE_POINTER	[Add]
Mono.Security.X509.PKCS12::GetExistingParameters	CALL	returnVal2 @ X0_v7 (System.Security.Cryptography.DSAParameters)	[v149 @ X25_v3 (System.Int32)]	0			RUNTIME_DISPATCH		UNRESOLVED	METHOD_POINTER:UNKNOWN_CLASS_SOURCE:CLASS_NOT_AN_INTERFACE_POINTER	[Add]
Mono.Security.X509.PKCS12::Pkcs8ShroudedKeyBagSafeBag	CALL	v942 @ X2_v37 (System.Collections.IDictionary)	[v607 @ X19_v18 (System.Int32)]	8			RUNTIME_DISPATCH		UNRESOLVED	METHOD_POINTER:UNKNOWN_CLASS_SOURCE:CLASS_NOT_AN_INTERFACE_POINTER	[Add]
Mono.Security.X509.PKCS12::Pkcs8ShroudedKeyBagSafeBag	CALL	v1544 @ X0_v86	[v325 @ X26_v15 (System.Int32)]	0			RUNTIME_DISPATCH		UNRESOLVED	METHOD_POINTER:UNKNOWN_CLASS_SOURCE:CLASS_NOT_AN_INTERFACE_POINTER	[Add]
Mono.Security.X509.PKCS12::Pkcs8ShroudedKeyBagSafeBag	CALL	v1544 @ X0_v86	[v598 @ X22_v19 (System.Int32)]	0			RUNTIME_DISPATCH		UNRESOLVED	METHOD_POINTER:UNKNOWN_CLASS_SOURCE:CLASS_NOT_AN_INTERFACE_POINTER	[{Add | Add}]
Mono.Security.X509.PKCS12::Pkcs8ShroudedKeyBagSafeBag	CALL	v1544 @ X0_v86	[v598 @ X22_v19 (System.Int32)]	1			RUNTIME_DISPATCH		UNRESOLVED	METHOD_POINTER:UNKNOWN_CLASS_SOURCE:CLASS_NOT_AN_INTERFACE_POINTER	[{Add | Add}]
Mono.Security.X509.PKCS12::Pkcs8ShroudedKeyBagSafeBag	CALL	v1544 @ X0_v86	[v598 @ X22_v19 (System.Int32)]	1			RUNTIME_DISPATCH		UNRESOLVED	METHOD_POINTER:UNKNOWN_CLASS_SOURCE:CLASS_NOT_AN_INTERFACE_POINTER	[{Add | Add}]
Mono.Security.X509.PKCS12::Pkcs8ShroudedKeyBagSafeBag	CALL	v2045 @ X0_v240	[v325 @ X26_v15 (System.Int32)]	0			RUNTIME_DISPATCH		UNRESOLVED	METHOD_POINTER:UNKNOWN_CLASS_SOURCE:CLASS_NOT_AN_INTERFACE_POINTER	[Add]
Mono.Security.X509.PKCS12::Pkcs8ShroudedKeyBagSafeBag	CALL	v2045 @ X0_v240	[v325 @ X26_v15 (System.Int32)]	1			RUNTIME_DISPATCH		UNRESOLVED	METHOD_POINTER:UNKNOWN_CLASS_SOURCE:CLASS_NOT_AN_INTERFACE_POINTER	[Add]
Mono.Security.X509.PKCS12::Pkcs8ShroudedKeyBagSafeBag	CALL	v2219 @ X0_v247	[v2285 @ X8_v149 (System.Int32)]	0			RUNTIME_DISPATCH		UNRESOLVED	METHOD_POINTER:UNKNOWN_CLASS_SOURCE:CLASS_NOT_AN_INTERFACE_POINTER	[Add]
Mono.Security.X509.PKCS12::Pkcs8ShroudedKeyBagSafeBag	CALL	v2082 @ X0_v154	[v325 @ X26_v15 (System.Int32)]	0			RUNTIME_DISPATCH		UNRESOLVED	METHOD_POINTER:UNKNOWN_CLASS_SOURCE:CLASS_NOT_AN_INTERFACE_POINTER	[Add]
Mono.Security.X509.PKCS12::Pkcs8ShroudedKeyBagSafeBag	CALL	v2082 @ X0_v154	[v325 @ X26_v15 (System.Int32)]	1			RUNTIME_DISPATCH		UNRESOLVED	METHOD_POINTER:UNKNOWN_CLASS_SOURCE:CLASS_NOT_AN_INTERFACE_POINTER	[Add]
Mono.Security.X509.PKCS12::Pkcs8ShroudedKeyBagSafeBag	CALL	v2317 @ X0_v161	[v2457 @ X8_v96 (System.Int32)]	0			RUNTIME_DISPATCH		UNRESOLVED	METHOD_POINTER:UNKNOWN_CLASS_SOURCE:CLASS_NOT_AN_INTERFACE_POINTER	[Add]
Mono.Security.X509.PKCS12::CertificateSafeBag	CALL	v273 @ X2_v5 (System.Collections.IDictionary)	[v417 @ X20_v18 (System.Int32)]	8			RUNTIME_DISPATCH		UNRESOLVED	METHOD_POINTER:UNKNOWN_CLASS_SOURCE:CLASS_NOT_AN_INTERFACE_POINTER	[Add]
Mono.Security.X509.PKCS12::CertificateSafeBag	CALL	v1290 @ X0_v71	[v123 @ X26_v9 (System.Int32)]	0			RUNTIME_DISPATCH		UNRESOLVED	METHOD_POINTER:UNKNOWN_CLASS_SOURCE:CLASS_NOT_AN_INTERFACE_POINTER	[Add]
Mono.Security.X509.PKCS12::CertificateSafeBag	CALL	v1290 @ X0_v71	[v292 @ X22_v15 (System.Int32)]	0			RUNTIME_DISPATCH		UNRESOLVED	METHOD_POINTER:UNKNOWN_CLASS_SOURCE:CLASS_NOT_AN_INTERFACE_POINTER	[{Add | Add}]
Mono.Security.X509.PKCS12::CertificateSafeBag	CALL	v1290 @ X0_v71	[v292 @ X22_v15 (System.Int32)]	1			RUNTIME_DISPATCH		UNRESOLVED	METHOD_POINTER:UNKNOWN_CLASS_SOURCE:CLASS_NOT_AN_INTERFACE_POINTER	[{Add | Add}]
Mono.Security.X509.PKCS12::CertificateSafeBag	CALL	v1290 @ X0_v71	[v292 @ X22_v15 (System.Int32)]	1			RUNTIME_DISPATCH		UNRESOLVED	METHOD_POINTER:UNKNOWN_CLASS_SOURCE:CLASS_NOT_AN_INTERFACE_POINTER	[{Add | Add}]
Mono.Security.X509.PKCS12::CertificateSafeBag	CALL	v1791 @ X0_v225	[v123 @ X26_v9 (System.Int32)]	0			RUNTIME_DISPATCH		UNRESOLVED	METHOD_POINTER:UNKNOWN_CLASS_SOURCE:CLASS_NOT_AN_INTERFACE_POINTER	[Add]
Mono.Security.X509.PKCS12::CertificateSafeBag	CALL	v1791 @ X0_v225	[v123 @ X26_v9 (System.Int32)]	1			RUNTIME_DISPATCH		UNRESOLVED	METHOD_POINTER:UNKNOWN_CLASS_SOURCE:CLASS_NOT_AN_INTERFACE_POINTER	[Add]
Mono.Security.X509.PKCS12::CertificateSafeBag	CALL	v1965 @ X0_v232	[v2031 @ X8_v159 (System.Int32)]	0			RUNTIME_DISPATCH		UNRESOLVED	METHOD_POINTER:UNKNOWN_CLASS_SOURCE:CLASS_NOT_AN_INTERFACE_POINTER	[Add]
Mono.Security.X509.PKCS12::CertificateSafeBag	CALL	v1828 @ X0_v139	[v123 @ X26_v9 (System.Int32)]	0			RUNTIME_DISPATCH		UNRESOLVED	METHOD_POINTER:UNKNOWN_CLASS_SOURCE:CLASS_NOT_AN_INTERFACE_POINTER	[Add]
Mono.Security.X509.PKCS12::CertificateSafeBag	CALL	v1828 @ X0_v139	[v123 @ X26_v9 (System.Int32)]	1			RUNTIME_DISPATCH		UNRESOLVED	METHOD_POINTER:UNKNOWN_CLASS_SOURCE:CLASS_NOT_AN_INTERFACE_POINTER	[Add]
Mono.Security.X509.PKCS12::CertificateSafeBag	CALL	v2063 @ X0_v146	[v2203 @ X8_v106 (System.Int32)]	0			RUNTIME_DISPATCH		UNRESOLVED	METHOD_POINTER:UNKNOWN_CLASS_SOURCE:CLASS_NOT_AN_INTERFACE_POINTER	[Add]
Mono.Security.X509.PKCS12::RemoveCertificate	CALL	v1027 @ X20_v19 (System.Collections.IDictionary)	[v1028 @ X21_v21 (System.Int32)]	0			RUNTIME_DISPATCH		UNRESOLVED	METHOD_POINTER:UNKNOWN_CLASS_SOURCE:CLASS_NOT_AN_INTERFACE_POINTER	[{Add | Add}]
Mono.Security.X509.X509Crl::get_Hash	CALL	v254 @ X21_v7	[v263 @ X8_v11 (System.Int32)]	0			RUNTIME_DISPATCH		UNRESOLVED	METHOD_POINTER:UNKNOWN_CLASS_SOURCE:CLASS_NOT_AN_INTERFACE_POINTER	[Add]
Mono.Security.X509.X509Certificate::get_Hash	CALL	v438 @ X21_v7	[v453 @ X8_v11 (System.Int32)]	0			RUNTIME_DISPATCH		UNRESOLVED	METHOD_POINTER:UNKNOWN_CLASS_SOURCE:CLASS_NOT_AN_INTERFACE_POINTER	[Add]
Mono.Security.X509.X509CertificateCollection+X509CertificateEnumerator::.ctor	CALL	mappings @ X1 (Mono.Security.X509.X509CertificateCollection)	[v47 @ X8_v4 (System.Int32)]	0			RUNTIME_DISPATCH		UNRESOLVED	METHOD_POINTER:UNKNOWN_CLASS_SOURCE:CLASS_NOT_AN_INTERFACE_POINTER	[Add]
Mono.Security.X509.X509CertificateCollection+X509CertificateEnumerator::get_Current	CALL	v39 @ X19_v2 (System.Collections.IEnumerator)	[v44 @ X8_v5 (System.Int32)]	1			RUNTIME_DISPATCH		UNRESOLVED	METHOD_POINTER:UNKNOWN_CLASS_SOURCE:CLASS_NOT_AN_INTERFACE_POINTER	[Add]
Mono.Security.X509.X509CertificateCollection+X509CertificateEnumerator::System.Collections.IEnumerator.get_Current	TAIL	v38 @ X19_v2 (System.Collections.IEnumerator)	[v41 @ X8_v4 (System.Int32)]	1			RUNTIME_DISPATCH		UNRESOLVED	METHOD_POINTER:UNKNOWN_CLASS_SOURCE:CLASS_NOT_AN_INTERFACE_POINTER	[Add]
Mono.Security.X509.X509CertificateCollection+X509CertificateEnumerator::System.Collections.IEnumerator.MoveNext	TAIL	v38 @ X19_v2 (System.Collections.IEnumerator)	[v41 @ X8_v4 (System.Int32)]	0			RUNTIME_DISPATCH		UNRESOLVED	METHOD_POINTER:UNKNOWN_CLASS_SOURCE:CLASS_NOT_AN_INTERFACE_POINTER	[Add]
Mono.Security.X509.X509CertificateCollection+X509CertificateEnumerator::System.Collections.IEnumerator.Reset	TAIL	v38 @ X19_v2 (System.Collections.IEnumerator)	[v41 @ X8_v4 (System.Int32)]	2			RUNTIME_DISPATCH		UNRESOLVED	METHOD_POINTER:UNKNOWN_CLASS_SOURCE:CLASS_NOT_AN_INTERFACE_POINTER	[Add]
Mono.Security.X509.X509CertificateCollection+X509CertificateEnumerator::MoveNext	TAIL	v38 @ X19_v2 (System.Collections.IEnumerator)	[v41 @ X8_v4 (System.Int32)]	0			RUNTIME_DISPATCH		UNRESOLVED	METHOD_POINTER:UNKNOWN_CLASS_SOURCE:CLASS_NOT_AN_INTERFACE_POINTER	[Add]
Mono.Security.X509.X509Chain::Build	CALL	v284.enumerator (System.Collections.IEnumerator)	[v338 @ X21_v18 (System.Int32)]	0			RUNTIME_DISPATCH		UNRESOLVED	METHOD_POINTER:UNKNOWN_CLASS_SOURCE:CLASS_NOT_AN_INTERFACE_POINTER	[Add]
Mono.Security.X509.X509Chain::Build	CALL	v1122 @ X0_v5	[v522 @ X25_v3 (System.Int32)]	0			RUNTIME_DISPATCH		UNRESOLVED	METHOD_POINTER:UNKNOWN_CLASS_SOURCE:CLASS_NOT_AN_INTERFACE_POINTER	[Add]
Mono.Security.X509.X509Chain::FindCertificateParent	CALL	v116.enumerator (System.Collections.IEnumerator)	[v121 @ X22_v11 (System.Int32)]	0			RUNTIME_DISPATCH		UNRESOLVED	METHOD_POINTER:UNKNOWN_CLASS_SOURCE:CLASS_NOT_AN_INTERFACE_POINTER	[Add]
Mono.Security.X509.X509Chain::FindCertificateParent	CALL	v351 @ X0_v19	[v350 @ X23_v5 (System.Int32)]	0			RUNTIME_DISPATCH		UNRESOLVED	METHOD_POINTER:UNKNOWN_CLASS_SOURCE:CLASS_NOT_AN_INTERFACE_POINTER	[{Add | {self | {Add | DEFINED_3_TIMES} | {Add | DEFINED_3_TIMES}}}]
Mono.Security.X509.X509Chain::FindCertificateRoot	CALL	v211.enumerator (System.Collections.IEnumerator)	[v215 @ X22_v11 (System.Int32)]	0			RUNTIME_DISPATCH		UNRESOLVED	METHOD_POINTER:UNKNOWN_CLASS_SOURCE:CLASS_NOT_AN_INTERFACE_POINTER	[Add]
Mono.Security.X509.X509Chain::FindCertificateRoot	CALL	v401 @ X0_v9	[v59 @ X26_v6 (System.Int32)]	0			RUNTIME_DISPATCH		UNRESOLVED	METHOD_POINTER:UNKNOWN_CLASS_SOURCE:CLASS_NOT_AN_INTERFACE_POINTER	[Add]
Mono.Security.X509.X509Store::Load	CALL	v227 @ X21_v6	[v256 @ X8_v10 (System.Int32)]	0			RUNTIME_DISPATCH		UNRESOLVED	METHOD_POINTER:UNKNOWN_CLASS_SOURCE:CLASS_NOT_AN_INTERFACE_POINTER	[Add]
Mono.Security.Protocol.Ntlm.ChallengeResponse::set_Password	CALL	v339 @ X0_v73 (System.Security.Cryptography.ICryptoTransform)	[v439 @ X8_v40 (System.Int32)]	3			RUNTIME_DISPATCH		UNRESOLVED	METHOD_POINTER:UNKNOWN_CLASS_SOURCE:CLASS_NOT_AN_INTERFACE_POINTER	[Add]
Mono.Security.Protocol.Ntlm.ChallengeResponse::set_Password	CALL	v523 @ X0_v50 (System.Security.Cryptography.ICryptoTransform)	[v568 @ X8_v26 (System.Int32)]	3			RUNTIME_DISPATCH		UNRESOLVED	METHOD_POINTER:UNKNOWN_CLASS_SOURCE:CLASS_NOT_AN_INTERFACE_POINTER	[Add]
Mono.Security.Protocol.Ntlm.ChallengeResponse::GetResponse	CALL	v162 @ X0_v15 (System.Security.Cryptography.ICryptoTransform)	[v147 @ X25_v3 (System.Int32)]	3			RUNTIME_DISPATCH		UNRESOLVED	METHOD_POINTER:UNKNOWN_CLASS_SOURCE:CLASS_NOT_AN_INTERFACE_POINTER	[Add]
Mono.Security.Protocol.Ntlm.ChallengeResponse::GetResponse	CALL	v163 @ X0_v23 (System.Security.Cryptography.ICryptoTransform)	[v147 @ X25_v3 (System.Int32)]	3			RUNTIME_DISPATCH		UNRESOLVED	METHOD_POINTER:UNKNOWN_CLASS_SOURCE:CLASS_NOT_AN_INTERFACE_POINTER	[Add]
Mono.Security.Protocol.Ntlm.ChallengeResponse::GetResponse	CALL	v164 @ X0_v31 (System.Security.Cryptography.ICryptoTransform)	[v147 @ X25_v3 (System.Int32)]	3			RUNTIME_DISPATCH		UNRESOLVED	METHOD_POINTER:UNKNOWN_CLASS_SOURCE:CLASS_NOT_AN_INTERFACE_POINTER	[Add]
Mono.Security.Protocol.Ntlm.ChallengeResponse2::Compute_LM	CALL	v153 @ X0_v54 (System.Security.Cryptography.ICryptoTransform)	[v320 @ X8_v36 (System.Int32)]	3			RUNTIME_DISPATCH		UNRESOLVED	METHOD_POINTER:UNKNOWN_CLASS_SOURCE:CLASS_NOT_AN_INTERFACE_POINTER	[Add]
Mono.Security.Protocol.Ntlm.ChallengeResponse2::Compute_LM	CALL	v154 @ X0_v32 (System.Security.Cryptography.ICryptoTransform)	[v449 @ X8_v20 (System.Int32)]	3			RUNTIME_DISPATCH		UNRESOLVED	METHOD_POINTER:UNKNOWN_CLASS_SOURCE:CLASS_NOT_AN_INTERFACE_POINTER	[Add]
Mono.Security.Protocol.Ntlm.ChallengeResponse2::GetResponse	CALL	v161 @ X0_v18 (System.Security.Cryptography.ICryptoTransform)	[v146 @ X24_v3 (System.Int32)]	3			RUNTIME_DISPATCH		UNRESOLVED	METHOD_POINTER:UNKNOWN_CLASS_SOURCE:CLASS_NOT_AN_INTERFACE_POINTER	[Add]
Mono.Security.Protocol.Ntlm.ChallengeResponse2::GetResponse	CALL	v162 @ X0_v27 (System.Security.Cryptography.ICryptoTransform)	[v146 @ X24_v3 (System.Int32)]	3			RUNTIME_DISPATCH		UNRESOLVED	METHOD_POINTER:UNKNOWN_CLASS_SOURCE:CLASS_NOT_AN_INTERFACE_POINTER	[Add]
Mono.Security.Protocol.Ntlm.ChallengeResponse2::GetResponse	CALL	v163 @ X0_v36 (System.Security.Cryptography.ICryptoTransform)	[v146 @ X24_v3 (System.Int32)]	3			RUNTIME_DISPATCH		UNRESOLVED	METHOD_POINTER:UNKNOWN_CLASS_SOURCE:CLASS_NOT_AN_INTERFACE_POINTER	[Add]
Mono.Security.Protocol.Ntlm.Type3Message::GetBytes	CALL	v592 @ X24_v9	[v606 @ X8_v12 (System.Int32)]	0			RUNTIME_DISPATCH		UNRESOLVED	METHOD_POINTER:UNKNOWN_CLASS_SOURCE:CLASS_NOT_AN_INTERFACE_POINTER	[Add]
Mono.Security.Cryptography.PKCS8+PrivateKeyInfo::GetBytes	CALL	v97 @ stack_-58_v10	[v145 @ X22_v15 (System.Int32)]	0			RUNTIME_DISPATCH		UNRESOLVED	METHOD_POINTER:UNKNOWN_CLASS_SOURCE:CLASS_NOT_AN_INTERFACE_POINTER	[Add]
Mono.Security.Cryptography.PKCS8+PrivateKeyInfo::GetBytes	CALL	v97 @ stack_-58_v10	[v145 @ X22_v15 (System.Int32)]	1			RUNTIME_DISPATCH		UNRESOLVED	METHOD_POINTER:UNKNOWN_CLASS_SOURCE:CLASS_NOT_AN_INTERFACE_POINTER	[Add]
Mono.Security.Cryptography.PKCS8+PrivateKeyInfo::GetBytes	CALL	v360 @ X0_v30 (System.Byte[])	[v258 @ X23_v5 (Mono.Security.ASN1)]	0			RUNTIME_DISPATCH		UNRESOLVED	METHOD_POINTER:UNKNOWN_CLASS_SOURCE:CLASS_NOT_AN_INTERFACE_POINTER	[{Add | {{Add | DEFINED_3_TIMES} | self | {Add | DEFINED_3_TIMES}}}]
Mono.Security.Authenticode.AuthenticodeDeformatter::VerifySignature	CALL	v91 @ stack_-68_v13	[v488 @ X19_v21 (System.Int32)]	0			RUNTIME_DISPATCH		UNRESOLVED	METHOD_POINTER:UNKNOWN_CLASS_SOURCE:CLASS_NOT_AN_INTERFACE_POINTER	[Add]
Mono.Security.Authenticode.AuthenticodeDeformatter::VerifySignature	CALL	v91 @ stack_-68_v13	[v488 @ X19_v21 (System.Int32)]	1			RUNTIME_DISPATCH		UNRESOLVED	METHOD_POINTER:UNKNOWN_CLASS_SOURCE:CLASS_NOT_AN_INTERFACE_POINTER	[Add]
Mono.Security.Authenticode.AuthenticodeDeformatter::VerifySignature	CALL	v1288 @ X0_v83	[v116 @ X26_v14 (System.Int32)]	0			RUNTIME_DISPATCH		UNRESOLVED	METHOD_POINTER:UNKNOWN_CLASS_SOURCE:CLASS_NOT_AN_INTERFACE_POINTER	[Add]
Mono.Security.Authenticode.AuthenticodeDeformatter::VerifySignature	CALL	v995 @ X0_v5	[v270 @ X25_v4 (System.Int32)]	0			RUNTIME_DISPATCH		UNRESOLVED	METHOD_POINTER:UNKNOWN_CLASS_SOURCE:CLASS_NOT_AN_INTERFACE_POINTER	[{Add | Add}]
Mono.Security.Authenticode.AuthenticodeDeformatter::VerifyCounterSignature	CALL	v1327 @ X0_v51 (System.Collections.IEnumerator)	[v650 @ X19_v15 (System.Int32)]	0			RUNTIME_DISPATCH		UNRESOLVED	METHOD_POINTER:UNKNOWN_CLASS_SOURCE:CLASS_NOT_AN_INTERFACE_POINTER	[Add]
Mono.Security.Authenticode.AuthenticodeDeformatter::VerifyCounterSignature	CALL	v1327 @ X0_v51 (System.Collections.IEnumerator)	[v650 @ X19_v15 (System.Int32)]	1			RUNTIME_DISPATCH		UNRESOLVED	METHOD_POINTER:UNKNOWN_CLASS_SOURCE:CLASS_NOT_AN_INTERFACE_POINTER	[Add]
Mono.Security.Authenticode.AuthenticodeDeformatter::VerifyCounterSignature	CALL	v1411 @ X0_v58	[v1465 @ X8_v56 (System.Int32)]	0			RUNTIME_DISPATCH		UNRESOLVED	METHOD_POINTER:UNKNOWN_CLASS_SOURCE:CLASS_NOT_AN_INTERFACE_POINTER	[Add]
Mono.Security.Authenticode.AuthenticodeDeformatter::VerifyCounterSignature	CALL	v1172 @ X0_v5	[v397 @ X22_v5 (System.Int32)]	0			RUNTIME_DISPATCH		UNRESOLVED	METHOD_POINTER:UNKNOWN_CLASS_SOURCE:CLASS_NOT_AN_INTERFACE_POINTER	[{Add | Add}]
EarClipTriangulator::Triangulate	CALL	poly @ X0 (System.Collections.Generic.IList`1<UnityEngine.Vector2>)	[v74 @ X8_v5 (System.Int32)]	0			RUNTIME_DISPATCH		UNRESOLVED	METHOD_POINTER:UNKNOWN_CLASS_SOURCE:CLASS_NOT_AN_INTERFACE_POINTER	[Add]
EarClipTriangulator::Area	CALL	poly @ X0 (System.Collections.Generic.IList`1<UnityEngine.Vector2>)	[v59 @ X8_v4 (System.Int32)]	0			RUNTIME_DISPATCH		UNRESOLVED	METHOD_POINTER:UNKNOWN_CLASS_SOURCE:CLASS_NOT_AN_INTERFACE_POINTER	[Add]
EarClipTriangulator::Area	CALL	poly @ X0 (System.Collections.Generic.IList`1<UnityEngine.Vector2>)	[v249 @ X23_v4 (System.Int32)]	0			RUNTIME_DISPATCH		UNRESOLVED	METHOD_POINTER:UNKNOWN_CLASS_SOURCE:CLASS_NOT_AN_INTERFACE_POINTER	[Add]
EarClipTriangulator::Area	CALL	poly @ X0 (System.Collections.Generic.IList`1<UnityEngine.Vector2>)	[v249 @ X23_v4 (System.Int32)]	0			RUNTIME_DISPATCH		UNRESOLVED	METHOD_POINTER:UNKNOWN_CLASS_SOURCE:CLASS_NOT_AN_INTERFACE_POINTER	[Add]
EarClipTriangulator::Snip	CALL	poly @ X0 (System.Collections.Generic.IList`1<UnityEngine.Vector2>)	[v97 @ X28_v2 (System.Int32)]	0			RUNTIME_DISPATCH		UNRESOLVED	METHOD_POINTER:UNKNOWN_CLASS_SOURCE:CLASS_NOT_AN_INTERFACE_POINTER	[Add]
EarClipTriangulator::Snip	CALL	poly @ X0 (System.Collections.Generic.IList`1<UnityEngine.Vector2>)	[v97 @ X28_v2 (System.Int32)]	0			RUNTIME_DISPATCH		UNRESOLVED	METHOD_POINTER:UNKNOWN_CLASS_SOURCE:CLASS_NOT_AN_INTERFACE_POINTER	[Add]
EarClipTriangulator::Snip	CALL	poly @ X0 (System.Collections.Generic.IList`1<UnityEngine.Vector2>)	[v97 @ X28_v2 (System.Int32)]	0			RUNTIME_DISPATCH		UNRESOLVED	METHOD_POINTER:UNKNOWN_CLASS_SOURCE:CLASS_NOT_AN_INTERFACE_POINTER	[Add]
EarClipTriangulator::Snip	CALL	poly @ X0 (System.Collections.Generic.IList`1<UnityEngine.Vector2>)	[v97 @ X28_v2 (System.Int32)]	0			RUNTIME_DISPATCH		UNRESOLVED	METHOD_POINTER:UNKNOWN_CLASS_SOURCE:CLASS_NOT_AN_INTERFACE_POINTER	[Add]
RoundedPathMeshCreator::SignedArea	CALL	poly @ X0 (System.Collections.Generic.IReadOnlyList`1<UnityEngine.Vector2>)	[v214 @ X23_v2 (System.Int32)]	0			RUNTIME_DISPATCH		UNRESOLVED	METHOD_POINTER:UNKNOWN_CLASS_SOURCE:CLASS_NOT_AN_INTERFACE_POINTER	[Add]
RoundedPathMeshCreator::SignedArea	CALL	poly @ X0 (System.Collections.Generic.IReadOnlyList`1<UnityEngine.Vector2>)	[v59 @ X22_v2 (System.Int32)]	0			RUNTIME_DISPATCH		UNRESOLVED	METHOD_POINTER:UNKNOWN_CLASS_SOURCE:CLASS_NOT_AN_INTERFACE_POINTER	[Add]
RoundedPathMeshCreator::SignedArea	CALL	poly @ X0 (System.Collections.Generic.IReadOnlyList`1<UnityEngine.Vector2>)	[v59 @ X22_v2 (System.Int32)]	0			RUNTIME_DISPATCH		UNRESOLVED	METHOD_POINTER:UNKNOWN_CLASS_SOURCE:CLASS_NOT_AN_INTERFACE_POINTER	[Add]
RoundedPathMeshCreator::SignedArea	CALL	poly @ X0 (System.Collections.Generic.IReadOnlyList`1<UnityEngine.Vector2>)	[v214 @ X23_v2 (System.Int32)]	0			RUNTIME_DISPATCH		UNRESOLVED	METHOD_POINTER:UNKNOWN_CLASS_SOURCE:CLASS_NOT_AN_INTERFACE_POINTER	[Add]
RoundedPathMeshCreator::SignedArea	CALL	poly @ X0 (System.Collections.Generic.IReadOnlyList`1<UnityEngine.Vector2>)	[v214 @ X23_v2 (System.Int32)]	0			RUNTIME_DISPATCH		UNRESOLVED	METHOD_POINTER:UNKNOWN_CLASS_SOURCE:CLASS_NOT_AN_INTERFACE_POINTER	[Add]
RoundedPathMeshCreator::SignedArea	CALL	poly @ X0 (System.Collections.Generic.IReadOnlyList`1<UnityEngine.Vector2>)	[v214 @ X23_v2 (System.Int32)]	0			RUNTIME_DISPATCH		UNRESOLVED	METHOD_POINTER:UNKNOWN_CLASS_SOURCE:CLASS_NOT_AN_INTERFACE_POINTER	[Add]
RoundedPathMeshCreator::EarClipTriangulate	CALL	poly @ X0 (System.Collections.Generic.IReadOnlyList`1<UnityEngine.Vector2>)	[v77 @ X8_v5 (System.Int32)]	0			RUNTIME_DISPATCH		UNRESOLVED	METHOD_POINTER:UNKNOWN_CLASS_SOURCE:CLASS_NOT_AN_INTERFACE_POINTER	[Add]
RoundedPathMeshCreator::EarClipTriangulate	CALL	poly @ X0 (System.Collections.Generic.IReadOnlyList`1<UnityEngine.Vector2>)	[v865 @ X8_v16 (System.Int32)]	0			RUNTIME_DISPATCH		UNRESOLVED	METHOD_POINTER:UNKNOWN_CLASS_SOURCE:CLASS_NOT_AN_INTERFACE_POINTER	[Add]
RoundedPathMeshCreator::EarClipTriangulate	CALL	poly @ X0 (System.Collections.Generic.IReadOnlyList`1<UnityEngine.Vector2>)	[v960 @ X8_v21 (System.Int32)]	0			RUNTIME_DISPATCH		UNRESOLVED	METHOD_POINTER:UNKNOWN_CLASS_SOURCE:CLASS_NOT_AN_INTERFACE_POINTER	[Add]
RoundedPathMeshCreator::EarClipTriangulate	CALL	poly @ X0 (System.Collections.Generic.IReadOnlyList`1<UnityEngine.Vector2>)	[v1050 @ X8_v26 (System.Int32)]	0			RUNTIME_DISPATCH		UNRESOLVED	METHOD_POINTER:UNKNOWN_CLASS_SOURCE:CLASS_NOT_AN_INTERFACE_POINTER	[Add]
RoundedPathMeshCreator::EarClipTriangulate	CALL	poly @ X0 (System.Collections.Generic.IReadOnlyList`1<UnityEngine.Vector2>)	[v1492 @ X8_v58 (System.Int32)]	0			RUNTIME_DISPATCH		UNRESOLVED	METHOD_POINTER:UNKNOWN_CLASS_SOURCE:CLASS_NOT_AN_INTERFACE_POINTER	[Add]
GameAnalyticsSDK.Wrapper.GA_Wrapper::DictionaryToJsonString	CALL	dict @ X0 (System.Collections.Generic.IDictionary`2<System.String, System.Object>)	[v61 @ X8_v5 (System.Int32)]	0			RUNTIME_DISPATCH		UNRESOLVED	METHOD_POINTER:UNKNOWN_CLASS_SOURCE:CLASS_NOT_AN_INTERFACE_POINTER	[Add]
GameAnalyticsSDK.Wrapper.GA_Wrapper::DictionaryToJsonString	CALL	v276 @ X0_v9	[v271 @ X21_v5 (System.Int32)]	0			RUNTIME_DISPATCH		UNRESOLVED	METHOD_POINTER:UNKNOWN_CLASS_SOURCE:CLASS_NOT_AN_INTERFACE_POINTER	[Add]
GameAnalyticsSDK.Wrapper.GA_Wrapper::DictionaryToJsonString	CALL	v276 @ X0_v9	[v78 @ X22_v4 (System.Int32)]	0			RUNTIME_DISPATCH		UNRESOLVED	METHOD_POINTER:UNKNOWN_CLASS_SOURCE:CLASS_NOT_AN_INTERFACE_POINTER	[Add]
GameAnalyticsSDK.Wrapper.GA_Wrapper::DictionaryToJsonString	CALL	v473 @ X21_v9	[v478 @ X8_v17 (System.Int32)]	0			RUNTIME_DISPATCH		UNRESOLVED	METHOD_POINTER:UNKNOWN_CLASS_SOURCE:CLASS_NOT_AN_INTERFACE_POINTER	[Add]
GameAnalyticsSDK.Utilities.GA_MiniJSON+Parser::Parse	CALL	v138 @ X21_v11	[v147 @ X8_v11 (System.Int32)]	0			RUNTIME_DISPATCH		UNRESOLVED	METHOD_POINTER:UNKNOWN_CLASS_SOURCE:CLASS_NOT_AN_INTERFACE_POINTER	[Add]
GameAnalyticsSDK.Utilities.GA_MiniJSON+Serializer::SerializeObject	CALL	obj @ X1 (System.Collections.IDictionary)	[v164 @ X23_v8 (System.Int32)]	2			RUNTIME_DISPATCH		UNRESOLVED	METHOD_POINTER:UNKNOWN_CLASS_SOURCE:CLASS_NOT_AN_INTERFACE_POINTER	[Add]
GameAnalyticsSDK.Utilities.GA_MiniJSON+Serializer::SerializeObject	CALL	v310 @ X0_v30	[v315 @ X8_v15 (System.Int32)]	0			RUNTIME_DISPATCH		UNRESOLVED	METHOD_POINTER:UNKNOWN_CLASS_SOURCE:CLASS_NOT_AN_INTERFACE_POINTER	[Add]
GameAnalyticsSDK.Utilities.GA_MiniJSON+Serializer::SerializeObject	CALL	v77 @ stack_-58_v7	[v87 @ X24_v8 (System.Int32)]	0			RUNTIME_DISPATCH		UNRESOLVED	METHOD_POINTER:UNKNOWN_CLASS_SOURCE:CLASS_NOT_AN_INTERFACE_POINTER	[Add]
GameAnalyticsSDK.Utilities.GA_MiniJSON+Serializer::SerializeObject	CALL	v77 @ stack_-58_v7	[v87 @ X24_v8 (System.Int32)]	1			RUNTIME_DISPATCH		UNRESOLVED	METHOD_POINTER:UNKNOWN_CLASS_SOURCE:CLASS_NOT_AN_INTERFACE_POINTER	[Add]
GameAnalyticsSDK.Utilities.GA_MiniJSON+Serializer::SerializeObject	CALL	obj @ X1 (System.Collections.IDictionary)	[v164 @ X23_v8 (System.Int32)]	0			RUNTIME_DISPATCH		UNRESOLVED	METHOD_POINTER:UNKNOWN_CLASS_SOURCE:CLASS_NOT_AN_INTERFACE_POINTER	[Add]
GameAnalyticsSDK.Utilities.GA_MiniJSON+Serializer::SerializeObject	CALL	v455 @ X0_v22	[v421 @ X22_v5 (System.Int32)]	0			RUNTIME_DISPATCH		UNRESOLVED	METHOD_POINTER:UNKNOWN_CLASS_SOURCE:CLASS_NOT_AN_INTERFACE_POINTER	[{Add | {{Add | DEFINED_3_TIMES} | self | {Add | DEFINED_3_TIMES}}}]
GameAnalyticsSDK.Utilities.GA_MiniJSON+Serializer::SerializeArray	CALL	anArray @ X1 (System.Collections.IList)	[v198 @ X8_v13 (System.Int32)]	0			RUNTIME_DISPATCH		UNRESOLVED	METHOD_POINTER:UNKNOWN_CLASS_SOURCE:CLASS_NOT_AN_INTERFACE_POINTER	[Add]
GameAnalyticsSDK.Utilities.GA_MiniJSON+Serializer::SerializeArray	CALL	v71 @ stack_-48_v7	[v150 @ X21_v9 (System.Int32)]	0			RUNTIME_DISPATCH		UNRESOLVED	METHOD_POINTER:UNKNOWN_CLASS_SOURCE:CLASS_NOT_AN_INTERFACE_POINTER	[Add]
GameAnalyticsSDK.Utilities.GA_MiniJSON+Serializer::SerializeArray	CALL	v71 @ stack_-48_v7	[v150 @ X21_v9 (System.Int32)]	1			RUNTIME_DISPATCH		UNRESOLVED	METHOD_POINTER:UNKNOWN_CLASS_SOURCE:CLASS_NOT_AN_INTERFACE_POINTER	[Add]
GameAnalyticsSDK.Utilities.GA_MiniJSON+Serializer::SerializeArray	CALL	v427 @ X0_v22	[v394 @ X22_v5 (System.Int32)]	0			RUNTIME_DISPATCH		UNRESOLVED	METHOD_POINTER:UNKNOWN_CLASS_SOURCE:CLASS_NOT_AN_INTERFACE_POINTER	[{Add | {{Add | DEFINED_3_TIMES} | self | {Add | DEFINED_3_TIMES}}}]
GameAnalyticsSDK.iOS.GameAnalyticsATTClient::GameAnalyticsATTListenerNotDetermined	TAIL	v57 @ X19_v6	[v62 @ X8_v9 (System.Int32)]	0			RUNTIME_DISPATCH		UNRESOLVED	METHOD_POINTER:UNKNOWN_CLASS_SOURCE:CLASS_NOT_AN_INTERFACE_POINTER	[Add]
GameAnalyticsSDK.iOS.GameAnalyticsATTClient::GameAnalyticsATTListenerRestricted	TAIL	v57 @ X19_v6	[v62 @ X8_v9 (System.Int32)]	1			RUNTIME_DISPATCH		UNRESOLVED	METHOD_POINTER:UNKNOWN_CLASS_SOURCE:CLASS_NOT_AN_INTERFACE_POINTER	[Add]
GameAnalyticsSDK.iOS.GameAnalyticsATTClient::GameAnalyticsATTListenerDenied	TAIL	v57 @ X19_v6	[v62 @ X8_v9 (System.Int32)]	2			RUNTIME_DISPATCH		UNRESOLVED	METHOD_POINTER:UNKNOWN_CLASS_SOURCE:CLASS_NOT_AN_INTERFACE_POINTER	[Add]
GameAnalyticsSDK.iOS.GameAnalyticsATTClient::GameAnalyticsATTListenerAuthorized	TAIL	v57 @ X19_v6	[v62 @ X8_v9 (System.Int32)]	3			RUNTIME_DISPATCH		UNRESOLVED	METHOD_POINTER:UNKNOWN_CLASS_SOURCE:CLASS_NOT_AN_INTERFACE_POINTER	[Add]
Voodoo.UI.Particles.UIParticle::SetParticleSystemInstance	CALL	v410 @ X22_v13 (System.Collections.IEnumerator)	[v348 @ X24_v10 (System.Int32)]	0			RUNTIME_DISPATCH		UNRESOLVED	METHOD_POINTER:UNKNOWN_CLASS_SOURCE:CLASS_NOT_AN_INTERFACE_POINTER	[Add]
Voodoo.UI.Particles.UIParticle::SetParticleSystemInstance	CALL	v302 @ stack_-58_v6 (System.Collections.IEnumerator)	[v348 @ X24_v10 (System.Int32)]	1			RUNTIME_DISPATCH		UNRESOLVED	METHOD_POINTER:UNKNOWN_CLASS_SOURCE:CLASS_NOT_AN_INTERFACE_POINTER	[Add]
Voodoo.UI.Particles.UIParticle::SetParticleSystemInstance	CALL	v570 @ X0_v7	[v147 @ X25_v5 (System.Int32)]	0			RUNTIME_DISPATCH		UNRESOLVED	METHOD_POINTER:UNKNOWN_CLASS_SOURCE:CLASS_NOT_AN_INTERFACE_POINTER	[Add]
Voodoo.UI.Particles.UIParticle::UpdateMaterial	CALL	v995 @ X0_v94	[v472 @ X20_v13 (System.Int32)]	0			RUNTIME_DISPATCH		UNRESOLVED	METHOD_POINTER:UNKNOWN_CLASS_SOURCE:CLASS_NOT_AN_INTERFACE_POINTER	[Add]
Voodoo.UI.Particles.UIParticle::UpdateMaterial	CALL	v1073 @ X0_v59	[v472 @ X20_v13 (System.Int32)]	0			RUNTIME_DISPATCH		UNRESOLVED	METHOD_POINTER:UNKNOWN_CLASS_SOURCE:CLASS_NOT_AN_INTERFACE_POINTER	[Add]
Voodoo.UI.Particles.Utils.ParticleSystemExtensions::GetIndex	CALL	list @ X0 (System.Collections.Generic.IList`1<UnityEngine.ParticleSystem>)	v216 @ X1_v13	0			RUNTIME_DISPATCH		UNRESOLVED	METHOD_POINTER:UNKNOWN_CLASS_SOURCE:CLASS_NOT_AN_INTERFACE_POINTER	{[Add] | {[Add] | [Add]} | [Add]}
Voodoo.UI.Particles.Utils.ParticleSystemExtensions::GetIndex	CALL	list @ X0 (System.Collections.Generic.IList`1<UnityEngine.ParticleSystem>)	[v55 @ X24_v3 (System.Int32)]	0			RUNTIME_DISPATCH		UNRESOLVED	METHOD_POINTER:UNKNOWN_CLASS_SOURCE:CLASS_NOT_AN_INTERFACE_POINTER	[Add]
Facebook.Unity.IOS.IOSWrapper::CurrentAuthenticationToken	CALL	v67 @ X0_v11 (System.Collections.Generic.IDictionary`2<System.String, System.String>)	[v168 @ X21_v4 (System.Int32)]	7			RUNTIME_DISPATCH		UNRESOLVED	METHOD_POINTER:UNKNOWN_CLASS_SOURCE:CLASS_NOT_AN_INTERFACE_POINTER	[Add]
Facebook.Unity.IOS.IOSWrapper::CurrentAuthenticationToken	CALL	v67 @ X0_v11 (System.Collections.Generic.IDictionary`2<System.String, System.String>)	[v168 @ X21_v4 (System.Int32)]	7			RUNTIME_DISPATCH		UNRESOLVED	METHOD_POINTER:UNKNOWN_CLASS_SOURCE:CLASS_NOT_AN_INTERFACE_POINTER	[Add]
Facebook.Unity.IOS.IOSWrapper::CurrentProfile	CALL	v95 @ X0_v11 (System.Collections.Generic.IDictionary`2<System.String, System.String>)	[v362 @ X21_v5 (System.Int32)]	7			RUNTIME_DISPATCH		UNRESOLVED	METHOD_POINTER:UNKNOWN_CLASS_SOURCE:CLASS_NOT_AN_INTERFACE_POINTER	[Add]
Facebook.Unity.IOS.IOSWrapper::CurrentProfile	CALL	v95 @ X0_v11 (System.Collections.Generic.IDictionary`2<System.String, System.String>)	[v362 @ X21_v5 (System.Int32)]	7			RUNTIME_DISPATCH		UNRESOLVED	METHOD_POINTER:UNKNOWN_CLASS_SOURCE:CLASS_NOT_AN_INTERFACE_POINTER	[Add]
Facebook.Unity.IOS.IOSWrapper::CurrentProfile	CALL	v95 @ X0_v11 (System.Collections.Generic.IDictionary`2<System.String, System.String>)	[v362 @ X21_v5 (System.Int32)]	7			RUNTIME_DISPATCH		UNRESOLVED	METHOD_POINTER:UNKNOWN_CLASS_SOURCE:CLASS_NOT_AN_INTERFACE_POINTER	[Add]
Facebook.Unity.IOS.IOSWrapper::CurrentProfile	CALL	v95 @ X0_v11 (System.Collections.Generic.IDictionary`2<System.String, System.String>)	[v362 @ X21_v5 (System.Int32)]	7			RUNTIME_DISPATCH		UNRESOLVED	METHOD_POINTER:UNKNOWN_CLASS_SOURCE:CLASS_NOT_AN_INTERFACE_POINTER	[Add]
Facebook.Unity.IOS.IOSWrapper::CurrentProfile	CALL	v95 @ X0_v11 (System.Collections.Generic.IDictionary`2<System.String, System.String>)	[v362 @ X21_v5 (System.Int32)]	7			RUNTIME_DISPATCH		UNRESOLVED	METHOD_POINTER:UNKNOWN_CLASS_SOURCE:CLASS_NOT_AN_INTERFACE_POINTER	[Add]
Facebook.Unity.IOS.IOSWrapper::CurrentProfile	CALL	v95 @ X0_v11 (System.Collections.Generic.IDictionary`2<System.String, System.String>)	[v362 @ X21_v5 (System.Int32)]	7			RUNTIME_DISPATCH		UNRESOLVED	METHOD_POINTER:UNKNOWN_CLASS_SOURCE:CLASS_NOT_AN_INTERFACE_POINTER	[Add]
Facebook.Unity.IOS.IOSWrapper::CurrentProfile	CALL	v95 @ X0_v11 (System.Collections.Generic.IDictionary`2<System.String, System.String>)	[v362 @ X21_v5 (System.Int32)]	7			RUNTIME_DISPATCH		UNRESOLVED	METHOD_POINTER:UNKNOWN_CLASS_SOURCE:CLASS_NOT_AN_INTERFACE_POINTER	[Add]
Facebook.Unity.IOS.IOSWrapper::CurrentProfile	CALL	v95 @ X0_v11 (System.Collections.Generic.IDictionary`2<System.String, System.String>)	[v362 @ X21_v5 (System.Int32)]	7			RUNTIME_DISPATCH		UNRESOLVED	METHOD_POINTER:UNKNOWN_CLASS_SOURCE:CLASS_NOT_AN_INTERFACE_POINTER	[Add]
Facebook.Unity.IOS.IOSWrapper::CurrentProfile	CALL	v95 @ X0_v11 (System.Collections.Generic.IDictionary`2<System.String, System.String>)	[v362 @ X21_v5 (System.Int32)]	7			RUNTIME_DISPATCH		UNRESOLVED	METHOD_POINTER:UNKNOWN_CLASS_SOURCE:CLASS_NOT_AN_INTERFACE_POINTER	[Add]
Facebook.Unity.IOS.IOSWrapper::CurrentProfile	CALL	v95 @ X0_v11 (System.Collections.Generic.IDictionary`2<System.String, System.String>)	[v362 @ X21_v5 (System.Int32)]	7			RUNTIME_DISPATCH		UNRESOLVED	METHOD_POINTER:UNKNOWN_CLASS_SOURCE:CLASS_NOT_AN_INTERFACE_POINTER	[Add]
Facebook.Unity.IOS.IOSWrapper::CurrentProfile	CALL	v95 @ X0_v11 (System.Collections.Generic.IDictionary`2<System.String, System.String>)	[v362 @ X21_v5 (System.Int32)]	7			RUNTIME_DISPATCH		UNRESOLVED	METHOD_POINTER:UNKNOWN_CLASS_SOURCE:CLASS_NOT_AN_INTERFACE_POINTER	[Add]
Newtonsoft.Json.JsonWriter::ResolveConvertibleValue	CALL	convertible @ X0 (System.IConvertible)	[v241 @ X8_v9 (System.Int32)]	16			RUNTIME_DISPATCH		UNRESOLVED	METHOD_POINTER:UNKNOWN_CLASS_SOURCE:CLASS_NOT_AN_INTERFACE_POINTER	[Add]
Newtonsoft.Json.JsonReader::ReadAsString	CALL	v355 @ X0_v43	v566 @ X1_v22	0			RUNTIME_DISPATCH		UNRESOLVED	METHOD_POINTER:UNKNOWN_CLASS_SOURCE:CLASS_NOT_AN_INTERFACE_POINTER	{[Add] | [Add] | {[Add] | [Add]}}
Newtonsoft.Json.Utilities.BidirectionalDictionary`2::Set	CALL	v20 @ X23_v1 (System.Collections.Generic.IDictionary`2<TFirst, TSecond>)	v196 @ X1_v8 (Il2CppClass<System.Collections.Generic.IDictionary`2<TFirst, TSecond>>)	7	System.Collections.Generic.IDictionary`2::TryGetValue	0x06002DF5	RUNTIME_DISPATCH	TFirst,TSecond	EXACT	lookup(receiver, interface class, slot) reaches the dispatch pointer; slot = Il2CppMethodDefinition.slot
Newtonsoft.Json.Utilities.BidirectionalDictionary`2::Set	CALL	v172 @ X23_v5 (System.Collections.Generic.IDictionary`2<TSecond, TFirst>)	v370 @ X1_v11 (Il2CppClass<System.Collections.Generic.IDictionary`2<TSecond, TFirst>>)	7	System.Collections.Generic.IDictionary`2::TryGetValue	0x06002DF5	RUNTIME_DISPATCH	TSecond,TFirst	EXACT	lookup(receiver, interface class, slot) reaches the dispatch pointer; slot = Il2CppMethodDefinition.slot
Newtonsoft.Json.Utilities.BidirectionalDictionary`2::Set	CALL	v173 @ X23_v6 (System.Collections.Generic.IDictionary`2<TFirst, TSecond>)	v532 @ X1_v14 (Il2CppClass<System.Collections.Generic.IDictionary`2<TFirst, TSecond>>)	5	System.Collections.Generic.IDictionary`2::Add	0x06002DF3	RUNTIME_DISPATCH	TFirst,TSecond	EXACT	lookup(receiver, interface class, slot) reaches the dispatch pointer; slot = Il2CppMethodDefinition.slot
Newtonsoft.Json.Utilities.BidirectionalDictionary`2::Set	CALL	v161 @ X22_v5 (System.Collections.Generic.IDictionary`2<TSecond, TFirst>)	v611 @ X1_v17 (Il2CppClass<System.Collections.Generic.IDictionary`2<TSecond, TFirst>>)	5	System.Collections.Generic.IDictionary`2::Add	0x06002DF3	RUNTIME_DISPATCH	TSecond,TFirst	EXACT	lookup(receiver, interface class, slot) reaches the dispatch pointer; slot = Il2CppMethodDefinition.slot
Newtonsoft.Json.Utilities.BidirectionalDictionary`2::TryGetByFirst	TAIL	v14 @ X21_v1 (System.Collections.Generic.IDictionary`2<TFirst, TSecond>)	v46 @ X1_v2 (Il2CppClass<System.Collections.Generic.IDictionary`2<TFirst, TSecond>>)	7	System.Collections.Generic.IDictionary`2::TryGetValue	0x06002DF5	RUNTIME_DISPATCH	TFirst,TSecond	EXACT	lookup(receiver, interface class, slot) reaches the dispatch pointer; slot = Il2CppMethodDefinition.slot
Newtonsoft.Json.Utilities.BidirectionalDictionary`2::TryGetBySecond	TAIL	v14 @ X21_v1 (System.Collections.Generic.IDictionary`2<TSecond, TFirst>)	v46 @ X1_v2 (Il2CppClass<System.Collections.Generic.IDictionary`2<TSecond, TFirst>>)	7	System.Collections.Generic.IDictionary`2::TryGetValue	0x06002DF5	RUNTIME_DISPATCH	TSecond,TFirst	EXACT	lookup(receiver, interface class, slot) reaches the dispatch pointer; slot = Il2CppMethodDefinition.slot
Newtonsoft.Json.JsonConvert::SerializeObjectInternal	CALL	v254 @ X21_v7	[v259 @ X8_v12 (System.Int32)]	0			RUNTIME_DISPATCH		UNRESOLVED	METHOD_POINTER:UNKNOWN_CLASS_SOURCE:CLASS_NOT_AN_INTERFACE_POINTER	[Add]
Newtonsoft.Json.JsonConvert::DeserializeObject	CALL	v245 @ X21_v7	[v250 @ X8_v7 (System.Int32)]	0			RUNTIME_DISPATCH		UNRESOLVED	METHOD_POINTER:UNKNOWN_CLASS_SOURCE:CLASS_NOT_AN_INTERFACE_POINTER	[Add]
Newtonsoft.Json.Utilities.CollectionUtils::IsNullOrEmpty	CALL	collection @ X0 (System.Collections.Generic.ICollection`1<T>)	v54 @ X1_v2 (Il2CppClass<System.Collections.Generic.ICollection`1<T>>)	0	System.Collections.Generic.ICollection`1::get_Count	0x06002DE6	RUNTIME_DISPATCH	T	EXACT	lookup(receiver, interface class, slot) reaches the dispatch pointer; slot = Il2CppMethodDefinition.slot
Newtonsoft.Json.Utilities.CollectionUtils::AddRange	CALL	collection @ X1 (System.Collections.Generic.IEnumerable`1<T>)	v183 @ X1_v11 (Il2CppClass<System.Collections.Generic.IEnumerable`1<T>>)	0	System.Collections.Generic.IEnumerable`1::GetEnumerator	0x06002DF6	RUNTIME_DISPATCH	T	EXACT	lookup(receiver, interface class, slot) reaches the dispatch pointer; slot = Il2CppMethodDefinition.slot
Newtonsoft.Json.Utilities.CollectionUtils::AddRange	CALL	initial @ X0 (System.Collections.Generic.IList`1<T>)	v691 @ X1_v21 (Il2CppClass<System.Collections.Generic.ICollection`1<T>>)	2	System.Collections.Generic.ICollection`1::Add	0x06002DE8	RUNTIME_DISPATCH	T	EXACT	lookup(receiver, interface class, slot) reaches the dispatch pointer; slot = Il2CppMethodDefinition.slot
Newtonsoft.Json.Utilities.CollectionUtils::AddRange	CALL	v325 @ X0_v36	v572 @ X1_v18 (Il2CppClass<System.Collections.Generic.IEnumerator`1<T>>)	0	System.Collections.Generic.IEnumerator`1::get_Current	0x06002DF7	RUNTIME_DISPATCH	T	EXACT	lookup(receiver, interface class, slot) reaches the dispatch pointer; slot = Il2CppMethodDefinition.slot
Newtonsoft.Json.Utilities.CollectionUtils::AddRange	CALL	v325 @ X0_v36	[v63 @ X22_v8 (System.Int32)]	0			RUNTIME_DISPATCH		UNRESOLVED	METHOD_POINTER:UNKNOWN_CLASS_SOURCE:CLASS_NOT_AN_INTERFACE_POINTER	[Add]
Newtonsoft.Json.Utilities.CollectionUtils::AddRange	CALL	v506 @ X20_v8	[v510 @ X8_v10 (System.Int32)]	0			RUNTIME_DISPATCH		UNRESOLVED	METHOD_POINTER:UNKNOWN_CLASS_SOURCE:CLASS_NOT_AN_INTERFACE_POINTER	[Add]
Newtonsoft.Json.JsonPosition::FormatMessage	CALL	lineInfo @ X0 (Newtonsoft.Json.IJsonLineInfo)	[v219 @ X24_v6 (System.Int32)]	0			RUNTIME_DISPATCH		UNRESOLVED	METHOD_POINTER:UNKNOWN_CLASS_SOURCE:CLASS_NOT_AN_INTERFACE_POINTER	[Add]
Newtonsoft.Json.JsonPosition::FormatMessage	CALL	lineInfo @ X0 (Newtonsoft.Json.IJsonLineInfo)	[v219 @ X24_v6 (System.Int32)]	1			RUNTIME_DISPATCH		UNRESOLVED	METHOD_POINTER:UNKNOWN_CLASS_SOURCE:CLASS_NOT_AN_INTERFACE_POINTER	[Add]
Newtonsoft.Json.JsonPosition::FormatMessage	CALL	lineInfo @ X0 (Newtonsoft.Json.IJsonLineInfo)	[v219 @ X24_v6 (System.Int32)]	2			RUNTIME_DISPATCH		UNRESOLVED	METHOD_POINTER:UNKNOWN_CLASS_SOURCE:CLASS_NOT_AN_INTERFACE_POINTER	[Add]
Newtonsoft.Json.Utilities.CollectionUtils::ResolveEnumerableCollectionConstructor	CALL	v209 @ X0_v27 (System.Reflection.ParameterInfo[])	[v120 @ X27_v7 (System.Int32)]	0			RUNTIME_DISPATCH		UNRESOLVED	METHOD_POINTER:UNKNOWN_CLASS_SOURCE:CLASS_NOT_AN_INTERFACE_POINTER	[Add]
Newtonsoft.Json.Utilities.CollectionUtils::ResolveEnumerableCollectionConstructor	CALL	v209 @ X0_v27 (System.Reflection.ParameterInfo[])	[v118 @ X28_v7 (System.Int32)]	0			RUNTIME_DISPATCH		UNRESOLVED	METHOD_POINTER:UNKNOWN_CLASS_SOURCE:CLASS_NOT_AN_INTERFACE_POINTER	[Add]
Newtonsoft.Json.Utilities.CollectionUtils::IndexOf	CALL	collection @ X0 (System.Collections.Generic.IEnumerable`1<T>)	v128 @ X1_v8 (Il2CppClass<System.Collections.Generic.IEnumerable`1<T>>)	0	System.Collections.Generic.IEnumerable`1::GetEnumerator	0x06002DF6	RUNTIME_DISPATCH	T	EXACT	lookup(receiver, interface class, slot) reaches the dispatch pointer; slot = Il2CppMethodDefinition.slot
Newtonsoft.Json.Utilities.CollectionUtils::IndexOf	CALL	v274 @ X0_v27	v612 @ X1_v16 (Il2CppClass<System.Collections.Generic.IEnumerator`1<T>>)	0	System.Collections.Generic.IEnumerator`1::get_Current	0x06002DF7	RUNTIME_DISPATCH	T	EXACT	lookup(receiver, interface class, slot) reaches the dispatch pointer; slot = Il2CppMethodDefinition.slot
Newtonsoft.Json.Utilities.CollectionUtils::IndexOf	CALL	v333 @ X22_v9	[v284 @ X23_v9 (System.Int32)]	0			RUNTIME_DISPATCH		UNRESOLVED	METHOD_POINTER:UNKNOWN_CLASS_SOURCE:CLASS_NOT_AN_INTERFACE_POINTER	[Add]
Newtonsoft.Json.Utilities.CollectionUtils::IndexOf	CALL	v444 @ X20_v6	[v451 @ X8_v9 (System.Int32)]	0			RUNTIME_DISPATCH		UNRESOLVED	METHOD_POINTER:UNKNOWN_CLASS_SOURCE:CLASS_NOT_AN_INTERFACE_POINTER	[Add]
Newtonsoft.Json.Utilities.DynamicUtils::GetDynamicMemberNames	CALL	dynamicProvider @ X0 (System.Dynamic.IDynamicMetaObjectProvider)	[v73 @ X8_v5 (System.Int32)]	0			RUNTIME_DISPATCH		UNRESOLVED	METHOD_POINTER:UNKNOWN_CLASS_SOURCE:CLASS_NOT_AN_INTERFACE_POINTER	[Add]
Newtonsoft.Json.Utilities.CollectionUtils::Contains	CALL	comparer @ X2 (System.Collections.IEqualityComparer)	[v100 @ X25_v3 (System.Int32)]	0			RUNTIME_DISPATCH		UNRESOLVED	METHOD_POINTER:UNKNOWN_CLASS_SOURCE:CLASS_NOT_AN_INTERFACE_POINTER	[Add]
Newtonsoft.Json.Utilities.CollectionUtils::GetDimensions	CALL	v131 @ X19_v4 (System.Collections.IList)	[v75 @ X25_v4 (System.Int32)]	0			RUNTIME_DISPATCH		UNRESOLVED	METHOD_POINTER:UNKNOWN_CLASS_SOURCE:CLASS_NOT_AN_INTERFACE_POINTER	[Add]
Newtonsoft.Json.Utilities.CollectionUtils::GetDimensions	CALL	v57 @ X0_v3 (System.Collections.Generic.List`1<System.Int32>)	[v73 @ X24_v4 (System.Int32)]	0			RUNTIME_DISPATCH		UNRESOLVED	METHOD_POINTER:UNKNOWN_CLASS_SOURCE:CLASS_NOT_AN_INTERFACE_POINTER	[Add]
Newtonsoft.Json.Utilities.CollectionUtils::GetDimensions	CALL	v131 @ X19_v4 (System.Collections.IList)	[v71 @ X23_v6 (System.Int32)]	1			RUNTIME_DISPATCH		UNRESOLVED	METHOD_POINTER:UNKNOWN_CLASS_SOURCE:CLASS_NOT_AN_INTERFACE_POINTER	[Add]
Newtonsoft.Json.Utilities.CollectionUtils::GetDimensions	CALL	values @ X0 (System.Collections.IList)	[v182 @ X8_v5 (System.Int32)]	1			RUNTIME_DISPATCH		UNRESOLVED	METHOD_POINTER:UNKNOWN_CLASS_SOURCE:CLASS_NOT_AN_INTERFACE_POINTER	[Add]
Newtonsoft.Json.Utilities.CollectionUtils::GetDimensions	CALL	v131 @ X19_v4 (System.Collections.IList)	[v71 @ X23_v6 (System.Int32)]	1			RUNTIME_DISPATCH		UNRESOLVED	METHOD_POINTER:UNKNOWN_CLASS_SOURCE:CLASS_NOT_AN_INTERFACE_POINTER	[Add]
Newtonsoft.Json.Utilities.CollectionUtils::GetDimensions	CALL	v57 @ X0_v3 (System.Collections.Generic.List`1<System.Int32>)	[v73 @ X24_v4 (System.Int32)]	2			RUNTIME_DISPATCH		UNRESOLVED	METHOD_POINTER:UNKNOWN_CLASS_SOURCE:CLASS_NOT_AN_INTERFACE_POINTER	[Add]
Newtonsoft.Json.JsonReaderException::Create	CALL	lineInfo @ X0 (Newtonsoft.Json.IJsonLineInfo)	[v76 @ X25_v6 (System.Int32)]	0			RUNTIME_DISPATCH		UNRESOLVED	METHOD_POINTER:UNKNOWN_CLASS_SOURCE:CLASS_NOT_AN_INTERFACE_POINTER	[Add]
Newtonsoft.Json.JsonReaderException::Create	CALL	lineInfo @ X0 (Newtonsoft.Json.IJsonLineInfo)	[v76 @ X25_v6 (System.Int32)]	1			RUNTIME_DISPATCH		UNRESOLVED	METHOD_POINTER:UNKNOWN_CLASS_SOURCE:CLASS_NOT_AN_INTERFACE_POINTER	[Add]
Newtonsoft.Json.JsonReaderException::Create	CALL	lineInfo @ X0 (Newtonsoft.Json.IJsonLineInfo)	[v76 @ X25_v6 (System.Int32)]	2			RUNTIME_DISPATCH		UNRESOLVED	METHOD_POINTER:UNKNOWN_CLASS_SOURCE:CLASS_NOT_AN_INTERFACE_POINTER	[Add]
Newtonsoft.Json.Utilities.CollectionUtils::CopyFromJaggedToMultidimensionalArray	CALL	v294 @ X0_v21	[v291 @ X8_v9 (System.Int32)]	1			RUNTIME_DISPATCH		UNRESOLVED	METHOD_POINTER:UNKNOWN_CLASS_SOURCE:CLASS_NOT_AN_INTERFACE_POINTER	[Add]
Newtonsoft.Json.JsonSerializationException::Create	CALL	lineInfo @ X0 (Newtonsoft.Json.IJsonLineInfo)	[v76 @ X25_v6 (System.Int32)]	0			RUNTIME_DISPATCH		UNRESOLVED	METHOD_POINTER:UNKNOWN_CLASS_SOURCE:CLASS_NOT_AN_INTERFACE_POINTER	[Add]
Newtonsoft.Json.JsonSerializationException::Create	CALL	lineInfo @ X0 (Newtonsoft.Json.IJsonLineInfo)	[v76 @ X25_v6 (System.Int32)]	1			RUNTIME_DISPATCH		UNRESOLVED	METHOD_POINTER:UNKNOWN_CLASS_SOURCE:CLASS_NOT_AN_INTERFACE_POINTER	[Add]
Newtonsoft.Json.JsonSerializationException::Create	CALL	lineInfo @ X0 (Newtonsoft.Json.IJsonLineInfo)	[v76 @ X25_v6 (System.Int32)]	2			RUNTIME_DISPATCH		UNRESOLVED	METHOD_POINTER:UNKNOWN_CLASS_SOURCE:CLASS_NOT_AN_INTERFACE_POINTER	[Add]
Newtonsoft.Json.Utilities.CollectionUtils::JaggedArrayGetValue	CALL	v119 @ X19_v5 (System.Collections.IList)	[v79 @ X23_v5 (System.Int32)]	0			RUNTIME_DISPATCH		UNRESOLVED	METHOD_POINTER:UNKNOWN_CLASS_SOURCE:CLASS_NOT_AN_INTERFACE_POINTER	[Add]
Newtonsoft.Json.Utilities.CollectionUtils::JaggedArrayGetValue	TAIL	v119 @ X19_v5 (System.Collections.IList)	[v79 @ X23_v5 (System.Int32)]	0			RUNTIME_DISPATCH		UNRESOLVED	METHOD_POINTER:UNKNOWN_CLASS_SOURCE:CLASS_NOT_AN_INTERFACE_POINTER	[Add]
Newtonsoft.Json.Utilities.CollectionUtils::ToMultidimensionalArray	CALL	v55 @ X0_v3 (System.Collections.Generic.IList`1<System.Int32>)	[v68 @ X25_v2 (System.Int32)]	2			RUNTIME_DISPATCH		UNRESOLVED	METHOD_POINTER:UNKNOWN_CLASS_SOURCE:CLASS_NOT_AN_INTERFACE_POINTER	[Add]
Newtonsoft.Json.Utilities.CollectionUtils::ToMultidimensionalArray	CALL	v55 @ X0_v3 (System.Collections.Generic.IList`1<System.Int32>)	[v68 @ X25_v2 (System.Int32)]	0			RUNTIME_DISPATCH		UNRESOLVED	METHOD_POINTER:UNKNOWN_CLASS_SOURCE:CLASS_NOT_AN_INTERFACE_POINTER	[Add]
Newtonsoft.Json.Utilities.DictionaryWrapper`2+DictionaryEnumerator`2::get_Current	CALL	v136 @ X27_v1 (System.Collections.Generic.IEnumerator`1<System.Collections.Generic.KeyValuePair`2<TEnumeratorKey, TEnumeratorValue>>)	v368 @ X1_v22 (Il2CppClass<System.Collections.Generic.IEnumerator`1<System.Collections.Generic.KeyValuePair`2<TEnumeratorKey, TEnumeratorValue>>>)	0	System.Collections.Generic.IEnumerator`1::get_Current	0x06002DF7	RUNTIME_DISPATCH		UNRESOLVED	INVOKER_THROUGH_METHOD:TYPED_CLASS_LOCAL:DISPATCH_PATH_NOT_RECOVERED	
Newtonsoft.Json.Utilities.DictionaryWrapper`2+DictionaryEnumerator`2::get_Current	CALL	v200 @ X23_v4 (System.Collections.Generic.IEnumerator`1<System.Collections.Generic.KeyValuePair`2<TEnumeratorKey, TEnumeratorValue>>)	v533 @ X1_v15 (Il2CppClass<System.Collections.Generic.IEnumerator`1<System.Collections.Generic.KeyValuePair`2<TEnumeratorKey, TEnumeratorValue>>>)	0	System.Collections.Generic.IEnumerator`1::get_Current	0x06002DF7	RUNTIME_DISPATCH		UNRESOLVED	INVOKER_THROUGH_METHOD:TYPED_CLASS_LOCAL:DISPATCH_PATH_NOT_RECOVERED	
Newtonsoft.Json.Utilities.CollectionWrapper`1::Add	CALL	this._genericCollection (System.Collections.Generic.ICollection`1<T>)	Type: Il2CppClass<System.Collections.Generic.ICollection`1<T>>	2	System.Collections.Generic.ICollection`1::Add	0x06002DE8	RUNTIME_DISPATCH		UNRESOLVED	INVOKER_THROUGH_METHOD:METADATA_USAGE:DISPATCH_PATH_NOT_RECOVERED	
Newtonsoft.Json.Utilities.CollectionWrapper`1::Add	CALL	v83 @ X20_v6 (System.Collections.IList)	[v139 @ X8_v14 (System.Int32)]	2			RUNTIME_DISPATCH		UNRESOLVED	METHOD_POINTER:UNKNOWN_CLASS_SOURCE:CLASS_NOT_AN_INTERFACE_POINTER	[Add]
Newtonsoft.Json.Utilities.DictionaryWrapper`2+DictionaryEnumerator`2::MoveNext	TAIL	v38 @ X19_v2 (System.Collections.Generic.IEnumerator`1<System.Collections.Generic.KeyValuePair`2<TEnumeratorKey, TEnumeratorValue>>)	[v41 @ X8_v4 (System.Int32)]	0			RUNTIME_DISPATCH		UNRESOLVED	METHOD_POINTER:UNKNOWN_CLASS_SOURCE:CLASS_NOT_AN_INTERFACE_POINTER	[Add]
Newtonsoft.Json.Utilities.DictionaryWrapper`2+DictionaryEnumerator`2::Reset	TAIL	v38 @ X19_v2 (System.Collections.Generic.IEnumerator`1<System.Collections.Generic.KeyValuePair`2<TEnumeratorKey, TEnumeratorValue>>)	[v41 @ X8_v4 (System.Int32)]	2			RUNTIME_DISPATCH		UNRESOLVED	METHOD_POINTER:UNKNOWN_CLASS_SOURCE:CLASS_NOT_AN_INTERFACE_POINTER	[Add]
Newtonsoft.Json.Utilities.CollectionWrapper`1::Clear	TAIL	v172 @ X0_v5	v171 @ X1_v3 (Il2CppClass<System.Collections.Generic.ICollection`1<T>>)	v159 @ X2_v2 (System.Int32)			RUNTIME_DISPATCH		UNRESOLVED	METHOD_POINTER:TYPED_CLASS_LOCAL:SLOT_NAMES_NO_METHOD	
Newtonsoft.Json.Utilities.CollectionWrapper`1::Contains	CALL	this._genericCollection (System.Collections.Generic.ICollection`1<T>)	Type: Il2CppClass<System.Collections.Generic.ICollection`1<T>>	4	System.Collections.Generic.ICollection`1::Contains	0x06002DEA	RUNTIME_DISPATCH		UNRESOLVED	INVOKER_THROUGH_METHOD:METADATA_USAGE:DISPATCH_PATH_NOT_RECOVERED	
Newtonsoft.Json.Utilities.CollectionWrapper`1::Contains	CALL	v82 @ X20_v6 (System.Collections.IList)	[v138 @ X8_v14 (System.Int32)]	3			RUNTIME_DISPATCH		UNRESOLVED	METHOD_POINTER:UNKNOWN_CLASS_SOURCE:CLASS_NOT_AN_INTERFACE_POINTER	[Add]
Newtonsoft.Json.Utilities.FSharpUtils::.ctor	CALL	[v304 @ X8_v12+140]	v302 @ X1_v8	v293 @ X2_v5 (System.Reflection.BindingFlags)			RUNTIME_DISPATCH		UNRESOLVED	METHOD_POINTER:UNKNOWN_CLASS_SOURCE:CLASS_NOT_AN_INTERFACE_POINTER	[Add]
Newtonsoft.Json.Utilities.FSharpUtils::.ctor	CALL	[v362 @ X8_v15+140]	v359 @ X1_v14	v126 @ X2_v9 (System.Reflection.BindingFlags)			RUNTIME_DISPATCH		UNRESOLVED	METHOD_POINTER:UNKNOWN_CLASS_SOURCE:CLASS_NOT_AN_INTERFACE_POINTER	[Add]
Newtonsoft.Json.Utilities.FSharpUtils::.ctor	CALL	[v410 @ X8_v22+140]	v408 @ X1_v26	0			RUNTIME_DISPATCH		UNRESOLVED	METHOD_POINTER:UNKNOWN_CLASS_SOURCE:CLASS_NOT_AN_INTERFACE_POINTER	[Add]
Newtonsoft.Json.Utilities.FSharpUtils::.ctor	CALL	[v427 @ X8_v25+140]	v425 @ X1_v30	0			RUNTIME_DISPATCH		UNRESOLVED	METHOD_POINTER:UNKNOWN_CLASS_SOURCE:CLASS_NOT_AN_INTERFACE_POINTER	[Add]
Newtonsoft.Json.Utilities.FSharpUtils::.ctor	CALL	[v444 @ X8_v28+140]	v442 @ X1_v34	0			RUNTIME_DISPATCH		UNRESOLVED	METHOD_POINTER:UNKNOWN_CLASS_SOURCE:CLASS_NOT_AN_INTERFACE_POINTER	[Add]
Newtonsoft.Json.Utilities.FSharpUtils::.ctor	CALL	[v462 @ X8_v31+140]	v459 @ X1_v38	0			RUNTIME_DISPATCH		UNRESOLVED	METHOD_POINTER:UNKNOWN_CLASS_SOURCE:CLASS_NOT_AN_INTERFACE_POINTER	[Add]
Newtonsoft.Json.Utilities.CollectionWrapper`1::CopyTo	TAIL	v178 @ X0_v6	v177 @ X1_v4 (Il2CppClass<System.Collections.Generic.ICollection`1<T>>)	v165 @ X2_v3 (System.Int32)			RUNTIME_DISPATCH		UNRESOLVED	METHOD_POINTER:TYPED_CLASS_LOCAL:SLOT_NAMES_NO_METHOD	
Newtonsoft.Json.Utilities.CollectionWrapper`1::get_Count	TAIL	v172 @ X0_v5	v171 @ X1_v3 (Il2CppClass<System.Collections.Generic.ICollection`1<T>>)	v159 @ X2_v2 (System.Int32)			RUNTIME_DISPATCH		UNRESOLVED	METHOD_POINTER:TYPED_CLASS_LOCAL:SLOT_NAMES_NO_METHOD	
Newtonsoft.Json.Utilities.FSharpUtils::CreateFSharpFuncCall	CALL	[v187 @ X8_v10+140]	v185 @ X1_v8	20			RUNTIME_DISPATCH		UNRESOLVED	METHOD_POINTER:UNKNOWN_CLASS_SOURCE:CLASS_NOT_AN_INTERFACE_POINTER	[Add]
Newtonsoft.Json.Utilities.FSharpUtils::CreateFSharpFuncCall	CALL	[v202 @ X8_v13+140]	v200 @ X1_v11	v189 @ X0_v20			RUNTIME_DISPATCH		UNRESOLVED	METHOD_POINTER:UNKNOWN_CLASS_SOURCE:CLASS_NOT_AN_INTERFACE_POINTER	[Add]
Newtonsoft.Json.JsonSerializer::ApplySerializerSettings	CALL	v243 @ X22_v7 (System.Collections.Generic.IList`1<Newtonsoft.Json.JsonConverter>)	[v239 @ X24_v5 (System.Int32)]	0			RUNTIME_DISPATCH		UNRESOLVED	METHOD_POINTER:UNKNOWN_CLASS_SOURCE:CLASS_NOT_AN_INTERFACE_POINTER	[Add]
Newtonsoft.Json.JsonSerializer::ApplySerializerSettings	CALL	v81 @ X23_v5 (System.Collections.Generic.IList`1<Newtonsoft.Json.JsonConverter>)	[v236 @ X25_v5 (System.Int32)]	0			RUNTIME_DISPATCH		UNRESOLVED	METHOD_POINTER:UNKNOWN_CLASS_SOURCE:CLASS_NOT_AN_INTERFACE_POINTER	[Add]
Newtonsoft.Json.JsonSerializer::ApplySerializerSettings	CALL	v243 @ X22_v7 (System.Collections.Generic.IList`1<Newtonsoft.Json.JsonConverter>)	[v516 @ X8_v124 (System.Int32)]	0			RUNTIME_DISPATCH		UNRESOLVED	METHOD_POINTER:UNKNOWN_CLASS_SOURCE:CLASS_NOT_AN_INTERFACE_POINTER	[Add]
Newtonsoft.Json.Utilities.CollectionWrapper`1::get_IsReadOnly	TAIL	v172 @ X0_v5	v171 @ X1_v3 (Il2CppClass<System.Collections.Generic.ICollection`1<T>>)	v159 @ X2_v2 (System.Int32)			RUNTIME_DISPATCH		UNRESOLVED	METHOD_POINTER:TYPED_CLASS_LOCAL:SLOT_NAMES_NO_METHOD	
Newtonsoft.Json.Utilities.DictionaryWrapper`2::Add	CALL	this._dictionary (System.Collections.IDictionary)	[v84 @ X22_v7 (System.Int32)]	5			RUNTIME_DISPATCH		UNRESOLVED	METHOD_POINTER:UNKNOWN_CLASS_SOURCE:CLASS_NOT_AN_INTERFACE_POINTER	[Add]
Newtonsoft.Json.Utilities.DictionaryWrapper`2::Add	CALL	this._genericDictionary (System.Collections.Generic.IDictionary`2<TKey, TValue>)	Type: Il2CppClass<System.Collections.Generic.IDictionary`2<TKey, TValue>>	5	System.Collections.Generic.IDictionary`2::Add	0x06002DF3	RUNTIME_DISPATCH		UNRESOLVED	INVOKER_THROUGH_METHOD:METADATA_USAGE:DISPATCH_PATH_NOT_RECOVERED	
Newtonsoft.Json.JsonSerializer::PopulateInternal	CALL	v100 @ X0_v27 (Newtonsoft.Json.Serialization.ITraceWriter)	[v54 @ X24_v3 (System.Int32)]	0			RUNTIME_DISPATCH		UNRESOLVED	METHOD_POINTER:UNKNOWN_CLASS_SOURCE:CLASS_NOT_AN_INTERFACE_POINTER	[Add]
Newtonsoft.Json.JsonSerializer::PopulateInternal	CALL	v383 @ X0_v14 (Newtonsoft.Json.Serialization.ITraceWriter)	[v54 @ X24_v3 (System.Int32)]	1			RUNTIME_DISPATCH		UNRESOLVED	METHOD_POINTER:UNKNOWN_CLASS_SOURCE:CLASS_NOT_AN_INTERFACE_POINTER	[Add]
Newtonsoft.Json.Utilities.CollectionWrapper`1::Remove	CALL	v82 @ X24_v5 (System.Collections.IList)	[v141 @ X26_v5 (System.Int32)]	3			RUNTIME_DISPATCH		UNRESOLVED	METHOD_POINTER:UNKNOWN_CLASS_SOURCE:CLASS_NOT_AN_INTERFACE_POINTER	[Add]
Newtonsoft.Json.Utilities.CollectionWrapper`1::Remove	CALL	this._genericCollection (System.Collections.Generic.ICollection`1<T>)	Type: Il2CppClass<System.Collections.Generic.ICollection`1<T>>	6	System.Collections.Generic.ICollection`1::Remove	0x06002DEC	RUNTIME_DISPATCH		UNRESOLVED	INVOKER_THROUGH_METHOD:METADATA_USAGE:DISPATCH_PATH_NOT_RECOVERED	
Newtonsoft.Json.Utilities.CollectionWrapper`1::Remove	CALL	v225 @ X22_v5 (System.Collections.IList)	[v141 @ X26_v5 (System.Int32)]	9			RUNTIME_DISPATCH		UNRESOLVED	METHOD_POINTER:UNKNOWN_CLASS_SOURCE:CLASS_NOT_AN_INTERFACE_POINTER	[Add]
Newtonsoft.Json.Utilities.CollectionWrapper`1::GetEnumerator	TAIL	v43 @ X19_v2 (System.Collections.Generic.ICollection`1<T>)	v55 @ X1_v3 (Il2CppClass<System.Collections.Generic.IEnumerable`1<T>>)	0	System.Collections.Generic.IEnumerable`1::GetEnumerator	0x06002DF6	RUNTIME_DISPATCH	T	EXACT	lookup(receiver, interface class, slot) reaches the dispatch pointer; slot = Il2CppMethodDefinition.slot
Newtonsoft.Json.JsonSerializer::DeserializeInternal	CALL	v92 @ X0_v30 (Newtonsoft.Json.Serialization.ITraceWriter)	[v52 @ X24_v2 (System.Int32)]	0			RUNTIME_DISPATCH		UNRESOLVED	METHOD_POINTER:UNKNOWN_CLASS_SOURCE:CLASS_NOT_AN_INTERFACE_POINTER	[Add]
Newtonsoft.Json.JsonSerializer::DeserializeInternal	CALL	v397 @ X0_v17 (Newtonsoft.Json.Serialization.ITraceWriter)	[v52 @ X24_v2 (System.Int32)]	1			RUNTIME_DISPATCH		UNRESOLVED	METHOD_POINTER:UNKNOWN_CLASS_SOURCE:CLASS_NOT_AN_INTERFACE_POINTER	[Add]
Newtonsoft.Json.Utilities.DictionaryWrapper`2::ContainsKey	CALL	this._dictionary (System.Collections.IDictionary)	[v69 @ X21_v7 (System.Int32)]	4			RUNTIME_DISPATCH		UNRESOLVED	METHOD_POINTER:UNKNOWN_CLASS_SOURCE:CLASS_NOT_AN_INTERFACE_POINTER	[Add]
Newtonsoft.Json.Utilities.DictionaryWrapper`2::ContainsKey	CALL	v524 @ X0_v13 (System.Collections.Generic.IReadOnlyDictionary`2<TKey, TValue>)	v188 @ X1_v17 (Il2CppClass<System.Collections.Generic.IReadOnlyDictionary`2<TKey, TValue>>)	v498 @ X2_v7 (System.Int32)			RUNTIME_DISPATCH		UNRESOLVED	INVOKER_THROUGH_METHOD:TYPED_CLASS_LOCAL:SLOT_NAMES_NO_METHOD	
Newtonsoft.Json.Utilities.CollectionWrapper`1::System.Collections.IEnumerable.GetEnumerator	TAIL	v38 @ X19_v2 (System.Collections.Generic.ICollection`1<T>)	[v46 @ X8_v4 (System.Int32)]	0			RUNTIME_DISPATCH		UNRESOLVED	METHOD_POINTER:UNKNOWN_CLASS_SOURCE:CLASS_NOT_AN_INTERFACE_POINTER	[Add]
Newtonsoft.Json.Utilities.DictionaryWrapper`2::get_Keys	TAIL	v104 @ X0_v5 (System.Collections.Generic.IDictionary`2<TKey, TValue>)	v207 @ X1_v5 (Il2CppClass<System.Collections.Generic.IDictionary`2<TKey, TValue>>)	2	System.Collections.Generic.IDictionary`2::get_Keys	0x06002DF0	RUNTIME_DISPATCH	TKey,TValue	EXACT	lookup(receiver, interface class, slot) reaches the dispatch pointer; slot = Il2CppMethodDefinition.slot
Newtonsoft.Json.Utilities.DictionaryWrapper`2::get_Keys	CALL	this._readOnlyDictionary (System.Collections.Generic.IReadOnlyDictionary`2<TKey, TValue>)	Type: Il2CppClass<System.Collections.Generic.IReadOnlyDictionary`2<TKey, TValue>>	3	System.Collections.Generic.IReadOnlyDictionary`2::get_Keys	0x06002E03	RUNTIME_DISPATCH	TKey,TValue	EXACT	lookup(receiver, interface class, slot) reaches the dispatch pointer; slot = Il2CppMethodDefinition.slot
Newtonsoft.Json.Utilities.DictionaryWrapper`2::get_Keys	CALL	this._dictionary (System.Collections.IDictionary)	[v46 @ X8_v22 (System.Int32)]	2			RUNTIME_DISPATCH		UNRESOLVED	METHOD_POINTER:UNKNOWN_CLASS_SOURCE:CLASS_NOT_AN_INTERFACE_POINTER	[Add]
Newtonsoft.Json.Utilities.CollectionWrapper`1::System.Collections.IList.IndexOf	CALL	v69 @ X20_v7 (System.Collections.IList)	[v241 @ X8_v20 (System.Int32)]	7			RUNTIME_DISPATCH		UNRESOLVED	METHOD_POINTER:UNKNOWN_CLASS_SOURCE:CLASS_NOT_AN_INTERFACE_POINTER	[Add]
Newtonsoft.Json.Utilities.CollectionWrapper`1::System.Collections.IList.RemoveAt	TAIL	v47 @ X20_v3 (System.Collections.IList)	[v53 @ X8_v5 (System.Int32)]	10			RUNTIME_DISPATCH		UNRESOLVED	METHOD_POINTER:UNKNOWN_CLASS_SOURCE:CLASS_NOT_AN_INTERFACE_POINTER	[Add]
Newtonsoft.Json.Utilities.CollectionWrapper`1::System.Collections.IList.Insert	CALL	v70 @ X21_v4 (System.Collections.IList)	[v106 @ X8_v18 (System.Int32)]	8			RUNTIME_DISPATCH		UNRESOLVED	METHOD_POINTER:UNKNOWN_CLASS_SOURCE:CLASS_NOT_AN_INTERFACE_POINTER	[Add]
Newtonsoft.Json.Utilities.DictionaryWrapper`2::Remove	CALL	this._dictionary (System.Collections.IDictionary)	[v69 @ X26_v8 (System.Int32)]	4			RUNTIME_DISPATCH		UNRESOLVED	METHOD_POINTER:UNKNOWN_CLASS_SOURCE:CLASS_NOT_AN_INTERFACE_POINTER	[Add]
Newtonsoft.Json.Utilities.DictionaryWrapper`2::Remove	CALL	v92 @ X0_v16 (System.Collections.Generic.IDictionary`2<TKey, TValue>)	Type: Il2CppClass<System.Collections.Generic.IDictionary`2<TKey, TValue>>	6	System.Collections.Generic.IDictionary`2::Remove	0x06002DF4	RUNTIME_DISPATCH		UNRESOLVED	INVOKER_THROUGH_METHOD:METADATA_USAGE:DISPATCH_PATH_NOT_RECOVERED	
Newtonsoft.Json.Utilities.DictionaryWrapper`2::Remove	CALL	v295 @ X23_v9 (System.Collections.IDictionary)	[v69 @ X26_v8 (System.Int32)]	9			RUNTIME_DISPATCH		UNRESOLVED	METHOD_POINTER:UNKNOWN_CLASS_SOURCE:CLASS_NOT_AN_INTERFACE_POINTER	[Add]
Newtonsoft.Json.Utilities.CollectionWrapper`1::System.Collections.IList.get_IsFixedSize	TAIL	v172 @ X0_v5	v171 @ X1_v3 (Il2CppClass<System.Collections.Generic.ICollection`1<T>>)	v159 @ X2_v2 (System.Int32)			RUNTIME_DISPATCH		UNRESOLVED	METHOD_POINTER:TYPED_CLASS_LOCAL:SLOT_NAMES_NO_METHOD	
Newtonsoft.Json.Utilities.CollectionWrapper`1::System.Collections.IList.get_Item	TAIL	v47 @ X20_v3 (System.Collections.IList)	[v53 @ X8_v5 (System.Int32)]	0			RUNTIME_DISPATCH		UNRESOLVED	METHOD_POINTER:UNKNOWN_CLASS_SOURCE:CLASS_NOT_AN_INTERFACE_POINTER	[Add]
Newtonsoft.Json.Utilities.CollectionWrapper`1::System.Collections.IList.set_Item	CALL	v70 @ X21_v4 (System.Collections.IList)	[v106 @ X8_v18 (System.Int32)]	1			RUNTIME_DISPATCH		UNRESOLVED	METHOD_POINTER:UNKNOWN_CLASS_SOURCE:CLASS_NOT_AN_INTERFACE_POINTER	[Add]
Newtonsoft.Json.Utilities.BufferUtils::RentBuffer	TAIL	bufferPool @ X0 (Newtonsoft.Json.IArrayPool`1<System.Char>)	[v48 @ X8_v6 (System.Int32)]	0			RUNTIME_DISPATCH		UNRESOLVED	METHOD_POINTER:UNKNOWN_CLASS_SOURCE:CLASS_NOT_AN_INTERFACE_POINTER	[Add]
Newtonsoft.Json.Utilities.BufferUtils::ReturnBuffer	TAIL	bufferPool @ X0 (Newtonsoft.Json.IArrayPool`1<System.Char>)	[v45 @ X8_v4 (System.Int32)]	1			RUNTIME_DISPATCH		UNRESOLVED	METHOD_POINTER:UNKNOWN_CLASS_SOURCE:CLASS_NOT_AN_INTERFACE_POINTER	[Add]
Newtonsoft.Json.Utilities.BufferUtils::EnsureBufferSize	CALL	bufferPool @ X0 (Newtonsoft.Json.IArrayPool`1<System.Char>)	[v49 @ X22_v4 (System.Int32)]	1			RUNTIME_DISPATCH		UNRESOLVED	METHOD_POINTER:UNKNOWN_CLASS_SOURCE:CLASS_NOT_AN_INTERFACE_POINTER	[Add]
Newtonsoft.Json.Utilities.BufferUtils::EnsureBufferSize	TAIL	bufferPool @ X0 (Newtonsoft.Json.IArrayPool`1<System.Char>)	[v49 @ X22_v4 (System.Int32)]	0			RUNTIME_DISPATCH		UNRESOLVED	METHOD_POINTER:UNKNOWN_CLASS_SOURCE:CLASS_NOT_AN_INTERFACE_POINTER	[Add]
Newtonsoft.Json.Utilities.DictionaryWrapper`2::TryGetValue	CALL	this._dictionary (System.Collections.IDictionary)	[v83 @ X19_v11 (System.Int32)]	4			RUNTIME_DISPATCH		UNRESOLVED	METHOD_POINTER:UNKNOWN_CLASS_SOURCE:CLASS_NOT_AN_INTERFACE_POINTER	[Add]
Newtonsoft.Json.Utilities.DictionaryWrapper`2::TryGetValue	CALL	v316 @ X26_v7 (System.Collections.IDictionary)	[v83 @ X19_v11 (System.Int32)]	0			RUNTIME_DISPATCH		UNRESOLVED	METHOD_POINTER:UNKNOWN_CLASS_SOURCE:CLASS_NOT_AN_INTERFACE_POINTER	[Add]
Newtonsoft.Json.Utilities.DictionaryWrapper`2::TryGetValue	CALL	v106 @ X0_v15 (System.Collections.Generic.IDictionary`2<TKey, TValue>)	Type: Il2CppClass<System.Collections.Generic.IDictionary`2<TKey, TValue>>	7	System.Collections.Generic.IDictionary`2::TryGetValue	0x06002DF5	RUNTIME_DISPATCH		UNRESOLVED	INVOKER_THROUGH_METHOD:METADATA_USAGE:DISPATCH_PATH_NOT_RECOVERED	
Newtonsoft.Json.Utilities.DictionaryWrapper`2::get_Values	TAIL	v104 @ X0_v5 (System.Collections.Generic.IDictionary`2<TKey, TValue>)	v207 @ X1_v5 (Il2CppClass<System.Collections.Generic.IDictionary`2<TKey, TValue>>)	3	System.Collections.Generic.IDictionary`2::get_Values	0x06002DF1	RUNTIME_DISPATCH	TKey,TValue	EXACT	lookup(receiver, interface class, slot) reaches the dispatch pointer; slot = Il2CppMethodDefinition.slot
Newtonsoft.Json.Utilities.DictionaryWrapper`2::get_Values	CALL	this._readOnlyDictionary (System.Collections.Generic.IReadOnlyDictionary`2<TKey, TValue>)	Type: Il2CppClass<System.Collections.Generic.IReadOnlyDictionary`2<TKey, TValue>>	4	System.Collections.Generic.IReadOnlyDictionary`2::get_Values	0x06002E04	RUNTIME_DISPATCH	TKey,TValue	EXACT	lookup(receiver, interface class, slot) reaches the dispatch pointer; slot = Il2CppMethodDefinition.slot
Newtonsoft.Json.Utilities.DictionaryWrapper`2::get_Values	CALL	this._dictionary (System.Collections.IDictionary)	[v46 @ X8_v22 (System.Int32)]	3			RUNTIME_DISPATCH		UNRESOLVED	METHOD_POINTER:UNKNOWN_CLASS_SOURCE:CLASS_NOT_AN_INTERFACE_POINTER	[Add]
Newtonsoft.Json.JsonSerializer::SerializeInternal	CALL	v363 @ X0_v33 (Newtonsoft.Json.Serialization.ITraceWriter)	[v133 @ X27_v2 (System.Int32)]	0			RUNTIME_DISPATCH		UNRESOLVED	METHOD_POINTER:UNKNOWN_CLASS_SOURCE:CLASS_NOT_AN_INTERFACE_POINTER	[Add]
Newtonsoft.Json.JsonSerializer::SerializeInternal	CALL	v1445 @ X0_v22 (Newtonsoft.Json.Serialization.ITraceWriter)	[v133 @ X27_v2 (System.Int32)]	1			RUNTIME_DISPATCH		UNRESOLVED	METHOD_POINTER:UNKNOWN_CLASS_SOURCE:CLASS_NOT_AN_INTERFACE_POINTER	[Add]
Newtonsoft.Json.JsonSerializer::GetMatchingConverter	CALL	converters @ X0 (System.Collections.Generic.IList`1<Newtonsoft.Json.JsonConverter>)	[v53 @ X23_v4 (System.Int32)]	0			RUNTIME_DISPATCH		UNRESOLVED	METHOD_POINTER:UNKNOWN_CLASS_SOURCE:CLASS_NOT_AN_INTERFACE_POINTER	[Add]
Newtonsoft.Json.JsonSerializer::GetMatchingConverter	CALL	converters @ X0 (System.Collections.Generic.IList`1<Newtonsoft.Json.JsonConverter>)	[v55 @ X24_v4 (System.Int32)]	0			RUNTIME_DISPATCH		UNRESOLVED	METHOD_POINTER:UNKNOWN_CLASS_SOURCE:CLASS_NOT_AN_INTERFACE_POINTER	[Add]
Newtonsoft.Json.Utilities.DictionaryWrapper`2::get_Item	CALL	this._dictionary (System.Collections.IDictionary)	[v81 @ X27_v10 (System.Int32)]	0			RUNTIME_DISPATCH		UNRESOLVED	METHOD_POINTER:UNKNOWN_CLASS_SOURCE:CLASS_NOT_AN_INTERFACE_POINTER	[Add]
Newtonsoft.Json.Utilities.DictionaryWrapper`2::get_Item	CALL	v488 @ X0_v13 (System.Collections.Generic.IReadOnlyDictionary`2<TKey, TValue>)	v200 @ X1_v17 (Il2CppClass<System.Collections.Generic.IReadOnlyDictionary`2<TKey, TValue>>)	v461 @ X2_v7 (System.Int32)			RUNTIME_DISPATCH		UNRESOLVED	INVOKER_THROUGH_METHOD:TYPED_CLASS_LOCAL:SLOT_NAMES_NO_METHOD	
Newtonsoft.Json.Utilities.ConvertUtils::GetTypeInformation	CALL	convertable @ X0 (System.IConvertible)	[v64 @ X8_v6 (System.Int32)]	0			RUNTIME_DISPATCH		UNRESOLVED	METHOD_POINTER:UNKNOWN_CLASS_SOURCE:CLASS_NOT_AN_INTERFACE_POINTER	[Add]
Newtonsoft.Json.Utilities.JavaScriptUtils::.cctor	CALL	v107 @ X0_v17 (System.Collections.Generic.List`1<System.Char>)	[v365 @ X21_v12 (System.Int32)]	2			RUNTIME_DISPATCH		UNRESOLVED	METHOD_POINTER:UNKNOWN_CLASS_SOURCE:CLASS_NOT_AN_INTERFACE_POINTER	[Add]
Newtonsoft.Json.Utilities.JavaScriptUtils::.cctor	CALL	v340 @ X0_v59	[v157 @ X24_v10 (System.Int32)]	0			RUNTIME_DISPATCH		UNRESOLVED	METHOD_POINTER:UNKNOWN_CLASS_SOURCE:CLASS_NOT_AN_INTERFACE_POINTER	[Add]
Newtonsoft.Json.Utilities.JavaScriptUtils::.cctor	CALL	v1160 @ X20_v21	[v1098 @ X21_v16 (System.Int32)]	0			RUNTIME_DISPATCH		UNRESOLVED	METHOD_POINTER:UNKNOWN_CLASS_SOURCE:CLASS_NOT_AN_INTERFACE_POINTER	[Add]
Newtonsoft.Json.Utilities.JavaScriptUtils::.cctor	CALL	v1093 @ X0_v62	[v1100 @ X27_v12 (System.Int32)]	0			RUNTIME_DISPATCH		UNRESOLVED	METHOD_POINTER:UNKNOWN_CLASS_SOURCE:CLASS_NOT_AN_INTERFACE_POINTER	[Add]
Newtonsoft.Json.Utilities.JavaScriptUtils::.cctor	CALL	[v1385 @ X8_v44]	[v706 @ X23_v9 (System.Int32)]	0			RUNTIME_DISPATCH		UNRESOLVED	METHOD_POINTER:UNKNOWN_CLASS_SOURCE:CLASS_NOT_AN_INTERFACE_POINTER	[{Add | {{Add | DEFINED_3_TIMES} | self | {Add | DEFINED_3_TIMES}}}]
Newtonsoft.Json.Utilities.JavaScriptUtils::.cctor	CALL	v342 @ X0_v74	[v157 @ X24_v10 (System.Int32)]	0			RUNTIME_DISPATCH		UNRESOLVED	METHOD_POINTER:UNKNOWN_CLASS_SOURCE:CLASS_NOT_AN_INTERFACE_POINTER	[Add]
Newtonsoft.Json.Utilities.JavaScriptUtils::.cctor	CALL	v1647 @ X20_v26	[v1344 @ X21_v20 (System.Int32)]	0			RUNTIME_DISPATCH		UNRESOLVED	METHOD_POINTER:UNKNOWN_CLASS_SOURCE:CLASS_NOT_AN_INTERFACE_POINTER	[Add]
Newtonsoft.Json.Utilities.JavaScriptUtils::.cctor	CALL	v1619 @ X0_v77	[v1197 @ X27_v16 (System.Int32)]	0			RUNTIME_DISPATCH		UNRESOLVED	METHOD_POINTER:UNKNOWN_CLASS_SOURCE:CLASS_NOT_AN_INTERFACE_POINTER	[Add]
Newtonsoft.Json.Utilities.JavaScriptUtils::.cctor	CALL	[v1714 @ X8_v57]	[v706 @ X23_v9 (System.Int32)]	0			RUNTIME_DISPATCH		UNRESOLVED	METHOD_POINTER:UNKNOWN_CLASS_SOURCE:CLASS_NOT_AN_INTERFACE_POINTER	[{Add | {{Add | DEFINED_3_TIMES} | self | {Add | DEFINED_3_TIMES}}}]
Newtonsoft.Json.Utilities.JavaScriptUtils::.cctor	CALL	v343 @ X0_v88	[v157 @ X24_v10 (System.Int32)]	0			RUNTIME_DISPATCH		UNRESOLVED	METHOD_POINTER:UNKNOWN_CLASS_SOURCE:CLASS_NOT_AN_INTERFACE_POINTER	[Add]
Newtonsoft.Json.Utilities.JavaScriptUtils::.cctor	CALL	v1981 @ X19_v18	[v1335 @ X20_v31 (System.Int32)]	0			RUNTIME_DISPATCH		UNRESOLVED	METHOD_POINTER:UNKNOWN_CLASS_SOURCE:CLASS_NOT_AN_INTERFACE_POINTER	[Add]
Newtonsoft.Json.Utilities.JavaScriptUtils::.cctor	CALL	v1953 @ X0_v91	[v703 @ X21_v24 (System.Int32)]	0			RUNTIME_DISPATCH		UNRESOLVED	METHOD_POINTER:UNKNOWN_CLASS_SOURCE:CLASS_NOT_AN_INTERFACE_POINTER	[Add]
Newtonsoft.Json.Utilities.JavaScriptUtils::.cctor	CALL	v698 @ X20_v11	[v706 @ X23_v9 (System.Int32)]	0			RUNTIME_DISPATCH		UNRESOLVED	METHOD_POINTER:UNKNOWN_CLASS_SOURCE:CLASS_NOT_AN_INTERFACE_POINTER	[{Add | {{Add | DEFINED_3_TIMES} | self | {Add | DEFINED_3_TIMES}}}]
Newtonsoft.Json.Utilities.DictionaryWrapper`2::set_Item	CALL	this._dictionary (System.Collections.IDictionary)	[v83 @ X27_v9 (System.Int32)]	1			RUNTIME_DISPATCH		UNRESOLVED	METHOD_POINTER:UNKNOWN_CLASS_SOURCE:CLASS_NOT_AN_INTERFACE_POINTER	[Add]
Newtonsoft.Json.Utilities.DictionaryWrapper`2::set_Item	CALL	v106 @ X0_v15 (System.Collections.Generic.IDictionary`2<TKey, TValue>)	Type: Il2CppClass<System.Collections.Generic.IDictionary`2<TKey, TValue>>	1	System.Collections.Generic.IDictionary`2::set_Item	0x06002DEF	RUNTIME_DISPATCH		UNRESOLVED	INVOKER_THROUGH_METHOD:METADATA_USAGE:DISPATCH_PATH_NOT_RECOVERED	
Newtonsoft.Json.Utilities.ConvertUtils::CreateCastConverter	CALL	[v257 @ X8_v17+140]	v255 @ X1_v11	v85 @ X2_v5			RUNTIME_DISPATCH		UNRESOLVED	METHOD_POINTER:UNKNOWN_CLASS_SOURCE:CLASS_NOT_AN_INTERFACE_POINTER	[Add]
Newtonsoft.Json.Utilities.ReflectionObject::GetValue	CALL	v44 @ X21_v2 (System.Collections.Generic.IDictionary`2<System.String, Newtonsoft.Json.Utilities.ReflectionMember>)	[v47 @ X8_v5 (System.Int32)]	0			RUNTIME_DISPATCH		UNRESOLVED	METHOD_POINTER:UNKNOWN_CLASS_SOURCE:CLASS_NOT_AN_INTERFACE_POINTER	[Add]
Newtonsoft.Json.Utilities.ReflectionObject::SetValue	CALL	v49 @ X22_v2 (System.Collections.Generic.IDictionary`2<System.String, Newtonsoft.Json.Utilities.ReflectionMember>)	[v52 @ X8_v5 (System.Int32)]	0			RUNTIME_DISPATCH		UNRESOLVED	METHOD_POINTER:UNKNOWN_CLASS_SOURCE:CLASS_NOT_AN_INTERFACE_POINTER	[Add]
Newtonsoft.Json.Utilities.ReflectionObject::GetType	CALL	v43 @ X20_v2 (System.Collections.Generic.IDictionary`2<System.String, Newtonsoft.Json.Utilities.ReflectionMember>)	[v46 @ X8_v5 (System.Int32)]	0			RUNTIME_DISPATCH		UNRESOLVED	METHOD_POINTER:UNKNOWN_CLASS_SOURCE:CLASS_NOT_AN_INTERFACE_POINTER	[Add]
Newtonsoft.Json.Utilities.DictionaryWrapper`2::Add	CALL	v304 @ X0_v37	[v69 @ X23_v10 (System.Int32)]	2			RUNTIME_DISPATCH		UNRESOLVED	METHOD_POINTER:UNKNOWN_CLASS_SOURCE:CLASS_NOT_AN_INTERFACE_POINTER	[Add]
Newtonsoft.Json.Utilities.DictionaryWrapper`2::Add	CALL	v292._genericDictionary (System.Collections.Generic.IDictionary`2<TKey, TValue>)	Type: Il2CppClass<System.Collections.Generic.ICollection`1<System.Collections.Generic.KeyValuePair`2<TKey, TValue>>>	2	System.Collections.Generic.ICollection`1::Add	0x06002DE8	RUNTIME_DISPATCH		UNRESOLVED	INVOKER_THROUGH_METHOD:METADATA_USAGE:DISPATCH_PATH_NOT_RECOVERED	
Newtonsoft.Json.Utilities.DictionaryWrapper`2::Clear	TAIL	v152 @ X0_v5 (System.Collections.IDictionary)	v150 @ X1_v3 (Il2CppClass<System.Collections.Generic.ICollection`1<System.Collections.Generic.KeyValuePair`2<TKey, TValue>>>)	v126 @ X2_v2 (System.Int32)			RUNTIME_DISPATCH		UNRESOLVED	METHOD_POINTER:TYPED_CLASS_LOCAL:SLOT_NAMES_NO_METHOD	
Newtonsoft.Json.Utilities.JavaScriptUtils::WriteEscapedJavaScriptString	CALL	v1392 @ X12_v11 (Newtonsoft.Json.IArrayPool`1<System.Char>)	[v1405 @ X8_v38 (System.Int32)]	1			RUNTIME_DISPATCH		UNRESOLVED	METHOD_POINTER:UNKNOWN_CLASS_SOURCE:CLASS_NOT_AN_INTERFACE_POINTER	[Add]
Newtonsoft.Json.Utilities.DictionaryWrapper`2::Contains	CALL	v263 @ X0_v38	[v69 @ X22_v9 (System.Int32)]	3			RUNTIME_DISPATCH		UNRESOLVED	METHOD_POINTER:UNKNOWN_CLASS_SOURCE:CLASS_NOT_AN_INTERFACE_POINTER	[Add]
Newtonsoft.Json.Utilities.DictionaryWrapper`2::Contains	CALL	v86 @ X0_v17 (System.Collections.Generic.IDictionary`2<TKey, TValue>)	Type: Il2CppClass<System.Collections.Generic.ICollection`1<System.Collections.Generic.KeyValuePair`2<TKey, TValue>>>	4	System.Collections.Generic.ICollection`1::Contains	0x06002DEA	RUNTIME_DISPATCH		UNRESOLVED	INVOKER_THROUGH_METHOD:METADATA_USAGE:DISPATCH_PATH_NOT_RECOVERED	
Newtonsoft.Json.Utilities.TypeExtensions::ImplementInterface	CALL	v186 @ X0_v20 (System.Type[])	[v239 @ X8_v11 (System.Int32)]	0			RUNTIME_DISPATCH		UNRESOLVED	METHOD_POINTER:UNKNOWN_CLASS_SOURCE:CLASS_NOT_AN_INTERFACE_POINTER	[Add]
Newtonsoft.Json.Utilities.TypeExtensions::ImplementInterface	CALL	v499 @ X21_v10	[v60 @ X27_v2 (System.Int32)]	0			RUNTIME_DISPATCH		UNRESOLVED	METHOD_POINTER:UNKNOWN_CLASS_SOURCE:CLASS_NOT_AN_INTERFACE_POINTER	[Add]
Newtonsoft.Json.Utilities.TypeExtensions::ImplementInterface	CALL	v455 @ X0_v23	[v62 @ X28_v2 (System.Int32)]	0			RUNTIME_DISPATCH		UNRESOLVED	METHOD_POINTER:UNKNOWN_CLASS_SOURCE:CLASS_NOT_AN_INTERFACE_POINTER	[Add]
Newtonsoft.Json.Utilities.TypeExtensions::ImplementInterface	CALL	v575 @ X22_v7	[v606 @ X8_v25 (System.Int32)]	0			RUNTIME_DISPATCH		UNRESOLVED	METHOD_POINTER:UNKNOWN_CLASS_SOURCE:CLASS_NOT_AN_INTERFACE_POINTER	[Add]
Newtonsoft.Json.Utilities.ReflectionObject::Create	CALL	[v456 @ X8_v92+140]	v454 @ X1_v63	0			RUNTIME_DISPATCH		UNRESOLVED	METHOD_POINTER:UNKNOWN_CLASS_SOURCE:CLASS_NOT_AN_INTERFACE_POINTER	[Add]
Newtonsoft.Json.Utilities.ReflectionObject::Create	CALL	v119 @ X25_v5 (System.Collections.Generic.IDictionary`2<System.String, Newtonsoft.Json.Utilities.ReflectionMember>)	[v950 @ X8_v19 (System.Int32)]	1			RUNTIME_DISPATCH		UNRESOLVED	METHOD_POINTER:UNKNOWN_CLASS_SOURCE:CLASS_NOT_AN_INTERFACE_POINTER	[Add]
Newtonsoft.Json.Utilities.ReflectionObject::Create	CALL	[v1039 @ X8_v77+140]	v1037 @ X1_v49	0			RUNTIME_DISPATCH		UNRESOLVED	METHOD_POINTER:UNKNOWN_CLASS_SOURCE:CLASS_NOT_AN_INTERFACE_POINTER	[Add]
Newtonsoft.Json.Utilities.ReflectionObject::Create	CALL	[v1030 @ X8_v59+140]	v1028 @ X1_v40	0			RUNTIME_DISPATCH		UNRESOLVED	METHOD_POINTER:UNKNOWN_CLASS_SOURCE:CLASS_NOT_AN_INTERFACE_POINTER	[Add]
Newtonsoft.Json.Utilities.JavaScriptUtils::ToEscapedJavaScriptString	CALL	v344 @ X21_v6	[v351 @ X8_v10 (System.Int32)]	0			RUNTIME_DISPATCH		UNRESOLVED	METHOD_POINTER:UNKNOWN_CLASS_SOURCE:CLASS_NOT_AN_INTERFACE_POINTER	[Add]
Newtonsoft.Json.Utilities.DictionaryWrapper`2::CopyTo	CALL	v242 @ X0_v34 (System.Collections.Generic.IDictionary`2<TKey, TValue>)	v393 @ X1_v14 (Il2CppClass<System.Collections.Generic.ICollection`1<System.Collections.Generic.KeyValuePair`2<TKey, TValue>>>)	5	System.Collections.Generic.ICollection`1::CopyTo	0x06002DEB	RUNTIME_DISPATCH	System.Collections.Generic.KeyValuePair`2<TKey, TValue>	EXACT	lookup(receiver, interface class, slot) reaches the dispatch pointer; slot = Il2CppMethodDefinition.slot
Newtonsoft.Json.Utilities.DictionaryWrapper`2::CopyTo	CALL	this._dictionary (System.Collections.IDictionary)	[v108 @ X8_v45 (System.Int32)]	8			RUNTIME_DISPATCH		UNRESOLVED	METHOD_POINTER:UNKNOWN_CLASS_SOURCE:CLASS_NOT_AN_INTERFACE_POINTER	[Add]
Newtonsoft.Json.Utilities.DictionaryWrapper`2::CopyTo	CALL	v381 @ stack_-70_v8	[v579 @ X8_v53 (System.Int32)]	0			RUNTIME_DISPATCH		UNRESOLVED	METHOD_POINTER:UNKNOWN_CLASS_SOURCE:CLASS_NOT_AN_INTERFACE_POINTER	[Add]
Newtonsoft.Json.Utilities.DictionaryWrapper`2::CopyTo	CALL	v381 @ stack_-70_v8	[v759 @ X8_v59 (System.Int32)]	2			RUNTIME_DISPATCH		UNRESOLVED	METHOD_POINTER:UNKNOWN_CLASS_SOURCE:CLASS_NOT_AN_INTERFACE_POINTER	[Add]
Newtonsoft.Json.Utilities.DictionaryWrapper`2::CopyTo	CALL	v723 @ X0_v14	[v143 @ X25_v2 (System.Int32)]	0			RUNTIME_DISPATCH		UNRESOLVED	METHOD_POINTER:UNKNOWN_CLASS_SOURCE:CLASS_NOT_AN_INTERFACE_POINTER	[{Add | Add}]
Newtonsoft.Json.Utilities.DictionaryWrapper`2::get_Count	TAIL	v154 @ X0_v5 (System.Collections.IDictionary)	v152 @ X1_v3 (Il2CppClass<System.Collections.Generic.IReadOnlyCollection`1<System.Collections.Generic.KeyValuePair`2<TKey, TValue>>>)	v128 @ X2_v2 (System.Int32)			RUNTIME_DISPATCH		UNRESOLVED	METHOD_POINTER:TYPED_CLASS_LOCAL:SLOT_NAMES_NO_METHOD	
Newtonsoft.Json.Utilities.DictionaryWrapper`2::get_IsReadOnly	TAIL	v155 @ X0_v5 (System.Collections.IDictionary)	v153 @ X1_v3 (Il2CppClass<System.Collections.Generic.ICollection`1<System.Collections.Generic.KeyValuePair`2<TKey, TValue>>>)	v129 @ X2_v2 (System.Int32)			RUNTIME_DISPATCH		UNRESOLVED	METHOD_POINTER:TYPED_CLASS_LOCAL:SLOT_NAMES_NO_METHOD	
Newtonsoft.Json.Serialization.DefaultContractResolver+EnumerableDictionaryWrapper`2+<GetEnumerator>d__2::MoveNext	CALL	v266 @ X24_v11	v454 @ X1_v24 (Il2CppClass<System.Collections.Generic.IEnumerable`1<System.Collections.Generic.KeyValuePair`2<TEnumeratorKey, TEnumeratorValue>>>)	0	System.Collections.Generic.IEnumerable`1::GetEnumerator	0x06002DF6	RUNTIME_DISPATCH	System.Collections.Generic.KeyValuePair`2<TEnumeratorKey, TEnumeratorValue>	EXACT	lookup(receiver, interface class, slot) reaches the dispatch pointer; slot = Il2CppMethodDefinition.slot
Newtonsoft.Json.Utilities.DictionaryWrapper`2::Remove	CALL	this._dictionary (System.Collections.IDictionary)	[v83 @ X26_v7 (System.Int32)]	4			RUNTIME_DISPATCH		UNRESOLVED	METHOD_POINTER:UNKNOWN_CLASS_SOURCE:CLASS_NOT_AN_INTERFACE_POINTER	[Add]
Newtonsoft.Json.Utilities.DictionaryWrapper`2::Remove	CALL	v108 @ X0_v14 (System.Collections.Generic.IDictionary`2<TKey, TValue>)	Type: Il2CppClass<System.Collections.Generic.ICollection`1<System.Collections.Generic.KeyValuePair`2<TKey, TValue>>>	6	System.Collections.Generic.ICollection`1::Remove	0x06002DEC	RUNTIME_DISPATCH		UNRESOLVED	INVOKER_THROUGH_METHOD:METADATA_USAGE:DISPATCH_PATH_NOT_RECOVERED	
Newtonsoft.Json.Utilities.DictionaryWrapper`2::Remove	CALL	v293 @ X24_v8 (System.Collections.IDictionary)	[v83 @ X26_v7 (System.Int32)]	0			RUNTIME_DISPATCH		UNRESOLVED	METHOD_POINTER:UNKNOWN_CLASS_SOURCE:CLASS_NOT_AN_INTERFACE_POINTER	[Add]
Newtonsoft.Json.Utilities.DictionaryWrapper`2::Remove	CALL	v322 @ X21_v8 (System.Collections.IDictionary)	[v83 @ X26_v7 (System.Int32)]	9			RUNTIME_DISPATCH		UNRESOLVED	METHOD_POINTER:UNKNOWN_CLASS_SOURCE:CLASS_NOT_AN_INTERFACE_POINTER	[Add]
Newtonsoft.Json.Serialization.DefaultContractResolver+EnumerableDictionaryWrapper`2+<GetEnumerator>d__2::MoveNext	CALL	[v147 @ X24_v2 (Newtonsoft.Json.Serialization.DefaultContractResolver+EnumerableDictionaryWrapper`2<TEnumeratorKey, TEnumeratorValue>+<GetEnumerator>d__2<TEnumeratorKey, TEnumeratorValue>)+30]	[v208 @ X8_v24 (System.Int32)]	0			RUNTIME_DISPATCH		UNRESOLVED	METHOD_POINTER:UNKNOWN_CLASS_SOURCE:CLASS_NOT_AN_INTERFACE_POINTER	[Add]
Newtonsoft.Json.Serialization.DefaultContractResolver+EnumerableDictionaryWrapper`2+<GetEnumerator>d__2::MoveNext	CALL	[this @ X0 (Newtonsoft.Json.Serialization.DefaultContractResolver+EnumerableDictionaryWrapper`2<TEnumeratorKey, TEnumeratorValue>+<GetEnumerator>d__2<TEnumeratorKey, TEnumeratorValue>)+30]	Type: Il2CppClass<System.Collections.Generic.IEnumerator`1<System.Collections.Generic.KeyValuePair`2<TEnumeratorKey, TEnumeratorValue>>>	0	System.Collections.Generic.IEnumerator`1::get_Current	0x06002DF7	RUNTIME_DISPATCH		UNRESOLVED	INVOKER_THROUGH_METHOD:METADATA_USAGE:DISPATCH_PATH_NOT_RECOVERED	
Newtonsoft.Json.Utilities.ConvertUtils::EnsureTypeAssignable	CALL	[v165 @ X8_v15+10]	v87 @ stack_-50_v5	0			RUNTIME_DISPATCH		UNRESOLVED	METHOD_POINTER:UNKNOWN_CLASS_SOURCE:CLASS_NOT_AN_INTERFACE_POINTER	param:v87
Newtonsoft.Json.Serialization.DefaultContractResolver+EnumerableDictionaryWrapper`2+<GetEnumerator>d__2::<>m__Finally1	TAIL	[this @ X0 (Newtonsoft.Json.Serialization.DefaultContractResolver+EnumerableDictionaryWrapper`2<TEnumeratorKey, TEnumeratorValue>+<GetEnumerator>d__2<TEnumeratorKey, TEnumeratorValue>)+30]	[v42 @ X8_v5 (System.Int32)]	0			RUNTIME_DISPATCH		UNRESOLVED	METHOD_POINTER:UNKNOWN_CLASS_SOURCE:CLASS_NOT_AN_INTERFACE_POINTER	[Add]
Newtonsoft.Json.Utilities.ReflectionUtils::GetFullyQualifiedTypeName	CALL	binder @ X1 (Newtonsoft.Json.Serialization.ISerializationBinder)	[v51 @ X8_v5 (System.Int32)]	1			RUNTIME_DISPATCH		UNRESOLVED	METHOD_POINTER:UNKNOWN_CLASS_SOURCE:CLASS_NOT_AN_INTERFACE_POINTER	[Add]
Newtonsoft.Json.Utilities.DictionaryWrapper`2::System.Collections.IDictionary.Add	TAIL	this._dictionary (System.Collections.IDictionary)	v177 @ X1_v5	5			RUNTIME_DISPATCH		UNRESOLVED	METHOD_POINTER:UNKNOWN_CLASS_SOURCE:CLASS_NOT_AN_INTERFACE_POINTER	{[Add] | [{call IL2CPP_RUNTIME@0xF7087C(call get_GenericDictionary) | Add}+0x8]}
Newtonsoft.Json.Utilities.DictionaryWrapper`2::System.Collections.IDictionary.Add	CALL	v127 @ X0_v14 (System.Collections.Generic.IDictionary`2<TKey, TValue>)	Type: Il2CppClass<System.Collections.Generic.IDictionary`2<TKey, TValue>>	5	System.Collections.Generic.IDictionary`2::Add	0x06002DF3	RUNTIME_DISPATCH		UNRESOLVED	INVOKER_THROUGH_METHOD:METADATA_USAGE:DISPATCH_PATH_NOT_RECOVERED	
Newtonsoft.Json.Utilities.DictionaryWrapper`2::System.Collections.IDictionary.get_Item	TAIL	this._dictionary (System.Collections.IDictionary)	v271 @ X1_v3	0			RUNTIME_DISPATCH		UNRESOLVED	METHOD_POINTER:UNKNOWN_CLASS_SOURCE:CLASS_NOT_AN_INTERFACE_POINTER	{[Add] | Subtract}
Newtonsoft.Json.Utilities.DictionaryWrapper`2::System.Collections.IDictionary.get_Item	CALL	v467 @ X0_v13 (System.Collections.Generic.IReadOnlyDictionary`2<TKey, TValue>)	v284 @ X1_v18 (Il2CppClass<System.Collections.Generic.IReadOnlyDictionary`2<TKey, TValue>>)	v442 @ X2_v6 (System.Int32)			RUNTIME_DISPATCH		UNRESOLVED	INVOKER_THROUGH_METHOD:TYPED_CLASS_LOCAL:SLOT_NAMES_NO_METHOD	
Newtonsoft.Json.Utilities.DictionaryWrapper`2::System.Collections.IDictionary.set_Item	TAIL	this._dictionary (System.Collections.IDictionary)	v177 @ X1_v5	1			RUNTIME_DISPATCH		UNRESOLVED	METHOD_POINTER:UNKNOWN_CLASS_SOURCE:CLASS_NOT_AN_INTERFACE_POINTER	{[Add] | [{call IL2CPP_RUNTIME@0xF7087C(call get_GenericDictionary) | Add}+0x8]}
Newtonsoft.Json.Utilities.DictionaryWrapper`2::System.Collections.IDictionary.set_Item	CALL	v127 @ X0_v14 (System.Collections.Generic.IDictionary`2<TKey, TValue>)	Type: Il2CppClass<System.Collections.Generic.IDictionary`2<TKey, TValue>>	1	System.Collections.Generic.IDictionary`2::set_Item	0x06002DEF	RUNTIME_DISPATCH		UNRESOLVED	INVOKER_THROUGH_METHOD:METADATA_USAGE:DISPATCH_PATH_NOT_RECOVERED	
Newtonsoft.Json.Utilities.DictionaryWrapper`2::System.Collections.IDictionary.GetEnumerator	CALL	v51 @ X20_v3 (System.Collections.Generic.IReadOnlyDictionary`2<TKey, TValue>)	v129 @ X1_v11 (Il2CppClass<System.Collections.Generic.IEnumerable`1<System.Collections.Generic.KeyValuePair`2<TKey, TValue>>>)	0	System.Collections.Generic.IEnumerable`1::GetEnumerator	0x06002DF6	RUNTIME_DISPATCH	System.Collections.Generic.KeyValuePair`2<TKey, TValue>	EXACT	lookup(receiver, interface class, slot) reaches the dispatch pointer; slot = Il2CppMethodDefinition.slot
Newtonsoft.Json.Utilities.DictionaryWrapper`2::System.Collections.IDictionary.GetEnumerator	CALL	v104 @ X0_v9 (System.Collections.Generic.IDictionary`2<TKey, TValue>)	v208 @ X1_v6 (Il2CppClass<System.Collections.Generic.IEnumerable`1<System.Collections.Generic.KeyValuePair`2<TKey, TValue>>>)	0	System.Collections.Generic.IEnumerable`1::GetEnumerator	0x06002DF6	RUNTIME_DISPATCH	System.Collections.Generic.KeyValuePair`2<TKey, TValue>	EXACT	lookup(receiver, interface class, slot) reaches the dispatch pointer; slot = Il2CppMethodDefinition.slot
Newtonsoft.Json.Utilities.DictionaryWrapper`2::System.Collections.IDictionary.GetEnumerator	TAIL	this._dictionary (System.Collections.IDictionary)	[v46 @ X8_v33 (System.Int32)]	8			RUNTIME_DISPATCH		UNRESOLVED	METHOD_POINTER:UNKNOWN_CLASS_SOURCE:CLASS_NOT_AN_INTERFACE_POINTER	[Add]
Newtonsoft.Json.Utilities.DictionaryWrapper`2::System.Collections.IDictionary.Contains	CALL	v451 @ X0_v8 (System.Collections.Generic.IDictionary`2<TKey, TValue>)	v174 @ X1_v17 (Il2CppClass<System.Collections.Generic.IDictionary`2<TKey, TValue>>)	v426 @ X2_v4 (System.Int32)			RUNTIME_DISPATCH		UNRESOLVED	INVOKER_THROUGH_METHOD:TYPED_CLASS_LOCAL:SLOT_NAMES_NO_METHOD	
Newtonsoft.Json.Utilities.DictionaryWrapper`2::System.Collections.IDictionary.get_Keys	TAIL	v71 @ X19_v3 (System.Collections.IDictionary)	[v121 @ X8_v11 (System.Int32)]	2			RUNTIME_DISPATCH		UNRESOLVED	METHOD_POINTER:UNKNOWN_CLASS_SOURCE:CLASS_NOT_AN_INTERFACE_POINTER	[Add]
Newtonsoft.Json.Utilities.DictionaryWrapper`2::System.Collections.IDictionary.get_Keys	CALL	v175 @ X0_v7 (System.Collections.Generic.IDictionary`2<TKey, TValue>)	v57 @ X1_v13 (Il2CppClass<System.Collections.Generic.IDictionary`2<TKey, TValue>>)	v361 @ X2_v1 (System.Int32)			RUNTIME_DISPATCH		UNRESOLVED	METHOD_POINTER:TYPED_CLASS_LOCAL:SLOT_NAMES_NO_METHOD	
Newtonsoft.Json.Utilities.DictionaryWrapper`2::Remove	TAIL	this._dictionary (System.Collections.IDictionary)	v162 @ X1_v5	9			RUNTIME_DISPATCH		UNRESOLVED	METHOD_POINTER:UNKNOWN_CLASS_SOURCE:CLASS_NOT_AN_INTERFACE_POINTER	{[Add] | [{call IL2CPP_RUNTIME@0xF7087C(call get_GenericDictionary) | Add}+0x8]}
Newtonsoft.Json.Utilities.DictionaryWrapper`2::Remove	CALL	v115 @ X0_v14 (System.Collections.Generic.IDictionary`2<TKey, TValue>)	Type: Il2CppClass<System.Collections.Generic.IDictionary`2<TKey, TValue>>	6	System.Collections.Generic.IDictionary`2::Remove	0x06002DF4	RUNTIME_DISPATCH		UNRESOLVED	INVOKER_THROUGH_METHOD:METADATA_USAGE:DISPATCH_PATH_NOT_RECOVERED	
Newtonsoft.Json.Utilities.DictionaryWrapper`2::System.Collections.IDictionary.get_Values	TAIL	v71 @ X19_v3 (System.Collections.IDictionary)	[v121 @ X8_v11 (System.Int32)]	3			RUNTIME_DISPATCH		UNRESOLVED	METHOD_POINTER:UNKNOWN_CLASS_SOURCE:CLASS_NOT_AN_INTERFACE_POINTER	[Add]
Newtonsoft.Json.Utilities.DictionaryWrapper`2::System.Collections.IDictionary.get_Values	CALL	v175 @ X0_v7 (System.Collections.Generic.IDictionary`2<TKey, TValue>)	v57 @ X1_v13 (Il2CppClass<System.Collections.Generic.IDictionary`2<TKey, TValue>>)	v361 @ X2_v1 (System.Int32)			RUNTIME_DISPATCH		UNRESOLVED	METHOD_POINTER:TYPED_CLASS_LOCAL:SLOT_NAMES_NO_METHOD	
Newtonsoft.Json.Utilities.DictionaryWrapper`2::System.Collections.ICollection.CopyTo	TAIL	v105 @ X0_v14 (System.Collections.Generic.IDictionary`2<TKey, TValue>)	v349 @ X22_v6 (Il2CppClass<System.Collections.Generic.ICollection`1<System.Collections.Generic.KeyValuePair`2<TKey, TValue>>>)	5	System.Collections.Generic.ICollection`1::CopyTo	0x06002DEB	RUNTIME_DISPATCH	System.Collections.Generic.KeyValuePair`2<TKey, TValue>	EXACT	lookup(receiver, interface class, slot) reaches the dispatch pointer; slot = Il2CppMethodDefinition.slot
Newtonsoft.Json.Utilities.DictionaryWrapper`2::System.Collections.ICollection.CopyTo	TAIL	this._dictionary (System.Collections.IDictionary)	[v52 @ X8_v28 (System.Int32)]	0			RUNTIME_DISPATCH		UNRESOLVED	METHOD_POINTER:UNKNOWN_CLASS_SOURCE:CLASS_NOT_AN_INTERFACE_POINTER	[Add]
Newtonsoft.Json.Utilities.DictionaryWrapper`2::System.Collections.ICollection.get_IsSynchronized	TAIL	this._dictionary (System.Collections.IDictionary)	[v41 @ X8_v4 (System.Int32)]	3			RUNTIME_DISPATCH		UNRESOLVED	METHOD_POINTER:UNKNOWN_CLASS_SOURCE:CLASS_NOT_AN_INTERFACE_POINTER	[Add]
Newtonsoft.Json.Serialization.DefaultContractResolver::GetSerializableMembers	CALL	v156 @ X0_v14	[v211 @ X8_v116 (System.Int32)]	0			RUNTIME_DISPATCH		UNRESOLVED	METHOD_POINTER:UNKNOWN_CLASS_SOURCE:CLASS_NOT_AN_INTERFACE_POINTER	[Add]
Newtonsoft.Json.Serialization.DefaultContractResolver::GetSerializableMembers	CALL	v156 @ X0_v14	[v870 @ X8_v56 (System.Int32)]	0			RUNTIME_DISPATCH		UNRESOLVED	METHOD_POINTER:UNKNOWN_CLASS_SOURCE:CLASS_NOT_AN_INTERFACE_POINTER	[Add]
Newtonsoft.Json.Serialization.DefaultContractResolver::GetSerializableMembers	CALL	v743 @ X20_v25	[v613 @ X21_v17 (Newtonsoft.Json.Serialization.DefaultContractResolver)]	0			RUNTIME_DISPATCH		UNRESOLVED	METHOD_POINTER:UNKNOWN_CLASS_SOURCE:CLASS_NOT_AN_INTERFACE_POINTER	[Add]
Newtonsoft.Json.Serialization.DefaultContractResolver::GetSerializableMembers	CALL	v443 @ stack_-68_v14	[v1370 @ X22_v14 (System.Int32)]	0			RUNTIME_DISPATCH		UNRESOLVED	METHOD_POINTER:UNKNOWN_CLASS_SOURCE:CLASS_NOT_AN_INTERFACE_POINTER	[{Add | Immediate | [call IL2CPP_RUNTIME@0x274A080(Newobj)]}]
Newtonsoft.Json.Serialization.DefaultContractResolver::GetSerializableMembers	CALL	v1387 @ X21_v13 (Newtonsoft.Json.Serialization.DefaultContractResolver)	[v970 @ X8_v129 (System.Int32)]	0			RUNTIME_DISPATCH		UNRESOLVED	METHOD_POINTER:UNKNOWN_CLASS_SOURCE:CLASS_NOT_AN_INTERFACE_POINTER	[Add]
Newtonsoft.Json.Serialization.DefaultContractResolver::GetSerializableMembers	CALL	v1487 @ X24_v18	[v409 @ X27_v16 (System.Int32)]	0			RUNTIME_DISPATCH		UNRESOLVED	METHOD_POINTER:UNKNOWN_CLASS_SOURCE:CLASS_NOT_AN_INTERFACE_POINTER	[Add]
Newtonsoft.Json.Serialization.DefaultContractResolver::GetSerializableMembers	CALL	v443 @ stack_-68_v14	[v364 @ X26_v18 (System.Int32)]	0			RUNTIME_DISPATCH		UNRESOLVED	METHOD_POINTER:UNKNOWN_CLASS_SOURCE:CLASS_NOT_AN_INTERFACE_POINTER	[Add]
Newtonsoft.Json.Serialization.DefaultContractResolver::GetSerializableMembers	CALL	v1368 @ X23_v12 (System.Int32)	[v927 @ X8_v47 (System.Int32)]	0			RUNTIME_DISPATCH		UNRESOLVED	METHOD_POINTER:UNKNOWN_CLASS_SOURCE:CLASS_NOT_AN_INTERFACE_POINTER	[Add]
Newtonsoft.Json.Serialization.JsonObjectContract::get_HasRequiredOrDefaultValueProperties	CALL	v256 @ X0_v29	[v296 @ X23_v8 (System.Int32)]	0			RUNTIME_DISPATCH		UNRESOLVED	METHOD_POINTER:UNKNOWN_CLASS_SOURCE:CLASS_NOT_AN_INTERFACE_POINTER	[Add]
Newtonsoft.Json.Serialization.JsonObjectContract::get_HasRequiredOrDefaultValueProperties	CALL	v256 @ X0_v29	[v294 @ X24_v8 (System.Int32)]	0			RUNTIME_DISPATCH		UNRESOLVED	METHOD_POINTER:UNKNOWN_CLASS_SOURCE:CLASS_NOT_AN_INTERFACE_POINTER	[Add]
Newtonsoft.Json.Serialization.JsonObjectContract::get_HasRequiredOrDefaultValueProperties	CALL	v537 @ X21_v7	[v582 @ X8_v15 (System.Int32)]	0			RUNTIME_DISPATCH		UNRESOLVED	METHOD_POINTER:UNKNOWN_CLASS_SOURCE:CLASS_NOT_AN_INTERFACE_POINTER	[Add]
Newtonsoft.Json.Serialization.DefaultContractResolver::CreateObjectContract	CALL	v577 @ X0_v31 (System.Collections.Generic.IList`1<Newtonsoft.Json.Serialization.SerializationCallback>)	[v651 @ X8_v15 (System.Int32)]	2			RUNTIME_DISPATCH		UNRESOLVED	METHOD_POINTER:UNKNOWN_CLASS_SOURCE:CLASS_NOT_AN_INTERFACE_POINTER	[Add]
Newtonsoft.Json.Utilities.DynamicProxyMetaObject`1::BuildCallMethodWithResult	CALL	v107 @ X0_v11 (System.Collections.Generic.IEnumerable`1<System.Linq.Expressions.Expression>)	[v344 @ X22_v9 (System.Int32)]	2			RUNTIME_DISPATCH		UNRESOLVED	METHOD_POINTER:UNKNOWN_CLASS_SOURCE:CLASS_NOT_AN_INTERFACE_POINTER	[Add]
Newtonsoft.Json.Utilities.DynamicProxyMetaObject`1::BuildCallMethodWithResult	CALL	v107 @ X0_v11 (System.Collections.Generic.IEnumerable`1<System.Linq.Expressions.Expression>)	[v344 @ X22_v9 (System.Int32)]	2			RUNTIME_DISPATCH		UNRESOLVED	METHOD_POINTER:UNKNOWN_CLASS_SOURCE:CLASS_NOT_AN_INTERFACE_POINTER	[Add]
Newtonsoft.Json.Utilities.DynamicProxyMetaObject`1::BuildCallMethodWithResult	CALL	v107 @ X0_v11 (System.Collections.Generic.IEnumerable`1<System.Linq.Expressions.Expression>)	[v344 @ X22_v9 (System.Int32)]	2			RUNTIME_DISPATCH		UNRESOLVED	METHOD_POINTER:UNKNOWN_CLASS_SOURCE:CLASS_NOT_AN_INTERFACE_POINTER	[Add]
Newtonsoft.Json.Utilities.ReflectionUtils::GetFieldsAndProperties	CALL	v191 @ X0_v150	[v735 @ X8_v118 (System.Int32)]	0			RUNTIME_DISPATCH		UNRESOLVED	METHOD_POINTER:UNKNOWN_CLASS_SOURCE:CLASS_NOT_AN_INTERFACE_POINTER	[Add]
Newtonsoft.Json.Utilities.ReflectionUtils::GetFieldsAndProperties	CALL	v370 @ X21_v10	[v271 @ X26_v7 (System.Int32)]	0			RUNTIME_DISPATCH		UNRESOLVED	METHOD_POINTER:UNKNOWN_CLASS_SOURCE:CLASS_NOT_AN_INTERFACE_POINTER	[Add]
Newtonsoft.Json.Utilities.ReflectionUtils::GetFieldsAndProperties	CALL	v257 @ stack_-68_v3	[v743 @ X8_v31 (System.Int32)]	0			RUNTIME_DISPATCH		UNRESOLVED	METHOD_POINTER:UNKNOWN_CLASS_SOURCE:CLASS_NOT_AN_INTERFACE_POINTER	[Add]
Newtonsoft.Json.Utilities.ReflectionUtils::GetFieldsAndProperties	CALL	v1041 @ X0_v43 (System.Collections.Generic.IEnumerable`1<System.Object>)	[v1099 @ X8_v42 (System.Int32)]	0			RUNTIME_DISPATCH		UNRESOLVED	METHOD_POINTER:UNKNOWN_CLASS_SOURCE:CLASS_NOT_AN_INTERFACE_POINTER	[Add]
Newtonsoft.Json.Utilities.ReflectionUtils::GetFieldsAndProperties	CALL	v1236 @ X22_v11	[v271 @ X26_v7 (System.Int32)]	0			RUNTIME_DISPATCH		UNRESOLVED	METHOD_POINTER:UNKNOWN_CLASS_SOURCE:CLASS_NOT_AN_INTERFACE_POINTER	[Add]
Newtonsoft.Json.Utilities.ReflectionUtils::GetFieldsAndProperties	CALL	v415 @ stack_-70_v8	[v277 @ X19_v10 (System.Int32)]	0			RUNTIME_DISPATCH		UNRESOLVED	METHOD_POINTER:UNKNOWN_CLASS_SOURCE:CLASS_NOT_AN_INTERFACE_POINTER	[Add]
Newtonsoft.Json.Utilities.ReflectionUtils::GetFieldsAndProperties	CALL	[v1309 @ X8_v51]	[v1312 @ X8_v56 (System.Int32)]	0			RUNTIME_DISPATCH		UNRESOLVED	METHOD_POINTER:UNKNOWN_CLASS_SOURCE:CLASS_NOT_AN_INTERFACE_POINTER	[Add]
Newtonsoft.Json.Utilities.ReflectionUtils::GetFieldsAndProperties	CALL	[v722 @ X8_v15]	[v749 @ X8_v18 (System.Int32)]	0			RUNTIME_DISPATCH		UNRESOLVED	METHOD_POINTER:UNKNOWN_CLASS_SOURCE:CLASS_NOT_AN_INTERFACE_POINTER	[Add]
Newtonsoft.Json.Serialization.JsonPropertyCollection::TryGetProperty	TAIL	this.dict (System.Collections.Generic.Dictionary`2<System.String, Newtonsoft.Json.Serialization.JsonProperty>)	[v50 @ X8_v4 (System.Int32)]	7			RUNTIME_DISPATCH		UNRESOLVED	METHOD_POINTER:UNKNOWN_CLASS_SOURCE:CLASS_NOT_AN_INTERFACE_POINTER	[Add]
Newtonsoft.Json.Serialization.JsonSerializerInternalReader::CreateJToken	CALL	v459 @ X23_v9	[v474 @ X8_v15 (System.Int32)]	0			RUNTIME_DISPATCH		UNRESOLVED	METHOD_POINTER:UNKNOWN_CLASS_SOURCE:CLASS_NOT_AN_INTERFACE_POINTER	[Add]
Newtonsoft.Json.Serialization.DefaultContractResolver::SetExtensionDataDelegates	CALL	[v850 @ X8_v54+140]	v848 @ X1_v41	v169 @ X2_v14 (System.Boolean)			RUNTIME_DISPATCH		UNRESOLVED	METHOD_POINTER:UNKNOWN_CLASS_SOURCE:CLASS_NOT_AN_INTERFACE_POINTER	[Add]
Newtonsoft.Json.Serialization.DefaultContractResolver::SetExtensionDataDelegates	CALL	[v988 @ X8_v64+140]	v986 @ X1_v50	20			RUNTIME_DISPATCH		UNRESOLVED	METHOD_POINTER:UNKNOWN_CLASS_SOURCE:CLASS_NOT_AN_INTERFACE_POINTER	[Add]
Newtonsoft.Json.Serialization.JsonSerializerInternalReader::CreateJObject	CALL	v405 @ X21_v9	[v411 @ X8_v10 (System.Int32)]	0			RUNTIME_DISPATCH		UNRESOLVED	METHOD_POINTER:UNKNOWN_CLASS_SOURCE:CLASS_NOT_AN_INTERFACE_POINTER	[Add]
Newtonsoft.Json.Utilities.DynamicProxyMetaObject`1::CallMethodReturnLast	CALL	v154 @ X0_v20 (System.Collections.Generic.IEnumerable`1<System.Linq.Expressions.Expression>)	[v373 @ X28_v5 (System.Int32)]	2			RUNTIME_DISPATCH		UNRESOLVED	METHOD_POINTER:UNKNOWN_CLASS_SOURCE:CLASS_NOT_AN_INTERFACE_POINTER	[Add]
Newtonsoft.Json.Utilities.DynamicProxyMetaObject`1::CallMethodReturnLast	CALL	v154 @ X0_v20 (System.Collections.Generic.IEnumerable`1<System.Linq.Expressions.Expression>)	[v373 @ X28_v5 (System.Int32)]	2			RUNTIME_DISPATCH		UNRESOLVED	METHOD_POINTER:UNKNOWN_CLASS_SOURCE:CLASS_NOT_AN_INTERFACE_POINTER	[Add]
Newtonsoft.Json.Utilities.DynamicProxyMetaObject`1::CallMethodReturnLast	CALL	v154 @ X0_v20 (System.Collections.Generic.IEnumerable`1<System.Linq.Expressions.Expression>)	[v373 @ X28_v5 (System.Int32)]	0			RUNTIME_DISPATCH		UNRESOLVED	METHOD_POINTER:UNKNOWN_CLASS_SOURCE:CLASS_NOT_AN_INTERFACE_POINTER	[Add]
Newtonsoft.Json.Utilities.DynamicProxyMetaObject`1::CallMethodReturnLast	CALL	v154 @ X0_v20 (System.Collections.Generic.IEnumerable`1<System.Linq.Expressions.Expression>)	[v373 @ X28_v5 (System.Int32)]	0			RUNTIME_DISPATCH		UNRESOLVED	METHOD_POINTER:UNKNOWN_CLASS_SOURCE:CLASS_NOT_AN_INTERFACE_POINTER	[Add]
Newtonsoft.Json.Utilities.DynamicProxyMetaObject`1::CallMethodReturnLast	CALL	v154 @ X0_v20 (System.Collections.Generic.IEnumerable`1<System.Linq.Expressions.Expression>)	[v132 @ X27_v9 (System.Int32)]	0			RUNTIME_DISPATCH		UNRESOLVED	METHOD_POINTER:UNKNOWN_CLASS_SOURCE:CLASS_NOT_AN_INTERFACE_POINTER	[Add]
Newtonsoft.Json.Utilities.DynamicProxyMetaObject`1::CallMethodReturnLast	CALL	v154 @ X0_v20 (System.Collections.Generic.IEnumerable`1<System.Linq.Expressions.Expression>)	[v132 @ X27_v9 (System.Int32)]	1			RUNTIME_DISPATCH		UNRESOLVED	METHOD_POINTER:UNKNOWN_CLASS_SOURCE:CLASS_NOT_AN_INTERFACE_POINTER	[Add]
Newtonsoft.Json.Serialization.JsonArrayContract::CreateTemporaryCollection	CALL	[v290 @ X8_v30+140]	v288 @ X1_v17	[v275 @ X8_v23 (Il2CppClass<System.Type>)+8D0]			RUNTIME_DISPATCH		UNRESOLVED	METHOD_POINTER:UNKNOWN_CLASS_SOURCE:CLASS_NOT_AN_INTERFACE_POINTER	[Add]
Newtonsoft.Json.Utilities.DynamicProxyMetaObject`1::CallMethodNoResult	CALL	v75 @ X0_v7 (System.Collections.Generic.IEnumerable`1<System.Linq.Expressions.Expression>)	[v126 @ X28_v5 (System.Int32)]	2			RUNTIME_DISPATCH		UNRESOLVED	METHOD_POINTER:UNKNOWN_CLASS_SOURCE:CLASS_NOT_AN_INTERFACE_POINTER	[Add]
Newtonsoft.Json.Utilities.DynamicProxyMetaObject`1::CallMethodNoResult	CALL	v75 @ X0_v7 (System.Collections.Generic.IEnumerable`1<System.Linq.Expressions.Expression>)	[v126 @ X28_v5 (System.Int32)]	2			RUNTIME_DISPATCH		UNRESOLVED	METHOD_POINTER:UNKNOWN_CLASS_SOURCE:CLASS_NOT_AN_INTERFACE_POINTER	[Add]
Newtonsoft.Json.Serialization.DefaultContractResolver::GetAttributeConstructor	CALL	v355 @ X0_v12	[v359 @ X8_v10 (System.Int32)]	0			RUNTIME_DISPATCH		UNRESOLVED	METHOD_POINTER:UNKNOWN_CLASS_SOURCE:CLASS_NOT_AN_INTERFACE_POINTER	[Add]
Newtonsoft.Json.Serialization.DefaultContractResolver::GetAttributeConstructor	CALL	v494 @ X0_v13	[v70 @ X22_v6 (System.Int32)]	0			RUNTIME_DISPATCH		UNRESOLVED	METHOD_POINTER:UNKNOWN_CLASS_SOURCE:CLASS_NOT_AN_INTERFACE_POINTER	[Add]
Newtonsoft.Json.Serialization.DefaultContractResolver::GetAttributeConstructor	CALL	v494 @ X0_v13	[v70 @ X22_v6 (System.Int32)]	0			RUNTIME_DISPATCH		UNRESOLVED	METHOD_POINTER:UNKNOWN_CLASS_SOURCE:CLASS_NOT_AN_INTERFACE_POINTER	[Add]
Newtonsoft.Json.Serialization.DefaultContractResolver::GetAttributeConstructor	CALL	v494 @ X0_v13	[v592 @ X8_v36 (System.Int32)]	0			RUNTIME_DISPATCH		UNRESOLVED	METHOD_POINTER:UNKNOWN_CLASS_SOURCE:CLASS_NOT_AN_INTERFACE_POINTER	[Add]
Newtonsoft.Json.Serialization.JsonSerializerInternalBase::IsErrorHandled	CALL	this.TraceWriter (Newtonsoft.Json.Serialization.ITraceWriter)	[v77 @ X28_v7 (System.Int32)]	0			RUNTIME_DISPATCH		UNRESOLVED	METHOD_POINTER:UNKNOWN_CLASS_SOURCE:CLASS_NOT_AN_INTERFACE_POINTER	[Add]
Newtonsoft.Json.Serialization.JsonSerializerInternalBase::IsErrorHandled	CALL	v241 @ X24_v8 (Newtonsoft.Json.Serialization.ITraceWriter)	[v77 @ X28_v7 (System.Int32)]	1			RUNTIME_DISPATCH		UNRESOLVED	METHOD_POINTER:UNKNOWN_CLASS_SOURCE:CLASS_NOT_AN_INTERFACE_POINTER	[Add]
Newtonsoft.Json.Serialization.DefaultContractResolver::GetImmutableConstructor	CALL	v62 @ X0_v5 (System.Reflection.ConstructorInfo[])	[v212 @ X8_v5 (System.Int32)]	0			RUNTIME_DISPATCH		UNRESOLVED	METHOD_POINTER:UNKNOWN_CLASS_SOURCE:CLASS_NOT_AN_INTERFACE_POINTER	[Add]
Newtonsoft.Json.Serialization.DefaultContractResolver::GetImmutableConstructor	CALL	v324 @ X0_v6	[v81 @ X22_v3 (System.Int32)]	0			RUNTIME_DISPATCH		UNRESOLVED	METHOD_POINTER:UNKNOWN_CLASS_SOURCE:CLASS_NOT_AN_INTERFACE_POINTER	[Add]
Newtonsoft.Json.Serialization.DefaultContractResolver::GetImmutableConstructor	CALL	v324 @ X0_v6	[v81 @ X22_v3 (System.Int32)]	0			RUNTIME_DISPATCH		UNRESOLVED	METHOD_POINTER:UNKNOWN_CLASS_SOURCE:CLASS_NOT_AN_INTERFACE_POINTER	[Add]
Newtonsoft.Json.Serialization.DefaultContractResolver::GetImmutableConstructor	CALL	v324 @ X0_v6	[v502 @ X8_v13 (System.Int32)]	0			RUNTIME_DISPATCH		UNRESOLVED	METHOD_POINTER:UNKNOWN_CLASS_SOURCE:CLASS_NOT_AN_INTERFACE_POINTER	[Add]
Newtonsoft.Json.Utilities.ReflectionUtils::GetChildPrivateProperties	CALL	initialProperties @ X0 (System.Collections.Generic.IList`1<System.Reflection.PropertyInfo>)	v759 @ X1_v59	2			RUNTIME_DISPATCH		UNRESOLVED	METHOD_POINTER:UNKNOWN_CLASS_SOURCE:CLASS_NOT_AN_INTERFACE_POINTER	{[Add] | [Add] | [Add]}
Newtonsoft.Json.Utilities.ReflectionUtils::GetChildPrivateProperties	CALL	initialProperties @ X0 (System.Collections.Generic.IList`1<System.Reflection.PropertyInfo>)	[v689 @ X8_v35 (System.Int32)]	0			RUNTIME_DISPATCH		UNRESOLVED	METHOD_POINTER:UNKNOWN_CLASS_SOURCE:CLASS_NOT_AN_INTERFACE_POINTER	[Add]
Newtonsoft.Json.Utilities.ReflectionUtils::GetChildPrivateProperties	CALL	initialProperties @ X0 (System.Collections.Generic.IList`1<System.Reflection.PropertyInfo>)	[v962 @ X8_v41 (System.Int32)]	1			RUNTIME_DISPATCH		UNRESOLVED	METHOD_POINTER:UNKNOWN_CLASS_SOURCE:CLASS_NOT_AN_INTERFACE_POINTER	[Add]
Newtonsoft.Json.Serialization.DefaultContractResolver::GetDefaultCreator	TAIL	[v73 @ X8_v10+140]	v69 @ X1_v1	methodInfo @ X2 (Il2CppMethodInfo)			RUNTIME_DISPATCH		UNRESOLVED	METHOD_POINTER:UNKNOWN_CLASS_SOURCE:CLASS_NOT_AN_INTERFACE_POINTER	[Add]
Newtonsoft.Json.Utilities.DynamicUtils+BinderWrapper::CreateMemberCalls	CALL	[v500 @ X8_v22+140]	v498 @ X1_v25	v225 @ X0_v28 (System.Type[])			RUNTIME_DISPATCH		UNRESOLVED	METHOD_POINTER:UNKNOWN_CLASS_SOURCE:CLASS_NOT_AN_INTERFACE_POINTER	[Add]
Newtonsoft.Json.Utilities.DynamicUtils+BinderWrapper::CreateMemberCalls	CALL	[v558 @ X8_v34+140]	v556 @ X1_v40	v228 @ X0_v63 (System.Type[])			RUNTIME_DISPATCH		UNRESOLVED	METHOD_POINTER:UNKNOWN_CLASS_SOURCE:CLASS_NOT_AN_INTERFACE_POINTER	[Add]
Newtonsoft.Json.Utilities.StringBuffer::Clear	CALL	bufferPool @ X1 (Newtonsoft.Json.IArrayPool`1<System.Char>)	[v105 @ X8_v6 (System.Int32)]	1			RUNTIME_DISPATCH		UNRESOLVED	METHOD_POINTER:UNKNOWN_CLASS_SOURCE:CLASS_NOT_AN_INTERFACE_POINTER	[Add]
Newtonsoft.Json.Serialization.JsonSerializerInternalReader::Populate	CALL	v233 @ X22_v7 (Newtonsoft.Json.Serialization.IContractResolver)	[v373 @ X8_v10 (System.Int32)]	0			RUNTIME_DISPATCH		UNRESOLVED	METHOD_POINTER:UNKNOWN_CLASS_SOURCE:CLASS_NOT_AN_INTERFACE_POINTER	[Add]
Newtonsoft.Json.Utilities.StringBuffer::EnsureSize	CALL	bufferPool @ X1 (Newtonsoft.Json.IArrayPool`1<System.Char>)	[v124 @ X8_v7 (System.Int32)]	1			RUNTIME_DISPATCH		UNRESOLVED	METHOD_POINTER:UNKNOWN_CLASS_SOURCE:CLASS_NOT_AN_INTERFACE_POINTER	[Add]
Newtonsoft.Json.Serialization.JsonSerializerInternalReader::GetContract	TAIL	v45 @ X20_v3 (Newtonsoft.Json.Serialization.IContractResolver)	[v51 @ X8_v5 (System.Int32)]	0			RUNTIME_DISPATCH		UNRESOLVED	METHOD_POINTER:UNKNOWN_CLASS_SOURCE:CLASS_NOT_AN_INTERFACE_POINTER	[Add]
Newtonsoft.Json.Serialization.JsonTypeReflector::GetCreator	CALL	[v261 @ X8_v24+140]	v259 @ X1_v7	v67 @ X2_v4			RUNTIME_DISPATCH		UNRESOLVED	METHOD_POINTER:UNKNOWN_CLASS_SOURCE:CLASS_NOT_AN_INTERFACE_POINTER	[Add]
Newtonsoft.Json.Serialization.JsonDictionaryContract::CreateTemporaryDictionary	CALL	[v336 @ X8_v29+140]	v334 @ X1_v19	[v321 @ X8_v22 (Il2CppClass<System.Type>)+8D0]			RUNTIME_DISPATCH		UNRESOLVED	METHOD_POINTER:UNKNOWN_CLASS_SOURCE:CLASS_NOT_AN_INTERFACE_POINTER	[Add]
Newtonsoft.Json.Linq.JObject::System.Collections.Generic.ICollection<System.Collections.Generic.KeyValuePair<System.String,Newtonsoft.Json.Linq.JToken>>.CopyTo	CALL	v290 @ X0_v69 (System.Collections.Generic.IList`1<Newtonsoft.Json.Linq.JToken>)	[v302 @ X8_v23 (System.Int32)]	0			RUNTIME_DISPATCH		UNRESOLVED	METHOD_POINTER:UNKNOWN_CLASS_SOURCE:CLASS_NOT_AN_INTERFACE_POINTER	[Add]
Newtonsoft.Json.Linq.JObject::System.Collections.Generic.ICollection<System.Collections.Generic.KeyValuePair<System.String,Newtonsoft.Json.Linq.JToken>>.CopyTo	CALL	v676 @ X21_v14	[v580 @ X23_v13 (System.Int32)]	0			RUNTIME_DISPATCH		UNRESOLVED	METHOD_POINTER:UNKNOWN_CLASS_SOURCE:CLASS_NOT_AN_INTERFACE_POINTER	[Add]
Newtonsoft.Json.Linq.JObject::System.Collections.Generic.ICollection<System.Collections.Generic.KeyValuePair<System.String,Newtonsoft.Json.Linq.JToken>>.CopyTo	CALL	v500 @ X0_v82	[v582 @ X24_v13 (System.Int32)]	0			RUNTIME_DISPATCH		UNRESOLVED	METHOD_POINTER:UNKNOWN_CLASS_SOURCE:CLASS_NOT_AN_INTERFACE_POINTER	[Add]
Newtonsoft.Json.Linq.JObject::System.Collections.Generic.ICollection<System.Collections.Generic.KeyValuePair<System.String,Newtonsoft.Json.Linq.JToken>>.CopyTo	CALL	v856 @ X20_v9	[v861 @ X8_v12 (System.Int32)]	0			RUNTIME_DISPATCH		UNRESOLVED	METHOD_POINTER:UNKNOWN_CLASS_SOURCE:CLASS_NOT_AN_INTERFACE_POINTER	[Add]
Newtonsoft.Json.Linq.JObject::System.Collections.Generic.ICollection<System.Collections.Generic.KeyValuePair<System.String,Newtonsoft.Json.Linq.JToken>>.Remove	CALL	this @ X0 (Newtonsoft.Json.Linq.JObject)	[v27 @ X22_v2 (System.Int32)]	4			RUNTIME_DISPATCH		UNRESOLVED	METHOD_POINTER:UNKNOWN_CLASS_SOURCE:CLASS_NOT_AN_INTERFACE_POINTER	[Add]
Newtonsoft.Json.Linq.JObject::System.Collections.Generic.ICollection<System.Collections.Generic.KeyValuePair<System.String,Newtonsoft.Json.Linq.JToken>>.Remove	CALL	this @ X0 (Newtonsoft.Json.Linq.JObject)	[v153 @ X8_v8 (System.Int32)]	6			RUNTIME_DISPATCH		UNRESOLVED	METHOD_POINTER:UNKNOWN_CLASS_SOURCE:CLASS_NOT_AN_INTERFACE_POINTER	[Add]
Newtonsoft.Json.Linq.JObject::System.ComponentModel.ICustomTypeDescriptor.GetProperties	TAIL	this @ X0 (Newtonsoft.Json.Linq.JObject)	[v19 @ X21_v2 (System.Int32)]	3			RUNTIME_DISPATCH		UNRESOLVED	METHOD_POINTER:UNKNOWN_CLASS_SOURCE:CLASS_NOT_AN_INTERFACE_POINTER	[Add]
Newtonsoft.Json.Linq.JObject::System.ComponentModel.ICustomTypeDescriptor.GetProperties	CALL	v82 @ X0_v96 (System.Collections.Generic.IList`1<Newtonsoft.Json.Linq.JToken>)	[v98 @ X8_v42 (System.Int32)]	0			RUNTIME_DISPATCH		UNRESOLVED	METHOD_POINTER:UNKNOWN_CLASS_SOURCE:CLASS_NOT_AN_INTERFACE_POINTER	[Add]
Newtonsoft.Json.Linq.JObject::System.ComponentModel.ICustomTypeDescriptor.GetProperties	CALL	v313 @ X21_v5 (System.Object)	[v255 @ X24_v2 (System.Int32)]	0			RUNTIME_DISPATCH		UNRESOLVED	METHOD_POINTER:UNKNOWN_CLASS_SOURCE:CLASS_NOT_AN_INTERFACE_POINTER	[Add]
Newtonsoft.Json.Linq.JObject::System.ComponentModel.ICustomTypeDescriptor.GetProperties	CALL	v265 @ X0_v8 (System.Object)	[v257 @ X25_v2 (System.Int32)]	0			RUNTIME_DISPATCH		UNRESOLVED	METHOD_POINTER:UNKNOWN_CLASS_SOURCE:CLASS_NOT_AN_INTERFACE_POINTER	[Add]
Newtonsoft.Json.Linq.JObject::System.ComponentModel.ICustomTypeDescriptor.GetProperties	CALL	v451 @ X21_v10	[v261 @ X23_v2 (System.Int32)]	0			RUNTIME_DISPATCH		UNRESOLVED	METHOD_POINTER:UNKNOWN_CLASS_SOURCE:CLASS_NOT_AN_INTERFACE_POINTER	[Add]
Newtonsoft.Json.Linq.JContainer::.ctor	CALL	other @ X1 (Newtonsoft.Json.Linq.JContainer)	[v146 @ X8_v23 (System.Int32)]	0			RUNTIME_DISPATCH		UNRESOLVED	METHOD_POINTER:UNKNOWN_CLASS_SOURCE:CLASS_NOT_AN_INTERFACE_POINTER	[Add]
Newtonsoft.Json.Linq.JContainer::.ctor	CALL	v402 @ X22_v16	[v393 @ X23_v16 (System.Int32)]	0			RUNTIME_DISPATCH		UNRESOLVED	METHOD_POINTER:UNKNOWN_CLASS_SOURCE:CLASS_NOT_AN_INTERFACE_POINTER	[Add]
Newtonsoft.Json.Linq.JContainer::.ctor	CALL	v439 @ X0_v54	[v345 @ X24_v10 (System.Int32)]	0			RUNTIME_DISPATCH		UNRESOLVED	METHOD_POINTER:UNKNOWN_CLASS_SOURCE:CLASS_NOT_AN_INTERFACE_POINTER	[Add]
Newtonsoft.Json.Linq.JContainer::.ctor	CALL	v223 @ X20_v7 (System.Boolean)	[v685 @ X8_v19 (System.Int32)]	0			RUNTIME_DISPATCH		UNRESOLVED	METHOD_POINTER:UNKNOWN_CLASS_SOURCE:CLASS_NOT_AN_INTERFACE_POINTER	[Add]
Newtonsoft.Json.Linq.JContainer::get_HasValues	CALL	v42 @ X0_v3 (System.Collections.Generic.IList`1<Newtonsoft.Json.Linq.JToken>)	[v46 @ X8_v5 (System.Int32)]	0			RUNTIME_DISPATCH		UNRESOLVED	METHOD_POINTER:UNKNOWN_CLASS_SOURCE:CLASS_NOT_AN_INTERFACE_POINTER	[Add]
Newtonsoft.Json.Linq.JContainer::get_First	CALL	v43 @ X0_v3 (System.Collections.Generic.IList`1<Newtonsoft.Json.Linq.JToken>)	[v49 @ X8_v5 (System.Int32)]	0			RUNTIME_DISPATCH		UNRESOLVED	METHOD_POINTER:UNKNOWN_CLASS_SOURCE:CLASS_NOT_AN_INTERFACE_POINTER	[Add]
Newtonsoft.Json.Linq.JContainer::get_First	TAIL	v43 @ X0_v3 (System.Collections.Generic.IList`1<Newtonsoft.Json.Linq.JToken>)	[v257 @ X8_v10 (System.Int32)]	0			RUNTIME_DISPATCH		UNRESOLVED	METHOD_POINTER:UNKNOWN_CLASS_SOURCE:CLASS_NOT_AN_INTERFACE_POINTER	[Add]
Newtonsoft.Json.Linq.JContainer::get_Last	CALL	v43 @ X0_v3 (System.Collections.Generic.IList`1<Newtonsoft.Json.Linq.JToken>)	[v49 @ X8_v5 (System.Int32)]	0			RUNTIME_DISPATCH		UNRESOLVED	METHOD_POINTER:UNKNOWN_CLASS_SOURCE:CLASS_NOT_AN_INTERFACE_POINTER	[Add]
Newtonsoft.Json.Linq.JContainer::get_Last	TAIL	v43 @ X0_v3 (System.Collections.Generic.IList`1<Newtonsoft.Json.Linq.JToken>)	[v260 @ X8_v10 (System.Int32)]	0			RUNTIME_DISPATCH		UNRESOLVED	METHOD_POINTER:UNKNOWN_CLASS_SOURCE:CLASS_NOT_AN_INTERFACE_POINTER	[Add]
Newtonsoft.Json.Linq.JPropertyKeyedCollection::RemoveItem	CALL	v44 @ X21_v2 (System.Collections.Generic.IList`1<Newtonsoft.Json.Linq.JToken>)	[v50 @ X8_v6 (System.Int32)]	0			RUNTIME_DISPATCH		UNRESOLVED	METHOD_POINTER:UNKNOWN_CLASS_SOURCE:CLASS_NOT_AN_INTERFACE_POINTER	[Add]
Newtonsoft.Json.Linq.JPropertyKeyedCollection::SetItem	CALL	v191 @ X24_v7	[v426 @ X8_v24 (System.Int32)]	0			RUNTIME_DISPATCH		UNRESOLVED	METHOD_POINTER:UNKNOWN_CLASS_SOURCE:CLASS_NOT_AN_INTERFACE_POINTER	[Add]
Newtonsoft.Json.Linq.JPropertyKeyedCollection::SetItem	CALL	v107 @ X23_v4 (System.Collections.Generic.IList`1<Newtonsoft.Json.Linq.JToken>)	[v276 @ X8_v11 (System.Int32)]	0			RUNTIME_DISPATCH		UNRESOLVED	METHOD_POINTER:UNKNOWN_CLASS_SOURCE:CLASS_NOT_AN_INTERFACE_POINTER	[Add]
Newtonsoft.Json.Linq.JContainer::InsertItem	CALL	v59 @ X0_v3 (System.Collections.Generic.IList`1<Newtonsoft.Json.Linq.JToken>)	[v66 @ X26_v3 (System.Int32)]	0			RUNTIME_DISPATCH		UNRESOLVED	METHOD_POINTER:UNKNOWN_CLASS_SOURCE:CLASS_NOT_AN_INTERFACE_POINTER	[Add]
Newtonsoft.Json.Linq.JContainer::InsertItem	CALL	v59 @ X0_v3 (System.Collections.Generic.IList`1<Newtonsoft.Json.Linq.JToken>)	v484 @ X1_v28	0			RUNTIME_DISPATCH		UNRESOLVED	METHOD_POINTER:UNKNOWN_CLASS_SOURCE:CLASS_NOT_AN_INTERFACE_POINTER	{[Add] | {[Add] | [Add]} | [Add]}
Newtonsoft.Json.Linq.JContainer::InsertItem	CALL	v59 @ X0_v3 (System.Collections.Generic.IList`1<Newtonsoft.Json.Linq.JToken>)	[v621 @ X25_v5 (System.Int32)]	0			RUNTIME_DISPATCH		UNRESOLVED	METHOD_POINTER:UNKNOWN_CLASS_SOURCE:CLASS_NOT_AN_INTERFACE_POINTER	[{Add | {{Add | DEFINED_5_TIMES} | {Add | DEFINED_5_TIMES} | {Add | DEFINED_5_TIMES} | {Add | DEFINED_5_TIMES} | {Add | DEFINED_5_TIMES}}}]
Newtonsoft.Json.Linq.JContainer::InsertItem	CALL	v59 @ X0_v3 (System.Collections.Generic.IList`1<Newtonsoft.Json.Linq.JToken>)	[v621 @ X25_v5 (System.Int32)]	0			RUNTIME_DISPATCH		UNRESOLVED	METHOD_POINTER:UNKNOWN_CLASS_SOURCE:CLASS_NOT_AN_INTERFACE_POINTER	[{Add | {{Add | DEFINED_5_TIMES} | {Add | DEFINED_5_TIMES} | {Add | DEFINED_5_TIMES} | {Add | DEFINED_5_TIMES} | {Add | DEFINED_5_TIMES}}}]
Newtonsoft.Json.Linq.JContainer::InsertItem	CALL	v59 @ X0_v3 (System.Collections.Generic.IList`1<Newtonsoft.Json.Linq.JToken>)	[v80 @ X25_v2 (System.Int32)]	3			RUNTIME_DISPATCH		UNRESOLVED	METHOD_POINTER:UNKNOWN_CLASS_SOURCE:CLASS_NOT_AN_INTERFACE_POINTER	[{{Add | {DEFINED_2_TIMES | DEFINED_2_TIMES | DEFINED_2_TIMES | DEFINED_2_TIMES | DEFINED_2_TIMES}} | {Add | {DEFINED_2_TIMES | DEFINED_2_TIMES | DEFINED_2_TIMES | DEFINED_2_TIMES | DEFINED_2_TIMES}} | {Add | {DEFINED_2_TIMES | DEFINED_2_TIMES | DEFINED_2_TIMES | DEFINED_2_TIMES | DEFINED_2_TIMES}} | {Add | {DEFINED_2_TIMES | DEFINED_2_TIMES | DEFINED_2_TIMES | DEFINED_2_TIMES | DEFINED_2_TIMES}} | {Add | {DEFINED_2_TIMES | DEFINED_2_TIMES | DEFINED_2_TIMES | DEFINED_2_TIMES | DEFINED_2_TIMES}}}]
Newtonsoft.Json.Serialization.TraceJsonReader::Newtonsoft.Json.IJsonLineInfo.HasLineInfo	TAIL	returnVal1 @ X0_v3 (System.Boolean)	[v19 @ X20_v2 (System.Int32)]	0			RUNTIME_DISPATCH		UNRESOLVED	METHOD_POINTER:UNKNOWN_CLASS_SOURCE:CLASS_NOT_AN_INTERFACE_POINTER	[Add]
Newtonsoft.Json.Serialization.TraceJsonReader::Newtonsoft.Json.IJsonLineInfo.get_LineNumber	TAIL	returnVal1 @ X0_v3 (System.Int32)	[v19 @ X20_v2 (System.Int32)]	1			RUNTIME_DISPATCH		UNRESOLVED	METHOD_POINTER:UNKNOWN_CLASS_SOURCE:CLASS_NOT_AN_INTERFACE_POINTER	[Add]
Newtonsoft.Json.Serialization.TraceJsonReader::Newtonsoft.Json.IJsonLineInfo.get_LinePosition	TAIL	returnVal1 @ X0_v3 (System.Int32)	[v19 @ X20_v2 (System.Int32)]	2			RUNTIME_DISPATCH		UNRESOLVED	METHOD_POINTER:UNKNOWN_CLASS_SOURCE:CLASS_NOT_AN_INTERFACE_POINTER	[Add]
Newtonsoft.Json.Linq.JRaw::Create	CALL	v304 @ X21_v12	[v64 @ X22_v2 (System.Int32)]	0			RUNTIME_DISPATCH		UNRESOLVED	METHOD_POINTER:UNKNOWN_CLASS_SOURCE:CLASS_NOT_AN_INTERFACE_POINTER	[Add]
Newtonsoft.Json.Linq.JRaw::Create	CALL	[v387 @ X8_v12]	[v64 @ X22_v2 (System.Int32)]	0			RUNTIME_DISPATCH		UNRESOLVED	METHOD_POINTER:UNKNOWN_CLASS_SOURCE:CLASS_NOT_AN_INTERFACE_POINTER	[Add]
Newtonsoft.Json.Linq.JToken::System.Collections.IEnumerable.GetEnumerator	TAIL	this @ X0 (Newtonsoft.Json.Linq.JToken)	[v19 @ X21_v2 (System.Int32)]	0			RUNTIME_DISPATCH		UNRESOLVED	METHOD_POINTER:UNKNOWN_CLASS_SOURCE:CLASS_NOT_AN_INTERFACE_POINTER	[Add]
Newtonsoft.Json.Linq.JToken::get_Path	CALL	v452 @ X0_v33	[v68 @ X26_v4 (System.Int32)]	2			RUNTIME_DISPATCH		UNRESOLVED	METHOD_POINTER:UNKNOWN_CLASS_SOURCE:CLASS_NOT_AN_INTERFACE_POINTER	[Add]
Newtonsoft.Json.Linq.JToken::ToString	CALL	[v166 @ X8_v18]	[v233 @ X8_v11 (System.Int32)]	0			RUNTIME_DISPATCH		UNRESOLVED	METHOD_POINTER:UNKNOWN_CLASS_SOURCE:CLASS_NOT_AN_INTERFACE_POINTER	[Add]
Newtonsoft.Json.Linq.JContainer::RemoveItemAt	CALL	v56 @ X0_v3 (System.Collections.Generic.IList`1<Newtonsoft.Json.Linq.JToken>)	[v132 @ X24_v5 (System.Int32)]	0			RUNTIME_DISPATCH		UNRESOLVED	METHOD_POINTER:UNKNOWN_CLASS_SOURCE:CLASS_NOT_AN_INTERFACE_POINTER	[Add]
Newtonsoft.Json.Linq.JContainer::RemoveItemAt	CALL	v56 @ X0_v3 (System.Collections.Generic.IList`1<Newtonsoft.Json.Linq.JToken>)	[v142 @ X25_v5 (System.Int32)]	0			RUNTIME_DISPATCH		UNRESOLVED	METHOD_POINTER:UNKNOWN_CLASS_SOURCE:CLASS_NOT_AN_INTERFACE_POINTER	[Add]
Newtonsoft.Json.Linq.JContainer::RemoveItemAt	CALL	v56 @ X0_v3 (System.Collections.Generic.IList`1<Newtonsoft.Json.Linq.JToken>)	v661 @ X1_v32	0			RUNTIME_DISPATCH		UNRESOLVED	METHOD_POINTER:UNKNOWN_CLASS_SOURCE:CLASS_NOT_AN_INTERFACE_POINTER	{[Add] | {[Add] | [Add]} | [Add]}
Newtonsoft.Json.Linq.JContainer::RemoveItemAt	CALL	v56 @ X0_v3 (System.Collections.Generic.IList`1<Newtonsoft.Json.Linq.JToken>)	[v142 @ X25_v5 (System.Int32)]	4			RUNTIME_DISPATCH		UNRESOLVED	METHOD_POINTER:UNKNOWN_CLASS_SOURCE:CLASS_NOT_AN_INTERFACE_POINTER	[Add]
Newtonsoft.Json.Linq.JContainer::RemoveItemAt	CALL	v56 @ X0_v3 (System.Collections.Generic.IList`1<Newtonsoft.Json.Linq.JToken>)	[v142 @ X25_v5 (System.Int32)]	0			RUNTIME_DISPATCH		UNRESOLVED	METHOD_POINTER:UNKNOWN_CLASS_SOURCE:CLASS_NOT_AN_INTERFACE_POINTER	[Add]
Newtonsoft.Json.Linq.JContainer::RemoveItemAt	CALL	v56 @ X0_v3 (System.Collections.Generic.IList`1<Newtonsoft.Json.Linq.JToken>)	[v142 @ X25_v5 (System.Int32)]	0			RUNTIME_DISPATCH		UNRESOLVED	METHOD_POINTER:UNKNOWN_CLASS_SOURCE:CLASS_NOT_AN_INTERFACE_POINTER	[Add]
Newtonsoft.Json.Serialization.DefaultContractResolver::CreateShouldSerializeTest	CALL	[v227 @ X8_v22+140]	v225 @ X1_v12	0			RUNTIME_DISPATCH		UNRESOLVED	METHOD_POINTER:UNKNOWN_CLASS_SOURCE:CLASS_NOT_AN_INTERFACE_POINTER	[Add]
Newtonsoft.Json.Linq.JContainer::GetItem	TAIL	v47 @ X0_v3 (System.Collections.Generic.IList`1<Newtonsoft.Json.Linq.JToken>)	[v51 @ X8_v5 (System.Int32)]	0			RUNTIME_DISPATCH		UNRESOLVED	METHOD_POINTER:UNKNOWN_CLASS_SOURCE:CLASS_NOT_AN_INTERFACE_POINTER	[Add]
Newtonsoft.Json.Linq.JToken::ToObject	CALL	v310 @ X21_v9	[v319 @ X8_v12 (System.Int32)]	0			RUNTIME_DISPATCH		UNRESOLVED	METHOD_POINTER:UNKNOWN_CLASS_SOURCE:CLASS_NOT_AN_INTERFACE_POINTER	[Add]
Newtonsoft.Json.Linq.JValue::ToString	TAIL	v56 @ X0_v4	[v54 @ X23_v3 (System.Int32)]	0			RUNTIME_DISPATCH		UNRESOLVED	METHOD_POINTER:UNKNOWN_CLASS_SOURCE:CLASS_NOT_AN_INTERFACE_POINTER	[Add]
Newtonsoft.Json.Linq.JToken::SetLineInfo	CALL	lineInfo @ X1 (Newtonsoft.Json.IJsonLineInfo)	[v127 @ X22_v5 (System.Int32)]	0			RUNTIME_DISPATCH		UNRESOLVED	METHOD_POINTER:UNKNOWN_CLASS_SOURCE:CLASS_NOT_AN_INTERFACE_POINTER	[Add]
Newtonsoft.Json.Linq.JToken::SetLineInfo	CALL	lineInfo @ X1 (Newtonsoft.Json.IJsonLineInfo)	[v127 @ X22_v5 (System.Int32)]	1			RUNTIME_DISPATCH		UNRESOLVED	METHOD_POINTER:UNKNOWN_CLASS_SOURCE:CLASS_NOT_AN_INTERFACE_POINTER	[Add]
Newtonsoft.Json.Linq.JToken::SetLineInfo	CALL	lineInfo @ X1 (Newtonsoft.Json.IJsonLineInfo)	[v127 @ X22_v5 (System.Int32)]	2			RUNTIME_DISPATCH		UNRESOLVED	METHOD_POINTER:UNKNOWN_CLASS_SOURCE:CLASS_NOT_AN_INTERFACE_POINTER	[Add]
Newtonsoft.Json.Linq.JValue::System.IConvertible.GetTypeCode	TAIL	v43 @ X0_v4	[v41 @ X20_v5 (System.Int32)]	0			RUNTIME_DISPATCH		UNRESOLVED	METHOD_POINTER:UNKNOWN_CLASS_SOURCE:CLASS_NOT_AN_INTERFACE_POINTER	[Add]
Newtonsoft.Json.Linq.JContainer::SetItem	CALL	v57 @ X0_v3 (System.Collections.Generic.IList`1<Newtonsoft.Json.Linq.JToken>)	[v430 @ X25_v6 (Newtonsoft.Json.Linq.JToken)]	0			RUNTIME_DISPATCH		UNRESOLVED	METHOD_POINTER:UNKNOWN_CLASS_SOURCE:CLASS_NOT_AN_INTERFACE_POINTER	[{Add | self | self}]
Newtonsoft.Json.Linq.JContainer::SetItem	CALL	v57 @ X0_v3 (System.Collections.Generic.IList`1<Newtonsoft.Json.Linq.JToken>)	v898 @ X1_v37 (Il2CppClass<Newtonsoft.Json.Linq.JToken>)	0			RUNTIME_DISPATCH		UNRESOLVED	METHOD_POINTER:TYPED_CLASS_LOCAL:CLASS_NOT_AN_INTERFACE_POINTER	{[{Add | self | self}] | {[{Add | self | self}] | [{Add | self | self}]} | [{Add | self | self}]}
Newtonsoft.Json.Linq.JContainer::SetItem	CALL	v57 @ X0_v3 (System.Collections.Generic.IList`1<Newtonsoft.Json.Linq.JToken>)	[v99 @ X26_v4 (System.Int32)]	1			RUNTIME_DISPATCH		UNRESOLVED	METHOD_POINTER:UNKNOWN_CLASS_SOURCE:CLASS_NOT_AN_INTERFACE_POINTER	[{Add | self | self}]
Newtonsoft.Json.Linq.JContainer::SetItem	CALL	v57 @ X0_v3 (System.Collections.Generic.IList`1<Newtonsoft.Json.Linq.JToken>)	[v99 @ X26_v4 (System.Int32)]	0			RUNTIME_DISPATCH		UNRESOLVED	METHOD_POINTER:UNKNOWN_CLASS_SOURCE:CLASS_NOT_AN_INTERFACE_POINTER	[{Add | self | self}]
Newtonsoft.Json.Linq.JContainer::SetItem	CALL	v57 @ X0_v3 (System.Collections.Generic.IList`1<Newtonsoft.Json.Linq.JToken>)	[v99 @ X26_v4 (System.Int32)]	0			RUNTIME_DISPATCH		UNRESOLVED	METHOD_POINTER:UNKNOWN_CLASS_SOURCE:CLASS_NOT_AN_INTERFACE_POINTER	[{Add | self | self}]
Newtonsoft.Json.Linq.JContainer::SetItem	CALL	v57 @ X0_v3 (System.Collections.Generic.IList`1<Newtonsoft.Json.Linq.JToken>)	[v99 @ X26_v4 (System.Int32)]	0			RUNTIME_DISPATCH		UNRESOLVED	METHOD_POINTER:UNKNOWN_CLASS_SOURCE:CLASS_NOT_AN_INTERFACE_POINTER	[{Add | self | self}]
Newtonsoft.Json.Linq.JTokenReader::Newtonsoft.Json.IJsonLineInfo.HasLineInfo	TAIL	this._current (Newtonsoft.Json.Linq.JToken)	[v50 @ X8_v5 (System.Int32)]	0			RUNTIME_DISPATCH		UNRESOLVED	METHOD_POINTER:UNKNOWN_CLASS_SOURCE:CLASS_NOT_AN_INTERFACE_POINTER	[Add]
Newtonsoft.Json.Linq.JContainer::ClearItems	CALL	v236 @ X20_v9 (System.Collections.Generic.IList`1<Newtonsoft.Json.Linq.JToken>)	[v187 @ X25_v1 (System.Int32)]	3			RUNTIME_DISPATCH		UNRESOLVED	METHOD_POINTER:UNKNOWN_CLASS_SOURCE:CLASS_NOT_AN_INTERFACE_POINTER	[{{Add | {DEFINED_2_TIMES | self | DEFINED_2_TIMES}} | self | {Add | {DEFINED_2_TIMES | self | DEFINED_2_TIMES}}}]
Newtonsoft.Json.Linq.JContainer::ClearItems	CALL	v64 @ X0_v4 (System.Collections.Generic.IList`1<Newtonsoft.Json.Linq.JToken>)	[v71 @ X8_v26 (System.Int32)]	0			RUNTIME_DISPATCH		UNRESOLVED	METHOD_POINTER:UNKNOWN_CLASS_SOURCE:CLASS_NOT_AN_INTERFACE_POINTER	[Add]
Newtonsoft.Json.Linq.JContainer::ClearItems	CALL	v297 @ X0_v46	[v98 @ X22_v8 (System.Int32)]	0			RUNTIME_DISPATCH		UNRESOLVED	METHOD_POINTER:UNKNOWN_CLASS_SOURCE:CLASS_NOT_AN_INTERFACE_POINTER	[Add]
Newtonsoft.Json.Linq.JContainer::ClearItems	CALL	v297 @ X0_v46	[v88 @ X27_v7 (System.Int32)]	0			RUNTIME_DISPATCH		UNRESOLVED	METHOD_POINTER:UNKNOWN_CLASS_SOURCE:CLASS_NOT_AN_INTERFACE_POINTER	[Add]
Newtonsoft.Json.Linq.JContainer::ClearItems	CALL	v452 @ X22_v6	[v447 @ X26_v5 (System.Int32)]	0			RUNTIME_DISPATCH		UNRESOLVED	METHOD_POINTER:UNKNOWN_CLASS_SOURCE:CLASS_NOT_AN_INTERFACE_POINTER	[{Add | {{Add | DEFINED_3_TIMES} | self | {Add | DEFINED_3_TIMES}}}]
Newtonsoft.Json.Linq.JTokenReader::Newtonsoft.Json.IJsonLineInfo.get_LineNumber	TAIL	this._current (Newtonsoft.Json.Linq.JToken)	[v50 @ X8_v5 (System.Int32)]	1			RUNTIME_DISPATCH		UNRESOLVED	METHOD_POINTER:UNKNOWN_CLASS_SOURCE:CLASS_NOT_AN_INTERFACE_POINTER	[Add]
Newtonsoft.Json.Linq.JTokenReader::Newtonsoft.Json.IJsonLineInfo.get_LinePosition	TAIL	this._current (Newtonsoft.Json.Linq.JToken)	[v50 @ X8_v5 (System.Int32)]	2			RUNTIME_DISPATCH		UNRESOLVED	METHOD_POINTER:UNKNOWN_CLASS_SOURCE:CLASS_NOT_AN_INTERFACE_POINTER	[Add]
Newtonsoft.Json.Linq.JContainer::CopyItemsTo	CALL	v258 @ X0_v71 (System.Collections.Generic.IList`1<Newtonsoft.Json.Linq.JToken>)	[v269 @ X8_v22 (System.Int32)]	0			RUNTIME_DISPATCH		UNRESOLVED	METHOD_POINTER:UNKNOWN_CLASS_SOURCE:CLASS_NOT_AN_INTERFACE_POINTER	[Add]
Newtonsoft.Json.Linq.JContainer::CopyItemsTo	CALL	v313 @ X0_v86 (System.Collections.Generic.IList`1<Newtonsoft.Json.Linq.JToken>)	[v515 @ X8_v29 (System.Int32)]	0			RUNTIME_DISPATCH		UNRESOLVED	METHOD_POINTER:UNKNOWN_CLASS_SOURCE:CLASS_NOT_AN_INTERFACE_POINTER	[Add]
Newtonsoft.Json.Linq.JContainer::CopyItemsTo	CALL	v695 @ X21_v15	[v622 @ X23_v13 (System.Int32)]	0			RUNTIME_DISPATCH		UNRESOLVED	METHOD_POINTER:UNKNOWN_CLASS_SOURCE:CLASS_NOT_AN_INTERFACE_POINTER	[Add]
Newtonsoft.Json.Linq.JContainer::CopyItemsTo	CALL	v611 @ X0_v89	[v624 @ X24_v13 (System.Int32)]	0			RUNTIME_DISPATCH		UNRESOLVED	METHOD_POINTER:UNKNOWN_CLASS_SOURCE:CLASS_NOT_AN_INTERFACE_POINTER	[Add]
Newtonsoft.Json.Linq.JContainer::CopyItemsTo	CALL	v745 @ X20_v9	[v750 @ X8_v12 (System.Int32)]	0			RUNTIME_DISPATCH		UNRESOLVED	METHOD_POINTER:UNKNOWN_CLASS_SOURCE:CLASS_NOT_AN_INTERFACE_POINTER	[Add]
Newtonsoft.Json.Linq.JContainer::Add	CALL	v47 @ X0_v3 (System.Collections.Generic.IList`1<Newtonsoft.Json.Linq.JToken>)	[v51 @ X8_v5 (System.Int32)]	0			RUNTIME_DISPATCH		UNRESOLVED	METHOD_POINTER:UNKNOWN_CLASS_SOURCE:CLASS_NOT_AN_INTERFACE_POINTER	[Add]
Newtonsoft.Json.Converters.DataSetConverter::WriteJson	CALL	v86 @ stack_-58_v8	[v101 @ X25_v9 (System.Int32)]	0			RUNTIME_DISPATCH		UNRESOLVED	METHOD_POINTER:UNKNOWN_CLASS_SOURCE:CLASS_NOT_AN_INTERFACE_POINTER	[Add]
Newtonsoft.Json.Converters.DataSetConverter::WriteJson	CALL	v86 @ stack_-58_v8	[v101 @ X25_v9 (System.Int32)]	1			RUNTIME_DISPATCH		UNRESOLVED	METHOD_POINTER:UNKNOWN_CLASS_SOURCE:CLASS_NOT_AN_INTERFACE_POINTER	[Add]
Newtonsoft.Json.Converters.DataSetConverter::WriteJson	CALL	v568 @ X0_v24	[v539 @ X24_v6 (System.Int32)]	0			RUNTIME_DISPATCH		UNRESOLVED	METHOD_POINTER:UNKNOWN_CLASS_SOURCE:CLASS_NOT_AN_INTERFACE_POINTER	[{Add | Add | {{Add | Add | DEFINED_3_TIMES} | self | {Add | Add | DEFINED_3_TIMES}}}]
Newtonsoft.Json.Linq.JContainer::TryAdd	CALL	v47 @ X0_v3 (System.Collections.Generic.IList`1<Newtonsoft.Json.Linq.JToken>)	[v51 @ X8_v5 (System.Int32)]	0			RUNTIME_DISPATCH		UNRESOLVED	METHOD_POINTER:UNKNOWN_CLASS_SOURCE:CLASS_NOT_AN_INTERFACE_POINTER	[Add]
Newtonsoft.Json.Linq.JContainer::AddAndSkipParentCheck	CALL	v47 @ X0_v3 (System.Collections.Generic.IList`1<Newtonsoft.Json.Linq.JToken>)	[v51 @ X8_v5 (System.Int32)]	0			RUNTIME_DISPATCH		UNRESOLVED	METHOD_POINTER:UNKNOWN_CLASS_SOURCE:CLASS_NOT_AN_INTERFACE_POINTER	[Add]
Newtonsoft.Json.Converters.XContainerWrapper::AppendChild	CALL	newChild @ X1 (Newtonsoft.Json.Converters.IXmlNode)	[v171 @ X8_v6 (System.Int32)]	8			RUNTIME_DISPATCH		UNRESOLVED	METHOD_POINTER:UNKNOWN_CLASS_SOURCE:CLASS_NOT_AN_INTERFACE_POINTER	[Add]
Newtonsoft.Json.Converters.XmlNodeWrapper::get_ChildNodes	CALL	v478 @ X20_v14 (System.Collections.IEnumerator)	[v364 @ X21_v12 (System.Int32)]	0			RUNTIME_DISPATCH		UNRESOLVED	METHOD_POINTER:UNKNOWN_CLASS_SOURCE:CLASS_NOT_AN_INTERFACE_POINTER	[Add]
Newtonsoft.Json.Converters.XmlNodeWrapper::get_ChildNodes	CALL	v183 @ stack_-48_v7 (System.Collections.IEnumerator)	[v364 @ X21_v12 (System.Int32)]	1			RUNTIME_DISPATCH		UNRESOLVED	METHOD_POINTER:UNKNOWN_CLASS_SOURCE:CLASS_NOT_AN_INTERFACE_POINTER	[Add]
Newtonsoft.Json.Converters.XmlNodeWrapper::get_ChildNodes	CALL	v379 @ X0_v7	[v96 @ X23_v5 (System.Int32)]	0			RUNTIME_DISPATCH		UNRESOLVED	METHOD_POINTER:UNKNOWN_CLASS_SOURCE:CLASS_NOT_AN_INTERFACE_POINTER	[Add]
Newtonsoft.Json.Linq.JContainer::TryAddInternal	CALL	v300 @ X0_v39	v132 @ X25_v4 (System.Int32)	0			RUNTIME_DISPATCH		UNRESOLVED	METHOD_POINTER:UNKNOWN_CLASS_SOURCE:CLASS_NOT_AN_INTERFACE_POINTER	{Add | [{Add | [DEFINED_2_TIMES]}]}
Newtonsoft.Json.Linq.JContainer::TryAddInternal	CALL	v521 @ X23_v12	[v451 @ X24_v14 (System.Int32)]	0			RUNTIME_DISPATCH		UNRESOLVED	METHOD_POINTER:UNKNOWN_CLASS_SOURCE:CLASS_NOT_AN_INTERFACE_POINTER	[Add]
Newtonsoft.Json.Linq.JContainer::TryAddInternal	CALL	v80 @ stack_-58_v7	[v451 @ X24_v14 (System.Int32)]	1			RUNTIME_DISPATCH		UNRESOLVED	METHOD_POINTER:UNKNOWN_CLASS_SOURCE:CLASS_NOT_AN_INTERFACE_POINTER	[Add]
Newtonsoft.Json.Linq.JContainer::TryAddInternal	CALL	v569 @ X0_v8	[v346 @ X22_v5 (System.Int32)]	0			RUNTIME_DISPATCH		UNRESOLVED	METHOD_POINTER:UNKNOWN_CLASS_SOURCE:CLASS_NOT_AN_INTERFACE_POINTER	[Add]
Newtonsoft.Json.Converters.DataTableConverter::WriteJson	CALL	v98 @ stack_-68_v7	[v119 @ X26_v8 (System.Int32)]	0			RUNTIME_DISPATCH		UNRESOLVED	METHOD_POINTER:UNKNOWN_CLASS_SOURCE:CLASS_NOT_AN_INTERFACE_POINTER	[Add]
Newtonsoft.Json.Converters.DataTableConverter::WriteJson	CALL	v98 @ stack_-68_v7	[v119 @ X26_v8 (System.Int32)]	1			RUNTIME_DISPATCH		UNRESOLVED	METHOD_POINTER:UNKNOWN_CLASS_SOURCE:CLASS_NOT_AN_INTERFACE_POINTER	[Add]
Newtonsoft.Json.Converters.DataTableConverter::WriteJson	CALL	v1041 @ X23_v13 (System.Collections.IEnumerator)	[v119 @ X26_v8 (System.Int32)]	0			RUNTIME_DISPATCH		UNRESOLVED	METHOD_POINTER:UNKNOWN_CLASS_SOURCE:CLASS_NOT_AN_INTERFACE_POINTER	[Add]
Newtonsoft.Json.Converters.DataTableConverter::WriteJson	CALL	v1015 @ X0_v56 (System.Collections.IEnumerator)	[v119 @ X26_v8 (System.Int32)]	1			RUNTIME_DISPATCH		UNRESOLVED	METHOD_POINTER:UNKNOWN_CLASS_SOURCE:CLASS_NOT_AN_INTERFACE_POINTER	[Add]
Newtonsoft.Json.Converters.DataTableConverter::WriteJson	CALL	v1130 @ X0_v62	[v442 @ X25_v1 (System.Int32)]	0			RUNTIME_DISPATCH		UNRESOLVED	METHOD_POINTER:UNKNOWN_CLASS_SOURCE:CLASS_NOT_AN_INTERFACE_POINTER	[Add]
Newtonsoft.Json.Converters.DataTableConverter::WriteJson	CALL	v805 @ X0_v4	[v442 @ X25_v1 (System.Int32)]	0			RUNTIME_DISPATCH		UNRESOLVED	METHOD_POINTER:UNKNOWN_CLASS_SOURCE:CLASS_NOT_AN_INTERFACE_POINTER	[Add]
Newtonsoft.Json.Converters.XmlNodeWrapper::get_Attributes	CALL	v633 @ X20_v14 (System.Collections.IEnumerator)	[v473 @ X21_v13 (System.Int32)]	0			RUNTIME_DISPATCH		UNRESOLVED	METHOD_POINTER:UNKNOWN_CLASS_SOURCE:CLASS_NOT_AN_INTERFACE_POINTER	[Add]
Newtonsoft.Json.Converters.XmlNodeWrapper::get_Attributes	CALL	v252 @ stack_-48_v7 (System.Collections.IEnumerator)	[v473 @ X21_v13 (System.Int32)]	1			RUNTIME_DISPATCH		UNRESOLVED	METHOD_POINTER:UNKNOWN_CLASS_SOURCE:CLASS_NOT_AN_INTERFACE_POINTER	[Add]
Newtonsoft.Json.Converters.XmlNodeWrapper::get_Attributes	CALL	v484 @ X0_v8	[v63 @ X23_v5 (System.Int32)]	0			RUNTIME_DISPATCH		UNRESOLVED	METHOD_POINTER:UNKNOWN_CLASS_SOURCE:CLASS_NOT_AN_INTERFACE_POINTER	[Add]
Newtonsoft.Json.Converters.DataTableConverter::CreateRow	CALL	v698 @ X0_v53	[v747 @ X8_v45 (System.Int32)]	0			RUNTIME_DISPATCH		UNRESOLVED	METHOD_POINTER:UNKNOWN_CLASS_SOURCE:CLASS_NOT_AN_INTERFACE_POINTER	[Add]
Newtonsoft.Json.Converters.XDocumentWrapper::get_ChildNodes	CALL	v180 @ X0_v21 (Newtonsoft.Json.Converters.IXmlNode)	[v361 @ X8_v24 (System.Int32)]	0			RUNTIME_DISPATCH		UNRESOLVED	METHOD_POINTER:UNKNOWN_CLASS_SOURCE:CLASS_NOT_AN_INTERFACE_POINTER	[Add]
Newtonsoft.Json.Linq.JContainer::System.Collections.IList.Add	CALL	v50 @ X0_v6 (System.Collections.Generic.IList`1<Newtonsoft.Json.Linq.JToken>)	[v54 @ X8_v6 (System.Int32)]	0			RUNTIME_DISPATCH		UNRESOLVED	METHOD_POINTER:UNKNOWN_CLASS_SOURCE:CLASS_NOT_AN_INTERFACE_POINTER	[Add]
Newtonsoft.Json.Linq.JContainer::get_Count	TAIL	v42 @ X0_v3 (System.Collections.Generic.IList`1<Newtonsoft.Json.Linq.JToken>)	[v46 @ X8_v5 (System.Int32)]	0			RUNTIME_DISPATCH		UNRESOLVED	METHOD_POINTER:UNKNOWN_CLASS_SOURCE:CLASS_NOT_AN_INTERFACE_POINTER	[Add]
Newtonsoft.Json.Converters.XElementWrapper::get_Attributes	CALL	v384 @ X0_v50 (System.Collections.Generic.IEnumerable`1<System.Xml.Linq.XAttribute>)	[v703 @ X8_v44 (System.Int32)]	0			RUNTIME_DISPATCH		UNRESOLVED	METHOD_POINTER:UNKNOWN_CLASS_SOURCE:CLASS_NOT_AN_INTERFACE_POINTER	[Add]
Newtonsoft.Json.Converters.XElementWrapper::get_Attributes	CALL	v850 @ X21_v17	[v552 @ X24_v11 (System.Int32)]	0			RUNTIME_DISPATCH		UNRESOLVED	METHOD_POINTER:UNKNOWN_CLASS_SOURCE:CLASS_NOT_AN_INTERFACE_POINTER	[Add]
Newtonsoft.Json.Converters.XElementWrapper::get_Attributes	CALL	v790 @ X0_v53	[v550 @ X25_v11 (System.Int32)]	0			RUNTIME_DISPATCH		UNRESOLVED	METHOD_POINTER:UNKNOWN_CLASS_SOURCE:CLASS_NOT_AN_INTERFACE_POINTER	[Add]
Newtonsoft.Json.Converters.XElementWrapper::get_Attributes	CALL	v585 @ X22_v9	[v595 @ X8_v22 (System.Int32)]	0			RUNTIME_DISPATCH		UNRESOLVED	METHOD_POINTER:UNKNOWN_CLASS_SOURCE:CLASS_NOT_AN_INTERFACE_POINTER	[Add]
Newtonsoft.Json.Linq.JEnumerable`1::GetEnumerator	CALL	v33 @ X20_v2 (System.Collections.Generic.IEnumerable`1<T>)	v186 @ X1_v4 (Il2CppClass<System.Collections.Generic.IEnumerable`1<T>>)	0	System.Collections.Generic.IEnumerable`1::GetEnumerator	0x06002DF6	RUNTIME_DISPATCH	T	EXACT	lookup(receiver, interface class, slot) reaches the dispatch pointer; slot = Il2CppMethodDefinition.slot
Newtonsoft.Json.Converters.XContainerWrapper::get_ChildNodes	CALL	v316 @ X0_v41 (System.Collections.Generic.IEnumerable`1<System.Xml.Linq.XNode>)	[v371 @ X8_v33 (System.Int32)]	0			RUNTIME_DISPATCH		UNRESOLVED	METHOD_POINTER:UNKNOWN_CLASS_SOURCE:CLASS_NOT_AN_INTERFACE_POINTER	[Add]
Newtonsoft.Json.Converters.XContainerWrapper::get_ChildNodes	CALL	v632 @ X20_v17	[v521 @ X21_v14 (System.Int32)]	0			RUNTIME_DISPATCH		UNRESOLVED	METHOD_POINTER:UNKNOWN_CLASS_SOURCE:CLASS_NOT_AN_INTERFACE_POINTER	[Add]
Newtonsoft.Json.Converters.XContainerWrapper::get_ChildNodes	CALL	v463 @ X0_v44	[v474 @ X22_v11 (System.Int32)]	0			RUNTIME_DISPATCH		UNRESOLVED	METHOD_POINTER:UNKNOWN_CLASS_SOURCE:CLASS_NOT_AN_INTERFACE_POINTER	[Add]
Newtonsoft.Json.Converters.XContainerWrapper::get_ChildNodes	CALL	v499 @ X21_v9	[v514 @ X8_v20 (System.Int32)]	0			RUNTIME_DISPATCH		UNRESOLVED	METHOD_POINTER:UNKNOWN_CLASS_SOURCE:CLASS_NOT_AN_INTERFACE_POINTER	[Add]
Newtonsoft.Json.Converters.XElementWrapper::HasImplicitNamespaceAttribute	CALL	v65 @ X0_v8 (Newtonsoft.Json.Converters.IXmlNode)	[v334 @ X8_v59 (System.Int32)]	7			RUNTIME_DISPATCH		UNRESOLVED	METHOD_POINTER:UNKNOWN_CLASS_SOURCE:CLASS_NOT_AN_INTERFACE_POINTER	[Add]
Newtonsoft.Json.Converters.XElementWrapper::HasImplicitNamespaceAttribute	CALL	v491 @ X0_v46 (System.Collections.Generic.IEnumerable`1<System.Xml.Linq.XAttribute>)	[v737 @ X8_v39 (System.Int32)]	0			RUNTIME_DISPATCH		UNRESOLVED	METHOD_POINTER:UNKNOWN_CLASS_SOURCE:CLASS_NOT_AN_INTERFACE_POINTER	[Add]
Newtonsoft.Json.Converters.XElementWrapper::HasImplicitNamespaceAttribute	CALL	v944 @ X20_v15	[v583 @ X22_v16 (System.Int32)]	0			RUNTIME_DISPATCH		UNRESOLVED	METHOD_POINTER:UNKNOWN_CLASS_SOURCE:CLASS_NOT_AN_INTERFACE_POINTER	[Add]
Newtonsoft.Json.Converters.XElementWrapper::HasImplicitNamespaceAttribute	CALL	v556 @ X0_v49	[v573 @ X23_v11 (System.Int32)]	0			RUNTIME_DISPATCH		UNRESOLVED	METHOD_POINTER:UNKNOWN_CLASS_SOURCE:CLASS_NOT_AN_INTERFACE_POINTER	[Add]
Newtonsoft.Json.Converters.XElementWrapper::HasImplicitNamespaceAttribute	CALL	v773 @ X19_v10	[v776 @ X8_v22 (System.Int32)]	0			RUNTIME_DISPATCH		UNRESOLVED	METHOD_POINTER:UNKNOWN_CLASS_SOURCE:CLASS_NOT_AN_INTERFACE_POINTER	[Add]
Newtonsoft.Json.Converters.ExpandoObjectConverter::ReadList	CALL	v53 @ X0_v3 (System.Object)	[v127 @ X23_v9 (System.Int32)]	2			RUNTIME_DISPATCH		UNRESOLVED	METHOD_POINTER:UNKNOWN_CLASS_SOURCE:CLASS_NOT_AN_INTERFACE_POINTER	[Add]
Newtonsoft.Json.Linq.JObject+<GetEnumerator>d__64::System.IDisposable.Dispose	TAIL	this.<>7__wrap1 (System.Collections.Generic.IEnumerator`1<Newtonsoft.Json.Linq.JToken>)	[v156 @ X8_v7 (System.Int32)]	0			RUNTIME_DISPATCH		UNRESOLVED	METHOD_POINTER:UNKNOWN_CLASS_SOURCE:CLASS_NOT_AN_INTERFACE_POINTER	[Add]
Newtonsoft.Json.Converters.ExpandoObjectConverter::ReadObject	CALL	v51 @ X0_v3 (System.Dynamic.ExpandoObject)	[v114 @ X24_v7 (System.Int32)]	1			RUNTIME_DISPATCH		UNRESOLVED	METHOD_POINTER:UNKNOWN_CLASS_SOURCE:CLASS_NOT_AN_INTERFACE_POINTER	[Add]
Newtonsoft.Json.Linq.JObject+<GetEnumerator>d__64::MoveNext	CALL	v70.<>7__wrap1 (System.Collections.Generic.IEnumerator`1<Newtonsoft.Json.Linq.JToken>)	[v151 @ X8_v8 (System.Int32)]	0			RUNTIME_DISPATCH		UNRESOLVED	METHOD_POINTER:UNKNOWN_CLASS_SOURCE:CLASS_NOT_AN_INTERFACE_POINTER	[Add]
Newtonsoft.Json.Linq.JObject+<GetEnumerator>d__64::MoveNext	CALL	v41.<>7__wrap1 (System.Collections.Generic.IEnumerator`1<Newtonsoft.Json.Linq.JToken>)	[v370 @ X8_v24 (System.Int32)]	0			RUNTIME_DISPATCH		UNRESOLVED	METHOD_POINTER:UNKNOWN_CLASS_SOURCE:CLASS_NOT_AN_INTERFACE_POINTER	[Add]
Newtonsoft.Json.Linq.JObject+<GetEnumerator>d__64::MoveNext	CALL	v41.<>7__wrap1 (System.Collections.Generic.IEnumerator`1<Newtonsoft.Json.Linq.JToken>)	[v415 @ X8_v17 (System.Int32)]	0			RUNTIME_DISPATCH		UNRESOLVED	METHOD_POINTER:UNKNOWN_CLASS_SOURCE:CLASS_NOT_AN_INTERFACE_POINTER	[Add]
Newtonsoft.Json.Linq.JObject+<GetEnumerator>d__64::<>m__Finally1	TAIL	this.<>7__wrap1 (System.Collections.Generic.IEnumerator`1<Newtonsoft.Json.Linq.JToken>)	[v42 @ X8_v5 (System.Int32)]	0			RUNTIME_DISPATCH		UNRESOLVED	METHOD_POINTER:UNKNOWN_CLASS_SOURCE:CLASS_NOT_AN_INTERFACE_POINTER	[Add]
Newtonsoft.Json.Converters.KeyValuePairConverter::InitializeReflectionObject	CALL	v55 @ X0_v10 (System.Type[])	[v107 @ X23_v5 (System.Int32)]	0			RUNTIME_DISPATCH		UNRESOLVED	METHOD_POINTER:UNKNOWN_CLASS_SOURCE:CLASS_NOT_AN_INTERFACE_POINTER	[Add]
Newtonsoft.Json.Converters.KeyValuePairConverter::InitializeReflectionObject	CALL	v55 @ X0_v10 (System.Type[])	[v107 @ X23_v5 (System.Int32)]	0			RUNTIME_DISPATCH		UNRESOLVED	METHOD_POINTER:UNKNOWN_CLASS_SOURCE:CLASS_NOT_AN_INTERFACE_POINTER	[Add]
Newtonsoft.Json.Converters.KeyValuePairConverter::ReadJson	CALL	v191 @ X0_v27 (Newtonsoft.Json.Serialization.IContractResolver)	[v106 @ X25_v6 (System.Int32)]	0			RUNTIME_DISPATCH		UNRESOLVED	METHOD_POINTER:UNKNOWN_CLASS_SOURCE:CLASS_NOT_AN_INTERFACE_POINTER	[Add]
Newtonsoft.Json.Converters.KeyValuePairConverter::ReadJson	CALL	v571 @ X0_v34 (Newtonsoft.Json.Serialization.IContractResolver)	[v106 @ X25_v6 (System.Int32)]	0			RUNTIME_DISPATCH		UNRESOLVED	METHOD_POINTER:UNKNOWN_CLASS_SOURCE:CLASS_NOT_AN_INTERFACE_POINTER	[Add]
Newtonsoft.Json.Converters.XmlNodeConverter::PushParentNamespaces	CALL	v421 @ X0_v86 (Newtonsoft.Json.Converters.IXmlNode)	[v58 @ X23_v2 (System.Int32)]	0			RUNTIME_DISPATCH		UNRESOLVED	METHOD_POINTER:UNKNOWN_CLASS_SOURCE:CLASS_NOT_AN_INTERFACE_POINTER	[Add]
Newtonsoft.Json.Converters.XmlNodeConverter::PushParentNamespaces	CALL	v171 @ X20_v2 (Newtonsoft.Json.Converters.IXmlNode)	[v58 @ X23_v2 (System.Int32)]	4			RUNTIME_DISPATCH		UNRESOLVED	METHOD_POINTER:UNKNOWN_CLASS_SOURCE:CLASS_NOT_AN_INTERFACE_POINTER	[Add]
Newtonsoft.Json.Converters.XmlNodeConverter::PushParentNamespaces	CALL	v301._current (System.Object)	[v58 @ X23_v2 (System.Int32)]	3			RUNTIME_DISPATCH		UNRESOLVED	METHOD_POINTER:UNKNOWN_CLASS_SOURCE:CLASS_NOT_AN_INTERFACE_POINTER	[Add]
Newtonsoft.Json.Converters.XmlNodeConverter::PushParentNamespaces	CALL	[v937 @ X0_v40+10]	[v58 @ X23_v2 (System.Int32)]	7			RUNTIME_DISPATCH		UNRESOLVED	METHOD_POINTER:UNKNOWN_CLASS_SOURCE:CLASS_NOT_AN_INTERFACE_POINTER	[Add]
Newtonsoft.Json.Converters.XmlNodeConverter::PushParentNamespaces	CALL	[v937 @ X0_v40+10]	[v58 @ X23_v2 (System.Int32)]	1			RUNTIME_DISPATCH		UNRESOLVED	METHOD_POINTER:UNKNOWN_CLASS_SOURCE:CLASS_NOT_AN_INTERFACE_POINTER	[Add]
Newtonsoft.Json.Converters.XmlNodeConverter::PushParentNamespaces	CALL	[v937 @ X0_v40+10]	[v58 @ X23_v2 (System.Int32)]	1			RUNTIME_DISPATCH		UNRESOLVED	METHOD_POINTER:UNKNOWN_CLASS_SOURCE:CLASS_NOT_AN_INTERFACE_POINTER	[Add]
Newtonsoft.Json.Converters.XmlNodeConverter::PushParentNamespaces	CALL	[v937 @ X0_v40+10]	[v58 @ X23_v2 (System.Int32)]	5			RUNTIME_DISPATCH		UNRESOLVED	METHOD_POINTER:UNKNOWN_CLASS_SOURCE:CLASS_NOT_AN_INTERFACE_POINTER	[Add]
Newtonsoft.Json.Linq.JObject::WriteTo	CALL	this._properties (Newtonsoft.Json.Linq.JPropertyKeyedCollection)	v118 @ X22_v6 (System.Int32)	[v94 @ X24_v5 (System.Int32)]			RUNTIME_DISPATCH		UNRESOLVED	TWO_LOADS_OTHER:UNKNOWN_CLASS_SOURCE:CLASS_NOT_AN_INTERFACE_POINTER	{Immediate | Add}
Newtonsoft.Json.Converters.XmlNodeConverter::ResolveFullName	CALL	node @ X1 (Newtonsoft.Json.Converters.IXmlNode)	[v49 @ X22_v3 (System.Int32)]	7			RUNTIME_DISPATCH		UNRESOLVED	METHOD_POINTER:UNKNOWN_CLASS_SOURCE:CLASS_NOT_AN_INTERFACE_POINTER	[Add]
Newtonsoft.Json.Converters.XmlNodeConverter::ResolveFullName	CALL	node @ X1 (Newtonsoft.Json.Converters.IXmlNode)	[v49 @ X22_v3 (System.Int32)]	7			RUNTIME_DISPATCH		UNRESOLVED	METHOD_POINTER:UNKNOWN_CLASS_SOURCE:CLASS_NOT_AN_INTERFACE_POINTER	[Add]
Newtonsoft.Json.Converters.XmlNodeConverter::ResolveFullName	CALL	node @ X1 (Newtonsoft.Json.Converters.IXmlNode)	[v49 @ X22_v3 (System.Int32)]	1			RUNTIME_DISPATCH		UNRESOLVED	METHOD_POINTER:UNKNOWN_CLASS_SOURCE:CLASS_NOT_AN_INTERFACE_POINTER	[Add]
Newtonsoft.Json.Converters.XmlNodeConverter::ResolveFullName	CALL	node @ X1 (Newtonsoft.Json.Converters.IXmlNode)	[v49 @ X22_v3 (System.Int32)]	7			RUNTIME_DISPATCH		UNRESOLVED	METHOD_POINTER:UNKNOWN_CLASS_SOURCE:CLASS_NOT_AN_INTERFACE_POINTER	[Add]
Newtonsoft.Json.Converters.XmlNodeConverter::ResolveFullName	CALL	node @ X1 (Newtonsoft.Json.Converters.IXmlNode)	[v49 @ X22_v3 (System.Int32)]	1			RUNTIME_DISPATCH		UNRESOLVED	METHOD_POINTER:UNKNOWN_CLASS_SOURCE:CLASS_NOT_AN_INTERFACE_POINTER	[Add]
Newtonsoft.Json.Converters.XmlNodeConverter::ResolveFullName	CALL	node @ X1 (Newtonsoft.Json.Converters.IXmlNode)	[v49 @ X22_v3 (System.Int32)]	1			RUNTIME_DISPATCH		UNRESOLVED	METHOD_POINTER:UNKNOWN_CLASS_SOURCE:CLASS_NOT_AN_INTERFACE_POINTER	[Add]
Newtonsoft.Json.Converters.XmlNodeConverter::GetPropertyName	CALL	node @ X1 (Newtonsoft.Json.Converters.IXmlNode)	[v48 @ X21_v4 (System.Int32)]	0			RUNTIME_DISPATCH		UNRESOLVED	METHOD_POINTER:UNKNOWN_CLASS_SOURCE:CLASS_NOT_AN_INTERFACE_POINTER	[Add]
Newtonsoft.Json.Converters.XmlNodeConverter::IsArray	CALL	node @ X1 (Newtonsoft.Json.Converters.IXmlNode)	[v52 @ X21_v8 (System.Int32)]	3			RUNTIME_DISPATCH		UNRESOLVED	METHOD_POINTER:UNKNOWN_CLASS_SOURCE:CLASS_NOT_AN_INTERFACE_POINTER	[Add]
Newtonsoft.Json.Converters.XmlNodeConverter::IsArray	CALL	[v328 @ X0_v19+10]	[v52 @ X21_v8 (System.Int32)]	1			RUNTIME_DISPATCH		UNRESOLVED	METHOD_POINTER:UNKNOWN_CLASS_SOURCE:CLASS_NOT_AN_INTERFACE_POINTER	[Add]
Newtonsoft.Json.Converters.XmlNodeConverter::IsArray	CALL	[v328 @ X0_v19+10]	[v52 @ X21_v8 (System.Int32)]	7			RUNTIME_DISPATCH		UNRESOLVED	METHOD_POINTER:UNKNOWN_CLASS_SOURCE:CLASS_NOT_AN_INTERFACE_POINTER	[Add]
Newtonsoft.Json.Converters.XmlNodeConverter::IsArray	CALL	[v328 @ X0_v19+10]	[v52 @ X21_v8 (System.Int32)]	5			RUNTIME_DISPATCH		UNRESOLVED	METHOD_POINTER:UNKNOWN_CLASS_SOURCE:CLASS_NOT_AN_INTERFACE_POINTER	[Add]
Newtonsoft.Json.Converters.XmlNodeConverter::SerializeGroupedNodes	CALL	node @ X2 (Newtonsoft.Json.Converters.IXmlNode)	[v69 @ X24_v6 (System.Int32)]	2			RUNTIME_DISPATCH		UNRESOLVED	METHOD_POINTER:UNKNOWN_CLASS_SOURCE:CLASS_NOT_AN_INTERFACE_POINTER	[Add]
Newtonsoft.Json.Converters.XmlNodeConverter::SerializeGroupedNodes	CALL	node @ X2 (Newtonsoft.Json.Converters.IXmlNode)	[v69 @ X24_v6 (System.Int32)]	2			RUNTIME_DISPATCH		UNRESOLVED	METHOD_POINTER:UNKNOWN_CLASS_SOURCE:CLASS_NOT_AN_INTERFACE_POINTER	[Add]
Newtonsoft.Json.Converters.XmlNodeConverter::SerializeGroupedNodes	CALL	v543 @ X23_v12 (Newtonsoft.Json.Converters.IXmlNode)	[v69 @ X24_v6 (System.Int32)]	2			RUNTIME_DISPATCH		UNRESOLVED	METHOD_POINTER:UNKNOWN_CLASS_SOURCE:CLASS_NOT_AN_INTERFACE_POINTER	[Add]
Newtonsoft.Json.Converters.XmlNodeConverter::SerializeGroupedNodes	CALL	v543 @ X23_v12 (Newtonsoft.Json.Converters.IXmlNode)	[v69 @ X24_v6 (System.Int32)]	2			RUNTIME_DISPATCH		UNRESOLVED	METHOD_POINTER:UNKNOWN_CLASS_SOURCE:CLASS_NOT_AN_INTERFACE_POINTER	[Add]
Newtonsoft.Json.Converters.XmlNodeConverter::SerializeGroupedNodes	CALL	v543 @ X23_v12 (Newtonsoft.Json.Converters.IXmlNode)	[v69 @ X24_v6 (System.Int32)]	2			RUNTIME_DISPATCH		UNRESOLVED	METHOD_POINTER:UNKNOWN_CLASS_SOURCE:CLASS_NOT_AN_INTERFACE_POINTER	[Add]
Newtonsoft.Json.Converters.XmlNodeConverter::SerializeGroupedNodes	CALL	v543 @ X23_v12 (Newtonsoft.Json.Converters.IXmlNode)	[v69 @ X24_v6 (System.Int32)]	2			RUNTIME_DISPATCH		UNRESOLVED	METHOD_POINTER:UNKNOWN_CLASS_SOURCE:CLASS_NOT_AN_INTERFACE_POINTER	[Add]
Newtonsoft.Json.Converters.XmlNodeConverter::SerializeGroupedNodes	CALL	v543 @ X23_v12 (Newtonsoft.Json.Converters.IXmlNode)	[v69 @ X24_v6 (System.Int32)]	2			RUNTIME_DISPATCH		UNRESOLVED	METHOD_POINTER:UNKNOWN_CLASS_SOURCE:CLASS_NOT_AN_INTERFACE_POINTER	[Add]
Newtonsoft.Json.Converters.XmlNodeConverter::SerializeGroupedNodes	CALL	node @ X2 (Newtonsoft.Json.Converters.IXmlNode)	[v69 @ X24_v6 (System.Int32)]	2			RUNTIME_DISPATCH		UNRESOLVED	METHOD_POINTER:UNKNOWN_CLASS_SOURCE:CLASS_NOT_AN_INTERFACE_POINTER	[Add]
Newtonsoft.Json.Converters.XmlNodeConverter::SerializeGroupedNodes	CALL	node @ X2 (Newtonsoft.Json.Converters.IXmlNode)	[v69 @ X24_v6 (System.Int32)]	2			RUNTIME_DISPATCH		UNRESOLVED	METHOD_POINTER:UNKNOWN_CLASS_SOURCE:CLASS_NOT_AN_INTERFACE_POINTER	[Add]
Newtonsoft.Json.Converters.XmlNodeConverter::SerializeNode	CALL	node @ X2 (Newtonsoft.Json.Converters.IXmlNode)	[v67 @ X26_v5 (System.Int32)]	0			RUNTIME_DISPATCH		UNRESOLVED	METHOD_POINTER:UNKNOWN_CLASS_SOURCE:CLASS_NOT_AN_INTERFACE_POINTER	[Add]
Newtonsoft.Json.Converters.XmlNodeConverter::AllSameName	CALL	node @ X0 (Newtonsoft.Json.Converters.IXmlNode)	[v52 @ X23_v6 (System.Int32)]	2			RUNTIME_DISPATCH		UNRESOLVED	METHOD_POINTER:UNKNOWN_CLASS_SOURCE:CLASS_NOT_AN_INTERFACE_POINTER	[Add]
Newtonsoft.Json.Converters.XmlNodeConverter::AllSameName	CALL	[v261 @ X0_v21+10]	[v52 @ X23_v6 (System.Int32)]	1			RUNTIME_DISPATCH		UNRESOLVED	METHOD_POINTER:UNKNOWN_CLASS_SOURCE:CLASS_NOT_AN_INTERFACE_POINTER	[Add]
Newtonsoft.Json.Converters.XmlNodeConverter::AllSameName	CALL	node @ X0 (Newtonsoft.Json.Converters.IXmlNode)	[v52 @ X23_v6 (System.Int32)]	1			RUNTIME_DISPATCH		UNRESOLVED	METHOD_POINTER:UNKNOWN_CLASS_SOURCE:CLASS_NOT_AN_INTERFACE_POINTER	[Add]
Newtonsoft.Json.Converters.XmlNodeConverter::ReadJson	CALL	v122 @ X23_v12 (Newtonsoft.Json.Converters.IXmlDocument)	[v918 @ X8_v39 (System.Int32)]	12			RUNTIME_DISPATCH		UNRESOLVED	METHOD_POINTER:UNKNOWN_CLASS_SOURCE:CLASS_NOT_AN_INTERFACE_POINTER	[Add]
Newtonsoft.Json.Converters.XmlNodeConverter::ReadJson	CALL	v122 @ X23_v12 (Newtonsoft.Json.Converters.IXmlDocument)	[v1033 @ X10_v17 (System.Int32)]	12			RUNTIME_DISPATCH		UNRESOLVED	METHOD_POINTER:UNKNOWN_CLASS_SOURCE:CLASS_NOT_AN_INTERFACE_POINTER	[Add]
Newtonsoft.Json.Converters.XmlNodeConverter::ReadJson	CALL	v1002 @ X0_v79	[v1006 @ X8_v43 (System.Int32)]	8			RUNTIME_DISPATCH		UNRESOLVED	METHOD_POINTER:UNKNOWN_CLASS_SOURCE:CLASS_NOT_AN_INTERFACE_POINTER	[Add]
Newtonsoft.Json.Converters.XmlNodeConverter::ReadJson	TAIL	v122 @ X23_v12 (Newtonsoft.Json.Converters.IXmlDocument)	[v1037 @ X10_v9 (System.Int32)]	8			RUNTIME_DISPATCH		UNRESOLVED	METHOD_POINTER:UNKNOWN_CLASS_SOURCE:CLASS_NOT_AN_INTERFACE_POINTER	[Add]
Newtonsoft.Json.Converters.XmlNodeConverter::ReadJson	TAIL	v1194 @ X0_v65	[v1199 @ X8_v31 (System.Int32)]	8			RUNTIME_DISPATCH		UNRESOLVED	METHOD_POINTER:UNKNOWN_CLASS_SOURCE:CLASS_NOT_AN_INTERFACE_POINTER	[Add]
Newtonsoft.Json.Converters.XmlNodeConverter::DeserializeValue	CALL	document @ X2 (Newtonsoft.Json.Converters.IXmlDocument)	[v449 @ X8_v60 (System.Int32)]	1			RUNTIME_DISPATCH		UNRESOLVED	METHOD_POINTER:UNKNOWN_CLASS_SOURCE:CLASS_NOT_AN_INTERFACE_POINTER	[Add]
Newtonsoft.Json.Converters.XmlNodeConverter::DeserializeValue	CALL	document @ X2 (Newtonsoft.Json.Converters.IXmlDocument)	[v499 @ X8_v47 (System.Int32)]	2			RUNTIME_DISPATCH		UNRESOLVED	METHOD_POINTER:UNKNOWN_CLASS_SOURCE:CLASS_NOT_AN_INTERFACE_POINTER	[Add]
Newtonsoft.Json.Converters.XmlNodeConverter::DeserializeValue	CALL	document @ X2 (Newtonsoft.Json.Converters.IXmlDocument)	[v677 @ X8_v35 (System.Int32)]	3			RUNTIME_DISPATCH		UNRESOLVED	METHOD_POINTER:UNKNOWN_CLASS_SOURCE:CLASS_NOT_AN_INTERFACE_POINTER	[Add]
Newtonsoft.Json.Converters.XmlNodeConverter::DeserializeValue	CALL	document @ X2 (Newtonsoft.Json.Converters.IXmlDocument)	[v845 @ X8_v23 (System.Int32)]	4			RUNTIME_DISPATCH		UNRESOLVED	METHOD_POINTER:UNKNOWN_CLASS_SOURCE:CLASS_NOT_AN_INTERFACE_POINTER	[Add]
Newtonsoft.Json.Converters.XmlNodeConverter::DeserializeValue	TAIL	currentNode @ X5 (Newtonsoft.Json.Converters.IXmlNode)	v633 @ X1_v6	6			RUNTIME_DISPATCH		UNRESOLVED	METHOD_POINTER:UNKNOWN_CLASS_SOURCE:CLASS_NOT_AN_INTERFACE_POINTER	{[Add] | [Add] | [Add] | [Add]}
Newtonsoft.Json.Converters.XmlNodeConverter::CreateElement	CALL	v71 @ X0_v3 (Newtonsoft.Json.Converters.IXmlElement)	[v299 @ X22_v10 (System.Int32)]	0			RUNTIME_DISPATCH		UNRESOLVED	METHOD_POINTER:UNKNOWN_CLASS_SOURCE:CLASS_NOT_AN_INTERFACE_POINTER	[Add]
Newtonsoft.Json.Converters.XmlNodeConverter::CreateElement	CALL	document @ X2 (Newtonsoft.Json.Converters.IXmlDocument)	[v301 @ X27_v4 (Newtonsoft.Json.Converters.XmlNodeConverter)]	1			RUNTIME_DISPATCH		UNRESOLVED	METHOD_POINTER:UNKNOWN_CLASS_SOURCE:CLASS_NOT_AN_INTERFACE_POINTER	[{this | Add}]
Newtonsoft.Json.Converters.XmlNodeConverter::CreateElement	CALL	currentNode @ X3 (Newtonsoft.Json.Converters.IXmlNode)	[v300 @ X22_v2 (System.Int32)]	6			RUNTIME_DISPATCH		UNRESOLVED	METHOD_POINTER:UNKNOWN_CLASS_SOURCE:CLASS_NOT_AN_INTERFACE_POINTER	[{Add | Add | Add}]
Newtonsoft.Json.Converters.XmlNodeConverter::CreateElement	CALL	document @ X2 (Newtonsoft.Json.Converters.IXmlDocument)	[v301 @ X27_v4 (Newtonsoft.Json.Converters.XmlNodeConverter)]	10			RUNTIME_DISPATCH		UNRESOLVED	METHOD_POINTER:UNKNOWN_CLASS_SOURCE:CLASS_NOT_AN_INTERFACE_POINTER	[{this | Add}]
Newtonsoft.Json.Converters.XmlNodeConverter::CreateElement	CALL	document @ X2 (Newtonsoft.Json.Converters.IXmlDocument)	[v301 @ X27_v4 (Newtonsoft.Json.Converters.XmlNodeConverter)]	11			RUNTIME_DISPATCH		UNRESOLVED	METHOD_POINTER:UNKNOWN_CLASS_SOURCE:CLASS_NOT_AN_INTERFACE_POINTER	[{this | Add}]
Newtonsoft.Json.Converters.XmlNodeConverter::CreateElement	CALL	v316 @ X20_v4 (Newtonsoft.Json.Converters.IXmlElement)	[v300 @ X22_v2 (System.Int32)]	6			RUNTIME_DISPATCH		UNRESOLVED	METHOD_POINTER:UNKNOWN_CLASS_SOURCE:CLASS_NOT_AN_INTERFACE_POINTER	[{Add | Add | Add}]
Newtonsoft.Json.Converters.XmlNodeConverter::AddAttribute	CALL	currentNode @ X2 (Newtonsoft.Json.Converters.IXmlNode)	[v62 @ X8_v7 (System.Int32)]	0			RUNTIME_DISPATCH		UNRESOLVED	METHOD_POINTER:UNKNOWN_CLASS_SOURCE:CLASS_NOT_AN_INTERFACE_POINTER	[Add]
Newtonsoft.Json.Converters.XmlNodeConverter::AddAttribute	CALL	document @ X1 (Newtonsoft.Json.Converters.IXmlDocument)	[v431 @ X8_v31 (System.Int32)]	10			RUNTIME_DISPATCH		UNRESOLVED	METHOD_POINTER:UNKNOWN_CLASS_SOURCE:CLASS_NOT_AN_INTERFACE_POINTER	[Add]
Newtonsoft.Json.Converters.XmlNodeConverter::AddAttribute	CALL	document @ X1 (Newtonsoft.Json.Converters.IXmlDocument)	[v471 @ X8_v25 (System.Int32)]	11			RUNTIME_DISPATCH		UNRESOLVED	METHOD_POINTER:UNKNOWN_CLASS_SOURCE:CLASS_NOT_AN_INTERFACE_POINTER	[Add]
Newtonsoft.Json.Converters.XmlNodeConverter::AddAttribute	TAIL	v273 @ X0_v14	[v211 @ X22_v7 (System.Int32)]	0			RUNTIME_DISPATCH		UNRESOLVED	METHOD_POINTER:UNKNOWN_CLASS_SOURCE:CLASS_NOT_AN_INTERFACE_POINTER	[Add]
Newtonsoft.Json.Converters.XmlNodeConverter::ReadArrayElements	CALL	currentNode @ X4 (Newtonsoft.Json.Converters.IXmlNode)	[v80 @ X26_v5 (System.Int32)]	6			RUNTIME_DISPATCH		UNRESOLVED	METHOD_POINTER:UNKNOWN_CLASS_SOURCE:CLASS_NOT_AN_INTERFACE_POINTER	[Add]
Newtonsoft.Json.Converters.XmlNodeConverter::ReadArrayElements	CALL	v70 @ X0_v5 (Newtonsoft.Json.Converters.IXmlElement)	[v80 @ X26_v5 (System.Int32)]	2			RUNTIME_DISPATCH		UNRESOLVED	METHOD_POINTER:UNKNOWN_CLASS_SOURCE:CLASS_NOT_AN_INTERFACE_POINTER	[Add]
Newtonsoft.Json.Converters.XmlNodeConverter::ReadArrayElements	CALL	v588 @ X0_v33 (Newtonsoft.Json.Converters.IXmlElement)	[v80 @ X26_v5 (System.Int32)]	1			RUNTIME_DISPATCH		UNRESOLVED	METHOD_POINTER:UNKNOWN_CLASS_SOURCE:CLASS_NOT_AN_INTERFACE_POINTER	[Add]
Newtonsoft.Json.Converters.XmlNodeConverter::AddJsonArrayAttribute	CALL	element @ X1 (Newtonsoft.Json.Converters.IXmlElement)	[v292 @ X26_v2 (System.Int32)]	1			RUNTIME_DISPATCH		UNRESOLVED	METHOD_POINTER:UNKNOWN_CLASS_SOURCE:CLASS_NOT_AN_INTERFACE_POINTER	[Add]
Newtonsoft.Json.Converters.XmlNodeConverter::AddJsonArrayAttribute	CALL	document @ X2 (Newtonsoft.Json.Converters.IXmlDocument)	[v57 @ X25_v3 (System.Int32)]	11			RUNTIME_DISPATCH		UNRESOLVED	METHOD_POINTER:UNKNOWN_CLASS_SOURCE:CLASS_NOT_AN_INTERFACE_POINTER	[Add]
Newtonsoft.Json.Converters.XmlNodeConverter::AddJsonArrayAttribute	CALL	element @ X1 (Newtonsoft.Json.Converters.IXmlElement)	[v292 @ X26_v2 (System.Int32)]	0			RUNTIME_DISPATCH		UNRESOLVED	METHOD_POINTER:UNKNOWN_CLASS_SOURCE:CLASS_NOT_AN_INTERFACE_POINTER	[Add]
Newtonsoft.Json.Converters.XmlNodeConverter::AddJsonArrayAttribute	CALL	document @ X2 (Newtonsoft.Json.Converters.IXmlDocument)	[v57 @ X25_v3 (System.Int32)]	11			RUNTIME_DISPATCH		UNRESOLVED	METHOD_POINTER:UNKNOWN_CLASS_SOURCE:CLASS_NOT_AN_INTERFACE_POINTER	[Add]
Newtonsoft.Json.Converters.XmlNodeConverter::AddJsonArrayAttribute	TAIL	element @ X1 (Newtonsoft.Json.Converters.IXmlElement)	[v292 @ X26_v2 (System.Int32)]	0			RUNTIME_DISPATCH		UNRESOLVED	METHOD_POINTER:UNKNOWN_CLASS_SOURCE:CLASS_NOT_AN_INTERFACE_POINTER	[Add]
Newtonsoft.Json.Converters.XmlNodeConverter::CreateInstruction	CALL	document @ X2 (Newtonsoft.Json.Converters.IXmlDocument)	[v437 @ X8_v18 (System.Int32)]	7			RUNTIME_DISPATCH		UNRESOLVED	METHOD_POINTER:UNKNOWN_CLASS_SOURCE:CLASS_NOT_AN_INTERFACE_POINTER	[Add]
Newtonsoft.Json.Converters.XmlNodeConverter::CreateInstruction	CALL	document @ X2 (Newtonsoft.Json.Converters.IXmlDocument)	[v382 @ X8_v30 (System.Int32)]	5			RUNTIME_DISPATCH		UNRESOLVED	METHOD_POINTER:UNKNOWN_CLASS_SOURCE:CLASS_NOT_AN_INTERFACE_POINTER	[Add]
Newtonsoft.Json.Converters.XmlNodeConverter::CreateInstruction	TAIL	currentNode @ X3 (Newtonsoft.Json.Converters.IXmlNode)	v651 @ X1_v16	6			RUNTIME_DISPATCH		UNRESOLVED	METHOD_POINTER:UNKNOWN_CLASS_SOURCE:CLASS_NOT_AN_INTERFACE_POINTER	{[Add] | [Add]}
Newtonsoft.Json.Converters.XmlNodeConverter::CreateDocumentType	CALL	document @ X2 (Newtonsoft.Json.Converters.IXmlDocument)	[v316 @ X8_v13 (System.Int32)]	6			RUNTIME_DISPATCH		UNRESOLVED	METHOD_POINTER:UNKNOWN_CLASS_SOURCE:CLASS_NOT_AN_INTERFACE_POINTER	[Add]
Newtonsoft.Json.Converters.XmlNodeConverter::CreateDocumentType	TAIL	currentNode @ X3 (Newtonsoft.Json.Converters.IXmlNode)	[v463 @ X8_v18 (System.Int32)]	6			RUNTIME_DISPATCH		UNRESOLVED	METHOD_POINTER:UNKNOWN_CLASS_SOURCE:CLASS_NOT_AN_INTERFACE_POINTER	[Add]
Newtonsoft.Json.Converters.XmlNodeConverter::CreateElement	TAIL	document @ X2 (Newtonsoft.Json.Converters.IXmlDocument)	[v249 @ X8_v14 (System.Int32)]	9			RUNTIME_DISPATCH		UNRESOLVED	METHOD_POINTER:UNKNOWN_CLASS_SOURCE:CLASS_NOT_AN_INTERFACE_POINTER	[Add]
Newtonsoft.Json.Converters.XmlNodeConverter::CreateElement	TAIL	document @ X2 (Newtonsoft.Json.Converters.IXmlDocument)	[v254 @ X8_v7 (System.Int32)]	8			RUNTIME_DISPATCH		UNRESOLVED	METHOD_POINTER:UNKNOWN_CLASS_SOURCE:CLASS_NOT_AN_INTERFACE_POINTER	[Add]
Newtonsoft.Json.Converters.XmlNodeConverter::DeserializeNode	CALL	document @ X2 (Newtonsoft.Json.Converters.IXmlDocument)	[v752 @ X8_v72 (System.Int32)]	0			RUNTIME_DISPATCH		UNRESOLVED	METHOD_POINTER:UNKNOWN_CLASS_SOURCE:CLASS_NOT_AN_INTERFACE_POINTER	[Add]
Newtonsoft.Json.Converters.XmlNodeConverter::DeserializeNode	CALL	currentNode @ X4 (Newtonsoft.Json.Converters.IXmlNode)	[v69 @ X27_v7 (System.Int32)]	0			RUNTIME_DISPATCH		UNRESOLVED	METHOD_POINTER:UNKNOWN_CLASS_SOURCE:CLASS_NOT_AN_INTERFACE_POINTER	[Add]
Newtonsoft.Json.Converters.XmlNodeConverter::DeserializeNode	CALL	document @ X2 (Newtonsoft.Json.Converters.IXmlDocument)	[v969 @ X8_v61 (System.Int32)]	12			RUNTIME_DISPATCH		UNRESOLVED	METHOD_POINTER:UNKNOWN_CLASS_SOURCE:CLASS_NOT_AN_INTERFACE_POINTER	[Add]
Newtonsoft.Json.Converters.XmlNodeConverter::DeserializeNode	CALL	currentNode @ X4 (Newtonsoft.Json.Converters.IXmlNode)	v1197 @ X1_v48	2			RUNTIME_DISPATCH		UNRESOLVED	METHOD_POINTER:UNKNOWN_CLASS_SOURCE:CLASS_NOT_AN_INTERFACE_POINTER	{[Add] | [Add] | {[Add] | [Add]}}
Newtonsoft.Json.Converters.XmlNodeConverter::DeserializeNode	CALL	currentNode @ X4 (Newtonsoft.Json.Converters.IXmlNode)	[v69 @ X27_v7 (System.Int32)]	6			RUNTIME_DISPATCH		UNRESOLVED	METHOD_POINTER:UNKNOWN_CLASS_SOURCE:CLASS_NOT_AN_INTERFACE_POINTER	[Add]
Newtonsoft.Json.Converters.XmlNodeConverter::DeserializeNode	CALL	v1297 @ X0_v72 (Newtonsoft.Json.Converters.IXmlElement)	[v69 @ X27_v7 (System.Int32)]	1			RUNTIME_DISPATCH		UNRESOLVED	METHOD_POINTER:UNKNOWN_CLASS_SOURCE:CLASS_NOT_AN_INTERFACE_POINTER	[Add]
Newtonsoft.Json.Converters.XmlNodeConverter::DeserializeNode	CALL	v1297 @ X0_v72 (Newtonsoft.Json.Converters.IXmlElement)	[v69 @ X27_v7 (System.Int32)]	7			RUNTIME_DISPATCH		UNRESOLVED	METHOD_POINTER:UNKNOWN_CLASS_SOURCE:CLASS_NOT_AN_INTERFACE_POINTER	[Add]
Newtonsoft.Json.Converters.XmlNodeConverter::ValueAttributes	CALL	v152 @ X20_v7 (Newtonsoft.Json.Converters.IXmlNode)	[v60 @ X23_v5 (System.Int32)]	7			RUNTIME_DISPATCH		UNRESOLVED	METHOD_POINTER:UNKNOWN_CLASS_SOURCE:CLASS_NOT_AN_INTERFACE_POINTER	[Add]
Newtonsoft.Json.Converters.XmlNodeConverter::ValueAttributes	CALL	v152 @ X20_v7 (Newtonsoft.Json.Converters.IXmlNode)	[v60 @ X23_v5 (System.Int32)]	7			RUNTIME_DISPATCH		UNRESOLVED	METHOD_POINTER:UNKNOWN_CLASS_SOURCE:CLASS_NOT_AN_INTERFACE_POINTER	[Add]
Newtonsoft.Json.Converters.XmlNodeConverter::ValueAttributes	CALL	v152 @ X20_v7 (Newtonsoft.Json.Converters.IXmlNode)	[v60 @ X23_v5 (System.Int32)]	5			RUNTIME_DISPATCH		UNRESOLVED	METHOD_POINTER:UNKNOWN_CLASS_SOURCE:CLASS_NOT_AN_INTERFACE_POINTER	[Add]
TMPro.TMP_MaterialManager::GetMaterialForRendering	CALL	v259 @ X0_v18	[v245 @ X25_v6 (System.Int32)]	0			RUNTIME_DISPATCH		UNRESOLVED	METHOD_POINTER:UNKNOWN_CLASS_SOURCE:CLASS_NOT_AN_INTERFACE_POINTER	[Add]
TMPro.TMP_MeshInfo::SortGeometry	CALL	sortingOrder @ X1 (System.Collections.Generic.IList`1<System.Int32>)	[v57 @ X8_v5 (System.Int32)]	0			RUNTIME_DISPATCH		UNRESOLVED	METHOD_POINTER:UNKNOWN_CLASS_SOURCE:CLASS_NOT_AN_INTERFACE_POINTER	[Add]
TMPro.TMP_MeshInfo::SortGeometry	CALL	sortingOrder @ X1 (System.Collections.Generic.IList`1<System.Int32>)	[v282 @ X24_v2 (System.Int32)]	0			RUNTIME_DISPATCH		UNRESOLVED	METHOD_POINTER:UNKNOWN_CLASS_SOURCE:CLASS_NOT_AN_INTERFACE_POINTER	[Add]
TMPro.TMP_InputField::OnScroll	TAIL	this.m_IScrollHandlerParent (UnityEngine.EventSystems.IScrollHandler)	[v134 @ X8_v6 (System.Int32)]	0			RUNTIME_DISPATCH		UNRESOLVED	METHOD_POINTER:UNKNOWN_CLASS_SOURCE:CLASS_NOT_AN_INTERFACE_POINTER	[Add]
TMPro.TMP_Text::ParseInputText	CALL	this.m_TextPreprocessor (TMPro.ITextPreprocessor)	[v136 @ X8_v8 (System.Int32)]	0			RUNTIME_DISPATCH		UNRESOLVED	METHOD_POINTER:UNKNOWN_CLASS_SOURCE:CLASS_NOT_AN_INTERFACE_POINTER	[Add]
TMPro.TMP_UpdateRegistry::PerformUpdateForCanvasRendererObjects	CALL	v217 @ X0_v31	[v64 @ X25_v3 (System.Int32)]	0			RUNTIME_DISPATCH		UNRESOLVED	METHOD_POINTER:UNKNOWN_CLASS_SOURCE:CLASS_NOT_AN_INTERFACE_POINTER	[Add]
TMPro.TMP_UpdateRegistry::PerformUpdateForCanvasRendererObjects	CALL	v223 @ X0_v13	[v64 @ X25_v3 (System.Int32)]	0			RUNTIME_DISPATCH		UNRESOLVED	METHOD_POINTER:UNKNOWN_CLASS_SOURCE:CLASS_NOT_AN_INTERFACE_POINTER	[Add]
TMPro.TMP_InputField::OnFillVBO	CALL	v528 @ X20_v7	[v533 @ X8_v11 (System.Int32)]	0			RUNTIME_DISPATCH		UNRESOLVED	METHOD_POINTER:UNKNOWN_CLASS_SOURCE:CLASS_NOT_AN_INTERFACE_POINTER	[Add]
Newtonsoft.Json.Serialization.JsonSerializerInternalReader::ReadMetadataPropertiesToken	CALL	this.TraceWriter (Newtonsoft.Json.Serialization.ITraceWriter)	[v251 @ X25_v10 (System.Int32)]	0			RUNTIME_DISPATCH		UNRESOLVED	METHOD_POINTER:UNKNOWN_CLASS_SOURCE:CLASS_NOT_AN_INTERFACE_POINTER	[Add]
Newtonsoft.Json.Serialization.JsonSerializerInternalReader::ReadMetadataPropertiesToken	CALL	v215 @ X0_v99 (Newtonsoft.Json.Serialization.IReferenceResolver)	[v810 @ X8_v48 (System.Int32)]	0			RUNTIME_DISPATCH		UNRESOLVED	METHOD_POINTER:UNKNOWN_CLASS_SOURCE:CLASS_NOT_AN_INTERFACE_POINTER	[Add]
Newtonsoft.Json.Serialization.JsonSerializerInternalReader::ReadMetadataPropertiesToken	CALL	v244 @ X21_v10 (Newtonsoft.Json.Serialization.ITraceWriter)	[v251 @ X25_v10 (System.Int32)]	1			RUNTIME_DISPATCH		UNRESOLVED	METHOD_POINTER:UNKNOWN_CLASS_SOURCE:CLASS_NOT_AN_INTERFACE_POINTER	[Add]
Newtonsoft.Json.Serialization.JsonSerializerInternalReader::ReadMetadataProperties	CALL	v198 @ X0_v90 (Newtonsoft.Json.Serialization.IReferenceResolver)	[v718 @ X8_v35 (System.Int32)]	0			RUNTIME_DISPATCH		UNRESOLVED	METHOD_POINTER:UNKNOWN_CLASS_SOURCE:CLASS_NOT_AN_INTERFACE_POINTER	[Add]
Newtonsoft.Json.Serialization.JsonSerializerInternalReader::ResolveTypeName	CALL	this.TraceWriter (Newtonsoft.Json.Serialization.ITraceWriter)	[v190 @ X28_v14 (System.Int32)]	0			RUNTIME_DISPATCH		UNRESOLVED	METHOD_POINTER:UNKNOWN_CLASS_SOURCE:CLASS_NOT_AN_INTERFACE_POINTER	[Add]
Newtonsoft.Json.Serialization.JsonSerializerInternalReader::ResolveTypeName	CALL	v362._serializationBinder (Newtonsoft.Json.Serialization.ISerializationBinder)	[v401 @ X8_v13 (System.Int32)]	0			RUNTIME_DISPATCH		UNRESOLVED	METHOD_POINTER:UNKNOWN_CLASS_SOURCE:CLASS_NOT_AN_INTERFACE_POINTER	[Add]
Newtonsoft.Json.Serialization.JsonSerializerInternalReader::ResolveTypeName	CALL	v260 @ X25_v16 (Newtonsoft.Json.Serialization.ITraceWriter)	[v190 @ X28_v14 (System.Int32)]	1			RUNTIME_DISPATCH		UNRESOLVED	METHOD_POINTER:UNKNOWN_CLASS_SOURCE:CLASS_NOT_AN_INTERFACE_POINTER	[Add]
Newtonsoft.Json.Serialization.JsonSerializerInternalReader::CreateList	CALL	v598 @ X25_v14 (System.Collections.Generic.List`1<Newtonsoft.Json.Serialization.SerializationCallback>)	[v622 @ X8_v34 (System.Int32)]	0			RUNTIME_DISPATCH		UNRESOLVED	METHOD_POINTER:UNKNOWN_CLASS_SOURCE:CLASS_NOT_AN_INTERFACE_POINTER	[Add]
Newtonsoft.Json.Serialization.JsonSerializerInternalReader::CreateList	CALL	v599 @ X25_v17 (System.Collections.Generic.List`1<Newtonsoft.Json.Serialization.SerializationErrorCallback>)	[v940 @ X8_v42 (System.Int32)]	0			RUNTIME_DISPATCH		UNRESOLVED	METHOD_POINTER:UNKNOWN_CLASS_SOURCE:CLASS_NOT_AN_INTERFACE_POINTER	[Add]
Newtonsoft.Json.Serialization.JsonSerializerInternalReader::CreateList	TAIL	v638 @ X0_v37	[v635 @ X22_v5 (System.Int32)]	0			RUNTIME_DISPATCH		UNRESOLVED	METHOD_POINTER:UNKNOWN_CLASS_SOURCE:CLASS_NOT_AN_INTERFACE_POINTER	[Add]
Newtonsoft.Json.Serialization.JsonSerializerInternalReader::CreateList	CALL	v316 @ X0_v31 (System.Collections.IList)	[v753 @ X20_v15 (System.Int32)]	1			RUNTIME_DISPATCH		UNRESOLVED	METHOD_POINTER:UNKNOWN_CLASS_SOURCE:CLASS_NOT_AN_INTERFACE_POINTER	[Add]
Newtonsoft.Json.Serialization.JsonSerializerInternalReader::CreateList	CALL	v316 @ X0_v31 (System.Collections.IList)	[v753 @ X20_v15 (System.Int32)]	0			RUNTIME_DISPATCH		UNRESOLVED	METHOD_POINTER:UNKNOWN_CLASS_SOURCE:CLASS_NOT_AN_INTERFACE_POINTER	[Add]
Newtonsoft.Json.Serialization.JsonSerializerInternalReader::SetPropertyValue	CALL	this.TraceWriter (Newtonsoft.Json.Serialization.ITraceWriter)	[v424 @ X25_v10 (System.Int32)]	0			RUNTIME_DISPATCH		UNRESOLVED	METHOD_POINTER:UNKNOWN_CLASS_SOURCE:CLASS_NOT_AN_INTERFACE_POINTER	[Add]
Newtonsoft.Json.Serialization.JsonSerializerInternalReader::SetPropertyValue	CALL	v433 @ X24_v14 (Newtonsoft.Json.Serialization.IValueProvider)	[v531 @ X8_v56 (System.Int32)]	1			RUNTIME_DISPATCH		UNRESOLVED	METHOD_POINTER:UNKNOWN_CLASS_SOURCE:CLASS_NOT_AN_INTERFACE_POINTER	[Add]
Newtonsoft.Json.Serialization.JsonSerializerInternalReader::SetPropertyValue	CALL	v429 @ X23_v6 (Newtonsoft.Json.Serialization.IValueProvider)	[v711 @ X8_v11 (System.Int32)]	0			RUNTIME_DISPATCH		UNRESOLVED	METHOD_POINTER:UNKNOWN_CLASS_SOURCE:CLASS_NOT_AN_INTERFACE_POINTER	[Add]
Newtonsoft.Json.Serialization.JsonSerializerInternalReader::SetPropertyValue	CALL	v426 @ X22_v7 (Newtonsoft.Json.Serialization.ITraceWriter)	[v424 @ X25_v10 (System.Int32)]	1			RUNTIME_DISPATCH		UNRESOLVED	METHOD_POINTER:UNKNOWN_CLASS_SOURCE:CLASS_NOT_AN_INTERFACE_POINTER	[Add]
Newtonsoft.Json.Serialization.JsonSerializerInternalReader::CalculatePropertyDetails	CALL	this.TraceWriter (Newtonsoft.Json.Serialization.ITraceWriter)	[v258 @ X23_v9 (System.Int32)]	0			RUNTIME_DISPATCH		UNRESOLVED	METHOD_POINTER:UNKNOWN_CLASS_SOURCE:CLASS_NOT_AN_INTERFACE_POINTER	[Add]
Newtonsoft.Json.Serialization.JsonSerializerInternalReader::CalculatePropertyDetails	CALL	v256 @ X23_v10 (Newtonsoft.Json.Serialization.IValueProvider)	[v707 @ X8_v70 (System.Int32)]	1			RUNTIME_DISPATCH		UNRESOLVED	METHOD_POINTER:UNKNOWN_CLASS_SOURCE:CLASS_NOT_AN_INTERFACE_POINTER	[Add]
Newtonsoft.Json.Serialization.JsonSerializerInternalReader::AddReference	CALL	this.TraceWriter (Newtonsoft.Json.Serialization.ITraceWriter)	[v60 @ X26_v5 (System.Int32)]	0			RUNTIME_DISPATCH		UNRESOLVED	METHOD_POINTER:UNKNOWN_CLASS_SOURCE:CLASS_NOT_AN_INTERFACE_POINTER	[Add]
Newtonsoft.Json.Serialization.JsonSerializerInternalReader::AddReference	CALL	this.TraceWriter (Newtonsoft.Json.Serialization.ITraceWriter)	[v60 @ X26_v5 (System.Int32)]	1			RUNTIME_DISPATCH		UNRESOLVED	METHOD_POINTER:UNKNOWN_CLASS_SOURCE:CLASS_NOT_AN_INTERFACE_POINTER	[Add]
Newtonsoft.Json.Serialization.JsonSerializerInternalReader::AddReference	CALL	v177 @ X0_v5 (Newtonsoft.Json.Serialization.IReferenceResolver)	[v228 @ X8_v5 (System.Int32)]	3			RUNTIME_DISPATCH		UNRESOLVED	METHOD_POINTER:UNKNOWN_CLASS_SOURCE:CLASS_NOT_AN_INTERFACE_POINTER	[Add]
Newtonsoft.Json.Serialization.JsonSerializerInternalReader::OnDeserializing	CALL	this.TraceWriter (Newtonsoft.Json.Serialization.ITraceWriter)	[v60 @ X26_v5 (System.Int32)]	0			RUNTIME_DISPATCH		UNRESOLVED	METHOD_POINTER:UNKNOWN_CLASS_SOURCE:CLASS_NOT_AN_INTERFACE_POINTER	[Add]
Newtonsoft.Json.Serialization.JsonSerializerInternalReader::OnDeserializing	CALL	v156 @ X23_v6 (Newtonsoft.Json.Serialization.ITraceWriter)	[v60 @ X26_v5 (System.Int32)]	1			RUNTIME_DISPATCH		UNRESOLVED	METHOD_POINTER:UNKNOWN_CLASS_SOURCE:CLASS_NOT_AN_INTERFACE_POINTER	[Add]
Newtonsoft.Json.Serialization.JsonSerializerInternalReader::OnDeserialized	CALL	this.TraceWriter (Newtonsoft.Json.Serialization.ITraceWriter)	[v60 @ X26_v5 (System.Int32)]	0			RUNTIME_DISPATCH		UNRESOLVED	METHOD_POINTER:UNKNOWN_CLASS_SOURCE:CLASS_NOT_AN_INTERFACE_POINTER	[Add]
Newtonsoft.Json.Serialization.JsonSerializerInternalReader::OnDeserialized	CALL	v156 @ X23_v6 (Newtonsoft.Json.Serialization.ITraceWriter)	[v60 @ X26_v5 (System.Int32)]	1			RUNTIME_DISPATCH		UNRESOLVED	METHOD_POINTER:UNKNOWN_CLASS_SOURCE:CLASS_NOT_AN_INTERFACE_POINTER	[Add]
Newtonsoft.Json.Serialization.JsonSerializerInternalReader::PopulateDictionary	CALL	v68 @ X0_v3 (System.Int32)	[v41 @ X25_v2 (System.Int32)]	0			RUNTIME_DISPATCH		UNRESOLVED	METHOD_POINTER:UNKNOWN_CLASS_SOURCE:CLASS_NOT_AN_INTERFACE_POINTER	[Add]
Newtonsoft.Json.Serialization.JsonSerializerInternalReader::PopulateDictionary	CALL	dictionary @ X1 (System.Collections.IDictionary)	[v1375 @ X8_v65 (System.Int32)]	1			RUNTIME_DISPATCH		UNRESOLVED	METHOD_POINTER:UNKNOWN_CLASS_SOURCE:CLASS_NOT_AN_INTERFACE_POINTER	[Add]
Newtonsoft.Json.Serialization.JsonSerializerInternalReader::PopulateMultidimensionalArray	CALL	v311 @ X20_v14 (System.Collections.IList)	[v692 @ X8_v37 (System.Int32)]	2			RUNTIME_DISPATCH		UNRESOLVED	METHOD_POINTER:UNKNOWN_CLASS_SOURCE:CLASS_NOT_AN_INTERFACE_POINTER	[Add]
Newtonsoft.Json.Serialization.JsonSerializerInternalReader::PopulateMultidimensionalArray	CALL	v173 @ X20_v2 (System.Collections.IList)	[v695 @ X8_v27 (System.Int32)]	2			RUNTIME_DISPATCH		UNRESOLVED	METHOD_POINTER:UNKNOWN_CLASS_SOURCE:CLASS_NOT_AN_INTERFACE_POINTER	[Add]
Newtonsoft.Json.Serialization.JsonSerializerInternalReader::PopulateList	CALL	list @ X1 (System.Collections.IList)	[v191 @ X25_v4 (System.Int32)]	6			RUNTIME_DISPATCH		UNRESOLVED	METHOD_POINTER:UNKNOWN_CLASS_SOURCE:CLASS_NOT_AN_INTERFACE_POINTER	[Add]
Newtonsoft.Json.Serialization.JsonSerializerInternalReader::PopulateList	CALL	list @ X1 (System.Collections.IList)	[v191 @ X25_v4 (System.Int32)]	2			RUNTIME_DISPATCH		UNRESOLVED	METHOD_POINTER:UNKNOWN_CLASS_SOURCE:CLASS_NOT_AN_INTERFACE_POINTER	[Add]
Newtonsoft.Json.Serialization.JsonSerializerInternalReader::PopulateList	CALL	v66 @ X0_v3	[v41 @ X27_v2 (System.Int32)]	0			RUNTIME_DISPATCH		UNRESOLVED	METHOD_POINTER:UNKNOWN_CLASS_SOURCE:CLASS_NOT_AN_INTERFACE_POINTER	[Add]
Newtonsoft.Json.Serialization.JsonSerializerInternalReader::CreateISerializable	CALL	this.TraceWriter (Newtonsoft.Json.Serialization.ITraceWriter)	[v184 @ X28_v12 (System.Int32)]	0			RUNTIME_DISPATCH		UNRESOLVED	METHOD_POINTER:UNKNOWN_CLASS_SOURCE:CLASS_NOT_AN_INTERFACE_POINTER	[Add]
Newtonsoft.Json.Serialization.JsonSerializerInternalReader::CreateISerializable	CALL	v188 @ X25_v21 (Newtonsoft.Json.Serialization.ITraceWriter)	[v184 @ X28_v12 (System.Int32)]	1			RUNTIME_DISPATCH		UNRESOLVED	METHOD_POINTER:UNKNOWN_CLASS_SOURCE:CLASS_NOT_AN_INTERFACE_POINTER	[Add]
Newtonsoft.Json.Serialization.JsonSerializerInternalReader::CreateDynamic	CALL	v418.dict (System.Collections.Generic.Dictionary`2<System.String, Newtonsoft.Json.Serialization.JsonProperty>)	[v765 @ X8_v76 (System.Int32)]	7			RUNTIME_DISPATCH		UNRESOLVED	METHOD_POINTER:UNKNOWN_CLASS_SOURCE:CLASS_NOT_AN_INTERFACE_POINTER	[Add]
Newtonsoft.Json.Serialization.JsonSerializerInternalReader::CreateObjectUsingCreatorWithParameters	CALL	v456 @ X23_v48 (Newtonsoft.Json.Serialization.ITraceWriter)	[v269 @ X19_v23 (System.Int32)]	0			RUNTIME_DISPATCH		UNRESOLVED	METHOD_POINTER:UNKNOWN_CLASS_SOURCE:CLASS_NOT_AN_INTERFACE_POINTER	[Add]
Newtonsoft.Json.Serialization.JsonSerializerInternalReader::CreateObjectUsingCreatorWithParameters	CALL	v3397 @ X0_v97 (Newtonsoft.Json.Utilities.IWrappedDictionary)	[v3719 @ X8_v111 (System.Int32)]	1			RUNTIME_DISPATCH		UNRESOLVED	METHOD_POINTER:UNKNOWN_CLASS_SOURCE:CLASS_NOT_AN_INTERFACE_POINTER	[Add]
Newtonsoft.Json.Serialization.JsonSerializerInternalReader::CreateObjectUsingCreatorWithParameters	CALL	v308 @ X23_v50 (Newtonsoft.Json.Serialization.ITraceWriter)	[v269 @ X19_v23 (System.Int32)]	1			RUNTIME_DISPATCH		UNRESOLVED	METHOD_POINTER:UNKNOWN_CLASS_SOURCE:CLASS_NOT_AN_INTERFACE_POINTER	[Add]
Newtonsoft.Json.Serialization.JsonSerializerInternalReader::CreateObjectUsingCreatorWithParameters	CALL	v1564 @ X23_v42 (System.Type)	[v1566 @ X8_v258 (System.Int32)]	0			RUNTIME_DISPATCH		UNRESOLVED	METHOD_POINTER:UNKNOWN_CLASS_SOURCE:CLASS_NOT_AN_INTERFACE_POINTER	[Add]
Newtonsoft.Json.Serialization.JsonSerializerInternalReader::CreateObjectUsingCreatorWithParameters	CALL	v575 @ stack_-70_v11 (System.Type)	[v1044 @ X20_v23 (System.Int32)]	0			RUNTIME_DISPATCH		UNRESOLVED	METHOD_POINTER:UNKNOWN_CLASS_SOURCE:CLASS_NOT_AN_INTERFACE_POINTER	[Add]
Newtonsoft.Json.Serialization.JsonSerializerInternalReader::CreateObjectUsingCreatorWithParameters	CALL	v1996 @ X25_v6 (System.Type)	[v2090 @ X8_v265 (System.Int32)]	0			RUNTIME_DISPATCH		UNRESOLVED	METHOD_POINTER:UNKNOWN_CLASS_SOURCE:CLASS_NOT_AN_INTERFACE_POINTER	[Add]
Newtonsoft.Json.Serialization.JsonSerializerInternalReader::CreateObjectUsingCreatorWithParameters	CALL	v1048.<ValueProvider>k__BackingField (Newtonsoft.Json.Serialization.IValueProvider)	[v2967 @ X8_v166 (System.Int32)]	0			RUNTIME_DISPATCH		UNRESOLVED	METHOD_POINTER:UNKNOWN_CLASS_SOURCE:CLASS_NOT_AN_INTERFACE_POINTER	[Add]
Newtonsoft.Json.Serialization.JsonSerializerInternalReader::CreateObjectUsingCreatorWithParameters	CALL	v1033._contractResolver (Newtonsoft.Json.Serialization.IContractResolver)	[v3065 @ X8_v74 (System.Int32)]	0			RUNTIME_DISPATCH		UNRESOLVED	METHOD_POINTER:UNKNOWN_CLASS_SOURCE:CLASS_NOT_AN_INTERFACE_POINTER	[Add]
Newtonsoft.Json.Serialization.JsonSerializerInternalReader::CreateObjectUsingCreatorWithParameters	CALL	v1048.<ValueProvider>k__BackingField (Newtonsoft.Json.Serialization.IValueProvider)	[v3245 @ X8_v132 (System.Int32)]	1			RUNTIME_DISPATCH		UNRESOLVED	METHOD_POINTER:UNKNOWN_CLASS_SOURCE:CLASS_NOT_AN_INTERFACE_POINTER	[Add]
Newtonsoft.Json.Serialization.JsonSerializerInternalReader::CreateObjectUsingCreatorWithParameters	CALL	v2834 @ X28_v20	[v3591 @ X8_v147 (System.Int32)]	0			RUNTIME_DISPATCH		UNRESOLVED	METHOD_POINTER:UNKNOWN_CLASS_SOURCE:CLASS_NOT_AN_INTERFACE_POINTER	[Add]
Newtonsoft.Json.Serialization.JsonSerializerInternalReader::CreateObjectUsingCreatorWithParameters	CALL	v480 @ stack_-A0_v14	[v3753 @ X8_v153 (System.Int32)]	1			RUNTIME_DISPATCH		UNRESOLVED	METHOD_POINTER:UNKNOWN_CLASS_SOURCE:CLASS_NOT_AN_INTERFACE_POINTER	[Add]
Newtonsoft.Json.Serialization.JsonSerializerInternalReader::CreateObjectUsingCreatorWithParameters	CALL	v3432 @ X0_v150 (Newtonsoft.Json.Utilities.IWrappedCollection)	[v1056 @ X21_v26 (System.Int32)]	2			RUNTIME_DISPATCH		UNRESOLVED	METHOD_POINTER:UNKNOWN_CLASS_SOURCE:CLASS_NOT_AN_INTERFACE_POINTER	[Add]
Newtonsoft.Json.Serialization.JsonSerializerInternalReader::CreateObjectUsingCreatorWithParameters	CALL	v1048.<ValueProvider>k__BackingField (Newtonsoft.Json.Serialization.IValueProvider)	[v3251 @ X8_v89 (System.Int32)]	1			RUNTIME_DISPATCH		UNRESOLVED	METHOD_POINTER:UNKNOWN_CLASS_SOURCE:CLASS_NOT_AN_INTERFACE_POINTER	[Add]
Newtonsoft.Json.Serialization.JsonSerializerInternalReader::CreateObjectUsingCreatorWithParameters	CALL	v477 @ stack_-B0_v12	[v3466 @ X8_v103 (System.Int32)]	0			RUNTIME_DISPATCH		UNRESOLVED	METHOD_POINTER:UNKNOWN_CLASS_SOURCE:CLASS_NOT_AN_INTERFACE_POINTER	[Add]
Newtonsoft.Json.Serialization.JsonSerializerInternalReader::CreateObjectUsingCreatorWithParameters	CALL	v477 @ stack_-B0_v12	[v1057 @ X21_v22 (System.Int32)]	2			RUNTIME_DISPATCH		UNRESOLVED	METHOD_POINTER:UNKNOWN_CLASS_SOURCE:CLASS_NOT_AN_INTERFACE_POINTER	[Add]
Newtonsoft.Json.Serialization.JsonSerializerInternalReader::DeserializeConvertable	CALL	this.TraceWriter (Newtonsoft.Json.Serialization.ITraceWriter)	[v60 @ X27_v2 (System.Int32)]	0			RUNTIME_DISPATCH		UNRESOLVED	METHOD_POINTER:UNKNOWN_CLASS_SOURCE:CLASS_NOT_AN_INTERFACE_POINTER	[Add]
Newtonsoft.Json.Serialization.JsonSerializerInternalReader::DeserializeConvertable	CALL	v401 @ X24_v18 (Newtonsoft.Json.Serialization.ITraceWriter)	[v60 @ X27_v2 (System.Int32)]	1			RUNTIME_DISPATCH		UNRESOLVED	METHOD_POINTER:UNKNOWN_CLASS_SOURCE:CLASS_NOT_AN_INTERFACE_POINTER	[Add]
Newtonsoft.Json.Serialization.JsonSerializerInternalReader::DeserializeConvertable	CALL	this.TraceWriter (Newtonsoft.Json.Serialization.ITraceWriter)	[v60 @ X27_v2 (System.Int32)]	0			RUNTIME_DISPATCH		UNRESOLVED	METHOD_POINTER:UNKNOWN_CLASS_SOURCE:CLASS_NOT_AN_INTERFACE_POINTER	[Add]
Newtonsoft.Json.Serialization.JsonSerializerInternalReader::DeserializeConvertable	CALL	v482 @ X22_v5 (Newtonsoft.Json.Serialization.ITraceWriter)	[v60 @ X27_v2 (System.Int32)]	1			RUNTIME_DISPATCH		UNRESOLVED	METHOD_POINTER:UNKNOWN_CLASS_SOURCE:CLASS_NOT_AN_INTERFACE_POINTER	[Add]
Newtonsoft.Json.Serialization.JsonSerializerInternalReader::ResolvePropertyAndCreatorValues	CALL	v861.TraceWriter (Newtonsoft.Json.Serialization.ITraceWriter)	[v1150 @ X8_v86 (System.Int32)]	0			RUNTIME_DISPATCH		UNRESOLVED	METHOD_POINTER:UNKNOWN_CLASS_SOURCE:CLASS_NOT_AN_INTERFACE_POINTER	[Add]
Newtonsoft.Json.Serialization.JsonSerializerInternalReader::ResolvePropertyAndCreatorValues	CALL	v290 @ X22_v23 (Newtonsoft.Json.Serialization.ITraceWriter)	[v1466 @ X8_v101 (System.Int32)]	1			RUNTIME_DISPATCH		UNRESOLVED	METHOD_POINTER:UNKNOWN_CLASS_SOURCE:CLASS_NOT_AN_INTERFACE_POINTER	[Add]
UnityEngine.UI.ClipperRegistry::Cull	CALL	v118 @ X0_v7	[v85 @ X24_v5 (System.Int32)]	0			RUNTIME_DISPATCH		UNRESOLVED	METHOD_POINTER:UNKNOWN_CLASS_SOURCE:CLASS_NOT_AN_INTERFACE_POINTER	[Add]
Newtonsoft.Json.Serialization.JsonSerializerInternalReader::PopulateObject	CALL	v648.dict (System.Collections.Generic.Dictionary`2<System.String, Newtonsoft.Json.Serialization.JsonProperty>)	[v1196 @ X8_v141 (System.Int32)]	7			RUNTIME_DISPATCH		UNRESOLVED	METHOD_POINTER:UNKNOWN_CLASS_SOURCE:CLASS_NOT_AN_INTERFACE_POINTER	[Add]
Newtonsoft.Json.Serialization.JsonSerializerInternalReader::PopulateObject	CALL	this.TraceWriter (Newtonsoft.Json.Serialization.ITraceWriter)	[v1411 @ X8_v52 (System.Int32)]	0			RUNTIME_DISPATCH		UNRESOLVED	METHOD_POINTER:UNKNOWN_CLASS_SOURCE:CLASS_NOT_AN_INTERFACE_POINTER	[Add]
Newtonsoft.Json.Serialization.JsonSerializerInternalReader::PopulateObject	CALL	this.TraceWriter (Newtonsoft.Json.Serialization.ITraceWriter)	[v2021 @ X8_v68 (System.Int32)]	1			RUNTIME_DISPATCH		UNRESOLVED	METHOD_POINTER:UNKNOWN_CLASS_SOURCE:CLASS_NOT_AN_INTERFACE_POINTER	[Add]
Newtonsoft.Json.Serialization.JsonSerializerInternalReader::PopulateObject	CALL	v876._contractResolver (Newtonsoft.Json.Serialization.IContractResolver)	[v1965 @ X8_v133 (System.Int32)]	0			RUNTIME_DISPATCH		UNRESOLVED	METHOD_POINTER:UNKNOWN_CLASS_SOURCE:CLASS_NOT_AN_INTERFACE_POINTER	[Add]
Newtonsoft.Json.Serialization.JsonSerializerInternalReader::ShouldDeserialize	CALL	this.TraceWriter (Newtonsoft.Json.Serialization.ITraceWriter)	[v108 @ X25_v5 (System.Int32)]	0			RUNTIME_DISPATCH		UNRESOLVED	METHOD_POINTER:UNKNOWN_CLASS_SOURCE:CLASS_NOT_AN_INTERFACE_POINTER	[Add]
Newtonsoft.Json.Serialization.JsonSerializerInternalReader::ShouldDeserialize	CALL	v132 @ X21_v5 (Newtonsoft.Json.Serialization.ITraceWriter)	[v108 @ X25_v5 (System.Int32)]	1			RUNTIME_DISPATCH		UNRESOLVED	METHOD_POINTER:UNKNOWN_CLASS_SOURCE:CLASS_NOT_AN_INTERFACE_POINTER	[Add]
UnityEngine.UI.DefaultControls::CreateUIElementRoot	CALL	v111 @ X21_v4	[v117 @ X8_v5 (System.Int32)]	0			RUNTIME_DISPATCH		UNRESOLVED	METHOD_POINTER:UNKNOWN_CLASS_SOURCE:CLASS_NOT_AN_INTERFACE_POINTER	[Add]
UnityEngine.UI.DefaultControls::CreateUIObject	CALL	v226 @ X22_v3	[v112 @ X8_v18 (System.Int32)]	0			RUNTIME_DISPATCH		UNRESOLVED	METHOD_POINTER:UNKNOWN_CLASS_SOURCE:CLASS_NOT_AN_INTERFACE_POINTER	[Add]
Newtonsoft.Json.Serialization.JsonSerializerInternalWriter::GetContract	TAIL	v53 @ X19_v3 (Newtonsoft.Json.Serialization.IContractResolver)	[v121 @ X8_v5 (System.Int32)]	0			RUNTIME_DISPATCH		UNRESOLVED	METHOD_POINTER:UNKNOWN_CLASS_SOURCE:CLASS_NOT_AN_INTERFACE_POINTER	[Add]
Newtonsoft.Json.Serialization.JsonSerializerInternalWriter::ShouldWriteReference	CALL	v150 @ X0_v10 (Newtonsoft.Json.Serialization.IReferenceResolver)	[v312 @ X8_v15 (System.Int32)]	2			RUNTIME_DISPATCH		UNRESOLVED	METHOD_POINTER:UNKNOWN_CLASS_SOURCE:CLASS_NOT_AN_INTERFACE_POINTER	[Add]
Newtonsoft.Json.Serialization.JsonSerializerInternalWriter::WriteReference	CALL	this.TraceWriter (Newtonsoft.Json.Serialization.ITraceWriter)	[v67 @ X25_v5 (System.Int32)]	0			RUNTIME_DISPATCH		UNRESOLVED	METHOD_POINTER:UNKNOWN_CLASS_SOURCE:CLASS_NOT_AN_INTERFACE_POINTER	[Add]
Newtonsoft.Json.Serialization.JsonSerializerInternalWriter::WriteReference	CALL	v163 @ X22_v5 (Newtonsoft.Json.Serialization.ITraceWriter)	[v67 @ X25_v5 (System.Int32)]	1			RUNTIME_DISPATCH		UNRESOLVED	METHOD_POINTER:UNKNOWN_CLASS_SOURCE:CLASS_NOT_AN_INTERFACE_POINTER	[Add]
Newtonsoft.Json.Serialization.JsonSerializerInternalWriter::GetReference	CALL	v47 @ X0_v9 (Newtonsoft.Json.Serialization.IReferenceResolver)	[v52 @ X8_v4 (System.Int32)]	1			RUNTIME_DISPATCH		UNRESOLVED	METHOD_POINTER:UNKNOWN_CLASS_SOURCE:CLASS_NOT_AN_INTERFACE_POINTER	[Add]
Newtonsoft.Json.Serialization.JsonSerializerInternalWriter::OnSerializing	CALL	this.TraceWriter (Newtonsoft.Json.Serialization.ITraceWriter)	[v60 @ X25_v5 (System.Int32)]	0			RUNTIME_DISPATCH		UNRESOLVED	METHOD_POINTER:UNKNOWN_CLASS_SOURCE:CLASS_NOT_AN_INTERFACE_POINTER	[Add]
Newtonsoft.Json.Serialization.JsonSerializerInternalWriter::OnSerializing	CALL	v154 @ X22_v6 (Newtonsoft.Json.Serialization.ITraceWriter)	[v60 @ X25_v5 (System.Int32)]	1			RUNTIME_DISPATCH		UNRESOLVED	METHOD_POINTER:UNKNOWN_CLASS_SOURCE:CLASS_NOT_AN_INTERFACE_POINTER	[Add]
Newtonsoft.Json.Serialization.JsonSerializerInternalWriter::OnSerialized	CALL	this.TraceWriter (Newtonsoft.Json.Serialization.ITraceWriter)	[v60 @ X25_v5 (System.Int32)]	0			RUNTIME_DISPATCH		UNRESOLVED	METHOD_POINTER:UNKNOWN_CLASS_SOURCE:CLASS_NOT_AN_INTERFACE_POINTER	[Add]
Newtonsoft.Json.Serialization.JsonSerializerInternalWriter::OnSerialized	CALL	v154 @ X22_v6 (Newtonsoft.Json.Serialization.ITraceWriter)	[v60 @ X25_v5 (System.Int32)]	1			RUNTIME_DISPATCH		UNRESOLVED	METHOD_POINTER:UNKNOWN_CLASS_SOURCE:CLASS_NOT_AN_INTERFACE_POINTER	[Add]
Newtonsoft.Json.Serialization.JsonSerializerInternalWriter::SerializeObject	CALL	v526 @ X0_v46	[v557 @ X8_v30 (System.Int32)]	0			RUNTIME_DISPATCH		UNRESOLVED	METHOD_POINTER:UNKNOWN_CLASS_SOURCE:CLASS_NOT_AN_INTERFACE_POINTER	[Add]
Newtonsoft.Json.Serialization.JsonSerializerInternalWriter::SerializeObject	CALL	v858 @ X24_v14	[v259 @ X28_v12 (System.Int32)]	0			RUNTIME_DISPATCH		UNRESOLVED	METHOD_POINTER:UNKNOWN_CLASS_SOURCE:CLASS_NOT_AN_INTERFACE_POINTER	[Add]
Newtonsoft.Json.Serialization.JsonSerializerInternalWriter::SerializeObject	CALL	v246 @ stack_-78_v10	[v924 @ X8_v41 (System.Int32)]	0			RUNTIME_DISPATCH		UNRESOLVED	METHOD_POINTER:UNKNOWN_CLASS_SOURCE:CLASS_NOT_AN_INTERFACE_POINTER	[Add]
Newtonsoft.Json.Serialization.JsonSerializerInternalWriter::SerializeObject	CALL	[v600 @ X8_v39]	[v609 @ X8_v18 (System.Int32)]	0			RUNTIME_DISPATCH		UNRESOLVED	METHOD_POINTER:UNKNOWN_CLASS_SOURCE:CLASS_NOT_AN_INTERFACE_POINTER	[Add]
Newtonsoft.Json.Serialization.JsonSerializerInternalWriter::CalculatePropertyValues	CALL	v127 @ X28_v8 (Newtonsoft.Json.Serialization.IContractResolver)	[v539 @ X8_v32 (System.Int32)]	0			RUNTIME_DISPATCH		UNRESOLVED	METHOD_POINTER:UNKNOWN_CLASS_SOURCE:CLASS_NOT_AN_INTERFACE_POINTER	[Add]
Newtonsoft.Json.Serialization.JsonSerializerInternalWriter::CalculatePropertyValues	CALL	v128 @ X28_v7 (Newtonsoft.Json.Serialization.IValueProvider)	[v512 @ X8_v12 (System.Int32)]	1			RUNTIME_DISPATCH		UNRESOLVED	METHOD_POINTER:UNKNOWN_CLASS_SOURCE:CLASS_NOT_AN_INTERFACE_POINTER	[Add]
Newtonsoft.Json.Serialization.JsonSerializerInternalWriter::WriteReferenceIdProperty	CALL	this.TraceWriter (Newtonsoft.Json.Serialization.ITraceWriter)	[v64 @ X24_v5 (System.Int32)]	0			RUNTIME_DISPATCH		UNRESOLVED	METHOD_POINTER:UNKNOWN_CLASS_SOURCE:CLASS_NOT_AN_INTERFACE_POINTER	[Add]
Newtonsoft.Json.Serialization.JsonSerializerInternalWriter::WriteReferenceIdProperty	CALL	v158 @ X22_v5 (Newtonsoft.Json.Serialization.ITraceWriter)	[v64 @ X24_v5 (System.Int32)]	1			RUNTIME_DISPATCH		UNRESOLVED	METHOD_POINTER:UNKNOWN_CLASS_SOURCE:CLASS_NOT_AN_INTERFACE_POINTER	[Add]
Newtonsoft.Json.Serialization.JsonSerializerInternalWriter::WriteTypeProperty	CALL	this.TraceWriter (Newtonsoft.Json.Serialization.ITraceWriter)	[v114 @ X24_v5 (System.Int32)]	0			RUNTIME_DISPATCH		UNRESOLVED	METHOD_POINTER:UNKNOWN_CLASS_SOURCE:CLASS_NOT_AN_INTERFACE_POINTER	[Add]
Newtonsoft.Json.Serialization.JsonSerializerInternalWriter::WriteTypeProperty	CALL	v151 @ X22_v5 (Newtonsoft.Json.Serialization.ITraceWriter)	[v114 @ X24_v5 (System.Int32)]	1			RUNTIME_DISPATCH		UNRESOLVED	METHOD_POINTER:UNKNOWN_CLASS_SOURCE:CLASS_NOT_AN_INTERFACE_POINTER	[Add]
Newtonsoft.Json.Serialization.JsonSerializerInternalWriter::SerializeConvertable	CALL	v350 @ X23_v17 (Newtonsoft.Json.Serialization.ITraceWriter)	[v284 @ X27_v6 (System.Int32)]	0			RUNTIME_DISPATCH		UNRESOLVED	METHOD_POINTER:UNKNOWN_CLASS_SOURCE:CLASS_NOT_AN_INTERFACE_POINTER	[Add]
Newtonsoft.Json.Serialization.JsonSerializerInternalWriter::SerializeConvertable	CALL	this.TraceWriter (Newtonsoft.Json.Serialization.ITraceWriter)	[v342 @ X25_v8 (System.Int32)]	0			RUNTIME_DISPATCH		UNRESOLVED	METHOD_POINTER:UNKNOWN_CLASS_SOURCE:CLASS_NOT_AN_INTERFACE_POINTER	[Add]
Newtonsoft.Json.Serialization.JsonSerializerInternalWriter::SerializeConvertable	CALL	v351 @ X23_v18 (Newtonsoft.Json.Serialization.ITraceWriter)	[v284 @ X27_v6 (System.Int32)]	1			RUNTIME_DISPATCH		UNRESOLVED	METHOD_POINTER:UNKNOWN_CLASS_SOURCE:CLASS_NOT_AN_INTERFACE_POINTER	[Add]
Newtonsoft.Json.Serialization.JsonSerializerInternalWriter::SerializeConvertable	CALL	v355 @ X23_v10 (Newtonsoft.Json.Serialization.ITraceWriter)	[v342 @ X25_v8 (System.Int32)]	1			RUNTIME_DISPATCH		UNRESOLVED	METHOD_POINTER:UNKNOWN_CLASS_SOURCE:CLASS_NOT_AN_INTERFACE_POINTER	[Add]
UnityEngine.UI.CanvasUpdateRegistry::CleanInvalidItems	CALL	v254 @ X0_v6	[v57 @ X24_v3 (System.Int32)]	2			RUNTIME_DISPATCH		UNRESOLVED	METHOD_POINTER:UNKNOWN_CLASS_SOURCE:CLASS_NOT_AN_INTERFACE_POINTER	[Add]
UnityEngine.UI.CanvasUpdateRegistry::CleanInvalidItems	CALL	v254 @ X0_v6	[v57 @ X24_v3 (System.Int32)]	4			RUNTIME_DISPATCH		UNRESOLVED	METHOD_POINTER:UNKNOWN_CLASS_SOURCE:CLASS_NOT_AN_INTERFACE_POINTER	[Add]
UnityEngine.UI.CanvasUpdateRegistry::CleanInvalidItems	CALL	v332 @ X0_v27	[v57 @ X24_v3 (System.Int32)]	3			RUNTIME_DISPATCH		UNRESOLVED	METHOD_POINTER:UNKNOWN_CLASS_SOURCE:CLASS_NOT_AN_INTERFACE_POINTER	[Add]
UnityEngine.UI.CanvasUpdateRegistry::CleanInvalidItems	CALL	v332 @ X0_v27	[v57 @ X24_v3 (System.Int32)]	4			RUNTIME_DISPATCH		UNRESOLVED	METHOD_POINTER:UNKNOWN_CLASS_SOURCE:CLASS_NOT_AN_INTERFACE_POINTER	[Add]
Newtonsoft.Json.Serialization.JsonSerializerInternalWriter::SerializeList	CALL	v68 @ X0_v3	[v43 @ X28_v2 (System.Int32)]	0			RUNTIME_DISPATCH		UNRESOLVED	METHOD_POINTER:UNKNOWN_CLASS_SOURCE:CLASS_NOT_AN_INTERFACE_POINTER	[Add]
Newtonsoft.Json.Serialization.JsonSerializerInternalWriter::SerializeList	CALL	values @ X2 (System.Collections.IEnumerable)	[v543 @ X8_v29 (System.Int32)]	0			RUNTIME_DISPATCH		UNRESOLVED	METHOD_POINTER:UNKNOWN_CLASS_SOURCE:CLASS_NOT_AN_INTERFACE_POINTER	[Add]
Newtonsoft.Json.Serialization.JsonSerializerInternalWriter::SerializeList	CALL	v600 @ X26_v12	[v517 @ X25_v11 (System.Int32)]	0			RUNTIME_DISPATCH		UNRESOLVED	METHOD_POINTER:UNKNOWN_CLASS_SOURCE:CLASS_NOT_AN_INTERFACE_POINTER	[Add]
Newtonsoft.Json.Serialization.JsonSerializerInternalWriter::SerializeList	CALL	v447 @ stack_-68_v8	[v517 @ X25_v11 (System.Int32)]	1			RUNTIME_DISPATCH		UNRESOLVED	METHOD_POINTER:UNKNOWN_CLASS_SOURCE:CLASS_NOT_AN_INTERFACE_POINTER	[Add]
Newtonsoft.Json.Serialization.JsonSerializerInternalWriter::SerializeList	CALL	v607 @ X0_v9	[v291 @ X26_v4 (System.Int32)]	0			RUNTIME_DISPATCH		UNRESOLVED	METHOD_POINTER:UNKNOWN_CLASS_SOURCE:CLASS_NOT_AN_INTERFACE_POINTER	[Add]
UnityEngine.UI.CanvasUpdateRegistry::PerformUpdate	CALL	v415 @ X0_v20 (UnityEngine.Object)	v581 @ X1_v16	0			RUNTIME_DISPATCH		UNRESOLVED	METHOD_POINTER:UNKNOWN_CLASS_SOURCE:CLASS_NOT_AN_INTERFACE_POINTER	{[Add] | {[Add] | [Add]} | [Add]}
UnityEngine.UI.CanvasUpdateRegistry::PerformUpdate	CALL	v311 @ X0_v111	[v86 @ X21_v3 (System.Int32)]	2			RUNTIME_DISPATCH		UNRESOLVED	METHOD_POINTER:UNKNOWN_CLASS_SOURCE:CLASS_NOT_AN_INTERFACE_POINTER	[Add]
UnityEngine.UI.CanvasUpdateRegistry::PerformUpdate	CALL	v815 @ X0_v87 (UnityEngine.Object)	v1016 @ X1_v47	0			RUNTIME_DISPATCH		UNRESOLVED	METHOD_POINTER:UNKNOWN_CLASS_SOURCE:CLASS_NOT_AN_INTERFACE_POINTER	{[Add] | {[Add] | [Add]} | [Add]}
UnityEngine.UI.CanvasUpdateRegistry::PerformUpdate	CALL	v859 @ X0_v63 (UnityEngine.Object)	v1256 @ X1_v38	0			RUNTIME_DISPATCH		UNRESOLVED	METHOD_POINTER:UNKNOWN_CLASS_SOURCE:CLASS_NOT_AN_INTERFACE_POINTER	{[Add] | {[Add] | [Add]} | [Add]}
UnityEngine.UI.CanvasUpdateRegistry::PerformUpdate	CALL	v318 @ X0_v53	[v86 @ X21_v3 (System.Int32)]	3			RUNTIME_DISPATCH		UNRESOLVED	METHOD_POINTER:UNKNOWN_CLASS_SOURCE:CLASS_NOT_AN_INTERFACE_POINTER	[Add]
UnityEngine.UI.CanvasUpdateRegistry::SortLayoutList	CALL	x @ X0 (UnityEngine.UI.ICanvasElement)	[v48 @ X21_v7 (System.Int32)]	1			RUNTIME_DISPATCH		UNRESOLVED	METHOD_POINTER:UNKNOWN_CLASS_SOURCE:CLASS_NOT_AN_INTERFACE_POINTER	[Add]
UnityEngine.UI.CanvasUpdateRegistry::SortLayoutList	CALL	y @ X1 (UnityEngine.UI.ICanvasElement)	[v48 @ X21_v7 (System.Int32)]	1			RUNTIME_DISPATCH		UNRESOLVED	METHOD_POINTER:UNKNOWN_CLASS_SOURCE:CLASS_NOT_AN_INTERFACE_POINTER	[Add]
Newtonsoft.Json.Serialization.JsonSerializerInternalWriter::WriteStartArray	CALL	v220 @ X20_v4 (Newtonsoft.Json.Serialization.IContractResolver)	[v420 @ X8_v10 (System.Int32)]	0			RUNTIME_DISPATCH		UNRESOLVED	METHOD_POINTER:UNKNOWN_CLASS_SOURCE:CLASS_NOT_AN_INTERFACE_POINTER	[Add]
UnityEngine.UI.CanvasUpdateRegistry::InternalUnRegisterCanvasElementForLayoutRebuild	CALL	element @ X1 (UnityEngine.UI.ICanvasElement)	[v66 @ X8_v6 (System.Int32)]	2			RUNTIME_DISPATCH		UNRESOLVED	METHOD_POINTER:UNKNOWN_CLASS_SOURCE:CLASS_NOT_AN_INTERFACE_POINTER	[Add]
UnityEngine.UI.CanvasUpdateRegistry::InternalUnRegisterCanvasElementForGraphicRebuild	CALL	element @ X1 (UnityEngine.UI.ICanvasElement)	[v66 @ X8_v6 (System.Int32)]	3			RUNTIME_DISPATCH		UNRESOLVED	METHOD_POINTER:UNKNOWN_CLASS_SOURCE:CLASS_NOT_AN_INTERFACE_POINTER	[Add]
Newtonsoft.Json.Serialization.JsonSerializerInternalWriter::SerializeISerializable	CALL	v272 @ X20_v3 (System.Runtime.Serialization.ISerializable)	[v455 @ X9_v4 (System.Int32)]	0			RUNTIME_DISPATCH		UNRESOLVED	METHOD_POINTER:UNKNOWN_CLASS_SOURCE:CLASS_NOT_AN_INTERFACE_POINTER	[Add]
UnityEngine.UI.CanvasUpdateRegistry::InternalDisableCanvasElementForLayoutRebuild	CALL	element @ X1 (UnityEngine.UI.ICanvasElement)	[v66 @ X8_v6 (System.Int32)]	2			RUNTIME_DISPATCH		UNRESOLVED	METHOD_POINTER:UNKNOWN_CLASS_SOURCE:CLASS_NOT_AN_INTERFACE_POINTER	[Add]
UnityEngine.UI.CanvasUpdateRegistry::InternalDisableCanvasElementForGraphicRebuild	CALL	element @ X1 (UnityEngine.UI.ICanvasElement)	[v66 @ X8_v6 (System.Int32)]	3			RUNTIME_DISPATCH		UNRESOLVED	METHOD_POINTER:UNKNOWN_CLASS_SOURCE:CLASS_NOT_AN_INTERFACE_POINTER	[Add]
UnityEngine.UI.Graphic::get_materialForRendering	CALL	v151 @ X0_v19	[v112 @ X25_v5 (System.Int32)]	0			RUNTIME_DISPATCH		UNRESOLVED	METHOD_POINTER:UNKNOWN_CLASS_SOURCE:CLASS_NOT_AN_INTERFACE_POINTER	[Add]
Newtonsoft.Json.Serialization.JsonSerializerInternalWriter::SerializeDynamic	CALL	v223 @ X0_v44 (System.Collections.Generic.IEnumerable`1<System.String>)	[v119 @ X28_v8 (System.Int32)]	0			RUNTIME_DISPATCH		UNRESOLVED	METHOD_POINTER:UNKNOWN_CLASS_SOURCE:CLASS_NOT_AN_INTERFACE_POINTER	[Add]
Newtonsoft.Json.Serialization.JsonSerializerInternalWriter::SerializeDynamic	CALL	v885 @ X24_v15	[v887 @ X8_v35 (System.Int32)]	0			RUNTIME_DISPATCH		UNRESOLVED	METHOD_POINTER:UNKNOWN_CLASS_SOURCE:CLASS_NOT_AN_INTERFACE_POINTER	[Add]
Newtonsoft.Json.Serialization.JsonSerializerInternalWriter::SerializeDynamic	CALL	v261 @ stack_-78_v8	[v956 @ X8_v41 (System.Int32)]	0			RUNTIME_DISPATCH		UNRESOLVED	METHOD_POINTER:UNKNOWN_CLASS_SOURCE:CLASS_NOT_AN_INTERFACE_POINTER	[Add]
Newtonsoft.Json.Serialization.JsonSerializerInternalWriter::SerializeDynamic	CALL	v539 @ X23_v8	[v545 @ X8_v18 (System.Int32)]	0			RUNTIME_DISPATCH		UNRESOLVED	METHOD_POINTER:UNKNOWN_CLASS_SOURCE:CLASS_NOT_AN_INTERFACE_POINTER	[Add]
UnityEngine.UI.Graphic::DoMeshGeneration	CALL	v419 @ X0_v91	[v261 @ X27_v7 (System.Int32)]	1			RUNTIME_DISPATCH		UNRESOLVED	METHOD_POINTER:UNKNOWN_CLASS_SOURCE:CLASS_NOT_AN_INTERFACE_POINTER	[Add]
UnityEngine.UI.Graphic::DoLegacyMeshGeneration	CALL	v412 @ X0_v85	[v265 @ X27_v7 (System.Int32)]	0			RUNTIME_DISPATCH		UNRESOLVED	METHOD_POINTER:UNKNOWN_CLASS_SOURCE:CLASS_NOT_AN_INTERFACE_POINTER	[Add]
UnityEngine.UI.Graphic::Raycast	CALL	v661 @ X0_v42	[v149 @ X28_v7 (System.Int32)]	0			RUNTIME_DISPATCH		UNRESOLVED	METHOD_POINTER:UNKNOWN_CLASS_SOURCE:CLASS_NOT_AN_INTERFACE_POINTER	[Add]
UnityEngine.UI.Graphic::Raycast	CALL	v661 @ X0_v42	[v149 @ X28_v7 (System.Int32)]	0			RUNTIME_DISPATCH		UNRESOLVED	METHOD_POINTER:UNKNOWN_CLASS_SOURCE:CLASS_NOT_AN_INTERFACE_POINTER	[Add]
UnityEngine.UI.Graphic::Raycast	CALL	v661 @ X0_v42	[v149 @ X28_v7 (System.Int32)]	0			RUNTIME_DISPATCH		UNRESOLVED	METHOD_POINTER:UNKNOWN_CLASS_SOURCE:CLASS_NOT_AN_INTERFACE_POINTER	[Add]
UnityEngine.UI.InputField::LateUpdate	CALL	v811 @ X21_v14	[v822 @ X8_v49 (System.Int32)]	0			RUNTIME_DISPATCH		UNRESOLVED	METHOD_POINTER:UNKNOWN_CLASS_SOURCE:CLASS_NOT_AN_INTERFACE_POINTER	[Add]
UnityEngine.UI.InputField::GetUnclampedCharacterLineFromPosition	CALL	v137 @ X0_v14 (System.Collections.Generic.IList`1<UnityEngine.UILineInfo>)	[v101 @ X23_v7 (System.Int32)]	0			RUNTIME_DISPATCH		UNRESOLVED	METHOD_POINTER:UNKNOWN_CLASS_SOURCE:CLASS_NOT_AN_INTERFACE_POINTER	[Add]
UnityEngine.UI.InputField::GetUnclampedCharacterLineFromPosition	CALL	v138 @ X0_v19 (System.Collections.Generic.IList`1<UnityEngine.UILineInfo>)	[v101 @ X23_v7 (System.Int32)]	0			RUNTIME_DISPATCH		UNRESOLVED	METHOD_POINTER:UNKNOWN_CLASS_SOURCE:CLASS_NOT_AN_INTERFACE_POINTER	[Add]
UnityEngine.UI.InputField::GetCharacterIndexFromPosition	CALL	v186 @ X0_v27 (System.Collections.Generic.IList`1<UnityEngine.UICharInfo>)	[v85 @ X24_v6 (System.Int32)]	0			RUNTIME_DISPATCH		UNRESOLVED	METHOD_POINTER:UNKNOWN_CLASS_SOURCE:CLASS_NOT_AN_INTERFACE_POINTER	[Add]
UnityEngine.UI.InputField::GetCharacterIndexFromPosition	CALL	v185 @ X0_v17 (System.Collections.Generic.IList`1<UnityEngine.UILineInfo>)	[v383 @ X8_v6 (System.Int32)]	0			RUNTIME_DISPATCH		UNRESOLVED	METHOD_POINTER:UNKNOWN_CLASS_SOURCE:CLASS_NOT_AN_INTERFACE_POINTER	[Add]
UnityEngine.UI.GraphicRaycaster::Raycast	CALL	v710 @ X0_v10 (System.Collections.Generic.IList`1<UnityEngine.UI.Graphic>)	[v713 @ X8_v9 (System.Int32)]	0			RUNTIME_DISPATCH		UNRESOLVED	METHOD_POINTER:UNKNOWN_CLASS_SOURCE:CLASS_NOT_AN_INTERFACE_POINTER	[Add]
UnityEngine.UI.GraphicRaycaster::Raycast	CALL	foundGraphics @ X2 (System.Collections.Generic.IList`1<UnityEngine.UI.Graphic>)	[v76 @ X8_v13 (System.Int32)]	0			RUNTIME_DISPATCH		UNRESOLVED	METHOD_POINTER:UNKNOWN_CLASS_SOURCE:CLASS_NOT_AN_INTERFACE_POINTER	[Add]
UnityEngine.UI.GraphicRaycaster::Raycast	CALL	foundGraphics @ X2 (System.Collections.Generic.IList`1<UnityEngine.UI.Graphic>)	[v171 @ X24_v9 (System.Int32)]	0			RUNTIME_DISPATCH		UNRESOLVED	METHOD_POINTER:UNKNOWN_CLASS_SOURCE:CLASS_NOT_AN_INTERFACE_POINTER	[Add]
UnityEngine.UI.InputField::DetermineCharacterLine	CALL	v103 @ X0_v12 (System.Collections.Generic.IList`1<UnityEngine.UILineInfo>)	[v50 @ X24_v3 (System.Int32)]	0			RUNTIME_DISPATCH		UNRESOLVED	METHOD_POINTER:UNKNOWN_CLASS_SOURCE:CLASS_NOT_AN_INTERFACE_POINTER	[Add]
UnityEngine.UI.InputField::LineUpCharacterPosition	CALL	v97 @ X0_v4 (System.Collections.Generic.IList`1<UnityEngine.UICharInfo>)	[v114 @ X8_v5 (System.Int32)]	0			RUNTIME_DISPATCH		UNRESOLVED	METHOD_POINTER:UNKNOWN_CLASS_SOURCE:CLASS_NOT_AN_INTERFACE_POINTER	[Add]
UnityEngine.UI.InputField::LineUpCharacterPosition	CALL	v233 @ X0_v45 (System.Collections.Generic.IList`1<UnityEngine.UICharInfo>)	[v144 @ X25_v5 (System.Int32)]	0			RUNTIME_DISPATCH		UNRESOLVED	METHOD_POINTER:UNKNOWN_CLASS_SOURCE:CLASS_NOT_AN_INTERFACE_POINTER	[Add]
UnityEngine.UI.InputField::LineUpCharacterPosition	CALL	v227 @ X0_v12 (System.Collections.Generic.IList`1<UnityEngine.UICharInfo>)	[v144 @ X25_v5 (System.Int32)]	0			RUNTIME_DISPATCH		UNRESOLVED	METHOD_POINTER:UNKNOWN_CLASS_SOURCE:CLASS_NOT_AN_INTERFACE_POINTER	[Add]
UnityEngine.UI.InputField::LineUpCharacterPosition	CALL	v229 @ X0_v30 (System.Collections.Generic.IList`1<UnityEngine.UILineInfo>)	[v130 @ X23_v5 (System.Int32)]	0			RUNTIME_DISPATCH		UNRESOLVED	METHOD_POINTER:UNKNOWN_CLASS_SOURCE:CLASS_NOT_AN_INTERFACE_POINTER	[Add]
UnityEngine.UI.InputField::LineUpCharacterPosition	CALL	v231 @ X0_v37 (System.Collections.Generic.IList`1<UnityEngine.UILineInfo>)	[v130 @ X23_v5 (System.Int32)]	0			RUNTIME_DISPATCH		UNRESOLVED	METHOD_POINTER:UNKNOWN_CLASS_SOURCE:CLASS_NOT_AN_INTERFACE_POINTER	[Add]
UnityEngine.UI.InputField::LineDownCharacterPosition	CALL	v262 @ X0_v26 (System.Collections.Generic.IList`1<UnityEngine.UICharInfo>)	[v146 @ X26_v6 (System.Int32)]	0			RUNTIME_DISPATCH		UNRESOLVED	METHOD_POINTER:UNKNOWN_CLASS_SOURCE:CLASS_NOT_AN_INTERFACE_POINTER	[Add]
UnityEngine.UI.InputField::LineDownCharacterPosition	CALL	v257 @ X0_v11 (System.Collections.Generic.IList`1<UnityEngine.UICharInfo>)	[v146 @ X26_v6 (System.Int32)]	0			RUNTIME_DISPATCH		UNRESOLVED	METHOD_POINTER:UNKNOWN_CLASS_SOURCE:CLASS_NOT_AN_INTERFACE_POINTER	[Add]
UnityEngine.UI.InputField::LineDownCharacterPosition	CALL	v260 @ X0_v18 (System.Collections.Generic.IList`1<UnityEngine.UILineInfo>)	[v673 @ X8_v18 (System.Int32)]	0			RUNTIME_DISPATCH		UNRESOLVED	METHOD_POINTER:UNKNOWN_CLASS_SOURCE:CLASS_NOT_AN_INTERFACE_POINTER	[Add]
UnityEngine.UI.LayoutGroup::CalculateLayoutInputHorizontal	CALL	v335 @ X0_v49	[v123 @ X28_v5 (System.Int32)]	0			RUNTIME_DISPATCH		UNRESOLVED	METHOD_POINTER:UNKNOWN_CLASS_SOURCE:CLASS_NOT_AN_INTERFACE_POINTER	[Add]
UnityEngine.UI.LayoutRebuilder+<>c::<Rebuild>b__12_0	TAIL	v51 @ X0_v6	[v19 @ X20_v2 (System.Int32)]	0			RUNTIME_DISPATCH		UNRESOLVED	METHOD_POINTER:UNKNOWN_CLASS_SOURCE:CLASS_NOT_AN_INTERFACE_POINTER	[Add]
UnityEngine.UI.LayoutRebuilder+<>c::<Rebuild>b__12_1	TAIL	v51 @ X0_v6	[v19 @ X20_v2 (System.Int32)]	0			RUNTIME_DISPATCH		UNRESOLVED	METHOD_POINTER:UNKNOWN_CLASS_SOURCE:CLASS_NOT_AN_INTERFACE_POINTER	[Add]
UnityEngine.UI.LayoutRebuilder+<>c::<Rebuild>b__12_2	TAIL	v51 @ X0_v6	[v19 @ X20_v2 (System.Int32)]	1			RUNTIME_DISPATCH		UNRESOLVED	METHOD_POINTER:UNKNOWN_CLASS_SOURCE:CLASS_NOT_AN_INTERFACE_POINTER	[Add]
UnityEngine.UI.LayoutRebuilder+<>c::<Rebuild>b__12_3	TAIL	v51 @ X0_v6	[v19 @ X20_v2 (System.Int32)]	1			RUNTIME_DISPATCH		UNRESOLVED	METHOD_POINTER:UNKNOWN_CLASS_SOURCE:CLASS_NOT_AN_INTERFACE_POINTER	[Add]
UnityEngine.UI.InputField::GetLineStartPosition	CALL	v49 @ X0_v5 (System.Collections.Generic.IList`1<UnityEngine.UILineInfo>)	[v105 @ X8_v5 (System.Int32)]	0			RUNTIME_DISPATCH		UNRESOLVED	METHOD_POINTER:UNKNOWN_CLASS_SOURCE:CLASS_NOT_AN_INTERFACE_POINTER	[Add]
UnityEngine.UI.InputField::GetLineStartPosition	CALL	v94 @ X0_v10 (System.Collections.Generic.IList`1<UnityEngine.UILineInfo>)	[v224 @ X8_v10 (System.Int32)]	0			RUNTIME_DISPATCH		UNRESOLVED	METHOD_POINTER:UNKNOWN_CLASS_SOURCE:CLASS_NOT_AN_INTERFACE_POINTER	[Add]
UnityEngine.UI.InputField::GetLineEndPosition	CALL	v49 @ X0_v5 (System.Collections.Generic.IList`1<UnityEngine.UILineInfo>)	[v107 @ X8_v5 (System.Int32)]	0			RUNTIME_DISPATCH		UNRESOLVED	METHOD_POINTER:UNKNOWN_CLASS_SOURCE:CLASS_NOT_AN_INTERFACE_POINTER	[Add]
UnityEngine.UI.InputField::GetLineEndPosition	CALL	v94 @ X0_v11 (System.Collections.Generic.IList`1<UnityEngine.UILineInfo>)	[v279 @ X8_v10 (System.Int32)]	0			RUNTIME_DISPATCH		UNRESOLVED	METHOD_POINTER:UNKNOWN_CLASS_SOURCE:CLASS_NOT_AN_INTERFACE_POINTER	[Add]
UnityEngine.UI.MaskUtilities::Notify2DMaskStateChanged	CALL	v348 @ X0_v25	[v113 @ X27_v5 (System.Int32)]	1			RUNTIME_DISPATCH		UNRESOLVED	METHOD_POINTER:UNKNOWN_CLASS_SOURCE:CLASS_NOT_AN_INTERFACE_POINTER	[Add]
UnityEngine.UI.LayoutUtility+<>c::<GetMinWidth>b__3_0	TAIL	e @ X1 (UnityEngine.UI.ILayoutElement)	[v40 @ X8_v4 (System.Int32)]	2			RUNTIME_DISPATCH		UNRESOLVED	METHOD_POINTER:UNKNOWN_CLASS_SOURCE:CLASS_NOT_AN_INTERFACE_POINTER	[Add]
UnityEngine.UI.MaskUtilities::NotifyStencilStateChanged	CALL	v348 @ X0_v25	[v113 @ X27_v5 (System.Int32)]	0			RUNTIME_DISPATCH		UNRESOLVED	METHOD_POINTER:UNKNOWN_CLASS_SOURCE:CLASS_NOT_AN_INTERFACE_POINTER	[Add]
UnityEngine.UI.LayoutUtility+<>c::<GetPreferredWidth>b__4_0	TAIL	e @ X1 (UnityEngine.UI.ILayoutElement)	[v40 @ X8_v4 (System.Int32)]	2			RUNTIME_DISPATCH		UNRESOLVED	METHOD_POINTER:UNKNOWN_CLASS_SOURCE:CLASS_NOT_AN_INTERFACE_POINTER	[Add]
UnityEngine.UI.LayoutUtility+<>c::<GetPreferredWidth>b__4_1	TAIL	e @ X1 (UnityEngine.UI.ILayoutElement)	[v40 @ X8_v4 (System.Int32)]	3			RUNTIME_DISPATCH		UNRESOLVED	METHOD_POINTER:UNKNOWN_CLASS_SOURCE:CLASS_NOT_AN_INTERFACE_POINTER	[Add]
UnityEngine.UI.LayoutUtility+<>c::<GetFlexibleWidth>b__5_0	TAIL	e @ X1 (UnityEngine.UI.ILayoutElement)	[v40 @ X8_v4 (System.Int32)]	4			RUNTIME_DISPATCH		UNRESOLVED	METHOD_POINTER:UNKNOWN_CLASS_SOURCE:CLASS_NOT_AN_INTERFACE_POINTER	[Add]
UnityEngine.UI.LayoutUtility+<>c::<GetMinHeight>b__6_0	TAIL	e @ X1 (UnityEngine.UI.ILayoutElement)	[v40 @ X8_v4 (System.Int32)]	5			RUNTIME_DISPATCH		UNRESOLVED	METHOD_POINTER:UNKNOWN_CLASS_SOURCE:CLASS_NOT_AN_INTERFACE_POINTER	[Add]
UnityEngine.UI.MaskUtilities::GetRectMaskForClippable	CALL	clippable @ X0 (UnityEngine.UI.IClippable)	[v98 @ X28_v3 (System.Int32)]	0			RUNTIME_DISPATCH		UNRESOLVED	METHOD_POINTER:UNKNOWN_CLASS_SOURCE:CLASS_NOT_AN_INTERFACE_POINTER	[Add]
UnityEngine.UI.MaskUtilities::GetRectMaskForClippable	CALL	clippable @ X0 (UnityEngine.UI.IClippable)	[v98 @ X28_v3 (System.Int32)]	0			RUNTIME_DISPATCH		UNRESOLVED	METHOD_POINTER:UNKNOWN_CLASS_SOURCE:CLASS_NOT_AN_INTERFACE_POINTER	[Add]
UnityEngine.UI.MaskUtilities::GetRectMaskForClippable	CALL	clippable @ X0 (UnityEngine.UI.IClippable)	[v98 @ X28_v3 (System.Int32)]	0			RUNTIME_DISPATCH		UNRESOLVED	METHOD_POINTER:UNKNOWN_CLASS_SOURCE:CLASS_NOT_AN_INTERFACE_POINTER	[Add]
UnityEngine.UI.LayoutUtility+<>c::<GetPreferredHeight>b__7_0	TAIL	e @ X1 (UnityEngine.UI.ILayoutElement)	[v40 @ X8_v4 (System.Int32)]	5			RUNTIME_DISPATCH		UNRESOLVED	METHOD_POINTER:UNKNOWN_CLASS_SOURCE:CLASS_NOT_AN_INTERFACE_POINTER	[Add]
UnityEngine.UI.LayoutUtility+<>c::<GetPreferredHeight>b__7_1	TAIL	e @ X1 (UnityEngine.UI.ILayoutElement)	[v40 @ X8_v4 (System.Int32)]	6			RUNTIME_DISPATCH		UNRESOLVED	METHOD_POINTER:UNKNOWN_CLASS_SOURCE:CLASS_NOT_AN_INTERFACE_POINTER	[Add]
UnityEngine.UI.LayoutUtility+<>c::<GetFlexibleHeight>b__8_0	TAIL	e @ X1 (UnityEngine.UI.ILayoutElement)	[v40 @ X8_v4 (System.Int32)]	7			RUNTIME_DISPATCH		UNRESOLVED	METHOD_POINTER:UNKNOWN_CLASS_SOURCE:CLASS_NOT_AN_INTERFACE_POINTER	[Add]
UnityEngine.UI.LayoutUtility::GetLayoutProperty	CALL	v342 @ X0_v26 (UnityEngine.Behaviour)	v504 @ X1_v16	8			RUNTIME_DISPATCH		UNRESOLVED	METHOD_POINTER:UNKNOWN_CLASS_SOURCE:CLASS_NOT_AN_INTERFACE_POINTER	{[Add] | {[Add] | [Add]} | [Add]}
UnityEngine.UI.RectMask2D::PerformClipping	CALL	[v664 @ X8_v42+10]	[v364 @ X22_v9 (System.Int32)]	4			RUNTIME_DISPATCH		UNRESOLVED	METHOD_POINTER:UNKNOWN_CLASS_SOURCE:CLASS_NOT_AN_INTERFACE_POINTER	[Add]
UnityEngine.UI.RectMask2D::PerformClipping	CALL	[v593 @ X8_v14+10]	[v363 @ X22_v7 (System.Int32)]	4			RUNTIME_DISPATCH		UNRESOLVED	METHOD_POINTER:UNKNOWN_CLASS_SOURCE:CLASS_NOT_AN_INTERFACE_POINTER	[Add]
UnityEngine.UI.RectMask2D::UpdateClipSoftness	CALL	v445 @ X20_v13 (UnityEngine.UI.IClippable)	[v202 @ X26_v7 (System.Int32)]	5			RUNTIME_DISPATCH		UNRESOLVED	METHOD_POINTER:UNKNOWN_CLASS_SOURCE:CLASS_NOT_AN_INTERFACE_POINTER	[Add]
UnityEngine.UI.RectMask2D::RemoveClippable	CALL	clippable @ X1 (UnityEngine.UI.IClippable)	[v49 @ X8_v5 (System.Int32)]	4			RUNTIME_DISPATCH		UNRESOLVED	METHOD_POINTER:UNKNOWN_CLASS_SOURCE:CLASS_NOT_AN_INTERFACE_POINTER	[Add]
UnityEngine.UI.InputField::SetDrawRangeToContainCaretPosition	CALL	v702 @ X0_v60 (System.Collections.Generic.IList`1<UnityEngine.UICharInfo>)	[v1393 @ X23_v19 (UnityEngine.TextGenerator)]	0			RUNTIME_DISPATCH		UNRESOLVED	METHOD_POINTER:UNKNOWN_CLASS_SOURCE:CLASS_NOT_AN_INTERFACE_POINTER	[{{Newobj | Newobj} | {Newobj | Newobj} | {Newobj | Newobj} | Add}]
UnityEngine.UI.InputField::SetDrawRangeToContainCaretPosition	CALL	v617 @ X21_v2 (System.Collections.Generic.IList`1<UnityEngine.UILineInfo>)	[v516 @ X25_v5 (System.Int32)]	0			RUNTIME_DISPATCH		UNRESOLVED	METHOD_POINTER:UNKNOWN_CLASS_SOURCE:CLASS_NOT_AN_INTERFACE_POINTER	[Add]
UnityEngine.UI.InputField::SetDrawRangeToContainCaretPosition	CALL	v692 @ X0_v145 (System.Collections.Generic.IList`1<UnityEngine.UILineInfo>)	[v1643 @ X28_v5 (System.Int32)]	0			RUNTIME_DISPATCH		UNRESOLVED	METHOD_POINTER:UNKNOWN_CLASS_SOURCE:CLASS_NOT_AN_INTERFACE_POINTER	[Add]
UnityEngine.UI.InputField::SetDrawRangeToContainCaretPosition	CALL	v692 @ X0_v145 (System.Collections.Generic.IList`1<UnityEngine.UILineInfo>)	[v1754 @ X27_v9 (System.Int32)]	0			RUNTIME_DISPATCH		UNRESOLVED	METHOD_POINTER:UNKNOWN_CLASS_SOURCE:CLASS_NOT_AN_INTERFACE_POINTER	[Add]
UnityEngine.UI.InputField::SetDrawRangeToContainCaretPosition	CALL	v692 @ X0_v145 (System.Collections.Generic.IList`1<UnityEngine.UILineInfo>)	[v1643 @ X28_v5 (System.Int32)]	0			RUNTIME_DISPATCH		UNRESOLVED	METHOD_POINTER:UNKNOWN_CLASS_SOURCE:CLASS_NOT_AN_INTERFACE_POINTER	[Add]
UnityEngine.UI.InputField::SetDrawRangeToContainCaretPosition	CALL	v702 @ X0_v60 (System.Collections.Generic.IList`1<UnityEngine.UICharInfo>)	[v1393 @ X23_v19 (UnityEngine.TextGenerator)]	0			RUNTIME_DISPATCH		UNRESOLVED	METHOD_POINTER:UNKNOWN_CLASS_SOURCE:CLASS_NOT_AN_INTERFACE_POINTER	[{{Newobj | Newobj} | {Newobj | Newobj} | {Newobj | Newobj} | Add}]
UnityEngine.UI.InputField::SetDrawRangeToContainCaretPosition	CALL	v702 @ X0_v60 (System.Collections.Generic.IList`1<UnityEngine.UICharInfo>)	[v173 @ X24_v9 (System.Int32)]	0			RUNTIME_DISPATCH		UNRESOLVED	METHOD_POINTER:UNKNOWN_CLASS_SOURCE:CLASS_NOT_AN_INTERFACE_POINTER	[Add]
UnityEngine.UI.InputField::SetDrawRangeToContainCaretPosition	CALL	v692 @ X0_v145 (System.Collections.Generic.IList`1<UnityEngine.UILineInfo>)	[v516 @ X25_v5 (System.Int32)]	0			RUNTIME_DISPATCH		UNRESOLVED	METHOD_POINTER:UNKNOWN_CLASS_SOURCE:CLASS_NOT_AN_INTERFACE_POINTER	[Add]
UnityEngine.UI.InputField::SetDrawRangeToContainCaretPosition	CALL	v692 @ X0_v145 (System.Collections.Generic.IList`1<UnityEngine.UILineInfo>)	[v1643 @ X28_v5 (System.Int32)]	0			RUNTIME_DISPATCH		UNRESOLVED	METHOD_POINTER:UNKNOWN_CLASS_SOURCE:CLASS_NOT_AN_INTERFACE_POINTER	[Add]
UnityEngine.UI.InputField::SetDrawRangeToContainCaretPosition	CALL	v617 @ X21_v2 (System.Collections.Generic.IList`1<UnityEngine.UILineInfo>)	[v516 @ X25_v5 (System.Int32)]	0			RUNTIME_DISPATCH		UNRESOLVED	METHOD_POINTER:UNKNOWN_CLASS_SOURCE:CLASS_NOT_AN_INTERFACE_POINTER	[Add]
UnityEngine.UI.InputField::SetDrawRangeToContainCaretPosition	CALL	v692 @ X0_v145 (System.Collections.Generic.IList`1<UnityEngine.UILineInfo>)	[v1643 @ X28_v5 (System.Int32)]	0			RUNTIME_DISPATCH		UNRESOLVED	METHOD_POINTER:UNKNOWN_CLASS_SOURCE:CLASS_NOT_AN_INTERFACE_POINTER	[Add]
UnityEngine.UI.InputField::SetDrawRangeToContainCaretPosition	CALL	v617 @ X21_v2 (System.Collections.Generic.IList`1<UnityEngine.UILineInfo>)	[v763 @ X8_v10 (System.Int32)]	0			RUNTIME_DISPATCH		UNRESOLVED	METHOD_POINTER:UNKNOWN_CLASS_SOURCE:CLASS_NOT_AN_INTERFACE_POINTER	[Add]
UnityEngine.UI.InputField::SetDrawRangeToContainCaretPosition	CALL	v692 @ X0_v145 (System.Collections.Generic.IList`1<UnityEngine.UILineInfo>)	[v1643 @ X28_v5 (System.Int32)]	0			RUNTIME_DISPATCH		UNRESOLVED	METHOD_POINTER:UNKNOWN_CLASS_SOURCE:CLASS_NOT_AN_INTERFACE_POINTER	[Add]
UnityEngine.UI.InputField::SetDrawRangeToContainCaretPosition	CALL	v617 @ X21_v2 (System.Collections.Generic.IList`1<UnityEngine.UILineInfo>)	[v516 @ X25_v5 (System.Int32)]	0			RUNTIME_DISPATCH		UNRESOLVED	METHOD_POINTER:UNKNOWN_CLASS_SOURCE:CLASS_NOT_AN_INTERFACE_POINTER	[Add]
UnityEngine.UI.InputField::SetDrawRangeToContainCaretPosition	CALL	v692 @ X0_v145 (System.Collections.Generic.IList`1<UnityEngine.UILineInfo>)	[v1754 @ X27_v9 (System.Int32)]	0			RUNTIME_DISPATCH		UNRESOLVED	METHOD_POINTER:UNKNOWN_CLASS_SOURCE:CLASS_NOT_AN_INTERFACE_POINTER	[Add]
UnityEngine.UI.InputField::SetDrawRangeToContainCaretPosition	CALL	v692 @ X0_v145 (System.Collections.Generic.IList`1<UnityEngine.UILineInfo>)	[v1643 @ X28_v5 (System.Int32)]	0			RUNTIME_DISPATCH		UNRESOLVED	METHOD_POINTER:UNKNOWN_CLASS_SOURCE:CLASS_NOT_AN_INTERFACE_POINTER	[Add]
UnityEngine.UI.InputField::SetDrawRangeToContainCaretPosition	CALL	v692 @ X0_v145 (System.Collections.Generic.IList`1<UnityEngine.UILineInfo>)	[v1643 @ X28_v5 (System.Int32)]	0			RUNTIME_DISPATCH		UNRESOLVED	METHOD_POINTER:UNKNOWN_CLASS_SOURCE:CLASS_NOT_AN_INTERFACE_POINTER	[Add]
UnityEngine.UI.InputField::SetDrawRangeToContainCaretPosition	CALL	v692 @ X0_v145 (System.Collections.Generic.IList`1<UnityEngine.UILineInfo>)	[v1643 @ X28_v5 (System.Int32)]	0			RUNTIME_DISPATCH		UNRESOLVED	METHOD_POINTER:UNKNOWN_CLASS_SOURCE:CLASS_NOT_AN_INTERFACE_POINTER	[Add]
UnityEngine.UI.InputField::SetDrawRangeToContainCaretPosition	CALL	v692 @ X0_v145 (System.Collections.Generic.IList`1<UnityEngine.UILineInfo>)	[v1754 @ X27_v9 (System.Int32)]	0			RUNTIME_DISPATCH		UNRESOLVED	METHOD_POINTER:UNKNOWN_CLASS_SOURCE:CLASS_NOT_AN_INTERFACE_POINTER	[Add]
UnityEngine.UI.InputField::OnFillVBO	CALL	v310 @ X20_v7	[v315 @ X8_v11 (System.Int32)]	0			RUNTIME_DISPATCH		UNRESOLVED	METHOD_POINTER:UNKNOWN_CLASS_SOURCE:CLASS_NOT_AN_INTERFACE_POINTER	[Add]
UnityEngine.UI.Text::OnPopulateMesh	CALL	v574 @ X0_v23 (System.Collections.Generic.IList`1<UnityEngine.UIVertex>)	[v576 @ X8_v12 (System.Int32)]	0			RUNTIME_DISPATCH		UNRESOLVED	METHOD_POINTER:UNKNOWN_CLASS_SOURCE:CLASS_NOT_AN_INTERFACE_POINTER	[Add]
UnityEngine.UI.Text::OnPopulateMesh	CALL	v574 @ X0_v23 (System.Collections.Generic.IList`1<UnityEngine.UIVertex>)	[v118 @ X24_v6 (System.Int32)]	0			RUNTIME_DISPATCH		UNRESOLVED	METHOD_POINTER:UNKNOWN_CLASS_SOURCE:CLASS_NOT_AN_INTERFACE_POINTER	[Add]
UnityEngine.UI.Text::OnPopulateMesh	CALL	v574 @ X0_v23 (System.Collections.Generic.IList`1<UnityEngine.UIVertex>)	[v118 @ X24_v6 (System.Int32)]	0			RUNTIME_DISPATCH		UNRESOLVED	METHOD_POINTER:UNKNOWN_CLASS_SOURCE:CLASS_NOT_AN_INTERFACE_POINTER	[Add]
UnityEngine.UI.Text::OnPopulateMesh	CALL	v574 @ X0_v23 (System.Collections.Generic.IList`1<UnityEngine.UIVertex>)	[v118 @ X24_v6 (System.Int32)]	0			RUNTIME_DISPATCH		UNRESOLVED	METHOD_POINTER:UNKNOWN_CLASS_SOURCE:CLASS_NOT_AN_INTERFACE_POINTER	[Add]
UnityEngine.UI.Text::OnPopulateMesh	CALL	v574 @ X0_v23 (System.Collections.Generic.IList`1<UnityEngine.UIVertex>)	[v118 @ X24_v6 (System.Int32)]	0			RUNTIME_DISPATCH		UNRESOLVED	METHOD_POINTER:UNKNOWN_CLASS_SOURCE:CLASS_NOT_AN_INTERFACE_POINTER	[Add]
UnityEngine.UI.SetPropertyUtility::SetStruct	CALL	Type: Il2CppMethodInfo	newValue @ X1 (T)	methodInfo @ X2 (Il2CppMethodInfo)			RUNTIME_DISPATCH		UNRESOLVED	TWO_LOADS_OTHER:UNKNOWN_CLASS_SOURCE:CLASS_NOT_AN_INTERFACE_POINTER	param:newValue
UnityEngine.UI.InputField::GenerateCaret	CALL	v585 @ X0_v58 (System.Collections.Generic.IList`1<UnityEngine.UICharInfo>)	[v804 @ X8_v43 (System.Int32)]	0			RUNTIME_DISPATCH		UNRESOLVED	METHOD_POINTER:UNKNOWN_CLASS_SOURCE:CLASS_NOT_AN_INTERFACE_POINTER	[Add]
UnityEngine.UI.InputField::GenerateCaret	CALL	v591 @ X0_v66 (System.Collections.Generic.IList`1<UnityEngine.UILineInfo>)	[v571 @ X26_v9 (System.Int32)]	0			RUNTIME_DISPATCH		UNRESOLVED	METHOD_POINTER:UNKNOWN_CLASS_SOURCE:CLASS_NOT_AN_INTERFACE_POINTER	[Add]
UnityEngine.UI.InputField::GenerateCaret	CALL	v586 @ X0_v98 (System.Collections.Generic.IList`1<UnityEngine.UICharInfo>)	[v922 @ X8_v65 (System.Int32)]	0			RUNTIME_DISPATCH		UNRESOLVED	METHOD_POINTER:UNKNOWN_CLASS_SOURCE:CLASS_NOT_AN_INTERFACE_POINTER	[Add]
UnityEngine.UI.InputField::GenerateCaret	CALL	v594 @ X0_v69 (System.Collections.Generic.IList`1<UnityEngine.UILineInfo>)	[v571 @ X26_v9 (System.Int32)]	0			RUNTIME_DISPATCH		UNRESOLVED	METHOD_POINTER:UNKNOWN_CLASS_SOURCE:CLASS_NOT_AN_INTERFACE_POINTER	[Add]
UnityEngine.UI.InputField::GenerateHighlight	CALL	v498 @ X0_v29 (System.Collections.Generic.IList`1<UnityEngine.UICharInfo>)	[v261 @ X27_v6 (System.Int32)]	0			RUNTIME_DISPATCH		UNRESOLVED	METHOD_POINTER:UNKNOWN_CLASS_SOURCE:CLASS_NOT_AN_INTERFACE_POINTER	[Add]
UnityEngine.UI.InputField::GenerateHighlight	CALL	v501 @ X0_v32 (System.Collections.Generic.IList`1<UnityEngine.UILineInfo>)	[v494 @ X23_v9 (System.Int32)]	0			RUNTIME_DISPATCH		UNRESOLVED	METHOD_POINTER:UNKNOWN_CLASS_SOURCE:CLASS_NOT_AN_INTERFACE_POINTER	[Add]
UnityEngine.UI.InputField::GenerateHighlight	CALL	v497 @ X0_v24 (System.Collections.Generic.IList`1<UnityEngine.UICharInfo>)	[v261 @ X27_v6 (System.Int32)]	0			RUNTIME_DISPATCH		UNRESOLVED	METHOD_POINTER:UNKNOWN_CLASS_SOURCE:CLASS_NOT_AN_INTERFACE_POINTER	[Add]
UnityEngine.UI.InputField::GenerateHighlight	CALL	v505 @ X0_v36 (System.Collections.Generic.IList`1<UnityEngine.UILineInfo>)	[v494 @ X23_v9 (System.Int32)]	0			RUNTIME_DISPATCH		UNRESOLVED	METHOD_POINTER:UNKNOWN_CLASS_SOURCE:CLASS_NOT_AN_INTERFACE_POINTER	[Add]
UnityEngine.UI.ToggleGroup::EnsureValidState	CALL	v74 @ X0_v56 (System.Collections.Generic.IEnumerable`1<UnityEngine.UI.Toggle>)	[v543 @ X8_v39 (System.Int32)]	0			RUNTIME_DISPATCH		UNRESOLVED	METHOD_POINTER:UNKNOWN_CLASS_SOURCE:CLASS_NOT_AN_INTERFACE_POINTER	[Add]
UnityEngine.UI.ToggleGroup::EnsureValidState	CALL	v453 @ X20_v10	[v386 @ X21_v8 (System.Int32)]	0			RUNTIME_DISPATCH		UNRESOLVED	METHOD_POINTER:UNKNOWN_CLASS_SOURCE:CLASS_NOT_AN_INTERFACE_POINTER	[Add]
UnityEngine.UI.ToggleGroup::EnsureValidState	CALL	v375 @ X0_v4	[v388 @ X22_v8 (System.Int32)]	0			RUNTIME_DISPATCH		UNRESOLVED	METHOD_POINTER:UNKNOWN_CLASS_SOURCE:CLASS_NOT_AN_INTERFACE_POINTER	[Add]
UnityEngine.UI.ToggleGroup::EnsureValidState	CALL	v650 @ X20_v8	[v655 @ X8_v14 (System.Int32)]	0			RUNTIME_DISPATCH		UNRESOLVED	METHOD_POINTER:UNKNOWN_CLASS_SOURCE:CLASS_NOT_AN_INTERFACE_POINTER	[Add]
UnityEngine.UI.BaseMeshEffect::ModifyMesh	CALL	v157 @ X20_v6	[v162 @ X8_v10 (System.Int32)]	0			RUNTIME_DISPATCH		UNRESOLVED	METHOD_POINTER:UNKNOWN_CLASS_SOURCE:CLASS_NOT_AN_INTERFACE_POINTER	[Add]
UnityEngine.UIElements.PanelEventHandler::OnPointerMove	CALL	v256 @ X20_v7	[v261 @ X8_v13 (System.Int32)]	0			RUNTIME_DISPATCH		UNRESOLVED	METHOD_POINTER:UNKNOWN_CLASS_SOURCE:CLASS_NOT_AN_INTERFACE_POINTER	[Add]
UnityEngine.UIElements.PanelEventHandler::OnPointerUp	CALL	v315 @ X20_v8	[v318 @ X8_v14 (System.Int32)]	0			RUNTIME_DISPATCH		UNRESOLVED	METHOD_POINTER:UNKNOWN_CLASS_SOURCE:CLASS_NOT_AN_INTERFACE_POINTER	[Add]
UnityEngine.UIElements.PanelEventHandler::OnPointerDown	CALL	v434 @ X20_v8	[v436 @ X8_v15 (System.Int32)]	0			RUNTIME_DISPATCH		UNRESOLVED	METHOD_POINTER:UNKNOWN_CLASS_SOURCE:CLASS_NOT_AN_INTERFACE_POINTER	[Add]
UnityEngine.UIElements.PanelEventHandler::OnPointerExit	CALL	v460 @ X21_v11	[v465 @ X8_v15 (System.Int32)]	0			RUNTIME_DISPATCH		UNRESOLVED	METHOD_POINTER:UNKNOWN_CLASS_SOURCE:CLASS_NOT_AN_INTERFACE_POINTER	[Add]
UnityEngine.EventSystems.ExecuteEvents::GetEventList	CALL	results @ X1 (System.Collections.Generic.IList`1<UnityEngine.EventSystems.IEventSystemHandler>)	[v388 @ X8_v25 (System.Int32)]	2			RUNTIME_DISPATCH		UNRESOLVED	METHOD_POINTER:UNKNOWN_CLASS_SOURCE:CLASS_NOT_AN_INTERFACE_POINTER	[Add]
UnityEngine.UIElements.PanelEventHandler::OnSubmit	CALL	v337 @ X20_v8	[v342 @ X8_v12 (System.Int32)]	0			RUNTIME_DISPATCH		UNRESOLVED	METHOD_POINTER:UNKNOWN_CLASS_SOURCE:CLASS_NOT_AN_INTERFACE_POINTER	[Add]
UnityEngine.UIElements.PanelEventHandler::OnCancel	CALL	v337 @ X20_v8	[v342 @ X8_v12 (System.Int32)]	0			RUNTIME_DISPATCH		UNRESOLVED	METHOD_POINTER:UNKNOWN_CLASS_SOURCE:CLASS_NOT_AN_INTERFACE_POINTER	[Add]
UnityEngine.UIElements.PanelEventHandler::OnMove	CALL	v373 @ X20_v9	[v378 @ X8_v13 (System.Int32)]	0			RUNTIME_DISPATCH		UNRESOLVED	METHOD_POINTER:UNKNOWN_CLASS_SOURCE:CLASS_NOT_AN_INTERFACE_POINTER	[Add]
UnityEngine.UIElements.PanelEventHandler::OnScroll	CALL	v331 @ X20_v7	[v336 @ X8_v11 (System.Int32)]	0			RUNTIME_DISPATCH		UNRESOLVED	METHOD_POINTER:UNKNOWN_CLASS_SOURCE:CLASS_NOT_AN_INTERFACE_POINTER	[Add]
UnityEngine.UIElements.PanelEventHandler::SendTabEvent	CALL	v206 @ X20_v7	[v209 @ X8_v13 (System.Int32)]	0			RUNTIME_DISPATCH		UNRESOLVED	METHOD_POINTER:UNKNOWN_CLASS_SOURCE:CLASS_NOT_AN_INTERFACE_POINTER	[Add]
UnityEngine.UIElements.PanelEventHandler::SendKeyUpEvent	CALL	v311 @ X20_v8	[v314 @ X8_v14 (System.Int32)]	0			RUNTIME_DISPATCH		UNRESOLVED	METHOD_POINTER:UNKNOWN_CLASS_SOURCE:CLASS_NOT_AN_INTERFACE_POINTER	[Add]
<>f__AnonymousType0`1::Equals	TAIL	Type: Il2CppMethodInfo	value @ X1 (System.Object)	methodInfo @ X2 (Il2CppMethodInfo)			RUNTIME_DISPATCH		UNRESOLVED	TWO_LOADS_OTHER:UNKNOWN_CLASS_SOURCE:CLASS_NOT_AN_INTERFACE_POINTER	param:value
<>f__AnonymousType0`1::GetHashCode	CALL	Type: Il2CppMethodInfo	methodInfo @ X1 (Il2CppMethodInfo)	v17 @ X2			RUNTIME_DISPATCH		UNRESOLVED	TWO_LOADS_OTHER:UNKNOWN_CLASS_SOURCE:CLASS_NOT_AN_INTERFACE_POINTER	methodInfo
UnityEngine.UIElements.PanelEventHandler::SendKeyDownEvent	CALL	v311 @ X20_v8	[v314 @ X8_v14 (System.Int32)]	0			RUNTIME_DISPATCH		UNRESOLVED	METHOD_POINTER:UNKNOWN_CLASS_SOURCE:CLASS_NOT_AN_INTERFACE_POINTER	[Add]
AdsPage::<OnLoadInterstitialBtnClick>b__4_0	CALL	result @ X1 (Facebook.Unity.IInterstitialAdResult)	[v49 @ X21_v4 (System.Int32)]	0			RUNTIME_DISPATCH		UNRESOLVED	METHOD_POINTER:UNKNOWN_CLASS_SOURCE:CLASS_NOT_AN_INTERFACE_POINTER	[Add]
AdsPage::<OnLoadInterstitialBtnClick>b__4_0	CALL	result @ X1 (Facebook.Unity.IInterstitialAdResult)	[v49 @ X21_v4 (System.Int32)]	1			RUNTIME_DISPATCH		UNRESOLVED	METHOD_POINTER:UNKNOWN_CLASS_SOURCE:CLASS_NOT_AN_INTERFACE_POINTER	[Add]
AdsPage::<OnLoadInterstitialBtnClick>b__4_0	CALL	result @ X1 (Facebook.Unity.IInterstitialAdResult)	[v49 @ X21_v4 (System.Int32)]	0			RUNTIME_DISPATCH		UNRESOLVED	METHOD_POINTER:UNKNOWN_CLASS_SOURCE:CLASS_NOT_AN_INTERFACE_POINTER	[Add]
AdsPage::<OnLoadVideoBtnClick>b__5_0	CALL	result @ X1 (Facebook.Unity.IRewardedVideoResult)	[v49 @ X21_v4 (System.Int32)]	0			RUNTIME_DISPATCH		UNRESOLVED	METHOD_POINTER:UNKNOWN_CLASS_SOURCE:CLASS_NOT_AN_INTERFACE_POINTER	[Add]
AdsPage::<OnLoadVideoBtnClick>b__5_0	CALL	result @ X1 (Facebook.Unity.IRewardedVideoResult)	[v49 @ X21_v4 (System.Int32)]	1			RUNTIME_DISPATCH		UNRESOLVED	METHOD_POINTER:UNKNOWN_CLASS_SOURCE:CLASS_NOT_AN_INTERFACE_POINTER	[Add]
AdsPage::<OnLoadVideoBtnClick>b__5_0	CALL	result @ X1 (Facebook.Unity.IRewardedVideoResult)	[v49 @ X21_v4 (System.Int32)]	0			RUNTIME_DISPATCH		UNRESOLVED	METHOD_POINTER:UNKNOWN_CLASS_SOURCE:CLASS_NOT_AN_INTERFACE_POINTER	[Add]
FBWindowsFriendsManager::OpenFriendsDialogCallBack	CALL	result @ X1 (Facebook.Unity.IGamingServicesFriendFinderResult)	[v48 @ X21_v4 (System.Int32)]	0			RUNTIME_DISPATCH		UNRESOLVED	METHOD_POINTER:UNKNOWN_CLASS_SOURCE:CLASS_NOT_AN_INTERFACE_POINTER	[Add]
FBWindowsFriendsManager::OpenFriendsDialogCallBack	CALL	result @ X1 (Facebook.Unity.IGamingServicesFriendFinderResult)	[v48 @ X21_v4 (System.Int32)]	0			RUNTIME_DISPATCH		UNRESOLVED	METHOD_POINTER:UNKNOWN_CLASS_SOURCE:CLASS_NOT_AN_INTERFACE_POINTER	[Add]
AdsPage::<OnViewInterstitialBtnClick>b__6_0	CALL	result @ X1 (Facebook.Unity.IInterstitialAdResult)	[v49 @ X21_v4 (System.Int32)]	0			RUNTIME_DISPATCH		UNRESOLVED	METHOD_POINTER:UNKNOWN_CLASS_SOURCE:CLASS_NOT_AN_INTERFACE_POINTER	[Add]
AdsPage::<OnViewInterstitialBtnClick>b__6_0	CALL	result @ X1 (Facebook.Unity.IInterstitialAdResult)	[v49 @ X21_v4 (System.Int32)]	1			RUNTIME_DISPATCH		UNRESOLVED	METHOD_POINTER:UNKNOWN_CLASS_SOURCE:CLASS_NOT_AN_INTERFACE_POINTER	[Add]
AdsPage::<OnViewInterstitialBtnClick>b__6_0	CALL	result @ X1 (Facebook.Unity.IInterstitialAdResult)	[v49 @ X21_v4 (System.Int32)]	0			RUNTIME_DISPATCH		UNRESOLVED	METHOD_POINTER:UNKNOWN_CLASS_SOURCE:CLASS_NOT_AN_INTERFACE_POINTER	[Add]
UnityEngine.EventSystems.ExecuteEvents::Execute	TAIL	handler @ X0 (UnityEngine.EventSystems.IPointerMoveHandler)	[v80 @ X8_v11 (System.Int32)]	0			RUNTIME_DISPATCH		UNRESOLVED	METHOD_POINTER:UNKNOWN_CLASS_SOURCE:CLASS_NOT_AN_INTERFACE_POINTER	[Add]
AdsPage::<OnViewVideoBtnClick>b__7_0	CALL	result @ X1 (Facebook.Unity.IRewardedVideoResult)	[v49 @ X21_v4 (System.Int32)]	0			RUNTIME_DISPATCH		UNRESOLVED	METHOD_POINTER:UNKNOWN_CLASS_SOURCE:CLASS_NOT_AN_INTERFACE_POINTER	[Add]
AdsPage::<OnViewVideoBtnClick>b__7_0	CALL	result @ X1 (Facebook.Unity.IRewardedVideoResult)	[v49 @ X21_v4 (System.Int32)]	1			RUNTIME_DISPATCH		UNRESOLVED	METHOD_POINTER:UNKNOWN_CLASS_SOURCE:CLASS_NOT_AN_INTERFACE_POINTER	[Add]
AdsPage::<OnViewVideoBtnClick>b__7_0	CALL	result @ X1 (Facebook.Unity.IRewardedVideoResult)	[v49 @ X21_v4 (System.Int32)]	0			RUNTIME_DISPATCH		UNRESOLVED	METHOD_POINTER:UNKNOWN_CLASS_SOURCE:CLASS_NOT_AN_INTERFACE_POINTER	[Add]
UnityEngine.EventSystems.ExecuteEvents::Execute	TAIL	handler @ X0 (UnityEngine.EventSystems.IPointerEnterHandler)	[v80 @ X8_v11 (System.Int32)]	0			RUNTIME_DISPATCH		UNRESOLVED	METHOD_POINTER:UNKNOWN_CLASS_SOURCE:CLASS_NOT_AN_INTERFACE_POINTER	[Add]
UnityEngine.EventSystems.ExecuteEvents::Execute	TAIL	handler @ X0 (UnityEngine.EventSystems.IPointerExitHandler)	[v80 @ X8_v11 (System.Int32)]	0			RUNTIME_DISPATCH		UNRESOLVED	METHOD_POINTER:UNKNOWN_CLASS_SOURCE:CLASS_NOT_AN_INTERFACE_POINTER	[Add]
UnityEngine.EventSystems.ExecuteEvents::Execute	TAIL	handler @ X0 (UnityEngine.EventSystems.IPointerDownHandler)	[v80 @ X8_v11 (System.Int32)]	0			RUNTIME_DISPATCH		UNRESOLVED	METHOD_POINTER:UNKNOWN_CLASS_SOURCE:CLASS_NOT_AN_INTERFACE_POINTER	[Add]
LogScroller::ClearLogs	CALL	v86 @ stack_-48_v6	[v143 @ X20_v9 (System.Int32)]	0			RUNTIME_DISPATCH		UNRESOLVED	METHOD_POINTER:UNKNOWN_CLASS_SOURCE:CLASS_NOT_AN_INTERFACE_POINTER	[Add]
LogScroller::ClearLogs	CALL	v86 @ stack_-48_v6	[v143 @ X20_v9 (System.Int32)]	1			RUNTIME_DISPATCH		UNRESOLVED	METHOD_POINTER:UNKNOWN_CLASS_SOURCE:CLASS_NOT_AN_INTERFACE_POINTER	[Add]
LogScroller::ClearLogs	CALL	v367 @ X0_v18	[v338 @ X21_v5 (System.Int32)]	0			RUNTIME_DISPATCH		UNRESOLVED	METHOD_POINTER:UNKNOWN_CLASS_SOURCE:CLASS_NOT_AN_INTERFACE_POINTER	[{Add | {{Add | DEFINED_3_TIMES} | self | {Add | DEFINED_3_TIMES}}}]
UnityEngine.EventSystems.ExecuteEvents::Execute	TAIL	handler @ X0 (UnityEngine.EventSystems.IPointerUpHandler)	[v80 @ X8_v11 (System.Int32)]	0			RUNTIME_DISPATCH		UNRESOLVED	METHOD_POINTER:UNKNOWN_CLASS_SOURCE:CLASS_NOT_AN_INTERFACE_POINTER	[Add]
ApplicationManager::OnAwake	CALL	v84 @ X0_v8 (DG.Tweening.IDOTweenInit)	[v88 @ X8_v6 (System.Int32)]	0			RUNTIME_DISPATCH		UNRESOLVED	METHOD_POINTER:UNKNOWN_CLASS_SOURCE:CLASS_NOT_AN_INTERFACE_POINTER	[Add]
UnityEngine.EventSystems.ExecuteEvents::Execute	TAIL	handler @ X0 (UnityEngine.EventSystems.IPointerClickHandler)	[v80 @ X8_v11 (System.Int32)]	0			RUNTIME_DISPATCH		UNRESOLVED	METHOD_POINTER:UNKNOWN_CLASS_SOURCE:CLASS_NOT_AN_INTERFACE_POINTER	[Add]
UnityEngine.EventSystems.ExecuteEvents::Execute	TAIL	handler @ X0 (UnityEngine.EventSystems.IInitializePotentialDragHandler)	[v80 @ X8_v11 (System.Int32)]	0			RUNTIME_DISPATCH		UNRESOLVED	METHOD_POINTER:UNKNOWN_CLASS_SOURCE:CLASS_NOT_AN_INTERFACE_POINTER	[Add]
MainPage::_OnInitCloud	CALL	result @ X1 (Facebook.Unity.IInitCloudGameResult)	[v49 @ X21_v4 (System.Int32)]	0			RUNTIME_DISPATCH		UNRESOLVED	METHOD_POINTER:UNKNOWN_CLASS_SOURCE:CLASS_NOT_AN_INTERFACE_POINTER	[Add]
MainPage::_OnInitCloud	CALL	result @ X1 (Facebook.Unity.IInitCloudGameResult)	[v49 @ X21_v4 (System.Int32)]	1			RUNTIME_DISPATCH		UNRESOLVED	METHOD_POINTER:UNKNOWN_CLASS_SOURCE:CLASS_NOT_AN_INTERFACE_POINTER	[Add]
MainPage::_OnInitCloud	CALL	result @ X1 (Facebook.Unity.IInitCloudGameResult)	[v49 @ X21_v4 (System.Int32)]	0			RUNTIME_DISPATCH		UNRESOLVED	METHOD_POINTER:UNKNOWN_CLASS_SOURCE:CLASS_NOT_AN_INTERFACE_POINTER	[Add]
UnityEngine.EventSystems.ExecuteEvents::Execute	TAIL	handler @ X0 (UnityEngine.EventSystems.IBeginDragHandler)	[v80 @ X8_v11 (System.Int32)]	0			RUNTIME_DISPATCH		UNRESOLVED	METHOD_POINTER:UNKNOWN_CLASS_SOURCE:CLASS_NOT_AN_INTERFACE_POINTER	[Add]
MainPage::<OnLogPayloadBtnClick>b__4_0	CALL	result @ X1 (Facebook.Unity.IPayloadResult)	[v48 @ X8_v5 (System.Int32)]	0			RUNTIME_DISPATCH		UNRESOLVED	METHOD_POINTER:UNKNOWN_CLASS_SOURCE:CLASS_NOT_AN_INTERFACE_POINTER	[Add]
UnityEngine.EventSystems.ExecuteEvents::Execute	TAIL	handler @ X0 (UnityEngine.EventSystems.IDragHandler)	[v80 @ X8_v11 (System.Int32)]	0			RUNTIME_DISPATCH		UNRESOLVED	METHOD_POINTER:UNKNOWN_CLASS_SOURCE:CLASS_NOT_AN_INTERFACE_POINTER	[Add]
UnityEngine.EventSystems.ExecuteEvents::Execute	TAIL	handler @ X0 (UnityEngine.EventSystems.IEndDragHandler)	[v80 @ X8_v11 (System.Int32)]	0			RUNTIME_DISPATCH		UNRESOLVED	METHOD_POINTER:UNKNOWN_CLASS_SOURCE:CLASS_NOT_AN_INTERFACE_POINTER	[Add]
Menu::Awake	CALL	v87 @ stack_-48_v6	[v173 @ X21_v10 (System.Int32)]	0			RUNTIME_DISPATCH		UNRESOLVED	METHOD_POINTER:UNKNOWN_CLASS_SOURCE:CLASS_NOT_AN_INTERFACE_POINTER	[Add]
Menu::Awake	CALL	v87 @ stack_-48_v6	[v173 @ X21_v10 (System.Int32)]	1			RUNTIME_DISPATCH		UNRESOLVED	METHOD_POINTER:UNKNOWN_CLASS_SOURCE:CLASS_NOT_AN_INTERFACE_POINTER	[Add]
Menu::Awake	CALL	v357 @ X0_v28	[v327 @ X22_v5 (System.Int32)]	0			RUNTIME_DISPATCH		UNRESOLVED	METHOD_POINTER:UNKNOWN_CLASS_SOURCE:CLASS_NOT_AN_INTERFACE_POINTER	[{Add | {{Add | DEFINED_3_TIMES} | self | {Add | DEFINED_3_TIMES}}}]
UnityEngine.EventSystems.ExecuteEvents::Execute	TAIL	handler @ X0 (UnityEngine.EventSystems.IDropHandler)	[v80 @ X8_v11 (System.Int32)]	0			RUNTIME_DISPATCH		UNRESOLVED	METHOD_POINTER:UNKNOWN_CLASS_SOURCE:CLASS_NOT_AN_INTERFACE_POINTER	[Add]
UnityEngine.EventSystems.ExecuteEvents::Execute	TAIL	handler @ X0 (UnityEngine.EventSystems.IScrollHandler)	[v80 @ X8_v11 (System.Int32)]	0			RUNTIME_DISPATCH		UNRESOLVED	METHOD_POINTER:UNKNOWN_CLASS_SOURCE:CLASS_NOT_AN_INTERFACE_POINTER	[Add]
UnityEngine.EventSystems.ExecuteEvents::Execute	TAIL	handler @ X0 (UnityEngine.EventSystems.IUpdateSelectedHandler)	[v45 @ X8_v4 (System.Int32)]	0			RUNTIME_DISPATCH		UNRESOLVED	METHOD_POINTER:UNKNOWN_CLASS_SOURCE:CLASS_NOT_AN_INTERFACE_POINTER	[Add]
Menu::_FindChild	CALL	v113 @ stack_-48_v6	[v54 @ X21_v9 (System.Int32)]	0			RUNTIME_DISPATCH		UNRESOLVED	METHOD_POINTER:UNKNOWN_CLASS_SOURCE:CLASS_NOT_AN_INTERFACE_POINTER	[Add]
Menu::_FindChild	CALL	v113 @ stack_-48_v6	[v54 @ X21_v9 (System.Int32)]	1			RUNTIME_DISPATCH		UNRESOLVED	METHOD_POINTER:UNKNOWN_CLASS_SOURCE:CLASS_NOT_AN_INTERFACE_POINTER	[Add]
Menu::_FindChild	CALL	v433 @ X0_v19	[v431 @ X22_v5 (System.Int32)]	0			RUNTIME_DISPATCH		UNRESOLVED	METHOD_POINTER:UNKNOWN_CLASS_SOURCE:CLASS_NOT_AN_INTERFACE_POINTER	[{Add | {self | {Add | DEFINED_3_TIMES} | {Add | DEFINED_3_TIMES}}}]
UnityEngine.EventSystems.ExecuteEvents::Execute	TAIL	handler @ X0 (UnityEngine.EventSystems.ISelectHandler)	[v45 @ X8_v4 (System.Int32)]	0			RUNTIME_DISPATCH		UNRESOLVED	METHOD_POINTER:UNKNOWN_CLASS_SOURCE:CLASS_NOT_AN_INTERFACE_POINTER	[Add]
UnityEngine.EventSystems.ExecuteEvents::Execute	TAIL	handler @ X0 (UnityEngine.EventSystems.IDeselectHandler)	[v45 @ X8_v4 (System.Int32)]	0			RUNTIME_DISPATCH		UNRESOLVED	METHOD_POINTER:UNKNOWN_CLASS_SOURCE:CLASS_NOT_AN_INTERFACE_POINTER	[Add]
PurchasePage+<>c__DisplayClass10_0::<ConsumePurchase>b__0	CALL	result @ X1 (Facebook.Unity.IConsumePurchaseResult)	[v53 @ X23_v3 (System.Int32)]	0			RUNTIME_DISPATCH		UNRESOLVED	METHOD_POINTER:UNKNOWN_CLASS_SOURCE:CLASS_NOT_AN_INTERFACE_POINTER	[Add]
PurchasePage+<>c__DisplayClass10_0::<ConsumePurchase>b__0	CALL	result @ X1 (Facebook.Unity.IConsumePurchaseResult)	[v53 @ X23_v3 (System.Int32)]	1			RUNTIME_DISPATCH		UNRESOLVED	METHOD_POINTER:UNKNOWN_CLASS_SOURCE:CLASS_NOT_AN_INTERFACE_POINTER	[Add]
PurchasePage+<>c__DisplayClass10_0::<ConsumePurchase>b__0	CALL	result @ X1 (Facebook.Unity.IConsumePurchaseResult)	[v53 @ X23_v3 (System.Int32)]	0			RUNTIME_DISPATCH		UNRESOLVED	METHOD_POINTER:UNKNOWN_CLASS_SOURCE:CLASS_NOT_AN_INTERFACE_POINTER	[Add]
UnityEngine.EventSystems.ExecuteEvents::Execute	TAIL	handler @ X0 (UnityEngine.EventSystems.IMoveHandler)	[v80 @ X8_v11 (System.Int32)]	0			RUNTIME_DISPATCH		UNRESOLVED	METHOD_POINTER:UNKNOWN_CLASS_SOURCE:CLASS_NOT_AN_INTERFACE_POINTER	[Add]
UnityEngine.EventSystems.ExecuteEvents::Execute	TAIL	handler @ X0 (UnityEngine.EventSystems.ISubmitHandler)	[v45 @ X8_v4 (System.Int32)]	0			RUNTIME_DISPATCH		UNRESOLVED	METHOD_POINTER:UNKNOWN_CLASS_SOURCE:CLASS_NOT_AN_INTERFACE_POINTER	[Add]
UnityEngine.EventSystems.ExecuteEvents::Execute	TAIL	handler @ X0 (UnityEngine.EventSystems.ICancelHandler)	[v45 @ X8_v4 (System.Int32)]	0			RUNTIME_DISPATCH		UNRESOLVED	METHOD_POINTER:UNKNOWN_CLASS_SOURCE:CLASS_NOT_AN_INTERFACE_POINTER	[Add]
FBWindowsFriendsManager::GetFriendFinderInvitationsCallback	CALL	receivedInvitations @ X1 (Facebook.Unity.IFriendFinderInvitationResult)	[v321 @ X21_v19 (System.Int32)]	0			RUNTIME_DISPATCH		UNRESOLVED	METHOD_POINTER:UNKNOWN_CLASS_SOURCE:CLASS_NOT_AN_INTERFACE_POINTER	[Add]
FBWindowsFriendsManager::GetFriendFinderInvitationsCallback	CALL	receivedInvitations @ X1 (Facebook.Unity.IFriendFinderInvitationResult)	[v321 @ X21_v19 (System.Int32)]	0			RUNTIME_DISPATCH		UNRESOLVED	METHOD_POINTER:UNKNOWN_CLASS_SOURCE:CLASS_NOT_AN_INTERFACE_POINTER	[Add]
FBWindowsFriendsManager::GetFriendFinderInvitationsCallback	CALL	receivedInvitations @ X1 (Facebook.Unity.IFriendFinderInvitationResult)	[v256 @ X22_v16 (System.Int32)]	0			RUNTIME_DISPATCH		UNRESOLVED	METHOD_POINTER:UNKNOWN_CLASS_SOURCE:CLASS_NOT_AN_INTERFACE_POINTER	[Add]
FBWindowsFriendsManager::GetFriendFinderInvitationsCallback	CALL	v1650 @ X0_v45	[v1654 @ X8_v35 (System.Int32)]	0			RUNTIME_DISPATCH		UNRESOLVED	METHOD_POINTER:UNKNOWN_CLASS_SOURCE:CLASS_NOT_AN_INTERFACE_POINTER	[Add]
FBWindowsFriendsManager::GetFriendFinderInvitationsCallback	CALL	receivedInvitations @ X1 (Facebook.Unity.IFriendFinderInvitationResult)	[v256 @ X22_v16 (System.Int32)]	0			RUNTIME_DISPATCH		UNRESOLVED	METHOD_POINTER:UNKNOWN_CLASS_SOURCE:CLASS_NOT_AN_INTERFACE_POINTER	[Add]
FBWindowsFriendsManager::GetFriendFinderInvitationsCallback	CALL	v274 @ stack_-68_v12	[v259 @ X26_v12 (System.Int32)]	0			RUNTIME_DISPATCH		UNRESOLVED	METHOD_POINTER:UNKNOWN_CLASS_SOURCE:CLASS_NOT_AN_INTERFACE_POINTER	[Add]
FBWindowsFriendsManager::GetFriendFinderInvitationsCallback	CALL	v274 @ stack_-68_v12	[v259 @ X26_v12 (System.Int32)]	1			RUNTIME_DISPATCH		UNRESOLVED	METHOD_POINTER:UNKNOWN_CLASS_SOURCE:CLASS_NOT_AN_INTERFACE_POINTER	[Add]
FBWindowsFriendsManager::GetFriendFinderInvitationsCallback	CALL	v1231 @ X0_v42	[v85 @ X25_v12 (System.Int32)]	0			RUNTIME_DISPATCH		UNRESOLVED	METHOD_POINTER:UNKNOWN_CLASS_SOURCE:CLASS_NOT_AN_INTERFACE_POINTER	[Add]
FBWindowsFriendsManager::GetFriendFinderInvitationsCallback	CALL	v1814 @ X0_v49	[v1819 @ X8_v44 (System.Int32)]	0			RUNTIME_DISPATCH		UNRESOLVED	METHOD_POINTER:UNKNOWN_CLASS_SOURCE:CLASS_NOT_AN_INTERFACE_POINTER	[Add]
FBWindowsFriendsManager::GetFriendFinderInvitationsCallback	CALL	v338 @ stack_-78_v12	[v259 @ X26_v12 (System.Int32)]	0			RUNTIME_DISPATCH		UNRESOLVED	METHOD_POINTER:UNKNOWN_CLASS_SOURCE:CLASS_NOT_AN_INTERFACE_POINTER	[Add]
FBWindowsFriendsManager::GetFriendFinderInvitationsCallback	CALL	v338 @ stack_-78_v12	[v1982 @ X8_v57 (System.Int32)]	0			RUNTIME_DISPATCH		UNRESOLVED	METHOD_POINTER:UNKNOWN_CLASS_SOURCE:CLASS_NOT_AN_INTERFACE_POINTER	[Add]
FBWindowsFriendsManager::GetFriendFinderInvitationsCallback	CALL	v1160 @ X21_v12	[v1129 @ X23_v12 (System.Int32)]	0			RUNTIME_DISPATCH		UNRESOLVED	METHOD_POINTER:UNKNOWN_CLASS_SOURCE:CLASS_NOT_AN_INTERFACE_POINTER	[{Add | Add}]
PurchasePage+<>c__DisplayClass13_0::<MakePurchase>b__0	CALL	result @ X1 (Facebook.Unity.IPurchaseResult)	[v53 @ X21_v4 (System.Int32)]	0			RUNTIME_DISPATCH		UNRESOLVED	METHOD_POINTER:UNKNOWN_CLASS_SOURCE:CLASS_NOT_AN_INTERFACE_POINTER	[Add]
PurchasePage+<>c__DisplayClass13_0::<MakePurchase>b__0	CALL	result @ X1 (Facebook.Unity.IPurchaseResult)	[v53 @ X21_v4 (System.Int32)]	1			RUNTIME_DISPATCH		UNRESOLVED	METHOD_POINTER:UNKNOWN_CLASS_SOURCE:CLASS_NOT_AN_INTERFACE_POINTER	[Add]
PurchasePage+<>c__DisplayClass13_0::<MakePurchase>b__0	CALL	result @ X1 (Facebook.Unity.IPurchaseResult)	[v76 @ X22_v9 (System.Int32)]	0			RUNTIME_DISPATCH		UNRESOLVED	METHOD_POINTER:UNKNOWN_CLASS_SOURCE:CLASS_NOT_AN_INTERFACE_POINTER	[Add]
PurchasePage+<>c__DisplayClass13_0::<MakePurchase>b__0	CALL	result @ X1 (Facebook.Unity.IPurchaseResult)	[v53 @ X21_v4 (System.Int32)]	3			RUNTIME_DISPATCH		UNRESOLVED	METHOD_POINTER:UNKNOWN_CLASS_SOURCE:CLASS_NOT_AN_INTERFACE_POINTER	[Add]
PurchasePage+<>c__DisplayClass13_0::<MakePurchase>b__0	CALL	result @ X1 (Facebook.Unity.IPurchaseResult)	[v53 @ X21_v4 (System.Int32)]	0			RUNTIME_DISPATCH		UNRESOLVED	METHOD_POINTER:UNKNOWN_CLASS_SOURCE:CLASS_NOT_AN_INTERFACE_POINTER	[Add]
PurchasePage+<>c__DisplayClass13_0::<MakePurchase>b__0	CALL	result @ X1 (Facebook.Unity.IPurchaseResult)	[v76 @ X22_v9 (System.Int32)]	0			RUNTIME_DISPATCH		UNRESOLVED	METHOD_POINTER:UNKNOWN_CLASS_SOURCE:CLASS_NOT_AN_INTERFACE_POINTER	[Add]
PurchasePage+<>c__DisplayClass13_0::<MakePurchase>b__0	CALL	result @ X1 (Facebook.Unity.IPurchaseResult)	[v76 @ X22_v9 (System.Int32)]	0			RUNTIME_DISPATCH		UNRESOLVED	METHOD_POINTER:UNKNOWN_CLASS_SOURCE:CLASS_NOT_AN_INTERFACE_POINTER	[Add]
PurchasePage::LoadProducts	CALL	v111 @ stack_-58_v6	[v124 @ X21_v8 (System.Int32)]	0			RUNTIME_DISPATCH		UNRESOLVED	METHOD_POINTER:UNKNOWN_CLASS_SOURCE:CLASS_NOT_AN_INTERFACE_POINTER	[Add]
PurchasePage::LoadProducts	CALL	v111 @ stack_-58_v6	[v124 @ X21_v8 (System.Int32)]	1			RUNTIME_DISPATCH		UNRESOLVED	METHOD_POINTER:UNKNOWN_CLASS_SOURCE:CLASS_NOT_AN_INTERFACE_POINTER	[Add]
PurchasePage::LoadProducts	CALL	v432 @ X0_v22	[v425 @ X24_v5 (System.Int32)]	0			RUNTIME_DISPATCH		UNRESOLVED	METHOD_POINTER:UNKNOWN_CLASS_SOURCE:CLASS_NOT_AN_INTERFACE_POINTER	[{Add | {{Add | DEFINED_3_TIMES} | self | {Add | DEFINED_3_TIMES}}}]
FBWindowsFriendsManager::DeleteFriendFinderInvitationCallback	CALL	receivedInvitations @ X1 (Facebook.Unity.IFriendFinderInvitationResult)	[v48 @ X22_v3 (System.Int32)]	0			RUNTIME_DISPATCH		UNRESOLVED	METHOD_POINTER:UNKNOWN_CLASS_SOURCE:CLASS_NOT_AN_INTERFACE_POINTER	[Add]
FBWindowsFriendsManager::DeleteFriendFinderInvitationCallback	CALL	receivedInvitations @ X1 (Facebook.Unity.IFriendFinderInvitationResult)	[v48 @ X22_v3 (System.Int32)]	0			RUNTIME_DISPATCH		UNRESOLVED	METHOD_POINTER:UNKNOWN_CLASS_SOURCE:CLASS_NOT_AN_INTERFACE_POINTER	[Add]
PurchasePage::LoadPurchases	CALL	v111 @ stack_-58_v6	[v124 @ X21_v8 (System.Int32)]	0			RUNTIME_DISPATCH		UNRESOLVED	METHOD_POINTER:UNKNOWN_CLASS_SOURCE:CLASS_NOT_AN_INTERFACE_POINTER	[Add]
PurchasePage::LoadPurchases	CALL	v111 @ stack_-58_v6	[v124 @ X21_v8 (System.Int32)]	1			RUNTIME_DISPATCH		UNRESOLVED	METHOD_POINTER:UNKNOWN_CLASS_SOURCE:CLASS_NOT_AN_INTERFACE_POINTER	[Add]
PurchasePage::LoadPurchases	CALL	v432 @ X0_v22	[v425 @ X24_v5 (System.Int32)]	0			RUNTIME_DISPATCH		UNRESOLVED	METHOD_POINTER:UNKNOWN_CLASS_SOURCE:CLASS_NOT_AN_INTERFACE_POINTER	[{Add | {{Add | DEFINED_3_TIMES} | self | {Add | DEFINED_3_TIMES}}}]
PurchasePage::ToggleShowConsumedClicked	CALL	v113 @ stack_-48_v6	[v55 @ X22_v8 (System.Int32)]	0			RUNTIME_DISPATCH		UNRESOLVED	METHOD_POINTER:UNKNOWN_CLASS_SOURCE:CLASS_NOT_AN_INTERFACE_POINTER	[Add]
PurchasePage::ToggleShowConsumedClicked	CALL	v113 @ stack_-48_v6	[v55 @ X22_v8 (System.Int32)]	1			RUNTIME_DISPATCH		UNRESOLVED	METHOD_POINTER:UNKNOWN_CLASS_SOURCE:CLASS_NOT_AN_INTERFACE_POINTER	[Add]
PurchasePage::ToggleShowConsumedClicked	CALL	v406 @ X0_v19	[v409 @ X21_v6 (System.Int32)]	0			RUNTIME_DISPATCH		UNRESOLVED	METHOD_POINTER:UNKNOWN_CLASS_SOURCE:CLASS_NOT_AN_INTERFACE_POINTER	[{Add | {{Add | DEFINED_3_TIMES} | self | {Add | DEFINED_3_TIMES}}}]
UnityEngine.EventSystems.ExecuteEvents::GetEventChain	CALL	eventChain @ X1 (System.Collections.Generic.IList`1<UnityEngine.Transform>)	[v48 @ X21_v4 (System.Int32)]	3			RUNTIME_DISPATCH		UNRESOLVED	METHOD_POINTER:UNKNOWN_CLASS_SOURCE:CLASS_NOT_AN_INTERFACE_POINTER	[Add]
UnityEngine.EventSystems.ExecuteEvents::GetEventChain	CALL	eventChain @ X1 (System.Collections.Generic.IList`1<UnityEngine.Transform>)	[v48 @ X21_v4 (System.Int32)]	2			RUNTIME_DISPATCH		UNRESOLVED	METHOD_POINTER:UNKNOWN_CLASS_SOURCE:CLASS_NOT_AN_INTERFACE_POINTER	[Add]
PurchasePage::<CheckReady>b__9_0	CALL	result @ X1 (Facebook.Unity.IIAPReadyResult)	[v49 @ X21_v4 (System.Int32)]	0			RUNTIME_DISPATCH		UNRESOLVED	METHOD_POINTER:UNKNOWN_CLASS_SOURCE:CLASS_NOT_AN_INTERFACE_POINTER	[Add]
PurchasePage::<CheckReady>b__9_0	CALL	result @ X1 (Facebook.Unity.IIAPReadyResult)	[v49 @ X21_v4 (System.Int32)]	1			RUNTIME_DISPATCH		UNRESOLVED	METHOD_POINTER:UNKNOWN_CLASS_SOURCE:CLASS_NOT_AN_INTERFACE_POINTER	[Add]
PurchasePage::<CheckReady>b__9_0	CALL	result @ X1 (Facebook.Unity.IIAPReadyResult)	[v49 @ X21_v4 (System.Int32)]	0			RUNTIME_DISPATCH		UNRESOLVED	METHOD_POINTER:UNKNOWN_CLASS_SOURCE:CLASS_NOT_AN_INTERFACE_POINTER	[Add]
FBWindowsGraphAPIManager::<GraphAPI>b__8_0	CALL	result @ X1 (Facebook.Unity.IGraphResult)	[v45 @ X8_v5 (System.Int32)]	2			RUNTIME_DISPATCH		UNRESOLVED	METHOD_POINTER:UNKNOWN_CLASS_SOURCE:CLASS_NOT_AN_INTERFACE_POINTER	[Add]
FBWindowsInitManager::InitCallback	CALL	v87 @ X0_v26 (Facebook.Unity.IFacebook)	[v155 @ X8_v12 (System.Int32)]	3			RUNTIME_DISPATCH		UNRESOLVED	METHOD_POINTER:UNKNOWN_CLASS_SOURCE:CLASS_NOT_AN_INTERFACE_POINTER	[Add]
PurchasePage::<LoadProducts>b__11_0	CALL	result @ X1 (Facebook.Unity.ICatalogResult)	[v207 @ X24_v8 (System.Int32)]	0			RUNTIME_DISPATCH		UNRESOLVED	METHOD_POINTER:UNKNOWN_CLASS_SOURCE:CLASS_NOT_AN_INTERFACE_POINTER	[{Add | {Add | Add} | {Add | Add} | {Add | Add}}]
PurchasePage::<LoadProducts>b__11_0	CALL	result @ X1 (Facebook.Unity.ICatalogResult)	[v207 @ X24_v8 (System.Int32)]	1			RUNTIME_DISPATCH		UNRESOLVED	METHOD_POINTER:UNKNOWN_CLASS_SOURCE:CLASS_NOT_AN_INTERFACE_POINTER	[{Add | {Add | Add} | {Add | Add} | {Add | Add}}]
PurchasePage::<LoadProducts>b__11_0	CALL	result @ X1 (Facebook.Unity.ICatalogResult)	[v106 @ X22_v10 (System.Int32)]	0			RUNTIME_DISPATCH		UNRESOLVED	METHOD_POINTER:UNKNOWN_CLASS_SOURCE:CLASS_NOT_AN_INTERFACE_POINTER	[Add]
PurchasePage::<LoadProducts>b__11_0	CALL	result @ X1 (Facebook.Unity.ICatalogResult)	[v106 @ X22_v10 (System.Int32)]	0			RUNTIME_DISPATCH		UNRESOLVED	METHOD_POINTER:UNKNOWN_CLASS_SOURCE:CLASS_NOT_AN_INTERFACE_POINTER	[Add]
PurchasePage::<LoadProducts>b__11_0	CALL	v962 @ X0_v41	[v966 @ X8_v30 (System.Int32)]	0			RUNTIME_DISPATCH		UNRESOLVED	METHOD_POINTER:UNKNOWN_CLASS_SOURCE:CLASS_NOT_AN_INTERFACE_POINTER	[Add]
PurchasePage::<LoadProducts>b__11_0	CALL	v230 @ X21_v15 (System.Collections.Generic.IList`1<Facebook.Unity.Product>)	[v1043 @ X8_v39 (System.Int32)]	0			RUNTIME_DISPATCH		UNRESOLVED	METHOD_POINTER:UNKNOWN_CLASS_SOURCE:CLASS_NOT_AN_INTERFACE_POINTER	[Add]
PurchasePage::<LoadProducts>b__11_0	CALL	v1122 @ X0_v52	[v93 @ X25_v9 (System.Int32)]	0			RUNTIME_DISPATCH		UNRESOLVED	METHOD_POINTER:UNKNOWN_CLASS_SOURCE:CLASS_NOT_AN_INTERFACE_POINTER	[Add]
PurchasePage::<LoadProducts>b__11_0	CALL	v1122 @ X0_v52	[v96 @ X26_v9 (System.Int32)]	0			RUNTIME_DISPATCH		UNRESOLVED	METHOD_POINTER:UNKNOWN_CLASS_SOURCE:CLASS_NOT_AN_INTERFACE_POINTER	[Add]
PurchasePage::<LoadProducts>b__11_0	CALL	v624 @ X22_v8	[v665 @ X8_v15 (System.Int32)]	0			RUNTIME_DISPATCH		UNRESOLVED	METHOD_POINTER:UNKNOWN_CLASS_SOURCE:CLASS_NOT_AN_INTERFACE_POINTER	[Add]
PurchasePage::<LoadProducts>b__11_0	CALL	result @ X1 (Facebook.Unity.ICatalogResult)	[v207 @ X24_v8 (System.Int32)]	0			RUNTIME_DISPATCH		UNRESOLVED	METHOD_POINTER:UNKNOWN_CLASS_SOURCE:CLASS_NOT_AN_INTERFACE_POINTER	[{Add | {Add | Add} | {Add | Add} | {Add | Add}}]
FBWindowsLoginManager::AuthCallback	CALL	result @ X1 (Facebook.Unity.ILoginResult)	[v54 @ X21_v9 (System.Int32)]	0			RUNTIME_DISPATCH		UNRESOLVED	METHOD_POINTER:UNKNOWN_CLASS_SOURCE:CLASS_NOT_AN_INTERFACE_POINTER	[Add]
FBWindowsLoginManager::AuthCallback	CALL	result @ X1 (Facebook.Unity.ILoginResult)	[v54 @ X21_v9 (System.Int32)]	0			RUNTIME_DISPATCH		UNRESOLVED	METHOD_POINTER:UNKNOWN_CLASS_SOURCE:CLASS_NOT_AN_INTERFACE_POINTER	[Add]
FBWindowsLoginManager::AuthCallback	CALL	v176 @ X20_v12	[v669 @ X8_v30 (System.Int32)]	0			RUNTIME_DISPATCH		UNRESOLVED	METHOD_POINTER:UNKNOWN_CLASS_SOURCE:CLASS_NOT_AN_INTERFACE_POINTER	[Add]
FBWindowsLoginManager::AuthCallback	CALL	v748 @ X0_v39	[v169 @ X21_v13 (System.Int32)]	0			RUNTIME_DISPATCH		UNRESOLVED	METHOD_POINTER:UNKNOWN_CLASS_SOURCE:CLASS_NOT_AN_INTERFACE_POINTER	[Add]
FBWindowsLoginManager::AuthCallback	CALL	v748 @ X0_v39	[v80 @ X22_v9 (System.Int32)]	0			RUNTIME_DISPATCH		UNRESOLVED	METHOD_POINTER:UNKNOWN_CLASS_SOURCE:CLASS_NOT_AN_INTERFACE_POINTER	[Add]
FBWindowsLoginManager::AuthCallback	CALL	v514 @ X21_v7	[v520 @ X8_v9 (System.Int32)]	0			RUNTIME_DISPATCH		UNRESOLVED	METHOD_POINTER:UNKNOWN_CLASS_SOURCE:CLASS_NOT_AN_INTERFACE_POINTER	[Add]
PurchasePage::<LoadPurchases>b__12_0	CALL	result @ X1 (Facebook.Unity.IPurchasesResult)	[v642 @ X23_v7 (System.Int32)]	0			RUNTIME_DISPATCH		UNRESOLVED	METHOD_POINTER:UNKNOWN_CLASS_SOURCE:CLASS_NOT_AN_INTERFACE_POINTER	[{Add | {{Add | DEFINED_3_TIMES | DEFINED_3_TIMES} | self | {Add | DEFINED_3_TIMES | DEFINED_3_TIMES}} | {{Add | DEFINED_3_TIMES | DEFINED_3_TIMES} | self | {Add | DEFINED_3_TIMES | DEFINED_3_TIMES}}}]
PurchasePage::<LoadPurchases>b__12_0	CALL	result @ X1 (Facebook.Unity.IPurchasesResult)	[v642 @ X23_v7 (System.Int32)]	1			RUNTIME_DISPATCH		UNRESOLVED	METHOD_POINTER:UNKNOWN_CLASS_SOURCE:CLASS_NOT_AN_INTERFACE_POINTER	[{Add | {{Add | DEFINED_3_TIMES | DEFINED_3_TIMES} | self | {Add | DEFINED_3_TIMES | DEFINED_3_TIMES}} | {{Add | DEFINED_3_TIMES | DEFINED_3_TIMES} | self | {Add | DEFINED_3_TIMES | DEFINED_3_TIMES}}}]
PurchasePage::<LoadPurchases>b__12_0	CALL	result @ X1 (Facebook.Unity.IPurchasesResult)	[v85 @ X22_v10 (System.Int32)]	0			RUNTIME_DISPATCH		UNRESOLVED	METHOD_POINTER:UNKNOWN_CLASS_SOURCE:CLASS_NOT_AN_INTERFACE_POINTER	[Add]
PurchasePage::<LoadPurchases>b__12_0	CALL	result @ X1 (Facebook.Unity.IPurchasesResult)	[v85 @ X22_v10 (System.Int32)]	0			RUNTIME_DISPATCH		UNRESOLVED	METHOD_POINTER:UNKNOWN_CLASS_SOURCE:CLASS_NOT_AN_INTERFACE_POINTER	[Add]
PurchasePage::<LoadPurchases>b__12_0	CALL	v837 @ X0_v36	[v841 @ X8_v27 (System.Int32)]	0			RUNTIME_DISPATCH		UNRESOLVED	METHOD_POINTER:UNKNOWN_CLASS_SOURCE:CLASS_NOT_AN_INTERFACE_POINTER	[Add]
PurchasePage::<LoadPurchases>b__12_0	CALL	v976 @ X0_v45	[v981 @ X8_v38 (System.Int32)]	0			RUNTIME_DISPATCH		UNRESOLVED	METHOD_POINTER:UNKNOWN_CLASS_SOURCE:CLASS_NOT_AN_INTERFACE_POINTER	[Add]
PurchasePage::<LoadPurchases>b__12_0	CALL	v1060 @ X0_v48	[v84 @ X22_v12 (System.Int32)]	0			RUNTIME_DISPATCH		UNRESOLVED	METHOD_POINTER:UNKNOWN_CLASS_SOURCE:CLASS_NOT_AN_INTERFACE_POINTER	[Add]
PurchasePage::<LoadPurchases>b__12_0	CALL	v1060 @ X0_v48	[v81 @ X24_v10 (System.Int32)]	0			RUNTIME_DISPATCH		UNRESOLVED	METHOD_POINTER:UNKNOWN_CLASS_SOURCE:CLASS_NOT_AN_INTERFACE_POINTER	[Add]
PurchasePage::<LoadPurchases>b__12_0	CALL	v612 @ X22_v8	[v652 @ X8_v15 (System.Int32)]	0			RUNTIME_DISPATCH		UNRESOLVED	METHOD_POINTER:UNKNOWN_CLASS_SOURCE:CLASS_NOT_AN_INTERFACE_POINTER	[Add]
PurchasePage::<LoadPurchases>b__12_0	CALL	result @ X1 (Facebook.Unity.IPurchasesResult)	[v642 @ X23_v7 (System.Int32)]	0			RUNTIME_DISPATCH		UNRESOLVED	METHOD_POINTER:UNKNOWN_CLASS_SOURCE:CLASS_NOT_AN_INTERFACE_POINTER	[{Add | {{Add | DEFINED_3_TIMES | DEFINED_3_TIMES} | self | {Add | DEFINED_3_TIMES | DEFINED_3_TIMES}} | {{Add | DEFINED_3_TIMES | DEFINED_3_TIMES} | self | {Add | DEFINED_3_TIMES | DEFINED_3_TIMES}}}]
FBWindowsLoginManager::<GetCurrentProfile>b__8_0	CALL	result @ X1 (Facebook.Unity.IProfileResult)	[v53 @ X22_v3 (System.Int32)]	0			RUNTIME_DISPATCH		UNRESOLVED	METHOD_POINTER:UNKNOWN_CLASS_SOURCE:CLASS_NOT_AN_INTERFACE_POINTER	[Add]
FBWindowsLoginManager::<GetCurrentProfile>b__8_0	CALL	result @ X1 (Facebook.Unity.IProfileResult)	[v91 @ X23_v3 (System.Int32)]	0			RUNTIME_DISPATCH		UNRESOLVED	METHOD_POINTER:UNKNOWN_CLASS_SOURCE:CLASS_NOT_AN_INTERFACE_POINTER	[Add]
FBWindowsLoginManager::<GetCurrentProfile>b__8_0	CALL	result @ X1 (Facebook.Unity.IProfileResult)	[v91 @ X23_v3 (System.Int32)]	0			RUNTIME_DISPATCH		UNRESOLVED	METHOD_POINTER:UNKNOWN_CLASS_SOURCE:CLASS_NOT_AN_INTERFACE_POINTER	[Add]
FBWindowsLoginManager::<GetCurrentProfile>b__8_0	CALL	result @ X1 (Facebook.Unity.IProfileResult)	[v91 @ X23_v3 (System.Int32)]	0			RUNTIME_DISPATCH		UNRESOLVED	METHOD_POINTER:UNKNOWN_CLASS_SOURCE:CLASS_NOT_AN_INTERFACE_POINTER	[Add]
FBWindowsLoginManager::<GetCurrentProfile>b__8_0	CALL	result @ X1 (Facebook.Unity.IProfileResult)	[v91 @ X23_v3 (System.Int32)]	0			RUNTIME_DISPATCH		UNRESOLVED	METHOD_POINTER:UNKNOWN_CLASS_SOURCE:CLASS_NOT_AN_INTERFACE_POINTER	[Add]
FBWindowsLoginManager::<GetCurrentProfile>b__8_0	CALL	result @ X1 (Facebook.Unity.IProfileResult)	[v91 @ X23_v3 (System.Int32)]	0			RUNTIME_DISPATCH		UNRESOLVED	METHOD_POINTER:UNKNOWN_CLASS_SOURCE:CLASS_NOT_AN_INTERFACE_POINTER	[Add]
FBWindowsLoginManager::<GetCurrentProfile>b__8_0	CALL	result @ X1 (Facebook.Unity.IProfileResult)	[v91 @ X23_v3 (System.Int32)]	0			RUNTIME_DISPATCH		UNRESOLVED	METHOD_POINTER:UNKNOWN_CLASS_SOURCE:CLASS_NOT_AN_INTERFACE_POINTER	[Add]
FBWindowsLoginManager::<GetCurrentProfile>b__8_0	CALL	result @ X1 (Facebook.Unity.IProfileResult)	[v91 @ X23_v3 (System.Int32)]	0			RUNTIME_DISPATCH		UNRESOLVED	METHOD_POINTER:UNKNOWN_CLASS_SOURCE:CLASS_NOT_AN_INTERFACE_POINTER	[Add]
FBWindowsLoginManager::<GetCurrentProfile>b__8_0	CALL	result @ X1 (Facebook.Unity.IProfileResult)	[v91 @ X23_v3 (System.Int32)]	0			RUNTIME_DISPATCH		UNRESOLVED	METHOD_POINTER:UNKNOWN_CLASS_SOURCE:CLASS_NOT_AN_INTERFACE_POINTER	[Add]
FBWindowsLoginManager::<GetCurrentProfile>b__8_0	CALL	result @ X1 (Facebook.Unity.IProfileResult)	[v91 @ X23_v3 (System.Int32)]	0			RUNTIME_DISPATCH		UNRESOLVED	METHOD_POINTER:UNKNOWN_CLASS_SOURCE:CLASS_NOT_AN_INTERFACE_POINTER	[Add]
FBWindowsLoginManager::<GetCurrentProfile>b__8_0	CALL	result @ X1 (Facebook.Unity.IProfileResult)	[v91 @ X23_v3 (System.Int32)]	0			RUNTIME_DISPATCH		UNRESOLVED	METHOD_POINTER:UNKNOWN_CLASS_SOURCE:CLASS_NOT_AN_INTERFACE_POINTER	[Add]
FBWindowsLoginManager::<GetCurrentProfile>b__8_0	CALL	result @ X1 (Facebook.Unity.IProfileResult)	[v53 @ X22_v3 (System.Int32)]	0			RUNTIME_DISPATCH		UNRESOLVED	METHOD_POINTER:UNKNOWN_CLASS_SOURCE:CLASS_NOT_AN_INTERFACE_POINTER	[Add]
FBWindowsA2UNotificationsManager::A2UNotificationCallback	CALL	result @ X1 (Facebook.Unity.IScheduleAppToUserNotificationResult)	[v48 @ X21_v4 (System.Int32)]	0			RUNTIME_DISPATCH		UNRESOLVED	METHOD_POINTER:UNKNOWN_CLASS_SOURCE:CLASS_NOT_AN_INTERFACE_POINTER	[Add]
FBWindowsA2UNotificationsManager::A2UNotificationCallback	CALL	result @ X1 (Facebook.Unity.IScheduleAppToUserNotificationResult)	[v48 @ X21_v4 (System.Int32)]	0			RUNTIME_DISPATCH		UNRESOLVED	METHOD_POINTER:UNKNOWN_CLASS_SOURCE:CLASS_NOT_AN_INTERFACE_POINTER	[Add]
FBWindowsLoginManager::<GetUserLocale>b__9_0	CALL	result @ X1 (Facebook.Unity.ILocaleResult)	[v49 @ X21_v4 (System.Int32)]	0			RUNTIME_DISPATCH		UNRESOLVED	METHOD_POINTER:UNKNOWN_CLASS_SOURCE:CLASS_NOT_AN_INTERFACE_POINTER	[Add]
FBWindowsLoginManager::<GetUserLocale>b__9_0	CALL	result @ X1 (Facebook.Unity.ILocaleResult)	[v49 @ X21_v4 (System.Int32)]	0			RUNTIME_DISPATCH		UNRESOLVED	METHOD_POINTER:UNKNOWN_CLASS_SOURCE:CLASS_NOT_AN_INTERFACE_POINTER	[Add]
FBWindowsLoginManager::<GetUserLocale>b__9_0	CALL	result @ X1 (Facebook.Unity.ILocaleResult)	[v254 @ X10_v4 (System.Int32)]	0			RUNTIME_DISPATCH		UNRESOLVED	METHOD_POINTER:UNKNOWN_CLASS_SOURCE:CLASS_NOT_AN_INTERFACE_POINTER	[Add]
FBWindowsADSManager+<>c__DisplayClass3_0::<LoadRewardedVideo>b__0	CALL	rewardedVideoResult @ X1 (Facebook.Unity.IRewardedVideoResult)	[v49 @ X21_v4 (System.Int32)]	0			RUNTIME_DISPATCH		UNRESOLVED	METHOD_POINTER:UNKNOWN_CLASS_SOURCE:CLASS_NOT_AN_INTERFACE_POINTER	[Add]
FBWindowsADSManager+<>c__DisplayClass3_0::<LoadRewardedVideo>b__0	CALL	rewardedVideoResult @ X1 (Facebook.Unity.IRewardedVideoResult)	[v49 @ X21_v4 (System.Int32)]	0			RUNTIME_DISPATCH		UNRESOLVED	METHOD_POINTER:UNKNOWN_CLASS_SOURCE:CLASS_NOT_AN_INTERFACE_POINTER	[Add]
FluidPhysicsCoupler::Shuffle	CALL	list @ X1 (System.Collections.Generic.IList`1<T>)	v100 @ X1_v5 (Il2CppClass<System.Collections.Generic.ICollection`1<T>>)	0	System.Collections.Generic.ICollection`1::get_Count	0x06002DE6	RUNTIME_DISPATCH	T	EXACT	lookup(receiver, interface class, slot) reaches the dispatch pointer; slot = Il2CppMethodDefinition.slot
FBWindowsPurchaseManager+<>c__DisplayClass9_0::<processPurchases>b__1	CALL	consumeResult @ X1 (Facebook.Unity.IConsumePurchaseResult)	[v48 @ X22_v3 (System.Int32)]	0			RUNTIME_DISPATCH		UNRESOLVED	METHOD_POINTER:UNKNOWN_CLASS_SOURCE:CLASS_NOT_AN_INTERFACE_POINTER	[Add]
FBWindowsPurchaseManager+<>c__DisplayClass9_0::<processPurchases>b__1	CALL	consumeResult @ X1 (Facebook.Unity.IConsumePurchaseResult)	[v48 @ X22_v3 (System.Int32)]	0			RUNTIME_DISPATCH		UNRESOLVED	METHOD_POINTER:UNKNOWN_CLASS_SOURCE:CLASS_NOT_AN_INTERFACE_POINTER	[Add]
FBWindowsADSManager+<>c__DisplayClass4_0::<ShowRewardedVideo>b__0	CALL	rewardedVideoResult @ X1 (Facebook.Unity.IRewardedVideoResult)	[v49 @ X21_v4 (System.Int32)]	0			RUNTIME_DISPATCH		UNRESOLVED	METHOD_POINTER:UNKNOWN_CLASS_SOURCE:CLASS_NOT_AN_INTERFACE_POINTER	[Add]
FBWindowsADSManager+<>c__DisplayClass4_0::<ShowRewardedVideo>b__0	CALL	rewardedVideoResult @ X1 (Facebook.Unity.IRewardedVideoResult)	[v49 @ X21_v4 (System.Int32)]	0			RUNTIME_DISPATCH		UNRESOLVED	METHOD_POINTER:UNKNOWN_CLASS_SOURCE:CLASS_NOT_AN_INTERFACE_POINTER	[Add]
FluidPhysicsCoupler::Shuffle	CALL	list @ X1 (System.Collections.Generic.IList`1<T>)	Type: Il2CppClass<System.Collections.Generic.IList`1<T>>	1	System.Collections.Generic.IList`1::set_Item	0x06002DFB	RUNTIME_DISPATCH		UNRESOLVED	INVOKER_THROUGH_METHOD:METADATA_USAGE:DISPATCH_PATH_NOT_RECOVERED	
FluidPhysicsCoupler::Shuffle	CALL	list @ X1 (System.Collections.Generic.IList`1<T>)	Type: Il2CppClass<System.Collections.Generic.IList`1<T>>	0	System.Collections.Generic.IList`1::get_Item	0x06002DFA	RUNTIME_DISPATCH		UNRESOLVED	INVOKER_THROUGH_METHOD:METADATA_USAGE:DISPATCH_PATH_NOT_RECOVERED	
FluidPhysicsCoupler::Shuffle	CALL	list @ X1 (System.Collections.Generic.IList`1<T>)	Type: Il2CppClass<System.Collections.Generic.IList`1<T>>	0	System.Collections.Generic.IList`1::get_Item	0x06002DFA	RUNTIME_DISPATCH		UNRESOLVED	INVOKER_THROUGH_METHOD:METADATA_USAGE:DISPATCH_PATH_NOT_RECOVERED	
FluidPhysicsCoupler::Shuffle	CALL	list @ X1 (System.Collections.Generic.IList`1<T>)	Type: Il2CppClass<System.Collections.Generic.IList`1<T>>	1	System.Collections.Generic.IList`1::set_Item	0x06002DFB	RUNTIME_DISPATCH		UNRESOLVED	INVOKER_THROUGH_METHOD:METADATA_USAGE:DISPATCH_PATH_NOT_RECOVERED	
FBWindowsADSManager+<>c__DisplayClass5_0::<LoadInterstitialAd>b__0	CALL	interstitialAdResult @ X1 (Facebook.Unity.IInterstitialAdResult)	[v49 @ X21_v4 (System.Int32)]	0			RUNTIME_DISPATCH		UNRESOLVED	METHOD_POINTER:UNKNOWN_CLASS_SOURCE:CLASS_NOT_AN_INTERFACE_POINTER	[Add]
FBWindowsADSManager+<>c__DisplayClass5_0::<LoadInterstitialAd>b__0	CALL	interstitialAdResult @ X1 (Facebook.Unity.IInterstitialAdResult)	[v49 @ X21_v4 (System.Int32)]	0			RUNTIME_DISPATCH		UNRESOLVED	METHOD_POINTER:UNKNOWN_CLASS_SOURCE:CLASS_NOT_AN_INTERFACE_POINTER	[Add]
FBWindowsADSManager+<>c__DisplayClass6_0::<ShowInterstitialAd>b__0	CALL	interstitialAdResult @ X1 (Facebook.Unity.IInterstitialAdResult)	[v49 @ X21_v4 (System.Int32)]	0			RUNTIME_DISPATCH		UNRESOLVED	METHOD_POINTER:UNKNOWN_CLASS_SOURCE:CLASS_NOT_AN_INTERFACE_POINTER	[Add]
FBWindowsADSManager+<>c__DisplayClass6_0::<ShowInterstitialAd>b__0	CALL	interstitialAdResult @ X1 (Facebook.Unity.IInterstitialAdResult)	[v49 @ X21_v4 (System.Int32)]	0			RUNTIME_DISPATCH		UNRESOLVED	METHOD_POINTER:UNKNOWN_CLASS_SOURCE:CLASS_NOT_AN_INTERFACE_POINTER	[Add]
FBWindowsPurchaseManager::ProcessGetCatalog	CALL	result @ X1 (Facebook.Unity.ICatalogResult)	[v257 @ X21_v18 (System.Int32)]	0			RUNTIME_DISPATCH		UNRESOLVED	METHOD_POINTER:UNKNOWN_CLASS_SOURCE:CLASS_NOT_AN_INTERFACE_POINTER	[Add]
FBWindowsPurchaseManager::ProcessGetCatalog	CALL	result @ X1 (Facebook.Unity.ICatalogResult)	[v257 @ X21_v18 (System.Int32)]	0			RUNTIME_DISPATCH		UNRESOLVED	METHOD_POINTER:UNKNOWN_CLASS_SOURCE:CLASS_NOT_AN_INTERFACE_POINTER	[Add]
FBWindowsPurchaseManager::ProcessGetCatalog	CALL	result @ X1 (Facebook.Unity.ICatalogResult)	[v1331 @ X8_v31 (System.Int32)]	0			RUNTIME_DISPATCH		UNRESOLVED	METHOD_POINTER:UNKNOWN_CLASS_SOURCE:CLASS_NOT_AN_INTERFACE_POINTER	[Add]
FBWindowsPurchaseManager::ProcessGetCatalog	CALL	v208 @ stack_-68_v11	[v64 @ X28_v12 (System.Int32)]	0			RUNTIME_DISPATCH		UNRESOLVED	METHOD_POINTER:UNKNOWN_CLASS_SOURCE:CLASS_NOT_AN_INTERFACE_POINTER	[Add]
FBWindowsPurchaseManager::ProcessGetCatalog	CALL	v208 @ stack_-68_v11	[v64 @ X28_v12 (System.Int32)]	1			RUNTIME_DISPATCH		UNRESOLVED	METHOD_POINTER:UNKNOWN_CLASS_SOURCE:CLASS_NOT_AN_INTERFACE_POINTER	[Add]
FBWindowsPurchaseManager::ProcessGetCatalog	CALL	v764 @ X0_v40	[v70 @ X27_v12 (System.Int32)]	0			RUNTIME_DISPATCH		UNRESOLVED	METHOD_POINTER:UNKNOWN_CLASS_SOURCE:CLASS_NOT_AN_INTERFACE_POINTER	[Add]
FBWindowsPurchaseManager::ProcessGetCatalog	CALL	v1417 @ X0_v46	[v1422 @ X8_v35 (System.Int32)]	0			RUNTIME_DISPATCH		UNRESOLVED	METHOD_POINTER:UNKNOWN_CLASS_SOURCE:CLASS_NOT_AN_INTERFACE_POINTER	[Add]
FBWindowsPurchaseManager::ProcessGetCatalog	CALL	v1536 @ X21_v21	[v64 @ X28_v12 (System.Int32)]	0			RUNTIME_DISPATCH		UNRESOLVED	METHOD_POINTER:UNKNOWN_CLASS_SOURCE:CLASS_NOT_AN_INTERFACE_POINTER	[Add]
FBWindowsPurchaseManager::ProcessGetCatalog	CALL	v274 @ stack_-78_v12	[v1611 @ X8_v49 (System.Int32)]	0			RUNTIME_DISPATCH		UNRESOLVED	METHOD_POINTER:UNKNOWN_CLASS_SOURCE:CLASS_NOT_AN_INTERFACE_POINTER	[Add]
FBWindowsPurchaseManager::ProcessGetCatalog	CALL	v936 @ X21_v13	[v923 @ X23_v12 (System.Int32)]	0			RUNTIME_DISPATCH		UNRESOLVED	METHOD_POINTER:UNKNOWN_CLASS_SOURCE:CLASS_NOT_AN_INTERFACE_POINTER	[{Add | Add}]
Level::CollectBlocksRecursive	CALL	v127 @ stack_-68_v6	[v62 @ X23_v7 (System.Int32)]	0			RUNTIME_DISPATCH		UNRESOLVED	METHOD_POINTER:UNKNOWN_CLASS_SOURCE:CLASS_NOT_AN_INTERFACE_POINTER	[Add]
Level::CollectBlocksRecursive	CALL	v127 @ stack_-68_v6	[v62 @ X23_v7 (System.Int32)]	1			RUNTIME_DISPATCH		UNRESOLVED	METHOD_POINTER:UNKNOWN_CLASS_SOURCE:CLASS_NOT_AN_INTERFACE_POINTER	[Add]
Level::CollectBlocksRecursive	CALL	v472 @ X0_v18	[v466 @ X22_v5 (System.Int32)]	0			RUNTIME_DISPATCH		UNRESOLVED	METHOD_POINTER:UNKNOWN_CLASS_SOURCE:CLASS_NOT_AN_INTERFACE_POINTER	[{Add | {{Add | DEFINED_3_TIMES} | self | {Add | DEFINED_3_TIMES}}}]
FBWindowsPurchaseManager::ProcessPurchase	CALL	result @ X1 (Facebook.Unity.IPurchaseResult)	[v602 @ X22_v3 (System.Int32)]	0			RUNTIME_DISPATCH		UNRESOLVED	METHOD_POINTER:UNKNOWN_CLASS_SOURCE:CLASS_NOT_AN_INTERFACE_POINTER	[Add]
FBWindowsPurchaseManager::ProcessPurchase	CALL	result @ X1 (Facebook.Unity.IPurchaseResult)	[v103 @ X23_v5 (System.Int32)]	0			RUNTIME_DISPATCH		UNRESOLVED	METHOD_POINTER:UNKNOWN_CLASS_SOURCE:CLASS_NOT_AN_INTERFACE_POINTER	[Add]
FBWindowsPurchaseManager::ProcessPurchase	CALL	result @ X1 (Facebook.Unity.IPurchaseResult)	[v103 @ X23_v5 (System.Int32)]	0			RUNTIME_DISPATCH		UNRESOLVED	METHOD_POINTER:UNKNOWN_CLASS_SOURCE:CLASS_NOT_AN_INTERFACE_POINTER	[Add]
FBWindowsPurchaseManager::ProcessPurchase	CALL	result @ X1 (Facebook.Unity.IPurchaseResult)	[v103 @ X23_v5 (System.Int32)]	0			RUNTIME_DISPATCH		UNRESOLVED	METHOD_POINTER:UNKNOWN_CLASS_SOURCE:CLASS_NOT_AN_INTERFACE_POINTER	[Add]
FBWindowsPurchaseManager::ProcessPurchase	CALL	result @ X1 (Facebook.Unity.IPurchaseResult)	[v103 @ X23_v5 (System.Int32)]	0			RUNTIME_DISPATCH		UNRESOLVED	METHOD_POINTER:UNKNOWN_CLASS_SOURCE:CLASS_NOT_AN_INTERFACE_POINTER	[Add]
FBWindowsPurchaseManager::ProcessPurchase	CALL	result @ X1 (Facebook.Unity.IPurchaseResult)	[v103 @ X23_v5 (System.Int32)]	0			RUNTIME_DISPATCH		UNRESOLVED	METHOD_POINTER:UNKNOWN_CLASS_SOURCE:CLASS_NOT_AN_INTERFACE_POINTER	[Add]
FBWindowsPurchaseManager::ProcessPurchase	CALL	result @ X1 (Facebook.Unity.IPurchaseResult)	[v103 @ X23_v5 (System.Int32)]	0			RUNTIME_DISPATCH		UNRESOLVED	METHOD_POINTER:UNKNOWN_CLASS_SOURCE:CLASS_NOT_AN_INTERFACE_POINTER	[Add]
FBWindowsPurchaseManager::ProcessPurchase	CALL	result @ X1 (Facebook.Unity.IPurchaseResult)	[v103 @ X23_v5 (System.Int32)]	0			RUNTIME_DISPATCH		UNRESOLVED	METHOD_POINTER:UNKNOWN_CLASS_SOURCE:CLASS_NOT_AN_INTERFACE_POINTER	[Add]
FBWindowsPurchaseManager::ProcessPurchase	CALL	result @ X1 (Facebook.Unity.IPurchaseResult)	[v103 @ X23_v5 (System.Int32)]	0			RUNTIME_DISPATCH		UNRESOLVED	METHOD_POINTER:UNKNOWN_CLASS_SOURCE:CLASS_NOT_AN_INTERFACE_POINTER	[Add]
FBWindowsPurchaseManager::ProcessPurchase	CALL	result @ X1 (Facebook.Unity.IPurchaseResult)	[v103 @ X23_v5 (System.Int32)]	0			RUNTIME_DISPATCH		UNRESOLVED	METHOD_POINTER:UNKNOWN_CLASS_SOURCE:CLASS_NOT_AN_INTERFACE_POINTER	[Add]
FBWindowsPurchaseManager::ProcessPurchase	CALL	result @ X1 (Facebook.Unity.IPurchaseResult)	[v103 @ X23_v5 (System.Int32)]	0			RUNTIME_DISPATCH		UNRESOLVED	METHOD_POINTER:UNKNOWN_CLASS_SOURCE:CLASS_NOT_AN_INTERFACE_POINTER	[Add]
FBWindowsPurchaseManager::ProcessPurchase	CALL	result @ X1 (Facebook.Unity.IPurchaseResult)	[v103 @ X23_v5 (System.Int32)]	0			RUNTIME_DISPATCH		UNRESOLVED	METHOD_POINTER:UNKNOWN_CLASS_SOURCE:CLASS_NOT_AN_INTERFACE_POINTER	[Add]
FBWindowsPurchaseManager::ProcessPurchase	CALL	result @ X1 (Facebook.Unity.IPurchaseResult)	[v103 @ X23_v5 (System.Int32)]	0			RUNTIME_DISPATCH		UNRESOLVED	METHOD_POINTER:UNKNOWN_CLASS_SOURCE:CLASS_NOT_AN_INTERFACE_POINTER	[Add]
FBWindowsPurchaseManager::ProcessPurchase	CALL	result @ X1 (Facebook.Unity.IPurchaseResult)	[v602 @ X22_v3 (System.Int32)]	0			RUNTIME_DISPATCH		UNRESOLVED	METHOD_POINTER:UNKNOWN_CLASS_SOURCE:CLASS_NOT_AN_INTERFACE_POINTER	[Add]
FBWindowsPurchaseManager::processPurchases	CALL	result @ X1 (Facebook.Unity.IPurchasesResult)	[v286 @ X21_v16 (System.Int32)]	0			RUNTIME_DISPATCH		UNRESOLVED	METHOD_POINTER:UNKNOWN_CLASS_SOURCE:CLASS_NOT_AN_INTERFACE_POINTER	[Add]
FBWindowsPurchaseManager::processPurchases	CALL	result @ X1 (Facebook.Unity.IPurchasesResult)	[v286 @ X21_v16 (System.Int32)]	0			RUNTIME_DISPATCH		UNRESOLVED	METHOD_POINTER:UNKNOWN_CLASS_SOURCE:CLASS_NOT_AN_INTERFACE_POINTER	[Add]
FBWindowsPurchaseManager::processPurchases	CALL	result @ X1 (Facebook.Unity.IPurchasesResult)	[v287 @ X21_v18 (System.Int32)]	0			RUNTIME_DISPATCH		UNRESOLVED	METHOD_POINTER:UNKNOWN_CLASS_SOURCE:CLASS_NOT_AN_INTERFACE_POINTER	[Add]
FBWindowsPurchaseManager::processPurchases	CALL	result @ X1 (Facebook.Unity.IPurchasesResult)	[v287 @ X21_v18 (System.Int32)]	0			RUNTIME_DISPATCH		UNRESOLVED	METHOD_POINTER:UNKNOWN_CLASS_SOURCE:CLASS_NOT_AN_INTERFACE_POINTER	[Add]
FBWindowsPurchaseManager::processPurchases	CALL	v228 @ stack_-68_v9	[v64 @ X25_v10 (System.Int32)]	0			RUNTIME_DISPATCH		UNRESOLVED	METHOD_POINTER:UNKNOWN_CLASS_SOURCE:CLASS_NOT_AN_INTERFACE_POINTER	[Add]
FBWindowsPurchaseManager::processPurchases	CALL	v228 @ stack_-68_v9	[v64 @ X25_v10 (System.Int32)]	1			RUNTIME_DISPATCH		UNRESOLVED	METHOD_POINTER:UNKNOWN_CLASS_SOURCE:CLASS_NOT_AN_INTERFACE_POINTER	[Add]
FBWindowsPurchaseManager::processPurchases	CALL	v711 @ X0_v38	[v70 @ X27_v10 (System.Int32)]	0			RUNTIME_DISPATCH		UNRESOLVED	METHOD_POINTER:UNKNOWN_CLASS_SOURCE:CLASS_NOT_AN_INTERFACE_POINTER	[Add]
FBWindowsPurchaseManager::processPurchases	CALL	v1451 @ X0_v49	[v1456 @ X8_v43 (System.Int32)]	0			RUNTIME_DISPATCH		UNRESOLVED	METHOD_POINTER:UNKNOWN_CLASS_SOURCE:CLASS_NOT_AN_INTERFACE_POINTER	[Add]
FBWindowsPurchaseManager::processPurchases	CALL	v533 @ stack_-78_v11	[v64 @ X25_v10 (System.Int32)]	0			RUNTIME_DISPATCH		UNRESOLVED	METHOD_POINTER:UNKNOWN_CLASS_SOURCE:CLASS_NOT_AN_INTERFACE_POINTER	[Add]
FBWindowsPurchaseManager::processPurchases	CALL	v533 @ stack_-78_v11	[v1621 @ X8_v58 (System.Int32)]	0			RUNTIME_DISPATCH		UNRESOLVED	METHOD_POINTER:UNKNOWN_CLASS_SOURCE:CLASS_NOT_AN_INTERFACE_POINTER	[Add]
FBWindowsPurchaseManager::processPurchases	CALL	v765 @ X21_v10	[v763 @ X8_v14 (System.Int32)]	0			RUNTIME_DISPATCH		UNRESOLVED	METHOD_POINTER:UNKNOWN_CLASS_SOURCE:CLASS_NOT_AN_INTERFACE_POINTER	[{Add | Add}]
FBWindowsReferralsManager::CallbackReferralsCreate	CALL	result @ X1 (Facebook.Unity.IReferralsCreateResult)	[v53 @ X22_v3 (System.Int32)]	0			RUNTIME_DISPATCH		UNRESOLVED	METHOD_POINTER:UNKNOWN_CLASS_SOURCE:CLASS_NOT_AN_INTERFACE_POINTER	[Add]
FBWindowsReferralsManager::CallbackReferralsCreate	CALL	result @ X1 (Facebook.Unity.IReferralsCreateResult)	[v190 @ X22_v5 (System.Int32)]	1			RUNTIME_DISPATCH		UNRESOLVED	METHOD_POINTER:UNKNOWN_CLASS_SOURCE:CLASS_NOT_AN_INTERFACE_POINTER	[Add]
FBWindowsReferralsManager::CallbackReferralsCreate	CALL	result @ X1 (Facebook.Unity.IReferralsCreateResult)	[v53 @ X22_v3 (System.Int32)]	0			RUNTIME_DISPATCH		UNRESOLVED	METHOD_POINTER:UNKNOWN_CLASS_SOURCE:CLASS_NOT_AN_INTERFACE_POINTER	[Add]
FBWindowsReferralsManager::CallbackReferralsCreate	CALL	result @ X1 (Facebook.Unity.IReferralsCreateResult)	[v53 @ X22_v3 (System.Int32)]	2			RUNTIME_DISPATCH		UNRESOLVED	METHOD_POINTER:UNKNOWN_CLASS_SOURCE:CLASS_NOT_AN_INTERFACE_POINTER	[Add]
FBWindowsReferralsManager::CallbackReferralsCreate	CALL	result @ X1 (Facebook.Unity.IReferralsCreateResult)	[v190 @ X22_v5 (System.Int32)]	0			RUNTIME_DISPATCH		UNRESOLVED	METHOD_POINTER:UNKNOWN_CLASS_SOURCE:CLASS_NOT_AN_INTERFACE_POINTER	[Add]
FBWindowsReferralsManager::CallbackReferralsCreate	CALL	result @ X1 (Facebook.Unity.IReferralsCreateResult)	[v190 @ X22_v5 (System.Int32)]	1			RUNTIME_DISPATCH		UNRESOLVED	METHOD_POINTER:UNKNOWN_CLASS_SOURCE:CLASS_NOT_AN_INTERFACE_POINTER	[Add]
FBWindowsReferralsManager::CallbackReferralsGetData	CALL	result @ X1 (Facebook.Unity.IReferralsGetDataResult)	[v53 @ X22_v3 (System.Int32)]	0			RUNTIME_DISPATCH		UNRESOLVED	METHOD_POINTER:UNKNOWN_CLASS_SOURCE:CLASS_NOT_AN_INTERFACE_POINTER	[Add]
FBWindowsReferralsManager::CallbackReferralsGetData	CALL	result @ X1 (Facebook.Unity.IReferralsGetDataResult)	[v53 @ X22_v3 (System.Int32)]	0			RUNTIME_DISPATCH		UNRESOLVED	METHOD_POINTER:UNKNOWN_CLASS_SOURCE:CLASS_NOT_AN_INTERFACE_POINTER	[Add]
FBWindowsReferralsManager::CallbackReferralsGetData	CALL	result @ X1 (Facebook.Unity.IReferralsGetDataResult)	[v53 @ X22_v3 (System.Int32)]	2			RUNTIME_DISPATCH		UNRESOLVED	METHOD_POINTER:UNKNOWN_CLASS_SOURCE:CLASS_NOT_AN_INTERFACE_POINTER	[Add]
FBWindowsReferralsManager::CallbackReferralsGetData	CALL	result @ X1 (Facebook.Unity.IReferralsGetDataResult)	[v162 @ X22_v5 (System.Int32)]	0			RUNTIME_DISPATCH		UNRESOLVED	METHOD_POINTER:UNKNOWN_CLASS_SOURCE:CLASS_NOT_AN_INTERFACE_POINTER	[Add]
FBWindowsReferralsManager::CallbackReferralsGetData	CALL	result @ X1 (Facebook.Unity.IReferralsGetDataResult)	[v162 @ X22_v5 (System.Int32)]	1			RUNTIME_DISPATCH		UNRESOLVED	METHOD_POINTER:UNKNOWN_CLASS_SOURCE:CLASS_NOT_AN_INTERFACE_POINTER	[Add]
FBWindowsShareManager::CallbackUploadImage	CALL	result @ X1 (Facebook.Unity.IMediaUploadResult)	[v135 @ X22_v3 (System.Int32)]	0			RUNTIME_DISPATCH		UNRESOLVED	METHOD_POINTER:UNKNOWN_CLASS_SOURCE:CLASS_NOT_AN_INTERFACE_POINTER	[Add]
FBWindowsShareManager::CallbackUploadImage	CALL	result @ X1 (Facebook.Unity.IMediaUploadResult)	[v135 @ X22_v3 (System.Int32)]	0			RUNTIME_DISPATCH		UNRESOLVED	METHOD_POINTER:UNKNOWN_CLASS_SOURCE:CLASS_NOT_AN_INTERFACE_POINTER	[Add]
FBWindowsShareManager::CallbackUploadImage	CALL	result @ X1 (Facebook.Unity.IMediaUploadResult)	[v135 @ X22_v3 (System.Int32)]	2			RUNTIME_DISPATCH		UNRESOLVED	METHOD_POINTER:UNKNOWN_CLASS_SOURCE:CLASS_NOT_AN_INTERFACE_POINTER	[Add]
FBWindowsShareManager::CallbackUploadImage	CALL	result @ X1 (Facebook.Unity.IMediaUploadResult)	[v320 @ X10_v4 (System.Int32)]	0			RUNTIME_DISPATCH		UNRESOLVED	METHOD_POINTER:UNKNOWN_CLASS_SOURCE:CLASS_NOT_AN_INTERFACE_POINTER	[Add]
FBWindowsShareManager::CallbackUploadVideo	CALL	result @ X1 (Facebook.Unity.IMediaUploadResult)	[v135 @ X22_v3 (System.Int32)]	0			RUNTIME_DISPATCH		UNRESOLVED	METHOD_POINTER:UNKNOWN_CLASS_SOURCE:CLASS_NOT_AN_INTERFACE_POINTER	[Add]
FBWindowsShareManager::CallbackUploadVideo	CALL	result @ X1 (Facebook.Unity.IMediaUploadResult)	[v135 @ X22_v3 (System.Int32)]	0			RUNTIME_DISPATCH		UNRESOLVED	METHOD_POINTER:UNKNOWN_CLASS_SOURCE:CLASS_NOT_AN_INTERFACE_POINTER	[Add]
FBWindowsShareManager::CallbackUploadVideo	CALL	result @ X1 (Facebook.Unity.IMediaUploadResult)	[v135 @ X22_v3 (System.Int32)]	2			RUNTIME_DISPATCH		UNRESOLVED	METHOD_POINTER:UNKNOWN_CLASS_SOURCE:CLASS_NOT_AN_INTERFACE_POINTER	[Add]
FBWindowsShareManager::CallbackUploadVideo	CALL	result @ X1 (Facebook.Unity.IMediaUploadResult)	[v320 @ X10_v4 (System.Int32)]	0			RUNTIME_DISPATCH		UNRESOLVED	METHOD_POINTER:UNKNOWN_CLASS_SOURCE:CLASS_NOT_AN_INTERFACE_POINTER	[Add]
FBWindowsSoftKeyboardManager::CallbackSetSoftKeyboardOpen	CALL	result @ X1 (Facebook.Unity.ISoftKeyboardOpenResult)	[v53 @ X22_v3 (System.Int32)]	0			RUNTIME_DISPATCH		UNRESOLVED	METHOD_POINTER:UNKNOWN_CLASS_SOURCE:CLASS_NOT_AN_INTERFACE_POINTER	[Add]
FBWindowsSoftKeyboardManager::CallbackSetSoftKeyboardOpen	CALL	result @ X1 (Facebook.Unity.ISoftKeyboardOpenResult)	[v53 @ X22_v3 (System.Int32)]	0			RUNTIME_DISPATCH		UNRESOLVED	METHOD_POINTER:UNKNOWN_CLASS_SOURCE:CLASS_NOT_AN_INTERFACE_POINTER	[Add]
FBWindowsSoftKeyboardManager::CallbackSetSoftKeyboardOpen	CALL	result @ X1 (Facebook.Unity.ISoftKeyboardOpenResult)	[v53 @ X22_v3 (System.Int32)]	2			RUNTIME_DISPATCH		UNRESOLVED	METHOD_POINTER:UNKNOWN_CLASS_SOURCE:CLASS_NOT_AN_INTERFACE_POINTER	[Add]
FBWindowsSoftKeyboardManager::CallbackSetSoftKeyboardOpen	CALL	result @ X1 (Facebook.Unity.ISoftKeyboardOpenResult)	[v316 @ X10_v4 (System.Int32)]	0			RUNTIME_DISPATCH		UNRESOLVED	METHOD_POINTER:UNKNOWN_CLASS_SOURCE:CLASS_NOT_AN_INTERFACE_POINTER	[Add]
FBWindowsTournamentsManager::CallbackCreateTournament	CALL	result @ X1 (Facebook.Unity.ITournamentResult)	[v45 @ X21_v4 (System.Int32)]	0			RUNTIME_DISPATCH		UNRESOLVED	METHOD_POINTER:UNKNOWN_CLASS_SOURCE:CLASS_NOT_AN_INTERFACE_POINTER	[Add]
FBWindowsTournamentsManager::CallbackCreateTournament	CALL	result @ X1 (Facebook.Unity.ITournamentResult)	[v45 @ X21_v4 (System.Int32)]	2			RUNTIME_DISPATCH		UNRESOLVED	METHOD_POINTER:UNKNOWN_CLASS_SOURCE:CLASS_NOT_AN_INTERFACE_POINTER	[Add]
FBWindowsTournamentsManager::CallbackCreateTournament	CALL	result @ X1 (Facebook.Unity.ITournamentResult)	[v45 @ X21_v4 (System.Int32)]	0			RUNTIME_DISPATCH		UNRESOLVED	METHOD_POINTER:UNKNOWN_CLASS_SOURCE:CLASS_NOT_AN_INTERFACE_POINTER	[Add]
FBWindowsTournamentsManager::CallbackPostSessionScore	CALL	result @ X1 (Facebook.Unity.ISessionScoreResult)	[v45 @ X21_v4 (System.Int32)]	0			RUNTIME_DISPATCH		UNRESOLVED	METHOD_POINTER:UNKNOWN_CLASS_SOURCE:CLASS_NOT_AN_INTERFACE_POINTER	[Add]
FBWindowsTournamentsManager::CallbackPostSessionScore	CALL	result @ X1 (Facebook.Unity.ISessionScoreResult)	[v45 @ X21_v4 (System.Int32)]	2			RUNTIME_DISPATCH		UNRESOLVED	METHOD_POINTER:UNKNOWN_CLASS_SOURCE:CLASS_NOT_AN_INTERFACE_POINTER	[Add]
FBWindowsTournamentsManager::CallbackPostSessionScore	CALL	result @ X1 (Facebook.Unity.ISessionScoreResult)	[v45 @ X21_v4 (System.Int32)]	0			RUNTIME_DISPATCH		UNRESOLVED	METHOD_POINTER:UNKNOWN_CLASS_SOURCE:CLASS_NOT_AN_INTERFACE_POINTER	[Add]
FBWindowsTournamentsManager::CallbackPostTournamentScore	CALL	result @ X1 (Facebook.Unity.ITournamentScoreResult)	[v45 @ X21_v4 (System.Int32)]	0			RUNTIME_DISPATCH		UNRESOLVED	METHOD_POINTER:UNKNOWN_CLASS_SOURCE:CLASS_NOT_AN_INTERFACE_POINTER	[Add]
FBWindowsTournamentsManager::CallbackPostTournamentScore	CALL	result @ X1 (Facebook.Unity.ITournamentScoreResult)	[v45 @ X21_v4 (System.Int32)]	2			RUNTIME_DISPATCH		UNRESOLVED	METHOD_POINTER:UNKNOWN_CLASS_SOURCE:CLASS_NOT_AN_INTERFACE_POINTER	[Add]
FBWindowsTournamentsManager::CallbackPostTournamentScore	CALL	result @ X1 (Facebook.Unity.ITournamentScoreResult)	[v45 @ X21_v4 (System.Int32)]	0			RUNTIME_DISPATCH		UNRESOLVED	METHOD_POINTER:UNKNOWN_CLASS_SOURCE:CLASS_NOT_AN_INTERFACE_POINTER	[Add]
FBWindowsTournamentsManager::CallbackShareTournament	CALL	result @ X1 (Facebook.Unity.ITournamentScoreResult)	[v45 @ X21_v4 (System.Int32)]	0			RUNTIME_DISPATCH		UNRESOLVED	METHOD_POINTER:UNKNOWN_CLASS_SOURCE:CLASS_NOT_AN_INTERFACE_POINTER	[Add]
FBWindowsTournamentsManager::CallbackShareTournament	CALL	result @ X1 (Facebook.Unity.ITournamentScoreResult)	[v45 @ X21_v4 (System.Int32)]	2			RUNTIME_DISPATCH		UNRESOLVED	METHOD_POINTER:UNKNOWN_CLASS_SOURCE:CLASS_NOT_AN_INTERFACE_POINTER	[Add]
FBWindowsTournamentsManager::CallbackShareTournament	CALL	result @ X1 (Facebook.Unity.ITournamentScoreResult)	[v45 @ X21_v4 (System.Int32)]	0			RUNTIME_DISPATCH		UNRESOLVED	METHOD_POINTER:UNKNOWN_CLASS_SOURCE:CLASS_NOT_AN_INTERFACE_POINTER	[Add]
FBWindowsTournamentsManager::CallbackGetTournament	CALL	result @ X1 (Facebook.Unity.ITournamentResult)	[v45 @ X21_v4 (System.Int32)]	0			RUNTIME_DISPATCH		UNRESOLVED	METHOD_POINTER:UNKNOWN_CLASS_SOURCE:CLASS_NOT_AN_INTERFACE_POINTER	[Add]
FBWindowsTournamentsManager::CallbackGetTournament	CALL	result @ X1 (Facebook.Unity.ITournamentResult)	[v45 @ X21_v4 (System.Int32)]	2			RUNTIME_DISPATCH		UNRESOLVED	METHOD_POINTER:UNKNOWN_CLASS_SOURCE:CLASS_NOT_AN_INTERFACE_POINTER	[Add]
FBWindowsTournamentsManager::CallbackGetTournament	CALL	result @ X1 (Facebook.Unity.ITournamentResult)	[v45 @ X21_v4 (System.Int32)]	0			RUNTIME_DISPATCH		UNRESOLVED	METHOD_POINTER:UNKNOWN_CLASS_SOURCE:CLASS_NOT_AN_INTERFACE_POINTER	[Add]
FBWindowsVirtualGamepadManager::CallbackSetVirtualGamepadLayout	CALL	result @ X1 (Facebook.Unity.IVirtualGamepadLayoutResult)	[v53 @ X22_v3 (System.Int32)]	0			RUNTIME_DISPATCH		UNRESOLVED	METHOD_POINTER:UNKNOWN_CLASS_SOURCE:CLASS_NOT_AN_INTERFACE_POINTER	[Add]
FBWindowsVirtualGamepadManager::CallbackSetVirtualGamepadLayout	CALL	result @ X1 (Facebook.Unity.IVirtualGamepadLayoutResult)	[v53 @ X22_v3 (System.Int32)]	0			RUNTIME_DISPATCH		UNRESOLVED	METHOD_POINTER:UNKNOWN_CLASS_SOURCE:CLASS_NOT_AN_INTERFACE_POINTER	[Add]
FBWindowsVirtualGamepadManager::CallbackSetVirtualGamepadLayout	CALL	result @ X1 (Facebook.Unity.IVirtualGamepadLayoutResult)	[v53 @ X22_v3 (System.Int32)]	2			RUNTIME_DISPATCH		UNRESOLVED	METHOD_POINTER:UNKNOWN_CLASS_SOURCE:CLASS_NOT_AN_INTERFACE_POINTER	[Add]
FBWindowsVirtualGamepadManager::CallbackSetVirtualGamepadLayout	CALL	result @ X1 (Facebook.Unity.IVirtualGamepadLayoutResult)	[v316 @ X10_v4 (System.Int32)]	0			RUNTIME_DISPATCH		UNRESOLVED	METHOD_POINTER:UNKNOWN_CLASS_SOURCE:CLASS_NOT_AN_INTERFACE_POINTER	[Add]
JsonHelper::.cctor	CALL	v130 @ X20_v4 (System.Collections.Generic.IList`1<Newtonsoft.Json.JsonConverter>)	[v116 @ X22_v4 (System.Int32)]	2			RUNTIME_DISPATCH		UNRESOLVED	METHOD_POINTER:UNKNOWN_CLASS_SOURCE:CLASS_NOT_AN_INTERFACE_POINTER	[Add]
JsonHelper::.cctor	CALL	v131 @ X20_v5 (System.Collections.Generic.IList`1<Newtonsoft.Json.JsonConverter>)	[v116 @ X22_v4 (System.Int32)]	2			RUNTIME_DISPATCH		UNRESOLVED	METHOD_POINTER:UNKNOWN_CLASS_SOURCE:CLASS_NOT_AN_INTERFACE_POINTER	[Add]
UIIconGenerator::SetLayerRecursive	CALL	v106 @ stack_-48_v6	[v111 @ X23_v7 (System.Int32)]	0			RUNTIME_DISPATCH		UNRESOLVED	METHOD_POINTER:UNKNOWN_CLASS_SOURCE:CLASS_NOT_AN_INTERFACE_POINTER	[Add]
UIIconGenerator::SetLayerRecursive	CALL	v106 @ stack_-48_v6	[v111 @ X23_v7 (System.Int32)]	1			RUNTIME_DISPATCH		UNRESOLVED	METHOD_POINTER:UNKNOWN_CLASS_SOURCE:CLASS_NOT_AN_INTERFACE_POINTER	[Add]
UIIconGenerator::SetLayerRecursive	CALL	v391 @ X0_v18	[v397 @ X22_v6 (System.Int32)]	0			RUNTIME_DISPATCH		UNRESOLVED	METHOD_POINTER:UNKNOWN_CLASS_SOURCE:CLASS_NOT_AN_INTERFACE_POINTER	[{Add | {{Add | DEFINED_3_TIMES} | self | {Add | DEFINED_3_TIMES}}}]
Newtonsoft.Json.Serialization.JsonSerializerInternalWriter::SerializeDictionary	CALL	v70 @ X0_v3	[v43 @ X22_v2 (System.Int32)]	0			RUNTIME_DISPATCH		UNRESOLVED	METHOD_POINTER:UNKNOWN_CLASS_SOURCE:CLASS_NOT_AN_INTERFACE_POINTER	[Add]
Newtonsoft.Json.Serialization.JsonSerializerInternalWriter::SerializeDictionary	CALL	v370._contractResolver (Newtonsoft.Json.Serialization.IContractResolver)	[v740 @ X8_v68 (System.Int32)]	0			RUNTIME_DISPATCH		UNRESOLVED	METHOD_POINTER:UNKNOWN_CLASS_SOURCE:CLASS_NOT_AN_INTERFACE_POINTER	[Add]
Newtonsoft.Json.Serialization.JsonSerializerInternalWriter::SerializeDictionary	CALL	v371._contractResolver (Newtonsoft.Json.Serialization.IContractResolver)	[v817 @ X8_v55 (System.Int32)]	0			RUNTIME_DISPATCH		UNRESOLVED	METHOD_POINTER:UNKNOWN_CLASS_SOURCE:CLASS_NOT_AN_INTERFACE_POINTER	[Add]
Newtonsoft.Json.Serialization.JsonSerializerInternalWriter::SerializeDictionary	CALL	values @ X2 (System.Collections.IDictionary)	[v808 @ X8_v30 (System.Int32)]	8			RUNTIME_DISPATCH		UNRESOLVED	METHOD_POINTER:UNKNOWN_CLASS_SOURCE:CLASS_NOT_AN_INTERFACE_POINTER	[Add]
Newtonsoft.Json.Serialization.JsonSerializerInternalWriter::SerializeDictionary	CALL	v593 @ X27_v11 (System.Collections.IDictionary)	[v596 @ X26_v10 (System.Int32)]	0			RUNTIME_DISPATCH		UNRESOLVED	METHOD_POINTER:UNKNOWN_CLASS_SOURCE:CLASS_NOT_AN_INTERFACE_POINTER	[Add]
Newtonsoft.Json.Serialization.JsonSerializerInternalWriter::SerializeDictionary	CALL	v548 @ stack_-68_v7 (System.Collections.IDictionary)	[v1087 @ X22_v11 (System.Int32)]	2			RUNTIME_DISPATCH		UNRESOLVED	METHOD_POINTER:UNKNOWN_CLASS_SOURCE:CLASS_NOT_AN_INTERFACE_POINTER	[Add]
Newtonsoft.Json.Serialization.JsonSerializerInternalWriter::SerializeDictionary	CALL	v602 @ X0_v9	[v400 @ X24_v4 (System.Int32)]	0			RUNTIME_DISPATCH		UNRESOLVED	METHOD_POINTER:UNKNOWN_CLASS_SOURCE:CLASS_NOT_AN_INTERFACE_POINTER	[Add]
Newtonsoft.Json.Serialization.JsonSerializerInternalWriter::ShouldSerialize	CALL	this.TraceWriter (Newtonsoft.Json.Serialization.ITraceWriter)	[v108 @ X25_v5 (System.Int32)]	0			RUNTIME_DISPATCH		UNRESOLVED	METHOD_POINTER:UNKNOWN_CLASS_SOURCE:CLASS_NOT_AN_INTERFACE_POINTER	[Add]
Newtonsoft.Json.Serialization.JsonSerializerInternalWriter::ShouldSerialize	CALL	v131 @ X21_v5 (Newtonsoft.Json.Serialization.ITraceWriter)	[v108 @ X25_v5 (System.Int32)]	1			RUNTIME_DISPATCH		UNRESOLVED	METHOD_POINTER:UNKNOWN_CLASS_SOURCE:CLASS_NOT_AN_INTERFACE_POINTER	[Add]
Newtonsoft.Json.Serialization.JsonSerializerInternalWriter::IsSpecified	CALL	this.TraceWriter (Newtonsoft.Json.Serialization.ITraceWriter)	[v108 @ X25_v5 (System.Int32)]	0			RUNTIME_DISPATCH		UNRESOLVED	METHOD_POINTER:UNKNOWN_CLASS_SOURCE:CLASS_NOT_AN_INTERFACE_POINTER	[Add]
Newtonsoft.Json.Serialization.JsonSerializerInternalWriter::IsSpecified	CALL	v131 @ X21_v5 (Newtonsoft.Json.Serialization.ITraceWriter)	[v108 @ X25_v5 (System.Int32)]	1			RUNTIME_DISPATCH		UNRESOLVED	METHOD_POINTER:UNKNOWN_CLASS_SOURCE:CLASS_NOT_AN_INTERFACE_POINTER	[Add]
Unity.VisualScripting.DictionaryCloner::FillClone	CALL	v84 @ X3_v2 (System.Collections.IDictionary)	[v62 @ X8_v5 (System.Int32)]	8			RUNTIME_DISPATCH		UNRESOLVED	METHOD_POINTER:UNKNOWN_CLASS_SOURCE:CLASS_NOT_AN_INTERFACE_POINTER	[Add]
Unity.VisualScripting.DictionaryCloner::FillClone	CALL	v305 @ X24_v5 (System.Collections.IDictionary)	[v652 @ X8_v28 (System.Int32)]	5			RUNTIME_DISPATCH		UNRESOLVED	METHOD_POINTER:UNKNOWN_CLASS_SOURCE:CLASS_NOT_AN_INTERFACE_POINTER	[Add]
Unity.VisualScripting.DictionaryCloner::FillClone	CALL	v295 @ X0_v4	[v90 @ X27_v3 (System.Int32)]	0			RUNTIME_DISPATCH		UNRESOLVED	METHOD_POINTER:UNKNOWN_CLASS_SOURCE:CLASS_NOT_AN_INTERFACE_POINTER	[Add]
Unity.VisualScripting.DictionaryCloner::FillClone	CALL	v295 @ X0_v4	[v88 @ X28_v3 (System.Int32)]	0			RUNTIME_DISPATCH		UNRESOLVED	METHOD_POINTER:UNKNOWN_CLASS_SOURCE:CLASS_NOT_AN_INTERFACE_POINTER	[Add]
Unity.VisualScripting.DictionaryCloner::FillClone	CALL	v295 @ X0_v4	[v88 @ X28_v3 (System.Int32)]	1			RUNTIME_DISPATCH		UNRESOLVED	METHOD_POINTER:UNKNOWN_CLASS_SOURCE:CLASS_NOT_AN_INTERFACE_POINTER	[Add]
Unity.VisualScripting.EnumerableCloner::FillClone	CALL	v61 @ X0_v3 (Unity.VisualScripting.IOptimizedInvoker)	[v92 @ X26_v8 (System.Int32)]	1			RUNTIME_DISPATCH		UNRESOLVED	METHOD_POINTER:UNKNOWN_CLASS_SOURCE:CLASS_NOT_AN_INTERFACE_POINTER	[Add]
Unity.VisualScripting.EnumerableCloner::FillClone	CALL	v539 @ X3_v5 (System.Collections.IEnumerable)	[v161 @ X8_v14 (System.Int32)]	0			RUNTIME_DISPATCH		UNRESOLVED	METHOD_POINTER:UNKNOWN_CLASS_SOURCE:CLASS_NOT_AN_INTERFACE_POINTER	[Add]
Unity.VisualScripting.EnumerableCloner::FillClone	CALL	v77 @ stack_-70_v7	[v90 @ X25_v8 (System.Int32)]	0			RUNTIME_DISPATCH		UNRESOLVED	METHOD_POINTER:UNKNOWN_CLASS_SOURCE:CLASS_NOT_AN_INTERFACE_POINTER	[Add]
Unity.VisualScripting.EnumerableCloner::FillClone	CALL	v77 @ stack_-70_v7	[v90 @ X25_v8 (System.Int32)]	1			RUNTIME_DISPATCH		UNRESOLVED	METHOD_POINTER:UNKNOWN_CLASS_SOURCE:CLASS_NOT_AN_INTERFACE_POINTER	[Add]
Unity.VisualScripting.EnumerableCloner::FillClone	CALL	v555 @ X0_v34	[v537 @ X24_v6 (System.Int32)]	0			RUNTIME_DISPATCH		UNRESOLVED	METHOD_POINTER:UNKNOWN_CLASS_SOURCE:CLASS_NOT_AN_INTERFACE_POINTER	[{{{DEFINED_2_TIMES | Add} | {DEFINED_2_TIMES | Add}} | Add}]
Unity.VisualScripting.FakeSerializationCloner::BeforeClone	TAIL	v46 @ X0_v3	[v19 @ X20_v2 (System.Int32)]	0			RUNTIME_DISPATCH		UNRESOLVED	METHOD_POINTER:UNKNOWN_CLASS_SOURCE:CLASS_NOT_AN_INTERFACE_POINTER	[Add]
Unity.VisualScripting.FakeSerializationCloner::AfterClone	TAIL	v46 @ X0_v3	[v19 @ X20_v2 (System.Int32)]	1			RUNTIME_DISPATCH		UNRESOLVED	METHOD_POINTER:UNKNOWN_CLASS_SOURCE:CLASS_NOT_AN_INTERFACE_POINTER	[Add]
Unity.VisualScripting.ListCloner::FillClone	CALL	v99 @ X25_v10 (System.Collections.IList)	[v65 @ X27_v3 (System.Int32)]	2			RUNTIME_DISPATCH		UNRESOLVED	METHOD_POINTER:UNKNOWN_CLASS_SOURCE:CLASS_NOT_AN_INTERFACE_POINTER	[Add]
Unity.VisualScripting.ListCloner::FillClone	CALL	original @ X3 (System.Collections.IList)	[v63 @ X26_v3 (System.Int32)]	1			RUNTIME_DISPATCH		UNRESOLVED	METHOD_POINTER:UNKNOWN_CLASS_SOURCE:CLASS_NOT_AN_INTERFACE_POINTER	[Add]
Unity.VisualScripting.ListCloner::FillClone	CALL	original @ X3 (System.Collections.IList)	[v65 @ X27_v3 (System.Int32)]	0			RUNTIME_DISPATCH		UNRESOLVED	METHOD_POINTER:UNKNOWN_CLASS_SOURCE:CLASS_NOT_AN_INTERFACE_POINTER	[Add]
Unity.VisualScripting.ListCloner::FillClone	CALL	v716 @ X25_v8 (System.Collections.IList)	[v63 @ X26_v3 (System.Int32)]	1			RUNTIME_DISPATCH		UNRESOLVED	METHOD_POINTER:UNKNOWN_CLASS_SOURCE:CLASS_NOT_AN_INTERFACE_POINTER	[Add]
Unity.VisualScripting.ListCloner::FillClone	CALL	v94 @ X24_v5 (System.Collections.IList)	[v65 @ X27_v3 (System.Int32)]	2			RUNTIME_DISPATCH		UNRESOLVED	METHOD_POINTER:UNKNOWN_CLASS_SOURCE:CLASS_NOT_AN_INTERFACE_POINTER	[Add]
Unity.VisualScripting.ListCloner::FillClone	CALL	original @ X3 (System.Collections.IList)	[v63 @ X26_v3 (System.Int32)]	1			RUNTIME_DISPATCH		UNRESOLVED	METHOD_POINTER:UNKNOWN_CLASS_SOURCE:CLASS_NOT_AN_INTERFACE_POINTER	[Add]
Unity.VisualScripting.ListCloner::FillClone	CALL	v98 @ X25_v11 (System.Collections.IList)	[v65 @ X27_v3 (System.Int32)]	0			RUNTIME_DISPATCH		UNRESOLVED	METHOD_POINTER:UNKNOWN_CLASS_SOURCE:CLASS_NOT_AN_INTERFACE_POINTER	[Add]
Unity.VisualScripting.ListCloner::FillClone	CALL	v93 @ X24_v10 (System.Collections.IList)	[v65 @ X27_v3 (System.Int32)]	1			RUNTIME_DISPATCH		UNRESOLVED	METHOD_POINTER:UNKNOWN_CLASS_SOURCE:CLASS_NOT_AN_INTERFACE_POINTER	[Add]
Unity.VisualScripting.ListCloner::FillClone	CALL	original @ X3 (System.Collections.IList)	[v65 @ X27_v3 (System.Int32)]	0			RUNTIME_DISPATCH		UNRESOLVED	METHOD_POINTER:UNKNOWN_CLASS_SOURCE:CLASS_NOT_AN_INTERFACE_POINTER	[Add]
Unity.VisualScripting.ReflectedCloner::FillClone	CALL	v98[v173 @ X27_v8 (System.Int32)]	v1059 @ X1_v36	2			RUNTIME_DISPATCH		UNRESOLVED	METHOD_POINTER:UNKNOWN_CLASS_SOURCE:CLASS_NOT_AN_INTERFACE_POINTER	{[Add] | [Add]}
Unity.VisualScripting.ReflectedCloner::FillClone	CALL	v98[v173 @ X27_v8 (System.Int32)]	[v170 @ X28_v6 (System.Int32)]	1			RUNTIME_DISPATCH		UNRESOLVED	METHOD_POINTER:UNKNOWN_CLASS_SOURCE:CLASS_NOT_AN_INTERFACE_POINTER	[Add]
Unity.VisualScripting.ReflectedCloner::FillClone	CALL	v98[v173 @ X27_v8 (System.Int32)]	[v170 @ X28_v6 (System.Int32)]	1			RUNTIME_DISPATCH		UNRESOLVED	METHOD_POINTER:UNKNOWN_CLASS_SOURCE:CLASS_NOT_AN_INTERFACE_POINTER	[Add]
Unity.VisualScripting.ReflectedCloner::FillClone	CALL	v98[v173 @ X27_v8 (System.Int32)]	[v170 @ X28_v6 (System.Int32)]	1			RUNTIME_DISPATCH		UNRESOLVED	METHOD_POINTER:UNKNOWN_CLASS_SOURCE:CLASS_NOT_AN_INTERFACE_POINTER	[Add]
Unity.VisualScripting.OptimizedReflection::SetValueOptimized	TAIL	v69 @ X0_v18 (Unity.VisualScripting.IOptimizedAccessor)	[v75 @ X8_v11 (System.Int32)]	2			RUNTIME_DISPATCH		UNRESOLVED	METHOD_POINTER:UNKNOWN_CLASS_SOURCE:CLASS_NOT_AN_INTERFACE_POINTER	[Add]
Unity.VisualScripting.ReflectedCloner::GetOptimizedAccessors	CALL	v166 @ X0_v39 (System.Collections.Generic.IEnumerable`1<System.Reflection.MemberInfo>)	[v491 @ X8_v32 (System.Int32)]	0			RUNTIME_DISPATCH		UNRESOLVED	METHOD_POINTER:UNKNOWN_CLASS_SOURCE:CLASS_NOT_AN_INTERFACE_POINTER	[Add]
Unity.VisualScripting.ReflectedCloner::GetOptimizedAccessors	CALL	v676 @ X23_v13	[v209 @ X24_v13 (System.Int32)]	0			RUNTIME_DISPATCH		UNRESOLVED	METHOD_POINTER:UNKNOWN_CLASS_SOURCE:CLASS_NOT_AN_INTERFACE_POINTER	[Add]
Unity.VisualScripting.ReflectedCloner::GetOptimizedAccessors	CALL	v629 @ X0_v42	[v207 @ X25_v12 (System.Int32)]	0			RUNTIME_DISPATCH		UNRESOLVED	METHOD_POINTER:UNKNOWN_CLASS_SOURCE:CLASS_NOT_AN_INTERFACE_POINTER	[Add]
Unity.VisualScripting.ReflectedCloner::GetOptimizedAccessors	CALL	v709 @ X23_v10	[v735 @ X8_v19 (System.Int32)]	0			RUNTIME_DISPATCH		UNRESOLVED	METHOD_POINTER:UNKNOWN_CLASS_SOURCE:CLASS_NOT_AN_INTERFACE_POINTER	[Add]
Unity.VisualScripting.Cloning+<>c__DisplayClass35_0::<GetCloner>b__0	TAIL	cloner @ X1 (Unity.VisualScripting.ICloner)	[v45 @ X8_v4 (System.Int32)]	0			RUNTIME_DISPATCH		UNRESOLVED	METHOD_POINTER:UNKNOWN_CLASS_SOURCE:CLASS_NOT_AN_INTERFACE_POINTER	[Add]
Unity.VisualScripting.RuntimeCodebase::.cctor	CALL	v631 @ X0_v71 (System.Object)	[v642 @ X8_v52 (System.Int32)]	0			RUNTIME_DISPATCH		UNRESOLVED	METHOD_POINTER:UNKNOWN_CLASS_SOURCE:CLASS_NOT_AN_INTERFACE_POINTER	[Add]
Unity.VisualScripting.RuntimeCodebase::.cctor	CALL	v762 @ X21_v13	[v372 @ X28_v8 (System.Int32)]	0			RUNTIME_DISPATCH		UNRESOLVED	METHOD_POINTER:UNKNOWN_CLASS_SOURCE:CLASS_NOT_AN_INTERFACE_POINTER	[Add]
Unity.VisualScripting.RuntimeCodebase::.cctor	CALL	v245 @ stack_-78_v7	[v370 @ X27_v8 (System.Int32)]	0			RUNTIME_DISPATCH		UNRESOLVED	METHOD_POINTER:UNKNOWN_CLASS_SOURCE:CLASS_NOT_AN_INTERFACE_POINTER	[Add]
Unity.VisualScripting.RuntimeCodebase::.cctor	CALL	[v829 @ X8_v61]	[v836 @ X8_v65 (System.Int32)]	0			RUNTIME_DISPATCH		UNRESOLVED	METHOD_POINTER:UNKNOWN_CLASS_SOURCE:CLASS_NOT_AN_INTERFACE_POINTER	[Add]
Unity.VisualScripting.OptimizedReflection::GetFieldAccessor	CALL	v437 @ X20_v16 (Unity.VisualScripting.ReflectionFieldAccessor)	v734 @ X1_v17	0			RUNTIME_DISPATCH		UNRESOLVED	METHOD_POINTER:UNKNOWN_CLASS_SOURCE:CLASS_NOT_AN_INTERFACE_POINTER	{[Add] | [Add] | {[Add] | [Add]}}
Unity.VisualScripting.OptimizedReflection::SetValueOptimized	TAIL	v69 @ X0_v18 (Unity.VisualScripting.IOptimizedAccessor)	[v75 @ X8_v11 (System.Int32)]	2			RUNTIME_DISPATCH		UNRESOLVED	METHOD_POINTER:UNKNOWN_CLASS_SOURCE:CLASS_NOT_AN_INTERFACE_POINTER	[Add]
Unity.VisualScripting.InvokerBase::VerifyArgument	CALL	v326 @ X0_v51 (System.Reflection.ParameterInfo[])	argIndex @ X2 (System.Int32)	0			RUNTIME_DISPATCH		UNRESOLVED	TWO_LOADS_OTHER:UNKNOWN_CLASS_SOURCE:CLASS_NOT_AN_INTERFACE_POINTER	param:argIndex
Unity.VisualScripting.Cloning::Clone	CALL	v148 @ X21_v8	[v153 @ X8_v13 (System.Int32)]	0			RUNTIME_DISPATCH		UNRESOLVED	METHOD_POINTER:UNKNOWN_CLASS_SOURCE:CLASS_NOT_AN_INTERFACE_POINTER	[Add]
Unity.VisualScripting.Cloning::CloneInto	CALL	v263 @ X0_v15 (Unity.VisualScripting.ICloner)	[v312 @ X8_v27 (System.Int32)]	1			RUNTIME_DISPATCH		UNRESOLVED	METHOD_POINTER:UNKNOWN_CLASS_SOURCE:CLASS_NOT_AN_INTERFACE_POINTER	[Add]
Unity.VisualScripting.Cloning::CloneInto	CALL	v263 @ X0_v15 (Unity.VisualScripting.ICloner)	[v253 @ X25_v4 (System.Int32)]	2			RUNTIME_DISPATCH		UNRESOLVED	METHOD_POINTER:UNKNOWN_CLASS_SOURCE:CLASS_NOT_AN_INTERFACE_POINTER	[Add]
Unity.VisualScripting.Cloning::CloneInto	CALL	v263 @ X0_v15 (Unity.VisualScripting.ICloner)	[v253 @ X25_v4 (System.Int32)]	3			RUNTIME_DISPATCH		UNRESOLVED	METHOD_POINTER:UNKNOWN_CLASS_SOURCE:CLASS_NOT_AN_INTERFACE_POINTER	[Add]
Unity.VisualScripting.Cloning::CloneInto	CALL	v263 @ X0_v15 (Unity.VisualScripting.ICloner)	[v253 @ X25_v4 (System.Int32)]	4			RUNTIME_DISPATCH		UNRESOLVED	METHOD_POINTER:UNKNOWN_CLASS_SOURCE:CLASS_NOT_AN_INTERFACE_POINTER	[Add]
Unity.VisualScripting.Cloning::GetCloner	TAIL	v72 @ X0_v9	[v61 @ X22_v4 (System.Int32)]	0			RUNTIME_DISPATCH		UNRESOLVED	METHOD_POINTER:UNKNOWN_CLASS_SOURCE:CLASS_NOT_AN_INTERFACE_POINTER	[Add]
Unity.VisualScripting.OptimizedReflection::GetPropertyAccessor	CALL	v439 @ X20_v16 (Unity.VisualScripting.ReflectionPropertyAccessor)	v763 @ X1_v17	0			RUNTIME_DISPATCH		UNRESOLVED	METHOD_POINTER:UNKNOWN_CLASS_SOURCE:CLASS_NOT_AN_INTERFACE_POINTER	{[Add] | [Add] | {[Add] | [Add]}}
Unity.VisualScripting.RuntimeCodebase::TrySystemTypeLookup	CALL	v98 @ X0_v59	[v691 @ X8_v37 (System.Int32)]	0			RUNTIME_DISPATCH		UNRESOLVED	METHOD_POINTER:UNKNOWN_CLASS_SOURCE:CLASS_NOT_AN_INTERFACE_POINTER	[Add]
Unity.VisualScripting.RuntimeCodebase::TrySystemTypeLookup	CALL	v771 @ X0_v62	[v180 @ X23_v19 (System.Int32)]	0			RUNTIME_DISPATCH		UNRESOLVED	METHOD_POINTER:UNKNOWN_CLASS_SOURCE:CLASS_NOT_AN_INTERFACE_POINTER	[Add]
Unity.VisualScripting.RuntimeCodebase::TrySystemTypeLookup	CALL	v771 @ X0_v62	[v174 @ X24_v17 (System.Int32)]	0			RUNTIME_DISPATCH		UNRESOLVED	METHOD_POINTER:UNKNOWN_CLASS_SOURCE:CLASS_NOT_AN_INTERFACE_POINTER	[Add]
Unity.VisualScripting.RuntimeCodebase::TrySystemTypeLookup	CALL	v551 @ X22_v11	[v555 @ X8_v14 (System.Int32)]	0			RUNTIME_DISPATCH		UNRESOLVED	METHOD_POINTER:UNKNOWN_CLASS_SOURCE:CLASS_NOT_AN_INTERFACE_POINTER	[Add]
Unity.VisualScripting.Namespace+Collection::TryGetValue	TAIL	this.dict (System.Collections.Generic.Dictionary`2<System.String, Unity.VisualScripting.Namespace>)	[v50 @ X8_v4 (System.Int32)]	7			RUNTIME_DISPATCH		UNRESOLVED	METHOD_POINTER:UNKNOWN_CLASS_SOURCE:CLASS_NOT_AN_INTERFACE_POINTER	[Add]
Unity.VisualScripting.FullSerializer.fsArrayConverter::TrySerialize	CALL	instance @ X1 (System.Object)	[v232 @ X27_v4 (System.Int32)]	1			RUNTIME_DISPATCH		UNRESOLVED	METHOD_POINTER:UNKNOWN_CLASS_SOURCE:CLASS_NOT_AN_INTERFACE_POINTER	[Add]
Unity.VisualScripting.FullSerializer.fsArrayConverter::TrySerialize	CALL	instance @ X1 (System.Object)	[v232 @ X27_v4 (System.Int32)]	1			RUNTIME_DISPATCH		UNRESOLVED	METHOD_POINTER:UNKNOWN_CLASS_SOURCE:CLASS_NOT_AN_INTERFACE_POINTER	[Add]
Unity.VisualScripting.FullSerializer.fsArrayConverter::TrySerialize	CALL	instance @ X1 (System.Object)	[v225 @ X28_v4 (System.Int32)]	0			RUNTIME_DISPATCH		UNRESOLVED	METHOD_POINTER:UNKNOWN_CLASS_SOURCE:CLASS_NOT_AN_INTERFACE_POINTER	[Add]
Unity.VisualScripting.RuntimeCodebase::FetchRenamedNamespaces	CALL	v83 @ X0_v7	[v93 @ X8_v16 (System.Int32)]	0			RUNTIME_DISPATCH		UNRESOLVED	METHOD_POINTER:UNKNOWN_CLASS_SOURCE:CLASS_NOT_AN_INTERFACE_POINTER	[Add]
Unity.VisualScripting.RuntimeCodebase::FetchRenamedNamespaces	CALL	v428 @ X20_v13	[v341 @ X23_v9 (System.Int32)]	0			RUNTIME_DISPATCH		UNRESOLVED	METHOD_POINTER:UNKNOWN_CLASS_SOURCE:CLASS_NOT_AN_INTERFACE_POINTER	[Add]
Unity.VisualScripting.RuntimeCodebase::FetchRenamedNamespaces	CALL	v323 @ X0_v31	[v343 @ X24_v9 (System.Int32)]	0			RUNTIME_DISPATCH		UNRESOLVED	METHOD_POINTER:UNKNOWN_CLASS_SOURCE:CLASS_NOT_AN_INTERFACE_POINTER	[Add]
Unity.VisualScripting.RuntimeCodebase::FetchRenamedNamespaces	CALL	v618 @ X21_v8	[v624 @ X8_v10 (System.Int32)]	0			RUNTIME_DISPATCH		UNRESOLVED	METHOD_POINTER:UNKNOWN_CLASS_SOURCE:CLASS_NOT_AN_INTERFACE_POINTER	[Add]
Unity.VisualScripting.RuntimeCodebase::FetchRenamedAssemblies	CALL	v83 @ X0_v7	[v93 @ X8_v16 (System.Int32)]	0			RUNTIME_DISPATCH		UNRESOLVED	METHOD_POINTER:UNKNOWN_CLASS_SOURCE:CLASS_NOT_AN_INTERFACE_POINTER	[Add]
Unity.VisualScripting.RuntimeCodebase::FetchRenamedAssemblies	CALL	v428 @ X20_v13	[v341 @ X23_v9 (System.Int32)]	0			RUNTIME_DISPATCH		UNRESOLVED	METHOD_POINTER:UNKNOWN_CLASS_SOURCE:CLASS_NOT_AN_INTERFACE_POINTER	[Add]
Unity.VisualScripting.RuntimeCodebase::FetchRenamedAssemblies	CALL	v323 @ X0_v31	[v343 @ X24_v9 (System.Int32)]	0			RUNTIME_DISPATCH		UNRESOLVED	METHOD_POINTER:UNKNOWN_CLASS_SOURCE:CLASS_NOT_AN_INTERFACE_POINTER	[Add]
Unity.VisualScripting.RuntimeCodebase::FetchRenamedAssemblies	CALL	v618 @ X21_v8	[v624 @ X8_v10 (System.Int32)]	0			RUNTIME_DISPATCH		UNRESOLVED	METHOD_POINTER:UNKNOWN_CLASS_SOURCE:CLASS_NOT_AN_INTERFACE_POINTER	[Add]
Unity.VisualScripting.OptimizedReflection::GetMethodInvoker	CALL	v526 @ X20_v13 (Unity.VisualScripting.ReflectionInvoker)	v849 @ X1_v17	0			RUNTIME_DISPATCH		UNRESOLVED	METHOD_POINTER:UNKNOWN_CLASS_SOURCE:CLASS_NOT_AN_INTERFACE_POINTER	{[Add] | [Add] | {[Add] | [Add]}}
Unity.VisualScripting.RuntimeCodebase::FetchRenamedTypes	CALL	v258 @ X20_v3	[v138 @ X8_v116 (System.Int32)]	0			RUNTIME_DISPATCH		UNRESOLVED	METHOD_POINTER:UNKNOWN_CLASS_SOURCE:CLASS_NOT_AN_INTERFACE_POINTER	[Add]
Unity.VisualScripting.RuntimeCodebase::FetchRenamedTypes	CALL	v367 @ X25_v8	[v277 @ X22_v8 (System.Int32)]	0			RUNTIME_DISPATCH		UNRESOLVED	METHOD_POINTER:UNKNOWN_CLASS_SOURCE:CLASS_NOT_AN_INTERFACE_POINTER	[Add]
Unity.VisualScripting.RuntimeCodebase::FetchRenamedTypes	CALL	v267 @ stack_-68_v3	[v730 @ X8_v25 (System.Int32)]	0			RUNTIME_DISPATCH		UNRESOLVED	METHOD_POINTER:UNKNOWN_CLASS_SOURCE:CLASS_NOT_AN_INTERFACE_POINTER	[Add]
Unity.VisualScripting.RuntimeCodebase::FetchRenamedTypes	CALL	v1041 @ X0_v46 (System.Object)	[v1053 @ X8_v41 (System.Int32)]	0			RUNTIME_DISPATCH		UNRESOLVED	METHOD_POINTER:UNKNOWN_CLASS_SOURCE:CLASS_NOT_AN_INTERFACE_POINTER	[Add]
Unity.VisualScripting.RuntimeCodebase::FetchRenamedTypes	CALL	v1138 @ X25_v13	[v277 @ X22_v8 (System.Int32)]	0			RUNTIME_DISPATCH		UNRESOLVED	METHOD_POINTER:UNKNOWN_CLASS_SOURCE:CLASS_NOT_AN_INTERFACE_POINTER	[Add]
Unity.VisualScripting.RuntimeCodebase::FetchRenamedTypes	CALL	v306 @ stack_-70_v8	[v1228 @ X8_v60 (System.Int32)]	0			RUNTIME_DISPATCH		UNRESOLVED	METHOD_POINTER:UNKNOWN_CLASS_SOURCE:CLASS_NOT_AN_INTERFACE_POINTER	[Add]
Unity.VisualScripting.RuntimeCodebase::FetchRenamedTypes	CALL	v1397 @ X0_v79 (System.Collections.Generic.IEnumerable`1<System.Object>)	[v1401 @ X8_v73 (System.Int32)]	0			RUNTIME_DISPATCH		UNRESOLVED	METHOD_POINTER:UNKNOWN_CLASS_SOURCE:CLASS_NOT_AN_INTERFACE_POINTER	[Add]
Unity.VisualScripting.RuntimeCodebase::FetchRenamedTypes	CALL	v448 @ X26_v15	[v277 @ X22_v8 (System.Int32)]	0			RUNTIME_DISPATCH		UNRESOLVED	METHOD_POINTER:UNKNOWN_CLASS_SOURCE:CLASS_NOT_AN_INTERFACE_POINTER	[Add]
Unity.VisualScripting.RuntimeCodebase::FetchRenamedTypes	CALL	v1480 @ X0_v86	[v280 @ X24_v7 (System.Int32)]	0			RUNTIME_DISPATCH		UNRESOLVED	METHOD_POINTER:UNKNOWN_CLASS_SOURCE:CLASS_NOT_AN_INTERFACE_POINTER	[Add]
Unity.VisualScripting.RuntimeCodebase::FetchRenamedTypes	CALL	[v1575 @ X8_v81]	[v1582 @ X8_v84 (System.Int32)]	0			RUNTIME_DISPATCH		UNRESOLVED	METHOD_POINTER:UNKNOWN_CLASS_SOURCE:CLASS_NOT_AN_INTERFACE_POINTER	[Add]
Unity.VisualScripting.RuntimeCodebase::FetchRenamedTypes	CALL	[v1225 @ X8_v51]	[v1234 @ X8_v54 (System.Int32)]	0			RUNTIME_DISPATCH		UNRESOLVED	METHOD_POINTER:UNKNOWN_CLASS_SOURCE:CLASS_NOT_AN_INTERFACE_POINTER	[Add]
Unity.VisualScripting.RuntimeCodebase::FetchRenamedTypes	CALL	[v723 @ X8_v9]	[v736 @ X8_v12 (System.Int32)]	0			RUNTIME_DISPATCH		UNRESOLVED	METHOD_POINTER:UNKNOWN_CLASS_SOURCE:CLASS_NOT_AN_INTERFACE_POINTER	[Add]
Unity.VisualScripting.FullSerializer.fsDictionaryConverter::TrySerialize	CALL	v776 @ X0_v38	v1073 @ X1_v72	0			RUNTIME_DISPATCH		UNRESOLVED	METHOD_POINTER:UNKNOWN_CLASS_SOURCE:CLASS_NOT_AN_INTERFACE_POINTER	{[Add] | {[Add] | [Add]} | [Add]}
Unity.VisualScripting.FullSerializer.fsDictionaryConverter::TrySerialize	CALL	v776 @ X0_v38	[v1142 @ X8_v75 (System.Int32)]	0			RUNTIME_DISPATCH		UNRESOLVED	METHOD_POINTER:UNKNOWN_CLASS_SOURCE:CLASS_NOT_AN_INTERFACE_POINTER	[Add]
Unity.VisualScripting.FullSerializer.fsDictionaryConverter::TrySerialize	CALL	v776 @ X0_v38	[v1249 @ X8_v80 (System.Int32)]	1			RUNTIME_DISPATCH		UNRESOLVED	METHOD_POINTER:UNKNOWN_CLASS_SOURCE:CLASS_NOT_AN_INTERFACE_POINTER	[Add]
Unity.VisualScripting.FullSerializer.fsDictionaryConverter::TrySerialize	CALL	v106 @ X0_v15 (System.Object)	[v99 @ X26_v4 (System.Int32)]	8			RUNTIME_DISPATCH		UNRESOLVED	METHOD_POINTER:UNKNOWN_CLASS_SOURCE:CLASS_NOT_AN_INTERFACE_POINTER	[Add]
Unity.VisualScripting.FullSerializer.fsDictionaryConverter::TrySerialize	CALL	v106 @ X0_v15 (System.Object)	[v563 @ X22_v9 (System.Int32)]	1			RUNTIME_DISPATCH		UNRESOLVED	METHOD_POINTER:UNKNOWN_CLASS_SOURCE:CLASS_NOT_AN_INTERFACE_POINTER	[Add]
Unity.VisualScripting.FullSerializer.fsDictionaryConverter::TrySerialize	CALL	v106 @ X0_v15 (System.Object)	[v505 @ X27_v6 (System.Int32)]	1			RUNTIME_DISPATCH		UNRESOLVED	METHOD_POINTER:UNKNOWN_CLASS_SOURCE:CLASS_NOT_AN_INTERFACE_POINTER	[{Add | Add}]
Unity.VisualScripting.LinqUtility+<Concat>d__0`1::System.IDisposable.Dispose	CALL	v287 @ X19_v6 (System.Collections.Generic.IEnumerator`1<T>)	[v22 @ X21_v2 (System.Int32)]	0			RUNTIME_DISPATCH		UNRESOLVED	METHOD_POINTER:UNKNOWN_CLASS_SOURCE:CLASS_NOT_AN_INTERFACE_POINTER	[Add]
Unity.VisualScripting.LinqUtility+<Concat>d__0`1::System.IDisposable.Dispose	CALL	[v165 @ X20_v3+38]	[v22 @ X21_v2 (System.Int32)]	0			RUNTIME_DISPATCH		UNRESOLVED	METHOD_POINTER:UNKNOWN_CLASS_SOURCE:CLASS_NOT_AN_INTERFACE_POINTER	[Add]
Unity.VisualScripting.FullSerializer.fsDictionaryConverter::AddItemToDictionary	CALL	dictionary @ X1 (System.Collections.IDictionary)	[v128 @ X8_v39 (System.Int32)]	1			RUNTIME_DISPATCH		UNRESOLVED	METHOD_POINTER:UNKNOWN_CLASS_SOURCE:CLASS_NOT_AN_INTERFACE_POINTER	[Add]
Unity.VisualScripting.LinqUtility+<Concat>d__0`1::MoveNext	CALL	v715 @ X0_v7 (System.Collections.Generic.IEnumerable`1<T>)	v845 @ X1_v6 (Il2CppClass<System.Collections.Generic.IEnumerable`1<T>>)	0	System.Collections.Generic.IEnumerable`1::GetEnumerator	0x06002DF6	RUNTIME_DISPATCH	T	EXACT	lookup(receiver, interface class, slot) reaches the dispatch pointer; slot = Il2CppMethodDefinition.slot
Unity.VisualScripting.LinqUtility+<Concat>d__0`1::MoveNext	CALL	v396 @ X19_v9 (System.Collections.Generic.IEnumerator`1<T>)	v614 @ X1_v14 (Il2CppClass<System.Collections.Generic.IEnumerator`1<T>>)	0	System.Collections.Generic.IEnumerator`1::get_Current	0x06002DF7	RUNTIME_DISPATCH	T	EXACT	lookup(receiver, interface class, slot) reaches the dispatch pointer; slot = Il2CppMethodDefinition.slot
Unity.VisualScripting.FullSerializer.fsSerializationCallbackProcessor::OnBeforeSerialize	TAIL	v127 @ X0_v10	[v45 @ X21_v3 (System.Int32)]	0			RUNTIME_DISPATCH		UNRESOLVED	METHOD_POINTER:UNKNOWN_CLASS_SOURCE:CLASS_NOT_AN_INTERFACE_POINTER	[Add]
Unity.VisualScripting.FullSerializer.fsSerializationCallbackProcessor::OnAfterSerialize	TAIL	v140 @ X0_v10	[v50 @ X22_v3 (System.Int32)]	1			RUNTIME_DISPATCH		UNRESOLVED	METHOD_POINTER:UNKNOWN_CLASS_SOURCE:CLASS_NOT_AN_INTERFACE_POINTER	[Add]
Unity.VisualScripting.LinqUtility+<Concat>d__0`1::MoveNext	CALL	v131 @ X0_v86 (System.Collections.Generic.IEnumerator`1<T>)	[v274 @ X8_v69 (System.Int32)]	0			RUNTIME_DISPATCH		UNRESOLVED	METHOD_POINTER:UNKNOWN_CLASS_SOURCE:CLASS_NOT_AN_INTERFACE_POINTER	[Add]
Unity.VisualScripting.LinqUtility+<Concat>d__0`1::MoveNext	CALL	v392 @ X19_v18 (System.Collections.Generic.IEnumerator`1<T>)	[v52 @ X22_v2 (System.Int32)]	0			RUNTIME_DISPATCH		UNRESOLVED	METHOD_POINTER:UNKNOWN_CLASS_SOURCE:CLASS_NOT_AN_INTERFACE_POINTER	[Add]
Unity.VisualScripting.LinqUtility+<Concat>d__0`1::MoveNext	CALL	v392 @ X19_v18 (System.Collections.Generic.IEnumerator`1<T>)	[v50 @ X21_v2 (System.Int32)]	0			RUNTIME_DISPATCH		UNRESOLVED	METHOD_POINTER:UNKNOWN_CLASS_SOURCE:CLASS_NOT_AN_INTERFACE_POINTER	[Add]
Unity.VisualScripting.LinqUtility+<Concat>d__0`1::MoveNext	CALL	this.<>7__wrap2 (System.Collections.Generic.IEnumerator`1<T>)	[v60 @ X20_v3 (System.Int32)]	0			RUNTIME_DISPATCH		UNRESOLVED	METHOD_POINTER:UNKNOWN_CLASS_SOURCE:CLASS_NOT_AN_INTERFACE_POINTER	[Add]
Unity.VisualScripting.LinqUtility+<Concat>d__0`1::MoveNext	CALL	v388.<>7__wrap1 (System.Collections.Generic.IEnumerator`1<System.Collections.IEnumerable>)	[v50 @ X21_v2 (System.Int32)]	0			RUNTIME_DISPATCH		UNRESOLVED	METHOD_POINTER:UNKNOWN_CLASS_SOURCE:CLASS_NOT_AN_INTERFACE_POINTER	[Add]
Unity.VisualScripting.LinqUtility+<Concat>d__0`1::MoveNext	CALL	this.<>7__wrap1 (System.Collections.Generic.IEnumerator`1<System.Collections.IEnumerable>)	[v60 @ X20_v3 (System.Int32)]	0			RUNTIME_DISPATCH		UNRESOLVED	METHOD_POINTER:UNKNOWN_CLASS_SOURCE:CLASS_NOT_AN_INTERFACE_POINTER	[Add]
Unity.VisualScripting.FullSerializer.fsSerializationCallbackProcessor::OnBeforeDeserializeAfterInstanceCreation	TAIL	v101 @ X0_v41	[v27 @ X23_v2 (System.Int32)]	2			RUNTIME_DISPATCH		UNRESOLVED	METHOD_POINTER:UNKNOWN_CLASS_SOURCE:CLASS_NOT_AN_INTERFACE_POINTER	[Add]
Unity.VisualScripting.FullSerializer.fsSerializationCallbackProcessor::OnAfterDeserialize	TAIL	v127 @ X0_v10	[v45 @ X21_v3 (System.Int32)]	3			RUNTIME_DISPATCH		UNRESOLVED	METHOD_POINTER:UNKNOWN_CLASS_SOURCE:CLASS_NOT_AN_INTERFACE_POINTER	[Add]
Unity.VisualScripting.FullSerializer.fsSerializationCallbackReceiverProcessor::OnBeforeSerialize	TAIL	v202 @ X0_v10	[v119 @ X21_v3 (System.Int32)]	0			RUNTIME_DISPATCH		UNRESOLVED	METHOD_POINTER:UNKNOWN_CLASS_SOURCE:CLASS_NOT_AN_INTERFACE_POINTER	[Add]
Unity.VisualScripting.FullSerializer.fsEnumConverter::TrySerialize	CALL	v249 @ stack_-68_v10	[v239 @ X25_v12 (System.Int32)]	0			RUNTIME_DISPATCH		UNRESOLVED	METHOD_POINTER:UNKNOWN_CLASS_SOURCE:CLASS_NOT_AN_INTERFACE_POINTER	[Add]
Unity.VisualScripting.FullSerializer.fsEnumConverter::TrySerialize	CALL	v249 @ stack_-68_v10	[v239 @ X25_v12 (System.Int32)]	1			RUNTIME_DISPATCH		UNRESOLVED	METHOD_POINTER:UNKNOWN_CLASS_SOURCE:CLASS_NOT_AN_INTERFACE_POINTER	[Add]
Unity.VisualScripting.FullSerializer.fsEnumConverter::TrySerialize	CALL	v577 @ X0_v4	[v112 @ X25_v3 (System.Int32)]	0			RUNTIME_DISPATCH		UNRESOLVED	METHOD_POINTER:UNKNOWN_CLASS_SOURCE:CLASS_NOT_AN_INTERFACE_POINTER	[Add]
Unity.VisualScripting.LinqUtility+<Concat>d__0`1::<>m__Finally1	TAIL	this.<>7__wrap1 (System.Collections.Generic.IEnumerator`1<System.Collections.IEnumerable>)	[v42 @ X8_v5 (System.Int32)]	0			RUNTIME_DISPATCH		UNRESOLVED	METHOD_POINTER:UNKNOWN_CLASS_SOURCE:CLASS_NOT_AN_INTERFACE_POINTER	[Add]
Unity.VisualScripting.LinqUtility+<Concat>d__0`1::<>m__Finally2	TAIL	this.<>7__wrap2 (System.Collections.Generic.IEnumerator`1<T>)	[v42 @ X8_v5 (System.Int32)]	0			RUNTIME_DISPATCH		UNRESOLVED	METHOD_POINTER:UNKNOWN_CLASS_SOURCE:CLASS_NOT_AN_INTERFACE_POINTER	[Add]
Unity.VisualScripting.FullSerializer.fsSerializationCallbackReceiverProcessor::OnAfterDeserialize	TAIL	v202 @ X0_v10	[v119 @ X21_v3 (System.Int32)]	1			RUNTIME_DISPATCH		UNRESOLVED	METHOD_POINTER:UNKNOWN_CLASS_SOURCE:CLASS_NOT_AN_INTERFACE_POINTER	[Add]
Unity.VisualScripting.LinqUtility::AddRange	CALL	items @ X1 (System.Collections.Generic.IEnumerable`1<T>)	v122 @ X1_v8 (Il2CppClass<System.Collections.Generic.IEnumerable`1<T>>)	0	System.Collections.Generic.IEnumerable`1::GetEnumerator	0x06002DF6	RUNTIME_DISPATCH	T	EXACT	lookup(receiver, interface class, slot) reaches the dispatch pointer; slot = Il2CppMethodDefinition.slot
Unity.VisualScripting.LinqUtility::AddRange	CALL	collection @ X0 (System.Collections.Generic.ICollection`1<T>)	v654 @ X1_v18 (Il2CppClass<System.Collections.Generic.ICollection`1<T>>)	2	System.Collections.Generic.ICollection`1::Add	0x06002DE8	RUNTIME_DISPATCH	T	EXACT	lookup(receiver, interface class, slot) reaches the dispatch pointer; slot = Il2CppMethodDefinition.slot
Unity.VisualScripting.LinqUtility::AddRange	CALL	v266 @ X0_v26	v580 @ X1_v15 (Il2CppClass<System.Collections.Generic.IEnumerator`1<T>>)	0	System.Collections.Generic.IEnumerator`1::get_Current	0x06002DF7	RUNTIME_DISPATCH	T	EXACT	lookup(receiver, interface class, slot) reaches the dispatch pointer; slot = Il2CppMethodDefinition.slot
Unity.VisualScripting.LinqUtility::AddRange	CALL	v266 @ X0_v26	[v69 @ X22_v7 (System.Int32)]	0			RUNTIME_DISPATCH		UNRESOLVED	METHOD_POINTER:UNKNOWN_CLASS_SOURCE:CLASS_NOT_AN_INTERFACE_POINTER	[Add]
Unity.VisualScripting.LinqUtility::AddRange	CALL	v397 @ X20_v6	[v403 @ X8_v9 (System.Int32)]	0			RUNTIME_DISPATCH		UNRESOLVED	METHOD_POINTER:UNKNOWN_CLASS_SOURCE:CLASS_NOT_AN_INTERFACE_POINTER	[Add]
Facebook.Unity.FB::PostTournamentScore	TAIL	v62 @ X0_v17 (Facebook.Unity.IFacebook)	[v68 @ X8_v11 (System.Int32)]	36			RUNTIME_DISPATCH		UNRESOLVED	METHOD_POINTER:UNKNOWN_CLASS_SOURCE:CLASS_NOT_AN_INTERFACE_POINTER	[Add]
Facebook.Unity.FB::GetTournament	TAIL	v61 @ X0_v17 (Facebook.Unity.IFacebook)	[v67 @ X8_v11 (System.Int32)]	37			RUNTIME_DISPATCH		UNRESOLVED	METHOD_POINTER:UNKNOWN_CLASS_SOURCE:CLASS_NOT_AN_INTERFACE_POINTER	[Add]
Facebook.Unity.FB::ShareTournament	TAIL	v67 @ X0_v17 (Facebook.Unity.IFacebook)	[v73 @ X8_v11 (System.Int32)]	38			RUNTIME_DISPATCH		UNRESOLVED	METHOD_POINTER:UNKNOWN_CLASS_SOURCE:CLASS_NOT_AN_INTERFACE_POINTER	[Add]
Facebook.Unity.FB::CreateTournament	CALL	v79 @ X0_v18 (Facebook.Unity.IFacebook)	[v85 @ X8_v12 (System.Int32)]	39			RUNTIME_DISPATCH		UNRESOLVED	METHOD_POINTER:UNKNOWN_CLASS_SOURCE:CLASS_NOT_AN_INTERFACE_POINTER	[Add]
Unity.VisualScripting.FullSerializer.fsEnumConverter::ArrayContains	CALL	Type: Il2CppMethodInfo	v64 @ X1_v2 (T)	value @ X1 (T)			RUNTIME_DISPATCH		UNRESOLVED	TWO_LOADS_OTHER:UNKNOWN_CLASS_SOURCE:CLASS_NOT_AN_INTERFACE_POINTER	{param:value | ArrayAccess}
Facebook.Unity.FB::UploadImageToMediaLibrary	TAIL	v68 @ X0_v17 (Facebook.Unity.IFacebook)	[v74 @ X8_v11 (System.Int32)]	40			RUNTIME_DISPATCH		UNRESOLVED	METHOD_POINTER:UNKNOWN_CLASS_SOURCE:CLASS_NOT_AN_INTERFACE_POINTER	[Add]
Facebook.Unity.FB::UploadVideoToMediaLibrary	TAIL	v68 @ X0_v17 (Facebook.Unity.IFacebook)	[v74 @ X8_v11 (System.Int32)]	41			RUNTIME_DISPATCH		UNRESOLVED	METHOD_POINTER:UNKNOWN_CLASS_SOURCE:CLASS_NOT_AN_INTERFACE_POINTER	[Add]
Facebook.Unity.FB::UploadImageToMediaLibrary	TAIL	v73 @ X0_v17 (Facebook.Unity.IFacebook)	[v79 @ X8_v11 (System.Int32)]	0			RUNTIME_DISPATCH		UNRESOLVED	METHOD_POINTER:UNKNOWN_CLASS_SOURCE:CLASS_NOT_AN_INTERFACE_POINTER	[Add]
Facebook.Unity.FB::UploadVideoToMediaLibrary	TAIL	v73 @ X0_v17 (Facebook.Unity.IFacebook)	[v79 @ X8_v11 (System.Int32)]	1			RUNTIME_DISPATCH		UNRESOLVED	METHOD_POINTER:UNKNOWN_CLASS_SOURCE:CLASS_NOT_AN_INTERFACE_POINTER	[Add]
Facebook.Unity.FB::GetUserLocale	TAIL	v61 @ X0_v17 (Facebook.Unity.IFacebook)	[v67 @ X8_v11 (System.Int32)]	42			RUNTIME_DISPATCH		UNRESOLVED	METHOD_POINTER:UNKNOWN_CLASS_SOURCE:CLASS_NOT_AN_INTERFACE_POINTER	[Add]
Facebook.Unity.FBGamingServices::OpenFriendFinderDialog	TAIL	v38 @ X0_v2 (Facebook.Unity.Mobile.IMobileFacebook)	[v42 @ X8_v4 (System.Int32)]	31			RUNTIME_DISPATCH		UNRESOLVED	METHOD_POINTER:UNKNOWN_CLASS_SOURCE:CLASS_NOT_AN_INTERFACE_POINTER	[Add]
Facebook.Unity.FBGamingServices::UploadImageToMediaLibrary	TAIL	v49 @ X0_v2 (Facebook.Unity.Mobile.IMobileFacebook)	[v53 @ X8_v4 (System.Int32)]	40			RUNTIME_DISPATCH		UNRESOLVED	METHOD_POINTER:UNKNOWN_CLASS_SOURCE:CLASS_NOT_AN_INTERFACE_POINTER	[Add]
Facebook.Unity.FBGamingServices::UploadVideoToMediaLibrary	TAIL	v49 @ X0_v2 (Facebook.Unity.Mobile.IMobileFacebook)	[v53 @ X8_v4 (System.Int32)]	41			RUNTIME_DISPATCH		UNRESOLVED	METHOD_POINTER:UNKNOWN_CLASS_SOURCE:CLASS_NOT_AN_INTERFACE_POINTER	[Add]
Facebook.Unity.FBGamingServices::OnIAPReady	TAIL	v38 @ X0_v2 (Facebook.Unity.Mobile.IMobileFacebook)	[v42 @ X8_v4 (System.Int32)]	1			RUNTIME_DISPATCH		UNRESOLVED	METHOD_POINTER:UNKNOWN_CLASS_SOURCE:CLASS_NOT_AN_INTERFACE_POINTER	[Add]
Facebook.Unity.FBGamingServices::GetCatalog	TAIL	v38 @ X0_v2 (Facebook.Unity.Mobile.IMobileFacebook)	[v42 @ X8_v4 (System.Int32)]	17			RUNTIME_DISPATCH		UNRESOLVED	METHOD_POINTER:UNKNOWN_CLASS_SOURCE:CLASS_NOT_AN_INTERFACE_POINTER	[Add]
Facebook.Unity.FBGamingServices::GetPurchases	TAIL	v38 @ X0_v2 (Facebook.Unity.Mobile.IMobileFacebook)	[v42 @ X8_v4 (System.Int32)]	18			RUNTIME_DISPATCH		UNRESOLVED	METHOD_POINTER:UNKNOWN_CLASS_SOURCE:CLASS_NOT_AN_INTERFACE_POINTER	[Add]
Facebook.Unity.FBGamingServices::Purchase	TAIL	v44 @ X0_v2 (Facebook.Unity.Mobile.IMobileFacebook)	[v48 @ X8_v4 (System.Int32)]	19			RUNTIME_DISPATCH		UNRESOLVED	METHOD_POINTER:UNKNOWN_CLASS_SOURCE:CLASS_NOT_AN_INTERFACE_POINTER	[Add]
Facebook.Unity.FBGamingServices::ConsumePurchase	TAIL	v43 @ X0_v2 (Facebook.Unity.Mobile.IMobileFacebook)	[v47 @ X8_v4 (System.Int32)]	20			RUNTIME_DISPATCH		UNRESOLVED	METHOD_POINTER:UNKNOWN_CLASS_SOURCE:CLASS_NOT_AN_INTERFACE_POINTER	[Add]
Facebook.MiniJSON.Json+Serializer::SerializeObject	CALL	obj @ X1 (System.Collections.IDictionary)	[v164 @ X23_v8 (System.Int32)]	2			RUNTIME_DISPATCH		UNRESOLVED	METHOD_POINTER:UNKNOWN_CLASS_SOURCE:CLASS_NOT_AN_INTERFACE_POINTER	[Add]
Facebook.MiniJSON.Json+Serializer::SerializeObject	CALL	v310 @ X0_v30	[v315 @ X8_v15 (System.Int32)]	0			RUNTIME_DISPATCH		UNRESOLVED	METHOD_POINTER:UNKNOWN_CLASS_SOURCE:CLASS_NOT_AN_INTERFACE_POINTER	[Add]
Facebook.MiniJSON.Json+Serializer::SerializeObject	CALL	v77 @ stack_-58_v7	[v87 @ X24_v8 (System.Int32)]	0			RUNTIME_DISPATCH		UNRESOLVED	METHOD_POINTER:UNKNOWN_CLASS_SOURCE:CLASS_NOT_AN_INTERFACE_POINTER	[Add]
Facebook.MiniJSON.Json+Serializer::SerializeObject	CALL	v77 @ stack_-58_v7	[v87 @ X24_v8 (System.Int32)]	1			RUNTIME_DISPATCH		UNRESOLVED	METHOD_POINTER:UNKNOWN_CLASS_SOURCE:CLASS_NOT_AN_INTERFACE_POINTER	[Add]
Facebook.MiniJSON.Json+Serializer::SerializeObject	CALL	obj @ X1 (System.Collections.IDictionary)	[v164 @ X23_v8 (System.Int32)]	0			RUNTIME_DISPATCH		UNRESOLVED	METHOD_POINTER:UNKNOWN_CLASS_SOURCE:CLASS_NOT_AN_INTERFACE_POINTER	[Add]
Facebook.MiniJSON.Json+Serializer::SerializeObject	CALL	v455 @ X0_v22	[v421 @ X22_v5 (System.Int32)]	0			RUNTIME_DISPATCH		UNRESOLVED	METHOD_POINTER:UNKNOWN_CLASS_SOURCE:CLASS_NOT_AN_INTERFACE_POINTER	[{Add | {{Add | DEFINED_3_TIMES} | self | {Add | DEFINED_3_TIMES}}}]
Facebook.Unity.FBGamingServices::GetSubscribableCatalog	TAIL	v38 @ X0_v2 (Facebook.Unity.Mobile.IMobileFacebook)	[v42 @ X8_v4 (System.Int32)]	21			RUNTIME_DISPATCH		UNRESOLVED	METHOD_POINTER:UNKNOWN_CLASS_SOURCE:CLASS_NOT_AN_INTERFACE_POINTER	[Add]
Facebook.Unity.FBGamingServices::GetSubscriptions	TAIL	v38 @ X0_v2 (Facebook.Unity.Mobile.IMobileFacebook)	[v42 @ X8_v4 (System.Int32)]	22			RUNTIME_DISPATCH		UNRESOLVED	METHOD_POINTER:UNKNOWN_CLASS_SOURCE:CLASS_NOT_AN_INTERFACE_POINTER	[Add]
Facebook.Unity.FBGamingServices::PurchaseSubscription	TAIL	v43 @ X0_v2 (Facebook.Unity.Mobile.IMobileFacebook)	[v47 @ X8_v4 (System.Int32)]	23			RUNTIME_DISPATCH		UNRESOLVED	METHOD_POINTER:UNKNOWN_CLASS_SOURCE:CLASS_NOT_AN_INTERFACE_POINTER	[Add]
Facebook.Unity.FBGamingServices::CancelSubscription	TAIL	v43 @ X0_v2 (Facebook.Unity.Mobile.IMobileFacebook)	[v47 @ X8_v4 (System.Int32)]	24			RUNTIME_DISPATCH		UNRESOLVED	METHOD_POINTER:UNKNOWN_CLASS_SOURCE:CLASS_NOT_AN_INTERFACE_POINTER	[Add]
Facebook.Unity.FBGamingServices::InitCloudGame	TAIL	v38 @ X0_v2 (Facebook.Unity.Mobile.IMobileFacebook)	[v42 @ X8_v4 (System.Int32)]	2			RUNTIME_DISPATCH		UNRESOLVED	METHOD_POINTER:UNKNOWN_CLASS_SOURCE:CLASS_NOT_AN_INTERFACE_POINTER	[Add]
Facebook.Unity.FBGamingServices::GameLoadComplete	TAIL	v38 @ X0_v2 (Facebook.Unity.Mobile.IMobileFacebook)	[v42 @ X8_v4 (System.Int32)]	3			RUNTIME_DISPATCH		UNRESOLVED	METHOD_POINTER:UNKNOWN_CLASS_SOURCE:CLASS_NOT_AN_INTERFACE_POINTER	[Add]
Facebook.MiniJSON.Json+Serializer::SerializeArray	CALL	array @ X1 (System.Collections.IList)	[v198 @ X8_v13 (System.Int32)]	0			RUNTIME_DISPATCH		UNRESOLVED	METHOD_POINTER:UNKNOWN_CLASS_SOURCE:CLASS_NOT_AN_INTERFACE_POINTER	[Add]
Facebook.MiniJSON.Json+Serializer::SerializeArray	CALL	v71 @ stack_-48_v7	[v150 @ X21_v9 (System.Int32)]	0			RUNTIME_DISPATCH		UNRESOLVED	METHOD_POINTER:UNKNOWN_CLASS_SOURCE:CLASS_NOT_AN_INTERFACE_POINTER	[Add]
Facebook.MiniJSON.Json+Serializer::SerializeArray	CALL	v71 @ stack_-48_v7	[v150 @ X21_v9 (System.Int32)]	1			RUNTIME_DISPATCH		UNRESOLVED	METHOD_POINTER:UNKNOWN_CLASS_SOURCE:CLASS_NOT_AN_INTERFACE_POINTER	[Add]
Facebook.MiniJSON.Json+Serializer::SerializeArray	CALL	v427 @ X0_v22	[v394 @ X22_v5 (System.Int32)]	0			RUNTIME_DISPATCH		UNRESOLVED	METHOD_POINTER:UNKNOWN_CLASS_SOURCE:CLASS_NOT_AN_INTERFACE_POINTER	[{Add | {{Add | DEFINED_3_TIMES} | self | {Add | DEFINED_3_TIMES}}}]
Facebook.Unity.FBGamingServices::ScheduleAppToUserNotification	TAIL	v55 @ X0_v2 (Facebook.Unity.Mobile.IMobileFacebook)	[v59 @ X8_v4 (System.Int32)]	34			RUNTIME_DISPATCH		UNRESOLVED	METHOD_POINTER:UNKNOWN_CLASS_SOURCE:CLASS_NOT_AN_INTERFACE_POINTER	[Add]
Facebook.Unity.FBGamingServices::LoadInterstitialAd	TAIL	v43 @ X0_v2 (Facebook.Unity.Mobile.IMobileFacebook)	[v47 @ X8_v4 (System.Int32)]	27			RUNTIME_DISPATCH		UNRESOLVED	METHOD_POINTER:UNKNOWN_CLASS_SOURCE:CLASS_NOT_AN_INTERFACE_POINTER	[Add]
Facebook.Unity.FBGamingServices::ShowInterstitialAd	TAIL	v43 @ X0_v2 (Facebook.Unity.Mobile.IMobileFacebook)	[v47 @ X8_v4 (System.Int32)]	28			RUNTIME_DISPATCH		UNRESOLVED	METHOD_POINTER:UNKNOWN_CLASS_SOURCE:CLASS_NOT_AN_INTERFACE_POINTER	[Add]
Facebook.Unity.FBGamingServices::LoadRewardedVideo	TAIL	v43 @ X0_v2 (Facebook.Unity.Mobile.IMobileFacebook)	[v47 @ X8_v4 (System.Int32)]	29			RUNTIME_DISPATCH		UNRESOLVED	METHOD_POINTER:UNKNOWN_CLASS_SOURCE:CLASS_NOT_AN_INTERFACE_POINTER	[Add]
Facebook.Unity.FBGamingServices::ShowRewardedVideo	TAIL	v43 @ X0_v2 (Facebook.Unity.Mobile.IMobileFacebook)	[v47 @ X8_v4 (System.Int32)]	30			RUNTIME_DISPATCH		UNRESOLVED	METHOD_POINTER:UNKNOWN_CLASS_SOURCE:CLASS_NOT_AN_INTERFACE_POINTER	[Add]
Unity.VisualScripting.FullSerializer.fsIEnumerableConverter::TrySerialize	CALL	v93 @ X19_v2 (System.Collections.IEnumerable)	[v59 @ X26_v2 (System.Int32)]	0			RUNTIME_DISPATCH		UNRESOLVED	METHOD_POINTER:UNKNOWN_CLASS_SOURCE:CLASS_NOT_AN_INTERFACE_POINTER	[Add]
Unity.VisualScripting.FullSerializer.fsIEnumerableConverter::TrySerialize	CALL	v494 @ X23_v11	[v408 @ X26_v10 (System.Int32)]	0			RUNTIME_DISPATCH		UNRESOLVED	METHOD_POINTER:UNKNOWN_CLASS_SOURCE:CLASS_NOT_AN_INTERFACE_POINTER	[Add]
Unity.VisualScripting.FullSerializer.fsIEnumerableConverter::TrySerialize	CALL	v151 @ stack_-78_v6	[v408 @ X26_v10 (System.Int32)]	1			RUNTIME_DISPATCH		UNRESOLVED	METHOD_POINTER:UNKNOWN_CLASS_SOURCE:CLASS_NOT_AN_INTERFACE_POINTER	[Add]
Unity.VisualScripting.FullSerializer.fsIEnumerableConverter::TrySerialize	CALL	v542 @ X0_v18	[v241 @ X24_v6 (System.Int32)]	0			RUNTIME_DISPATCH		UNRESOLVED	METHOD_POINTER:UNKNOWN_CLASS_SOURCE:CLASS_NOT_AN_INTERFACE_POINTER	[Add]
Facebook.Unity.FBGamingServices::GetPayload	TAIL	v38 @ X0_v2 (Facebook.Unity.Mobile.IMobileFacebook)	[v42 @ X8_v4 (System.Int32)]	4			RUNTIME_DISPATCH		UNRESOLVED	METHOD_POINTER:UNKNOWN_CLASS_SOURCE:CLASS_NOT_AN_INTERFACE_POINTER	[Add]
Facebook.Unity.FBGamingServices::PostSessionScore	TAIL	v43 @ X0_v2 (Facebook.Unity.Mobile.IMobileFacebook)	[v47 @ X8_v4 (System.Int32)]	35			RUNTIME_DISPATCH		UNRESOLVED	METHOD_POINTER:UNKNOWN_CLASS_SOURCE:CLASS_NOT_AN_INTERFACE_POINTER	[Add]
Facebook.Unity.FBGamingServices::GetTournament	TAIL	v38 @ X0_v2 (Facebook.Unity.Mobile.IMobileFacebook)	[v42 @ X8_v4 (System.Int32)]	37			RUNTIME_DISPATCH		UNRESOLVED	METHOD_POINTER:UNKNOWN_CLASS_SOURCE:CLASS_NOT_AN_INTERFACE_POINTER	[Add]
Unity.VisualScripting.FullSerializer.Internal.fsPortableReflection::GetAttribute	CALL	v84 @ X24_v1	[v87 @ X26_v4 (System.Int32)]	7			RUNTIME_DISPATCH		UNRESOLVED	METHOD_POINTER:UNKNOWN_CLASS_SOURCE:CLASS_NOT_AN_INTERFACE_POINTER	[Add]
Unity.VisualScripting.FullSerializer.Internal.fsPortableReflection::GetAttribute	CALL	v153 @ X21_v6	[v87 @ X26_v4 (System.Int32)]	1			RUNTIME_DISPATCH		UNRESOLVED	METHOD_POINTER:UNKNOWN_CLASS_SOURCE:CLASS_NOT_AN_INTERFACE_POINTER	[Add]
Facebook.Unity.FBGamingServices::ShareTournament	TAIL	v44 @ X0_v2 (Facebook.Unity.Mobile.IMobileFacebook)	[v48 @ X8_v4 (System.Int32)]	38			RUNTIME_DISPATCH		UNRESOLVED	METHOD_POINTER:UNKNOWN_CLASS_SOURCE:CLASS_NOT_AN_INTERFACE_POINTER	[Add]
Facebook.Unity.FBGamingServices::CreateTournament	CALL	v56 @ X0_v2 (Facebook.Unity.Mobile.IMobileFacebook)	[v60 @ X8_v4 (System.Int32)]	39			RUNTIME_DISPATCH		UNRESOLVED	METHOD_POINTER:UNKNOWN_CLASS_SOURCE:CLASS_NOT_AN_INTERFACE_POINTER	[Add]
Unity.VisualScripting.FullSerializer.fsIEnumerableConverter::HintSize	TAIL	v159 @ X0_v14	[v19 @ X21_v2 (System.Int32)]	1			RUNTIME_DISPATCH		UNRESOLVED	METHOD_POINTER:UNKNOWN_CLASS_SOURCE:CLASS_NOT_AN_INTERFACE_POINTER	[Add]
Facebook.Unity.FBGamingServices::PostTournamentScore	TAIL	v43 @ X0_v2 (Facebook.Unity.Mobile.IMobileFacebook)	[v47 @ X8_v4 (System.Int32)]	36			RUNTIME_DISPATCH		UNRESOLVED	METHOD_POINTER:UNKNOWN_CLASS_SOURCE:CLASS_NOT_AN_INTERFACE_POINTER	[Add]
Facebook.Unity.FBGamingServices::OpenAppStore	TAIL	v38 @ X0_v2 (Facebook.Unity.Mobile.IMobileFacebook)	[v42 @ X8_v4 (System.Int32)]	5			RUNTIME_DISPATCH		UNRESOLVED	METHOD_POINTER:UNKNOWN_CLASS_SOURCE:CLASS_NOT_AN_INTERFACE_POINTER	[Add]
Facebook.Unity.FBGamingServices::CreateGamingContext	TAIL	v43 @ X0_v2 (Facebook.Unity.Mobile.IMobileFacebook)	[v47 @ X8_v4 (System.Int32)]	6			RUNTIME_DISPATCH		UNRESOLVED	METHOD_POINTER:UNKNOWN_CLASS_SOURCE:CLASS_NOT_AN_INTERFACE_POINTER	[Add]
Facebook.Unity.FBGamingServices::SwitchGamingContext	TAIL	v43 @ X0_v2 (Facebook.Unity.Mobile.IMobileFacebook)	[v47 @ X8_v4 (System.Int32)]	7			RUNTIME_DISPATCH		UNRESOLVED	METHOD_POINTER:UNKNOWN_CLASS_SOURCE:CLASS_NOT_AN_INTERFACE_POINTER	[Add]
Facebook.Unity.FBGamingServices::ChooseGamingContext	TAIL	v49 @ X0_v2 (Facebook.Unity.Mobile.IMobileFacebook)	[v53 @ X8_v4 (System.Int32)]	8			RUNTIME_DISPATCH		UNRESOLVED	METHOD_POINTER:UNKNOWN_CLASS_SOURCE:CLASS_NOT_AN_INTERFACE_POINTER	[Add]
Facebook.Unity.FBGamingServices::GetCurrentGamingContext	TAIL	v38 @ X0_v2 (Facebook.Unity.Mobile.IMobileFacebook)	[v42 @ X8_v4 (System.Int32)]	9			RUNTIME_DISPATCH		UNRESOLVED	METHOD_POINTER:UNKNOWN_CLASS_SOURCE:CLASS_NOT_AN_INTERFACE_POINTER	[Add]
Unity.VisualScripting.FullSerializer.fsJsonPrinter::PrettyJson	CALL	v168 @ X21_v8	[v177 @ X8_v9 (System.Int32)]	0			RUNTIME_DISPATCH		UNRESOLVED	METHOD_POINTER:UNKNOWN_CLASS_SOURCE:CLASS_NOT_AN_INTERFACE_POINTER	[Add]
Facebook.Unity.CallbackManager::AddFacebookDelegate	CALL	v47 @ X21_v3	[v125 @ X8_v6 (System.Int32)]	5			RUNTIME_DISPATCH		UNRESOLVED	METHOD_POINTER:UNKNOWN_CLASS_SOURCE:CLASS_NOT_AN_INTERFACE_POINTER	[Add]
Unity.VisualScripting.FullSerializer.fsJsonPrinter::CompressedJson	CALL	v167 @ X21_v8	[v176 @ X8_v9 (System.Int32)]	0			RUNTIME_DISPATCH		UNRESOLVED	METHOD_POINTER:UNKNOWN_CLASS_SOURCE:CLASS_NOT_AN_INTERFACE_POINTER	[Add]
Facebook.Unity.CallbackManager::OnFacebookResponse	CALL	result @ X1 (Facebook.Unity.IInternalResult)	[v53 @ X23_v4 (System.Int32)]	0			RUNTIME_DISPATCH		UNRESOLVED	METHOD_POINTER:UNKNOWN_CLASS_SOURCE:CLASS_NOT_AN_INTERFACE_POINTER	[Add]
Facebook.Unity.CallbackManager::OnFacebookResponse	CALL	result @ X1 (Facebook.Unity.IInternalResult)	[v53 @ X23_v4 (System.Int32)]	0			RUNTIME_DISPATCH		UNRESOLVED	METHOD_POINTER:UNKNOWN_CLASS_SOURCE:CLASS_NOT_AN_INTERFACE_POINTER	[Add]
Facebook.Unity.CallbackManager::OnFacebookResponse	CALL	this.facebookDelegates (System.Collections.Generic.IDictionary`2<System.String, System.Object>)	[v76 @ X24_v8 (System.Int32)]	7			RUNTIME_DISPATCH		UNRESOLVED	METHOD_POINTER:UNKNOWN_CLASS_SOURCE:CLASS_NOT_AN_INTERFACE_POINTER	[Add]
Facebook.Unity.CallbackManager::OnFacebookResponse	CALL	result @ X1 (Facebook.Unity.IInternalResult)	[v53 @ X23_v4 (System.Int32)]	0			RUNTIME_DISPATCH		UNRESOLVED	METHOD_POINTER:UNKNOWN_CLASS_SOURCE:CLASS_NOT_AN_INTERFACE_POINTER	[Add]
Facebook.Unity.CallbackManager::OnFacebookResponse	CALL	v439 @ X20_v7 (System.Collections.Generic.IDictionary`2<System.String, System.Object>)	[v76 @ X24_v8 (System.Int32)]	6			RUNTIME_DISPATCH		UNRESOLVED	METHOD_POINTER:UNKNOWN_CLASS_SOURCE:CLASS_NOT_AN_INTERFACE_POINTER	[Add]
Facebook.Unity.FacebookBase::API	CALL	v82 @ X21_v3 (System.Collections.Generic.IDictionary`2<System.String, System.String>)	[v84 @ X25_v3 (System.Int32)]	4			RUNTIME_DISPATCH		UNRESOLVED	METHOD_POINTER:UNKNOWN_CLASS_SOURCE:CLASS_NOT_AN_INTERFACE_POINTER	[Add]
Facebook.Unity.FacebookBase::API	CALL	v82 @ X21_v3 (System.Collections.Generic.IDictionary`2<System.String, System.String>)	v531 @ X1_v16	1			RUNTIME_DISPATCH		UNRESOLVED	METHOD_POINTER:UNKNOWN_CLASS_SOURCE:CLASS_NOT_AN_INTERFACE_POINTER	{[Add] | [Add] | {[Add] | [Add]}}
Facebook.Unity.FacebookBase::API	TAIL	v394 @ X23_v7	[v397 @ X8_v13 (System.Int32)]	1			RUNTIME_DISPATCH		UNRESOLVED	METHOD_POINTER:UNKNOWN_CLASS_SOURCE:CLASS_NOT_AN_INTERFACE_POINTER	[Add]
Facebook.Unity.FacebookBase::API	TAIL	v259 @ X23_v6	[v262 @ X8_v10 (System.Int32)]	0			RUNTIME_DISPATCH		UNRESOLVED	METHOD_POINTER:UNKNOWN_CLASS_SOURCE:CLASS_NOT_AN_INTERFACE_POINTER	[Add]
Facebook.Unity.FacebookBase::OnInitComplete	CALL	v80 @ X21_v4 (System.Collections.Generic.IDictionary`2<System.String, System.Object>)	[v156 @ X8_v8 (System.Int32)]	1			RUNTIME_DISPATCH		UNRESOLVED	METHOD_POINTER:UNKNOWN_CLASS_SOURCE:CLASS_NOT_AN_INTERFACE_POINTER	[Add]
Facebook.Unity.CallbackManager::TryCallCallback	CALL	callback @ X0 (System.Object)	v43 @ X1_v12 (Il2CppClass<Facebook.Unity.FacebookDelegate`1<T>>)	methodInfo @ X2 (Il2CppMethodInfo)			RUNTIME_DISPATCH		UNRESOLVED	METHOD_POINTER:TYPED_CLASS_LOCAL:CLASS_NOT_AN_INTERFACE_POINTER	{usage:FacebookDelegate`1<T> | usage:FacebookDelegate`1<T>}
Unity.VisualScripting.SavedVariables::MergeInitialAndSavedDeclarations	CALL	v221 @ X0_v200 (System.Collections.Generic.IEnumerable`1<System.Object>)	[v230 @ X8_v138 (System.Int32)]	0			RUNTIME_DISPATCH		UNRESOLVED	METHOD_POINTER:UNKNOWN_CLASS_SOURCE:CLASS_NOT_AN_INTERFACE_POINTER	[Add]
Unity.VisualScripting.SavedVariables::MergeInitialAndSavedDeclarations	CALL	v461 @ X21_v11	[v388 @ X26_v9 (System.Int32)]	0			RUNTIME_DISPATCH		UNRESOLVED	METHOD_POINTER:UNKNOWN_CLASS_SOURCE:CLASS_NOT_AN_INTERFACE_POINTER	[Add]
Unity.VisualScripting.SavedVariables::MergeInitialAndSavedDeclarations	CALL	v376 @ X0_v15	[v390 @ X27_v8 (System.Int32)]	0			RUNTIME_DISPATCH		UNRESOLVED	METHOD_POINTER:UNKNOWN_CLASS_SOURCE:CLASS_NOT_AN_INTERFACE_POINTER	[Add]
Unity.VisualScripting.SavedVariables::MergeInitialAndSavedDeclarations	CALL	v783 @ X20_v11	[v790 @ X8_v22 (System.Int32)]	0			RUNTIME_DISPATCH		UNRESOLVED	METHOD_POINTER:UNKNOWN_CLASS_SOURCE:CLASS_NOT_AN_INTERFACE_POINTER	[Add]
Facebook.Unity.Constants::get_GraphApiUserAgent	CALL	v82 @ X0_v10 (Facebook.Unity.IFacebook)	[v86 @ X8_v9 (System.Int32)]	3			RUNTIME_DISPATCH		UNRESOLVED	METHOD_POINTER:UNKNOWN_CLASS_SOURCE:CLASS_NOT_AN_INTERFACE_POINTER	[Add]
Facebook.Unity.FacebookBase::CopyByValue	CALL	data @ X1 (System.Collections.Generic.IDictionary`2<System.String, System.String>)	[v53 @ X8_v13 (System.Int32)]	0			RUNTIME_DISPATCH		UNRESOLVED	METHOD_POINTER:UNKNOWN_CLASS_SOURCE:CLASS_NOT_AN_INTERFACE_POINTER	[Add]
Facebook.Unity.FacebookBase::CopyByValue	CALL	data @ X1 (System.Collections.Generic.IDictionary`2<System.String, System.String>)	[v59 @ X22_v7 (System.Int32)]	0			RUNTIME_DISPATCH		UNRESOLVED	METHOD_POINTER:UNKNOWN_CLASS_SOURCE:CLASS_NOT_AN_INTERFACE_POINTER	[Add]
Facebook.Unity.FacebookBase::CopyByValue	CALL	v456 @ X0_v31	[v78 @ X21_v9 (System.Int32)]	0			RUNTIME_DISPATCH		UNRESOLVED	METHOD_POINTER:UNKNOWN_CLASS_SOURCE:CLASS_NOT_AN_INTERFACE_POINTER	[Add]
Facebook.Unity.FacebookBase::CopyByValue	CALL	v456 @ X0_v31	[v124 @ X23_v9 (System.Int32)]	0			RUNTIME_DISPATCH		UNRESOLVED	METHOD_POINTER:UNKNOWN_CLASS_SOURCE:CLASS_NOT_AN_INTERFACE_POINTER	[Add]
Facebook.Unity.FacebookBase::CopyByValue	CALL	v380 @ X21_v6	[v411 @ X22_v5 (System.Int32)]	0			RUNTIME_DISPATCH		UNRESOLVED	METHOD_POINTER:UNKNOWN_CLASS_SOURCE:CLASS_NOT_AN_INTERFACE_POINTER	[{Add | {{Add | DEFINED_3_TIMES} | self | {Add | DEFINED_3_TIMES}}}]
Unity.VisualScripting.Serialization::HandleResult	CALL	v186 @ X0_v12 (System.Collections.Generic.IEnumerable`1<System.String>)	[v260 @ X8_v18 (System.Int32)]	0			RUNTIME_DISPATCH		UNRESOLVED	METHOD_POINTER:UNKNOWN_CLASS_SOURCE:CLASS_NOT_AN_INTERFACE_POINTER	[Add]
Unity.VisualScripting.Serialization::HandleResult	CALL	v416 @ X0_v36	[v282 @ X23_v8 (System.Int32)]	0			RUNTIME_DISPATCH		UNRESOLVED	METHOD_POINTER:UNKNOWN_CLASS_SOURCE:CLASS_NOT_AN_INTERFACE_POINTER	[Add]
Unity.VisualScripting.Serialization::HandleResult	CALL	v416 @ X0_v36	[v725 @ X8_v30 (System.Int32)]	0			RUNTIME_DISPATCH		UNRESOLVED	METHOD_POINTER:UNKNOWN_CLASS_SOURCE:CLASS_NOT_AN_INTERFACE_POINTER	[Add]
Unity.VisualScripting.Serialization::HandleResult	CALL	v634 @ X20_v7	[v640 @ X8_v12 (System.Int32)]	0			RUNTIME_DISPATCH		UNRESOLVED	METHOD_POINTER:UNKNOWN_CLASS_SOURCE:CLASS_NOT_AN_INTERFACE_POINTER	[Add]
Facebook.Unity.FacebookGameObject::OnInitComplete	TAIL	v46 @ X19_v2 (Facebook.Unity.IFacebookImplementation)	[v55 @ X8_v4 (System.Int32)]	0			RUNTIME_DISPATCH		UNRESOLVED	METHOD_POINTER:UNKNOWN_CLASS_SOURCE:CLASS_NOT_AN_INTERFACE_POINTER	[Add]
Unity.VisualScripting.SavedVariables::WarnAndNullifyUnityObjectReferences	CALL	v576 @ X20_v15	[v406 @ X22_v10 (System.Int32)]	0			RUNTIME_DISPATCH		UNRESOLVED	METHOD_POINTER:UNKNOWN_CLASS_SOURCE:CLASS_NOT_AN_INTERFACE_POINTER	[Add]
Unity.VisualScripting.SavedVariables::WarnAndNullifyUnityObjectReferences	CALL	v350 @ X0_v35	[v398 @ X23_v9 (System.Int32)]	0			RUNTIME_DISPATCH		UNRESOLVED	METHOD_POINTER:UNKNOWN_CLASS_SOURCE:CLASS_NOT_AN_INTERFACE_POINTER	[Add]
Unity.VisualScripting.SavedVariables::WarnAndNullifyUnityObjectReferences	CALL	v416 @ X20_v9	[v421 @ X8_v14 (System.Int32)]	0			RUNTIME_DISPATCH		UNRESOLVED	METHOD_POINTER:UNKNOWN_CLASS_SOURCE:CLASS_NOT_AN_INTERFACE_POINTER	[Add]
Facebook.Unity.FB+Mobile::IsImplicitPurchaseLoggingEnabled	TAIL	v37 @ X0_v2 (Facebook.Unity.Mobile.IMobileFacebook)	[v41 @ X8_v4 (System.Int32)]	0			RUNTIME_DISPATCH		UNRESOLVED	METHOD_POINTER:UNKNOWN_CLASS_SOURCE:CLASS_NOT_AN_INTERFACE_POINTER	[Add]
Facebook.Unity.FacebookGameObject::OnLoginComplete	TAIL	v46 @ X19_v2 (Facebook.Unity.IFacebookImplementation)	[v55 @ X8_v4 (System.Int32)]	1			RUNTIME_DISPATCH		UNRESOLVED	METHOD_POINTER:UNKNOWN_CLASS_SOURCE:CLASS_NOT_AN_INTERFACE_POINTER	[Add]
Facebook.Unity.FacebookGameObject::OnLogoutComplete	TAIL	v46 @ X19_v2 (Facebook.Unity.IFacebookImplementation)	[v55 @ X8_v4 (System.Int32)]	2			RUNTIME_DISPATCH		UNRESOLVED	METHOD_POINTER:UNKNOWN_CLASS_SOURCE:CLASS_NOT_AN_INTERFACE_POINTER	[Add]
Unity.VisualScripting.VariableDeclarationCollection::TryGetValue	TAIL	this.dict (System.Collections.Generic.Dictionary`2<System.String, Unity.VisualScripting.VariableDeclaration>)	[v50 @ X8_v4 (System.Int32)]	7			RUNTIME_DISPATCH		UNRESOLVED	METHOD_POINTER:UNKNOWN_CLASS_SOURCE:CLASS_NOT_AN_INTERFACE_POINTER	[Add]
Facebook.Unity.FB+Windows::SetVirtualGamepadLayout	TAIL	v43 @ X0_v2 (Facebook.Unity.Windows.IWindowsFacebook)	v48 @ X1_v1	0	Facebook.Unity.Windows.IWindowsFacebook::SetVirtualGamepadLayout	0x0600034C	RUNTIME_DISPATCH		EXACT	lookup(receiver, interface class, slot) reaches the dispatch pointer; slot = Il2CppMethodDefinition.slot
Facebook.Unity.FacebookGameObject::OnGetAppLinkComplete	TAIL	v46 @ X19_v2 (Facebook.Unity.IFacebookImplementation)	[v55 @ X8_v4 (System.Int32)]	3			RUNTIME_DISPATCH		UNRESOLVED	METHOD_POINTER:UNKNOWN_CLASS_SOURCE:CLASS_NOT_AN_INTERFACE_POINTER	[Add]
Facebook.Unity.FacebookGameObject::OnAppRequestsComplete	TAIL	v46 @ X19_v2 (Facebook.Unity.IFacebookImplementation)	[v55 @ X8_v4 (System.Int32)]	4			RUNTIME_DISPATCH		UNRESOLVED	METHOD_POINTER:UNKNOWN_CLASS_SOURCE:CLASS_NOT_AN_INTERFACE_POINTER	[Add]
Facebook.Unity.FB+Windows::SetSoftKeyboardOpen	TAIL	v43 @ X0_v2 (Facebook.Unity.Windows.IWindowsFacebook)	v48 @ X1_v1	1	Facebook.Unity.Windows.IWindowsFacebook::SetSoftKeyboardOpen	0x0600034D	RUNTIME_DISPATCH		EXACT	lookup(receiver, interface class, slot) reaches the dispatch pointer; slot = Il2CppMethodDefinition.slot
Facebook.Unity.FB+Windows::CreateReferral	TAIL	v43 @ X0_v2 (Facebook.Unity.Windows.IWindowsFacebook)	v48 @ X1_v1	2	Facebook.Unity.Windows.IWindowsFacebook::CreateReferral	0x0600034E	RUNTIME_DISPATCH		EXACT	lookup(receiver, interface class, slot) reaches the dispatch pointer; slot = Il2CppMethodDefinition.slot
Facebook.Unity.FB+Windows::GetDataReferral	TAIL	v38 @ X0_v2 (Facebook.Unity.Windows.IWindowsFacebook)	v43 @ X1_v1	3	Facebook.Unity.Windows.IWindowsFacebook::GetDataReferral	0x0600034F	RUNTIME_DISPATCH		EXACT	lookup(receiver, interface class, slot) reaches the dispatch pointer; slot = Il2CppMethodDefinition.slot
Facebook.Unity.FacebookGameObject::OnShareLinkComplete	TAIL	v46 @ X19_v2 (Facebook.Unity.IFacebookImplementation)	[v55 @ X8_v4 (System.Int32)]	5			RUNTIME_DISPATCH		UNRESOLVED	METHOD_POINTER:UNKNOWN_CLASS_SOURCE:CLASS_NOT_AN_INTERFACE_POINTER	[Add]
Unity.VisualScripting.VariableDeclarations::System.Collections.IEnumerable.GetEnumerator	TAIL	v38 @ X19_v2 (Unity.VisualScripting.VariableDeclarationCollection)	[v41 @ X8_v4 (System.Int32)]	0			RUNTIME_DISPATCH		UNRESOLVED	METHOD_POINTER:UNKNOWN_CLASS_SOURCE:CLASS_NOT_AN_INTERFACE_POINTER	[Add]
Facebook.Unity.MethodArguments::AddPrimative	CALL	v48 @ X20_v2 (System.Collections.Generic.IDictionary`2<System.String, System.Object>)	[v58 @ X8_v4 (System.Int32)]	1			RUNTIME_DISPATCH		UNRESOLVED	METHOD_POINTER:UNKNOWN_CLASS_SOURCE:CLASS_NOT_AN_INTERFACE_POINTER	[Add]
Facebook.Unity.MethodArguments::AddNullablePrimitive	CALL	v68 @ X20_v4 (System.Collections.Generic.IDictionary`2<System.String, System.Object>)	[v164 @ X8_v7 (System.Int32)]	1			RUNTIME_DISPATCH		UNRESOLVED	METHOD_POINTER:UNKNOWN_CLASS_SOURCE:CLASS_NOT_AN_INTERFACE_POINTER	[Add]
Facebook.Unity.MethodArguments::AddString	TAIL	v55 @ X21_v2 (System.Collections.Generic.IDictionary`2<System.String, System.Object>)	[v124 @ X8_v4 (System.Int32)]	1			RUNTIME_DISPATCH		UNRESOLVED	METHOD_POINTER:UNKNOWN_CLASS_SOURCE:CLASS_NOT_AN_INTERFACE_POINTER	[Add]
Facebook.MiniJSON.Json+Parser::Parse	CALL	v138 @ X21_v11	[v147 @ X8_v11 (System.Int32)]	0			RUNTIME_DISPATCH		UNRESOLVED	METHOD_POINTER:UNKNOWN_CLASS_SOURCE:CLASS_NOT_AN_INTERFACE_POINTER	[Add]
Facebook.Unity.MethodArguments::AddCommaSeparatedList	TAIL	v49 @ X20_v3 (System.Collections.Generic.IDictionary`2<System.String, System.Object>)	[v159 @ X8_v6 (System.Int32)]	1			RUNTIME_DISPATCH		UNRESOLVED	METHOD_POINTER:UNKNOWN_CLASS_SOURCE:CLASS_NOT_AN_INTERFACE_POINTER	[Add]
Facebook.Unity.MethodArguments::AddDictionary	TAIL	v45 @ X20_v3 (System.Collections.Generic.IDictionary`2<System.String, System.Object>)	[v123 @ X8_v4 (System.Int32)]	1			RUNTIME_DISPATCH		UNRESOLVED	METHOD_POINTER:UNKNOWN_CLASS_SOURCE:CLASS_NOT_AN_INTERFACE_POINTER	[Add]
Facebook.Unity.MethodArguments::AddList	TAIL	v45 @ X21_v3 (System.Collections.Generic.IDictionary`2<System.String, System.Object>)	[v54 @ X8_v4 (System.Int32)]	1			RUNTIME_DISPATCH		UNRESOLVED	METHOD_POINTER:UNKNOWN_CLASS_SOURCE:CLASS_NOT_AN_INTERFACE_POINTER	[Add]
Unity.VisualScripting.VariableDeclarationsCloner::FillClone	CALL	v225 @ X0_v25	[v130 @ X25_v7 (System.Int32)]	0			RUNTIME_DISPATCH		UNRESOLVED	METHOD_POINTER:UNKNOWN_CLASS_SOURCE:CLASS_NOT_AN_INTERFACE_POINTER	[Add]
Unity.VisualScripting.VariableDeclarationsCloner::FillClone	CALL	v225 @ X0_v25	[v128 @ X26_v7 (System.Int32)]	0			RUNTIME_DISPATCH		UNRESOLVED	METHOD_POINTER:UNKNOWN_CLASS_SOURCE:CLASS_NOT_AN_INTERFACE_POINTER	[Add]
Unity.VisualScripting.VariableDeclarationsCloner::FillClone	CALL	v412 @ X20_v7	[v415 @ X8_v9 (System.Int32)]	0			RUNTIME_DISPATCH		UNRESOLVED	METHOD_POINTER:UNKNOWN_CLASS_SOURCE:CLASS_NOT_AN_INTERFACE_POINTER	[Add]
Facebook.Unity.MethodArguments::AddUri	TAIL	v112 @ X20_v4 (System.Collections.Generic.IDictionary`2<System.String, System.Object>)	[v186 @ X8_v7 (System.Int32)]	1			RUNTIME_DISPATCH		UNRESOLVED	METHOD_POINTER:UNKNOWN_CLASS_SOURCE:CLASS_NOT_AN_INTERFACE_POINTER	[Add]
Facebook.Unity.FB::get_IsLoggedIn	TAIL	v76 @ X0_v15 (Facebook.Unity.IFacebook)	[v158 @ X8_v11 (System.Int32)]	0			RUNTIME_DISPATCH		UNRESOLVED	METHOD_POINTER:UNKNOWN_CLASS_SOURCE:CLASS_NOT_AN_INTERFACE_POINTER	[Add]
Facebook.Unity.FB::get_IsInitialized	TAIL	v82 @ X19_v6	[v85 @ X8_v11 (System.Int32)]	4			RUNTIME_DISPATCH		UNRESOLVED	METHOD_POINTER:UNKNOWN_CLASS_SOURCE:CLASS_NOT_AN_INTERFACE_POINTER	[Add]
Facebook.Unity.FB::get_LimitAppEventUsage	TAIL	v82 @ X19_v6	[v85 @ X8_v11 (System.Int32)]	1			RUNTIME_DISPATCH		UNRESOLVED	METHOD_POINTER:UNKNOWN_CLASS_SOURCE:CLASS_NOT_AN_INTERFACE_POINTER	[Add]
Facebook.Unity.MethodArguments::ToStringDict	CALL	dict @ X0 (System.Collections.Generic.IDictionary`2<System.String, System.Object>)	[v57 @ X22_v4 (System.Int32)]	0			RUNTIME_DISPATCH		UNRESOLVED	METHOD_POINTER:UNKNOWN_CLASS_SOURCE:CLASS_NOT_AN_INTERFACE_POINTER	[Add]
Facebook.Unity.MethodArguments::ToStringDict	CALL	v288 @ X0_v8	[v282 @ X21_v6 (System.Int32)]	0			RUNTIME_DISPATCH		UNRESOLVED	METHOD_POINTER:UNKNOWN_CLASS_SOURCE:CLASS_NOT_AN_INTERFACE_POINTER	[Add]
Facebook.Unity.MethodArguments::ToStringDict	CALL	v288 @ X0_v8	[v122 @ X22_v6 (System.Int32)]	0			RUNTIME_DISPATCH		UNRESOLVED	METHOD_POINTER:UNKNOWN_CLASS_SOURCE:CLASS_NOT_AN_INTERFACE_POINTER	[Add]
Facebook.Unity.MethodArguments::ToStringDict	CALL	v487 @ X21_v10	[v498 @ X8_v17 (System.Int32)]	0			RUNTIME_DISPATCH		UNRESOLVED	METHOD_POINTER:UNKNOWN_CLASS_SOURCE:CLASS_NOT_AN_INTERFACE_POINTER	[Add]
Unity.VisualScripting.SerializationData::ToString	CALL	v573 @ X21_v15	[v583 @ X8_v58 (System.Int32)]	0			RUNTIME_DISPATCH		UNRESOLVED	METHOD_POINTER:UNKNOWN_CLASS_SOURCE:CLASS_NOT_AN_INTERFACE_POINTER	[Add]
Facebook.Unity.FB::set_LimitAppEventUsage	TAIL	v89 @ X20_v6	[v92 @ X8_v11 (System.Int32)]	2			RUNTIME_DISPATCH		UNRESOLVED	METHOD_POINTER:UNKNOWN_CLASS_SOURCE:CLASS_NOT_AN_INTERFACE_POINTER	[Add]
Facebook.Unity.Subscription::.ctor	CALL	purchasePrice @ X7 (System.Collections.Generic.IDictionary`2<System.String, System.Object>)	[v522 @ X26_v3 (System.Int32)]	0			RUNTIME_DISPATCH		UNRESOLVED	METHOD_POINTER:UNKNOWN_CLASS_SOURCE:CLASS_NOT_AN_INTERFACE_POINTER	[Add]
Facebook.Unity.Subscription::.ctor	CALL	purchasePrice @ X7 (System.Collections.Generic.IDictionary`2<System.String, System.Object>)	v683 @ X1_v49	0			RUNTIME_DISPATCH		UNRESOLVED	METHOD_POINTER:UNKNOWN_CLASS_SOURCE:CLASS_NOT_AN_INTERFACE_POINTER	{[Add] | [Add] | {[Add] | [Add]}}
Facebook.Unity.ResultBase::GetCancelledValue	CALL	result @ X0 (System.Collections.Generic.IDictionary`2<System.String, System.Object>)	[v58 @ X8_v13 (System.Int32)]	7			RUNTIME_DISPATCH		UNRESOLVED	METHOD_POINTER:UNKNOWN_CLASS_SOURCE:CLASS_NOT_AN_INTERFACE_POINTER	[Add]
Facebook.Unity.AccessTokenRefreshResult::.ctor	CALL	v60 @ X0_v7 (System.Collections.Generic.IDictionary`2<System.String, System.Object>)	[v194 @ X8_v8 (System.Int32)]	4			RUNTIME_DISPATCH		UNRESOLVED	METHOD_POINTER:UNKNOWN_CLASS_SOURCE:CLASS_NOT_AN_INTERFACE_POINTER	[Add]
Facebook.Unity.ResultContainer::GetWebFormattedResponseDictionary	CALL	resultDictionary @ X1 (System.Collections.Generic.IDictionary`2<System.String, System.Object>)	[v134 @ X21_v7 (System.Int32)]	7			RUNTIME_DISPATCH		UNRESOLVED	METHOD_POINTER:UNKNOWN_CLASS_SOURCE:CLASS_NOT_AN_INTERFACE_POINTER	[Add]
Facebook.Unity.ResultContainer::GetWebFormattedResponseDictionary	CALL	v52 @ stack_-38_v2 (System.Object)	[v134 @ X21_v7 (System.Int32)]	1			RUNTIME_DISPATCH		UNRESOLVED	METHOD_POINTER:UNKNOWN_CLASS_SOURCE:CLASS_NOT_AN_INTERFACE_POINTER	[Add]
Facebook.Unity.RewardedVideoResult::.ctor	CALL	v61 @ X0_v7 (System.Collections.Generic.IDictionary`2<System.String, System.String>)	[v124 @ X8_v7 (System.Int32)]	0			RUNTIME_DISPATCH		UNRESOLVED	METHOD_POINTER:UNKNOWN_CLASS_SOURCE:CLASS_NOT_AN_INTERFACE_POINTER	[Add]
Facebook.Unity.Purchase::.ctor	CALL	purchasePrice @ X7 (System.Collections.Generic.IDictionary`2<System.String, System.Object>)	[v337 @ X25_v3 (System.Int32)]	0			RUNTIME_DISPATCH		UNRESOLVED	METHOD_POINTER:UNKNOWN_CLASS_SOURCE:CLASS_NOT_AN_INTERFACE_POINTER	[Add]
Facebook.Unity.Purchase::.ctor	CALL	purchasePrice @ X7 (System.Collections.Generic.IDictionary`2<System.String, System.Object>)	v508 @ X1_v38	0			RUNTIME_DISPATCH		UNRESOLVED	METHOD_POINTER:UNKNOWN_CLASS_SOURCE:CLASS_NOT_AN_INTERFACE_POINTER	{[Add] | [Add] | {[Add] | [Add]}}
Facebook.Unity.FB::LogInWithPublishPermissions	TAIL	v62 @ X0_v17 (Facebook.Unity.IFacebook)	[v68 @ X8_v11 (System.Int32)]	5			RUNTIME_DISPATCH		UNRESOLVED	METHOD_POINTER:UNKNOWN_CLASS_SOURCE:CLASS_NOT_AN_INTERFACE_POINTER	[Add]
Facebook.Unity.FB::LogInWithReadPermissions	TAIL	v62 @ X0_v17 (Facebook.Unity.IFacebook)	[v68 @ X8_v11 (System.Int32)]	6			RUNTIME_DISPATCH		UNRESOLVED	METHOD_POINTER:UNKNOWN_CLASS_SOURCE:CLASS_NOT_AN_INTERFACE_POINTER	[Add]
Facebook.Unity.SubscribableCatalogResult::.ctor	CALL	v69 @ X0_v38 (System.Collections.Generic.IDictionary`2<System.String, System.Object>)	[v49 @ X22_v2 (System.Int32)]	4			RUNTIME_DISPATCH		UNRESOLVED	METHOD_POINTER:UNKNOWN_CLASS_SOURCE:CLASS_NOT_AN_INTERFACE_POINTER	[Add]
Facebook.Unity.SubscribableCatalogResult::.ctor	CALL	v189 @ X0_v12 (System.Collections.Generic.IDictionary`2<System.String, System.Object>)	[v49 @ X22_v2 (System.Int32)]	4			RUNTIME_DISPATCH		UNRESOLVED	METHOD_POINTER:UNKNOWN_CLASS_SOURCE:CLASS_NOT_AN_INTERFACE_POINTER	[Add]
Facebook.Unity.SubscribableCatalogResult::.ctor	CALL	v190 @ X0_v15 (System.Collections.Generic.IDictionary`2<System.String, System.Object>)	[v49 @ X22_v2 (System.Int32)]	7			RUNTIME_DISPATCH		UNRESOLVED	METHOD_POINTER:UNKNOWN_CLASS_SOURCE:CLASS_NOT_AN_INTERFACE_POINTER	[Add]
Facebook.Unity.FB::LogOut	TAIL	v55 @ X0_v16 (Facebook.Unity.IFacebook)	[v61 @ X8_v10 (System.Int32)]	7			RUNTIME_DISPATCH		UNRESOLVED	METHOD_POINTER:UNKNOWN_CLASS_SOURCE:CLASS_NOT_AN_INTERFACE_POINTER	[Add]
Facebook.Unity.FB::AppRequest	CALL	v74 @ X0_v4 (Facebook.Unity.IFacebook)	[v85 @ X8_v5 (System.Int32)]	8			RUNTIME_DISPATCH		UNRESOLVED	METHOD_POINTER:UNKNOWN_CLASS_SOURCE:CLASS_NOT_AN_INTERFACE_POINTER	[Add]
Facebook.Unity.AppRequestResult::.ctor	CALL	v156 @ stack_-68_v9 (System.Object)	[v460 @ X8_v28 (System.Int32)]	0			RUNTIME_DISPATCH		UNRESOLVED	METHOD_POINTER:UNKNOWN_CLASS_SOURCE:CLASS_NOT_AN_INTERFACE_POINTER	[Add]
Facebook.Unity.AppRequestResult::.ctor	CALL	v690 @ X21_v18	[v566 @ X22_v15 (System.Int32)]	0			RUNTIME_DISPATCH		UNRESOLVED	METHOD_POINTER:UNKNOWN_CLASS_SOURCE:CLASS_NOT_AN_INTERFACE_POINTER	[Add]
Facebook.Unity.AppRequestResult::.ctor	CALL	v556 @ X0_v46	[v568 @ X23_v13 (System.Int32)]	0			RUNTIME_DISPATCH		UNRESOLVED	METHOD_POINTER:UNKNOWN_CLASS_SOURCE:CLASS_NOT_AN_INTERFACE_POINTER	[Add]
Facebook.Unity.AppRequestResult::.ctor	CALL	v651 @ X22_v11	[v667 @ X8_v15 (System.Int32)]	0			RUNTIME_DISPATCH		UNRESOLVED	METHOD_POINTER:UNKNOWN_CLASS_SOURCE:CLASS_NOT_AN_INTERFACE_POINTER	[Add]
Facebook.Unity.FB::AppRequest	CALL	v75 @ X0_v4 (Facebook.Unity.IFacebook)	[v88 @ X8_v5 (System.Int32)]	8			RUNTIME_DISPATCH		UNRESOLVED	METHOD_POINTER:UNKNOWN_CLASS_SOURCE:CLASS_NOT_AN_INTERFACE_POINTER	[Add]
Facebook.Unity.CodelessCrawler::SendAndroid	CALL	v236 @ X20_v8	[v240 @ X8_v11 (System.Int32)]	0			RUNTIME_DISPATCH		UNRESOLVED	METHOD_POINTER:UNKNOWN_CLASS_SOURCE:CLASS_NOT_AN_INTERFACE_POINTER	[Add]
Facebook.Unity.SubscribableCatalogResult::ToString	CALL	v68 @ X21_v2 (System.Collections.Generic.IList`1<Facebook.Unity.SubscribableProduct>)	[v74 @ X8_v15 (System.Int32)]	0			RUNTIME_DISPATCH		UNRESOLVED	METHOD_POINTER:UNKNOWN_CLASS_SOURCE:CLASS_NOT_AN_INTERFACE_POINTER	[Add]
Facebook.Unity.SubscribableCatalogResult::ToString	CALL	v321 @ X0_v37	[v113 @ X22_v8 (System.Int32)]	0			RUNTIME_DISPATCH		UNRESOLVED	METHOD_POINTER:UNKNOWN_CLASS_SOURCE:CLASS_NOT_AN_INTERFACE_POINTER	[Add]
Facebook.Unity.SubscribableCatalogResult::ToString	CALL	v321 @ X0_v37	[v98 @ X28_v7 (System.Int32)]	0			RUNTIME_DISPATCH		UNRESOLVED	METHOD_POINTER:UNKNOWN_CLASS_SOURCE:CLASS_NOT_AN_INTERFACE_POINTER	[Add]
Facebook.Unity.SubscribableCatalogResult::ToString	CALL	v483 @ X22_v6	[v477 @ X27_v5 (System.Int32)]	0			RUNTIME_DISPATCH		UNRESOLVED	METHOD_POINTER:UNKNOWN_CLASS_SOURCE:CLASS_NOT_AN_INTERFACE_POINTER	[{Add | {{Add | DEFINED_3_TIMES} | self | {Add | DEFINED_3_TIMES}}}]
Facebook.Unity.FB::AppRequest	CALL	v80 @ X0_v18 (Facebook.Unity.IFacebook)	[v86 @ X8_v12 (System.Int32)]	8			RUNTIME_DISPATCH		UNRESOLVED	METHOD_POINTER:UNKNOWN_CLASS_SOURCE:CLASS_NOT_AN_INTERFACE_POINTER	[Add]
Facebook.Unity.FB::ShareLink	TAIL	v73 @ X0_v17 (Facebook.Unity.IFacebook)	[v79 @ X8_v11 (System.Int32)]	9			RUNTIME_DISPATCH		UNRESOLVED	METHOD_POINTER:UNKNOWN_CLASS_SOURCE:CLASS_NOT_AN_INTERFACE_POINTER	[Add]
Facebook.Unity.FB::FeedShare	CALL	v80 @ X0_v18 (Facebook.Unity.IFacebook)	[v86 @ X8_v12 (System.Int32)]	10			RUNTIME_DISPATCH		UNRESOLVED	METHOD_POINTER:UNKNOWN_CLASS_SOURCE:CLASS_NOT_AN_INTERFACE_POINTER	[Add]
Facebook.Unity.CatalogResult::.ctor	CALL	v69 @ X0_v38 (System.Collections.Generic.IDictionary`2<System.String, System.Object>)	[v49 @ X22_v2 (System.Int32)]	4			RUNTIME_DISPATCH		UNRESOLVED	METHOD_POINTER:UNKNOWN_CLASS_SOURCE:CLASS_NOT_AN_INTERFACE_POINTER	[Add]
Facebook.Unity.CatalogResult::.ctor	CALL	v189 @ X0_v12 (System.Collections.Generic.IDictionary`2<System.String, System.Object>)	[v49 @ X22_v2 (System.Int32)]	4			RUNTIME_DISPATCH		UNRESOLVED	METHOD_POINTER:UNKNOWN_CLASS_SOURCE:CLASS_NOT_AN_INTERFACE_POINTER	[Add]
Facebook.Unity.CatalogResult::.ctor	CALL	v190 @ X0_v15 (System.Collections.Generic.IDictionary`2<System.String, System.Object>)	[v49 @ X22_v2 (System.Int32)]	7			RUNTIME_DISPATCH		UNRESOLVED	METHOD_POINTER:UNKNOWN_CLASS_SOURCE:CLASS_NOT_AN_INTERFACE_POINTER	[Add]
Facebook.Unity.Windows.WindowsFacebook::Init	CALL	v54 @ X23_v4 (Facebook.Unity.Windows.IWindowsWrapper)	[v57 @ X8_v5 (System.Int32)]	0			RUNTIME_DISPATCH		UNRESOLVED	METHOD_POINTER:UNKNOWN_CLASS_SOURCE:CLASS_NOT_AN_INTERFACE_POINTER	[Add]
Unity.VisualScripting.RuntimeCodebase+<GetAssemblyAttributes>d__15::System.IDisposable.Dispose	CALL	v275 @ X19_v6 (System.Collections.Generic.IEnumerator`1<System.Attribute>)	[v20 @ X21_v2 (System.Int32)]	0			RUNTIME_DISPATCH		UNRESOLVED	METHOD_POINTER:UNKNOWN_CLASS_SOURCE:CLASS_NOT_AN_INTERFACE_POINTER	[Add]
Unity.VisualScripting.RuntimeCodebase+<GetAssemblyAttributes>d__15::System.IDisposable.Dispose	CALL	[v158 @ X20_v3+48]	[v20 @ X21_v2 (System.Int32)]	0			RUNTIME_DISPATCH		UNRESOLVED	METHOD_POINTER:UNKNOWN_CLASS_SOURCE:CLASS_NOT_AN_INTERFACE_POINTER	[Add]
Facebook.Unity.SubscriptionResult::.ctor	CALL	v69 @ X0_v54 (System.Collections.Generic.IDictionary`2<System.String, System.Object>)	[v49 @ X22_v2 (System.Int32)]	4			RUNTIME_DISPATCH		UNRESOLVED	METHOD_POINTER:UNKNOWN_CLASS_SOURCE:CLASS_NOT_AN_INTERFACE_POINTER	[Add]
Facebook.Unity.SubscriptionResult::.ctor	CALL	v210 @ X0_v36 (System.Collections.Generic.IDictionary`2<System.String, System.Object>)	[v49 @ X22_v2 (System.Int32)]	4			RUNTIME_DISPATCH		UNRESOLVED	METHOD_POINTER:UNKNOWN_CLASS_SOURCE:CLASS_NOT_AN_INTERFACE_POINTER	[Add]
Facebook.Unity.SubscriptionResult::.ctor	CALL	v211 @ X0_v39 (System.Collections.Generic.IDictionary`2<System.String, System.Object>)	[v49 @ X22_v2 (System.Int32)]	7			RUNTIME_DISPATCH		UNRESOLVED	METHOD_POINTER:UNKNOWN_CLASS_SOURCE:CLASS_NOT_AN_INTERFACE_POINTER	[Add]
Facebook.Unity.Windows.WindowsFacebook::LogInWithPublishPermissions	TAIL	v51 @ X20_v3 (Facebook.Unity.Windows.IWindowsWrapper)	[v65 @ X8_v7 (System.Int32)]	1			RUNTIME_DISPATCH		UNRESOLVED	METHOD_POINTER:UNKNOWN_CLASS_SOURCE:CLASS_NOT_AN_INTERFACE_POINTER	[Add]
Facebook.Unity.FB::API	TAIL	v68 @ X0_v24 (Facebook.Unity.IFacebook)	[v77 @ X8_v8 (System.Int32)]	11			RUNTIME_DISPATCH		UNRESOLVED	METHOD_POINTER:UNKNOWN_CLASS_SOURCE:CLASS_NOT_AN_INTERFACE_POINTER	[Add]
Facebook.Unity.SubscriptionResult::.ctor	CALL	v212 @ X0_v12 (System.Collections.Generic.IDictionary`2<System.String, System.String>)	[v530 @ X8_v9 (System.Int32)]	0			RUNTIME_DISPATCH		UNRESOLVED	METHOD_POINTER:UNKNOWN_CLASS_SOURCE:CLASS_NOT_AN_INTERFACE_POINTER	[Add]
Facebook.Unity.Windows.WindowsFacebook::LogInWithReadPermissions	TAIL	v51 @ X20_v3 (Facebook.Unity.Windows.IWindowsWrapper)	[v65 @ X8_v7 (System.Int32)]	1			RUNTIME_DISPATCH		UNRESOLVED	METHOD_POINTER:UNKNOWN_CLASS_SOURCE:CLASS_NOT_AN_INTERFACE_POINTER	[Add]
Facebook.Unity.FB::API	TAIL	v68 @ X0_v24 (Facebook.Unity.IFacebook)	[v77 @ X8_v8 (System.Int32)]	12			RUNTIME_DISPATCH		UNRESOLVED	METHOD_POINTER:UNKNOWN_CLASS_SOURCE:CLASS_NOT_AN_INTERFACE_POINTER	[Add]
Facebook.Unity.Windows.WindowsFacebook::LogOut	TAIL	v38 @ X19_v2 (Facebook.Unity.Windows.IWindowsWrapper)	[v41 @ X8_v4 (System.Int32)]	3			RUNTIME_DISPATCH		UNRESOLVED	METHOD_POINTER:UNKNOWN_CLASS_SOURCE:CLASS_NOT_AN_INTERFACE_POINTER	[Add]
Facebook.Unity.Windows.WindowsFacebook::get_LoggedIn	TAIL	v38 @ X19_v2 (Facebook.Unity.Windows.IWindowsWrapper)	[v41 @ X8_v4 (System.Int32)]	2			RUNTIME_DISPATCH		UNRESOLVED	METHOD_POINTER:UNKNOWN_CLASS_SOURCE:CLASS_NOT_AN_INTERFACE_POINTER	[Add]
Facebook.Unity.FB::ActivateApp	TAIL	v229 @ X19_v2 (Facebook.Unity.IFacebook)	[v108 @ X8_v16 (System.Int32)]	13			RUNTIME_DISPATCH		UNRESOLVED	METHOD_POINTER:UNKNOWN_CLASS_SOURCE:CLASS_NOT_AN_INTERFACE_POINTER	[Add]
Facebook.Unity.SubscriptionsResult::.ctor	CALL	v67 @ X0_v36 (System.Collections.Generic.IDictionary`2<System.String, System.Object>)	[v49 @ X23_v2 (System.Int32)]	4			RUNTIME_DISPATCH		UNRESOLVED	METHOD_POINTER:UNKNOWN_CLASS_SOURCE:CLASS_NOT_AN_INTERFACE_POINTER	[Add]
Facebook.Unity.SubscriptionsResult::.ctor	CALL	v190 @ X0_v10 (System.Collections.Generic.IDictionary`2<System.String, System.Object>)	[v49 @ X23_v2 (System.Int32)]	4			RUNTIME_DISPATCH		UNRESOLVED	METHOD_POINTER:UNKNOWN_CLASS_SOURCE:CLASS_NOT_AN_INTERFACE_POINTER	[Add]
Facebook.Unity.SubscriptionsResult::.ctor	CALL	v191 @ X0_v13 (System.Collections.Generic.IDictionary`2<System.String, System.Object>)	[v49 @ X23_v2 (System.Int32)]	7			RUNTIME_DISPATCH		UNRESOLVED	METHOD_POINTER:UNKNOWN_CLASS_SOURCE:CLASS_NOT_AN_INTERFACE_POINTER	[Add]
Facebook.Unity.CatalogResult::ToString	CALL	v68 @ X21_v2 (System.Collections.Generic.IList`1<Facebook.Unity.Product>)	[v74 @ X8_v15 (System.Int32)]	0			RUNTIME_DISPATCH		UNRESOLVED	METHOD_POINTER:UNKNOWN_CLASS_SOURCE:CLASS_NOT_AN_INTERFACE_POINTER	[Add]
Facebook.Unity.CatalogResult::ToString	CALL	v321 @ X0_v37	[v113 @ X22_v8 (System.Int32)]	0			RUNTIME_DISPATCH		UNRESOLVED	METHOD_POINTER:UNKNOWN_CLASS_SOURCE:CLASS_NOT_AN_INTERFACE_POINTER	[Add]
Facebook.Unity.CatalogResult::ToString	CALL	v321 @ X0_v37	[v98 @ X28_v7 (System.Int32)]	0			RUNTIME_DISPATCH		UNRESOLVED	METHOD_POINTER:UNKNOWN_CLASS_SOURCE:CLASS_NOT_AN_INTERFACE_POINTER	[Add]
Facebook.Unity.CatalogResult::ToString	CALL	v483 @ X22_v6	[v477 @ X27_v5 (System.Int32)]	0			RUNTIME_DISPATCH		UNRESOLVED	METHOD_POINTER:UNKNOWN_CLASS_SOURCE:CLASS_NOT_AN_INTERFACE_POINTER	[{Add | {{Add | DEFINED_3_TIMES} | self | {Add | DEFINED_3_TIMES}}}]
Facebook.Unity.FB::GetAppLink	TAIL	v54 @ X0_v4 (Facebook.Unity.IFacebook)	[v139 @ X8_v7 (System.Int32)]	14			RUNTIME_DISPATCH		UNRESOLVED	METHOD_POINTER:UNKNOWN_CLASS_SOURCE:CLASS_NOT_AN_INTERFACE_POINTER	[Add]
Facebook.Unity.FB::LogAppEvent	TAIL	v67 @ X0_v17 (Facebook.Unity.IFacebook)	[v73 @ X8_v11 (System.Int32)]	15			RUNTIME_DISPATCH		UNRESOLVED	METHOD_POINTER:UNKNOWN_CLASS_SOURCE:CLASS_NOT_AN_INTERFACE_POINTER	[Add]
Facebook.Unity.InterstitialAdResult::.ctor	CALL	v61 @ X0_v7 (System.Collections.Generic.IDictionary`2<System.String, System.String>)	[v124 @ X8_v7 (System.Int32)]	0			RUNTIME_DISPATCH		UNRESOLVED	METHOD_POINTER:UNKNOWN_CLASS_SOURCE:CLASS_NOT_AN_INTERFACE_POINTER	[Add]
Facebook.Unity.SubscriptionsResult::ToString	CALL	v68 @ X21_v2 (System.Collections.Generic.IList`1<Facebook.Unity.Subscription>)	[v74 @ X8_v15 (System.Int32)]	0			RUNTIME_DISPATCH		UNRESOLVED	METHOD_POINTER:UNKNOWN_CLASS_SOURCE:CLASS_NOT_AN_INTERFACE_POINTER	[Add]
Facebook.Unity.SubscriptionsResult::ToString	CALL	v321 @ X0_v37	[v113 @ X22_v8 (System.Int32)]	0			RUNTIME_DISPATCH		UNRESOLVED	METHOD_POINTER:UNKNOWN_CLASS_SOURCE:CLASS_NOT_AN_INTERFACE_POINTER	[Add]
Facebook.Unity.SubscriptionsResult::ToString	CALL	v321 @ X0_v37	[v98 @ X28_v7 (System.Int32)]	0			RUNTIME_DISPATCH		UNRESOLVED	METHOD_POINTER:UNKNOWN_CLASS_SOURCE:CLASS_NOT_AN_INTERFACE_POINTER	[Add]
Facebook.Unity.SubscriptionsResult::ToString	CALL	v483 @ X22_v6	[v477 @ X27_v5 (System.Int32)]	0			RUNTIME_DISPATCH		UNRESOLVED	METHOD_POINTER:UNKNOWN_CLASS_SOURCE:CLASS_NOT_AN_INTERFACE_POINTER	[{Add | {{Add | DEFINED_3_TIMES} | self | {Add | DEFINED_3_TIMES}}}]
Facebook.Unity.Windows.WindowsFacebook::GetCatalog	TAIL	v50 @ X19_v3 (Facebook.Unity.Windows.IWindowsWrapper)	[v64 @ X8_v7 (System.Int32)]	6			RUNTIME_DISPATCH		UNRESOLVED	METHOD_POINTER:UNKNOWN_CLASS_SOURCE:CLASS_NOT_AN_INTERFACE_POINTER	[Add]
Facebook.Unity.FB::LogPurchase	TAIL	v73 @ X0_v6 (Facebook.Unity.IFacebook)	[v77 @ X8_v5 (System.Int32)]	16			RUNTIME_DISPATCH		UNRESOLVED	METHOD_POINTER:UNKNOWN_CLASS_SOURCE:CLASS_NOT_AN_INTERFACE_POINTER	[Add]
Facebook.Unity.Windows.WindowsFacebook::GetPurchases	TAIL	v50 @ X19_v3 (Facebook.Unity.Windows.IWindowsWrapper)	[v64 @ X8_v7 (System.Int32)]	7			RUNTIME_DISPATCH		UNRESOLVED	METHOD_POINTER:UNKNOWN_CLASS_SOURCE:CLASS_NOT_AN_INTERFACE_POINTER	[Add]
Facebook.Unity.Windows.WindowsFacebook::Purchase	TAIL	v56 @ X21_v3 (Facebook.Unity.Windows.IWindowsWrapper)	[v70 @ X8_v7 (System.Int32)]	8			RUNTIME_DISPATCH		UNRESOLVED	METHOD_POINTER:UNKNOWN_CLASS_SOURCE:CLASS_NOT_AN_INTERFACE_POINTER	[Add]
Facebook.Unity.LoginResult::.ctor	CALL	v68 @ X0_v76 (System.Collections.Generic.IDictionary`2<System.String, System.Object>)	[v49 @ X22_v2 (System.Int32)]	4			RUNTIME_DISPATCH		UNRESOLVED	METHOD_POINTER:UNKNOWN_CLASS_SOURCE:CLASS_NOT_AN_INTERFACE_POINTER	[Add]
Facebook.Unity.LoginResult::.ctor	CALL	v226 @ X0_v56 (System.Collections.Generic.IDictionary`2<System.String, System.Object>)	[v49 @ X22_v2 (System.Int32)]	4			RUNTIME_DISPATCH		UNRESOLVED	METHOD_POINTER:UNKNOWN_CLASS_SOURCE:CLASS_NOT_AN_INTERFACE_POINTER	[Add]
Facebook.Unity.LoginResult::.ctor	CALL	v317 @ X0_v22 (System.Collections.Generic.IDictionary`2<System.String, System.Object>)	[v49 @ X22_v2 (System.Int32)]	4			RUNTIME_DISPATCH		UNRESOLVED	METHOD_POINTER:UNKNOWN_CLASS_SOURCE:CLASS_NOT_AN_INTERFACE_POINTER	[Add]
Facebook.Unity.Windows.WindowsFacebook::ConsumePurchase	TAIL	v51 @ X20_v3 (Facebook.Unity.Windows.IWindowsWrapper)	[v65 @ X8_v7 (System.Int32)]	9			RUNTIME_DISPATCH		UNRESOLVED	METHOD_POINTER:UNKNOWN_CLASS_SOURCE:CLASS_NOT_AN_INTERFACE_POINTER	[Add]
Facebook.Unity.FB::LogVersion	CALL	v182 @ X0_v33 (Facebook.Unity.IFacebook)	[v189 @ X8_v26 (System.Int32)]	3			RUNTIME_DISPATCH		UNRESOLVED	METHOD_POINTER:UNKNOWN_CLASS_SOURCE:CLASS_NOT_AN_INTERFACE_POINTER	[Add]
Facebook.Unity.LoginResult::.ctor	CALL	v694 @ X0_v27 (System.Collections.Generic.IDictionary`2<System.String, System.Object>)	[v49 @ X22_v2 (System.Int32)]	4			RUNTIME_DISPATCH		UNRESOLVED	METHOD_POINTER:UNKNOWN_CLASS_SOURCE:CLASS_NOT_AN_INTERFACE_POINTER	[Add]
Unity.VisualScripting.RuntimeCodebase+<GetAssemblyAttributes>d__15::MoveNext	CALL	this.assemblies (System.Collections.Generic.IEnumerable`1<System.Reflection.Assembly>)	[v983 @ X8_v89 (System.Int32)]	0			RUNTIME_DISPATCH		UNRESOLVED	METHOD_POINTER:UNKNOWN_CLASS_SOURCE:CLASS_NOT_AN_INTERFACE_POINTER	[Add]
Unity.VisualScripting.RuntimeCodebase+<GetAssemblyAttributes>d__15::MoveNext	CALL	v511.<>7__wrap1 (System.Collections.Generic.IEnumerator`1<System.Reflection.Assembly>)	[v55 @ X21_v2 (System.Int32)]	0			RUNTIME_DISPATCH		UNRESOLVED	METHOD_POINTER:UNKNOWN_CLASS_SOURCE:CLASS_NOT_AN_INTERFACE_POINTER	[Add]
Unity.VisualScripting.RuntimeCodebase+<GetAssemblyAttributes>d__15::MoveNext	CALL	v753 @ X0_v7 (System.Collections.Generic.IEnumerable`1<System.Attribute>)	[v57 @ X22_v2 (System.Int32)]	0			RUNTIME_DISPATCH		UNRESOLVED	METHOD_POINTER:UNKNOWN_CLASS_SOURCE:CLASS_NOT_AN_INTERFACE_POINTER	[Add]
Unity.VisualScripting.RuntimeCodebase+<GetAssemblyAttributes>d__15::MoveNext	CALL	this.<>7__wrap2 (System.Collections.Generic.IEnumerator`1<System.Attribute>)	[v53 @ X20_v3 (System.Int32)]	0			RUNTIME_DISPATCH		UNRESOLVED	METHOD_POINTER:UNKNOWN_CLASS_SOURCE:CLASS_NOT_AN_INTERFACE_POINTER	[Add]
Unity.VisualScripting.RuntimeCodebase+<GetAssemblyAttributes>d__15::MoveNext	CALL	this.<>7__wrap2 (System.Collections.Generic.IEnumerator`1<System.Attribute>)	[v59 @ X23_v2 (System.Int32)]	0			RUNTIME_DISPATCH		UNRESOLVED	METHOD_POINTER:UNKNOWN_CLASS_SOURCE:CLASS_NOT_AN_INTERFACE_POINTER	[Add]
Unity.VisualScripting.RuntimeCodebase+<GetAssemblyAttributes>d__15::MoveNext	CALL	this.<>7__wrap2 (System.Collections.Generic.IEnumerator`1<System.Attribute>)	[v613 @ X8_v29 (System.Int32)]	0			RUNTIME_DISPATCH		UNRESOLVED	METHOD_POINTER:UNKNOWN_CLASS_SOURCE:CLASS_NOT_AN_INTERFACE_POINTER	[Add]
Unity.VisualScripting.RuntimeCodebase+<GetAssemblyAttributes>d__15::MoveNext	CALL	v826 @ X19_v18 (System.Collections.Generic.IEnumerator`1<System.Reflection.Assembly>)	[v53 @ X20_v3 (System.Int32)]	0			RUNTIME_DISPATCH		UNRESOLVED	METHOD_POINTER:UNKNOWN_CLASS_SOURCE:CLASS_NOT_AN_INTERFACE_POINTER	[Add]
Unity.VisualScripting.RuntimeCodebase+<GetAssemblyAttributes>d__15::MoveNext	CALL	this.<>7__wrap1 (System.Collections.Generic.IEnumerator`1<System.Reflection.Assembly>)	[v1026 @ X8_v54 (System.Int32)]	0			RUNTIME_DISPATCH		UNRESOLVED	METHOD_POINTER:UNKNOWN_CLASS_SOURCE:CLASS_NOT_AN_INTERFACE_POINTER	[Add]
Facebook.Unity.Windows.WindowsFacebook::CurrentProfile	TAIL	v50 @ X19_v3 (Facebook.Unity.Windows.IWindowsWrapper)	[v64 @ X8_v7 (System.Int32)]	10			RUNTIME_DISPATCH		UNRESOLVED	METHOD_POINTER:UNKNOWN_CLASS_SOURCE:CLASS_NOT_AN_INTERFACE_POINTER	[Add]
Facebook.Unity.FB::GetCatalog	TAIL	v61 @ X0_v17 (Facebook.Unity.IFacebook)	[v67 @ X8_v11 (System.Int32)]	17			RUNTIME_DISPATCH		UNRESOLVED	METHOD_POINTER:UNKNOWN_CLASS_SOURCE:CLASS_NOT_AN_INTERFACE_POINTER	[Add]
Facebook.Unity.LoginStatusResult::.ctor	CALL	v74 @ X0_v9 (System.Collections.Generic.IDictionary`2<System.String, System.Object>)	[v211 @ X8_v9 (System.Int32)]	4			RUNTIME_DISPATCH		UNRESOLVED	METHOD_POINTER:UNKNOWN_CLASS_SOURCE:CLASS_NOT_AN_INTERFACE_POINTER	[Add]
Unity.VisualScripting.RuntimeCodebase+<GetAssemblyAttributes>d__15::<>m__Finally1	TAIL	this.<>7__wrap1 (System.Collections.Generic.IEnumerator`1<System.Reflection.Assembly>)	[v42 @ X8_v5 (System.Int32)]	0			RUNTIME_DISPATCH		UNRESOLVED	METHOD_POINTER:UNKNOWN_CLASS_SOURCE:CLASS_NOT_AN_INTERFACE_POINTER	[Add]
Facebook.Unity.FB::GetPurchases	TAIL	v61 @ X0_v17 (Facebook.Unity.IFacebook)	[v67 @ X8_v11 (System.Int32)]	18			RUNTIME_DISPATCH		UNRESOLVED	METHOD_POINTER:UNKNOWN_CLASS_SOURCE:CLASS_NOT_AN_INTERFACE_POINTER	[Add]
Unity.VisualScripting.RuntimeCodebase+<GetAssemblyAttributes>d__15::<>m__Finally2	TAIL	this.<>7__wrap2 (System.Collections.Generic.IEnumerator`1<System.Attribute>)	[v42 @ X8_v5 (System.Int32)]	0			RUNTIME_DISPATCH		UNRESOLVED	METHOD_POINTER:UNKNOWN_CLASS_SOURCE:CLASS_NOT_AN_INTERFACE_POINTER	[Add]
Facebook.Unity.Windows.WindowsFacebook::LoadInterstitialAd	TAIL	v51 @ X20_v3 (Facebook.Unity.Windows.IWindowsWrapper)	[v65 @ X8_v7 (System.Int32)]	11			RUNTIME_DISPATCH		UNRESOLVED	METHOD_POINTER:UNKNOWN_CLASS_SOURCE:CLASS_NOT_AN_INTERFACE_POINTER	[Add]
Facebook.Unity.FB::Purchase	TAIL	v67 @ X0_v17 (Facebook.Unity.IFacebook)	[v73 @ X8_v11 (System.Int32)]	19			RUNTIME_DISPATCH		UNRESOLVED	METHOD_POINTER:UNKNOWN_CLASS_SOURCE:CLASS_NOT_AN_INTERFACE_POINTER	[Add]
Facebook.Unity.PayloadResult::.ctor	CALL	v58 @ X0_v7 (System.Collections.Generic.IDictionary`2<System.String, System.Object>)	[v138 @ X8_v7 (System.Int32)]	4			RUNTIME_DISPATCH		UNRESOLVED	METHOD_POINTER:UNKNOWN_CLASS_SOURCE:CLASS_NOT_AN_INTERFACE_POINTER	[Add]
Facebook.Unity.Windows.WindowsFacebook::ShowInterstitialAd	TAIL	v51 @ X20_v3 (Facebook.Unity.Windows.IWindowsWrapper)	[v65 @ X8_v7 (System.Int32)]	12			RUNTIME_DISPATCH		UNRESOLVED	METHOD_POINTER:UNKNOWN_CLASS_SOURCE:CLASS_NOT_AN_INTERFACE_POINTER	[Add]
Facebook.Unity.Windows.WindowsFacebook::LoadRewardedVideo	TAIL	v51 @ X20_v3 (Facebook.Unity.Windows.IWindowsWrapper)	[v65 @ X8_v7 (System.Int32)]	13			RUNTIME_DISPATCH		UNRESOLVED	METHOD_POINTER:UNKNOWN_CLASS_SOURCE:CLASS_NOT_AN_INTERFACE_POINTER	[Add]
Facebook.Unity.FB::ConsumePurchase	TAIL	v62 @ X0_v17 (Facebook.Unity.IFacebook)	[v68 @ X8_v11 (System.Int32)]	20			RUNTIME_DISPATCH		UNRESOLVED	METHOD_POINTER:UNKNOWN_CLASS_SOURCE:CLASS_NOT_AN_INTERFACE_POINTER	[Add]
Facebook.Unity.Mobile.MobileFacebookGameObject::OnFetchDeferredAppLinkComplete	TAIL	v114 @ X19_v2 (Facebook.Unity.Mobile.MobileFacebookGameObject)	[v125 @ X8_v6 (System.Int32)]	0			RUNTIME_DISPATCH		UNRESOLVED	METHOD_POINTER:UNKNOWN_CLASS_SOURCE:CLASS_NOT_AN_INTERFACE_POINTER	[Add]
Facebook.Unity.Windows.WindowsFacebook::ShowRewardedVideo	TAIL	v51 @ X20_v3 (Facebook.Unity.Windows.IWindowsWrapper)	[v65 @ X8_v7 (System.Int32)]	14			RUNTIME_DISPATCH		UNRESOLVED	METHOD_POINTER:UNKNOWN_CLASS_SOURCE:CLASS_NOT_AN_INTERFACE_POINTER	[Add]
Facebook.Unity.FB::GetSubscribableCatalog	TAIL	v61 @ X0_v17 (Facebook.Unity.IFacebook)	[v67 @ X8_v11 (System.Int32)]	21			RUNTIME_DISPATCH		UNRESOLVED	METHOD_POINTER:UNKNOWN_CLASS_SOURCE:CLASS_NOT_AN_INTERFACE_POINTER	[Add]
Facebook.Unity.Mobile.MobileFacebookGameObject::OnRefreshCurrentAccessTokenComplete	TAIL	v114 @ X19_v2 (Facebook.Unity.Mobile.MobileFacebookGameObject)	[v125 @ X8_v6 (System.Int32)]	1			RUNTIME_DISPATCH		UNRESOLVED	METHOD_POINTER:UNKNOWN_CLASS_SOURCE:CLASS_NOT_AN_INTERFACE_POINTER	[Add]
Facebook.Unity.FB::GetSubscriptions	TAIL	v61 @ X0_v17 (Facebook.Unity.IFacebook)	[v67 @ X8_v11 (System.Int32)]	22			RUNTIME_DISPATCH		UNRESOLVED	METHOD_POINTER:UNKNOWN_CLASS_SOURCE:CLASS_NOT_AN_INTERFACE_POINTER	[Add]
Facebook.Unity.Windows.WindowsFacebook::OpenFriendFinderDialog	TAIL	v50 @ X19_v3 (Facebook.Unity.Windows.IWindowsWrapper)	[v64 @ X8_v7 (System.Int32)]	15			RUNTIME_DISPATCH		UNRESOLVED	METHOD_POINTER:UNKNOWN_CLASS_SOURCE:CLASS_NOT_AN_INTERFACE_POINTER	[Add]
Facebook.Unity.Windows.WindowsFacebook::GetFriendFinderInvitations	TAIL	v50 @ X19_v3 (Facebook.Unity.Windows.IWindowsWrapper)	[v64 @ X8_v7 (System.Int32)]	16			RUNTIME_DISPATCH		UNRESOLVED	METHOD_POINTER:UNKNOWN_CLASS_SOURCE:CLASS_NOT_AN_INTERFACE_POINTER	[Add]
Facebook.Unity.Mobile.MobileFacebookGameObject::OnFriendFinderComplete	TAIL	v114 @ X19_v2 (Facebook.Unity.Mobile.MobileFacebookGameObject)	[v125 @ X8_v6 (System.Int32)]	2			RUNTIME_DISPATCH		UNRESOLVED	METHOD_POINTER:UNKNOWN_CLASS_SOURCE:CLASS_NOT_AN_INTERFACE_POINTER	[Add]
Facebook.Unity.Mobile.MobileFacebookGameObject::OnUploadImageToMediaLibraryComplete	TAIL	v114 @ X19_v2 (Facebook.Unity.Mobile.MobileFacebookGameObject)	[v125 @ X8_v6 (System.Int32)]	3			RUNTIME_DISPATCH		UNRESOLVED	METHOD_POINTER:UNKNOWN_CLASS_SOURCE:CLASS_NOT_AN_INTERFACE_POINTER	[Add]
Facebook.Unity.AsyncRequestString+<Start>d__9::MoveNext	CALL	[v766 @ X20_v10 (UnityEngine.Object)+30]	[v912 @ X8_v41 (System.Int32)]	0			RUNTIME_DISPATCH		UNRESOLVED	METHOD_POINTER:UNKNOWN_CLASS_SOURCE:CLASS_NOT_AN_INTERFACE_POINTER	[Add]
Facebook.Unity.AsyncRequestString+<Start>d__9::MoveNext	CALL	v581 @ X22_v25	[v597 @ X8_v68 (System.Int32)]	0			RUNTIME_DISPATCH		UNRESOLVED	METHOD_POINTER:UNKNOWN_CLASS_SOURCE:CLASS_NOT_AN_INTERFACE_POINTER	[Add]
Facebook.Unity.AsyncRequestString+<Start>d__9::MoveNext	CALL	v807 @ X0_v103	[v810 @ X23_v19 (System.Int32)]	0			RUNTIME_DISPATCH		UNRESOLVED	METHOD_POINTER:UNKNOWN_CLASS_SOURCE:CLASS_NOT_AN_INTERFACE_POINTER	[Add]
Facebook.Unity.AsyncRequestString+<Start>d__9::MoveNext	CALL	v807 @ X0_v103	[v403 @ X24_v16 (System.Int32)]	0			RUNTIME_DISPATCH		UNRESOLVED	METHOD_POINTER:UNKNOWN_CLASS_SOURCE:CLASS_NOT_AN_INTERFACE_POINTER	[Add]
Facebook.Unity.AsyncRequestString+<Start>d__9::MoveNext	CALL	[v1226 @ X8_v77]	[v1238 @ X8_v80 (System.Int32)]	0			RUNTIME_DISPATCH		UNRESOLVED	METHOD_POINTER:UNKNOWN_CLASS_SOURCE:CLASS_NOT_AN_INTERFACE_POINTER	[Add]
Facebook.Unity.AsyncRequestString+<Start>d__9::MoveNext	CALL	v1173 @ X0_v60	[v1105 @ X24_v12 (System.Int32)]	0			RUNTIME_DISPATCH		UNRESOLVED	METHOD_POINTER:UNKNOWN_CLASS_SOURCE:CLASS_NOT_AN_INTERFACE_POINTER	[Add]
Facebook.Unity.AsyncRequestString+<Start>d__9::MoveNext	CALL	v1173 @ X0_v60	[v714 @ X25_v11 (System.Int32)]	0			RUNTIME_DISPATCH		UNRESOLVED	METHOD_POINTER:UNKNOWN_CLASS_SOURCE:CLASS_NOT_AN_INTERFACE_POINTER	[Add]
Facebook.Unity.Windows.WindowsFacebook::DeleteFriendFinderInvitation	TAIL	v51 @ X20_v3 (Facebook.Unity.Windows.IWindowsWrapper)	[v65 @ X8_v7 (System.Int32)]	17			RUNTIME_DISPATCH		UNRESOLVED	METHOD_POINTER:UNKNOWN_CLASS_SOURCE:CLASS_NOT_AN_INTERFACE_POINTER	[Add]
Facebook.Unity.PurchaseResult::.ctor	CALL	v69 @ X0_v54 (System.Collections.Generic.IDictionary`2<System.String, System.Object>)	[v49 @ X22_v2 (System.Int32)]	4			RUNTIME_DISPATCH		UNRESOLVED	METHOD_POINTER:UNKNOWN_CLASS_SOURCE:CLASS_NOT_AN_INTERFACE_POINTER	[Add]
Facebook.Unity.PurchaseResult::.ctor	CALL	v210 @ X0_v36 (System.Collections.Generic.IDictionary`2<System.String, System.Object>)	[v49 @ X22_v2 (System.Int32)]	4			RUNTIME_DISPATCH		UNRESOLVED	METHOD_POINTER:UNKNOWN_CLASS_SOURCE:CLASS_NOT_AN_INTERFACE_POINTER	[Add]
Facebook.Unity.PurchaseResult::.ctor	CALL	v211 @ X0_v39 (System.Collections.Generic.IDictionary`2<System.String, System.Object>)	[v49 @ X22_v2 (System.Int32)]	7			RUNTIME_DISPATCH		UNRESOLVED	METHOD_POINTER:UNKNOWN_CLASS_SOURCE:CLASS_NOT_AN_INTERFACE_POINTER	[Add]
Facebook.Unity.PurchaseResult::.ctor	CALL	v212 @ X0_v12 (System.Collections.Generic.IDictionary`2<System.String, System.String>)	[v530 @ X8_v9 (System.Int32)]	0			RUNTIME_DISPATCH		UNRESOLVED	METHOD_POINTER:UNKNOWN_CLASS_SOURCE:CLASS_NOT_AN_INTERFACE_POINTER	[Add]
Facebook.Unity.Mobile.MobileFacebookGameObject::OnUploadVideoToMediaLibraryComplete	TAIL	v114 @ X19_v2 (Facebook.Unity.Mobile.MobileFacebookGameObject)	[v125 @ X8_v6 (System.Int32)]	4			RUNTIME_DISPATCH		UNRESOLVED	METHOD_POINTER:UNKNOWN_CLASS_SOURCE:CLASS_NOT_AN_INTERFACE_POINTER	[Add]
Facebook.Unity.FB::PurchaseSubscription	TAIL	v62 @ X0_v17 (Facebook.Unity.IFacebook)	[v68 @ X8_v11 (System.Int32)]	23			RUNTIME_DISPATCH		UNRESOLVED	METHOD_POINTER:UNKNOWN_CLASS_SOURCE:CLASS_NOT_AN_INTERFACE_POINTER	[Add]
Facebook.Unity.FB::CancelSubscription	TAIL	v62 @ X0_v17 (Facebook.Unity.IFacebook)	[v68 @ X8_v11 (System.Int32)]	24			RUNTIME_DISPATCH		UNRESOLVED	METHOD_POINTER:UNKNOWN_CLASS_SOURCE:CLASS_NOT_AN_INTERFACE_POINTER	[Add]
Facebook.Unity.Windows.WindowsFacebook::ScheduleAppToUserNotification	CALL	v63 @ X24_v3 (Facebook.Unity.Windows.IWindowsWrapper)	[v77 @ X8_v7 (System.Int32)]	18			RUNTIME_DISPATCH		UNRESOLVED	METHOD_POINTER:UNKNOWN_CLASS_SOURCE:CLASS_NOT_AN_INTERFACE_POINTER	[Add]
Facebook.Unity.Mobile.MobileFacebookGameObject::OnOnIAPReadyComplete	TAIL	v114 @ X19_v2 (Facebook.Unity.Mobile.MobileFacebookGameObject)	[v125 @ X8_v6 (System.Int32)]	5			RUNTIME_DISPATCH		UNRESOLVED	METHOD_POINTER:UNKNOWN_CLASS_SOURCE:CLASS_NOT_AN_INTERFACE_POINTER	[Add]
Facebook.Unity.Editor.EditorFacebook::OpenFriendFinderDialog	TAIL	v46 @ X19_v2 (Facebook.Unity.Editor.IEditorWrapper)	[v78 @ X8_v8 (System.Int32)]	4			RUNTIME_DISPATCH		UNRESOLVED	METHOD_POINTER:UNKNOWN_CLASS_SOURCE:CLASS_NOT_AN_INTERFACE_POINTER	[Add]
Facebook.Unity.FB::CurrentProfile	TAIL	v55 @ X0_v16 (Facebook.Unity.IFacebook)	[v61 @ X8_v10 (System.Int32)]	25			RUNTIME_DISPATCH		UNRESOLVED	METHOD_POINTER:UNKNOWN_CLASS_SOURCE:CLASS_NOT_AN_INTERFACE_POINTER	[Add]
Facebook.Unity.Windows.WindowsFacebook::PostSessionScore	TAIL	v51 @ X20_v3 (Facebook.Unity.Windows.IWindowsWrapper)	[v65 @ X8_v7 (System.Int32)]	19			RUNTIME_DISPATCH		UNRESOLVED	METHOD_POINTER:UNKNOWN_CLASS_SOURCE:CLASS_NOT_AN_INTERFACE_POINTER	[Add]
Facebook.Unity.PurchasesResult::.ctor	CALL	v69 @ X0_v38 (System.Collections.Generic.IDictionary`2<System.String, System.Object>)	[v49 @ X22_v2 (System.Int32)]	4			RUNTIME_DISPATCH		UNRESOLVED	METHOD_POINTER:UNKNOWN_CLASS_SOURCE:CLASS_NOT_AN_INTERFACE_POINTER	[Add]
Facebook.Unity.PurchasesResult::.ctor	CALL	v189 @ X0_v12 (System.Collections.Generic.IDictionary`2<System.String, System.Object>)	[v49 @ X22_v2 (System.Int32)]	4			RUNTIME_DISPATCH		UNRESOLVED	METHOD_POINTER:UNKNOWN_CLASS_SOURCE:CLASS_NOT_AN_INTERFACE_POINTER	[Add]
Facebook.Unity.PurchasesResult::.ctor	CALL	v190 @ X0_v15 (System.Collections.Generic.IDictionary`2<System.String, System.Object>)	[v49 @ X22_v2 (System.Int32)]	7			RUNTIME_DISPATCH		UNRESOLVED	METHOD_POINTER:UNKNOWN_CLASS_SOURCE:CLASS_NOT_AN_INTERFACE_POINTER	[Add]
Facebook.Unity.Mobile.MobileFacebookGameObject::OnGetCatalogComplete	TAIL	v114 @ X19_v2 (Facebook.Unity.Mobile.MobileFacebookGameObject)	[v125 @ X8_v6 (System.Int32)]	6			RUNTIME_DISPATCH		UNRESOLVED	METHOD_POINTER:UNKNOWN_CLASS_SOURCE:CLASS_NOT_AN_INTERFACE_POINTER	[Add]
Facebook.Unity.FB::CurrentProfile	TAIL	v61 @ X0_v17 (Facebook.Unity.IFacebook)	[v67 @ X8_v11 (System.Int32)]	26			RUNTIME_DISPATCH		UNRESOLVED	METHOD_POINTER:UNKNOWN_CLASS_SOURCE:CLASS_NOT_AN_INTERFACE_POINTER	[Add]
Facebook.Unity.Windows.WindowsFacebook::PostTournamentScore	TAIL	v51 @ X20_v3 (Facebook.Unity.Windows.IWindowsWrapper)	[v65 @ X8_v7 (System.Int32)]	20			RUNTIME_DISPATCH		UNRESOLVED	METHOD_POINTER:UNKNOWN_CLASS_SOURCE:CLASS_NOT_AN_INTERFACE_POINTER	[Add]
Facebook.Unity.Windows.WindowsFacebook::GetTournament	TAIL	v50 @ X19_v3 (Facebook.Unity.Windows.IWindowsWrapper)	[v64 @ X8_v7 (System.Int32)]	21			RUNTIME_DISPATCH		UNRESOLVED	METHOD_POINTER:UNKNOWN_CLASS_SOURCE:CLASS_NOT_AN_INTERFACE_POINTER	[Add]
Facebook.Unity.FB::LoadInterstitialAd	TAIL	v62 @ X0_v17 (Facebook.Unity.IFacebook)	[v68 @ X8_v11 (System.Int32)]	27			RUNTIME_DISPATCH		UNRESOLVED	METHOD_POINTER:UNKNOWN_CLASS_SOURCE:CLASS_NOT_AN_INTERFACE_POINTER	[Add]
Facebook.Unity.Mobile.MobileFacebookGameObject::OnGetPurchasesComplete	TAIL	v114 @ X19_v2 (Facebook.Unity.Mobile.MobileFacebookGameObject)	[v125 @ X8_v6 (System.Int32)]	7			RUNTIME_DISPATCH		UNRESOLVED	METHOD_POINTER:UNKNOWN_CLASS_SOURCE:CLASS_NOT_AN_INTERFACE_POINTER	[Add]
Facebook.Unity.Windows.WindowsFacebook::ShareTournament	TAIL	v56 @ X21_v3 (Facebook.Unity.Windows.IWindowsWrapper)	[v70 @ X8_v7 (System.Int32)]	22			RUNTIME_DISPATCH		UNRESOLVED	METHOD_POINTER:UNKNOWN_CLASS_SOURCE:CLASS_NOT_AN_INTERFACE_POINTER	[Add]
Facebook.Unity.FB::ShowInterstitialAd	TAIL	v62 @ X0_v17 (Facebook.Unity.IFacebook)	[v68 @ X8_v11 (System.Int32)]	28			RUNTIME_DISPATCH		UNRESOLVED	METHOD_POINTER:UNKNOWN_CLASS_SOURCE:CLASS_NOT_AN_INTERFACE_POINTER	[Add]
Facebook.Unity.Windows.WindowsFacebook::CreateTournament	CALL	v68 @ X25_v3 (Facebook.Unity.Windows.IWindowsWrapper)	[v82 @ X8_v7 (System.Int32)]	23			RUNTIME_DISPATCH		UNRESOLVED	METHOD_POINTER:UNKNOWN_CLASS_SOURCE:CLASS_NOT_AN_INTERFACE_POINTER	[Add]
Facebook.Unity.Mobile.MobileFacebookGameObject::OnPurchaseComplete	TAIL	v114 @ X19_v2 (Facebook.Unity.Mobile.MobileFacebookGameObject)	[v125 @ X8_v6 (System.Int32)]	8			RUNTIME_DISPATCH		UNRESOLVED	METHOD_POINTER:UNKNOWN_CLASS_SOURCE:CLASS_NOT_AN_INTERFACE_POINTER	[Add]
Facebook.Unity.FB::LoadRewardedVideo	TAIL	v62 @ X0_v17 (Facebook.Unity.IFacebook)	[v68 @ X8_v11 (System.Int32)]	29			RUNTIME_DISPATCH		UNRESOLVED	METHOD_POINTER:UNKNOWN_CLASS_SOURCE:CLASS_NOT_AN_INTERFACE_POINTER	[Add]
Facebook.Unity.Windows.WindowsFacebook::UploadImageToMediaLibrary	TAIL	v62 @ X23_v3 (Facebook.Unity.Windows.IWindowsWrapper)	[v76 @ X8_v7 (System.Int32)]	24			RUNTIME_DISPATCH		UNRESOLVED	METHOD_POINTER:UNKNOWN_CLASS_SOURCE:CLASS_NOT_AN_INTERFACE_POINTER	[Add]
Facebook.Unity.FacebookLogger::Log	TAIL	v220 @ X20_v3	[v106 @ X8_v17 (System.Int32)]	0			RUNTIME_DISPATCH		UNRESOLVED	METHOD_POINTER:UNKNOWN_CLASS_SOURCE:CLASS_NOT_AN_INTERFACE_POINTER	[Add]
Facebook.Unity.Windows.WindowsFacebook::UploadVideoToMediaLibrary	TAIL	v62 @ X23_v3 (Facebook.Unity.Windows.IWindowsWrapper)	[v76 @ X8_v7 (System.Int32)]	25			RUNTIME_DISPATCH		UNRESOLVED	METHOD_POINTER:UNKNOWN_CLASS_SOURCE:CLASS_NOT_AN_INTERFACE_POINTER	[Add]
Facebook.Unity.FacebookLogger::Info	TAIL	v221 @ X20_v3	[v106 @ X8_v17 (System.Int32)]	1			RUNTIME_DISPATCH		UNRESOLVED	METHOD_POINTER:UNKNOWN_CLASS_SOURCE:CLASS_NOT_AN_INTERFACE_POINTER	[Add]
Facebook.Unity.Mobile.MobileFacebookGameObject::OnConsumePurchaseComplete	TAIL	v114 @ X19_v2 (Facebook.Unity.Mobile.MobileFacebookGameObject)	[v125 @ X8_v6 (System.Int32)]	9			RUNTIME_DISPATCH		UNRESOLVED	METHOD_POINTER:UNKNOWN_CLASS_SOURCE:CLASS_NOT_AN_INTERFACE_POINTER	[Add]
Facebook.Unity.Windows.WindowsFacebook::UploadImageToMediaLibrary	TAIL	v62 @ X22_v3 (Facebook.Unity.Windows.IWindowsWrapper)	[v78 @ X8_v7 (System.Int32)]	24			RUNTIME_DISPATCH		UNRESOLVED	METHOD_POINTER:UNKNOWN_CLASS_SOURCE:CLASS_NOT_AN_INTERFACE_POINTER	[Add]
Facebook.Unity.FacebookLogger::Warn	TAIL	v221 @ X20_v3	[v106 @ X8_v17 (System.Int32)]	2			RUNTIME_DISPATCH		UNRESOLVED	METHOD_POINTER:UNKNOWN_CLASS_SOURCE:CLASS_NOT_AN_INTERFACE_POINTER	[Add]
Facebook.Unity.PurchasesResult::ToString	CALL	v68 @ X21_v2 (System.Collections.Generic.IList`1<Facebook.Unity.Purchase>)	[v74 @ X8_v15 (System.Int32)]	0			RUNTIME_DISPATCH		UNRESOLVED	METHOD_POINTER:UNKNOWN_CLASS_SOURCE:CLASS_NOT_AN_INTERFACE_POINTER	[Add]
Facebook.Unity.PurchasesResult::ToString	CALL	v321 @ X0_v37	[v113 @ X22_v8 (System.Int32)]	0			RUNTIME_DISPATCH		UNRESOLVED	METHOD_POINTER:UNKNOWN_CLASS_SOURCE:CLASS_NOT_AN_INTERFACE_POINTER	[Add]
Facebook.Unity.PurchasesResult::ToString	CALL	v321 @ X0_v37	[v98 @ X28_v7 (System.Int32)]	0			RUNTIME_DISPATCH		UNRESOLVED	METHOD_POINTER:UNKNOWN_CLASS_SOURCE:CLASS_NOT_AN_INTERFACE_POINTER	[Add]
Facebook.Unity.PurchasesResult::ToString	CALL	v483 @ X22_v6	[v477 @ X27_v5 (System.Int32)]	0			RUNTIME_DISPATCH		UNRESOLVED	METHOD_POINTER:UNKNOWN_CLASS_SOURCE:CLASS_NOT_AN_INTERFACE_POINTER	[{Add | {{Add | DEFINED_3_TIMES} | self | {Add | DEFINED_3_TIMES}}}]
Facebook.Unity.FB::ShowRewardedVideo	TAIL	v62 @ X0_v17 (Facebook.Unity.IFacebook)	[v68 @ X8_v11 (System.Int32)]	30			RUNTIME_DISPATCH		UNRESOLVED	METHOD_POINTER:UNKNOWN_CLASS_SOURCE:CLASS_NOT_AN_INTERFACE_POINTER	[Add]
Facebook.Unity.Mobile.MobileFacebookGameObject::OnGetSubscribableCatalogComplete	TAIL	v114 @ X19_v2 (Facebook.Unity.Mobile.MobileFacebookGameObject)	[v125 @ X8_v6 (System.Int32)]	10			RUNTIME_DISPATCH		UNRESOLVED	METHOD_POINTER:UNKNOWN_CLASS_SOURCE:CLASS_NOT_AN_INTERFACE_POINTER	[Add]
Facebook.Unity.Windows.WindowsFacebook::UploadVideoToMediaLibrary	TAIL	v62 @ X22_v3 (Facebook.Unity.Windows.IWindowsWrapper)	[v78 @ X8_v7 (System.Int32)]	25			RUNTIME_DISPATCH		UNRESOLVED	METHOD_POINTER:UNKNOWN_CLASS_SOURCE:CLASS_NOT_AN_INTERFACE_POINTER	[Add]
Facebook.Unity.Mobile.Android.AndroidFacebook::CurrentAuthenticationToken	CALL	[v207 @ X0_v28+8]	v54 @ X21_v3	[v54 @ X21_v3+50]			RUNTIME_DISPATCH		UNRESOLVED	METHOD_POINTER:UNKNOWN_CLASS_SOURCE:CLASS_NOT_AN_INTERFACE_POINTER	[Add]
Facebook.Unity.Mobile.Android.AndroidFacebook::CurrentAuthenticationToken	CALL	v106 @ X0_v37 (System.Collections.Generic.IDictionary`2<System.String, System.String>)	[v333 @ X21_v7 (System.Int32)]	7			RUNTIME_DISPATCH		UNRESOLVED	METHOD_POINTER:UNKNOWN_CLASS_SOURCE:CLASS_NOT_AN_INTERFACE_POINTER	[Add]
Facebook.Unity.Mobile.Android.AndroidFacebook::CurrentAuthenticationToken	CALL	v106 @ X0_v37 (System.Collections.Generic.IDictionary`2<System.String, System.String>)	[v333 @ X21_v7 (System.Int32)]	7			RUNTIME_DISPATCH		UNRESOLVED	METHOD_POINTER:UNKNOWN_CLASS_SOURCE:CLASS_NOT_AN_INTERFACE_POINTER	[Add]
Facebook.Unity.Windows.WindowsFacebook::GetUserLocale	TAIL	v50 @ X19_v3 (Facebook.Unity.Windows.IWindowsWrapper)	[v64 @ X8_v7 (System.Int32)]	27			RUNTIME_DISPATCH		UNRESOLVED	METHOD_POINTER:UNKNOWN_CLASS_SOURCE:CLASS_NOT_AN_INTERFACE_POINTER	[Add]
Facebook.Unity.FB::OpenFriendFinderDialog	TAIL	v61 @ X0_v17 (Facebook.Unity.IFacebook)	[v67 @ X8_v11 (System.Int32)]	31			RUNTIME_DISPATCH		UNRESOLVED	METHOD_POINTER:UNKNOWN_CLASS_SOURCE:CLASS_NOT_AN_INTERFACE_POINTER	[Add]
Facebook.Unity.Mobile.MobileFacebookGameObject::OnGetSubscriptionsComplete	TAIL	v114 @ X19_v2 (Facebook.Unity.Mobile.MobileFacebookGameObject)	[v125 @ X8_v6 (System.Int32)]	11			RUNTIME_DISPATCH		UNRESOLVED	METHOD_POINTER:UNKNOWN_CLASS_SOURCE:CLASS_NOT_AN_INTERFACE_POINTER	[Add]
Facebook.Unity.Utilities::TryGetValue	CALL	dictionary @ X0 (System.Collections.Generic.IDictionary`2<System.String, System.Object>)	[v50 @ X8_v6 (System.Int32)]	7			RUNTIME_DISPATCH		UNRESOLVED	METHOD_POINTER:UNKNOWN_CLASS_SOURCE:CLASS_NOT_AN_INTERFACE_POINTER	[Add]
Facebook.Unity.FB::GetFriendFinderInvitations	TAIL	v61 @ X0_v17 (Facebook.Unity.IFacebook)	[v67 @ X8_v11 (System.Int32)]	32			RUNTIME_DISPATCH		UNRESOLVED	METHOD_POINTER:UNKNOWN_CLASS_SOURCE:CLASS_NOT_AN_INTERFACE_POINTER	[Add]
Facebook.Unity.Windows.WindowsFacebook::Tick	TAIL	v38 @ X19_v2 (Facebook.Unity.Windows.IWindowsWrapper)	[v41 @ X8_v4 (System.Int32)]	4			RUNTIME_DISPATCH		UNRESOLVED	METHOD_POINTER:UNKNOWN_CLASS_SOURCE:CLASS_NOT_AN_INTERFACE_POINTER	[Add]
Facebook.Unity.Mobile.MobileFacebookGameObject::OnPurchaseSubscriptionComplete	TAIL	v114 @ X19_v2 (Facebook.Unity.Mobile.MobileFacebookGameObject)	[v125 @ X8_v6 (System.Int32)]	12			RUNTIME_DISPATCH		UNRESOLVED	METHOD_POINTER:UNKNOWN_CLASS_SOURCE:CLASS_NOT_AN_INTERFACE_POINTER	[Add]
Facebook.Unity.Canvas.JsBridge::OnLoginComplete	TAIL	v43 @ X20_v2 (Facebook.Unity.Canvas.ICanvasFacebookCallbackHandler)	[v46 @ X8_v4 (System.Int32)]	1			RUNTIME_DISPATCH		UNRESOLVED	METHOD_POINTER:UNKNOWN_CLASS_SOURCE:CLASS_NOT_AN_INTERFACE_POINTER	[Add]
Facebook.Unity.FB::DeleteFriendFinderInvitation	TAIL	v62 @ X0_v17 (Facebook.Unity.IFacebook)	[v68 @ X8_v11 (System.Int32)]	33			RUNTIME_DISPATCH		UNRESOLVED	METHOD_POINTER:UNKNOWN_CLASS_SOURCE:CLASS_NOT_AN_INTERFACE_POINTER	[Add]
Facebook.Unity.Windows.WindowsFacebook::Deinit	TAIL	v38 @ X19_v2 (Facebook.Unity.Windows.IWindowsWrapper)	[v41 @ X8_v4 (System.Int32)]	5			RUNTIME_DISPATCH		UNRESOLVED	METHOD_POINTER:UNKNOWN_CLASS_SOURCE:CLASS_NOT_AN_INTERFACE_POINTER	[Add]
Facebook.Unity.Windows.WindowsFacebook::SetVirtualGamepadLayout	TAIL	v51 @ X20_v3 (Facebook.Unity.Windows.IWindowsWrapper)	[v65 @ X8_v7 (System.Int32)]	26			RUNTIME_DISPATCH		UNRESOLVED	METHOD_POINTER:UNKNOWN_CLASS_SOURCE:CLASS_NOT_AN_INTERFACE_POINTER	[Add]
Facebook.Unity.Canvas.JsBridge::OnFacebookAuthResponseChange	TAIL	v43 @ X20_v2 (Facebook.Unity.Canvas.ICanvasFacebookCallbackHandler)	[v46 @ X8_v4 (System.Int32)]	1			RUNTIME_DISPATCH		UNRESOLVED	METHOD_POINTER:UNKNOWN_CLASS_SOURCE:CLASS_NOT_AN_INTERFACE_POINTER	[Add]
Facebook.Unity.Mobile.MobileFacebookGameObject::OnCancelSubscriptionComplete	TAIL	v114 @ X19_v2 (Facebook.Unity.Mobile.MobileFacebookGameObject)	[v125 @ X8_v6 (System.Int32)]	13			RUNTIME_DISPATCH		UNRESOLVED	METHOD_POINTER:UNKNOWN_CLASS_SOURCE:CLASS_NOT_AN_INTERFACE_POINTER	[Add]
Facebook.Unity.FB::ScheduleAppToUserNotification	TAIL	v74 @ X0_v17 (Facebook.Unity.IFacebook)	[v80 @ X8_v12 (System.Int32)]	34			RUNTIME_DISPATCH		UNRESOLVED	METHOD_POINTER:UNKNOWN_CLASS_SOURCE:CLASS_NOT_AN_INTERFACE_POINTER	[Add]
Facebook.Unity.Canvas.JsBridge::OnPayComplete	TAIL	v43 @ X20_v2 (Facebook.Unity.Canvas.ICanvasFacebookCallbackHandler)	[v46 @ X8_v4 (System.Int32)]	0			RUNTIME_DISPATCH		UNRESOLVED	METHOD_POINTER:UNKNOWN_CLASS_SOURCE:CLASS_NOT_AN_INTERFACE_POINTER	[Add]
Facebook.Unity.Windows.WindowsFacebook::SetSoftKeyboardOpen	TAIL	v51 @ X20_v3 (Facebook.Unity.Windows.IWindowsWrapper)	[v65 @ X8_v7 (System.Int32)]	28			RUNTIME_DISPATCH		UNRESOLVED	METHOD_POINTER:UNKNOWN_CLASS_SOURCE:CLASS_NOT_AN_INTERFACE_POINTER	[Add]
Facebook.Unity.Mobile.MobileFacebookGameObject::OnInitCloudGameComplete	TAIL	v114 @ X19_v2 (Facebook.Unity.Mobile.MobileFacebookGameObject)	[v125 @ X8_v6 (System.Int32)]	14			RUNTIME_DISPATCH		UNRESOLVED	METHOD_POINTER:UNKNOWN_CLASS_SOURCE:CLASS_NOT_AN_INTERFACE_POINTER	[Add]
Facebook.Unity.Canvas.JsBridge::OnAppRequestsComplete	TAIL	v43 @ X20_v2 (Facebook.Unity.Canvas.ICanvasFacebookCallbackHandler)	[v46 @ X8_v4 (System.Int32)]	2			RUNTIME_DISPATCH		UNRESOLVED	METHOD_POINTER:UNKNOWN_CLASS_SOURCE:CLASS_NOT_AN_INTERFACE_POINTER	[Add]
Facebook.Unity.FB::PostSessionScore	TAIL	v62 @ X0_v17 (Facebook.Unity.IFacebook)	[v68 @ X8_v11 (System.Int32)]	35			RUNTIME_DISPATCH		UNRESOLVED	METHOD_POINTER:UNKNOWN_CLASS_SOURCE:CLASS_NOT_AN_INTERFACE_POINTER	[Add]
Facebook.Unity.Canvas.JsBridge::OnShareLinkComplete	TAIL	v43 @ X20_v2 (Facebook.Unity.Canvas.ICanvasFacebookCallbackHandler)	[v46 @ X8_v4 (System.Int32)]	3			RUNTIME_DISPATCH		UNRESOLVED	METHOD_POINTER:UNKNOWN_CLASS_SOURCE:CLASS_NOT_AN_INTERFACE_POINTER	[Add]
Facebook.Unity.Mobile.MobileFacebookGameObject::OnGameLoadCompleteComplete	TAIL	v114 @ X19_v2 (Facebook.Unity.Mobile.MobileFacebookGameObject)	[v125 @ X8_v6 (System.Int32)]	15			RUNTIME_DISPATCH		UNRESOLVED	METHOD_POINTER:UNKNOWN_CLASS_SOURCE:CLASS_NOT_AN_INTERFACE_POINTER	[Add]
Facebook.Unity.Windows.WindowsFacebook::CreateReferral	TAIL	v51 @ X20_v3 (Facebook.Unity.Windows.IWindowsWrapper)	[v65 @ X8_v7 (System.Int32)]	29			RUNTIME_DISPATCH		UNRESOLVED	METHOD_POINTER:UNKNOWN_CLASS_SOURCE:CLASS_NOT_AN_INTERFACE_POINTER	[Add]
Facebook.Unity.Windows.WindowsFacebook::GetDataReferral	TAIL	v50 @ X19_v3 (Facebook.Unity.Windows.IWindowsWrapper)	[v64 @ X8_v7 (System.Int32)]	30			RUNTIME_DISPATCH		UNRESOLVED	METHOD_POINTER:UNKNOWN_CLASS_SOURCE:CLASS_NOT_AN_INTERFACE_POINTER	[Add]
Facebook.Unity.Canvas.JsBridge::OnFacebookFocus	TAIL	v46 @ X19_v2 (Facebook.Unity.Canvas.ICanvasFacebookCallbackHandler)	[v56 @ X8_v4 (System.Int32)]	3			RUNTIME_DISPATCH		UNRESOLVED	METHOD_POINTER:UNKNOWN_CLASS_SOURCE:CLASS_NOT_AN_INTERFACE_POINTER	[Add]
Facebook.Unity.Mobile.MobileFacebookGameObject::OnScheduleAppToUserNotificationComplete	TAIL	v114 @ X19_v2 (Facebook.Unity.Mobile.MobileFacebookGameObject)	[v125 @ X8_v6 (System.Int32)]	16			RUNTIME_DISPATCH		UNRESOLVED	METHOD_POINTER:UNKNOWN_CLASS_SOURCE:CLASS_NOT_AN_INTERFACE_POINTER	[Add]
Facebook.Unity.UserAgeRange::AgeRangeFromDictionary	CALL	dictionary @ X0 (System.Collections.Generic.IDictionary`2<System.String, System.String>)	[v52 @ X21_v2 (System.Int32)]	7			RUNTIME_DISPATCH		UNRESOLVED	METHOD_POINTER:UNKNOWN_CLASS_SOURCE:CLASS_NOT_AN_INTERFACE_POINTER	[Add]
Facebook.Unity.UserAgeRange::AgeRangeFromDictionary	CALL	dictionary @ X0 (System.Collections.Generic.IDictionary`2<System.String, System.String>)	[v52 @ X21_v2 (System.Int32)]	7			RUNTIME_DISPATCH		UNRESOLVED	METHOD_POINTER:UNKNOWN_CLASS_SOURCE:CLASS_NOT_AN_INTERFACE_POINTER	[Add]
Facebook.Unity.Mobile.MobileFacebookGameObject::OnLoadInterstitialAdComplete	TAIL	v114 @ X19_v2 (Facebook.Unity.Mobile.MobileFacebookGameObject)	[v125 @ X8_v6 (System.Int32)]	17			RUNTIME_DISPATCH		UNRESOLVED	METHOD_POINTER:UNKNOWN_CLASS_SOURCE:CLASS_NOT_AN_INTERFACE_POINTER	[Add]
Facebook.Unity.Canvas.JsBridge::OnInitComplete	TAIL	v43 @ X20_v2 (Facebook.Unity.Canvas.ICanvasFacebookCallbackHandler)	[v46 @ X8_v4 (System.Int32)]	0			RUNTIME_DISPATCH		UNRESOLVED	METHOD_POINTER:UNKNOWN_CLASS_SOURCE:CLASS_NOT_AN_INTERFACE_POINTER	[Add]
Facebook.Unity.Mobile.MobileFacebookGameObject::OnShowInterstitialAdComplete	TAIL	v114 @ X19_v2 (Facebook.Unity.Mobile.MobileFacebookGameObject)	[v125 @ X8_v6 (System.Int32)]	18			RUNTIME_DISPATCH		UNRESOLVED	METHOD_POINTER:UNKNOWN_CLASS_SOURCE:CLASS_NOT_AN_INTERFACE_POINTER	[Add]
Facebook.Unity.Canvas.JsBridge::OnUrlResponse	TAIL	v43 @ X20_v2 (Facebook.Unity.Canvas.ICanvasFacebookCallbackHandler)	[v46 @ X8_v4 (System.Int32)]	2			RUNTIME_DISPATCH		UNRESOLVED	METHOD_POINTER:UNKNOWN_CLASS_SOURCE:CLASS_NOT_AN_INTERFACE_POINTER	[Add]
Facebook.Unity.FBLocation::FromDictionary	CALL	dictionary @ X1 (System.Collections.Generic.IDictionary`2<System.String, System.String>)	[v65 @ X22_v3 (System.Int32)]	7			RUNTIME_DISPATCH		UNRESOLVED	METHOD_POINTER:UNKNOWN_CLASS_SOURCE:CLASS_NOT_AN_INTERFACE_POINTER	[Add]
Facebook.Unity.FBLocation::FromDictionary	CALL	dictionary @ X1 (System.Collections.Generic.IDictionary`2<System.String, System.String>)	[v65 @ X22_v3 (System.Int32)]	7			RUNTIME_DISPATCH		UNRESOLVED	METHOD_POINTER:UNKNOWN_CLASS_SOURCE:CLASS_NOT_AN_INTERFACE_POINTER	[Add]
Facebook.Unity.Utilities::FormatToString	CALL	propertiesAndValues @ X2 (System.Collections.Generic.IDictionary`2<System.String, System.String>)	[v237 @ X8_v17 (System.Int32)]	0			RUNTIME_DISPATCH		UNRESOLVED	METHOD_POINTER:UNKNOWN_CLASS_SOURCE:CLASS_NOT_AN_INTERFACE_POINTER	[Add]
Facebook.Unity.Utilities::FormatToString	CALL	v349 @ X0_v33	[v158 @ X21_v9 (System.Int32)]	0			RUNTIME_DISPATCH		UNRESOLVED	METHOD_POINTER:UNKNOWN_CLASS_SOURCE:CLASS_NOT_AN_INTERFACE_POINTER	[Add]
Facebook.Unity.Utilities::FormatToString	CALL	v349 @ X0_v33	[v151 @ X23_v10 (System.Int32)]	0			RUNTIME_DISPATCH		UNRESOLVED	METHOD_POINTER:UNKNOWN_CLASS_SOURCE:CLASS_NOT_AN_INTERFACE_POINTER	[Add]
Facebook.Unity.Utilities::FormatToString	CALL	v447 @ X21_v7	[v446 @ X22_v6 (System.String)]	0			RUNTIME_DISPATCH		UNRESOLVED	METHOD_POINTER:UNKNOWN_CLASS_SOURCE:CLASS_NOT_AN_INTERFACE_POINTER	[{Add | {{Add | DEFINED_3_TIMES} | self | {Add | DEFINED_3_TIMES}}}]
Mono.Security.X509.PKCS12::Encrypt	CALL	v67 @ X0_v27 (System.Security.Cryptography.ICryptoTransform)	[v134 @ X8_v17 (System.Int32)]	4			RUNTIME_DISPATCH		UNRESOLVED	METHOD_POINTER:UNKNOWN_CLASS_SOURCE:CLASS_NOT_AN_INTERFACE_POINTER	[Add]
Mono.Security.X509.PKCS12::Encrypt	CALL	v292 @ X21_v7	[v298 @ X8_v10 (System.Int32)]	0			RUNTIME_DISPATCH		UNRESOLVED	METHOD_POINTER:UNKNOWN_CLASS_SOURCE:CLASS_NOT_AN_INTERFACE_POINTER	[Add]
Facebook.Unity.Mobile.MobileFacebookGameObject::OnLoadRewardedVideoComplete	TAIL	v114 @ X19_v2 (Facebook.Unity.Mobile.MobileFacebookGameObject)	[v125 @ X8_v6 (System.Int32)]	19			RUNTIME_DISPATCH		UNRESOLVED	METHOD_POINTER:UNKNOWN_CLASS_SOURCE:CLASS_NOT_AN_INTERFACE_POINTER	[Add]
Facebook.Unity.Windows.WindowsFacebookGameObject::Update	TAIL	v73 @ X0_v15 (Facebook.Unity.Windows.WindowsFacebookGameObject)	[v69 @ X22_v4 (System.Int32)]	0			RUNTIME_DISPATCH		UNRESOLVED	METHOD_POINTER:UNKNOWN_CLASS_SOURCE:CLASS_NOT_AN_INTERFACE_POINTER	[Add]
Facebook.Unity.Mobile.MobileFacebookGameObject::OnShowRewardedVideoComplete	TAIL	v114 @ X19_v2 (Facebook.Unity.Mobile.MobileFacebookGameObject)	[v125 @ X8_v6 (System.Int32)]	20			RUNTIME_DISPATCH		UNRESOLVED	METHOD_POINTER:UNKNOWN_CLASS_SOURCE:CLASS_NOT_AN_INTERFACE_POINTER	[Add]
Facebook.Unity.Windows.WindowsFacebookGameObject::OnDestroy	TAIL	v73 @ X0_v15 (Facebook.Unity.Windows.WindowsFacebookGameObject)	[v69 @ X22_v4 (System.Int32)]	1			RUNTIME_DISPATCH		UNRESOLVED	METHOD_POINTER:UNKNOWN_CLASS_SOURCE:CLASS_NOT_AN_INTERFACE_POINTER	[Add]
Facebook.Unity.Mobile.Android.AndroidFacebook::CurrentProfile	CALL	[v202 @ X0_v10+8]	v75 @ X22_v3	[v75 @ X22_v3+50]			RUNTIME_DISPATCH		UNRESOLVED	METHOD_POINTER:UNKNOWN_CLASS_SOURCE:CLASS_NOT_AN_INTERFACE_POINTER	[Add]
Facebook.Unity.Mobile.Android.AndroidFacebook::CurrentProfile	CALL	v161 @ X0_v19 (System.Collections.Generic.IDictionary`2<System.String, System.String>)	[v493 @ X22_v7 (System.Int32)]	7			RUNTIME_DISPATCH		UNRESOLVED	METHOD_POINTER:UNKNOWN_CLASS_SOURCE:CLASS_NOT_AN_INTERFACE_POINTER	[Add]
Facebook.Unity.Mobile.Android.AndroidFacebook::CurrentProfile	CALL	v161 @ X0_v19 (System.Collections.Generic.IDictionary`2<System.String, System.String>)	[v493 @ X22_v7 (System.Int32)]	7			RUNTIME_DISPATCH		UNRESOLVED	METHOD_POINTER:UNKNOWN_CLASS_SOURCE:CLASS_NOT_AN_INTERFACE_POINTER	[Add]
Facebook.Unity.Mobile.Android.AndroidFacebook::CurrentProfile	CALL	v161 @ X0_v19 (System.Collections.Generic.IDictionary`2<System.String, System.String>)	[v493 @ X22_v7 (System.Int32)]	7			RUNTIME_DISPATCH		UNRESOLVED	METHOD_POINTER:UNKNOWN_CLASS_SOURCE:CLASS_NOT_AN_INTERFACE_POINTER	[Add]
Facebook.Unity.Mobile.Android.AndroidFacebook::CurrentProfile	CALL	v161 @ X0_v19 (System.Collections.Generic.IDictionary`2<System.String, System.String>)	[v493 @ X22_v7 (System.Int32)]	7			RUNTIME_DISPATCH		UNRESOLVED	METHOD_POINTER:UNKNOWN_CLASS_SOURCE:CLASS_NOT_AN_INTERFACE_POINTER	[Add]
Facebook.Unity.Mobile.Android.AndroidFacebook::CurrentProfile	CALL	v161 @ X0_v19 (System.Collections.Generic.IDictionary`2<System.String, System.String>)	[v493 @ X22_v7 (System.Int32)]	7			RUNTIME_DISPATCH		UNRESOLVED	METHOD_POINTER:UNKNOWN_CLASS_SOURCE:CLASS_NOT_AN_INTERFACE_POINTER	[Add]
Facebook.Unity.Mobile.Android.AndroidFacebook::CurrentProfile	CALL	v161 @ X0_v19 (System.Collections.Generic.IDictionary`2<System.String, System.String>)	[v493 @ X22_v7 (System.Int32)]	7			RUNTIME_DISPATCH		UNRESOLVED	METHOD_POINTER:UNKNOWN_CLASS_SOURCE:CLASS_NOT_AN_INTERFACE_POINTER	[Add]
Facebook.Unity.Mobile.Android.AndroidFacebook::CurrentProfile	CALL	v161 @ X0_v19 (System.Collections.Generic.IDictionary`2<System.String, System.String>)	[v493 @ X22_v7 (System.Int32)]	7			RUNTIME_DISPATCH		UNRESOLVED	METHOD_POINTER:UNKNOWN_CLASS_SOURCE:CLASS_NOT_AN_INTERFACE_POINTER	[Add]
Facebook.Unity.Mobile.Android.AndroidFacebook::CurrentProfile	CALL	v161 @ X0_v19 (System.Collections.Generic.IDictionary`2<System.String, System.String>)	[v493 @ X22_v7 (System.Int32)]	7			RUNTIME_DISPATCH		UNRESOLVED	METHOD_POINTER:UNKNOWN_CLASS_SOURCE:CLASS_NOT_AN_INTERFACE_POINTER	[Add]
Facebook.Unity.Mobile.Android.AndroidFacebook::CurrentProfile	CALL	v161 @ X0_v19 (System.Collections.Generic.IDictionary`2<System.String, System.String>)	[v493 @ X22_v7 (System.Int32)]	7			RUNTIME_DISPATCH		UNRESOLVED	METHOD_POINTER:UNKNOWN_CLASS_SOURCE:CLASS_NOT_AN_INTERFACE_POINTER	[Add]
Facebook.Unity.Mobile.Android.AndroidFacebook::CurrentProfile	CALL	v161 @ X0_v19 (System.Collections.Generic.IDictionary`2<System.String, System.String>)	[v493 @ X22_v7 (System.Int32)]	7			RUNTIME_DISPATCH		UNRESOLVED	METHOD_POINTER:UNKNOWN_CLASS_SOURCE:CLASS_NOT_AN_INTERFACE_POINTER	[Add]
Facebook.Unity.Mobile.Android.AndroidFacebook::CurrentProfile	CALL	v161 @ X0_v19 (System.Collections.Generic.IDictionary`2<System.String, System.String>)	[v493 @ X22_v7 (System.Int32)]	7			RUNTIME_DISPATCH		UNRESOLVED	METHOD_POINTER:UNKNOWN_CLASS_SOURCE:CLASS_NOT_AN_INTERFACE_POINTER	[Add]
Facebook.Unity.Mobile.MobileFacebookGameObject::OnGetPayloadComplete	TAIL	v114 @ X19_v2 (Facebook.Unity.Mobile.MobileFacebookGameObject)	[v125 @ X8_v6 (System.Int32)]	21			RUNTIME_DISPATCH		UNRESOLVED	METHOD_POINTER:UNKNOWN_CLASS_SOURCE:CLASS_NOT_AN_INTERFACE_POINTER	[Add]
Facebook.Unity.Editor.EditorFacebook::Init	TAIL	v64 @ X19_v3 (Facebook.Unity.Editor.IEditorWrapper)	[v67 @ X8_v5 (System.Int32)]	0			RUNTIME_DISPATCH		UNRESOLVED	METHOD_POINTER:UNKNOWN_CLASS_SOURCE:CLASS_NOT_AN_INTERFACE_POINTER	[Add]
Facebook.Unity.Mobile.MobileFacebookGameObject::OnPostSessionScoreComplete	TAIL	v114 @ X19_v2 (Facebook.Unity.Mobile.MobileFacebookGameObject)	[v125 @ X8_v6 (System.Int32)]	22			RUNTIME_DISPATCH		UNRESOLVED	METHOD_POINTER:UNKNOWN_CLASS_SOURCE:CLASS_NOT_AN_INTERFACE_POINTER	[Add]
Mono.Security.X509.PKCS12::GetExistingParameters	CALL	v304.enumerator (System.Collections.IEnumerator)	[v238 @ X21_v12 (System.Int32)]	0			RUNTIME_DISPATCH		UNRESOLVED	METHOD_POINTER:UNKNOWN_CLASS_SOURCE:CLASS_NOT_AN_INTERFACE_POINTER	[Add]
Mono.Security.X509.PKCS12::GetExistingParameters	CALL	returnVal2 @ X0_v7 (System.Security.Cryptography.DSAParameters)	[v149 @ X25_v3 (System.Int32)]	0			RUNTIME_DISPATCH		UNRESOLVED	METHOD_POINTER:UNKNOWN_CLASS_SOURCE:CLASS_NOT_AN_INTERFACE_POINTER	[Add]
Facebook.Unity.Editor.EditorWrapper::Init	TAIL	v39 @ X19_v2 (Facebook.Unity.IFacebookCallbackHandler)	[v46 @ X9_v2 (System.Int32)]	0			RUNTIME_DISPATCH		UNRESOLVED	METHOD_POINTER:UNKNOWN_CLASS_SOURCE:CLASS_NOT_AN_INTERFACE_POINTER	[Add]
Facebook.Unity.Editor.EditorFacebook::LogInWithPublishPermissions	TAIL	this.editorWrapper (Facebook.Unity.Editor.IEditorWrapper)	[v229 @ X8_v18 (System.Int32)]	1			RUNTIME_DISPATCH		UNRESOLVED	METHOD_POINTER:UNKNOWN_CLASS_SOURCE:CLASS_NOT_AN_INTERFACE_POINTER	[Add]
Facebook.Unity.TournamentResult::ToString	CALL	v69 @ X21_v2 (System.Collections.Generic.IDictionary`2<System.String, System.String>)	[v75 @ X8_v26 (System.Int32)]	0			RUNTIME_DISPATCH		UNRESOLVED	METHOD_POINTER:UNKNOWN_CLASS_SOURCE:CLASS_NOT_AN_INTERFACE_POINTER	[Add]
Facebook.Unity.TournamentResult::ToString	CALL	v89 @ stack_-68_v7	[v118 @ X22_v9 (System.Int32)]	0			RUNTIME_DISPATCH		UNRESOLVED	METHOD_POINTER:UNKNOWN_CLASS_SOURCE:CLASS_NOT_AN_INTERFACE_POINTER	[Add]
Facebook.Unity.TournamentResult::ToString	CALL	v89 @ stack_-68_v7	[v99 @ X28_v7 (System.Int32)]	0			RUNTIME_DISPATCH		UNRESOLVED	METHOD_POINTER:UNKNOWN_CLASS_SOURCE:CLASS_NOT_AN_INTERFACE_POINTER	[Add]
Facebook.Unity.TournamentResult::ToString	CALL	v502 @ X22_v7	[v495 @ X27_v5 (System.Int32)]	0			RUNTIME_DISPATCH		UNRESOLVED	METHOD_POINTER:UNKNOWN_CLASS_SOURCE:CLASS_NOT_AN_INTERFACE_POINTER	[{Add | {{Add | DEFINED_3_TIMES} | self | {Add | DEFINED_3_TIMES}}}]
Facebook.Unity.Editor.EditorFacebook::AppRequest	TAIL	v47 @ X19_v2 (Facebook.Unity.Editor.IEditorWrapper)	[v76 @ X8_v8 (System.Int32)]	2			RUNTIME_DISPATCH		UNRESOLVED	METHOD_POINTER:UNKNOWN_CLASS_SOURCE:CLASS_NOT_AN_INTERFACE_POINTER	[Add]
Facebook.Unity.Mobile.MobileFacebookGameObject::OnPostTournamentScoreComplete	TAIL	v114 @ X19_v2 (Facebook.Unity.Mobile.MobileFacebookGameObject)	[v125 @ X8_v6 (System.Int32)]	26			RUNTIME_DISPATCH		UNRESOLVED	METHOD_POINTER:UNKNOWN_CLASS_SOURCE:CLASS_NOT_AN_INTERFACE_POINTER	[Add]
Facebook.Unity.Mobile.MobileFacebookGameObject::OnGetTournamentComplete	TAIL	v114 @ X19_v2 (Facebook.Unity.Mobile.MobileFacebookGameObject)	[v125 @ X8_v6 (System.Int32)]	23			RUNTIME_DISPATCH		UNRESOLVED	METHOD_POINTER:UNKNOWN_CLASS_SOURCE:CLASS_NOT_AN_INTERFACE_POINTER	[Add]
Facebook.Unity.Editor.EditorFacebook::ShareLink	TAIL	v46 @ X19_v2 (Facebook.Unity.Editor.IEditorWrapper)	[v78 @ X8_v8 (System.Int32)]	3			RUNTIME_DISPATCH		UNRESOLVED	METHOD_POINTER:UNKNOWN_CLASS_SOURCE:CLASS_NOT_AN_INTERFACE_POINTER	[Add]
Facebook.Unity.Mobile.MobileFacebookGameObject::OnShareTournamentComplete	TAIL	v114 @ X19_v2 (Facebook.Unity.Mobile.MobileFacebookGameObject)	[v125 @ X8_v6 (System.Int32)]	24			RUNTIME_DISPATCH		UNRESOLVED	METHOD_POINTER:UNKNOWN_CLASS_SOURCE:CLASS_NOT_AN_INTERFACE_POINTER	[Add]
Facebook.Unity.Editor.EditorFacebook::FeedShare	TAIL	v47 @ X19_v2 (Facebook.Unity.Editor.IEditorWrapper)	[v79 @ X8_v8 (System.Int32)]	3			RUNTIME_DISPATCH		UNRESOLVED	METHOD_POINTER:UNKNOWN_CLASS_SOURCE:CLASS_NOT_AN_INTERFACE_POINTER	[Add]
Facebook.Unity.Utilities::ParseCatalogFromResult	CALL	resultDictionary @ X0 (System.Collections.Generic.IDictionary`2<System.String, System.Object>)	[v72 @ X24_v10 (System.Int32)]	7			RUNTIME_DISPATCH		UNRESOLVED	METHOD_POINTER:UNKNOWN_CLASS_SOURCE:CLASS_NOT_AN_INTERFACE_POINTER	[Add]
Facebook.Unity.Utilities::ParseCatalogFromResult	CALL	v58 @ X0_v3 (System.Collections.Generic.IList`1<Facebook.Unity.Product>)	[v93 @ X25_v10 (System.Int32)]	2			RUNTIME_DISPATCH		UNRESOLVED	METHOD_POINTER:UNKNOWN_CLASS_SOURCE:CLASS_NOT_AN_INTERFACE_POINTER	[Add]
Facebook.Unity.Utilities::ParseCatalogFromResult	CALL	v313 @ X0_v41	[v319 @ X8_v29 (System.Int32)]	0			RUNTIME_DISPATCH		UNRESOLVED	METHOD_POINTER:UNKNOWN_CLASS_SOURCE:CLASS_NOT_AN_INTERFACE_POINTER	[Add]
Facebook.Unity.Utilities::ParseCatalogFromResult	CALL	v765 @ X0_v44	[v180 @ X22_v12 (System.Int32)]	0			RUNTIME_DISPATCH		UNRESOLVED	METHOD_POINTER:UNKNOWN_CLASS_SOURCE:CLASS_NOT_AN_INTERFACE_POINTER	[Add]
Facebook.Unity.Utilities::ParseCatalogFromResult	CALL	v765 @ X0_v44	[v293 @ X23_v4 (System.Int32)]	0			RUNTIME_DISPATCH		UNRESOLVED	METHOD_POINTER:UNKNOWN_CLASS_SOURCE:CLASS_NOT_AN_INTERFACE_POINTER	[{Add | [{Add | [DEFINED_3_TIMES] | Add}] | Add}]
Facebook.Unity.Utilities::ParseCatalogFromResult	CALL	v593 @ X21_v11	[v601 @ X8_v12 (System.Int32)]	0			RUNTIME_DISPATCH		UNRESOLVED	METHOD_POINTER:UNKNOWN_CLASS_SOURCE:CLASS_NOT_AN_INTERFACE_POINTER	[Add]
Facebook.Unity.Mobile.Android.AndroidFacebook::IsImplicitPurchaseLoggingEnabled	TAIL	[v176 @ X0_v3+8]	v51 @ X21_v1	[v51 @ X21_v1+50]			RUNTIME_DISPATCH		UNRESOLVED	METHOD_POINTER:UNKNOWN_CLASS_SOURCE:CLASS_NOT_AN_INTERFACE_POINTER	[Add]
Facebook.Unity.Mobile.MobileFacebookGameObject::OnCreateTournamentComplete	TAIL	v114 @ X19_v2 (Facebook.Unity.Mobile.MobileFacebookGameObject)	[v125 @ X8_v6 (System.Int32)]	25			RUNTIME_DISPATCH		UNRESOLVED	METHOD_POINTER:UNKNOWN_CLASS_SOURCE:CLASS_NOT_AN_INTERFACE_POINTER	[Add]
Facebook.Unity.Mobile.MobileFacebookGameObject::OnGetTournamentsComplete	TAIL	v114 @ X19_v2 (Facebook.Unity.Mobile.MobileFacebookGameObject)	[v125 @ X8_v6 (System.Int32)]	27			RUNTIME_DISPATCH		UNRESOLVED	METHOD_POINTER:UNKNOWN_CLASS_SOURCE:CLASS_NOT_AN_INTERFACE_POINTER	[Add]
Mono.Security.ASN1::GetBytes	CALL	v597 @ X22_v20 (System.Collections.IEnumerator)	[v488 @ X23_v12 (System.Int32)]	0			RUNTIME_DISPATCH		UNRESOLVED	METHOD_POINTER:UNKNOWN_CLASS_SOURCE:CLASS_NOT_AN_INTERFACE_POINTER	[Add]
Mono.Security.ASN1::GetBytes	CALL	v166 @ stack_-68_v12 (System.Collections.IEnumerator)	[v488 @ X23_v12 (System.Int32)]	1			RUNTIME_DISPATCH		UNRESOLVED	METHOD_POINTER:UNKNOWN_CLASS_SOURCE:CLASS_NOT_AN_INTERFACE_POINTER	[Add]
Mono.Security.ASN1::GetBytes	CALL	v1081 @ X0_v60	[v268 @ X26_v13 (System.Int32)]	0			RUNTIME_DISPATCH		UNRESOLVED	METHOD_POINTER:UNKNOWN_CLASS_SOURCE:CLASS_NOT_AN_INTERFACE_POINTER	[Add]
Facebook.Unity.Editor.Dialogs.MockLoginDialog+<>c__DisplayClass4_0::<SendSuccessResult>b__0	CALL	graphResult @ X1 (Facebook.Unity.IGraphResult)	[v147 @ X22_v5 (System.Int32)]	0			RUNTIME_DISPATCH		UNRESOLVED	METHOD_POINTER:UNKNOWN_CLASS_SOURCE:CLASS_NOT_AN_INTERFACE_POINTER	[Add]
Facebook.Unity.Editor.Dialogs.MockLoginDialog+<>c__DisplayClass4_0::<SendSuccessResult>b__0	CALL	graphResult @ X1 (Facebook.Unity.IGraphResult)	[v147 @ X22_v5 (System.Int32)]	1			RUNTIME_DISPATCH		UNRESOLVED	METHOD_POINTER:UNKNOWN_CLASS_SOURCE:CLASS_NOT_AN_INTERFACE_POINTER	[Add]
Facebook.Unity.Editor.Dialogs.MockLoginDialog+<>c__DisplayClass4_0::<SendSuccessResult>b__0	CALL	v455 @ X0_v20	[v460 @ X8_v17 (System.Int32)]	0			RUNTIME_DISPATCH		UNRESOLVED	METHOD_POINTER:UNKNOWN_CLASS_SOURCE:CLASS_NOT_AN_INTERFACE_POINTER	[Add]
Facebook.Unity.Editor.Dialogs.MockLoginDialog+<>c__DisplayClass4_0::<SendSuccessResult>b__0	CALL	graphResult @ X1 (Facebook.Unity.IGraphResult)	[v147 @ X22_v5 (System.Int32)]	0			RUNTIME_DISPATCH		UNRESOLVED	METHOD_POINTER:UNKNOWN_CLASS_SOURCE:CLASS_NOT_AN_INTERFACE_POINTER	[Add]
Facebook.Unity.GetTournamentsResult::.ctor	CALL	v242 @ X0_v9 (System.Collections.Generic.IDictionary`2<System.String, System.Object>)	[v249 @ X8_v22 (System.Int32)]	0			RUNTIME_DISPATCH		UNRESOLVED	METHOD_POINTER:UNKNOWN_CLASS_SOURCE:CLASS_NOT_AN_INTERFACE_POINTER	[Add]
Facebook.Unity.GetTournamentsResult::.ctor	CALL	v511 @ X21_v16	[v427 @ X23_v11 (System.Int32)]	0			RUNTIME_DISPATCH		UNRESOLVED	METHOD_POINTER:UNKNOWN_CLASS_SOURCE:CLASS_NOT_AN_INTERFACE_POINTER	[Add]
Facebook.Unity.GetTournamentsResult::.ctor	CALL	v418 @ X0_v37	[v429 @ X24_v10 (System.Int32)]	0			RUNTIME_DISPATCH		UNRESOLVED	METHOD_POINTER:UNKNOWN_CLASS_SOURCE:CLASS_NOT_AN_INTERFACE_POINTER	[Add]
Facebook.Unity.GetTournamentsResult::.ctor	CALL	v620 @ X22_v7	[v652 @ X8_v16 (System.Int32)]	0			RUNTIME_DISPATCH		UNRESOLVED	METHOD_POINTER:UNKNOWN_CLASS_SOURCE:CLASS_NOT_AN_INTERFACE_POINTER	[Add]
Facebook.Unity.Mobile.MobileFacebookGameObject::OnUpdateTournamentComplete	TAIL	v114 @ X19_v2 (Facebook.Unity.Mobile.MobileFacebookGameObject)	[v125 @ X8_v6 (System.Int32)]	28			RUNTIME_DISPATCH		UNRESOLVED	METHOD_POINTER:UNKNOWN_CLASS_SOURCE:CLASS_NOT_AN_INTERFACE_POINTER	[Add]
Facebook.Unity.Mobile.MobileFacebookGameObject::OnTournamentDialogSuccess	TAIL	v114 @ X19_v2 (Facebook.Unity.Mobile.MobileFacebookGameObject)	[v125 @ X8_v6 (System.Int32)]	29			RUNTIME_DISPATCH		UNRESOLVED	METHOD_POINTER:UNKNOWN_CLASS_SOURCE:CLASS_NOT_AN_INTERFACE_POINTER	[Add]
Facebook.Unity.Mobile.MobileFacebookGameObject::OnTournamentDialogCancel	TAIL	v114 @ X19_v2 (Facebook.Unity.Mobile.MobileFacebookGameObject)	[v125 @ X8_v6 (System.Int32)]	30			RUNTIME_DISPATCH		UNRESOLVED	METHOD_POINTER:UNKNOWN_CLASS_SOURCE:CLASS_NOT_AN_INTERFACE_POINTER	[Add]
Facebook.Unity.Mobile.MobileFacebookGameObject::OnTournamentDialogError	TAIL	v114 @ X19_v2 (Facebook.Unity.Mobile.MobileFacebookGameObject)	[v125 @ X8_v6 (System.Int32)]	31			RUNTIME_DISPATCH		UNRESOLVED	METHOD_POINTER:UNKNOWN_CLASS_SOURCE:CLASS_NOT_AN_INTERFACE_POINTER	[Add]
Facebook.Unity.Mobile.MobileFacebookGameObject::OnOpenAppStoreComplete	TAIL	v114 @ X19_v2 (Facebook.Unity.Mobile.MobileFacebookGameObject)	[v125 @ X8_v6 (System.Int32)]	32			RUNTIME_DISPATCH		UNRESOLVED	METHOD_POINTER:UNKNOWN_CLASS_SOURCE:CLASS_NOT_AN_INTERFACE_POINTER	[Add]
Facebook.Unity.Mobile.MobileFacebookGameObject::OnCreateGamingContextComplete	TAIL	v114 @ X19_v2 (Facebook.Unity.Mobile.MobileFacebookGameObject)	[v125 @ X8_v6 (System.Int32)]	33			RUNTIME_DISPATCH		UNRESOLVED	METHOD_POINTER:UNKNOWN_CLASS_SOURCE:CLASS_NOT_AN_INTERFACE_POINTER	[Add]
Facebook.Unity.Mobile.MobileFacebookGameObject::OnSwitchGamingContextComplete	TAIL	v114 @ X19_v2 (Facebook.Unity.Mobile.MobileFacebookGameObject)	[v125 @ X8_v6 (System.Int32)]	34			RUNTIME_DISPATCH		UNRESOLVED	METHOD_POINTER:UNKNOWN_CLASS_SOURCE:CLASS_NOT_AN_INTERFACE_POINTER	[Add]
Facebook.Unity.Mobile.MobileFacebookGameObject::OnChooseGamingContextComplete	TAIL	v114 @ X19_v2 (Facebook.Unity.Mobile.MobileFacebookGameObject)	[v125 @ X8_v6 (System.Int32)]	35			RUNTIME_DISPATCH		UNRESOLVED	METHOD_POINTER:UNKNOWN_CLASS_SOURCE:CLASS_NOT_AN_INTERFACE_POINTER	[Add]
Facebook.Unity.Mobile.MobileFacebookGameObject::OnGetCurrentGamingContextComplete	TAIL	v114 @ X19_v2 (Facebook.Unity.Mobile.MobileFacebookGameObject)	[v125 @ X8_v6 (System.Int32)]	36			RUNTIME_DISPATCH		UNRESOLVED	METHOD_POINTER:UNKNOWN_CLASS_SOURCE:CLASS_NOT_AN_INTERFACE_POINTER	[Add]
Facebook.Unity.Mobile.IOS.IOSFacebook::set_LimitEventUsage	TAIL	v43 @ X20_v2 (Facebook.Unity.Mobile.IOS.IIOSWrapper)	[v46 @ X8_v4 (System.Int32)]	10			RUNTIME_DISPATCH		UNRESOLVED	METHOD_POINTER:UNKNOWN_CLASS_SOURCE:CLASS_NOT_AN_INTERFACE_POINTER	[Add]
Facebook.Unity.Utilities::ParseProductFromCatalogResult	CALL	product @ X0 (System.Collections.Generic.IDictionary`2<System.String, System.Object>)	[v61 @ X28_v2 (System.Int32)]	0			RUNTIME_DISPATCH		UNRESOLVED	METHOD_POINTER:UNKNOWN_CLASS_SOURCE:CLASS_NOT_AN_INTERFACE_POINTER	[Add]
Facebook.Unity.Utilities::ParseProductFromCatalogResult	CALL	product @ X0 (System.Collections.Generic.IDictionary`2<System.String, System.Object>)	[v61 @ X28_v2 (System.Int32)]	0			RUNTIME_DISPATCH		UNRESOLVED	METHOD_POINTER:UNKNOWN_CLASS_SOURCE:CLASS_NOT_AN_INTERFACE_POINTER	[Add]
Facebook.Unity.Utilities::ParseProductFromCatalogResult	CALL	product @ X0 (System.Collections.Generic.IDictionary`2<System.String, System.Object>)	v489 @ X1_v39	4			RUNTIME_DISPATCH		UNRESOLVED	METHOD_POINTER:UNKNOWN_CLASS_SOURCE:CLASS_NOT_AN_INTERFACE_POINTER	{[Add] | [Add] | {[Add] | [Add]}}
Facebook.Unity.Utilities::ParseProductFromCatalogResult	CALL	product @ X0 (System.Collections.Generic.IDictionary`2<System.String, System.Object>)	[v61 @ X28_v2 (System.Int32)]	0			RUNTIME_DISPATCH		UNRESOLVED	METHOD_POINTER:UNKNOWN_CLASS_SOURCE:CLASS_NOT_AN_INTERFACE_POINTER	[Add]
Facebook.Unity.Utilities::ParseProductFromCatalogResult	CALL	product @ X0 (System.Collections.Generic.IDictionary`2<System.String, System.Object>)	[v61 @ X28_v2 (System.Int32)]	4			RUNTIME_DISPATCH		UNRESOLVED	METHOD_POINTER:UNKNOWN_CLASS_SOURCE:CLASS_NOT_AN_INTERFACE_POINTER	[Add]
Facebook.Unity.Utilities::ParseProductFromCatalogResult	CALL	product @ X0 (System.Collections.Generic.IDictionary`2<System.String, System.Object>)	[v61 @ X28_v2 (System.Int32)]	0			RUNTIME_DISPATCH		UNRESOLVED	METHOD_POINTER:UNKNOWN_CLASS_SOURCE:CLASS_NOT_AN_INTERFACE_POINTER	[Add]
Facebook.Unity.Utilities::ParseProductFromCatalogResult	CALL	product @ X0 (System.Collections.Generic.IDictionary`2<System.String, System.Object>)	v960 @ X1_v29	0			RUNTIME_DISPATCH		UNRESOLVED	METHOD_POINTER:UNKNOWN_CLASS_SOURCE:CLASS_NOT_AN_INTERFACE_POINTER	{[Add] | {[Add] | [Add]} | [Add]}
Facebook.Unity.Utilities::ParseProductFromCatalogResult	CALL	product @ X0 (System.Collections.Generic.IDictionary`2<System.String, System.Object>)	[v61 @ X28_v2 (System.Int32)]	4			RUNTIME_DISPATCH		UNRESOLVED	METHOD_POINTER:UNKNOWN_CLASS_SOURCE:CLASS_NOT_AN_INTERFACE_POINTER	[Add]
Facebook.Unity.Utilities::ParseProductFromCatalogResult	CALL	product @ X0 (System.Collections.Generic.IDictionary`2<System.String, System.Object>)	[v61 @ X28_v2 (System.Int32)]	0			RUNTIME_DISPATCH		UNRESOLVED	METHOD_POINTER:UNKNOWN_CLASS_SOURCE:CLASS_NOT_AN_INTERFACE_POINTER	[Add]
Facebook.Unity.Utilities::ParseProductFromCatalogResult	CALL	product @ X0 (System.Collections.Generic.IDictionary`2<System.String, System.Object>)	[v61 @ X28_v2 (System.Int32)]	0			RUNTIME_DISPATCH		UNRESOLVED	METHOD_POINTER:UNKNOWN_CLASS_SOURCE:CLASS_NOT_AN_INTERFACE_POINTER	[Add]
Facebook.Unity.Mobile.Android.AndroidFacebook::CallFB	TAIL	v51 @ X20_v2 (Facebook.Unity.Mobile.Android.IAndroidWrapper)	[v97 @ X8_v9 (System.Int32)]	1			RUNTIME_DISPATCH		UNRESOLVED	METHOD_POINTER:UNKNOWN_CLASS_SOURCE:CLASS_NOT_AN_INTERFACE_POINTER	[Add]
Facebook.Unity.Mobile.IOS.IOSFacebook::get_SDKVersion	TAIL	v38 @ X19_v2 (Facebook.Unity.Mobile.IOS.IIOSWrapper)	[v41 @ X8_v4 (System.Int32)]	12			RUNTIME_DISPATCH		UNRESOLVED	METHOD_POINTER:UNKNOWN_CLASS_SOURCE:CLASS_NOT_AN_INTERFACE_POINTER	[Add]
Facebook.Unity.Mobile.IOS.IOSFacebook::Init	CALL	v59 @ X23_v2 (Facebook.Unity.Mobile.IOS.IIOSWrapper)	[v65 @ X25_v3 (System.Int32)]	0			RUNTIME_DISPATCH		UNRESOLVED	METHOD_POINTER:UNKNOWN_CLASS_SOURCE:CLASS_NOT_AN_INTERFACE_POINTER	[Add]
Facebook.Unity.Mobile.IOS.IOSFacebook::Init	CALL	v128 @ X20_v3 (Facebook.Unity.Mobile.IOS.IIOSWrapper)	[v65 @ X25_v3 (System.Int32)]	13			RUNTIME_DISPATCH		UNRESOLVED	METHOD_POINTER:UNKNOWN_CLASS_SOURCE:CLASS_NOT_AN_INTERFACE_POINTER	[Add]
Facebook.Unity.Canvas.CanvasFacebook+CanvasUIMethodCall`1::UI	CALL	v60 @ X24_v3 (Facebook.Unity.Canvas.ICanvasJSWrapper)	[v116 @ X25_v3 (System.Int32)]	1			RUNTIME_DISPATCH		UNRESOLVED	METHOD_POINTER:UNKNOWN_CLASS_SOURCE:CLASS_NOT_AN_INTERFACE_POINTER	[Add]
Facebook.Unity.Canvas.CanvasFacebook+CanvasUIMethodCall`1::UI	TAIL	v141 @ X21_v3 (Facebook.Unity.Canvas.ICanvasJSWrapper)	[v116 @ X25_v3 (System.Int32)]	8			RUNTIME_DISPATCH		UNRESOLVED	METHOD_POINTER:UNKNOWN_CLASS_SOURCE:CLASS_NOT_AN_INTERFACE_POINTER	[Add]
Facebook.Unity.Mobile.IOS.IOSFacebook::LogInWithReadPermissions	TAIL	v51 @ X19_v2 (Facebook.Unity.Mobile.IOS.IIOSWrapper)	[v65 @ X8_v4 (System.Int32)]	1			RUNTIME_DISPATCH		UNRESOLVED	METHOD_POINTER:UNKNOWN_CLASS_SOURCE:CLASS_NOT_AN_INTERFACE_POINTER	[Add]
Facebook.Unity.Mobile.IOS.IOSFacebook::LogInWithPublishPermissions	TAIL	v51 @ X19_v2 (Facebook.Unity.Mobile.IOS.IIOSWrapper)	[v65 @ X8_v4 (System.Int32)]	2			RUNTIME_DISPATCH		UNRESOLVED	METHOD_POINTER:UNKNOWN_CLASS_SOURCE:CLASS_NOT_AN_INTERFACE_POINTER	[Add]
Facebook.Unity.Mobile.IOS.IOSFacebook::LogOut	TAIL	v40 @ X19_v2 (Facebook.Unity.Mobile.IOS.IIOSWrapper)	[v43 @ X8_v4 (System.Int32)]	3			RUNTIME_DISPATCH		UNRESOLVED	METHOD_POINTER:UNKNOWN_CLASS_SOURCE:CLASS_NOT_AN_INTERFACE_POINTER	[Add]
Facebook.Unity.Editor.Dialogs.MockLoginDialog+<>c__DisplayClass4_1::<SendSuccessResult>b__1	CALL	permResult @ X1 (Facebook.Unity.IGraphResult)	[v65 @ X23_v9 (System.Int32)]	0			RUNTIME_DISPATCH		UNRESOLVED	METHOD_POINTER:UNKNOWN_CLASS_SOURCE:CLASS_NOT_AN_INTERFACE_POINTER	[Add]
Facebook.Unity.Editor.Dialogs.MockLoginDialog+<>c__DisplayClass4_1::<SendSuccessResult>b__1	CALL	permResult @ X1 (Facebook.Unity.IGraphResult)	[v65 @ X23_v9 (System.Int32)]	1			RUNTIME_DISPATCH		UNRESOLVED	METHOD_POINTER:UNKNOWN_CLASS_SOURCE:CLASS_NOT_AN_INTERFACE_POINTER	[Add]
Facebook.Unity.Editor.Dialogs.MockLoginDialog+<>c__DisplayClass4_1::<SendSuccessResult>b__1	CALL	v904 @ X0_v81	[v908 @ X8_v66 (System.Int32)]	0			RUNTIME_DISPATCH		UNRESOLVED	METHOD_POINTER:UNKNOWN_CLASS_SOURCE:CLASS_NOT_AN_INTERFACE_POINTER	[Add]
Facebook.Unity.Editor.Dialogs.MockLoginDialog+<>c__DisplayClass4_1::<SendSuccessResult>b__1	CALL	permResult @ X1 (Facebook.Unity.IGraphResult)	[v65 @ X23_v9 (System.Int32)]	0			RUNTIME_DISPATCH		UNRESOLVED	METHOD_POINTER:UNKNOWN_CLASS_SOURCE:CLASS_NOT_AN_INTERFACE_POINTER	[Add]
Facebook.Unity.Editor.Dialogs.MockLoginDialog+<>c__DisplayClass4_1::<SendSuccessResult>b__1	CALL	v530 @ X0_v20 (System.Collections.Generic.IDictionary`2<System.String, System.Object>)	[v446 @ X25_v5 (System.Int32)]	5			RUNTIME_DISPATCH		UNRESOLVED	METHOD_POINTER:UNKNOWN_CLASS_SOURCE:CLASS_NOT_AN_INTERFACE_POINTER	[Add]
Facebook.Unity.Editor.Dialogs.MockLoginDialog+<>c__DisplayClass4_1::<SendSuccessResult>b__1	CALL	v530 @ X0_v20 (System.Collections.Generic.IDictionary`2<System.String, System.Object>)	[v446 @ X25_v5 (System.Int32)]	5			RUNTIME_DISPATCH		UNRESOLVED	METHOD_POINTER:UNKNOWN_CLASS_SOURCE:CLASS_NOT_AN_INTERFACE_POINTER	[Add]
Facebook.Unity.Editor.Dialogs.MockLoginDialog+<>c__DisplayClass4_1::<SendSuccessResult>b__1	CALL	v530 @ X0_v20 (System.Collections.Generic.IDictionary`2<System.String, System.Object>)	[v446 @ X25_v5 (System.Int32)]	1			RUNTIME_DISPATCH		UNRESOLVED	METHOD_POINTER:UNKNOWN_CLASS_SOURCE:CLASS_NOT_AN_INTERFACE_POINTER	[Add]
Facebook.Unity.Mobile.IOS.IOSFacebook::CurrentAuthenticationToken	TAIL	v38 @ X19_v2 (Facebook.Unity.Mobile.IOS.IIOSWrapper)	[v41 @ X8_v4 (System.Int32)]	21			RUNTIME_DISPATCH		UNRESOLVED	METHOD_POINTER:UNKNOWN_CLASS_SOURCE:CLASS_NOT_AN_INTERFACE_POINTER	[Add]
Facebook.Unity.Mobile.IOS.IOSFacebook::CurrentProfile	TAIL	v38 @ X19_v2 (Facebook.Unity.Mobile.IOS.IIOSWrapper)	[v41 @ X8_v4 (System.Int32)]	22			RUNTIME_DISPATCH		UNRESOLVED	METHOD_POINTER:UNKNOWN_CLASS_SOURCE:CLASS_NOT_AN_INTERFACE_POINTER	[Add]
Facebook.Unity.Utilities::ParseSubscribableCatalogFromResult	CALL	resultDictionary @ X0 (System.Collections.Generic.IDictionary`2<System.String, System.Object>)	[v72 @ X24_v10 (System.Int32)]	7			RUNTIME_DISPATCH		UNRESOLVED	METHOD_POINTER:UNKNOWN_CLASS_SOURCE:CLASS_NOT_AN_INTERFACE_POINTER	[Add]
Facebook.Unity.Utilities::ParseSubscribableCatalogFromResult	CALL	v58 @ X0_v3 (System.Collections.Generic.IList`1<Facebook.Unity.SubscribableProduct>)	[v93 @ X25_v10 (System.Int32)]	2			RUNTIME_DISPATCH		UNRESOLVED	METHOD_POINTER:UNKNOWN_CLASS_SOURCE:CLASS_NOT_AN_INTERFACE_POINTER	[Add]
Facebook.Unity.Utilities::ParseSubscribableCatalogFromResult	CALL	v313 @ X0_v41	[v319 @ X8_v29 (System.Int32)]	0			RUNTIME_DISPATCH		UNRESOLVED	METHOD_POINTER:UNKNOWN_CLASS_SOURCE:CLASS_NOT_AN_INTERFACE_POINTER	[Add]
Facebook.Unity.Utilities::ParseSubscribableCatalogFromResult	CALL	v765 @ X0_v44	[v180 @ X22_v12 (System.Int32)]	0			RUNTIME_DISPATCH		UNRESOLVED	METHOD_POINTER:UNKNOWN_CLASS_SOURCE:CLASS_NOT_AN_INTERFACE_POINTER	[Add]
Facebook.Unity.Utilities::ParseSubscribableCatalogFromResult	CALL	v765 @ X0_v44	[v293 @ X23_v4 (System.Int32)]	0			RUNTIME_DISPATCH		UNRESOLVED	METHOD_POINTER:UNKNOWN_CLASS_SOURCE:CLASS_NOT_AN_INTERFACE_POINTER	[{Add | [{Add | [DEFINED_3_TIMES] | Add}] | Add}]
Facebook.Unity.Utilities::ParseSubscribableCatalogFromResult	CALL	v593 @ X21_v11	[v601 @ X8_v12 (System.Int32)]	0			RUNTIME_DISPATCH		UNRESOLVED	METHOD_POINTER:UNKNOWN_CLASS_SOURCE:CLASS_NOT_AN_INTERFACE_POINTER	[Add]
Facebook.Unity.Mobile.IOS.IOSFacebook::AppRequest	CALL	v157 @ X24_v2 (Facebook.Unity.Mobile.IOS.IIOSWrapper)	[v416 @ X8_v31 (System.Int32)]	6			RUNTIME_DISPATCH		UNRESOLVED	METHOD_POINTER:UNKNOWN_CLASS_SOURCE:CLASS_NOT_AN_INTERFACE_POINTER	[Add]
Facebook.Unity.Mobile.IOS.IOSFacebook::ShareLink	TAIL	v58 @ X21_v2 (Facebook.Unity.Mobile.IOS.IIOSWrapper)	[v76 @ X8_v4 (System.Int32)]	4			RUNTIME_DISPATCH		UNRESOLVED	METHOD_POINTER:UNKNOWN_CLASS_SOURCE:CLASS_NOT_AN_INTERFACE_POINTER	[Add]
Facebook.Unity.Mobile.IOS.IOSFacebook::FeedShare	TAIL	v122 @ X28_v3 (Facebook.Unity.Mobile.IOS.IIOSWrapper)	[v271 @ X8_v8 (System.Int32)]	5			RUNTIME_DISPATCH		UNRESOLVED	METHOD_POINTER:UNKNOWN_CLASS_SOURCE:CLASS_NOT_AN_INTERFACE_POINTER	[Add]
Facebook.Unity.Mobile.IOS.IOSFacebook::AppEventsLogEvent	CALL	v63 @ X20_v2 (Facebook.Unity.Mobile.IOS.IIOSWrapper)	[v56 @ X24_v2 (System.Int32)]	8			RUNTIME_DISPATCH		UNRESOLVED	METHOD_POINTER:UNKNOWN_CLASS_SOURCE:CLASS_NOT_AN_INTERFACE_POINTER	[Add]
Facebook.Unity.Mobile.IOS.IOSFacebook::AppEventsLogEvent	TAIL	v63 @ X20_v2 (Facebook.Unity.Mobile.IOS.IIOSWrapper)	[v56 @ X24_v2 (System.Int32)]	8			RUNTIME_DISPATCH		UNRESOLVED	METHOD_POINTER:UNKNOWN_CLASS_SOURCE:CLASS_NOT_AN_INTERFACE_POINTER	[Add]
Facebook.Unity.Mobile.IOS.IOSFacebook::AppEventsLogPurchase	TAIL	v56 @ X20_v3 (Facebook.Unity.Mobile.IOS.IIOSWrapper)	[v62 @ X8_v4 (System.Int32)]	9			RUNTIME_DISPATCH		UNRESOLVED	METHOD_POINTER:UNKNOWN_CLASS_SOURCE:CLASS_NOT_AN_INTERFACE_POINTER	[Add]
Facebook.Unity.Mobile.IOS.IOSFacebook::ActivateApp	TAIL	v38 @ X19_v2 (Facebook.Unity.Mobile.IOS.IIOSWrapper)	[v41 @ X8_v4 (System.Int32)]	7			RUNTIME_DISPATCH		UNRESOLVED	METHOD_POINTER:UNKNOWN_CLASS_SOURCE:CLASS_NOT_AN_INTERFACE_POINTER	[Add]
Facebook.Unity.Mobile.IOS.IOSFacebook::GetAppLink	TAIL	v53 @ X19_v3 (Facebook.Unity.Mobile.IOS.IIOSWrapper)	[v144 @ X8_v8 (System.Int32)]	11			RUNTIME_DISPATCH		UNRESOLVED	METHOD_POINTER:UNKNOWN_CLASS_SOURCE:CLASS_NOT_AN_INTERFACE_POINTER	[Add]
Facebook.Unity.Mobile.IOS.IOSFacebook::OpenFriendFinderDialog	TAIL	v53 @ X19_v3 (Facebook.Unity.Mobile.IOS.IIOSWrapper)	[v144 @ X8_v8 (System.Int32)]	14			RUNTIME_DISPATCH		UNRESOLVED	METHOD_POINTER:UNKNOWN_CLASS_SOURCE:CLASS_NOT_AN_INTERFACE_POINTER	[Add]
Facebook.Unity.Mobile.IOS.IOSFacebook::CreateGamingContext	TAIL	v54 @ X20_v3 (Facebook.Unity.Mobile.IOS.IIOSWrapper)	[v147 @ X8_v8 (System.Int32)]	15			RUNTIME_DISPATCH		UNRESOLVED	METHOD_POINTER:UNKNOWN_CLASS_SOURCE:CLASS_NOT_AN_INTERFACE_POINTER	[Add]
Facebook.Unity.Mobile.IOS.IOSFacebook::SwitchGamingContext	TAIL	v54 @ X20_v3 (Facebook.Unity.Mobile.IOS.IIOSWrapper)	[v147 @ X8_v8 (System.Int32)]	16			RUNTIME_DISPATCH		UNRESOLVED	METHOD_POINTER:UNKNOWN_CLASS_SOURCE:CLASS_NOT_AN_INTERFACE_POINTER	[Add]
Facebook.Unity.Canvas.CanvasFacebook+<>c__DisplayClass47_0::<FormatAuthResponse>b__0	CALL	r @ X1 (Facebook.Unity.IGraphResult)	[v66 @ X19_v17 (System.Int32)]	1			RUNTIME_DISPATCH		UNRESOLVED	METHOD_POINTER:UNKNOWN_CLASS_SOURCE:CLASS_NOT_AN_INTERFACE_POINTER	[Add]
Facebook.Unity.Canvas.CanvasFacebook+<>c__DisplayClass47_0::<FormatAuthResponse>b__0	CALL	r @ X1 (Facebook.Unity.IGraphResult)	[v66 @ X19_v17 (System.Int32)]	1			RUNTIME_DISPATCH		UNRESOLVED	METHOD_POINTER:UNKNOWN_CLASS_SOURCE:CLASS_NOT_AN_INTERFACE_POINTER	[Add]
Facebook.Unity.Canvas.CanvasFacebook+<>c__DisplayClass47_0::<FormatAuthResponse>b__0	CALL	v105 @ stack_-70_v12 (System.Object)	[v1034 @ X8_v50 (System.Int32)]	0			RUNTIME_DISPATCH		UNRESOLVED	METHOD_POINTER:UNKNOWN_CLASS_SOURCE:CLASS_NOT_AN_INTERFACE_POINTER	[Add]
Facebook.Unity.Canvas.CanvasFacebook+<>c__DisplayClass47_0::<FormatAuthResponse>b__0	CALL	v1196 @ X21_v21	[v297 @ X22_v19 (System.Int32)]	0			RUNTIME_DISPATCH		UNRESOLVED	METHOD_POINTER:UNKNOWN_CLASS_SOURCE:CLASS_NOT_AN_INTERFACE_POINTER	[Add]
Facebook.Unity.Canvas.CanvasFacebook+<>c__DisplayClass47_0::<FormatAuthResponse>b__0	CALL	v275 @ stack_-78_v13	[v338 @ X24_v16 (System.Int32)]	0			RUNTIME_DISPATCH		UNRESOLVED	METHOD_POINTER:UNKNOWN_CLASS_SOURCE:CLASS_NOT_AN_INTERFACE_POINTER	[Add]
Facebook.Unity.Canvas.CanvasFacebook+<>c__DisplayClass47_0::<FormatAuthResponse>b__0	CALL	v797 @ X0_v59 (Facebook.Unity.IGraphResult)	[v1495 @ X8_v75 (System.Int32)]	2			RUNTIME_DISPATCH		UNRESOLVED	METHOD_POINTER:UNKNOWN_CLASS_SOURCE:CLASS_NOT_AN_INTERFACE_POINTER	[Add]
Facebook.Unity.Canvas.CanvasFacebook+<>c__DisplayClass47_0::<FormatAuthResponse>b__0	CALL	v876 @ X22_v13	[v907 @ X8_v28 (System.Int32)]	0			RUNTIME_DISPATCH		UNRESOLVED	METHOD_POINTER:UNKNOWN_CLASS_SOURCE:CLASS_NOT_AN_INTERFACE_POINTER	[Add]
Facebook.Unity.Canvas.CanvasFacebook+<>c__DisplayClass47_0::<FormatAuthResponse>b__0	CALL	v121 @ X21_v12 (System.Collections.Generic.IDictionary`2<System.String, System.Object>)	[v1187 @ X8_v16 (System.Int32)]	1			RUNTIME_DISPATCH		UNRESOLVED	METHOD_POINTER:UNKNOWN_CLASS_SOURCE:CLASS_NOT_AN_INTERFACE_POINTER	[Add]
Facebook.Unity.Mobile.IOS.IOSFacebook::ChooseGamingContext	TAIL	v113 @ X22_v3 (Facebook.Unity.Mobile.IOS.IIOSWrapper)	[v215 @ X8_v9 (System.Int32)]	18			RUNTIME_DISPATCH		UNRESOLVED	METHOD_POINTER:UNKNOWN_CLASS_SOURCE:CLASS_NOT_AN_INTERFACE_POINTER	[Add]
Facebook.Unity.Mobile.IOS.IOSFacebook::GetCurrentGamingContext	TAIL	v53 @ X19_v3 (Facebook.Unity.Mobile.IOS.IIOSWrapper)	[v144 @ X8_v8 (System.Int32)]	17			RUNTIME_DISPATCH		UNRESOLVED	METHOD_POINTER:UNKNOWN_CLASS_SOURCE:CLASS_NOT_AN_INTERFACE_POINTER	[Add]
Facebook.Unity.Mobile.IOS.IOSFacebook::UploadImageToMediaLibrary	TAIL	v60 @ X21_v3 (Facebook.Unity.Mobile.IOS.IIOSWrapper)	[v172 @ X8_v9 (System.Int32)]	19			RUNTIME_DISPATCH		UNRESOLVED	METHOD_POINTER:UNKNOWN_CLASS_SOURCE:CLASS_NOT_AN_INTERFACE_POINTER	[Add]
Facebook.Unity.Mobile.IOS.IOSFacebook::UploadVideoToMediaLibrary	TAIL	v59 @ X20_v3 (Facebook.Unity.Mobile.IOS.IIOSWrapper)	[v169 @ X8_v9 (System.Int32)]	20			RUNTIME_DISPATCH		UNRESOLVED	METHOD_POINTER:UNKNOWN_CLASS_SOURCE:CLASS_NOT_AN_INTERFACE_POINTER	[Add]
Facebook.Unity.Canvas.CanvasFacebook::get_SDKVersion	TAIL	v38 @ X19_v2 (Facebook.Unity.Canvas.ICanvasJSWrapper)	[v41 @ X8_v4 (System.Int32)]	0			RUNTIME_DISPATCH		UNRESOLVED	METHOD_POINTER:UNKNOWN_CLASS_SOURCE:CLASS_NOT_AN_INTERFACE_POINTER	[Add]
Facebook.Unity.Mobile.Android.AndroidFacebook::get_SDKVersion	TAIL	[v176 @ X0_v3+8]	v51 @ X21_v1	[v51 @ X21_v1+50]			RUNTIME_DISPATCH		UNRESOLVED	METHOD_POINTER:UNKNOWN_CLASS_SOURCE:CLASS_NOT_AN_INTERFACE_POINTER	[Add]
Facebook.Unity.Mobile.Android.AndroidFacebook::Init	CALL	[v289 @ X0_v22+8]	v228 @ X22_v3	[v228 @ X22_v3+50]			RUNTIME_DISPATCH		UNRESOLVED	METHOD_POINTER:UNKNOWN_CLASS_SOURCE:CLASS_NOT_AN_INTERFACE_POINTER	[Add]
Facebook.Unity.Canvas.CanvasFacebook::Init	CALL	v81 @ X23_v2 (Facebook.Unity.Canvas.ICanvasJSWrapper)	[v87 @ X8_v6 (System.Int32)]	9			RUNTIME_DISPATCH		UNRESOLVED	METHOD_POINTER:UNKNOWN_CLASS_SOURCE:CLASS_NOT_AN_INTERFACE_POINTER	[Add]
Facebook.Unity.Canvas.CanvasFacebook::Init	TAIL	v170 @ X20_v5 (Facebook.Unity.Canvas.ICanvasJSWrapper)	[v436 @ X8_v26 (System.Int32)]	2			RUNTIME_DISPATCH		UNRESOLVED	METHOD_POINTER:UNKNOWN_CLASS_SOURCE:CLASS_NOT_AN_INTERFACE_POINTER	[Add]
Facebook.Unity.Canvas.CanvasFacebook::LogInWithPublishPermissions	CALL	v49 @ X22_v2 (Facebook.Unity.Canvas.ICanvasJSWrapper)	[v54 @ X23_v3 (System.Int32)]	1			RUNTIME_DISPATCH		UNRESOLVED	METHOD_POINTER:UNKNOWN_CLASS_SOURCE:CLASS_NOT_AN_INTERFACE_POINTER	[Add]
Facebook.Unity.Canvas.CanvasFacebook::LogInWithPublishPermissions	TAIL	v144 @ X21_v3 (Facebook.Unity.Canvas.ICanvasJSWrapper)	[v54 @ X23_v3 (System.Int32)]	3			RUNTIME_DISPATCH		UNRESOLVED	METHOD_POINTER:UNKNOWN_CLASS_SOURCE:CLASS_NOT_AN_INTERFACE_POINTER	[Add]
Facebook.Unity.Utilities::ParseSubscribableProductFromCatalogResult	CALL	product @ X0 (System.Collections.Generic.IDictionary`2<System.String, System.Object>)	[v233 @ X22_v13 (System.Int32)]	4			RUNTIME_DISPATCH		UNRESOLVED	METHOD_POINTER:UNKNOWN_CLASS_SOURCE:CLASS_NOT_AN_INTERFACE_POINTER	[Add]
Facebook.Unity.Utilities::ParseSubscribableProductFromCatalogResult	CALL	product @ X0 (System.Collections.Generic.IDictionary`2<System.String, System.Object>)	[v68 @ X9_v4 (System.Int32)]	0			RUNTIME_DISPATCH		UNRESOLVED	METHOD_POINTER:UNKNOWN_CLASS_SOURCE:CLASS_NOT_AN_INTERFACE_POINTER	[Add]
Facebook.Unity.Utilities::ParseSubscribableProductFromCatalogResult	CALL	product @ X0 (System.Collections.Generic.IDictionary`2<System.String, System.Object>)	[v435 @ X8_v18 (System.Int32)]	0			RUNTIME_DISPATCH		UNRESOLVED	METHOD_POINTER:UNKNOWN_CLASS_SOURCE:CLASS_NOT_AN_INTERFACE_POINTER	[Add]
Facebook.Unity.Utilities::ParseSubscribableProductFromCatalogResult	CALL	product @ X0 (System.Collections.Generic.IDictionary`2<System.String, System.Object>)	[v564 @ X22_v9 (System.Int32)]	4			RUNTIME_DISPATCH		UNRESOLVED	METHOD_POINTER:UNKNOWN_CLASS_SOURCE:CLASS_NOT_AN_INTERFACE_POINTER	[Add]
Facebook.Unity.Utilities::ParseSubscribableProductFromCatalogResult	CALL	product @ X0 (System.Collections.Generic.IDictionary`2<System.String, System.Object>)	[v564 @ X22_v9 (System.Int32)]	0			RUNTIME_DISPATCH		UNRESOLVED	METHOD_POINTER:UNKNOWN_CLASS_SOURCE:CLASS_NOT_AN_INTERFACE_POINTER	[Add]
Facebook.Unity.Utilities::ParseSubscribableProductFromCatalogResult	CALL	product @ X0 (System.Collections.Generic.IDictionary`2<System.String, System.Object>)	[v564 @ X22_v9 (System.Int32)]	4			RUNTIME_DISPATCH		UNRESOLVED	METHOD_POINTER:UNKNOWN_CLASS_SOURCE:CLASS_NOT_AN_INTERFACE_POINTER	[Add]
Facebook.Unity.Utilities::ParseSubscribableProductFromCatalogResult	CALL	product @ X0 (System.Collections.Generic.IDictionary`2<System.String, System.Object>)	[v564 @ X22_v9 (System.Int32)]	0			RUNTIME_DISPATCH		UNRESOLVED	METHOD_POINTER:UNKNOWN_CLASS_SOURCE:CLASS_NOT_AN_INTERFACE_POINTER	[Add]
Facebook.Unity.Utilities::ParseSubscribableProductFromCatalogResult	CALL	product @ X0 (System.Collections.Generic.IDictionary`2<System.String, System.Object>)	v1041 @ X1_v37	0			RUNTIME_DISPATCH		UNRESOLVED	METHOD_POINTER:UNKNOWN_CLASS_SOURCE:CLASS_NOT_AN_INTERFACE_POINTER	{[Add] | [Add] | [Add] | {[Add] | [Add] | [Add]}}
Facebook.Unity.Utilities::ParseSubscribableProductFromCatalogResult	CALL	product @ X0 (System.Collections.Generic.IDictionary`2<System.String, System.Object>)	[v233 @ X22_v13 (System.Int32)]	0			RUNTIME_DISPATCH		UNRESOLVED	METHOD_POINTER:UNKNOWN_CLASS_SOURCE:CLASS_NOT_AN_INTERFACE_POINTER	[Add]
Facebook.Unity.Utilities::ParseSubscribableProductFromCatalogResult	CALL	product @ X0 (System.Collections.Generic.IDictionary`2<System.String, System.Object>)	[v233 @ X22_v13 (System.Int32)]	0			RUNTIME_DISPATCH		UNRESOLVED	METHOD_POINTER:UNKNOWN_CLASS_SOURCE:CLASS_NOT_AN_INTERFACE_POINTER	[Add]
Facebook.Unity.Utilities::ParseSubscribableProductFromCatalogResult	CALL	product @ X0 (System.Collections.Generic.IDictionary`2<System.String, System.Object>)	[v1538 @ X8_v50 (System.Int32)]	0			RUNTIME_DISPATCH		UNRESOLVED	METHOD_POINTER:UNKNOWN_CLASS_SOURCE:CLASS_NOT_AN_INTERFACE_POINTER	[Add]
Mono.Security.Cryptography.PKCS8+PrivateKeyInfo::GetBytes	CALL	v97 @ stack_-58_v10	[v145 @ X22_v15 (System.Int32)]	0			RUNTIME_DISPATCH		UNRESOLVED	METHOD_POINTER:UNKNOWN_CLASS_SOURCE:CLASS_NOT_AN_INTERFACE_POINTER	[Add]
Mono.Security.Cryptography.PKCS8+PrivateKeyInfo::GetBytes	CALL	v97 @ stack_-58_v10	[v145 @ X22_v15 (System.Int32)]	1			RUNTIME_DISPATCH		UNRESOLVED	METHOD_POINTER:UNKNOWN_CLASS_SOURCE:CLASS_NOT_AN_INTERFACE_POINTER	[Add]
Mono.Security.Cryptography.PKCS8+PrivateKeyInfo::GetBytes	CALL	v360 @ X0_v30 (System.Byte[])	[v258 @ X23_v5 (Mono.Security.ASN1)]	0			RUNTIME_DISPATCH		UNRESOLVED	METHOD_POINTER:UNKNOWN_CLASS_SOURCE:CLASS_NOT_AN_INTERFACE_POINTER	[{Add | {{Add | DEFINED_3_TIMES} | self | {Add | DEFINED_3_TIMES}}}]
Facebook.Unity.Canvas.CanvasFacebook::LogInWithReadPermissions	CALL	v49 @ X22_v2 (Facebook.Unity.Canvas.ICanvasJSWrapper)	[v54 @ X23_v3 (System.Int32)]	1			RUNTIME_DISPATCH		UNRESOLVED	METHOD_POINTER:UNKNOWN_CLASS_SOURCE:CLASS_NOT_AN_INTERFACE_POINTER	[Add]
Facebook.Unity.Canvas.CanvasFacebook::LogInWithReadPermissions	TAIL	v144 @ X21_v3 (Facebook.Unity.Canvas.ICanvasJSWrapper)	[v54 @ X23_v3 (System.Int32)]	3			RUNTIME_DISPATCH		UNRESOLVED	METHOD_POINTER:UNKNOWN_CLASS_SOURCE:CLASS_NOT_AN_INTERFACE_POINTER	[Add]
Facebook.Unity.Canvas.CanvasFacebook::LogOut	TAIL	v40 @ X19_v2 (Facebook.Unity.Canvas.ICanvasJSWrapper)	[v43 @ X8_v4 (System.Int32)]	4			RUNTIME_DISPATCH		UNRESOLVED	METHOD_POINTER:UNKNOWN_CLASS_SOURCE:CLASS_NOT_AN_INTERFACE_POINTER	[Add]
Mono.Security.X509.PKCS12::Pkcs8ShroudedKeyBagSafeBag	CALL	v942 @ X2_v37 (System.Collections.IDictionary)	[v607 @ X19_v18 (System.Int32)]	8			RUNTIME_DISPATCH		UNRESOLVED	METHOD_POINTER:UNKNOWN_CLASS_SOURCE:CLASS_NOT_AN_INTERFACE_POINTER	[Add]
Mono.Security.X509.PKCS12::Pkcs8ShroudedKeyBagSafeBag	CALL	v1544 @ X0_v86	[v325 @ X26_v15 (System.Int32)]	0			RUNTIME_DISPATCH		UNRESOLVED	METHOD_POINTER:UNKNOWN_CLASS_SOURCE:CLASS_NOT_AN_INTERFACE_POINTER	[Add]
Mono.Security.X509.PKCS12::Pkcs8ShroudedKeyBagSafeBag	CALL	v1544 @ X0_v86	[v598 @ X22_v19 (System.Int32)]	0			RUNTIME_DISPATCH		UNRESOLVED	METHOD_POINTER:UNKNOWN_CLASS_SOURCE:CLASS_NOT_AN_INTERFACE_POINTER	[{Add | Add}]
Mono.Security.X509.PKCS12::Pkcs8ShroudedKeyBagSafeBag	CALL	v1544 @ X0_v86	[v598 @ X22_v19 (System.Int32)]	1			RUNTIME_DISPATCH		UNRESOLVED	METHOD_POINTER:UNKNOWN_CLASS_SOURCE:CLASS_NOT_AN_INTERFACE_POINTER	[{Add | Add}]
Mono.Security.X509.PKCS12::Pkcs8ShroudedKeyBagSafeBag	CALL	v1544 @ X0_v86	[v598 @ X22_v19 (System.Int32)]	1			RUNTIME_DISPATCH		UNRESOLVED	METHOD_POINTER:UNKNOWN_CLASS_SOURCE:CLASS_NOT_AN_INTERFACE_POINTER	[{Add | Add}]
Mono.Security.X509.PKCS12::Pkcs8ShroudedKeyBagSafeBag	CALL	v2045 @ X0_v240	[v325 @ X26_v15 (System.Int32)]	0			RUNTIME_DISPATCH		UNRESOLVED	METHOD_POINTER:UNKNOWN_CLASS_SOURCE:CLASS_NOT_AN_INTERFACE_POINTER	[Add]
Mono.Security.X509.PKCS12::Pkcs8ShroudedKeyBagSafeBag	CALL	v2045 @ X0_v240	[v325 @ X26_v15 (System.Int32)]	1			RUNTIME_DISPATCH		UNRESOLVED	METHOD_POINTER:UNKNOWN_CLASS_SOURCE:CLASS_NOT_AN_INTERFACE_POINTER	[Add]
Mono.Security.X509.PKCS12::Pkcs8ShroudedKeyBagSafeBag	CALL	v2219 @ X0_v247	[v2285 @ X8_v149 (System.Int32)]	0			RUNTIME_DISPATCH		UNRESOLVED	METHOD_POINTER:UNKNOWN_CLASS_SOURCE:CLASS_NOT_AN_INTERFACE_POINTER	[Add]
Mono.Security.X509.PKCS12::Pkcs8ShroudedKeyBagSafeBag	CALL	v2082 @ X0_v154	[v325 @ X26_v15 (System.Int32)]	0			RUNTIME_DISPATCH		UNRESOLVED	METHOD_POINTER:UNKNOWN_CLASS_SOURCE:CLASS_NOT_AN_INTERFACE_POINTER	[Add]
Mono.Security.X509.PKCS12::Pkcs8ShroudedKeyBagSafeBag	CALL	v2082 @ X0_v154	[v325 @ X26_v15 (System.Int32)]	1			RUNTIME_DISPATCH		UNRESOLVED	METHOD_POINTER:UNKNOWN_CLASS_SOURCE:CLASS_NOT_AN_INTERFACE_POINTER	[Add]
Mono.Security.X509.PKCS12::Pkcs8ShroudedKeyBagSafeBag	CALL	v2317 @ X0_v161	[v2457 @ X8_v96 (System.Int32)]	0			RUNTIME_DISPATCH		UNRESOLVED	METHOD_POINTER:UNKNOWN_CLASS_SOURCE:CLASS_NOT_AN_INTERFACE_POINTER	[Add]
Facebook.Unity.Canvas.CanvasFacebook::ActivateApp	TAIL	v38 @ X19_v2 (Facebook.Unity.Canvas.ICanvasJSWrapper)	[v41 @ X8_v4 (System.Int32)]	5			RUNTIME_DISPATCH		UNRESOLVED	METHOD_POINTER:UNKNOWN_CLASS_SOURCE:CLASS_NOT_AN_INTERFACE_POINTER	[Add]
Facebook.Unity.Utilities::ParsePurchasesFromResult	CALL	resultDictionary @ X0 (System.Collections.Generic.IDictionary`2<System.String, System.Object>)	[v423 @ X22_v5 (System.Int32)]	7			RUNTIME_DISPATCH		UNRESOLVED	METHOD_POINTER:UNKNOWN_CLASS_SOURCE:CLASS_NOT_AN_INTERFACE_POINTER	[Add]
Facebook.Unity.Utilities::ParsePurchasesFromResult	CALL	v56 @ X0_v3 (System.Collections.Generic.IList`1<Facebook.Unity.Purchase>)	[v613 @ X24_v12 (System.Int32)]	2			RUNTIME_DISPATCH		UNRESOLVED	METHOD_POINTER:UNKNOWN_CLASS_SOURCE:CLASS_NOT_AN_INTERFACE_POINTER	[Add]
Facebook.Unity.Canvas.CanvasFacebook::AppEventsLogEvent	TAIL	v200 @ X21_v2 (Facebook.Unity.Canvas.ICanvasJSWrapper)	[v84 @ X8_v11 (System.Int32)]	6			RUNTIME_DISPATCH		UNRESOLVED	METHOD_POINTER:UNKNOWN_CLASS_SOURCE:CLASS_NOT_AN_INTERFACE_POINTER	[Add]
Mono.Security.Authenticode.AuthenticodeDeformatter::VerifySignature	CALL	v91 @ stack_-68_v13	[v488 @ X19_v21 (System.Int32)]	0			RUNTIME_DISPATCH		UNRESOLVED	METHOD_POINTER:UNKNOWN_CLASS_SOURCE:CLASS_NOT_AN_INTERFACE_POINTER	[Add]
Mono.Security.Authenticode.AuthenticodeDeformatter::VerifySignature	CALL	v91 @ stack_-68_v13	[v488 @ X19_v21 (System.Int32)]	1			RUNTIME_DISPATCH		UNRESOLVED	METHOD_POINTER:UNKNOWN_CLASS_SOURCE:CLASS_NOT_AN_INTERFACE_POINTER	[Add]
Mono.Security.Authenticode.AuthenticodeDeformatter::VerifySignature	CALL	v1288 @ X0_v83	[v116 @ X26_v14 (System.Int32)]	0			RUNTIME_DISPATCH		UNRESOLVED	METHOD_POINTER:UNKNOWN_CLASS_SOURCE:CLASS_NOT_AN_INTERFACE_POINTER	[Add]
Mono.Security.Authenticode.AuthenticodeDeformatter::VerifySignature	CALL	v995 @ X0_v5	[v270 @ X25_v4 (System.Int32)]	0			RUNTIME_DISPATCH		UNRESOLVED	METHOD_POINTER:UNKNOWN_CLASS_SOURCE:CLASS_NOT_AN_INTERFACE_POINTER	[{Add | Add}]
Facebook.Unity.Utilities::ParsePurchaseFromResult	CALL	resultDictionary @ X0 (System.Collections.Generic.IDictionary`2<System.String, System.Object>)	[v49 @ X21_v3 (System.Int32)]	7			RUNTIME_DISPATCH		UNRESOLVED	METHOD_POINTER:UNKNOWN_CLASS_SOURCE:CLASS_NOT_AN_INTERFACE_POINTER	[Add]
Facebook.Unity.Canvas.CanvasFacebook::AppEventsLogPurchase	TAIL	v204 @ X20_v2 (Facebook.Unity.Canvas.ICanvasJSWrapper)	[v88 @ X8_v11 (System.Int32)]	7			RUNTIME_DISPATCH		UNRESOLVED	METHOD_POINTER:UNKNOWN_CLASS_SOURCE:CLASS_NOT_AN_INTERFACE_POINTER	[Add]
Facebook.Unity.Utilities::ParseSubscriptionsFromResult	CALL	resultDictionary @ X0 (System.Collections.Generic.IDictionary`2<System.String, System.Object>)	[v423 @ X22_v5 (System.Int32)]	7			RUNTIME_DISPATCH		UNRESOLVED	METHOD_POINTER:UNKNOWN_CLASS_SOURCE:CLASS_NOT_AN_INTERFACE_POINTER	[Add]
Facebook.Unity.Utilities::ParseSubscriptionsFromResult	CALL	v56 @ X0_v3 (System.Collections.Generic.IList`1<Facebook.Unity.Subscription>)	[v613 @ X24_v12 (System.Int32)]	2			RUNTIME_DISPATCH		UNRESOLVED	METHOD_POINTER:UNKNOWN_CLASS_SOURCE:CLASS_NOT_AN_INTERFACE_POINTER	[Add]
Facebook.Unity.Utilities::ParseSubscriptionFromResult	CALL	resultDictionary @ X0 (System.Collections.Generic.IDictionary`2<System.String, System.Object>)	[v49 @ X21_v3 (System.Int32)]	7			RUNTIME_DISPATCH		UNRESOLVED	METHOD_POINTER:UNKNOWN_CLASS_SOURCE:CLASS_NOT_AN_INTERFACE_POINTER	[Add]
Mono.Security.Authenticode.AuthenticodeDeformatter::VerifyCounterSignature	CALL	v1327 @ X0_v51 (System.Collections.IEnumerator)	[v650 @ X19_v15 (System.Int32)]	0			RUNTIME_DISPATCH		UNRESOLVED	METHOD_POINTER:UNKNOWN_CLASS_SOURCE:CLASS_NOT_AN_INTERFACE_POINTER	[Add]
Mono.Security.Authenticode.AuthenticodeDeformatter::VerifyCounterSignature	CALL	v1327 @ X0_v51 (System.Collections.IEnumerator)	[v650 @ X19_v15 (System.Int32)]	1			RUNTIME_DISPATCH		UNRESOLVED	METHOD_POINTER:UNKNOWN_CLASS_SOURCE:CLASS_NOT_AN_INTERFACE_POINTER	[Add]
Mono.Security.Authenticode.AuthenticodeDeformatter::VerifyCounterSignature	CALL	v1411 @ X0_v58	[v1465 @ X8_v56 (System.Int32)]	0			RUNTIME_DISPATCH		UNRESOLVED	METHOD_POINTER:UNKNOWN_CLASS_SOURCE:CLASS_NOT_AN_INTERFACE_POINTER	[Add]
Mono.Security.Authenticode.AuthenticodeDeformatter::VerifyCounterSignature	CALL	v1172 @ X0_v5	[v397 @ X22_v5 (System.Int32)]	0			RUNTIME_DISPATCH		UNRESOLVED	METHOD_POINTER:UNKNOWN_CLASS_SOURCE:CLASS_NOT_AN_INTERFACE_POINTER	[{Add | Add}]
Facebook.Unity.Canvas.CanvasFacebook::FormatAuthResponse	CALL	v311 @ X22_v17	[v640 @ X25_v8 (System.Int32)]	6			RUNTIME_DISPATCH		UNRESOLVED	METHOD_POINTER:UNKNOWN_CLASS_SOURCE:CLASS_NOT_AN_INTERFACE_POINTER	[{Add | {{Add | DEFINED_3_TIMES | DEFINED_3_TIMES | self} | {Add | DEFINED_3_TIMES | DEFINED_3_TIMES | self} | {Add | DEFINED_3_TIMES | DEFINED_3_TIMES | self}} | {{Add | DEFINED_3_TIMES | DEFINED_3_TIMES | self} | {Add | DEFINED_3_TIMES | DEFINED_3_TIMES | self} | {Add | DEFINED_3_TIMES | DEFINED_3_TIMES | self}} | self}]
Facebook.Unity.Canvas.CanvasFacebook::FormatAuthResponse	CALL	[v289 @ X8_v78 (Il2CppClass<Facebook.Unity.ResultContainer>)+18]	[v640 @ X25_v8 (System.Int32)]	1			RUNTIME_DISPATCH		UNRESOLVED	METHOD_POINTER:UNKNOWN_CLASS_SOURCE:CLASS_NOT_AN_INTERFACE_POINTER	[{Add | {{Add | DEFINED_3_TIMES | DEFINED_3_TIMES | self} | {Add | DEFINED_3_TIMES | DEFINED_3_TIMES | self} | {Add | DEFINED_3_TIMES | DEFINED_3_TIMES | self}} | {{Add | DEFINED_3_TIMES | DEFINED_3_TIMES | self} | {Add | DEFINED_3_TIMES | DEFINED_3_TIMES | self} | {Add | DEFINED_3_TIMES | DEFINED_3_TIMES | self}} | self}]
Facebook.Unity.Canvas.CanvasFacebook::FormatAuthResponse	CALL	v315 @ X22_v11	[v640 @ X25_v8 (System.Int32)]	4			RUNTIME_DISPATCH		UNRESOLVED	METHOD_POINTER:UNKNOWN_CLASS_SOURCE:CLASS_NOT_AN_INTERFACE_POINTER	[{Add | {{Add | DEFINED_3_TIMES | DEFINED_3_TIMES | self} | {Add | DEFINED_3_TIMES | DEFINED_3_TIMES | self} | {Add | DEFINED_3_TIMES | DEFINED_3_TIMES | self}} | {{Add | DEFINED_3_TIMES | DEFINED_3_TIMES | self} | {Add | DEFINED_3_TIMES | DEFINED_3_TIMES | self} | {Add | DEFINED_3_TIMES | DEFINED_3_TIMES | self}} | self}]
Facebook.Unity.Canvas.CanvasFacebook::FormatAuthResponse	CALL	v317 @ X22_v13	[v640 @ X25_v8 (System.Int32)]	4			RUNTIME_DISPATCH		UNRESOLVED	METHOD_POINTER:UNKNOWN_CLASS_SOURCE:CLASS_NOT_AN_INTERFACE_POINTER	[{Add | {{Add | DEFINED_3_TIMES | DEFINED_3_TIMES | self} | {Add | DEFINED_3_TIMES | DEFINED_3_TIMES | self} | {Add | DEFINED_3_TIMES | DEFINED_3_TIMES | self}} | {{Add | DEFINED_3_TIMES | DEFINED_3_TIMES | self} | {Add | DEFINED_3_TIMES | DEFINED_3_TIMES | self} | {Add | DEFINED_3_TIMES | DEFINED_3_TIMES | self}} | self}]
Facebook.Unity.Canvas.CanvasFacebook::FormatAuthResponse	CALL	v826 @ X22_v18 (System.Object)	[v828 @ X8_v72 (System.Int32)]	0			RUNTIME_DISPATCH		UNRESOLVED	METHOD_POINTER:UNKNOWN_CLASS_SOURCE:CLASS_NOT_AN_INTERFACE_POINTER	[Add]
Facebook.Unity.Canvas.CanvasFacebook::FormatAuthResponse	CALL	v1039 @ X0_v87	[v111 @ X26_v11 (System.Int32)]	0			RUNTIME_DISPATCH		UNRESOLVED	METHOD_POINTER:UNKNOWN_CLASS_SOURCE:CLASS_NOT_AN_INTERFACE_POINTER	[Add]
Facebook.Unity.Canvas.CanvasFacebook::FormatAuthResponse	CALL	v1039 @ X0_v87	[v108 @ X27_v11 (System.Int32)]	0			RUNTIME_DISPATCH		UNRESOLVED	METHOD_POINTER:UNKNOWN_CLASS_SOURCE:CLASS_NOT_AN_INTERFACE_POINTER	[Add]
Facebook.Unity.Canvas.CanvasFacebook::FormatAuthResponse	CALL	v641 @ X23_v14	[v656 @ X8_v60 (System.Int32)]	0			RUNTIME_DISPATCH		UNRESOLVED	METHOD_POINTER:UNKNOWN_CLASS_SOURCE:CLASS_NOT_AN_INTERFACE_POINTER	[Add]
Facebook.Unity.Canvas.CanvasFacebook::FormatAuthResponse	CALL	v438 @ X20_v4 (System.Int32)	[v640 @ X25_v8 (System.Int32)]	0			RUNTIME_DISPATCH		UNRESOLVED	METHOD_POINTER:UNKNOWN_CLASS_SOURCE:CLASS_NOT_AN_INTERFACE_POINTER	[{Add | {{Add | DEFINED_3_TIMES | DEFINED_3_TIMES | self} | {Add | DEFINED_3_TIMES | DEFINED_3_TIMES | self} | {Add | DEFINED_3_TIMES | DEFINED_3_TIMES | self}} | {{Add | DEFINED_3_TIMES | DEFINED_3_TIMES | self} | {Add | DEFINED_3_TIMES | DEFINED_3_TIMES | self} | {Add | DEFINED_3_TIMES | DEFINED_3_TIMES | self}} | self}]
Mono.Security.X509.PKCS12::get_Keys	CALL	v559 @ X21_v12 (System.Collections.IEnumerator)	[v449 @ X25_v10 (System.Int32)]	0			RUNTIME_DISPATCH		UNRESOLVED	METHOD_POINTER:UNKNOWN_CLASS_SOURCE:CLASS_NOT_AN_INTERFACE_POINTER	[Add]
Mono.Security.X509.PKCS12::get_Keys	CALL	v255 @ stack_-70_v8 (System.Collections.IEnumerator)	[v449 @ X25_v10 (System.Int32)]	1			RUNTIME_DISPATCH		UNRESOLVED	METHOD_POINTER:UNKNOWN_CLASS_SOURCE:CLASS_NOT_AN_INTERFACE_POINTER	[Add]
Mono.Security.X509.PKCS12::get_Keys	CALL	returnVal1 @ X0_v5 (System.Collections.ArrayList)	[v82 @ X24_v6 (System.Int32)]	0			RUNTIME_DISPATCH		UNRESOLVED	METHOD_POINTER:UNKNOWN_CLASS_SOURCE:CLASS_NOT_AN_INTERFACE_POINTER	[Add]
Facebook.Unity.Canvas.CanvasFacebookGameObject::OnPayComplete	TAIL	v114 @ X19_v2 (Facebook.Unity.Canvas.CanvasFacebookGameObject)	[v125 @ X8_v6 (System.Int32)]	0			RUNTIME_DISPATCH		UNRESOLVED	METHOD_POINTER:UNKNOWN_CLASS_SOURCE:CLASS_NOT_AN_INTERFACE_POINTER	[Add]
Facebook.Unity.Canvas.CanvasFacebookGameObject::OnFacebookAuthResponseChange	TAIL	v114 @ X19_v2 (Facebook.Unity.Canvas.CanvasFacebookGameObject)	[v125 @ X8_v6 (System.Int32)]	1			RUNTIME_DISPATCH		UNRESOLVED	METHOD_POINTER:UNKNOWN_CLASS_SOURCE:CLASS_NOT_AN_INTERFACE_POINTER	[Add]
Facebook.Unity.Canvas.CanvasFacebookGameObject::OnUrlResponse	TAIL	v74 @ X0_v16 (Facebook.Unity.Canvas.CanvasFacebookGameObject)	[v135 @ X8_v14 (System.Int32)]	2			RUNTIME_DISPATCH		UNRESOLVED	METHOD_POINTER:UNKNOWN_CLASS_SOURCE:CLASS_NOT_AN_INTERFACE_POINTER	[Add]
Facebook.Unity.Canvas.CanvasFacebookGameObject::OnHideUnity	TAIL	v74 @ X0_v16 (Facebook.Unity.Canvas.CanvasFacebookGameObject)	[v135 @ X8_v14 (System.Int32)]	3			RUNTIME_DISPATCH		UNRESOLVED	METHOD_POINTER:UNKNOWN_CLASS_SOURCE:CLASS_NOT_AN_INTERFACE_POINTER	[Add]
Mono.Security.X509.PKCS12::get_Certificates	CALL	v454 @ X22_v11 (System.Collections.IEnumerator)	[v376 @ X26_v10 (System.Int32)]	0			RUNTIME_DISPATCH		UNRESOLVED	METHOD_POINTER:UNKNOWN_CLASS_SOURCE:CLASS_NOT_AN_INTERFACE_POINTER	[Add]
Mono.Security.X509.PKCS12::get_Certificates	CALL	v201 @ stack_-68_v8 (System.Collections.IEnumerator)	[v376 @ X26_v10 (System.Int32)]	1			RUNTIME_DISPATCH		UNRESOLVED	METHOD_POINTER:UNKNOWN_CLASS_SOURCE:CLASS_NOT_AN_INTERFACE_POINTER	[Add]
Mono.Security.X509.PKCS12::get_Certificates	CALL	returnVal1 @ X0_v4 (Mono.Security.X509.X509CertificateCollection)	[v70 @ X23_v6 (System.Int32)]	0			RUNTIME_DISPATCH		UNRESOLVED	METHOD_POINTER:UNKNOWN_CLASS_SOURCE:CLASS_NOT_AN_INTERFACE_POINTER	[Add]
EarClipTriangulator::Triangulate	CALL	poly @ X0 (System.Collections.Generic.IList`1<UnityEngine.Vector2>)	[v74 @ X8_v5 (System.Int32)]	0			RUNTIME_DISPATCH		UNRESOLVED	METHOD_POINTER:UNKNOWN_CLASS_SOURCE:CLASS_NOT_AN_INTERFACE_POINTER	[Add]
Mono.Security.X509.PKCS12::CertificateSafeBag	CALL	v273 @ X2_v5 (System.Collections.IDictionary)	[v417 @ X20_v18 (System.Int32)]	8			RUNTIME_DISPATCH		UNRESOLVED	METHOD_POINTER:UNKNOWN_CLASS_SOURCE:CLASS_NOT_AN_INTERFACE_POINTER	[Add]
Mono.Security.X509.PKCS12::CertificateSafeBag	CALL	v1290 @ X0_v71	[v123 @ X26_v9 (System.Int32)]	0			RUNTIME_DISPATCH		UNRESOLVED	METHOD_POINTER:UNKNOWN_CLASS_SOURCE:CLASS_NOT_AN_INTERFACE_POINTER	[Add]
Mono.Security.X509.PKCS12::CertificateSafeBag	CALL	v1290 @ X0_v71	[v292 @ X22_v15 (System.Int32)]	0			RUNTIME_DISPATCH		UNRESOLVED	METHOD_POINTER:UNKNOWN_CLASS_SOURCE:CLASS_NOT_AN_INTERFACE_POINTER	[{Add | Add}]
Mono.Security.X509.PKCS12::CertificateSafeBag	CALL	v1290 @ X0_v71	[v292 @ X22_v15 (System.Int32)]	1			RUNTIME_DISPATCH		UNRESOLVED	METHOD_POINTER:UNKNOWN_CLASS_SOURCE:CLASS_NOT_AN_INTERFACE_POINTER	[{Add | Add}]
Mono.Security.X509.PKCS12::CertificateSafeBag	CALL	v1290 @ X0_v71	[v292 @ X22_v15 (System.Int32)]	1			RUNTIME_DISPATCH		UNRESOLVED	METHOD_POINTER:UNKNOWN_CLASS_SOURCE:CLASS_NOT_AN_INTERFACE_POINTER	[{Add | Add}]
Mono.Security.X509.PKCS12::CertificateSafeBag	CALL	v1791 @ X0_v225	[v123 @ X26_v9 (System.Int32)]	0			RUNTIME_DISPATCH		UNRESOLVED	METHOD_POINTER:UNKNOWN_CLASS_SOURCE:CLASS_NOT_AN_INTERFACE_POINTER	[Add]
Mono.Security.X509.PKCS12::CertificateSafeBag	CALL	v1791 @ X0_v225	[v123 @ X26_v9 (System.Int32)]	1			RUNTIME_DISPATCH		UNRESOLVED	METHOD_POINTER:UNKNOWN_CLASS_SOURCE:CLASS_NOT_AN_INTERFACE_POINTER	[Add]
Mono.Security.X509.PKCS12::CertificateSafeBag	CALL	v1965 @ X0_v232	[v2031 @ X8_v159 (System.Int32)]	0			RUNTIME_DISPATCH		UNRESOLVED	METHOD_POINTER:UNKNOWN_CLASS_SOURCE:CLASS_NOT_AN_INTERFACE_POINTER	[Add]
Mono.Security.X509.PKCS12::CertificateSafeBag	CALL	v1828 @ X0_v139	[v123 @ X26_v9 (System.Int32)]	0			RUNTIME_DISPATCH		UNRESOLVED	METHOD_POINTER:UNKNOWN_CLASS_SOURCE:CLASS_NOT_AN_INTERFACE_POINTER	[Add]
Mono.Security.X509.PKCS12::CertificateSafeBag	CALL	v1828 @ X0_v139	[v123 @ X26_v9 (System.Int32)]	1			RUNTIME_DISPATCH		UNRESOLVED	METHOD_POINTER:UNKNOWN_CLASS_SOURCE:CLASS_NOT_AN_INTERFACE_POINTER	[Add]
Mono.Security.X509.PKCS12::CertificateSafeBag	CALL	v2063 @ X0_v146	[v2203 @ X8_v106 (System.Int32)]	0			RUNTIME_DISPATCH		UNRESOLVED	METHOD_POINTER:UNKNOWN_CLASS_SOURCE:CLASS_NOT_AN_INTERFACE_POINTER	[Add]
EarClipTriangulator::Area	CALL	poly @ X0 (System.Collections.Generic.IList`1<UnityEngine.Vector2>)	[v59 @ X8_v4 (System.Int32)]	0			RUNTIME_DISPATCH		UNRESOLVED	METHOD_POINTER:UNKNOWN_CLASS_SOURCE:CLASS_NOT_AN_INTERFACE_POINTER	[Add]
EarClipTriangulator::Area	CALL	poly @ X0 (System.Collections.Generic.IList`1<UnityEngine.Vector2>)	[v249 @ X23_v4 (System.Int32)]	0			RUNTIME_DISPATCH		UNRESOLVED	METHOD_POINTER:UNKNOWN_CLASS_SOURCE:CLASS_NOT_AN_INTERFACE_POINTER	[Add]
EarClipTriangulator::Area	CALL	poly @ X0 (System.Collections.Generic.IList`1<UnityEngine.Vector2>)	[v249 @ X23_v4 (System.Int32)]	0			RUNTIME_DISPATCH		UNRESOLVED	METHOD_POINTER:UNKNOWN_CLASS_SOURCE:CLASS_NOT_AN_INTERFACE_POINTER	[Add]
Mono.Security.X509.PKCS12::Decrypt	CALL	v65 @ X0_v21 (System.Security.Cryptography.ICryptoTransform)	[v135 @ X8_v11 (System.Int32)]	4			RUNTIME_DISPATCH		UNRESOLVED	METHOD_POINTER:UNKNOWN_CLASS_SOURCE:CLASS_NOT_AN_INTERFACE_POINTER	[Add]
EarClipTriangulator::Snip	CALL	poly @ X0 (System.Collections.Generic.IList`1<UnityEngine.Vector2>)	[v97 @ X28_v2 (System.Int32)]	0			RUNTIME_DISPATCH		UNRESOLVED	METHOD_POINTER:UNKNOWN_CLASS_SOURCE:CLASS_NOT_AN_INTERFACE_POINTER	[Add]
EarClipTriangulator::Snip	CALL	poly @ X0 (System.Collections.Generic.IList`1<UnityEngine.Vector2>)	[v97 @ X28_v2 (System.Int32)]	0			RUNTIME_DISPATCH		UNRESOLVED	METHOD_POINTER:UNKNOWN_CLASS_SOURCE:CLASS_NOT_AN_INTERFACE_POINTER	[Add]
EarClipTriangulator::Snip	CALL	poly @ X0 (System.Collections.Generic.IList`1<UnityEngine.Vector2>)	[v97 @ X28_v2 (System.Int32)]	0			RUNTIME_DISPATCH		UNRESOLVED	METHOD_POINTER:UNKNOWN_CLASS_SOURCE:CLASS_NOT_AN_INTERFACE_POINTER	[Add]
EarClipTriangulator::Snip	CALL	poly @ X0 (System.Collections.Generic.IList`1<UnityEngine.Vector2>)	[v97 @ X28_v2 (System.Int32)]	0			RUNTIME_DISPATCH		UNRESOLVED	METHOD_POINTER:UNKNOWN_CLASS_SOURCE:CLASS_NOT_AN_INTERFACE_POINTER	[Add]
Facebook.Unity.Utilities::ParsePurchaseFromDictionary	CALL	purchase @ X0 (System.Collections.Generic.IDictionary`2<System.String, System.Object>)	[v163 @ X28_v3 (System.Int32)]	4			RUNTIME_DISPATCH		UNRESOLVED	METHOD_POINTER:UNKNOWN_CLASS_SOURCE:CLASS_NOT_AN_INTERFACE_POINTER	[Add]
Facebook.Unity.Utilities::ParsePurchaseFromDictionary	CALL	purchase @ X0 (System.Collections.Generic.IDictionary`2<System.String, System.Object>)	[v163 @ X28_v3 (System.Int32)]	0			RUNTIME_DISPATCH		UNRESOLVED	METHOD_POINTER:UNKNOWN_CLASS_SOURCE:CLASS_NOT_AN_INTERFACE_POINTER	[Add]
Facebook.Unity.Utilities::ParsePurchaseFromDictionary	CALL	purchase @ X0 (System.Collections.Generic.IDictionary`2<System.String, System.Object>)	[v163 @ X28_v3 (System.Int32)]	4			RUNTIME_DISPATCH		UNRESOLVED	METHOD_POINTER:UNKNOWN_CLASS_SOURCE:CLASS_NOT_AN_INTERFACE_POINTER	[Add]
Facebook.Unity.Utilities::ParsePurchaseFromDictionary	CALL	purchase @ X0 (System.Collections.Generic.IDictionary`2<System.String, System.Object>)	[v163 @ X28_v3 (System.Int32)]	0			RUNTIME_DISPATCH		UNRESOLVED	METHOD_POINTER:UNKNOWN_CLASS_SOURCE:CLASS_NOT_AN_INTERFACE_POINTER	[Add]
Facebook.Unity.Utilities::ParsePurchaseFromDictionary	CALL	purchase @ X0 (System.Collections.Generic.IDictionary`2<System.String, System.Object>)	[v163 @ X28_v3 (System.Int32)]	4			RUNTIME_DISPATCH		UNRESOLVED	METHOD_POINTER:UNKNOWN_CLASS_SOURCE:CLASS_NOT_AN_INTERFACE_POINTER	[Add]
Facebook.Unity.Utilities::ParsePurchaseFromDictionary	CALL	purchase @ X0 (System.Collections.Generic.IDictionary`2<System.String, System.Object>)	[v163 @ X28_v3 (System.Int32)]	0			RUNTIME_DISPATCH		UNRESOLVED	METHOD_POINTER:UNKNOWN_CLASS_SOURCE:CLASS_NOT_AN_INTERFACE_POINTER	[Add]
Facebook.Unity.Utilities::ParsePurchaseFromDictionary	CALL	purchase @ X0 (System.Collections.Generic.IDictionary`2<System.String, System.Object>)	[v163 @ X28_v3 (System.Int32)]	0			RUNTIME_DISPATCH		UNRESOLVED	METHOD_POINTER:UNKNOWN_CLASS_SOURCE:CLASS_NOT_AN_INTERFACE_POINTER	[Add]
Facebook.Unity.Utilities::ParsePurchaseFromDictionary	CALL	purchase @ X0 (System.Collections.Generic.IDictionary`2<System.String, System.Object>)	[v163 @ X28_v3 (System.Int32)]	0			RUNTIME_DISPATCH		UNRESOLVED	METHOD_POINTER:UNKNOWN_CLASS_SOURCE:CLASS_NOT_AN_INTERFACE_POINTER	[Add]
Facebook.Unity.Utilities::ParsePurchaseFromDictionary	CALL	purchase @ X0 (System.Collections.Generic.IDictionary`2<System.String, System.Object>)	[v163 @ X28_v3 (System.Int32)]	4			RUNTIME_DISPATCH		UNRESOLVED	METHOD_POINTER:UNKNOWN_CLASS_SOURCE:CLASS_NOT_AN_INTERFACE_POINTER	[Add]
Facebook.Unity.Utilities::ParsePurchaseFromDictionary	CALL	purchase @ X0 (System.Collections.Generic.IDictionary`2<System.String, System.Object>)	[v163 @ X28_v3 (System.Int32)]	4			RUNTIME_DISPATCH		UNRESOLVED	METHOD_POINTER:UNKNOWN_CLASS_SOURCE:CLASS_NOT_AN_INTERFACE_POINTER	[Add]
Facebook.Unity.Utilities::ParsePurchaseFromDictionary	CALL	v1577 @ X25_v7 (System.Collections.Generic.IDictionary`2<System.String, System.Object>)	[v163 @ X28_v3 (System.Int32)]	5			RUNTIME_DISPATCH		UNRESOLVED	METHOD_POINTER:UNKNOWN_CLASS_SOURCE:CLASS_NOT_AN_INTERFACE_POINTER	[Add]
Facebook.Unity.Utilities::ParsePurchaseFromDictionary	CALL	v1577 @ X25_v7 (System.Collections.Generic.IDictionary`2<System.String, System.Object>)	[v163 @ X28_v3 (System.Int32)]	5			RUNTIME_DISPATCH		UNRESOLVED	METHOD_POINTER:UNKNOWN_CLASS_SOURCE:CLASS_NOT_AN_INTERFACE_POINTER	[Add]
Facebook.Unity.Utilities::ParsePurchaseFromDictionary	CALL	purchase @ X0 (System.Collections.Generic.IDictionary`2<System.String, System.Object>)	[v163 @ X28_v3 (System.Int32)]	0			RUNTIME_DISPATCH		UNRESOLVED	METHOD_POINTER:UNKNOWN_CLASS_SOURCE:CLASS_NOT_AN_INTERFACE_POINTER	[Add]
Facebook.Unity.Utilities::ParsePurchaseFromDictionary	CALL	purchase @ X0 (System.Collections.Generic.IDictionary`2<System.String, System.Object>)	[v163 @ X28_v3 (System.Int32)]	0			RUNTIME_DISPATCH		UNRESOLVED	METHOD_POINTER:UNKNOWN_CLASS_SOURCE:CLASS_NOT_AN_INTERFACE_POINTER	[Add]
Facebook.Unity.Utilities::ParsePurchaseFromDictionary	CALL	purchase @ X0 (System.Collections.Generic.IDictionary`2<System.String, System.Object>)	[v163 @ X28_v3 (System.Int32)]	0			RUNTIME_DISPATCH		UNRESOLVED	METHOD_POINTER:UNKNOWN_CLASS_SOURCE:CLASS_NOT_AN_INTERFACE_POINTER	[Add]
Facebook.Unity.Utilities::ParseSubscriptionFromDictionary	CALL	subscription @ X0 (System.Collections.Generic.IDictionary`2<System.String, System.Object>)	[v179 @ X27_v5 (System.Int32)]	0			RUNTIME_DISPATCH		UNRESOLVED	METHOD_POINTER:UNKNOWN_CLASS_SOURCE:CLASS_NOT_AN_INTERFACE_POINTER	[Add]
Facebook.Unity.Utilities::ParseSubscriptionFromDictionary	CALL	subscription @ X0 (System.Collections.Generic.IDictionary`2<System.String, System.Object>)	[v179 @ X27_v5 (System.Int32)]	0			RUNTIME_DISPATCH		UNRESOLVED	METHOD_POINTER:UNKNOWN_CLASS_SOURCE:CLASS_NOT_AN_INTERFACE_POINTER	[Add]
Facebook.Unity.Utilities::ParseSubscriptionFromDictionary	CALL	subscription @ X0 (System.Collections.Generic.IDictionary`2<System.String, System.Object>)	v644 @ X23_v6	0			RUNTIME_DISPATCH		UNRESOLVED	METHOD_POINTER:UNKNOWN_CLASS_SOURCE:CLASS_NOT_AN_INTERFACE_POINTER	{[Add] | [Add] | [Add]}
Facebook.Unity.Utilities::ParseSubscriptionFromDictionary	CALL	subscription @ X0 (System.Collections.Generic.IDictionary`2<System.String, System.Object>)	[v179 @ X27_v5 (System.Int32)]	0			RUNTIME_DISPATCH		UNRESOLVED	METHOD_POINTER:UNKNOWN_CLASS_SOURCE:CLASS_NOT_AN_INTERFACE_POINTER	[Add]
Facebook.Unity.Utilities::ParseSubscriptionFromDictionary	CALL	subscription @ X0 (System.Collections.Generic.IDictionary`2<System.String, System.Object>)	v939 @ X1_v32	0			RUNTIME_DISPATCH		UNRESOLVED	METHOD_POINTER:UNKNOWN_CLASS_SOURCE:CLASS_NOT_AN_INTERFACE_POINTER	{[Add] | [Add] | {[Add] | [Add]}}
Facebook.Unity.Utilities::ParseSubscriptionFromDictionary	CALL	subscription @ X0 (System.Collections.Generic.IDictionary`2<System.String, System.Object>)	[v179 @ X27_v5 (System.Int32)]	0			RUNTIME_DISPATCH		UNRESOLVED	METHOD_POINTER:UNKNOWN_CLASS_SOURCE:CLASS_NOT_AN_INTERFACE_POINTER	[Add]
Facebook.Unity.Utilities::ParseSubscriptionFromDictionary	CALL	subscription @ X0 (System.Collections.Generic.IDictionary`2<System.String, System.Object>)	[v179 @ X27_v5 (System.Int32)]	0			RUNTIME_DISPATCH		UNRESOLVED	METHOD_POINTER:UNKNOWN_CLASS_SOURCE:CLASS_NOT_AN_INTERFACE_POINTER	[Add]
Facebook.Unity.Utilities::ParseStringDictionaryFromString	CALL	v324 @ X0_v10 (System.String)	v456 @ X1_v21	5			RUNTIME_DISPATCH		UNRESOLVED	METHOD_POINTER:UNKNOWN_CLASS_SOURCE:CLASS_NOT_AN_INTERFACE_POINTER	{[Add] | [Add] | {[Add] | [Add]}}
Facebook.Unity.Utilities::ParseInnerStringDictionary	CALL	resultDictionary @ X0 (System.Collections.Generic.IDictionary`2<System.String, System.Object>)	[v49 @ X8_v4 (System.Int32)]	7			RUNTIME_DISPATCH		UNRESOLVED	METHOD_POINTER:UNKNOWN_CLASS_SOURCE:CLASS_NOT_AN_INTERFACE_POINTER	[Add]
Facebook.Unity.CodelessIAPAutoLog::handlePurchaseCompleted	CALL	v140 @ X0_v31	[v137 @ X21_v4 (System.Int32)]	0			RUNTIME_DISPATCH		UNRESOLVED	METHOD_POINTER:UNKNOWN_CLASS_SOURCE:CLASS_NOT_AN_INTERFACE_POINTER	[Add]
GameAnalyticsSDK.Wrapper.GA_Wrapper::DictionaryToJsonString	CALL	dict @ X0 (System.Collections.Generic.IDictionary`2<System.String, System.Object>)	[v61 @ X8_v5 (System.Int32)]	0			RUNTIME_DISPATCH		UNRESOLVED	METHOD_POINTER:UNKNOWN_CLASS_SOURCE:CLASS_NOT_AN_INTERFACE_POINTER	[Add]
GameAnalyticsSDK.Wrapper.GA_Wrapper::DictionaryToJsonString	CALL	v276 @ X0_v9	[v271 @ X21_v5 (System.Int32)]	0			RUNTIME_DISPATCH		UNRESOLVED	METHOD_POINTER:UNKNOWN_CLASS_SOURCE:CLASS_NOT_AN_INTERFACE_POINTER	[Add]
GameAnalyticsSDK.Wrapper.GA_Wrapper::DictionaryToJsonString	CALL	v276 @ X0_v9	[v78 @ X22_v4 (System.Int32)]	0			RUNTIME_DISPATCH		UNRESOLVED	METHOD_POINTER:UNKNOWN_CLASS_SOURCE:CLASS_NOT_AN_INTERFACE_POINTER	[Add]
GameAnalyticsSDK.Wrapper.GA_Wrapper::DictionaryToJsonString	CALL	v473 @ X21_v9	[v478 @ X8_v17 (System.Int32)]	0			RUNTIME_DISPATCH		UNRESOLVED	METHOD_POINTER:UNKNOWN_CLASS_SOURCE:CLASS_NOT_AN_INTERFACE_POINTER	[Add]
GameAnalyticsSDK.Utilities.GA_MiniJSON+Parser::Parse	CALL	v138 @ X21_v11	[v147 @ X8_v11 (System.Int32)]	0			RUNTIME_DISPATCH		UNRESOLVED	METHOD_POINTER:UNKNOWN_CLASS_SOURCE:CLASS_NOT_AN_INTERFACE_POINTER	[Add]
GameAnalyticsSDK.Utilities.GA_MiniJSON+Serializer::SerializeObject	CALL	obj @ X1 (System.Collections.IDictionary)	[v164 @ X23_v8 (System.Int32)]	2			RUNTIME_DISPATCH		UNRESOLVED	METHOD_POINTER:UNKNOWN_CLASS_SOURCE:CLASS_NOT_AN_INTERFACE_POINTER	[Add]
GameAnalyticsSDK.Utilities.GA_MiniJSON+Serializer::SerializeObject	CALL	v310 @ X0_v30	[v315 @ X8_v15 (System.Int32)]	0			RUNTIME_DISPATCH		UNRESOLVED	METHOD_POINTER:UNKNOWN_CLASS_SOURCE:CLASS_NOT_AN_INTERFACE_POINTER	[Add]
GameAnalyticsSDK.Utilities.GA_MiniJSON+Serializer::SerializeObject	CALL	v77 @ stack_-58_v7	[v87 @ X24_v8 (System.Int32)]	0			RUNTIME_DISPATCH		UNRESOLVED	METHOD_POINTER:UNKNOWN_CLASS_SOURCE:CLASS_NOT_AN_INTERFACE_POINTER	[Add]
GameAnalyticsSDK.Utilities.GA_MiniJSON+Serializer::SerializeObject	CALL	v77 @ stack_-58_v7	[v87 @ X24_v8 (System.Int32)]	1			RUNTIME_DISPATCH		UNRESOLVED	METHOD_POINTER:UNKNOWN_CLASS_SOURCE:CLASS_NOT_AN_INTERFACE_POINTER	[Add]
GameAnalyticsSDK.Utilities.GA_MiniJSON+Serializer::SerializeObject	CALL	obj @ X1 (System.Collections.IDictionary)	[v164 @ X23_v8 (System.Int32)]	0			RUNTIME_DISPATCH		UNRESOLVED	METHOD_POINTER:UNKNOWN_CLASS_SOURCE:CLASS_NOT_AN_INTERFACE_POINTER	[Add]
GameAnalyticsSDK.Utilities.GA_MiniJSON+Serializer::SerializeObject	CALL	v455 @ X0_v22	[v421 @ X22_v5 (System.Int32)]	0			RUNTIME_DISPATCH		UNRESOLVED	METHOD_POINTER:UNKNOWN_CLASS_SOURCE:CLASS_NOT_AN_INTERFACE_POINTER	[{Add | {{Add | DEFINED_3_TIMES} | self | {Add | DEFINED_3_TIMES}}}]
GameAnalyticsSDK.Utilities.GA_MiniJSON+Serializer::SerializeArray	CALL	anArray @ X1 (System.Collections.IList)	[v198 @ X8_v13 (System.Int32)]	0			RUNTIME_DISPATCH		UNRESOLVED	METHOD_POINTER:UNKNOWN_CLASS_SOURCE:CLASS_NOT_AN_INTERFACE_POINTER	[Add]
GameAnalyticsSDK.Utilities.GA_MiniJSON+Serializer::SerializeArray	CALL	v71 @ stack_-48_v7	[v150 @ X21_v9 (System.Int32)]	0			RUNTIME_DISPATCH		UNRESOLVED	METHOD_POINTER:UNKNOWN_CLASS_SOURCE:CLASS_NOT_AN_INTERFACE_POINTER	[Add]
GameAnalyticsSDK.Utilities.GA_MiniJSON+Serializer::SerializeArray	CALL	v71 @ stack_-48_v7	[v150 @ X21_v9 (System.Int32)]	1			RUNTIME_DISPATCH		UNRESOLVED	METHOD_POINTER:UNKNOWN_CLASS_SOURCE:CLASS_NOT_AN_INTERFACE_POINTER	[Add]
GameAnalyticsSDK.Utilities.GA_MiniJSON+Serializer::SerializeArray	CALL	v427 @ X0_v22	[v394 @ X22_v5 (System.Int32)]	0			RUNTIME_DISPATCH		UNRESOLVED	METHOD_POINTER:UNKNOWN_CLASS_SOURCE:CLASS_NOT_AN_INTERFACE_POINTER	[{Add | {{Add | DEFINED_3_TIMES} | self | {Add | DEFINED_3_TIMES}}}]
RoundedPathMeshCreator::SignedArea	CALL	poly @ X0 (System.Collections.Generic.IReadOnlyList`1<UnityEngine.Vector2>)	[v214 @ X23_v2 (System.Int32)]	0			RUNTIME_DISPATCH		UNRESOLVED	METHOD_POINTER:UNKNOWN_CLASS_SOURCE:CLASS_NOT_AN_INTERFACE_POINTER	[Add]
RoundedPathMeshCreator::SignedArea	CALL	poly @ X0 (System.Collections.Generic.IReadOnlyList`1<UnityEngine.Vector2>)	[v59 @ X22_v2 (System.Int32)]	0			RUNTIME_DISPATCH		UNRESOLVED	METHOD_POINTER:UNKNOWN_CLASS_SOURCE:CLASS_NOT_AN_INTERFACE_POINTER	[Add]
RoundedPathMeshCreator::SignedArea	CALL	poly @ X0 (System.Collections.Generic.IReadOnlyList`1<UnityEngine.Vector2>)	[v59 @ X22_v2 (System.Int32)]	0			RUNTIME_DISPATCH		UNRESOLVED	METHOD_POINTER:UNKNOWN_CLASS_SOURCE:CLASS_NOT_AN_INTERFACE_POINTER	[Add]
RoundedPathMeshCreator::SignedArea	CALL	poly @ X0 (System.Collections.Generic.IReadOnlyList`1<UnityEngine.Vector2>)	[v214 @ X23_v2 (System.Int32)]	0			RUNTIME_DISPATCH		UNRESOLVED	METHOD_POINTER:UNKNOWN_CLASS_SOURCE:CLASS_NOT_AN_INTERFACE_POINTER	[Add]
RoundedPathMeshCreator::SignedArea	CALL	poly @ X0 (System.Collections.Generic.IReadOnlyList`1<UnityEngine.Vector2>)	[v214 @ X23_v2 (System.Int32)]	0			RUNTIME_DISPATCH		UNRESOLVED	METHOD_POINTER:UNKNOWN_CLASS_SOURCE:CLASS_NOT_AN_INTERFACE_POINTER	[Add]
RoundedPathMeshCreator::SignedArea	CALL	poly @ X0 (System.Collections.Generic.IReadOnlyList`1<UnityEngine.Vector2>)	[v214 @ X23_v2 (System.Int32)]	0			RUNTIME_DISPATCH		UNRESOLVED	METHOD_POINTER:UNKNOWN_CLASS_SOURCE:CLASS_NOT_AN_INTERFACE_POINTER	[Add]
RoundedPathMeshCreator::EarClipTriangulate	CALL	poly @ X0 (System.Collections.Generic.IReadOnlyList`1<UnityEngine.Vector2>)	[v77 @ X8_v5 (System.Int32)]	0			RUNTIME_DISPATCH		UNRESOLVED	METHOD_POINTER:UNKNOWN_CLASS_SOURCE:CLASS_NOT_AN_INTERFACE_POINTER	[Add]
RoundedPathMeshCreator::EarClipTriangulate	CALL	poly @ X0 (System.Collections.Generic.IReadOnlyList`1<UnityEngine.Vector2>)	[v865 @ X8_v16 (System.Int32)]	0			RUNTIME_DISPATCH		UNRESOLVED	METHOD_POINTER:UNKNOWN_CLASS_SOURCE:CLASS_NOT_AN_INTERFACE_POINTER	[Add]
RoundedPathMeshCreator::EarClipTriangulate	CALL	poly @ X0 (System.Collections.Generic.IReadOnlyList`1<UnityEngine.Vector2>)	[v960 @ X8_v21 (System.Int32)]	0			RUNTIME_DISPATCH		UNRESOLVED	METHOD_POINTER:UNKNOWN_CLASS_SOURCE:CLASS_NOT_AN_INTERFACE_POINTER	[Add]
RoundedPathMeshCreator::EarClipTriangulate	CALL	poly @ X0 (System.Collections.Generic.IReadOnlyList`1<UnityEngine.Vector2>)	[v1050 @ X8_v26 (System.Int32)]	0			RUNTIME_DISPATCH		UNRESOLVED	METHOD_POINTER:UNKNOWN_CLASS_SOURCE:CLASS_NOT_AN_INTERFACE_POINTER	[Add]
RoundedPathMeshCreator::EarClipTriangulate	CALL	poly @ X0 (System.Collections.Generic.IReadOnlyList`1<UnityEngine.Vector2>)	[v1492 @ X8_v58 (System.Int32)]	0			RUNTIME_DISPATCH		UNRESOLVED	METHOD_POINTER:UNKNOWN_CLASS_SOURCE:CLASS_NOT_AN_INTERFACE_POINTER	[Add]
GameAnalyticsSDK.iOS.GameAnalyticsATTClient::GameAnalyticsATTListenerNotDetermined	TAIL	v57 @ X19_v6	[v62 @ X8_v9 (System.Int32)]	0			RUNTIME_DISPATCH		UNRESOLVED	METHOD_POINTER:UNKNOWN_CLASS_SOURCE:CLASS_NOT_AN_INTERFACE_POINTER	[Add]
GameAnalyticsSDK.iOS.GameAnalyticsATTClient::GameAnalyticsATTListenerRestricted	TAIL	v57 @ X19_v6	[v62 @ X8_v9 (System.Int32)]	1			RUNTIME_DISPATCH		UNRESOLVED	METHOD_POINTER:UNKNOWN_CLASS_SOURCE:CLASS_NOT_AN_INTERFACE_POINTER	[Add]
GameAnalyticsSDK.iOS.GameAnalyticsATTClient::GameAnalyticsATTListenerDenied	TAIL	v57 @ X19_v6	[v62 @ X8_v9 (System.Int32)]	2			RUNTIME_DISPATCH		UNRESOLVED	METHOD_POINTER:UNKNOWN_CLASS_SOURCE:CLASS_NOT_AN_INTERFACE_POINTER	[Add]
GameAnalyticsSDK.iOS.GameAnalyticsATTClient::GameAnalyticsATTListenerAuthorized	TAIL	v57 @ X19_v6	[v62 @ X8_v9 (System.Int32)]	3			RUNTIME_DISPATCH		UNRESOLVED	METHOD_POINTER:UNKNOWN_CLASS_SOURCE:CLASS_NOT_AN_INTERFACE_POINTER	[Add]
Voodoo.UI.Particles.Utils.ParticleSystemExtensions::GetIndex	CALL	list @ X0 (System.Collections.Generic.IList`1<UnityEngine.ParticleSystem>)	v216 @ X1_v13	0			RUNTIME_DISPATCH		UNRESOLVED	METHOD_POINTER:UNKNOWN_CLASS_SOURCE:CLASS_NOT_AN_INTERFACE_POINTER	{[Add] | {[Add] | [Add]} | [Add]}
Voodoo.UI.Particles.Utils.ParticleSystemExtensions::GetIndex	CALL	list @ X0 (System.Collections.Generic.IList`1<UnityEngine.ParticleSystem>)	[v55 @ X24_v3 (System.Int32)]	0			RUNTIME_DISPATCH		UNRESOLVED	METHOD_POINTER:UNKNOWN_CLASS_SOURCE:CLASS_NOT_AN_INTERFACE_POINTER	[Add]
Voodoo.UI.Particles.UIParticle::SetParticleSystemInstance	CALL	v410 @ X22_v13 (System.Collections.IEnumerator)	[v348 @ X24_v10 (System.Int32)]	0			RUNTIME_DISPATCH		UNRESOLVED	METHOD_POINTER:UNKNOWN_CLASS_SOURCE:CLASS_NOT_AN_INTERFACE_POINTER	[Add]
Voodoo.UI.Particles.UIParticle::SetParticleSystemInstance	CALL	v302 @ stack_-58_v6 (System.Collections.IEnumerator)	[v348 @ X24_v10 (System.Int32)]	1			RUNTIME_DISPATCH		UNRESOLVED	METHOD_POINTER:UNKNOWN_CLASS_SOURCE:CLASS_NOT_AN_INTERFACE_POINTER	[Add]
Voodoo.UI.Particles.UIParticle::SetParticleSystemInstance	CALL	v570 @ X0_v7	[v147 @ X25_v5 (System.Int32)]	0			RUNTIME_DISPATCH		UNRESOLVED	METHOD_POINTER:UNKNOWN_CLASS_SOURCE:CLASS_NOT_AN_INTERFACE_POINTER	[Add]
Voodoo.UI.Particles.UIParticle::UpdateMaterial	CALL	v995 @ X0_v94	[v472 @ X20_v13 (System.Int32)]	0			RUNTIME_DISPATCH		UNRESOLVED	METHOD_POINTER:UNKNOWN_CLASS_SOURCE:CLASS_NOT_AN_INTERFACE_POINTER	[Add]
Voodoo.UI.Particles.UIParticle::UpdateMaterial	CALL	v1073 @ X0_v59	[v472 @ X20_v13 (System.Int32)]	0			RUNTIME_DISPATCH		UNRESOLVED	METHOD_POINTER:UNKNOWN_CLASS_SOURCE:CLASS_NOT_AN_INTERFACE_POINTER	[Add]
Facebook.Unity.IOS.IOSWrapper::CurrentAuthenticationToken	CALL	v67 @ X0_v11 (System.Collections.Generic.IDictionary`2<System.String, System.String>)	[v168 @ X21_v4 (System.Int32)]	7			RUNTIME_DISPATCH		UNRESOLVED	METHOD_POINTER:UNKNOWN_CLASS_SOURCE:CLASS_NOT_AN_INTERFACE_POINTER	[Add]
Facebook.Unity.IOS.IOSWrapper::CurrentAuthenticationToken	CALL	v67 @ X0_v11 (System.Collections.Generic.IDictionary`2<System.String, System.String>)	[v168 @ X21_v4 (System.Int32)]	7			RUNTIME_DISPATCH		UNRESOLVED	METHOD_POINTER:UNKNOWN_CLASS_SOURCE:CLASS_NOT_AN_INTERFACE_POINTER	[Add]
Facebook.Unity.IOS.IOSWrapper::CurrentProfile	CALL	v95 @ X0_v11 (System.Collections.Generic.IDictionary`2<System.String, System.String>)	[v362 @ X21_v5 (System.Int32)]	7			RUNTIME_DISPATCH		UNRESOLVED	METHOD_POINTER:UNKNOWN_CLASS_SOURCE:CLASS_NOT_AN_INTERFACE_POINTER	[Add]
Facebook.Unity.IOS.IOSWrapper::CurrentProfile	CALL	v95 @ X0_v11 (System.Collections.Generic.IDictionary`2<System.String, System.String>)	[v362 @ X21_v5 (System.Int32)]	7			RUNTIME_DISPATCH		UNRESOLVED	METHOD_POINTER:UNKNOWN_CLASS_SOURCE:CLASS_NOT_AN_INTERFACE_POINTER	[Add]
Facebook.Unity.IOS.IOSWrapper::CurrentProfile	CALL	v95 @ X0_v11 (System.Collections.Generic.IDictionary`2<System.String, System.String>)	[v362 @ X21_v5 (System.Int32)]	7			RUNTIME_DISPATCH		UNRESOLVED	METHOD_POINTER:UNKNOWN_CLASS_SOURCE:CLASS_NOT_AN_INTERFACE_POINTER	[Add]
Facebook.Unity.IOS.IOSWrapper::CurrentProfile	CALL	v95 @ X0_v11 (System.Collections.Generic.IDictionary`2<System.String, System.String>)	[v362 @ X21_v5 (System.Int32)]	7			RUNTIME_DISPATCH		UNRESOLVED	METHOD_POINTER:UNKNOWN_CLASS_SOURCE:CLASS_NOT_AN_INTERFACE_POINTER	[Add]
Facebook.Unity.IOS.IOSWrapper::CurrentProfile	CALL	v95 @ X0_v11 (System.Collections.Generic.IDictionary`2<System.String, System.String>)	[v362 @ X21_v5 (System.Int32)]	7			RUNTIME_DISPATCH		UNRESOLVED	METHOD_POINTER:UNKNOWN_CLASS_SOURCE:CLASS_NOT_AN_INTERFACE_POINTER	[Add]
Facebook.Unity.IOS.IOSWrapper::CurrentProfile	CALL	v95 @ X0_v11 (System.Collections.Generic.IDictionary`2<System.String, System.String>)	[v362 @ X21_v5 (System.Int32)]	7			RUNTIME_DISPATCH		UNRESOLVED	METHOD_POINTER:UNKNOWN_CLASS_SOURCE:CLASS_NOT_AN_INTERFACE_POINTER	[Add]
Facebook.Unity.IOS.IOSWrapper::CurrentProfile	CALL	v95 @ X0_v11 (System.Collections.Generic.IDictionary`2<System.String, System.String>)	[v362 @ X21_v5 (System.Int32)]	7			RUNTIME_DISPATCH		UNRESOLVED	METHOD_POINTER:UNKNOWN_CLASS_SOURCE:CLASS_NOT_AN_INTERFACE_POINTER	[Add]
Facebook.Unity.IOS.IOSWrapper::CurrentProfile	CALL	v95 @ X0_v11 (System.Collections.Generic.IDictionary`2<System.String, System.String>)	[v362 @ X21_v5 (System.Int32)]	7			RUNTIME_DISPATCH		UNRESOLVED	METHOD_POINTER:UNKNOWN_CLASS_SOURCE:CLASS_NOT_AN_INTERFACE_POINTER	[Add]
Facebook.Unity.IOS.IOSWrapper::CurrentProfile	CALL	v95 @ X0_v11 (System.Collections.Generic.IDictionary`2<System.String, System.String>)	[v362 @ X21_v5 (System.Int32)]	7			RUNTIME_DISPATCH		UNRESOLVED	METHOD_POINTER:UNKNOWN_CLASS_SOURCE:CLASS_NOT_AN_INTERFACE_POINTER	[Add]
Facebook.Unity.IOS.IOSWrapper::CurrentProfile	CALL	v95 @ X0_v11 (System.Collections.Generic.IDictionary`2<System.String, System.String>)	[v362 @ X21_v5 (System.Int32)]	7			RUNTIME_DISPATCH		UNRESOLVED	METHOD_POINTER:UNKNOWN_CLASS_SOURCE:CLASS_NOT_AN_INTERFACE_POINTER	[Add]
Facebook.Unity.IOS.IOSWrapper::CurrentProfile	CALL	v95 @ X0_v11 (System.Collections.Generic.IDictionary`2<System.String, System.String>)	[v362 @ X21_v5 (System.Int32)]	7			RUNTIME_DISPATCH		UNRESOLVED	METHOD_POINTER:UNKNOWN_CLASS_SOURCE:CLASS_NOT_AN_INTERFACE_POINTER	[Add]
Mono.Security.Protocol.Ntlm.ChallengeResponse::set_Password	CALL	v339 @ X0_v73 (System.Security.Cryptography.ICryptoTransform)	[v439 @ X8_v40 (System.Int32)]	3			RUNTIME_DISPATCH		UNRESOLVED	METHOD_POINTER:UNKNOWN_CLASS_SOURCE:CLASS_NOT_AN_INTERFACE_POINTER	[Add]
Mono.Security.Protocol.Ntlm.ChallengeResponse::set_Password	CALL	v523 @ X0_v50 (System.Security.Cryptography.ICryptoTransform)	[v568 @ X8_v26 (System.Int32)]	3			RUNTIME_DISPATCH		UNRESOLVED	METHOD_POINTER:UNKNOWN_CLASS_SOURCE:CLASS_NOT_AN_INTERFACE_POINTER	[Add]
Mono.Security.Protocol.Ntlm.ChallengeResponse::GetResponse	CALL	v162 @ X0_v15 (System.Security.Cryptography.ICryptoTransform)	[v147 @ X25_v3 (System.Int32)]	3			RUNTIME_DISPATCH		UNRESOLVED	METHOD_POINTER:UNKNOWN_CLASS_SOURCE:CLASS_NOT_AN_INTERFACE_POINTER	[Add]
Mono.Security.Protocol.Ntlm.ChallengeResponse::GetResponse	CALL	v163 @ X0_v23 (System.Security.Cryptography.ICryptoTransform)	[v147 @ X25_v3 (System.Int32)]	3			RUNTIME_DISPATCH		UNRESOLVED	METHOD_POINTER:UNKNOWN_CLASS_SOURCE:CLASS_NOT_AN_INTERFACE_POINTER	[Add]
Mono.Security.Protocol.Ntlm.ChallengeResponse::GetResponse	CALL	v164 @ X0_v31 (System.Security.Cryptography.ICryptoTransform)	[v147 @ X25_v3 (System.Int32)]	3			RUNTIME_DISPATCH		UNRESOLVED	METHOD_POINTER:UNKNOWN_CLASS_SOURCE:CLASS_NOT_AN_INTERFACE_POINTER	[Add]
Mono.Security.Protocol.Ntlm.ChallengeResponse2::Compute_LM	CALL	v153 @ X0_v54 (System.Security.Cryptography.ICryptoTransform)	[v320 @ X8_v36 (System.Int32)]	3			RUNTIME_DISPATCH		UNRESOLVED	METHOD_POINTER:UNKNOWN_CLASS_SOURCE:CLASS_NOT_AN_INTERFACE_POINTER	[Add]
Mono.Security.Protocol.Ntlm.ChallengeResponse2::Compute_LM	CALL	v154 @ X0_v32 (System.Security.Cryptography.ICryptoTransform)	[v449 @ X8_v20 (System.Int32)]	3			RUNTIME_DISPATCH		UNRESOLVED	METHOD_POINTER:UNKNOWN_CLASS_SOURCE:CLASS_NOT_AN_INTERFACE_POINTER	[Add]
Mono.Security.Protocol.Ntlm.ChallengeResponse2::GetResponse	CALL	v161 @ X0_v18 (System.Security.Cryptography.ICryptoTransform)	[v146 @ X24_v3 (System.Int32)]	3			RUNTIME_DISPATCH		UNRESOLVED	METHOD_POINTER:UNKNOWN_CLASS_SOURCE:CLASS_NOT_AN_INTERFACE_POINTER	[Add]
Mono.Security.Protocol.Ntlm.ChallengeResponse2::GetResponse	CALL	v162 @ X0_v27 (System.Security.Cryptography.ICryptoTransform)	[v146 @ X24_v3 (System.Int32)]	3			RUNTIME_DISPATCH		UNRESOLVED	METHOD_POINTER:UNKNOWN_CLASS_SOURCE:CLASS_NOT_AN_INTERFACE_POINTER	[Add]
Mono.Security.Protocol.Ntlm.ChallengeResponse2::GetResponse	CALL	v163 @ X0_v36 (System.Security.Cryptography.ICryptoTransform)	[v146 @ X24_v3 (System.Int32)]	3			RUNTIME_DISPATCH		UNRESOLVED	METHOD_POINTER:UNKNOWN_CLASS_SOURCE:CLASS_NOT_AN_INTERFACE_POINTER	[Add]
Mono.Security.Protocol.Ntlm.Type3Message::GetBytes	CALL	v592 @ X24_v9	[v606 @ X8_v12 (System.Int32)]	0			RUNTIME_DISPATCH		UNRESOLVED	METHOD_POINTER:UNKNOWN_CLASS_SOURCE:CLASS_NOT_AN_INTERFACE_POINTER	[Add]
Mono.Security.X509.PKCS12::GetBytes	CALL	v2486 @ X24_v31 (System.Collections.IEnumerator)	[v823 @ X20_v53 (System.Int32)]	0			RUNTIME_DISPATCH		UNRESOLVED	METHOD_POINTER:UNKNOWN_CLASS_SOURCE:CLASS_NOT_AN_INTERFACE_POINTER	[Add]
Mono.Security.X509.PKCS12::GetBytes	CALL	v103 @ stack_-68_v31 (System.Collections.IEnumerator)	[v823 @ X20_v53 (System.Int32)]	1			RUNTIME_DISPATCH		UNRESOLVED	METHOD_POINTER:UNKNOWN_CLASS_SOURCE:CLASS_NOT_AN_INTERFACE_POINTER	[Add]
Mono.Security.X509.PKCS12::GetBytes	CALL	v2199 @ X0_v688	[v2265 @ X8_v505 (System.Int32)]	0			RUNTIME_DISPATCH		UNRESOLVED	METHOD_POINTER:UNKNOWN_CLASS_SOURCE:CLASS_NOT_AN_INTERFACE_POINTER	[Add]
Mono.Security.X509.PKCS12::GetBytes	CALL	v3086.enumerator (System.Collections.IEnumerator)	[v1689 @ X27_v39 (System.Int32)]	0			RUNTIME_DISPATCH		UNRESOLVED	METHOD_POINTER:UNKNOWN_CLASS_SOURCE:CLASS_NOT_AN_INTERFACE_POINTER	[Add]
Mono.Security.X509.PKCS12::GetBytes	CALL	v3581 @ X19_v124 (System.Collections.IEnumerator)	[v1689 @ X27_v39 (System.Int32)]	0			RUNTIME_DISPATCH		UNRESOLVED	METHOD_POINTER:UNKNOWN_CLASS_SOURCE:CLASS_NOT_AN_INTERFACE_POINTER	[Add]
Mono.Security.X509.PKCS12::GetBytes	CALL	v103 @ stack_-68_v31 (System.Collections.IEnumerator)	[v1689 @ X27_v39 (System.Int32)]	1			RUNTIME_DISPATCH		UNRESOLVED	METHOD_POINTER:UNKNOWN_CLASS_SOURCE:CLASS_NOT_AN_INTERFACE_POINTER	[Add]
Mono.Security.X509.PKCS12::GetBytes	CALL	[v3837 @ X8_v471]	[v3950 @ X8_v476 (System.Int32)]	0			RUNTIME_DISPATCH		UNRESOLVED	METHOD_POINTER:UNKNOWN_CLASS_SOURCE:CLASS_NOT_AN_INTERFACE_POINTER	[Add]
Mono.Security.X509.PKCS12::GetBytes	CALL	v2893.enumerator (System.Collections.IEnumerator)	[v3120 @ X8_v449 (System.Int32)]	0			RUNTIME_DISPATCH		UNRESOLVED	METHOD_POINTER:UNKNOWN_CLASS_SOURCE:CLASS_NOT_AN_INTERFACE_POINTER	[Add]
Mono.Security.X509.PKCS12::GetBytes	CALL	v2606 @ X0_v23	[v798 @ X20_v5 (System.Int32)]	0			RUNTIME_DISPATCH		UNRESOLVED	METHOD_POINTER:UNKNOWN_CLASS_SOURCE:CLASS_NOT_AN_INTERFACE_POINTER	[Add]
Mono.Security.X509.PKCS12::GetBytes	CALL	v2981 @ X19_v14 (System.Collections.IEnumerator)	[v600 @ X25_v13 (System.Collections.ArrayList)]	0			RUNTIME_DISPATCH		UNRESOLVED	METHOD_POINTER:UNKNOWN_CLASS_SOURCE:CLASS_NOT_AN_INTERFACE_POINTER	[{Newobj | Newobj | Newobj | Newobj | Newobj | Newobj | Newobj | Newobj | Newobj | Add | Add | Newobj | Newobj | Newobj | Newobj | Newobj | Newobj | Newobj | Newobj | Newobj | Newobj | Newobj | Newobj | Newobj | Newobj | Newobj | Newobj | Newobj | Newobj | {param:v591 | {Newobj | Newobj | Newobj | Newobj | Newobj | Newobj | Newobj | Newobj | Newobj | Add | Add | Newobj | Newobj | Newobj | Newobj | Newobj | Newobj | Newobj | Newobj | Newobj | Newobj | Newobj | Newobj | Newobj | Newobj | Newobj | Newobj | Newobj | Newobj | DEFINED_2_TIMES | Newobj | Newobj | Add}} | Newobj | Newobj | Add}]
Mono.Security.X509.PKCS12::GetBytes	CALL	v103 @ stack_-68_v31 (System.Collections.IEnumerator)	[v600 @ X25_v13 (System.Collections.ArrayList)]	1			RUNTIME_DISPATCH		UNRESOLVED	METHOD_POINTER:UNKNOWN_CLASS_SOURCE:CLASS_NOT_AN_INTERFACE_POINTER	[{Newobj | Newobj | Newobj | Newobj | Newobj | Newobj | Newobj | Newobj | Newobj | Add | Add | Newobj | Newobj | Newobj | Newobj | Newobj | Newobj | Newobj | Newobj | Newobj | Newobj | Newobj | Newobj | Newobj | Newobj | Newobj | Newobj | Newobj | Newobj | {param:v591 | {Newobj | Newobj | Newobj | Newobj | Newobj | Newobj | Newobj | Newobj | Newobj | Add | Add | Newobj | Newobj | Newobj | Newobj | Newobj | Newobj | Newobj | Newobj | Newobj | Newobj | Newobj | Newobj | Newobj | Newobj | Newobj | Newobj | Newobj | Newobj | DEFINED_2_TIMES | Newobj | Newobj | Add}} | Newobj | Newobj | Add}]
Mono.Security.X509.PKCS12::GetBytes	CALL	v3753.enumerator (System.Collections.IEnumerator)	[v600 @ X25_v13 (System.Collections.ArrayList)]	0			RUNTIME_DISPATCH		UNRESOLVED	METHOD_POINTER:UNKNOWN_CLASS_SOURCE:CLASS_NOT_AN_INTERFACE_POINTER	[{Newobj | Newobj | Newobj | Newobj | Newobj | Newobj | Newobj | Newobj | Newobj | Add | Add | Newobj | Newobj | Newobj | Newobj | Newobj | Newobj | Newobj | Newobj | Newobj | Newobj | Newobj | Newobj | Newobj | Newobj | Newobj | Newobj | Newobj | Newobj | {param:v591 | {Newobj | Newobj | Newobj | Newobj | Newobj | Newobj | Newobj | Newobj | Newobj | Add | Add | Newobj | Newobj | Newobj | Newobj | Newobj | Newobj | Newobj | Newobj | Newobj | Newobj | Newobj | Newobj | Newobj | Newobj | Newobj | Newobj | Newobj | Newobj | DEFINED_2_TIMES | Newobj | Newobj | Add}} | Newobj | Newobj | Add}]
Mono.Security.X509.PKCS12::GetBytes	CALL	v57.enumerator (System.Collections.IEnumerator)	[v600 @ X25_v13 (System.Collections.ArrayList)]	1			RUNTIME_DISPATCH		UNRESOLVED	METHOD_POINTER:UNKNOWN_CLASS_SOURCE:CLASS_NOT_AN_INTERFACE_POINTER	[{Newobj | Newobj | Newobj | Newobj | Newobj | Newobj | Newobj | Newobj | Newobj | Add | Add | Newobj | Newobj | Newobj | Newobj | Newobj | Newobj | Newobj | Newobj | Newobj | Newobj | Newobj | Newobj | Newobj | Newobj | Newobj | Newobj | Newobj | Newobj | {param:v591 | {Newobj | Newobj | Newobj | Newobj | Newobj | Newobj | Newobj | Newobj | Newobj | Add | Add | Newobj | Newobj | Newobj | Newobj | Newobj | Newobj | Newobj | Newobj | Newobj | Newobj | Newobj | Newobj | Newobj | Newobj | Newobj | Newobj | Newobj | Newobj | DEFINED_2_TIMES | Newobj | Newobj | Add}} | Newobj | Newobj | Add}]
Mono.Security.X509.PKCS12::GetBytes	CALL	[v4306 @ X8_v376]	[v4319 @ X8_v381 (System.Int32)]	0			RUNTIME_DISPATCH		UNRESOLVED	METHOD_POINTER:UNKNOWN_CLASS_SOURCE:CLASS_NOT_AN_INTERFACE_POINTER	[Add]
Mono.Security.X509.PKCS12::GetBytes	CALL	v3199 @ X0_v41	[v447 @ X23_v10 (System.Int32)]	0			RUNTIME_DISPATCH		UNRESOLVED	METHOD_POINTER:UNKNOWN_CLASS_SOURCE:CLASS_NOT_AN_INTERFACE_POINTER	[Add]
Mono.Security.X509.PKCS12::GetBytes	CALL	v103 @ stack_-68_v31 (System.Collections.IEnumerator)	[v600 @ X25_v13 (System.Collections.ArrayList)]	0			RUNTIME_DISPATCH		UNRESOLVED	METHOD_POINTER:UNKNOWN_CLASS_SOURCE:CLASS_NOT_AN_INTERFACE_POINTER	[{Newobj | Newobj | Newobj | Newobj | Newobj | Newobj | Newobj | Newobj | Newobj | Add | Add | Newobj | Newobj | Newobj | Newobj | Newobj | Newobj | Newobj | Newobj | Newobj | Newobj | Newobj | Newobj | Newobj | Newobj | Newobj | Newobj | Newobj | Newobj | {param:v591 | {Newobj | Newobj | Newobj | Newobj | Newobj | Newobj | Newobj | Newobj | Newobj | Add | Add | Newobj | Newobj | Newobj | Newobj | Newobj | Newobj | Newobj | Newobj | Newobj | Newobj | Newobj | Newobj | Newobj | Newobj | Newobj | Newobj | Newobj | Newobj | DEFINED_2_TIMES | Newobj | Newobj | Add}} | Newobj | Newobj | Add}]
Mono.Security.X509.PKCS12::GetBytes	CALL	v103 @ stack_-68_v31 (System.Collections.IEnumerator)	[v600 @ X25_v13 (System.Collections.ArrayList)]	1			RUNTIME_DISPATCH		UNRESOLVED	METHOD_POINTER:UNKNOWN_CLASS_SOURCE:CLASS_NOT_AN_INTERFACE_POINTER	[{Newobj | Newobj | Newobj | Newobj | Newobj | Newobj | Newobj | Newobj | Newobj | Add | Add | Newobj | Newobj | Newobj | Newobj | Newobj | Newobj | Newobj | Newobj | Newobj | Newobj | Newobj | Newobj | Newobj | Newobj | Newobj | Newobj | Newobj | Newobj | {param:v591 | {Newobj | Newobj | Newobj | Newobj | Newobj | Newobj | Newobj | Newobj | Newobj | Add | Add | Newobj | Newobj | Newobj | Newobj | Newobj | Newobj | Newobj | Newobj | Newobj | Newobj | Newobj | Newobj | Newobj | Newobj | Newobj | Newobj | Newobj | Newobj | DEFINED_2_TIMES | Newobj | Newobj | Add}} | Newobj | Newobj | Add}]
Mono.Security.X509.PKCS12::GetBytes	CALL	returnVal2 @ X0_v30 (System.Byte[])	[v447 @ X23_v10 (System.Int32)]	0			RUNTIME_DISPATCH		UNRESOLVED	METHOD_POINTER:UNKNOWN_CLASS_SOURCE:CLASS_NOT_AN_INTERFACE_POINTER	[Add]
Mono.Security.X509.PKCS12::GetBytes	CALL	v103 @ stack_-68_v31 (System.Collections.IEnumerator)	[v600 @ X25_v13 (System.Collections.ArrayList)]	0			RUNTIME_DISPATCH		UNRESOLVED	METHOD_POINTER:UNKNOWN_CLASS_SOURCE:CLASS_NOT_AN_INTERFACE_POINTER	[{Newobj | Newobj | Newobj | Newobj | Newobj | Newobj | Newobj | Newobj | Newobj | Add | Add | Newobj | Newobj | Newobj | Newobj | Newobj | Newobj | Newobj | Newobj | Newobj | Newobj | Newobj | Newobj | Newobj | Newobj | Newobj | Newobj | Newobj | Newobj | {param:v591 | {Newobj | Newobj | Newobj | Newobj | Newobj | Newobj | Newobj | Newobj | Newobj | Add | Add | Newobj | Newobj | Newobj | Newobj | Newobj | Newobj | Newobj | Newobj | Newobj | Newobj | Newobj | Newobj | Newobj | Newobj | Newobj | Newobj | Newobj | Newobj | DEFINED_2_TIMES | Newobj | Newobj | Add}} | Newobj | Newobj | Add}]
Mono.Security.X509.PKCS12::GetBytes	CALL	v103 @ stack_-68_v31 (System.Collections.IEnumerator)	[v600 @ X25_v13 (System.Collections.ArrayList)]	1			RUNTIME_DISPATCH		UNRESOLVED	METHOD_POINTER:UNKNOWN_CLASS_SOURCE:CLASS_NOT_AN_INTERFACE_POINTER	[{Newobj | Newobj | Newobj | Newobj | Newobj | Newobj | Newobj | Newobj | Newobj | Add | Add | Newobj | Newobj | Newobj | Newobj | Newobj | Newobj | Newobj | Newobj | Newobj | Newobj | Newobj | Newobj | Newobj | Newobj | Newobj | Newobj | Newobj | Newobj | {param:v591 | {Newobj | Newobj | Newobj | Newobj | Newobj | Newobj | Newobj | Newobj | Newobj | Add | Add | Newobj | Newobj | Newobj | Newobj | Newobj | Newobj | Newobj | Newobj | Newobj | Newobj | Newobj | Newobj | Newobj | Newobj | Newobj | Newobj | Newobj | Newobj | DEFINED_2_TIMES | Newobj | Newobj | Add}} | Newobj | Newobj | Add}]
Mono.Security.X509.PKCS12::GetBytes	CALL	returnVal2 @ X0_v30 (System.Byte[])	[v4723 @ X8_v331 (System.Int32)]	0			RUNTIME_DISPATCH		UNRESOLVED	METHOD_POINTER:UNKNOWN_CLASS_SOURCE:CLASS_NOT_AN_INTERFACE_POINTER	[Add]
Mono.Security.X509.PKCS12::GetBytes	CALL	v5083 @ X19_v78 (System.Collections.IEnumerator)	[v600 @ X25_v13 (System.Collections.ArrayList)]	0			RUNTIME_DISPATCH		UNRESOLVED	METHOD_POINTER:UNKNOWN_CLASS_SOURCE:CLASS_NOT_AN_INTERFACE_POINTER	[{Newobj | Newobj | Newobj | Newobj | Newobj | Newobj | Newobj | Newobj | Newobj | Add | Add | Newobj | Newobj | Newobj | Newobj | Newobj | Newobj | Newobj | Newobj | Newobj | Newobj | Newobj | Newobj | Newobj | Newobj | Newobj | Newobj | Newobj | Newobj | {param:v591 | {Newobj | Newobj | Newobj | Newobj | Newobj | Newobj | Newobj | Newobj | Newobj | Add | Add | Newobj | Newobj | Newobj | Newobj | Newobj | Newobj | Newobj | Newobj | Newobj | Newobj | Newobj | Newobj | Newobj | Newobj | Newobj | Newobj | Newobj | Newobj | DEFINED_2_TIMES | Newobj | Newobj | Add}} | Newobj | Newobj | Add}]
Mono.Security.X509.PKCS12::GetBytes	CALL	v103 @ stack_-68_v31 (System.Collections.IEnumerator)	[v600 @ X25_v13 (System.Collections.ArrayList)]	1			RUNTIME_DISPATCH		UNRESOLVED	METHOD_POINTER:UNKNOWN_CLASS_SOURCE:CLASS_NOT_AN_INTERFACE_POINTER	[{Newobj | Newobj | Newobj | Newobj | Newobj | Newobj | Newobj | Newobj | Newobj | Add | Add | Newobj | Newobj | Newobj | Newobj | Newobj | Newobj | Newobj | Newobj | Newobj | Newobj | Newobj | Newobj | Newobj | Newobj | Newobj | Newobj | Newobj | Newobj | {param:v591 | {Newobj | Newobj | Newobj | Newobj | Newobj | Newobj | Newobj | Newobj | Newobj | Add | Add | Newobj | Newobj | Newobj | Newobj | Newobj | Newobj | Newobj | Newobj | Newobj | Newobj | Newobj | Newobj | Newobj | Newobj | Newobj | Newobj | Newobj | Newobj | DEFINED_2_TIMES | Newobj | Newobj | Add}} | Newobj | Newobj | Add}]
Mono.Security.X509.PKCS12::GetBytes	CALL	returnVal2 @ X0_v30 (System.Byte[])	[v5442 @ X8_v309 (System.Int32)]	0			RUNTIME_DISPATCH		UNRESOLVED	METHOD_POINTER:UNKNOWN_CLASS_SOURCE:CLASS_NOT_AN_INTERFACE_POINTER	[Add]
Mono.Security.X509.PKCS12::GetBytes	CALL	v5186 @ X19_v63 (System.Collections.IEnumerator)	[v600 @ X25_v13 (System.Collections.ArrayList)]	0			RUNTIME_DISPATCH		UNRESOLVED	METHOD_POINTER:UNKNOWN_CLASS_SOURCE:CLASS_NOT_AN_INTERFACE_POINTER	[{Newobj | Newobj | Newobj | Newobj | Newobj | Newobj | Newobj | Newobj | Newobj | Add | Add | Newobj | Newobj | Newobj | Newobj | Newobj | Newobj | Newobj | Newobj | Newobj | Newobj | Newobj | Newobj | Newobj | Newobj | Newobj | Newobj | Newobj | Newobj | {param:v591 | {Newobj | Newobj | Newobj | Newobj | Newobj | Newobj | Newobj | Newobj | Newobj | Add | Add | Newobj | Newobj | Newobj | Newobj | Newobj | Newobj | Newobj | Newobj | Newobj | Newobj | Newobj | Newobj | Newobj | Newobj | Newobj | Newobj | Newobj | Newobj | DEFINED_2_TIMES | Newobj | Newobj | Add}} | Newobj | Newobj | Add}]
Mono.Security.X509.PKCS12::GetBytes	CALL	v103 @ stack_-68_v31 (System.Collections.IEnumerator)	[v600 @ X25_v13 (System.Collections.ArrayList)]	1			RUNTIME_DISPATCH		UNRESOLVED	METHOD_POINTER:UNKNOWN_CLASS_SOURCE:CLASS_NOT_AN_INTERFACE_POINTER	[{Newobj | Newobj | Newobj | Newobj | Newobj | Newobj | Newobj | Newobj | Newobj | Add | Add | Newobj | Newobj | Newobj | Newobj | Newobj | Newobj | Newobj | Newobj | Newobj | Newobj | Newobj | Newobj | Newobj | Newobj | Newobj | Newobj | Newobj | Newobj | {param:v591 | {Newobj | Newobj | Newobj | Newobj | Newobj | Newobj | Newobj | Newobj | Newobj | Add | Add | Newobj | Newobj | Newobj | Newobj | Newobj | Newobj | Newobj | Newobj | Newobj | Newobj | Newobj | Newobj | Newobj | Newobj | Newobj | Newobj | Newobj | Newobj | DEFINED_2_TIMES | Newobj | Newobj | Add}} | Newobj | Newobj | Add}]
Mono.Security.X509.PKCS12::GetBytes	CALL	returnVal2 @ X0_v30 (System.Byte[])	[v5629 @ X8_v261 (System.Int32)]	0			RUNTIME_DISPATCH		UNRESOLVED	METHOD_POINTER:UNKNOWN_CLASS_SOURCE:CLASS_NOT_AN_INTERFACE_POINTER	[Add]
Mono.Security.X509.PKCS12::GetBytes	CALL	v5294 @ X19_v52 (System.Collections.IEnumerator)	[v600 @ X25_v13 (System.Collections.ArrayList)]	0			RUNTIME_DISPATCH		UNRESOLVED	METHOD_POINTER:UNKNOWN_CLASS_SOURCE:CLASS_NOT_AN_INTERFACE_POINTER	[{Newobj | Newobj | Newobj | Newobj | Newobj | Newobj | Newobj | Newobj | Newobj | Add | Add | Newobj | Newobj | Newobj | Newobj | Newobj | Newobj | Newobj | Newobj | Newobj | Newobj | Newobj | Newobj | Newobj | Newobj | Newobj | Newobj | Newobj | Newobj | {param:v591 | {Newobj | Newobj | Newobj | Newobj | Newobj | Newobj | Newobj | Newobj | Newobj | Add | Add | Newobj | Newobj | Newobj | Newobj | Newobj | Newobj | Newobj | Newobj | Newobj | Newobj | Newobj | Newobj | Newobj | Newobj | Newobj | Newobj | Newobj | Newobj | DEFINED_2_TIMES | Newobj | Newobj | Add}} | Newobj | Newobj | Add}]
Mono.Security.X509.PKCS12::GetBytes	CALL	v103 @ stack_-68_v31 (System.Collections.IEnumerator)	[v600 @ X25_v13 (System.Collections.ArrayList)]	1			RUNTIME_DISPATCH		UNRESOLVED	METHOD_POINTER:UNKNOWN_CLASS_SOURCE:CLASS_NOT_AN_INTERFACE_POINTER	[{Newobj | Newobj | Newobj | Newobj | Newobj | Newobj | Newobj | Newobj | Newobj | Add | Add | Newobj | Newobj | Newobj | Newobj | Newobj | Newobj | Newobj | Newobj | Newobj | Newobj | Newobj | Newobj | Newobj | Newobj | Newobj | Newobj | Newobj | Newobj | {param:v591 | {Newobj | Newobj | Newobj | Newobj | Newobj | Newobj | Newobj | Newobj | Newobj | Add | Add | Newobj | Newobj | Newobj | Newobj | Newobj | Newobj | Newobj | Newobj | Newobj | Newobj | Newobj | Newobj | Newobj | Newobj | Newobj | Newobj | Newobj | Newobj | DEFINED_2_TIMES | Newobj | Newobj | Add}} | Newobj | Newobj | Add}]
Mono.Security.X509.PKCS12::GetBytes	CALL	returnVal2 @ X0_v30 (System.Byte[])	[v166 @ X22_v22 (System.Int32)]	0			RUNTIME_DISPATCH		UNRESOLVED	METHOD_POINTER:UNKNOWN_CLASS_SOURCE:CLASS_NOT_AN_INTERFACE_POINTER	[Add]
Mono.Security.X509.PKCS12::RemoveCertificate	CALL	v1027 @ X20_v19 (System.Collections.IDictionary)	[v1028 @ X21_v21 (System.Int32)]	0			RUNTIME_DISPATCH		UNRESOLVED	METHOD_POINTER:UNKNOWN_CLASS_SOURCE:CLASS_NOT_AN_INTERFACE_POINTER	[{Add | Add}]
Mono.Security.X509.X509Crl::get_Hash	CALL	v254 @ X21_v7	[v263 @ X8_v11 (System.Int32)]	0			RUNTIME_DISPATCH		UNRESOLVED	METHOD_POINTER:UNKNOWN_CLASS_SOURCE:CLASS_NOT_AN_INTERFACE_POINTER	[Add]
Mono.Security.X509.X509Certificate::get_Hash	CALL	v438 @ X21_v7	[v453 @ X8_v11 (System.Int32)]	0			RUNTIME_DISPATCH		UNRESOLVED	METHOD_POINTER:UNKNOWN_CLASS_SOURCE:CLASS_NOT_AN_INTERFACE_POINTER	[Add]
Mono.Security.X509.X509CertificateCollection+X509CertificateEnumerator::.ctor	CALL	mappings @ X1 (Mono.Security.X509.X509CertificateCollection)	[v47 @ X8_v4 (System.Int32)]	0			RUNTIME_DISPATCH		UNRESOLVED	METHOD_POINTER:UNKNOWN_CLASS_SOURCE:CLASS_NOT_AN_INTERFACE_POINTER	[Add]
Mono.Security.X509.X509CertificateCollection+X509CertificateEnumerator::get_Current	CALL	v39 @ X19_v2 (System.Collections.IEnumerator)	[v44 @ X8_v5 (System.Int32)]	1			RUNTIME_DISPATCH		UNRESOLVED	METHOD_POINTER:UNKNOWN_CLASS_SOURCE:CLASS_NOT_AN_INTERFACE_POINTER	[Add]
Mono.Security.X509.X509CertificateCollection+X509CertificateEnumerator::System.Collections.IEnumerator.get_Current	TAIL	v38 @ X19_v2 (System.Collections.IEnumerator)	[v41 @ X8_v4 (System.Int32)]	1			RUNTIME_DISPATCH		UNRESOLVED	METHOD_POINTER:UNKNOWN_CLASS_SOURCE:CLASS_NOT_AN_INTERFACE_POINTER	[Add]
Mono.Security.X509.X509CertificateCollection+X509CertificateEnumerator::System.Collections.IEnumerator.MoveNext	TAIL	v38 @ X19_v2 (System.Collections.IEnumerator)	[v41 @ X8_v4 (System.Int32)]	0			RUNTIME_DISPATCH		UNRESOLVED	METHOD_POINTER:UNKNOWN_CLASS_SOURCE:CLASS_NOT_AN_INTERFACE_POINTER	[Add]
Mono.Security.X509.X509CertificateCollection+X509CertificateEnumerator::System.Collections.IEnumerator.Reset	TAIL	v38 @ X19_v2 (System.Collections.IEnumerator)	[v41 @ X8_v4 (System.Int32)]	2			RUNTIME_DISPATCH		UNRESOLVED	METHOD_POINTER:UNKNOWN_CLASS_SOURCE:CLASS_NOT_AN_INTERFACE_POINTER	[Add]
Mono.Security.X509.X509CertificateCollection+X509CertificateEnumerator::MoveNext	TAIL	v38 @ X19_v2 (System.Collections.IEnumerator)	[v41 @ X8_v4 (System.Int32)]	0			RUNTIME_DISPATCH		UNRESOLVED	METHOD_POINTER:UNKNOWN_CLASS_SOURCE:CLASS_NOT_AN_INTERFACE_POINTER	[Add]
Mono.Security.X509.X509Chain::Build	CALL	v284.enumerator (System.Collections.IEnumerator)	[v338 @ X21_v18 (System.Int32)]	0			RUNTIME_DISPATCH		UNRESOLVED	METHOD_POINTER:UNKNOWN_CLASS_SOURCE:CLASS_NOT_AN_INTERFACE_POINTER	[Add]
Mono.Security.X509.X509Chain::Build	CALL	v1122 @ X0_v5	[v522 @ X25_v3 (System.Int32)]	0			RUNTIME_DISPATCH		UNRESOLVED	METHOD_POINTER:UNKNOWN_CLASS_SOURCE:CLASS_NOT_AN_INTERFACE_POINTER	[Add]
Mono.Security.X509.X509Chain::FindCertificateParent	CALL	v116.enumerator (System.Collections.IEnumerator)	[v121 @ X22_v11 (System.Int32)]	0			RUNTIME_DISPATCH		UNRESOLVED	METHOD_POINTER:UNKNOWN_CLASS_SOURCE:CLASS_NOT_AN_INTERFACE_POINTER	[Add]
Mono.Security.X509.X509Chain::FindCertificateParent	CALL	v351 @ X0_v19	[v350 @ X23_v5 (System.Int32)]	0			RUNTIME_DISPATCH		UNRESOLVED	METHOD_POINTER:UNKNOWN_CLASS_SOURCE:CLASS_NOT_AN_INTERFACE_POINTER	[{Add | {self | {Add | DEFINED_3_TIMES} | {Add | DEFINED_3_TIMES}}}]
Mono.Security.X509.X509Chain::FindCertificateRoot	CALL	v211.enumerator (System.Collections.IEnumerator)	[v215 @ X22_v11 (System.Int32)]	0			RUNTIME_DISPATCH		UNRESOLVED	METHOD_POINTER:UNKNOWN_CLASS_SOURCE:CLASS_NOT_AN_INTERFACE_POINTER	[Add]
Mono.Security.X509.X509Chain::FindCertificateRoot	CALL	v401 @ X0_v9	[v59 @ X26_v6 (System.Int32)]	0			RUNTIME_DISPATCH		UNRESOLVED	METHOD_POINTER:UNKNOWN_CLASS_SOURCE:CLASS_NOT_AN_INTERFACE_POINTER	[Add]
Mono.Security.X509.X509Store::Load	CALL	v227 @ X21_v6	[v256 @ X8_v10 (System.Int32)]	0			RUNTIME_DISPATCH		UNRESOLVED	METHOD_POINTER:UNKNOWN_CLASS_SOURCE:CLASS_NOT_AN_INTERFACE_POINTER	[Add]
