MoreMountains.Tools.AIState::EnterState	CALL	v143 @ X19_v2 (System.Collections.Generic.IEnumerator`1<MoreMountains.Tools.AIAction>)	v535 @ X1_v11	0	System.IDisposable::Dispose	0x0600079F	RUNTIME_DISPATCH		EXACT	lookup(receiver, interface class, slot) reaches the dispatch pointer; slot = Il2CppMethodDefinition.slot
MoreMountains.Tools.AIState::EnterState	CALL	v201 @ X19_v4 (System.Collections.Generic.IEnumerator`1<MoreMountains.Tools.AITransition>)	v714 @ X1_v15	0	System.IDisposable::Dispose	0x0600079F	RUNTIME_DISPATCH		EXACT	lookup(receiver, interface class, slot) reaches the dispatch pointer; slot = Il2CppMethodDefinition.slot
MoreMountains.Tools.AIState::EnterState	CALL	v308 @ X19_v6 (System.Collections.Generic.IEnumerator`1<MoreMountains.Tools.AIAction>)	v482 @ X1_v24	0	System.IDisposable::Dispose	0x0600079F	RUNTIME_DISPATCH		EXACT	lookup(receiver, interface class, slot) reaches the dispatch pointer; slot = Il2CppMethodDefinition.slot
MoreMountains.Tools.AIState::EnterState	CALL	v308 @ X19_v6 (System.Collections.Generic.IEnumerator`1<MoreMountains.Tools.AIAction>)	v999 @ X1_v22	0	System.IDisposable::Dispose	0x0600079F	RUNTIME_DISPATCH		EXACT	lookup(receiver, interface class, slot) reaches the dispatch pointer; slot = Il2CppMethodDefinition.slot
MoreMountains.Tools.AIState::ExitState	CALL	v143 @ X19_v2 (System.Collections.Generic.IEnumerator`1<MoreMountains.Tools.AIAction>)	v535 @ X1_v11	0	System.IDisposable::Dispose	0x0600079F	RUNTIME_DISPATCH		EXACT	lookup(receiver, interface class, slot) reaches the dispatch pointer; slot = Il2CppMethodDefinition.slot
MoreMountains.Tools.AIState::ExitState	CALL	v201 @ X19_v4 (System.Collections.Generic.IEnumerator`1<MoreMountains.Tools.AITransition>)	v714 @ X1_v15	0	System.IDisposable::Dispose	0x0600079F	RUNTIME_DISPATCH		EXACT	lookup(receiver, interface class, slot) reaches the dispatch pointer; slot = Il2CppMethodDefinition.slot
MoreMountains.Tools.AIState::ExitState	CALL	v308 @ X19_v6 (System.Collections.Generic.IEnumerator`1<MoreMountains.Tools.AIAction>)	v482 @ X1_v24	0	System.IDisposable::Dispose	0x0600079F	RUNTIME_DISPATCH		EXACT	lookup(receiver, interface class, slot) reaches the dispatch pointer; slot = Il2CppMethodDefinition.slot
MoreMountains.Tools.AIState::ExitState	CALL	v308 @ X19_v6 (System.Collections.Generic.IEnumerator`1<MoreMountains.Tools.AIAction>)	v999 @ X1_v22	0	System.IDisposable::Dispose	0x0600079F	RUNTIME_DISPATCH		EXACT	lookup(receiver, interface class, slot) reaches the dispatch pointer; slot = Il2CppMethodDefinition.slot
MoreMountains.Tools.MMDebugMenuCommands::Help	CALL	v582 @ X19_v9 (System.Collections.Generic.IEnumerator`1<System.Reflection.MethodInfo>)	v585 @ X1_v11	0	System.IDisposable::Dispose	0x0600079F	RUNTIME_DISPATCH		EXACT	lookup(receiver, interface class, slot) reaches the dispatch pointer; slot = Il2CppMethodDefinition.slot
MoreMountains.Tools.MMDebugMenuCommands::Help	CALL	v300 @ X19_v7 (System.Collections.Generic.IEnumerator`1<System.Reflection.MethodInfo>)	v474 @ X1_v7	0	System.IDisposable::Dispose	0x0600079F	RUNTIME_DISPATCH		EXACT	lookup(receiver, interface class, slot) reaches the dispatch pointer; slot = Il2CppMethodDefinition.slot
MoreMountains.Tools.MMDebugMenu::FillMenu	CALL	v1321 @ X0_v12 (System.Collections.IEnumerator)	v1473 @ X1_v18	0	System.IDisposable::Dispose	0x0600079F	RUNTIME_DISPATCH		EXACT	lookup(receiver, interface class, slot) reaches the dispatch pointer; slot = Il2CppMethodDefinition.slot
MoreMountains.Tools.MMDebugMenu::FillMenu	CALL	v2573 @ X0_v43 (System.Collections.IEnumerator)	v2747 @ X1_v59	0	System.IDisposable::Dispose	0x0600079F	RUNTIME_DISPATCH		EXACT	lookup(receiver, interface class, slot) reaches the dispatch pointer; slot = Il2CppMethodDefinition.slot
MoreMountains.Tools.MMDebugMenu::FillMenu	CALL	v2417 @ X0_v114 (MoreMountains.Tools.MMDebugMenu)	v2575 @ X1_v71	0	System.IDisposable::Dispose	0x0600079F	RUNTIME_DISPATCH		EXACT	lookup(receiver, interface class, slot) reaches the dispatch pointer; slot = Il2CppMethodDefinition.slot
MoreMountains.Tools.MMDebugMenu::FillMenu	CALL	v2997 @ X0_v119	v3011 @ X1_v69	0	System.IDisposable::Dispose	0x0600079F	RUNTIME_DISPATCH		EXACT	lookup(receiver, interface class, slot) reaches the dispatch pointer; slot = Il2CppMethodDefinition.slot
MoreMountains.Tools.TransformExtensions::MMFindDeepChildBreadthFirst	CALL	v285 @ X0_v6	v339 @ X1_v5	0	System.IDisposable::Dispose	0x0600079F	RUNTIME_DISPATCH		EXACT	lookup(receiver, interface class, slot) reaches the dispatch pointer; slot = Il2CppMethodDefinition.slot
MoreMountains.Tools.TransformExtensions::MMFindDeepChildDepthFirst	CALL	v491 @ X0_v5 (System.Collections.IEnumerator)	v599 @ X1_v5	0	System.IDisposable::Dispose	0x0600079F	RUNTIME_DISPATCH		EXACT	lookup(receiver, interface class, slot) reaches the dispatch pointer; slot = Il2CppMethodDefinition.slot
MoreMountains.Tools.TransformExtensions::MMFindDeepChildDepthFirst	CALL	v338 @ X0_v18	v402 @ X1_v10	0	System.IDisposable::Dispose	0x0600079F	RUNTIME_DISPATCH		EXACT	lookup(receiver, interface class, slot) reaches the dispatch pointer; slot = Il2CppMethodDefinition.slot
MoreMountains.Tools.TransformExtensions::ChangeLayersRecursively	CALL	v321 @ X0_v4 (System.Collections.IEnumerator)	v429 @ X1_v4	0	System.IDisposable::Dispose	0x0600079F	RUNTIME_DISPATCH		EXACT	lookup(receiver, interface class, slot) reaches the dispatch pointer; slot = Il2CppMethodDefinition.slot
MoreMountains.Tools.TransformExtensions::ChangeLayersRecursively	CALL	v212 @ X0_v16	v323 @ X1_v9	0	System.IDisposable::Dispose	0x0600079F	RUNTIME_DISPATCH		EXACT	lookup(receiver, interface class, slot) reaches the dispatch pointer; slot = Il2CppMethodDefinition.slot
MoreMountains.Tools.TransformExtensions::ChangeLayersRecursively	CALL	v337 @ X0_v4 (System.Collections.IEnumerator)	v428 @ X1_v4	0	System.IDisposable::Dispose	0x0600079F	RUNTIME_DISPATCH		EXACT	lookup(receiver, interface class, slot) reaches the dispatch pointer; slot = Il2CppMethodDefinition.slot
MoreMountains.Tools.TransformExtensions::ChangeLayersRecursively	CALL	v244 @ X0_v16	v339 @ X1_v9	0	System.IDisposable::Dispose	0x0600079F	RUNTIME_DISPATCH		EXACT	lookup(receiver, interface class, slot) reaches the dispatch pointer; slot = Il2CppMethodDefinition.slot
MoreMountains.Tools.MMPSBToUIConverter::ConvertToCanvas	CALL	v718 @ X0_v10 (System.Collections.IEnumerator)	v811 @ X1_v33	0	System.IDisposable::Dispose	0x0600079F	RUNTIME_DISPATCH		EXACT	lookup(receiver, interface class, slot) reaches the dispatch pointer; slot = Il2CppMethodDefinition.slot
MoreMountains.Tools.MMPSBToUIConverter::ConvertToCanvas	CALL	v667 @ X0_v75	v744 @ X1_v39	0	System.IDisposable::Dispose	0x0600079F	RUNTIME_DISPATCH		EXACT	lookup(receiver, interface class, slot) reaches the dispatch pointer; slot = Il2CppMethodDefinition.slot
MoreMountains.Tools.MMPSBToUIConverter::CreateImageForChildren	CALL	v583 @ X0_v4 (System.Collections.IEnumerator)	v716 @ X1_v4	0	System.IDisposable::Dispose	0x0600079F	RUNTIME_DISPATCH		EXACT	lookup(receiver, interface class, slot) reaches the dispatch pointer; slot = Il2CppMethodDefinition.slot
MoreMountains.Tools.MMObservable`1::set_Value	CALL	this @ X0 (MoreMountains.Tools.MMObservable`1<T>)	[v446 @ X8_v53 (Il2CppClass<MoreMountains.Tools.MMObservable`1<T>>)+80]	v79 @ X20_v1 (System.Collections.Generic.EqualityComparer`1<T>)			RUNTIME_DISPATCH		UNRESOLVED	TWO_LOADS_OTHER:UNKNOWN_CLASS_SOURCE:CLASS_NOT_AN_INTERFACE_POINTER	[usage:MMObservable`1<T>+0x80]
MoreMountains.Tools.MMTilemapGenerator::Generate	CALL	v200 @ X19_v3 (System.Collections.Generic.IEnumerator`1<MoreMountains.Tools.MMTilemapGeneratorLayer>)	v487 @ X1_v6	0	System.IDisposable::Dispose	0x0600079F	RUNTIME_DISPATCH		EXACT	lookup(receiver, interface class, slot) reaches the dispatch pointer; slot = Il2CppMethodDefinition.slot
MoreMountains.Tools.MMTilemapGenerator::Generate	CALL	v199 @ X19_v5 (System.Collections.Generic.IEnumerator`1<MoreMountains.Tools.MMTilemapGeneratorLayer>)	v343 @ X1_v10	0	System.IDisposable::Dispose	0x0600079F	RUNTIME_DISPATCH		EXACT	lookup(receiver, interface class, slot) reaches the dispatch pointer; slot = Il2CppMethodDefinition.slot
MoreMountains.Tools.MMStateMachine`1::ChangeState	CALL	Type: Il2CppMethodInfo	newState @ X1 (T)	methodInfo @ X2 (Il2CppMethodInfo)			RUNTIME_DISPATCH		UNRESOLVED	TWO_LOADS_OTHER:UNKNOWN_CLASS_SOURCE:CLASS_NOT_AN_INTERFACE_POINTER	param:newState
MoreMountains.Tools.MMAnimationCurveGenerator::GenerateAnimationCurvesAsset	CALL	v341 @ X0_v11 (MoreMountains.Tools.MMTween+MMTweenCurve)	v460 @ X1_v6	0	System.IDisposable::Dispose	0x0600079F	RUNTIME_DISPATCH		EXACT	lookup(receiver, interface class, slot) reaches the dispatch pointer; slot = Il2CppMethodDefinition.slot
MoreMountains.Tools.MMAnimationCurveGenerator::GenerateAnimationCurvesAsset	CALL	v297 @ X0_v23	v343 @ X1_v11	0	System.IDisposable::Dispose	0x0600079F	RUNTIME_DISPATCH		EXACT	lookup(receiver, interface class, slot) reaches the dispatch pointer; slot = Il2CppMethodDefinition.slot
Newtonsoft.Json.Utilities.BidirectionalDictionary`2::Set	CALL	v14 @ X23_v1 (System.Collections.Generic.IDictionary`2<TFirst, TSecond>)	v161 @ X1_v8 (Il2CppClass<System.Collections.Generic.IDictionary`2<TFirst, TSecond>>)	6	System.Collections.Generic.IDictionary`2::TryGetValue	0x06002EC7	RUNTIME_DISPATCH	TFirst,TSecond	EXACT	lookup(receiver, interface class, slot) reaches the dispatch pointer; slot = Il2CppMethodDefinition.slot
Newtonsoft.Json.Utilities.BidirectionalDictionary`2::Set	CALL	v139 @ X23_v5 (System.Collections.Generic.IDictionary`2<TSecond, TFirst>)	v322 @ X1_v12 (Il2CppClass<System.Collections.Generic.IDictionary`2<TSecond, TFirst>>)	6	System.Collections.Generic.IDictionary`2::TryGetValue	0x06002EC7	RUNTIME_DISPATCH	TSecond,TFirst	EXACT	lookup(receiver, interface class, slot) reaches the dispatch pointer; slot = Il2CppMethodDefinition.slot
Newtonsoft.Json.Utilities.BidirectionalDictionary`2::Set	CALL	v140 @ X23_v6 (System.Collections.Generic.IDictionary`2<TFirst, TSecond>)	v467 @ X1_v16 (Il2CppClass<System.Collections.Generic.IDictionary`2<TFirst, TSecond>>)	4	System.Collections.Generic.IDictionary`2::Add	0x06002EC5	RUNTIME_DISPATCH	TFirst,TSecond	EXACT	lookup(receiver, interface class, slot) reaches the dispatch pointer; slot = Il2CppMethodDefinition.slot
Newtonsoft.Json.Utilities.BidirectionalDictionary`2::Set	CALL	v121 @ X22_v5 (System.Collections.Generic.IDictionary`2<TSecond, TFirst>)	v545 @ X1_v19 (Il2CppClass<System.Collections.Generic.IDictionary`2<TSecond, TFirst>>)	4	System.Collections.Generic.IDictionary`2::Add	0x06002EC5	RUNTIME_DISPATCH	TSecond,TFirst	EXACT	lookup(receiver, interface class, slot) reaches the dispatch pointer; slot = Il2CppMethodDefinition.slot
Newtonsoft.Json.Utilities.BidirectionalDictionary`2::TryGetByFirst	TAIL	v8 @ X21_v1 (System.Collections.Generic.IDictionary`2<TFirst, TSecond>)	v39 @ X1_v2 (Il2CppClass<System.Collections.Generic.IDictionary`2<TFirst, TSecond>>)	6	System.Collections.Generic.IDictionary`2::TryGetValue	0x06002EC7	RUNTIME_DISPATCH	TFirst,TSecond	EXACT	lookup(receiver, interface class, slot) reaches the dispatch pointer; slot = Il2CppMethodDefinition.slot
Newtonsoft.Json.Utilities.BidirectionalDictionary`2::TryGetBySecond	TAIL	v8 @ X21_v1 (System.Collections.Generic.IDictionary`2<TSecond, TFirst>)	v39 @ X1_v2 (Il2CppClass<System.Collections.Generic.IDictionary`2<TSecond, TFirst>>)	6	System.Collections.Generic.IDictionary`2::TryGetValue	0x06002EC7	RUNTIME_DISPATCH	TSecond,TFirst	EXACT	lookup(receiver, interface class, slot) reaches the dispatch pointer; slot = Il2CppMethodDefinition.slot
Newtonsoft.Json.Utilities.CollectionUtils::IsNullOrEmpty	CALL	collection @ X0 (System.Collections.Generic.ICollection`1<T>)	v45 @ X1_v3 (Il2CppClass<System.Collections.Generic.ICollection`1<T>>)	0	System.Collections.Generic.ICollection`1::get_Count	0x06002EB9	RUNTIME_DISPATCH	T	EXACT	lookup(receiver, interface class, slot) reaches the dispatch pointer; slot = Il2CppMethodDefinition.slot
Newtonsoft.Json.Utilities.CollectionUtils::AddRange	CALL	collection @ X1 (System.Collections.Generic.IEnumerable`1<T>)	v127 @ X1_v14 (Il2CppClass<System.Collections.Generic.IEnumerable`1<T>>)	0	System.Collections.Generic.IEnumerable`1::GetEnumerator	0x06002EC8	RUNTIME_DISPATCH	T	EXACT	lookup(receiver, interface class, slot) reaches the dispatch pointer; slot = Il2CppMethodDefinition.slot
Newtonsoft.Json.Utilities.CollectionUtils::AddRange	CALL	v264 @ X0_v45 (System.Collections.IEnumerator)	v480 @ X1_v20 (Il2CppClass<System.Collections.Generic.IEnumerator`1<T>>)	0	System.Collections.Generic.IEnumerator`1::get_Current	0x06002EC9	RUNTIME_DISPATCH	T	EXACT	lookup(receiver, interface class, slot) reaches the dispatch pointer; slot = Il2CppMethodDefinition.slot
Newtonsoft.Json.Utilities.CollectionUtils::AddRange	CALL	initial @ X0 (System.Collections.Generic.IList`1<T>)	v726 @ X1_v23 (Il2CppClass<System.Collections.Generic.ICollection`1<T>>)	2	System.Collections.Generic.ICollection`1::Add	0x06002EBB	RUNTIME_DISPATCH	T	EXACT	lookup(receiver, interface class, slot) reaches the dispatch pointer; slot = Il2CppMethodDefinition.slot
Newtonsoft.Json.Utilities.CollectionUtils::IndexOf	CALL	collection @ X0 (System.Collections.Generic.IEnumerable`1<T>)	v112 @ X1_v13 (Il2CppClass<System.Collections.Generic.IEnumerable`1<T>>)	0	System.Collections.Generic.IEnumerable`1::GetEnumerator	0x06002EC8	RUNTIME_DISPATCH	T	EXACT	lookup(receiver, interface class, slot) reaches the dispatch pointer; slot = Il2CppMethodDefinition.slot
Newtonsoft.Json.Utilities.CollectionUtils::IndexOf	CALL	v151 @ X0_v38 (System.Collections.IEnumerator)	v609 @ X1_v19 (Il2CppClass<System.Collections.Generic.IEnumerator`1<T>>)	0	System.Collections.Generic.IEnumerator`1::get_Current	0x06002EC9	RUNTIME_DISPATCH	T	EXACT	lookup(receiver, interface class, slot) reaches the dispatch pointer; slot = Il2CppMethodDefinition.slot
Newtonsoft.Json.Utilities.CollectionWrapper`1::Add	CALL	this._genericCollection (System.Collections.Generic.ICollection`1<T>)	Type: Il2CppClass<System.Collections.Generic.ICollection`1<T>>	2	System.Collections.Generic.ICollection`1::Add	0x06002EBB	RUNTIME_DISPATCH		UNRESOLVED	INVOKER_THROUGH_METHOD:METADATA_USAGE:DISPATCH_PATH_NOT_RECOVERED	
Newtonsoft.Json.Utilities.CollectionWrapper`1::Clear	TAIL	v37 @ X19_v2 (System.Collections.Generic.ICollection`1<T>)	v162 @ X1_v4 (Il2CppClass<System.Collections.IList>)	v150 @ X2_v3 (System.Int32)			RUNTIME_DISPATCH		UNRESOLVED	METHOD_POINTER:TYPED_CLASS_LOCAL:SLOT_NAMES_NO_METHOD	
Newtonsoft.Json.Utilities.CollectionWrapper`1::Contains	CALL	this._genericCollection (System.Collections.Generic.ICollection`1<T>)	Type: Il2CppClass<System.Collections.Generic.ICollection`1<T>>	4	System.Collections.Generic.ICollection`1::Contains	0x06002EBD	RUNTIME_DISPATCH		UNRESOLVED	INVOKER_THROUGH_METHOD:METADATA_USAGE:DISPATCH_PATH_NOT_RECOVERED	
Newtonsoft.Json.Utilities.CollectionWrapper`1::CopyTo	TAIL	v171 @ X0_v6	v170 @ X1_v4 (Il2CppClass<System.Collections.ICollection>)	v158 @ X2_v3 (System.Int32)			RUNTIME_DISPATCH		UNRESOLVED	METHOD_POINTER:TYPED_CLASS_LOCAL:SLOT_NAMES_NO_METHOD	
Newtonsoft.Json.Utilities.CollectionWrapper`1::get_Count	TAIL	v165 @ X0_v6	v164 @ X1_v4 (Il2CppClass<System.Collections.ICollection>)	v152 @ X2_v3 (System.Int32)			RUNTIME_DISPATCH		UNRESOLVED	METHOD_POINTER:TYPED_CLASS_LOCAL:SLOT_NAMES_NO_METHOD	
Newtonsoft.Json.Utilities.CollectionWrapper`1::get_IsReadOnly	TAIL	v37 @ X19_v2 (System.Collections.Generic.ICollection`1<T>)	v162 @ X1_v4 (Il2CppClass<System.Collections.IList>)	v150 @ X2_v3 (System.Int32)			RUNTIME_DISPATCH		UNRESOLVED	METHOD_POINTER:TYPED_CLASS_LOCAL:SLOT_NAMES_NO_METHOD	
Newtonsoft.Json.Utilities.CollectionWrapper`1::Remove	CALL	this._genericCollection (System.Collections.Generic.ICollection`1<T>)	Type: Il2CppClass<System.Collections.Generic.ICollection`1<T>>	6	System.Collections.Generic.ICollection`1::Remove	0x06002EBF	RUNTIME_DISPATCH		UNRESOLVED	INVOKER_THROUGH_METHOD:METADATA_USAGE:DISPATCH_PATH_NOT_RECOVERED	
Newtonsoft.Json.Utilities.CollectionWrapper`1::GetEnumerator	TAIL	v39 @ X19_v2 (System.Collections.Generic.ICollection`1<T>)	v50 @ X1_v3 (Il2CppClass<System.Collections.Generic.IEnumerable`1<T>>)	0	System.Collections.Generic.IEnumerable`1::GetEnumerator	0x06002EC8	RUNTIME_DISPATCH	T	EXACT	lookup(receiver, interface class, slot) reaches the dispatch pointer; slot = Il2CppMethodDefinition.slot
Newtonsoft.Json.Utilities.CollectionWrapper`1::System.Collections.IList.get_IsFixedSize	TAIL	v37 @ X19_v2 (System.Collections.Generic.ICollection`1<T>)	v162 @ X1_v4 (Il2CppClass<System.Collections.IList>)	v150 @ X2_v3 (System.Int32)			RUNTIME_DISPATCH		UNRESOLVED	METHOD_POINTER:TYPED_CLASS_LOCAL:SLOT_NAMES_NO_METHOD	
Newtonsoft.Json.Utilities.ConvertUtils::EnsureTypeAssignable	CALL	v98.CastConverters (Newtonsoft.Json.Utilities.ThreadSafeStore`2<Newtonsoft.Json.Utilities.StructMultiKey`2<System.Type, System.Type>, System.Func`2<System.Object, System.Object>>)	0	0			RUNTIME_DISPATCH		UNRESOLVED	METHOD_POINTER:UNKNOWN_CLASS_SOURCE:CLASS_NOT_AN_INTERFACE_POINTER	Immediate
Newtonsoft.Json.Utilities.DictionaryWrapper`2+DictionaryEnumerator`2::get_Current	CALL	v129 @ X27_v1 (System.Collections.Generic.IEnumerator`1<System.Collections.Generic.KeyValuePair`2<TEnumeratorKey, TEnumeratorValue>>)	Type: Il2CppClass<System.Collections.Generic.IEnumerator`1<System.Collections.Generic.KeyValuePair`2<TEnumeratorKey, TEnumeratorValue>>>	0	System.Collections.Generic.IEnumerator`1::get_Current	0x06002EC9	RUNTIME_DISPATCH		UNRESOLVED	INVOKER_THROUGH_METHOD:METADATA_USAGE:DISPATCH_PATH_NOT_RECOVERED	
Newtonsoft.Json.Utilities.DictionaryWrapper`2+DictionaryEnumerator`2::get_Current	CALL	v148 @ X25_v4 (System.Collections.Generic.IEnumerator`1<System.Collections.Generic.KeyValuePair`2<TEnumeratorKey, TEnumeratorValue>>)	Type: Il2CppClass<System.Collections.Generic.IEnumerator`1<System.Collections.Generic.KeyValuePair`2<TEnumeratorKey, TEnumeratorValue>>>	0	System.Collections.Generic.IEnumerator`1::get_Current	0x06002EC9	RUNTIME_DISPATCH		UNRESOLVED	INVOKER_THROUGH_METHOD:METADATA_USAGE:DISPATCH_PATH_NOT_RECOVERED	
Newtonsoft.Json.Utilities.DictionaryWrapper`2::Add	CALL	this._genericDictionary (System.Collections.Generic.IDictionary`2<TKey, TValue>)	Type: Il2CppClass<System.Collections.Generic.IDictionary`2<TKey, TValue>>	4	System.Collections.Generic.IDictionary`2::Add	0x06002EC5	RUNTIME_DISPATCH		UNRESOLVED	INVOKER_THROUGH_METHOD:METADATA_USAGE:DISPATCH_PATH_NOT_RECOVERED	
Newtonsoft.Json.Utilities.DictionaryWrapper`2::ContainsKey	CALL	v450 @ X0_v12 (System.Collections.Generic.IReadOnlyDictionary`2<TKey, TValue>)	v187 @ X1_v16 (Il2CppClass<System.Collections.Generic.IReadOnlyDictionary`2<TKey, TValue>>)	v424 @ X2_v6 (System.Int32)			RUNTIME_DISPATCH		UNRESOLVED	INVOKER_THROUGH_METHOD:TYPED_CLASS_LOCAL:SLOT_NAMES_NO_METHOD	
Newtonsoft.Json.Utilities.DictionaryWrapper`2::Remove	CALL	v95 @ X0_v15 (System.Collections.Generic.IDictionary`2<TKey, TValue>)	Type: Il2CppClass<System.Collections.Generic.IDictionary`2<TKey, TValue>>	5	System.Collections.Generic.IDictionary`2::Remove	0x06002EC6	RUNTIME_DISPATCH		UNRESOLVED	INVOKER_THROUGH_METHOD:METADATA_USAGE:DISPATCH_PATH_NOT_RECOVERED	
Newtonsoft.Json.Utilities.DictionaryWrapper`2::TryGetValue	CALL	v107 @ X0_v16 (System.Collections.Generic.IDictionary`2<TKey, TValue>)	Type: Il2CppClass<System.Collections.Generic.IDictionary`2<TKey, TValue>>	6	System.Collections.Generic.IDictionary`2::TryGetValue	0x06002EC7	RUNTIME_DISPATCH		UNRESOLVED	INVOKER_THROUGH_METHOD:METADATA_USAGE:DISPATCH_PATH_NOT_RECOVERED	
Newtonsoft.Json.Utilities.DictionaryWrapper`2::get_Values	CALL	this._readOnlyDictionary (System.Collections.Generic.IReadOnlyDictionary`2<TKey, TValue>)	Type: Il2CppClass<System.Collections.Generic.IReadOnlyDictionary`2<TKey, TValue>>	3	System.Collections.Generic.IReadOnlyDictionary`2::get_Values	0x06002ED5	RUNTIME_DISPATCH	TKey,TValue	EXACT	lookup(receiver, interface class, slot) reaches the dispatch pointer; slot = Il2CppMethodDefinition.slot
Newtonsoft.Json.Utilities.DictionaryWrapper`2::get_Item	CALL	v451 @ X0_v12 (System.Collections.Generic.IReadOnlyDictionary`2<TKey, TValue>)	v203 @ X1_v17 (Il2CppClass<System.Collections.Generic.IReadOnlyDictionary`2<TKey, TValue>>)	v424 @ X2_v7 (System.Int32)			RUNTIME_DISPATCH		UNRESOLVED	INVOKER_THROUGH_METHOD:TYPED_CLASS_LOCAL:SLOT_NAMES_NO_METHOD	
Newtonsoft.Json.Utilities.DictionaryWrapper`2::set_Item	CALL	v109 @ X0_v14 (System.Collections.Generic.IDictionary`2<TKey, TValue>)	Type: Il2CppClass<System.Collections.Generic.IDictionary`2<TKey, TValue>>	1	System.Collections.Generic.IDictionary`2::set_Item	0x06002EC2	RUNTIME_DISPATCH		UNRESOLVED	INVOKER_THROUGH_METHOD:METADATA_USAGE:DISPATCH_PATH_NOT_RECOVERED	
Newtonsoft.Json.Utilities.DictionaryWrapper`2::Add	CALL	v51._genericDictionary (System.Collections.Generic.IDictionary`2<TKey, TValue>)	Type: Il2CppClass<System.Collections.Generic.ICollection`1<System.Collections.Generic.KeyValuePair`2<TKey, TValue>>>	2	System.Collections.Generic.ICollection`1::Add	0x06002EBB	RUNTIME_DISPATCH		UNRESOLVED	INVOKER_THROUGH_METHOD:METADATA_USAGE:DISPATCH_PATH_NOT_RECOVERED	
Newtonsoft.Json.Utilities.DictionaryWrapper`2::Clear	TAIL	v207 @ X19_v3 (System.Collections.IDictionary)	v138 @ X1_v4 (Il2CppClass<System.Collections.IDictionary>)	v118 @ X2_v3 (System.Int32)			RUNTIME_DISPATCH		UNRESOLVED	METHOD_POINTER:TYPED_CLASS_LOCAL:SLOT_NAMES_NO_METHOD	
Newtonsoft.Json.Utilities.DictionaryWrapper`2::Contains	CALL	v87 @ X0_v12 (System.Collections.Generic.IDictionary`2<TKey, TValue>)	Type: Il2CppClass<System.Collections.Generic.ICollection`1<System.Collections.Generic.KeyValuePair`2<TKey, TValue>>>	4	System.Collections.Generic.ICollection`1::Contains	0x06002EBD	RUNTIME_DISPATCH		UNRESOLVED	INVOKER_THROUGH_METHOD:METADATA_USAGE:DISPATCH_PATH_NOT_RECOVERED	
Newtonsoft.Json.Utilities.DictionaryWrapper`2::CopyTo	CALL	v906 @ X0_v4 (System.OutOfMemoryException)	v1014 @ X1_v4	0	System.IDisposable::Dispose	0x0600079F	RUNTIME_DISPATCH		EXACT	lookup(receiver, interface class, slot) reaches the dispatch pointer; slot = Il2CppMethodDefinition.slot
Newtonsoft.Json.Utilities.DictionaryWrapper`2::CopyTo	CALL	v260 @ X0_v47 (System.Collections.Generic.IDictionary`2<TKey, TValue>)	v449 @ X1_v20 (Il2CppClass<System.Collections.Generic.ICollection`1<System.Collections.Generic.KeyValuePair`2<TKey, TValue>>>)	5	System.Collections.Generic.ICollection`1::CopyTo	0x06002EBE	RUNTIME_DISPATCH	System.Collections.Generic.KeyValuePair`2<TKey, TValue>	EXACT	lookup(receiver, interface class, slot) reaches the dispatch pointer; slot = Il2CppMethodDefinition.slot
Newtonsoft.Json.Utilities.DictionaryWrapper`2::get_Count	TAIL	v148 @ X0_v6 (System.Collections.IDictionary)	v142 @ X1_v4 (Il2CppClass<System.Collections.ICollection>)	v122 @ X2_v3 (System.Int32)			RUNTIME_DISPATCH		UNRESOLVED	METHOD_POINTER:TYPED_CLASS_LOCAL:SLOT_NAMES_NO_METHOD	
Newtonsoft.Json.Utilities.DictionaryWrapper`2::get_IsReadOnly	TAIL	v245 @ X19_v3 (System.Collections.IDictionary)	v139 @ X1_v2 (Il2CppClass<System.Collections.IDictionary>)	v119 @ X2_v1 (System.Int32)			RUNTIME_DISPATCH		UNRESOLVED	METHOD_POINTER:TYPED_CLASS_LOCAL:SLOT_NAMES_NO_METHOD	
Newtonsoft.Json.Utilities.DictionaryWrapper`2::Remove	CALL	v110 @ X0_v15 (System.Collections.Generic.IDictionary`2<TKey, TValue>)	Type: Il2CppClass<System.Collections.Generic.ICollection`1<System.Collections.Generic.KeyValuePair`2<TKey, TValue>>>	6	System.Collections.Generic.ICollection`1::Remove	0x06002EBF	RUNTIME_DISPATCH		UNRESOLVED	INVOKER_THROUGH_METHOD:METADATA_USAGE:DISPATCH_PATH_NOT_RECOVERED	
Newtonsoft.Json.Utilities.DictionaryWrapper`2::System.Collections.IDictionary.Add	CALL	v127 @ X0_v14 (System.Collections.Generic.IDictionary`2<TKey, TValue>)	Type: Il2CppClass<System.Collections.Generic.IDictionary`2<TKey, TValue>>	4	System.Collections.Generic.IDictionary`2::Add	0x06002EC5	RUNTIME_DISPATCH		UNRESOLVED	INVOKER_THROUGH_METHOD:METADATA_USAGE:DISPATCH_PATH_NOT_RECOVERED	
Newtonsoft.Json.Utilities.DictionaryWrapper`2::System.Collections.IDictionary.get_Item	CALL	v458 @ X0_v12 (System.Collections.Generic.IReadOnlyDictionary`2<TKey, TValue>)	v273 @ X1_v18 (Il2CppClass<System.Collections.Generic.IReadOnlyDictionary`2<TKey, TValue>>)	v433 @ X2_v6 (System.Int32)			RUNTIME_DISPATCH		UNRESOLVED	INVOKER_THROUGH_METHOD:TYPED_CLASS_LOCAL:SLOT_NAMES_NO_METHOD	
Newtonsoft.Json.Utilities.DictionaryWrapper`2::System.Collections.IDictionary.set_Item	CALL	v127 @ X0_v14 (System.Collections.Generic.IDictionary`2<TKey, TValue>)	Type: Il2CppClass<System.Collections.Generic.IDictionary`2<TKey, TValue>>	1	System.Collections.Generic.IDictionary`2::set_Item	0x06002EC2	RUNTIME_DISPATCH		UNRESOLVED	INVOKER_THROUGH_METHOD:METADATA_USAGE:DISPATCH_PATH_NOT_RECOVERED	
Newtonsoft.Json.Utilities.DictionaryWrapper`2::System.Collections.IDictionary.GetEnumerator	CALL	v216 @ X20_v7 (System.Collections.Generic.IReadOnlyDictionary`2<TKey, TValue>)	v200 @ X1_v6 (Il2CppClass<System.Collections.Generic.IEnumerable`1<System.Collections.Generic.KeyValuePair`2<TKey, TValue>>>)	0	System.Collections.Generic.IEnumerable`1::GetEnumerator	0x06002EC8	RUNTIME_DISPATCH	System.Collections.Generic.KeyValuePair`2<TKey, TValue>	EXACT	lookup(receiver, interface class, slot) reaches the dispatch pointer; slot = Il2CppMethodDefinition.slot
Newtonsoft.Json.Utilities.DictionaryWrapper`2::System.Collections.IDictionary.Contains	CALL	v439 @ X0_v8 (System.Collections.Generic.IDictionary`2<TKey, TValue>)	v109 @ X1_v17 (Il2CppClass<System.Collections.Generic.IDictionary`2<TKey, TValue>>)	v414 @ X2_v4 (System.Int32)			RUNTIME_DISPATCH		UNRESOLVED	INVOKER_THROUGH_METHOD:TYPED_CLASS_LOCAL:SLOT_NAMES_NO_METHOD	
Newtonsoft.Json.Utilities.DictionaryWrapper`2::Remove	CALL	v115 @ X0_v14 (System.Collections.Generic.IDictionary`2<TKey, TValue>)	Type: Il2CppClass<System.Collections.Generic.IDictionary`2<TKey, TValue>>	5	System.Collections.Generic.IDictionary`2::Remove	0x06002EC6	RUNTIME_DISPATCH		UNRESOLVED	INVOKER_THROUGH_METHOD:METADATA_USAGE:DISPATCH_PATH_NOT_RECOVERED	
Newtonsoft.Json.Utilities.DictionaryWrapper`2::System.Collections.IDictionary.get_Values	TAIL	v63 @ X19_v4 (System.Collections.IDictionary)	Type: System.Collections.IDictionary	2	System.Collections.IDictionary::get_Values	0x06002BBF	RUNTIME_DISPATCH		EXACT	lookup(receiver, interface class, slot) reaches the dispatch pointer; slot = Il2CppMethodDefinition.slot
Newtonsoft.Json.Utilities.DictionaryWrapper`2::System.Collections.IDictionary.get_Values	CALL	v37 @ X20_v2 (System.Collections.Generic.IDictionary`2<TKey, TValue>)	v50 @ X1_v13 (Il2CppClass<System.Collections.Generic.IDictionary`2<TKey, TValue>>)	v329 @ X2_v2 (System.Int32)			RUNTIME_DISPATCH		UNRESOLVED	METHOD_POINTER:TYPED_CLASS_LOCAL:SLOT_NAMES_NO_METHOD	
Newtonsoft.Json.Utilities.DictionaryWrapper`2::System.Collections.ICollection.CopyTo	TAIL	v100 @ X0_v16 (System.Collections.Generic.IDictionary`2<TKey, TValue>)	Type: Il2CppClass<System.Collections.Generic.ICollection`1<System.Collections.Generic.KeyValuePair`2<TKey, TValue>>>	5	System.Collections.Generic.ICollection`1::CopyTo	0x06002EBE	RUNTIME_DISPATCH	System.Collections.Generic.KeyValuePair`2<TKey, TValue>	EXACT	lookup(receiver, interface class, slot) reaches the dispatch pointer; slot = Il2CppMethodDefinition.slot
Newtonsoft.Json.Utilities.JavaScriptUtils::.cctor	CALL	v1684 @ X20_v28 (System.Collections.Generic.IEnumerator`1<System.Char>)	v1690 @ X1_v60	0	System.IDisposable::Dispose	0x0600079F	RUNTIME_DISPATCH		EXACT	lookup(receiver, interface class, slot) reaches the dispatch pointer; slot = Il2CppMethodDefinition.slot
Newtonsoft.Json.Utilities.JavaScriptUtils::.cctor	CALL	v347 @ X0_v52	v2127 @ X1_v26	0	System.Collections.Generic.IEnumerable`1::GetEnumerator	0x06002EC8	RUNTIME_DISPATCH	System.Char	EXACT	lookup(receiver, interface class, slot) reaches the dispatch pointer; slot = Il2CppMethodDefinition.slot
Newtonsoft.Json.Utilities.JavaScriptUtils::.cctor	CALL	v1406 @ X20_v27 (System.Collections.IEnumerator)	v1412 @ X1_v57	0	System.IDisposable::Dispose	0x0600079F	RUNTIME_DISPATCH		EXACT	lookup(receiver, interface class, slot) reaches the dispatch pointer; slot = Il2CppMethodDefinition.slot
Newtonsoft.Json.Utilities.JavaScriptUtils::.cctor	CALL	v348 @ X0_v28	v1744 @ X1_v16	0	System.Collections.Generic.IEnumerable`1::GetEnumerator	0x06002EC8	RUNTIME_DISPATCH	System.Char	EXACT	lookup(receiver, interface class, slot) reaches the dispatch pointer; slot = Il2CppMethodDefinition.slot
Newtonsoft.Json.Utilities.JavaScriptUtils::.cctor	CALL	v741 @ X19_v4 (System.Collections.Generic.List`1<System.Char>)	v1017 @ X1_v10	0	System.IDisposable::Dispose	0x0600079F	RUNTIME_DISPATCH		EXACT	lookup(receiver, interface class, slot) reaches the dispatch pointer; slot = Il2CppMethodDefinition.slot
Newtonsoft.Json.Utilities.JavaScriptUtils::.cctor	CALL	v740 @ X19_v9 (System.Collections.Generic.List`1<System.Char>)	v822 @ X1_v43	0	System.IDisposable::Dispose	0x0600079F	RUNTIME_DISPATCH		EXACT	lookup(receiver, interface class, slot) reaches the dispatch pointer; slot = Il2CppMethodDefinition.slot
Newtonsoft.Json.Utilities.JavaScriptUtils::.cctor	CALL	0	v1338 @ X1_v41	0	System.IDisposable::Dispose	0x0600079F	RUNTIME_DISPATCH		EXACT	lookup(receiver, interface class, slot) reaches the dispatch pointer; slot = Il2CppMethodDefinition.slot
Newtonsoft.Json.Utilities.JavaScriptUtils::.cctor	CALL	0	v1587 @ X1_v39	0	System.IDisposable::Dispose	0x0600079F	RUNTIME_DISPATCH		EXACT	lookup(receiver, interface class, slot) reaches the dispatch pointer; slot = Il2CppMethodDefinition.slot
Newtonsoft.Json.Utilities.ReflectionDelegateFactory::CreateGet	TAIL	[v257 @ X8_v10+140]	v234 @ X1_v9 (Il2CppMethodInfo)	v209 @ X2_v1 (Il2CppMethodInfo)			RUNTIME_DISPATCH		UNRESOLVED	METHOD_POINTER:UNKNOWN_CLASS_SOURCE:CLASS_NOT_AN_INTERFACE_POINTER	{RuntimeMethodInfoAnalysisContext | RuntimeMethodInfoAnalysisContext}
Newtonsoft.Json.Utilities.ReflectionDelegateFactory::CreateSet	TAIL	[v170 @ X8_v7+140]	v150 @ X1_v4 (Il2CppMethodInfo)	methodInfo @ X2 (Il2CppMethodInfo)			RUNTIME_DISPATCH		UNRESOLVED	METHOD_POINTER:UNKNOWN_CLASS_SOURCE:CLASS_NOT_AN_INTERFACE_POINTER	{RuntimeMethodInfoAnalysisContext | RuntimeMethodInfoAnalysisContext}
Newtonsoft.Json.Utilities.ReflectionUtils::GetChildPrivateProperties	CALL	initialProperties @ X0 (System.Collections.Generic.IList`1<System.Reflection.PropertyInfo>)	v654 @ X1_v14 (Il2CppClass<System.Collections.Generic.ICollection`1<System.Reflection.PropertyInfo>>)	2	System.Collections.Generic.ICollection`1::Add	0x06002EBB	RUNTIME_DISPATCH	System.Reflection.PropertyInfo	EXACT	lookup(receiver, interface class, slot) reaches the dispatch pointer; slot = Il2CppMethodDefinition.slot
Newtonsoft.Json.Serialization.JsonSerializerInternalReader::CreateJToken	CALL	v425 @ X21_v4 (Newtonsoft.Json.Linq.JTokenWriter)	v427 @ X1_v6	0	System.IDisposable::Dispose	0x0600079F	RUNTIME_DISPATCH		EXACT	lookup(receiver, interface class, slot) reaches the dispatch pointer; slot = Il2CppMethodDefinition.slot
Newtonsoft.Json.Serialization.JsonSerializerInternalReader::CreateJToken	CALL	v467 @ X0_v21 (System.Globalization.CultureInfo)	v582 @ X1_v16	0	System.IDisposable::Dispose	0x0600079F	RUNTIME_DISPATCH		EXACT	lookup(receiver, interface class, slot) reaches the dispatch pointer; slot = Il2CppMethodDefinition.slot
Newtonsoft.Json.Serialization.JsonSerializerInternalReader::CreateObjectUsingCreatorWithParameters	CALL	v4515 @ X27_v66 (Newtonsoft.Json.Utilities.IWrappedCollection)	v5417 @ X1_v131	6	System.Collections.IList::get_IsFixedSize	0x06002BD5	RUNTIME_DISPATCH		EXACT	lookup(receiver, interface class, slot) reaches the dispatch pointer; slot = Il2CppMethodDefinition.slot
Newtonsoft.Json.Serialization.JsonSerializerInternalReader::CreateObjectUsingCreatorWithParameters	CALL	v4515 @ X27_v66 (Newtonsoft.Json.Utilities.IWrappedCollection)	v6145 @ X1_v145	2	System.Collections.IList::Add	0x06002BD1	RUNTIME_DISPATCH		EXACT	lookup(receiver, interface class, slot) reaches the dispatch pointer; slot = Il2CppMethodDefinition.slot
Newtonsoft.Json.Serialization.JsonSerializerInternalReader::CreateObjectUsingCreatorWithParameters	CALL	v2069 @ X0_v89 (System.IDisposable)	Type: System.IDisposable	0	System.IDisposable::Dispose	0x0600079F	RUNTIME_DISPATCH		EXACT	lookup(receiver, interface class, slot) reaches the dispatch pointer; slot = Il2CppMethodDefinition.slot
Newtonsoft.Json.Serialization.JsonSerializerInternalReader::CreateObjectUsingCreatorWithParameters	CALL	v4097 @ X0_v55 (System.IDisposable)	Type: System.IDisposable	0	System.IDisposable::Dispose	0x0600079F	RUNTIME_DISPATCH		EXACT	lookup(receiver, interface class, slot) reaches the dispatch pointer; slot = Il2CppMethodDefinition.slot
Newtonsoft.Json.Serialization.JsonSerializerInternalWriter::SerializeDictionary	CALL	v839 @ X0_v9 (System.Collections.IDictionaryEnumerator)	v943 @ X1_v11	0	System.IDisposable::Dispose	0x0600079F	RUNTIME_DISPATCH		EXACT	lookup(receiver, interface class, slot) reaches the dispatch pointer; slot = Il2CppMethodDefinition.slot
Newtonsoft.Json.Linq.JContainer::.ctor	CALL	v164 @ X19_v2 (System.Collections.Generic.IEnumerator`1<Newtonsoft.Json.Linq.JToken>)	v156 @ X1_v3	0	System.IDisposable::Dispose	0x0600079F	RUNTIME_DISPATCH		EXACT	lookup(receiver, interface class, slot) reaches the dispatch pointer; slot = Il2CppMethodDefinition.slot
Newtonsoft.Json.Linq.JContainer::.ctor	CALL	v376 @ X19_v6 (System.Collections.Generic.IEnumerator`1<Newtonsoft.Json.Linq.JToken>)	v575 @ X1_v9	0	System.IDisposable::Dispose	0x0600079F	RUNTIME_DISPATCH		EXACT	lookup(receiver, interface class, slot) reaches the dispatch pointer; slot = Il2CppMethodDefinition.slot
Newtonsoft.Json.Linq.JContainer::ClearItems	CALL	v229 @ X21_v1 (System.Collections.Generic.IEnumerator`1<Newtonsoft.Json.Linq.JToken>)	v509 @ X1_v11	0	System.IDisposable::Dispose	0x0600079F	RUNTIME_DISPATCH		EXACT	lookup(receiver, interface class, slot) reaches the dispatch pointer; slot = Il2CppMethodDefinition.slot
Newtonsoft.Json.Linq.JContainer::ClearItems	CALL	v228 @ X21_v4 (System.Collections.Generic.IEnumerator`1<Newtonsoft.Json.Linq.JToken>)	v383 @ X1_v15	0	System.IDisposable::Dispose	0x0600079F	RUNTIME_DISPATCH		EXACT	lookup(receiver, interface class, slot) reaches the dispatch pointer; slot = Il2CppMethodDefinition.slot
Newtonsoft.Json.Linq.JContainer::CopyItemsTo	CALL	v375 @ X19_v2 (Newtonsoft.Json.Linq.JContainer)	v637 @ X1_v3	0	System.IDisposable::Dispose	0x0600079F	RUNTIME_DISPATCH		EXACT	lookup(receiver, interface class, slot) reaches the dispatch pointer; slot = Il2CppMethodDefinition.slot
Newtonsoft.Json.Linq.JContainer::CopyItemsTo	CALL	v374 @ X19_v4 (Newtonsoft.Json.Linq.JContainer)	v512 @ X1_v7	0	System.IDisposable::Dispose	0x0600079F	RUNTIME_DISPATCH		EXACT	lookup(receiver, interface class, slot) reaches the dispatch pointer; slot = Il2CppMethodDefinition.slot
Newtonsoft.Json.Linq.JEnumerable`1::GetEnumerator	CALL	v29 @ X20_v2 (System.Collections.Generic.IEnumerable`1<T>)	v73 @ X1_v3 (Il2CppClass<System.Collections.Generic.IEnumerable`1<T>>)	0	System.Collections.Generic.IEnumerable`1::GetEnumerator	0x06002EC8	RUNTIME_DISPATCH	T	EXACT	lookup(receiver, interface class, slot) reaches the dispatch pointer; slot = Il2CppMethodDefinition.slot
Newtonsoft.Json.Linq.JObject::System.Collections.Generic.ICollection<System.Collections.Generic.KeyValuePair<System.String,Newtonsoft.Json.Linq.JToken>>.CopyTo	CALL	v411 @ X19_v2 (System.Collections.Generic.IEnumerator`1<Newtonsoft.Json.Linq.JToken>)	v713 @ X1_v3	0	System.IDisposable::Dispose	0x0600079F	RUNTIME_DISPATCH		EXACT	lookup(receiver, interface class, slot) reaches the dispatch pointer; slot = Il2CppMethodDefinition.slot
Newtonsoft.Json.Linq.JObject::System.Collections.Generic.ICollection<System.Collections.Generic.KeyValuePair<System.String,Newtonsoft.Json.Linq.JToken>>.CopyTo	CALL	v410 @ X19_v4 (System.Collections.Generic.IEnumerator`1<Newtonsoft.Json.Linq.JToken>)	v569 @ X1_v7	0	System.IDisposable::Dispose	0x0600079F	RUNTIME_DISPATCH		EXACT	lookup(receiver, interface class, slot) reaches the dispatch pointer; slot = Il2CppMethodDefinition.slot
Newtonsoft.Json.Converters.DataSetConverter::WriteJson	CALL	v551 @ X0_v4 (System.Data.DataSet)	v682 @ X1_v5	0	System.IDisposable::Dispose	0x0600079F	RUNTIME_DISPATCH		EXACT	lookup(receiver, interface class, slot) reaches the dispatch pointer; slot = Il2CppMethodDefinition.slot
Newtonsoft.Json.Converters.DataSetConverter::WriteJson	CALL	v503 @ X0_v18	v553 @ X1_v11	0	System.IDisposable::Dispose	0x0600079F	RUNTIME_DISPATCH		EXACT	lookup(receiver, interface class, slot) reaches the dispatch pointer; slot = Il2CppMethodDefinition.slot
Newtonsoft.Json.Converters.DataTableConverter::WriteJson	CALL	v1077 @ X0_v4 (System.Data.DataTable)	v1224 @ X1_v5	0	System.IDisposable::Dispose	0x0600079F	RUNTIME_DISPATCH		EXACT	lookup(receiver, interface class, slot) reaches the dispatch pointer; slot = Il2CppMethodDefinition.slot
Newtonsoft.Json.Converters.XmlNodeConverter::SerializeNode	CALL	v321 @ X21_v2 (Newtonsoft.Json.Converters.IXmlNode)	v759 @ X1_v13	3	Newtonsoft.Json.Converters.IXmlNode::get_Attributes	0x060008A5	RUNTIME_DISPATCH		EXACT	lookup(receiver, interface class, slot) reaches the dispatch pointer; slot = Il2CppMethodDefinition.slot
Newtonsoft.Json.Converters.XmlNodeConverter::SerializeNode	CALL	v321 @ X21_v2 (Newtonsoft.Json.Converters.IXmlNode)	v845 @ X1_v42	2	Newtonsoft.Json.Converters.IXmlNode::get_ChildNodes	0x060008A4	RUNTIME_DISPATCH		EXACT	lookup(receiver, interface class, slot) reaches the dispatch pointer; slot = Il2CppMethodDefinition.slot
Newtonsoft.Json.Converters.XmlNodeConverter::SerializeNode	CALL	v321 @ X21_v2 (Newtonsoft.Json.Converters.IXmlNode)	v1021 @ X1_v44	2	Newtonsoft.Json.Converters.IXmlNode::get_ChildNodes	0x060008A4	RUNTIME_DISPATCH		EXACT	lookup(receiver, interface class, slot) reaches the dispatch pointer; slot = Il2CppMethodDefinition.slot
Newtonsoft.Json.Converters.XmlNodeConverter::SerializeNode	CALL	v288 @ X0_v106 (Il2CppClass<Newtonsoft.Json.Converters.IXmlElement>)	v1246 @ X1_v47	0	Newtonsoft.Json.Converters.IXmlNode::get_NodeType	0x060008A2	RUNTIME_DISPATCH		EXACT	lookup(receiver, interface class, slot) reaches the dispatch pointer; slot = Il2CppMethodDefinition.slot
Newtonsoft.Json.Converters.XmlNodeConverter::SerializeNode	CALL	v321 @ X21_v2 (Newtonsoft.Json.Converters.IXmlNode)	v1422 @ X1_v49	2	Newtonsoft.Json.Converters.IXmlNode::get_ChildNodes	0x060008A4	RUNTIME_DISPATCH		EXACT	lookup(receiver, interface class, slot) reaches the dispatch pointer; slot = Il2CppMethodDefinition.slot
Newtonsoft.Json.Converters.XmlNodeConverter::SerializeNode	CALL	v321 @ X21_v2 (Newtonsoft.Json.Converters.IXmlNode)	v895 @ X1_v19	2	Newtonsoft.Json.Converters.IXmlNode::get_ChildNodes	0x060008A4	RUNTIME_DISPATCH		EXACT	lookup(receiver, interface class, slot) reaches the dispatch pointer; slot = Il2CppMethodDefinition.slot
Newtonsoft.Json.Converters.XmlNodeConverter::SerializeNode	CALL	v321 @ X21_v2 (Newtonsoft.Json.Converters.IXmlNode)	v1025 @ X1_v33	3	Newtonsoft.Json.Converters.IXmlNode::get_Attributes	0x060008A5	RUNTIME_DISPATCH		EXACT	lookup(receiver, interface class, slot) reaches the dispatch pointer; slot = Il2CppMethodDefinition.slot
Newtonsoft.Json.Converters.XmlNodeConverter::SerializeNode	CALL	v321 @ X21_v2 (Newtonsoft.Json.Converters.IXmlNode)	v1162 @ X1_v25	3	Newtonsoft.Json.Converters.IXmlNode::get_Attributes	0x060008A5	RUNTIME_DISPATCH		EXACT	lookup(receiver, interface class, slot) reaches the dispatch pointer; slot = Il2CppMethodDefinition.slot
Newtonsoft.Json.Converters.XmlNodeConverter::SerializeNode	CALL	v321 @ X21_v2 (Newtonsoft.Json.Converters.IXmlNode)	v1290 @ X1_v29	3	Newtonsoft.Json.Converters.IXmlNode::get_Attributes	0x060008A5	RUNTIME_DISPATCH		EXACT	lookup(receiver, interface class, slot) reaches the dispatch pointer; slot = Il2CppMethodDefinition.slot
Newtonsoft.Json.Converters.XmlNodeConverter::SerializeNode	CALL	v290 @ X0_v113 (Newtonsoft.Json.Converters.IXmlNode)	v1584 @ X1_v52	5	Newtonsoft.Json.Converters.IXmlNode::get_Value	0x060008A7	RUNTIME_DISPATCH		EXACT	lookup(receiver, interface class, slot) reaches the dispatch pointer; slot = Il2CppMethodDefinition.slot
Newtonsoft.Json.Converters.XmlNodeConverter::ReadJson	TAIL	v173 @ X0_v72 (Newtonsoft.Json.Converters.IXmlElement)	Type: Newtonsoft.Json.Converters.IXmlNode	8	Newtonsoft.Json.Converters.IXmlNode::get_WrappedNode	0x060008AA	RUNTIME_DISPATCH		EXACT	lookup(receiver, interface class, slot) reaches the dispatch pointer; slot = Il2CppMethodDefinition.slot
Newtonsoft.Json.Converters.XmlNodeConverter::DeserializeValue	TAIL	currentNode @ X5 (Newtonsoft.Json.Converters.IXmlNode)	v626 @ X1_v6 (Il2CppClass<Newtonsoft.Json.Converters.IXmlNode>)	6	Newtonsoft.Json.Converters.IXmlNode::AppendChild	0x060008A8	RUNTIME_DISPATCH		EXACT	lookup(receiver, interface class, slot) reaches the dispatch pointer; slot = Il2CppMethodDefinition.slot
Newtonsoft.Json.Converters.XmlNodeConverter::CreateElement	CALL	document @ X2 (Newtonsoft.Json.Converters.IXmlDocument)	v715 @ X1_v11	1	Newtonsoft.Json.Converters.IXmlDocument::CreateTextNode	0x0600088C	RUNTIME_DISPATCH		EXACT	lookup(receiver, interface class, slot) reaches the dispatch pointer; slot = Il2CppMethodDefinition.slot
Newtonsoft.Json.Converters.XmlNodeConverter::CreateElement	CALL	v284 @ X20_v2 (Newtonsoft.Json.Converters.IXmlElement)	v898 @ X1_v13	6	Newtonsoft.Json.Converters.IXmlNode::AppendChild	0x060008A8	RUNTIME_DISPATCH		EXACT	lookup(receiver, interface class, slot) reaches the dispatch pointer; slot = Il2CppMethodDefinition.slot
Newtonsoft.Json.Converters.XmlNodeConverter::CreateInstruction	TAIL	currentNode @ X3 (Newtonsoft.Json.Converters.IXmlNode)	v648 @ X1_v16 (Il2CppClass<Newtonsoft.Json.Converters.IXmlNode>)	6	Newtonsoft.Json.Converters.IXmlNode::AppendChild	0x060008A8	RUNTIME_DISPATCH		EXACT	lookup(receiver, interface class, slot) reaches the dispatch pointer; slot = Il2CppMethodDefinition.slot
<>f__AnonymousType0`2::Equals	CALL	Type: Il2CppMethodInfo	value @ X1 (System.Object)	methodInfo @ X2 (Il2CppMethodInfo)			RUNTIME_DISPATCH		UNRESOLVED	TWO_LOADS_OTHER:UNKNOWN_CLASS_SOURCE:CLASS_NOT_AN_INTERFACE_POINTER	param:value
<>f__AnonymousType0`2::GetHashCode	CALL	Type: Il2CppMethodInfo	methodInfo @ X1 (Il2CppMethodInfo)	v15 @ X2			RUNTIME_DISPATCH		UNRESOLVED	TWO_LOADS_OTHER:UNKNOWN_CLASS_SOURCE:CLASS_NOT_AN_INTERFACE_POINTER	methodInfo
ES3::LoadAudio	CALL	v579 @ X19_v9 (System.InvalidOperationException)	v585 @ X1_v17	0	System.IDisposable::Dispose	0x0600079F	RUNTIME_DISPATCH		EXACT	lookup(receiver, interface class, slot) reaches the dispatch pointer; slot = Il2CppMethodDefinition.slot
ES3::LoadAudio	CALL	v383 @ X19_v5 (System.InvalidOperationException)	v512 @ X1_v10	0	System.IDisposable::Dispose	0x0600079F	RUNTIME_DISPATCH		EXACT	lookup(receiver, interface class, slot) reaches the dispatch pointer; slot = Il2CppMethodDefinition.slot
ES3File::Sync	CALL	v758 @ X19_v4 (ES3Writer)	v763 @ X1_v4	0	System.IDisposable::Dispose	0x0600079F	RUNTIME_DISPATCH		EXACT	lookup(receiver, interface class, slot) reaches the dispatch pointer; slot = Il2CppMethodDefinition.slot
ES3File::Sync	CALL	v509 @ X19_v5 (ES3Writer)	v675 @ X1_v8	0	System.IDisposable::Dispose	0x0600079F	RUNTIME_DISPATCH		EXACT	lookup(receiver, interface class, slot) reaches the dispatch pointer; slot = Il2CppMethodDefinition.slot
ES3File::GetBytes	CALL	v1379 @ X20_v23 (ES3Writer)	v1383 @ X1_v29	0	System.IDisposable::Dispose	0x0600079F	RUNTIME_DISPATCH		EXACT	lookup(receiver, interface class, slot) reaches the dispatch pointer; slot = Il2CppMethodDefinition.slot
ES3File::GetBytes	CALL	v1108 @ X19_v16 (System.IO.MemoryStream)	v1110 @ X1_v26	0	System.IDisposable::Dispose	0x0600079F	RUNTIME_DISPATCH		EXACT	lookup(receiver, interface class, slot) reaches the dispatch pointer; slot = Il2CppMethodDefinition.slot
ES3File::GetBytes	CALL	0	v1272 @ X1_v12	0	System.IDisposable::Dispose	0x0600079F	RUNTIME_DISPATCH		EXACT	lookup(receiver, interface class, slot) reaches the dispatch pointer; slot = Il2CppMethodDefinition.slot
ES3File::GetBytes	CALL	v804 @ X19_v5 (System.IO.MemoryStream)	v935 @ X1_v14	0	System.IDisposable::Dispose	0x0600079F	RUNTIME_DISPATCH		EXACT	lookup(receiver, interface class, slot) reaches the dispatch pointer; slot = Il2CppMethodDefinition.slot
ES3Writer::Merge	CALL	v410 @ X0_v4 (System.Collections.IEnumerator)	v538 @ X1_v4	0	System.IDisposable::Dispose	0x0600079F	RUNTIME_DISPATCH		EXACT	lookup(receiver, interface class, slot) reaches the dispatch pointer; slot = Il2CppMethodDefinition.slot
ES3Writer::Merge	CALL	v354 @ X0_v16	v412 @ X1_v9	0	System.IDisposable::Dispose	0x0600079F	RUNTIME_DISPATCH		EXACT	lookup(receiver, interface class, slot) reaches the dispatch pointer; slot = Il2CppMethodDefinition.slot
ES3Types.ES3ArrayType::ReadInto	CALL	v619 @ X0_v4 (System.Object)	v759 @ X1_v9	0	System.IDisposable::Dispose	0x0600079F	RUNTIME_DISPATCH		EXACT	lookup(receiver, interface class, slot) reaches the dispatch pointer; slot = Il2CppMethodDefinition.slot
ES3Types.ES3ArrayType::ReadInto	CALL	v382 @ X20_v2 (System.Collections.ICollection)	v945 @ X1_v6	1	System.Collections.ICollection::get_Count	0x06002BB9	RUNTIME_DISPATCH		EXACT	lookup(receiver, interface class, slot) reaches the dispatch pointer; slot = Il2CppMethodDefinition.slot
ES3Types.ES3ArrayType::ReadInto	CALL	v520 @ X0_v37	v621 @ X1_v15	0	System.IDisposable::Dispose	0x0600079F	RUNTIME_DISPATCH		EXACT	lookup(receiver, interface class, slot) reaches the dispatch pointer; slot = Il2CppMethodDefinition.slot
ES3Types.ES3CollectionType::ReadICollection	CALL	collection @ X2 (System.Collections.Generic.ICollection`1<T>)	v229 @ X1_v11 (Il2CppClass<System.Collections.Generic.ICollection`1<T>>)	2	System.Collections.Generic.ICollection`1::Add	0x06002EBB	RUNTIME_DISPATCH	T	EXACT	lookup(receiver, interface class, slot) reaches the dispatch pointer; slot = Il2CppMethodDefinition.slot
ES3Types.ES3CollectionType::ReadICollectionInto	CALL	v552 @ X0_v4 (System.Collections.IEnumerator)	v596 @ X1_v9	0	System.IDisposable::Dispose	0x0600079F	RUNTIME_DISPATCH		EXACT	lookup(receiver, interface class, slot) reaches the dispatch pointer; slot = Il2CppMethodDefinition.slot
ES3Types.ES3CollectionType::ReadICollectionInto	CALL	collection @ X2 (System.Collections.ICollection)	v714 @ X1_v6	1	System.Collections.ICollection::get_Count	0x06002BB9	RUNTIME_DISPATCH		EXACT	lookup(receiver, interface class, slot) reaches the dispatch pointer; slot = Il2CppMethodDefinition.slot
ES3Types.ES3CollectionType::ReadICollectionInto	CALL	v555 @ X0_v37	v638 @ X1_v15	0	System.IDisposable::Dispose	0x0600079F	RUNTIME_DISPATCH		EXACT	lookup(receiver, interface class, slot) reaches the dispatch pointer; slot = Il2CppMethodDefinition.slot
ES3Types.ES3DictionaryType::Write	CALL	v510 @ X0_v4 (System.Collections.IDictionary)	v618 @ X1_v4	0	System.IDisposable::Dispose	0x0600079F	RUNTIME_DISPATCH		EXACT	lookup(receiver, interface class, slot) reaches the dispatch pointer; slot = Il2CppMethodDefinition.slot
ES3Types.ES3DictionaryType::Write	CALL	v396 @ X0_v16	v512 @ X1_v9	0	System.IDisposable::Dispose	0x0600079F	RUNTIME_DISPATCH		EXACT	lookup(receiver, interface class, slot) reaches the dispatch pointer; slot = Il2CppMethodDefinition.slot
ES3Types.ES3HashSetType::Write	CALL	v1044 @ X0_v4 (System.Object)	v1109 @ X1_v14	0	System.IDisposable::Dispose	0x0600079F	RUNTIME_DISPATCH		EXACT	lookup(receiver, interface class, slot) reaches the dispatch pointer; slot = Il2CppMethodDefinition.slot
ES3Types.ES3HashSetType::Write	CALL	v688 @ X22_v2 (System.Collections.IEnumerable)	v1191 @ X1_v4	0	System.Collections.IEnumerable::GetEnumerator	0x06002BC9	RUNTIME_DISPATCH		EXACT	lookup(receiver, interface class, slot) reaches the dispatch pointer; slot = Il2CppMethodDefinition.slot
ES3Types.ES3HashSetType::Write	CALL	v827 @ X0_v8 (System.Collections.IEnumerable)	v1339 @ X1_v7	0	System.Collections.IEnumerator::MoveNext	0x06002BCA	RUNTIME_DISPATCH		EXACT	lookup(receiver, interface class, slot) reaches the dispatch pointer; slot = Il2CppMethodDefinition.slot
ES3Types.ES3HashSetType::Write	CALL	v827 @ X0_v8 (System.Collections.IEnumerable)	v1402 @ X1_v9	1	System.Collections.IEnumerator::get_Current	0x06002BCB	RUNTIME_DISPATCH		EXACT	lookup(receiver, interface class, slot) reaches the dispatch pointer; slot = Il2CppMethodDefinition.slot
ES3Types.ES3HashSetType::Write	CALL	v567 @ X0_v40	v838 @ X1_v19	0	System.IDisposable::Dispose	0x0600079F	RUNTIME_DISPATCH		EXACT	lookup(receiver, interface class, slot) reaches the dispatch pointer; slot = Il2CppMethodDefinition.slot
ES3Types.ES3HashSetType::Write	CALL	v993 @ X0_v63	v1077 @ X1_v28	0	System.IDisposable::Dispose	0x0600079F	RUNTIME_DISPATCH		EXACT	lookup(receiver, interface class, slot) reaches the dispatch pointer; slot = Il2CppMethodDefinition.slot
ES3Types.ES3ListType::Write	CALL	v461 @ X0_v4 (System.Object)	v581 @ X1_v4	0	System.IDisposable::Dispose	0x0600079F	RUNTIME_DISPATCH		EXACT	lookup(receiver, interface class, slot) reaches the dispatch pointer; slot = Il2CppMethodDefinition.slot
ES3Types.ES3ListType::Write	CALL	v357 @ X0_v15	v463 @ X1_v9	0	System.IDisposable::Dispose	0x0600079F	RUNTIME_DISPATCH		EXACT	lookup(receiver, interface class, slot) reaches the dispatch pointer; slot = Il2CppMethodDefinition.slot
ES3Types.ES3ListType::ReadInto	CALL	v484 @ X0_v4 (System.Object)	v612 @ X1_v9	0	System.IDisposable::Dispose	0x0600079F	RUNTIME_DISPATCH		EXACT	lookup(receiver, interface class, slot) reaches the dispatch pointer; slot = Il2CppMethodDefinition.slot
ES3Types.ES3ListType::ReadInto	CALL	v428 @ X20_v2 (System.Collections.IEnumerable)	v732 @ X1_v6	1	System.Collections.ICollection::get_Count	0x06002BB9	RUNTIME_DISPATCH		EXACT	lookup(receiver, interface class, slot) reaches the dispatch pointer; slot = Il2CppMethodDefinition.slot
ES3Types.ES3ListType::ReadInto	CALL	v372 @ X0_v34	v486 @ X1_v15	0	System.IDisposable::Dispose	0x0600079F	RUNTIME_DISPATCH		EXACT	lookup(receiver, interface class, slot) reaches the dispatch pointer; slot = Il2CppMethodDefinition.slot
ES3Types.ES3QueueType::Write	CALL	v515 @ X0_v5	v626 @ X1_v5	0	System.IDisposable::Dispose	0x0600079F	RUNTIME_DISPATCH		EXACT	lookup(receiver, interface class, slot) reaches the dispatch pointer; slot = Il2CppMethodDefinition.slot
ES3Types.ES3QueueType::Write	CALL	v442 @ X0_v17	v517 @ X1_v10	0	System.IDisposable::Dispose	0x0600079F	RUNTIME_DISPATCH		EXACT	lookup(receiver, interface class, slot) reaches the dispatch pointer; slot = Il2CppMethodDefinition.slot
ES3Types.ES3QueueType::ReadInto	CALL	v669 @ X0_v4 (System.Object)	v783 @ X1_v7	0	System.IDisposable::Dispose	0x0600079F	RUNTIME_DISPATCH		EXACT	lookup(receiver, interface class, slot) reaches the dispatch pointer; slot = Il2CppMethodDefinition.slot
ES3Types.ES3QueueType::ReadInto	CALL	v288 @ X20_v2 (System.Collections.IEnumerable)	v864 @ X1_v4	1	System.Collections.ICollection::get_Count	0x06002BB9	RUNTIME_DISPATCH		EXACT	lookup(receiver, interface class, slot) reaches the dispatch pointer; slot = Il2CppMethodDefinition.slot
ES3Types.ES3QueueType::ReadInto	CALL	v559 @ X0_v26	v671 @ X1_v13	0	System.IDisposable::Dispose	0x0600079F	RUNTIME_DISPATCH		EXACT	lookup(receiver, interface class, slot) reaches the dispatch pointer; slot = Il2CppMethodDefinition.slot
ES3Types.ES3StackType::Write	CALL	v515 @ X0_v5	v626 @ X1_v5	0	System.IDisposable::Dispose	0x0600079F	RUNTIME_DISPATCH		EXACT	lookup(receiver, interface class, slot) reaches the dispatch pointer; slot = Il2CppMethodDefinition.slot
ES3Types.ES3StackType::Write	CALL	v442 @ X0_v17	v517 @ X1_v10	0	System.IDisposable::Dispose	0x0600079F	RUNTIME_DISPATCH		EXACT	lookup(receiver, interface class, slot) reaches the dispatch pointer; slot = Il2CppMethodDefinition.slot
ES3Types.ES3StackType::ReadInto	CALL	v669 @ X0_v4 (System.Object)	v783 @ X1_v7	0	System.IDisposable::Dispose	0x0600079F	RUNTIME_DISPATCH		EXACT	lookup(receiver, interface class, slot) reaches the dispatch pointer; slot = Il2CppMethodDefinition.slot
ES3Types.ES3StackType::ReadInto	CALL	v288 @ X20_v2 (System.Collections.IEnumerable)	v864 @ X1_v4	1	System.Collections.ICollection::get_Count	0x06002BB9	RUNTIME_DISPATCH		EXACT	lookup(receiver, interface class, slot) reaches the dispatch pointer; slot = Il2CppMethodDefinition.slot
ES3Types.ES3StackType::ReadInto	CALL	v559 @ X0_v26	v671 @ X1_v13	0	System.IDisposable::Dispose	0x0600079F	RUNTIME_DISPATCH		EXACT	lookup(receiver, interface class, slot) reaches the dispatch pointer; slot = Il2CppMethodDefinition.slot
ES3Types.ES3ObjectType::Read	TAIL	[v111 @ X8_v8+140]	v131 @ X1_v4 (Il2CppMethodInfo)	v130 @ X2_v4			RUNTIME_DISPATCH		UNRESOLVED	METHOD_POINTER:UNKNOWN_CLASS_SOURCE:CLASS_NOT_AN_INTERFACE_POINTER	{RuntimeMethodInfoAnalysisContext | RuntimeMethodInfoAnalysisContext}
ES3Types.ES3Type::ReadProperties	CALL	v3187 @ X0_v414 (System.Type)	v3290 @ X1_v177	0	System.IDisposable::Dispose	0x0600079F	RUNTIME_DISPATCH		EXACT	lookup(receiver, interface class, slot) reaches the dispatch pointer; slot = Il2CppMethodDefinition.slot
ES3Types.ES3Type::ReadProperties	CALL	v3693 @ X0_v355 (System.IDisposable)	v3832 @ X1_v154	0	System.IDisposable::Dispose	0x0600079F	RUNTIME_DISPATCH		EXACT	lookup(receiver, interface class, slot) reaches the dispatch pointer; slot = Il2CppMethodDefinition.slot
ES3Types.ES3Type::ReadProperties	CALL	v4005 @ X0_v308 (System.IDisposable)	v4111 @ X1_v136	0	System.IDisposable::Dispose	0x0600079F	RUNTIME_DISPATCH		EXACT	lookup(receiver, interface class, slot) reaches the dispatch pointer; slot = Il2CppMethodDefinition.slot
ES3Types.ES3Type::ReadProperties	CALL	v4248 @ X0_v261	v4304 @ X1_v118	0	System.IDisposable::Dispose	0x0600079F	RUNTIME_DISPATCH		EXACT	lookup(receiver, interface class, slot) reaches the dispatch pointer; slot = Il2CppMethodDefinition.slot
ES3Types.ES3Type::ReadProperties	CALL	v1150 @ X0_v23 (System.Collections.DictionaryEntry)	v1421 @ X1_v9	0	System.IDisposable::Dispose	0x0600079F	RUNTIME_DISPATCH		EXACT	lookup(receiver, interface class, slot) reaches the dispatch pointer; slot = Il2CppMethodDefinition.slot
ES3Types.ES3Type::ReadProperties	CALL	v2081 @ X0_v131 (System.IDisposable)	v2331 @ X1_v59	0	System.IDisposable::Dispose	0x0600079F	RUNTIME_DISPATCH		EXACT	lookup(receiver, interface class, slot) reaches the dispatch pointer; slot = Il2CppMethodDefinition.slot
ES3Types.ES3Type::ReadProperties	CALL	v954 @ X0_v46 (System.IDisposable)	v1003 @ X1_v19	0	System.IDisposable::Dispose	0x0600079F	RUNTIME_DISPATCH		EXACT	lookup(receiver, interface class, slot) reaches the dispatch pointer; slot = Il2CppMethodDefinition.slot
ES3Types.ES3Type::ReadProperties	CALL	v2124 @ X0_v110 (System.IDisposable)	Type: System.IDisposable	0	System.IDisposable::Dispose	0x0600079F	RUNTIME_DISPATCH		EXACT	lookup(receiver, interface class, slot) reaches the dispatch pointer; slot = Il2CppMethodDefinition.slot
ES3Types.ES3Type_Random::ReadObject	CALL	v544 @ X0_v4 (System.Random)	v658 @ X1_v4	0	System.IDisposable::Dispose	0x0600079F	RUNTIME_DISPATCH		EXACT	lookup(receiver, interface class, slot) reaches the dispatch pointer; slot = Il2CppMethodDefinition.slot
ES3Types.ES3Type_BoxCollider::ReadComponent	CALL	v690 @ X0_v4 (UnityEngine.BoxCollider)	v820 @ X1_v4	0	System.IDisposable::Dispose	0x0600079F	RUNTIME_DISPATCH		EXACT	lookup(receiver, interface class, slot) reaches the dispatch pointer; slot = Il2CppMethodDefinition.slot
ES3Types.ES3Type_BoxCollider2D::ReadComponent	CALL	v757 @ X0_v4 (UnityEngine.BoxCollider2D)	v910 @ X1_v4	0	System.IDisposable::Dispose	0x0600079F	RUNTIME_DISPATCH		EXACT	lookup(receiver, interface class, slot) reaches the dispatch pointer; slot = Il2CppMethodDefinition.slot
ES3Types.ES3Type_Camera::ReadComponent	CALL	v1660 @ X0_v4 (System.String)	v1820 @ X1_v4	0	System.IDisposable::Dispose	0x0600079F	RUNTIME_DISPATCH		EXACT	lookup(receiver, interface class, slot) reaches the dispatch pointer; slot = Il2CppMethodDefinition.slot
ES3Types.ES3Type_CapsuleCollider::ReadComponent	CALL	v889 @ X0_v4 (UnityEngine.CapsuleCollider)	v1012 @ X1_v4	0	System.IDisposable::Dispose	0x0600079F	RUNTIME_DISPATCH		EXACT	lookup(receiver, interface class, slot) reaches the dispatch pointer; slot = Il2CppMethodDefinition.slot
ES3Types.ES3Type_EventSystem::ReadComponent	CALL	v294 @ X0_v4 (System.Collections.IEnumerator)	v422 @ X1_v4	0	System.IDisposable::Dispose	0x0600079F	RUNTIME_DISPATCH		EXACT	lookup(receiver, interface class, slot) reaches the dispatch pointer; slot = Il2CppMethodDefinition.slot
ES3Types.ES3Type_EventSystem::ReadComponent	CALL	v239 @ X0_v16	v296 @ X1_v9	0	System.IDisposable::Dispose	0x0600079F	RUNTIME_DISPATCH		EXACT	lookup(receiver, interface class, slot) reaches the dispatch pointer; slot = Il2CppMethodDefinition.slot
ES3Types.ES3Type_Image::ReadComponent	CALL	v1167 @ X0_v4 (UnityEngine.UI.Image)	v1291 @ X1_v4	0	System.IDisposable::Dispose	0x0600079F	RUNTIME_DISPATCH		EXACT	lookup(receiver, interface class, slot) reaches the dispatch pointer; slot = Il2CppMethodDefinition.slot
ES3Types.ES3Type_Image::ReadComponent	CALL	[v2265 @ X8_v70+140]	Type: Il2CppMethodInfo	0			RUNTIME_DISPATCH		UNRESOLVED	TWO_LOADS_OTHER:UNKNOWN_CLASS_SOURCE:CLASS_NOT_AN_INTERFACE_POINTER	RuntimeMethodInfoAnalysisContext
ES3Types.ES3Type_Image::ReadComponent	CALL	[v2265 @ X8_v70+140]	Type: Il2CppMethodInfo	0			RUNTIME_DISPATCH		UNRESOLVED	TWO_LOADS_OTHER:UNKNOWN_CLASS_SOURCE:CLASS_NOT_AN_INTERFACE_POINTER	RuntimeMethodInfoAnalysisContext
ES3Types.ES3Type_Image::ReadComponent	CALL	[v2265 @ X8_v70+140]	Type: Il2CppMethodInfo	0			RUNTIME_DISPATCH		UNRESOLVED	TWO_LOADS_OTHER:UNKNOWN_CLASS_SOURCE:CLASS_NOT_AN_INTERFACE_POINTER	RuntimeMethodInfoAnalysisContext
ES3Types.ES3Type_MeshCollider::ReadComponent	CALL	v683 @ X0_v4 (UnityEngine.MeshCollider)	v814 @ X1_v4	0	System.IDisposable::Dispose	0x0600079F	RUNTIME_DISPATCH		EXACT	lookup(receiver, interface class, slot) reaches the dispatch pointer; slot = Il2CppMethodDefinition.slot
ES3Types.ES3Type_MeshFilter::ReadComponent	CALL	v431 @ X0_v4 (UnityEngine.MeshFilter)	v539 @ X1_v4	0	System.IDisposable::Dispose	0x0600079F	RUNTIME_DISPATCH		EXACT	lookup(receiver, interface class, slot) reaches the dispatch pointer; slot = Il2CppMethodDefinition.slot
ES3Types.ES3Type_MeshFilter::ReadComponent	CALL	v310 @ X0_v16	v433 @ X1_v9	0	System.IDisposable::Dispose	0x0600079F	RUNTIME_DISPATCH		EXACT	lookup(receiver, interface class, slot) reaches the dispatch pointer; slot = Il2CppMethodDefinition.slot
ES3Types.ES3Type_MeshRenderer::ReadComponent	CALL	v1082 @ X0_v4 (UnityEngine.MeshRenderer)	v1202 @ X1_v4	0	System.IDisposable::Dispose	0x0600079F	RUNTIME_DISPATCH		EXACT	lookup(receiver, interface class, slot) reaches the dispatch pointer; slot = Il2CppMethodDefinition.slot
ES3Types.ES3Type_ParticleSystem::ReadComponent	CALL	v945 @ X0_v4 (UnityEngine.ParticleSystem)	v1045 @ X1_v4	0	System.IDisposable::Dispose	0x0600079F	RUNTIME_DISPATCH		EXACT	lookup(receiver, interface class, slot) reaches the dispatch pointer; slot = Il2CppMethodDefinition.slot
ES3Types.ES3Type_PolygonCollider2D::ReadComponent	CALL	v808 @ X0_v4 (UnityEngine.PolygonCollider2D)	v960 @ X1_v4	0	System.IDisposable::Dispose	0x0600079F	RUNTIME_DISPATCH		EXACT	lookup(receiver, interface class, slot) reaches the dispatch pointer; slot = Il2CppMethodDefinition.slot
ES3Types.ES3Type_RawImage::ReadComponent	CALL	v1101 @ X0_v4 (UnityEngine.UI.RawImage)	v1170 @ X1_v4	0	System.IDisposable::Dispose	0x0600079F	RUNTIME_DISPATCH		EXACT	lookup(receiver, interface class, slot) reaches the dispatch pointer; slot = Il2CppMethodDefinition.slot
ES3Types.ES3Type_RawImage::ReadComponent	CALL	[v1700 @ X8_v130+140]	Type: Il2CppMethodInfo	0			RUNTIME_DISPATCH		UNRESOLVED	TWO_LOADS_OTHER:UNKNOWN_CLASS_SOURCE:CLASS_NOT_AN_INTERFACE_POINTER	RuntimeMethodInfoAnalysisContext
ES3Types.ES3Type_RawImage::ReadComponent	CALL	[v1700 @ X8_v130+140]	Type: Il2CppMethodInfo	0			RUNTIME_DISPATCH		UNRESOLVED	TWO_LOADS_OTHER:UNKNOWN_CLASS_SOURCE:CLASS_NOT_AN_INTERFACE_POINTER	RuntimeMethodInfoAnalysisContext
ES3Types.ES3Type_RawImage::ReadComponent	CALL	[v1700 @ X8_v130+140]	Type: Il2CppMethodInfo	0			RUNTIME_DISPATCH		UNRESOLVED	TWO_LOADS_OTHER:UNKNOWN_CLASS_SOURCE:CLASS_NOT_AN_INTERFACE_POINTER	RuntimeMethodInfoAnalysisContext
ES3Types.ES3Type_Rigidbody::ReadComponent	CALL	v1251 @ X0_v4 (UnityEngine.Rigidbody)	v1380 @ X1_v4	0	System.IDisposable::Dispose	0x0600079F	RUNTIME_DISPATCH		EXACT	lookup(receiver, interface class, slot) reaches the dispatch pointer; slot = Il2CppMethodDefinition.slot
ES3Types.ES3Type_SphereCollider::ReadComponent	CALL	v691 @ X0_v4 (UnityEngine.SphereCollider)	v822 @ X1_v4	0	System.IDisposable::Dispose	0x0600079F	RUNTIME_DISPATCH		EXACT	lookup(receiver, interface class, slot) reaches the dispatch pointer; slot = Il2CppMethodDefinition.slot
ES3Types.ES3Type_Text::ReadComponent	CALL	v1241 @ X0_v4 (UnityEngine.UI.Text)	v1363 @ X1_v4	0	System.IDisposable::Dispose	0x0600079F	RUNTIME_DISPATCH		EXACT	lookup(receiver, interface class, slot) reaches the dispatch pointer; slot = Il2CppMethodDefinition.slot
ES3Types.ES3Type_Transform::ReadComponent	CALL	v629 @ X0_v4 (UnityEngine.Transform)	v761 @ X1_v4	0	System.IDisposable::Dispose	0x0600079F	RUNTIME_DISPATCH		EXACT	lookup(receiver, interface class, slot) reaches the dispatch pointer; slot = Il2CppMethodDefinition.slot
ES3Types.ES3Type_AudioClip::ReadUnityObject	CALL	v438 @ X0_v4 (UnityEngine.AudioClip)	v546 @ X1_v4	0	System.IDisposable::Dispose	0x0600079F	RUNTIME_DISPATCH		EXACT	lookup(receiver, interface class, slot) reaches the dispatch pointer; slot = Il2CppMethodDefinition.slot
ES3Types.ES3Type_AudioClip::ReadUnityObject	CALL	v316 @ X0_v16	v440 @ X1_v9	0	System.IDisposable::Dispose	0x0600079F	RUNTIME_DISPATCH		EXACT	lookup(receiver, interface class, slot) reaches the dispatch pointer; slot = Il2CppMethodDefinition.slot
ES3Types.ES3Type_AudioClip::ReadUnityObject	CALL	v552 @ X0_v4 (System.Collections.IEnumerator)	v679 @ X1_v4	0	System.IDisposable::Dispose	0x0600079F	RUNTIME_DISPATCH		EXACT	lookup(receiver, interface class, slot) reaches the dispatch pointer; slot = Il2CppMethodDefinition.slot
ES3Types.ES3Type_GameObject::ReadObject	CALL	v752 @ X0_v4 (System.Collections.IEnumerator)	v905 @ X1_v4	0	System.IDisposable::Dispose	0x0600079F	RUNTIME_DISPATCH		EXACT	lookup(receiver, interface class, slot) reaches the dispatch pointer; slot = Il2CppMethodDefinition.slot
ES3Types.ES3Type_GameObject::GetChildren	CALL	v349 @ X0_v4 (System.Collections.IEnumerator)	v457 @ X1_v4	0	System.IDisposable::Dispose	0x0600079F	RUNTIME_DISPATCH		EXACT	lookup(receiver, interface class, slot) reaches the dispatch pointer; slot = Il2CppMethodDefinition.slot
ES3Types.ES3Type_GameObject::GetChildren	CALL	v233 @ X0_v17	v351 @ X1_v9	0	System.IDisposable::Dispose	0x0600079F	RUNTIME_DISPATCH		EXACT	lookup(receiver, interface class, slot) reaches the dispatch pointer; slot = Il2CppMethodDefinition.slot
ES3Types.ES3Type_Light::ReadComponent	CALL	v1391 @ X0_v4 (System.String)	v1544 @ X1_v4	0	System.IDisposable::Dispose	0x0600079F	RUNTIME_DISPATCH		EXACT	lookup(receiver, interface class, slot) reaches the dispatch pointer; slot = Il2CppMethodDefinition.slot
ES3Types.ES3Type_PhysicMaterial::ReadObject	CALL	v606 @ X0_v4 (UnityEngine.PhysicMaterial)	v736 @ X1_v4	0	System.IDisposable::Dispose	0x0600079F	RUNTIME_DISPATCH		EXACT	lookup(receiver, interface class, slot) reaches the dispatch pointer; slot = Il2CppMethodDefinition.slot
ES3Types.ES3Type_PhysicsMaterial2D::ReadObject	CALL	v453 @ X0_v4 (System.String)	v561 @ X1_v4	0	System.IDisposable::Dispose	0x0600079F	RUNTIME_DISPATCH		EXACT	lookup(receiver, interface class, slot) reaches the dispatch pointer; slot = Il2CppMethodDefinition.slot
ES3Types.ES3Type_PhysicsMaterial2D::ReadObject	CALL	v320 @ X0_v16	v455 @ X1_v9	0	System.IDisposable::Dispose	0x0600079F	RUNTIME_DISPATCH		EXACT	lookup(receiver, interface class, slot) reaches the dispatch pointer; slot = Il2CppMethodDefinition.slot
ES3Types.ES3Type_RectTransform::ReadComponent	CALL	v1430 @ X0_v4 (System.Collections.IEnumerator)	v1538 @ X1_v4	0	System.IDisposable::Dispose	0x0600079F	RUNTIME_DISPATCH		EXACT	lookup(receiver, interface class, slot) reaches the dispatch pointer; slot = Il2CppMethodDefinition.slot
ES3Types.ES3Type_RenderTexture::ReadObject	CALL	v1458 @ X0_v4 (UnityEngine.RenderTexture)	v1600 @ X1_v4	0	System.IDisposable::Dispose	0x0600079F	RUNTIME_DISPATCH		EXACT	lookup(receiver, interface class, slot) reaches the dispatch pointer; slot = Il2CppMethodDefinition.slot
ES3Types.ES3Type_Shader::ReadInto	CALL	v462 @ X0_v4 (System.Collections.IEnumerator)	v574 @ X1_v4	0	System.IDisposable::Dispose	0x0600079F	RUNTIME_DISPATCH		EXACT	lookup(receiver, interface class, slot) reaches the dispatch pointer; slot = Il2CppMethodDefinition.slot
ES3Types.ES3Type_SkinnedMeshRenderer::ReadComponent	CALL	v1345 @ X0_v4 (UnityEngine.SkinnedMeshRenderer)	v1481 @ X1_v4	0	System.IDisposable::Dispose	0x0600079F	RUNTIME_DISPATCH		EXACT	lookup(receiver, interface class, slot) reaches the dispatch pointer; slot = Il2CppMethodDefinition.slot
ES3Types.ES3Type_Sprite::ReadUnityObject	CALL	v294 @ X0_v4 (System.Collections.IEnumerator)	v422 @ X1_v4	0	System.IDisposable::Dispose	0x0600079F	RUNTIME_DISPATCH		EXACT	lookup(receiver, interface class, slot) reaches the dispatch pointer; slot = Il2CppMethodDefinition.slot
ES3Types.ES3Type_Sprite::ReadUnityObject	CALL	v239 @ X0_v16	v296 @ X1_v9	0	System.IDisposable::Dispose	0x0600079F	RUNTIME_DISPATCH		EXACT	lookup(receiver, interface class, slot) reaches the dispatch pointer; slot = Il2CppMethodDefinition.slot
ES3Types.ES3Type_Sprite::ReadUnityObject	CALL	v676 @ X0_v7 (System.Collections.IEnumerator)	v829 @ X1_v6	0	System.IDisposable::Dispose	0x0600079F	RUNTIME_DISPATCH		EXACT	lookup(receiver, interface class, slot) reaches the dispatch pointer; slot = Il2CppMethodDefinition.slot
ES3Types.ES3Type_SpriteRenderer::ReadComponent	CALL	v1448 @ X0_v4 (System.String)	v1607 @ X1_v4	0	System.IDisposable::Dispose	0x0600079F	RUNTIME_DISPATCH		EXACT	lookup(receiver, interface class, slot) reaches the dispatch pointer; slot = Il2CppMethodDefinition.slot
ES3Internal.AESEncryptionAlgorithm::Encrypt	CALL	v357 @ X24_v3 (System.Security.Cryptography.CryptoStream)	v582 @ X1_v7	0	System.IDisposable::Dispose	0x0600079F	RUNTIME_DISPATCH		EXACT	lookup(receiver, interface class, slot) reaches the dispatch pointer; slot = Il2CppMethodDefinition.slot
ES3Internal.AESEncryptionAlgorithm::Encrypt	CALL	v306 @ X20_v12 (System.Security.Cryptography.ICryptoTransform)	v790 @ X1_v28	0	System.IDisposable::Dispose	0x0600079F	RUNTIME_DISPATCH		EXACT	lookup(receiver, interface class, slot) reaches the dispatch pointer; slot = Il2CppMethodDefinition.slot
ES3Internal.AESEncryptionAlgorithm::Encrypt	CALL	v157 @ X19_v2 (System.Security.Cryptography.Aes)	v976 @ X1_v3	0	System.IDisposable::Dispose	0x0600079F	RUNTIME_DISPATCH		EXACT	lookup(receiver, interface class, slot) reaches the dispatch pointer; slot = Il2CppMethodDefinition.slot
ES3Internal.AESEncryptionAlgorithm::Encrypt	CALL	v356 @ X24_v4 (System.Security.Cryptography.CryptoStream)	v470 @ X1_v19	0	System.IDisposable::Dispose	0x0600079F	RUNTIME_DISPATCH		EXACT	lookup(receiver, interface class, slot) reaches the dispatch pointer; slot = Il2CppMethodDefinition.slot
ES3Internal.AESEncryptionAlgorithm::Encrypt	CALL	v376 @ X20_v5 (System.Security.Cryptography.ICryptoTransform)	v655 @ X1_v16	0	System.IDisposable::Dispose	0x0600079F	RUNTIME_DISPATCH		EXACT	lookup(receiver, interface class, slot) reaches the dispatch pointer; slot = Il2CppMethodDefinition.slot
ES3Internal.AESEncryptionAlgorithm::Encrypt	CALL	v382 @ X19_v5 (System.Security.Cryptography.Aes)	v927 @ X1_v13	0	System.IDisposable::Dispose	0x0600079F	RUNTIME_DISPATCH		EXACT	lookup(receiver, interface class, slot) reaches the dispatch pointer; slot = Il2CppMethodDefinition.slot
ES3Internal.ES3JSONReader::ReadElement	CALL	v764 @ X19_v5 (System.IO.StreamWriter)	v766 @ X1_v4	0	System.IDisposable::Dispose	0x0600079F	RUNTIME_DISPATCH		EXACT	lookup(receiver, interface class, slot) reaches the dispatch pointer; slot = Il2CppMethodDefinition.slot
ES3Internal.ES3JSONReader::ReadElement	CALL	v634 @ X19_v6 (System.IO.StreamWriter)	v940 @ X1_v8	0	System.IDisposable::Dispose	0x0600079F	RUNTIME_DISPATCH		EXACT	lookup(receiver, interface class, slot) reaches the dispatch pointer; slot = Il2CppMethodDefinition.slot
<>f__AnonymousType0`2::Equals	CALL	Type: Il2CppMethodInfo	value @ X1 (System.Object)	methodInfo @ X2 (Il2CppMethodInfo)			RUNTIME_DISPATCH		UNRESOLVED	TWO_LOADS_OTHER:UNKNOWN_CLASS_SOURCE:CLASS_NOT_AN_INTERFACE_POINTER	param:value
<>f__AnonymousType0`2::GetHashCode	CALL	Type: Il2CppMethodInfo	methodInfo @ X1 (Il2CppMethodInfo)	v15 @ X2			RUNTIME_DISPATCH		UNRESOLVED	TWO_LOADS_OTHER:UNKNOWN_CLASS_SOURCE:CLASS_NOT_AN_INTERFACE_POINTER	methodInfo
Sirenix.Serialization.MethodInfoFormatter`1::DeserializeImplementation	CALL	v1133 @ X0_v463 (Sirenix.Serialization.IFormatter`1<T>)	v2129 @ X1_v168 (Il2CppClass<Sirenix.Serialization.IFormatter`1<T>>)	1	Sirenix.Serialization.IFormatter`1::Deserialize	0x060002A2	RUNTIME_DISPATCH	T	EXACT	lookup(receiver, interface class, slot) reaches the dispatch pointer; slot = Il2CppMethodDefinition.slot
Sirenix.Serialization.MethodInfoFormatter`1::DeserializeImplementation	CALL	reader @ X2 (Sirenix.Serialization.IDataReader)	Type: Sirenix.Serialization.IDataReader	8	Sirenix.Serialization.IDataReader::get_Context	0x06000141	RUNTIME_DISPATCH		EXACT	lookup(receiver, interface class, slot) reaches the dispatch pointer; slot = Il2CppMethodDefinition.slot
Sirenix.Serialization.QueueFormatter`2::DeserializeImplementation	CALL	reader @ X2 (Sirenix.Serialization.IDataReader)	v417 @ X1_v33	37	Sirenix.Serialization.IDataReader::SkipEntry	0x0600015E	RUNTIME_DISPATCH		EXACT	lookup(receiver, interface class, slot) reaches the dispatch pointer; slot = Il2CppMethodDefinition.slot
Sirenix.Serialization.QueueFormatter`2::DeserializeImplementation	CALL	reader @ X2 (Sirenix.Serialization.IDataReader)	v1764 @ X1_v7	14	Sirenix.Serialization.IDataReader::ExitArray	0x06000147	RUNTIME_DISPATCH		EXACT	lookup(receiver, interface class, slot) reaches the dispatch pointer; slot = Il2CppMethodDefinition.slot
Sirenix.Serialization.StackFormatter`2::DeserializeImplementation	CALL	reader @ X2 (Sirenix.Serialization.IDataReader)	v417 @ X1_v33	37	Sirenix.Serialization.IDataReader::SkipEntry	0x0600015E	RUNTIME_DISPATCH		EXACT	lookup(receiver, interface class, slot) reaches the dispatch pointer; slot = Il2CppMethodDefinition.slot
Sirenix.Serialization.StackFormatter`2::DeserializeImplementation	CALL	reader @ X2 (Sirenix.Serialization.IDataReader)	v1764 @ X1_v7	14	Sirenix.Serialization.IDataReader::ExitArray	0x06000147	RUNTIME_DISPATCH		EXACT	lookup(receiver, interface class, slot) reaches the dispatch pointer; slot = Il2CppMethodDefinition.slot
Sirenix.Serialization.StackFormatter`2::SerializeImplementation	CALL	v570 @ X20_v4 (Sirenix.Serialization.Utilities.Cache`1<System.Collections.Generic.List`1<TValue>>)	v1030 @ X1_v6	0	System.IDisposable::Dispose	0x0600079F	RUNTIME_DISPATCH		EXACT	lookup(receiver, interface class, slot) reaches the dispatch pointer; slot = Il2CppMethodDefinition.slot
Sirenix.Serialization.StackFormatter`2::SerializeImplementation	CALL	v770 @ X20_v7 (Sirenix.Serialization.Utilities.Cache`1<System.Collections.Generic.List`1<TValue>>)	v842 @ X1_v16	0	System.IDisposable::Dispose	0x0600079F	RUNTIME_DISPATCH		EXACT	lookup(receiver, interface class, slot) reaches the dispatch pointer; slot = Il2CppMethodDefinition.slot
Sirenix.Serialization.BaseDataReaderWriter::set_Binder	CALL	v113 @ X20_v3	v245 @ X21_v6	v69 @ X2_v1 (Il2CppMethodInfo)			RUNTIME_DISPATCH		UNRESOLVED	METHOD_POINTER:UNKNOWN_CLASS_SOURCE:CLASS_NOT_AN_INTERFACE_POINTER	{TypeAnalysisContext | TypeAnalysisContext}
Sirenix.Serialization.BinaryDataWriter::WriteStringFast	CALL	v365 @ X21_v2 (Sirenix.Serialization.Buffer`1<System.Byte>)	Type: System.IDisposable	0	System.IDisposable::Dispose	0x0600079F	RUNTIME_DISPATCH		EXACT	lookup(receiver, interface class, slot) reaches the dispatch pointer; slot = Il2CppMethodDefinition.slot
Sirenix.Serialization.ArrayListFormatter::DeserializeImplementation	CALL	reader @ X2 (Sirenix.Serialization.IDataReader)	v394 @ X1_v32	37	Sirenix.Serialization.IDataReader::SkipEntry	0x0600015E	RUNTIME_DISPATCH		EXACT	lookup(receiver, interface class, slot) reaches the dispatch pointer; slot = Il2CppMethodDefinition.slot
Sirenix.Serialization.DerivedDictionaryFormatter`3::DeserializeImplementation	CALL	reader @ X2 (Sirenix.Serialization.IDataReader)	v791 @ X1_v28	37	Sirenix.Serialization.IDataReader::SkipEntry	0x0600015E	RUNTIME_DISPATCH		EXACT	lookup(receiver, interface class, slot) reaches the dispatch pointer; slot = Il2CppMethodDefinition.slot
Sirenix.Serialization.DerivedDictionaryFormatter`3::DeserializeImplementation	CALL	reader @ X2 (Sirenix.Serialization.IDataReader)	v476 @ X1_v2	12	Sirenix.Serialization.IDataReader::ExitNode	0x06000145	RUNTIME_DISPATCH		EXACT	lookup(receiver, interface class, slot) reaches the dispatch pointer; slot = Il2CppMethodDefinition.slot
Sirenix.Serialization.DerivedDictionaryFormatter`3::DeserializeImplementation	CALL	reader @ X2 (Sirenix.Serialization.IDataReader)	v877 @ X1_v6	14	Sirenix.Serialization.IDataReader::ExitArray	0x06000147	RUNTIME_DISPATCH		EXACT	lookup(receiver, interface class, slot) reaches the dispatch pointer; slot = Il2CppMethodDefinition.slot
Sirenix.Serialization.DerivedDictionaryFormatter`3::SerializeImplementation	CALL	writer @ X2 (Sirenix.Serialization.IDataWriter)	Type: Sirenix.Serialization.IDataWriter	11	Sirenix.Serialization.IDataWriter::EndNode	0x0600016B	RUNTIME_DISPATCH		EXACT	lookup(receiver, interface class, slot) reaches the dispatch pointer; slot = Il2CppMethodDefinition.slot
Sirenix.Serialization.DictionaryFormatter`2::DeserializeImplementation	CALL	reader @ X2 (Sirenix.Serialization.IDataReader)	v1334 @ X1_v28	37	Sirenix.Serialization.IDataReader::SkipEntry	0x0600015E	RUNTIME_DISPATCH		EXACT	lookup(receiver, interface class, slot) reaches the dispatch pointer; slot = Il2CppMethodDefinition.slot
Sirenix.Serialization.DictionaryFormatter`2::DeserializeImplementation	CALL	reader @ X2 (Sirenix.Serialization.IDataReader)	v478 @ X1_v2	12	Sirenix.Serialization.IDataReader::ExitNode	0x06000145	RUNTIME_DISPATCH		EXACT	lookup(receiver, interface class, slot) reaches the dispatch pointer; slot = Il2CppMethodDefinition.slot
Sirenix.Serialization.DictionaryFormatter`2::DeserializeImplementation	CALL	reader @ X2 (Sirenix.Serialization.IDataReader)	v869 @ X1_v6	14	Sirenix.Serialization.IDataReader::ExitArray	0x06000147	RUNTIME_DISPATCH		EXACT	lookup(receiver, interface class, slot) reaches the dispatch pointer; slot = Il2CppMethodDefinition.slot
Sirenix.Serialization.DictionaryFormatter`2::SerializeImplementation	CALL	writer @ X2 (Sirenix.Serialization.IDataWriter)	Type: Sirenix.Serialization.IDataWriter	11	Sirenix.Serialization.IDataWriter::EndNode	0x0600016B	RUNTIME_DISPATCH		EXACT	lookup(receiver, interface class, slot) reaches the dispatch pointer; slot = Il2CppMethodDefinition.slot
Sirenix.Serialization.DoubleLookupDictionaryFormatter`3::SerializeImplementation	CALL	writer @ X2 (Sirenix.Serialization.IDataWriter)	Type: Sirenix.Serialization.IDataWriter	11	Sirenix.Serialization.IDataWriter::EndNode	0x0600016B	RUNTIME_DISPATCH		EXACT	lookup(receiver, interface class, slot) reaches the dispatch pointer; slot = Il2CppMethodDefinition.slot
Sirenix.Serialization.DoubleLookupDictionaryFormatter`3::DeserializeImplementation	CALL	reader @ X2 (Sirenix.Serialization.IDataReader)	v1133 @ X1_v8	14	Sirenix.Serialization.IDataReader::ExitArray	0x06000147	RUNTIME_DISPATCH		EXACT	lookup(receiver, interface class, slot) reaches the dispatch pointer; slot = Il2CppMethodDefinition.slot
Sirenix.Serialization.DoubleLookupDictionaryFormatter`3::DeserializeImplementation	CALL	reader @ X2 (Sirenix.Serialization.IDataReader)	v406 @ X1_v28	37	Sirenix.Serialization.IDataReader::SkipEntry	0x0600015E	RUNTIME_DISPATCH		EXACT	lookup(receiver, interface class, slot) reaches the dispatch pointer; slot = Il2CppMethodDefinition.slot
Sirenix.Serialization.DoubleLookupDictionaryFormatter`3::DeserializeImplementation	CALL	reader @ X2 (Sirenix.Serialization.IDataReader)	v476 @ X1_v23	12	Sirenix.Serialization.IDataReader::ExitNode	0x06000145	RUNTIME_DISPATCH		EXACT	lookup(receiver, interface class, slot) reaches the dispatch pointer; slot = Il2CppMethodDefinition.slot
Sirenix.Serialization.DoubleLookupDictionaryFormatter`3::DeserializeImplementation	CALL	reader @ X2 (Sirenix.Serialization.IDataReader)	v894 @ X1_v4	14	Sirenix.Serialization.IDataReader::ExitArray	0x06000147	RUNTIME_DISPATCH		EXACT	lookup(receiver, interface class, slot) reaches the dispatch pointer; slot = Il2CppMethodDefinition.slot
Sirenix.Serialization.GenericCollectionFormatter`2::DeserializeImplementation	CALL	v591 @ X25_v31 (TCollection)	v1637 @ X1_v84 (Il2CppClass<System.Collections.Generic.ICollection`1<TElement>>)	2	System.Collections.Generic.ICollection`1::Add	0x06002EBB	RUNTIME_DISPATCH	TElement	EXACT	lookup(receiver, interface class, slot) reaches the dispatch pointer; slot = Il2CppMethodDefinition.slot
Sirenix.Serialization.GenericCollectionFormatter`2::DeserializeImplementation	CALL	reader @ X2 (Sirenix.Serialization.IDataReader)	v676 @ X1_v6	14	Sirenix.Serialization.IDataReader::ExitArray	0x06000147	RUNTIME_DISPATCH		EXACT	lookup(receiver, interface class, slot) reaches the dispatch pointer; slot = Il2CppMethodDefinition.slot
Sirenix.Serialization.GenericCollectionFormatter`2::DeserializeImplementation	CALL	reader @ X2 (Sirenix.Serialization.IDataReader)	v346 @ X1_v45	37	Sirenix.Serialization.IDataReader::SkipEntry	0x0600015E	RUNTIME_DISPATCH		EXACT	lookup(receiver, interface class, slot) reaches the dispatch pointer; slot = Il2CppMethodDefinition.slot
Sirenix.Serialization.GenericCollectionFormatter`2::DeserializeImplementation	CALL	reader @ X2 (Sirenix.Serialization.IDataReader)	v423 @ X1_v2	14	Sirenix.Serialization.IDataReader::ExitArray	0x06000147	RUNTIME_DISPATCH		EXACT	lookup(receiver, interface class, slot) reaches the dispatch pointer; slot = Il2CppMethodDefinition.slot
Sirenix.Serialization.GenericCollectionFormatter`2::SerializeImplementation	CALL	v128 @ X22_v15 (TCollection)	v125 @ X1_v22 (Il2CppClass<System.Collections.Generic.ICollection`1<TElement>>)	0	System.Collections.Generic.ICollection`1::get_Count	0x06002EB9	RUNTIME_DISPATCH	TElement	EXACT	lookup(receiver, interface class, slot) reaches the dispatch pointer; slot = Il2CppMethodDefinition.slot
Sirenix.Serialization.GenericCollectionFormatter`2::SerializeImplementation	CALL	v425 @ X22_v18 (TCollection)	v564 @ X1_v27 (Il2CppClass<System.Collections.Generic.IEnumerable`1<TElement>>)	0	System.Collections.Generic.IEnumerable`1::GetEnumerator	0x06002EC8	RUNTIME_DISPATCH	TElement	EXACT	lookup(receiver, interface class, slot) reaches the dispatch pointer; slot = Il2CppMethodDefinition.slot
Sirenix.Serialization.GenericCollectionFormatter`2::SerializeImplementation	CALL	v417 @ X0_v73 (System.Collections.IEnumerator)	v1149 @ X1_v33 (Il2CppClass<System.Collections.Generic.IEnumerator`1<TElement>>)	0	System.Collections.Generic.IEnumerator`1::get_Current	0x06002EC9	RUNTIME_DISPATCH	TElement	EXACT	lookup(receiver, interface class, slot) reaches the dispatch pointer; slot = Il2CppMethodDefinition.slot
Sirenix.Serialization.GenericCollectionFormatter`2::SerializeImplementation	CALL	v499 @ X21_v4 (System.Collections.IEnumerator)	v804 @ X1_v6	0	System.IDisposable::Dispose	0x0600079F	RUNTIME_DISPATCH		EXACT	lookup(receiver, interface class, slot) reaches the dispatch pointer; slot = Il2CppMethodDefinition.slot
Sirenix.Serialization.GenericCollectionFormatter`2::SerializeImplementation	CALL	v498 @ X21_v6 (System.Collections.IEnumerator)	v614 @ X1_v13	0	System.IDisposable::Dispose	0x0600079F	RUNTIME_DISPATCH		EXACT	lookup(receiver, interface class, slot) reaches the dispatch pointer; slot = Il2CppMethodDefinition.slot
Sirenix.Serialization.HashSetFormatter`1::DeserializeImplementation	CALL	reader @ X2 (Sirenix.Serialization.IDataReader)	v419 @ X1_v33	37	Sirenix.Serialization.IDataReader::SkipEntry	0x0600015E	RUNTIME_DISPATCH		EXACT	lookup(receiver, interface class, slot) reaches the dispatch pointer; slot = Il2CppMethodDefinition.slot
Sirenix.Serialization.HashSetFormatter`1::DeserializeImplementation	CALL	reader @ X2 (Sirenix.Serialization.IDataReader)	v1729 @ X1_v7	14	Sirenix.Serialization.IDataReader::ExitArray	0x06000147	RUNTIME_DISPATCH		EXACT	lookup(receiver, interface class, slot) reaches the dispatch pointer; slot = Il2CppMethodDefinition.slot
Sirenix.Serialization.ListFormatter`1::DeserializeImplementation	CALL	reader @ X2 (Sirenix.Serialization.IDataReader)	v419 @ X1_v33	37	Sirenix.Serialization.IDataReader::SkipEntry	0x0600015E	RUNTIME_DISPATCH		EXACT	lookup(receiver, interface class, slot) reaches the dispatch pointer; slot = Il2CppMethodDefinition.slot
Sirenix.Serialization.ListFormatter`1::DeserializeImplementation	CALL	reader @ X2 (Sirenix.Serialization.IDataReader)	v1734 @ X1_v7	14	Sirenix.Serialization.IDataReader::ExitArray	0x06000147	RUNTIME_DISPATCH		EXACT	lookup(receiver, interface class, slot) reaches the dispatch pointer; slot = Il2CppMethodDefinition.slot
Sirenix.Serialization.MultiDimensionalArrayFormatter`2::DeserializeImplementation	CALL	v803 @ X19_v10 (Sirenix.Serialization.IDataReader)	v790 @ X1_v14 (Il2CppClass<Sirenix.Serialization.IDataReader>)	37	Sirenix.Serialization.IDataReader::SkipEntry	0x0600015E	RUNTIME_DISPATCH		EXACT	lookup(receiver, interface class, slot) reaches the dispatch pointer; slot = Il2CppMethodDefinition.slot
Sirenix.Serialization.MultiDimensionalArrayFormatter`2::SerializeImplementation	CALL	v185 @ X19_v4 (Sirenix.Serialization.IDataWriter)	v668 @ X1_v3	13	Sirenix.Serialization.IDataWriter::EndArrayNode	0x0600016D	RUNTIME_DISPATCH		EXACT	lookup(receiver, interface class, slot) reaches the dispatch pointer; slot = Il2CppMethodDefinition.slot
Sirenix.Serialization.MultiDimensionalArrayFormatter`2::SerializeImplementation	CALL	v589 @ X19_v7 (Sirenix.Serialization.IDataWriter)	v600 @ X1_v6	13	Sirenix.Serialization.IDataWriter::EndArrayNode	0x0600016D	RUNTIME_DISPATCH		EXACT	lookup(receiver, interface class, slot) reaches the dispatch pointer; slot = Il2CppMethodDefinition.slot
Sirenix.Serialization.SerializableFormatter`1::ReadSerializationInfo	CALL	reader @ X1 (Sirenix.Serialization.IDataReader)	v626 @ X1_v2	14	Sirenix.Serialization.IDataReader::ExitArray	0x06000147	RUNTIME_DISPATCH		EXACT	lookup(receiver, interface class, slot) reaches the dispatch pointer; slot = Il2CppMethodDefinition.slot
Sirenix.Serialization.SerializableFormatter`1::ReadSerializationInfo	CALL	reader @ X1 (Sirenix.Serialization.IDataReader)	v507 @ X1_v5	14	Sirenix.Serialization.IDataReader::ExitArray	0x06000147	RUNTIME_DISPATCH		EXACT	lookup(receiver, interface class, slot) reaches the dispatch pointer; slot = Il2CppMethodDefinition.slot
Sirenix.Serialization.ComplexTypeSerializer`1::WriteValue	CALL	v2237 @ X0_v277 (Sirenix.Serialization.IFormatter`1<T>)	Type: Il2CppClass<Sirenix.Serialization.IFormatter`1<T>>	0	Sirenix.Serialization.IFormatter`1::Serialize	0x060002A1	RUNTIME_DISPATCH		UNRESOLVED	INVOKER_THROUGH_METHOD:METADATA_USAGE:DISPATCH_PATH_NOT_RECOVERED	
Sirenix.Serialization.ComplexTypeSerializer`1::WriteValue	CALL	writer @ X3 (Sirenix.Serialization.IDataWriter)	v2709 @ X1_v24 (Il2CppClass<Sirenix.Serialization.IDataWriter>)	v2689 @ X2_v25 (System.Int32)			RUNTIME_DISPATCH		UNRESOLVED	METHOD_POINTER:TYPED_CLASS_LOCAL:SLOT_NAMES_NO_METHOD	
Sirenix.Serialization.DictionaryKeyUtility+KeyComparer`1::Compare	CALL	v46 @ X19_v1 (System.Collections.Generic.IComparer`1<T>)	Type: Il2CppClass<System.Collections.Generic.IComparer`1<T>>	0	System.Collections.Generic.IComparer`1::Compare	0x06002EC0	RUNTIME_DISPATCH		UNRESOLVED	INVOKER_THROUGH_METHOD:METADATA_USAGE:DISPATCH_PATH_NOT_RECOVERED	
Sirenix.Serialization.PrefabModification::ApplyListLength	CALL	v729 @ X0_v109 (System.Collections.IList)	Type: System.Collections.IList	2	System.Collections.IList::Add	0x06002BD1	RUNTIME_DISPATCH		EXACT	lookup(receiver, interface class, slot) reaches the dispatch pointer; slot = Il2CppMethodDefinition.slot
Sirenix.Serialization.UnitySerializationUtility::DeserializeUnityObject	CALL	v2533 @ X0_v201	v2265 @ X24_v66 (System.Boolean)	0	Sirenix.Serialization.ISupportsPrefabSerialization::get_SerializationData	0x06000408	RUNTIME_DISPATCH		EXACT	lookup(receiver, interface class, slot) reaches the dispatch pointer; slot = Il2CppMethodDefinition.slot
Sirenix.Serialization.Utilities.LinqExtensions+<Append>d__2`1::MoveNext	CALL	v191 @ X24_v14	v503 @ X1_v53 (Il2CppClass<System.Collections.Generic.IEnumerable`1<T>>)	0	System.Collections.Generic.IEnumerable`1::GetEnumerator	0x06002EC8	RUNTIME_DISPATCH	T	EXACT	lookup(receiver, interface class, slot) reaches the dispatch pointer; slot = Il2CppMethodDefinition.slot
Sirenix.Serialization.Utilities.LinqExtensions+<Append>d__2`1::MoveNext	CALL	v411 @ X23_v14	v969 @ X1_v36 (Il2CppClass<System.Collections.Generic.IEnumerable`1<T>>)	0	System.Collections.Generic.IEnumerable`1::GetEnumerator	0x06002EC8	RUNTIME_DISPATCH	T	EXACT	lookup(receiver, interface class, slot) reaches the dispatch pointer; slot = Il2CppMethodDefinition.slot
Sirenix.Serialization.Utilities.LinqExtensions::ForEach	CALL	source @ X0 (System.Collections.Generic.IEnumerable`1<T>)	v152 @ X1_v14 (Il2CppClass<Il2CppMethodRgctx<Sirenix.Serialization.Utilities.LinqExtensions::ForEach>>)	0	System.Collections.Generic.IEnumerable`1::GetEnumerator	0x06002EC8	RUNTIME_DISPATCH	T	EXACT	lookup(receiver, interface class, slot) reaches the dispatch pointer; slot = Il2CppMethodDefinition.slot
Sirenix.Serialization.Utilities.LinqExtensions::ForEach	CALL	source @ X0 (System.Collections.Generic.IEnumerable`1<T>)	v168 @ X1_v14 (Il2CppClass<Il2CppMethodRgctx<Sirenix.Serialization.Utilities.LinqExtensions::ForEach>>)	0	System.Collections.Generic.IEnumerable`1::GetEnumerator	0x06002EC8	RUNTIME_DISPATCH	T	EXACT	lookup(receiver, interface class, slot) reaches the dispatch pointer; slot = Il2CppMethodDefinition.slot
Sirenix.Serialization.Utilities.TypeExtensions::GetCastMethod	CALL	v164 @ X0_v14	v1413 @ X1_v7	0	System.Collections.Generic.IEnumerable`1::GetEnumerator	0x06002EC8	RUNTIME_DISPATCH	System.Reflection.MethodInfo	EXACT	lookup(receiver, interface class, slot) reaches the dispatch pointer; slot = Il2CppMethodDefinition.slot
Sirenix.Serialization.Utilities.ImmutableList`1::get_Count	TAIL	v4 @ X19_v1 (System.Collections.Generic.IList`1<T>)	v33 @ X1_v2 (Il2CppClass<System.Collections.Generic.ICollection`1<T>>)	0	System.Collections.Generic.ICollection`1::get_Count	0x06002EB9	RUNTIME_DISPATCH	T	EXACT	lookup(receiver, interface class, slot) reaches the dispatch pointer; slot = Il2CppMethodDefinition.slot
Sirenix.Serialization.Utilities.ImmutableList`1::Contains	CALL	v34 @ X19_v1 (System.Collections.Generic.IList`1<T>)	Type: Il2CppClass<System.Collections.Generic.ICollection`1<T>>	4	System.Collections.Generic.ICollection`1::Contains	0x06002EBD	RUNTIME_DISPATCH		UNRESOLVED	INVOKER_THROUGH_METHOD:METADATA_USAGE:DISPATCH_PATH_NOT_RECOVERED	
Sirenix.Serialization.Utilities.ImmutableList`1::CopyTo	TAIL	v8 @ X21_v1 (System.Collections.Generic.IList`1<T>)	v39 @ X1_v2 (Il2CppClass<System.Collections.Generic.ICollection`1<T>>)	5	System.Collections.Generic.ICollection`1::CopyTo	0x06002EBE	RUNTIME_DISPATCH	T	EXACT	lookup(receiver, interface class, slot) reaches the dispatch pointer; slot = Il2CppMethodDefinition.slot
Sirenix.Serialization.Utilities.ImmutableList`1::GetEnumerator	TAIL	v4 @ X19_v1 (System.Collections.Generic.IList`1<T>)	v33 @ X1_v2 (Il2CppClass<System.Collections.Generic.IEnumerable`1<T>>)	0	System.Collections.Generic.IEnumerable`1::GetEnumerator	0x06002EC8	RUNTIME_DISPATCH	T	EXACT	lookup(receiver, interface class, slot) reaches the dispatch pointer; slot = Il2CppMethodDefinition.slot
Sirenix.Serialization.Utilities.ImmutableList`1::System.Collections.ICollection.CopyTo	TAIL	v14 @ X20_v1 (System.Collections.Generic.IList`1<T>)	v46 @ X21_v2 (Il2CppClass<System.Collections.Generic.ICollection`1<T>>)	5	System.Collections.Generic.ICollection`1::CopyTo	0x06002EBE	RUNTIME_DISPATCH	T	EXACT	lookup(receiver, interface class, slot) reaches the dispatch pointer; slot = Il2CppMethodDefinition.slot
Sirenix.Serialization.Utilities.ImmutableList`1::System.Collections.IList.Contains	CALL	v35 @ X19_v1 (System.Collections.Generic.IList`1<T>)	Type: Il2CppClass<System.Collections.Generic.ICollection`1<T>>	4	System.Collections.Generic.ICollection`1::Contains	0x06002EBD	RUNTIME_DISPATCH		UNRESOLVED	INVOKER_THROUGH_METHOD:METADATA_USAGE:DISPATCH_PATH_NOT_RECOVERED	
Sirenix.Serialization.Utilities.ImmutableList`1::System.Collections.IList.IndexOf	CALL	v35 @ X19_v1 (System.Collections.Generic.IList`1<T>)	Type: Il2CppClass<System.Collections.Generic.IList`1<T>>	2	System.Collections.Generic.IList`1::IndexOf	0x06002ECE	RUNTIME_DISPATCH		UNRESOLVED	INVOKER_THROUGH_METHOD:METADATA_USAGE:DISPATCH_PATH_NOT_RECOVERED	
Sirenix.Serialization.Utilities.ImmutableList`1::IndexOf	CALL	v34 @ X19_v1 (System.Collections.Generic.IList`1<T>)	Type: Il2CppClass<System.Collections.Generic.IList`1<T>>	2	System.Collections.Generic.IList`1::IndexOf	0x06002ECE	RUNTIME_DISPATCH		UNRESOLVED	INVOKER_THROUGH_METHOD:METADATA_USAGE:DISPATCH_PATH_NOT_RECOVERED	
CinemachineMixer::ProcessFrame	CALL	v210 @ X22_v5 (Cinemachine.ICameraOverrideStack)	v514 @ X1_v9	0	Cinemachine.ICameraOverrideStack::SetCameraOverride	0x06000040	RUNTIME_DISPATCH		EXACT	lookup(receiver, interface class, slot) reaches the dispatch pointer; slot = Il2CppMethodDefinition.slot
Cinemachine.CinemachineVirtualCamera::OnDestroy	CALL	v419 @ X0_v6 (UnityEngine.Transform)	v544 @ X1_v6	0	System.IDisposable::Dispose	0x0600079F	RUNTIME_DISPATCH		EXACT	lookup(receiver, interface class, slot) reaches the dispatch pointer; slot = Il2CppMethodDefinition.slot
Cinemachine.CinemachineVirtualCamera::OnDestroy	CALL	v361 @ X0_v19	v421 @ X1_v11	0	System.IDisposable::Dispose	0x0600079F	RUNTIME_DISPATCH		EXACT	lookup(receiver, interface class, slot) reaches the dispatch pointer; slot = Il2CppMethodDefinition.slot
Cinemachine.CinemachineVirtualCamera::DestroyPipeline	CALL	v546 @ X0_v8 (System.Collections.IEnumerator)	v704 @ X1_v20	0	System.IDisposable::Dispose	0x0600079F	RUNTIME_DISPATCH		EXACT	lookup(receiver, interface class, slot) reaches the dispatch pointer; slot = Il2CppMethodDefinition.slot
Cinemachine.CinemachineVirtualCamera::DestroyPipeline	CALL	v482 @ X0_v52	v548 @ X1_v30	0	System.IDisposable::Dispose	0x0600079F	RUNTIME_DISPATCH		EXACT	lookup(receiver, interface class, slot) reaches the dispatch pointer; slot = Il2CppMethodDefinition.slot
Cinemachine.CinemachineVirtualCamera::UpdateComponentPipeline	CALL	v638 @ X0_v66	v714 @ X1_v27	0	System.IDisposable::Dispose	0x0600079F	RUNTIME_DISPATCH		EXACT	lookup(receiver, interface class, slot) reaches the dispatch pointer; slot = Il2CppMethodDefinition.slot
Cinemachine.CinemachineBlend::get_State	CALL	v961 @ X20_v8 (Cinemachine.ICinemachineCamera)	v957 @ X1_v8 (Il2CppClass<Cinemachine.ICinemachineCamera>)	8	Cinemachine.ICinemachineCamera::get_State	0x06000393	RUNTIME_DISPATCH		EXACT	lookup(receiver, interface class, slot) reaches the dispatch pointer; slot = Il2CppMethodDefinition.slot
Cinemachine.CinemachineImpulseDefinition::CreateStandardShapes	CALL	v1638 @ X0_v11 (System.Collections.IEnumerator)	v1727 @ X1_v51	0	System.IDisposable::Dispose	0x0600079F	RUNTIME_DISPATCH		EXACT	lookup(receiver, interface class, slot) reaches the dispatch pointer; slot = Il2CppMethodDefinition.slot
Cinemachine.CinemachineImpulseDefinition::CreateStandardShapes	CALL	v1587 @ X0_v86	v1664 @ X1_v56	0	System.IDisposable::Dispose	0x0600079F	RUNTIME_DISPATCH		EXACT	lookup(receiver, interface class, slot) reaches the dispatch pointer; slot = Il2CppMethodDefinition.slot
Sirenix.Utilities.LinqExtensions+<Examine>d__0`1::MoveNext	CALL	v258 @ X24_v12	v432 @ X1_v31 (Il2CppClass<System.Collections.Generic.IEnumerable`1<T>>)	0	System.Collections.Generic.IEnumerable`1::GetEnumerator	0x06002EC8	RUNTIME_DISPATCH	T	EXACT	lookup(receiver, interface class, slot) reaches the dispatch pointer; slot = Il2CppMethodDefinition.slot
Sirenix.Utilities.LinqExtensions+<PrependWith>d__7`1::MoveNext	CALL	v291 @ X23_v12	v497 @ X1_v33 (Il2CppClass<System.Collections.Generic.IEnumerable`1<T>>)	0	System.Collections.Generic.IEnumerable`1::GetEnumerator	0x06002EC8	RUNTIME_DISPATCH	T	EXACT	lookup(receiver, interface class, slot) reaches the dispatch pointer; slot = Il2CppMethodDefinition.slot
Sirenix.Utilities.LinqExtensions+<PrependWith>d__7`1::MoveNext	CALL	v269 @ X23_v11	Type: Il2CppClass<System.Collections.Generic.IEnumerator`1<T>>	0	System.Collections.Generic.IEnumerator`1::get_Current	0x06002EC9	RUNTIME_DISPATCH		UNRESOLVED	INVOKER_THROUGH_METHOD:METADATA_USAGE:DISPATCH_PATH_NOT_RECOVERED	
Sirenix.Utilities.LinqExtensions+<PrependWith>d__8`1::MoveNext	CALL	v291 @ X23_v11	v463 @ X1_v32 (Il2CppClass<System.Collections.Generic.IEnumerable`1<T>>)	0	System.Collections.Generic.IEnumerable`1::GetEnumerator	0x06002EC8	RUNTIME_DISPATCH	T	EXACT	lookup(receiver, interface class, slot) reaches the dispatch pointer; slot = Il2CppMethodDefinition.slot
Sirenix.Utilities.LinqExtensions+<PrependWith>d__8`1::MoveNext	CALL	v269 @ X23_v10	Type: Il2CppClass<System.Collections.Generic.IEnumerator`1<T>>	0	System.Collections.Generic.IEnumerator`1::get_Current	0x06002EC9	RUNTIME_DISPATCH		UNRESOLVED	INVOKER_THROUGH_METHOD:METADATA_USAGE:DISPATCH_PATH_NOT_RECOVERED	
Sirenix.Utilities.LinqExtensions+<PrependWith>d__9`1::MoveNext	CALL	v191 @ X24_v14	v503 @ X1_v53 (Il2CppClass<System.Collections.Generic.IEnumerable`1<T>>)	0	System.Collections.Generic.IEnumerable`1::GetEnumerator	0x06002EC8	RUNTIME_DISPATCH	T	EXACT	lookup(receiver, interface class, slot) reaches the dispatch pointer; slot = Il2CppMethodDefinition.slot
Sirenix.Utilities.LinqExtensions+<PrependWith>d__9`1::MoveNext	CALL	v411 @ X23_v14	v969 @ X1_v36 (Il2CppClass<System.Collections.Generic.IEnumerable`1<T>>)	0	System.Collections.Generic.IEnumerable`1::GetEnumerator	0x06002EC8	RUNTIME_DISPATCH	T	EXACT	lookup(receiver, interface class, slot) reaches the dispatch pointer; slot = Il2CppMethodDefinition.slot
Sirenix.Utilities.LinqExtensions+<PrependIf>d__10`1::MoveNext	CALL	v348 @ X23_v12	v517 @ X1_v28 (Il2CppClass<System.Collections.Generic.IEnumerable`1<T>>)	0	System.Collections.Generic.IEnumerable`1::GetEnumerator	0x06002EC8	RUNTIME_DISPATCH	T	EXACT	lookup(receiver, interface class, slot) reaches the dispatch pointer; slot = Il2CppMethodDefinition.slot
Sirenix.Utilities.LinqExtensions+<PrependIf>d__10`1::MoveNext	CALL	v262 @ X23_v11	Type: Il2CppClass<System.Collections.Generic.IEnumerator`1<T>>	0	System.Collections.Generic.IEnumerator`1::get_Current	0x06002EC9	RUNTIME_DISPATCH		UNRESOLVED	INVOKER_THROUGH_METHOD:METADATA_USAGE:DISPATCH_PATH_NOT_RECOVERED	
Sirenix.Utilities.LinqExtensions+<PrependIf>d__11`1::MoveNext	CALL	v345 @ X23_v11	v489 @ X1_v27 (Il2CppClass<System.Collections.Generic.IEnumerable`1<T>>)	0	System.Collections.Generic.IEnumerable`1::GetEnumerator	0x06002EC8	RUNTIME_DISPATCH	T	EXACT	lookup(receiver, interface class, slot) reaches the dispatch pointer; slot = Il2CppMethodDefinition.slot
Sirenix.Utilities.LinqExtensions+<PrependIf>d__11`1::MoveNext	CALL	v259 @ X23_v10	Type: Il2CppClass<System.Collections.Generic.IEnumerator`1<T>>	0	System.Collections.Generic.IEnumerator`1::get_Current	0x06002EC9	RUNTIME_DISPATCH		UNRESOLVED	INVOKER_THROUGH_METHOD:METADATA_USAGE:DISPATCH_PATH_NOT_RECOVERED	
Sirenix.Utilities.LinqExtensions+<PrependIf>d__12`1::MoveNext	CALL	v343 @ X24_v15	v670 @ X1_v55 (Il2CppClass<System.Collections.Generic.IEnumerable`1<T>>)	0	System.Collections.Generic.IEnumerable`1::GetEnumerator	0x06002EC8	RUNTIME_DISPATCH	T	EXACT	lookup(receiver, interface class, slot) reaches the dispatch pointer; slot = Il2CppMethodDefinition.slot
Sirenix.Utilities.LinqExtensions+<PrependIf>d__12`1::MoveNext	CALL	v418 @ X23_v14	v677 @ X1_v31 (Il2CppClass<System.Collections.Generic.IEnumerable`1<T>>)	0	System.Collections.Generic.IEnumerable`1::GetEnumerator	0x06002EC8	RUNTIME_DISPATCH	T	EXACT	lookup(receiver, interface class, slot) reaches the dispatch pointer; slot = Il2CppMethodDefinition.slot
Sirenix.Utilities.LinqExtensions+<PrependIf>d__13`1::MoveNext	CALL	v386 @ X23_v13	v527 @ X1_v29 (Il2CppClass<System.Collections.Generic.IEnumerable`1<T>>)	0	System.Collections.Generic.IEnumerable`1::GetEnumerator	0x06002EC8	RUNTIME_DISPATCH	T	EXACT	lookup(receiver, interface class, slot) reaches the dispatch pointer; slot = Il2CppMethodDefinition.slot
Sirenix.Utilities.LinqExtensions+<PrependIf>d__13`1::MoveNext	CALL	v77 @ stack_-68_v2 (Sirenix.Utilities.LinqExtensions+<PrependIf>d__13`1<T>)	v128 @ X1_v35	4294967295			RUNTIME_DISPATCH		UNRESOLVED	TWO_LOADS_OTHER:UNKNOWN_CLASS_SOURCE:CLASS_NOT_AN_INTERFACE_POINTER	Add
Sirenix.Utilities.LinqExtensions+<PrependIf>d__13`1::MoveNext	CALL	v263 @ X23_v12	Type: Il2CppClass<System.Collections.Generic.IEnumerator`1<T>>	0	System.Collections.Generic.IEnumerator`1::get_Current	0x06002EC9	RUNTIME_DISPATCH		UNRESOLVED	INVOKER_THROUGH_METHOD:METADATA_USAGE:DISPATCH_PATH_NOT_RECOVERED	
Sirenix.Utilities.LinqExtensions+<PrependIf>d__14`1::MoveNext	CALL	v383 @ X23_v12	v507 @ X1_v28 (Il2CppClass<System.Collections.Generic.IEnumerable`1<T>>)	0	System.Collections.Generic.IEnumerable`1::GetEnumerator	0x06002EC8	RUNTIME_DISPATCH	T	EXACT	lookup(receiver, interface class, slot) reaches the dispatch pointer; slot = Il2CppMethodDefinition.slot
Sirenix.Utilities.LinqExtensions+<PrependIf>d__14`1::MoveNext	CALL	v77 @ stack_-68_v2 (Sirenix.Utilities.LinqExtensions+<PrependIf>d__14`1<T>)	v128 @ X1_v34	4294967295			RUNTIME_DISPATCH		UNRESOLVED	TWO_LOADS_OTHER:UNKNOWN_CLASS_SOURCE:CLASS_NOT_AN_INTERFACE_POINTER	Add
Sirenix.Utilities.LinqExtensions+<PrependIf>d__14`1::MoveNext	CALL	v261 @ X23_v11	Type: Il2CppClass<System.Collections.Generic.IEnumerator`1<T>>	0	System.Collections.Generic.IEnumerator`1::get_Current	0x06002EC9	RUNTIME_DISPATCH		UNRESOLVED	INVOKER_THROUGH_METHOD:METADATA_USAGE:DISPATCH_PATH_NOT_RECOVERED	
Sirenix.Utilities.LinqExtensions+<PrependIf>d__15`1::MoveNext	CALL	v343 @ X24_v16	v789 @ X1_v57 (Il2CppClass<System.Collections.Generic.IEnumerable`1<T>>)	0	System.Collections.Generic.IEnumerable`1::GetEnumerator	0x06002EC8	RUNTIME_DISPATCH	T	EXACT	lookup(receiver, interface class, slot) reaches the dispatch pointer; slot = Il2CppMethodDefinition.slot
Sirenix.Utilities.LinqExtensions+<PrependIf>d__15`1::MoveNext	CALL	v412 @ X23_v15	v796 @ X1_v32 (Il2CppClass<System.Collections.Generic.IEnumerable`1<T>>)	0	System.Collections.Generic.IEnumerable`1::GetEnumerator	0x06002EC8	RUNTIME_DISPATCH	T	EXACT	lookup(receiver, interface class, slot) reaches the dispatch pointer; slot = Il2CppMethodDefinition.slot
Sirenix.Utilities.LinqExtensions+<PrependIf>d__15`1::MoveNext	CALL	v86 @ stack_-68_v2 (Sirenix.Utilities.LinqExtensions+<PrependIf>d__15`1<T>)	v139 @ X1_v53	4294967295			RUNTIME_DISPATCH		UNRESOLVED	TWO_LOADS_OTHER:UNKNOWN_CLASS_SOURCE:CLASS_NOT_AN_INTERFACE_POINTER	Add
Sirenix.Utilities.LinqExtensions+<PrependIf>d__16`1::MoveNext	CALL	v373 @ X23_v14	v576 @ X1_v29 (Il2CppClass<System.Collections.Generic.IEnumerable`1<T>>)	0	System.Collections.Generic.IEnumerable`1::GetEnumerator	0x06002EC8	RUNTIME_DISPATCH	T	EXACT	lookup(receiver, interface class, slot) reaches the dispatch pointer; slot = Il2CppMethodDefinition.slot
Sirenix.Utilities.LinqExtensions+<PrependIf>d__16`1::MoveNext	CALL	v281 @ X23_v12	Type: Il2CppClass<System.Collections.Generic.IEnumerator`1<T>>	0	System.Collections.Generic.IEnumerator`1::get_Current	0x06002EC9	RUNTIME_DISPATCH		UNRESOLVED	INVOKER_THROUGH_METHOD:METADATA_USAGE:DISPATCH_PATH_NOT_RECOVERED	
Sirenix.Utilities.LinqExtensions+<PrependIf>d__17`1::MoveNext	CALL	v370 @ X23_v13	v548 @ X1_v28 (Il2CppClass<System.Collections.Generic.IEnumerable`1<T>>)	0	System.Collections.Generic.IEnumerable`1::GetEnumerator	0x06002EC8	RUNTIME_DISPATCH	T	EXACT	lookup(receiver, interface class, slot) reaches the dispatch pointer; slot = Il2CppMethodDefinition.slot
Sirenix.Utilities.LinqExtensions+<PrependIf>d__17`1::MoveNext	CALL	v281 @ X23_v11	Type: Il2CppClass<System.Collections.Generic.IEnumerator`1<T>>	0	System.Collections.Generic.IEnumerator`1::get_Current	0x06002EC9	RUNTIME_DISPATCH		UNRESOLVED	INVOKER_THROUGH_METHOD:METADATA_USAGE:DISPATCH_PATH_NOT_RECOVERED	
Sirenix.Utilities.LinqExtensions+<PrependIf>d__18`1::MoveNext	CALL	v369 @ X24_v17	v892 @ X1_v58 (Il2CppClass<System.Collections.Generic.IEnumerable`1<T>>)	0	System.Collections.Generic.IEnumerable`1::GetEnumerator	0x06002EC8	RUNTIME_DISPATCH	T	EXACT	lookup(receiver, interface class, slot) reaches the dispatch pointer; slot = Il2CppMethodDefinition.slot
Sirenix.Utilities.LinqExtensions+<PrependIf>d__18`1::MoveNext	CALL	v384 @ X23_v15	v899 @ X1_v32 (Il2CppClass<System.Collections.Generic.IEnumerable`1<T>>)	0	System.Collections.Generic.IEnumerable`1::GetEnumerator	0x06002EC8	RUNTIME_DISPATCH	T	EXACT	lookup(receiver, interface class, slot) reaches the dispatch pointer; slot = Il2CppMethodDefinition.slot
Sirenix.Utilities.LinqExtensions+<AppendWith>d__19`1::MoveNext	CALL	v143 @ X23_v11	v384 @ X1_v31 (Il2CppClass<System.Collections.Generic.IEnumerable`1<T>>)	0	System.Collections.Generic.IEnumerable`1::GetEnumerator	0x06002EC8	RUNTIME_DISPATCH	T	EXACT	lookup(receiver, interface class, slot) reaches the dispatch pointer; slot = Il2CppMethodDefinition.slot
Sirenix.Utilities.LinqExtensions+<AppendWith>d__19`1::MoveNext	CALL	v232 @ X23_v10	Type: Il2CppClass<System.Collections.Generic.IEnumerator`1<T>>	0	System.Collections.Generic.IEnumerator`1::get_Current	0x06002EC9	RUNTIME_DISPATCH		UNRESOLVED	INVOKER_THROUGH_METHOD:METADATA_USAGE:DISPATCH_PATH_NOT_RECOVERED	
Sirenix.Utilities.LinqExtensions+<AppendWith>d__20`1::MoveNext	CALL	v143 @ X23_v10	v382 @ X1_v30 (Il2CppClass<System.Collections.Generic.IEnumerable`1<T>>)	0	System.Collections.Generic.IEnumerable`1::GetEnumerator	0x06002EC8	RUNTIME_DISPATCH	T	EXACT	lookup(receiver, interface class, slot) reaches the dispatch pointer; slot = Il2CppMethodDefinition.slot
Sirenix.Utilities.LinqExtensions+<AppendWith>d__20`1::MoveNext	CALL	v230 @ X23_v9	Type: Il2CppClass<System.Collections.Generic.IEnumerator`1<T>>	0	System.Collections.Generic.IEnumerator`1::get_Current	0x06002EC9	RUNTIME_DISPATCH		UNRESOLVED	INVOKER_THROUGH_METHOD:METADATA_USAGE:DISPATCH_PATH_NOT_RECOVERED	
Sirenix.Utilities.LinqExtensions+<AppendWith>d__21`1::MoveNext	CALL	v191 @ X24_v14	v503 @ X1_v53 (Il2CppClass<System.Collections.Generic.IEnumerable`1<T>>)	0	System.Collections.Generic.IEnumerable`1::GetEnumerator	0x06002EC8	RUNTIME_DISPATCH	T	EXACT	lookup(receiver, interface class, slot) reaches the dispatch pointer; slot = Il2CppMethodDefinition.slot
Sirenix.Utilities.LinqExtensions+<AppendWith>d__21`1::MoveNext	CALL	v411 @ X23_v14	v969 @ X1_v36 (Il2CppClass<System.Collections.Generic.IEnumerable`1<T>>)	0	System.Collections.Generic.IEnumerable`1::GetEnumerator	0x06002EC8	RUNTIME_DISPATCH	T	EXACT	lookup(receiver, interface class, slot) reaches the dispatch pointer; slot = Il2CppMethodDefinition.slot
Sirenix.Utilities.LinqExtensions+<AppendIf>d__22`1::MoveNext	CALL	v180 @ X23_v12	v404 @ X1_v33 (Il2CppClass<System.Collections.Generic.IEnumerable`1<T>>)	0	System.Collections.Generic.IEnumerable`1::GetEnumerator	0x06002EC8	RUNTIME_DISPATCH	T	EXACT	lookup(receiver, interface class, slot) reaches the dispatch pointer; slot = Il2CppMethodDefinition.slot
Sirenix.Utilities.LinqExtensions+<AppendIf>d__22`1::MoveNext	CALL	v253 @ X23_v11	Type: Il2CppClass<System.Collections.Generic.IEnumerator`1<T>>	0	System.Collections.Generic.IEnumerator`1::get_Current	0x06002EC9	RUNTIME_DISPATCH		UNRESOLVED	INVOKER_THROUGH_METHOD:METADATA_USAGE:DISPATCH_PATH_NOT_RECOVERED	
Sirenix.Utilities.LinqExtensions+<AppendIf>d__23`1::MoveNext	CALL	v180 @ X23_v11	v401 @ X1_v32 (Il2CppClass<System.Collections.Generic.IEnumerable`1<T>>)	0	System.Collections.Generic.IEnumerable`1::GetEnumerator	0x06002EC8	RUNTIME_DISPATCH	T	EXACT	lookup(receiver, interface class, slot) reaches the dispatch pointer; slot = Il2CppMethodDefinition.slot
Sirenix.Utilities.LinqExtensions+<AppendIf>d__23`1::MoveNext	CALL	v250 @ X23_v10	Type: Il2CppClass<System.Collections.Generic.IEnumerator`1<T>>	0	System.Collections.Generic.IEnumerator`1::get_Current	0x06002EC9	RUNTIME_DISPATCH		UNRESOLVED	INVOKER_THROUGH_METHOD:METADATA_USAGE:DISPATCH_PATH_NOT_RECOVERED	
Sirenix.Utilities.LinqExtensions+<AppendIf>d__24`1::MoveNext	CALL	v210 @ X24_v14	v521 @ X1_v54 (Il2CppClass<System.Collections.Generic.IEnumerable`1<T>>)	0	System.Collections.Generic.IEnumerable`1::GetEnumerator	0x06002EC8	RUNTIME_DISPATCH	T	EXACT	lookup(receiver, interface class, slot) reaches the dispatch pointer; slot = Il2CppMethodDefinition.slot
Sirenix.Utilities.LinqExtensions+<AppendIf>d__24`1::MoveNext	CALL	v429 @ X23_v14	v1068 @ X1_v37 (Il2CppClass<System.Collections.Generic.IEnumerable`1<T>>)	0	System.Collections.Generic.IEnumerable`1::GetEnumerator	0x06002EC8	RUNTIME_DISPATCH	T	EXACT	lookup(receiver, interface class, slot) reaches the dispatch pointer; slot = Il2CppMethodDefinition.slot
Sirenix.Utilities.LinqExtensions+<AppendIf>d__25`1::MoveNext	CALL	v180 @ X23_v13	v404 @ X1_v35 (Il2CppClass<System.Collections.Generic.IEnumerable`1<T>>)	0	System.Collections.Generic.IEnumerable`1::GetEnumerator	0x06002EC8	RUNTIME_DISPATCH	T	EXACT	lookup(receiver, interface class, slot) reaches the dispatch pointer; slot = Il2CppMethodDefinition.slot
Sirenix.Utilities.LinqExtensions+<AppendIf>d__25`1::MoveNext	CALL	v77 @ stack_-68_v2 (Sirenix.Utilities.LinqExtensions+<AppendIf>d__25`1<T>)	v521 @ X1_v17	0			RUNTIME_DISPATCH		UNRESOLVED	TWO_LOADS_OTHER:UNKNOWN_CLASS_SOURCE:CLASS_NOT_AN_INTERFACE_POINTER	Add
Sirenix.Utilities.LinqExtensions+<AppendIf>d__25`1::MoveNext	CALL	v253 @ X23_v12	Type: Il2CppClass<System.Collections.Generic.IEnumerator`1<T>>	0	System.Collections.Generic.IEnumerator`1::get_Current	0x06002EC9	RUNTIME_DISPATCH		UNRESOLVED	INVOKER_THROUGH_METHOD:METADATA_USAGE:DISPATCH_PATH_NOT_RECOVERED	
Sirenix.Utilities.LinqExtensions+<AppendIf>d__26`1::MoveNext	CALL	v180 @ X23_v12	v401 @ X1_v34 (Il2CppClass<System.Collections.Generic.IEnumerable`1<T>>)	0	System.Collections.Generic.IEnumerable`1::GetEnumerator	0x06002EC8	RUNTIME_DISPATCH	T	EXACT	lookup(receiver, interface class, slot) reaches the dispatch pointer; slot = Il2CppMethodDefinition.slot
Sirenix.Utilities.LinqExtensions+<AppendIf>d__26`1::MoveNext	CALL	v77 @ stack_-68_v2 (Sirenix.Utilities.LinqExtensions+<AppendIf>d__26`1<T>)	v504 @ X1_v16	0			RUNTIME_DISPATCH		UNRESOLVED	TWO_LOADS_OTHER:UNKNOWN_CLASS_SOURCE:CLASS_NOT_AN_INTERFACE_POINTER	Add
Sirenix.Utilities.LinqExtensions+<AppendIf>d__26`1::MoveNext	CALL	v250 @ X23_v11	Type: Il2CppClass<System.Collections.Generic.IEnumerator`1<T>>	0	System.Collections.Generic.IEnumerator`1::get_Current	0x06002EC9	RUNTIME_DISPATCH		UNRESOLVED	INVOKER_THROUGH_METHOD:METADATA_USAGE:DISPATCH_PATH_NOT_RECOVERED	
Sirenix.Utilities.LinqExtensions+<AppendIf>d__27`1::MoveNext	CALL	v210 @ X24_v15	v521 @ X1_v56 (Il2CppClass<System.Collections.Generic.IEnumerable`1<T>>)	0	System.Collections.Generic.IEnumerable`1::GetEnumerator	0x06002EC8	RUNTIME_DISPATCH	T	EXACT	lookup(receiver, interface class, slot) reaches the dispatch pointer; slot = Il2CppMethodDefinition.slot
Sirenix.Utilities.LinqExtensions+<AppendIf>d__27`1::MoveNext	CALL	v429 @ X23_v15	v1118 @ X1_v39 (Il2CppClass<System.Collections.Generic.IEnumerable`1<T>>)	0	System.Collections.Generic.IEnumerable`1::GetEnumerator	0x06002EC8	RUNTIME_DISPATCH	T	EXACT	lookup(receiver, interface class, slot) reaches the dispatch pointer; slot = Il2CppMethodDefinition.slot
Sirenix.Utilities.LinqExtensions+<AppendIf>d__27`1::MoveNext	CALL	v86 @ stack_-68_v2 (Sirenix.Utilities.LinqExtensions+<AppendIf>d__27`1<T>)	v645 @ X1_v35	0			RUNTIME_DISPATCH		UNRESOLVED	TWO_LOADS_OTHER:UNKNOWN_CLASS_SOURCE:CLASS_NOT_AN_INTERFACE_POINTER	Add
Sirenix.Utilities.LinqExtensions::ForEach	CALL	source @ X0 (System.Collections.Generic.IEnumerable`1<T>)	v152 @ X1_v14 (Il2CppClass<Il2CppMethodRgctx<Sirenix.Utilities.LinqExtensions::ForEach>>)	0	System.Collections.Generic.IEnumerable`1::GetEnumerator	0x06002EC8	RUNTIME_DISPATCH	T	EXACT	lookup(receiver, interface class, slot) reaches the dispatch pointer; slot = Il2CppMethodDefinition.slot
Sirenix.Utilities.LinqExtensions::ForEach	CALL	source @ X0 (System.Collections.Generic.IEnumerable`1<T>)	v168 @ X1_v14 (Il2CppClass<Il2CppMethodRgctx<Sirenix.Utilities.LinqExtensions::ForEach>>)	0	System.Collections.Generic.IEnumerable`1::GetEnumerator	0x06002EC8	RUNTIME_DISPATCH	T	EXACT	lookup(receiver, interface class, slot) reaches the dispatch pointer; slot = Il2CppMethodDefinition.slot
Sirenix.Utilities.LinqExtensions::AddRange	CALL	range @ X1 (System.Collections.Generic.IEnumerable`1<T>)	v151 @ X1_v14 (Il2CppClass<Il2CppMethodRgctx<Sirenix.Utilities.LinqExtensions::AddRange>>)	0	System.Collections.Generic.IEnumerable`1::GetEnumerator	0x06002EC8	RUNTIME_DISPATCH	T	EXACT	lookup(receiver, interface class, slot) reaches the dispatch pointer; slot = Il2CppMethodDefinition.slot
Sirenix.Utilities.LinqExtensions::IsNullOrEmpty	CALL	list @ X0 (System.Collections.Generic.IList`1<T>)	v45 @ X1_v3 (Il2CppClass<System.Collections.Generic.ICollection`1<T>>)	0	System.Collections.Generic.ICollection`1::get_Count	0x06002EB9	RUNTIME_DISPATCH	T	EXACT	lookup(receiver, interface class, slot) reaches the dispatch pointer; slot = Il2CppMethodDefinition.slot
Sirenix.Utilities.LinqExtensions::Populate	CALL	list @ X0 (System.Collections.Generic.IList`1<T>)	v75 @ X1_v3 (Il2CppClass<System.Collections.Generic.ICollection`1<T>>)	0	System.Collections.Generic.ICollection`1::get_Count	0x06002EB9	RUNTIME_DISPATCH	T	EXACT	lookup(receiver, interface class, slot) reaches the dispatch pointer; slot = Il2CppMethodDefinition.slot
Sirenix.Utilities.LinqExtensions::Populate	CALL	list @ X0 (System.Collections.Generic.IList`1<T>)	Type: Il2CppClass<System.Collections.Generic.IList`1<T>>	1	System.Collections.Generic.IList`1::set_Item	0x06002ECD	RUNTIME_DISPATCH		UNRESOLVED	INVOKER_THROUGH_METHOD:METADATA_USAGE:DISPATCH_PATH_NOT_RECOVERED	
Sirenix.Utilities.LinqExtensions::AddRange	CALL	v250 @ X0_v46 (System.Collections.IEnumerator)	Type: Il2CppClass<System.Collections.Generic.IEnumerator`1<T>>	0	System.Collections.Generic.IEnumerator`1::get_Current	0x06002EC9	RUNTIME_DISPATCH		UNRESOLVED	INVOKER_THROUGH_METHOD:METADATA_USAGE:DISPATCH_PATH_NOT_RECOVERED	
Sirenix.Utilities.LinqExtensions::AddRange	CALL	list @ X0 (System.Collections.Generic.IList`1<T>)	Type: Il2CppClass<System.Collections.Generic.ICollection`1<T>>	2	System.Collections.Generic.ICollection`1::Add	0x06002EBB	RUNTIME_DISPATCH		UNRESOLVED	INVOKER_THROUGH_METHOD:METADATA_USAGE:DISPATCH_PATH_NOT_RECOVERED	
Sirenix.Utilities.LinqExtensions::Sort	CALL	list @ X0 (System.Collections.Generic.IList`1<T>)	Type: Il2CppClass<System.Collections.Generic.IList`1<T>>	1	System.Collections.Generic.IList`1::set_Item	0x06002ECD	RUNTIME_DISPATCH		UNRESOLVED	INVOKER_THROUGH_METHOD:METADATA_USAGE:DISPATCH_PATH_NOT_RECOVERED	
Sirenix.Utilities.LinqExtensions::Sort	CALL	list @ X0 (System.Collections.Generic.IList`1<T>)	Type: Il2CppClass<System.Collections.Generic.IList`1<T>>	1	System.Collections.Generic.IList`1::set_Item	0x06002ECD	RUNTIME_DISPATCH		UNRESOLVED	INVOKER_THROUGH_METHOD:METADATA_USAGE:DISPATCH_PATH_NOT_RECOVERED	
Sirenix.Utilities.TypeExtensions::GetCastMethod	CALL	v164 @ X0_v14	v1413 @ X1_v7	0	System.Collections.Generic.IEnumerable`1::GetEnumerator	0x06002EC8	RUNTIME_DISPATCH	System.Reflection.MethodInfo	EXACT	lookup(receiver, interface class, slot) reaches the dispatch pointer; slot = Il2CppMethodDefinition.slot
Sirenix.Utilities.ImmutableList`1::get_Count	TAIL	v4 @ X19_v1 (System.Collections.Generic.IList`1<T>)	v33 @ X1_v2 (Il2CppClass<System.Collections.Generic.ICollection`1<T>>)	0	System.Collections.Generic.ICollection`1::get_Count	0x06002EB9	RUNTIME_DISPATCH	T	EXACT	lookup(receiver, interface class, slot) reaches the dispatch pointer; slot = Il2CppMethodDefinition.slot
Sirenix.Utilities.ImmutableList`1::Contains	CALL	v34 @ X19_v1 (System.Collections.Generic.IList`1<T>)	Type: Il2CppClass<System.Collections.Generic.ICollection`1<T>>	4	System.Collections.Generic.ICollection`1::Contains	0x06002EBD	RUNTIME_DISPATCH		UNRESOLVED	INVOKER_THROUGH_METHOD:METADATA_USAGE:DISPATCH_PATH_NOT_RECOVERED	
Sirenix.Utilities.ImmutableList`1::CopyTo	TAIL	v8 @ X21_v1 (System.Collections.Generic.IList`1<T>)	v39 @ X1_v2 (Il2CppClass<System.Collections.Generic.ICollection`1<T>>)	5	System.Collections.Generic.ICollection`1::CopyTo	0x06002EBE	RUNTIME_DISPATCH	T	EXACT	lookup(receiver, interface class, slot) reaches the dispatch pointer; slot = Il2CppMethodDefinition.slot
Sirenix.Utilities.ImmutableList`1::GetEnumerator	TAIL	v4 @ X19_v1 (System.Collections.Generic.IList`1<T>)	v33 @ X1_v2 (Il2CppClass<System.Collections.Generic.IEnumerable`1<T>>)	0	System.Collections.Generic.IEnumerable`1::GetEnumerator	0x06002EC8	RUNTIME_DISPATCH	T	EXACT	lookup(receiver, interface class, slot) reaches the dispatch pointer; slot = Il2CppMethodDefinition.slot
Sirenix.Utilities.ImmutableList`1::System.Collections.ICollection.CopyTo	TAIL	v14 @ X20_v1 (System.Collections.Generic.IList`1<T>)	v46 @ X21_v2 (Il2CppClass<System.Collections.Generic.ICollection`1<T>>)	5	System.Collections.Generic.ICollection`1::CopyTo	0x06002EBE	RUNTIME_DISPATCH	T	EXACT	lookup(receiver, interface class, slot) reaches the dispatch pointer; slot = Il2CppMethodDefinition.slot
Sirenix.Utilities.ImmutableList`1::System.Collections.IList.Contains	CALL	v35 @ X19_v1 (System.Collections.Generic.IList`1<T>)	Type: Il2CppClass<System.Collections.Generic.ICollection`1<T>>	4	System.Collections.Generic.ICollection`1::Contains	0x06002EBD	RUNTIME_DISPATCH		UNRESOLVED	INVOKER_THROUGH_METHOD:METADATA_USAGE:DISPATCH_PATH_NOT_RECOVERED	
Sirenix.Utilities.ImmutableList`1::System.Collections.IList.IndexOf	CALL	v35 @ X19_v1 (System.Collections.Generic.IList`1<T>)	Type: Il2CppClass<System.Collections.Generic.IList`1<T>>	2	System.Collections.Generic.IList`1::IndexOf	0x06002ECE	RUNTIME_DISPATCH		UNRESOLVED	INVOKER_THROUGH_METHOD:METADATA_USAGE:DISPATCH_PATH_NOT_RECOVERED	
Sirenix.Utilities.ImmutableList`1::IndexOf	CALL	v34 @ X19_v1 (System.Collections.Generic.IList`1<T>)	Type: Il2CppClass<System.Collections.Generic.IList`1<T>>	2	System.Collections.Generic.IList`1::IndexOf	0x06002ECE	RUNTIME_DISPATCH		UNRESOLVED	INVOKER_THROUGH_METHOD:METADATA_USAGE:DISPATCH_PATH_NOT_RECOVERED	
Sirenix.Utilities.ListExtensions::SetLength	CALL	v208 @ X25_v8 (System.Collections.Generic.IList`1<T>)	v379 @ X1_v37 (Il2CppClass<System.Collections.Generic.ICollection`1<T>>)	0	System.Collections.Generic.ICollection`1::get_Count	0x06002EB9	RUNTIME_DISPATCH	T	EXACT	lookup(receiver, interface class, slot) reaches the dispatch pointer; slot = Il2CppMethodDefinition.slot
Sirenix.Utilities.ListExtensions::SetLength	CALL	v302 @ X25_v9 (System.Collections.Generic.IList`1<T>)	v387 @ X1_v27 (Il2CppClass<System.Collections.Generic.ICollection`1<T>>)	0	System.Collections.Generic.ICollection`1::get_Count	0x06002EB9	RUNTIME_DISPATCH	T	EXACT	lookup(receiver, interface class, slot) reaches the dispatch pointer; slot = Il2CppMethodDefinition.slot
Sirenix.Utilities.ListExtensions::SetLength	CALL	v123 @ X22_v7 (System.Collections.Generic.IList`1<T>)	v315 @ X1_v16 (Il2CppClass<System.Collections.Generic.ICollection`1<T>>)	0	System.Collections.Generic.ICollection`1::get_Count	0x06002EB9	RUNTIME_DISPATCH	T	EXACT	lookup(receiver, interface class, slot) reaches the dispatch pointer; slot = Il2CppMethodDefinition.slot
Sirenix.Utilities.ListExtensions::SetLength	CALL	v123 @ X22_v7 (System.Collections.Generic.IList`1<T>)	v677 @ X1_v19 (Il2CppClass<System.Collections.Generic.IList`1<T>>)	4	System.Collections.Generic.IList`1::RemoveAt	0x06002ED0	RUNTIME_DISPATCH	T	EXACT	lookup(receiver, interface class, slot) reaches the dispatch pointer; slot = Il2CppMethodDefinition.slot
Sirenix.Utilities.ListExtensions::SetLength	CALL	v211 @ X25_v2 (System.Collections.Generic.IList`1<T>)	v807 @ X1_v10 (Il2CppClass<System.Collections.Generic.ICollection`1<T>>)	0	System.Collections.Generic.ICollection`1::get_Count	0x06002EB9	RUNTIME_DISPATCH	T	EXACT	lookup(receiver, interface class, slot) reaches the dispatch pointer; slot = Il2CppMethodDefinition.slot
Sirenix.Utilities.ListExtensions::SetLength	CALL	v211 @ X25_v2 (System.Collections.Generic.IList`1<T>)	Type: Il2CppClass<System.Collections.Generic.ICollection`1<T>>	2	System.Collections.Generic.ICollection`1::Add	0x06002EBB	RUNTIME_DISPATCH		UNRESOLVED	INVOKER_THROUGH_METHOD:METADATA_USAGE:DISPATCH_PATH_NOT_RECOVERED	
Sirenix.Utilities.ListExtensions::SetLength	CALL	v211 @ X24_v8 (System.Collections.Generic.IList`1<T>)	v385 @ X1_v35 (Il2CppClass<System.Collections.Generic.ICollection`1<T>>)	0	System.Collections.Generic.ICollection`1::get_Count	0x06002EB9	RUNTIME_DISPATCH	T	EXACT	lookup(receiver, interface class, slot) reaches the dispatch pointer; slot = Il2CppMethodDefinition.slot
Sirenix.Utilities.ListExtensions::SetLength	CALL	v364 @ X24_v9 (System.Collections.Generic.IList`1<T>)	v393 @ X1_v26 (Il2CppClass<System.Collections.Generic.ICollection`1<T>>)	0	System.Collections.Generic.ICollection`1::get_Count	0x06002EB9	RUNTIME_DISPATCH	T	EXACT	lookup(receiver, interface class, slot) reaches the dispatch pointer; slot = Il2CppMethodDefinition.slot
Sirenix.Utilities.ListExtensions::SetLength	CALL	v233 @ X22_v7 (System.Collections.Generic.IList`1<T>)	v377 @ X1_v15 (Il2CppClass<System.Collections.Generic.ICollection`1<T>>)	0	System.Collections.Generic.ICollection`1::get_Count	0x06002EB9	RUNTIME_DISPATCH	T	EXACT	lookup(receiver, interface class, slot) reaches the dispatch pointer; slot = Il2CppMethodDefinition.slot
Sirenix.Utilities.ListExtensions::SetLength	CALL	v233 @ X22_v7 (System.Collections.Generic.IList`1<T>)	v682 @ X1_v18 (Il2CppClass<System.Collections.Generic.IList`1<T>>)	4	System.Collections.Generic.IList`1::RemoveAt	0x06002ED0	RUNTIME_DISPATCH	T	EXACT	lookup(receiver, interface class, slot) reaches the dispatch pointer; slot = Il2CppMethodDefinition.slot
Sirenix.Utilities.ListExtensions::SetLength	CALL	v214 @ X24_v2 (System.Collections.Generic.IList`1<T>)	v828 @ X1_v9 (Il2CppClass<System.Collections.Generic.ICollection`1<T>>)	0	System.Collections.Generic.ICollection`1::get_Count	0x06002EB9	RUNTIME_DISPATCH	T	EXACT	lookup(receiver, interface class, slot) reaches the dispatch pointer; slot = Il2CppMethodDefinition.slot
Sirenix.Utilities.ListExtensions::SetLength	CALL	v214 @ X24_v2 (System.Collections.Generic.IList`1<T>)	Type: Il2CppClass<System.Collections.Generic.ICollection`1<T>>	2	System.Collections.Generic.ICollection`1::Add	0x06002EBB	RUNTIME_DISPATCH		UNRESOLVED	INVOKER_THROUGH_METHOD:METADATA_USAGE:DISPATCH_PATH_NOT_RECOVERED	
Sirenix.Utilities.ListExtensions::SetLength	CALL	list @ X0 (System.Collections.Generic.IList`1<T>)	v237 @ X1_v13 (Il2CppClass<System.Collections.Generic.ICollection`1<T>>)	0	System.Collections.Generic.ICollection`1::get_Count	0x06002EB9	RUNTIME_DISPATCH	T	EXACT	lookup(receiver, interface class, slot) reaches the dispatch pointer; slot = Il2CppMethodDefinition.slot
Sirenix.Utilities.ListExtensions::SetLength	CALL	list @ X0 (System.Collections.Generic.IList`1<T>)	v592 @ X1_v20 (Il2CppClass<System.Collections.Generic.ICollection`1<T>>)	0	System.Collections.Generic.ICollection`1::get_Count	0x06002EB9	RUNTIME_DISPATCH	T	EXACT	lookup(receiver, interface class, slot) reaches the dispatch pointer; slot = Il2CppMethodDefinition.slot
Sirenix.Utilities.ListExtensions::SetLength	CALL	list @ X0 (System.Collections.Generic.IList`1<T>)	v692 @ X1_v23 (Il2CppClass<System.Collections.Generic.IList`1<T>>)	4	System.Collections.Generic.IList`1::RemoveAt	0x06002ED0	RUNTIME_DISPATCH	T	EXACT	lookup(receiver, interface class, slot) reaches the dispatch pointer; slot = Il2CppMethodDefinition.slot
Sirenix.Utilities.ListExtensions::SetLength	CALL	list @ X0 (System.Collections.Generic.IList`1<T>)	v426 @ X1_v17 (Il2CppClass<System.Collections.Generic.ICollection`1<T>>)	0	System.Collections.Generic.ICollection`1::get_Count	0x06002EB9	RUNTIME_DISPATCH	T	EXACT	lookup(receiver, interface class, slot) reaches the dispatch pointer; slot = Il2CppMethodDefinition.slot
Sirenix.Utilities.ListExtensions::SetLength	CALL	list @ X0 (System.Collections.Generic.IList`1<T>)	Type: Il2CppClass<System.Collections.Generic.ICollection`1<T>>	2	System.Collections.Generic.ICollection`1::Add	0x06002EBB	RUNTIME_DISPATCH		UNRESOLVED	INVOKER_THROUGH_METHOD:METADATA_USAGE:DISPATCH_PATH_NOT_RECOVERED	
Sirenix.Utilities.ListExtensions::SetLength	CALL	list @ X0 (System.Collections.Generic.IList`1<T>)	v240 @ X1_v12 (Il2CppClass<System.Collections.Generic.ICollection`1<T>>)	0	System.Collections.Generic.ICollection`1::get_Count	0x06002EB9	RUNTIME_DISPATCH	T	EXACT	lookup(receiver, interface class, slot) reaches the dispatch pointer; slot = Il2CppMethodDefinition.slot
Sirenix.Utilities.ListExtensions::SetLength	CALL	list @ X0 (System.Collections.Generic.IList`1<T>)	v604 @ X1_v19 (Il2CppClass<System.Collections.Generic.ICollection`1<T>>)	0	System.Collections.Generic.ICollection`1::get_Count	0x06002EB9	RUNTIME_DISPATCH	T	EXACT	lookup(receiver, interface class, slot) reaches the dispatch pointer; slot = Il2CppMethodDefinition.slot
Sirenix.Utilities.ListExtensions::SetLength	CALL	list @ X0 (System.Collections.Generic.IList`1<T>)	v694 @ X1_v22 (Il2CppClass<System.Collections.Generic.IList`1<T>>)	4	System.Collections.Generic.IList`1::RemoveAt	0x06002ED0	RUNTIME_DISPATCH	T	EXACT	lookup(receiver, interface class, slot) reaches the dispatch pointer; slot = Il2CppMethodDefinition.slot
Sirenix.Utilities.ListExtensions::SetLength	CALL	list @ X0 (System.Collections.Generic.IList`1<T>)	v447 @ X1_v16 (Il2CppClass<System.Collections.Generic.ICollection`1<T>>)	0	System.Collections.Generic.ICollection`1::get_Count	0x06002EB9	RUNTIME_DISPATCH	T	EXACT	lookup(receiver, interface class, slot) reaches the dispatch pointer; slot = Il2CppMethodDefinition.slot
Sirenix.Utilities.ListExtensions::SetLength	CALL	list @ X0 (System.Collections.Generic.IList`1<T>)	Type: Il2CppClass<System.Collections.Generic.ICollection`1<T>>	2	System.Collections.Generic.ICollection`1::Add	0x06002EBB	RUNTIME_DISPATCH		UNRESOLVED	INVOKER_THROUGH_METHOD:METADATA_USAGE:DISPATCH_PATH_NOT_RECOVERED	
LayerMaskExtension::IncludesAll	CALL	v446 @ X19_v6 (System.Collections.Generic.IEnumerator`1<System.Int32>)	v452 @ X1_v8	0	System.IDisposable::Dispose	0x0600079F	RUNTIME_DISPATCH		EXACT	lookup(receiver, interface class, slot) reaches the dispatch pointer; slot = Il2CppMethodDefinition.slot
LayerMaskExtension::IncludesAll	CALL	v206 @ X19_v4 (System.Collections.Generic.IEnumerator`1<System.Int32>)	v340 @ X1_v4	0	System.IDisposable::Dispose	0x0600079F	RUNTIME_DISPATCH		EXACT	lookup(receiver, interface class, slot) reaches the dispatch pointer; slot = Il2CppMethodDefinition.slot
LayerMaskExtension::IncludesAny	CALL	v492 @ X19_v7 (System.Collections.Generic.IEnumerator`1<System.Int32>)	v496 @ X1_v9	0	System.IDisposable::Dispose	0x0600079F	RUNTIME_DISPATCH		EXACT	lookup(receiver, interface class, slot) reaches the dispatch pointer; slot = Il2CppMethodDefinition.slot
LayerMaskExtension::IncludesAny	CALL	v206 @ X19_v5 (System.Collections.Generic.IEnumerator`1<System.Int32>)	v337 @ X1_v5	0	System.IDisposable::Dispose	0x0600079F	RUNTIME_DISPATCH		EXACT	lookup(receiver, interface class, slot) reaches the dispatch pointer; slot = Il2CppMethodDefinition.slot
SlicedFilledImage+SetPropertyUtility::SetStruct	CALL	Type: Il2CppMethodInfo	newValue @ X1 (T)	methodInfo @ X2 (Il2CppMethodInfo)			RUNTIME_DISPATCH		UNRESOLVED	TWO_LOADS_OTHER:UNKNOWN_CLASS_SOURCE:CLASS_NOT_AN_INTERFACE_POINTER	param:newValue
Mono.Security.X509.PKCS12::get_Keys	CALL	v736 @ X0_v9 (System.Collections.ArrayList)	v846 @ X1_v7	0	System.IDisposable::Dispose	0x0600079F	RUNTIME_DISPATCH		EXACT	lookup(receiver, interface class, slot) reaches the dispatch pointer; slot = Il2CppMethodDefinition.slot
Mono.Security.X509.PKCS12::get_Certificates	CALL	v544 @ X0_v8 (System.Collections.IEnumerator)	v655 @ X1_v6	0	System.IDisposable::Dispose	0x0600079F	RUNTIME_DISPATCH		EXACT	lookup(receiver, interface class, slot) reaches the dispatch pointer; slot = Il2CppMethodDefinition.slot
Mono.Security.X509.PKCS12::get_Certificates	CALL	v487 @ X0_v20	v546 @ X1_v11	0	System.IDisposable::Dispose	0x0600079F	RUNTIME_DISPATCH		EXACT	lookup(receiver, interface class, slot) reaches the dispatch pointer; slot = Il2CppMethodDefinition.slot
Mono.Security.X509.PKCS12::GetExistingParameters	CALL	v228 @ X0_v6 (System.Security.Cryptography.DSAParameters)	v239 @ X1_v4	0	System.IDisposable::Dispose	0x0600079F	RUNTIME_DISPATCH		EXACT	lookup(receiver, interface class, slot) reaches the dispatch pointer; slot = Il2CppMethodDefinition.slot
Mono.Security.X509.PKCS12::GetExistingParameters	CALL	v236 @ X0_v18	v303 @ X1_v9	0	System.IDisposable::Dispose	0x0600079F	RUNTIME_DISPATCH		EXACT	lookup(receiver, interface class, slot) reaches the dispatch pointer; slot = Il2CppMethodDefinition.slot
Mono.Security.X509.PKCS12::RemoveCertificate	CALL	v342 @ X19_v15 (System.Collections.IDictionary)	v734 @ X1_v34	0	System.Collections.IDictionary::get_Item	0x06002BBD	RUNTIME_DISPATCH		EXACT	lookup(receiver, interface class, slot) reaches the dispatch pointer; slot = Il2CppMethodDefinition.slot
Mono.Security.X509.X509Chain::FindCertificateParent	CALL	v193 @ X0_v6 (Mono.Security.X509.X509CertificateCollection+X509CertificateEnumerator)	v201 @ X1_v5	0	System.IDisposable::Dispose	0x0600079F	RUNTIME_DISPATCH		EXACT	lookup(receiver, interface class, slot) reaches the dispatch pointer; slot = Il2CppMethodDefinition.slot
Mono.Security.X509.X509Chain::FindCertificateParent	CALL	v196 @ X0_v19	v225 @ X1_v10	0	System.IDisposable::Dispose	0x0600079F	RUNTIME_DISPATCH		EXACT	lookup(receiver, interface class, slot) reaches the dispatch pointer; slot = Il2CppMethodDefinition.slot
Mono.Security.Authenticode.AuthenticodeDeformatter::VerifyCounterSignature	CALL	v1801 @ X0_v4 (System.IDisposable)	v1922 @ X1_v22	0	System.IDisposable::Dispose	0x0600079F	RUNTIME_DISPATCH		EXACT	lookup(receiver, interface class, slot) reaches the dispatch pointer; slot = Il2CppMethodDefinition.slot
Mono.Security.Authenticode.AuthenticodeDeformatter::VerifyCounterSignature	CALL	v1865 @ X0_v46 (System.IDisposable)	v2054 @ X1_v27	0	System.IDisposable::Dispose	0x0600079F	RUNTIME_DISPATCH		EXACT	lookup(receiver, interface class, slot) reaches the dispatch pointer; slot = Il2CppMethodDefinition.slot
Mono.Security.Authenticode.AuthenticodeDeformatter::VerifyCounterSignature	CALL	v1724 @ X0_v59 (System.IDisposable)	v1867 @ X1_v39	0	System.IDisposable::Dispose	0x0600079F	RUNTIME_DISPATCH		EXACT	lookup(receiver, interface class, slot) reaches the dispatch pointer; slot = Il2CppMethodDefinition.slot
Cysharp.Threading.Tasks.TaskPool`1::TryPop	CALL	v24 @ X21_v3 (T)	v121 @ X1_v4 (Il2CppClass<Cysharp.Threading.Tasks.ITaskPoolNode`1<T>>)	0	Cysharp.Threading.Tasks.ITaskPoolNode`1::get_NextNode	0x0600002D	RUNTIME_DISPATCH	T	EXACT	lookup(receiver, interface class, slot) reaches the dispatch pointer; slot = Il2CppMethodDefinition.slot
Cysharp.Threading.Tasks.TaskPool`1::TryPush	CALL	item @ X1 (T)	v196 @ X1_v5 (Il2CppClass<Cysharp.Threading.Tasks.ITaskPoolNode`1<T>>)	0	Cysharp.Threading.Tasks.ITaskPoolNode`1::get_NextNode	0x0600002D	RUNTIME_DISPATCH	T	EXACT	lookup(receiver, interface class, slot) reaches the dispatch pointer; slot = Il2CppMethodDefinition.slot
Cysharp.Threading.Tasks.TriggerEvent`1::SetResult	CALL	v149 @ X24_v5 (Cysharp.Threading.Tasks.ITriggerHandler`1<T>)	v248 @ X1_v12	0			RUNTIME_DISPATCH		UNRESOLVED	METHOD_POINTER:UNKNOWN_CLASS_SOURCE:CLASS_NOT_AN_INTERFACE_POINTER	{[[DEFINED_2_TIMES->rgctx_data]+0x8] | returns-argument@0x17FDEF4({[[DEFINED_2_TIMES->rgctx_data]+0x8] | returns-argument@0x17FDEF4(DEFINED_2_TIMES)})}
Cysharp.Threading.Tasks.TriggerEvent`1::SetResult	CALL	v149 @ X24_v5 (Cysharp.Threading.Tasks.ITriggerHandler`1<T>)	v379 @ X1_v20	4			RUNTIME_DISPATCH		UNRESOLVED	METHOD_POINTER:UNKNOWN_CLASS_SOURCE:CLASS_NOT_AN_INTERFACE_POINTER	{[[DEFINED_2_TIMES->rgctx_data]+0x8] | returns-argument@0x17FDEF4({[[DEFINED_2_TIMES->rgctx_data]+0x8] | returns-argument@0x17FDEF4(DEFINED_2_TIMES)})}
Cysharp.Threading.Tasks.TriggerEvent`1::SetResult	CALL	v149 @ X24_v5 (Cysharp.Threading.Tasks.ITriggerHandler`1<T>)	v371 @ X1_v15	4			RUNTIME_DISPATCH		UNRESOLVED	METHOD_POINTER:UNKNOWN_CLASS_SOURCE:CLASS_NOT_AN_INTERFACE_POINTER	{[[DEFINED_2_TIMES->rgctx_data]+0x8] | returns-argument@0x17FDEF4({[[DEFINED_2_TIMES->rgctx_data]+0x8] | returns-argument@0x17FDEF4(DEFINED_2_TIMES)})}
Cysharp.Threading.Tasks.TriggerEvent`1::Add	CALL	v44 @ X22_v15 (Cysharp.Threading.Tasks.ITriggerHandler`1<T>)	v188 @ X1_v37 (Il2CppClass<Cysharp.Threading.Tasks.ITriggerHandler`1<T>>)	2	Cysharp.Threading.Tasks.ITriggerHandler`1::get_Prev	0x06000033	RUNTIME_DISPATCH	T	EXACT	lookup(receiver, interface class, slot) reaches the dispatch pointer; slot = Il2CppMethodDefinition.slot
Cysharp.Threading.Tasks.TriggerEvent`1::Add	CALL	v16 @ X22_v2 (Cysharp.Threading.Tasks.ITriggerHandler`1<T>)	v177 @ X1_v15 (Il2CppClass<Cysharp.Threading.Tasks.ITriggerHandler`1<T>>)	2	Cysharp.Threading.Tasks.ITriggerHandler`1::get_Prev	0x06000033	RUNTIME_DISPATCH	T	EXACT	lookup(receiver, interface class, slot) reaches the dispatch pointer; slot = Il2CppMethodDefinition.slot
Cysharp.Threading.Tasks.TriggerEvent`1::Add	CALL	v231 @ X23_v12 (Cysharp.Threading.Tasks.ITriggerHandler`1<T>)	v427 @ X1_v40 (Il2CppClass<Cysharp.Threading.Tasks.ITriggerHandler`1<T>>)	3	Cysharp.Threading.Tasks.ITriggerHandler`1::set_Prev	0x06000034	RUNTIME_DISPATCH	T	EXACT	lookup(receiver, interface class, slot) reaches the dispatch pointer; slot = Il2CppMethodDefinition.slot
Cysharp.Threading.Tasks.TriggerEvent`1::Add	CALL	v288 @ X0_v95 (Cysharp.Threading.Tasks.ITriggerHandler`1<T>)	v609 @ X1_v50 (Il2CppClass<Cysharp.Threading.Tasks.ITriggerHandler`1<T>>)	5	Cysharp.Threading.Tasks.ITriggerHandler`1::set_Next	0x06000036	RUNTIME_DISPATCH	T	EXACT	lookup(receiver, interface class, slot) reaches the dispatch pointer; slot = Il2CppMethodDefinition.slot
Cysharp.Threading.Tasks.TriggerEvent`1::Add	CALL	v294 @ X22_v17 (Cysharp.Threading.Tasks.ITriggerHandler`1<T>)	v691 @ X1_v43 (Il2CppClass<Cysharp.Threading.Tasks.ITriggerHandler`1<T>>)	5	Cysharp.Threading.Tasks.ITriggerHandler`1::set_Next	0x06000036	RUNTIME_DISPATCH	T	EXACT	lookup(receiver, interface class, slot) reaches the dispatch pointer; slot = Il2CppMethodDefinition.slot
Cysharp.Threading.Tasks.TriggerEvent`1::Add	CALL	v232 @ X23_v11 (Cysharp.Threading.Tasks.ITriggerHandler`1<T>)	v419 @ X1_v18 (Il2CppClass<Cysharp.Threading.Tasks.ITriggerHandler`1<T>>)	3	Cysharp.Threading.Tasks.ITriggerHandler`1::set_Prev	0x06000034	RUNTIME_DISPATCH	T	EXACT	lookup(receiver, interface class, slot) reaches the dispatch pointer; slot = Il2CppMethodDefinition.slot
Cysharp.Threading.Tasks.TriggerEvent`1::Add	CALL	v289 @ X0_v35 (Cysharp.Threading.Tasks.ITriggerHandler`1<T>)	v593 @ X1_v28 (Il2CppClass<Cysharp.Threading.Tasks.ITriggerHandler`1<T>>)	5	Cysharp.Threading.Tasks.ITriggerHandler`1::set_Next	0x06000036	RUNTIME_DISPATCH	T	EXACT	lookup(receiver, interface class, slot) reaches the dispatch pointer; slot = Il2CppMethodDefinition.slot
Cysharp.Threading.Tasks.TriggerEvent`1::Add	CALL	v295 @ X22_v14 (Cysharp.Threading.Tasks.ITriggerHandler`1<T>)	v654 @ X1_v21 (Il2CppClass<Cysharp.Threading.Tasks.ITriggerHandler`1<T>>)	5	Cysharp.Threading.Tasks.ITriggerHandler`1::set_Next	0x06000036	RUNTIME_DISPATCH	T	EXACT	lookup(receiver, interface class, slot) reaches the dispatch pointer; slot = Il2CppMethodDefinition.slot
Cysharp.Threading.Tasks.TriggerEvent`1::Add	TAIL	handler @ X1 (Cysharp.Threading.Tasks.ITriggerHandler`1<T>)	v1147 @ X1_v11 (Il2CppClass<Cysharp.Threading.Tasks.ITriggerHandler`1<T>>)	3	Cysharp.Threading.Tasks.ITriggerHandler`1::set_Prev	0x06000034	RUNTIME_DISPATCH	T	EXACT	lookup(receiver, interface class, slot) reaches the dispatch pointer; slot = Il2CppMethodDefinition.slot
Cysharp.Threading.Tasks.TriggerEvent`1::Remove	CALL	handler @ X1 (Cysharp.Threading.Tasks.ITriggerHandler`1<T>)	v168 @ X1_v5 (Il2CppClass<Cysharp.Threading.Tasks.ITriggerHandler`1<T>>)	2	Cysharp.Threading.Tasks.ITriggerHandler`1::get_Prev	0x06000033	RUNTIME_DISPATCH	T	EXACT	lookup(receiver, interface class, slot) reaches the dispatch pointer; slot = Il2CppMethodDefinition.slot
Cysharp.Threading.Tasks.TriggerEvent`1::Remove	CALL	handler @ X1 (Cysharp.Threading.Tasks.ITriggerHandler`1<T>)	v334 @ X1_v8 (Il2CppClass<Cysharp.Threading.Tasks.ITriggerHandler`1<T>>)	4	Cysharp.Threading.Tasks.ITriggerHandler`1::get_Next	0x06000035	RUNTIME_DISPATCH	T	EXACT	lookup(receiver, interface class, slot) reaches the dispatch pointer; slot = Il2CppMethodDefinition.slot
Cysharp.Threading.Tasks.TriggerEvent`1::Remove	CALL	v415 @ X0_v23 (Cysharp.Threading.Tasks.ITriggerHandler`1<T>)	v492 @ X1_v52 (Il2CppClass<Cysharp.Threading.Tasks.ITriggerHandler`1<T>>)	3	Cysharp.Threading.Tasks.ITriggerHandler`1::set_Prev	0x06000034	RUNTIME_DISPATCH	T	EXACT	lookup(receiver, interface class, slot) reaches the dispatch pointer; slot = Il2CppMethodDefinition.slot
Cysharp.Threading.Tasks.TriggerEvent`1::Remove	CALL	v315 @ X0_v18 (Cysharp.Threading.Tasks.ITriggerHandler`1<T>)	v668 @ X1_v48 (Il2CppClass<Cysharp.Threading.Tasks.ITriggerHandler`1<T>>)	5	Cysharp.Threading.Tasks.ITriggerHandler`1::set_Next	0x06000036	RUNTIME_DISPATCH	T	EXACT	lookup(receiver, interface class, slot) reaches the dispatch pointer; slot = Il2CppMethodDefinition.slot
Cysharp.Threading.Tasks.TriggerEvent`1::Remove	CALL	v580 @ X23_v3 (Cysharp.Threading.Tasks.ITriggerHandler`1<T>)	v762 @ X1_v38 (Il2CppClass<Cysharp.Threading.Tasks.ITriggerHandler`1<T>>)	2	Cysharp.Threading.Tasks.ITriggerHandler`1::get_Prev	0x06000033	RUNTIME_DISPATCH	T	EXACT	lookup(receiver, interface class, slot) reaches the dispatch pointer; slot = Il2CppMethodDefinition.slot
Cysharp.Threading.Tasks.TriggerEvent`1::Remove	CALL	v654 @ X23_v5 (Cysharp.Threading.Tasks.ITriggerHandler`1<T>)	v835 @ X1_v24 (Il2CppClass<Cysharp.Threading.Tasks.ITriggerHandler`1<T>>)	2	Cysharp.Threading.Tasks.ITriggerHandler`1::get_Prev	0x06000033	RUNTIME_DISPATCH	T	EXACT	lookup(receiver, interface class, slot) reaches the dispatch pointer; slot = Il2CppMethodDefinition.slot
Cysharp.Threading.Tasks.TriggerEvent`1::Remove	CALL	v253 @ X23_v8 (Cysharp.Threading.Tasks.ITriggerHandler`1<T>)	v1139 @ X1_v27 (Il2CppClass<Cysharp.Threading.Tasks.ITriggerHandler`1<T>>)	2	Cysharp.Threading.Tasks.ITriggerHandler`1::get_Prev	0x06000033	RUNTIME_DISPATCH	T	EXACT	lookup(receiver, interface class, slot) reaches the dispatch pointer; slot = Il2CppMethodDefinition.slot
Cysharp.Threading.Tasks.TriggerEvent`1::Remove	CALL	handler @ X1 (Cysharp.Threading.Tasks.ITriggerHandler`1<T>)	v842 @ X1_v16 (Il2CppClass<Cysharp.Threading.Tasks.ITriggerHandler`1<T>>)	3	Cysharp.Threading.Tasks.ITriggerHandler`1::set_Prev	0x06000034	RUNTIME_DISPATCH	T	EXACT	lookup(receiver, interface class, slot) reaches the dispatch pointer; slot = Il2CppMethodDefinition.slot
Cysharp.Threading.Tasks.TriggerEvent`1::Remove	TAIL	handler @ X1 (Cysharp.Threading.Tasks.ITriggerHandler`1<T>)	v1077 @ X1_v19 (Il2CppClass<Cysharp.Threading.Tasks.ITriggerHandler`1<T>>)	5	Cysharp.Threading.Tasks.ITriggerHandler`1::set_Next	0x06000036	RUNTIME_DISPATCH	T	EXACT	lookup(receiver, interface class, slot) reaches the dispatch pointer; slot = Il2CppMethodDefinition.slot
Cysharp.Threading.Tasks.TriggerEvent`1::Remove	CALL	v315 @ X0_v18 (Cysharp.Threading.Tasks.ITriggerHandler`1<T>)	Type: Il2CppClass<Cysharp.Threading.Tasks.ITriggerHandler`1<T>>	3	Cysharp.Threading.Tasks.ITriggerHandler`1::set_Prev	0x06000034	RUNTIME_DISPATCH	T	EXACT	lookup(receiver, interface class, slot) reaches the dispatch pointer; slot = Il2CppMethodDefinition.slot
Cysharp.Threading.Tasks.TriggerEvent`1::Remove	CALL	v282 @ X21_v5 (Cysharp.Threading.Tasks.ITriggerHandler`1<T>)	Type: Il2CppClass<Cysharp.Threading.Tasks.ITriggerHandler`1<T>>	3	Cysharp.Threading.Tasks.ITriggerHandler`1::set_Prev	0x06000034	RUNTIME_DISPATCH	T	EXACT	lookup(receiver, interface class, slot) reaches the dispatch pointer; slot = Il2CppMethodDefinition.slot
Cysharp.Threading.Tasks.Triggers.AsyncTriggerHandler`1::Cysharp.Threading.Tasks.IUniTaskSource.GetResult	TAIL	this @ X0 (Cysharp.Threading.Tasks.Triggers.AsyncTriggerHandler`1<T>)	v36 @ X1_v2 (Il2CppClass<Cysharp.Threading.Tasks.IUniTaskSource`1<T>>)	0	Cysharp.Threading.Tasks.IUniTaskSource`1::GetResult	0x0600000D	RUNTIME_DISPATCH	T	EXACT	lookup(receiver, interface class, slot) reaches the dispatch pointer; slot = Il2CppMethodDefinition.slot
Tayx.Graphy.Ram.G_RamManager::Init	CALL	v335 @ X0_v6 (UnityEngine.Transform)	v418 @ X1_v5	0	System.IDisposable::Dispose	0x0600079F	RUNTIME_DISPATCH		EXACT	lookup(receiver, interface class, slot) reaches the dispatch pointer; slot = Il2CppMethodDefinition.slot
Tayx.Graphy.Ram.G_RamManager::Init	CALL	v282 @ X0_v18	v337 @ X1_v10	0	System.IDisposable::Dispose	0x0600079F	RUNTIME_DISPATCH		EXACT	lookup(receiver, interface class, slot) reaches the dispatch pointer; slot = Il2CppMethodDefinition.slot
Tayx.Graphy.Fps.G_FpsManager::Init	CALL	v340 @ X0_v6 (UnityEngine.Transform)	v425 @ X1_v5	0	System.IDisposable::Dispose	0x0600079F	RUNTIME_DISPATCH		EXACT	lookup(receiver, interface class, slot) reaches the dispatch pointer; slot = Il2CppMethodDefinition.slot
Tayx.Graphy.Fps.G_FpsManager::Init	CALL	v285 @ X0_v18	v342 @ X1_v10	0	System.IDisposable::Dispose	0x0600079F	RUNTIME_DISPATCH		EXACT	lookup(receiver, interface class, slot) reaches the dispatch pointer; slot = Il2CppMethodDefinition.slot
Tayx.Graphy.Audio.G_AudioManager::Init	CALL	v340 @ X0_v6 (UnityEngine.Transform)	v425 @ X1_v5	0	System.IDisposable::Dispose	0x0600079F	RUNTIME_DISPATCH		EXACT	lookup(receiver, interface class, slot) reaches the dispatch pointer; slot = Il2CppMethodDefinition.slot
Tayx.Graphy.Audio.G_AudioManager::Init	CALL	v285 @ X0_v18	v342 @ X1_v10	0	System.IDisposable::Dispose	0x0600079F	RUNTIME_DISPATCH		EXACT	lookup(receiver, interface class, slot) reaches the dispatch pointer; slot = Il2CppMethodDefinition.slot
MoreMountains.Tools.AIState::EnterState	CALL	v143 @ X19_v2 (System.Collections.Generic.IEnumerator`1<MoreMountains.Tools.AIAction>)	v535 @ X1_v11	0	System.IDisposable::Dispose	0x0600079F	RUNTIME_DISPATCH		EXACT	lookup(receiver, interface class, slot) reaches the dispatch pointer; slot = Il2CppMethodDefinition.slot
MoreMountains.Tools.AIState::EnterState	CALL	v201 @ X19_v4 (System.Collections.Generic.IEnumerator`1<MoreMountains.Tools.AITransition>)	v714 @ X1_v15	0	System.IDisposable::Dispose	0x0600079F	RUNTIME_DISPATCH		EXACT	lookup(receiver, interface class, slot) reaches the dispatch pointer; slot = Il2CppMethodDefinition.slot
MoreMountains.Tools.AIState::EnterState	CALL	v308 @ X19_v6 (System.Collections.Generic.IEnumerator`1<MoreMountains.Tools.AIAction>)	v482 @ X1_v24	0	System.IDisposable::Dispose	0x0600079F	RUNTIME_DISPATCH		EXACT	lookup(receiver, interface class, slot) reaches the dispatch pointer; slot = Il2CppMethodDefinition.slot
MoreMountains.Tools.AIState::EnterState	CALL	v308 @ X19_v6 (System.Collections.Generic.IEnumerator`1<MoreMountains.Tools.AIAction>)	v999 @ X1_v22	0	System.IDisposable::Dispose	0x0600079F	RUNTIME_DISPATCH		EXACT	lookup(receiver, interface class, slot) reaches the dispatch pointer; slot = Il2CppMethodDefinition.slot
MoreMountains.Tools.AIState::ExitState	CALL	v143 @ X19_v2 (System.Collections.Generic.IEnumerator`1<MoreMountains.Tools.AIAction>)	v535 @ X1_v11	0	System.IDisposable::Dispose	0x0600079F	RUNTIME_DISPATCH		EXACT	lookup(receiver, interface class, slot) reaches the dispatch pointer; slot = Il2CppMethodDefinition.slot
MoreMountains.Tools.AIState::ExitState	CALL	v201 @ X19_v4 (System.Collections.Generic.IEnumerator`1<MoreMountains.Tools.AITransition>)	v714 @ X1_v15	0	System.IDisposable::Dispose	0x0600079F	RUNTIME_DISPATCH		EXACT	lookup(receiver, interface class, slot) reaches the dispatch pointer; slot = Il2CppMethodDefinition.slot
MoreMountains.Tools.AIState::ExitState	CALL	v308 @ X19_v6 (System.Collections.Generic.IEnumerator`1<MoreMountains.Tools.AIAction>)	v482 @ X1_v24	0	System.IDisposable::Dispose	0x0600079F	RUNTIME_DISPATCH		EXACT	lookup(receiver, interface class, slot) reaches the dispatch pointer; slot = Il2CppMethodDefinition.slot
MoreMountains.Tools.AIState::ExitState	CALL	v308 @ X19_v6 (System.Collections.Generic.IEnumerator`1<MoreMountains.Tools.AIAction>)	v999 @ X1_v22	0	System.IDisposable::Dispose	0x0600079F	RUNTIME_DISPATCH		EXACT	lookup(receiver, interface class, slot) reaches the dispatch pointer; slot = Il2CppMethodDefinition.slot
MoreMountains.Tools.MMDebugMenuCommands::Help	CALL	v582 @ X19_v9 (System.Collections.Generic.IEnumerator`1<System.Reflection.MethodInfo>)	v585 @ X1_v11	0	System.IDisposable::Dispose	0x0600079F	RUNTIME_DISPATCH		EXACT	lookup(receiver, interface class, slot) reaches the dispatch pointer; slot = Il2CppMethodDefinition.slot
MoreMountains.Tools.MMDebugMenuCommands::Help	CALL	v300 @ X19_v7 (System.Collections.Generic.IEnumerator`1<System.Reflection.MethodInfo>)	v474 @ X1_v7	0	System.IDisposable::Dispose	0x0600079F	RUNTIME_DISPATCH		EXACT	lookup(receiver, interface class, slot) reaches the dispatch pointer; slot = Il2CppMethodDefinition.slot
MoreMountains.Tools.TransformExtensions::MMFindDeepChildDepthFirst	CALL	v491 @ X0_v5 (System.Collections.IEnumerator)	v599 @ X1_v5	0	System.IDisposable::Dispose	0x0600079F	RUNTIME_DISPATCH		EXACT	lookup(receiver, interface class, slot) reaches the dispatch pointer; slot = Il2CppMethodDefinition.slot
MoreMountains.Tools.TransformExtensions::MMFindDeepChildDepthFirst	CALL	v338 @ X0_v18	v402 @ X1_v10	0	System.IDisposable::Dispose	0x0600079F	RUNTIME_DISPATCH		EXACT	lookup(receiver, interface class, slot) reaches the dispatch pointer; slot = Il2CppMethodDefinition.slot
MoreMountains.Tools.TransformExtensions::ChangeLayersRecursively	CALL	v321 @ X0_v4 (System.Collections.IEnumerator)	v429 @ X1_v4	0	System.IDisposable::Dispose	0x0600079F	RUNTIME_DISPATCH		EXACT	lookup(receiver, interface class, slot) reaches the dispatch pointer; slot = Il2CppMethodDefinition.slot
MoreMountains.Tools.TransformExtensions::ChangeLayersRecursively	CALL	v212 @ X0_v16	v323 @ X1_v9	0	System.IDisposable::Dispose	0x0600079F	RUNTIME_DISPATCH		EXACT	lookup(receiver, interface class, slot) reaches the dispatch pointer; slot = Il2CppMethodDefinition.slot
MoreMountains.Tools.TransformExtensions::ChangeLayersRecursively	CALL	v337 @ X0_v4 (System.Collections.IEnumerator)	v428 @ X1_v4	0	System.IDisposable::Dispose	0x0600079F	RUNTIME_DISPATCH		EXACT	lookup(receiver, interface class, slot) reaches the dispatch pointer; slot = Il2CppMethodDefinition.slot
MoreMountains.Tools.TransformExtensions::ChangeLayersRecursively	CALL	v244 @ X0_v16	v339 @ X1_v9	0	System.IDisposable::Dispose	0x0600079F	RUNTIME_DISPATCH		EXACT	lookup(receiver, interface class, slot) reaches the dispatch pointer; slot = Il2CppMethodDefinition.slot
MoreMountains.Tools.MMDebugMenu::FillMenu	CALL	v1321 @ X0_v12 (System.Collections.IEnumerator)	v1473 @ X1_v18	0	System.IDisposable::Dispose	0x0600079F	RUNTIME_DISPATCH		EXACT	lookup(receiver, interface class, slot) reaches the dispatch pointer; slot = Il2CppMethodDefinition.slot
MoreMountains.Tools.MMDebugMenu::FillMenu	CALL	v2573 @ X0_v43 (System.Collections.IEnumerator)	v2747 @ X1_v59	0	System.IDisposable::Dispose	0x0600079F	RUNTIME_DISPATCH		EXACT	lookup(receiver, interface class, slot) reaches the dispatch pointer; slot = Il2CppMethodDefinition.slot
MoreMountains.Tools.MMDebugMenu::FillMenu	CALL	v2417 @ X0_v114 (MoreMountains.Tools.MMDebugMenu)	v2575 @ X1_v71	0	System.IDisposable::Dispose	0x0600079F	RUNTIME_DISPATCH		EXACT	lookup(receiver, interface class, slot) reaches the dispatch pointer; slot = Il2CppMethodDefinition.slot
MoreMountains.Tools.MMDebugMenu::FillMenu	CALL	v2997 @ X0_v119	v3011 @ X1_v69	0	System.IDisposable::Dispose	0x0600079F	RUNTIME_DISPATCH		EXACT	lookup(receiver, interface class, slot) reaches the dispatch pointer; slot = Il2CppMethodDefinition.slot
MoreMountains.Tools.TransformExtensions::MMFindDeepChildBreadthFirst	CALL	v285 @ X0_v6	v339 @ X1_v5	0	System.IDisposable::Dispose	0x0600079F	RUNTIME_DISPATCH		EXACT	lookup(receiver, interface class, slot) reaches the dispatch pointer; slot = Il2CppMethodDefinition.slot
MoreMountains.Tools.MMPSBToUIConverter::ConvertToCanvas	CALL	v718 @ X0_v10 (System.Collections.IEnumerator)	v811 @ X1_v33	0	System.IDisposable::Dispose	0x0600079F	RUNTIME_DISPATCH		EXACT	lookup(receiver, interface class, slot) reaches the dispatch pointer; slot = Il2CppMethodDefinition.slot
MoreMountains.Tools.MMPSBToUIConverter::ConvertToCanvas	CALL	v667 @ X0_v75	v744 @ X1_v39	0	System.IDisposable::Dispose	0x0600079F	RUNTIME_DISPATCH		EXACT	lookup(receiver, interface class, slot) reaches the dispatch pointer; slot = Il2CppMethodDefinition.slot
MoreMountains.Tools.MMPSBToUIConverter::CreateImageForChildren	CALL	v583 @ X0_v4 (System.Collections.IEnumerator)	v716 @ X1_v4	0	System.IDisposable::Dispose	0x0600079F	RUNTIME_DISPATCH		EXACT	lookup(receiver, interface class, slot) reaches the dispatch pointer; slot = Il2CppMethodDefinition.slot
MoreMountains.Tools.MMTilemapGenerator::Generate	CALL	v200 @ X19_v3 (System.Collections.Generic.IEnumerator`1<MoreMountains.Tools.MMTilemapGeneratorLayer>)	v487 @ X1_v6	0	System.IDisposable::Dispose	0x0600079F	RUNTIME_DISPATCH		EXACT	lookup(receiver, interface class, slot) reaches the dispatch pointer; slot = Il2CppMethodDefinition.slot
MoreMountains.Tools.MMTilemapGenerator::Generate	CALL	v199 @ X19_v5 (System.Collections.Generic.IEnumerator`1<MoreMountains.Tools.MMTilemapGeneratorLayer>)	v343 @ X1_v10	0	System.IDisposable::Dispose	0x0600079F	RUNTIME_DISPATCH		EXACT	lookup(receiver, interface class, slot) reaches the dispatch pointer; slot = Il2CppMethodDefinition.slot
MoreMountains.Tools.MMObservable`1::set_Value	CALL	this @ X0 (MoreMountains.Tools.MMObservable`1<T>)	[v446 @ X8_v53 (Il2CppClass<MoreMountains.Tools.MMObservable`1<T>>)+80]	v79 @ X20_v1 (System.Collections.Generic.EqualityComparer`1<T>)			RUNTIME_DISPATCH		UNRESOLVED	TWO_LOADS_OTHER:UNKNOWN_CLASS_SOURCE:CLASS_NOT_AN_INTERFACE_POINTER	[usage:MMObservable`1<T>+0x80]
MoreMountains.Tools.MMAnimationCurveGenerator::GenerateAnimationCurvesAsset	CALL	v341 @ X0_v11 (MoreMountains.Tools.MMTween+MMTweenCurve)	v460 @ X1_v6	0	System.IDisposable::Dispose	0x0600079F	RUNTIME_DISPATCH		EXACT	lookup(receiver, interface class, slot) reaches the dispatch pointer; slot = Il2CppMethodDefinition.slot
MoreMountains.Tools.MMAnimationCurveGenerator::GenerateAnimationCurvesAsset	CALL	v297 @ X0_v23	v343 @ X1_v11	0	System.IDisposable::Dispose	0x0600079F	RUNTIME_DISPATCH		EXACT	lookup(receiver, interface class, slot) reaches the dispatch pointer; slot = Il2CppMethodDefinition.slot
MoreMountains.Tools.MMStateMachine`1::ChangeState	CALL	Type: Il2CppMethodInfo	newState @ X1 (T)	methodInfo @ X2 (Il2CppMethodInfo)			RUNTIME_DISPATCH		UNRESOLVED	TWO_LOADS_OTHER:UNKNOWN_CLASS_SOURCE:CLASS_NOT_AN_INTERFACE_POINTER	param:newState
Newtonsoft.Json.Utilities.ConvertUtils::EnsureTypeAssignable	CALL	v98.CastConverters (Newtonsoft.Json.Utilities.ThreadSafeStore`2<Newtonsoft.Json.Utilities.StructMultiKey`2<System.Type, System.Type>, System.Func`2<System.Object, System.Object>>)	0	0			RUNTIME_DISPATCH		UNRESOLVED	METHOD_POINTER:UNKNOWN_CLASS_SOURCE:CLASS_NOT_AN_INTERFACE_POINTER	Immediate
Newtonsoft.Json.Utilities.BidirectionalDictionary`2::Set	CALL	v14 @ X23_v1 (System.Collections.Generic.IDictionary`2<TFirst, TSecond>)	v161 @ X1_v8 (Il2CppClass<System.Collections.Generic.IDictionary`2<TFirst, TSecond>>)	6	System.Collections.Generic.IDictionary`2::TryGetValue	0x06002EC7	RUNTIME_DISPATCH	TFirst,TSecond	EXACT	lookup(receiver, interface class, slot) reaches the dispatch pointer; slot = Il2CppMethodDefinition.slot
Newtonsoft.Json.Utilities.BidirectionalDictionary`2::Set	CALL	v139 @ X23_v5 (System.Collections.Generic.IDictionary`2<TSecond, TFirst>)	v322 @ X1_v12 (Il2CppClass<System.Collections.Generic.IDictionary`2<TSecond, TFirst>>)	6	System.Collections.Generic.IDictionary`2::TryGetValue	0x06002EC7	RUNTIME_DISPATCH	TSecond,TFirst	EXACT	lookup(receiver, interface class, slot) reaches the dispatch pointer; slot = Il2CppMethodDefinition.slot
Newtonsoft.Json.Utilities.BidirectionalDictionary`2::Set	CALL	v140 @ X23_v6 (System.Collections.Generic.IDictionary`2<TFirst, TSecond>)	v467 @ X1_v16 (Il2CppClass<System.Collections.Generic.IDictionary`2<TFirst, TSecond>>)	4	System.Collections.Generic.IDictionary`2::Add	0x06002EC5	RUNTIME_DISPATCH	TFirst,TSecond	EXACT	lookup(receiver, interface class, slot) reaches the dispatch pointer; slot = Il2CppMethodDefinition.slot
Newtonsoft.Json.Utilities.BidirectionalDictionary`2::Set	CALL	v121 @ X22_v5 (System.Collections.Generic.IDictionary`2<TSecond, TFirst>)	v545 @ X1_v19 (Il2CppClass<System.Collections.Generic.IDictionary`2<TSecond, TFirst>>)	4	System.Collections.Generic.IDictionary`2::Add	0x06002EC5	RUNTIME_DISPATCH	TSecond,TFirst	EXACT	lookup(receiver, interface class, slot) reaches the dispatch pointer; slot = Il2CppMethodDefinition.slot
Newtonsoft.Json.Utilities.BidirectionalDictionary`2::TryGetByFirst	TAIL	v8 @ X21_v1 (System.Collections.Generic.IDictionary`2<TFirst, TSecond>)	v39 @ X1_v2 (Il2CppClass<System.Collections.Generic.IDictionary`2<TFirst, TSecond>>)	6	System.Collections.Generic.IDictionary`2::TryGetValue	0x06002EC7	RUNTIME_DISPATCH	TFirst,TSecond	EXACT	lookup(receiver, interface class, slot) reaches the dispatch pointer; slot = Il2CppMethodDefinition.slot
Newtonsoft.Json.Utilities.BidirectionalDictionary`2::TryGetBySecond	TAIL	v8 @ X21_v1 (System.Collections.Generic.IDictionary`2<TSecond, TFirst>)	v39 @ X1_v2 (Il2CppClass<System.Collections.Generic.IDictionary`2<TSecond, TFirst>>)	6	System.Collections.Generic.IDictionary`2::TryGetValue	0x06002EC7	RUNTIME_DISPATCH	TSecond,TFirst	EXACT	lookup(receiver, interface class, slot) reaches the dispatch pointer; slot = Il2CppMethodDefinition.slot
Newtonsoft.Json.Utilities.CollectionUtils::IsNullOrEmpty	CALL	collection @ X0 (System.Collections.Generic.ICollection`1<T>)	v45 @ X1_v3 (Il2CppClass<System.Collections.Generic.ICollection`1<T>>)	0	System.Collections.Generic.ICollection`1::get_Count	0x06002EB9	RUNTIME_DISPATCH	T	EXACT	lookup(receiver, interface class, slot) reaches the dispatch pointer; slot = Il2CppMethodDefinition.slot
Newtonsoft.Json.Utilities.CollectionUtils::AddRange	CALL	collection @ X1 (System.Collections.Generic.IEnumerable`1<T>)	v127 @ X1_v14 (Il2CppClass<System.Collections.Generic.IEnumerable`1<T>>)	0	System.Collections.Generic.IEnumerable`1::GetEnumerator	0x06002EC8	RUNTIME_DISPATCH	T	EXACT	lookup(receiver, interface class, slot) reaches the dispatch pointer; slot = Il2CppMethodDefinition.slot
Newtonsoft.Json.Utilities.CollectionUtils::AddRange	CALL	v264 @ X0_v45 (System.Collections.IEnumerator)	v480 @ X1_v20 (Il2CppClass<System.Collections.Generic.IEnumerator`1<T>>)	0	System.Collections.Generic.IEnumerator`1::get_Current	0x06002EC9	RUNTIME_DISPATCH	T	EXACT	lookup(receiver, interface class, slot) reaches the dispatch pointer; slot = Il2CppMethodDefinition.slot
Newtonsoft.Json.Utilities.CollectionUtils::AddRange	CALL	initial @ X0 (System.Collections.Generic.IList`1<T>)	v726 @ X1_v23 (Il2CppClass<System.Collections.Generic.ICollection`1<T>>)	2	System.Collections.Generic.ICollection`1::Add	0x06002EBB	RUNTIME_DISPATCH	T	EXACT	lookup(receiver, interface class, slot) reaches the dispatch pointer; slot = Il2CppMethodDefinition.slot
Newtonsoft.Json.Utilities.JavaScriptUtils::.cctor	CALL	v1684 @ X20_v28 (System.Collections.Generic.IEnumerator`1<System.Char>)	v1690 @ X1_v60	0	System.IDisposable::Dispose	0x0600079F	RUNTIME_DISPATCH		EXACT	lookup(receiver, interface class, slot) reaches the dispatch pointer; slot = Il2CppMethodDefinition.slot
Newtonsoft.Json.Utilities.JavaScriptUtils::.cctor	CALL	v347 @ X0_v52	v2127 @ X1_v26	0	System.Collections.Generic.IEnumerable`1::GetEnumerator	0x06002EC8	RUNTIME_DISPATCH	System.Char	EXACT	lookup(receiver, interface class, slot) reaches the dispatch pointer; slot = Il2CppMethodDefinition.slot
Newtonsoft.Json.Utilities.JavaScriptUtils::.cctor	CALL	v1406 @ X20_v27 (System.Collections.IEnumerator)	v1412 @ X1_v57	0	System.IDisposable::Dispose	0x0600079F	RUNTIME_DISPATCH		EXACT	lookup(receiver, interface class, slot) reaches the dispatch pointer; slot = Il2CppMethodDefinition.slot
Newtonsoft.Json.Utilities.JavaScriptUtils::.cctor	CALL	v348 @ X0_v28	v1744 @ X1_v16	0	System.Collections.Generic.IEnumerable`1::GetEnumerator	0x06002EC8	RUNTIME_DISPATCH	System.Char	EXACT	lookup(receiver, interface class, slot) reaches the dispatch pointer; slot = Il2CppMethodDefinition.slot
Newtonsoft.Json.Utilities.JavaScriptUtils::.cctor	CALL	v741 @ X19_v4 (System.Collections.Generic.List`1<System.Char>)	v1017 @ X1_v10	0	System.IDisposable::Dispose	0x0600079F	RUNTIME_DISPATCH		EXACT	lookup(receiver, interface class, slot) reaches the dispatch pointer; slot = Il2CppMethodDefinition.slot
Newtonsoft.Json.Utilities.JavaScriptUtils::.cctor	CALL	v740 @ X19_v9 (System.Collections.Generic.List`1<System.Char>)	v822 @ X1_v43	0	System.IDisposable::Dispose	0x0600079F	RUNTIME_DISPATCH		EXACT	lookup(receiver, interface class, slot) reaches the dispatch pointer; slot = Il2CppMethodDefinition.slot
Newtonsoft.Json.Utilities.JavaScriptUtils::.cctor	CALL	0	v1338 @ X1_v41	0	System.IDisposable::Dispose	0x0600079F	RUNTIME_DISPATCH		EXACT	lookup(receiver, interface class, slot) reaches the dispatch pointer; slot = Il2CppMethodDefinition.slot
Newtonsoft.Json.Utilities.JavaScriptUtils::.cctor	CALL	0	v1587 @ X1_v39	0	System.IDisposable::Dispose	0x0600079F	RUNTIME_DISPATCH		EXACT	lookup(receiver, interface class, slot) reaches the dispatch pointer; slot = Il2CppMethodDefinition.slot
Newtonsoft.Json.Utilities.CollectionUtils::IndexOf	CALL	collection @ X0 (System.Collections.Generic.IEnumerable`1<T>)	v112 @ X1_v13 (Il2CppClass<System.Collections.Generic.IEnumerable`1<T>>)	0	System.Collections.Generic.IEnumerable`1::GetEnumerator	0x06002EC8	RUNTIME_DISPATCH	T	EXACT	lookup(receiver, interface class, slot) reaches the dispatch pointer; slot = Il2CppMethodDefinition.slot
Newtonsoft.Json.Utilities.CollectionUtils::IndexOf	CALL	v151 @ X0_v38 (System.Collections.IEnumerator)	v609 @ X1_v19 (Il2CppClass<System.Collections.Generic.IEnumerator`1<T>>)	0	System.Collections.Generic.IEnumerator`1::get_Current	0x06002EC9	RUNTIME_DISPATCH	T	EXACT	lookup(receiver, interface class, slot) reaches the dispatch pointer; slot = Il2CppMethodDefinition.slot
Newtonsoft.Json.Utilities.CollectionWrapper`1::Add	CALL	this._genericCollection (System.Collections.Generic.ICollection`1<T>)	Type: Il2CppClass<System.Collections.Generic.ICollection`1<T>>	2	System.Collections.Generic.ICollection`1::Add	0x06002EBB	RUNTIME_DISPATCH		UNRESOLVED	INVOKER_THROUGH_METHOD:METADATA_USAGE:DISPATCH_PATH_NOT_RECOVERED	
Newtonsoft.Json.Utilities.CollectionWrapper`1::Clear	TAIL	v37 @ X19_v2 (System.Collections.Generic.ICollection`1<T>)	v162 @ X1_v4 (Il2CppClass<System.Collections.IList>)	v150 @ X2_v3 (System.Int32)			RUNTIME_DISPATCH		UNRESOLVED	METHOD_POINTER:TYPED_CLASS_LOCAL:SLOT_NAMES_NO_METHOD	
Newtonsoft.Json.Utilities.CollectionWrapper`1::Contains	CALL	this._genericCollection (System.Collections.Generic.ICollection`1<T>)	Type: Il2CppClass<System.Collections.Generic.ICollection`1<T>>	4	System.Collections.Generic.ICollection`1::Contains	0x06002EBD	RUNTIME_DISPATCH		UNRESOLVED	INVOKER_THROUGH_METHOD:METADATA_USAGE:DISPATCH_PATH_NOT_RECOVERED	
Newtonsoft.Json.Utilities.CollectionWrapper`1::CopyTo	TAIL	v171 @ X0_v6	v170 @ X1_v4 (Il2CppClass<System.Collections.ICollection>)	v158 @ X2_v3 (System.Int32)			RUNTIME_DISPATCH		UNRESOLVED	METHOD_POINTER:TYPED_CLASS_LOCAL:SLOT_NAMES_NO_METHOD	
Newtonsoft.Json.Utilities.CollectionWrapper`1::get_Count	TAIL	v165 @ X0_v6	v164 @ X1_v4 (Il2CppClass<System.Collections.ICollection>)	v152 @ X2_v3 (System.Int32)			RUNTIME_DISPATCH		UNRESOLVED	METHOD_POINTER:TYPED_CLASS_LOCAL:SLOT_NAMES_NO_METHOD	
Newtonsoft.Json.Utilities.CollectionWrapper`1::get_IsReadOnly	TAIL	v37 @ X19_v2 (System.Collections.Generic.ICollection`1<T>)	v162 @ X1_v4 (Il2CppClass<System.Collections.IList>)	v150 @ X2_v3 (System.Int32)			RUNTIME_DISPATCH		UNRESOLVED	METHOD_POINTER:TYPED_CLASS_LOCAL:SLOT_NAMES_NO_METHOD	
Newtonsoft.Json.Utilities.CollectionWrapper`1::Remove	CALL	this._genericCollection (System.Collections.Generic.ICollection`1<T>)	Type: Il2CppClass<System.Collections.Generic.ICollection`1<T>>	6	System.Collections.Generic.ICollection`1::Remove	0x06002EBF	RUNTIME_DISPATCH		UNRESOLVED	INVOKER_THROUGH_METHOD:METADATA_USAGE:DISPATCH_PATH_NOT_RECOVERED	
Newtonsoft.Json.Utilities.CollectionWrapper`1::GetEnumerator	TAIL	v39 @ X19_v2 (System.Collections.Generic.ICollection`1<T>)	v50 @ X1_v3 (Il2CppClass<System.Collections.Generic.IEnumerable`1<T>>)	0	System.Collections.Generic.IEnumerable`1::GetEnumerator	0x06002EC8	RUNTIME_DISPATCH	T	EXACT	lookup(receiver, interface class, slot) reaches the dispatch pointer; slot = Il2CppMethodDefinition.slot
Newtonsoft.Json.Utilities.ReflectionDelegateFactory::CreateGet	TAIL	[v257 @ X8_v10+140]	v234 @ X1_v9 (Il2CppMethodInfo)	v209 @ X2_v1 (Il2CppMethodInfo)			RUNTIME_DISPATCH		UNRESOLVED	METHOD_POINTER:UNKNOWN_CLASS_SOURCE:CLASS_NOT_AN_INTERFACE_POINTER	{RuntimeMethodInfoAnalysisContext | RuntimeMethodInfoAnalysisContext}
Newtonsoft.Json.Utilities.ReflectionDelegateFactory::CreateSet	TAIL	[v170 @ X8_v7+140]	v150 @ X1_v4 (Il2CppMethodInfo)	methodInfo @ X2 (Il2CppMethodInfo)			RUNTIME_DISPATCH		UNRESOLVED	METHOD_POINTER:UNKNOWN_CLASS_SOURCE:CLASS_NOT_AN_INTERFACE_POINTER	{RuntimeMethodInfoAnalysisContext | RuntimeMethodInfoAnalysisContext}
Newtonsoft.Json.Utilities.CollectionWrapper`1::System.Collections.IList.get_IsFixedSize	TAIL	v37 @ X19_v2 (System.Collections.Generic.ICollection`1<T>)	v162 @ X1_v4 (Il2CppClass<System.Collections.IList>)	v150 @ X2_v3 (System.Int32)			RUNTIME_DISPATCH		UNRESOLVED	METHOD_POINTER:TYPED_CLASS_LOCAL:SLOT_NAMES_NO_METHOD	
Newtonsoft.Json.Utilities.ReflectionUtils::GetChildPrivateProperties	CALL	initialProperties @ X0 (System.Collections.Generic.IList`1<System.Reflection.PropertyInfo>)	v654 @ X1_v14 (Il2CppClass<System.Collections.Generic.ICollection`1<System.Reflection.PropertyInfo>>)	2	System.Collections.Generic.ICollection`1::Add	0x06002EBB	RUNTIME_DISPATCH	System.Reflection.PropertyInfo	EXACT	lookup(receiver, interface class, slot) reaches the dispatch pointer; slot = Il2CppMethodDefinition.slot
Newtonsoft.Json.Utilities.DictionaryWrapper`2+DictionaryEnumerator`2::get_Current	CALL	v129 @ X27_v1 (System.Collections.Generic.IEnumerator`1<System.Collections.Generic.KeyValuePair`2<TEnumeratorKey, TEnumeratorValue>>)	Type: Il2CppClass<System.Collections.Generic.IEnumerator`1<System.Collections.Generic.KeyValuePair`2<TEnumeratorKey, TEnumeratorValue>>>	0	System.Collections.Generic.IEnumerator`1::get_Current	0x06002EC9	RUNTIME_DISPATCH		UNRESOLVED	INVOKER_THROUGH_METHOD:METADATA_USAGE:DISPATCH_PATH_NOT_RECOVERED	
Newtonsoft.Json.Utilities.DictionaryWrapper`2+DictionaryEnumerator`2::get_Current	CALL	v148 @ X25_v4 (System.Collections.Generic.IEnumerator`1<System.Collections.Generic.KeyValuePair`2<TEnumeratorKey, TEnumeratorValue>>)	Type: Il2CppClass<System.Collections.Generic.IEnumerator`1<System.Collections.Generic.KeyValuePair`2<TEnumeratorKey, TEnumeratorValue>>>	0	System.Collections.Generic.IEnumerator`1::get_Current	0x06002EC9	RUNTIME_DISPATCH		UNRESOLVED	INVOKER_THROUGH_METHOD:METADATA_USAGE:DISPATCH_PATH_NOT_RECOVERED	
Newtonsoft.Json.Utilities.DictionaryWrapper`2::Add	CALL	this._genericDictionary (System.Collections.Generic.IDictionary`2<TKey, TValue>)	Type: Il2CppClass<System.Collections.Generic.IDictionary`2<TKey, TValue>>	4	System.Collections.Generic.IDictionary`2::Add	0x06002EC5	RUNTIME_DISPATCH		UNRESOLVED	INVOKER_THROUGH_METHOD:METADATA_USAGE:DISPATCH_PATH_NOT_RECOVERED	
Newtonsoft.Json.Utilities.DictionaryWrapper`2::ContainsKey	CALL	v450 @ X0_v12 (System.Collections.Generic.IReadOnlyDictionary`2<TKey, TValue>)	v187 @ X1_v16 (Il2CppClass<System.Collections.Generic.IReadOnlyDictionary`2<TKey, TValue>>)	v424 @ X2_v6 (System.Int32)			RUNTIME_DISPATCH		UNRESOLVED	INVOKER_THROUGH_METHOD:TYPED_CLASS_LOCAL:SLOT_NAMES_NO_METHOD	
Newtonsoft.Json.Serialization.JsonSerializerInternalReader::CreateJToken	CALL	v425 @ X21_v4 (Newtonsoft.Json.Linq.JTokenWriter)	v427 @ X1_v6	0	System.IDisposable::Dispose	0x0600079F	RUNTIME_DISPATCH		EXACT	lookup(receiver, interface class, slot) reaches the dispatch pointer; slot = Il2CppMethodDefinition.slot
Newtonsoft.Json.Serialization.JsonSerializerInternalReader::CreateJToken	CALL	v467 @ X0_v21 (System.Globalization.CultureInfo)	v582 @ X1_v16	0	System.IDisposable::Dispose	0x0600079F	RUNTIME_DISPATCH		EXACT	lookup(receiver, interface class, slot) reaches the dispatch pointer; slot = Il2CppMethodDefinition.slot
Newtonsoft.Json.Utilities.DictionaryWrapper`2::Remove	CALL	v95 @ X0_v15 (System.Collections.Generic.IDictionary`2<TKey, TValue>)	Type: Il2CppClass<System.Collections.Generic.IDictionary`2<TKey, TValue>>	5	System.Collections.Generic.IDictionary`2::Remove	0x06002EC6	RUNTIME_DISPATCH		UNRESOLVED	INVOKER_THROUGH_METHOD:METADATA_USAGE:DISPATCH_PATH_NOT_RECOVERED	
Newtonsoft.Json.Utilities.DictionaryWrapper`2::TryGetValue	CALL	v107 @ X0_v16 (System.Collections.Generic.IDictionary`2<TKey, TValue>)	Type: Il2CppClass<System.Collections.Generic.IDictionary`2<TKey, TValue>>	6	System.Collections.Generic.IDictionary`2::TryGetValue	0x06002EC7	RUNTIME_DISPATCH		UNRESOLVED	INVOKER_THROUGH_METHOD:METADATA_USAGE:DISPATCH_PATH_NOT_RECOVERED	
Newtonsoft.Json.Utilities.DictionaryWrapper`2::get_Values	CALL	this._readOnlyDictionary (System.Collections.Generic.IReadOnlyDictionary`2<TKey, TValue>)	Type: Il2CppClass<System.Collections.Generic.IReadOnlyDictionary`2<TKey, TValue>>	3	System.Collections.Generic.IReadOnlyDictionary`2::get_Values	0x06002ED5	RUNTIME_DISPATCH	TKey,TValue	EXACT	lookup(receiver, interface class, slot) reaches the dispatch pointer; slot = Il2CppMethodDefinition.slot
Newtonsoft.Json.Utilities.DictionaryWrapper`2::get_Item	CALL	v451 @ X0_v12 (System.Collections.Generic.IReadOnlyDictionary`2<TKey, TValue>)	v203 @ X1_v17 (Il2CppClass<System.Collections.Generic.IReadOnlyDictionary`2<TKey, TValue>>)	v424 @ X2_v7 (System.Int32)			RUNTIME_DISPATCH		UNRESOLVED	INVOKER_THROUGH_METHOD:TYPED_CLASS_LOCAL:SLOT_NAMES_NO_METHOD	
Newtonsoft.Json.Utilities.DictionaryWrapper`2::set_Item	CALL	v109 @ X0_v14 (System.Collections.Generic.IDictionary`2<TKey, TValue>)	Type: Il2CppClass<System.Collections.Generic.IDictionary`2<TKey, TValue>>	1	System.Collections.Generic.IDictionary`2::set_Item	0x06002EC2	RUNTIME_DISPATCH		UNRESOLVED	INVOKER_THROUGH_METHOD:METADATA_USAGE:DISPATCH_PATH_NOT_RECOVERED	
Newtonsoft.Json.Utilities.DictionaryWrapper`2::Add	CALL	v51._genericDictionary (System.Collections.Generic.IDictionary`2<TKey, TValue>)	Type: Il2CppClass<System.Collections.Generic.ICollection`1<System.Collections.Generic.KeyValuePair`2<TKey, TValue>>>	2	System.Collections.Generic.ICollection`1::Add	0x06002EBB	RUNTIME_DISPATCH		UNRESOLVED	INVOKER_THROUGH_METHOD:METADATA_USAGE:DISPATCH_PATH_NOT_RECOVERED	
Newtonsoft.Json.Utilities.DictionaryWrapper`2::Clear	TAIL	v207 @ X19_v3 (System.Collections.IDictionary)	v138 @ X1_v4 (Il2CppClass<System.Collections.IDictionary>)	v118 @ X2_v3 (System.Int32)			RUNTIME_DISPATCH		UNRESOLVED	METHOD_POINTER:TYPED_CLASS_LOCAL:SLOT_NAMES_NO_METHOD	
Newtonsoft.Json.Utilities.DictionaryWrapper`2::Contains	CALL	v87 @ X0_v12 (System.Collections.Generic.IDictionary`2<TKey, TValue>)	Type: Il2CppClass<System.Collections.Generic.ICollection`1<System.Collections.Generic.KeyValuePair`2<TKey, TValue>>>	4	System.Collections.Generic.ICollection`1::Contains	0x06002EBD	RUNTIME_DISPATCH		UNRESOLVED	INVOKER_THROUGH_METHOD:METADATA_USAGE:DISPATCH_PATH_NOT_RECOVERED	
Newtonsoft.Json.Serialization.JsonSerializerInternalWriter::SerializeDictionary	CALL	v839 @ X0_v9 (System.Collections.IDictionaryEnumerator)	v943 @ X1_v11	0	System.IDisposable::Dispose	0x0600079F	RUNTIME_DISPATCH		EXACT	lookup(receiver, interface class, slot) reaches the dispatch pointer; slot = Il2CppMethodDefinition.slot
Newtonsoft.Json.Utilities.DictionaryWrapper`2::CopyTo	CALL	v906 @ X0_v4 (System.OutOfMemoryException)	v1014 @ X1_v4	0	System.IDisposable::Dispose	0x0600079F	RUNTIME_DISPATCH		EXACT	lookup(receiver, interface class, slot) reaches the dispatch pointer; slot = Il2CppMethodDefinition.slot
Newtonsoft.Json.Utilities.DictionaryWrapper`2::CopyTo	CALL	v260 @ X0_v47 (System.Collections.Generic.IDictionary`2<TKey, TValue>)	v449 @ X1_v20 (Il2CppClass<System.Collections.Generic.ICollection`1<System.Collections.Generic.KeyValuePair`2<TKey, TValue>>>)	5	System.Collections.Generic.ICollection`1::CopyTo	0x06002EBE	RUNTIME_DISPATCH	System.Collections.Generic.KeyValuePair`2<TKey, TValue>	EXACT	lookup(receiver, interface class, slot) reaches the dispatch pointer; slot = Il2CppMethodDefinition.slot
Newtonsoft.Json.Utilities.DictionaryWrapper`2::get_Count	TAIL	v148 @ X0_v6 (System.Collections.IDictionary)	v142 @ X1_v4 (Il2CppClass<System.Collections.ICollection>)	v122 @ X2_v3 (System.Int32)			RUNTIME_DISPATCH		UNRESOLVED	METHOD_POINTER:TYPED_CLASS_LOCAL:SLOT_NAMES_NO_METHOD	
Newtonsoft.Json.Utilities.DictionaryWrapper`2::get_IsReadOnly	TAIL	v245 @ X19_v3 (System.Collections.IDictionary)	v139 @ X1_v2 (Il2CppClass<System.Collections.IDictionary>)	v119 @ X2_v1 (System.Int32)			RUNTIME_DISPATCH		UNRESOLVED	METHOD_POINTER:TYPED_CLASS_LOCAL:SLOT_NAMES_NO_METHOD	
Newtonsoft.Json.Utilities.DictionaryWrapper`2::Remove	CALL	v110 @ X0_v15 (System.Collections.Generic.IDictionary`2<TKey, TValue>)	Type: Il2CppClass<System.Collections.Generic.ICollection`1<System.Collections.Generic.KeyValuePair`2<TKey, TValue>>>	6	System.Collections.Generic.ICollection`1::Remove	0x06002EBF	RUNTIME_DISPATCH		UNRESOLVED	INVOKER_THROUGH_METHOD:METADATA_USAGE:DISPATCH_PATH_NOT_RECOVERED	
Newtonsoft.Json.Utilities.DictionaryWrapper`2::System.Collections.IDictionary.Add	CALL	v127 @ X0_v14 (System.Collections.Generic.IDictionary`2<TKey, TValue>)	Type: Il2CppClass<System.Collections.Generic.IDictionary`2<TKey, TValue>>	4	System.Collections.Generic.IDictionary`2::Add	0x06002EC5	RUNTIME_DISPATCH		UNRESOLVED	INVOKER_THROUGH_METHOD:METADATA_USAGE:DISPATCH_PATH_NOT_RECOVERED	
Newtonsoft.Json.Utilities.DictionaryWrapper`2::System.Collections.IDictionary.get_Item	CALL	v458 @ X0_v12 (System.Collections.Generic.IReadOnlyDictionary`2<TKey, TValue>)	v273 @ X1_v18 (Il2CppClass<System.Collections.Generic.IReadOnlyDictionary`2<TKey, TValue>>)	v433 @ X2_v6 (System.Int32)			RUNTIME_DISPATCH		UNRESOLVED	INVOKER_THROUGH_METHOD:TYPED_CLASS_LOCAL:SLOT_NAMES_NO_METHOD	
Newtonsoft.Json.Utilities.DictionaryWrapper`2::System.Collections.IDictionary.set_Item	CALL	v127 @ X0_v14 (System.Collections.Generic.IDictionary`2<TKey, TValue>)	Type: Il2CppClass<System.Collections.Generic.IDictionary`2<TKey, TValue>>	1	System.Collections.Generic.IDictionary`2::set_Item	0x06002EC2	RUNTIME_DISPATCH		UNRESOLVED	INVOKER_THROUGH_METHOD:METADATA_USAGE:DISPATCH_PATH_NOT_RECOVERED	
Newtonsoft.Json.Utilities.DictionaryWrapper`2::System.Collections.IDictionary.GetEnumerator	CALL	v216 @ X20_v7 (System.Collections.Generic.IReadOnlyDictionary`2<TKey, TValue>)	v200 @ X1_v6 (Il2CppClass<System.Collections.Generic.IEnumerable`1<System.Collections.Generic.KeyValuePair`2<TKey, TValue>>>)	0	System.Collections.Generic.IEnumerable`1::GetEnumerator	0x06002EC8	RUNTIME_DISPATCH	System.Collections.Generic.KeyValuePair`2<TKey, TValue>	EXACT	lookup(receiver, interface class, slot) reaches the dispatch pointer; slot = Il2CppMethodDefinition.slot
Newtonsoft.Json.Utilities.DictionaryWrapper`2::System.Collections.IDictionary.Contains	CALL	v439 @ X0_v8 (System.Collections.Generic.IDictionary`2<TKey, TValue>)	v109 @ X1_v17 (Il2CppClass<System.Collections.Generic.IDictionary`2<TKey, TValue>>)	v414 @ X2_v4 (System.Int32)			RUNTIME_DISPATCH		UNRESOLVED	INVOKER_THROUGH_METHOD:TYPED_CLASS_LOCAL:SLOT_NAMES_NO_METHOD	
Newtonsoft.Json.Utilities.DictionaryWrapper`2::Remove	CALL	v115 @ X0_v14 (System.Collections.Generic.IDictionary`2<TKey, TValue>)	Type: Il2CppClass<System.Collections.Generic.IDictionary`2<TKey, TValue>>	5	System.Collections.Generic.IDictionary`2::Remove	0x06002EC6	RUNTIME_DISPATCH		UNRESOLVED	INVOKER_THROUGH_METHOD:METADATA_USAGE:DISPATCH_PATH_NOT_RECOVERED	
Newtonsoft.Json.Utilities.DictionaryWrapper`2::System.Collections.IDictionary.get_Values	TAIL	v63 @ X19_v4 (System.Collections.IDictionary)	Type: System.Collections.IDictionary	2	System.Collections.IDictionary::get_Values	0x06002BBF	RUNTIME_DISPATCH		EXACT	lookup(receiver, interface class, slot) reaches the dispatch pointer; slot = Il2CppMethodDefinition.slot
Newtonsoft.Json.Utilities.DictionaryWrapper`2::System.Collections.IDictionary.get_Values	CALL	v37 @ X20_v2 (System.Collections.Generic.IDictionary`2<TKey, TValue>)	v50 @ X1_v13 (Il2CppClass<System.Collections.Generic.IDictionary`2<TKey, TValue>>)	v329 @ X2_v2 (System.Int32)			RUNTIME_DISPATCH		UNRESOLVED	METHOD_POINTER:TYPED_CLASS_LOCAL:SLOT_NAMES_NO_METHOD	
Newtonsoft.Json.Linq.JContainer::.ctor	CALL	v164 @ X19_v2 (System.Collections.Generic.IEnumerator`1<Newtonsoft.Json.Linq.JToken>)	v156 @ X1_v3	0	System.IDisposable::Dispose	0x0600079F	RUNTIME_DISPATCH		EXACT	lookup(receiver, interface class, slot) reaches the dispatch pointer; slot = Il2CppMethodDefinition.slot
Newtonsoft.Json.Linq.JContainer::.ctor	CALL	v376 @ X19_v6 (System.Collections.Generic.IEnumerator`1<Newtonsoft.Json.Linq.JToken>)	v575 @ X1_v9	0	System.IDisposable::Dispose	0x0600079F	RUNTIME_DISPATCH		EXACT	lookup(receiver, interface class, slot) reaches the dispatch pointer; slot = Il2CppMethodDefinition.slot
Newtonsoft.Json.Utilities.DictionaryWrapper`2::System.Collections.ICollection.CopyTo	TAIL	v100 @ X0_v16 (System.Collections.Generic.IDictionary`2<TKey, TValue>)	Type: Il2CppClass<System.Collections.Generic.ICollection`1<System.Collections.Generic.KeyValuePair`2<TKey, TValue>>>	5	System.Collections.Generic.ICollection`1::CopyTo	0x06002EBE	RUNTIME_DISPATCH	System.Collections.Generic.KeyValuePair`2<TKey, TValue>	EXACT	lookup(receiver, interface class, slot) reaches the dispatch pointer; slot = Il2CppMethodDefinition.slot
Newtonsoft.Json.Linq.JEnumerable`1::GetEnumerator	CALL	v29 @ X20_v2 (System.Collections.Generic.IEnumerable`1<T>)	v73 @ X1_v3 (Il2CppClass<System.Collections.Generic.IEnumerable`1<T>>)	0	System.Collections.Generic.IEnumerable`1::GetEnumerator	0x06002EC8	RUNTIME_DISPATCH	T	EXACT	lookup(receiver, interface class, slot) reaches the dispatch pointer; slot = Il2CppMethodDefinition.slot
Newtonsoft.Json.Linq.JContainer::ClearItems	CALL	v229 @ X21_v1 (System.Collections.Generic.IEnumerator`1<Newtonsoft.Json.Linq.JToken>)	v509 @ X1_v11	0	System.IDisposable::Dispose	0x0600079F	RUNTIME_DISPATCH		EXACT	lookup(receiver, interface class, slot) reaches the dispatch pointer; slot = Il2CppMethodDefinition.slot
Newtonsoft.Json.Linq.JContainer::ClearItems	CALL	v228 @ X21_v4 (System.Collections.Generic.IEnumerator`1<Newtonsoft.Json.Linq.JToken>)	v383 @ X1_v15	0	System.IDisposable::Dispose	0x0600079F	RUNTIME_DISPATCH		EXACT	lookup(receiver, interface class, slot) reaches the dispatch pointer; slot = Il2CppMethodDefinition.slot
Newtonsoft.Json.Linq.JContainer::CopyItemsTo	CALL	v375 @ X19_v2 (Newtonsoft.Json.Linq.JContainer)	v637 @ X1_v3	0	System.IDisposable::Dispose	0x0600079F	RUNTIME_DISPATCH		EXACT	lookup(receiver, interface class, slot) reaches the dispatch pointer; slot = Il2CppMethodDefinition.slot
Newtonsoft.Json.Linq.JContainer::CopyItemsTo	CALL	v374 @ X19_v4 (Newtonsoft.Json.Linq.JContainer)	v512 @ X1_v7	0	System.IDisposable::Dispose	0x0600079F	RUNTIME_DISPATCH		EXACT	lookup(receiver, interface class, slot) reaches the dispatch pointer; slot = Il2CppMethodDefinition.slot
Newtonsoft.Json.Linq.JObject::System.Collections.Generic.ICollection<System.Collections.Generic.KeyValuePair<System.String,Newtonsoft.Json.Linq.JToken>>.CopyTo	CALL	v411 @ X19_v2 (System.Collections.Generic.IEnumerator`1<Newtonsoft.Json.Linq.JToken>)	v713 @ X1_v3	0	System.IDisposable::Dispose	0x0600079F	RUNTIME_DISPATCH		EXACT	lookup(receiver, interface class, slot) reaches the dispatch pointer; slot = Il2CppMethodDefinition.slot
Newtonsoft.Json.Linq.JObject::System.Collections.Generic.ICollection<System.Collections.Generic.KeyValuePair<System.String,Newtonsoft.Json.Linq.JToken>>.CopyTo	CALL	v410 @ X19_v4 (System.Collections.Generic.IEnumerator`1<Newtonsoft.Json.Linq.JToken>)	v569 @ X1_v7	0	System.IDisposable::Dispose	0x0600079F	RUNTIME_DISPATCH		EXACT	lookup(receiver, interface class, slot) reaches the dispatch pointer; slot = Il2CppMethodDefinition.slot
Newtonsoft.Json.Converters.DataSetConverter::WriteJson	CALL	v551 @ X0_v4 (System.Data.DataSet)	v682 @ X1_v5	0	System.IDisposable::Dispose	0x0600079F	RUNTIME_DISPATCH		EXACT	lookup(receiver, interface class, slot) reaches the dispatch pointer; slot = Il2CppMethodDefinition.slot
Newtonsoft.Json.Converters.DataSetConverter::WriteJson	CALL	v503 @ X0_v18	v553 @ X1_v11	0	System.IDisposable::Dispose	0x0600079F	RUNTIME_DISPATCH		EXACT	lookup(receiver, interface class, slot) reaches the dispatch pointer; slot = Il2CppMethodDefinition.slot
Newtonsoft.Json.Converters.DataTableConverter::WriteJson	CALL	v1077 @ X0_v4 (System.Data.DataTable)	v1224 @ X1_v5	0	System.IDisposable::Dispose	0x0600079F	RUNTIME_DISPATCH		EXACT	lookup(receiver, interface class, slot) reaches the dispatch pointer; slot = Il2CppMethodDefinition.slot
Newtonsoft.Json.Serialization.JsonSerializerInternalReader::CreateObjectUsingCreatorWithParameters	CALL	v4515 @ X27_v66 (Newtonsoft.Json.Utilities.IWrappedCollection)	v5417 @ X1_v131	6	System.Collections.IList::get_IsFixedSize	0x06002BD5	RUNTIME_DISPATCH		EXACT	lookup(receiver, interface class, slot) reaches the dispatch pointer; slot = Il2CppMethodDefinition.slot
<>f__AnonymousType0`2::Equals	CALL	Type: Il2CppMethodInfo	value @ X1 (System.Object)	methodInfo @ X2 (Il2CppMethodInfo)			RUNTIME_DISPATCH		UNRESOLVED	TWO_LOADS_OTHER:UNKNOWN_CLASS_SOURCE:CLASS_NOT_AN_INTERFACE_POINTER	param:value
Newtonsoft.Json.Serialization.JsonSerializerInternalReader::CreateObjectUsingCreatorWithParameters	CALL	v4515 @ X27_v66 (Newtonsoft.Json.Utilities.IWrappedCollection)	v6145 @ X1_v145	2	System.Collections.IList::Add	0x06002BD1	RUNTIME_DISPATCH		EXACT	lookup(receiver, interface class, slot) reaches the dispatch pointer; slot = Il2CppMethodDefinition.slot
<>f__AnonymousType0`2::GetHashCode	CALL	Type: Il2CppMethodInfo	methodInfo @ X1 (Il2CppMethodInfo)	v15 @ X2			RUNTIME_DISPATCH		UNRESOLVED	TWO_LOADS_OTHER:UNKNOWN_CLASS_SOURCE:CLASS_NOT_AN_INTERFACE_POINTER	methodInfo
Newtonsoft.Json.Serialization.JsonSerializerInternalReader::CreateObjectUsingCreatorWithParameters	CALL	v2069 @ X0_v89 (System.IDisposable)	Type: System.IDisposable	0	System.IDisposable::Dispose	0x0600079F	RUNTIME_DISPATCH		EXACT	lookup(receiver, interface class, slot) reaches the dispatch pointer; slot = Il2CppMethodDefinition.slot
Newtonsoft.Json.Serialization.JsonSerializerInternalReader::CreateObjectUsingCreatorWithParameters	CALL	v4097 @ X0_v55 (System.IDisposable)	Type: System.IDisposable	0	System.IDisposable::Dispose	0x0600079F	RUNTIME_DISPATCH		EXACT	lookup(receiver, interface class, slot) reaches the dispatch pointer; slot = Il2CppMethodDefinition.slot
ES3Types.ES3CollectionType::ReadICollection	CALL	collection @ X2 (System.Collections.Generic.ICollection`1<T>)	v229 @ X1_v11 (Il2CppClass<System.Collections.Generic.ICollection`1<T>>)	2	System.Collections.Generic.ICollection`1::Add	0x06002EBB	RUNTIME_DISPATCH	T	EXACT	lookup(receiver, interface class, slot) reaches the dispatch pointer; slot = Il2CppMethodDefinition.slot
ES3Writer::Merge	CALL	v410 @ X0_v4 (System.Collections.IEnumerator)	v538 @ X1_v4	0	System.IDisposable::Dispose	0x0600079F	RUNTIME_DISPATCH		EXACT	lookup(receiver, interface class, slot) reaches the dispatch pointer; slot = Il2CppMethodDefinition.slot
ES3Writer::Merge	CALL	v354 @ X0_v16	v412 @ X1_v9	0	System.IDisposable::Dispose	0x0600079F	RUNTIME_DISPATCH		EXACT	lookup(receiver, interface class, slot) reaches the dispatch pointer; slot = Il2CppMethodDefinition.slot
ES3File::Sync	CALL	v758 @ X19_v4 (ES3Writer)	v763 @ X1_v4	0	System.IDisposable::Dispose	0x0600079F	RUNTIME_DISPATCH		EXACT	lookup(receiver, interface class, slot) reaches the dispatch pointer; slot = Il2CppMethodDefinition.slot
ES3File::Sync	CALL	v509 @ X19_v5 (ES3Writer)	v675 @ X1_v8	0	System.IDisposable::Dispose	0x0600079F	RUNTIME_DISPATCH		EXACT	lookup(receiver, interface class, slot) reaches the dispatch pointer; slot = Il2CppMethodDefinition.slot
ES3Types.ES3DictionaryType::Write	CALL	v510 @ X0_v4 (System.Collections.IDictionary)	v618 @ X1_v4	0	System.IDisposable::Dispose	0x0600079F	RUNTIME_DISPATCH		EXACT	lookup(receiver, interface class, slot) reaches the dispatch pointer; slot = Il2CppMethodDefinition.slot
ES3Types.ES3DictionaryType::Write	CALL	v396 @ X0_v16	v512 @ X1_v9	0	System.IDisposable::Dispose	0x0600079F	RUNTIME_DISPATCH		EXACT	lookup(receiver, interface class, slot) reaches the dispatch pointer; slot = Il2CppMethodDefinition.slot
ES3Types.ES3ArrayType::ReadInto	CALL	v619 @ X0_v4 (System.Object)	v759 @ X1_v9	0	System.IDisposable::Dispose	0x0600079F	RUNTIME_DISPATCH		EXACT	lookup(receiver, interface class, slot) reaches the dispatch pointer; slot = Il2CppMethodDefinition.slot
ES3Types.ES3ArrayType::ReadInto	CALL	v382 @ X20_v2 (System.Collections.ICollection)	v945 @ X1_v6	1	System.Collections.ICollection::get_Count	0x06002BB9	RUNTIME_DISPATCH		EXACT	lookup(receiver, interface class, slot) reaches the dispatch pointer; slot = Il2CppMethodDefinition.slot
ES3Types.ES3ArrayType::ReadInto	CALL	v520 @ X0_v37	v621 @ X1_v15	0	System.IDisposable::Dispose	0x0600079F	RUNTIME_DISPATCH		EXACT	lookup(receiver, interface class, slot) reaches the dispatch pointer; slot = Il2CppMethodDefinition.slot
ES3Types.ES3StackType::Write	CALL	v515 @ X0_v5	v626 @ X1_v5	0	System.IDisposable::Dispose	0x0600079F	RUNTIME_DISPATCH		EXACT	lookup(receiver, interface class, slot) reaches the dispatch pointer; slot = Il2CppMethodDefinition.slot
ES3Types.ES3StackType::Write	CALL	v442 @ X0_v17	v517 @ X1_v10	0	System.IDisposable::Dispose	0x0600079F	RUNTIME_DISPATCH		EXACT	lookup(receiver, interface class, slot) reaches the dispatch pointer; slot = Il2CppMethodDefinition.slot
ES3Types.ES3CollectionType::ReadICollectionInto	CALL	v552 @ X0_v4 (System.Collections.IEnumerator)	v596 @ X1_v9	0	System.IDisposable::Dispose	0x0600079F	RUNTIME_DISPATCH		EXACT	lookup(receiver, interface class, slot) reaches the dispatch pointer; slot = Il2CppMethodDefinition.slot
ES3Types.ES3CollectionType::ReadICollectionInto	CALL	collection @ X2 (System.Collections.ICollection)	v714 @ X1_v6	1	System.Collections.ICollection::get_Count	0x06002BB9	RUNTIME_DISPATCH		EXACT	lookup(receiver, interface class, slot) reaches the dispatch pointer; slot = Il2CppMethodDefinition.slot
ES3Types.ES3QueueType::Write	CALL	v515 @ X0_v5	v626 @ X1_v5	0	System.IDisposable::Dispose	0x0600079F	RUNTIME_DISPATCH		EXACT	lookup(receiver, interface class, slot) reaches the dispatch pointer; slot = Il2CppMethodDefinition.slot
ES3Types.ES3QueueType::Write	CALL	v442 @ X0_v17	v517 @ X1_v10	0	System.IDisposable::Dispose	0x0600079F	RUNTIME_DISPATCH		EXACT	lookup(receiver, interface class, slot) reaches the dispatch pointer; slot = Il2CppMethodDefinition.slot
ES3Types.ES3CollectionType::ReadICollectionInto	CALL	v555 @ X0_v37	v638 @ X1_v15	0	System.IDisposable::Dispose	0x0600079F	RUNTIME_DISPATCH		EXACT	lookup(receiver, interface class, slot) reaches the dispatch pointer; slot = Il2CppMethodDefinition.slot
ES3Types.ES3HashSetType::Write	CALL	v1044 @ X0_v4 (System.Object)	v1109 @ X1_v14	0	System.IDisposable::Dispose	0x0600079F	RUNTIME_DISPATCH		EXACT	lookup(receiver, interface class, slot) reaches the dispatch pointer; slot = Il2CppMethodDefinition.slot
ES3Types.ES3ListType::ReadInto	CALL	v484 @ X0_v4 (System.Object)	v612 @ X1_v9	0	System.IDisposable::Dispose	0x0600079F	RUNTIME_DISPATCH		EXACT	lookup(receiver, interface class, slot) reaches the dispatch pointer; slot = Il2CppMethodDefinition.slot
ES3Types.ES3ListType::ReadInto	CALL	v428 @ X20_v2 (System.Collections.IEnumerable)	v732 @ X1_v6	1	System.Collections.ICollection::get_Count	0x06002BB9	RUNTIME_DISPATCH		EXACT	lookup(receiver, interface class, slot) reaches the dispatch pointer; slot = Il2CppMethodDefinition.slot
ES3Types.ES3ListType::ReadInto	CALL	v372 @ X0_v34	v486 @ X1_v15	0	System.IDisposable::Dispose	0x0600079F	RUNTIME_DISPATCH		EXACT	lookup(receiver, interface class, slot) reaches the dispatch pointer; slot = Il2CppMethodDefinition.slot
ES3Types.ES3ObjectType::Read	TAIL	[v111 @ X8_v8+140]	v131 @ X1_v4 (Il2CppMethodInfo)	v130 @ X2_v4			RUNTIME_DISPATCH		UNRESOLVED	METHOD_POINTER:UNKNOWN_CLASS_SOURCE:CLASS_NOT_AN_INTERFACE_POINTER	{RuntimeMethodInfoAnalysisContext | RuntimeMethodInfoAnalysisContext}
ES3Types.ES3HashSetType::Write	CALL	v688 @ X22_v2 (System.Collections.IEnumerable)	v1191 @ X1_v4	0	System.Collections.IEnumerable::GetEnumerator	0x06002BC9	RUNTIME_DISPATCH		EXACT	lookup(receiver, interface class, slot) reaches the dispatch pointer; slot = Il2CppMethodDefinition.slot
ES3Types.ES3HashSetType::Write	CALL	v827 @ X0_v8 (System.Collections.IEnumerable)	v1339 @ X1_v7	0	System.Collections.IEnumerator::MoveNext	0x06002BCA	RUNTIME_DISPATCH		EXACT	lookup(receiver, interface class, slot) reaches the dispatch pointer; slot = Il2CppMethodDefinition.slot
ES3Types.ES3HashSetType::Write	CALL	v827 @ X0_v8 (System.Collections.IEnumerable)	v1402 @ X1_v9	1	System.Collections.IEnumerator::get_Current	0x06002BCB	RUNTIME_DISPATCH		EXACT	lookup(receiver, interface class, slot) reaches the dispatch pointer; slot = Il2CppMethodDefinition.slot
ES3Types.ES3HashSetType::Write	CALL	v567 @ X0_v40	v838 @ X1_v19	0	System.IDisposable::Dispose	0x0600079F	RUNTIME_DISPATCH		EXACT	lookup(receiver, interface class, slot) reaches the dispatch pointer; slot = Il2CppMethodDefinition.slot
ES3Types.ES3HashSetType::Write	CALL	v993 @ X0_v63	v1077 @ X1_v28	0	System.IDisposable::Dispose	0x0600079F	RUNTIME_DISPATCH		EXACT	lookup(receiver, interface class, slot) reaches the dispatch pointer; slot = Il2CppMethodDefinition.slot
ES3::LoadAudio	CALL	v579 @ X19_v9 (System.InvalidOperationException)	v585 @ X1_v17	0	System.IDisposable::Dispose	0x0600079F	RUNTIME_DISPATCH		EXACT	lookup(receiver, interface class, slot) reaches the dispatch pointer; slot = Il2CppMethodDefinition.slot
ES3::LoadAudio	CALL	v383 @ X19_v5 (System.InvalidOperationException)	v512 @ X1_v10	0	System.IDisposable::Dispose	0x0600079F	RUNTIME_DISPATCH		EXACT	lookup(receiver, interface class, slot) reaches the dispatch pointer; slot = Il2CppMethodDefinition.slot
ES3Types.ES3StackType::ReadInto	CALL	v669 @ X0_v4 (System.Object)	v783 @ X1_v7	0	System.IDisposable::Dispose	0x0600079F	RUNTIME_DISPATCH		EXACT	lookup(receiver, interface class, slot) reaches the dispatch pointer; slot = Il2CppMethodDefinition.slot
ES3Types.ES3StackType::ReadInto	CALL	v288 @ X20_v2 (System.Collections.IEnumerable)	v864 @ X1_v4	1	System.Collections.ICollection::get_Count	0x06002BB9	RUNTIME_DISPATCH		EXACT	lookup(receiver, interface class, slot) reaches the dispatch pointer; slot = Il2CppMethodDefinition.slot
ES3Types.ES3StackType::ReadInto	CALL	v559 @ X0_v26	v671 @ X1_v13	0	System.IDisposable::Dispose	0x0600079F	RUNTIME_DISPATCH		EXACT	lookup(receiver, interface class, slot) reaches the dispatch pointer; slot = Il2CppMethodDefinition.slot
ES3Types.ES3QueueType::ReadInto	CALL	v669 @ X0_v4 (System.Object)	v783 @ X1_v7	0	System.IDisposable::Dispose	0x0600079F	RUNTIME_DISPATCH		EXACT	lookup(receiver, interface class, slot) reaches the dispatch pointer; slot = Il2CppMethodDefinition.slot
ES3Types.ES3QueueType::ReadInto	CALL	v288 @ X20_v2 (System.Collections.IEnumerable)	v864 @ X1_v4	1	System.Collections.ICollection::get_Count	0x06002BB9	RUNTIME_DISPATCH		EXACT	lookup(receiver, interface class, slot) reaches the dispatch pointer; slot = Il2CppMethodDefinition.slot
ES3Types.ES3QueueType::ReadInto	CALL	v559 @ X0_v26	v671 @ X1_v13	0	System.IDisposable::Dispose	0x0600079F	RUNTIME_DISPATCH		EXACT	lookup(receiver, interface class, slot) reaches the dispatch pointer; slot = Il2CppMethodDefinition.slot
ES3Types.ES3ListType::Write	CALL	v461 @ X0_v4 (System.Object)	v581 @ X1_v4	0	System.IDisposable::Dispose	0x0600079F	RUNTIME_DISPATCH		EXACT	lookup(receiver, interface class, slot) reaches the dispatch pointer; slot = Il2CppMethodDefinition.slot
ES3Types.ES3ListType::Write	CALL	v357 @ X0_v15	v463 @ X1_v9	0	System.IDisposable::Dispose	0x0600079F	RUNTIME_DISPATCH		EXACT	lookup(receiver, interface class, slot) reaches the dispatch pointer; slot = Il2CppMethodDefinition.slot
Newtonsoft.Json.Converters.XmlNodeConverter::SerializeNode	CALL	v321 @ X21_v2 (Newtonsoft.Json.Converters.IXmlNode)	v759 @ X1_v13	3	Newtonsoft.Json.Converters.IXmlNode::get_Attributes	0x060008A5	RUNTIME_DISPATCH		EXACT	lookup(receiver, interface class, slot) reaches the dispatch pointer; slot = Il2CppMethodDefinition.slot
Newtonsoft.Json.Converters.XmlNodeConverter::SerializeNode	CALL	v321 @ X21_v2 (Newtonsoft.Json.Converters.IXmlNode)	v845 @ X1_v42	2	Newtonsoft.Json.Converters.IXmlNode::get_ChildNodes	0x060008A4	RUNTIME_DISPATCH		EXACT	lookup(receiver, interface class, slot) reaches the dispatch pointer; slot = Il2CppMethodDefinition.slot
Newtonsoft.Json.Converters.XmlNodeConverter::SerializeNode	CALL	v321 @ X21_v2 (Newtonsoft.Json.Converters.IXmlNode)	v1021 @ X1_v44	2	Newtonsoft.Json.Converters.IXmlNode::get_ChildNodes	0x060008A4	RUNTIME_DISPATCH		EXACT	lookup(receiver, interface class, slot) reaches the dispatch pointer; slot = Il2CppMethodDefinition.slot
ES3Types.ES3Type_BoxCollider2D::ReadComponent	CALL	v757 @ X0_v4 (UnityEngine.BoxCollider2D)	v910 @ X1_v4	0	System.IDisposable::Dispose	0x0600079F	RUNTIME_DISPATCH		EXACT	lookup(receiver, interface class, slot) reaches the dispatch pointer; slot = Il2CppMethodDefinition.slot
Newtonsoft.Json.Converters.XmlNodeConverter::SerializeNode	CALL	v288 @ X0_v106 (Il2CppClass<Newtonsoft.Json.Converters.IXmlElement>)	v1246 @ X1_v47	0	Newtonsoft.Json.Converters.IXmlNode::get_NodeType	0x060008A2	RUNTIME_DISPATCH		EXACT	lookup(receiver, interface class, slot) reaches the dispatch pointer; slot = Il2CppMethodDefinition.slot
Newtonsoft.Json.Converters.XmlNodeConverter::SerializeNode	CALL	v321 @ X21_v2 (Newtonsoft.Json.Converters.IXmlNode)	v1422 @ X1_v49	2	Newtonsoft.Json.Converters.IXmlNode::get_ChildNodes	0x060008A4	RUNTIME_DISPATCH		EXACT	lookup(receiver, interface class, slot) reaches the dispatch pointer; slot = Il2CppMethodDefinition.slot
Newtonsoft.Json.Converters.XmlNodeConverter::SerializeNode	CALL	v321 @ X21_v2 (Newtonsoft.Json.Converters.IXmlNode)	v895 @ X1_v19	2	Newtonsoft.Json.Converters.IXmlNode::get_ChildNodes	0x060008A4	RUNTIME_DISPATCH		EXACT	lookup(receiver, interface class, slot) reaches the dispatch pointer; slot = Il2CppMethodDefinition.slot
Newtonsoft.Json.Converters.XmlNodeConverter::SerializeNode	CALL	v321 @ X21_v2 (Newtonsoft.Json.Converters.IXmlNode)	v1025 @ X1_v33	3	Newtonsoft.Json.Converters.IXmlNode::get_Attributes	0x060008A5	RUNTIME_DISPATCH		EXACT	lookup(receiver, interface class, slot) reaches the dispatch pointer; slot = Il2CppMethodDefinition.slot
Newtonsoft.Json.Converters.XmlNodeConverter::SerializeNode	CALL	v321 @ X21_v2 (Newtonsoft.Json.Converters.IXmlNode)	v1162 @ X1_v25	3	Newtonsoft.Json.Converters.IXmlNode::get_Attributes	0x060008A5	RUNTIME_DISPATCH		EXACT	lookup(receiver, interface class, slot) reaches the dispatch pointer; slot = Il2CppMethodDefinition.slot
Newtonsoft.Json.Converters.XmlNodeConverter::SerializeNode	CALL	v321 @ X21_v2 (Newtonsoft.Json.Converters.IXmlNode)	v1290 @ X1_v29	3	Newtonsoft.Json.Converters.IXmlNode::get_Attributes	0x060008A5	RUNTIME_DISPATCH		EXACT	lookup(receiver, interface class, slot) reaches the dispatch pointer; slot = Il2CppMethodDefinition.slot
Newtonsoft.Json.Converters.XmlNodeConverter::SerializeNode	CALL	v290 @ X0_v113 (Newtonsoft.Json.Converters.IXmlNode)	v1584 @ X1_v52	5	Newtonsoft.Json.Converters.IXmlNode::get_Value	0x060008A7	RUNTIME_DISPATCH		EXACT	lookup(receiver, interface class, slot) reaches the dispatch pointer; slot = Il2CppMethodDefinition.slot
ES3Types.ES3Type_CapsuleCollider::ReadComponent	CALL	v889 @ X0_v4 (UnityEngine.CapsuleCollider)	v1012 @ X1_v4	0	System.IDisposable::Dispose	0x0600079F	RUNTIME_DISPATCH		EXACT	lookup(receiver, interface class, slot) reaches the dispatch pointer; slot = Il2CppMethodDefinition.slot
ES3Types.ES3Type_Random::ReadObject	CALL	v544 @ X0_v4 (System.Random)	v658 @ X1_v4	0	System.IDisposable::Dispose	0x0600079F	RUNTIME_DISPATCH		EXACT	lookup(receiver, interface class, slot) reaches the dispatch pointer; slot = Il2CppMethodDefinition.slot
ES3Types.ES3Type_MeshCollider::ReadComponent	CALL	v683 @ X0_v4 (UnityEngine.MeshCollider)	v814 @ X1_v4	0	System.IDisposable::Dispose	0x0600079F	RUNTIME_DISPATCH		EXACT	lookup(receiver, interface class, slot) reaches the dispatch pointer; slot = Il2CppMethodDefinition.slot
ES3Types.ES3Type_Transform::ReadComponent	CALL	v629 @ X0_v4 (UnityEngine.Transform)	v761 @ X1_v4	0	System.IDisposable::Dispose	0x0600079F	RUNTIME_DISPATCH		EXACT	lookup(receiver, interface class, slot) reaches the dispatch pointer; slot = Il2CppMethodDefinition.slot
ES3Types.ES3Type_AudioClip::ReadUnityObject	CALL	v438 @ X0_v4 (UnityEngine.AudioClip)	v546 @ X1_v4	0	System.IDisposable::Dispose	0x0600079F	RUNTIME_DISPATCH		EXACT	lookup(receiver, interface class, slot) reaches the dispatch pointer; slot = Il2CppMethodDefinition.slot
ES3Types.ES3Type_AudioClip::ReadUnityObject	CALL	v316 @ X0_v16	v440 @ X1_v9	0	System.IDisposable::Dispose	0x0600079F	RUNTIME_DISPATCH		EXACT	lookup(receiver, interface class, slot) reaches the dispatch pointer; slot = Il2CppMethodDefinition.slot
ES3Types.ES3Type_EventSystem::ReadComponent	CALL	v294 @ X0_v4 (System.Collections.IEnumerator)	v422 @ X1_v4	0	System.IDisposable::Dispose	0x0600079F	RUNTIME_DISPATCH		EXACT	lookup(receiver, interface class, slot) reaches the dispatch pointer; slot = Il2CppMethodDefinition.slot
ES3Types.ES3Type_EventSystem::ReadComponent	CALL	v239 @ X0_v16	v296 @ X1_v9	0	System.IDisposable::Dispose	0x0600079F	RUNTIME_DISPATCH		EXACT	lookup(receiver, interface class, slot) reaches the dispatch pointer; slot = Il2CppMethodDefinition.slot
ES3Types.ES3Type_RawImage::ReadComponent	CALL	v1101 @ X0_v4 (UnityEngine.UI.RawImage)	v1170 @ X1_v4	0	System.IDisposable::Dispose	0x0600079F	RUNTIME_DISPATCH		EXACT	lookup(receiver, interface class, slot) reaches the dispatch pointer; slot = Il2CppMethodDefinition.slot
ES3Types.ES3Type_GameObject::GetChildren	CALL	v349 @ X0_v4 (System.Collections.IEnumerator)	v457 @ X1_v4	0	System.IDisposable::Dispose	0x0600079F	RUNTIME_DISPATCH		EXACT	lookup(receiver, interface class, slot) reaches the dispatch pointer; slot = Il2CppMethodDefinition.slot
ES3Types.ES3Type_GameObject::GetChildren	CALL	v233 @ X0_v17	v351 @ X1_v9	0	System.IDisposable::Dispose	0x0600079F	RUNTIME_DISPATCH		EXACT	lookup(receiver, interface class, slot) reaches the dispatch pointer; slot = Il2CppMethodDefinition.slot
ES3Types.ES3Type_AudioClip::ReadUnityObject	CALL	v552 @ X0_v4 (System.Collections.IEnumerator)	v679 @ X1_v4	0	System.IDisposable::Dispose	0x0600079F	RUNTIME_DISPATCH		EXACT	lookup(receiver, interface class, slot) reaches the dispatch pointer; slot = Il2CppMethodDefinition.slot
Newtonsoft.Json.Converters.XmlNodeConverter::ReadJson	TAIL	v173 @ X0_v72 (Newtonsoft.Json.Converters.IXmlElement)	Type: Newtonsoft.Json.Converters.IXmlNode	8	Newtonsoft.Json.Converters.IXmlNode::get_WrappedNode	0x060008AA	RUNTIME_DISPATCH		EXACT	lookup(receiver, interface class, slot) reaches the dispatch pointer; slot = Il2CppMethodDefinition.slot
ES3Types.ES3Type_BoxCollider::ReadComponent	CALL	v690 @ X0_v4 (UnityEngine.BoxCollider)	v820 @ X1_v4	0	System.IDisposable::Dispose	0x0600079F	RUNTIME_DISPATCH		EXACT	lookup(receiver, interface class, slot) reaches the dispatch pointer; slot = Il2CppMethodDefinition.slot
ES3Types.ES3Type_Image::ReadComponent	CALL	v1167 @ X0_v4 (UnityEngine.UI.Image)	v1291 @ X1_v4	0	System.IDisposable::Dispose	0x0600079F	RUNTIME_DISPATCH		EXACT	lookup(receiver, interface class, slot) reaches the dispatch pointer; slot = Il2CppMethodDefinition.slot
ES3Types.ES3Type_MeshFilter::ReadComponent	CALL	v431 @ X0_v4 (UnityEngine.MeshFilter)	v539 @ X1_v4	0	System.IDisposable::Dispose	0x0600079F	RUNTIME_DISPATCH		EXACT	lookup(receiver, interface class, slot) reaches the dispatch pointer; slot = Il2CppMethodDefinition.slot
ES3Types.ES3Type_MeshFilter::ReadComponent	CALL	v310 @ X0_v16	v433 @ X1_v9	0	System.IDisposable::Dispose	0x0600079F	RUNTIME_DISPATCH		EXACT	lookup(receiver, interface class, slot) reaches the dispatch pointer; slot = Il2CppMethodDefinition.slot
ES3File::GetBytes	CALL	v1379 @ X20_v23 (ES3Writer)	v1383 @ X1_v29	0	System.IDisposable::Dispose	0x0600079F	RUNTIME_DISPATCH		EXACT	lookup(receiver, interface class, slot) reaches the dispatch pointer; slot = Il2CppMethodDefinition.slot
ES3File::GetBytes	CALL	v1108 @ X19_v16 (System.IO.MemoryStream)	v1110 @ X1_v26	0	System.IDisposable::Dispose	0x0600079F	RUNTIME_DISPATCH		EXACT	lookup(receiver, interface class, slot) reaches the dispatch pointer; slot = Il2CppMethodDefinition.slot
ES3File::GetBytes	CALL	0	v1272 @ X1_v12	0	System.IDisposable::Dispose	0x0600079F	RUNTIME_DISPATCH		EXACT	lookup(receiver, interface class, slot) reaches the dispatch pointer; slot = Il2CppMethodDefinition.slot
ES3File::GetBytes	CALL	v804 @ X19_v5 (System.IO.MemoryStream)	v935 @ X1_v14	0	System.IDisposable::Dispose	0x0600079F	RUNTIME_DISPATCH		EXACT	lookup(receiver, interface class, slot) reaches the dispatch pointer; slot = Il2CppMethodDefinition.slot
ES3Types.ES3Type_RawImage::ReadComponent	CALL	[v1700 @ X8_v130+140]	Type: Il2CppMethodInfo	0			RUNTIME_DISPATCH		UNRESOLVED	TWO_LOADS_OTHER:UNKNOWN_CLASS_SOURCE:CLASS_NOT_AN_INTERFACE_POINTER	RuntimeMethodInfoAnalysisContext
ES3Types.ES3Type_RawImage::ReadComponent	CALL	[v1700 @ X8_v130+140]	Type: Il2CppMethodInfo	0			RUNTIME_DISPATCH		UNRESOLVED	TWO_LOADS_OTHER:UNKNOWN_CLASS_SOURCE:CLASS_NOT_AN_INTERFACE_POINTER	RuntimeMethodInfoAnalysisContext
ES3Types.ES3Type_RawImage::ReadComponent	CALL	[v1700 @ X8_v130+140]	Type: Il2CppMethodInfo	0			RUNTIME_DISPATCH		UNRESOLVED	TWO_LOADS_OTHER:UNKNOWN_CLASS_SOURCE:CLASS_NOT_AN_INTERFACE_POINTER	RuntimeMethodInfoAnalysisContext
ES3Types.ES3Type_MeshRenderer::ReadComponent	CALL	v1082 @ X0_v4 (UnityEngine.MeshRenderer)	v1202 @ X1_v4	0	System.IDisposable::Dispose	0x0600079F	RUNTIME_DISPATCH		EXACT	lookup(receiver, interface class, slot) reaches the dispatch pointer; slot = Il2CppMethodDefinition.slot
ES3Types.ES3Type_ParticleSystem::ReadComponent	CALL	v945 @ X0_v4 (UnityEngine.ParticleSystem)	v1045 @ X1_v4	0	System.IDisposable::Dispose	0x0600079F	RUNTIME_DISPATCH		EXACT	lookup(receiver, interface class, slot) reaches the dispatch pointer; slot = Il2CppMethodDefinition.slot
ES3Types.ES3Type_GameObject::ReadObject	CALL	v752 @ X0_v4 (System.Collections.IEnumerator)	v905 @ X1_v4	0	System.IDisposable::Dispose	0x0600079F	RUNTIME_DISPATCH		EXACT	lookup(receiver, interface class, slot) reaches the dispatch pointer; slot = Il2CppMethodDefinition.slot
Newtonsoft.Json.Converters.XmlNodeConverter::DeserializeValue	TAIL	currentNode @ X5 (Newtonsoft.Json.Converters.IXmlNode)	v626 @ X1_v6 (Il2CppClass<Newtonsoft.Json.Converters.IXmlNode>)	6	Newtonsoft.Json.Converters.IXmlNode::AppendChild	0x060008A8	RUNTIME_DISPATCH		EXACT	lookup(receiver, interface class, slot) reaches the dispatch pointer; slot = Il2CppMethodDefinition.slot
ES3Types.ES3Type_Image::ReadComponent	CALL	[v2265 @ X8_v70+140]	Type: Il2CppMethodInfo	0			RUNTIME_DISPATCH		UNRESOLVED	TWO_LOADS_OTHER:UNKNOWN_CLASS_SOURCE:CLASS_NOT_AN_INTERFACE_POINTER	RuntimeMethodInfoAnalysisContext
ES3Types.ES3Type_Image::ReadComponent	CALL	[v2265 @ X8_v70+140]	Type: Il2CppMethodInfo	0			RUNTIME_DISPATCH		UNRESOLVED	TWO_LOADS_OTHER:UNKNOWN_CLASS_SOURCE:CLASS_NOT_AN_INTERFACE_POINTER	RuntimeMethodInfoAnalysisContext
ES3Types.ES3Type_Image::ReadComponent	CALL	[v2265 @ X8_v70+140]	Type: Il2CppMethodInfo	0			RUNTIME_DISPATCH		UNRESOLVED	TWO_LOADS_OTHER:UNKNOWN_CLASS_SOURCE:CLASS_NOT_AN_INTERFACE_POINTER	RuntimeMethodInfoAnalysisContext
ES3Types.ES3Type_PhysicMaterial::ReadObject	CALL	v606 @ X0_v4 (UnityEngine.PhysicMaterial)	v736 @ X1_v4	0	System.IDisposable::Dispose	0x0600079F	RUNTIME_DISPATCH		EXACT	lookup(receiver, interface class, slot) reaches the dispatch pointer; slot = Il2CppMethodDefinition.slot
ES3Types.ES3Type_Shader::ReadInto	CALL	v462 @ X0_v4 (System.Collections.IEnumerator)	v574 @ X1_v4	0	System.IDisposable::Dispose	0x0600079F	RUNTIME_DISPATCH		EXACT	lookup(receiver, interface class, slot) reaches the dispatch pointer; slot = Il2CppMethodDefinition.slot
ES3Types.ES3Type::ReadProperties	CALL	v3187 @ X0_v414 (System.Type)	v3290 @ X1_v177	0	System.IDisposable::Dispose	0x0600079F	RUNTIME_DISPATCH		EXACT	lookup(receiver, interface class, slot) reaches the dispatch pointer; slot = Il2CppMethodDefinition.slot
ES3Types.ES3Type_PhysicsMaterial2D::ReadObject	CALL	v453 @ X0_v4 (System.String)	v561 @ X1_v4	0	System.IDisposable::Dispose	0x0600079F	RUNTIME_DISPATCH		EXACT	lookup(receiver, interface class, slot) reaches the dispatch pointer; slot = Il2CppMethodDefinition.slot
ES3Types.ES3Type_PhysicsMaterial2D::ReadObject	CALL	v320 @ X0_v16	v455 @ X1_v9	0	System.IDisposable::Dispose	0x0600079F	RUNTIME_DISPATCH		EXACT	lookup(receiver, interface class, slot) reaches the dispatch pointer; slot = Il2CppMethodDefinition.slot
ES3Types.ES3Type_RectTransform::ReadComponent	CALL	v1430 @ X0_v4 (System.Collections.IEnumerator)	v1538 @ X1_v4	0	System.IDisposable::Dispose	0x0600079F	RUNTIME_DISPATCH		EXACT	lookup(receiver, interface class, slot) reaches the dispatch pointer; slot = Il2CppMethodDefinition.slot
ES3Types.ES3Type::ReadProperties	CALL	v3693 @ X0_v355 (System.IDisposable)	v3832 @ X1_v154	0	System.IDisposable::Dispose	0x0600079F	RUNTIME_DISPATCH		EXACT	lookup(receiver, interface class, slot) reaches the dispatch pointer; slot = Il2CppMethodDefinition.slot
ES3Types.ES3Type::ReadProperties	CALL	v4005 @ X0_v308 (System.IDisposable)	v4111 @ X1_v136	0	System.IDisposable::Dispose	0x0600079F	RUNTIME_DISPATCH		EXACT	lookup(receiver, interface class, slot) reaches the dispatch pointer; slot = Il2CppMethodDefinition.slot
ES3Types.ES3Type::ReadProperties	CALL	v4248 @ X0_v261	v4304 @ X1_v118	0	System.IDisposable::Dispose	0x0600079F	RUNTIME_DISPATCH		EXACT	lookup(receiver, interface class, slot) reaches the dispatch pointer; slot = Il2CppMethodDefinition.slot
ES3Types.ES3Type::ReadProperties	CALL	v1150 @ X0_v23 (System.Collections.DictionaryEntry)	v1421 @ X1_v9	0	System.IDisposable::Dispose	0x0600079F	RUNTIME_DISPATCH		EXACT	lookup(receiver, interface class, slot) reaches the dispatch pointer; slot = Il2CppMethodDefinition.slot
Newtonsoft.Json.Converters.XmlNodeConverter::CreateElement	CALL	document @ X2 (Newtonsoft.Json.Converters.IXmlDocument)	v715 @ X1_v11	1	Newtonsoft.Json.Converters.IXmlDocument::CreateTextNode	0x0600088C	RUNTIME_DISPATCH		EXACT	lookup(receiver, interface class, slot) reaches the dispatch pointer; slot = Il2CppMethodDefinition.slot
Newtonsoft.Json.Converters.XmlNodeConverter::CreateElement	CALL	v284 @ X20_v2 (Newtonsoft.Json.Converters.IXmlElement)	v898 @ X1_v13	6	Newtonsoft.Json.Converters.IXmlNode::AppendChild	0x060008A8	RUNTIME_DISPATCH		EXACT	lookup(receiver, interface class, slot) reaches the dispatch pointer; slot = Il2CppMethodDefinition.slot
<>f__AnonymousType0`2::Equals	CALL	Type: Il2CppMethodInfo	value @ X1 (System.Object)	methodInfo @ X2 (Il2CppMethodInfo)			RUNTIME_DISPATCH		UNRESOLVED	TWO_LOADS_OTHER:UNKNOWN_CLASS_SOURCE:CLASS_NOT_AN_INTERFACE_POINTER	param:value
ES3Types.ES3Type::ReadProperties	CALL	v2081 @ X0_v131 (System.IDisposable)	v2331 @ X1_v59	0	System.IDisposable::Dispose	0x0600079F	RUNTIME_DISPATCH		EXACT	lookup(receiver, interface class, slot) reaches the dispatch pointer; slot = Il2CppMethodDefinition.slot
ES3Types.ES3Type::ReadProperties	CALL	v954 @ X0_v46 (System.IDisposable)	v1003 @ X1_v19	0	System.IDisposable::Dispose	0x0600079F	RUNTIME_DISPATCH		EXACT	lookup(receiver, interface class, slot) reaches the dispatch pointer; slot = Il2CppMethodDefinition.slot
ES3Types.ES3Type::ReadProperties	CALL	v2124 @ X0_v110 (System.IDisposable)	Type: System.IDisposable	0	System.IDisposable::Dispose	0x0600079F	RUNTIME_DISPATCH		EXACT	lookup(receiver, interface class, slot) reaches the dispatch pointer; slot = Il2CppMethodDefinition.slot
<>f__AnonymousType0`2::GetHashCode	CALL	Type: Il2CppMethodInfo	methodInfo @ X1 (Il2CppMethodInfo)	v15 @ X2			RUNTIME_DISPATCH		UNRESOLVED	TWO_LOADS_OTHER:UNKNOWN_CLASS_SOURCE:CLASS_NOT_AN_INTERFACE_POINTER	methodInfo
ES3Internal.ES3JSONReader::ReadElement	CALL	v764 @ X19_v5 (System.IO.StreamWriter)	v766 @ X1_v4	0	System.IDisposable::Dispose	0x0600079F	RUNTIME_DISPATCH		EXACT	lookup(receiver, interface class, slot) reaches the dispatch pointer; slot = Il2CppMethodDefinition.slot
ES3Types.ES3Type_Rigidbody::ReadComponent	CALL	v1251 @ X0_v4 (UnityEngine.Rigidbody)	v1380 @ X1_v4	0	System.IDisposable::Dispose	0x0600079F	RUNTIME_DISPATCH		EXACT	lookup(receiver, interface class, slot) reaches the dispatch pointer; slot = Il2CppMethodDefinition.slot
ES3Internal.ES3JSONReader::ReadElement	CALL	v634 @ X19_v6 (System.IO.StreamWriter)	v940 @ X1_v8	0	System.IDisposable::Dispose	0x0600079F	RUNTIME_DISPATCH		EXACT	lookup(receiver, interface class, slot) reaches the dispatch pointer; slot = Il2CppMethodDefinition.slot
ES3Types.ES3Type_Light::ReadComponent	CALL	v1391 @ X0_v4 (System.String)	v1544 @ X1_v4	0	System.IDisposable::Dispose	0x0600079F	RUNTIME_DISPATCH		EXACT	lookup(receiver, interface class, slot) reaches the dispatch pointer; slot = Il2CppMethodDefinition.slot
Sirenix.Serialization.StackFormatter`2::SerializeImplementation	CALL	v570 @ X20_v4 (Sirenix.Serialization.Utilities.Cache`1<System.Collections.Generic.List`1<TValue>>)	v1030 @ X1_v6	0	System.IDisposable::Dispose	0x0600079F	RUNTIME_DISPATCH		EXACT	lookup(receiver, interface class, slot) reaches the dispatch pointer; slot = Il2CppMethodDefinition.slot
Sirenix.Serialization.StackFormatter`2::SerializeImplementation	CALL	v770 @ X20_v7 (Sirenix.Serialization.Utilities.Cache`1<System.Collections.Generic.List`1<TValue>>)	v842 @ X1_v16	0	System.IDisposable::Dispose	0x0600079F	RUNTIME_DISPATCH		EXACT	lookup(receiver, interface class, slot) reaches the dispatch pointer; slot = Il2CppMethodDefinition.slot
ES3Types.ES3Type_PolygonCollider2D::ReadComponent	CALL	v808 @ X0_v4 (UnityEngine.PolygonCollider2D)	v960 @ X1_v4	0	System.IDisposable::Dispose	0x0600079F	RUNTIME_DISPATCH		EXACT	lookup(receiver, interface class, slot) reaches the dispatch pointer; slot = Il2CppMethodDefinition.slot
Sirenix.Serialization.BaseDataReaderWriter::set_Binder	CALL	v113 @ X20_v3	v245 @ X21_v6	v69 @ X2_v1 (Il2CppMethodInfo)			RUNTIME_DISPATCH		UNRESOLVED	METHOD_POINTER:UNKNOWN_CLASS_SOURCE:CLASS_NOT_AN_INTERFACE_POINTER	{TypeAnalysisContext | TypeAnalysisContext}
Sirenix.Serialization.QueueFormatter`2::DeserializeImplementation	CALL	reader @ X2 (Sirenix.Serialization.IDataReader)	v417 @ X1_v33	37	Sirenix.Serialization.IDataReader::SkipEntry	0x0600015E	RUNTIME_DISPATCH		EXACT	lookup(receiver, interface class, slot) reaches the dispatch pointer; slot = Il2CppMethodDefinition.slot
Sirenix.Serialization.QueueFormatter`2::DeserializeImplementation	CALL	reader @ X2 (Sirenix.Serialization.IDataReader)	v1764 @ X1_v7	14	Sirenix.Serialization.IDataReader::ExitArray	0x06000147	RUNTIME_DISPATCH		EXACT	lookup(receiver, interface class, slot) reaches the dispatch pointer; slot = Il2CppMethodDefinition.slot
ES3Types.ES3Type_Camera::ReadComponent	CALL	v1660 @ X0_v4 (System.String)	v1820 @ X1_v4	0	System.IDisposable::Dispose	0x0600079F	RUNTIME_DISPATCH		EXACT	lookup(receiver, interface class, slot) reaches the dispatch pointer; slot = Il2CppMethodDefinition.slot
ES3Types.ES3Type_SphereCollider::ReadComponent	CALL	v691 @ X0_v4 (UnityEngine.SphereCollider)	v822 @ X1_v4	0	System.IDisposable::Dispose	0x0600079F	RUNTIME_DISPATCH		EXACT	lookup(receiver, interface class, slot) reaches the dispatch pointer; slot = Il2CppMethodDefinition.slot
Sirenix.Serialization.BinaryDataWriter::WriteStringFast	CALL	v365 @ X21_v2 (Sirenix.Serialization.Buffer`1<System.Byte>)	Type: System.IDisposable	0	System.IDisposable::Dispose	0x0600079F	RUNTIME_DISPATCH		EXACT	lookup(receiver, interface class, slot) reaches the dispatch pointer; slot = Il2CppMethodDefinition.slot
Newtonsoft.Json.Converters.XmlNodeConverter::CreateInstruction	TAIL	currentNode @ X3 (Newtonsoft.Json.Converters.IXmlNode)	v648 @ X1_v16 (Il2CppClass<Newtonsoft.Json.Converters.IXmlNode>)	6	Newtonsoft.Json.Converters.IXmlNode::AppendChild	0x060008A8	RUNTIME_DISPATCH		EXACT	lookup(receiver, interface class, slot) reaches the dispatch pointer; slot = Il2CppMethodDefinition.slot
ES3Types.ES3Type_RenderTexture::ReadObject	CALL	v1458 @ X0_v4 (UnityEngine.RenderTexture)	v1600 @ X1_v4	0	System.IDisposable::Dispose	0x0600079F	RUNTIME_DISPATCH		EXACT	lookup(receiver, interface class, slot) reaches the dispatch pointer; slot = Il2CppMethodDefinition.slot
Sirenix.Serialization.StackFormatter`2::DeserializeImplementation	CALL	reader @ X2 (Sirenix.Serialization.IDataReader)	v417 @ X1_v33	37	Sirenix.Serialization.IDataReader::SkipEntry	0x0600015E	RUNTIME_DISPATCH		EXACT	lookup(receiver, interface class, slot) reaches the dispatch pointer; slot = Il2CppMethodDefinition.slot
Sirenix.Serialization.StackFormatter`2::DeserializeImplementation	CALL	reader @ X2 (Sirenix.Serialization.IDataReader)	v1764 @ X1_v7	14	Sirenix.Serialization.IDataReader::ExitArray	0x06000147	RUNTIME_DISPATCH		EXACT	lookup(receiver, interface class, slot) reaches the dispatch pointer; slot = Il2CppMethodDefinition.slot
Sirenix.Serialization.ListFormatter`1::DeserializeImplementation	CALL	reader @ X2 (Sirenix.Serialization.IDataReader)	v419 @ X1_v33	37	Sirenix.Serialization.IDataReader::SkipEntry	0x0600015E	RUNTIME_DISPATCH		EXACT	lookup(receiver, interface class, slot) reaches the dispatch pointer; slot = Il2CppMethodDefinition.slot
Sirenix.Serialization.ListFormatter`1::DeserializeImplementation	CALL	reader @ X2 (Sirenix.Serialization.IDataReader)	v1734 @ X1_v7	14	Sirenix.Serialization.IDataReader::ExitArray	0x06000147	RUNTIME_DISPATCH		EXACT	lookup(receiver, interface class, slot) reaches the dispatch pointer; slot = Il2CppMethodDefinition.slot
Sirenix.Serialization.SerializableFormatter`1::ReadSerializationInfo	CALL	reader @ X1 (Sirenix.Serialization.IDataReader)	v626 @ X1_v2	14	Sirenix.Serialization.IDataReader::ExitArray	0x06000147	RUNTIME_DISPATCH		EXACT	lookup(receiver, interface class, slot) reaches the dispatch pointer; slot = Il2CppMethodDefinition.slot
Sirenix.Serialization.SerializableFormatter`1::ReadSerializationInfo	CALL	reader @ X1 (Sirenix.Serialization.IDataReader)	v507 @ X1_v5	14	Sirenix.Serialization.IDataReader::ExitArray	0x06000147	RUNTIME_DISPATCH		EXACT	lookup(receiver, interface class, slot) reaches the dispatch pointer; slot = Il2CppMethodDefinition.slot
Sirenix.Serialization.DictionaryFormatter`2::DeserializeImplementation	CALL	reader @ X2 (Sirenix.Serialization.IDataReader)	v1334 @ X1_v28	37	Sirenix.Serialization.IDataReader::SkipEntry	0x0600015E	RUNTIME_DISPATCH		EXACT	lookup(receiver, interface class, slot) reaches the dispatch pointer; slot = Il2CppMethodDefinition.slot
Sirenix.Serialization.DictionaryFormatter`2::DeserializeImplementation	CALL	reader @ X2 (Sirenix.Serialization.IDataReader)	v478 @ X1_v2	12	Sirenix.Serialization.IDataReader::ExitNode	0x06000145	RUNTIME_DISPATCH		EXACT	lookup(receiver, interface class, slot) reaches the dispatch pointer; slot = Il2CppMethodDefinition.slot
Sirenix.Serialization.DictionaryFormatter`2::DeserializeImplementation	CALL	reader @ X2 (Sirenix.Serialization.IDataReader)	v869 @ X1_v6	14	Sirenix.Serialization.IDataReader::ExitArray	0x06000147	RUNTIME_DISPATCH		EXACT	lookup(receiver, interface class, slot) reaches the dispatch pointer; slot = Il2CppMethodDefinition.slot
Sirenix.Serialization.MethodInfoFormatter`1::DeserializeImplementation	CALL	v1133 @ X0_v463 (Sirenix.Serialization.IFormatter`1<T>)	v2129 @ X1_v168 (Il2CppClass<Sirenix.Serialization.IFormatter`1<T>>)	1	Sirenix.Serialization.IFormatter`1::Deserialize	0x060002A2	RUNTIME_DISPATCH	T	EXACT	lookup(receiver, interface class, slot) reaches the dispatch pointer; slot = Il2CppMethodDefinition.slot
Sirenix.Serialization.MethodInfoFormatter`1::DeserializeImplementation	CALL	reader @ X2 (Sirenix.Serialization.IDataReader)	Type: Sirenix.Serialization.IDataReader	8	Sirenix.Serialization.IDataReader::get_Context	0x06000141	RUNTIME_DISPATCH		EXACT	lookup(receiver, interface class, slot) reaches the dispatch pointer; slot = Il2CppMethodDefinition.slot
ES3Types.ES3Type_Text::ReadComponent	CALL	v1241 @ X0_v4 (UnityEngine.UI.Text)	v1363 @ X1_v4	0	System.IDisposable::Dispose	0x0600079F	RUNTIME_DISPATCH		EXACT	lookup(receiver, interface class, slot) reaches the dispatch pointer; slot = Il2CppMethodDefinition.slot
Sirenix.Serialization.DerivedDictionaryFormatter`3::DeserializeImplementation	CALL	reader @ X2 (Sirenix.Serialization.IDataReader)	v791 @ X1_v28	37	Sirenix.Serialization.IDataReader::SkipEntry	0x0600015E	RUNTIME_DISPATCH		EXACT	lookup(receiver, interface class, slot) reaches the dispatch pointer; slot = Il2CppMethodDefinition.slot
Sirenix.Serialization.DerivedDictionaryFormatter`3::DeserializeImplementation	CALL	reader @ X2 (Sirenix.Serialization.IDataReader)	v476 @ X1_v2	12	Sirenix.Serialization.IDataReader::ExitNode	0x06000145	RUNTIME_DISPATCH		EXACT	lookup(receiver, interface class, slot) reaches the dispatch pointer; slot = Il2CppMethodDefinition.slot
Sirenix.Serialization.DerivedDictionaryFormatter`3::DeserializeImplementation	CALL	reader @ X2 (Sirenix.Serialization.IDataReader)	v877 @ X1_v6	14	Sirenix.Serialization.IDataReader::ExitArray	0x06000147	RUNTIME_DISPATCH		EXACT	lookup(receiver, interface class, slot) reaches the dispatch pointer; slot = Il2CppMethodDefinition.slot
Sirenix.Serialization.MultiDimensionalArrayFormatter`2::DeserializeImplementation	CALL	v803 @ X19_v10 (Sirenix.Serialization.IDataReader)	v790 @ X1_v14 (Il2CppClass<Sirenix.Serialization.IDataReader>)	37	Sirenix.Serialization.IDataReader::SkipEntry	0x0600015E	RUNTIME_DISPATCH		EXACT	lookup(receiver, interface class, slot) reaches the dispatch pointer; slot = Il2CppMethodDefinition.slot
Sirenix.Serialization.DictionaryFormatter`2::SerializeImplementation	CALL	writer @ X2 (Sirenix.Serialization.IDataWriter)	Type: Sirenix.Serialization.IDataWriter	11	Sirenix.Serialization.IDataWriter::EndNode	0x0600016B	RUNTIME_DISPATCH		EXACT	lookup(receiver, interface class, slot) reaches the dispatch pointer; slot = Il2CppMethodDefinition.slot
Sirenix.Serialization.Utilities.TypeExtensions+<>c__35`1::<GetEqualityComparerDelegate>b__35_0	CALL	Type: Il2CppClass<System.IEquatable`1<T>>	Type: Il2CppClass<System.IEquatable`1<T>>	[v35 @ X8_v3 (Il2CppClass<T>)+FC]			RUNTIME_DISPATCH		UNRESOLVED	METHOD_POINTER:METADATA_USAGE:SLOT_NAMES_NO_METHOD	
Sirenix.Serialization.DerivedDictionaryFormatter`3::SerializeImplementation	CALL	writer @ X2 (Sirenix.Serialization.IDataWriter)	Type: Sirenix.Serialization.IDataWriter	11	Sirenix.Serialization.IDataWriter::EndNode	0x0600016B	RUNTIME_DISPATCH		EXACT	lookup(receiver, interface class, slot) reaches the dispatch pointer; slot = Il2CppMethodDefinition.slot
Sirenix.Serialization.MultiDimensionalArrayFormatter`2::SerializeImplementation	CALL	v185 @ X19_v4 (Sirenix.Serialization.IDataWriter)	v668 @ X1_v3	13	Sirenix.Serialization.IDataWriter::EndArrayNode	0x0600016D	RUNTIME_DISPATCH		EXACT	lookup(receiver, interface class, slot) reaches the dispatch pointer; slot = Il2CppMethodDefinition.slot
Sirenix.Serialization.MultiDimensionalArrayFormatter`2::SerializeImplementation	CALL	v589 @ X19_v7 (Sirenix.Serialization.IDataWriter)	v600 @ X1_v6	13	Sirenix.Serialization.IDataWriter::EndArrayNode	0x0600016D	RUNTIME_DISPATCH		EXACT	lookup(receiver, interface class, slot) reaches the dispatch pointer; slot = Il2CppMethodDefinition.slot
Sirenix.Serialization.Utilities.TypeExtensions+<>c__35`1::<GetEqualityComparerDelegate>b__35_1	CALL	Type: Il2CppClass<System.IEquatable`1<T>>	Type: Il2CppClass<System.IEquatable`1<T>>	[v42 @ X8_v3 (Il2CppClass<T>)+FC]			RUNTIME_DISPATCH		UNRESOLVED	METHOD_POINTER:METADATA_USAGE:SLOT_NAMES_NO_METHOD	
Sirenix.Serialization.Utilities.LinqExtensions+<Append>d__2`1::MoveNext	CALL	v191 @ X24_v14	v503 @ X1_v53 (Il2CppClass<System.Collections.Generic.IEnumerable`1<T>>)	0	System.Collections.Generic.IEnumerable`1::GetEnumerator	0x06002EC8	RUNTIME_DISPATCH	T	EXACT	lookup(receiver, interface class, slot) reaches the dispatch pointer; slot = Il2CppMethodDefinition.slot
Sirenix.Serialization.Utilities.LinqExtensions+<Append>d__2`1::MoveNext	CALL	v411 @ X23_v14	v969 @ X1_v36 (Il2CppClass<System.Collections.Generic.IEnumerable`1<T>>)	0	System.Collections.Generic.IEnumerable`1::GetEnumerator	0x06002EC8	RUNTIME_DISPATCH	T	EXACT	lookup(receiver, interface class, slot) reaches the dispatch pointer; slot = Il2CppMethodDefinition.slot
Sirenix.Serialization.DoubleLookupDictionaryFormatter`3::SerializeImplementation	CALL	writer @ X2 (Sirenix.Serialization.IDataWriter)	Type: Sirenix.Serialization.IDataWriter	11	Sirenix.Serialization.IDataWriter::EndNode	0x0600016B	RUNTIME_DISPATCH		EXACT	lookup(receiver, interface class, slot) reaches the dispatch pointer; slot = Il2CppMethodDefinition.slot
Sirenix.Serialization.Utilities.LinqExtensions::ForEach	CALL	source @ X0 (System.Collections.Generic.IEnumerable`1<T>)	v152 @ X1_v14 (Il2CppClass<Il2CppMethodRgctx<Sirenix.Serialization.Utilities.LinqExtensions::ForEach>>)	0	System.Collections.Generic.IEnumerable`1::GetEnumerator	0x06002EC8	RUNTIME_DISPATCH	T	EXACT	lookup(receiver, interface class, slot) reaches the dispatch pointer; slot = Il2CppMethodDefinition.slot
Sirenix.Serialization.Utilities.ImmutableList`1::CopyTo	TAIL	v8 @ X21_v1 (System.Collections.Generic.IList`1<T>)	v39 @ X1_v2 (Il2CppClass<System.Collections.Generic.ICollection`1<T>>)	5	System.Collections.Generic.ICollection`1::CopyTo	0x06002EBE	RUNTIME_DISPATCH	T	EXACT	lookup(receiver, interface class, slot) reaches the dispatch pointer; slot = Il2CppMethodDefinition.slot
Sirenix.Serialization.Utilities.ImmutableList`1::GetEnumerator	TAIL	v4 @ X19_v1 (System.Collections.Generic.IList`1<T>)	v33 @ X1_v2 (Il2CppClass<System.Collections.Generic.IEnumerable`1<T>>)	0	System.Collections.Generic.IEnumerable`1::GetEnumerator	0x06002EC8	RUNTIME_DISPATCH	T	EXACT	lookup(receiver, interface class, slot) reaches the dispatch pointer; slot = Il2CppMethodDefinition.slot
Sirenix.Serialization.Utilities.ImmutableList`1::System.Collections.ICollection.CopyTo	TAIL	v14 @ X20_v1 (System.Collections.Generic.IList`1<T>)	v46 @ X21_v2 (Il2CppClass<System.Collections.Generic.ICollection`1<T>>)	5	System.Collections.Generic.ICollection`1::CopyTo	0x06002EBE	RUNTIME_DISPATCH	T	EXACT	lookup(receiver, interface class, slot) reaches the dispatch pointer; slot = Il2CppMethodDefinition.slot
Sirenix.Serialization.Utilities.ImmutableList`1::get_Count	TAIL	v4 @ X19_v1 (System.Collections.Generic.IList`1<T>)	v33 @ X1_v2 (Il2CppClass<System.Collections.Generic.ICollection`1<T>>)	0	System.Collections.Generic.ICollection`1::get_Count	0x06002EB9	RUNTIME_DISPATCH	T	EXACT	lookup(receiver, interface class, slot) reaches the dispatch pointer; slot = Il2CppMethodDefinition.slot
Sirenix.Serialization.Utilities.ImmutableList`1::System.Collections.IList.Contains	CALL	v35 @ X19_v1 (System.Collections.Generic.IList`1<T>)	Type: Il2CppClass<System.Collections.Generic.ICollection`1<T>>	4	System.Collections.Generic.ICollection`1::Contains	0x06002EBD	RUNTIME_DISPATCH		UNRESOLVED	INVOKER_THROUGH_METHOD:METADATA_USAGE:DISPATCH_PATH_NOT_RECOVERED	
Sirenix.Serialization.DoubleLookupDictionaryFormatter`3::DeserializeImplementation	CALL	reader @ X2 (Sirenix.Serialization.IDataReader)	v1133 @ X1_v8	14	Sirenix.Serialization.IDataReader::ExitArray	0x06000147	RUNTIME_DISPATCH		EXACT	lookup(receiver, interface class, slot) reaches the dispatch pointer; slot = Il2CppMethodDefinition.slot
Sirenix.Serialization.DoubleLookupDictionaryFormatter`3::DeserializeImplementation	CALL	reader @ X2 (Sirenix.Serialization.IDataReader)	v406 @ X1_v28	37	Sirenix.Serialization.IDataReader::SkipEntry	0x0600015E	RUNTIME_DISPATCH		EXACT	lookup(receiver, interface class, slot) reaches the dispatch pointer; slot = Il2CppMethodDefinition.slot
Sirenix.Serialization.DoubleLookupDictionaryFormatter`3::DeserializeImplementation	CALL	reader @ X2 (Sirenix.Serialization.IDataReader)	v476 @ X1_v23	12	Sirenix.Serialization.IDataReader::ExitNode	0x06000145	RUNTIME_DISPATCH		EXACT	lookup(receiver, interface class, slot) reaches the dispatch pointer; slot = Il2CppMethodDefinition.slot
Sirenix.Serialization.DoubleLookupDictionaryFormatter`3::DeserializeImplementation	CALL	reader @ X2 (Sirenix.Serialization.IDataReader)	v894 @ X1_v4	14	Sirenix.Serialization.IDataReader::ExitArray	0x06000147	RUNTIME_DISPATCH		EXACT	lookup(receiver, interface class, slot) reaches the dispatch pointer; slot = Il2CppMethodDefinition.slot
Sirenix.Serialization.Utilities.TypeExtensions::GetCastMethod	CALL	v164 @ X0_v14	v1413 @ X1_v7	0	System.Collections.Generic.IEnumerable`1::GetEnumerator	0x06002EC8	RUNTIME_DISPATCH	System.Reflection.MethodInfo	EXACT	lookup(receiver, interface class, slot) reaches the dispatch pointer; slot = Il2CppMethodDefinition.slot
Sirenix.Serialization.Utilities.ImmutableList`1::System.Collections.IList.IndexOf	CALL	v35 @ X19_v1 (System.Collections.Generic.IList`1<T>)	Type: Il2CppClass<System.Collections.Generic.IList`1<T>>	2	System.Collections.Generic.IList`1::IndexOf	0x06002ECE	RUNTIME_DISPATCH		UNRESOLVED	INVOKER_THROUGH_METHOD:METADATA_USAGE:DISPATCH_PATH_NOT_RECOVERED	
Sirenix.Serialization.Utilities.ImmutableList`1::Contains	CALL	v34 @ X19_v1 (System.Collections.Generic.IList`1<T>)	Type: Il2CppClass<System.Collections.Generic.ICollection`1<T>>	4	System.Collections.Generic.ICollection`1::Contains	0x06002EBD	RUNTIME_DISPATCH		UNRESOLVED	INVOKER_THROUGH_METHOD:METADATA_USAGE:DISPATCH_PATH_NOT_RECOVERED	
CinemachineMixer::ProcessFrame	CALL	v210 @ X22_v5 (Cinemachine.ICameraOverrideStack)	v514 @ X1_v9	0	Cinemachine.ICameraOverrideStack::SetCameraOverride	0x06000040	RUNTIME_DISPATCH		EXACT	lookup(receiver, interface class, slot) reaches the dispatch pointer; slot = Il2CppMethodDefinition.slot
Sirenix.Serialization.Utilities.LinqExtensions::ForEach	CALL	source @ X0 (System.Collections.Generic.IEnumerable`1<T>)	v168 @ X1_v14 (Il2CppClass<Il2CppMethodRgctx<Sirenix.Serialization.Utilities.LinqExtensions::ForEach>>)	0	System.Collections.Generic.IEnumerable`1::GetEnumerator	0x06002EC8	RUNTIME_DISPATCH	T	EXACT	lookup(receiver, interface class, slot) reaches the dispatch pointer; slot = Il2CppMethodDefinition.slot
Sirenix.Serialization.Utilities.ImmutableList`1::IndexOf	CALL	v34 @ X19_v1 (System.Collections.Generic.IList`1<T>)	Type: Il2CppClass<System.Collections.Generic.IList`1<T>>	2	System.Collections.Generic.IList`1::IndexOf	0x06002ECE	RUNTIME_DISPATCH		UNRESOLVED	INVOKER_THROUGH_METHOD:METADATA_USAGE:DISPATCH_PATH_NOT_RECOVERED	
ES3Types.ES3Type_SkinnedMeshRenderer::ReadComponent	CALL	v1345 @ X0_v4 (UnityEngine.SkinnedMeshRenderer)	v1481 @ X1_v4	0	System.IDisposable::Dispose	0x0600079F	RUNTIME_DISPATCH		EXACT	lookup(receiver, interface class, slot) reaches the dispatch pointer; slot = Il2CppMethodDefinition.slot
Sirenix.Serialization.PrefabModification::ApplyListLength	CALL	v729 @ X0_v109 (System.Collections.IList)	Type: System.Collections.IList	2	System.Collections.IList::Add	0x06002BD1	RUNTIME_DISPATCH		EXACT	lookup(receiver, interface class, slot) reaches the dispatch pointer; slot = Il2CppMethodDefinition.slot
Sirenix.Serialization.GenericCollectionFormatter`2::DeserializeImplementation	CALL	v591 @ X25_v31 (TCollection)	v1637 @ X1_v84 (Il2CppClass<System.Collections.Generic.ICollection`1<TElement>>)	2	System.Collections.Generic.ICollection`1::Add	0x06002EBB	RUNTIME_DISPATCH	TElement	EXACT	lookup(receiver, interface class, slot) reaches the dispatch pointer; slot = Il2CppMethodDefinition.slot
Sirenix.Serialization.GenericCollectionFormatter`2::DeserializeImplementation	CALL	reader @ X2 (Sirenix.Serialization.IDataReader)	v676 @ X1_v6	14	Sirenix.Serialization.IDataReader::ExitArray	0x06000147	RUNTIME_DISPATCH		EXACT	lookup(receiver, interface class, slot) reaches the dispatch pointer; slot = Il2CppMethodDefinition.slot
Sirenix.Serialization.GenericCollectionFormatter`2::DeserializeImplementation	CALL	reader @ X2 (Sirenix.Serialization.IDataReader)	v346 @ X1_v45	37	Sirenix.Serialization.IDataReader::SkipEntry	0x0600015E	RUNTIME_DISPATCH		EXACT	lookup(receiver, interface class, slot) reaches the dispatch pointer; slot = Il2CppMethodDefinition.slot
Sirenix.Serialization.GenericCollectionFormatter`2::DeserializeImplementation	CALL	reader @ X2 (Sirenix.Serialization.IDataReader)	v423 @ X1_v2	14	Sirenix.Serialization.IDataReader::ExitArray	0x06000147	RUNTIME_DISPATCH		EXACT	lookup(receiver, interface class, slot) reaches the dispatch pointer; slot = Il2CppMethodDefinition.slot
ES3Types.ES3Type_Sprite::ReadUnityObject	CALL	v294 @ X0_v4 (System.Collections.IEnumerator)	v422 @ X1_v4	0	System.IDisposable::Dispose	0x0600079F	RUNTIME_DISPATCH		EXACT	lookup(receiver, interface class, slot) reaches the dispatch pointer; slot = Il2CppMethodDefinition.slot
ES3Types.ES3Type_Sprite::ReadUnityObject	CALL	v239 @ X0_v16	v296 @ X1_v9	0	System.IDisposable::Dispose	0x0600079F	RUNTIME_DISPATCH		EXACT	lookup(receiver, interface class, slot) reaches the dispatch pointer; slot = Il2CppMethodDefinition.slot
Sirenix.Serialization.GenericCollectionFormatter`2::SerializeImplementation	CALL	v128 @ X22_v15 (TCollection)	v125 @ X1_v22 (Il2CppClass<System.Collections.Generic.ICollection`1<TElement>>)	0	System.Collections.Generic.ICollection`1::get_Count	0x06002EB9	RUNTIME_DISPATCH	TElement	EXACT	lookup(receiver, interface class, slot) reaches the dispatch pointer; slot = Il2CppMethodDefinition.slot
Sirenix.Serialization.GenericCollectionFormatter`2::SerializeImplementation	CALL	v425 @ X22_v18 (TCollection)	v564 @ X1_v27 (Il2CppClass<System.Collections.Generic.IEnumerable`1<TElement>>)	0	System.Collections.Generic.IEnumerable`1::GetEnumerator	0x06002EC8	RUNTIME_DISPATCH	TElement	EXACT	lookup(receiver, interface class, slot) reaches the dispatch pointer; slot = Il2CppMethodDefinition.slot
Sirenix.Serialization.GenericCollectionFormatter`2::SerializeImplementation	CALL	v417 @ X0_v73 (System.Collections.IEnumerator)	v1149 @ X1_v33 (Il2CppClass<System.Collections.Generic.IEnumerator`1<TElement>>)	0	System.Collections.Generic.IEnumerator`1::get_Current	0x06002EC9	RUNTIME_DISPATCH	TElement	EXACT	lookup(receiver, interface class, slot) reaches the dispatch pointer; slot = Il2CppMethodDefinition.slot
Sirenix.Serialization.GenericCollectionFormatter`2::SerializeImplementation	CALL	v499 @ X21_v4 (System.Collections.IEnumerator)	v804 @ X1_v6	0	System.IDisposable::Dispose	0x0600079F	RUNTIME_DISPATCH		EXACT	lookup(receiver, interface class, slot) reaches the dispatch pointer; slot = Il2CppMethodDefinition.slot
Sirenix.Serialization.GenericCollectionFormatter`2::SerializeImplementation	CALL	v498 @ X21_v6 (System.Collections.IEnumerator)	v614 @ X1_v13	0	System.IDisposable::Dispose	0x0600079F	RUNTIME_DISPATCH		EXACT	lookup(receiver, interface class, slot) reaches the dispatch pointer; slot = Il2CppMethodDefinition.slot
ES3Types.ES3Type_Sprite::ReadUnityObject	CALL	v676 @ X0_v7 (System.Collections.IEnumerator)	v829 @ X1_v6	0	System.IDisposable::Dispose	0x0600079F	RUNTIME_DISPATCH		EXACT	lookup(receiver, interface class, slot) reaches the dispatch pointer; slot = Il2CppMethodDefinition.slot
Sirenix.Serialization.HashSetFormatter`1::DeserializeImplementation	CALL	reader @ X2 (Sirenix.Serialization.IDataReader)	v419 @ X1_v33	37	Sirenix.Serialization.IDataReader::SkipEntry	0x0600015E	RUNTIME_DISPATCH		EXACT	lookup(receiver, interface class, slot) reaches the dispatch pointer; slot = Il2CppMethodDefinition.slot
Sirenix.Serialization.HashSetFormatter`1::DeserializeImplementation	CALL	reader @ X2 (Sirenix.Serialization.IDataReader)	v1729 @ X1_v7	14	Sirenix.Serialization.IDataReader::ExitArray	0x06000147	RUNTIME_DISPATCH		EXACT	lookup(receiver, interface class, slot) reaches the dispatch pointer; slot = Il2CppMethodDefinition.slot
Sirenix.Serialization.ArrayListFormatter::DeserializeImplementation	CALL	reader @ X2 (Sirenix.Serialization.IDataReader)	v394 @ X1_v32	37	Sirenix.Serialization.IDataReader::SkipEntry	0x0600015E	RUNTIME_DISPATCH		EXACT	lookup(receiver, interface class, slot) reaches the dispatch pointer; slot = Il2CppMethodDefinition.slot
ES3Types.ES3Type_SpriteRenderer::ReadComponent	CALL	v1448 @ X0_v4 (System.String)	v1607 @ X1_v4	0	System.IDisposable::Dispose	0x0600079F	RUNTIME_DISPATCH		EXACT	lookup(receiver, interface class, slot) reaches the dispatch pointer; slot = Il2CppMethodDefinition.slot
Cinemachine.CinemachineImpulseDefinition::CreateStandardShapes	CALL	v1638 @ X0_v11 (System.Collections.IEnumerator)	v1727 @ X1_v51	0	System.IDisposable::Dispose	0x0600079F	RUNTIME_DISPATCH		EXACT	lookup(receiver, interface class, slot) reaches the dispatch pointer; slot = Il2CppMethodDefinition.slot
Cinemachine.CinemachineImpulseDefinition::CreateStandardShapes	CALL	v1587 @ X0_v86	v1664 @ X1_v56	0	System.IDisposable::Dispose	0x0600079F	RUNTIME_DISPATCH		EXACT	lookup(receiver, interface class, slot) reaches the dispatch pointer; slot = Il2CppMethodDefinition.slot
Sirenix.Serialization.ComplexTypeSerializer`1::ReadValue	CALL	v2985 @ X0_v396 (Sirenix.Serialization.IFormatter`1<T>)	Type: Il2CppClass<Sirenix.Serialization.IFormatter`1<T>>	1	Sirenix.Serialization.IFormatter`1::Deserialize	0x060002A2	RUNTIME_DISPATCH		UNRESOLVED	INVOKER_THROUGH_METHOD:METADATA_USAGE:DISPATCH_PATH_NOT_RECOVERED	
Sirenix.Serialization.ComplexTypeSerializer`1::ReadValue	CALL	v4286 @ X0_v446 (Sirenix.Serialization.IFormatter`1<T>)	Type: Il2CppClass<Sirenix.Serialization.IFormatter`1<T>>	1	Sirenix.Serialization.IFormatter`1::Deserialize	0x060002A2	RUNTIME_DISPATCH		UNRESOLVED	INVOKER_THROUGH_METHOD:METADATA_USAGE:DISPATCH_PATH_NOT_RECOVERED	
Sirenix.Serialization.ComplexTypeSerializer`1::ReadValue	CALL	v6359 @ X0_v570 (Sirenix.Serialization.IFormatter`1<T>)	Type: Il2CppClass<Sirenix.Serialization.IFormatter`1<T>>	1	Sirenix.Serialization.IFormatter`1::Deserialize	0x060002A2	RUNTIME_DISPATCH		UNRESOLVED	INVOKER_THROUGH_METHOD:METADATA_USAGE:DISPATCH_PATH_NOT_RECOVERED	
Sirenix.Serialization.ComplexTypeSerializer`1::WriteValue	CALL	v2237 @ X0_v277 (Sirenix.Serialization.IFormatter`1<T>)	Type: Il2CppClass<Sirenix.Serialization.IFormatter`1<T>>	0	Sirenix.Serialization.IFormatter`1::Serialize	0x060002A1	RUNTIME_DISPATCH		UNRESOLVED	INVOKER_THROUGH_METHOD:METADATA_USAGE:DISPATCH_PATH_NOT_RECOVERED	
Sirenix.Serialization.ComplexTypeSerializer`1::WriteValue	CALL	writer @ X3 (Sirenix.Serialization.IDataWriter)	v2709 @ X1_v24 (Il2CppClass<Sirenix.Serialization.IDataWriter>)	v2689 @ X2_v25 (System.Int32)			RUNTIME_DISPATCH		UNRESOLVED	METHOD_POINTER:TYPED_CLASS_LOCAL:SLOT_NAMES_NO_METHOD	
Sirenix.Utilities.LinqExtensions+<PrependWith>d__7`1::MoveNext	CALL	v291 @ X23_v12	v497 @ X1_v33 (Il2CppClass<System.Collections.Generic.IEnumerable`1<T>>)	0	System.Collections.Generic.IEnumerable`1::GetEnumerator	0x06002EC8	RUNTIME_DISPATCH	T	EXACT	lookup(receiver, interface class, slot) reaches the dispatch pointer; slot = Il2CppMethodDefinition.slot
Sirenix.Utilities.LinqExtensions+<PrependWith>d__7`1::MoveNext	CALL	v269 @ X23_v11	Type: Il2CppClass<System.Collections.Generic.IEnumerator`1<T>>	0	System.Collections.Generic.IEnumerator`1::get_Current	0x06002EC9	RUNTIME_DISPATCH		UNRESOLVED	INVOKER_THROUGH_METHOD:METADATA_USAGE:DISPATCH_PATH_NOT_RECOVERED	
Sirenix.Utilities.LinqExtensions+<PrependWith>d__8`1::MoveNext	CALL	v291 @ X23_v11	v463 @ X1_v32 (Il2CppClass<System.Collections.Generic.IEnumerable`1<T>>)	0	System.Collections.Generic.IEnumerable`1::GetEnumerator	0x06002EC8	RUNTIME_DISPATCH	T	EXACT	lookup(receiver, interface class, slot) reaches the dispatch pointer; slot = Il2CppMethodDefinition.slot
Sirenix.Utilities.LinqExtensions+<PrependWith>d__8`1::MoveNext	CALL	v269 @ X23_v10	Type: Il2CppClass<System.Collections.Generic.IEnumerator`1<T>>	0	System.Collections.Generic.IEnumerator`1::get_Current	0x06002EC9	RUNTIME_DISPATCH		UNRESOLVED	INVOKER_THROUGH_METHOD:METADATA_USAGE:DISPATCH_PATH_NOT_RECOVERED	
Sirenix.Utilities.LinqExtensions+<PrependWith>d__9`1::MoveNext	CALL	v191 @ X24_v14	v503 @ X1_v53 (Il2CppClass<System.Collections.Generic.IEnumerable`1<T>>)	0	System.Collections.Generic.IEnumerable`1::GetEnumerator	0x06002EC8	RUNTIME_DISPATCH	T	EXACT	lookup(receiver, interface class, slot) reaches the dispatch pointer; slot = Il2CppMethodDefinition.slot
Sirenix.Utilities.LinqExtensions+<PrependWith>d__9`1::MoveNext	CALL	v411 @ X23_v14	v969 @ X1_v36 (Il2CppClass<System.Collections.Generic.IEnumerable`1<T>>)	0	System.Collections.Generic.IEnumerable`1::GetEnumerator	0x06002EC8	RUNTIME_DISPATCH	T	EXACT	lookup(receiver, interface class, slot) reaches the dispatch pointer; slot = Il2CppMethodDefinition.slot
Sirenix.Utilities.LinqExtensions+<Examine>d__0`1::MoveNext	CALL	v258 @ X24_v12	v432 @ X1_v31 (Il2CppClass<System.Collections.Generic.IEnumerable`1<T>>)	0	System.Collections.Generic.IEnumerable`1::GetEnumerator	0x06002EC8	RUNTIME_DISPATCH	T	EXACT	lookup(receiver, interface class, slot) reaches the dispatch pointer; slot = Il2CppMethodDefinition.slot
Sirenix.Utilities.LinqExtensions+<PrependIf>d__10`1::MoveNext	CALL	v348 @ X23_v12	v517 @ X1_v28 (Il2CppClass<System.Collections.Generic.IEnumerable`1<T>>)	0	System.Collections.Generic.IEnumerable`1::GetEnumerator	0x06002EC8	RUNTIME_DISPATCH	T	EXACT	lookup(receiver, interface class, slot) reaches the dispatch pointer; slot = Il2CppMethodDefinition.slot
Sirenix.Utilities.LinqExtensions+<PrependIf>d__10`1::MoveNext	CALL	v262 @ X23_v11	Type: Il2CppClass<System.Collections.Generic.IEnumerator`1<T>>	0	System.Collections.Generic.IEnumerator`1::get_Current	0x06002EC9	RUNTIME_DISPATCH		UNRESOLVED	INVOKER_THROUGH_METHOD:METADATA_USAGE:DISPATCH_PATH_NOT_RECOVERED	
Sirenix.Utilities.LinqExtensions+<PrependIf>d__11`1::MoveNext	CALL	v345 @ X23_v11	v489 @ X1_v27 (Il2CppClass<System.Collections.Generic.IEnumerable`1<T>>)	0	System.Collections.Generic.IEnumerable`1::GetEnumerator	0x06002EC8	RUNTIME_DISPATCH	T	EXACT	lookup(receiver, interface class, slot) reaches the dispatch pointer; slot = Il2CppMethodDefinition.slot
Sirenix.Utilities.LinqExtensions+<AppendWith>d__21`1::MoveNext	CALL	v191 @ X24_v14	v503 @ X1_v53 (Il2CppClass<System.Collections.Generic.IEnumerable`1<T>>)	0	System.Collections.Generic.IEnumerable`1::GetEnumerator	0x06002EC8	RUNTIME_DISPATCH	T	EXACT	lookup(receiver, interface class, slot) reaches the dispatch pointer; slot = Il2CppMethodDefinition.slot
Sirenix.Utilities.LinqExtensions+<AppendWith>d__21`1::MoveNext	CALL	v411 @ X23_v14	v969 @ X1_v36 (Il2CppClass<System.Collections.Generic.IEnumerable`1<T>>)	0	System.Collections.Generic.IEnumerable`1::GetEnumerator	0x06002EC8	RUNTIME_DISPATCH	T	EXACT	lookup(receiver, interface class, slot) reaches the dispatch pointer; slot = Il2CppMethodDefinition.slot
Sirenix.Utilities.LinqExtensions+<PrependIf>d__11`1::MoveNext	CALL	v259 @ X23_v10	Type: Il2CppClass<System.Collections.Generic.IEnumerator`1<T>>	0	System.Collections.Generic.IEnumerator`1::get_Current	0x06002EC9	RUNTIME_DISPATCH		UNRESOLVED	INVOKER_THROUGH_METHOD:METADATA_USAGE:DISPATCH_PATH_NOT_RECOVERED	
Sirenix.Utilities.LinqExtensions::ForEach	CALL	source @ X0 (System.Collections.Generic.IEnumerable`1<T>)	v152 @ X1_v14 (Il2CppClass<Il2CppMethodRgctx<Sirenix.Utilities.LinqExtensions::ForEach>>)	0	System.Collections.Generic.IEnumerable`1::GetEnumerator	0x06002EC8	RUNTIME_DISPATCH	T	EXACT	lookup(receiver, interface class, slot) reaches the dispatch pointer; slot = Il2CppMethodDefinition.slot
Sirenix.Utilities.LinqExtensions::ForEach	CALL	source @ X0 (System.Collections.Generic.IEnumerable`1<T>)	v168 @ X1_v14 (Il2CppClass<Il2CppMethodRgctx<Sirenix.Utilities.LinqExtensions::ForEach>>)	0	System.Collections.Generic.IEnumerable`1::GetEnumerator	0x06002EC8	RUNTIME_DISPATCH	T	EXACT	lookup(receiver, interface class, slot) reaches the dispatch pointer; slot = Il2CppMethodDefinition.slot
Sirenix.Utilities.TypeExtensions+<>c__35`1::<GetEqualityComparerDelegate>b__35_0	CALL	Type: Il2CppClass<System.IEquatable`1<T>>	Type: Il2CppClass<System.IEquatable`1<T>>	[v35 @ X8_v3 (Il2CppClass<T>)+FC]			RUNTIME_DISPATCH		UNRESOLVED	METHOD_POINTER:METADATA_USAGE:SLOT_NAMES_NO_METHOD	
Cinemachine.CinemachineBlend::get_State	CALL	v961 @ X20_v8 (Cinemachine.ICinemachineCamera)	v957 @ X1_v8 (Il2CppClass<Cinemachine.ICinemachineCamera>)	8	Cinemachine.ICinemachineCamera::get_State	0x06000393	RUNTIME_DISPATCH		EXACT	lookup(receiver, interface class, slot) reaches the dispatch pointer; slot = Il2CppMethodDefinition.slot
Cinemachine.CinemachineVirtualCamera::OnDestroy	CALL	v419 @ X0_v6 (UnityEngine.Transform)	v544 @ X1_v6	0	System.IDisposable::Dispose	0x0600079F	RUNTIME_DISPATCH		EXACT	lookup(receiver, interface class, slot) reaches the dispatch pointer; slot = Il2CppMethodDefinition.slot
Cinemachine.CinemachineVirtualCamera::OnDestroy	CALL	v361 @ X0_v19	v421 @ X1_v11	0	System.IDisposable::Dispose	0x0600079F	RUNTIME_DISPATCH		EXACT	lookup(receiver, interface class, slot) reaches the dispatch pointer; slot = Il2CppMethodDefinition.slot
Sirenix.Utilities.LinqExtensions+<AppendIf>d__22`1::MoveNext	CALL	v180 @ X23_v12	v404 @ X1_v33 (Il2CppClass<System.Collections.Generic.IEnumerable`1<T>>)	0	System.Collections.Generic.IEnumerable`1::GetEnumerator	0x06002EC8	RUNTIME_DISPATCH	T	EXACT	lookup(receiver, interface class, slot) reaches the dispatch pointer; slot = Il2CppMethodDefinition.slot
Sirenix.Utilities.ImmutableList`1::Contains	CALL	v34 @ X19_v1 (System.Collections.Generic.IList`1<T>)	Type: Il2CppClass<System.Collections.Generic.ICollection`1<T>>	4	System.Collections.Generic.ICollection`1::Contains	0x06002EBD	RUNTIME_DISPATCH		UNRESOLVED	INVOKER_THROUGH_METHOD:METADATA_USAGE:DISPATCH_PATH_NOT_RECOVERED	
Sirenix.Utilities.TypeExtensions+<>c__35`1::<GetEqualityComparerDelegate>b__35_1	CALL	Type: Il2CppClass<System.IEquatable`1<T>>	Type: Il2CppClass<System.IEquatable`1<T>>	[v42 @ X8_v3 (Il2CppClass<T>)+FC]			RUNTIME_DISPATCH		UNRESOLVED	METHOD_POINTER:METADATA_USAGE:SLOT_NAMES_NO_METHOD	
Sirenix.Utilities.ImmutableList`1::CopyTo	TAIL	v8 @ X21_v1 (System.Collections.Generic.IList`1<T>)	v39 @ X1_v2 (Il2CppClass<System.Collections.Generic.ICollection`1<T>>)	5	System.Collections.Generic.ICollection`1::CopyTo	0x06002EBE	RUNTIME_DISPATCH	T	EXACT	lookup(receiver, interface class, slot) reaches the dispatch pointer; slot = Il2CppMethodDefinition.slot
Sirenix.Utilities.ImmutableList`1::GetEnumerator	TAIL	v4 @ X19_v1 (System.Collections.Generic.IList`1<T>)	v33 @ X1_v2 (Il2CppClass<System.Collections.Generic.IEnumerable`1<T>>)	0	System.Collections.Generic.IEnumerable`1::GetEnumerator	0x06002EC8	RUNTIME_DISPATCH	T	EXACT	lookup(receiver, interface class, slot) reaches the dispatch pointer; slot = Il2CppMethodDefinition.slot
Sirenix.Utilities.LinqExtensions+<AppendIf>d__22`1::MoveNext	CALL	v253 @ X23_v11	Type: Il2CppClass<System.Collections.Generic.IEnumerator`1<T>>	0	System.Collections.Generic.IEnumerator`1::get_Current	0x06002EC9	RUNTIME_DISPATCH		UNRESOLVED	INVOKER_THROUGH_METHOD:METADATA_USAGE:DISPATCH_PATH_NOT_RECOVERED	
Sirenix.Utilities.ImmutableList`1::System.Collections.ICollection.CopyTo	TAIL	v14 @ X20_v1 (System.Collections.Generic.IList`1<T>)	v46 @ X21_v2 (Il2CppClass<System.Collections.Generic.ICollection`1<T>>)	5	System.Collections.Generic.ICollection`1::CopyTo	0x06002EBE	RUNTIME_DISPATCH	T	EXACT	lookup(receiver, interface class, slot) reaches the dispatch pointer; slot = Il2CppMethodDefinition.slot
Sirenix.Utilities.ImmutableList`1::System.Collections.IList.Contains	CALL	v35 @ X19_v1 (System.Collections.Generic.IList`1<T>)	Type: Il2CppClass<System.Collections.Generic.ICollection`1<T>>	4	System.Collections.Generic.ICollection`1::Contains	0x06002EBD	RUNTIME_DISPATCH		UNRESOLVED	INVOKER_THROUGH_METHOD:METADATA_USAGE:DISPATCH_PATH_NOT_RECOVERED	
Sirenix.Utilities.ImmutableList`1::System.Collections.IList.IndexOf	CALL	v35 @ X19_v1 (System.Collections.Generic.IList`1<T>)	Type: Il2CppClass<System.Collections.Generic.IList`1<T>>	2	System.Collections.Generic.IList`1::IndexOf	0x06002ECE	RUNTIME_DISPATCH		UNRESOLVED	INVOKER_THROUGH_METHOD:METADATA_USAGE:DISPATCH_PATH_NOT_RECOVERED	
Sirenix.Utilities.ImmutableList`1::IndexOf	CALL	v34 @ X19_v1 (System.Collections.Generic.IList`1<T>)	Type: Il2CppClass<System.Collections.Generic.IList`1<T>>	2	System.Collections.Generic.IList`1::IndexOf	0x06002ECE	RUNTIME_DISPATCH		UNRESOLVED	INVOKER_THROUGH_METHOD:METADATA_USAGE:DISPATCH_PATH_NOT_RECOVERED	
Sirenix.Utilities.ListExtensions::SetLength	CALL	v208 @ X25_v8 (System.Collections.Generic.IList`1<T>)	v379 @ X1_v37 (Il2CppClass<System.Collections.Generic.ICollection`1<T>>)	0	System.Collections.Generic.ICollection`1::get_Count	0x06002EB9	RUNTIME_DISPATCH	T	EXACT	lookup(receiver, interface class, slot) reaches the dispatch pointer; slot = Il2CppMethodDefinition.slot
Sirenix.Utilities.ListExtensions::SetLength	CALL	v302 @ X25_v9 (System.Collections.Generic.IList`1<T>)	v387 @ X1_v27 (Il2CppClass<System.Collections.Generic.ICollection`1<T>>)	0	System.Collections.Generic.ICollection`1::get_Count	0x06002EB9	RUNTIME_DISPATCH	T	EXACT	lookup(receiver, interface class, slot) reaches the dispatch pointer; slot = Il2CppMethodDefinition.slot
Sirenix.Utilities.ListExtensions::SetLength	CALL	v123 @ X22_v7 (System.Collections.Generic.IList`1<T>)	v315 @ X1_v16 (Il2CppClass<System.Collections.Generic.ICollection`1<T>>)	0	System.Collections.Generic.ICollection`1::get_Count	0x06002EB9	RUNTIME_DISPATCH	T	EXACT	lookup(receiver, interface class, slot) reaches the dispatch pointer; slot = Il2CppMethodDefinition.slot
Sirenix.Utilities.ListExtensions::SetLength	CALL	v123 @ X22_v7 (System.Collections.Generic.IList`1<T>)	v677 @ X1_v19 (Il2CppClass<System.Collections.Generic.IList`1<T>>)	4	System.Collections.Generic.IList`1::RemoveAt	0x06002ED0	RUNTIME_DISPATCH	T	EXACT	lookup(receiver, interface class, slot) reaches the dispatch pointer; slot = Il2CppMethodDefinition.slot
Sirenix.Utilities.ListExtensions::SetLength	CALL	v211 @ X25_v2 (System.Collections.Generic.IList`1<T>)	v807 @ X1_v10 (Il2CppClass<System.Collections.Generic.ICollection`1<T>>)	0	System.Collections.Generic.ICollection`1::get_Count	0x06002EB9	RUNTIME_DISPATCH	T	EXACT	lookup(receiver, interface class, slot) reaches the dispatch pointer; slot = Il2CppMethodDefinition.slot
Sirenix.Utilities.ListExtensions::SetLength	CALL	v211 @ X25_v2 (System.Collections.Generic.IList`1<T>)	Type: Il2CppClass<System.Collections.Generic.ICollection`1<T>>	2	System.Collections.Generic.ICollection`1::Add	0x06002EBB	RUNTIME_DISPATCH		UNRESOLVED	INVOKER_THROUGH_METHOD:METADATA_USAGE:DISPATCH_PATH_NOT_RECOVERED	
Sirenix.Utilities.ListExtensions::SetLength	CALL	v211 @ X24_v8 (System.Collections.Generic.IList`1<T>)	v385 @ X1_v35 (Il2CppClass<System.Collections.Generic.ICollection`1<T>>)	0	System.Collections.Generic.ICollection`1::get_Count	0x06002EB9	RUNTIME_DISPATCH	T	EXACT	lookup(receiver, interface class, slot) reaches the dispatch pointer; slot = Il2CppMethodDefinition.slot
Sirenix.Utilities.ImmutableList`1::get_Count	TAIL	v4 @ X19_v1 (System.Collections.Generic.IList`1<T>)	v33 @ X1_v2 (Il2CppClass<System.Collections.Generic.ICollection`1<T>>)	0	System.Collections.Generic.ICollection`1::get_Count	0x06002EB9	RUNTIME_DISPATCH	T	EXACT	lookup(receiver, interface class, slot) reaches the dispatch pointer; slot = Il2CppMethodDefinition.slot
Sirenix.Utilities.ListExtensions::SetLength	CALL	v364 @ X24_v9 (System.Collections.Generic.IList`1<T>)	v393 @ X1_v26 (Il2CppClass<System.Collections.Generic.ICollection`1<T>>)	0	System.Collections.Generic.ICollection`1::get_Count	0x06002EB9	RUNTIME_DISPATCH	T	EXACT	lookup(receiver, interface class, slot) reaches the dispatch pointer; slot = Il2CppMethodDefinition.slot
Sirenix.Utilities.ListExtensions::SetLength	CALL	v233 @ X22_v7 (System.Collections.Generic.IList`1<T>)	v377 @ X1_v15 (Il2CppClass<System.Collections.Generic.ICollection`1<T>>)	0	System.Collections.Generic.ICollection`1::get_Count	0x06002EB9	RUNTIME_DISPATCH	T	EXACT	lookup(receiver, interface class, slot) reaches the dispatch pointer; slot = Il2CppMethodDefinition.slot
Sirenix.Utilities.ListExtensions::SetLength	CALL	v233 @ X22_v7 (System.Collections.Generic.IList`1<T>)	v682 @ X1_v18 (Il2CppClass<System.Collections.Generic.IList`1<T>>)	4	System.Collections.Generic.IList`1::RemoveAt	0x06002ED0	RUNTIME_DISPATCH	T	EXACT	lookup(receiver, interface class, slot) reaches the dispatch pointer; slot = Il2CppMethodDefinition.slot
Sirenix.Utilities.ListExtensions::SetLength	CALL	v214 @ X24_v2 (System.Collections.Generic.IList`1<T>)	v828 @ X1_v9 (Il2CppClass<System.Collections.Generic.ICollection`1<T>>)	0	System.Collections.Generic.ICollection`1::get_Count	0x06002EB9	RUNTIME_DISPATCH	T	EXACT	lookup(receiver, interface class, slot) reaches the dispatch pointer; slot = Il2CppMethodDefinition.slot
Sirenix.Utilities.ListExtensions::SetLength	CALL	v214 @ X24_v2 (System.Collections.Generic.IList`1<T>)	Type: Il2CppClass<System.Collections.Generic.ICollection`1<T>>	2	System.Collections.Generic.ICollection`1::Add	0x06002EBB	RUNTIME_DISPATCH		UNRESOLVED	INVOKER_THROUGH_METHOD:METADATA_USAGE:DISPATCH_PATH_NOT_RECOVERED	
LayerMaskExtension::IncludesAll	CALL	v446 @ X19_v6 (System.Collections.Generic.IEnumerator`1<System.Int32>)	v452 @ X1_v8	0	System.IDisposable::Dispose	0x0600079F	RUNTIME_DISPATCH		EXACT	lookup(receiver, interface class, slot) reaches the dispatch pointer; slot = Il2CppMethodDefinition.slot
LayerMaskExtension::IncludesAll	CALL	v206 @ X19_v4 (System.Collections.Generic.IEnumerator`1<System.Int32>)	v340 @ X1_v4	0	System.IDisposable::Dispose	0x0600079F	RUNTIME_DISPATCH		EXACT	lookup(receiver, interface class, slot) reaches the dispatch pointer; slot = Il2CppMethodDefinition.slot
Sirenix.Utilities.ListExtensions::SetLength	CALL	list @ X0 (System.Collections.Generic.IList`1<T>)	v237 @ X1_v13 (Il2CppClass<System.Collections.Generic.ICollection`1<T>>)	0	System.Collections.Generic.ICollection`1::get_Count	0x06002EB9	RUNTIME_DISPATCH	T	EXACT	lookup(receiver, interface class, slot) reaches the dispatch pointer; slot = Il2CppMethodDefinition.slot
Sirenix.Utilities.ListExtensions::SetLength	CALL	list @ X0 (System.Collections.Generic.IList`1<T>)	v592 @ X1_v20 (Il2CppClass<System.Collections.Generic.ICollection`1<T>>)	0	System.Collections.Generic.ICollection`1::get_Count	0x06002EB9	RUNTIME_DISPATCH	T	EXACT	lookup(receiver, interface class, slot) reaches the dispatch pointer; slot = Il2CppMethodDefinition.slot
Sirenix.Utilities.ListExtensions::SetLength	CALL	list @ X0 (System.Collections.Generic.IList`1<T>)	v692 @ X1_v23 (Il2CppClass<System.Collections.Generic.IList`1<T>>)	4	System.Collections.Generic.IList`1::RemoveAt	0x06002ED0	RUNTIME_DISPATCH	T	EXACT	lookup(receiver, interface class, slot) reaches the dispatch pointer; slot = Il2CppMethodDefinition.slot
Sirenix.Utilities.ListExtensions::SetLength	CALL	list @ X0 (System.Collections.Generic.IList`1<T>)	v426 @ X1_v17 (Il2CppClass<System.Collections.Generic.ICollection`1<T>>)	0	System.Collections.Generic.ICollection`1::get_Count	0x06002EB9	RUNTIME_DISPATCH	T	EXACT	lookup(receiver, interface class, slot) reaches the dispatch pointer; slot = Il2CppMethodDefinition.slot
Cinemachine.CinemachineVirtualCamera::DestroyPipeline	CALL	v546 @ X0_v8 (System.Collections.IEnumerator)	v704 @ X1_v20	0	System.IDisposable::Dispose	0x0600079F	RUNTIME_DISPATCH		EXACT	lookup(receiver, interface class, slot) reaches the dispatch pointer; slot = Il2CppMethodDefinition.slot
Cinemachine.CinemachineVirtualCamera::DestroyPipeline	CALL	v482 @ X0_v52	v548 @ X1_v30	0	System.IDisposable::Dispose	0x0600079F	RUNTIME_DISPATCH		EXACT	lookup(receiver, interface class, slot) reaches the dispatch pointer; slot = Il2CppMethodDefinition.slot
Sirenix.Utilities.TypeExtensions::GetCastMethod	CALL	v164 @ X0_v14	v1413 @ X1_v7	0	System.Collections.Generic.IEnumerable`1::GetEnumerator	0x06002EC8	RUNTIME_DISPATCH	System.Reflection.MethodInfo	EXACT	lookup(receiver, interface class, slot) reaches the dispatch pointer; slot = Il2CppMethodDefinition.slot
Sirenix.Utilities.ListExtensions::SetLength	CALL	list @ X0 (System.Collections.Generic.IList`1<T>)	Type: Il2CppClass<System.Collections.Generic.ICollection`1<T>>	2	System.Collections.Generic.ICollection`1::Add	0x06002EBB	RUNTIME_DISPATCH		UNRESOLVED	INVOKER_THROUGH_METHOD:METADATA_USAGE:DISPATCH_PATH_NOT_RECOVERED	
LayerMaskExtension::IncludesAny	CALL	v492 @ X19_v7 (System.Collections.Generic.IEnumerator`1<System.Int32>)	v496 @ X1_v9	0	System.IDisposable::Dispose	0x0600079F	RUNTIME_DISPATCH		EXACT	lookup(receiver, interface class, slot) reaches the dispatch pointer; slot = Il2CppMethodDefinition.slot
LayerMaskExtension::IncludesAny	CALL	v206 @ X19_v5 (System.Collections.Generic.IEnumerator`1<System.Int32>)	v337 @ X1_v5	0	System.IDisposable::Dispose	0x0600079F	RUNTIME_DISPATCH		EXACT	lookup(receiver, interface class, slot) reaches the dispatch pointer; slot = Il2CppMethodDefinition.slot
Sirenix.Utilities.LinqExtensions+<PrependIf>d__12`1::MoveNext	CALL	v343 @ X24_v15	v670 @ X1_v55 (Il2CppClass<System.Collections.Generic.IEnumerable`1<T>>)	0	System.Collections.Generic.IEnumerable`1::GetEnumerator	0x06002EC8	RUNTIME_DISPATCH	T	EXACT	lookup(receiver, interface class, slot) reaches the dispatch pointer; slot = Il2CppMethodDefinition.slot
Sirenix.Utilities.LinqExtensions+<PrependIf>d__12`1::MoveNext	CALL	v418 @ X23_v14	v677 @ X1_v31 (Il2CppClass<System.Collections.Generic.IEnumerable`1<T>>)	0	System.Collections.Generic.IEnumerable`1::GetEnumerator	0x06002EC8	RUNTIME_DISPATCH	T	EXACT	lookup(receiver, interface class, slot) reaches the dispatch pointer; slot = Il2CppMethodDefinition.slot
Sirenix.Utilities.ListExtensions::SetLength	CALL	list @ X0 (System.Collections.Generic.IList`1<T>)	v240 @ X1_v12 (Il2CppClass<System.Collections.Generic.ICollection`1<T>>)	0	System.Collections.Generic.ICollection`1::get_Count	0x06002EB9	RUNTIME_DISPATCH	T	EXACT	lookup(receiver, interface class, slot) reaches the dispatch pointer; slot = Il2CppMethodDefinition.slot
Sirenix.Utilities.ListExtensions::SetLength	CALL	list @ X0 (System.Collections.Generic.IList`1<T>)	v604 @ X1_v19 (Il2CppClass<System.Collections.Generic.ICollection`1<T>>)	0	System.Collections.Generic.ICollection`1::get_Count	0x06002EB9	RUNTIME_DISPATCH	T	EXACT	lookup(receiver, interface class, slot) reaches the dispatch pointer; slot = Il2CppMethodDefinition.slot
Sirenix.Utilities.ListExtensions::SetLength	CALL	list @ X0 (System.Collections.Generic.IList`1<T>)	v694 @ X1_v22 (Il2CppClass<System.Collections.Generic.IList`1<T>>)	4	System.Collections.Generic.IList`1::RemoveAt	0x06002ED0	RUNTIME_DISPATCH	T	EXACT	lookup(receiver, interface class, slot) reaches the dispatch pointer; slot = Il2CppMethodDefinition.slot
Sirenix.Utilities.ListExtensions::SetLength	CALL	list @ X0 (System.Collections.Generic.IList`1<T>)	v447 @ X1_v16 (Il2CppClass<System.Collections.Generic.ICollection`1<T>>)	0	System.Collections.Generic.ICollection`1::get_Count	0x06002EB9	RUNTIME_DISPATCH	T	EXACT	lookup(receiver, interface class, slot) reaches the dispatch pointer; slot = Il2CppMethodDefinition.slot
Sirenix.Utilities.ListExtensions::SetLength	CALL	list @ X0 (System.Collections.Generic.IList`1<T>)	Type: Il2CppClass<System.Collections.Generic.ICollection`1<T>>	2	System.Collections.Generic.ICollection`1::Add	0x06002EBB	RUNTIME_DISPATCH		UNRESOLVED	INVOKER_THROUGH_METHOD:METADATA_USAGE:DISPATCH_PATH_NOT_RECOVERED	
Sirenix.Utilities.LinqExtensions+<AppendIf>d__23`1::MoveNext	CALL	v180 @ X23_v11	v401 @ X1_v32 (Il2CppClass<System.Collections.Generic.IEnumerable`1<T>>)	0	System.Collections.Generic.IEnumerable`1::GetEnumerator	0x06002EC8	RUNTIME_DISPATCH	T	EXACT	lookup(receiver, interface class, slot) reaches the dispatch pointer; slot = Il2CppMethodDefinition.slot
Sirenix.Utilities.LinqExtensions::AddRange	CALL	range @ X1 (System.Collections.Generic.IEnumerable`1<T>)	v151 @ X1_v14 (Il2CppClass<Il2CppMethodRgctx<Sirenix.Utilities.LinqExtensions::AddRange>>)	0	System.Collections.Generic.IEnumerable`1::GetEnumerator	0x06002EC8	RUNTIME_DISPATCH	T	EXACT	lookup(receiver, interface class, slot) reaches the dispatch pointer; slot = Il2CppMethodDefinition.slot
Sirenix.Utilities.LinqExtensions+<AppendIf>d__23`1::MoveNext	CALL	v250 @ X23_v10	Type: Il2CppClass<System.Collections.Generic.IEnumerator`1<T>>	0	System.Collections.Generic.IEnumerator`1::get_Current	0x06002EC9	RUNTIME_DISPATCH		UNRESOLVED	INVOKER_THROUGH_METHOD:METADATA_USAGE:DISPATCH_PATH_NOT_RECOVERED	
Sirenix.Utilities.LinqExtensions::IsNullOrEmpty	CALL	list @ X0 (System.Collections.Generic.IList`1<T>)	v45 @ X1_v3 (Il2CppClass<System.Collections.Generic.ICollection`1<T>>)	0	System.Collections.Generic.ICollection`1::get_Count	0x06002EB9	RUNTIME_DISPATCH	T	EXACT	lookup(receiver, interface class, slot) reaches the dispatch pointer; slot = Il2CppMethodDefinition.slot
Sirenix.Utilities.LinqExtensions::Populate	CALL	list @ X0 (System.Collections.Generic.IList`1<T>)	v75 @ X1_v3 (Il2CppClass<System.Collections.Generic.ICollection`1<T>>)	0	System.Collections.Generic.ICollection`1::get_Count	0x06002EB9	RUNTIME_DISPATCH	T	EXACT	lookup(receiver, interface class, slot) reaches the dispatch pointer; slot = Il2CppMethodDefinition.slot
Sirenix.Utilities.LinqExtensions::Populate	CALL	list @ X0 (System.Collections.Generic.IList`1<T>)	Type: Il2CppClass<System.Collections.Generic.IList`1<T>>	1	System.Collections.Generic.IList`1::set_Item	0x06002ECD	RUNTIME_DISPATCH		UNRESOLVED	INVOKER_THROUGH_METHOD:METADATA_USAGE:DISPATCH_PATH_NOT_RECOVERED	
Cinemachine.CinemachineVirtualCamera::UpdateComponentPipeline	CALL	v638 @ X0_v66	v714 @ X1_v27	0	System.IDisposable::Dispose	0x0600079F	RUNTIME_DISPATCH		EXACT	lookup(receiver, interface class, slot) reaches the dispatch pointer; slot = Il2CppMethodDefinition.slot
Sirenix.Utilities.LinqExtensions::AddRange	CALL	v250 @ X0_v46 (System.Collections.IEnumerator)	Type: Il2CppClass<System.Collections.Generic.IEnumerator`1<T>>	0	System.Collections.Generic.IEnumerator`1::get_Current	0x06002EC9	RUNTIME_DISPATCH		UNRESOLVED	INVOKER_THROUGH_METHOD:METADATA_USAGE:DISPATCH_PATH_NOT_RECOVERED	
Sirenix.Utilities.LinqExtensions::AddRange	CALL	list @ X0 (System.Collections.Generic.IList`1<T>)	Type: Il2CppClass<System.Collections.Generic.ICollection`1<T>>	2	System.Collections.Generic.ICollection`1::Add	0x06002EBB	RUNTIME_DISPATCH		UNRESOLVED	INVOKER_THROUGH_METHOD:METADATA_USAGE:DISPATCH_PATH_NOT_RECOVERED	
Sirenix.Utilities.LinqExtensions::Sort	CALL	list @ X0 (System.Collections.Generic.IList`1<T>)	Type: Il2CppClass<System.Collections.Generic.IList`1<T>>	1	System.Collections.Generic.IList`1::set_Item	0x06002ECD	RUNTIME_DISPATCH		UNRESOLVED	INVOKER_THROUGH_METHOD:METADATA_USAGE:DISPATCH_PATH_NOT_RECOVERED	
SlicedFilledImage+SetPropertyUtility::SetStruct	CALL	Type: Il2CppMethodInfo	newValue @ X1 (T)	methodInfo @ X2 (Il2CppMethodInfo)			RUNTIME_DISPATCH		UNRESOLVED	TWO_LOADS_OTHER:UNKNOWN_CLASS_SOURCE:CLASS_NOT_AN_INTERFACE_POINTER	param:newValue
Sirenix.Utilities.LinqExtensions::Sort	CALL	list @ X0 (System.Collections.Generic.IList`1<T>)	Type: Il2CppClass<System.Collections.Generic.IList`1<T>>	1	System.Collections.Generic.IList`1::set_Item	0x06002ECD	RUNTIME_DISPATCH		UNRESOLVED	INVOKER_THROUGH_METHOD:METADATA_USAGE:DISPATCH_PATH_NOT_RECOVERED	
Sirenix.Utilities.LinqExtensions+<PrependIf>d__13`1::MoveNext	CALL	v386 @ X23_v13	v527 @ X1_v29 (Il2CppClass<System.Collections.Generic.IEnumerable`1<T>>)	0	System.Collections.Generic.IEnumerable`1::GetEnumerator	0x06002EC8	RUNTIME_DISPATCH	T	EXACT	lookup(receiver, interface class, slot) reaches the dispatch pointer; slot = Il2CppMethodDefinition.slot
Sirenix.Utilities.LinqExtensions+<PrependIf>d__13`1::MoveNext	CALL	v77 @ stack_-68_v2 (Sirenix.Utilities.LinqExtensions+<PrependIf>d__13`1<T>)	v128 @ X1_v35	4294967295			RUNTIME_DISPATCH		UNRESOLVED	TWO_LOADS_OTHER:UNKNOWN_CLASS_SOURCE:CLASS_NOT_AN_INTERFACE_POINTER	Add
Sirenix.Utilities.LinqExtensions+<PrependIf>d__13`1::MoveNext	CALL	v263 @ X23_v12	Type: Il2CppClass<System.Collections.Generic.IEnumerator`1<T>>	0	System.Collections.Generic.IEnumerator`1::get_Current	0x06002EC9	RUNTIME_DISPATCH		UNRESOLVED	INVOKER_THROUGH_METHOD:METADATA_USAGE:DISPATCH_PATH_NOT_RECOVERED	
Sirenix.Utilities.LinqExtensions+<AppendIf>d__24`1::MoveNext	CALL	v210 @ X24_v14	v521 @ X1_v54 (Il2CppClass<System.Collections.Generic.IEnumerable`1<T>>)	0	System.Collections.Generic.IEnumerable`1::GetEnumerator	0x06002EC8	RUNTIME_DISPATCH	T	EXACT	lookup(receiver, interface class, slot) reaches the dispatch pointer; slot = Il2CppMethodDefinition.slot
Sirenix.Utilities.LinqExtensions+<AppendIf>d__24`1::MoveNext	CALL	v429 @ X23_v14	v1068 @ X1_v37 (Il2CppClass<System.Collections.Generic.IEnumerable`1<T>>)	0	System.Collections.Generic.IEnumerable`1::GetEnumerator	0x06002EC8	RUNTIME_DISPATCH	T	EXACT	lookup(receiver, interface class, slot) reaches the dispatch pointer; slot = Il2CppMethodDefinition.slot
Sirenix.Utilities.LinqExtensions+<PrependIf>d__14`1::MoveNext	CALL	v383 @ X23_v12	v507 @ X1_v28 (Il2CppClass<System.Collections.Generic.IEnumerable`1<T>>)	0	System.Collections.Generic.IEnumerable`1::GetEnumerator	0x06002EC8	RUNTIME_DISPATCH	T	EXACT	lookup(receiver, interface class, slot) reaches the dispatch pointer; slot = Il2CppMethodDefinition.slot
Sirenix.Utilities.LinqExtensions+<PrependIf>d__14`1::MoveNext	CALL	v77 @ stack_-68_v2 (Sirenix.Utilities.LinqExtensions+<PrependIf>d__14`1<T>)	v128 @ X1_v34	4294967295			RUNTIME_DISPATCH		UNRESOLVED	TWO_LOADS_OTHER:UNKNOWN_CLASS_SOURCE:CLASS_NOT_AN_INTERFACE_POINTER	Add
Sirenix.Utilities.LinqExtensions+<PrependIf>d__14`1::MoveNext	CALL	v261 @ X23_v11	Type: Il2CppClass<System.Collections.Generic.IEnumerator`1<T>>	0	System.Collections.Generic.IEnumerator`1::get_Current	0x06002EC9	RUNTIME_DISPATCH		UNRESOLVED	INVOKER_THROUGH_METHOD:METADATA_USAGE:DISPATCH_PATH_NOT_RECOVERED	
Mono.Security.X509.X509Chain::FindCertificateParent	CALL	v193 @ X0_v6 (Mono.Security.X509.X509CertificateCollection+X509CertificateEnumerator)	v201 @ X1_v5	0	System.IDisposable::Dispose	0x0600079F	RUNTIME_DISPATCH		EXACT	lookup(receiver, interface class, slot) reaches the dispatch pointer; slot = Il2CppMethodDefinition.slot
Mono.Security.X509.X509Chain::FindCertificateParent	CALL	v196 @ X0_v19	v225 @ X1_v10	0	System.IDisposable::Dispose	0x0600079F	RUNTIME_DISPATCH		EXACT	lookup(receiver, interface class, slot) reaches the dispatch pointer; slot = Il2CppMethodDefinition.slot
Sirenix.Utilities.LinqExtensions+<AppendIf>d__25`1::MoveNext	CALL	v180 @ X23_v13	v404 @ X1_v35 (Il2CppClass<System.Collections.Generic.IEnumerable`1<T>>)	0	System.Collections.Generic.IEnumerable`1::GetEnumerator	0x06002EC8	RUNTIME_DISPATCH	T	EXACT	lookup(receiver, interface class, slot) reaches the dispatch pointer; slot = Il2CppMethodDefinition.slot
Sirenix.Utilities.LinqExtensions+<AppendIf>d__25`1::MoveNext	CALL	v77 @ stack_-68_v2 (Sirenix.Utilities.LinqExtensions+<AppendIf>d__25`1<T>)	v521 @ X1_v17	0			RUNTIME_DISPATCH		UNRESOLVED	TWO_LOADS_OTHER:UNKNOWN_CLASS_SOURCE:CLASS_NOT_AN_INTERFACE_POINTER	Add
Sirenix.Utilities.LinqExtensions+<AppendIf>d__25`1::MoveNext	CALL	v253 @ X23_v12	Type: Il2CppClass<System.Collections.Generic.IEnumerator`1<T>>	0	System.Collections.Generic.IEnumerator`1::get_Current	0x06002EC9	RUNTIME_DISPATCH		UNRESOLVED	INVOKER_THROUGH_METHOD:METADATA_USAGE:DISPATCH_PATH_NOT_RECOVERED	
Sirenix.Utilities.LinqExtensions+<PrependIf>d__15`1::MoveNext	CALL	v343 @ X24_v16	v789 @ X1_v57 (Il2CppClass<System.Collections.Generic.IEnumerable`1<T>>)	0	System.Collections.Generic.IEnumerable`1::GetEnumerator	0x06002EC8	RUNTIME_DISPATCH	T	EXACT	lookup(receiver, interface class, slot) reaches the dispatch pointer; slot = Il2CppMethodDefinition.slot
Sirenix.Utilities.LinqExtensions+<PrependIf>d__15`1::MoveNext	CALL	v412 @ X23_v15	v796 @ X1_v32 (Il2CppClass<System.Collections.Generic.IEnumerable`1<T>>)	0	System.Collections.Generic.IEnumerable`1::GetEnumerator	0x06002EC8	RUNTIME_DISPATCH	T	EXACT	lookup(receiver, interface class, slot) reaches the dispatch pointer; slot = Il2CppMethodDefinition.slot
Sirenix.Utilities.LinqExtensions+<PrependIf>d__15`1::MoveNext	CALL	v86 @ stack_-68_v2 (Sirenix.Utilities.LinqExtensions+<PrependIf>d__15`1<T>)	v139 @ X1_v53	4294967295			RUNTIME_DISPATCH		UNRESOLVED	TWO_LOADS_OTHER:UNKNOWN_CLASS_SOURCE:CLASS_NOT_AN_INTERFACE_POINTER	Add
Sirenix.Utilities.LinqExtensions+<AppendIf>d__26`1::MoveNext	CALL	v180 @ X23_v12	v401 @ X1_v34 (Il2CppClass<System.Collections.Generic.IEnumerable`1<T>>)	0	System.Collections.Generic.IEnumerable`1::GetEnumerator	0x06002EC8	RUNTIME_DISPATCH	T	EXACT	lookup(receiver, interface class, slot) reaches the dispatch pointer; slot = Il2CppMethodDefinition.slot
Sirenix.Utilities.LinqExtensions+<AppendIf>d__26`1::MoveNext	CALL	v77 @ stack_-68_v2 (Sirenix.Utilities.LinqExtensions+<AppendIf>d__26`1<T>)	v504 @ X1_v16	0			RUNTIME_DISPATCH		UNRESOLVED	TWO_LOADS_OTHER:UNKNOWN_CLASS_SOURCE:CLASS_NOT_AN_INTERFACE_POINTER	Add
Sirenix.Utilities.LinqExtensions+<AppendIf>d__26`1::MoveNext	CALL	v250 @ X23_v11	Type: Il2CppClass<System.Collections.Generic.IEnumerator`1<T>>	0	System.Collections.Generic.IEnumerator`1::get_Current	0x06002EC9	RUNTIME_DISPATCH		UNRESOLVED	INVOKER_THROUGH_METHOD:METADATA_USAGE:DISPATCH_PATH_NOT_RECOVERED	
Sirenix.Utilities.LinqExtensions+<PrependIf>d__16`1::MoveNext	CALL	v373 @ X23_v14	v576 @ X1_v29 (Il2CppClass<System.Collections.Generic.IEnumerable`1<T>>)	0	System.Collections.Generic.IEnumerable`1::GetEnumerator	0x06002EC8	RUNTIME_DISPATCH	T	EXACT	lookup(receiver, interface class, slot) reaches the dispatch pointer; slot = Il2CppMethodDefinition.slot
Sirenix.Serialization.DictionaryKeyUtility+KeyComparer`1::Compare	CALL	v46 @ X19_v1 (System.Collections.Generic.IComparer`1<T>)	Type: Il2CppClass<System.Collections.Generic.IComparer`1<T>>	0	System.Collections.Generic.IComparer`1::Compare	0x06002EC0	RUNTIME_DISPATCH		UNRESOLVED	INVOKER_THROUGH_METHOD:METADATA_USAGE:DISPATCH_PATH_NOT_RECOVERED	
Sirenix.Utilities.LinqExtensions+<PrependIf>d__16`1::MoveNext	CALL	v281 @ X23_v12	Type: Il2CppClass<System.Collections.Generic.IEnumerator`1<T>>	0	System.Collections.Generic.IEnumerator`1::get_Current	0x06002EC9	RUNTIME_DISPATCH		UNRESOLVED	INVOKER_THROUGH_METHOD:METADATA_USAGE:DISPATCH_PATH_NOT_RECOVERED	
Sirenix.Utilities.LinqExtensions+<AppendIf>d__27`1::MoveNext	CALL	v210 @ X24_v15	v521 @ X1_v56 (Il2CppClass<System.Collections.Generic.IEnumerable`1<T>>)	0	System.Collections.Generic.IEnumerable`1::GetEnumerator	0x06002EC8	RUNTIME_DISPATCH	T	EXACT	lookup(receiver, interface class, slot) reaches the dispatch pointer; slot = Il2CppMethodDefinition.slot
Sirenix.Utilities.LinqExtensions+<AppendIf>d__27`1::MoveNext	CALL	v429 @ X23_v15	v1118 @ X1_v39 (Il2CppClass<System.Collections.Generic.IEnumerable`1<T>>)	0	System.Collections.Generic.IEnumerable`1::GetEnumerator	0x06002EC8	RUNTIME_DISPATCH	T	EXACT	lookup(receiver, interface class, slot) reaches the dispatch pointer; slot = Il2CppMethodDefinition.slot
Sirenix.Utilities.LinqExtensions+<AppendIf>d__27`1::MoveNext	CALL	v86 @ stack_-68_v2 (Sirenix.Utilities.LinqExtensions+<AppendIf>d__27`1<T>)	v645 @ X1_v35	0			RUNTIME_DISPATCH		UNRESOLVED	TWO_LOADS_OTHER:UNKNOWN_CLASS_SOURCE:CLASS_NOT_AN_INTERFACE_POINTER	Add
Sirenix.Utilities.LinqExtensions+<PrependIf>d__17`1::MoveNext	CALL	v370 @ X23_v13	v548 @ X1_v28 (Il2CppClass<System.Collections.Generic.IEnumerable`1<T>>)	0	System.Collections.Generic.IEnumerable`1::GetEnumerator	0x06002EC8	RUNTIME_DISPATCH	T	EXACT	lookup(receiver, interface class, slot) reaches the dispatch pointer; slot = Il2CppMethodDefinition.slot
Sirenix.Utilities.LinqExtensions+<PrependIf>d__17`1::MoveNext	CALL	v281 @ X23_v11	Type: Il2CppClass<System.Collections.Generic.IEnumerator`1<T>>	0	System.Collections.Generic.IEnumerator`1::get_Current	0x06002EC9	RUNTIME_DISPATCH		UNRESOLVED	INVOKER_THROUGH_METHOD:METADATA_USAGE:DISPATCH_PATH_NOT_RECOVERED	
Sirenix.Utilities.LinqExtensions+<PrependIf>d__18`1::MoveNext	CALL	v369 @ X24_v17	v892 @ X1_v58 (Il2CppClass<System.Collections.Generic.IEnumerable`1<T>>)	0	System.Collections.Generic.IEnumerable`1::GetEnumerator	0x06002EC8	RUNTIME_DISPATCH	T	EXACT	lookup(receiver, interface class, slot) reaches the dispatch pointer; slot = Il2CppMethodDefinition.slot
Sirenix.Utilities.LinqExtensions+<PrependIf>d__18`1::MoveNext	CALL	v384 @ X23_v15	v899 @ X1_v32 (Il2CppClass<System.Collections.Generic.IEnumerable`1<T>>)	0	System.Collections.Generic.IEnumerable`1::GetEnumerator	0x06002EC8	RUNTIME_DISPATCH	T	EXACT	lookup(receiver, interface class, slot) reaches the dispatch pointer; slot = Il2CppMethodDefinition.slot
Mono.Security.Authenticode.AuthenticodeDeformatter::VerifyCounterSignature	CALL	v1801 @ X0_v4 (System.IDisposable)	v1922 @ X1_v22	0	System.IDisposable::Dispose	0x0600079F	RUNTIME_DISPATCH		EXACT	lookup(receiver, interface class, slot) reaches the dispatch pointer; slot = Il2CppMethodDefinition.slot
Mono.Security.Authenticode.AuthenticodeDeformatter::VerifyCounterSignature	CALL	v1865 @ X0_v46 (System.IDisposable)	v2054 @ X1_v27	0	System.IDisposable::Dispose	0x0600079F	RUNTIME_DISPATCH		EXACT	lookup(receiver, interface class, slot) reaches the dispatch pointer; slot = Il2CppMethodDefinition.slot
Mono.Security.Authenticode.AuthenticodeDeformatter::VerifyCounterSignature	CALL	v1724 @ X0_v59 (System.IDisposable)	v1867 @ X1_v39	0	System.IDisposable::Dispose	0x0600079F	RUNTIME_DISPATCH		EXACT	lookup(receiver, interface class, slot) reaches the dispatch pointer; slot = Il2CppMethodDefinition.slot
Mono.Security.X509.PKCS12::get_Keys	CALL	v736 @ X0_v9 (System.Collections.ArrayList)	v846 @ X1_v7	0	System.IDisposable::Dispose	0x0600079F	RUNTIME_DISPATCH		EXACT	lookup(receiver, interface class, slot) reaches the dispatch pointer; slot = Il2CppMethodDefinition.slot
Mono.Security.X509.PKCS12::get_Certificates	CALL	v544 @ X0_v8 (System.Collections.IEnumerator)	v655 @ X1_v6	0	System.IDisposable::Dispose	0x0600079F	RUNTIME_DISPATCH		EXACT	lookup(receiver, interface class, slot) reaches the dispatch pointer; slot = Il2CppMethodDefinition.slot
Mono.Security.X509.PKCS12::get_Certificates	CALL	v487 @ X0_v20	v546 @ X1_v11	0	System.IDisposable::Dispose	0x0600079F	RUNTIME_DISPATCH		EXACT	lookup(receiver, interface class, slot) reaches the dispatch pointer; slot = Il2CppMethodDefinition.slot
Sirenix.Utilities.LinqExtensions+<AppendWith>d__19`1::MoveNext	CALL	v143 @ X23_v11	v384 @ X1_v31 (Il2CppClass<System.Collections.Generic.IEnumerable`1<T>>)	0	System.Collections.Generic.IEnumerable`1::GetEnumerator	0x06002EC8	RUNTIME_DISPATCH	T	EXACT	lookup(receiver, interface class, slot) reaches the dispatch pointer; slot = Il2CppMethodDefinition.slot
Sirenix.Utilities.LinqExtensions+<AppendWith>d__19`1::MoveNext	CALL	v232 @ X23_v10	Type: Il2CppClass<System.Collections.Generic.IEnumerator`1<T>>	0	System.Collections.Generic.IEnumerator`1::get_Current	0x06002EC9	RUNTIME_DISPATCH		UNRESOLVED	INVOKER_THROUGH_METHOD:METADATA_USAGE:DISPATCH_PATH_NOT_RECOVERED	
Cysharp.Threading.Tasks.Triggers.AsyncTriggerHandler`1::Cysharp.Threading.Tasks.IUniTaskSource.GetResult	TAIL	this @ X0 (Cysharp.Threading.Tasks.Triggers.AsyncTriggerHandler`1<T>)	v36 @ X1_v2 (Il2CppClass<Cysharp.Threading.Tasks.IUniTaskSource`1<T>>)	0	Cysharp.Threading.Tasks.IUniTaskSource`1::GetResult	0x0600000D	RUNTIME_DISPATCH	T	EXACT	lookup(receiver, interface class, slot) reaches the dispatch pointer; slot = Il2CppMethodDefinition.slot
Cysharp.Threading.Tasks.TaskPool`1::TryPop	CALL	v24 @ X21_v3 (T)	v121 @ X1_v4 (Il2CppClass<Cysharp.Threading.Tasks.ITaskPoolNode`1<T>>)	0	Cysharp.Threading.Tasks.ITaskPoolNode`1::get_NextNode	0x0600002D	RUNTIME_DISPATCH	T	EXACT	lookup(receiver, interface class, slot) reaches the dispatch pointer; slot = Il2CppMethodDefinition.slot
Mono.Security.X509.PKCS12::GetExistingParameters	CALL	v228 @ X0_v6 (System.Security.Cryptography.DSAParameters)	v239 @ X1_v4	0	System.IDisposable::Dispose	0x0600079F	RUNTIME_DISPATCH		EXACT	lookup(receiver, interface class, slot) reaches the dispatch pointer; slot = Il2CppMethodDefinition.slot
Mono.Security.X509.PKCS12::GetExistingParameters	CALL	v236 @ X0_v18	v303 @ X1_v9	0	System.IDisposable::Dispose	0x0600079F	RUNTIME_DISPATCH		EXACT	lookup(receiver, interface class, slot) reaches the dispatch pointer; slot = Il2CppMethodDefinition.slot
Sirenix.Utilities.LinqExtensions+<AppendWith>d__20`1::MoveNext	CALL	v143 @ X23_v10	v382 @ X1_v30 (Il2CppClass<System.Collections.Generic.IEnumerable`1<T>>)	0	System.Collections.Generic.IEnumerable`1::GetEnumerator	0x06002EC8	RUNTIME_DISPATCH	T	EXACT	lookup(receiver, interface class, slot) reaches the dispatch pointer; slot = Il2CppMethodDefinition.slot
Cysharp.Threading.Tasks.TaskPool`1::TryPush	CALL	item @ X1 (T)	v196 @ X1_v5 (Il2CppClass<Cysharp.Threading.Tasks.ITaskPoolNode`1<T>>)	0	Cysharp.Threading.Tasks.ITaskPoolNode`1::get_NextNode	0x0600002D	RUNTIME_DISPATCH	T	EXACT	lookup(receiver, interface class, slot) reaches the dispatch pointer; slot = Il2CppMethodDefinition.slot
Sirenix.Utilities.LinqExtensions+<AppendWith>d__20`1::MoveNext	CALL	v230 @ X23_v9	Type: Il2CppClass<System.Collections.Generic.IEnumerator`1<T>>	0	System.Collections.Generic.IEnumerator`1::get_Current	0x06002EC9	RUNTIME_DISPATCH		UNRESOLVED	INVOKER_THROUGH_METHOD:METADATA_USAGE:DISPATCH_PATH_NOT_RECOVERED	
Cysharp.Threading.Tasks.TriggerEvent`1::SetResult	CALL	v149 @ X24_v5 (Cysharp.Threading.Tasks.ITriggerHandler`1<T>)	v248 @ X1_v12	0			RUNTIME_DISPATCH		UNRESOLVED	METHOD_POINTER:UNKNOWN_CLASS_SOURCE:CLASS_NOT_AN_INTERFACE_POINTER	{[[DEFINED_2_TIMES->rgctx_data]+0x8] | returns-argument@0x17FDEF4({[[DEFINED_2_TIMES->rgctx_data]+0x8] | returns-argument@0x17FDEF4(DEFINED_2_TIMES)})}
Cysharp.Threading.Tasks.TriggerEvent`1::SetResult	CALL	v149 @ X24_v5 (Cysharp.Threading.Tasks.ITriggerHandler`1<T>)	v379 @ X1_v20	4			RUNTIME_DISPATCH		UNRESOLVED	METHOD_POINTER:UNKNOWN_CLASS_SOURCE:CLASS_NOT_AN_INTERFACE_POINTER	{[[DEFINED_2_TIMES->rgctx_data]+0x8] | returns-argument@0x17FDEF4({[[DEFINED_2_TIMES->rgctx_data]+0x8] | returns-argument@0x17FDEF4(DEFINED_2_TIMES)})}
Cysharp.Threading.Tasks.TriggerEvent`1::SetResult	CALL	v149 @ X24_v5 (Cysharp.Threading.Tasks.ITriggerHandler`1<T>)	v371 @ X1_v15	4			RUNTIME_DISPATCH		UNRESOLVED	METHOD_POINTER:UNKNOWN_CLASS_SOURCE:CLASS_NOT_AN_INTERFACE_POINTER	{[[DEFINED_2_TIMES->rgctx_data]+0x8] | returns-argument@0x17FDEF4({[[DEFINED_2_TIMES->rgctx_data]+0x8] | returns-argument@0x17FDEF4(DEFINED_2_TIMES)})}
Cysharp.Threading.Tasks.TriggerEvent`1::Add	CALL	v44 @ X22_v15 (Cysharp.Threading.Tasks.ITriggerHandler`1<T>)	v188 @ X1_v37 (Il2CppClass<Cysharp.Threading.Tasks.ITriggerHandler`1<T>>)	2	Cysharp.Threading.Tasks.ITriggerHandler`1::get_Prev	0x06000033	RUNTIME_DISPATCH	T	EXACT	lookup(receiver, interface class, slot) reaches the dispatch pointer; slot = Il2CppMethodDefinition.slot
Cysharp.Threading.Tasks.TriggerEvent`1::Add	CALL	v16 @ X22_v2 (Cysharp.Threading.Tasks.ITriggerHandler`1<T>)	v177 @ X1_v15 (Il2CppClass<Cysharp.Threading.Tasks.ITriggerHandler`1<T>>)	2	Cysharp.Threading.Tasks.ITriggerHandler`1::get_Prev	0x06000033	RUNTIME_DISPATCH	T	EXACT	lookup(receiver, interface class, slot) reaches the dispatch pointer; slot = Il2CppMethodDefinition.slot
Cysharp.Threading.Tasks.TriggerEvent`1::Add	CALL	v231 @ X23_v12 (Cysharp.Threading.Tasks.ITriggerHandler`1<T>)	v427 @ X1_v40 (Il2CppClass<Cysharp.Threading.Tasks.ITriggerHandler`1<T>>)	3	Cysharp.Threading.Tasks.ITriggerHandler`1::set_Prev	0x06000034	RUNTIME_DISPATCH	T	EXACT	lookup(receiver, interface class, slot) reaches the dispatch pointer; slot = Il2CppMethodDefinition.slot
Cysharp.Threading.Tasks.TriggerEvent`1::Add	CALL	v288 @ X0_v95 (Cysharp.Threading.Tasks.ITriggerHandler`1<T>)	v609 @ X1_v50 (Il2CppClass<Cysharp.Threading.Tasks.ITriggerHandler`1<T>>)	5	Cysharp.Threading.Tasks.ITriggerHandler`1::set_Next	0x06000036	RUNTIME_DISPATCH	T	EXACT	lookup(receiver, interface class, slot) reaches the dispatch pointer; slot = Il2CppMethodDefinition.slot
Cysharp.Threading.Tasks.TriggerEvent`1::Add	CALL	v294 @ X22_v17 (Cysharp.Threading.Tasks.ITriggerHandler`1<T>)	v691 @ X1_v43 (Il2CppClass<Cysharp.Threading.Tasks.ITriggerHandler`1<T>>)	5	Cysharp.Threading.Tasks.ITriggerHandler`1::set_Next	0x06000036	RUNTIME_DISPATCH	T	EXACT	lookup(receiver, interface class, slot) reaches the dispatch pointer; slot = Il2CppMethodDefinition.slot
Tayx.Graphy.Fps.G_FpsManager::Init	CALL	v340 @ X0_v6 (UnityEngine.Transform)	v425 @ X1_v5	0	System.IDisposable::Dispose	0x0600079F	RUNTIME_DISPATCH		EXACT	lookup(receiver, interface class, slot) reaches the dispatch pointer; slot = Il2CppMethodDefinition.slot
Tayx.Graphy.Fps.G_FpsManager::Init	CALL	v285 @ X0_v18	v342 @ X1_v10	0	System.IDisposable::Dispose	0x0600079F	RUNTIME_DISPATCH		EXACT	lookup(receiver, interface class, slot) reaches the dispatch pointer; slot = Il2CppMethodDefinition.slot
Cysharp.Threading.Tasks.TriggerEvent`1::Add	CALL	v232 @ X23_v11 (Cysharp.Threading.Tasks.ITriggerHandler`1<T>)	v419 @ X1_v18 (Il2CppClass<Cysharp.Threading.Tasks.ITriggerHandler`1<T>>)	3	Cysharp.Threading.Tasks.ITriggerHandler`1::set_Prev	0x06000034	RUNTIME_DISPATCH	T	EXACT	lookup(receiver, interface class, slot) reaches the dispatch pointer; slot = Il2CppMethodDefinition.slot
Cysharp.Threading.Tasks.TriggerEvent`1::Add	CALL	v289 @ X0_v35 (Cysharp.Threading.Tasks.ITriggerHandler`1<T>)	v593 @ X1_v28 (Il2CppClass<Cysharp.Threading.Tasks.ITriggerHandler`1<T>>)	5	Cysharp.Threading.Tasks.ITriggerHandler`1::set_Next	0x06000036	RUNTIME_DISPATCH	T	EXACT	lookup(receiver, interface class, slot) reaches the dispatch pointer; slot = Il2CppMethodDefinition.slot
Cysharp.Threading.Tasks.TriggerEvent`1::Add	CALL	v295 @ X22_v14 (Cysharp.Threading.Tasks.ITriggerHandler`1<T>)	v654 @ X1_v21 (Il2CppClass<Cysharp.Threading.Tasks.ITriggerHandler`1<T>>)	5	Cysharp.Threading.Tasks.ITriggerHandler`1::set_Next	0x06000036	RUNTIME_DISPATCH	T	EXACT	lookup(receiver, interface class, slot) reaches the dispatch pointer; slot = Il2CppMethodDefinition.slot
Cysharp.Threading.Tasks.TriggerEvent`1::Add	TAIL	handler @ X1 (Cysharp.Threading.Tasks.ITriggerHandler`1<T>)	v1147 @ X1_v11 (Il2CppClass<Cysharp.Threading.Tasks.ITriggerHandler`1<T>>)	3	Cysharp.Threading.Tasks.ITriggerHandler`1::set_Prev	0x06000034	RUNTIME_DISPATCH	T	EXACT	lookup(receiver, interface class, slot) reaches the dispatch pointer; slot = Il2CppMethodDefinition.slot
Cysharp.Threading.Tasks.TriggerEvent`1::Remove	CALL	handler @ X1 (Cysharp.Threading.Tasks.ITriggerHandler`1<T>)	v168 @ X1_v5 (Il2CppClass<Cysharp.Threading.Tasks.ITriggerHandler`1<T>>)	2	Cysharp.Threading.Tasks.ITriggerHandler`1::get_Prev	0x06000033	RUNTIME_DISPATCH	T	EXACT	lookup(receiver, interface class, slot) reaches the dispatch pointer; slot = Il2CppMethodDefinition.slot
Cysharp.Threading.Tasks.TriggerEvent`1::Remove	CALL	handler @ X1 (Cysharp.Threading.Tasks.ITriggerHandler`1<T>)	v334 @ X1_v8 (Il2CppClass<Cysharp.Threading.Tasks.ITriggerHandler`1<T>>)	4	Cysharp.Threading.Tasks.ITriggerHandler`1::get_Next	0x06000035	RUNTIME_DISPATCH	T	EXACT	lookup(receiver, interface class, slot) reaches the dispatch pointer; slot = Il2CppMethodDefinition.slot
Cysharp.Threading.Tasks.TriggerEvent`1::Remove	CALL	v415 @ X0_v23 (Cysharp.Threading.Tasks.ITriggerHandler`1<T>)	v492 @ X1_v52 (Il2CppClass<Cysharp.Threading.Tasks.ITriggerHandler`1<T>>)	3	Cysharp.Threading.Tasks.ITriggerHandler`1::set_Prev	0x06000034	RUNTIME_DISPATCH	T	EXACT	lookup(receiver, interface class, slot) reaches the dispatch pointer; slot = Il2CppMethodDefinition.slot
Cysharp.Threading.Tasks.TriggerEvent`1::Remove	CALL	v315 @ X0_v18 (Cysharp.Threading.Tasks.ITriggerHandler`1<T>)	v668 @ X1_v48 (Il2CppClass<Cysharp.Threading.Tasks.ITriggerHandler`1<T>>)	5	Cysharp.Threading.Tasks.ITriggerHandler`1::set_Next	0x06000036	RUNTIME_DISPATCH	T	EXACT	lookup(receiver, interface class, slot) reaches the dispatch pointer; slot = Il2CppMethodDefinition.slot
Cysharp.Threading.Tasks.TriggerEvent`1::Remove	CALL	v580 @ X23_v3 (Cysharp.Threading.Tasks.ITriggerHandler`1<T>)	v762 @ X1_v38 (Il2CppClass<Cysharp.Threading.Tasks.ITriggerHandler`1<T>>)	2	Cysharp.Threading.Tasks.ITriggerHandler`1::get_Prev	0x06000033	RUNTIME_DISPATCH	T	EXACT	lookup(receiver, interface class, slot) reaches the dispatch pointer; slot = Il2CppMethodDefinition.slot
Cysharp.Threading.Tasks.TriggerEvent`1::Remove	CALL	v654 @ X23_v5 (Cysharp.Threading.Tasks.ITriggerHandler`1<T>)	v835 @ X1_v24 (Il2CppClass<Cysharp.Threading.Tasks.ITriggerHandler`1<T>>)	2	Cysharp.Threading.Tasks.ITriggerHandler`1::get_Prev	0x06000033	RUNTIME_DISPATCH	T	EXACT	lookup(receiver, interface class, slot) reaches the dispatch pointer; slot = Il2CppMethodDefinition.slot
Cysharp.Threading.Tasks.TriggerEvent`1::Remove	CALL	v253 @ X23_v8 (Cysharp.Threading.Tasks.ITriggerHandler`1<T>)	v1139 @ X1_v27 (Il2CppClass<Cysharp.Threading.Tasks.ITriggerHandler`1<T>>)	2	Cysharp.Threading.Tasks.ITriggerHandler`1::get_Prev	0x06000033	RUNTIME_DISPATCH	T	EXACT	lookup(receiver, interface class, slot) reaches the dispatch pointer; slot = Il2CppMethodDefinition.slot
Cysharp.Threading.Tasks.TriggerEvent`1::Remove	CALL	handler @ X1 (Cysharp.Threading.Tasks.ITriggerHandler`1<T>)	v842 @ X1_v16 (Il2CppClass<Cysharp.Threading.Tasks.ITriggerHandler`1<T>>)	3	Cysharp.Threading.Tasks.ITriggerHandler`1::set_Prev	0x06000034	RUNTIME_DISPATCH	T	EXACT	lookup(receiver, interface class, slot) reaches the dispatch pointer; slot = Il2CppMethodDefinition.slot
Cysharp.Threading.Tasks.TriggerEvent`1::Remove	TAIL	handler @ X1 (Cysharp.Threading.Tasks.ITriggerHandler`1<T>)	v1077 @ X1_v19 (Il2CppClass<Cysharp.Threading.Tasks.ITriggerHandler`1<T>>)	5	Cysharp.Threading.Tasks.ITriggerHandler`1::set_Next	0x06000036	RUNTIME_DISPATCH	T	EXACT	lookup(receiver, interface class, slot) reaches the dispatch pointer; slot = Il2CppMethodDefinition.slot
Cysharp.Threading.Tasks.TriggerEvent`1::Remove	CALL	v315 @ X0_v18 (Cysharp.Threading.Tasks.ITriggerHandler`1<T>)	Type: Il2CppClass<Cysharp.Threading.Tasks.ITriggerHandler`1<T>>	3	Cysharp.Threading.Tasks.ITriggerHandler`1::set_Prev	0x06000034	RUNTIME_DISPATCH	T	EXACT	lookup(receiver, interface class, slot) reaches the dispatch pointer; slot = Il2CppMethodDefinition.slot
Cysharp.Threading.Tasks.TriggerEvent`1::Remove	CALL	v282 @ X21_v5 (Cysharp.Threading.Tasks.ITriggerHandler`1<T>)	Type: Il2CppClass<Cysharp.Threading.Tasks.ITriggerHandler`1<T>>	3	Cysharp.Threading.Tasks.ITriggerHandler`1::set_Prev	0x06000034	RUNTIME_DISPATCH	T	EXACT	lookup(receiver, interface class, slot) reaches the dispatch pointer; slot = Il2CppMethodDefinition.slot
Tayx.Graphy.Ram.G_RamManager::Init	CALL	v335 @ X0_v6 (UnityEngine.Transform)	v418 @ X1_v5	0	System.IDisposable::Dispose	0x0600079F	RUNTIME_DISPATCH		EXACT	lookup(receiver, interface class, slot) reaches the dispatch pointer; slot = Il2CppMethodDefinition.slot
Tayx.Graphy.Ram.G_RamManager::Init	CALL	v282 @ X0_v18	v337 @ X1_v10	0	System.IDisposable::Dispose	0x0600079F	RUNTIME_DISPATCH		EXACT	lookup(receiver, interface class, slot) reaches the dispatch pointer; slot = Il2CppMethodDefinition.slot
Tayx.Graphy.Audio.G_AudioManager::Init	CALL	v340 @ X0_v6 (UnityEngine.Transform)	v425 @ X1_v5	0	System.IDisposable::Dispose	0x0600079F	RUNTIME_DISPATCH		EXACT	lookup(receiver, interface class, slot) reaches the dispatch pointer; slot = Il2CppMethodDefinition.slot
Tayx.Graphy.Audio.G_AudioManager::Init	CALL	v285 @ X0_v18	v342 @ X1_v10	0	System.IDisposable::Dispose	0x0600079F	RUNTIME_DISPATCH		EXACT	lookup(receiver, interface class, slot) reaches the dispatch pointer; slot = Il2CppMethodDefinition.slot
ES3Internal.AESEncryptionAlgorithm::Encrypt	CALL	v357 @ X24_v3 (System.Security.Cryptography.CryptoStream)	v582 @ X1_v7	0	System.IDisposable::Dispose	0x0600079F	RUNTIME_DISPATCH		EXACT	lookup(receiver, interface class, slot) reaches the dispatch pointer; slot = Il2CppMethodDefinition.slot
ES3Internal.AESEncryptionAlgorithm::Encrypt	CALL	v306 @ X20_v12 (System.Security.Cryptography.ICryptoTransform)	v790 @ X1_v28	0	System.IDisposable::Dispose	0x0600079F	RUNTIME_DISPATCH		EXACT	lookup(receiver, interface class, slot) reaches the dispatch pointer; slot = Il2CppMethodDefinition.slot
ES3Internal.AESEncryptionAlgorithm::Encrypt	CALL	v157 @ X19_v2 (System.Security.Cryptography.Aes)	v976 @ X1_v3	0	System.IDisposable::Dispose	0x0600079F	RUNTIME_DISPATCH		EXACT	lookup(receiver, interface class, slot) reaches the dispatch pointer; slot = Il2CppMethodDefinition.slot
ES3Internal.AESEncryptionAlgorithm::Encrypt	CALL	v356 @ X24_v4 (System.Security.Cryptography.CryptoStream)	v470 @ X1_v19	0	System.IDisposable::Dispose	0x0600079F	RUNTIME_DISPATCH		EXACT	lookup(receiver, interface class, slot) reaches the dispatch pointer; slot = Il2CppMethodDefinition.slot
ES3Internal.AESEncryptionAlgorithm::Encrypt	CALL	v376 @ X20_v5 (System.Security.Cryptography.ICryptoTransform)	v655 @ X1_v16	0	System.IDisposable::Dispose	0x0600079F	RUNTIME_DISPATCH		EXACT	lookup(receiver, interface class, slot) reaches the dispatch pointer; slot = Il2CppMethodDefinition.slot
ES3Internal.AESEncryptionAlgorithm::Encrypt	CALL	v382 @ X19_v5 (System.Security.Cryptography.Aes)	v927 @ X1_v13	0	System.IDisposable::Dispose	0x0600079F	RUNTIME_DISPATCH		EXACT	lookup(receiver, interface class, slot) reaches the dispatch pointer; slot = Il2CppMethodDefinition.slot
Mono.Security.X509.PKCS12::GetBytes	CALL	v5779 @ X0_v235 (System.IDisposable)	v5886 @ X1_v111	0	System.IDisposable::Dispose	0x0600079F	RUNTIME_DISPATCH		EXACT	lookup(receiver, interface class, slot) reaches the dispatch pointer; slot = Il2CppMethodDefinition.slot
Mono.Security.X509.PKCS12::GetBytes	CALL	v2301 @ X0_v479 (System.IDisposable)	Type: System.IDisposable	0	System.IDisposable::Dispose	0x0600079F	RUNTIME_DISPATCH		EXACT	lookup(receiver, interface class, slot) reaches the dispatch pointer; slot = Il2CppMethodDefinition.slot
Mono.Security.X509.PKCS12::RemoveCertificate	CALL	v342 @ X19_v15 (System.Collections.IDictionary)	v734 @ X1_v34	0	System.Collections.IDictionary::get_Item	0x06002BBD	RUNTIME_DISPATCH		EXACT	lookup(receiver, interface class, slot) reaches the dispatch pointer; slot = Il2CppMethodDefinition.slot
Sirenix.Serialization.UnitySerializationUtility::DeserializeUnityObject	CALL	v2533 @ X0_v201	v2265 @ X24_v66 (System.Boolean)	0	Sirenix.Serialization.ISupportsPrefabSerialization::get_SerializationData	0x06000408	RUNTIME_DISPATCH		EXACT	lookup(receiver, interface class, slot) reaches the dispatch pointer; slot = Il2CppMethodDefinition.slot
