Mono.Security.ASN1::GetBytes	CALL	v236 @ X0_v42 (System.Collections.IEnumerator)	Type: System.Collections.IEnumerator	1	System.Collections.IEnumerator::get_Current	0x060028DD	RUNTIME_DISPATCH		EXACT	lookup(receiver, interface class, slot) reaches the dispatch pointer; slot = Il2CppMethodDefinition.slot
Mono.Security.X509.PKCS12::get_Keys	CALL	v285 @ X0_v77 (System.Collections.IEnumerator)	v649 @ X1_v34	0	System.Collections.IEnumerator::MoveNext	0x060028DC	RUNTIME_DISPATCH		EXACT	lookup(receiver, interface class, slot) reaches the dispatch pointer; slot = Il2CppMethodDefinition.slot
Mono.Security.X509.PKCS12::get_Keys	CALL	v285 @ X0_v77 (System.Collections.IEnumerator)	v1065 @ X1_v36	1	System.Collections.IEnumerator::get_Current	0x060028DD	RUNTIME_DISPATCH		EXACT	lookup(receiver, interface class, slot) reaches the dispatch pointer; slot = Il2CppMethodDefinition.slot
Mono.Security.X509.PKCS12::get_Certificates	CALL	v310 @ X0_v40 (System.Collections.IEnumerator)	Type: System.Collections.IEnumerator	1	System.Collections.IEnumerator::get_Current	0x060028DD	RUNTIME_DISPATCH		EXACT	lookup(receiver, interface class, slot) reaches the dispatch pointer; slot = Il2CppMethodDefinition.slot
Mono.Security.X509.PKCS12::Pkcs8ShroudedKeyBagSafeBag	CALL	attributes @ X2 (System.Collections.IDictionary)	Type: System.Collections.IDictionary	3	System.Collections.IDictionary::GetEnumerator	0x060028D7	RUNTIME_DISPATCH		EXACT	lookup(receiver, interface class, slot) reaches the dispatch pointer; slot = Il2CppMethodDefinition.slot
Mono.Security.X509.PKCS12::Pkcs8ShroudedKeyBagSafeBag	CALL	v878 @ X0_v57 (System.Collections.IEnumerator)	Type: System.Collections.IDictionaryEnumerator	1	System.Collections.IDictionaryEnumerator::get_Value	0x060028D9	RUNTIME_DISPATCH		EXACT	lookup(receiver, interface class, slot) reaches the dispatch pointer; slot = Il2CppMethodDefinition.slot
Mono.Security.X509.PKCS12::Pkcs8ShroudedKeyBagSafeBag	CALL	v878 @ X0_v57 (System.Collections.IEnumerator)	Type: System.Collections.IDictionaryEnumerator	1	System.Collections.IDictionaryEnumerator::get_Value	0x060028D9	RUNTIME_DISPATCH		EXACT	lookup(receiver, interface class, slot) reaches the dispatch pointer; slot = Il2CppMethodDefinition.slot
Mono.Security.X509.PKCS12::Pkcs8ShroudedKeyBagSafeBag	CALL	v1428 @ X0_v162 (System.Collections.IEnumerator)	Type: System.Collections.IEnumerator	1	System.Collections.IEnumerator::get_Current	0x060028DD	RUNTIME_DISPATCH		EXACT	lookup(receiver, interface class, slot) reaches the dispatch pointer; slot = Il2CppMethodDefinition.slot
Mono.Security.X509.PKCS12::Pkcs8ShroudedKeyBagSafeBag	CALL	v1494 @ X0_v102 (System.Collections.IEnumerator)	Type: System.Collections.IEnumerator	1	System.Collections.IEnumerator::get_Current	0x060028DD	RUNTIME_DISPATCH		EXACT	lookup(receiver, interface class, slot) reaches the dispatch pointer; slot = Il2CppMethodDefinition.slot
Mono.Security.X509.PKCS12::CertificateSafeBag	CALL	attributes @ X2 (System.Collections.IDictionary)	Type: System.Collections.IDictionary	3	System.Collections.IDictionary::GetEnumerator	0x060028D7	RUNTIME_DISPATCH		EXACT	lookup(receiver, interface class, slot) reaches the dispatch pointer; slot = Il2CppMethodDefinition.slot
Mono.Security.X509.PKCS12::CertificateSafeBag	CALL	v596 @ X0_v42 (System.Collections.IEnumerator)	Type: System.Collections.IDictionaryEnumerator	1	System.Collections.IDictionaryEnumerator::get_Value	0x060028D9	RUNTIME_DISPATCH		EXACT	lookup(receiver, interface class, slot) reaches the dispatch pointer; slot = Il2CppMethodDefinition.slot
Mono.Security.X509.PKCS12::CertificateSafeBag	CALL	v596 @ X0_v42 (System.Collections.IEnumerator)	Type: System.Collections.IDictionaryEnumerator	1	System.Collections.IDictionaryEnumerator::get_Value	0x060028D9	RUNTIME_DISPATCH		EXACT	lookup(receiver, interface class, slot) reaches the dispatch pointer; slot = Il2CppMethodDefinition.slot
Mono.Security.X509.PKCS12::CertificateSafeBag	CALL	v1165 @ X0_v142 (System.Collections.IEnumerator)	Type: System.Collections.IEnumerator	1	System.Collections.IEnumerator::get_Current	0x060028DD	RUNTIME_DISPATCH		EXACT	lookup(receiver, interface class, slot) reaches the dispatch pointer; slot = Il2CppMethodDefinition.slot
Mono.Security.X509.PKCS12::CertificateSafeBag	CALL	v1231 @ X0_v82 (System.Collections.IEnumerator)	Type: System.Collections.IEnumerator	1	System.Collections.IEnumerator::get_Current	0x060028DD	RUNTIME_DISPATCH		EXACT	lookup(receiver, interface class, slot) reaches the dispatch pointer; slot = Il2CppMethodDefinition.slot
Mono.Security.X509.PKCS12::GetBytes	CALL	v79 @ X0_v103 (System.Collections.IEnumerator)	Type: System.Collections.IEnumerator	1	System.Collections.IEnumerator::get_Current	0x060028DD	RUNTIME_DISPATCH		EXACT	lookup(receiver, interface class, slot) reaches the dispatch pointer; slot = Il2CppMethodDefinition.slot
Mono.Security.X509.PKCS12::GetBytes	CALL	v2140 @ X0_v457 (System.Collections.IEnumerator)	Type: System.Collections.IEnumerator	1	System.Collections.IEnumerator::get_Current	0x060028DD	RUNTIME_DISPATCH		EXACT	lookup(receiver, interface class, slot) reaches the dispatch pointer; slot = Il2CppMethodDefinition.slot
Mono.Security.X509.PKCS12::GetBytes	CALL	v2133 @ X0_v117 (Il2CppClass<Mono.Security.X509.SafeBag>)	v2182 @ X1_v193	0	System.IDisposable::Dispose	0x06000921	RUNTIME_DISPATCH		EXACT	lookup(receiver, interface class, slot) reaches the dispatch pointer; slot = Il2CppMethodDefinition.slot
Mono.Security.X509.PKCS12::GetBytes	CALL	v2393 @ X0_v120 (System.Collections.IEnumerator)	Type: System.Collections.IEnumerator	1	System.Collections.IEnumerator::get_Current	0x060028DD	RUNTIME_DISPATCH		EXACT	lookup(receiver, interface class, slot) reaches the dispatch pointer; slot = Il2CppMethodDefinition.slot
Mono.Security.X509.PKCS12::GetBytes	CALL	v2975 @ X0_v123	v3091 @ X1_v166	0	System.IDisposable::Dispose	0x06000921	RUNTIME_DISPATCH		EXACT	lookup(receiver, interface class, slot) reaches the dispatch pointer; slot = Il2CppMethodDefinition.slot
Mono.Security.X509.PKCS12::GetBytes	CALL	v3272 @ X0_v126 (System.Collections.IEnumerator)	Type: System.Collections.IEnumerator	1	System.Collections.IEnumerator::get_Current	0x060028DD	RUNTIME_DISPATCH		EXACT	lookup(receiver, interface class, slot) reaches the dispatch pointer; slot = Il2CppMethodDefinition.slot
Mono.Security.X509.PKCS12::GetBytes	CALL	v3911 @ X0_v132 (System.Collections.IEnumerator)	Type: System.Collections.IEnumerator	1	System.Collections.IEnumerator::get_Current	0x060028DD	RUNTIME_DISPATCH		EXACT	lookup(receiver, interface class, slot) reaches the dispatch pointer; slot = Il2CppMethodDefinition.slot
Mono.Security.X509.PKCS12::GetBytes	CALL	v4378 @ X0_v261 (System.Collections.IEnumerator)	Type: System.Collections.IEnumerator	1	System.Collections.IEnumerator::get_Current	0x060028DD	RUNTIME_DISPATCH		EXACT	lookup(receiver, interface class, slot) reaches the dispatch pointer; slot = Il2CppMethodDefinition.slot
Mono.Security.X509.PKCS12::GetBytes	CALL	v4469 @ X0_v194 (System.Collections.IEnumerator)	Type: System.Collections.IEnumerator	1	System.Collections.IEnumerator::get_Current	0x060028DD	RUNTIME_DISPATCH		EXACT	lookup(receiver, interface class, slot) reaches the dispatch pointer; slot = Il2CppMethodDefinition.slot
Mono.Security.X509.PKCS12::GetBytes	CALL	v4613 @ X0_v148 (System.Collections.IEnumerator)	Type: System.Collections.IEnumerator	1	System.Collections.IEnumerator::get_Current	0x060028DD	RUNTIME_DISPATCH		EXACT	lookup(receiver, interface class, slot) reaches the dispatch pointer; slot = Il2CppMethodDefinition.slot
Mono.Security.X509.X509CertificateCollection+X509CertificateEnumerator::get_Current	CALL	v39 @ X19_v2 (System.Collections.IEnumerator)	Type: System.Collections.IEnumerator	1	System.Collections.IEnumerator::get_Current	0x060028DD	RUNTIME_DISPATCH		EXACT	lookup(receiver, interface class, slot) reaches the dispatch pointer; slot = Il2CppMethodDefinition.slot
Mono.Security.X509.X509CertificateCollection+X509CertificateEnumerator::System.Collections.IEnumerator.get_Current	TAIL	v39 @ X19_v2 (System.Collections.IEnumerator)	Type: System.Collections.IEnumerator	1	System.Collections.IEnumerator::get_Current	0x060028DD	RUNTIME_DISPATCH		EXACT	lookup(receiver, interface class, slot) reaches the dispatch pointer; slot = Il2CppMethodDefinition.slot
Mono.Security.X509.X509CertificateCollection+X509CertificateEnumerator::System.Collections.IEnumerator.Reset	TAIL	v39 @ X19_v2 (System.Collections.IEnumerator)	Type: System.Collections.IEnumerator	2	System.Collections.IEnumerator::Reset	0x060028DE	RUNTIME_DISPATCH		EXACT	lookup(receiver, interface class, slot) reaches the dispatch pointer; slot = Il2CppMethodDefinition.slot
Mono.Security.Protocol.Ntlm.ChallengeResponse::set_Password	CALL	v321 @ X0_v63 (System.Security.Cryptography.ICryptoTransform)	Type: System.Security.Cryptography.ICryptoTransform	4	System.Security.Cryptography.ICryptoTransform::TransformBlock	0x06001EE5	RUNTIME_DISPATCH		EXACT	lookup(receiver, interface class, slot) reaches the dispatch pointer; slot = Il2CppMethodDefinition.slot
Mono.Security.Protocol.Ntlm.ChallengeResponse::set_Password	CALL	v527 @ X0_v43 (System.Security.Cryptography.ICryptoTransform)	Type: System.Security.Cryptography.ICryptoTransform	4	System.Security.Cryptography.ICryptoTransform::TransformBlock	0x06001EE5	RUNTIME_DISPATCH		EXACT	lookup(receiver, interface class, slot) reaches the dispatch pointer; slot = Il2CppMethodDefinition.slot
Mono.Security.Protocol.Ntlm.ChallengeResponse::GetResponse	CALL	v168 @ X0_v15 (System.Security.Cryptography.ICryptoTransform)	Type: System.Security.Cryptography.ICryptoTransform	4	System.Security.Cryptography.ICryptoTransform::TransformBlock	0x06001EE5	RUNTIME_DISPATCH		EXACT	lookup(receiver, interface class, slot) reaches the dispatch pointer; slot = Il2CppMethodDefinition.slot
Mono.Security.Protocol.Ntlm.ChallengeResponse::GetResponse	CALL	v169 @ X0_v23 (System.Security.Cryptography.ICryptoTransform)	Type: System.Security.Cryptography.ICryptoTransform	4	System.Security.Cryptography.ICryptoTransform::TransformBlock	0x06001EE5	RUNTIME_DISPATCH		EXACT	lookup(receiver, interface class, slot) reaches the dispatch pointer; slot = Il2CppMethodDefinition.slot
Mono.Security.Protocol.Ntlm.ChallengeResponse::GetResponse	CALL	v170 @ X0_v31 (System.Security.Cryptography.ICryptoTransform)	Type: System.Security.Cryptography.ICryptoTransform	4	System.Security.Cryptography.ICryptoTransform::TransformBlock	0x06001EE5	RUNTIME_DISPATCH		EXACT	lookup(receiver, interface class, slot) reaches the dispatch pointer; slot = Il2CppMethodDefinition.slot
Mono.Security.Protocol.Ntlm.ChallengeResponse2::Compute_LM	CALL	v151 @ X0_v52 (System.Security.Cryptography.ICryptoTransform)	Type: System.Security.Cryptography.ICryptoTransform	4	System.Security.Cryptography.ICryptoTransform::TransformBlock	0x06001EE5	RUNTIME_DISPATCH		EXACT	lookup(receiver, interface class, slot) reaches the dispatch pointer; slot = Il2CppMethodDefinition.slot
Mono.Security.Protocol.Ntlm.ChallengeResponse2::Compute_LM	CALL	v152 @ X0_v32 (System.Security.Cryptography.ICryptoTransform)	Type: System.Security.Cryptography.ICryptoTransform	4	System.Security.Cryptography.ICryptoTransform::TransformBlock	0x06001EE5	RUNTIME_DISPATCH		EXACT	lookup(receiver, interface class, slot) reaches the dispatch pointer; slot = Il2CppMethodDefinition.slot
Mono.Security.Protocol.Ntlm.ChallengeResponse2::GetResponse	CALL	v166 @ X0_v18 (System.Security.Cryptography.ICryptoTransform)	Type: System.Security.Cryptography.ICryptoTransform	4	System.Security.Cryptography.ICryptoTransform::TransformBlock	0x06001EE5	RUNTIME_DISPATCH		EXACT	lookup(receiver, interface class, slot) reaches the dispatch pointer; slot = Il2CppMethodDefinition.slot
Mono.Security.Protocol.Ntlm.ChallengeResponse2::GetResponse	CALL	v167 @ X0_v27 (System.Security.Cryptography.ICryptoTransform)	Type: System.Security.Cryptography.ICryptoTransform	4	System.Security.Cryptography.ICryptoTransform::TransformBlock	0x06001EE5	RUNTIME_DISPATCH		EXACT	lookup(receiver, interface class, slot) reaches the dispatch pointer; slot = Il2CppMethodDefinition.slot
Mono.Security.Protocol.Ntlm.ChallengeResponse2::GetResponse	CALL	v168 @ X0_v36 (System.Security.Cryptography.ICryptoTransform)	Type: System.Security.Cryptography.ICryptoTransform	4	System.Security.Cryptography.ICryptoTransform::TransformBlock	0x06001EE5	RUNTIME_DISPATCH		EXACT	lookup(receiver, interface class, slot) reaches the dispatch pointer; slot = Il2CppMethodDefinition.slot
Mono.Security.ASN1::GetBytes	CALL	v236 @ X0_v42 (System.Collections.IEnumerator)	Type: System.Collections.IEnumerator	1	System.Collections.IEnumerator::get_Current	0x060028DD	RUNTIME_DISPATCH		EXACT	lookup(receiver, interface class, slot) reaches the dispatch pointer; slot = Il2CppMethodDefinition.slot
Mono.Security.X509.PKCS12::get_Keys	CALL	v285 @ X0_v77 (System.Collections.IEnumerator)	v649 @ X1_v34	0	System.Collections.IEnumerator::MoveNext	0x060028DC	RUNTIME_DISPATCH		EXACT	lookup(receiver, interface class, slot) reaches the dispatch pointer; slot = Il2CppMethodDefinition.slot
Mono.Security.X509.PKCS12::get_Keys	CALL	v285 @ X0_v77 (System.Collections.IEnumerator)	v1065 @ X1_v36	1	System.Collections.IEnumerator::get_Current	0x060028DD	RUNTIME_DISPATCH		EXACT	lookup(receiver, interface class, slot) reaches the dispatch pointer; slot = Il2CppMethodDefinition.slot
Mono.Security.X509.PKCS12::get_Certificates	CALL	v310 @ X0_v40 (System.Collections.IEnumerator)	Type: System.Collections.IEnumerator	1	System.Collections.IEnumerator::get_Current	0x060028DD	RUNTIME_DISPATCH		EXACT	lookup(receiver, interface class, slot) reaches the dispatch pointer; slot = Il2CppMethodDefinition.slot
Mono.Security.X509.PKCS12::Pkcs8ShroudedKeyBagSafeBag	CALL	attributes @ X2 (System.Collections.IDictionary)	Type: System.Collections.IDictionary	3	System.Collections.IDictionary::GetEnumerator	0x060028D7	RUNTIME_DISPATCH		EXACT	lookup(receiver, interface class, slot) reaches the dispatch pointer; slot = Il2CppMethodDefinition.slot
Mono.Security.X509.PKCS12::Pkcs8ShroudedKeyBagSafeBag	CALL	v878 @ X0_v57 (System.Collections.IEnumerator)	Type: System.Collections.IDictionaryEnumerator	1	System.Collections.IDictionaryEnumerator::get_Value	0x060028D9	RUNTIME_DISPATCH		EXACT	lookup(receiver, interface class, slot) reaches the dispatch pointer; slot = Il2CppMethodDefinition.slot
Mono.Security.X509.PKCS12::Pkcs8ShroudedKeyBagSafeBag	CALL	v878 @ X0_v57 (System.Collections.IEnumerator)	Type: System.Collections.IDictionaryEnumerator	1	System.Collections.IDictionaryEnumerator::get_Value	0x060028D9	RUNTIME_DISPATCH		EXACT	lookup(receiver, interface class, slot) reaches the dispatch pointer; slot = Il2CppMethodDefinition.slot
Mono.Security.X509.PKCS12::Pkcs8ShroudedKeyBagSafeBag	CALL	v1428 @ X0_v162 (System.Collections.IEnumerator)	Type: System.Collections.IEnumerator	1	System.Collections.IEnumerator::get_Current	0x060028DD	RUNTIME_DISPATCH		EXACT	lookup(receiver, interface class, slot) reaches the dispatch pointer; slot = Il2CppMethodDefinition.slot
Mono.Security.X509.PKCS12::Pkcs8ShroudedKeyBagSafeBag	CALL	v1494 @ X0_v102 (System.Collections.IEnumerator)	Type: System.Collections.IEnumerator	1	System.Collections.IEnumerator::get_Current	0x060028DD	RUNTIME_DISPATCH		EXACT	lookup(receiver, interface class, slot) reaches the dispatch pointer; slot = Il2CppMethodDefinition.slot
Mono.Security.X509.PKCS12::CertificateSafeBag	CALL	attributes @ X2 (System.Collections.IDictionary)	Type: System.Collections.IDictionary	3	System.Collections.IDictionary::GetEnumerator	0x060028D7	RUNTIME_DISPATCH		EXACT	lookup(receiver, interface class, slot) reaches the dispatch pointer; slot = Il2CppMethodDefinition.slot
Mono.Security.X509.PKCS12::CertificateSafeBag	CALL	v596 @ X0_v42 (System.Collections.IEnumerator)	Type: System.Collections.IDictionaryEnumerator	1	System.Collections.IDictionaryEnumerator::get_Value	0x060028D9	RUNTIME_DISPATCH		EXACT	lookup(receiver, interface class, slot) reaches the dispatch pointer; slot = Il2CppMethodDefinition.slot
Mono.Security.X509.PKCS12::CertificateSafeBag	CALL	v596 @ X0_v42 (System.Collections.IEnumerator)	Type: System.Collections.IDictionaryEnumerator	1	System.Collections.IDictionaryEnumerator::get_Value	0x060028D9	RUNTIME_DISPATCH		EXACT	lookup(receiver, interface class, slot) reaches the dispatch pointer; slot = Il2CppMethodDefinition.slot
Mono.Security.X509.PKCS12::CertificateSafeBag	CALL	v1165 @ X0_v142 (System.Collections.IEnumerator)	Type: System.Collections.IEnumerator	1	System.Collections.IEnumerator::get_Current	0x060028DD	RUNTIME_DISPATCH		EXACT	lookup(receiver, interface class, slot) reaches the dispatch pointer; slot = Il2CppMethodDefinition.slot
Mono.Security.X509.PKCS12::CertificateSafeBag	CALL	v1231 @ X0_v82 (System.Collections.IEnumerator)	Type: System.Collections.IEnumerator	1	System.Collections.IEnumerator::get_Current	0x060028DD	RUNTIME_DISPATCH		EXACT	lookup(receiver, interface class, slot) reaches the dispatch pointer; slot = Il2CppMethodDefinition.slot
Mono.Security.X509.PKCS12::GetBytes	CALL	v79 @ X0_v103 (System.Collections.IEnumerator)	Type: System.Collections.IEnumerator	1	System.Collections.IEnumerator::get_Current	0x060028DD	RUNTIME_DISPATCH		EXACT	lookup(receiver, interface class, slot) reaches the dispatch pointer; slot = Il2CppMethodDefinition.slot
Mono.Security.X509.PKCS12::GetBytes	CALL	v2140 @ X0_v457 (System.Collections.IEnumerator)	Type: System.Collections.IEnumerator	1	System.Collections.IEnumerator::get_Current	0x060028DD	RUNTIME_DISPATCH		EXACT	lookup(receiver, interface class, slot) reaches the dispatch pointer; slot = Il2CppMethodDefinition.slot
Mono.Security.X509.PKCS12::GetBytes	CALL	v2133 @ X0_v117 (Il2CppClass<Mono.Security.X509.SafeBag>)	v2182 @ X1_v193	0	System.IDisposable::Dispose	0x06000921	RUNTIME_DISPATCH		EXACT	lookup(receiver, interface class, slot) reaches the dispatch pointer; slot = Il2CppMethodDefinition.slot
Mono.Security.X509.PKCS12::GetBytes	CALL	v2393 @ X0_v120 (System.Collections.IEnumerator)	Type: System.Collections.IEnumerator	1	System.Collections.IEnumerator::get_Current	0x060028DD	RUNTIME_DISPATCH		EXACT	lookup(receiver, interface class, slot) reaches the dispatch pointer; slot = Il2CppMethodDefinition.slot
Mono.Security.X509.PKCS12::GetBytes	CALL	v2975 @ X0_v123	v3091 @ X1_v166	0	System.IDisposable::Dispose	0x06000921	RUNTIME_DISPATCH		EXACT	lookup(receiver, interface class, slot) reaches the dispatch pointer; slot = Il2CppMethodDefinition.slot
Mono.Security.X509.PKCS12::GetBytes	CALL	v3272 @ X0_v126 (System.Collections.IEnumerator)	Type: System.Collections.IEnumerator	1	System.Collections.IEnumerator::get_Current	0x060028DD	RUNTIME_DISPATCH		EXACT	lookup(receiver, interface class, slot) reaches the dispatch pointer; slot = Il2CppMethodDefinition.slot
Mono.Security.X509.PKCS12::GetBytes	CALL	v3911 @ X0_v132 (System.Collections.IEnumerator)	Type: System.Collections.IEnumerator	1	System.Collections.IEnumerator::get_Current	0x060028DD	RUNTIME_DISPATCH		EXACT	lookup(receiver, interface class, slot) reaches the dispatch pointer; slot = Il2CppMethodDefinition.slot
Mono.Security.X509.PKCS12::GetBytes	CALL	v4378 @ X0_v261 (System.Collections.IEnumerator)	Type: System.Collections.IEnumerator	1	System.Collections.IEnumerator::get_Current	0x060028DD	RUNTIME_DISPATCH		EXACT	lookup(receiver, interface class, slot) reaches the dispatch pointer; slot = Il2CppMethodDefinition.slot
Mono.Security.X509.PKCS12::GetBytes	CALL	v4469 @ X0_v194 (System.Collections.IEnumerator)	Type: System.Collections.IEnumerator	1	System.Collections.IEnumerator::get_Current	0x060028DD	RUNTIME_DISPATCH		EXACT	lookup(receiver, interface class, slot) reaches the dispatch pointer; slot = Il2CppMethodDefinition.slot
Mono.Security.X509.PKCS12::GetBytes	CALL	v4613 @ X0_v148 (System.Collections.IEnumerator)	Type: System.Collections.IEnumerator	1	System.Collections.IEnumerator::get_Current	0x060028DD	RUNTIME_DISPATCH		EXACT	lookup(receiver, interface class, slot) reaches the dispatch pointer; slot = Il2CppMethodDefinition.slot
Mono.Security.X509.X509CertificateCollection+X509CertificateEnumerator::get_Current	CALL	v39 @ X19_v2 (System.Collections.IEnumerator)	Type: System.Collections.IEnumerator	1	System.Collections.IEnumerator::get_Current	0x060028DD	RUNTIME_DISPATCH		EXACT	lookup(receiver, interface class, slot) reaches the dispatch pointer; slot = Il2CppMethodDefinition.slot
Mono.Security.X509.X509CertificateCollection+X509CertificateEnumerator::System.Collections.IEnumerator.get_Current	TAIL	v39 @ X19_v2 (System.Collections.IEnumerator)	Type: System.Collections.IEnumerator	1	System.Collections.IEnumerator::get_Current	0x060028DD	RUNTIME_DISPATCH		EXACT	lookup(receiver, interface class, slot) reaches the dispatch pointer; slot = Il2CppMethodDefinition.slot
Mono.Security.X509.X509CertificateCollection+X509CertificateEnumerator::System.Collections.IEnumerator.Reset	TAIL	v39 @ X19_v2 (System.Collections.IEnumerator)	Type: System.Collections.IEnumerator	2	System.Collections.IEnumerator::Reset	0x060028DE	RUNTIME_DISPATCH		EXACT	lookup(receiver, interface class, slot) reaches the dispatch pointer; slot = Il2CppMethodDefinition.slot
Mono.Security.Protocol.Ntlm.ChallengeResponse::set_Password	CALL	v321 @ X0_v63 (System.Security.Cryptography.ICryptoTransform)	Type: System.Security.Cryptography.ICryptoTransform	4	System.Security.Cryptography.ICryptoTransform::TransformBlock	0x06001EE5	RUNTIME_DISPATCH		EXACT	lookup(receiver, interface class, slot) reaches the dispatch pointer; slot = Il2CppMethodDefinition.slot
Mono.Security.Protocol.Ntlm.ChallengeResponse::set_Password	CALL	v527 @ X0_v43 (System.Security.Cryptography.ICryptoTransform)	Type: System.Security.Cryptography.ICryptoTransform	4	System.Security.Cryptography.ICryptoTransform::TransformBlock	0x06001EE5	RUNTIME_DISPATCH		EXACT	lookup(receiver, interface class, slot) reaches the dispatch pointer; slot = Il2CppMethodDefinition.slot
Mono.Security.Protocol.Ntlm.ChallengeResponse::GetResponse	CALL	v168 @ X0_v15 (System.Security.Cryptography.ICryptoTransform)	Type: System.Security.Cryptography.ICryptoTransform	4	System.Security.Cryptography.ICryptoTransform::TransformBlock	0x06001EE5	RUNTIME_DISPATCH		EXACT	lookup(receiver, interface class, slot) reaches the dispatch pointer; slot = Il2CppMethodDefinition.slot
Mono.Security.Protocol.Ntlm.ChallengeResponse::GetResponse	CALL	v169 @ X0_v23 (System.Security.Cryptography.ICryptoTransform)	Type: System.Security.Cryptography.ICryptoTransform	4	System.Security.Cryptography.ICryptoTransform::TransformBlock	0x06001EE5	RUNTIME_DISPATCH		EXACT	lookup(receiver, interface class, slot) reaches the dispatch pointer; slot = Il2CppMethodDefinition.slot
Mono.Security.Protocol.Ntlm.ChallengeResponse::GetResponse	CALL	v170 @ X0_v31 (System.Security.Cryptography.ICryptoTransform)	Type: System.Security.Cryptography.ICryptoTransform	4	System.Security.Cryptography.ICryptoTransform::TransformBlock	0x06001EE5	RUNTIME_DISPATCH		EXACT	lookup(receiver, interface class, slot) reaches the dispatch pointer; slot = Il2CppMethodDefinition.slot
Mono.Security.Protocol.Ntlm.ChallengeResponse2::Compute_LM	CALL	v151 @ X0_v52 (System.Security.Cryptography.ICryptoTransform)	Type: System.Security.Cryptography.ICryptoTransform	4	System.Security.Cryptography.ICryptoTransform::TransformBlock	0x06001EE5	RUNTIME_DISPATCH		EXACT	lookup(receiver, interface class, slot) reaches the dispatch pointer; slot = Il2CppMethodDefinition.slot
Mono.Security.Protocol.Ntlm.ChallengeResponse2::Compute_LM	CALL	v152 @ X0_v32 (System.Security.Cryptography.ICryptoTransform)	Type: System.Security.Cryptography.ICryptoTransform	4	System.Security.Cryptography.ICryptoTransform::TransformBlock	0x06001EE5	RUNTIME_DISPATCH		EXACT	lookup(receiver, interface class, slot) reaches the dispatch pointer; slot = Il2CppMethodDefinition.slot
Mono.Security.Protocol.Ntlm.ChallengeResponse2::GetResponse	CALL	v166 @ X0_v18 (System.Security.Cryptography.ICryptoTransform)	Type: System.Security.Cryptography.ICryptoTransform	4	System.Security.Cryptography.ICryptoTransform::TransformBlock	0x06001EE5	RUNTIME_DISPATCH		EXACT	lookup(receiver, interface class, slot) reaches the dispatch pointer; slot = Il2CppMethodDefinition.slot
Mono.Security.Protocol.Ntlm.ChallengeResponse2::GetResponse	CALL	v167 @ X0_v27 (System.Security.Cryptography.ICryptoTransform)	Type: System.Security.Cryptography.ICryptoTransform	4	System.Security.Cryptography.ICryptoTransform::TransformBlock	0x06001EE5	RUNTIME_DISPATCH		EXACT	lookup(receiver, interface class, slot) reaches the dispatch pointer; slot = Il2CppMethodDefinition.slot
Mono.Security.Protocol.Ntlm.ChallengeResponse2::GetResponse	CALL	v168 @ X0_v36 (System.Security.Cryptography.ICryptoTransform)	Type: System.Security.Cryptography.ICryptoTransform	4	System.Security.Cryptography.ICryptoTransform::TransformBlock	0x06001EE5	RUNTIME_DISPATCH		EXACT	lookup(receiver, interface class, slot) reaches the dispatch pointer; slot = Il2CppMethodDefinition.slot
Mono.Security.Interface.MonoRemoteCertificateValidationCallback::Invoke	CALL	targetHost @ X1 (System.String)	v440 @ X0_v29	[v55 @ X24_v4 (Il2CppMethodInfo)+48]			RUNTIME_DISPATCH		UNRESOLVED	METHOD_POINTER:UNKNOWN_CLASS_SOURCE:CLASS_NOT_AN_INTERFACE_POINTER	call UNKNOWN@0x8D8228([MemoryOperand+0x28])
Mono.Security.Interface.MonoRemoteCertificateValidationCallback::Invoke	CALL	[v161 @ X8_v4+20]	v454 @ X0_v53	[v55 @ X24_v4 (Il2CppMethodInfo)+48]			RUNTIME_DISPATCH		UNRESOLVED	METHOD_POINTER:UNKNOWN_CLASS_SOURCE:CLASS_NOT_AN_INTERFACE_POINTER	call UNKNOWN@0x8D8228([MemoryOperand+0x28])
Mono.Security.Interface.MonoLocalCertificateSelectionCallback::Invoke	CALL	targetHost @ X1 (System.String)	v439 @ X0_v28	[v55 @ X24_v4 (Il2CppMethodInfo)+48]			RUNTIME_DISPATCH		UNRESOLVED	METHOD_POINTER:UNKNOWN_CLASS_SOURCE:CLASS_NOT_AN_INTERFACE_POINTER	call UNKNOWN@0x8D8228([MemoryOperand+0x28])
Mono.Security.Interface.MonoLocalCertificateSelectionCallback::Invoke	CALL	[v160 @ X8_v4+20]	v453 @ X0_v52	[v55 @ X24_v4 (Il2CppMethodInfo)+48]			RUNTIME_DISPATCH		UNRESOLVED	METHOD_POINTER:UNKNOWN_CLASS_SOURCE:CLASS_NOT_AN_INTERFACE_POINTER	call UNKNOWN@0x8D8228([MemoryOperand+0x28])
Mono.Security.Interface.MonoLocalCertificateSelectionCallback::Invoke	CALL	v502 @ X0_v15	v55 @ X24_v4 (Il2CppMethodInfo)	v539 @ X2_v13 (System.Security.Cryptography.X509Certificates.X509CertificateCollection)			RUNTIME_DISPATCH		UNRESOLVED	METHOD_POINTER:UNKNOWN_CLASS_SOURCE:CLASS_NOT_AN_INTERFACE_POINTER	[MemoryOperand+0x28]
Mono.Security.Cryptography.PKCS8+PrivateKeyInfo::GetBytes	CALL	v394 @ X0_v43 (System.Collections.IEnumerator)	Type: System.Collections.IEnumerator	1	System.Collections.IEnumerator::get_Current	0x060028DD	RUNTIME_DISPATCH		EXACT	lookup(receiver, interface class, slot) reaches the dispatch pointer; slot = Il2CppMethodDefinition.slot
Mono.Security.Cryptography.RSAManaged+KeyGeneratedEventHandler::Invoke	CALL	sender @ X1 (System.Object)	v412 @ X0_v27	[v48 @ X22_v2 (Il2CppMethodInfo)+48]			RUNTIME_DISPATCH		UNRESOLVED	METHOD_POINTER:UNKNOWN_CLASS_SOURCE:CLASS_NOT_AN_INTERFACE_POINTER	call UNKNOWN@0x8D8228([MemoryOperand+0x28])
Mono.Security.Cryptography.RSAManaged+KeyGeneratedEventHandler::Invoke	CALL	[v151 @ X8_v3+20]	v426 @ X0_v51	[v48 @ X22_v2 (Il2CppMethodInfo)+48]			RUNTIME_DISPATCH		UNRESOLVED	METHOD_POINTER:UNKNOWN_CLASS_SOURCE:CLASS_NOT_AN_INTERFACE_POINTER	call UNKNOWN@0x8D8228([MemoryOperand+0x28])
Mono.Security.Cryptography.RSAManaged+KeyGeneratedEventHandler::Invoke	CALL	v475 @ X0_v14	v48 @ X22_v2 (Il2CppMethodInfo)	v512 @ X2_v12 (System.EventArgs)			RUNTIME_DISPATCH		UNRESOLVED	METHOD_POINTER:UNKNOWN_CLASS_SOURCE:CLASS_NOT_AN_INTERFACE_POINTER	[MemoryOperand+0x28]
Mono.Math.Prime.PrimalityTest::Invoke	CALL	bi @ X1 (Mono.Math.BigInteger)	v414 @ X0_v29	[v53 @ X22_v4 (Il2CppMethodInfo)+48]			RUNTIME_DISPATCH		UNRESOLVED	METHOD_POINTER:UNKNOWN_CLASS_SOURCE:CLASS_NOT_AN_INTERFACE_POINTER	call UNKNOWN@0x8D8228([MemoryOperand+0x28])
Mono.Math.Prime.PrimalityTest::Invoke	CALL	[v153 @ X8_v4+20]	v428 @ X0_v53	[v53 @ X22_v4 (Il2CppMethodInfo)+48]			RUNTIME_DISPATCH		UNRESOLVED	METHOD_POINTER:UNKNOWN_CLASS_SOURCE:CLASS_NOT_AN_INTERFACE_POINTER	call UNKNOWN@0x8D8228([MemoryOperand+0x28])
UnityEngine.Purchasing.UnityPurchasingCallback::Invoke	CALL	subject @ X1 (System.String)	v438 @ X0_v27	[v50 @ X24_v2 (Il2CppMethodInfo)+48]			RUNTIME_DISPATCH		UNRESOLVED	METHOD_POINTER:UNKNOWN_CLASS_SOURCE:CLASS_NOT_AN_INTERFACE_POINTER	call UNKNOWN@0x8D8228([MemoryOperand+0x28])
UnityEngine.Purchasing.UnityPurchasingCallback::Invoke	CALL	[v159 @ X8_v3+20]	v452 @ X0_v51	[v50 @ X24_v2 (Il2CppMethodInfo)+48]			RUNTIME_DISPATCH		UNRESOLVED	METHOD_POINTER:UNKNOWN_CLASS_SOURCE:CLASS_NOT_AN_INTERFACE_POINTER	call UNKNOWN@0x8D8228([MemoryOperand+0x28])
UnityEngine.Purchasing.UnityPurchasingCallback::Invoke	CALL	v501 @ X0_v14	v50 @ X24_v2 (Il2CppMethodInfo)	v538 @ X2_v12 (System.String)			RUNTIME_DISPATCH		UNRESOLVED	METHOD_POINTER:UNKNOWN_CLASS_SOURCE:CLASS_NOT_AN_INTERFACE_POINTER	[MemoryOperand+0x28]
UnityEngine.Purchasing.MiniJSON.Json+Serializer::SerializeObject	CALL	obj @ X1 (System.Collections.IDictionary)	Type: System.Collections.IDictionary	2	System.Collections.IDictionary::get_Keys	0x060028D6	RUNTIME_DISPATCH		EXACT	lookup(receiver, interface class, slot) reaches the dispatch pointer; slot = Il2CppMethodDefinition.slot
UnityEngine.Purchasing.MiniJSON.Json+Serializer::SerializeObject	CALL	v333 @ X0_v35 (System.Collections.IEnumerator)	Type: System.Collections.IEnumerator	1	System.Collections.IEnumerator::get_Current	0x060028DD	RUNTIME_DISPATCH		EXACT	lookup(receiver, interface class, slot) reaches the dispatch pointer; slot = Il2CppMethodDefinition.slot
UnityEngine.Purchasing.MiniJSON.Json+Serializer::SerializeArray	CALL	v299 @ X0_v32 (System.Collections.IEnumerator)	Type: System.Collections.IEnumerator	1	System.Collections.IEnumerator::get_Current	0x060028DD	RUNTIME_DISPATCH		EXACT	lookup(receiver, interface class, slot) reaches the dispatch pointer; slot = Il2CppMethodDefinition.slot
UnityEngine.Purchasing.UnityNativePurchasingCallback::Invoke	CALL	[v159 @ X8_v3+20]	v336 @ X0_v25	[v50 @ X25_v2 (System.String)+48]			RUNTIME_DISPATCH		UNRESOLVED	METHOD_POINTER:UNKNOWN_CLASS_SOURCE:CLASS_NOT_AN_INTERFACE_POINTER	call UNKNOWN@0x8D8228([MemoryOperand+0x28])
UnityEngine.UDP.LicenseForwardCallback::dontAllow	CALL	v76 @ X20_v2 (UnityEngine.UDP.ILicensingListener)	Type: UnityEngine.UDP.ILicensingListener	1	UnityEngine.UDP.ILicensingListener::dontAllow	0x06000018	RUNTIME_DISPATCH		EXACT	lookup(receiver, interface class, slot) reaches the dispatch pointer; slot = Il2CppMethodDefinition.slot
UnityEngine.UDP.LicenseForwardCallback::applicationError	CALL	v76 @ X20_v2 (UnityEngine.UDP.ILicensingListener)	Type: UnityEngine.UDP.ILicensingListener	2	UnityEngine.UDP.ILicensingListener::applicationError	0x06000019	RUNTIME_DISPATCH		EXACT	lookup(receiver, interface class, slot) reaches the dispatch pointer; slot = Il2CppMethodDefinition.slot
UnityEngine.UDP.PurchaseForwardCallback::GetValueOfDictionary	CALL	dictionary @ X0 (System.Collections.Generic.IDictionary`2<System.String, System.Object>)	Type: System.Collections.Generic.IDictionary`2<System.String, System.Object>	3	System.Collections.Generic.IDictionary`2::ContainsKey	0x06002A9E	RUNTIME_DISPATCH	System.String,System.Object	EXACT	lookup(receiver, interface class, slot) reaches the dispatch pointer; slot = Il2CppMethodDefinition.slot
UnityEngine.UDP.Common.MiniJSON.Json+Serializer::SerializeObject	CALL	obj @ X1 (System.Collections.IDictionary)	Type: System.Collections.IDictionary	2	System.Collections.IDictionary::get_Keys	0x060028D6	RUNTIME_DISPATCH		EXACT	lookup(receiver, interface class, slot) reaches the dispatch pointer; slot = Il2CppMethodDefinition.slot
UnityEngine.UDP.Common.MiniJSON.Json+Serializer::SerializeObject	CALL	v333 @ X0_v35 (System.Collections.IEnumerator)	Type: System.Collections.IEnumerator	1	System.Collections.IEnumerator::get_Current	0x060028DD	RUNTIME_DISPATCH		EXACT	lookup(receiver, interface class, slot) reaches the dispatch pointer; slot = Il2CppMethodDefinition.slot
UnityEngine.UDP.Common.MiniJSON.Json+Serializer::SerializeArray	CALL	v299 @ X0_v32 (System.Collections.IEnumerator)	Type: System.Collections.IEnumerator	1	System.Collections.IEnumerator::get_Current	0x060028DD	RUNTIME_DISPATCH		EXACT	lookup(receiver, interface class, slot) reaches the dispatch pointer; slot = Il2CppMethodDefinition.slot
Firebase.Unity.InstallRootCerts::DecodeCollection	CALL	v77 @ X20_v4 (Firebase.Platform.IAppConfigExtensions)	Type: Firebase.Platform.IAppConfigExtensions	1	Firebase.Platform.IAppConfigExtensions::GetCertPemFile	0x06000080	RUNTIME_DISPATCH		EXACT	lookup(receiver, interface class, slot) reaches the dispatch pointer; slot = Il2CppMethodDefinition.slot
Firebase.Platform.FirebaseHandler::Update	CALL	v92 @ X20_v5 (Firebase.Platform.IFirebaseAppUtils)	Type: Firebase.Platform.IFirebaseAppUtils	1	Firebase.Platform.IFirebaseAppUtils::PollCallbacks	0x060000A5	RUNTIME_DISPATCH		EXACT	lookup(receiver, interface class, slot) reaches the dispatch pointer; slot = Il2CppMethodDefinition.slot
Firebase.Platform.FirebaseLogger::LogMessage	CALL	v80 @ X21_v4 (Firebase.Platform.IFirebaseAppUtils)	Type: Firebase.Platform.IFirebaseAppUtils	4	Firebase.Platform.IFirebaseAppUtils::GetLogLevel	0x060000A8	RUNTIME_DISPATCH		EXACT	lookup(receiver, interface class, slot) reaches the dispatch pointer; slot = Il2CppMethodDefinition.slot
Firebase.Platform.Default.AppConfigExtensions::GetState	CALL	v115 @ X22_v9 (Firebase.Platform.IFirebaseAppUtils)	Type: Firebase.Platform.IFirebaseAppUtils	2	Firebase.Platform.IFirebaseAppUtils::GetDefaultInstance	0x060000A6	RUNTIME_DISPATCH		EXACT	lookup(receiver, interface class, slot) reaches the dispatch pointer; slot = Il2CppMethodDefinition.slot
IronSource::setAge	TAIL	v42 @ X20_v2 (IronSourceIAgent)	Type: IronSourceIAgent	1	IronSourceIAgent::setAge	0x06000143	RUNTIME_DISPATCH		EXACT	lookup(receiver, interface class, slot) reaches the dispatch pointer; slot = Il2CppMethodDefinition.slot
IronSource::setGender	TAIL	v216 @ X19_v6 (IronSourceIAgent)	v208 @ X1_v6 (Il2CppClass<IronSourceIAgent>)	2	IronSourceIAgent::setGender	0x06000144	RUNTIME_DISPATCH		EXACT	lookup(receiver, interface class, slot) reaches the dispatch pointer; slot = Il2CppMethodDefinition.slot
IronSource::setMediationSegment	TAIL	v42 @ X20_v2 (IronSourceIAgent)	Type: IronSourceIAgent	3	IronSourceIAgent::setMediationSegment	0x06000145	RUNTIME_DISPATCH		EXACT	lookup(receiver, interface class, slot) reaches the dispatch pointer; slot = Il2CppMethodDefinition.slot
IronSource::getAdvertiserId	TAIL	v39 @ X19_v2 (IronSourceIAgent)	Type: IronSourceIAgent	4	IronSourceIAgent::getAdvertiserId	0x06000146	RUNTIME_DISPATCH		EXACT	lookup(receiver, interface class, slot) reaches the dispatch pointer; slot = Il2CppMethodDefinition.slot
IronSource::shouldTrackNetworkState	TAIL	v42 @ X20_v2 (IronSourceIAgent)	Type: IronSourceIAgent	6	IronSourceIAgent::shouldTrackNetworkState	0x06000148	RUNTIME_DISPATCH		EXACT	lookup(receiver, interface class, slot) reaches the dispatch pointer; slot = Il2CppMethodDefinition.slot
IronSource::setDynamicUserId	TAIL	v42 @ X20_v2 (IronSourceIAgent)	Type: IronSourceIAgent	7	IronSourceIAgent::setDynamicUserId	0x06000149	RUNTIME_DISPATCH		EXACT	lookup(receiver, interface class, slot) reaches the dispatch pointer; slot = Il2CppMethodDefinition.slot
IronSource::setAdaptersDebug	TAIL	v42 @ X20_v2 (IronSourceIAgent)	Type: IronSourceIAgent	8	IronSourceIAgent::setAdaptersDebug	0x0600014A	RUNTIME_DISPATCH		EXACT	lookup(receiver, interface class, slot) reaches the dispatch pointer; slot = Il2CppMethodDefinition.slot
IronSource::init	TAIL	v45 @ X21_v2 (IronSourceIAgent)	Type: IronSourceIAgent	12	IronSourceIAgent::init	0x0600014E	RUNTIME_DISPATCH		EXACT	lookup(receiver, interface class, slot) reaches the dispatch pointer; slot = Il2CppMethodDefinition.slot
IronSource::showRewardedVideo	TAIL	v39 @ X19_v2 (IronSourceIAgent)	Type: IronSourceIAgent	14	IronSourceIAgent::showRewardedVideo	0x06000150	RUNTIME_DISPATCH		EXACT	lookup(receiver, interface class, slot) reaches the dispatch pointer; slot = Il2CppMethodDefinition.slot
IronSource::showRewardedVideo	TAIL	v42 @ X20_v2 (IronSourceIAgent)	Type: IronSourceIAgent	15	IronSourceIAgent::showRewardedVideo	0x06000151	RUNTIME_DISPATCH		EXACT	lookup(receiver, interface class, slot) reaches the dispatch pointer; slot = Il2CppMethodDefinition.slot
IronSource::isRewardedVideoAvailable	TAIL	v39 @ X19_v2 (IronSourceIAgent)	Type: IronSourceIAgent	16	IronSourceIAgent::isRewardedVideoAvailable	0x06000152	RUNTIME_DISPATCH		EXACT	lookup(receiver, interface class, slot) reaches the dispatch pointer; slot = Il2CppMethodDefinition.slot
IronSource::loadInterstitial	TAIL	v39 @ X19_v2 (IronSourceIAgent)	Type: IronSourceIAgent	24	IronSourceIAgent::loadInterstitial	0x0600015A	RUNTIME_DISPATCH		EXACT	lookup(receiver, interface class, slot) reaches the dispatch pointer; slot = Il2CppMethodDefinition.slot
IronSource::isInterstitialPlacementCapped	TAIL	v42 @ X20_v2 (IronSourceIAgent)	Type: IronSourceIAgent	28	IronSourceIAgent::isInterstitialPlacementCapped	0x0600015E	RUNTIME_DISPATCH		EXACT	lookup(receiver, interface class, slot) reaches the dispatch pointer; slot = Il2CppMethodDefinition.slot
IronSource::showISDemandOnlyInterstitial	TAIL	v42 @ X20_v2 (IronSourceIAgent)	Type: IronSourceIAgent	30	IronSourceIAgent::showISDemandOnlyInterstitial	0x06000160	RUNTIME_DISPATCH		EXACT	lookup(receiver, interface class, slot) reaches the dispatch pointer; slot = Il2CppMethodDefinition.slot
IronSource::isISDemandOnlyInterstitialReady	TAIL	v42 @ X20_v2 (IronSourceIAgent)	Type: IronSourceIAgent	31	IronSourceIAgent::isISDemandOnlyInterstitialReady	0x06000161	RUNTIME_DISPATCH		EXACT	lookup(receiver, interface class, slot) reaches the dispatch pointer; slot = Il2CppMethodDefinition.slot
IronSource::showOfferwall	TAIL	v39 @ X19_v2 (IronSourceIAgent)	Type: IronSourceIAgent	32	IronSourceIAgent::showOfferwall	0x06000162	RUNTIME_DISPATCH		EXACT	lookup(receiver, interface class, slot) reaches the dispatch pointer; slot = Il2CppMethodDefinition.slot
IronSourceJSON.Json+Serializer::SerializeObject	CALL	obj @ X1 (System.Collections.IDictionary)	Type: System.Collections.IDictionary	2	System.Collections.IDictionary::get_Keys	0x060028D6	RUNTIME_DISPATCH		EXACT	lookup(receiver, interface class, slot) reaches the dispatch pointer; slot = Il2CppMethodDefinition.slot
IronSourceJSON.Json+Serializer::SerializeObject	CALL	v333 @ X0_v35 (System.Collections.IEnumerator)	Type: System.Collections.IEnumerator	1	System.Collections.IEnumerator::get_Current	0x060028DD	RUNTIME_DISPATCH		EXACT	lookup(receiver, interface class, slot) reaches the dispatch pointer; slot = Il2CppMethodDefinition.slot
IronSourceJSON.Json+Serializer::SerializeArray	CALL	v299 @ X0_v32 (System.Collections.IEnumerator)	Type: System.Collections.IEnumerator	1	System.Collections.IEnumerator::get_Current	0x060028DD	RUNTIME_DISPATCH		EXACT	lookup(receiver, interface class, slot) reaches the dispatch pointer; slot = Il2CppMethodDefinition.slot
UnityEngine.Purchasing.JavaBridge::OnProductsRetrieved	TAIL	v42 @ X20_v2 (UnityEngine.Purchasing.IUnityCallback)	Type: UnityEngine.Purchasing.IUnityCallback	1	UnityEngine.Purchasing.IUnityCallback::OnProductsRetrieved	0x06000019	RUNTIME_DISPATCH		EXACT	lookup(receiver, interface class, slot) reaches the dispatch pointer; slot = Il2CppMethodDefinition.slot
UnityEngine.Purchasing.JavaBridge::OnPurchaseSucceeded	TAIL	v48 @ X22_v2 (UnityEngine.Purchasing.IUnityCallback)	Type: UnityEngine.Purchasing.IUnityCallback	2	UnityEngine.Purchasing.IUnityCallback::OnPurchaseSucceeded	0x0600001A	RUNTIME_DISPATCH		EXACT	lookup(receiver, interface class, slot) reaches the dispatch pointer; slot = Il2CppMethodDefinition.slot
UnityEngine.Purchasing.JavaBridge::OnPurchaseFailed	TAIL	v42 @ X20_v2 (UnityEngine.Purchasing.IUnityCallback)	Type: UnityEngine.Purchasing.IUnityCallback	3	UnityEngine.Purchasing.IUnityCallback::OnPurchaseFailed	0x0600001B	RUNTIME_DISPATCH		EXACT	lookup(receiver, interface class, slot) reaches the dispatch pointer; slot = Il2CppMethodDefinition.slot
UnityEngine.Purchasing.ScriptingUnityCallback::OnSetupFailed	TAIL	v51 @ X19_v3 (Uniject.IUtil)	Type: Uniject.IUtil	15	Uniject.IUtil::RunOnMainThread	0x06000010	RUNTIME_DISPATCH		EXACT	lookup(receiver, interface class, slot) reaches the dispatch pointer; slot = Il2CppMethodDefinition.slot
UnityEngine.Purchasing.ScriptingUnityCallback::OnProductsRetrieved	TAIL	v51 @ X19_v3 (Uniject.IUtil)	Type: Uniject.IUtil	15	Uniject.IUtil::RunOnMainThread	0x06000010	RUNTIME_DISPATCH		EXACT	lookup(receiver, interface class, slot) reaches the dispatch pointer; slot = Il2CppMethodDefinition.slot
UnityEngine.Purchasing.ScriptingUnityCallback::OnPurchaseSucceeded	TAIL	v57 @ X19_v3 (Uniject.IUtil)	Type: Uniject.IUtil	15	Uniject.IUtil::RunOnMainThread	0x06000010	RUNTIME_DISPATCH		EXACT	lookup(receiver, interface class, slot) reaches the dispatch pointer; slot = Il2CppMethodDefinition.slot
UnityEngine.Purchasing.ScriptingUnityCallback::OnPurchaseFailed	TAIL	v51 @ X19_v3 (Uniject.IUtil)	Type: Uniject.IUtil	15	Uniject.IUtil::RunOnMainThread	0x06000010	RUNTIME_DISPATCH		EXACT	lookup(receiver, interface class, slot) reaches the dispatch pointer; slot = Il2CppMethodDefinition.slot
UnityEngine.Purchasing.MoolahStoreImpl::RetrieveProductsSucceeded	TAIL	v42 @ X20_v2 (UnityEngine.Purchasing.Extension.IStoreCallback)	Type: UnityEngine.Purchasing.Extension.IStoreCallback	2	UnityEngine.Purchasing.Extension.IStoreCallback::OnProductsRetrieved	0x060000B3	RUNTIME_DISPATCH		EXACT	lookup(receiver, interface class, slot) reaches the dispatch pointer; slot = Il2CppMethodDefinition.slot
UnityEngine.Purchasing.MoolahStoreImpl::RetrieveProductsFailed	TAIL	v42 @ X20_v2 (UnityEngine.Purchasing.Extension.IStoreCallback)	Type: UnityEngine.Purchasing.Extension.IStoreCallback	1	UnityEngine.Purchasing.Extension.IStoreCallback::OnSetupFailed	0x060000B2	RUNTIME_DISPATCH		EXACT	lookup(receiver, interface class, slot) reaches the dispatch pointer; slot = Il2CppMethodDefinition.slot
UnityEngine.Purchasing.MoolahStoreImpl::PurchaseSucceed	TAIL	v65 @ X22_v2 (UnityEngine.Purchasing.Extension.IStoreCallback)	Type: UnityEngine.Purchasing.Extension.IStoreCallback	3	UnityEngine.Purchasing.Extension.IStoreCallback::OnPurchaseSucceeded	0x060000B4	RUNTIME_DISPATCH		EXACT	lookup(receiver, interface class, slot) reaches the dispatch pointer; slot = Il2CppMethodDefinition.slot
UnityEngine.Purchasing.MoolahStoreImpl::PurchaseFailed	TAIL	v57 @ X20_v2 (UnityEngine.Purchasing.Extension.IStoreCallback)	Type: UnityEngine.Purchasing.Extension.IStoreCallback	4	UnityEngine.Purchasing.Extension.IStoreCallback::OnPurchaseFailed	0x060000B5	RUNTIME_DISPATCH		EXACT	lookup(receiver, interface class, slot) reaches the dispatch pointer; slot = Il2CppMethodDefinition.slot
UnityEngine.Purchasing.UDPImpl::FinishTransaction	TAIL	v117 @ X21_v3 (UnityEngine.Purchasing.INativeUDPStore)	Type: UnityEngine.Purchasing.INativeUDPStore	3	UnityEngine.Purchasing.INativeUDPStore::FinishTransaction	0x060000B5	RUNTIME_DISPATCH		EXACT	lookup(receiver, interface class, slot) reaches the dispatch pointer; slot = Il2CppMethodDefinition.slot
UnityEngine.Purchasing.AppleStoreImpl::SetStorePromotionVisibility	CALL	v75 @ X19_v6 (UnityEngine.Purchasing.INativeAppleStore)	Type: UnityEngine.Purchasing.INativeAppleStore	7	UnityEngine.Purchasing.INativeAppleStore::SetStorePromotionVisibility	0x06000008	RUNTIME_DISPATCH		EXACT	lookup(receiver, interface class, slot) reaches the dispatch pointer; slot = Il2CppMethodDefinition.slot
UnityEngine.Purchasing.AppleStoreImpl::OnProductsRetrieved	CALL	v62 @ X21_v1 (UnityEngine.Purchasing.INativeAppleStore)	Type: UnityEngine.Purchasing.INativeAppleStore	4	UnityEngine.Purchasing.INativeAppleStore::get_appReceipt	0x06000005	RUNTIME_DISPATCH		EXACT	lookup(receiver, interface class, slot) reaches the dispatch pointer; slot = Il2CppMethodDefinition.slot
UnityEngine.Purchasing.AppleStoreImpl::OnProductsRetrieved	CALL	v216 @ X22_v3 (UnityEngine.Purchasing.Extension.IStoreCallback)	Type: UnityEngine.Purchasing.Extension.IStoreCallback	2	UnityEngine.Purchasing.Extension.IStoreCallback::OnProductsRetrieved	0x060000B3	RUNTIME_DISPATCH		EXACT	lookup(receiver, interface class, slot) reaches the dispatch pointer; slot = Il2CppMethodDefinition.slot
UnityEngine.Purchasing.AppleStoreImpl::OnProductsRetrieved	CALL	v415 @ X20_v8 (UnityEngine.Purchasing.INativeAppleStore)	Type: UnityEngine.Purchasing.INativeAppleStore	8	UnityEngine.Purchasing.INativeAppleStore::InterceptPromotionalPurchases	0x06000009	RUNTIME_DISPATCH		EXACT	lookup(receiver, interface class, slot) reaches the dispatch pointer; slot = Il2CppMethodDefinition.slot
UnityEngine.Purchasing.AppleStoreImpl::OnProductsRetrieved	CALL	v405 @ X19_v2 (UnityEngine.Purchasing.INativeAppleStore)	Type: UnityEngine.Purchasing.INativeAppleStore	3	UnityEngine.Purchasing.INativeAppleStore::AddTransactionObserver	0x06000004	RUNTIME_DISPATCH		EXACT	lookup(receiver, interface class, slot) reaches the dispatch pointer; slot = Il2CppMethodDefinition.slot
UnityEngine.Purchasing.AppleStoreImpl::RestoreTransactions	TAIL	v42 @ X19_v2 (UnityEngine.Purchasing.INativeAppleStore)	Type: UnityEngine.Purchasing.INativeAppleStore	1	UnityEngine.Purchasing.INativeAppleStore::RestoreTransactions	0x06000002	RUNTIME_DISPATCH		EXACT	lookup(receiver, interface class, slot) reaches the dispatch pointer; slot = Il2CppMethodDefinition.slot
UnityEngine.Purchasing.AppleStoreImpl::RefreshAppReceipt	TAIL	v45 @ X19_v2 (UnityEngine.Purchasing.INativeAppleStore)	Type: UnityEngine.Purchasing.INativeAppleStore	2	UnityEngine.Purchasing.INativeAppleStore::RefreshAppReceipt	0x06000003	RUNTIME_DISPATCH		EXACT	lookup(receiver, interface class, slot) reaches the dispatch pointer; slot = Il2CppMethodDefinition.slot
UnityEngine.Purchasing.AppleStoreImpl::MessageCallback	TAIL	v61 @ X19_v3 (Uniject.IUtil)	Type: Uniject.IUtil	15	Uniject.IUtil::RunOnMainThread	0x06000010	RUNTIME_DISPATCH		EXACT	lookup(receiver, interface class, slot) reaches the dispatch pointer; slot = Il2CppMethodDefinition.slot
UnityEngine.Purchasing.JSONStore::Initialize	TAIL	v148 @ X19_v4 (UnityEngine.ILogger)	Type: UnityEngine.ILogger	6	UnityEngine.ILogger::LogWarning	0x060003C3	RUNTIME_DISPATCH		EXACT	lookup(receiver, interface class, slot) reaches the dispatch pointer; slot = Il2CppMethodDefinition.slot
UnityEngine.Purchasing.JSONStore::Purchase	CALL	v312 @ X23_v16 (UnityEngine.ILogger)	Type: UnityEngine.ILogger	4	UnityEngine.ILogger::Log	0x060003C1	RUNTIME_DISPATCH		EXACT	lookup(receiver, interface class, slot) reaches the dispatch pointer; slot = Il2CppMethodDefinition.slot
UnityEngine.Purchasing.JSONStore::Purchase	CALL	v303 @ X22_v13 (UnityEngine.ILogger)	Type: UnityEngine.ILogger	6	UnityEngine.ILogger::LogWarning	0x060003C3	RUNTIME_DISPATCH		EXACT	lookup(receiver, interface class, slot) reaches the dispatch pointer; slot = Il2CppMethodDefinition.slot
UnityEngine.Purchasing.JSONStore::FinishTransaction	TAIL	v54 @ X21_v2 (UnityEngine.Purchasing.INativeStore)	Type: UnityEngine.Purchasing.INativeStore	2	UnityEngine.Purchasing.INativeStore::FinishTransaction	0x06000005	RUNTIME_DISPATCH		EXACT	lookup(receiver, interface class, slot) reaches the dispatch pointer; slot = Il2CppMethodDefinition.slot
UnityEngine.Purchasing.JSONStore::OnSetupFailed	TAIL	v123 @ X19_v3 (UnityEngine.Purchasing.Extension.IStoreCallback)	Type: UnityEngine.Purchasing.Extension.IStoreCallback	1	UnityEngine.Purchasing.Extension.IStoreCallback::OnSetupFailed	0x060000B2	RUNTIME_DISPATCH		EXACT	lookup(receiver, interface class, slot) reaches the dispatch pointer; slot = Il2CppMethodDefinition.slot
UnityEngine.Purchasing.JSONStore::OnProductsRetrieved	CALL	v42 @ X20_v2 (UnityEngine.Purchasing.Extension.IStoreCallback)	Type: UnityEngine.Purchasing.Extension.IStoreCallback	2	UnityEngine.Purchasing.Extension.IStoreCallback::OnProductsRetrieved	0x060000B3	RUNTIME_DISPATCH		EXACT	lookup(receiver, interface class, slot) reaches the dispatch pointer; slot = Il2CppMethodDefinition.slot
UnityEngine.Purchasing.JSONStore::OnPurchaseSucceeded	CALL	v280 @ X23_v8 (UnityEngine.Purchasing.Extension.IStoreCallback)	Type: UnityEngine.Purchasing.Extension.IStoreCallback	3	UnityEngine.Purchasing.Extension.IStoreCallback::OnPurchaseSucceeded	0x060000B4	RUNTIME_DISPATCH		EXACT	lookup(receiver, interface class, slot) reaches the dispatch pointer; slot = Il2CppMethodDefinition.slot
UnityEngine.Purchasing.JSONStore::OnPurchaseFailed	CALL	v229 @ X20_v4	Type: UnityEngine.Purchasing.Extension.IStoreCallback	4	UnityEngine.Purchasing.Extension.IStoreCallback::OnPurchaseFailed	0x060000B5	RUNTIME_DISPATCH		EXACT	lookup(receiver, interface class, slot) reaches the dispatch pointer; slot = Il2CppMethodDefinition.slot
UnityEngine.Purchasing.CloudCatalogImpl::FetchProducts	CALL	v56 @ X20_v3 (UnityEngine.ILogger)	Type: UnityEngine.ILogger	4	UnityEngine.ILogger::Log	0x060003C1	RUNTIME_DISPATCH		EXACT	lookup(receiver, interface class, slot) reaches the dispatch pointer; slot = Il2CppMethodDefinition.slot
UnityEngine.Purchasing.StoreCatalogImpl::handleCachedCatalog	CALL	v47 @ X20_v5 (UnityEngine.ILogger)	Type: UnityEngine.ILogger	4	UnityEngine.ILogger::Log	0x060003C1	RUNTIME_DISPATCH		EXACT	lookup(receiver, interface class, slot) reaches the dispatch pointer; slot = Il2CppMethodDefinition.slot
UnityEngine.Purchasing.StoreCatalogImpl::handleCachedCatalog	CALL	v141 @ X21_v6 (UnityEngine.ILogger)	Type: UnityEngine.ILogger	4	UnityEngine.ILogger::Log	0x060003C1	RUNTIME_DISPATCH		EXACT	lookup(receiver, interface class, slot) reaches the dispatch pointer; slot = Il2CppMethodDefinition.slot
UnityEngine.Purchasing.EventQueue::SendEvent	CALL	v119 @ X21_v10 (UnityEngine.Purchasing.IAsyncWebUtil)	Type: UnityEngine.Purchasing.IAsyncWebUtil	1	UnityEngine.Purchasing.IAsyncWebUtil::Post	0x0600016C	RUNTIME_DISPATCH		EXACT	lookup(receiver, interface class, slot) reaches the dispatch pointer; slot = Il2CppMethodDefinition.slot
UnityEngine.Purchasing.ProfileData::.ctor	CALL	util @ X1 (Uniject.IUtil)	Type: Uniject.IUtil	2	Uniject.IUtil::get_cloudProjectId	0x06000003	RUNTIME_DISPATCH		EXACT	lookup(receiver, interface class, slot) reaches the dispatch pointer; slot = Il2CppMethodDefinition.slot
UnityEngine.Purchasing.ProfileData::.ctor	CALL	util @ X1 (Uniject.IUtil)	Type: Uniject.IUtil	4	Uniject.IUtil::get_unityVersion	0x06000005	RUNTIME_DISPATCH		EXACT	lookup(receiver, interface class, slot) reaches the dispatch pointer; slot = Il2CppMethodDefinition.slot
UnityEngine.Purchasing.ProfileData::.ctor	CALL	util @ X1 (Uniject.IUtil)	Type: Uniject.IUtil	8	Uniject.IUtil::get_operatingSystem	0x06000009	RUNTIME_DISPATCH		EXACT	lookup(receiver, interface class, slot) reaches the dispatch pointer; slot = Il2CppMethodDefinition.slot
UnityEngine.Purchasing.ProfileData::.ctor	CALL	util @ X1 (Uniject.IUtil)	Type: Uniject.IUtil	3	Uniject.IUtil::get_deviceUniqueIdentifier	0x06000004	RUNTIME_DISPATCH		EXACT	lookup(receiver, interface class, slot) reaches the dispatch pointer; slot = Il2CppMethodDefinition.slot
UnityEngine.Purchasing.ProfileData::.ctor	CALL	util @ X1 (Uniject.IUtil)	Type: Uniject.IUtil	6	Uniject.IUtil::get_gameVersion	0x06000007	RUNTIME_DISPATCH		EXACT	lookup(receiver, interface class, slot) reaches the dispatch pointer; slot = Il2CppMethodDefinition.slot
UnityEngine.Purchasing.ProfileData::.ctor	CALL	util @ X1 (Uniject.IUtil)	Type: Uniject.IUtil	7	Uniject.IUtil::get_sessionId	0x06000008	RUNTIME_DISPATCH		EXACT	lookup(receiver, interface class, slot) reaches the dispatch pointer; slot = Il2CppMethodDefinition.slot
UnityEngine.Purchasing.ProfileData::.ctor	CALL	util @ X1 (Uniject.IUtil)	Type: Uniject.IUtil	12	Uniject.IUtil::get_screenOrientation	0x0600000D	RUNTIME_DISPATCH		EXACT	lookup(receiver, interface class, slot) reaches the dispatch pointer; slot = Il2CppMethodDefinition.slot
UnityEngine.Purchasing.Promo::UpdatePromoProductList	CALL	v146 @ X19_v7 (UnityEngine.ILogger)	Type: UnityEngine.ILogger	7	UnityEngine.ILogger::LogError	0x060003C4	RUNTIME_DISPATCH		EXACT	lookup(receiver, interface class, slot) reaches the dispatch pointer; slot = Il2CppMethodDefinition.slot
UnityEngine.Purchasing.Promo::ProvideProductsToAds	TAIL	v61 @ X19_v2 (UnityEngine.ILogger)	Type: UnityEngine.ILogger	7	UnityEngine.ILogger::LogError	0x060003C4	RUNTIME_DISPATCH		EXACT	lookup(receiver, interface class, slot) reaches the dispatch pointer; slot = Il2CppMethodDefinition.slot
UnityEngine.Purchasing.Promo::ProvideProductsToAds	CALL	v276 @ X19_v9 (UnityEngine.ILogger)	Type: UnityEngine.ILogger	4	UnityEngine.ILogger::Log	0x060003C1	RUNTIME_DISPATCH		EXACT	lookup(receiver, interface class, slot) reaches the dispatch pointer; slot = Il2CppMethodDefinition.slot
UnityEngine.Purchasing.Promo::InitiatePurchasingCommand	CALL	v261 @ X19_v29 (UnityEngine.ILogger)	Type: UnityEngine.ILogger	8	UnityEngine.ILogger::LogFormat	0x060003C5	RUNTIME_DISPATCH		EXACT	lookup(receiver, interface class, slot) reaches the dispatch pointer; slot = Il2CppMethodDefinition.slot
UnityEngine.Purchasing.Promo::InitiatePurchasingCommand	CALL	v235 @ X20_v12 (UnityEngine.ILogger)	Type: UnityEngine.ILogger	7	UnityEngine.ILogger::LogError	0x060003C4	RUNTIME_DISPATCH		EXACT	lookup(receiver, interface class, slot) reaches the dispatch pointer; slot = Il2CppMethodDefinition.slot
UnityEngine.Purchasing.StandardPurchasingModule::Instance	CALL	v165 @ X0_v12 (UnityEngine.ILogger)	Type: UnityEngine.ILogger	4	UnityEngine.ILogger::Log	0x060003C1	RUNTIME_DISPATCH		EXACT	lookup(receiver, interface class, slot) reaches the dispatch pointer; slot = Il2CppMethodDefinition.slot
UnityEngine.Purchasing.StandardPurchasingModule::InstantiateApple	CALL	v48 @ X21_v2 (UnityEngine.Purchasing.INativeStoreProvider)	Type: UnityEngine.Purchasing.INativeStoreProvider	1	UnityEngine.Purchasing.INativeStoreProvider::GetStorekit	0x0600010B	RUNTIME_DISPATCH		EXACT	lookup(receiver, interface class, slot) reaches the dispatch pointer; slot = Il2CppMethodDefinition.slot
UnityEngine.Purchasing.StandardPurchasingModule::InstantiateTizen	CALL	v51 @ X21_v2 (UnityEngine.Purchasing.INativeStoreProvider)	Type: UnityEngine.Purchasing.INativeStoreProvider	2	UnityEngine.Purchasing.INativeStoreProvider::GetTizenStore	0x0600010C	RUNTIME_DISPATCH		EXACT	lookup(receiver, interface class, slot) reaches the dispatch pointer; slot = Il2CppMethodDefinition.slot
UnityEngine.Purchasing.StandardPurchasingModule::InstantiateFacebook	CALL	v41 @ X20_v2 (UnityEngine.Purchasing.INativeStoreProvider)	Type: UnityEngine.Purchasing.INativeStoreProvider	3	UnityEngine.Purchasing.INativeStoreProvider::GetFacebookStore	0x0600010D	RUNTIME_DISPATCH		EXACT	lookup(receiver, interface class, slot) reaches the dispatch pointer; slot = Il2CppMethodDefinition.slot
UnityEngine.Purchasing.SubscriptionManager::getAppleAppStoreSubInfo	CALL	v575 @ X22_v17 (UnityEngine.ILogger)	v565 @ X1_v24 (Il2CppClass<UnityEngine.ILogger>)	5	UnityEngine.ILogger::Log	0x060003C2	RUNTIME_DISPATCH		EXACT	lookup(receiver, interface class, slot) reaches the dispatch pointer; slot = Il2CppMethodDefinition.slot
UnityEngine.Purchasing.WinRTStore::FinishTransaction	TAIL	v42 @ X20_v2 (UnityEngine.Purchasing.Default.IWindowsIAP)	Type: UnityEngine.Purchasing.Default.IWindowsIAP	4	UnityEngine.Purchasing.Default.IWindowsIAP::FinaliseTransaction	0x06000006	RUNTIME_DISPATCH		EXACT	lookup(receiver, interface class, slot) reaches the dispatch pointer; slot = Il2CppMethodDefinition.slot
UnityEngine.Purchasing.WinRTStore::init	CALL	v41 @ X20_v2 (UnityEngine.Purchasing.Default.IWindowsIAP)	Type: UnityEngine.Purchasing.Default.IWindowsIAP	1	UnityEngine.Purchasing.Default.IWindowsIAP::Initialize	0x06000003	RUNTIME_DISPATCH		EXACT	lookup(receiver, interface class, slot) reaches the dispatch pointer; slot = Il2CppMethodDefinition.slot
UnityEngine.Purchasing.WinRTStore::init	TAIL	v101 @ X19_v3 (UnityEngine.Purchasing.Default.IWindowsIAP)	Type: UnityEngine.Purchasing.Default.IWindowsIAP	2	UnityEngine.Purchasing.Default.IWindowsIAP::RetrieveProducts	0x06000004	RUNTIME_DISPATCH		EXACT	lookup(receiver, interface class, slot) reaches the dispatch pointer; slot = Il2CppMethodDefinition.slot
UnityEngine.Purchasing.WinRTStore::Purchase	TAIL	v43 @ X19_v3 (UnityEngine.Purchasing.Default.IWindowsIAP)	Type: UnityEngine.Purchasing.Default.IWindowsIAP	3	UnityEngine.Purchasing.Default.IWindowsIAP::Purchase	0x06000005	RUNTIME_DISPATCH		EXACT	lookup(receiver, interface class, slot) reaches the dispatch pointer; slot = Il2CppMethodDefinition.slot
UnityEngine.Purchasing.WinRTStore::restoreTransactions	TAIL	v54 @ X19_v3 (UnityEngine.Purchasing.Default.IWindowsIAP)	Type: UnityEngine.Purchasing.Default.IWindowsIAP	2	UnityEngine.Purchasing.Default.IWindowsIAP::RetrieveProducts	0x06000004	RUNTIME_DISPATCH		EXACT	lookup(receiver, interface class, slot) reaches the dispatch pointer; slot = Il2CppMethodDefinition.slot
UnityEngine.Purchasing.WinRTStore::RestoreTransactions	CALL	v41 @ X20_v2 (UnityEngine.ILogger)	Type: UnityEngine.ILogger	4	UnityEngine.ILogger::Log	0x060003C1	RUNTIME_DISPATCH		EXACT	lookup(receiver, interface class, slot) reaches the dispatch pointer; slot = Il2CppMethodDefinition.slot
UnityEngine.Purchasing.WinRTStore::RestoreTransactions	CALL	v106 @ X20_v4 (UnityEngine.Purchasing.Default.IWindowsIAP)	Type: UnityEngine.Purchasing.Default.IWindowsIAP	2	UnityEngine.Purchasing.Default.IWindowsIAP::RetrieveProducts	0x06000004	RUNTIME_DISPATCH		EXACT	lookup(receiver, interface class, slot) reaches the dispatch pointer; slot = Il2CppMethodDefinition.slot
UnityEngine.Purchasing.TizenStoreImpl::SetGroupId	TAIL	v42 @ X20_v2 (UnityEngine.Purchasing.INativeTizenStore)	Type: UnityEngine.Purchasing.INativeTizenStore	1	UnityEngine.Purchasing.INativeTizenStore::SetGroupId	0x06000006	RUNTIME_DISPATCH		EXACT	lookup(receiver, interface class, slot) reaches the dispatch pointer; slot = Il2CppMethodDefinition.slot
UnityEngine.Purchasing.FacebookStoreImpl::SetNativeStore	CALL	facebook @ X1 (UnityEngine.Purchasing.INativeFacebookStore)	Type: UnityEngine.Purchasing.INativeFacebookStore	1	UnityEngine.Purchasing.INativeFacebookStore::Init	0x06000002	RUNTIME_DISPATCH		EXACT	lookup(receiver, interface class, slot) reaches the dispatch pointer; slot = Il2CppMethodDefinition.slot
UnityEngine.Purchasing.FacebookStoreImpl::SetNativeStore	TAIL	facebook @ X1 (UnityEngine.Purchasing.INativeFacebookStore)	Type: UnityEngine.Purchasing.INativeFacebookStore	2	UnityEngine.Purchasing.INativeFacebookStore::SetUnityPurchasingCallback	0x06000003	RUNTIME_DISPATCH		EXACT	lookup(receiver, interface class, slot) reaches the dispatch pointer; slot = Il2CppMethodDefinition.slot
UnityEngine.Purchasing.FacebookStoreImpl::MessageCallback	TAIL	v61 @ X19_v3 (Uniject.IUtil)	Type: Uniject.IUtil	15	Uniject.IUtil::RunOnMainThread	0x06000010	RUNTIME_DISPATCH		EXACT	lookup(receiver, interface class, slot) reaches the dispatch pointer; slot = Il2CppMethodDefinition.slot
UnityEngine.Purchasing.UIFakeStore::StartUI	CALL	v501 @ X0_v69 (System.Collections.IEnumerator)	Type: System.Collections.IEnumerator	1	System.Collections.IEnumerator::get_Current	0x060028DD	RUNTIME_DISPATCH		EXACT	lookup(receiver, interface class, slot) reaches the dispatch pointer; slot = Il2CppMethodDefinition.slot
UnityEngine.Purchasing.FileReference::CreateInstance	CALL	util @ X2 (Uniject.IUtil)	Type: Uniject.IUtil	1	Uniject.IUtil::get_persistentDataPath	0x06000002	RUNTIME_DISPATCH		EXACT	lookup(receiver, interface class, slot) reaches the dispatch pointer; slot = Il2CppMethodDefinition.slot
UnityEngine.Purchasing.FileReference::CreateInstance	CALL	util @ X2 (Uniject.IUtil)	Type: Uniject.IUtil	2	Uniject.IUtil::get_cloudProjectId	0x06000003	RUNTIME_DISPATCH		EXACT	lookup(receiver, interface class, slot) reaches the dispatch pointer; slot = Il2CppMethodDefinition.slot
AppMetrica::SetupMetrica	CALL	v119 @ X0_v14 (IYandexAppMetrica)	Type: IYandexAppMetrica	3	IYandexAppMetrica::ActivateWithConfiguration	0x06000028	RUNTIME_DISPATCH		EXACT	lookup(receiver, interface class, slot) reaches the dispatch pointer; slot = Il2CppMethodDefinition.slot
AppMetrica::Start	TAIL	v49 @ X0_v4 (IYandexAppMetrica)	Type: IYandexAppMetrica	4	IYandexAppMetrica::ResumeSession	0x06000029	RUNTIME_DISPATCH		EXACT	lookup(receiver, interface class, slot) reaches the dispatch pointer; slot = Il2CppMethodDefinition.slot
AppMetrica::OnApplicationPause	TAIL	v312 @ X19_v4 (IYandexAppMetrica)	v252 @ X1_v4 (Il2CppClass<IYandexAppMetrica>)	v241 @ X2_v3 (System.Int32)			RUNTIME_DISPATCH		UNRESOLVED	METHOD_POINTER:TYPED_CLASS_LOCAL:SLOT_NAMES_NO_METHOD	
AppMetrica::ProcessCrashReports	CALL	v266 @ X0_v19 (IYandexAppMetrica)	Type: IYandexAppMetrica	8	IYandexAppMetrica::ReportError	0x0600002D	RUNTIME_DISPATCH		EXACT	lookup(receiver, interface class, slot) reaches the dispatch pointer; slot = Il2CppMethodDefinition.slot
AppMetrica::HandleLog	TAIL	v74 @ X0_v4 (IYandexAppMetrica)	Type: IYandexAppMetrica	8	IYandexAppMetrica::ReportError	0x0600002D	RUNTIME_DISPATCH		EXACT	lookup(receiver, interface class, slot) reaches the dispatch pointer; slot = Il2CppMethodDefinition.slot
ConfigUpdateHandler::Invoke	CALL	[v137 @ X8_v3+20]	v357 @ X0_v41	[v262 @ X22_v5 (YandexAppMetricaConfig)+48]			RUNTIME_DISPATCH		UNRESOLVED	METHOD_POINTER:UNKNOWN_CLASS_SOURCE:CLASS_NOT_AN_INTERFACE_POINTER	call UNKNOWN@0x8D8228({call UNKNOWN@0x8D8294([Add->vtable]) | [MemoryOperand+0x28] | call UNKNOWN@0x8D8294([DEFINED_2_TIMES+0x8])})
ConfigUpdateHandler::Invoke	CALL	[v137 @ X8_v3+20]	v357 @ X0_v41	[v262 @ X22_v5 (YandexAppMetricaConfig)+48]			RUNTIME_DISPATCH		UNRESOLVED	METHOD_POINTER:UNKNOWN_CLASS_SOURCE:CLASS_NOT_AN_INTERFACE_POINTER	call UNKNOWN@0x8D8228({call UNKNOWN@0x8D8294([Add->vtable]) | [MemoryOperand+0x28] | call UNKNOWN@0x8D8294([DEFINED_2_TIMES+0x8])})
YMMJSONUtils.JSONEncoder::EncodeDictionary	CALL	d @ X1 (System.Collections.IDictionary)	Type: System.Collections.IDictionary	3	System.Collections.IDictionary::GetEnumerator	0x060028D7	RUNTIME_DISPATCH		EXACT	lookup(receiver, interface class, slot) reaches the dispatch pointer; slot = Il2CppMethodDefinition.slot
YMMJSONUtils.JSONEncoder::EncodeDictionary	CALL	v333 @ X0_v32 (System.Collections.IEnumerator)	Type: System.Collections.IEnumerator	1	System.Collections.IEnumerator::get_Current	0x060028DD	RUNTIME_DISPATCH		EXACT	lookup(receiver, interface class, slot) reaches the dispatch pointer; slot = Il2CppMethodDefinition.slot
YMMJSONUtils.JSONEncoder::EncodeEnumerable	CALL	v299 @ X0_v32 (System.Collections.IEnumerator)	Type: System.Collections.IEnumerator	1	System.Collections.IEnumerator::get_Current	0x060028DD	RUNTIME_DISPATCH		EXACT	lookup(receiver, interface class, slot) reaches the dispatch pointer; slot = Il2CppMethodDefinition.slot
DG.Tweening.TweenCallback::Invoke	CALL	[v134 @ X8_v3+20]	v270 @ X0_v25	[v36 @ X21_v2 (Il2CppMethodInfo)+48]			RUNTIME_DISPATCH		UNRESOLVED	METHOD_POINTER:UNKNOWN_CLASS_SOURCE:CLASS_NOT_AN_INTERFACE_POINTER	call UNKNOWN@0x8D8228([MemoryOperand+0x28])
DG.Tweening.TweenCallback`1::Invoke	CALL	[v138 @ X8_v3+20]	v302 @ X0_v25	[v40 @ X22_v2 (T)+48]			RUNTIME_DISPATCH		UNRESOLVED	METHOD_POINTER:UNKNOWN_CLASS_SOURCE:CLASS_NOT_AN_INTERFACE_POINTER	call UNKNOWN@0x8D8228([MemoryOperand+0x28])
DG.Tweening.EaseFunction::Invoke	CALL	[v167 @ X8_v4+20]	v344 @ X0_v26	[v57 @ X21_v4 (Il2CppMethodInfo)+48]			RUNTIME_DISPATCH		UNRESOLVED	METHOD_POINTER:UNKNOWN_CLASS_SOURCE:CLASS_NOT_AN_INTERFACE_POINTER	call UNKNOWN@0x8D8228([MemoryOperand+0x28])
DG.Tweening.Core.DOGetter`1::Invoke	CALL	[v151 @ X8_v3+20]	v288 @ X0_v26	[v44 @ X22_v2 (Il2CppMethodInfo)+48]			RUNTIME_DISPATCH		UNRESOLVED	METHOD_POINTER:UNKNOWN_CLASS_SOURCE:CLASS_NOT_AN_INTERFACE_POINTER	call UNKNOWN@0x8D8228([MemoryOperand+0x28])
DG.Tweening.Core.DOSetter`1::Invoke	CALL	[v221 @ X8_v3+20]	v445 @ X0_v28	[v66 @ X22_v2 (T)+48]			RUNTIME_DISPATCH		UNRESOLVED	METHOD_POINTER:UNKNOWN_CLASS_SOURCE:CLASS_NOT_AN_INTERFACE_POINTER	call UNKNOWN@0x8D8228([MemoryOperand+0x28])
EasyMobile.AppLifecycleManager::OnApplicationPause	TAIL	v53 @ X20_v4 (EasyMobile.Internal.IAppLifecycleHandler)	Type: EasyMobile.Internal.IAppLifecycleHandler	1	EasyMobile.Internal.IAppLifecycleHandler::OnApplicationPause	0x060006E1	RUNTIME_DISPATCH		EXACT	lookup(receiver, interface class, slot) reaches the dispatch pointer; slot = Il2CppMethodDefinition.slot
EasyMobile.AppLifecycleManager::OnApplicationQuit	TAIL	v50 @ X19_v4 (EasyMobile.Internal.IAppLifecycleHandler)	Type: EasyMobile.Internal.IAppLifecycleHandler	2	EasyMobile.Internal.IAppLifecycleHandler::OnApplicationQuit	0x060006E2	RUNTIME_DISPATCH		EXACT	lookup(receiver, interface class, slot) reaches the dispatch pointer; slot = Il2CppMethodDefinition.slot
EasyMobile.RuntimeManager::EnableUnityDebugLog	TAIL	v53 @ X0_v5 (UnityEngine.ILogger)	Type: UnityEngine.ILogger	1	UnityEngine.ILogger::set_logEnabled	0x060003BE	RUNTIME_DISPATCH		EXACT	lookup(receiver, interface class, slot) reaches the dispatch pointer; slot = Il2CppMethodDefinition.slot
EasyMobile.Advertising::LoadAllInterstitialAds	CALL	v389 @ stack_-C0 (EasyMobile.IAdClient)	Type: EasyMobile.IAdClient	32	EasyMobile.IAdClient::get_DefinedCustomInterstitialAdPlacements	0x06000200	RUNTIME_DISPATCH		EXACT	lookup(receiver, interface class, slot) reaches the dispatch pointer; slot = Il2CppMethodDefinition.slot
EasyMobile.Advertising::LoadAllInterstitialAds	CALL	v389 @ stack_-C0 (EasyMobile.IAdClient)	Type: EasyMobile.IAdClient	7	EasyMobile.IAdClient::IsValidPlacement	0x060001E7	RUNTIME_DISPATCH		EXACT	lookup(receiver, interface class, slot) reaches the dispatch pointer; slot = Il2CppMethodDefinition.slot
EasyMobile.Advertising::GetAvailableNetworks	CALL	v101 @ X0_v41 (System.Collections.IEnumerator)	Type: System.Collections.IEnumerator	1	System.Collections.IEnumerator::get_Current	0x060028DD	RUNTIME_DISPATCH		EXACT	lookup(receiver, interface class, slot) reaches the dispatch pointer; slot = Il2CppMethodDefinition.slot
EasyMobile.Advertising::HideBannerAd	CALL	client @ X0 (EasyMobile.IAdClient)	Type: EasyMobile.IAdClient	12	EasyMobile.IAdClient::HideBannerAd	0x060001EC	RUNTIME_DISPATCH		EXACT	lookup(receiver, interface class, slot) reaches the dispatch pointer; slot = Il2CppMethodDefinition.slot
EasyMobile.Advertising::IsRewardedAdReady	TAIL	client @ X0 (EasyMobile.IAdClient)	Type: EasyMobile.IAdClient	30	EasyMobile.IAdClient::IsRewardedAdReady	0x060001FE	RUNTIME_DISPATCH		EXACT	lookup(receiver, interface class, slot) reaches the dispatch pointer; slot = Il2CppMethodDefinition.slot
EasyMobile.Advertising::ShowRewardedAd	TAIL	client @ X0 (EasyMobile.IAdClient)	Type: EasyMobile.IAdClient	31	EasyMobile.IAdClient::ShowRewardedAd	0x060001FF	RUNTIME_DISPATCH		EXACT	lookup(receiver, interface class, slot) reaches the dispatch pointer; slot = Il2CppMethodDefinition.slot
EasyMobile.Advertising::GrantAllNetworksDataPrivacyConsent	CALL	v83 @ X0_v29 (System.Collections.IEnumerator)	Type: System.Collections.IEnumerator	1	System.Collections.IEnumerator::get_Current	0x060028DD	RUNTIME_DISPATCH		EXACT	lookup(receiver, interface class, slot) reaches the dispatch pointer; slot = Il2CppMethodDefinition.slot
EasyMobile.Advertising::RevokeAllNetworksDataPrivacyConsent	CALL	v83 @ X0_v29 (System.Collections.IEnumerator)	Type: System.Collections.IEnumerator	1	System.Collections.IEnumerator::get_Current	0x060028DD	RUNTIME_DISPATCH		EXACT	lookup(receiver, interface class, slot) reaches the dispatch pointer; slot = Il2CppMethodDefinition.slot
EasyMobile.Advertising+<CRAutoLoadDefaultAds>d__121::MoveNext	CALL	v284 @ X0_v19 (System.Collections.IEnumerator)	Type: System.Collections.IEnumerator	1	System.Collections.IEnumerator::get_Current	0x060028DD	RUNTIME_DISPATCH		EXACT	lookup(receiver, interface class, slot) reaches the dispatch pointer; slot = Il2CppMethodDefinition.slot
EasyMobile.GameServices::IsInitialized	TAIL	v37 @ X0_v3 (UnityEngine.SocialPlatforms.ILocalUser)	Type: UnityEngine.SocialPlatforms.ILocalUser	2	UnityEngine.SocialPlatforms.ILocalUser::get_authenticated	0x06000061	RUNTIME_DISPATCH		EXACT	lookup(receiver, interface class, slot) reaches the dispatch pointer; slot = Il2CppMethodDefinition.slot
EasyMobile.GameServices::LoadFriends	CALL	v177 @ X0_v21 (UnityEngine.SocialPlatforms.ILocalUser)	Type: UnityEngine.SocialPlatforms.ILocalUser	1	UnityEngine.SocialPlatforms.ILocalUser::get_friends	0x06000060	RUNTIME_DISPATCH		EXACT	lookup(receiver, interface class, slot) reaches the dispatch pointer; slot = Il2CppMethodDefinition.slot
EasyMobile.GameServices::LoadFriends	CALL	v178 @ X0_v36 (UnityEngine.SocialPlatforms.ILocalUser)	Type: UnityEngine.SocialPlatforms.ILocalUser	1	UnityEngine.SocialPlatforms.ILocalUser::get_friends	0x06000060	RUNTIME_DISPATCH		EXACT	lookup(receiver, interface class, slot) reaches the dispatch pointer; slot = Il2CppMethodDefinition.slot
EasyMobile.GameServices::LoadFriends	CALL	v179 @ X0_v41 (UnityEngine.SocialPlatforms.ILocalUser)	Type: UnityEngine.SocialPlatforms.ILocalUser	1	UnityEngine.SocialPlatforms.ILocalUser::get_friends	0x06000060	RUNTIME_DISPATCH		EXACT	lookup(receiver, interface class, slot) reaches the dispatch pointer; slot = Il2CppMethodDefinition.slot
EasyMobile.GameServices::DoNextLoadScoreRequest	CALL	v372 @ X0_v15 (UnityEngine.SocialPlatforms.ILeaderboard)	Type: UnityEngine.SocialPlatforms.ILeaderboard	2	UnityEngine.SocialPlatforms.ILeaderboard::set_id	0x06000066	RUNTIME_DISPATCH		EXACT	lookup(receiver, interface class, slot) reaches the dispatch pointer; slot = Il2CppMethodDefinition.slot
EasyMobile.GameServices::DoNextLoadScoreRequest	CALL	v333 @ X20_v6 (UnityEngine.SocialPlatforms.ILeaderboard)	Type: UnityEngine.SocialPlatforms.ILeaderboard	1	UnityEngine.SocialPlatforms.ILeaderboard::get_id	0x06000065	RUNTIME_DISPATCH		EXACT	lookup(receiver, interface class, slot) reaches the dispatch pointer; slot = Il2CppMethodDefinition.slot
EasyMobile.GameServices::DoNextLoadScoreRequest	CALL	v335 @ X20_v7 (UnityEngine.SocialPlatforms.ILeaderboard)	Type: UnityEngine.SocialPlatforms.ILeaderboard	3	UnityEngine.SocialPlatforms.ILeaderboard::set_userScope	0x06000067	RUNTIME_DISPATCH		EXACT	lookup(receiver, interface class, slot) reaches the dispatch pointer; slot = Il2CppMethodDefinition.slot
EasyMobile.GameServices::DoNextLoadScoreRequest	CALL	v334 @ X20_v10 (UnityEngine.SocialPlatforms.ILeaderboard)	Type: UnityEngine.SocialPlatforms.ILeaderboard	4	UnityEngine.SocialPlatforms.ILeaderboard::set_range	0x06000068	RUNTIME_DISPATCH		EXACT	lookup(receiver, interface class, slot) reaches the dispatch pointer; slot = Il2CppMethodDefinition.slot
EasyMobile.GameServices+InvitationReceivedDelegate::Invoke	CALL	invitation @ X1 (EasyMobile.Invitation)	v412 @ X0_v27	[v48 @ X22_v2 (Il2CppMethodInfo)+48]			RUNTIME_DISPATCH		UNRESOLVED	METHOD_POINTER:UNKNOWN_CLASS_SOURCE:CLASS_NOT_AN_INTERFACE_POINTER	call UNKNOWN@0x8D8228([MemoryOperand+0x28])
EasyMobile.GameServices+InvitationReceivedDelegate::Invoke	CALL	[v151 @ X8_v3+20]	v426 @ X0_v51	[v48 @ X22_v2 (Il2CppMethodInfo)+48]			RUNTIME_DISPATCH		UNRESOLVED	METHOD_POINTER:UNKNOWN_CLASS_SOURCE:CLASS_NOT_AN_INTERFACE_POINTER	call UNKNOWN@0x8D8228([MemoryOperand+0x28])
EasyMobile.MatchDelegate::Invoke	CALL	match @ X1 (EasyMobile.TurnBasedMatch)	v424 @ X0_v27	[v48 @ X23_v2 (Il2CppMethodInfo)+48]			RUNTIME_DISPATCH		UNRESOLVED	METHOD_POINTER:UNKNOWN_CLASS_SOURCE:CLASS_NOT_AN_INTERFACE_POINTER	call UNKNOWN@0x8D8228([MemoryOperand+0x28])
EasyMobile.MatchDelegate::Invoke	CALL	[v154 @ X8_v3+20]	v438 @ X0_v51	[v48 @ X23_v2 (Il2CppMethodInfo)+48]			RUNTIME_DISPATCH		UNRESOLVED	METHOD_POINTER:UNKNOWN_CLASS_SOURCE:CLASS_NOT_AN_INTERFACE_POINTER	call UNKNOWN@0x8D8228([MemoryOperand+0x28])
EasyMobile.SavedGameConflictResolver::Invoke	CALL	baseVersion @ X1 (EasyMobile.SavedGame)	v439 @ X0_v28	[v55 @ X24_v4 (Il2CppMethodInfo)+48]			RUNTIME_DISPATCH		UNRESOLVED	METHOD_POINTER:UNKNOWN_CLASS_SOURCE:CLASS_NOT_AN_INTERFACE_POINTER	call UNKNOWN@0x8D8228([MemoryOperand+0x28])
EasyMobile.SavedGameConflictResolver::Invoke	CALL	[v160 @ X8_v4+20]	v453 @ X0_v52	[v55 @ X24_v4 (Il2CppMethodInfo)+48]			RUNTIME_DISPATCH		UNRESOLVED	METHOD_POINTER:UNKNOWN_CLASS_SOURCE:CLASS_NOT_AN_INTERFACE_POINTER	call UNKNOWN@0x8D8228([MemoryOperand+0x28])
EasyMobile.SavedGameConflictResolver::Invoke	CALL	v502 @ X0_v15	v55 @ X24_v4 (Il2CppMethodInfo)	v539 @ X2_v13 (System.Byte[])			RUNTIME_DISPATCH		UNRESOLVED	METHOD_POINTER:UNKNOWN_CLASS_SOURCE:CLASS_NOT_AN_INTERFACE_POINTER	[MemoryOperand+0x28]
EasyMobile.Gif::PlayClip	TAIL	player @ X0 (EasyMobile.IClipPlayer)	Type: EasyMobile.IClipPlayer	2	EasyMobile.IClipPlayer::Play	0x06000477	RUNTIME_DISPATCH		EXACT	lookup(receiver, interface class, slot) reaches the dispatch pointer; slot = Il2CppMethodDefinition.slot
EasyMobile.Gif::PausePlayer	TAIL	player @ X0 (EasyMobile.IClipPlayer)	Type: EasyMobile.IClipPlayer	3	EasyMobile.IClipPlayer::Pause	0x06000478	RUNTIME_DISPATCH		EXACT	lookup(receiver, interface class, slot) reaches the dispatch pointer; slot = Il2CppMethodDefinition.slot
EasyMobile.Gif::ResumePlayer	TAIL	player @ X0 (EasyMobile.IClipPlayer)	Type: EasyMobile.IClipPlayer	4	EasyMobile.IClipPlayer::Resume	0x06000479	RUNTIME_DISPATCH		EXACT	lookup(receiver, interface class, slot) reaches the dispatch pointer; slot = Il2CppMethodDefinition.slot
EasyMobile.InAppPurchasing::PurchaseWithId	TAIL	v157 @ X20_v8 (UnityEngine.Purchasing.IStoreController)	Type: UnityEngine.Purchasing.IStoreController	2	UnityEngine.Purchasing.IStoreController::InitiatePurchase	0x06000019	RUNTIME_DISPATCH		EXACT	lookup(receiver, interface class, slot) reaches the dispatch pointer; slot = Il2CppMethodDefinition.slot
EasyMobile.InAppPurchasing::SetSimulateAppleAskToBuy	TAIL	v75 @ X20_v4 (UnityEngine.Purchasing.IAppleExtensions)	Type: UnityEngine.Purchasing.IAppleExtensions	3	UnityEngine.Purchasing.IAppleExtensions::set_simulateAskToBuy	0x06000105	RUNTIME_DISPATCH		EXACT	lookup(receiver, interface class, slot) reaches the dispatch pointer; slot = Il2CppMethodDefinition.slot
EasyMobile.InAppPurchasing::ContinueApplePromotionalPurchases	TAIL	v71 @ X19_v4 (UnityEngine.Purchasing.IAppleExtensions)	Type: UnityEngine.Purchasing.IAppleExtensions	6	UnityEngine.Purchasing.IAppleExtensions::ContinuePromotionalPurchases	0x06000108	RUNTIME_DISPATCH		EXACT	lookup(receiver, interface class, slot) reaches the dispatch pointer; slot = Il2CppMethodDefinition.slot
EasyMobile.InAppPurchasing::SetAppleStorePromotionOrder	TAIL	v392 @ X20_v6 (UnityEngine.Purchasing.IAppleExtensions)	Type: UnityEngine.Purchasing.IAppleExtensions	4	UnityEngine.Purchasing.IAppleExtensions::SetStorePromotionOrder	0x06000106	RUNTIME_DISPATCH		EXACT	lookup(receiver, interface class, slot) reaches the dispatch pointer; slot = Il2CppMethodDefinition.slot
EasyMobile.InAppPurchasing::GetPurchaseReceipt	CALL	v125[v280 @ X22_v7 (System.Int32)]	Type: UnityEngine.Purchasing.Security.IPurchaseReceipt	1	UnityEngine.Purchasing.Security.IPurchaseReceipt::get_productID	0x0600007E	RUNTIME_DISPATCH		EXACT	lookup(receiver, interface class, slot) reaches the dispatch pointer; slot = Il2CppMethodDefinition.slot
EasyMobile.InAppPurchasing::GetSubscriptionInfo	CALL	v569 @ X20_v12 (UnityEngine.Purchasing.IAppleExtensions)	Type: UnityEngine.Purchasing.IAppleExtensions	7	UnityEngine.Purchasing.IAppleExtensions::GetIntroductoryPriceDictionary	0x06000109	RUNTIME_DISPATCH		EXACT	lookup(receiver, interface class, slot) reaches the dispatch pointer; slot = Il2CppMethodDefinition.slot
EasyMobile.InAppPurchasing::ValidateReceipt	CALL	v160[v328 @ X23_v7 (System.Int32)]	Type: UnityEngine.Purchasing.Security.IPurchaseReceipt	1	UnityEngine.Purchasing.Security.IPurchaseReceipt::get_productID	0x0600007E	RUNTIME_DISPATCH		EXACT	lookup(receiver, interface class, slot) reaches the dispatch pointer; slot = Il2CppMethodDefinition.slot
EasyMobile.InAppPurchasing::ValidateReceipt	CALL	v160[v328 @ X23_v7 (System.Int32)]	Type: UnityEngine.Purchasing.Security.IPurchaseReceipt	2	UnityEngine.Purchasing.Security.IPurchaseReceipt::get_purchaseDate	0x0600007F	RUNTIME_DISPATCH		EXACT	lookup(receiver, interface class, slot) reaches the dispatch pointer; slot = Il2CppMethodDefinition.slot
EasyMobile.InAppPurchasing+StoreListener::OnInitialized	CALL	v244 @ X19_v11 (UnityEngine.Purchasing.IAppleExtensions)	Type: UnityEngine.Purchasing.IAppleExtensions	3	UnityEngine.Purchasing.IAppleExtensions::set_simulateAskToBuy	0x06000105	RUNTIME_DISPATCH		EXACT	lookup(receiver, interface class, slot) reaches the dispatch pointer; slot = Il2CppMethodDefinition.slot
EasyMobile.DeviceContacts::GetContacts	TAIL	v147 @ X0_v8 (EasyMobile.Internal.NativeAPIs.Contacts.INativeContactsProvider)	Type: EasyMobile.Internal.NativeAPIs.Contacts.INativeContactsProvider	1	EasyMobile.Internal.NativeAPIs.Contacts.INativeContactsProvider::GetContacts	0x060008DB	RUNTIME_DISPATCH		EXACT	lookup(receiver, interface class, slot) reaches the dispatch pointer; slot = Il2CppMethodDefinition.slot
EasyMobile.DeviceContacts::AddContact	TAIL	v60 @ X0_v5 (EasyMobile.Internal.NativeAPIs.Contacts.INativeContactsProvider)	Type: EasyMobile.Internal.NativeAPIs.Contacts.INativeContactsProvider	2	EasyMobile.Internal.NativeAPIs.Contacts.INativeContactsProvider::AddContact	0x060008DC	RUNTIME_DISPATCH		EXACT	lookup(receiver, interface class, slot) reaches the dispatch pointer; slot = Il2CppMethodDefinition.slot
EasyMobile.DeviceContacts::DeleteContact	TAIL	v60 @ X0_v5 (EasyMobile.Internal.NativeAPIs.Contacts.INativeContactsProvider)	Type: EasyMobile.Internal.NativeAPIs.Contacts.INativeContactsProvider	3	EasyMobile.Internal.NativeAPIs.Contacts.INativeContactsProvider::DeleteContact	0x060008DD	RUNTIME_DISPATCH		EXACT	lookup(receiver, interface class, slot) reaches the dispatch pointer; slot = Il2CppMethodDefinition.slot
EasyMobile.DeviceContacts::PickContact	TAIL	v52 @ X0_v4 (EasyMobile.Internal.NativeAPIs.Contacts.INativeContactsProvider)	Type: EasyMobile.Internal.NativeAPIs.Contacts.INativeContactsProvider	4	EasyMobile.Internal.NativeAPIs.Contacts.INativeContactsProvider::PickContact	0x060008DE	RUNTIME_DISPATCH		EXACT	lookup(receiver, interface class, slot) reaches the dispatch pointer; slot = Il2CppMethodDefinition.slot
EasyMobile.Notifications::ScheduleLocalNotification	CALL	v59 @ X0_v5 (EasyMobile.Internal.Notifications.ILocalNotificationClient)	Type: EasyMobile.Internal.Notifications.ILocalNotificationClient	2	EasyMobile.Internal.Notifications.ILocalNotificationClient::ScheduleLocalNotification	0x0600088D	RUNTIME_DISPATCH		EXACT	lookup(receiver, interface class, slot) reaches the dispatch pointer; slot = Il2CppMethodDefinition.slot
EasyMobile.Notifications::ScheduleLocalNotification	CALL	v59 @ X0_v5 (EasyMobile.Internal.Notifications.ILocalNotificationClient)	Type: EasyMobile.Internal.Notifications.ILocalNotificationClient	3	EasyMobile.Internal.Notifications.ILocalNotificationClient::ScheduleLocalNotification	0x0600088E	RUNTIME_DISPATCH		EXACT	lookup(receiver, interface class, slot) reaches the dispatch pointer; slot = Il2CppMethodDefinition.slot
EasyMobile.Notifications::ScheduleLocalNotification	CALL	v62 @ X0_v5 (EasyMobile.Internal.Notifications.ILocalNotificationClient)	Type: EasyMobile.Internal.Notifications.ILocalNotificationClient	4	EasyMobile.Internal.Notifications.ILocalNotificationClient::ScheduleLocalNotification	0x0600088F	RUNTIME_DISPATCH		EXACT	lookup(receiver, interface class, slot) reaches the dispatch pointer; slot = Il2CppMethodDefinition.slot
EasyMobile.Notifications::CancelPendingLocalNotification	TAIL	v52 @ X0_v4 (EasyMobile.Internal.Notifications.ILocalNotificationClient)	Type: EasyMobile.Internal.Notifications.ILocalNotificationClient	6	EasyMobile.Internal.Notifications.ILocalNotificationClient::CancelPendingLocalNotification	0x06000891	RUNTIME_DISPATCH		EXACT	lookup(receiver, interface class, slot) reaches the dispatch pointer; slot = Il2CppMethodDefinition.slot
EasyMobile.Notifications::CancelAllPendingLocalNotifications	TAIL	v49 @ X0_v4 (EasyMobile.Internal.Notifications.ILocalNotificationClient)	Type: EasyMobile.Internal.Notifications.ILocalNotificationClient	7	EasyMobile.Internal.Notifications.ILocalNotificationClient::CancelAllPendingLocalNotifications	0x06000892	RUNTIME_DISPATCH		EXACT	lookup(receiver, interface class, slot) reaches the dispatch pointer; slot = Il2CppMethodDefinition.slot
EasyMobile.Notifications::ClearAllDeliveredNotifications	TAIL	v49 @ X0_v4 (EasyMobile.Internal.Notifications.ILocalNotificationClient)	Type: EasyMobile.Internal.Notifications.ILocalNotificationClient	8	EasyMobile.Internal.Notifications.ILocalNotificationClient::RemoveAllDeliveredNotifications	0x06000893	RUNTIME_DISPATCH		EXACT	lookup(receiver, interface class, slot) reaches the dispatch pointer; slot = Il2CppMethodDefinition.slot
EasyMobile.ConsentDialog::Show	TAIL	v121 @ X0_v10 (EasyMobile.Internal.Privacy.IPlatformConsentDialog)	Type: EasyMobile.Internal.Privacy.IPlatformConsentDialog	7	EasyMobile.Internal.Privacy.IPlatformConsentDialog::Show	0x0600084E	RUNTIME_DISPATCH		EXACT	lookup(receiver, interface class, slot) reaches the dispatch pointer; slot = Il2CppMethodDefinition.slot
EasyMobile.ConsentDialog::SetButtonInteractable	TAIL	v147 @ X0_v9 (EasyMobile.Internal.Privacy.IPlatformConsentDialog)	Type: EasyMobile.Internal.Privacy.IPlatformConsentDialog	8	EasyMobile.Internal.Privacy.IPlatformConsentDialog::SetButtonInteractable	0x0600084F	RUNTIME_DISPATCH		EXACT	lookup(receiver, interface class, slot) reaches the dispatch pointer; slot = Il2CppMethodDefinition.slot
EasyMobile.ConsentDialog::IndexesOf	CALL	v78 @ X0_v31 (System.Collections.IEnumerator)	Type: System.Collections.IEnumerator	1	System.Collections.IEnumerator::get_Current	0x060028DD	RUNTIME_DISPATCH		EXACT	lookup(receiver, interface class, slot) reaches the dispatch pointer; slot = Il2CppMethodDefinition.slot
EasyMobile.ConsentDialog::SearchPatternInContent	CALL	v263 @ X0_v34 (System.Collections.IEnumerator)	Type: System.Collections.IEnumerator	1	System.Collections.IEnumerator::get_Current	0x060028DD	RUNTIME_DISPATCH		EXACT	lookup(receiver, interface class, slot) reaches the dispatch pointer; slot = Il2CppMethodDefinition.slot
EasyMobile.ConsentDialog+CompletedHandler::Invoke	CALL	dialog @ X1 (EasyMobile.ConsentDialog)	v412 @ X0_v27	[v48 @ X22_v2 (Il2CppMethodInfo)+48]			RUNTIME_DISPATCH		UNRESOLVED	METHOD_POINTER:UNKNOWN_CLASS_SOURCE:CLASS_NOT_AN_INTERFACE_POINTER	call UNKNOWN@0x8D8228([MemoryOperand+0x28])
EasyMobile.ConsentDialog+CompletedHandler::Invoke	CALL	[v151 @ X8_v3+20]	v426 @ X0_v51	[v48 @ X22_v2 (Il2CppMethodInfo)+48]			RUNTIME_DISPATCH		UNRESOLVED	METHOD_POINTER:UNKNOWN_CLASS_SOURCE:CLASS_NOT_AN_INTERFACE_POINTER	call UNKNOWN@0x8D8228([MemoryOperand+0x28])
EasyMobile.ConsentDialog+CompletedHandler::Invoke	CALL	v475 @ X0_v14	v48 @ X22_v2 (Il2CppMethodInfo)	v512 @ X2_v12 (EasyMobile.ConsentDialog+CompletedResults)			RUNTIME_DISPATCH		UNRESOLVED	METHOD_POINTER:UNKNOWN_CLASS_SOURCE:CLASS_NOT_AN_INTERFACE_POINTER	[MemoryOperand+0x28]
EasyMobile.ConsentDialog+ToggleStateUpdatedHandler::Invoke	CALL	dialog @ X1 (EasyMobile.ConsentDialog)	v424 @ X0_v27	[v48 @ X23_v2 (Il2CppMethodInfo)+48]			RUNTIME_DISPATCH		UNRESOLVED	METHOD_POINTER:UNKNOWN_CLASS_SOURCE:CLASS_NOT_AN_INTERFACE_POINTER	call UNKNOWN@0x8D8228([MemoryOperand+0x28])
EasyMobile.ConsentDialog+ToggleStateUpdatedHandler::Invoke	CALL	[v154 @ X8_v3+20]	v438 @ X0_v51	[v48 @ X23_v2 (Il2CppMethodInfo)+48]			RUNTIME_DISPATCH		UNRESOLVED	METHOD_POINTER:UNKNOWN_CLASS_SOURCE:CLASS_NOT_AN_INTERFACE_POINTER	call UNKNOWN@0x8D8228([MemoryOperand+0x28])
EasyMobile.ConsentDialog+<GetAllUrlsInContent>d__57::MoveNext	CALL	v214 @ X20_v6	Type: System.Collections.IEnumerator	1	System.Collections.IEnumerator::get_Current	0x060028DD	RUNTIME_DISPATCH		EXACT	lookup(receiver, interface class, slot) reaches the dispatch pointer; slot = Il2CppMethodDefinition.slot
EasyMobile.EEACountriesExtension::IsEEACountry	CALL	v344 @ X0_v36 (System.Collections.IEnumerator)	Type: System.Collections.IEnumerator	1	System.Collections.IEnumerator::get_Current	0x060028DD	RUNTIME_DISPATCH		EXACT	lookup(receiver, interface class, slot) reaches the dispatch pointer; slot = Il2CppMethodDefinition.slot
EasyMobile.Sharing::ShareURL	TAIL	v42 @ X0_v2 (EasyMobile.Internal.Sharing.ISharingClient)	Type: EasyMobile.Internal.Sharing.ISharingClient	1	EasyMobile.Internal.Sharing.ISharingClient::ShareURL	0x060007A1	RUNTIME_DISPATCH		EXACT	lookup(receiver, interface class, slot) reaches the dispatch pointer; slot = Il2CppMethodDefinition.slot
EasyMobile.Sharing::ShareImage	TAIL	v45 @ X0_v2 (EasyMobile.Internal.Sharing.ISharingClient)	Type: EasyMobile.Internal.Sharing.ISharingClient	2	EasyMobile.Internal.Sharing.ISharingClient::ShareImage	0x060007A2	RUNTIME_DISPATCH		EXACT	lookup(receiver, interface class, slot) reaches the dispatch pointer; slot = Il2CppMethodDefinition.slot
EasyMobile.MiniJSON.Json+Serializer::SerializeObject	CALL	obj @ X1 (System.Collections.IDictionary)	Type: System.Collections.IDictionary	2	System.Collections.IDictionary::get_Keys	0x060028D6	RUNTIME_DISPATCH		EXACT	lookup(receiver, interface class, slot) reaches the dispatch pointer; slot = Il2CppMethodDefinition.slot
EasyMobile.MiniJSON.Json+Serializer::SerializeObject	CALL	v333 @ X0_v35 (System.Collections.IEnumerator)	Type: System.Collections.IEnumerator	1	System.Collections.IEnumerator::get_Current	0x060028DD	RUNTIME_DISPATCH		EXACT	lookup(receiver, interface class, slot) reaches the dispatch pointer; slot = Il2CppMethodDefinition.slot
EasyMobile.MiniJSON.Json+Serializer::SerializeArray	CALL	v299 @ X0_v32 (System.Collections.IEnumerator)	Type: System.Collections.IEnumerator	1	System.Collections.IEnumerator::get_Current	0x060028DD	RUNTIME_DISPATCH		EXACT	lookup(receiver, interface class, slot) reaches the dispatch pointer; slot = Il2CppMethodDefinition.slot
EasyMobile.Internal.SerializableDictionaryBase`3::OnBeforeSerialize	CALL	&v219 @ stack_-98_v2 (Il2CppClass<System.Collections.Generic.Dictionary`2<T, U>+Enumerator<T, U>>)	Type: System.IDisposable	0	System.IDisposable::Dispose	0x06000921	RUNTIME_DISPATCH		EXACT	lookup(receiver, interface class, slot) reaches the dispatch pointer; slot = Il2CppMethodDefinition.slot
EasyMobile.Internal.RuntimeHelper::GetKeyForValue	CALL	dict @ X0 (System.Collections.Generic.IDictionary`2<TKey, TVal>)	Type: Il2CppClass<System.Collections.Generic.IEnumerable`1<System.Collections.Generic.KeyValuePair`2<TKey, TVal>>>	0	System.Collections.Generic.IEnumerable`1::GetEnumerator	0x06002AA2	RUNTIME_DISPATCH	System.Collections.Generic.KeyValuePair`2<TKey, TVal>	EXACT	lookup(receiver, interface class, slot) reaches the dispatch pointer; slot = Il2CppMethodDefinition.slot
EasyMobile.Internal.RuntimeHelper::GetKeyForValue	CALL	v215 @ X0_v23 (System.Collections.IEnumerator)	Type: Il2CppClass<System.Collections.Generic.IEnumerator`1<System.Collections.Generic.KeyValuePair`2<TKey, TVal>>>	0	System.Collections.Generic.IEnumerator`1::get_Current	0x06002AA3	RUNTIME_DISPATCH	System.Collections.Generic.KeyValuePair`2<TKey, TVal>	EXACT	lookup(receiver, interface class, slot) reaches the dispatch pointer; slot = Il2CppMethodDefinition.slot
EasyMobile.Internal.PInvokeUtil+NativeToManagedArray`1::Invoke	CALL	[v147 @ X8_v4+20]	v315 @ X0_v26	[v49 @ X23_v4 (System.Int32)+48]			RUNTIME_DISPATCH		UNRESOLVED	METHOD_POINTER:UNKNOWN_CLASS_SOURCE:CLASS_NOT_AN_INTERFACE_POINTER	call UNKNOWN@0x8D8228([MemoryOperand+0x28])
EasyMobile.Internal.InteropObject::HasSamePointerWith	CALL	other @ X1 (EasyMobile.Internal.IInteropObject)	Type: EasyMobile.Internal.IInteropObject	3	EasyMobile.Internal.IInteropObject::ToPointer	0x06000782	RUNTIME_DISPATCH		EXACT	lookup(receiver, interface class, slot) reaches the dispatch pointer; slot = Il2CppMethodDefinition.slot
EasyMobile.Internal.Privacy.EditorConsentDialogClickableText::GetOutputText	CALL	v465 @ X21_v37 (System.Collections.IEnumerator)	v1311 @ X1_v48	1	System.Collections.IEnumerator::get_Current	0x060028DD	RUNTIME_DISPATCH		EXACT	lookup(receiver, interface class, slot) reaches the dispatch pointer; slot = Il2CppMethodDefinition.slot
EasyMobile.Internal.Notifications.NativeNotificationHandler::Invoke	CALL	data @ X1 (System.String)	v399 @ X0_v27	[v44 @ X21_v2 (Il2CppMethodInfo)+48]			RUNTIME_DISPATCH		UNRESOLVED	METHOD_POINTER:UNKNOWN_CLASS_SOURCE:CLASS_NOT_AN_INTERFACE_POINTER	call UNKNOWN@0x8D8228([MemoryOperand+0x28])
EasyMobile.Internal.Notifications.NativeNotificationHandler::Invoke	CALL	[v143 @ X8_v3+20]	v413 @ X0_v51	[v44 @ X21_v2 (Il2CppMethodInfo)+48]			RUNTIME_DISPATCH		UNRESOLVED	METHOD_POINTER:UNKNOWN_CLASS_SOURCE:CLASS_NOT_AN_INTERFACE_POINTER	call UNKNOWN@0x8D8228([MemoryOperand+0x28])
EasyMobile.Internal.Notifications.NativeNotificationHandler::Invoke	CALL	v461 @ X0_v14	v44 @ X21_v2 (Il2CppMethodInfo)	v498 @ X2_v8 (Il2CppMethodInfo)			RUNTIME_DISPATCH		UNRESOLVED	METHOD_POINTER:UNKNOWN_CLASS_SOURCE:CLASS_NOT_AN_INTERFACE_POINTER	[MemoryOperand+0x28]
EasyMobile.Internal.Notifications.AndroidLocalNotificationClient::Init	CALL	listener @ X2 (EasyMobile.Internal.Notifications.INotificationListener)	Type: EasyMobile.Internal.Notifications.INotificationListener	4	EasyMobile.Internal.Notifications.INotificationListener::get_Name	0x06000875	RUNTIME_DISPATCH		EXACT	lookup(receiver, interface class, slot) reaches the dispatch pointer; slot = Il2CppMethodDefinition.slot
EasyMobile.Internal.Notifications.AndroidLocalNotificationClient::Init	CALL	listener @ X2 (EasyMobile.Internal.Notifications.INotificationListener)	Type: EasyMobile.Internal.Notifications.INotificationListener	6	EasyMobile.Internal.Notifications.INotificationListener::get_NativeNotificationFromBackgroundHandler	0x06000877	RUNTIME_DISPATCH		EXACT	lookup(receiver, interface class, slot) reaches the dispatch pointer; slot = Il2CppMethodDefinition.slot
EasyMobile.Internal.Gif.DecodeCompleteCallback::Invoke	CALL	[v183 @ X8_v3+20]	v395 @ X0_v28	v61[5]			RUNTIME_DISPATCH		UNRESOLVED	METHOD_POINTER:UNKNOWN_CLASS_SOURCE:CLASS_NOT_AN_INTERFACE_POINTER	call UNKNOWN@0x8D8228([MemoryOperand+0x28])
EasyMobile.Internal.Gif.Android.AndroidNativeGif+C+GifExportProgressDelegate::Invoke	CALL	[v146 @ X8_v3+20]	v314 @ X0_v25	[v44 @ X22_v2 (System.Int32)+48]			RUNTIME_DISPATCH		UNRESOLVED	METHOD_POINTER:UNKNOWN_CLASS_SOURCE:CLASS_NOT_AN_INTERFACE_POINTER	call UNKNOWN@0x8D8228([MemoryOperand+0x28])
EasyMobile.Internal.Gif.Android.AndroidNativeGif+C+GifExportCompletedDelegate::Invoke	CALL	[v146 @ X8_v3+20]	v314 @ X0_v25	[v44 @ X23_v2 (System.String)+48]			RUNTIME_DISPATCH		UNRESOLVED	METHOD_POINTER:UNKNOWN_CLASS_SOURCE:CLASS_NOT_AN_INTERFACE_POINTER	call UNKNOWN@0x8D8228([MemoryOperand+0x28])
EasyMobile.Internal.Gif.Android.AndroidNativeGif+C+NativeGetFrameMetadataHolderDelegate::Invoke	CALL	[v154 @ X8_v3+20]	v326 @ X0_v25	[v48 @ X24_v2 (System.IntPtr)+48]			RUNTIME_DISPATCH		UNRESOLVED	METHOD_POINTER:UNKNOWN_CLASS_SOURCE:CLASS_NOT_AN_INTERFACE_POINTER	call UNKNOWN@0x8D8228([MemoryOperand+0x28])
EasyMobile.Internal.Gif.Android.AndroidNativeGif+C+NativeGetImageDataHolderDelegate::Invoke	CALL	[v164 @ X8_v3+20]	v345 @ X0_v25	[v52 @ X26_v2 (System.IntPtr)+48]			RUNTIME_DISPATCH		UNRESOLVED	METHOD_POINTER:UNKNOWN_CLASS_SOURCE:CLASS_NOT_AN_INTERFACE_POINTER	call UNKNOWN@0x8D8228([MemoryOperand+0x28])
EasyMobile.Internal.Gif.Android.AndroidNativeGif+C+NativeGifDecodingCompletedDelegate::Invoke	CALL	[v138 @ X8_v3+20]	v302 @ X0_v25	[v40 @ X22_v2 (System.Int32)+48]			RUNTIME_DISPATCH		UNRESOLVED	METHOD_POINTER:UNKNOWN_CLASS_SOURCE:CLASS_NOT_AN_INTERFACE_POINTER	call UNKNOWN@0x8D8228([MemoryOperand+0x28])
Facebook.Unity.Settings.FacebookSettings+OnChangeCallback::Invoke	CALL	[v134 @ X8_v3+20]	v270 @ X0_v25	[v36 @ X21_v2 (Il2CppMethodInfo)+48]			RUNTIME_DISPATCH		UNRESOLVED	METHOD_POINTER:UNKNOWN_CLASS_SOURCE:CLASS_NOT_AN_INTERFACE_POINTER	call UNKNOWN@0x8D8228([MemoryOperand+0x28])
Firebase.AppUtilPINVOKE+SWIGExceptionHelper+ExceptionDelegate::Invoke	CALL	message @ X1 (System.String)	v399 @ X0_v27	[v44 @ X21_v2 (Il2CppMethodInfo)+48]			RUNTIME_DISPATCH		UNRESOLVED	METHOD_POINTER:UNKNOWN_CLASS_SOURCE:CLASS_NOT_AN_INTERFACE_POINTER	call UNKNOWN@0x8D8228([MemoryOperand+0x28])
Firebase.AppUtilPINVOKE+SWIGExceptionHelper+ExceptionDelegate::Invoke	CALL	[v143 @ X8_v3+20]	v413 @ X0_v51	[v44 @ X21_v2 (Il2CppMethodInfo)+48]			RUNTIME_DISPATCH		UNRESOLVED	METHOD_POINTER:UNKNOWN_CLASS_SOURCE:CLASS_NOT_AN_INTERFACE_POINTER	call UNKNOWN@0x8D8228([MemoryOperand+0x28])
Firebase.AppUtilPINVOKE+SWIGExceptionHelper+ExceptionDelegate::Invoke	CALL	v461 @ X0_v14	v44 @ X21_v2 (Il2CppMethodInfo)	v498 @ X2_v8 (Il2CppMethodInfo)			RUNTIME_DISPATCH		UNRESOLVED	METHOD_POINTER:UNKNOWN_CLASS_SOURCE:CLASS_NOT_AN_INTERFACE_POINTER	[MemoryOperand+0x28]
Firebase.AppUtilPINVOKE+SWIGExceptionHelper+ExceptionArgumentDelegate::Invoke	CALL	message @ X1 (System.String)	v412 @ X0_v27	[v48 @ X22_v2 (Il2CppMethodInfo)+48]			RUNTIME_DISPATCH		UNRESOLVED	METHOD_POINTER:UNKNOWN_CLASS_SOURCE:CLASS_NOT_AN_INTERFACE_POINTER	call UNKNOWN@0x8D8228([MemoryOperand+0x28])
Firebase.AppUtilPINVOKE+SWIGExceptionHelper+ExceptionArgumentDelegate::Invoke	CALL	[v151 @ X8_v3+20]	v426 @ X0_v51	[v48 @ X22_v2 (Il2CppMethodInfo)+48]			RUNTIME_DISPATCH		UNRESOLVED	METHOD_POINTER:UNKNOWN_CLASS_SOURCE:CLASS_NOT_AN_INTERFACE_POINTER	call UNKNOWN@0x8D8228([MemoryOperand+0x28])
Firebase.AppUtilPINVOKE+SWIGExceptionHelper+ExceptionArgumentDelegate::Invoke	CALL	v475 @ X0_v14	v48 @ X22_v2 (Il2CppMethodInfo)	v512 @ X2_v12 (System.String)			RUNTIME_DISPATCH		UNRESOLVED	METHOD_POINTER:UNKNOWN_CLASS_SOURCE:CLASS_NOT_AN_INTERFACE_POINTER	[MemoryOperand+0x28]
Firebase.AppUtilPINVOKE+SWIGStringHelper+SWIGStringDelegate::Invoke	CALL	message @ X1 (System.String)	v400 @ X0_v28	[v49 @ X21_v4 (Il2CppMethodInfo)+48]			RUNTIME_DISPATCH		UNRESOLVED	METHOD_POINTER:UNKNOWN_CLASS_SOURCE:CLASS_NOT_AN_INTERFACE_POINTER	call UNKNOWN@0x8D8228([MemoryOperand+0x28])
Firebase.AppUtilPINVOKE+SWIGStringHelper+SWIGStringDelegate::Invoke	CALL	[v144 @ X8_v4+20]	v414 @ X0_v52	[v49 @ X21_v4 (Il2CppMethodInfo)+48]			RUNTIME_DISPATCH		UNRESOLVED	METHOD_POINTER:UNKNOWN_CLASS_SOURCE:CLASS_NOT_AN_INTERFACE_POINTER	call UNKNOWN@0x8D8228([MemoryOperand+0x28])
Firebase.AppUtilPINVOKE+SWIGStringHelper+SWIGStringDelegate::Invoke	CALL	v462 @ X0_v15	v49 @ X21_v4 (Il2CppMethodInfo)	v499 @ X2_v9 (Il2CppMethodInfo)			RUNTIME_DISPATCH		UNRESOLVED	METHOD_POINTER:UNKNOWN_CLASS_SOURCE:CLASS_NOT_AN_INTERFACE_POINTER	[MemoryOperand+0x28]
Firebase.FirebaseApp+CreateDelegate::Invoke	CALL	[v135 @ X8_v4+20]	v271 @ X0_v26	[v41 @ X21_v4 (Il2CppMethodInfo)+48]			RUNTIME_DISPATCH		UNRESOLVED	METHOD_POINTER:UNKNOWN_CLASS_SOURCE:CLASS_NOT_AN_INTERFACE_POINTER	call UNKNOWN@0x8D8228([MemoryOperand+0x28])
Firebase.LogUtil+LogMessageDelegate::Invoke	CALL	[v146 @ X8_v3+20]	v314 @ X0_v25	[v44 @ X23_v2 (System.String)+48]			RUNTIME_DISPATCH		UNRESOLVED	METHOD_POINTER:UNKNOWN_CLASS_SOURCE:CLASS_NOT_AN_INTERFACE_POINTER	call UNKNOWN@0x8D8228([MemoryOperand+0x28])
GameAnalyticsSDK.Utilities.GA_MiniJSON+Serializer::SerializeObject	CALL	obj @ X1 (System.Collections.IDictionary)	Type: System.Collections.IDictionary	2	System.Collections.IDictionary::get_Keys	0x060028D6	RUNTIME_DISPATCH		EXACT	lookup(receiver, interface class, slot) reaches the dispatch pointer; slot = Il2CppMethodDefinition.slot
GameAnalyticsSDK.Utilities.GA_MiniJSON+Serializer::SerializeObject	CALL	v333 @ X0_v35 (System.Collections.IEnumerator)	Type: System.Collections.IEnumerator	1	System.Collections.IEnumerator::get_Current	0x060028DD	RUNTIME_DISPATCH		EXACT	lookup(receiver, interface class, slot) reaches the dispatch pointer; slot = Il2CppMethodDefinition.slot
GameAnalyticsSDK.Utilities.GA_MiniJSON+Serializer::SerializeArray	CALL	v299 @ X0_v32 (System.Collections.IEnumerator)	Type: System.Collections.IEnumerator	1	System.Collections.IEnumerator::get_Current	0x060028DD	RUNTIME_DISPATCH		EXACT	lookup(receiver, interface class, slot) reaches the dispatch pointer; slot = Il2CppMethodDefinition.slot
LunarConsolePlugin.CVarChangedDelegate::Invoke	CALL	cvar @ X1 (LunarConsolePlugin.CVar)	v399 @ X0_v27	[v44 @ X21_v2 (Il2CppMethodInfo)+48]			RUNTIME_DISPATCH		UNRESOLVED	METHOD_POINTER:UNKNOWN_CLASS_SOURCE:CLASS_NOT_AN_INTERFACE_POINTER	call UNKNOWN@0x8D8228([MemoryOperand+0x28])
LunarConsolePlugin.CVarChangedDelegate::Invoke	CALL	[v143 @ X8_v3+20]	v413 @ X0_v51	[v44 @ X21_v2 (Il2CppMethodInfo)+48]			RUNTIME_DISPATCH		UNRESOLVED	METHOD_POINTER:UNKNOWN_CLASS_SOURCE:CLASS_NOT_AN_INTERFACE_POINTER	call UNKNOWN@0x8D8228([MemoryOperand+0x28])
LunarConsolePlugin.CVarChangedDelegate::Invoke	CALL	v461 @ X0_v14	v44 @ X21_v2 (Il2CppMethodInfo)	v498 @ X2_v8 (Il2CppMethodInfo)			RUNTIME_DISPATCH		UNRESOLVED	METHOD_POINTER:UNKNOWN_CLASS_SOURCE:CLASS_NOT_AN_INTERFACE_POINTER	[MemoryOperand+0x28]
LunarConsolePlugin.LunarConsoleNativeMessageCallback::Invoke	CALL	message @ X1 (System.String)	v399 @ X0_v27	[v44 @ X21_v2 (Il2CppMethodInfo)+48]			RUNTIME_DISPATCH		UNRESOLVED	METHOD_POINTER:UNKNOWN_CLASS_SOURCE:CLASS_NOT_AN_INTERFACE_POINTER	call UNKNOWN@0x8D8228([MemoryOperand+0x28])
LunarConsolePlugin.LunarConsoleNativeMessageCallback::Invoke	CALL	[v143 @ X8_v3+20]	v413 @ X0_v51	[v44 @ X21_v2 (Il2CppMethodInfo)+48]			RUNTIME_DISPATCH		UNRESOLVED	METHOD_POINTER:UNKNOWN_CLASS_SOURCE:CLASS_NOT_AN_INTERFACE_POINTER	call UNKNOWN@0x8D8228([MemoryOperand+0x28])
LunarConsolePlugin.LunarConsoleNativeMessageCallback::Invoke	CALL	v461 @ X0_v14	v44 @ X21_v2 (Il2CppMethodInfo)	v498 @ X2_v8 (Il2CppMethodInfo)			RUNTIME_DISPATCH		UNRESOLVED	METHOD_POINTER:UNKNOWN_CLASS_SOURCE:CLASS_NOT_AN_INTERFACE_POINTER	[MemoryOperand+0x28]
LunarConsolePlugin.LunarConsoleNativeMessageHandler::Invoke	CALL	data @ X1 (System.Collections.Generic.IDictionary`2<System.String, System.String>)	v399 @ X0_v27	[v44 @ X21_v2 (Il2CppMethodInfo)+48]			RUNTIME_DISPATCH		UNRESOLVED	METHOD_POINTER:UNKNOWN_CLASS_SOURCE:CLASS_NOT_AN_INTERFACE_POINTER	call UNKNOWN@0x8D8228([MemoryOperand+0x28])
LunarConsolePlugin.LunarConsoleNativeMessageHandler::Invoke	CALL	[v143 @ X8_v3+20]	v413 @ X0_v51	[v44 @ X21_v2 (Il2CppMethodInfo)+48]			RUNTIME_DISPATCH		UNRESOLVED	METHOD_POINTER:UNKNOWN_CLASS_SOURCE:CLASS_NOT_AN_INTERFACE_POINTER	call UNKNOWN@0x8D8228([MemoryOperand+0x28])
LunarConsolePlugin.LunarConsoleNativeMessageHandler::Invoke	CALL	v461 @ X0_v14	v44 @ X21_v2 (Il2CppMethodInfo)	v498 @ X2_v8 (Il2CppMethodInfo)			RUNTIME_DISPATCH		UNRESOLVED	METHOD_POINTER:UNKNOWN_CLASS_SOURCE:CLASS_NOT_AN_INTERFACE_POINTER	[MemoryOperand+0x28]
LunarConsolePlugin.LunarConsole::UpdateVariable	TAIL	v42 @ X20_v2 (LunarConsolePlugin.LunarConsole+IPlatform)	Type: LunarConsolePluginInternal.ICRegistryDelegate	3	LunarConsolePluginInternal.ICRegistryDelegate::OnVariableUpdated	0x0600009C	RUNTIME_DISPATCH		EXACT	lookup(receiver, interface class, slot) reaches the dispatch pointer; slot = Il2CppMethodDefinition.slot
LunarConsolePlugin.LunarConsole::LoadVariables	CALL	v596 @ X24_v17 (LunarConsolePlugin.LunarConsole+IPlatform)	Type: LunarConsolePluginInternal.ICRegistryDelegate	3	LunarConsolePluginInternal.ICRegistryDelegate::OnVariableUpdated	0x0600009C	RUNTIME_DISPATCH		EXACT	lookup(receiver, interface class, slot) reaches the dispatch pointer; slot = Il2CppMethodDefinition.slot
LunarConsolePlugin.LunarConsole::OnLogMessageReceived	TAIL	v57 @ X22_v3 (LunarConsolePlugin.LunarConsole+IPlatform)	Type: LunarConsolePlugin.LunarConsole+IPlatform	1	LunarConsolePlugin.LunarConsole+IPlatform::OnLogMessageReceived	0x0600016E	RUNTIME_DISPATCH		EXACT	lookup(receiver, interface class, slot) reaches the dispatch pointer; slot = Il2CppMethodDefinition.slot
LunarConsolePlugin.LunarConsole::NativeMessageCallback	CALL	v136 @ X0_v28 (System.Collections.Generic.IDictionary`2<System.String, LunarConsolePlugin.LunarConsoleNativeMessageHandler>)	Type: System.Collections.Generic.IDictionary`2<System.String, LunarConsolePlugin.LunarConsoleNativeMessageHandler>	6	System.Collections.Generic.IDictionary`2::TryGetValue	0x06002AA1	RUNTIME_DISPATCH	System.String,LunarConsolePlugin.LunarConsoleNativeMessageHandler	EXACT	lookup(receiver, interface class, slot) reaches the dispatch pointer; slot = Il2CppMethodDefinition.slot
LunarConsolePlugin.LunarConsole::get_nativeHandlerLookup	CALL	v53 @ X0_v5 (System.Collections.Generic.Dictionary`2<System.String, LunarConsolePlugin.LunarConsoleNativeMessageHandler>)	Type: System.Collections.Generic.IDictionary`2<System.String, LunarConsolePlugin.LunarConsoleNativeMessageHandler>	1	System.Collections.Generic.IDictionary`2::set_Item	0x06002A9C	RUNTIME_DISPATCH	System.String,LunarConsolePlugin.LunarConsoleNativeMessageHandler	EXACT	lookup(receiver, interface class, slot) reaches the dispatch pointer; slot = Il2CppMethodDefinition.slot
LunarConsolePlugin.LunarConsole::get_nativeHandlerLookup	CALL	v286 @ X20_v6 (System.Collections.Generic.IDictionary`2<System.String, LunarConsolePlugin.LunarConsoleNativeMessageHandler>)	Type: System.Collections.Generic.IDictionary`2<System.String, LunarConsolePlugin.LunarConsoleNativeMessageHandler>	1	System.Collections.Generic.IDictionary`2::set_Item	0x06002A9C	RUNTIME_DISPATCH	System.String,LunarConsolePlugin.LunarConsoleNativeMessageHandler	EXACT	lookup(receiver, interface class, slot) reaches the dispatch pointer; slot = Il2CppMethodDefinition.slot
LunarConsolePlugin.LunarConsole::get_nativeHandlerLookup	CALL	v287 @ X20_v7 (System.Collections.Generic.IDictionary`2<System.String, LunarConsolePlugin.LunarConsoleNativeMessageHandler>)	Type: System.Collections.Generic.IDictionary`2<System.String, LunarConsolePlugin.LunarConsoleNativeMessageHandler>	1	System.Collections.Generic.IDictionary`2::set_Item	0x06002A9C	RUNTIME_DISPATCH	System.String,LunarConsolePlugin.LunarConsoleNativeMessageHandler	EXACT	lookup(receiver, interface class, slot) reaches the dispatch pointer; slot = Il2CppMethodDefinition.slot
LunarConsolePlugin.LunarConsole::get_nativeHandlerLookup	CALL	v288 @ X20_v8 (System.Collections.Generic.IDictionary`2<System.String, LunarConsolePlugin.LunarConsoleNativeMessageHandler>)	Type: System.Collections.Generic.IDictionary`2<System.String, LunarConsolePlugin.LunarConsoleNativeMessageHandler>	1	System.Collections.Generic.IDictionary`2::set_Item	0x06002A9C	RUNTIME_DISPATCH	System.String,LunarConsolePlugin.LunarConsoleNativeMessageHandler	EXACT	lookup(receiver, interface class, slot) reaches the dispatch pointer; slot = Il2CppMethodDefinition.slot
LunarConsolePlugin.LunarConsole::get_nativeHandlerLookup	CALL	v117 @ X20_v9 (System.Collections.Generic.IDictionary`2<System.String, LunarConsolePlugin.LunarConsoleNativeMessageHandler>)	Type: System.Collections.Generic.IDictionary`2<System.String, LunarConsolePlugin.LunarConsoleNativeMessageHandler>	1	System.Collections.Generic.IDictionary`2::set_Item	0x06002A9C	RUNTIME_DISPATCH	System.String,LunarConsolePlugin.LunarConsoleNativeMessageHandler	EXACT	lookup(receiver, interface class, slot) reaches the dispatch pointer; slot = Il2CppMethodDefinition.slot
LunarConsolePlugin.LunarConsole::ConsoleActionHandler	CALL	data @ X1 (System.Collections.Generic.IDictionary`2<System.String, System.String>)	Type: System.Collections.Generic.IDictionary`2<System.String, System.String>	6	System.Collections.Generic.IDictionary`2::TryGetValue	0x06002AA1	RUNTIME_DISPATCH	System.String,System.String	EXACT	lookup(receiver, interface class, slot) reaches the dispatch pointer; slot = Il2CppMethodDefinition.slot
LunarConsolePlugin.LunarConsole::ConsoleVariableSetHandler	CALL	data @ X1 (System.Collections.Generic.IDictionary`2<System.String, System.String>)	Type: System.Collections.Generic.IDictionary`2<System.String, System.String>	6	System.Collections.Generic.IDictionary`2::TryGetValue	0x06002AA1	RUNTIME_DISPATCH	System.String,System.String	EXACT	lookup(receiver, interface class, slot) reaches the dispatch pointer; slot = Il2CppMethodDefinition.slot
LunarConsolePlugin.LunarConsole::ConsoleVariableSetHandler	CALL	data @ X1 (System.Collections.Generic.IDictionary`2<System.String, System.String>)	Type: System.Collections.Generic.IDictionary`2<System.String, System.String>	6	System.Collections.Generic.IDictionary`2::TryGetValue	0x06002AA1	RUNTIME_DISPATCH	System.String,System.String	EXACT	lookup(receiver, interface class, slot) reaches the dispatch pointer; slot = Il2CppMethodDefinition.slot
LunarConsolePlugin.LunarConsole::TrackEventHandler	CALL	data @ X1 (System.Collections.Generic.IDictionary`2<System.String, System.String>)	Type: System.Collections.Generic.IDictionary`2<System.String, System.String>	6	System.Collections.Generic.IDictionary`2::TryGetValue	0x06002AA1	RUNTIME_DISPATCH	System.String,System.String	EXACT	lookup(receiver, interface class, slot) reaches the dispatch pointer; slot = Il2CppMethodDefinition.slot
LunarConsolePlugin.LunarConsole::TrackEventHandler	CALL	data @ X1 (System.Collections.Generic.IDictionary`2<System.String, System.String>)	Type: System.Collections.Generic.IDictionary`2<System.String, System.String>	6	System.Collections.Generic.IDictionary`2::TryGetValue	0x06002AA1	RUNTIME_DISPATCH	System.String,System.String	EXACT	lookup(receiver, interface class, slot) reaches the dispatch pointer; slot = Il2CppMethodDefinition.slot
LunarConsolePlugin.LunarConsole::TrackEventHandler	CALL	data @ X1 (System.Collections.Generic.IDictionary`2<System.String, System.String>)	Type: System.Collections.Generic.IDictionary`2<System.String, System.String>	6	System.Collections.Generic.IDictionary`2::TryGetValue	0x06002AA1	RUNTIME_DISPATCH	System.String,System.String	EXACT	lookup(receiver, interface class, slot) reaches the dispatch pointer; slot = Il2CppMethodDefinition.slot
LunarConsolePlugin.LunarConsole::ShowConsole	TAIL	v39 @ X19_v2 (LunarConsolePlugin.LunarConsole+IPlatform)	Type: LunarConsolePlugin.LunarConsole+IPlatform	2	LunarConsolePlugin.LunarConsole+IPlatform::ShowConsole	0x0600016F	RUNTIME_DISPATCH		EXACT	lookup(receiver, interface class, slot) reaches the dispatch pointer; slot = Il2CppMethodDefinition.slot
LunarConsolePlugin.LunarConsole::HideConsole	TAIL	v39 @ X19_v2 (LunarConsolePlugin.LunarConsole+IPlatform)	Type: LunarConsolePlugin.LunarConsole+IPlatform	3	LunarConsolePlugin.LunarConsole+IPlatform::HideConsole	0x06000170	RUNTIME_DISPATCH		EXACT	lookup(receiver, interface class, slot) reaches the dispatch pointer; slot = Il2CppMethodDefinition.slot
LunarConsolePlugin.LunarConsole::ClearConsole	TAIL	v39 @ X19_v2 (LunarConsolePlugin.LunarConsole+IPlatform)	Type: LunarConsolePlugin.LunarConsole+IPlatform	4	LunarConsolePlugin.LunarConsole+IPlatform::ClearConsole	0x06000171	RUNTIME_DISPATCH		EXACT	lookup(receiver, interface class, slot) reaches the dispatch pointer; slot = Il2CppMethodDefinition.slot
LunarConsolePluginInternal.CActionFilter::Invoke	CALL	action @ X1 (LunarConsolePluginInternal.CAction)	v401 @ X0_v29	[v49 @ X21_v4 (Il2CppMethodInfo)+48]			RUNTIME_DISPATCH		UNRESOLVED	METHOD_POINTER:UNKNOWN_CLASS_SOURCE:CLASS_NOT_AN_INTERFACE_POINTER	call UNKNOWN@0x8D8228([MemoryOperand+0x28])
LunarConsolePluginInternal.CActionFilter::Invoke	CALL	[v145 @ X8_v4+20]	v415 @ X0_v53	[v49 @ X21_v4 (Il2CppMethodInfo)+48]			RUNTIME_DISPATCH		UNRESOLVED	METHOD_POINTER:UNKNOWN_CLASS_SOURCE:CLASS_NOT_AN_INTERFACE_POINTER	call UNKNOWN@0x8D8228([MemoryOperand+0x28])
LunarConsolePluginInternal.CActionFilter::Invoke	CALL	v463 @ X0_v16	v49 @ X21_v4 (Il2CppMethodInfo)	v500 @ X2_v9 (Il2CppMethodInfo)			RUNTIME_DISPATCH		UNRESOLVED	METHOD_POINTER:UNKNOWN_CLASS_SOURCE:CLASS_NOT_AN_INTERFACE_POINTER	[MemoryOperand+0x28]
LunarConsolePluginInternal.CRegistry::Unregister	CALL	v61 @ X0_v72 (System.Collections.Generic.List`1<LunarConsolePluginInternal.CAction>)	Type: System.Collections.Generic.ICollection`1<LunarConsolePluginInternal.CAction>	2	System.Collections.Generic.ICollection`1::Add	0x06002A95	RUNTIME_DISPATCH	LunarConsolePluginInternal.CAction	EXACT	lookup(receiver, interface class, slot) reaches the dispatch pointer; slot = Il2CppMethodDefinition.slot
LunarConsolePluginInternal.CRegistry::RemoveAction	CALL	v53 @ X21_v4 (LunarConsolePluginInternal.ICRegistryDelegate)	Type: LunarConsolePluginInternal.ICRegistryDelegate	1	LunarConsolePluginInternal.ICRegistryDelegate::OnActionUnregistered	0x0600009A	RUNTIME_DISPATCH		EXACT	lookup(receiver, interface class, slot) reaches the dispatch pointer; slot = Il2CppMethodDefinition.slot
LunarConsolePluginInternal.CRegistry::Register	TAIL	v46 @ X21_v2 (LunarConsolePluginInternal.ICRegistryDelegate)	Type: LunarConsolePluginInternal.ICRegistryDelegate	2	LunarConsolePluginInternal.ICRegistryDelegate::OnVariableRegistered	0x0600009B	RUNTIME_DISPATCH		EXACT	lookup(receiver, interface class, slot) reaches the dispatch pointer; slot = Il2CppMethodDefinition.slot
LunarConsolePluginInternal.ListMethodsFilter::Invoke	CALL	method @ X1 (System.Reflection.MethodInfo)	v401 @ X0_v29	[v49 @ X21_v4 (Il2CppMethodInfo)+48]			RUNTIME_DISPATCH		UNRESOLVED	METHOD_POINTER:UNKNOWN_CLASS_SOURCE:CLASS_NOT_AN_INTERFACE_POINTER	call UNKNOWN@0x8D8228([MemoryOperand+0x28])
LunarConsolePluginInternal.ListMethodsFilter::Invoke	CALL	[v145 @ X8_v4+20]	v415 @ X0_v53	[v49 @ X21_v4 (Il2CppMethodInfo)+48]			RUNTIME_DISPATCH		UNRESOLVED	METHOD_POINTER:UNKNOWN_CLASS_SOURCE:CLASS_NOT_AN_INTERFACE_POINTER	call UNKNOWN@0x8D8228([MemoryOperand+0x28])
LunarConsolePluginInternal.ListMethodsFilter::Invoke	CALL	v463 @ X0_v16	v49 @ X21_v4 (Il2CppMethodInfo)	v500 @ X2_v9 (Il2CppMethodInfo)			RUNTIME_DISPATCH		UNRESOLVED	METHOD_POINTER:UNKNOWN_CLASS_SOURCE:CLASS_NOT_AN_INTERFACE_POINTER	[MemoryOperand+0x28]
LunarConsolePluginInternal.Iterator`1::Current	TAIL	v12 @ X19_v1 (System.Collections.Generic.IList`1<T>)	Type: Il2CppClass<System.Collections.Generic.IList`1<T>>	0	System.Collections.Generic.IList`1::get_Item	0x06002AA6	RUNTIME_DISPATCH	T	EXACT	lookup(receiver, interface class, slot) reaches the dispatch pointer; slot = Il2CppMethodDefinition.slot
LunarConsolePluginInternal.Iterator`1::get_Count	TAIL	v10 @ X19_v1 (System.Collections.Generic.IList`1<T>)	Type: Il2CppClass<System.Collections.Generic.ICollection`1<T>>	0	System.Collections.Generic.ICollection`1::get_Count	0x06002A93	RUNTIME_DISPATCH	T	EXACT	lookup(receiver, interface class, slot) reaches the dispatch pointer; slot = Il2CppMethodDefinition.slot
LunarConsolePluginInternal.ReflectionTypeFilter::Invoke	CALL	type @ X1 (System.Type)	v401 @ X0_v29	[v49 @ X21_v4 (Il2CppMethodInfo)+48]			RUNTIME_DISPATCH		UNRESOLVED	METHOD_POINTER:UNKNOWN_CLASS_SOURCE:CLASS_NOT_AN_INTERFACE_POINTER	call UNKNOWN@0x8D8228([MemoryOperand+0x28])
LunarConsolePluginInternal.ReflectionTypeFilter::Invoke	CALL	[v145 @ X8_v4+20]	v415 @ X0_v53	[v49 @ X21_v4 (Il2CppMethodInfo)+48]			RUNTIME_DISPATCH		UNRESOLVED	METHOD_POINTER:UNKNOWN_CLASS_SOURCE:CLASS_NOT_AN_INTERFACE_POINTER	call UNKNOWN@0x8D8228([MemoryOperand+0x28])
LunarConsolePluginInternal.ReflectionTypeFilter::Invoke	CALL	v463 @ X0_v16	v49 @ X21_v4 (Il2CppMethodInfo)	v500 @ X2_v9 (Il2CppMethodInfo)			RUNTIME_DISPATCH		UNRESOLVED	METHOD_POINTER:UNKNOWN_CLASS_SOURCE:CLASS_NOT_AN_INTERFACE_POINTER	[MemoryOperand+0x28]
LunarConsolePluginInternal.StringUtils::Filter	CALL	v61 @ X0_v7 (System.Collections.Generic.List`1<System.String>)	Type: System.Collections.Generic.ICollection`1<System.String>	2	System.Collections.Generic.ICollection`1::Add	0x06002A95	RUNTIME_DISPATCH	System.String	EXACT	lookup(receiver, interface class, slot) reaches the dispatch pointer; slot = Il2CppMethodDefinition.slot
LunarConsolePluginInternal.StringUtils::GetSuggestedText0	CALL	strings @ X1 (System.Collections.IList)	Type: System.Collections.IEnumerable	0	System.Collections.IEnumerable::GetEnumerator	0x060028DB	RUNTIME_DISPATCH		EXACT	lookup(receiver, interface class, slot) reaches the dispatch pointer; slot = Il2CppMethodDefinition.slot
LunarConsolePluginInternal.StringUtils::GetSuggestedText0	CALL	v334 @ X0_v7 (System.Collections.IEnumerator)	Type: System.Collections.IEnumerator	1	System.Collections.IEnumerator::get_Current	0x060028DD	RUNTIME_DISPATCH		EXACT	lookup(receiver, interface class, slot) reaches the dispatch pointer; slot = Il2CppMethodDefinition.slot
LunarConsolePluginInternal.StringUtils::GetSuggestedTextFiltered0	CALL	strings @ X1 (System.Collections.IList)	Type: System.Collections.ICollection	1	System.Collections.ICollection::get_Count	0x060028D2	RUNTIME_DISPATCH		EXACT	lookup(receiver, interface class, slot) reaches the dispatch pointer; slot = Il2CppMethodDefinition.slot
LunarConsolePluginInternal.StringUtils::GetSuggestedTextFiltered0	CALL	strings @ X1 (System.Collections.IList)	Type: System.Collections.ICollection	1	System.Collections.ICollection::get_Count	0x060028D2	RUNTIME_DISPATCH		EXACT	lookup(receiver, interface class, slot) reaches the dispatch pointer; slot = Il2CppMethodDefinition.slot
LunarConsolePluginInternal.StringUtils::GetSuggestedTextFiltered0	CALL	strings @ X1 (System.Collections.IList)	Type: System.Collections.ICollection	1	System.Collections.ICollection::get_Count	0x060028D2	RUNTIME_DISPATCH		EXACT	lookup(receiver, interface class, slot) reaches the dispatch pointer; slot = Il2CppMethodDefinition.slot
LunarConsolePluginInternal.StringUtils::Join	CALL	list @ X0 (System.Collections.Generic.IList`1<T>)	Type: Il2CppClass<System.Collections.Generic.IList`1<T>>	0	System.Collections.Generic.IList`1::get_Item	0x06002AA6	RUNTIME_DISPATCH	T	EXACT	lookup(receiver, interface class, slot) reaches the dispatch pointer; slot = Il2CppMethodDefinition.slot
LunarConsolePluginInternal.StringUtils::Join	CALL	list @ X0 (System.Collections.Generic.IList`1<T>)	Type: Il2CppClass<System.Collections.Generic.ICollection`1<T>>	0	System.Collections.Generic.ICollection`1::get_Count	0x06002A93	RUNTIME_DISPATCH	T	EXACT	lookup(receiver, interface class, slot) reaches the dispatch pointer; slot = Il2CppMethodDefinition.slot
LunarConsolePluginInternal.StringUtils::Join	CALL	list @ X0 (System.Collections.Generic.IList`1<T>)	Type: Il2CppClass<System.Collections.Generic.ICollection`1<T>>	0	System.Collections.Generic.ICollection`1::get_Count	0x06002A93	RUNTIME_DISPATCH	T	EXACT	lookup(receiver, interface class, slot) reaches the dispatch pointer; slot = Il2CppMethodDefinition.slot
LunarConsolePluginInternal.StringUtils::DeserializeString	CALL	v219 @ X0_v15 (System.Collections.Generic.Dictionary`2<System.String, System.String>)	Type: System.Collections.Generic.IDictionary`2<System.String, System.String>	1	System.Collections.Generic.IDictionary`2::set_Item	0x06002A9C	RUNTIME_DISPATCH	System.String,System.String	EXACT	lookup(receiver, interface class, slot) reaches the dispatch pointer; slot = Il2CppMethodDefinition.slot
Morpeh.World::AddInitializer	CALL	initializer @ X1 (T)	Type: Morpeh.IInitializer	1	Morpeh.IInitializer::set_World	0x06000010	RUNTIME_DISPATCH		EXACT	lookup(receiver, interface class, slot) reaches the dispatch pointer; slot = Il2CppMethodDefinition.slot
Morpeh.World::AddInitializer	CALL	initializer @ X1 (T)	Type: Morpeh.IInitializer	3	Morpeh.IInitializer::set_Filter	0x06000012	RUNTIME_DISPATCH		EXACT	lookup(receiver, interface class, slot) reaches the dispatch pointer; slot = Il2CppMethodDefinition.slot
Morpeh.World::AddInitializer	CALL	initializer @ X1 (T)	Type: Morpeh.IInitializer	4	Morpeh.IInitializer::OnAwake	0x06000013	RUNTIME_DISPATCH		EXACT	lookup(receiver, interface class, slot) reaches the dispatch pointer; slot = Il2CppMethodDefinition.slot
Morpeh.Filter::.ctor	CALL	v464[v326 @ stack_-78 (System.Int32)]	Type: Morpeh.IEntity	8	Morpeh.IEntity::Has	0x0600000E	RUNTIME_DISPATCH		EXACT	lookup(receiver, interface class, slot) reaches the dispatch pointer; slot = Il2CppMethodDefinition.slot
Morpeh.Filter::.ctor	CALL	v464[v326 @ stack_-78 (System.Int32)]	Type: Morpeh.IEntity	8	Morpeh.IEntity::Has	0x0600000E	RUNTIME_DISPATCH		EXACT	lookup(receiver, interface class, slot) reaches the dispatch pointer; slot = Il2CppMethodDefinition.slot
Morpeh.Filter::Update	CALL	v309[v305[v217 @ X21_v20 (System.Int32)]]	Type: Morpeh.IEntity	8	Morpeh.IEntity::Has	0x0600000E	RUNTIME_DISPATCH		EXACT	lookup(receiver, interface class, slot) reaches the dispatch pointer; slot = Il2CppMethodDefinition.slot
Morpeh.Filter::Update	CALL	v309[v305[v217 @ X21_v20 (System.Int32)]]	Type: Morpeh.IEntity	8	Morpeh.IEntity::Has	0x0600000E	RUNTIME_DISPATCH		EXACT	lookup(receiver, interface class, slot) reaches the dispatch pointer; slot = Il2CppMethodDefinition.slot
Morpeh.Filter::Update	CALL	v795[v790[v637 @ X23_v10 (System.Int32)]]	Type: Morpeh.IEntity	8	Morpeh.IEntity::Has	0x0600000E	RUNTIME_DISPATCH		EXACT	lookup(receiver, interface class, slot) reaches the dispatch pointer; slot = Il2CppMethodDefinition.slot
Morpeh.Filter::Update	CALL	v795[v790[v637 @ X23_v10 (System.Int32)]]	Type: Morpeh.IEntity	8	Morpeh.IEntity::Has	0x0600000E	RUNTIME_DISPATCH		EXACT	lookup(receiver, interface class, slot) reaches the dispatch pointer; slot = Il2CppMethodDefinition.slot
Morpeh.ComponentsCleaner+RemoveDelegate::Invoke	CALL	[v140 @ X8_v4+20]	v304 @ X0_v27	[v45 @ X22_v4 (System.Int32&)+48]			RUNTIME_DISPATCH		UNRESOLVED	METHOD_POINTER:UNKNOWN_CLASS_SOURCE:CLASS_NOT_AN_INTERFACE_POINTER	call UNKNOWN@0x8D8228([MemoryOperand+0x28])
Morpeh.Utils.ListExtensions::RemoveAtFast	CALL	list @ X0 (System.Collections.Generic.IList`1<T>)	Type: Il2CppClass<System.Collections.Generic.ICollection`1<T>>	0	System.Collections.Generic.ICollection`1::get_Count	0x06002A93	RUNTIME_DISPATCH	T	EXACT	lookup(receiver, interface class, slot) reaches the dispatch pointer; slot = Il2CppMethodDefinition.slot
Morpeh.Utils.ListExtensions::RemoveAtFast	CALL	list @ X0 (System.Collections.Generic.IList`1<T>)	Type: Il2CppClass<System.Collections.Generic.IList`1<T>>	0	System.Collections.Generic.IList`1::get_Item	0x06002AA6	RUNTIME_DISPATCH	T	EXACT	lookup(receiver, interface class, slot) reaches the dispatch pointer; slot = Il2CppMethodDefinition.slot
Morpeh.Utils.ListExtensions::RemoveAtFast	CALL	list @ X0 (System.Collections.Generic.IList`1<T>)	Type: Il2CppClass<System.Collections.Generic.IList`1<T>>	1	System.Collections.Generic.IList`1::set_Item	0x06002AA7	RUNTIME_DISPATCH	T	EXACT	lookup(receiver, interface class, slot) reaches the dispatch pointer; slot = Il2CppMethodDefinition.slot
Morpeh.Utils.ListExtensions::RemoveAtFast	TAIL	list @ X0 (System.Collections.Generic.IList`1<T>)	Type: Il2CppClass<System.Collections.Generic.IList`1<T>>	4	System.Collections.Generic.IList`1::RemoveAt	0x06002AAA	RUNTIME_DISPATCH	T	EXACT	lookup(receiver, interface class, slot) reaches the dispatch pointer; slot = Il2CppMethodDefinition.slot
Morpeh.Utils.ListExtensions::RemoveFast	CALL	list @ X0 (System.Collections.Generic.IList`1<T>)	Type: Il2CppClass<System.Collections.Generic.ICollection`1<T>>	0	System.Collections.Generic.ICollection`1::get_Count	0x06002A93	RUNTIME_DISPATCH	T	EXACT	lookup(receiver, interface class, slot) reaches the dispatch pointer; slot = Il2CppMethodDefinition.slot
Morpeh.Utils.ListExtensions::RemoveFast	CALL	list @ X0 (System.Collections.Generic.IList`1<T>)	Type: Il2CppClass<System.Collections.Generic.IList`1<T>>	2	System.Collections.Generic.IList`1::IndexOf	0x06002AA8	RUNTIME_DISPATCH	T	EXACT	lookup(receiver, interface class, slot) reaches the dispatch pointer; slot = Il2CppMethodDefinition.slot
Morpeh.Utils.ListExtensions::RemoveFast	CALL	list @ X0 (System.Collections.Generic.IList`1<T>)	Type: Il2CppClass<System.Collections.Generic.IList`1<T>>	0	System.Collections.Generic.IList`1::get_Item	0x06002AA6	RUNTIME_DISPATCH	T	EXACT	lookup(receiver, interface class, slot) reaches the dispatch pointer; slot = Il2CppMethodDefinition.slot
Morpeh.Utils.ListExtensions::RemoveFast	CALL	list @ X0 (System.Collections.Generic.IList`1<T>)	Type: Il2CppClass<System.Collections.Generic.IList`1<T>>	1	System.Collections.Generic.IList`1::set_Item	0x06002AA7	RUNTIME_DISPATCH	T	EXACT	lookup(receiver, interface class, slot) reaches the dispatch pointer; slot = Il2CppMethodDefinition.slot
Morpeh.Utils.ListExtensions::RemoveFast	TAIL	list @ X0 (System.Collections.Generic.IList`1<T>)	Type: Il2CppClass<System.Collections.Generic.IList`1<T>>	4	System.Collections.Generic.IList`1::RemoveAt	0x06002AAA	RUNTIME_DISPATCH	T	EXACT	lookup(receiver, interface class, slot) reaches the dispatch pointer; slot = Il2CppMethodDefinition.slot
Mycom.Tracker.Unity.MyTracker::get_IsDebugMode	TAIL	v50 @ X19_v4 (Mycom.Tracker.Unity.Internal.Interfaces.ITracker)	Type: Mycom.Tracker.Unity.Internal.Interfaces.ITracker	3	Mycom.Tracker.Unity.Internal.Interfaces.ITracker::IsDebugMode	0x06000050	RUNTIME_DISPATCH		EXACT	lookup(receiver, interface class, slot) reaches the dispatch pointer; slot = Il2CppMethodDefinition.slot
Mycom.Tracker.Unity.MyTracker::set_IsDebugMode	TAIL	v53 @ X20_v4 (Mycom.Tracker.Unity.Internal.Interfaces.ITracker)	Type: Mycom.Tracker.Unity.Internal.Interfaces.ITracker	6	Mycom.Tracker.Unity.Internal.Interfaces.ITracker::SetDebugMode	0x06000053	RUNTIME_DISPATCH		EXACT	lookup(receiver, interface class, slot) reaches the dispatch pointer; slot = Il2CppMethodDefinition.slot
Mycom.Tracker.Unity.MyTracker::get_IsEnabled	TAIL	v50 @ X19_v4 (Mycom.Tracker.Unity.Internal.Interfaces.ITracker)	Type: Mycom.Tracker.Unity.Internal.Interfaces.ITracker	4	Mycom.Tracker.Unity.Internal.Interfaces.ITracker::IsEnabled	0x06000051	RUNTIME_DISPATCH		EXACT	lookup(receiver, interface class, slot) reaches the dispatch pointer; slot = Il2CppMethodDefinition.slot
Mycom.Tracker.Unity.MyTracker::set_IsEnabled	TAIL	v53 @ X20_v4 (Mycom.Tracker.Unity.Internal.Interfaces.ITracker)	Type: Mycom.Tracker.Unity.Internal.Interfaces.ITracker	7	Mycom.Tracker.Unity.Internal.Interfaces.ITracker::SetEnabled	0x06000054	RUNTIME_DISPATCH		EXACT	lookup(receiver, interface class, slot) reaches the dispatch pointer; slot = Il2CppMethodDefinition.slot
Mycom.Tracker.Unity.MyTracker::Create	TAIL	v193 @ X20_v6 (Mycom.Tracker.Unity.Internal.Interfaces.ITracker)	Type: Mycom.Tracker.Unity.Internal.Interfaces.ITracker	1	Mycom.Tracker.Unity.Internal.Interfaces.ITracker::Create	0x0600004E	RUNTIME_DISPATCH		EXACT	lookup(receiver, interface class, slot) reaches the dispatch pointer; slot = Il2CppMethodDefinition.slot
Mycom.Tracker.Unity.MyTracker::Init	TAIL	v84 @ X19_v5 (Mycom.Tracker.Unity.Internal.Interfaces.ITracker)	Type: Mycom.Tracker.Unity.Internal.Interfaces.ITracker	2	Mycom.Tracker.Unity.Internal.Interfaces.ITracker::Init	0x0600004F	RUNTIME_DISPATCH		EXACT	lookup(receiver, interface class, slot) reaches the dispatch pointer; slot = Il2CppMethodDefinition.slot
Mycom.Tracker.Unity.MyTracker::TrackEvent	TAIL	v126 @ X21_v4 (Mycom.Tracker.Unity.Internal.Interfaces.ITracker)	Type: Mycom.Tracker.Unity.Internal.Interfaces.ITracker	8	Mycom.Tracker.Unity.Internal.Interfaces.ITracker::TrackEvent	0x06000055	RUNTIME_DISPATCH		EXACT	lookup(receiver, interface class, slot) reaches the dispatch pointer; slot = Il2CppMethodDefinition.slot
Mycom.Tracker.Unity.MyTracker::TrackRegistrationEvent	TAIL	v53 @ X20_v4 (Mycom.Tracker.Unity.Internal.Interfaces.ITracker)	Type: Mycom.Tracker.Unity.Internal.Interfaces.ITracker	12	Mycom.Tracker.Unity.Internal.Interfaces.ITracker::TrackRegistrationEvent	0x06000059	RUNTIME_DISPATCH		EXACT	lookup(receiver, interface class, slot) reaches the dispatch pointer; slot = Il2CppMethodDefinition.slot
Mycom.Tracker.Unity.MyTracker::TrackPurchaseEvent	TAIL	v62 @ X23_v4 (Mycom.Tracker.Unity.Internal.Interfaces.ITracker)	Type: Mycom.Tracker.Unity.Internal.Interfaces.ITracker	14	Mycom.Tracker.Unity.Internal.Interfaces.ITracker::TrackPurchaseEvent	0x0600005B	RUNTIME_DISPATCH		EXACT	lookup(receiver, interface class, slot) reaches the dispatch pointer; slot = Il2CppMethodDefinition.slot
Mycom.Tracker.Unity.MyTracker::TrackPurchaseEvent	TAIL	v56 @ X21_v4 (Mycom.Tracker.Unity.Internal.Interfaces.ITracker)	Type: Mycom.Tracker.Unity.Internal.Interfaces.ITracker	15	Mycom.Tracker.Unity.Internal.Interfaces.ITracker::TrackPurchaseEvent	0x0600005C	RUNTIME_DISPATCH		EXACT	lookup(receiver, interface class, slot) reaches the dispatch pointer; slot = Il2CppMethodDefinition.slot
Mycom.Tracker.Unity.MyTrackerParams::get_BufferingPeriod	TAIL	v39 @ X19_v2 (Mycom.Tracker.Unity.Internal.Interfaces.ITrackerParams)	Type: Mycom.Tracker.Unity.Internal.Interfaces.ITrackerParams	1	Mycom.Tracker.Unity.Internal.Interfaces.ITrackerParams::GetBufferingPeriod	0x0600005E	RUNTIME_DISPATCH		EXACT	lookup(receiver, interface class, slot) reaches the dispatch pointer; slot = Il2CppMethodDefinition.slot
Mycom.Tracker.Unity.MyTrackerParams::get_CustomUserId	CALL	v39 @ X19_v2 (Mycom.Tracker.Unity.Internal.Interfaces.ITrackerParams)	Type: Mycom.Tracker.Unity.Internal.Interfaces.ITrackerParams	2	Mycom.Tracker.Unity.Internal.Interfaces.ITrackerParams::GetCustomUserIds	0x0600005F	RUNTIME_DISPATCH		EXACT	lookup(receiver, interface class, slot) reaches the dispatch pointer; slot = Il2CppMethodDefinition.slot
Mycom.Tracker.Unity.MyTrackerParams::set_CustomUserId	TAIL	v42 @ X19_v2 (Mycom.Tracker.Unity.Internal.Interfaces.ITrackerParams)	Type: Mycom.Tracker.Unity.Internal.Interfaces.ITrackerParams	21	Mycom.Tracker.Unity.Internal.Interfaces.ITrackerParams::SetCustomUserIds	0x06000072	RUNTIME_DISPATCH		EXACT	lookup(receiver, interface class, slot) reaches the dispatch pointer; slot = Il2CppMethodDefinition.slot
Mycom.Tracker.Unity.MyTrackerParams::get_CustomUserIds	TAIL	v39 @ X19_v2 (Mycom.Tracker.Unity.Internal.Interfaces.ITrackerParams)	Type: Mycom.Tracker.Unity.Internal.Interfaces.ITrackerParams	2	Mycom.Tracker.Unity.Internal.Interfaces.ITrackerParams::GetCustomUserIds	0x0600005F	RUNTIME_DISPATCH		EXACT	lookup(receiver, interface class, slot) reaches the dispatch pointer; slot = Il2CppMethodDefinition.slot
Mycom.Tracker.Unity.MyTrackerParams::get_Email	CALL	v39 @ X19_v2 (Mycom.Tracker.Unity.Internal.Interfaces.ITrackerParams)	Type: Mycom.Tracker.Unity.Internal.Interfaces.ITrackerParams	3	Mycom.Tracker.Unity.Internal.Interfaces.ITrackerParams::GetEmails	0x06000060	RUNTIME_DISPATCH		EXACT	lookup(receiver, interface class, slot) reaches the dispatch pointer; slot = Il2CppMethodDefinition.slot
Mycom.Tracker.Unity.MyTrackerParams::set_Email	TAIL	v42 @ X19_v2 (Mycom.Tracker.Unity.Internal.Interfaces.ITrackerParams)	Type: Mycom.Tracker.Unity.Internal.Interfaces.ITrackerParams	22	Mycom.Tracker.Unity.Internal.Interfaces.ITrackerParams::SetEmails	0x06000073	RUNTIME_DISPATCH		EXACT	lookup(receiver, interface class, slot) reaches the dispatch pointer; slot = Il2CppMethodDefinition.slot
Mycom.Tracker.Unity.MyTrackerParams::get_Emails	TAIL	v39 @ X19_v2 (Mycom.Tracker.Unity.Internal.Interfaces.ITrackerParams)	Type: Mycom.Tracker.Unity.Internal.Interfaces.ITrackerParams	3	Mycom.Tracker.Unity.Internal.Interfaces.ITrackerParams::GetEmails	0x06000060	RUNTIME_DISPATCH		EXACT	lookup(receiver, interface class, slot) reaches the dispatch pointer; slot = Il2CppMethodDefinition.slot
Mycom.Tracker.Unity.MyTrackerParams::get_ForcingPeriod	TAIL	v39 @ X19_v2 (Mycom.Tracker.Unity.Internal.Interfaces.ITrackerParams)	Type: Mycom.Tracker.Unity.Internal.Interfaces.ITrackerParams	4	Mycom.Tracker.Unity.Internal.Interfaces.ITrackerParams::GetForcingPeriod	0x06000061	RUNTIME_DISPATCH		EXACT	lookup(receiver, interface class, slot) reaches the dispatch pointer; slot = Il2CppMethodDefinition.slot
Mycom.Tracker.Unity.MyTrackerParams::set_Gender	TAIL	v42 @ X20_v2 (Mycom.Tracker.Unity.Internal.Interfaces.ITrackerParams)	Type: Mycom.Tracker.Unity.Internal.Interfaces.ITrackerParams	24	Mycom.Tracker.Unity.Internal.Interfaces.ITrackerParams::SetGender	0x06000075	RUNTIME_DISPATCH		EXACT	lookup(receiver, interface class, slot) reaches the dispatch pointer; slot = Il2CppMethodDefinition.slot
Mycom.Tracker.Unity.MyTrackerParams::get_IcqId	CALL	v39 @ X19_v2 (Mycom.Tracker.Unity.Internal.Interfaces.ITrackerParams)	Type: Mycom.Tracker.Unity.Internal.Interfaces.ITrackerParams	6	Mycom.Tracker.Unity.Internal.Interfaces.ITrackerParams::GetIcqIds	0x06000063	RUNTIME_DISPATCH		EXACT	lookup(receiver, interface class, slot) reaches the dispatch pointer; slot = Il2CppMethodDefinition.slot
Mycom.Tracker.Unity.MyTrackerParams::set_IcqId	TAIL	v42 @ X19_v2 (Mycom.Tracker.Unity.Internal.Interfaces.ITrackerParams)	Type: Mycom.Tracker.Unity.Internal.Interfaces.ITrackerParams	26	Mycom.Tracker.Unity.Internal.Interfaces.ITrackerParams::SetIcqIds	0x06000077	RUNTIME_DISPATCH		EXACT	lookup(receiver, interface class, slot) reaches the dispatch pointer; slot = Il2CppMethodDefinition.slot
Mycom.Tracker.Unity.MyTrackerParams::get_IcqIds	TAIL	v39 @ X19_v2 (Mycom.Tracker.Unity.Internal.Interfaces.ITrackerParams)	Type: Mycom.Tracker.Unity.Internal.Interfaces.ITrackerParams	6	Mycom.Tracker.Unity.Internal.Interfaces.ITrackerParams::GetIcqIds	0x06000063	RUNTIME_DISPATCH		EXACT	lookup(receiver, interface class, slot) reaches the dispatch pointer; slot = Il2CppMethodDefinition.slot
Mycom.Tracker.Unity.MyTrackerParams::get_Id	TAIL	v39 @ X19_v2 (Mycom.Tracker.Unity.Internal.Interfaces.ITrackerParams)	Type: Mycom.Tracker.Unity.Internal.Interfaces.ITrackerParams	7	Mycom.Tracker.Unity.Internal.Interfaces.ITrackerParams::GetId	0x06000064	RUNTIME_DISPATCH		EXACT	lookup(receiver, interface class, slot) reaches the dispatch pointer; slot = Il2CppMethodDefinition.slot
Mycom.Tracker.Unity.MyTrackerParams::get_IsTrackingEnvironmentEnabled	TAIL	v39 @ X19_v2 (Mycom.Tracker.Unity.Internal.Interfaces.ITrackerParams)	Type: Mycom.Tracker.Unity.Internal.Interfaces.ITrackerParams	16	Mycom.Tracker.Unity.Internal.Interfaces.ITrackerParams::IsTrackingEnvironmentEnabled	0x0600006D	RUNTIME_DISPATCH		EXACT	lookup(receiver, interface class, slot) reaches the dispatch pointer; slot = Il2CppMethodDefinition.slot
Mycom.Tracker.Unity.MyTrackerParams::get_Lang	TAIL	v39 @ X19_v2 (Mycom.Tracker.Unity.Internal.Interfaces.ITrackerParams)	Type: Mycom.Tracker.Unity.Internal.Interfaces.ITrackerParams	8	Mycom.Tracker.Unity.Internal.Interfaces.ITrackerParams::GetLang	0x06000065	RUNTIME_DISPATCH		EXACT	lookup(receiver, interface class, slot) reaches the dispatch pointer; slot = Il2CppMethodDefinition.slot
Mycom.Tracker.Unity.MyTrackerParams::set_LaunchTimeout	TAIL	v42 @ X20_v2 (Mycom.Tracker.Unity.Internal.Interfaces.ITrackerParams)	Type: Mycom.Tracker.Unity.Internal.Interfaces.ITrackerParams	28	Mycom.Tracker.Unity.Internal.Interfaces.ITrackerParams::SetLaunchTimeout	0x06000079	RUNTIME_DISPATCH		EXACT	lookup(receiver, interface class, slot) reaches the dispatch pointer; slot = Il2CppMethodDefinition.slot
Mycom.Tracker.Unity.MyTrackerParams::set_MrgsId	TAIL	v42 @ X20_v2 (Mycom.Tracker.Unity.Internal.Interfaces.ITrackerParams)	Type: Mycom.Tracker.Unity.Internal.Interfaces.ITrackerParams	30	Mycom.Tracker.Unity.Internal.Interfaces.ITrackerParams::SetMrgsId	0x0600007B	RUNTIME_DISPATCH		EXACT	lookup(receiver, interface class, slot) reaches the dispatch pointer; slot = Il2CppMethodDefinition.slot
Mycom.Tracker.Unity.MyTrackerParams::get_MrgsUserId	TAIL	v39 @ X19_v2 (Mycom.Tracker.Unity.Internal.Interfaces.ITrackerParams)	Type: Mycom.Tracker.Unity.Internal.Interfaces.ITrackerParams	12	Mycom.Tracker.Unity.Internal.Interfaces.ITrackerParams::GetMrgsUserId	0x06000069	RUNTIME_DISPATCH		EXACT	lookup(receiver, interface class, slot) reaches the dispatch pointer; slot = Il2CppMethodDefinition.slot
Mycom.Tracker.Unity.MyTrackerParams::set_MrgsUserId	TAIL	v42 @ X20_v2 (Mycom.Tracker.Unity.Internal.Interfaces.ITrackerParams)	Type: Mycom.Tracker.Unity.Internal.Interfaces.ITrackerParams	31	Mycom.Tracker.Unity.Internal.Interfaces.ITrackerParams::SetMrgsUserId	0x0600007C	RUNTIME_DISPATCH		EXACT	lookup(receiver, interface class, slot) reaches the dispatch pointer; slot = Il2CppMethodDefinition.slot
Mycom.Tracker.Unity.MyTrackerParams::set_OkId	TAIL	v42 @ X19_v2 (Mycom.Tracker.Unity.Internal.Interfaces.ITrackerParams)	Type: Mycom.Tracker.Unity.Internal.Interfaces.ITrackerParams	32	Mycom.Tracker.Unity.Internal.Interfaces.ITrackerParams::SetOkIds	0x0600007D	RUNTIME_DISPATCH		EXACT	lookup(receiver, interface class, slot) reaches the dispatch pointer; slot = Il2CppMethodDefinition.slot
Mycom.Tracker.Unity.MyTrackerParams::set_OkIds	TAIL	v42 @ X20_v2 (Mycom.Tracker.Unity.Internal.Interfaces.ITrackerParams)	Type: Mycom.Tracker.Unity.Internal.Interfaces.ITrackerParams	32	Mycom.Tracker.Unity.Internal.Interfaces.ITrackerParams::SetOkIds	0x0600007D	RUNTIME_DISPATCH		EXACT	lookup(receiver, interface class, slot) reaches the dispatch pointer; slot = Il2CppMethodDefinition.slot
Mycom.Tracker.Unity.MyTrackerParams::get_Phone	CALL	v39 @ X19_v2 (Mycom.Tracker.Unity.Internal.Interfaces.ITrackerParams)	Type: Mycom.Tracker.Unity.Internal.Interfaces.ITrackerParams	14	Mycom.Tracker.Unity.Internal.Interfaces.ITrackerParams::GetPhones	0x0600006B	RUNTIME_DISPATCH		EXACT	lookup(receiver, interface class, slot) reaches the dispatch pointer; slot = Il2CppMethodDefinition.slot
Mycom.Tracker.Unity.MyTrackerParams::set_Phone	TAIL	v42 @ X19_v2 (Mycom.Tracker.Unity.Internal.Interfaces.ITrackerParams)	Type: Mycom.Tracker.Unity.Internal.Interfaces.ITrackerParams	33	Mycom.Tracker.Unity.Internal.Interfaces.ITrackerParams::SetPhones	0x0600007E	RUNTIME_DISPATCH		EXACT	lookup(receiver, interface class, slot) reaches the dispatch pointer; slot = Il2CppMethodDefinition.slot
Mycom.Tracker.Unity.MyTrackerParams::get_Phones	TAIL	v39 @ X19_v2 (Mycom.Tracker.Unity.Internal.Interfaces.ITrackerParams)	Type: Mycom.Tracker.Unity.Internal.Interfaces.ITrackerParams	14	Mycom.Tracker.Unity.Internal.Interfaces.ITrackerParams::GetPhones	0x0600006B	RUNTIME_DISPATCH		EXACT	lookup(receiver, interface class, slot) reaches the dispatch pointer; slot = Il2CppMethodDefinition.slot
Mycom.Tracker.Unity.MyTrackerParams::get_VkId	CALL	v39 @ X19_v2 (Mycom.Tracker.Unity.Internal.Interfaces.ITrackerParams)	Type: Mycom.Tracker.Unity.Internal.Interfaces.ITrackerParams	15	Mycom.Tracker.Unity.Internal.Interfaces.ITrackerParams::GetVkIds	0x0600006C	RUNTIME_DISPATCH		EXACT	lookup(receiver, interface class, slot) reaches the dispatch pointer; slot = Il2CppMethodDefinition.slot
Mycom.Tracker.Unity.MyTrackerParams::set_VkId	TAIL	v42 @ X19_v2 (Mycom.Tracker.Unity.Internal.Interfaces.ITrackerParams)	Type: Mycom.Tracker.Unity.Internal.Interfaces.ITrackerParams	37	Mycom.Tracker.Unity.Internal.Interfaces.ITrackerParams::SetVkIds	0x06000082	RUNTIME_DISPATCH		EXACT	lookup(receiver, interface class, slot) reaches the dispatch pointer; slot = Il2CppMethodDefinition.slot
Mycom.Tracker.Unity.MyTrackerParams::get_VkIds	TAIL	v39 @ X19_v2 (Mycom.Tracker.Unity.Internal.Interfaces.ITrackerParams)	Type: Mycom.Tracker.Unity.Internal.Interfaces.ITrackerParams	15	Mycom.Tracker.Unity.Internal.Interfaces.ITrackerParams::GetVkIds	0x0600006C	RUNTIME_DISPATCH		EXACT	lookup(receiver, interface class, slot) reaches the dispatch pointer; slot = Il2CppMethodDefinition.slot
PlayMakerFSM+AddEventHandlerDelegate::Invoke	CALL	fsm @ X1 (PlayMakerFSM)	v399 @ X0_v27	[v44 @ X21_v2 (Il2CppMethodInfo)+48]			RUNTIME_DISPATCH		UNRESOLVED	METHOD_POINTER:UNKNOWN_CLASS_SOURCE:CLASS_NOT_AN_INTERFACE_POINTER	call UNKNOWN@0x8D8228([MemoryOperand+0x28])
PlayMakerFSM+AddEventHandlerDelegate::Invoke	CALL	[v143 @ X8_v3+20]	v413 @ X0_v51	[v44 @ X21_v2 (Il2CppMethodInfo)+48]			RUNTIME_DISPATCH		UNRESOLVED	METHOD_POINTER:UNKNOWN_CLASS_SOURCE:CLASS_NOT_AN_INTERFACE_POINTER	call UNKNOWN@0x8D8228([MemoryOperand+0x28])
PlayMakerFSM+AddEventHandlerDelegate::Invoke	CALL	v461 @ X0_v14	v44 @ X21_v2 (Il2CppMethodInfo)	v498 @ X2_v8 (Il2CppMethodInfo)			RUNTIME_DISPATCH		UNRESOLVED	METHOD_POINTER:UNKNOWN_CLASS_SOURCE:CLASS_NOT_AN_INTERFACE_POINTER	[MemoryOperand+0x28]
PlayMakerFSM+<DoCoroutine>d__37::MoveNext	CALL	v143 @ X20_v8 (System.Collections.IEnumerator)	Type: System.Collections.IEnumerator	1	System.Collections.IEnumerator::get_Current	0x060028DD	RUNTIME_DISPATCH		EXACT	lookup(receiver, interface class, slot) reaches the dispatch pointer; slot = Il2CppMethodDefinition.slot
PlayMakerProxyBase+TriggerEvent::Invoke	CALL	other @ X1 (UnityEngine.Collider)	v399 @ X0_v27	[v44 @ X21_v2 (Il2CppMethodInfo)+48]			RUNTIME_DISPATCH		UNRESOLVED	METHOD_POINTER:UNKNOWN_CLASS_SOURCE:CLASS_NOT_AN_INTERFACE_POINTER	call UNKNOWN@0x8D8228([MemoryOperand+0x28])
PlayMakerProxyBase+TriggerEvent::Invoke	CALL	[v143 @ X8_v3+20]	v413 @ X0_v51	[v44 @ X21_v2 (Il2CppMethodInfo)+48]			RUNTIME_DISPATCH		UNRESOLVED	METHOD_POINTER:UNKNOWN_CLASS_SOURCE:CLASS_NOT_AN_INTERFACE_POINTER	call UNKNOWN@0x8D8228([MemoryOperand+0x28])
PlayMakerProxyBase+TriggerEvent::Invoke	CALL	v461 @ X0_v14	v44 @ X21_v2 (Il2CppMethodInfo)	v498 @ X2_v8 (Il2CppMethodInfo)			RUNTIME_DISPATCH		UNRESOLVED	METHOD_POINTER:UNKNOWN_CLASS_SOURCE:CLASS_NOT_AN_INTERFACE_POINTER	[MemoryOperand+0x28]
PlayMakerProxyBase+CollisionEvent::Invoke	CALL	collisionInfo @ X1 (UnityEngine.Collision)	v399 @ X0_v27	[v44 @ X21_v2 (Il2CppMethodInfo)+48]			RUNTIME_DISPATCH		UNRESOLVED	METHOD_POINTER:UNKNOWN_CLASS_SOURCE:CLASS_NOT_AN_INTERFACE_POINTER	call UNKNOWN@0x8D8228([MemoryOperand+0x28])
PlayMakerProxyBase+CollisionEvent::Invoke	CALL	[v143 @ X8_v3+20]	v413 @ X0_v51	[v44 @ X21_v2 (Il2CppMethodInfo)+48]			RUNTIME_DISPATCH		UNRESOLVED	METHOD_POINTER:UNKNOWN_CLASS_SOURCE:CLASS_NOT_AN_INTERFACE_POINTER	call UNKNOWN@0x8D8228([MemoryOperand+0x28])
PlayMakerProxyBase+CollisionEvent::Invoke	CALL	v461 @ X0_v14	v44 @ X21_v2 (Il2CppMethodInfo)	v498 @ X2_v8 (Il2CppMethodInfo)			RUNTIME_DISPATCH		UNRESOLVED	METHOD_POINTER:UNKNOWN_CLASS_SOURCE:CLASS_NOT_AN_INTERFACE_POINTER	[MemoryOperand+0x28]
PlayMakerProxyBase+Trigger2DEvent::Invoke	CALL	other @ X1 (UnityEngine.Collider2D)	v399 @ X0_v27	[v44 @ X21_v2 (Il2CppMethodInfo)+48]			RUNTIME_DISPATCH		UNRESOLVED	METHOD_POINTER:UNKNOWN_CLASS_SOURCE:CLASS_NOT_AN_INTERFACE_POINTER	call UNKNOWN@0x8D8228([MemoryOperand+0x28])
PlayMakerProxyBase+Trigger2DEvent::Invoke	CALL	[v143 @ X8_v3+20]	v413 @ X0_v51	[v44 @ X21_v2 (Il2CppMethodInfo)+48]			RUNTIME_DISPATCH		UNRESOLVED	METHOD_POINTER:UNKNOWN_CLASS_SOURCE:CLASS_NOT_AN_INTERFACE_POINTER	call UNKNOWN@0x8D8228([MemoryOperand+0x28])
PlayMakerProxyBase+Trigger2DEvent::Invoke	CALL	v461 @ X0_v14	v44 @ X21_v2 (Il2CppMethodInfo)	v498 @ X2_v8 (Il2CppMethodInfo)			RUNTIME_DISPATCH		UNRESOLVED	METHOD_POINTER:UNKNOWN_CLASS_SOURCE:CLASS_NOT_AN_INTERFACE_POINTER	[MemoryOperand+0x28]
PlayMakerProxyBase+Collision2DEvent::Invoke	CALL	collisionInfo @ X1 (UnityEngine.Collision2D)	v399 @ X0_v27	[v44 @ X21_v2 (Il2CppMethodInfo)+48]			RUNTIME_DISPATCH		UNRESOLVED	METHOD_POINTER:UNKNOWN_CLASS_SOURCE:CLASS_NOT_AN_INTERFACE_POINTER	call UNKNOWN@0x8D8228([MemoryOperand+0x28])
PlayMakerProxyBase+Collision2DEvent::Invoke	CALL	[v143 @ X8_v3+20]	v413 @ X0_v51	[v44 @ X21_v2 (Il2CppMethodInfo)+48]			RUNTIME_DISPATCH		UNRESOLVED	METHOD_POINTER:UNKNOWN_CLASS_SOURCE:CLASS_NOT_AN_INTERFACE_POINTER	call UNKNOWN@0x8D8228([MemoryOperand+0x28])
PlayMakerProxyBase+Collision2DEvent::Invoke	CALL	v461 @ X0_v14	v44 @ X21_v2 (Il2CppMethodInfo)	v498 @ X2_v8 (Il2CppMethodInfo)			RUNTIME_DISPATCH		UNRESOLVED	METHOD_POINTER:UNKNOWN_CLASS_SOURCE:CLASS_NOT_AN_INTERFACE_POINTER	[MemoryOperand+0x28]
PlayMakerProxyBase+ParticleCollisionEvent::Invoke	CALL	gameObject @ X1 (UnityEngine.GameObject)	v399 @ X0_v27	[v44 @ X21_v2 (Il2CppMethodInfo)+48]			RUNTIME_DISPATCH		UNRESOLVED	METHOD_POINTER:UNKNOWN_CLASS_SOURCE:CLASS_NOT_AN_INTERFACE_POINTER	call UNKNOWN@0x8D8228([MemoryOperand+0x28])
PlayMakerProxyBase+ParticleCollisionEvent::Invoke	CALL	[v143 @ X8_v3+20]	v413 @ X0_v51	[v44 @ X21_v2 (Il2CppMethodInfo)+48]			RUNTIME_DISPATCH		UNRESOLVED	METHOD_POINTER:UNKNOWN_CLASS_SOURCE:CLASS_NOT_AN_INTERFACE_POINTER	call UNKNOWN@0x8D8228([MemoryOperand+0x28])
PlayMakerProxyBase+ParticleCollisionEvent::Invoke	CALL	v461 @ X0_v14	v44 @ X21_v2 (Il2CppMethodInfo)	v498 @ X2_v8 (Il2CppMethodInfo)			RUNTIME_DISPATCH		UNRESOLVED	METHOD_POINTER:UNKNOWN_CLASS_SOURCE:CLASS_NOT_AN_INTERFACE_POINTER	[MemoryOperand+0x28]
PlayMakerProxyBase+ControllerCollisionEvent::Invoke	CALL	hitCollider @ X1 (UnityEngine.ControllerColliderHit)	v399 @ X0_v27	[v44 @ X21_v2 (Il2CppMethodInfo)+48]			RUNTIME_DISPATCH		UNRESOLVED	METHOD_POINTER:UNKNOWN_CLASS_SOURCE:CLASS_NOT_AN_INTERFACE_POINTER	call UNKNOWN@0x8D8228([MemoryOperand+0x28])
PlayMakerProxyBase+ControllerCollisionEvent::Invoke	CALL	[v143 @ X8_v3+20]	v413 @ X0_v51	[v44 @ X21_v2 (Il2CppMethodInfo)+48]			RUNTIME_DISPATCH		UNRESOLVED	METHOD_POINTER:UNKNOWN_CLASS_SOURCE:CLASS_NOT_AN_INTERFACE_POINTER	call UNKNOWN@0x8D8228([MemoryOperand+0x28])
PlayMakerProxyBase+ControllerCollisionEvent::Invoke	CALL	v461 @ X0_v14	v44 @ X21_v2 (Il2CppMethodInfo)	v498 @ X2_v8 (Il2CppMethodInfo)			RUNTIME_DISPATCH		UNRESOLVED	METHOD_POINTER:UNKNOWN_CLASS_SOURCE:CLASS_NOT_AN_INTERFACE_POINTER	[MemoryOperand+0x28]
HutongGames.PlayMaker.FsmVar::.ctor	CALL	variable @ X1 (HutongGames.PlayMaker.INamedVariable)	Type: HutongGames.PlayMaker.INamedVariable	8	HutongGames.PlayMaker.INamedVariable::get_VariableType	0x060002A4	RUNTIME_DISPATCH		EXACT	lookup(receiver, interface class, slot) reaches the dispatch pointer; slot = Il2CppMethodDefinition.slot
HutongGames.PlayMaker.FsmVar::UpdateType	CALL	sourceVar @ X1 (HutongGames.PlayMaker.INamedVariable)	Type: HutongGames.PlayMaker.INamedVariable	8	HutongGames.PlayMaker.INamedVariable::get_VariableType	0x060002A4	RUNTIME_DISPATCH		EXACT	lookup(receiver, interface class, slot) reaches the dispatch pointer; slot = Il2CppMethodDefinition.slot
Sirenix.Utilities.LinqExtensions::IsNullOrEmpty	CALL	list @ X0 (System.Collections.Generic.IList`1<T>)	Type: Il2CppClass<System.Collections.Generic.ICollection`1<T>>	0	System.Collections.Generic.ICollection`1::get_Count	0x06002A93	RUNTIME_DISPATCH	T	EXACT	lookup(receiver, interface class, slot) reaches the dispatch pointer; slot = Il2CppMethodDefinition.slot
Tenjin+DeferredDeeplinkDelegate::Invoke	CALL	deferredLinkData @ X1 (System.Collections.Generic.Dictionary`2<System.String, System.String>)	v399 @ X0_v27	[v44 @ X21_v2 (Il2CppMethodInfo)+48]			RUNTIME_DISPATCH		UNRESOLVED	METHOD_POINTER:UNKNOWN_CLASS_SOURCE:CLASS_NOT_AN_INTERFACE_POINTER	call UNKNOWN@0x8D8228([MemoryOperand+0x28])
Tenjin+DeferredDeeplinkDelegate::Invoke	CALL	[v143 @ X8_v3+20]	v413 @ X0_v51	[v44 @ X21_v2 (Il2CppMethodInfo)+48]			RUNTIME_DISPATCH		UNRESOLVED	METHOD_POINTER:UNKNOWN_CLASS_SOURCE:CLASS_NOT_AN_INTERFACE_POINTER	call UNKNOWN@0x8D8228([MemoryOperand+0x28])
Tenjin+DeferredDeeplinkDelegate::Invoke	CALL	v461 @ X0_v14	v44 @ X21_v2 (Il2CppMethodInfo)	v498 @ X2_v8 (Il2CppMethodInfo)			RUNTIME_DISPATCH		UNRESOLVED	METHOD_POINTER:UNKNOWN_CLASS_SOURCE:CLASS_NOT_AN_INTERFACE_POINTER	[MemoryOperand+0x28]
Facebook.MiniJSON.Json+Serializer::SerializeObject	CALL	obj @ X1 (System.Collections.IDictionary)	Type: System.Collections.IDictionary	2	System.Collections.IDictionary::get_Keys	0x060028D6	RUNTIME_DISPATCH		EXACT	lookup(receiver, interface class, slot) reaches the dispatch pointer; slot = Il2CppMethodDefinition.slot
Facebook.MiniJSON.Json+Serializer::SerializeObject	CALL	v333 @ X0_v35 (System.Collections.IEnumerator)	Type: System.Collections.IEnumerator	1	System.Collections.IEnumerator::get_Current	0x060028DD	RUNTIME_DISPATCH		EXACT	lookup(receiver, interface class, slot) reaches the dispatch pointer; slot = Il2CppMethodDefinition.slot
Facebook.MiniJSON.Json+Serializer::SerializeArray	CALL	v299 @ X0_v32 (System.Collections.IEnumerator)	Type: System.Collections.IEnumerator	1	System.Collections.IEnumerator::get_Current	0x060028DD	RUNTIME_DISPATCH		EXACT	lookup(receiver, interface class, slot) reaches the dispatch pointer; slot = Il2CppMethodDefinition.slot
Facebook.Unity.CallbackManager::AddFacebookDelegate	CALL	v48 @ X21_v3 (System.Collections.Generic.IDictionary`2<System.String, System.Object>)	Type: System.Collections.Generic.IDictionary`2<System.String, System.Object>	4	System.Collections.Generic.IDictionary`2::Add	0x06002A9F	RUNTIME_DISPATCH	System.String,System.Object	EXACT	lookup(receiver, interface class, slot) reaches the dispatch pointer; slot = Il2CppMethodDefinition.slot
Facebook.Unity.CallbackManager::OnFacebookResponse	CALL	v160 @ X21_v4 (System.Collections.Generic.IDictionary`2<System.String, System.Object>)	Type: System.Collections.Generic.IDictionary`2<System.String, System.Object>	6	System.Collections.Generic.IDictionary`2::TryGetValue	0x06002AA1	RUNTIME_DISPATCH	System.String,System.Object	EXACT	lookup(receiver, interface class, slot) reaches the dispatch pointer; slot = Il2CppMethodDefinition.slot
Facebook.Unity.Constants::get_GraphApiUserAgent	CALL	v76 @ X0_v9 (Facebook.Unity.IFacebook)	Type: Facebook.Unity.IFacebook	3	Facebook.Unity.IFacebook::get_SDKUserAgent	0x060000B5	RUNTIME_DISPATCH		EXACT	lookup(receiver, interface class, slot) reaches the dispatch pointer; slot = Il2CppMethodDefinition.slot
Facebook.Unity.FB::get_IsInitialized	TAIL	v72 @ X19_v4 (Facebook.Unity.IFacebook)	Type: Facebook.Unity.IFacebook	4	Facebook.Unity.IFacebook::get_Initialized	0x060000B6	RUNTIME_DISPATCH		EXACT	lookup(receiver, interface class, slot) reaches the dispatch pointer; slot = Il2CppMethodDefinition.slot
Facebook.Unity.FB::get_LimitAppEventUsage	TAIL	v72 @ X19_v4 (Facebook.Unity.IFacebook)	Type: Facebook.Unity.IFacebook	1	Facebook.Unity.IFacebook::get_LimitEventUsage	0x060000B3	RUNTIME_DISPATCH		EXACT	lookup(receiver, interface class, slot) reaches the dispatch pointer; slot = Il2CppMethodDefinition.slot
Facebook.Unity.FB::set_LimitAppEventUsage	TAIL	v75 @ X20_v4 (Facebook.Unity.IFacebook)	Type: Facebook.Unity.IFacebook	2	Facebook.Unity.IFacebook::set_LimitEventUsage	0x060000B4	RUNTIME_DISPATCH		EXACT	lookup(receiver, interface class, slot) reaches the dispatch pointer; slot = Il2CppMethodDefinition.slot
Facebook.Unity.FB::LogInWithReadPermissions	TAIL	v55 @ X0_v4 (Facebook.Unity.IFacebook)	Type: Facebook.Unity.IFacebook	6	Facebook.Unity.IFacebook::LogInWithReadPermissions	0x060000B8	RUNTIME_DISPATCH		EXACT	lookup(receiver, interface class, slot) reaches the dispatch pointer; slot = Il2CppMethodDefinition.slot
Facebook.Unity.FB::LogOut	TAIL	v49 @ X0_v4 (Facebook.Unity.IFacebook)	Type: Facebook.Unity.IFacebook	7	Facebook.Unity.IFacebook::LogOut	0x060000B9	RUNTIME_DISPATCH		EXACT	lookup(receiver, interface class, slot) reaches the dispatch pointer; slot = Il2CppMethodDefinition.slot
Facebook.Unity.FB::AppRequest	CALL	v70 @ X0_v4 (Facebook.Unity.IFacebook)	Type: Facebook.Unity.IFacebook	8	Facebook.Unity.IFacebook::AppRequest	0x060000BA	RUNTIME_DISPATCH		EXACT	lookup(receiver, interface class, slot) reaches the dispatch pointer; slot = Il2CppMethodDefinition.slot
Facebook.Unity.FB::AppRequest	CALL	v75 @ X0_v4 (Facebook.Unity.IFacebook)	Type: Facebook.Unity.IFacebook	8	Facebook.Unity.IFacebook::AppRequest	0x060000BA	RUNTIME_DISPATCH		EXACT	lookup(receiver, interface class, slot) reaches the dispatch pointer; slot = Il2CppMethodDefinition.slot
Facebook.Unity.FB::AppRequest	CALL	v73 @ X0_v4 (Facebook.Unity.IFacebook)	Type: Facebook.Unity.IFacebook	8	Facebook.Unity.IFacebook::AppRequest	0x060000BA	RUNTIME_DISPATCH		EXACT	lookup(receiver, interface class, slot) reaches the dispatch pointer; slot = Il2CppMethodDefinition.slot
Facebook.Unity.FB::API	TAIL	v71 @ X0_v12 (Facebook.Unity.IFacebook)	Type: Facebook.Unity.IFacebook	12	Facebook.Unity.IFacebook::API	0x060000BE	RUNTIME_DISPATCH		EXACT	lookup(receiver, interface class, slot) reaches the dispatch pointer; slot = Il2CppMethodDefinition.slot
Facebook.Unity.FB::GetAppLink	TAIL	v57 @ X0_v4 (Facebook.Unity.IFacebook)	Type: Facebook.Unity.IFacebook	14	Facebook.Unity.IFacebook::GetAppLink	0x060000C0	RUNTIME_DISPATCH		EXACT	lookup(receiver, interface class, slot) reaches the dispatch pointer; slot = Il2CppMethodDefinition.slot
Facebook.Unity.FB::LogAppEvent	TAIL	v58 @ X0_v4 (Facebook.Unity.IFacebook)	Type: Facebook.Unity.IFacebook	15	Facebook.Unity.IFacebook::AppEventsLogEvent	0x060000C1	RUNTIME_DISPATCH		EXACT	lookup(receiver, interface class, slot) reaches the dispatch pointer; slot = Il2CppMethodDefinition.slot
Facebook.Unity.FB::LogPurchase	TAIL	v74 @ X0_v5 (Facebook.Unity.IFacebook)	Type: Facebook.Unity.IFacebook	16	Facebook.Unity.IFacebook::AppEventsLogPurchase	0x060000C2	RUNTIME_DISPATCH		EXACT	lookup(receiver, interface class, slot) reaches the dispatch pointer; slot = Il2CppMethodDefinition.slot
Facebook.Unity.FB::LogVersion	CALL	v89 @ X0_v14 (Facebook.Unity.IFacebook)	Type: Facebook.Unity.IFacebook	3	Facebook.Unity.IFacebook::get_SDKUserAgent	0x060000B5	RUNTIME_DISPATCH		EXACT	lookup(receiver, interface class, slot) reaches the dispatch pointer; slot = Il2CppMethodDefinition.slot
Facebook.Unity.FB+OnDLLLoaded::Invoke	CALL	[v134 @ X8_v3+20]	v270 @ X0_v25	[v36 @ X21_v2 (Il2CppMethodInfo)+48]			RUNTIME_DISPATCH		UNRESOLVED	METHOD_POINTER:UNKNOWN_CLASS_SOURCE:CLASS_NOT_AN_INTERFACE_POINTER	call UNKNOWN@0x8D8228([MemoryOperand+0x28])
Facebook.Unity.FB+Mobile::FetchDeferredAppLinkData	TAIL	v40 @ X0_v2 (Facebook.Unity.Mobile.IMobileFacebook)	Type: Facebook.Unity.Mobile.IMobileFacebook	1	Facebook.Unity.Mobile.IMobileFacebook::FetchDeferredAppLink	0x06000239	RUNTIME_DISPATCH		EXACT	lookup(receiver, interface class, slot) reaches the dispatch pointer; slot = Il2CppMethodDefinition.slot
Facebook.Unity.FB+Mobile::RefreshCurrentAccessToken	TAIL	v39 @ X0_v2 (Facebook.Unity.Mobile.IMobileFacebook)	Type: Facebook.Unity.Mobile.IMobileFacebook	2	Facebook.Unity.Mobile.IMobileFacebook::RefreshCurrentAccessToken	0x0600023A	RUNTIME_DISPATCH		EXACT	lookup(receiver, interface class, slot) reaches the dispatch pointer; slot = Il2CppMethodDefinition.slot
Facebook.Unity.FB+Mobile::IsImplicitPurchaseLoggingEnabled	TAIL	v36 @ X0_v2 (Facebook.Unity.Mobile.IMobileFacebook)	Type: Facebook.Unity.Mobile.IMobileFacebook	3	Facebook.Unity.Mobile.IMobileFacebook::IsImplicitPurchaseLoggingEnabled	0x0600023B	RUNTIME_DISPATCH		EXACT	lookup(receiver, interface class, slot) reaches the dispatch pointer; slot = Il2CppMethodDefinition.slot
Facebook.Unity.FacebookBase::API	CALL	v70 @ X21_v3	Type: System.Collections.Generic.IDictionary`2<System.String, System.String>	3	System.Collections.Generic.IDictionary`2::ContainsKey	0x06002A9E	RUNTIME_DISPATCH	System.String,System.String	EXACT	lookup(receiver, interface class, slot) reaches the dispatch pointer; slot = Il2CppMethodDefinition.slot
Facebook.Unity.FacebookBase::API	CALL	v70 @ X21_v3	Type: System.Collections.Generic.IDictionary`2<System.String, System.String>	1	System.Collections.Generic.IDictionary`2::set_Item	0x06002A9C	RUNTIME_DISPATCH	System.String,System.String	EXACT	lookup(receiver, interface class, slot) reaches the dispatch pointer; slot = Il2CppMethodDefinition.slot
Facebook.Unity.FacebookBase::API	TAIL	v327 @ X0_v10 (Facebook.Unity.IAsyncRequestStringWrapper)	Type: Facebook.Unity.IAsyncRequestStringWrapper	1	Facebook.Unity.IAsyncRequestStringWrapper::Request	0x06000162	RUNTIME_DISPATCH		EXACT	lookup(receiver, interface class, slot) reaches the dispatch pointer; slot = Il2CppMethodDefinition.slot
Facebook.Unity.InitDelegate::Invoke	CALL	[v134 @ X8_v3+20]	v270 @ X0_v25	[v36 @ X21_v2 (Il2CppMethodInfo)+48]			RUNTIME_DISPATCH		UNRESOLVED	METHOD_POINTER:UNKNOWN_CLASS_SOURCE:CLASS_NOT_AN_INTERFACE_POINTER	call UNKNOWN@0x8D8228([MemoryOperand+0x28])
Facebook.Unity.FacebookDelegate`1::Invoke	CALL	result @ X1 (T)	v399 @ X0_v27	[v44 @ X21_v2 (Il2CppMethodInfo)+48]			RUNTIME_DISPATCH		UNRESOLVED	METHOD_POINTER:UNKNOWN_CLASS_SOURCE:CLASS_NOT_AN_INTERFACE_POINTER	call UNKNOWN@0x8D8228([MemoryOperand+0x28])
Facebook.Unity.FacebookDelegate`1::Invoke	CALL	[v143 @ X8_v3+20]	v413 @ X0_v51	[v44 @ X21_v2 (Il2CppMethodInfo)+48]			RUNTIME_DISPATCH		UNRESOLVED	METHOD_POINTER:UNKNOWN_CLASS_SOURCE:CLASS_NOT_AN_INTERFACE_POINTER	call UNKNOWN@0x8D8228([MemoryOperand+0x28])
Facebook.Unity.FacebookDelegate`1::Invoke	CALL	v461 @ X0_v14	v44 @ X21_v2 (Il2CppMethodInfo)	v498 @ X2_v8 (Il2CppMethodInfo)			RUNTIME_DISPATCH		UNRESOLVED	METHOD_POINTER:UNKNOWN_CLASS_SOURCE:CLASS_NOT_AN_INTERFACE_POINTER	[MemoryOperand+0x28]
Facebook.Unity.HideUnityDelegate::Invoke	CALL	[v138 @ X8_v3+20]	v302 @ X0_v25	[v40 @ X22_v2 (System.Int32)+48]			RUNTIME_DISPATCH		UNRESOLVED	METHOD_POINTER:UNKNOWN_CLASS_SOURCE:CLASS_NOT_AN_INTERFACE_POINTER	call UNKNOWN@0x8D8228([MemoryOperand+0x28])
Facebook.Unity.FacebookGameObject::OnLoginComplete	TAIL	v43 @ X19_v2 (Facebook.Unity.IFacebookImplementation)	Type: Facebook.Unity.IFacebookResultHandler	1	Facebook.Unity.IFacebookResultHandler::OnLoginComplete	0x060000C8	RUNTIME_DISPATCH		EXACT	lookup(receiver, interface class, slot) reaches the dispatch pointer; slot = Il2CppMethodDefinition.slot
Facebook.Unity.FacebookGameObject::OnLogoutComplete	TAIL	v43 @ X19_v2 (Facebook.Unity.IFacebookImplementation)	Type: Facebook.Unity.IFacebookResultHandler	2	Facebook.Unity.IFacebookResultHandler::OnLogoutComplete	0x060000C9	RUNTIME_DISPATCH		EXACT	lookup(receiver, interface class, slot) reaches the dispatch pointer; slot = Il2CppMethodDefinition.slot
Facebook.Unity.FacebookGameObject::OnGetAppLinkComplete	TAIL	v43 @ X19_v2 (Facebook.Unity.IFacebookImplementation)	Type: Facebook.Unity.IFacebookResultHandler	3	Facebook.Unity.IFacebookResultHandler::OnGetAppLinkComplete	0x060000CA	RUNTIME_DISPATCH		EXACT	lookup(receiver, interface class, slot) reaches the dispatch pointer; slot = Il2CppMethodDefinition.slot
Facebook.Unity.FacebookGameObject::OnAppRequestsComplete	TAIL	v43 @ X19_v2 (Facebook.Unity.IFacebookImplementation)	Type: Facebook.Unity.IFacebookResultHandler	4	Facebook.Unity.IFacebookResultHandler::OnAppRequestsComplete	0x060000CB	RUNTIME_DISPATCH		EXACT	lookup(receiver, interface class, slot) reaches the dispatch pointer; slot = Il2CppMethodDefinition.slot
Facebook.Unity.MethodArguments::AddPrimative	CALL	v48 @ X20_v2 (System.Collections.Generic.IDictionary`2<System.String, System.Object>)	Type: System.Collections.Generic.IDictionary`2<System.String, System.Object>	1	System.Collections.Generic.IDictionary`2::set_Item	0x06002A9C	RUNTIME_DISPATCH	System.String,System.Object	EXACT	lookup(receiver, interface class, slot) reaches the dispatch pointer; slot = Il2CppMethodDefinition.slot
Facebook.Unity.MethodArguments::AddNullablePrimitive	CALL	v52 @ X20_v4 (System.Collections.Generic.IDictionary`2<System.String, System.Object>)	Type: System.Collections.Generic.IDictionary`2<System.String, System.Object>	1	System.Collections.Generic.IDictionary`2::set_Item	0x06002A9C	RUNTIME_DISPATCH	System.String,System.Object	EXACT	lookup(receiver, interface class, slot) reaches the dispatch pointer; slot = Il2CppMethodDefinition.slot
Facebook.Unity.MethodArguments::AddString	TAIL	v56 @ X21_v2 (System.Collections.Generic.IDictionary`2<System.String, System.Object>)	Type: System.Collections.Generic.IDictionary`2<System.String, System.Object>	1	System.Collections.Generic.IDictionary`2::set_Item	0x06002A9C	RUNTIME_DISPATCH	System.String,System.Object	EXACT	lookup(receiver, interface class, slot) reaches the dispatch pointer; slot = Il2CppMethodDefinition.slot
Facebook.Unity.MethodArguments::AddCommaSeparatedList	TAIL	v46 @ X20_v3 (System.Collections.Generic.IDictionary`2<System.String, System.Object>)	Type: System.Collections.Generic.IDictionary`2<System.String, System.Object>	1	System.Collections.Generic.IDictionary`2::set_Item	0x06002A9C	RUNTIME_DISPATCH	System.String,System.Object	EXACT	lookup(receiver, interface class, slot) reaches the dispatch pointer; slot = Il2CppMethodDefinition.slot
Facebook.Unity.MethodArguments::AddDictionary	TAIL	v46 @ X20_v3 (System.Collections.Generic.IDictionary`2<System.String, System.Object>)	Type: System.Collections.Generic.IDictionary`2<System.String, System.Object>	1	System.Collections.Generic.IDictionary`2::set_Item	0x06002A9C	RUNTIME_DISPATCH	System.String,System.Object	EXACT	lookup(receiver, interface class, slot) reaches the dispatch pointer; slot = Il2CppMethodDefinition.slot
Facebook.Unity.MethodArguments::AddList	TAIL	v46 @ X21_v3 (System.Collections.Generic.IDictionary`2<System.String, System.Object>)	Type: System.Collections.Generic.IDictionary`2<System.String, System.Object>	1	System.Collections.Generic.IDictionary`2::set_Item	0x06002A9C	RUNTIME_DISPATCH	System.String,System.Object	EXACT	lookup(receiver, interface class, slot) reaches the dispatch pointer; slot = Il2CppMethodDefinition.slot
Facebook.Unity.MethodArguments::AddUri	TAIL	v90 @ X20_v4 (System.Collections.Generic.IDictionary`2<System.String, System.Object>)	Type: System.Collections.Generic.IDictionary`2<System.String, System.Object>	1	System.Collections.Generic.IDictionary`2::set_Item	0x06002A9C	RUNTIME_DISPATCH	System.String,System.Object	EXACT	lookup(receiver, interface class, slot) reaches the dispatch pointer; slot = Il2CppMethodDefinition.slot
Facebook.Unity.AccessTokenRefreshResult::.ctor	CALL	v54 @ X0_v7 (System.Collections.Generic.IDictionary`2<System.String, System.Object>)	Type: System.Collections.Generic.IDictionary`2<System.String, System.Object>	3	System.Collections.Generic.IDictionary`2::ContainsKey	0x06002A9E	RUNTIME_DISPATCH	System.String,System.Object	EXACT	lookup(receiver, interface class, slot) reaches the dispatch pointer; slot = Il2CppMethodDefinition.slot
Facebook.Unity.LoginResult::.ctor	CALL	v54 @ X0_v7 (System.Collections.Generic.IDictionary`2<System.String, System.Object>)	Type: System.Collections.Generic.IDictionary`2<System.String, System.Object>	3	System.Collections.Generic.IDictionary`2::ContainsKey	0x06002A9E	RUNTIME_DISPATCH	System.String,System.Object	EXACT	lookup(receiver, interface class, slot) reaches the dispatch pointer; slot = Il2CppMethodDefinition.slot
Facebook.Unity.ResultBase::GetCancelledValue	CALL	result @ X0 (System.Collections.Generic.IDictionary`2<System.String, System.Object>)	Type: System.Collections.Generic.IDictionary`2<System.String, System.Object>	6	System.Collections.Generic.IDictionary`2::TryGetValue	0x06002AA1	RUNTIME_DISPATCH	System.String,System.Object	EXACT	lookup(receiver, interface class, slot) reaches the dispatch pointer; slot = Il2CppMethodDefinition.slot
Facebook.Unity.ResultContainer::GetWebFormattedResponseDictionary	CALL	0	Type: System.Collections.Generic.IDictionary`2<System.String, System.Object>	1	System.Collections.Generic.IDictionary`2::set_Item	0x06002A9C	RUNTIME_DISPATCH	System.String,System.Object	EXACT	lookup(receiver, interface class, slot) reaches the dispatch pointer; slot = Il2CppMethodDefinition.slot
Facebook.Unity.FacebookLogger::Info	TAIL	v77 @ X20_v4 (Facebook.Unity.IFacebookLogger)	Type: Facebook.Unity.IFacebookLogger	1	Facebook.Unity.IFacebookLogger::Info	0x06000145	RUNTIME_DISPATCH		EXACT	lookup(receiver, interface class, slot) reaches the dispatch pointer; slot = Il2CppMethodDefinition.slot
Facebook.Unity.FacebookLogger::Warn	TAIL	v77 @ X20_v4 (Facebook.Unity.IFacebookLogger)	Type: Facebook.Unity.IFacebookLogger	2	Facebook.Unity.IFacebookLogger::Warn	0x06000146	RUNTIME_DISPATCH		EXACT	lookup(receiver, interface class, slot) reaches the dispatch pointer; slot = Il2CppMethodDefinition.slot
Facebook.Unity.Utilities::TryGetValue	CALL	dictionary @ X0 (System.Collections.Generic.IDictionary`2<System.String, System.Object>)	Type: System.Collections.Generic.IDictionary`2<System.String, System.Object>	6	System.Collections.Generic.IDictionary`2::TryGetValue	0x06002AA1	RUNTIME_DISPATCH	System.String,System.Object	EXACT	lookup(receiver, interface class, slot) reaches the dispatch pointer; slot = Il2CppMethodDefinition.slot
Facebook.Unity.Utilities::AddAllKVPFrom	CALL	source @ X1 (System.Collections.Generic.IDictionary`2<T1, T2>)	Type: Il2CppClass<System.Collections.Generic.IDictionary`2<T1, T2>>	2	System.Collections.Generic.IDictionary`2::get_Keys	0x06002A9D	RUNTIME_DISPATCH	T1,T2	EXACT	lookup(receiver, interface class, slot) reaches the dispatch pointer; slot = Il2CppMethodDefinition.slot
Facebook.Unity.Utilities::AddAllKVPFrom	CALL	v169 @ X0_v23 (System.Collections.IEnumerator)	Type: Il2CppClass<System.Collections.Generic.IEnumerable`1<T1>>	0	System.Collections.Generic.IEnumerable`1::GetEnumerator	0x06002AA2	RUNTIME_DISPATCH	T1	EXACT	lookup(receiver, interface class, slot) reaches the dispatch pointer; slot = Il2CppMethodDefinition.slot
Facebook.Unity.Utilities::AddAllKVPFrom	CALL	v555 @ X0_v27 (System.Collections.IEnumerator)	Type: Il2CppClass<System.Collections.Generic.IEnumerator`1<T1>>	0	System.Collections.Generic.IEnumerator`1::get_Current	0x06002AA3	RUNTIME_DISPATCH	T1	EXACT	lookup(receiver, interface class, slot) reaches the dispatch pointer; slot = Il2CppMethodDefinition.slot
Facebook.Unity.Utilities::AddAllKVPFrom	CALL	source @ X1 (System.Collections.Generic.IDictionary`2<T1, T2>)	Type: Il2CppClass<System.Collections.Generic.IDictionary`2<T1, T2>>	0	System.Collections.Generic.IDictionary`2::get_Item	0x06002A9B	RUNTIME_DISPATCH	T1,T2	EXACT	lookup(receiver, interface class, slot) reaches the dispatch pointer; slot = Il2CppMethodDefinition.slot
Facebook.Unity.Utilities::AddAllKVPFrom	CALL	dest @ X0 (System.Collections.Generic.IDictionary`2<T1, T2>)	Type: Il2CppClass<System.Collections.Generic.IDictionary`2<T1, T2>>	1	System.Collections.Generic.IDictionary`2::set_Item	0x06002A9C	RUNTIME_DISPATCH	T1,T2	EXACT	lookup(receiver, interface class, slot) reaches the dispatch pointer; slot = Il2CppMethodDefinition.slot
Facebook.Unity.Utilities+Callback`1::Invoke	CALL	obj @ X1 (T)	v399 @ X0_v27	[v44 @ X21_v2 (Il2CppMethodInfo)+48]			RUNTIME_DISPATCH		UNRESOLVED	METHOD_POINTER:UNKNOWN_CLASS_SOURCE:CLASS_NOT_AN_INTERFACE_POINTER	call UNKNOWN@0x8D8228([MemoryOperand+0x28])
Facebook.Unity.Utilities+Callback`1::Invoke	CALL	[v143 @ X8_v3+20]	v413 @ X0_v51	[v44 @ X21_v2 (Il2CppMethodInfo)+48]			RUNTIME_DISPATCH		UNRESOLVED	METHOD_POINTER:UNKNOWN_CLASS_SOURCE:CLASS_NOT_AN_INTERFACE_POINTER	call UNKNOWN@0x8D8228([MemoryOperand+0x28])
Facebook.Unity.Utilities+Callback`1::Invoke	CALL	v461 @ X0_v14	v44 @ X21_v2 (Il2CppMethodInfo)	v498 @ X2_v8 (Il2CppMethodInfo)			RUNTIME_DISPATCH		UNRESOLVED	METHOD_POINTER:UNKNOWN_CLASS_SOURCE:CLASS_NOT_AN_INTERFACE_POINTER	[MemoryOperand+0x28]
Facebook.Unity.Gameroom.GameroomFacebook::Init	TAIL	v46 @ X19_v2 (Facebook.Unity.Gameroom.IGameroomWrapper)	Type: Facebook.Unity.Gameroom.IGameroomWrapper	2	Facebook.Unity.Gameroom.IGameroomWrapper::Init	0x060001DD	RUNTIME_DISPATCH		EXACT	lookup(receiver, interface class, slot) reaches the dispatch pointer; slot = Il2CppMethodDefinition.slot
Facebook.Unity.Gameroom.GameroomFacebook::AppRequest	CALL	v183 @ X26_v6 (Facebook.Unity.Gameroom.IGameroomWrapper)	Type: Facebook.Unity.Gameroom.IGameroomWrapper	6	Facebook.Unity.Gameroom.IGameroomWrapper::DoAppRequestRequest	0x060001E1	RUNTIME_DISPATCH		EXACT	lookup(receiver, interface class, slot) reaches the dispatch pointer; slot = Il2CppMethodDefinition.slot
Facebook.Unity.Gameroom.GameroomFacebook::GetPipeResponse	CALL	v127 @ X21_v4 (Facebook.Unity.Gameroom.IGameroomWrapper)	Type: Facebook.Unity.Gameroom.IGameroomWrapper	1	Facebook.Unity.Gameroom.IGameroomWrapper::set_PipeResponse	0x060001DC	RUNTIME_DISPATCH		EXACT	lookup(receiver, interface class, slot) reaches the dispatch pointer; slot = Il2CppMethodDefinition.slot
Facebook.Unity.Gameroom.GameroomFacebook::GetPipeResponse	CALL	v116 @ X0_v7 (System.Collections.Generic.IDictionary`2<System.String, System.Object>)	Type: System.Collections.Generic.IDictionary`2<System.String, System.Object>	4	System.Collections.Generic.IDictionary`2::Add	0x06002A9F	RUNTIME_DISPATCH	System.String,System.Object	EXACT	lookup(receiver, interface class, slot) reaches the dispatch pointer; slot = Il2CppMethodDefinition.slot
Facebook.Unity.Gameroom.GameroomFacebook::PayImpl	CALL	v69 @ X24_v1 (Facebook.Unity.Gameroom.IGameroomWrapper)	Type: Facebook.Unity.Gameroom.IGameroomWrapper	4	Facebook.Unity.Gameroom.IGameroomWrapper::DoPayRequest	0x060001DF	RUNTIME_DISPATCH		EXACT	lookup(receiver, interface class, slot) reaches the dispatch pointer; slot = Il2CppMethodDefinition.slot
Facebook.Unity.Gameroom.GameroomFacebook::LoginWithPermissions	TAIL	v50 @ X20_v1 (Facebook.Unity.Gameroom.IGameroomWrapper)	Type: Facebook.Unity.Gameroom.IGameroomWrapper	3	Facebook.Unity.Gameroom.IGameroomWrapper::DoLoginRequest	0x060001DE	RUNTIME_DISPATCH		EXACT	lookup(receiver, interface class, slot) reaches the dispatch pointer; slot = Il2CppMethodDefinition.slot
Facebook.Unity.Gameroom.GameroomFacebook+OnComplete::Invoke	CALL	resultContainer @ X1 (Facebook.Unity.ResultContainer)	v399 @ X0_v27	[v44 @ X21_v2 (Il2CppMethodInfo)+48]			RUNTIME_DISPATCH		UNRESOLVED	METHOD_POINTER:UNKNOWN_CLASS_SOURCE:CLASS_NOT_AN_INTERFACE_POINTER	call UNKNOWN@0x8D8228([MemoryOperand+0x28])
Facebook.Unity.Gameroom.GameroomFacebook+OnComplete::Invoke	CALL	[v143 @ X8_v3+20]	v413 @ X0_v51	[v44 @ X21_v2 (Il2CppMethodInfo)+48]			RUNTIME_DISPATCH		UNRESOLVED	METHOD_POINTER:UNKNOWN_CLASS_SOURCE:CLASS_NOT_AN_INTERFACE_POINTER	call UNKNOWN@0x8D8228([MemoryOperand+0x28])
Facebook.Unity.Gameroom.GameroomFacebook+OnComplete::Invoke	CALL	v461 @ X0_v14	v44 @ X21_v2 (Il2CppMethodInfo)	v498 @ X2_v8 (Il2CppMethodInfo)			RUNTIME_DISPATCH		UNRESOLVED	METHOD_POINTER:UNKNOWN_CLASS_SOURCE:CLASS_NOT_AN_INTERFACE_POINTER	[MemoryOperand+0x28]
Facebook.Unity.Gameroom.GameroomFacebookGameObject+<WaitForPipeResponse>d__4::MoveNext	CALL	v207 @ X0_v16 (Facebook.Unity.Gameroom.IGameroomFacebookImplementation)	Type: Facebook.Unity.Gameroom.IGameroomFacebookImplementation	1	Facebook.Unity.Gameroom.IGameroomFacebookImplementation::GetPipeResponse	0x060001DA	RUNTIME_DISPATCH		EXACT	lookup(receiver, interface class, slot) reaches the dispatch pointer; slot = Il2CppMethodDefinition.slot
Facebook.Unity.Editor.EditorFacebook::ShareLink	TAIL	v45 @ X19_v2 (Facebook.Unity.Editor.IEditorWrapper)	Type: Facebook.Unity.Editor.IEditorWrapper	4	Facebook.Unity.Editor.IEditorWrapper::ShowMockShareDialog	0x06000222	RUNTIME_DISPATCH		EXACT	lookup(receiver, interface class, slot) reaches the dispatch pointer; slot = Il2CppMethodDefinition.slot
Facebook.Unity.Mobile.MobileFacebookGameObject::OnRefreshCurrentAccessTokenComplete	TAIL	v43 @ X0_v3 (Facebook.Unity.Mobile.IMobileFacebookImplementation)	Type: Facebook.Unity.Mobile.IMobileFacebookResultHandler	1	Facebook.Unity.Mobile.IMobileFacebookResultHandler::OnRefreshCurrentAccessTokenComplete	0x0600023D	RUNTIME_DISPATCH		EXACT	lookup(receiver, interface class, slot) reaches the dispatch pointer; slot = Il2CppMethodDefinition.slot
Facebook.Unity.Mobile.IOS.IOSFacebook::get_SDKVersion	TAIL	v39 @ X19_v2 (Facebook.Unity.Mobile.IOS.IIOSWrapper)	Type: Facebook.Unity.Mobile.IOS.IIOSWrapper	14	Facebook.Unity.Mobile.IOS.IIOSWrapper::FBSdkVersion	0x0600025C	RUNTIME_DISPATCH		EXACT	lookup(receiver, interface class, slot) reaches the dispatch pointer; slot = Il2CppMethodDefinition.slot
Facebook.Unity.Mobile.IOS.IOSFacebook::Init	CALL	v121 @ X20_v3 (Facebook.Unity.Mobile.IOS.IIOSWrapper)	Type: Facebook.Unity.Mobile.IOS.IIOSWrapper	15	Facebook.Unity.Mobile.IOS.IIOSWrapper::FBGetUserID	0x0600025D	RUNTIME_DISPATCH		EXACT	lookup(receiver, interface class, slot) reaches the dispatch pointer; slot = Il2CppMethodDefinition.slot
Facebook.Unity.Mobile.IOS.IOSFacebook::LogInWithReadPermissions	TAIL	v46 @ X19_v2 (Facebook.Unity.Mobile.IOS.IIOSWrapper)	Type: Facebook.Unity.Mobile.IOS.IIOSWrapper	1	Facebook.Unity.Mobile.IOS.IIOSWrapper::LogInWithReadPermissions	0x0600024F	RUNTIME_DISPATCH		EXACT	lookup(receiver, interface class, slot) reaches the dispatch pointer; slot = Il2CppMethodDefinition.slot
Facebook.Unity.Mobile.IOS.IOSFacebook::LogInWithPublishPermissions	TAIL	v46 @ X19_v2 (Facebook.Unity.Mobile.IOS.IIOSWrapper)	Type: Facebook.Unity.Mobile.IOS.IIOSWrapper	2	Facebook.Unity.Mobile.IOS.IIOSWrapper::LogInWithPublishPermissions	0x06000250	RUNTIME_DISPATCH		EXACT	lookup(receiver, interface class, slot) reaches the dispatch pointer; slot = Il2CppMethodDefinition.slot
Facebook.Unity.Mobile.IOS.IOSFacebook::LogOut	TAIL	v54 @ X19_v2 (Facebook.Unity.Mobile.IOS.IIOSWrapper)	Type: Facebook.Unity.Mobile.IOS.IIOSWrapper	3	Facebook.Unity.Mobile.IOS.IIOSWrapper::LogOut	0x06000251	RUNTIME_DISPATCH		EXACT	lookup(receiver, interface class, slot) reaches the dispatch pointer; slot = Il2CppMethodDefinition.slot
Facebook.Unity.Mobile.IOS.IOSFacebook::AppRequest	CALL	v126 @ X22_v2 (Facebook.Unity.Mobile.IOS.IIOSWrapper)	Type: Facebook.Unity.Mobile.IOS.IIOSWrapper	7	Facebook.Unity.Mobile.IOS.IIOSWrapper::AppRequest	0x06000255	RUNTIME_DISPATCH		EXACT	lookup(receiver, interface class, slot) reaches the dispatch pointer; slot = Il2CppMethodDefinition.slot
Facebook.Unity.Mobile.IOS.IOSFacebook::FeedShare	TAIL	v121 @ X28_v4 (Facebook.Unity.Mobile.IOS.IIOSWrapper)	Type: Facebook.Unity.Mobile.IOS.IIOSWrapper	6	Facebook.Unity.Mobile.IOS.IIOSWrapper::FeedShare	0x06000254	RUNTIME_DISPATCH		EXACT	lookup(receiver, interface class, slot) reaches the dispatch pointer; slot = Il2CppMethodDefinition.slot
Facebook.Unity.Mobile.IOS.IOSFacebook::ActivateApp	TAIL	v39 @ X19_v2 (Facebook.Unity.Mobile.IOS.IIOSWrapper)	Type: Facebook.Unity.Mobile.IOS.IIOSWrapper	8	Facebook.Unity.Mobile.IOS.IIOSWrapper::FBAppEventsActivateApp	0x06000256	RUNTIME_DISPATCH		EXACT	lookup(receiver, interface class, slot) reaches the dispatch pointer; slot = Il2CppMethodDefinition.slot
Facebook.Unity.Mobile.IOS.IOSFacebook::FetchDeferredAppLink	TAIL	v43 @ X19_v2 (Facebook.Unity.Mobile.IOS.IIOSWrapper)	Type: Facebook.Unity.Mobile.IOS.IIOSWrapper	16	Facebook.Unity.Mobile.IOS.IIOSWrapper::FetchDeferredAppLink	0x0600025E	RUNTIME_DISPATCH		EXACT	lookup(receiver, interface class, slot) reaches the dispatch pointer; slot = Il2CppMethodDefinition.slot
Facebook.Unity.Mobile.IOS.IOSFacebook::GetAppLink	TAIL	v45 @ X19_v3 (Facebook.Unity.Mobile.IOS.IIOSWrapper)	Type: Facebook.Unity.Mobile.IOS.IIOSWrapper	12	Facebook.Unity.Mobile.IOS.IIOSWrapper::GetAppLink	0x0600025A	RUNTIME_DISPATCH		EXACT	lookup(receiver, interface class, slot) reaches the dispatch pointer; slot = Il2CppMethodDefinition.slot
Facebook.Unity.Mobile.IOS.IOSFacebook::SetShareDialogMode	TAIL	v42 @ X20_v2 (Facebook.Unity.Mobile.IOS.IIOSWrapper)	Type: Facebook.Unity.Mobile.IOS.IIOSWrapper	4	Facebook.Unity.Mobile.IOS.IIOSWrapper::SetShareDialogMode	0x06000252	RUNTIME_DISPATCH		EXACT	lookup(receiver, interface class, slot) reaches the dispatch pointer; slot = Il2CppMethodDefinition.slot
Facebook.Unity.Mobile.Android.AndroidFacebook::CallFB	TAIL	v46 @ X20_v2 (Facebook.Unity.Mobile.Android.IAndroidWrapper)	Type: Facebook.Unity.Mobile.Android.IAndroidWrapper	1	Facebook.Unity.Mobile.Android.IAndroidWrapper::CallStatic	0x060002A4	RUNTIME_DISPATCH		EXACT	lookup(receiver, interface class, slot) reaches the dispatch pointer; slot = Il2CppMethodDefinition.slot
Facebook.Unity.Canvas.CanvasFacebook::LogInWithPublishPermissions	CALL	v47 @ X22_v2 (Facebook.Unity.Canvas.ICanvasJSWrapper)	Type: Facebook.Unity.Canvas.ICanvasJSWrapper	1	Facebook.Unity.Canvas.ICanvasJSWrapper::DisableFullScreen	0x060002DE	RUNTIME_DISPATCH		EXACT	lookup(receiver, interface class, slot) reaches the dispatch pointer; slot = Il2CppMethodDefinition.slot
Facebook.Unity.Canvas.CanvasFacebook::LogInWithPublishPermissions	TAIL	v107 @ X21_v4 (Facebook.Unity.Canvas.ICanvasJSWrapper)	Type: Facebook.Unity.Canvas.ICanvasJSWrapper	3	Facebook.Unity.Canvas.ICanvasJSWrapper::Login	0x060002E0	RUNTIME_DISPATCH		EXACT	lookup(receiver, interface class, slot) reaches the dispatch pointer; slot = Il2CppMethodDefinition.slot
Facebook.Unity.Canvas.CanvasFacebook::LogInWithReadPermissions	CALL	v47 @ X22_v2 (Facebook.Unity.Canvas.ICanvasJSWrapper)	Type: Facebook.Unity.Canvas.ICanvasJSWrapper	1	Facebook.Unity.Canvas.ICanvasJSWrapper::DisableFullScreen	0x060002DE	RUNTIME_DISPATCH		EXACT	lookup(receiver, interface class, slot) reaches the dispatch pointer; slot = Il2CppMethodDefinition.slot
Facebook.Unity.Canvas.CanvasFacebook::LogInWithReadPermissions	TAIL	v107 @ X21_v4 (Facebook.Unity.Canvas.ICanvasJSWrapper)	Type: Facebook.Unity.Canvas.ICanvasJSWrapper	3	Facebook.Unity.Canvas.ICanvasJSWrapper::Login	0x060002E0	RUNTIME_DISPATCH		EXACT	lookup(receiver, interface class, slot) reaches the dispatch pointer; slot = Il2CppMethodDefinition.slot
Facebook.Unity.Canvas.CanvasFacebook::LogOut	TAIL	v54 @ X19_v2 (Facebook.Unity.Canvas.ICanvasJSWrapper)	Type: Facebook.Unity.Canvas.ICanvasJSWrapper	4	Facebook.Unity.Canvas.ICanvasJSWrapper::Logout	0x060002E1	RUNTIME_DISPATCH		EXACT	lookup(receiver, interface class, slot) reaches the dispatch pointer; slot = Il2CppMethodDefinition.slot
Facebook.Unity.Canvas.CanvasFacebook::AppEventsLogEvent	TAIL	v50 @ X21_v2 (Facebook.Unity.Canvas.ICanvasJSWrapper)	Type: Facebook.Unity.Canvas.ICanvasJSWrapper	6	Facebook.Unity.Canvas.ICanvasJSWrapper::LogAppEvent	0x060002E3	RUNTIME_DISPATCH		EXACT	lookup(receiver, interface class, slot) reaches the dispatch pointer; slot = Il2CppMethodDefinition.slot
Facebook.Unity.Canvas.CanvasFacebook::AppEventsLogPurchase	TAIL	v50 @ X20_v2 (Facebook.Unity.Canvas.ICanvasJSWrapper)	Type: Facebook.Unity.Canvas.ICanvasJSWrapper	7	Facebook.Unity.Canvas.ICanvasJSWrapper::LogPurchase	0x060002E4	RUNTIME_DISPATCH		EXACT	lookup(receiver, interface class, slot) reaches the dispatch pointer; slot = Il2CppMethodDefinition.slot
Facebook.Unity.Canvas.CanvasFacebook+CanvasUIMethodCall`1::UI	CALL	v55 @ X24_v4 (Facebook.Unity.Canvas.ICanvasJSWrapper)	Type: Facebook.Unity.Canvas.ICanvasJSWrapper	1	Facebook.Unity.Canvas.ICanvasJSWrapper::DisableFullScreen	0x060002DE	RUNTIME_DISPATCH		EXACT	lookup(receiver, interface class, slot) reaches the dispatch pointer; slot = Il2CppMethodDefinition.slot
Facebook.Unity.Canvas.CanvasFacebook+CanvasUIMethodCall`1::UI	TAIL	v128 @ X21_v4 (Facebook.Unity.Canvas.ICanvasJSWrapper)	Type: Facebook.Unity.Canvas.ICanvasJSWrapper	8	Facebook.Unity.Canvas.ICanvasJSWrapper::Ui	0x060002E5	RUNTIME_DISPATCH		EXACT	lookup(receiver, interface class, slot) reaches the dispatch pointer; slot = Il2CppMethodDefinition.slot
Facebook.Unity.Canvas.CanvasFacebookGameObject::OnFacebookAuthResponseChange	TAIL	v43 @ X0_v3 (Facebook.Unity.Canvas.ICanvasFacebookImplementation)	Type: Facebook.Unity.Canvas.ICanvasFacebookResultHandler	1	Facebook.Unity.Canvas.ICanvasFacebookResultHandler::OnFacebookAuthResponseChange	0x060002DA	RUNTIME_DISPATCH		EXACT	lookup(receiver, interface class, slot) reaches the dispatch pointer; slot = Il2CppMethodDefinition.slot
Facebook.Unity.Canvas.CanvasFacebookGameObject::OnUrlResponse	TAIL	v43 @ X0_v3 (Facebook.Unity.Canvas.ICanvasFacebookImplementation)	Type: Facebook.Unity.Canvas.ICanvasFacebookResultHandler	2	Facebook.Unity.Canvas.ICanvasFacebookResultHandler::OnUrlResponse	0x060002DB	RUNTIME_DISPATCH		EXACT	lookup(receiver, interface class, slot) reaches the dispatch pointer; slot = Il2CppMethodDefinition.slot
Facebook.Unity.Canvas.CanvasFacebookGameObject::OnHideUnity	TAIL	v43 @ X0_v3 (Facebook.Unity.Canvas.ICanvasFacebookImplementation)	Type: Facebook.Unity.Canvas.ICanvasFacebookResultHandler	3	Facebook.Unity.Canvas.ICanvasFacebookResultHandler::OnHideUnity	0x060002DC	RUNTIME_DISPATCH		EXACT	lookup(receiver, interface class, slot) reaches the dispatch pointer; slot = Il2CppMethodDefinition.slot
Facebook.Unity.Canvas.JsBridge::OnLoginComplete	TAIL	v42 @ X20_v2 (Facebook.Unity.Canvas.ICanvasFacebookCallbackHandler)	Type: Facebook.Unity.IFacebookCallbackHandler	1	Facebook.Unity.IFacebookCallbackHandler::OnLoginComplete	0x060000C4	RUNTIME_DISPATCH		EXACT	lookup(receiver, interface class, slot) reaches the dispatch pointer; slot = Il2CppMethodDefinition.slot
Facebook.Unity.Canvas.JsBridge::OnFacebookAuthResponseChange	TAIL	v42 @ X20_v2 (Facebook.Unity.Canvas.ICanvasFacebookCallbackHandler)	Type: Facebook.Unity.Canvas.ICanvasFacebookCallbackHandler	1	Facebook.Unity.Canvas.ICanvasFacebookCallbackHandler::OnFacebookAuthResponseChange	0x060002D6	RUNTIME_DISPATCH		EXACT	lookup(receiver, interface class, slot) reaches the dispatch pointer; slot = Il2CppMethodDefinition.slot
Facebook.Unity.Canvas.JsBridge::OnAppRequestsComplete	TAIL	v42 @ X20_v2 (Facebook.Unity.Canvas.ICanvasFacebookCallbackHandler)	Type: Facebook.Unity.IFacebookCallbackHandler	2	Facebook.Unity.IFacebookCallbackHandler::OnAppRequestsComplete	0x060000C5	RUNTIME_DISPATCH		EXACT	lookup(receiver, interface class, slot) reaches the dispatch pointer; slot = Il2CppMethodDefinition.slot
Facebook.Unity.Canvas.JsBridge::OnShareLinkComplete	TAIL	v42 @ X20_v2 (Facebook.Unity.Canvas.ICanvasFacebookCallbackHandler)	Type: Facebook.Unity.IFacebookCallbackHandler	3	Facebook.Unity.IFacebookCallbackHandler::OnShareLinkComplete	0x060000C6	RUNTIME_DISPATCH		EXACT	lookup(receiver, interface class, slot) reaches the dispatch pointer; slot = Il2CppMethodDefinition.slot
Facebook.Unity.Canvas.JsBridge::OnFacebookFocus	TAIL	v43 @ X19_v2 (Facebook.Unity.Canvas.ICanvasFacebookCallbackHandler)	Type: Facebook.Unity.Canvas.ICanvasFacebookCallbackHandler	3	Facebook.Unity.Canvas.ICanvasFacebookCallbackHandler::OnHideUnity	0x060002D8	RUNTIME_DISPATCH		EXACT	lookup(receiver, interface class, slot) reaches the dispatch pointer; slot = Il2CppMethodDefinition.slot
Facebook.Unity.Canvas.JsBridge::OnUrlResponse	TAIL	v42 @ X20_v2 (Facebook.Unity.Canvas.ICanvasFacebookCallbackHandler)	Type: Facebook.Unity.Canvas.ICanvasFacebookCallbackHandler	2	Facebook.Unity.Canvas.ICanvasFacebookCallbackHandler::OnUrlResponse	0x060002D7	RUNTIME_DISPATCH		EXACT	lookup(receiver, interface class, slot) reaches the dispatch pointer; slot = Il2CppMethodDefinition.slot
Obi.ObiActor::LoadBlueprintConstraints	CALL	v828 @ X0_v52 (Obi.IObiConstraints)	Type: Obi.IObiConstraints	1	Obi.IObiConstraints::GetConstraintType	0x0600019A	RUNTIME_DISPATCH		EXACT	lookup(receiver, interface class, slot) reaches the dispatch pointer; slot = Il2CppMethodDefinition.slot
Obi.ObiActor::LoadBlueprintConstraints	CALL	v828 @ X0_v52 (Obi.IObiConstraints)	Type: Obi.IObiConstraints	1	Obi.IObiConstraints::GetConstraintType	0x0600019A	RUNTIME_DISPATCH		EXACT	lookup(receiver, interface class, slot) reaches the dispatch pointer; slot = Il2CppMethodDefinition.slot
Obi.ObiActor::LoadBlueprintConstraints	CALL	v828 @ X0_v52 (Obi.IObiConstraints)	Type: Obi.IObiConstraints	7	Obi.IObiConstraints::AddToSolver	0x060001A0	RUNTIME_DISPATCH		EXACT	lookup(receiver, interface class, slot) reaches the dispatch pointer; slot = Il2CppMethodDefinition.slot
Obi.ObiActor::UnloadBlueprintConstraints	CALL	v138[v169 @ X9_v5 (System.Int32)]	Type: Obi.IObiConstraints	8	Obi.IObiConstraints::RemoveFromSolver	0x060001A1	RUNTIME_DISPATCH		EXACT	lookup(receiver, interface class, slot) reaches the dispatch pointer; slot = Il2CppMethodDefinition.slot
Obi.ObiActor+ActorCallback::Invoke	CALL	actor @ X1 (Obi.ObiActor)	v399 @ X0_v27	[v44 @ X21_v2 (Il2CppMethodInfo)+48]			RUNTIME_DISPATCH		UNRESOLVED	METHOD_POINTER:UNKNOWN_CLASS_SOURCE:CLASS_NOT_AN_INTERFACE_POINTER	call UNKNOWN@0x8D8228([MemoryOperand+0x28])
Obi.ObiActor+ActorCallback::Invoke	CALL	[v143 @ X8_v3+20]	v413 @ X0_v51	[v44 @ X21_v2 (Il2CppMethodInfo)+48]			RUNTIME_DISPATCH		UNRESOLVED	METHOD_POINTER:UNKNOWN_CLASS_SOURCE:CLASS_NOT_AN_INTERFACE_POINTER	call UNKNOWN@0x8D8228([MemoryOperand+0x28])
Obi.ObiActor+ActorCallback::Invoke	CALL	v461 @ X0_v14	v44 @ X21_v2 (Il2CppMethodInfo)	v498 @ X2_v8 (Il2CppMethodInfo)			RUNTIME_DISPATCH		UNRESOLVED	METHOD_POINTER:UNKNOWN_CLASS_SOURCE:CLASS_NOT_AN_INTERFACE_POINTER	[MemoryOperand+0x28]
Obi.ObiActor+ActorStepCallback::Invoke	CALL	actor @ X1 (Obi.ObiActor)	v414 @ X0_v27	[v48 @ X21_v2 (Il2CppMethodInfo)+48]			RUNTIME_DISPATCH		UNRESOLVED	METHOD_POINTER:UNKNOWN_CLASS_SOURCE:CLASS_NOT_AN_INTERFACE_POINTER	call UNKNOWN@0x8D8228([MemoryOperand+0x28])
Obi.ObiActor+ActorStepCallback::Invoke	CALL	[v151 @ X8_v3+20]	v428 @ X0_v51	[v48 @ X21_v2 (Il2CppMethodInfo)+48]			RUNTIME_DISPATCH		UNRESOLVED	METHOD_POINTER:UNKNOWN_CLASS_SOURCE:CLASS_NOT_AN_INTERFACE_POINTER	call UNKNOWN@0x8D8228([MemoryOperand+0x28])
Obi.ObiActor+ActorStepCallback::Invoke	CALL	v476 @ X0_v14	v48 @ X21_v2 (Il2CppMethodInfo)	v513 @ X2_v8 (Il2CppMethodInfo)			RUNTIME_DISPATCH		UNRESOLVED	METHOD_POINTER:UNKNOWN_CLASS_SOURCE:CLASS_NOT_AN_INTERFACE_POINTER	[MemoryOperand+0x28]
Obi.ObiActor+ActorBlueprintCallback::Invoke	CALL	actor @ X1 (Obi.ObiActor)	v412 @ X0_v27	[v48 @ X22_v2 (Il2CppMethodInfo)+48]			RUNTIME_DISPATCH		UNRESOLVED	METHOD_POINTER:UNKNOWN_CLASS_SOURCE:CLASS_NOT_AN_INTERFACE_POINTER	call UNKNOWN@0x8D8228([MemoryOperand+0x28])
Obi.ObiActor+ActorBlueprintCallback::Invoke	CALL	[v151 @ X8_v3+20]	v426 @ X0_v51	[v48 @ X22_v2 (Il2CppMethodInfo)+48]			RUNTIME_DISPATCH		UNRESOLVED	METHOD_POINTER:UNKNOWN_CLASS_SOURCE:CLASS_NOT_AN_INTERFACE_POINTER	call UNKNOWN@0x8D8228([MemoryOperand+0x28])
Obi.ObiActor+ActorBlueprintCallback::Invoke	CALL	v475 @ X0_v14	v48 @ X22_v2 (Il2CppMethodInfo)	v512 @ X2_v12 (Obi.ObiActorBlueprint)			RUNTIME_DISPATCH		UNRESOLVED	METHOD_POINTER:UNKNOWN_CLASS_SOURCE:CLASS_NOT_AN_INTERFACE_POINTER	[MemoryOperand+0x28]
Obi.ObiShapeMatchingConstraintsBatch::OnAddToSolver	CALL	constraints @ X1 (Obi.IObiConstraints)	v652 @ X1_v5	0	Obi.IObiConstraints::GetActor	0x06000199	RUNTIME_DISPATCH		EXACT	lookup(receiver, interface class, slot) reaches the dispatch pointer; slot = Il2CppMethodDefinition.slot
Obi.ObiConstraints`1::.ctor	CALL	v171 @ stack_-78	Type: Obi.IObiConstraintsBatch	7	Obi.IObiConstraintsBatch::Clone	0x0600012E	RUNTIME_DISPATCH		EXACT	lookup(receiver, interface class, slot) reaches the dispatch pointer; slot = Il2CppMethodDefinition.slot
Obi.ObiConstraints`1::.ctor	CALL	&v213 @ stack_-88_v2 (Il2CppClass<System.Collections.Generic.List`1<T>+Enumerator<T>>)	Type: System.IDisposable	0	System.IDisposable::Dispose	0x06000921	RUNTIME_DISPATCH		EXACT	lookup(receiver, interface class, slot) reaches the dispatch pointer; slot = Il2CppMethodDefinition.slot
Obi.ObiConstraints`1::GetConstraintCount	CALL	&v224 @ stack_-88_v2 (Il2CppClass<System.Collections.Generic.List`1<T>+Enumerator<T>>)	Type: System.IDisposable	0	System.IDisposable::Dispose	0x06000921	RUNTIME_DISPATCH		EXACT	lookup(receiver, interface class, slot) reaches the dispatch pointer; slot = Il2CppMethodDefinition.slot
Obi.ObiConstraints`1::GetActiveConstraintCount	CALL	v59 @ stack_-78	Type: Obi.IObiConstraintsBatch	1	Obi.IObiConstraintsBatch::get_activeConstraintCount	0x06000128	RUNTIME_DISPATCH		EXACT	lookup(receiver, interface class, slot) reaches the dispatch pointer; slot = Il2CppMethodDefinition.slot
Obi.ObiConstraints`1::GetActiveConstraintCount	CALL	&v224 @ stack_-88_v2 (Il2CppClass<System.Collections.Generic.List`1<T>+Enumerator<T>>)	Type: System.IDisposable	0	System.IDisposable::Dispose	0x06000921	RUNTIME_DISPATCH		EXACT	lookup(receiver, interface class, slot) reaches the dispatch pointer; slot = Il2CppMethodDefinition.slot
Obi.ObiConstraints`1::DeactivateAllConstraints	CALL	v57 @ stack_-68	Type: Obi.IObiConstraintsBatch	12	Obi.IObiConstraintsBatch::DeactivateAllConstraints	0x06000133	RUNTIME_DISPATCH		EXACT	lookup(receiver, interface class, slot) reaches the dispatch pointer; slot = Il2CppMethodDefinition.slot
Obi.ObiConstraints`1::DeactivateAllConstraints	CALL	&v215 @ stack_-78_v2 (Il2CppClass<System.Collections.Generic.List`1<T>+Enumerator<T>>)	Type: System.IDisposable	0	System.IDisposable::Dispose	0x06000921	RUNTIME_DISPATCH		EXACT	lookup(receiver, interface class, slot) reaches the dispatch pointer; slot = Il2CppMethodDefinition.slot
Obi.ObiConstraints`1::AddToSolver	CALL	v96 @ stack_-78	Type: Obi.IObiConstraintsBatch	8	Obi.IObiConstraintsBatch::AddToSolver	0x0600012F	RUNTIME_DISPATCH		EXACT	lookup(receiver, interface class, slot) reaches the dispatch pointer; slot = Il2CppMethodDefinition.slot
Obi.ObiConstraints`1::AddToSolver	CALL	&v150 @ stack_-88_v7 (Il2CppClass<System.Collections.Generic.List`1<T>+Enumerator<T>>)	Type: System.IDisposable	0	System.IDisposable::Dispose	0x06000921	RUNTIME_DISPATCH		EXACT	lookup(receiver, interface class, slot) reaches the dispatch pointer; slot = Il2CppMethodDefinition.slot
Obi.ObiConstraints`1::RemoveFromSolver	CALL	&v145 @ stack_-88_v3 (Il2CppClass<System.Collections.Generic.List`1<T>+Enumerator<T>>)	Type: System.IDisposable	0	System.IDisposable::Dispose	0x06000921	RUNTIME_DISPATCH		EXACT	lookup(receiver, interface class, slot) reaches the dispatch pointer; slot = Il2CppMethodDefinition.slot
Obi.ObiConstraints`1::GenerateBatchDependencies	CALL	v60 @ stack_-78 (System.Int32)	Type: Obi.IObiConstraintsBatch	6	Obi.IObiConstraintsBatch::get_oniBatch	0x0600012D	RUNTIME_DISPATCH		EXACT	lookup(receiver, interface class, slot) reaches the dispatch pointer; slot = Il2CppMethodDefinition.slot
Obi.ObiConstraints`1::GenerateBatchDependencies	CALL	v295 @ X20_v9 (System.Int32)	Type: Obi.IObiConstraintsBatch	6	Obi.IObiConstraintsBatch::get_oniBatch	0x0600012D	RUNTIME_DISPATCH		EXACT	lookup(receiver, interface class, slot) reaches the dispatch pointer; slot = Il2CppMethodDefinition.slot
Obi.ObiConstraints`1::GenerateBatchDependencies	CALL	&v117 @ stack_-88_v3 (Il2CppClass<System.Collections.Generic.List`1<T>+Enumerator<T>>)	Type: System.IDisposable	0	System.IDisposable::Dispose	0x06000921	RUNTIME_DISPATCH		EXACT	lookup(receiver, interface class, slot) reaches the dispatch pointer; slot = Il2CppMethodDefinition.slot
Obi.ObiConstraints`1::SetEnabled	CALL	&v216 @ stack_-78_v2 (Il2CppClass<System.Collections.Generic.List`1<T>+Enumerator<T>>)	Type: System.IDisposable	0	System.IDisposable::Dispose	0x06000921	RUNTIME_DISPATCH		EXACT	lookup(receiver, interface class, slot) reaches the dispatch pointer; slot = Il2CppMethodDefinition.slot
Obi.ObiActorBlueprint::DoesParticleShareConstraints	CALL	constraints @ X1 (Obi.IObiConstraints)	Type: Obi.IObiConstraints	2	Obi.IObiConstraints::GetBatchInterfaces	0x0600019B	RUNTIME_DISPATCH		EXACT	lookup(receiver, interface class, slot) reaches the dispatch pointer; slot = Il2CppMethodDefinition.slot
Obi.ObiActorBlueprint::DoesParticleShareConstraints	CALL	v328 @ X0_v40 (Obi.IObiConstraintsBatch)	Type: Obi.IObiConstraintsBatch	1	Obi.IObiConstraintsBatch::get_activeConstraintCount	0x06000128	RUNTIME_DISPATCH		EXACT	lookup(receiver, interface class, slot) reaches the dispatch pointer; slot = Il2CppMethodDefinition.slot
Obi.ObiActorBlueprint::DoesParticleShareConstraints	CALL	v328 @ X0_v40 (Obi.IObiConstraintsBatch)	Type: Obi.IObiConstraintsBatch	15	Obi.IObiConstraintsBatch::GetParticlesInvolved	0x06000136	RUNTIME_DISPATCH		EXACT	lookup(receiver, interface class, slot) reaches the dispatch pointer; slot = Il2CppMethodDefinition.slot
Obi.ObiActorBlueprint::DeactivateConstraintsWithInactiveParticles	CALL	constraints @ X1 (Obi.IObiConstraints)	Type: Obi.IObiConstraints	2	Obi.IObiConstraints::GetBatchInterfaces	0x0600019B	RUNTIME_DISPATCH		EXACT	lookup(receiver, interface class, slot) reaches the dispatch pointer; slot = Il2CppMethodDefinition.slot
Obi.ObiActorBlueprint::DeactivateConstraintsWithInactiveParticles	CALL	v840 @ X0_v34 (Obi.IObiConstraintsBatch)	Type: Obi.IObiConstraintsBatch	1	Obi.IObiConstraintsBatch::get_activeConstraintCount	0x06000128	RUNTIME_DISPATCH		EXACT	lookup(receiver, interface class, slot) reaches the dispatch pointer; slot = Il2CppMethodDefinition.slot
Obi.ObiActorBlueprint::DeactivateConstraintsWithInactiveParticles	CALL	v840 @ X0_v34 (Obi.IObiConstraintsBatch)	Type: Obi.IObiConstraintsBatch	15	Obi.IObiConstraintsBatch::GetParticlesInvolved	0x06000136	RUNTIME_DISPATCH		EXACT	lookup(receiver, interface class, slot) reaches the dispatch pointer; slot = Il2CppMethodDefinition.slot
Obi.ObiActorBlueprint::RestoreRemovedParticles	CALL	v832 @ X0_v35 (Obi.IObiConstraints)	Type: Obi.IObiConstraints	2	Obi.IObiConstraints::GetBatchInterfaces	0x0600019B	RUNTIME_DISPATCH		EXACT	lookup(receiver, interface class, slot) reaches the dispatch pointer; slot = Il2CppMethodDefinition.slot
Obi.ObiActorBlueprint::RestoreRemovedParticles	CALL	v1249 @ X0_v64 (Obi.IObiConstraintsBatch)	Type: Obi.IObiConstraintsBatch	3	Obi.IObiConstraintsBatch::get_initialActiveConstraintCount	0x0600012A	RUNTIME_DISPATCH		EXACT	lookup(receiver, interface class, slot) reaches the dispatch pointer; slot = Il2CppMethodDefinition.slot
Obi.ObiActorBlueprint::RestoreRemovedParticles	CALL	v1249 @ X0_v64 (Obi.IObiConstraintsBatch)	Type: Obi.IObiConstraintsBatch	2	Obi.IObiConstraintsBatch::set_activeConstraintCount	0x06000129	RUNTIME_DISPATCH		EXACT	lookup(receiver, interface class, slot) reaches the dispatch pointer; slot = Il2CppMethodDefinition.slot
Obi.ObiActorBlueprint+BlueprintCallback::Invoke	CALL	blueprint @ X1 (Obi.ObiActorBlueprint)	v399 @ X0_v27	[v44 @ X21_v2 (Il2CppMethodInfo)+48]			RUNTIME_DISPATCH		UNRESOLVED	METHOD_POINTER:UNKNOWN_CLASS_SOURCE:CLASS_NOT_AN_INTERFACE_POINTER	call UNKNOWN@0x8D8228([MemoryOperand+0x28])
Obi.ObiActorBlueprint+BlueprintCallback::Invoke	CALL	[v143 @ X8_v3+20]	v413 @ X0_v51	[v44 @ X21_v2 (Il2CppMethodInfo)+48]			RUNTIME_DISPATCH		UNRESOLVED	METHOD_POINTER:UNKNOWN_CLASS_SOURCE:CLASS_NOT_AN_INTERFACE_POINTER	call UNKNOWN@0x8D8228([MemoryOperand+0x28])
Obi.ObiActorBlueprint+BlueprintCallback::Invoke	CALL	v461 @ X0_v14	v44 @ X21_v2 (Il2CppMethodInfo)	v498 @ X2_v8 (Il2CppMethodInfo)			RUNTIME_DISPATCH		UNRESOLVED	METHOD_POINTER:UNKNOWN_CLASS_SOURCE:CLASS_NOT_AN_INTERFACE_POINTER	[MemoryOperand+0x28]
Obi.ObiActorBlueprint+<Generate>d__68::MoveNext	CALL	v209 @ X19_v14 (Obi.ObiActorBlueprint)	Type: System.Collections.IEnumerator	1	System.Collections.IEnumerator::get_Current	0x060028DD	RUNTIME_DISPATCH		EXACT	lookup(receiver, interface class, slot) reaches the dispatch pointer; slot = Il2CppMethodDefinition.slot
Obi.ObiActorBlueprint+<Generate>d__68::MoveNext	CALL	v467 @ X0_v52 (Obi.IObiConstraints)	Type: Obi.IObiConstraints	2	Obi.IObiConstraints::GetBatchInterfaces	0x0600019B	RUNTIME_DISPATCH		EXACT	lookup(receiver, interface class, slot) reaches the dispatch pointer; slot = Il2CppMethodDefinition.slot
Obi.ObiActorBlueprint+<Generate>d__68::MoveNext	CALL	v1582 @ X0_v76 (Obi.IObiConstraintsBatch)	Type: Obi.IObiConstraintsBatch	1	Obi.IObiConstraintsBatch::get_activeConstraintCount	0x06000128	RUNTIME_DISPATCH		EXACT	lookup(receiver, interface class, slot) reaches the dispatch pointer; slot = Il2CppMethodDefinition.slot
Obi.ObiActorBlueprint+<Generate>d__68::MoveNext	CALL	v1582 @ X0_v76 (Obi.IObiConstraintsBatch)	Type: Obi.IObiConstraintsBatch	4	Obi.IObiConstraintsBatch::set_initialActiveConstraintCount	0x0600012B	RUNTIME_DISPATCH		EXACT	lookup(receiver, interface class, slot) reaches the dispatch pointer; slot = Il2CppMethodDefinition.slot
Obi.ObiColliderBase+ColliderUpdateCallback::Invoke	CALL	[v134 @ X8_v3+20]	v270 @ X0_v25	[v36 @ X21_v2 (Il2CppMethodInfo)+48]			RUNTIME_DISPATCH		UNRESOLVED	METHOD_POINTER:UNKNOWN_CLASS_SOURCE:CLASS_NOT_AN_INTERFACE_POINTER	call UNKNOWN@0x8D8228([MemoryOperand+0x28])
Obi.ObiRigidbodyBase+RigidbodyUpdateCallback::Invoke	CALL	[v134 @ X8_v3+20]	v270 @ X0_v25	[v36 @ X21_v2 (Il2CppMethodInfo)+48]			RUNTIME_DISPATCH		UNRESOLVED	METHOD_POINTER:UNKNOWN_CLASS_SOURCE:CLASS_NOT_AN_INTERFACE_POINTER	call UNKNOWN@0x8D8228([MemoryOperand+0x28])
Obi.CastedList`2::System.Collections.IEnumerable.GetEnumerator	TAIL	v10 @ X19_v1 (System.Collections.Generic.IList`1<TFrom>)	Type: Il2CppClass<System.Collections.Generic.IEnumerable`1<TFrom>>	0	System.Collections.Generic.IEnumerable`1::GetEnumerator	0x06002AA2	RUNTIME_DISPATCH	TFrom	EXACT	lookup(receiver, interface class, slot) reaches the dispatch pointer; slot = Il2CppMethodDefinition.slot
Obi.CastedList`2::GetEnumerator	CALL	v12 @ X20_v1 (System.Collections.Generic.IList`1<TFrom>)	Type: Il2CppClass<System.Collections.Generic.IEnumerable`1<TFrom>>	0	System.Collections.Generic.IEnumerable`1::GetEnumerator	0x06002AA2	RUNTIME_DISPATCH	TFrom	EXACT	lookup(receiver, interface class, slot) reaches the dispatch pointer; slot = Il2CppMethodDefinition.slot
Obi.CastedList`2::get_Count	TAIL	v10 @ X19_v1 (System.Collections.Generic.IList`1<TFrom>)	Type: Il2CppClass<System.Collections.Generic.ICollection`1<TFrom>>	0	System.Collections.Generic.ICollection`1::get_Count	0x06002A93	RUNTIME_DISPATCH	TFrom	EXACT	lookup(receiver, interface class, slot) reaches the dispatch pointer; slot = Il2CppMethodDefinition.slot
Obi.CastedList`2::get_IsReadOnly	TAIL	v10 @ X19_v1 (System.Collections.Generic.IList`1<TFrom>)	Type: Il2CppClass<System.Collections.Generic.ICollection`1<TFrom>>	1	System.Collections.Generic.ICollection`1::get_IsReadOnly	0x06002A94	RUNTIME_DISPATCH	TFrom	EXACT	lookup(receiver, interface class, slot) reaches the dispatch pointer; slot = Il2CppMethodDefinition.slot
Obi.CastedList`2::Add	TAIL	v16 @ X19_v1 (System.Collections.Generic.IList`1<TFrom>)	Type: Il2CppClass<System.Collections.Generic.ICollection`1<TFrom>>	2	System.Collections.Generic.ICollection`1::Add	0x06002A95	RUNTIME_DISPATCH	TFrom	EXACT	lookup(receiver, interface class, slot) reaches the dispatch pointer; slot = Il2CppMethodDefinition.slot
Obi.CastedList`2::Clear	TAIL	v10 @ X19_v1 (System.Collections.Generic.IList`1<TFrom>)	Type: Il2CppClass<System.Collections.Generic.ICollection`1<TFrom>>	3	System.Collections.Generic.ICollection`1::Clear	0x06002A96	RUNTIME_DISPATCH	TFrom	EXACT	lookup(receiver, interface class, slot) reaches the dispatch pointer; slot = Il2CppMethodDefinition.slot
Obi.CastedList`2::Contains	TAIL	v16 @ X19_v1 (System.Collections.Generic.IList`1<TFrom>)	Type: Il2CppClass<System.Collections.Generic.ICollection`1<TFrom>>	4	System.Collections.Generic.ICollection`1::Contains	0x06002A97	RUNTIME_DISPATCH	TFrom	EXACT	lookup(receiver, interface class, slot) reaches the dispatch pointer; slot = Il2CppMethodDefinition.slot
Obi.CastedList`2::CopyTo	TAIL	v18 @ X20_v1 (System.Collections.Generic.IList`1<TFrom>)	Type: Il2CppClass<System.Collections.Generic.ICollection`1<TFrom>>	5	System.Collections.Generic.ICollection`1::CopyTo	0x06002A98	RUNTIME_DISPATCH	TFrom	EXACT	lookup(receiver, interface class, slot) reaches the dispatch pointer; slot = Il2CppMethodDefinition.slot
Obi.CastedList`2::Remove	TAIL	v16 @ X19_v1 (System.Collections.Generic.IList`1<TFrom>)	Type: Il2CppClass<System.Collections.Generic.ICollection`1<TFrom>>	6	System.Collections.Generic.ICollection`1::Remove	0x06002A99	RUNTIME_DISPATCH	TFrom	EXACT	lookup(receiver, interface class, slot) reaches the dispatch pointer; slot = Il2CppMethodDefinition.slot
Obi.CastedList`2::get_Item	CALL	v14 @ X21_v1 (System.Collections.Generic.IList`1<TFrom>)	Type: Il2CppClass<System.Collections.Generic.IList`1<TFrom>>	0	System.Collections.Generic.IList`1::get_Item	0x06002AA6	RUNTIME_DISPATCH	TFrom	EXACT	lookup(receiver, interface class, slot) reaches the dispatch pointer; slot = Il2CppMethodDefinition.slot
Obi.CastedList`2::set_Item	TAIL	v18 @ X20_v1 (System.Collections.Generic.IList`1<TFrom>)	Type: Il2CppClass<System.Collections.Generic.IList`1<TFrom>>	1	System.Collections.Generic.IList`1::set_Item	0x06002AA7	RUNTIME_DISPATCH	TFrom	EXACT	lookup(receiver, interface class, slot) reaches the dispatch pointer; slot = Il2CppMethodDefinition.slot
Obi.CastedList`2::IndexOf	TAIL	v16 @ X19_v1 (System.Collections.Generic.IList`1<TFrom>)	Type: Il2CppClass<System.Collections.Generic.IList`1<TFrom>>	2	System.Collections.Generic.IList`1::IndexOf	0x06002AA8	RUNTIME_DISPATCH	TFrom	EXACT	lookup(receiver, interface class, slot) reaches the dispatch pointer; slot = Il2CppMethodDefinition.slot
Obi.CastedList`2::Insert	TAIL	v18 @ X20_v1 (System.Collections.Generic.IList`1<TFrom>)	Type: Il2CppClass<System.Collections.Generic.IList`1<TFrom>>	3	System.Collections.Generic.IList`1::Insert	0x06002AA9	RUNTIME_DISPATCH	TFrom	EXACT	lookup(receiver, interface class, slot) reaches the dispatch pointer; slot = Il2CppMethodDefinition.slot
Obi.CastedList`2::RemoveAt	TAIL	v12 @ X20_v1 (System.Collections.Generic.IList`1<TFrom>)	Type: Il2CppClass<System.Collections.Generic.IList`1<TFrom>>	4	System.Collections.Generic.IList`1::RemoveAt	0x06002AAA	RUNTIME_DISPATCH	TFrom	EXACT	lookup(receiver, interface class, slot) reaches the dispatch pointer; slot = Il2CppMethodDefinition.slot
Obi.CastedEnumerator`2::System.Collections.IEnumerator.get_Current	TAIL	v10 @ X19_v1 (System.Collections.Generic.IEnumerator`1<TFrom>)	Type: Il2CppClass<System.Collections.Generic.IEnumerator`1<TFrom>>	0	System.Collections.Generic.IEnumerator`1::get_Current	0x06002AA3	RUNTIME_DISPATCH	TFrom	EXACT	lookup(receiver, interface class, slot) reaches the dispatch pointer; slot = Il2CppMethodDefinition.slot
Obi.CastedEnumerator`2::Reset	TAIL	v39 @ X19_v2 (System.Collections.Generic.IEnumerator`1<TFrom>)	Type: System.Collections.IEnumerator	2	System.Collections.IEnumerator::Reset	0x060028DE	RUNTIME_DISPATCH		EXACT	lookup(receiver, interface class, slot) reaches the dispatch pointer; slot = Il2CppMethodDefinition.slot
Obi.CastedEnumerator`2::get_Current	CALL	v12 @ X20_v1 (System.Collections.Generic.IEnumerator`1<TFrom>)	Type: Il2CppClass<System.Collections.Generic.IEnumerator`1<TFrom>>	0	System.Collections.Generic.IEnumerator`1::get_Current	0x06002AA3	RUNTIME_DISPATCH	TFrom	EXACT	lookup(receiver, interface class, slot) reaches the dispatch pointer; slot = Il2CppMethodDefinition.slot
Obi.ObiNativeList`1::AddRange	CALL	v59 @ X0_v4 (System.Collections.Generic.ICollection`1<T>)	Type: Il2CppClass<System.Collections.Generic.ICollection`1<T>>	0	System.Collections.Generic.ICollection`1::get_Count	0x06002A93	RUNTIME_DISPATCH	T	EXACT	lookup(receiver, interface class, slot) reaches the dispatch pointer; slot = Il2CppMethodDefinition.slot
Obi.ObiNativeList`1::AddRange	CALL	v59 @ X0_v4 (System.Collections.Generic.ICollection`1<T>)	Type: Il2CppClass<System.Collections.Generic.ICollection`1<T>>	0	System.Collections.Generic.ICollection`1::get_Count	0x06002A93	RUNTIME_DISPATCH	T	EXACT	lookup(receiver, interface class, slot) reaches the dispatch pointer; slot = Il2CppMethodDefinition.slot
Obi.ObiNativeList`1::AddRange	CALL	v59 @ X0_v4 (System.Collections.Generic.ICollection`1<T>)	Type: Il2CppClass<System.Collections.Generic.IEnumerable`1<T>>	0	System.Collections.Generic.IEnumerable`1::GetEnumerator	0x06002AA2	RUNTIME_DISPATCH	T	EXACT	lookup(receiver, interface class, slot) reaches the dispatch pointer; slot = Il2CppMethodDefinition.slot
Obi.ObiNativeList`1::AddRange	CALL	v678 @ X0_v30 (System.Collections.IEnumerator)	Type: Il2CppClass<System.Collections.Generic.IEnumerator`1<T>>	0	System.Collections.Generic.IEnumerator`1::get_Current	0x06002AA3	RUNTIME_DISPATCH	T	EXACT	lookup(receiver, interface class, slot) reaches the dispatch pointer; slot = Il2CppMethodDefinition.slot
Obi.ParticleImpostorRendering::UpdateMeshes	CALL	collection @ X1 (Obi.IObiParticleCollection)	Type: Obi.IObiParticleCollection	1	Obi.IObiParticleCollection::get_activeParticleCount	0x060000AA	RUNTIME_DISPATCH		EXACT	lookup(receiver, interface class, slot) reaches the dispatch pointer; slot = Il2CppMethodDefinition.slot
Obi.ParticleImpostorRendering::UpdateMeshes	CALL	collection @ X1 (Obi.IObiParticleCollection)	Type: Obi.IObiParticleCollection	1	Obi.IObiParticleCollection::get_activeParticleCount	0x060000AA	RUNTIME_DISPATCH		EXACT	lookup(receiver, interface class, slot) reaches the dispatch pointer; slot = Il2CppMethodDefinition.slot
Obi.ParticleImpostorRendering::UpdateMeshes	CALL	collection @ X1 (Obi.IObiParticleCollection)	Type: Obi.IObiParticleCollection	1	Obi.IObiParticleCollection::get_activeParticleCount	0x060000AA	RUNTIME_DISPATCH		EXACT	lookup(receiver, interface class, slot) reaches the dispatch pointer; slot = Il2CppMethodDefinition.slot
Obi.ParticleImpostorRendering::UpdateMeshes	CALL	collection @ X1 (Obi.IObiParticleCollection)	Type: Obi.IObiParticleCollection	3	Obi.IObiParticleCollection::GetParticleRuntimeIndex	0x060000AC	RUNTIME_DISPATCH		EXACT	lookup(receiver, interface class, slot) reaches the dispatch pointer; slot = Il2CppMethodDefinition.slot
Obi.ParticleImpostorRendering::UpdateMeshes	CALL	collection @ X1 (Obi.IObiParticleCollection)	Type: Obi.IObiParticleCollection	4	Obi.IObiParticleCollection::GetParticlePosition	0x060000AD	RUNTIME_DISPATCH		EXACT	lookup(receiver, interface class, slot) reaches the dispatch pointer; slot = Il2CppMethodDefinition.slot
Obi.ParticleImpostorRendering::UpdateMeshes	CALL	collection @ X1 (Obi.IObiParticleCollection)	Type: Obi.IObiParticleCollection	6	Obi.IObiParticleCollection::GetParticleAnisotropy	0x060000AF	RUNTIME_DISPATCH		EXACT	lookup(receiver, interface class, slot) reaches the dispatch pointer; slot = Il2CppMethodDefinition.slot
Obi.ParticleImpostorRendering::UpdateMeshes	CALL	collection @ X1 (Obi.IObiParticleCollection)	Type: Obi.IObiParticleCollection	8	Obi.IObiParticleCollection::GetParticleColor	0x060000B1	RUNTIME_DISPATCH		EXACT	lookup(receiver, interface class, slot) reaches the dispatch pointer; slot = Il2CppMethodDefinition.slot
Obi.ObiSolver+SolverCallback::Invoke	CALL	solver @ X1 (Obi.ObiSolver)	v399 @ X0_v27	[v44 @ X21_v2 (Il2CppMethodInfo)+48]			RUNTIME_DISPATCH		UNRESOLVED	METHOD_POINTER:UNKNOWN_CLASS_SOURCE:CLASS_NOT_AN_INTERFACE_POINTER	call UNKNOWN@0x8D8228([MemoryOperand+0x28])
Obi.ObiSolver+SolverCallback::Invoke	CALL	[v143 @ X8_v3+20]	v413 @ X0_v51	[v44 @ X21_v2 (Il2CppMethodInfo)+48]			RUNTIME_DISPATCH		UNRESOLVED	METHOD_POINTER:UNKNOWN_CLASS_SOURCE:CLASS_NOT_AN_INTERFACE_POINTER	call UNKNOWN@0x8D8228([MemoryOperand+0x28])
Obi.ObiSolver+SolverCallback::Invoke	CALL	v461 @ X0_v14	v44 @ X21_v2 (Il2CppMethodInfo)	v498 @ X2_v8 (Il2CppMethodInfo)			RUNTIME_DISPATCH		UNRESOLVED	METHOD_POINTER:UNKNOWN_CLASS_SOURCE:CLASS_NOT_AN_INTERFACE_POINTER	[MemoryOperand+0x28]
Obi.ObiSolver+SolverStepCallback::Invoke	CALL	solver @ X1 (Obi.ObiSolver)	v414 @ X0_v27	[v48 @ X21_v2 (Il2CppMethodInfo)+48]			RUNTIME_DISPATCH		UNRESOLVED	METHOD_POINTER:UNKNOWN_CLASS_SOURCE:CLASS_NOT_AN_INTERFACE_POINTER	call UNKNOWN@0x8D8228([MemoryOperand+0x28])
Obi.ObiSolver+SolverStepCallback::Invoke	CALL	[v151 @ X8_v3+20]	v428 @ X0_v51	[v48 @ X21_v2 (Il2CppMethodInfo)+48]			RUNTIME_DISPATCH		UNRESOLVED	METHOD_POINTER:UNKNOWN_CLASS_SOURCE:CLASS_NOT_AN_INTERFACE_POINTER	call UNKNOWN@0x8D8228([MemoryOperand+0x28])
Obi.ObiSolver+SolverStepCallback::Invoke	CALL	v476 @ X0_v14	v48 @ X21_v2 (Il2CppMethodInfo)	v513 @ X2_v8 (Il2CppMethodInfo)			RUNTIME_DISPATCH		UNRESOLVED	METHOD_POINTER:UNKNOWN_CLASS_SOURCE:CLASS_NOT_AN_INTERFACE_POINTER	[MemoryOperand+0x28]
Obi.ObiSolver+CollisionCallback::Invoke	CALL	solver @ X1 (Obi.ObiSolver)	v412 @ X0_v27	[v48 @ X22_v2 (Il2CppMethodInfo)+48]			RUNTIME_DISPATCH		UNRESOLVED	METHOD_POINTER:UNKNOWN_CLASS_SOURCE:CLASS_NOT_AN_INTERFACE_POINTER	call UNKNOWN@0x8D8228([MemoryOperand+0x28])
Obi.ObiSolver+CollisionCallback::Invoke	CALL	[v151 @ X8_v3+20]	v426 @ X0_v51	[v48 @ X22_v2 (Il2CppMethodInfo)+48]			RUNTIME_DISPATCH		UNRESOLVED	METHOD_POINTER:UNKNOWN_CLASS_SOURCE:CLASS_NOT_AN_INTERFACE_POINTER	call UNKNOWN@0x8D8228([MemoryOperand+0x28])
Obi.ObiSolver+CollisionCallback::Invoke	CALL	v475 @ X0_v14	v48 @ X22_v2 (Il2CppMethodInfo)	v512 @ X2_v12 (Obi.ObiSolver+ObiCollisionEventArgs)			RUNTIME_DISPATCH		UNRESOLVED	METHOD_POINTER:UNKNOWN_CLASS_SOURCE:CLASS_NOT_AN_INTERFACE_POINTER	[MemoryOperand+0x28]
Obi.CoroutineJob::RunSynchronously	CALL	coroutine @ X0 (System.Collections.IEnumerator)	Type: System.Collections.IEnumerator	1	System.Collections.IEnumerator::get_Current	0x060028DD	RUNTIME_DISPATCH		EXACT	lookup(receiver, interface class, slot) reaches the dispatch pointer; slot = Il2CppMethodDefinition.slot
Obi.CoroutineJob+<Start>d__15::MoveNext	CALL	v206 @ X20_v7	Type: System.Collections.IEnumerator	1	System.Collections.IEnumerator::get_Current	0x060028DD	RUNTIME_DISPATCH		EXACT	lookup(receiver, interface class, slot) reaches the dispatch pointer; slot = Il2CppMethodDefinition.slot
Obi.ObiUtils::Swap	CALL	list @ X0 (System.Collections.Generic.IList`1<T>)	Type: Il2CppClass<System.Collections.Generic.ICollection`1<T>>	0	System.Collections.Generic.ICollection`1::get_Count	0x06002A93	RUNTIME_DISPATCH	T	EXACT	lookup(receiver, interface class, slot) reaches the dispatch pointer; slot = Il2CppMethodDefinition.slot
Obi.ObiUtils::Swap	CALL	list @ X0 (System.Collections.Generic.IList`1<T>)	Type: Il2CppClass<System.Collections.Generic.ICollection`1<T>>	0	System.Collections.Generic.ICollection`1::get_Count	0x06002A93	RUNTIME_DISPATCH	T	EXACT	lookup(receiver, interface class, slot) reaches the dispatch pointer; slot = Il2CppMethodDefinition.slot
Obi.ObiUtils::Swap	CALL	list @ X0 (System.Collections.Generic.IList`1<T>)	Type: Il2CppClass<System.Collections.Generic.IList`1<T>>	0	System.Collections.Generic.IList`1::get_Item	0x06002AA6	RUNTIME_DISPATCH	T	EXACT	lookup(receiver, interface class, slot) reaches the dispatch pointer; slot = Il2CppMethodDefinition.slot
Obi.ObiUtils::Swap	CALL	list @ X0 (System.Collections.Generic.IList`1<T>)	Type: Il2CppClass<System.Collections.Generic.IList`1<T>>	0	System.Collections.Generic.IList`1::get_Item	0x06002AA6	RUNTIME_DISPATCH	T	EXACT	lookup(receiver, interface class, slot) reaches the dispatch pointer; slot = Il2CppMethodDefinition.slot
Obi.ObiUtils::Swap	CALL	list @ X0 (System.Collections.Generic.IList`1<T>)	Type: Il2CppClass<System.Collections.Generic.IList`1<T>>	1	System.Collections.Generic.IList`1::set_Item	0x06002AA7	RUNTIME_DISPATCH	T	EXACT	lookup(receiver, interface class, slot) reaches the dispatch pointer; slot = Il2CppMethodDefinition.slot
Obi.ObiUtils::Swap	TAIL	list @ X0 (System.Collections.Generic.IList`1<T>)	Type: Il2CppClass<System.Collections.Generic.IList`1<T>>	1	System.Collections.Generic.IList`1::set_Item	0x06002AA7	RUNTIME_DISPATCH	T	EXACT	lookup(receiver, interface class, slot) reaches the dispatch pointer; slot = Il2CppMethodDefinition.slot
Obi.ObiRope::ApplyTearing	CALL	v631 @ X0_v23 (Obi.IObiConstraintsBatch)	Type: Obi.IObiConstraintsBatch	1	Obi.IObiConstraintsBatch::get_activeConstraintCount	0x06000128	RUNTIME_DISPATCH		EXACT	lookup(receiver, interface class, slot) reaches the dispatch pointer; slot = Il2CppMethodDefinition.slot
Obi.ObiRope::ApplyTearing	CALL	v709 @ X0_v32 (Obi.IObiConstraintsBatch)	Type: Obi.IObiConstraintsBatch	6	Obi.IObiConstraintsBatch::get_oniBatch	0x0600012D	RUNTIME_DISPATCH		EXACT	lookup(receiver, interface class, slot) reaches the dispatch pointer; slot = Il2CppMethodDefinition.slot
Obi.ObiPathDataChannel`2::Evaluate	TAIL	v36 @ X19_v1 (Obi.ObiInterpolator`1<U>)	v58 @ X20_v1	0			RUNTIME_DISPATCH		UNRESOLVED	METHOD_POINTER:UNKNOWN_CLASS_SOURCE:CLASS_NOT_AN_INTERFACE_POINTER	[[[param:v0+0x18]->rgctx_data]+0x30]
Obi.ObiPathDataChannel`2::EvaluateFirstDerivative	TAIL	v36 @ X19_v1 (Obi.ObiInterpolator`1<U>)	v58 @ X20_v1	1			RUNTIME_DISPATCH		UNRESOLVED	METHOD_POINTER:UNKNOWN_CLASS_SOURCE:CLASS_NOT_AN_INTERFACE_POINTER	[[[param:v0+0x18]->rgctx_data]+0x30]
Obi.ObiPathDataChannel`2::EvaluateSecondDerivative	TAIL	v36 @ X19_v1 (Obi.ObiInterpolator`1<U>)	v58 @ X20_v1	2			RUNTIME_DISPATCH		UNRESOLVED	METHOD_POINTER:UNKNOWN_CLASS_SOURCE:CLASS_NOT_AN_INTERFACE_POINTER	[[[param:v0+0x18]->rgctx_data]+0x30]
Obi.ObiPath::RemoveControlPoint	CALL	v424 @ X0_v37 (Obi.IObiPathDataChannel)	Type: Obi.IObiPathDataChannel	3	Obi.IObiPathDataChannel::RemoveAt	0x06000467	RUNTIME_DISPATCH		EXACT	lookup(receiver, interface class, slot) reaches the dispatch pointer; slot = Il2CppMethodDefinition.slot
Obi.ObiPath::FlushEvents	CALL	v437 @ X0_v35 (Obi.IObiPathDataChannel)	Type: Obi.IObiPathDataChannel	1	Obi.IObiPathDataChannel::get_Dirty	0x06000465	RUNTIME_DISPATCH		EXACT	lookup(receiver, interface class, slot) reaches the dispatch pointer; slot = Il2CppMethodDefinition.slot
Obi.ObiPath::FlushEvents	CALL	v437 @ X0_v35 (Obi.IObiPathDataChannel)	Type: Obi.IObiPathDataChannel	2	Obi.IObiPathDataChannel::Clean	0x06000466	RUNTIME_DISPATCH		EXACT	lookup(receiver, interface class, slot) reaches the dispatch pointer; slot = Il2CppMethodDefinition.slot
GBG.Pinata.ECS.Systems.AttackSystem::MoveHands	CALL	[v1561 @ X0_v49+8]	v973 @ X22_v16	[v973 @ X22_v16+48]			RUNTIME_DISPATCH		UNRESOLVED	METHOD_POINTER:METHODINFO_FIELD:CLASS_NOT_AN_INTERFACE_POINTER	[{RuntimeMethodInfoAnalysisContext | RuntimeMethodInfoAnalysisContext}]
GBG.Pinata.ECS.Systems.EnemyHealthSystem::OnUpdate	CALL	[v1082 @ X0_v70+8]	v656 @ X22_v26	[v656 @ X22_v26+48]			RUNTIME_DISPATCH		UNRESOLVED	METHOD_POINTER:METHODINFO_FIELD:CLASS_NOT_AN_INTERFACE_POINTER	[{RuntimeMethodInfoAnalysisContext | RuntimeMethodInfoAnalysisContext | RuntimeMethodInfoAnalysisContext}]
GBG.Pinata.ECS.Providers.EnemyPartsProvider::OnValidate	CALL	v97 @ X0_v40 (System.Collections.IEnumerator)	Type: System.Collections.IEnumerator	1	System.Collections.IEnumerator::get_Current	0x060028DD	RUNTIME_DISPATCH		EXACT	lookup(receiver, interface class, slot) reaches the dispatch pointer; slot = Il2CppMethodDefinition.slot
TCP2_PlanarReflection::OnDisable	CALL	v92 @ X0_v15 (System.Collections.IEnumerator)	Type: System.Collections.IEnumerator	1	System.Collections.IEnumerator::get_Current	0x060028DD	RUNTIME_DISPATCH		EXACT	lookup(receiver, interface class, slot) reaches the dispatch pointer; slot = Il2CppMethodDefinition.slot
Tayx.Graphy.Ram.G_RamManager::Init	CALL	v210 @ X0_v37 (System.Collections.IEnumerator)	Type: System.Collections.IEnumerator	1	System.Collections.IEnumerator::get_Current	0x060028DD	RUNTIME_DISPATCH		EXACT	lookup(receiver, interface class, slot) reaches the dispatch pointer; slot = Il2CppMethodDefinition.slot
Tayx.Graphy.Fps.G_FpsManager::Init	CALL	v210 @ X0_v39 (System.Collections.IEnumerator)	Type: System.Collections.IEnumerator	1	System.Collections.IEnumerator::get_Current	0x060028DD	RUNTIME_DISPATCH		EXACT	lookup(receiver, interface class, slot) reaches the dispatch pointer; slot = Il2CppMethodDefinition.slot
Tayx.Graphy.Audio.G_AudioManager::Init	CALL	v210 @ X0_v39 (System.Collections.IEnumerator)	Type: System.Collections.IEnumerator	1	System.Collections.IEnumerator::get_Current	0x060028DD	RUNTIME_DISPATCH		EXACT	lookup(receiver, interface class, slot) reaches the dispatch pointer; slot = Il2CppMethodDefinition.slot
Facebook.Unity.Example.LogView::AddLog	CALL	v59 @ X19_v2 (System.Collections.Generic.IList`1<System.String>)	Type: System.Collections.Generic.IList`1<System.String>	3	System.Collections.Generic.IList`1::Insert	0x06002AA9	RUNTIME_DISPATCH	System.String	EXACT	lookup(receiver, interface class, slot) reaches the dispatch pointer; slot = Il2CppMethodDefinition.slot
Facebook.Unity.Example.MenuBase::HandleResult	CALL	result @ X1 (Facebook.Unity.IResult)	Type: Facebook.Unity.IResult	3	Facebook.Unity.IResult::get_Cancelled	0x06000100	RUNTIME_DISPATCH		EXACT	lookup(receiver, interface class, slot) reaches the dispatch pointer; slot = Il2CppMethodDefinition.slot
Facebook.Unity.Example.MenuBase::HandleResult	CALL	result @ X1 (Facebook.Unity.IResult)	Type: Facebook.Unity.IResult	2	Facebook.Unity.IResult::get_RawResult	0x060000FF	RUNTIME_DISPATCH		EXACT	lookup(receiver, interface class, slot) reaches the dispatch pointer; slot = Il2CppMethodDefinition.slot
Facebook.Unity.Example.MenuBase::HandleResult	CALL	result @ X1 (Facebook.Unity.IResult)	Type: Facebook.Unity.IResult	2	Facebook.Unity.IResult::get_RawResult	0x060000FF	RUNTIME_DISPATCH		EXACT	lookup(receiver, interface class, slot) reaches the dispatch pointer; slot = Il2CppMethodDefinition.slot
Facebook.Unity.Example.MenuBase::HandleResult	CALL	result @ X1 (Facebook.Unity.IResult)	Type: Facebook.Unity.IResult	2	Facebook.Unity.IResult::get_RawResult	0x060000FF	RUNTIME_DISPATCH		EXACT	lookup(receiver, interface class, slot) reaches the dispatch pointer; slot = Il2CppMethodDefinition.slot
Facebook.Unity.Example.MenuBase::AddDialogModeButtons	CALL	v137 @ X0_v34 (System.Collections.IEnumerator)	Type: System.Collections.IEnumerator	1	System.Collections.IEnumerator::get_Current	0x060028DD	RUNTIME_DISPATCH		EXACT	lookup(receiver, interface class, slot) reaches the dispatch pointer; slot = Il2CppMethodDefinition.slot
HutongGames.EasingFunction+Function::Invoke	CALL	[v159 @ X8_v4+20]	v332 @ X0_v26	[v53 @ X21_v4 (Il2CppMethodInfo)+48]			RUNTIME_DISPATCH		UNRESOLVED	METHOD_POINTER:UNKNOWN_CLASS_SOURCE:CLASS_NOT_AN_INTERFACE_POINTER	call UNKNOWN@0x8D8228([MemoryOperand+0x28])
HutongGames.PlayMaker.Actions.EaseFsmAction+EasingFunction::Invoke	CALL	[v159 @ X8_v4+20]	v332 @ X0_v26	[v53 @ X21_v4 (Il2CppMethodInfo)+48]			RUNTIME_DISPATCH		UNRESOLVED	METHOD_POINTER:UNKNOWN_CLASS_SOURCE:CLASS_NOT_AN_INTERFACE_POINTER	call UNKNOWN@0x8D8228([MemoryOperand+0x28])
HutongGames.PlayMaker.Actions.CapturePoseAsAnimationClip::DoCaptureAnimationClip	CALL	v153 @ X0_v36 (System.Collections.IEnumerator)	Type: System.Collections.IEnumerator	1	System.Collections.IEnumerator::get_Current	0x060028DD	RUNTIME_DISPATCH		EXACT	lookup(receiver, interface class, slot) reaches the dispatch pointer; slot = Il2CppMethodDefinition.slot
HutongGames.PlayMaker.Actions.CapturePoseAsAnimationClip::CaptureTransform	CALL	v192 @ X0_v38 (System.Collections.IEnumerator)	Type: System.Collections.IEnumerator	1	System.Collections.IEnumerator::get_Current	0x060028DD	RUNTIME_DISPATCH		EXACT	lookup(receiver, interface class, slot) reaches the dispatch pointer; slot = Il2CppMethodDefinition.slot
HutongGames.PlayMaker.Actions.ActivateGameObject::SetActiveRecursively	CALL	v156 @ X0_v27 (System.Collections.IEnumerator)	Type: System.Collections.IEnumerator	1	System.Collections.IEnumerator::get_Current	0x060028DD	RUNTIME_DISPATCH		EXACT	lookup(receiver, interface class, slot) reaches the dispatch pointer; slot = Il2CppMethodDefinition.slot
HutongGames.PlayMaker.Actions.GetChild::DoGetChildByName	CALL	v307 @ X0_v40 (System.Collections.IEnumerator)	Type: System.Collections.IEnumerator	1	System.Collections.IEnumerator::get_Current	0x060028DD	RUNTIME_DISPATCH		EXACT	lookup(receiver, interface class, slot) reaches the dispatch pointer; slot = Il2CppMethodDefinition.slot
HutongGames.PlayMaker.Actions.SetTagsOnChildren::SetTag	CALL	v433 @ X0_v41 (System.Collections.IEnumerator)	Type: System.Collections.IEnumerator	1	System.Collections.IEnumerator::get_Current	0x060028DD	RUNTIME_DISPATCH		EXACT	lookup(receiver, interface class, slot) reaches the dispatch pointer; slot = Il2CppMethodDefinition.slot
IAPDemo::OnPurchaseFailed	CALL	v131 @ X20_v4 (UnityEngine.Purchasing.ITransactionHistoryExtensions)	Type: UnityEngine.Purchasing.ITransactionHistoryExtensions	1	UnityEngine.Purchasing.ITransactionHistoryExtensions::GetLastStoreSpecificPurchaseErrorCode	0x0600021E	RUNTIME_DISPATCH		EXACT	lookup(receiver, interface class, slot) reaches the dispatch pointer; slot = Il2CppMethodDefinition.slot
IAPDemo::Awake	CALL	v307 @ X0_v36 (UnityEngine.Purchasing.IMoolahConfiguration)	Type: UnityEngine.Purchasing.IMoolahConfiguration	1	UnityEngine.Purchasing.IMoolahConfiguration::set_hashKey	0x06000049	RUNTIME_DISPATCH		EXACT	lookup(receiver, interface class, slot) reaches the dispatch pointer; slot = Il2CppMethodDefinition.slot
IAPDemo::Awake	CALL	v308 @ X0_v41 (UnityEngine.Purchasing.IMoolahConfiguration)	Type: UnityEngine.Purchasing.IMoolahConfiguration	2	UnityEngine.Purchasing.IMoolahConfiguration::SetMode	0x0600004A	RUNTIME_DISPATCH		EXACT	lookup(receiver, interface class, slot) reaches the dispatch pointer; slot = Il2CppMethodDefinition.slot
IAPDemo::PurchaseButtonClick	TAIL	v336 @ X20_v6 (UnityEngine.Purchasing.IStoreController)	Type: UnityEngine.Purchasing.IStoreController	1	UnityEngine.Purchasing.IStoreController::InitiatePurchase	0x06000018	RUNTIME_DISPATCH		EXACT	lookup(receiver, interface class, slot) reaches the dispatch pointer; slot = Il2CppMethodDefinition.slot
UnityEngine.Purchasing.CodelessIAPStoreListener::InitiatePurchase	CALL	v45 @ X20_v2 (UnityEngine.Purchasing.IStoreController)	Type: UnityEngine.Purchasing.IStoreController	3	UnityEngine.Purchasing.IStoreController::InitiatePurchase	0x0600001A	RUNTIME_DISPATCH		EXACT	lookup(receiver, interface class, slot) reaches the dispatch pointer; slot = Il2CppMethodDefinition.slot
UnityEngine.Purchasing.IAPConfigurationHelper::PopulateConfigurationBuilder	CALL	v477 @ X0_v37 (System.Collections.Generic.IEnumerator`1<UnityEngine.Purchasing.ProductCatalogItem>)	v683 @ X1_v26	0	System.Collections.IEnumerator::MoveNext	0x060028DC	RUNTIME_DISPATCH		EXACT	lookup(receiver, interface class, slot) reaches the dispatch pointer; slot = Il2CppMethodDefinition.slot
UnityEngine.Purchasing.IAPConfigurationHelper::PopulateConfigurationBuilder	CALL	v477 @ X0_v37 (System.Collections.Generic.IEnumerator`1<UnityEngine.Purchasing.ProductCatalogItem>)	v908 @ X1_v28	0	System.Collections.Generic.IEnumerator`1::get_Current	0x06002AA3	RUNTIME_DISPATCH	UnityEngine.Purchasing.ProductCatalogItem	EXACT	lookup(receiver, interface class, slot) reaches the dispatch pointer; slot = Il2CppMethodDefinition.slot
UnityEngine.Purchasing.IAPConfigurationHelper::PopulateConfigurationBuilder	CALL	v1525 @ X0_v127 (System.Collections.Generic.IEnumerator`1<UnityEngine.Purchasing.StoreID>)	v1580 @ X1_v59	0	System.Collections.IEnumerator::MoveNext	0x060028DC	RUNTIME_DISPATCH		EXACT	lookup(receiver, interface class, slot) reaches the dispatch pointer; slot = Il2CppMethodDefinition.slot
UnityEngine.Purchasing.IAPConfigurationHelper::PopulateConfigurationBuilder	CALL	v1525 @ X0_v127 (System.Collections.Generic.IEnumerator`1<UnityEngine.Purchasing.StoreID>)	v1826 @ X1_v62	0	System.IDisposable::Dispose	0x06000921	RUNTIME_DISPATCH		EXACT	lookup(receiver, interface class, slot) reaches the dispatch pointer; slot = Il2CppMethodDefinition.slot
UnityEngine.Purchasing.IAPConfigurationHelper::PopulateConfigurationBuilder	CALL	v1102 @ X19_v5 (System.Collections.Generic.IEnumerator`1<UnityEngine.Purchasing.ProductCatalogItem>)	v1106 @ X1_v8	0	System.IDisposable::Dispose	0x06000921	RUNTIME_DISPATCH		EXACT	lookup(receiver, interface class, slot) reaches the dispatch pointer; slot = Il2CppMethodDefinition.slot
Mono.Security.Protocol.Ntlm.ChallengeResponse2::GetResponse	CALL	v166 @ X0_v18 (System.Security.Cryptography.ICryptoTransform)	Type: System.Security.Cryptography.ICryptoTransform	4	System.Security.Cryptography.ICryptoTransform::TransformBlock	0x06001EE5	RUNTIME_DISPATCH		EXACT	lookup(receiver, interface class, slot) reaches the dispatch pointer; slot = Il2CppMethodDefinition.slot
Mono.Security.Protocol.Ntlm.ChallengeResponse2::GetResponse	CALL	v167 @ X0_v27 (System.Security.Cryptography.ICryptoTransform)	Type: System.Security.Cryptography.ICryptoTransform	4	System.Security.Cryptography.ICryptoTransform::TransformBlock	0x06001EE5	RUNTIME_DISPATCH		EXACT	lookup(receiver, interface class, slot) reaches the dispatch pointer; slot = Il2CppMethodDefinition.slot
Mono.Security.Protocol.Ntlm.ChallengeResponse2::GetResponse	CALL	v168 @ X0_v36 (System.Security.Cryptography.ICryptoTransform)	Type: System.Security.Cryptography.ICryptoTransform	4	System.Security.Cryptography.ICryptoTransform::TransformBlock	0x06001EE5	RUNTIME_DISPATCH		EXACT	lookup(receiver, interface class, slot) reaches the dispatch pointer; slot = Il2CppMethodDefinition.slot
Mono.Security.ASN1::GetBytes	CALL	v236 @ X0_v42 (System.Collections.IEnumerator)	Type: System.Collections.IEnumerator	1	System.Collections.IEnumerator::get_Current	0x060028DD	RUNTIME_DISPATCH		EXACT	lookup(receiver, interface class, slot) reaches the dispatch pointer; slot = Il2CppMethodDefinition.slot
Mono.Security.Cryptography.PKCS8+PrivateKeyInfo::GetBytes	CALL	v394 @ X0_v43 (System.Collections.IEnumerator)	Type: System.Collections.IEnumerator	1	System.Collections.IEnumerator::get_Current	0x060028DD	RUNTIME_DISPATCH		EXACT	lookup(receiver, interface class, slot) reaches the dispatch pointer; slot = Il2CppMethodDefinition.slot
Mono.Security.X509.PKCS12::Pkcs8ShroudedKeyBagSafeBag	CALL	attributes @ X2 (System.Collections.IDictionary)	Type: System.Collections.IDictionary	3	System.Collections.IDictionary::GetEnumerator	0x060028D7	RUNTIME_DISPATCH		EXACT	lookup(receiver, interface class, slot) reaches the dispatch pointer; slot = Il2CppMethodDefinition.slot
Mono.Security.X509.PKCS12::Pkcs8ShroudedKeyBagSafeBag	CALL	v878 @ X0_v57 (System.Collections.IEnumerator)	Type: System.Collections.IDictionaryEnumerator	1	System.Collections.IDictionaryEnumerator::get_Value	0x060028D9	RUNTIME_DISPATCH		EXACT	lookup(receiver, interface class, slot) reaches the dispatch pointer; slot = Il2CppMethodDefinition.slot
Mono.Security.X509.PKCS12::Pkcs8ShroudedKeyBagSafeBag	CALL	v878 @ X0_v57 (System.Collections.IEnumerator)	Type: System.Collections.IDictionaryEnumerator	1	System.Collections.IDictionaryEnumerator::get_Value	0x060028D9	RUNTIME_DISPATCH		EXACT	lookup(receiver, interface class, slot) reaches the dispatch pointer; slot = Il2CppMethodDefinition.slot
Mono.Security.X509.PKCS12::Pkcs8ShroudedKeyBagSafeBag	CALL	v1428 @ X0_v162 (System.Collections.IEnumerator)	Type: System.Collections.IEnumerator	1	System.Collections.IEnumerator::get_Current	0x060028DD	RUNTIME_DISPATCH		EXACT	lookup(receiver, interface class, slot) reaches the dispatch pointer; slot = Il2CppMethodDefinition.slot
Mono.Security.X509.PKCS12::Pkcs8ShroudedKeyBagSafeBag	CALL	v1494 @ X0_v102 (System.Collections.IEnumerator)	Type: System.Collections.IEnumerator	1	System.Collections.IEnumerator::get_Current	0x060028DD	RUNTIME_DISPATCH		EXACT	lookup(receiver, interface class, slot) reaches the dispatch pointer; slot = Il2CppMethodDefinition.slot
UnityEngine.Purchasing.MiniJSON.Json+Serializer::SerializeObject	CALL	obj @ X1 (System.Collections.IDictionary)	Type: System.Collections.IDictionary	2	System.Collections.IDictionary::get_Keys	0x060028D6	RUNTIME_DISPATCH		EXACT	lookup(receiver, interface class, slot) reaches the dispatch pointer; slot = Il2CppMethodDefinition.slot
UnityEngine.Purchasing.MiniJSON.Json+Serializer::SerializeObject	CALL	v333 @ X0_v35 (System.Collections.IEnumerator)	Type: System.Collections.IEnumerator	1	System.Collections.IEnumerator::get_Current	0x060028DD	RUNTIME_DISPATCH		EXACT	lookup(receiver, interface class, slot) reaches the dispatch pointer; slot = Il2CppMethodDefinition.slot
UnityEngine.Purchasing.MiniJSON.Json+Serializer::SerializeArray	CALL	v299 @ X0_v32 (System.Collections.IEnumerator)	Type: System.Collections.IEnumerator	1	System.Collections.IEnumerator::get_Current	0x060028DD	RUNTIME_DISPATCH		EXACT	lookup(receiver, interface class, slot) reaches the dispatch pointer; slot = Il2CppMethodDefinition.slot
Mono.Security.X509.PKCS12::CertificateSafeBag	CALL	attributes @ X2 (System.Collections.IDictionary)	Type: System.Collections.IDictionary	3	System.Collections.IDictionary::GetEnumerator	0x060028D7	RUNTIME_DISPATCH		EXACT	lookup(receiver, interface class, slot) reaches the dispatch pointer; slot = Il2CppMethodDefinition.slot
Mono.Security.X509.PKCS12::CertificateSafeBag	CALL	v596 @ X0_v42 (System.Collections.IEnumerator)	Type: System.Collections.IDictionaryEnumerator	1	System.Collections.IDictionaryEnumerator::get_Value	0x060028D9	RUNTIME_DISPATCH		EXACT	lookup(receiver, interface class, slot) reaches the dispatch pointer; slot = Il2CppMethodDefinition.slot
Mono.Security.X509.PKCS12::CertificateSafeBag	CALL	v596 @ X0_v42 (System.Collections.IEnumerator)	Type: System.Collections.IDictionaryEnumerator	1	System.Collections.IDictionaryEnumerator::get_Value	0x060028D9	RUNTIME_DISPATCH		EXACT	lookup(receiver, interface class, slot) reaches the dispatch pointer; slot = Il2CppMethodDefinition.slot
Mono.Security.X509.PKCS12::CertificateSafeBag	CALL	v1165 @ X0_v142 (System.Collections.IEnumerator)	Type: System.Collections.IEnumerator	1	System.Collections.IEnumerator::get_Current	0x060028DD	RUNTIME_DISPATCH		EXACT	lookup(receiver, interface class, slot) reaches the dispatch pointer; slot = Il2CppMethodDefinition.slot
Mono.Security.X509.PKCS12::CertificateSafeBag	CALL	v1231 @ X0_v82 (System.Collections.IEnumerator)	Type: System.Collections.IEnumerator	1	System.Collections.IEnumerator::get_Current	0x060028DD	RUNTIME_DISPATCH		EXACT	lookup(receiver, interface class, slot) reaches the dispatch pointer; slot = Il2CppMethodDefinition.slot
Mono.Security.X509.PKCS12::get_Keys	CALL	v285 @ X0_v77 (System.Collections.IEnumerator)	v649 @ X1_v34	0	System.Collections.IEnumerator::MoveNext	0x060028DC	RUNTIME_DISPATCH		EXACT	lookup(receiver, interface class, slot) reaches the dispatch pointer; slot = Il2CppMethodDefinition.slot
Mono.Security.X509.PKCS12::get_Keys	CALL	v285 @ X0_v77 (System.Collections.IEnumerator)	v1065 @ X1_v36	1	System.Collections.IEnumerator::get_Current	0x060028DD	RUNTIME_DISPATCH		EXACT	lookup(receiver, interface class, slot) reaches the dispatch pointer; slot = Il2CppMethodDefinition.slot
UnityEngine.UDP.PurchaseForwardCallback::GetValueOfDictionary	CALL	dictionary @ X0 (System.Collections.Generic.IDictionary`2<System.String, System.Object>)	Type: System.Collections.Generic.IDictionary`2<System.String, System.Object>	3	System.Collections.Generic.IDictionary`2::ContainsKey	0x06002A9E	RUNTIME_DISPATCH	System.String,System.Object	EXACT	lookup(receiver, interface class, slot) reaches the dispatch pointer; slot = Il2CppMethodDefinition.slot
UnityEngine.UDP.PurchaseForwardCallback+<>c__DisplayClass2_0::<onPurchaseFinished>b__0	TAIL	v43 @ X19_v3 (UnityEngine.UDP.IPurchaseListener)	Type: UnityEngine.UDP.IPurchaseListener	1	UnityEngine.UDP.IPurchaseListener::OnPurchaseFailed	0x06000032	RUNTIME_DISPATCH		EXACT	lookup(receiver, interface class, slot) reaches the dispatch pointer; slot = Il2CppMethodDefinition.slot
UnityEngine.UDP.PurchaseForwardCallback+<>c__DisplayClass3_0::<onConsumeFinished>b__0	TAIL	v41 @ X19_v3 (UnityEngine.UDP.IPurchaseListener)	Type: UnityEngine.UDP.IPurchaseListener	2	UnityEngine.UDP.IPurchaseListener::OnPurchaseConsume	0x06000033	RUNTIME_DISPATCH		EXACT	lookup(receiver, interface class, slot) reaches the dispatch pointer; slot = Il2CppMethodDefinition.slot
UnityEngine.UDP.PurchaseForwardCallback+<>c__DisplayClass3_0::<onConsumeFinished>b__1	TAIL	v43 @ X19_v3 (UnityEngine.UDP.IPurchaseListener)	Type: UnityEngine.UDP.IPurchaseListener	3	UnityEngine.UDP.IPurchaseListener::OnPurchaseConsumeFailed	0x06000034	RUNTIME_DISPATCH		EXACT	lookup(receiver, interface class, slot) reaches the dispatch pointer; slot = Il2CppMethodDefinition.slot
UnityEngine.UDP.PurchaseForwardCallback+<>c__DisplayClass4_1::<onQueryInventory>b__0	TAIL	v47 @ X19_v3 (UnityEngine.UDP.IPurchaseListener)	Type: UnityEngine.UDP.IPurchaseListener	4	UnityEngine.UDP.IPurchaseListener::OnQueryInventory	0x06000035	RUNTIME_DISPATCH		EXACT	lookup(receiver, interface class, slot) reaches the dispatch pointer; slot = Il2CppMethodDefinition.slot
Mono.Security.X509.PKCS12::get_Certificates	CALL	v310 @ X0_v40 (System.Collections.IEnumerator)	Type: System.Collections.IEnumerator	1	System.Collections.IEnumerator::get_Current	0x060028DD	RUNTIME_DISPATCH		EXACT	lookup(receiver, interface class, slot) reaches the dispatch pointer; slot = Il2CppMethodDefinition.slot
UnityEngine.UDP.InitLoginForwardCallback+<>c__DisplayClass2_0::<onInitFinished>b__0	TAIL	v41 @ X19_v3 (UnityEngine.UDP.IInitListener)	Type: UnityEngine.UDP.IInitListener	1	UnityEngine.UDP.IInitListener::OnInitializeFailed	0x06000073	RUNTIME_DISPATCH		EXACT	lookup(receiver, interface class, slot) reaches the dispatch pointer; slot = Il2CppMethodDefinition.slot
UnityEngine.UDP.Common.MiniJSON.Json+Serializer::SerializeObject	CALL	obj @ X1 (System.Collections.IDictionary)	Type: System.Collections.IDictionary	2	System.Collections.IDictionary::get_Keys	0x060028D6	RUNTIME_DISPATCH		EXACT	lookup(receiver, interface class, slot) reaches the dispatch pointer; slot = Il2CppMethodDefinition.slot
UnityEngine.UDP.Common.MiniJSON.Json+Serializer::SerializeObject	CALL	v333 @ X0_v35 (System.Collections.IEnumerator)	Type: System.Collections.IEnumerator	1	System.Collections.IEnumerator::get_Current	0x060028DD	RUNTIME_DISPATCH		EXACT	lookup(receiver, interface class, slot) reaches the dispatch pointer; slot = Il2CppMethodDefinition.slot
UnityEngine.UDP.Common.MiniJSON.Json+Serializer::SerializeArray	CALL	v299 @ X0_v32 (System.Collections.IEnumerator)	Type: System.Collections.IEnumerator	1	System.Collections.IEnumerator::get_Current	0x060028DD	RUNTIME_DISPATCH		EXACT	lookup(receiver, interface class, slot) reaches the dispatch pointer; slot = Il2CppMethodDefinition.slot
Firebase.Unity.InstallRootCerts::DecodeCollection	CALL	v77 @ X20_v4 (Firebase.Platform.IAppConfigExtensions)	Type: Firebase.Platform.IAppConfigExtensions	1	Firebase.Platform.IAppConfigExtensions::GetCertPemFile	0x06000080	RUNTIME_DISPATCH		EXACT	lookup(receiver, interface class, slot) reaches the dispatch pointer; slot = Il2CppMethodDefinition.slot
Firebase.Platform.FirebaseHandler::Update	CALL	v92 @ X20_v5 (Firebase.Platform.IFirebaseAppUtils)	Type: Firebase.Platform.IFirebaseAppUtils	1	Firebase.Platform.IFirebaseAppUtils::PollCallbacks	0x060000A5	RUNTIME_DISPATCH		EXACT	lookup(receiver, interface class, slot) reaches the dispatch pointer; slot = Il2CppMethodDefinition.slot
UnityEngine.UDP.LicenseForwardCallback::dontAllow	CALL	v76 @ X20_v2 (UnityEngine.UDP.ILicensingListener)	Type: UnityEngine.UDP.ILicensingListener	1	UnityEngine.UDP.ILicensingListener::dontAllow	0x06000018	RUNTIME_DISPATCH		EXACT	lookup(receiver, interface class, slot) reaches the dispatch pointer; slot = Il2CppMethodDefinition.slot
UnityEngine.UDP.LicenseForwardCallback::applicationError	CALL	v76 @ X20_v2 (UnityEngine.UDP.ILicensingListener)	Type: UnityEngine.UDP.ILicensingListener	2	UnityEngine.UDP.ILicensingListener::applicationError	0x06000019	RUNTIME_DISPATCH		EXACT	lookup(receiver, interface class, slot) reaches the dispatch pointer; slot = Il2CppMethodDefinition.slot
IronSource::isInterstitialPlacementCapped	TAIL	v42 @ X20_v2 (IronSourceIAgent)	Type: IronSourceIAgent	28	IronSourceIAgent::isInterstitialPlacementCapped	0x0600015E	RUNTIME_DISPATCH		EXACT	lookup(receiver, interface class, slot) reaches the dispatch pointer; slot = Il2CppMethodDefinition.slot
IronSource::showISDemandOnlyInterstitial	TAIL	v42 @ X20_v2 (IronSourceIAgent)	Type: IronSourceIAgent	30	IronSourceIAgent::showISDemandOnlyInterstitial	0x06000160	RUNTIME_DISPATCH		EXACT	lookup(receiver, interface class, slot) reaches the dispatch pointer; slot = Il2CppMethodDefinition.slot
Firebase.Platform.FirebaseLogger::LogMessage	CALL	v80 @ X21_v4 (Firebase.Platform.IFirebaseAppUtils)	Type: Firebase.Platform.IFirebaseAppUtils	4	Firebase.Platform.IFirebaseAppUtils::GetLogLevel	0x060000A8	RUNTIME_DISPATCH		EXACT	lookup(receiver, interface class, slot) reaches the dispatch pointer; slot = Il2CppMethodDefinition.slot
IronSource::isISDemandOnlyInterstitialReady	TAIL	v42 @ X20_v2 (IronSourceIAgent)	Type: IronSourceIAgent	31	IronSourceIAgent::isISDemandOnlyInterstitialReady	0x06000161	RUNTIME_DISPATCH		EXACT	lookup(receiver, interface class, slot) reaches the dispatch pointer; slot = Il2CppMethodDefinition.slot
IronSource::showOfferwall	TAIL	v39 @ X19_v2 (IronSourceIAgent)	Type: IronSourceIAgent	32	IronSourceIAgent::showOfferwall	0x06000162	RUNTIME_DISPATCH		EXACT	lookup(receiver, interface class, slot) reaches the dispatch pointer; slot = Il2CppMethodDefinition.slot
Mono.Security.X509.PKCS12::GetBytes	CALL	v79 @ X0_v103 (System.Collections.IEnumerator)	Type: System.Collections.IEnumerator	1	System.Collections.IEnumerator::get_Current	0x060028DD	RUNTIME_DISPATCH		EXACT	lookup(receiver, interface class, slot) reaches the dispatch pointer; slot = Il2CppMethodDefinition.slot
Mono.Security.X509.PKCS12::GetBytes	CALL	v2140 @ X0_v457 (System.Collections.IEnumerator)	Type: System.Collections.IEnumerator	1	System.Collections.IEnumerator::get_Current	0x060028DD	RUNTIME_DISPATCH		EXACT	lookup(receiver, interface class, slot) reaches the dispatch pointer; slot = Il2CppMethodDefinition.slot
Mono.Security.X509.PKCS12::GetBytes	CALL	v2133 @ X0_v117 (Il2CppClass<Mono.Security.X509.SafeBag>)	v2182 @ X1_v193	0	System.IDisposable::Dispose	0x06000921	RUNTIME_DISPATCH		EXACT	lookup(receiver, interface class, slot) reaches the dispatch pointer; slot = Il2CppMethodDefinition.slot
Mono.Security.X509.PKCS12::GetBytes	CALL	v2393 @ X0_v120 (System.Collections.IEnumerator)	Type: System.Collections.IEnumerator	1	System.Collections.IEnumerator::get_Current	0x060028DD	RUNTIME_DISPATCH		EXACT	lookup(receiver, interface class, slot) reaches the dispatch pointer; slot = Il2CppMethodDefinition.slot
Mono.Security.X509.PKCS12::GetBytes	CALL	v2975 @ X0_v123	v3091 @ X1_v166	0	System.IDisposable::Dispose	0x06000921	RUNTIME_DISPATCH		EXACT	lookup(receiver, interface class, slot) reaches the dispatch pointer; slot = Il2CppMethodDefinition.slot
Mono.Security.X509.PKCS12::GetBytes	CALL	v3272 @ X0_v126 (System.Collections.IEnumerator)	Type: System.Collections.IEnumerator	1	System.Collections.IEnumerator::get_Current	0x060028DD	RUNTIME_DISPATCH		EXACT	lookup(receiver, interface class, slot) reaches the dispatch pointer; slot = Il2CppMethodDefinition.slot
Mono.Security.X509.PKCS12::GetBytes	CALL	v3911 @ X0_v132 (System.Collections.IEnumerator)	Type: System.Collections.IEnumerator	1	System.Collections.IEnumerator::get_Current	0x060028DD	RUNTIME_DISPATCH		EXACT	lookup(receiver, interface class, slot) reaches the dispatch pointer; slot = Il2CppMethodDefinition.slot
Mono.Security.X509.PKCS12::GetBytes	CALL	v4378 @ X0_v261 (System.Collections.IEnumerator)	Type: System.Collections.IEnumerator	1	System.Collections.IEnumerator::get_Current	0x060028DD	RUNTIME_DISPATCH		EXACT	lookup(receiver, interface class, slot) reaches the dispatch pointer; slot = Il2CppMethodDefinition.slot
Mono.Security.X509.PKCS12::GetBytes	CALL	v4469 @ X0_v194 (System.Collections.IEnumerator)	Type: System.Collections.IEnumerator	1	System.Collections.IEnumerator::get_Current	0x060028DD	RUNTIME_DISPATCH		EXACT	lookup(receiver, interface class, slot) reaches the dispatch pointer; slot = Il2CppMethodDefinition.slot
Mono.Security.X509.PKCS12::GetBytes	CALL	v4613 @ X0_v148 (System.Collections.IEnumerator)	Type: System.Collections.IEnumerator	1	System.Collections.IEnumerator::get_Current	0x060028DD	RUNTIME_DISPATCH		EXACT	lookup(receiver, interface class, slot) reaches the dispatch pointer; slot = Il2CppMethodDefinition.slot
Firebase.Platform.Default.AppConfigExtensions::GetState	CALL	v115 @ X22_v9 (Firebase.Platform.IFirebaseAppUtils)	Type: Firebase.Platform.IFirebaseAppUtils	2	Firebase.Platform.IFirebaseAppUtils::GetDefaultInstance	0x060000A6	RUNTIME_DISPATCH		EXACT	lookup(receiver, interface class, slot) reaches the dispatch pointer; slot = Il2CppMethodDefinition.slot
UnityEngine.Purchasing.ScriptingUnityCallback::OnSetupFailed	TAIL	v51 @ X19_v3 (Uniject.IUtil)	Type: Uniject.IUtil	15	Uniject.IUtil::RunOnMainThread	0x06000010	RUNTIME_DISPATCH		EXACT	lookup(receiver, interface class, slot) reaches the dispatch pointer; slot = Il2CppMethodDefinition.slot
UnityEngine.Purchasing.ScriptingUnityCallback::OnProductsRetrieved	TAIL	v51 @ X19_v3 (Uniject.IUtil)	Type: Uniject.IUtil	15	Uniject.IUtil::RunOnMainThread	0x06000010	RUNTIME_DISPATCH		EXACT	lookup(receiver, interface class, slot) reaches the dispatch pointer; slot = Il2CppMethodDefinition.slot
UnityEngine.Purchasing.ScriptingUnityCallback::OnPurchaseSucceeded	TAIL	v57 @ X19_v3 (Uniject.IUtil)	Type: Uniject.IUtil	15	Uniject.IUtil::RunOnMainThread	0x06000010	RUNTIME_DISPATCH		EXACT	lookup(receiver, interface class, slot) reaches the dispatch pointer; slot = Il2CppMethodDefinition.slot
UnityEngine.Purchasing.ScriptingUnityCallback::OnPurchaseFailed	TAIL	v51 @ X19_v3 (Uniject.IUtil)	Type: Uniject.IUtil	15	Uniject.IUtil::RunOnMainThread	0x06000010	RUNTIME_DISPATCH		EXACT	lookup(receiver, interface class, slot) reaches the dispatch pointer; slot = Il2CppMethodDefinition.slot
UnityEngine.Purchasing.ScriptingUnityCallback+<>c__DisplayClass4_0::<OnProductsRetrieved>b__0	TAIL	v41 @ X19_v3 (UnityEngine.Purchasing.IUnityCallback)	Type: UnityEngine.Purchasing.IUnityCallback	1	UnityEngine.Purchasing.IUnityCallback::OnProductsRetrieved	0x06000019	RUNTIME_DISPATCH		EXACT	lookup(receiver, interface class, slot) reaches the dispatch pointer; slot = Il2CppMethodDefinition.slot
UnityEngine.Purchasing.ScriptingUnityCallback+<>c__DisplayClass5_0::<OnPurchaseSucceeded>b__0	TAIL	v45 @ X19_v3 (UnityEngine.Purchasing.IUnityCallback)	Type: UnityEngine.Purchasing.IUnityCallback	2	UnityEngine.Purchasing.IUnityCallback::OnPurchaseSucceeded	0x0600001A	RUNTIME_DISPATCH		EXACT	lookup(receiver, interface class, slot) reaches the dispatch pointer; slot = Il2CppMethodDefinition.slot
UnityEngine.Purchasing.ScriptingUnityCallback+<>c__DisplayClass6_0::<OnPurchaseFailed>b__0	TAIL	v41 @ X19_v3 (UnityEngine.Purchasing.IUnityCallback)	Type: UnityEngine.Purchasing.IUnityCallback	3	UnityEngine.Purchasing.IUnityCallback::OnPurchaseFailed	0x0600001B	RUNTIME_DISPATCH		EXACT	lookup(receiver, interface class, slot) reaches the dispatch pointer; slot = Il2CppMethodDefinition.slot
IronSourceJSON.Json+Serializer::SerializeObject	CALL	obj @ X1 (System.Collections.IDictionary)	Type: System.Collections.IDictionary	2	System.Collections.IDictionary::get_Keys	0x060028D6	RUNTIME_DISPATCH		EXACT	lookup(receiver, interface class, slot) reaches the dispatch pointer; slot = Il2CppMethodDefinition.slot
IronSourceJSON.Json+Serializer::SerializeObject	CALL	v333 @ X0_v35 (System.Collections.IEnumerator)	Type: System.Collections.IEnumerator	1	System.Collections.IEnumerator::get_Current	0x060028DD	RUNTIME_DISPATCH		EXACT	lookup(receiver, interface class, slot) reaches the dispatch pointer; slot = Il2CppMethodDefinition.slot
IronSourceJSON.Json+Serializer::SerializeArray	CALL	v299 @ X0_v32 (System.Collections.IEnumerator)	Type: System.Collections.IEnumerator	1	System.Collections.IEnumerator::get_Current	0x060028DD	RUNTIME_DISPATCH		EXACT	lookup(receiver, interface class, slot) reaches the dispatch pointer; slot = Il2CppMethodDefinition.slot
UnityEngine.Purchasing.MoolahStoreImpl::RetrieveProductsSucceeded	TAIL	v42 @ X20_v2 (UnityEngine.Purchasing.Extension.IStoreCallback)	Type: UnityEngine.Purchasing.Extension.IStoreCallback	2	UnityEngine.Purchasing.Extension.IStoreCallback::OnProductsRetrieved	0x060000B3	RUNTIME_DISPATCH		EXACT	lookup(receiver, interface class, slot) reaches the dispatch pointer; slot = Il2CppMethodDefinition.slot
UnityEngine.Purchasing.MoolahStoreImpl::RetrieveProductsFailed	TAIL	v42 @ X20_v2 (UnityEngine.Purchasing.Extension.IStoreCallback)	Type: UnityEngine.Purchasing.Extension.IStoreCallback	1	UnityEngine.Purchasing.Extension.IStoreCallback::OnSetupFailed	0x060000B2	RUNTIME_DISPATCH		EXACT	lookup(receiver, interface class, slot) reaches the dispatch pointer; slot = Il2CppMethodDefinition.slot
UnityEngine.Purchasing.CloudCatalogImpl::FetchProducts	CALL	v56 @ X20_v3 (UnityEngine.ILogger)	Type: UnityEngine.ILogger	4	UnityEngine.ILogger::Log	0x060003C1	RUNTIME_DISPATCH		EXACT	lookup(receiver, interface class, slot) reaches the dispatch pointer; slot = Il2CppMethodDefinition.slot
UnityEngine.Purchasing.JavaBridge::OnProductsRetrieved	TAIL	v42 @ X20_v2 (UnityEngine.Purchasing.IUnityCallback)	Type: UnityEngine.Purchasing.IUnityCallback	1	UnityEngine.Purchasing.IUnityCallback::OnProductsRetrieved	0x06000019	RUNTIME_DISPATCH		EXACT	lookup(receiver, interface class, slot) reaches the dispatch pointer; slot = Il2CppMethodDefinition.slot
UnityEngine.Purchasing.JavaBridge::OnPurchaseSucceeded	TAIL	v48 @ X22_v2 (UnityEngine.Purchasing.IUnityCallback)	Type: UnityEngine.Purchasing.IUnityCallback	2	UnityEngine.Purchasing.IUnityCallback::OnPurchaseSucceeded	0x0600001A	RUNTIME_DISPATCH		EXACT	lookup(receiver, interface class, slot) reaches the dispatch pointer; slot = Il2CppMethodDefinition.slot
UnityEngine.Purchasing.UDPImpl::FinishTransaction	TAIL	v117 @ X21_v3 (UnityEngine.Purchasing.INativeUDPStore)	Type: UnityEngine.Purchasing.INativeUDPStore	3	UnityEngine.Purchasing.INativeUDPStore::FinishTransaction	0x060000B5	RUNTIME_DISPATCH		EXACT	lookup(receiver, interface class, slot) reaches the dispatch pointer; slot = Il2CppMethodDefinition.slot
UnityEngine.Purchasing.JavaBridge::OnPurchaseFailed	TAIL	v42 @ X20_v2 (UnityEngine.Purchasing.IUnityCallback)	Type: UnityEngine.Purchasing.IUnityCallback	3	UnityEngine.Purchasing.IUnityCallback::OnPurchaseFailed	0x0600001B	RUNTIME_DISPATCH		EXACT	lookup(receiver, interface class, slot) reaches the dispatch pointer; slot = Il2CppMethodDefinition.slot
UnityEngine.Purchasing.MoolahStoreImpl::PurchaseSucceed	TAIL	v65 @ X22_v2 (UnityEngine.Purchasing.Extension.IStoreCallback)	Type: UnityEngine.Purchasing.Extension.IStoreCallback	3	UnityEngine.Purchasing.Extension.IStoreCallback::OnPurchaseSucceeded	0x060000B4	RUNTIME_DISPATCH		EXACT	lookup(receiver, interface class, slot) reaches the dispatch pointer; slot = Il2CppMethodDefinition.slot
UnityEngine.Purchasing.MoolahStoreImpl::PurchaseFailed	TAIL	v57 @ X20_v2 (UnityEngine.Purchasing.Extension.IStoreCallback)	Type: UnityEngine.Purchasing.Extension.IStoreCallback	4	UnityEngine.Purchasing.Extension.IStoreCallback::OnPurchaseFailed	0x060000B5	RUNTIME_DISPATCH		EXACT	lookup(receiver, interface class, slot) reaches the dispatch pointer; slot = Il2CppMethodDefinition.slot
UnityEngine.Purchasing.UDPImpl+<>c__DisplayClass7_0::<RetrieveProducts>b__0	TAIL	v66 @ X19_v5 (UnityEngine.ILogger)	Type: UnityEngine.ILogger	4	UnityEngine.ILogger::Log	0x060003C1	RUNTIME_DISPATCH		EXACT	lookup(receiver, interface class, slot) reaches the dispatch pointer; slot = Il2CppMethodDefinition.slot
UnityEngine.Purchasing.UDPImpl+<>c__DisplayClass7_0::<RetrieveProducts>b__1	TAIL	v83 @ X20_v6 (UnityEngine.Purchasing.INativeUDPStore)	Type: UnityEngine.Purchasing.INativeUDPStore	2	UnityEngine.Purchasing.INativeUDPStore::RetrieveProducts	0x060000B4	RUNTIME_DISPATCH		EXACT	lookup(receiver, interface class, slot) reaches the dispatch pointer; slot = Il2CppMethodDefinition.slot
UnityEngine.Purchasing.UDPImpl+<>c__DisplayClass7_0::<RetrieveProducts>b__1	TAIL	v76 @ X19_v4 (UnityEngine.Purchasing.Extension.IStoreCallback)	Type: UnityEngine.Purchasing.Extension.IStoreCallback	1	UnityEngine.Purchasing.Extension.IStoreCallback::OnSetupFailed	0x060000B2	RUNTIME_DISPATCH		EXACT	lookup(receiver, interface class, slot) reaches the dispatch pointer; slot = Il2CppMethodDefinition.slot
UnityEngine.Purchasing.UDPImpl+<>c__DisplayClass8_0::<Purchase>b__0	CALL	v273 @ X19_v8 (UnityEngine.Purchasing.Extension.IStoreCallback)	Type: UnityEngine.Purchasing.Extension.IStoreCallback	4	UnityEngine.Purchasing.Extension.IStoreCallback::OnPurchaseFailed	0x060000B5	RUNTIME_DISPATCH		EXACT	lookup(receiver, interface class, slot) reaches the dispatch pointer; slot = Il2CppMethodDefinition.slot
UnityEngine.Purchasing.ProfileData::.ctor	CALL	util @ X1 (Uniject.IUtil)	Type: Uniject.IUtil	2	Uniject.IUtil::get_cloudProjectId	0x06000003	RUNTIME_DISPATCH		EXACT	lookup(receiver, interface class, slot) reaches the dispatch pointer; slot = Il2CppMethodDefinition.slot
UnityEngine.Purchasing.ProfileData::.ctor	CALL	util @ X1 (Uniject.IUtil)	Type: Uniject.IUtil	4	Uniject.IUtil::get_unityVersion	0x06000005	RUNTIME_DISPATCH		EXACT	lookup(receiver, interface class, slot) reaches the dispatch pointer; slot = Il2CppMethodDefinition.slot
UnityEngine.Purchasing.ProfileData::.ctor	CALL	util @ X1 (Uniject.IUtil)	Type: Uniject.IUtil	8	Uniject.IUtil::get_operatingSystem	0x06000009	RUNTIME_DISPATCH		EXACT	lookup(receiver, interface class, slot) reaches the dispatch pointer; slot = Il2CppMethodDefinition.slot
UnityEngine.Purchasing.ProfileData::.ctor	CALL	util @ X1 (Uniject.IUtil)	Type: Uniject.IUtil	3	Uniject.IUtil::get_deviceUniqueIdentifier	0x06000004	RUNTIME_DISPATCH		EXACT	lookup(receiver, interface class, slot) reaches the dispatch pointer; slot = Il2CppMethodDefinition.slot
UnityEngine.Purchasing.ProfileData::.ctor	CALL	util @ X1 (Uniject.IUtil)	Type: Uniject.IUtil	6	Uniject.IUtil::get_gameVersion	0x06000007	RUNTIME_DISPATCH		EXACT	lookup(receiver, interface class, slot) reaches the dispatch pointer; slot = Il2CppMethodDefinition.slot
UnityEngine.Purchasing.ProfileData::.ctor	CALL	util @ X1 (Uniject.IUtil)	Type: Uniject.IUtil	7	Uniject.IUtil::get_sessionId	0x06000008	RUNTIME_DISPATCH		EXACT	lookup(receiver, interface class, slot) reaches the dispatch pointer; slot = Il2CppMethodDefinition.slot
UnityEngine.Purchasing.ProfileData::.ctor	CALL	util @ X1 (Uniject.IUtil)	Type: Uniject.IUtil	12	Uniject.IUtil::get_screenOrientation	0x0600000D	RUNTIME_DISPATCH		EXACT	lookup(receiver, interface class, slot) reaches the dispatch pointer; slot = Il2CppMethodDefinition.slot
UnityEngine.Purchasing.CloudCatalogImpl+<>c__DisplayClass10_0::<FetchProducts>b__0	CALL	v48 @ X21_v7 (UnityEngine.ILogger)	Type: UnityEngine.ILogger	4	UnityEngine.ILogger::Log	0x060003C1	RUNTIME_DISPATCH		EXACT	lookup(receiver, interface class, slot) reaches the dispatch pointer; slot = Il2CppMethodDefinition.slot
UnityEngine.Purchasing.CloudCatalogImpl+<>c__DisplayClass10_0::<FetchProducts>b__0	CALL	v120 @ X22_v7 (UnityEngine.ILogger)	Type: UnityEngine.ILogger	7	UnityEngine.ILogger::LogError	0x060003C4	RUNTIME_DISPATCH		EXACT	lookup(receiver, interface class, slot) reaches the dispatch pointer; slot = Il2CppMethodDefinition.slot
UnityEngine.Purchasing.CloudCatalogImpl+<>c__DisplayClass10_0::<FetchProducts>b__0	CALL	v153 @ X21_v11 (UnityEngine.ILogger)	Type: UnityEngine.ILogger	4	UnityEngine.ILogger::Log	0x060003C1	RUNTIME_DISPATCH		EXACT	lookup(receiver, interface class, slot) reaches the dispatch pointer; slot = Il2CppMethodDefinition.slot
UnityEngine.Purchasing.Promo::UpdatePromoProductList	CALL	v146 @ X19_v7 (UnityEngine.ILogger)	Type: UnityEngine.ILogger	7	UnityEngine.ILogger::LogError	0x060003C4	RUNTIME_DISPATCH		EXACT	lookup(receiver, interface class, slot) reaches the dispatch pointer; slot = Il2CppMethodDefinition.slot
UnityEngine.Purchasing.Promo::ProvideProductsToAds	TAIL	v61 @ X19_v2 (UnityEngine.ILogger)	Type: UnityEngine.ILogger	7	UnityEngine.ILogger::LogError	0x060003C4	RUNTIME_DISPATCH		EXACT	lookup(receiver, interface class, slot) reaches the dispatch pointer; slot = Il2CppMethodDefinition.slot
UnityEngine.Purchasing.AppleStoreImpl::SetStorePromotionVisibility	CALL	v75 @ X19_v6 (UnityEngine.Purchasing.INativeAppleStore)	Type: UnityEngine.Purchasing.INativeAppleStore	7	UnityEngine.Purchasing.INativeAppleStore::SetStorePromotionVisibility	0x06000008	RUNTIME_DISPATCH		EXACT	lookup(receiver, interface class, slot) reaches the dispatch pointer; slot = Il2CppMethodDefinition.slot
UnityEngine.Purchasing.Promo::ProvideProductsToAds	CALL	v276 @ X19_v9 (UnityEngine.ILogger)	Type: UnityEngine.ILogger	4	UnityEngine.ILogger::Log	0x060003C1	RUNTIME_DISPATCH		EXACT	lookup(receiver, interface class, slot) reaches the dispatch pointer; slot = Il2CppMethodDefinition.slot
UnityEngine.Purchasing.CloudCatalogImpl+<>c__DisplayClass10_0::<FetchProducts>b__1	CALL	v74 @ X21_v7 (UnityEngine.ILogger)	Type: UnityEngine.ILogger	4	UnityEngine.ILogger::Log	0x060003C1	RUNTIME_DISPATCH		EXACT	lookup(receiver, interface class, slot) reaches the dispatch pointer; slot = Il2CppMethodDefinition.slot
UnityEngine.Purchasing.CloudCatalogImpl+<>c__DisplayClass10_0::<FetchProducts>b__1	TAIL	v246 @ X20_v6 (UnityEngine.Purchasing.IAsyncWebUtil)	Type: UnityEngine.Purchasing.IAsyncWebUtil	2	UnityEngine.Purchasing.IAsyncWebUtil::Schedule	0x0600016D	RUNTIME_DISPATCH		EXACT	lookup(receiver, interface class, slot) reaches the dispatch pointer; slot = Il2CppMethodDefinition.slot
UnityEngine.Purchasing.AppleStoreImpl::OnProductsRetrieved	CALL	v62 @ X21_v1 (UnityEngine.Purchasing.INativeAppleStore)	Type: UnityEngine.Purchasing.INativeAppleStore	4	UnityEngine.Purchasing.INativeAppleStore::get_appReceipt	0x06000005	RUNTIME_DISPATCH		EXACT	lookup(receiver, interface class, slot) reaches the dispatch pointer; slot = Il2CppMethodDefinition.slot
UnityEngine.Purchasing.AppleStoreImpl::OnProductsRetrieved	CALL	v216 @ X22_v3 (UnityEngine.Purchasing.Extension.IStoreCallback)	Type: UnityEngine.Purchasing.Extension.IStoreCallback	2	UnityEngine.Purchasing.Extension.IStoreCallback::OnProductsRetrieved	0x060000B3	RUNTIME_DISPATCH		EXACT	lookup(receiver, interface class, slot) reaches the dispatch pointer; slot = Il2CppMethodDefinition.slot
UnityEngine.Purchasing.AppleStoreImpl::OnProductsRetrieved	CALL	v415 @ X20_v8 (UnityEngine.Purchasing.INativeAppleStore)	Type: UnityEngine.Purchasing.INativeAppleStore	8	UnityEngine.Purchasing.INativeAppleStore::InterceptPromotionalPurchases	0x06000009	RUNTIME_DISPATCH		EXACT	lookup(receiver, interface class, slot) reaches the dispatch pointer; slot = Il2CppMethodDefinition.slot
UnityEngine.Purchasing.AppleStoreImpl::OnProductsRetrieved	CALL	v405 @ X19_v2 (UnityEngine.Purchasing.INativeAppleStore)	Type: UnityEngine.Purchasing.INativeAppleStore	3	UnityEngine.Purchasing.INativeAppleStore::AddTransactionObserver	0x06000004	RUNTIME_DISPATCH		EXACT	lookup(receiver, interface class, slot) reaches the dispatch pointer; slot = Il2CppMethodDefinition.slot
UnityEngine.Purchasing.AppleStoreImpl::RestoreTransactions	TAIL	v42 @ X19_v2 (UnityEngine.Purchasing.INativeAppleStore)	Type: UnityEngine.Purchasing.INativeAppleStore	1	UnityEngine.Purchasing.INativeAppleStore::RestoreTransactions	0x06000002	RUNTIME_DISPATCH		EXACT	lookup(receiver, interface class, slot) reaches the dispatch pointer; slot = Il2CppMethodDefinition.slot
UnityEngine.Purchasing.AppleStoreImpl::RefreshAppReceipt	TAIL	v45 @ X19_v2 (UnityEngine.Purchasing.INativeAppleStore)	Type: UnityEngine.Purchasing.INativeAppleStore	2	UnityEngine.Purchasing.INativeAppleStore::RefreshAppReceipt	0x06000003	RUNTIME_DISPATCH		EXACT	lookup(receiver, interface class, slot) reaches the dispatch pointer; slot = Il2CppMethodDefinition.slot
Mono.Security.X509.X509CertificateCollection+X509CertificateEnumerator::get_Current	CALL	v39 @ X19_v2 (System.Collections.IEnumerator)	Type: System.Collections.IEnumerator	1	System.Collections.IEnumerator::get_Current	0x060028DD	RUNTIME_DISPATCH		EXACT	lookup(receiver, interface class, slot) reaches the dispatch pointer; slot = Il2CppMethodDefinition.slot
Mono.Security.X509.X509CertificateCollection+X509CertificateEnumerator::System.Collections.IEnumerator.get_Current	TAIL	v39 @ X19_v2 (System.Collections.IEnumerator)	Type: System.Collections.IEnumerator	1	System.Collections.IEnumerator::get_Current	0x060028DD	RUNTIME_DISPATCH		EXACT	lookup(receiver, interface class, slot) reaches the dispatch pointer; slot = Il2CppMethodDefinition.slot
Mono.Security.X509.X509CertificateCollection+X509CertificateEnumerator::System.Collections.IEnumerator.Reset	TAIL	v39 @ X19_v2 (System.Collections.IEnumerator)	Type: System.Collections.IEnumerator	2	System.Collections.IEnumerator::Reset	0x060028DE	RUNTIME_DISPATCH		EXACT	lookup(receiver, interface class, slot) reaches the dispatch pointer; slot = Il2CppMethodDefinition.slot
UnityEngine.Purchasing.Promo::InitiatePurchasingCommand	CALL	v261 @ X19_v29 (UnityEngine.ILogger)	Type: UnityEngine.ILogger	8	UnityEngine.ILogger::LogFormat	0x060003C5	RUNTIME_DISPATCH		EXACT	lookup(receiver, interface class, slot) reaches the dispatch pointer; slot = Il2CppMethodDefinition.slot
UnityEngine.Purchasing.Promo::InitiatePurchasingCommand	CALL	v235 @ X20_v12 (UnityEngine.ILogger)	Type: UnityEngine.ILogger	7	UnityEngine.ILogger::LogError	0x060003C4	RUNTIME_DISPATCH		EXACT	lookup(receiver, interface class, slot) reaches the dispatch pointer; slot = Il2CppMethodDefinition.slot
UnityEngine.Purchasing.WinRTStore::FinishTransaction	TAIL	v42 @ X20_v2 (UnityEngine.Purchasing.Default.IWindowsIAP)	Type: UnityEngine.Purchasing.Default.IWindowsIAP	4	UnityEngine.Purchasing.Default.IWindowsIAP::FinaliseTransaction	0x06000006	RUNTIME_DISPATCH		EXACT	lookup(receiver, interface class, slot) reaches the dispatch pointer; slot = Il2CppMethodDefinition.slot
UnityEngine.Purchasing.StoreCatalogImpl::handleCachedCatalog	CALL	v47 @ X20_v5 (UnityEngine.ILogger)	Type: UnityEngine.ILogger	4	UnityEngine.ILogger::Log	0x060003C1	RUNTIME_DISPATCH		EXACT	lookup(receiver, interface class, slot) reaches the dispatch pointer; slot = Il2CppMethodDefinition.slot
UnityEngine.Purchasing.StoreCatalogImpl::handleCachedCatalog	CALL	v141 @ X21_v6 (UnityEngine.ILogger)	Type: UnityEngine.ILogger	4	UnityEngine.ILogger::Log	0x060003C1	RUNTIME_DISPATCH		EXACT	lookup(receiver, interface class, slot) reaches the dispatch pointer; slot = Il2CppMethodDefinition.slot
UnityEngine.Purchasing.WinRTStore::init	CALL	v41 @ X20_v2 (UnityEngine.Purchasing.Default.IWindowsIAP)	Type: UnityEngine.Purchasing.Default.IWindowsIAP	1	UnityEngine.Purchasing.Default.IWindowsIAP::Initialize	0x06000003	RUNTIME_DISPATCH		EXACT	lookup(receiver, interface class, slot) reaches the dispatch pointer; slot = Il2CppMethodDefinition.slot
UnityEngine.Purchasing.WinRTStore::init	TAIL	v101 @ X19_v3 (UnityEngine.Purchasing.Default.IWindowsIAP)	Type: UnityEngine.Purchasing.Default.IWindowsIAP	2	UnityEngine.Purchasing.Default.IWindowsIAP::RetrieveProducts	0x06000004	RUNTIME_DISPATCH		EXACT	lookup(receiver, interface class, slot) reaches the dispatch pointer; slot = Il2CppMethodDefinition.slot
UnityEngine.Purchasing.WinRTStore::Purchase	TAIL	v43 @ X19_v3 (UnityEngine.Purchasing.Default.IWindowsIAP)	Type: UnityEngine.Purchasing.Default.IWindowsIAP	3	UnityEngine.Purchasing.Default.IWindowsIAP::Purchase	0x06000005	RUNTIME_DISPATCH		EXACT	lookup(receiver, interface class, slot) reaches the dispatch pointer; slot = Il2CppMethodDefinition.slot
UnityEngine.Purchasing.AppleStoreImpl::MessageCallback	TAIL	v61 @ X19_v3 (Uniject.IUtil)	Type: Uniject.IUtil	15	Uniject.IUtil::RunOnMainThread	0x06000010	RUNTIME_DISPATCH		EXACT	lookup(receiver, interface class, slot) reaches the dispatch pointer; slot = Il2CppMethodDefinition.slot
UnityEngine.Purchasing.WinRTStore::restoreTransactions	TAIL	v54 @ X19_v3 (UnityEngine.Purchasing.Default.IWindowsIAP)	Type: UnityEngine.Purchasing.Default.IWindowsIAP	2	UnityEngine.Purchasing.Default.IWindowsIAP::RetrieveProducts	0x06000004	RUNTIME_DISPATCH		EXACT	lookup(receiver, interface class, slot) reaches the dispatch pointer; slot = Il2CppMethodDefinition.slot
UnityEngine.Purchasing.WinRTStore::RestoreTransactions	CALL	v41 @ X20_v2 (UnityEngine.ILogger)	Type: UnityEngine.ILogger	4	UnityEngine.ILogger::Log	0x060003C1	RUNTIME_DISPATCH		EXACT	lookup(receiver, interface class, slot) reaches the dispatch pointer; slot = Il2CppMethodDefinition.slot
UnityEngine.Purchasing.WinRTStore::RestoreTransactions	CALL	v106 @ X20_v4 (UnityEngine.Purchasing.Default.IWindowsIAP)	Type: UnityEngine.Purchasing.Default.IWindowsIAP	2	UnityEngine.Purchasing.Default.IWindowsIAP::RetrieveProducts	0x06000004	RUNTIME_DISPATCH		EXACT	lookup(receiver, interface class, slot) reaches the dispatch pointer; slot = Il2CppMethodDefinition.slot
UnityEngine.Purchasing.TizenStoreImpl::SetGroupId	TAIL	v42 @ X20_v2 (UnityEngine.Purchasing.INativeTizenStore)	Type: UnityEngine.Purchasing.INativeTizenStore	1	UnityEngine.Purchasing.INativeTizenStore::SetGroupId	0x06000006	RUNTIME_DISPATCH		EXACT	lookup(receiver, interface class, slot) reaches the dispatch pointer; slot = Il2CppMethodDefinition.slot
UnityEngine.Purchasing.StoreCatalogImpl+<>c__DisplayClass10_0::<FetchProducts>b__0	CALL	v122 @ X20_v4 (UnityEngine.ILogger)	Type: UnityEngine.ILogger	4	UnityEngine.ILogger::Log	0x060003C1	RUNTIME_DISPATCH		EXACT	lookup(receiver, interface class, slot) reaches the dispatch pointer; slot = Il2CppMethodDefinition.slot
UnityEngine.Purchasing.StoreCatalogImpl+<>c__DisplayClass10_0::<FetchProducts>b__0	CALL	v122 @ X20_v4 (UnityEngine.ILogger)	Type: UnityEngine.ILogger	7	UnityEngine.ILogger::LogError	0x060003C4	RUNTIME_DISPATCH		EXACT	lookup(receiver, interface class, slot) reaches the dispatch pointer; slot = Il2CppMethodDefinition.slot
UnityEngine.Purchasing.FacebookStoreImpl::SetNativeStore	CALL	facebook @ X1 (UnityEngine.Purchasing.INativeFacebookStore)	Type: UnityEngine.Purchasing.INativeFacebookStore	1	UnityEngine.Purchasing.INativeFacebookStore::Init	0x06000002	RUNTIME_DISPATCH		EXACT	lookup(receiver, interface class, slot) reaches the dispatch pointer; slot = Il2CppMethodDefinition.slot
UnityEngine.Purchasing.FacebookStoreImpl::SetNativeStore	TAIL	facebook @ X1 (UnityEngine.Purchasing.INativeFacebookStore)	Type: UnityEngine.Purchasing.INativeFacebookStore	2	UnityEngine.Purchasing.INativeFacebookStore::SetUnityPurchasingCallback	0x06000003	RUNTIME_DISPATCH		EXACT	lookup(receiver, interface class, slot) reaches the dispatch pointer; slot = Il2CppMethodDefinition.slot
UnityEngine.Purchasing.FacebookStoreImpl::MessageCallback	TAIL	v61 @ X19_v3 (Uniject.IUtil)	Type: Uniject.IUtil	15	Uniject.IUtil::RunOnMainThread	0x06000010	RUNTIME_DISPATCH		EXACT	lookup(receiver, interface class, slot) reaches the dispatch pointer; slot = Il2CppMethodDefinition.slot
UnityEngine.Purchasing.JSONStore::Initialize	TAIL	v148 @ X19_v4 (UnityEngine.ILogger)	Type: UnityEngine.ILogger	6	UnityEngine.ILogger::LogWarning	0x060003C3	RUNTIME_DISPATCH		EXACT	lookup(receiver, interface class, slot) reaches the dispatch pointer; slot = Il2CppMethodDefinition.slot
UnityEngine.Purchasing.EventQueue::SendEvent	CALL	v119 @ X21_v10 (UnityEngine.Purchasing.IAsyncWebUtil)	Type: UnityEngine.Purchasing.IAsyncWebUtil	1	UnityEngine.Purchasing.IAsyncWebUtil::Post	0x0600016C	RUNTIME_DISPATCH		EXACT	lookup(receiver, interface class, slot) reaches the dispatch pointer; slot = Il2CppMethodDefinition.slot
UnityEngine.Purchasing.JSONStore::Purchase	CALL	v312 @ X23_v16 (UnityEngine.ILogger)	Type: UnityEngine.ILogger	4	UnityEngine.ILogger::Log	0x060003C1	RUNTIME_DISPATCH		EXACT	lookup(receiver, interface class, slot) reaches the dispatch pointer; slot = Il2CppMethodDefinition.slot
UnityEngine.Purchasing.JSONStore::Purchase	CALL	v303 @ X22_v13 (UnityEngine.ILogger)	Type: UnityEngine.ILogger	6	UnityEngine.ILogger::LogWarning	0x060003C3	RUNTIME_DISPATCH		EXACT	lookup(receiver, interface class, slot) reaches the dispatch pointer; slot = Il2CppMethodDefinition.slot
UnityEngine.Purchasing.FakeStore+<>c__DisplayClass13_0::<StoreRetrieveProducts>b__0	CALL	v47 @ X19_v3 (UnityEngine.Purchasing.Extension.IStoreCallback)	Type: UnityEngine.Purchasing.Extension.IStoreCallback	2	UnityEngine.Purchasing.Extension.IStoreCallback::OnProductsRetrieved	0x060000B3	RUNTIME_DISPATCH		EXACT	lookup(receiver, interface class, slot) reaches the dispatch pointer; slot = Il2CppMethodDefinition.slot
UnityEngine.Purchasing.FakeStore+<>c__DisplayClass13_0::<StoreRetrieveProducts>b__0	TAIL	v47 @ X19_v3 (UnityEngine.Purchasing.Extension.IStoreCallback)	Type: UnityEngine.Purchasing.Extension.IStoreCallback	1	UnityEngine.Purchasing.Extension.IStoreCallback::OnSetupFailed	0x060000B2	RUNTIME_DISPATCH		EXACT	lookup(receiver, interface class, slot) reaches the dispatch pointer; slot = Il2CppMethodDefinition.slot
UnityEngine.Purchasing.JSONStore::FinishTransaction	TAIL	v54 @ X21_v2 (UnityEngine.Purchasing.INativeStore)	Type: UnityEngine.Purchasing.INativeStore	2	UnityEngine.Purchasing.INativeStore::FinishTransaction	0x06000005	RUNTIME_DISPATCH		EXACT	lookup(receiver, interface class, slot) reaches the dispatch pointer; slot = Il2CppMethodDefinition.slot
UnityEngine.Purchasing.JSONStore::OnSetupFailed	TAIL	v123 @ X19_v3 (UnityEngine.Purchasing.Extension.IStoreCallback)	Type: UnityEngine.Purchasing.Extension.IStoreCallback	1	UnityEngine.Purchasing.Extension.IStoreCallback::OnSetupFailed	0x060000B2	RUNTIME_DISPATCH		EXACT	lookup(receiver, interface class, slot) reaches the dispatch pointer; slot = Il2CppMethodDefinition.slot
UnityEngine.Purchasing.EventQueue+<>c__DisplayClass11_0::<SendEvent>b__1	CALL	v108 @ X21_v7 (UnityEngine.Purchasing.IAsyncWebUtil)	Type: UnityEngine.Purchasing.IAsyncWebUtil	2	UnityEngine.Purchasing.IAsyncWebUtil::Schedule	0x0600016D	RUNTIME_DISPATCH		EXACT	lookup(receiver, interface class, slot) reaches the dispatch pointer; slot = Il2CppMethodDefinition.slot
UnityEngine.Purchasing.JSONStore::OnProductsRetrieved	CALL	v42 @ X20_v2 (UnityEngine.Purchasing.Extension.IStoreCallback)	Type: UnityEngine.Purchasing.Extension.IStoreCallback	2	UnityEngine.Purchasing.Extension.IStoreCallback::OnProductsRetrieved	0x060000B3	RUNTIME_DISPATCH		EXACT	lookup(receiver, interface class, slot) reaches the dispatch pointer; slot = Il2CppMethodDefinition.slot
UnityEngine.Purchasing.JSONStore::OnPurchaseSucceeded	CALL	v280 @ X23_v8 (UnityEngine.Purchasing.Extension.IStoreCallback)	Type: UnityEngine.Purchasing.Extension.IStoreCallback	3	UnityEngine.Purchasing.Extension.IStoreCallback::OnPurchaseSucceeded	0x060000B4	RUNTIME_DISPATCH		EXACT	lookup(receiver, interface class, slot) reaches the dispatch pointer; slot = Il2CppMethodDefinition.slot
UnityEngine.Purchasing.UIFakeStore::StartUI	CALL	v501 @ X0_v69 (System.Collections.IEnumerator)	Type: System.Collections.IEnumerator	1	System.Collections.IEnumerator::get_Current	0x060028DD	RUNTIME_DISPATCH		EXACT	lookup(receiver, interface class, slot) reaches the dispatch pointer; slot = Il2CppMethodDefinition.slot
UnityEngine.Purchasing.StandardPurchasingModule::Instance	CALL	v165 @ X0_v12 (UnityEngine.ILogger)	Type: UnityEngine.ILogger	4	UnityEngine.ILogger::Log	0x060003C1	RUNTIME_DISPATCH		EXACT	lookup(receiver, interface class, slot) reaches the dispatch pointer; slot = Il2CppMethodDefinition.slot
UnityEngine.Purchasing.JSONStore::OnPurchaseFailed	CALL	v229 @ X20_v4	Type: UnityEngine.Purchasing.Extension.IStoreCallback	4	UnityEngine.Purchasing.Extension.IStoreCallback::OnPurchaseFailed	0x060000B5	RUNTIME_DISPATCH		EXACT	lookup(receiver, interface class, slot) reaches the dispatch pointer; slot = Il2CppMethodDefinition.slot
UnityEngine.Purchasing.StandardPurchasingModule::InstantiateApple	CALL	v48 @ X21_v2 (UnityEngine.Purchasing.INativeStoreProvider)	Type: UnityEngine.Purchasing.INativeStoreProvider	1	UnityEngine.Purchasing.INativeStoreProvider::GetStorekit	0x0600010B	RUNTIME_DISPATCH		EXACT	lookup(receiver, interface class, slot) reaches the dispatch pointer; slot = Il2CppMethodDefinition.slot
Mono.Security.Protocol.Ntlm.ChallengeResponse::set_Password	CALL	v321 @ X0_v63 (System.Security.Cryptography.ICryptoTransform)	Type: System.Security.Cryptography.ICryptoTransform	4	System.Security.Cryptography.ICryptoTransform::TransformBlock	0x06001EE5	RUNTIME_DISPATCH		EXACT	lookup(receiver, interface class, slot) reaches the dispatch pointer; slot = Il2CppMethodDefinition.slot
Mono.Security.Protocol.Ntlm.ChallengeResponse::set_Password	CALL	v527 @ X0_v43 (System.Security.Cryptography.ICryptoTransform)	Type: System.Security.Cryptography.ICryptoTransform	4	System.Security.Cryptography.ICryptoTransform::TransformBlock	0x06001EE5	RUNTIME_DISPATCH		EXACT	lookup(receiver, interface class, slot) reaches the dispatch pointer; slot = Il2CppMethodDefinition.slot
UnityEngine.Purchasing.StandardPurchasingModule::InstantiateTizen	CALL	v51 @ X21_v2 (UnityEngine.Purchasing.INativeStoreProvider)	Type: UnityEngine.Purchasing.INativeStoreProvider	2	UnityEngine.Purchasing.INativeStoreProvider::GetTizenStore	0x0600010C	RUNTIME_DISPATCH		EXACT	lookup(receiver, interface class, slot) reaches the dispatch pointer; slot = Il2CppMethodDefinition.slot
UnityEngine.Purchasing.StandardPurchasingModule::InstantiateFacebook	CALL	v41 @ X20_v2 (UnityEngine.Purchasing.INativeStoreProvider)	Type: UnityEngine.Purchasing.INativeStoreProvider	3	UnityEngine.Purchasing.INativeStoreProvider::GetFacebookStore	0x0600010D	RUNTIME_DISPATCH		EXACT	lookup(receiver, interface class, slot) reaches the dispatch pointer; slot = Il2CppMethodDefinition.slot
UnityEngine.Purchasing.FileReference::CreateInstance	CALL	util @ X2 (Uniject.IUtil)	Type: Uniject.IUtil	1	Uniject.IUtil::get_persistentDataPath	0x06000002	RUNTIME_DISPATCH		EXACT	lookup(receiver, interface class, slot) reaches the dispatch pointer; slot = Il2CppMethodDefinition.slot
UnityEngine.Purchasing.FileReference::CreateInstance	CALL	util @ X2 (Uniject.IUtil)	Type: Uniject.IUtil	2	Uniject.IUtil::get_cloudProjectId	0x06000003	RUNTIME_DISPATCH		EXACT	lookup(receiver, interface class, slot) reaches the dispatch pointer; slot = Il2CppMethodDefinition.slot
Mono.Security.Protocol.Ntlm.ChallengeResponse::GetResponse	CALL	v168 @ X0_v15 (System.Security.Cryptography.ICryptoTransform)	Type: System.Security.Cryptography.ICryptoTransform	4	System.Security.Cryptography.ICryptoTransform::TransformBlock	0x06001EE5	RUNTIME_DISPATCH		EXACT	lookup(receiver, interface class, slot) reaches the dispatch pointer; slot = Il2CppMethodDefinition.slot
Mono.Security.Protocol.Ntlm.ChallengeResponse::GetResponse	CALL	v169 @ X0_v23 (System.Security.Cryptography.ICryptoTransform)	Type: System.Security.Cryptography.ICryptoTransform	4	System.Security.Cryptography.ICryptoTransform::TransformBlock	0x06001EE5	RUNTIME_DISPATCH		EXACT	lookup(receiver, interface class, slot) reaches the dispatch pointer; slot = Il2CppMethodDefinition.slot
Mono.Security.Protocol.Ntlm.ChallengeResponse::GetResponse	CALL	v170 @ X0_v31 (System.Security.Cryptography.ICryptoTransform)	Type: System.Security.Cryptography.ICryptoTransform	4	System.Security.Cryptography.ICryptoTransform::TransformBlock	0x06001EE5	RUNTIME_DISPATCH		EXACT	lookup(receiver, interface class, slot) reaches the dispatch pointer; slot = Il2CppMethodDefinition.slot
UnityEngine.Purchasing.SubscriptionManager::getAppleAppStoreSubInfo	CALL	v575 @ X22_v17 (UnityEngine.ILogger)	v565 @ X1_v24 (Il2CppClass<UnityEngine.ILogger>)	5	UnityEngine.ILogger::Log	0x060003C2	RUNTIME_DISPATCH		EXACT	lookup(receiver, interface class, slot) reaches the dispatch pointer; slot = Il2CppMethodDefinition.slot
Mono.Security.Protocol.Ntlm.ChallengeResponse2::Compute_LM	CALL	v151 @ X0_v52 (System.Security.Cryptography.ICryptoTransform)	Type: System.Security.Cryptography.ICryptoTransform	4	System.Security.Cryptography.ICryptoTransform::TransformBlock	0x06001EE5	RUNTIME_DISPATCH		EXACT	lookup(receiver, interface class, slot) reaches the dispatch pointer; slot = Il2CppMethodDefinition.slot
Mono.Security.Protocol.Ntlm.ChallengeResponse2::Compute_LM	CALL	v152 @ X0_v32 (System.Security.Cryptography.ICryptoTransform)	Type: System.Security.Cryptography.ICryptoTransform	4	System.Security.Cryptography.ICryptoTransform::TransformBlock	0x06001EE5	RUNTIME_DISPATCH		EXACT	lookup(receiver, interface class, slot) reaches the dispatch pointer; slot = Il2CppMethodDefinition.slot
AppMetrica::Start	TAIL	v49 @ X0_v4 (IYandexAppMetrica)	Type: IYandexAppMetrica	4	IYandexAppMetrica::ResumeSession	0x06000029	RUNTIME_DISPATCH		EXACT	lookup(receiver, interface class, slot) reaches the dispatch pointer; slot = Il2CppMethodDefinition.slot
AppMetrica::OnApplicationPause	TAIL	v312 @ X19_v4 (IYandexAppMetrica)	v252 @ X1_v4 (Il2CppClass<IYandexAppMetrica>)	v241 @ X2_v3 (System.Int32)			RUNTIME_DISPATCH		UNRESOLVED	METHOD_POINTER:TYPED_CLASS_LOCAL:SLOT_NAMES_NO_METHOD	
AppMetrica::ProcessCrashReports	CALL	v266 @ X0_v19 (IYandexAppMetrica)	Type: IYandexAppMetrica	8	IYandexAppMetrica::ReportError	0x0600002D	RUNTIME_DISPATCH		EXACT	lookup(receiver, interface class, slot) reaches the dispatch pointer; slot = Il2CppMethodDefinition.slot
AppMetrica::HandleLog	TAIL	v74 @ X0_v4 (IYandexAppMetrica)	Type: IYandexAppMetrica	8	IYandexAppMetrica::ReportError	0x0600002D	RUNTIME_DISPATCH		EXACT	lookup(receiver, interface class, slot) reaches the dispatch pointer; slot = Il2CppMethodDefinition.slot
IronSource::setAge	TAIL	v42 @ X20_v2 (IronSourceIAgent)	Type: IronSourceIAgent	1	IronSourceIAgent::setAge	0x06000143	RUNTIME_DISPATCH		EXACT	lookup(receiver, interface class, slot) reaches the dispatch pointer; slot = Il2CppMethodDefinition.slot
IronSource::setGender	TAIL	v216 @ X19_v6 (IronSourceIAgent)	v208 @ X1_v6 (Il2CppClass<IronSourceIAgent>)	2	IronSourceIAgent::setGender	0x06000144	RUNTIME_DISPATCH		EXACT	lookup(receiver, interface class, slot) reaches the dispatch pointer; slot = Il2CppMethodDefinition.slot
IronSource::setMediationSegment	TAIL	v42 @ X20_v2 (IronSourceIAgent)	Type: IronSourceIAgent	3	IronSourceIAgent::setMediationSegment	0x06000145	RUNTIME_DISPATCH		EXACT	lookup(receiver, interface class, slot) reaches the dispatch pointer; slot = Il2CppMethodDefinition.slot
IronSource::getAdvertiserId	TAIL	v39 @ X19_v2 (IronSourceIAgent)	Type: IronSourceIAgent	4	IronSourceIAgent::getAdvertiserId	0x06000146	RUNTIME_DISPATCH		EXACT	lookup(receiver, interface class, slot) reaches the dispatch pointer; slot = Il2CppMethodDefinition.slot
IronSource::shouldTrackNetworkState	TAIL	v42 @ X20_v2 (IronSourceIAgent)	Type: IronSourceIAgent	6	IronSourceIAgent::shouldTrackNetworkState	0x06000148	RUNTIME_DISPATCH		EXACT	lookup(receiver, interface class, slot) reaches the dispatch pointer; slot = Il2CppMethodDefinition.slot
IronSource::setDynamicUserId	TAIL	v42 @ X20_v2 (IronSourceIAgent)	Type: IronSourceIAgent	7	IronSourceIAgent::setDynamicUserId	0x06000149	RUNTIME_DISPATCH		EXACT	lookup(receiver, interface class, slot) reaches the dispatch pointer; slot = Il2CppMethodDefinition.slot
IronSource::setAdaptersDebug	TAIL	v42 @ X20_v2 (IronSourceIAgent)	Type: IronSourceIAgent	8	IronSourceIAgent::setAdaptersDebug	0x0600014A	RUNTIME_DISPATCH		EXACT	lookup(receiver, interface class, slot) reaches the dispatch pointer; slot = Il2CppMethodDefinition.slot
IronSource::init	TAIL	v45 @ X21_v2 (IronSourceIAgent)	Type: IronSourceIAgent	12	IronSourceIAgent::init	0x0600014E	RUNTIME_DISPATCH		EXACT	lookup(receiver, interface class, slot) reaches the dispatch pointer; slot = Il2CppMethodDefinition.slot
IronSource::showRewardedVideo	TAIL	v39 @ X19_v2 (IronSourceIAgent)	Type: IronSourceIAgent	14	IronSourceIAgent::showRewardedVideo	0x06000150	RUNTIME_DISPATCH		EXACT	lookup(receiver, interface class, slot) reaches the dispatch pointer; slot = Il2CppMethodDefinition.slot
IronSource::showRewardedVideo	TAIL	v42 @ X20_v2 (IronSourceIAgent)	Type: IronSourceIAgent	15	IronSourceIAgent::showRewardedVideo	0x06000151	RUNTIME_DISPATCH		EXACT	lookup(receiver, interface class, slot) reaches the dispatch pointer; slot = Il2CppMethodDefinition.slot
IronSource::isRewardedVideoAvailable	TAIL	v39 @ X19_v2 (IronSourceIAgent)	Type: IronSourceIAgent	16	IronSourceIAgent::isRewardedVideoAvailable	0x06000152	RUNTIME_DISPATCH		EXACT	lookup(receiver, interface class, slot) reaches the dispatch pointer; slot = Il2CppMethodDefinition.slot
IronSource::loadInterstitial	TAIL	v39 @ X19_v2 (IronSourceIAgent)	Type: IronSourceIAgent	24	IronSourceIAgent::loadInterstitial	0x0600015A	RUNTIME_DISPATCH		EXACT	lookup(receiver, interface class, slot) reaches the dispatch pointer; slot = Il2CppMethodDefinition.slot
AppMetrica::SetupMetrica	CALL	v119 @ X0_v14 (IYandexAppMetrica)	Type: IYandexAppMetrica	3	IYandexAppMetrica::ActivateWithConfiguration	0x06000028	RUNTIME_DISPATCH		EXACT	lookup(receiver, interface class, slot) reaches the dispatch pointer; slot = Il2CppMethodDefinition.slot
YMMJSONUtils.JSONEncoder::EncodeDictionary	CALL	d @ X1 (System.Collections.IDictionary)	Type: System.Collections.IDictionary	3	System.Collections.IDictionary::GetEnumerator	0x060028D7	RUNTIME_DISPATCH		EXACT	lookup(receiver, interface class, slot) reaches the dispatch pointer; slot = Il2CppMethodDefinition.slot
YMMJSONUtils.JSONEncoder::EncodeDictionary	CALL	v333 @ X0_v32 (System.Collections.IEnumerator)	Type: System.Collections.IEnumerator	1	System.Collections.IEnumerator::get_Current	0x060028DD	RUNTIME_DISPATCH		EXACT	lookup(receiver, interface class, slot) reaches the dispatch pointer; slot = Il2CppMethodDefinition.slot
YMMJSONUtils.JSONEncoder::EncodeEnumerable	CALL	v299 @ X0_v32 (System.Collections.IEnumerator)	Type: System.Collections.IEnumerator	1	System.Collections.IEnumerator::get_Current	0x060028DD	RUNTIME_DISPATCH		EXACT	lookup(receiver, interface class, slot) reaches the dispatch pointer; slot = Il2CppMethodDefinition.slot
EasyMobile.RuntimeManager::EnableUnityDebugLog	TAIL	v53 @ X0_v5 (UnityEngine.ILogger)	Type: UnityEngine.ILogger	1	UnityEngine.ILogger::set_logEnabled	0x060003BE	RUNTIME_DISPATCH		EXACT	lookup(receiver, interface class, slot) reaches the dispatch pointer; slot = Il2CppMethodDefinition.slot
EasyMobile.Advertising::LoadAllInterstitialAds	CALL	v389 @ stack_-C0 (EasyMobile.IAdClient)	Type: EasyMobile.IAdClient	32	EasyMobile.IAdClient::get_DefinedCustomInterstitialAdPlacements	0x06000200	RUNTIME_DISPATCH		EXACT	lookup(receiver, interface class, slot) reaches the dispatch pointer; slot = Il2CppMethodDefinition.slot
EasyMobile.Advertising::LoadAllInterstitialAds	CALL	v389 @ stack_-C0 (EasyMobile.IAdClient)	Type: EasyMobile.IAdClient	7	EasyMobile.IAdClient::IsValidPlacement	0x060001E7	RUNTIME_DISPATCH		EXACT	lookup(receiver, interface class, slot) reaches the dispatch pointer; slot = Il2CppMethodDefinition.slot
EasyMobile.Advertising::GetAvailableNetworks	CALL	v101 @ X0_v41 (System.Collections.IEnumerator)	Type: System.Collections.IEnumerator	1	System.Collections.IEnumerator::get_Current	0x060028DD	RUNTIME_DISPATCH		EXACT	lookup(receiver, interface class, slot) reaches the dispatch pointer; slot = Il2CppMethodDefinition.slot
EasyMobile.Advertising::HideBannerAd	CALL	client @ X0 (EasyMobile.IAdClient)	Type: EasyMobile.IAdClient	12	EasyMobile.IAdClient::HideBannerAd	0x060001EC	RUNTIME_DISPATCH		EXACT	lookup(receiver, interface class, slot) reaches the dispatch pointer; slot = Il2CppMethodDefinition.slot
EasyMobile.Advertising::IsRewardedAdReady	TAIL	client @ X0 (EasyMobile.IAdClient)	Type: EasyMobile.IAdClient	30	EasyMobile.IAdClient::IsRewardedAdReady	0x060001FE	RUNTIME_DISPATCH		EXACT	lookup(receiver, interface class, slot) reaches the dispatch pointer; slot = Il2CppMethodDefinition.slot
EasyMobile.Advertising::ShowRewardedAd	TAIL	client @ X0 (EasyMobile.IAdClient)	Type: EasyMobile.IAdClient	31	EasyMobile.IAdClient::ShowRewardedAd	0x060001FF	RUNTIME_DISPATCH		EXACT	lookup(receiver, interface class, slot) reaches the dispatch pointer; slot = Il2CppMethodDefinition.slot
EasyMobile.Advertising::GrantAllNetworksDataPrivacyConsent	CALL	v83 @ X0_v29 (System.Collections.IEnumerator)	Type: System.Collections.IEnumerator	1	System.Collections.IEnumerator::get_Current	0x060028DD	RUNTIME_DISPATCH		EXACT	lookup(receiver, interface class, slot) reaches the dispatch pointer; slot = Il2CppMethodDefinition.slot
EasyMobile.Advertising::RevokeAllNetworksDataPrivacyConsent	CALL	v83 @ X0_v29 (System.Collections.IEnumerator)	Type: System.Collections.IEnumerator	1	System.Collections.IEnumerator::get_Current	0x060028DD	RUNTIME_DISPATCH		EXACT	lookup(receiver, interface class, slot) reaches the dispatch pointer; slot = Il2CppMethodDefinition.slot
EasyMobile.AppLifecycleManager::OnApplicationPause	TAIL	v53 @ X20_v4 (EasyMobile.Internal.IAppLifecycleHandler)	Type: EasyMobile.Internal.IAppLifecycleHandler	1	EasyMobile.Internal.IAppLifecycleHandler::OnApplicationPause	0x060006E1	RUNTIME_DISPATCH		EXACT	lookup(receiver, interface class, slot) reaches the dispatch pointer; slot = Il2CppMethodDefinition.slot
EasyMobile.Advertising+<CRAutoLoadDefaultAds>d__121::MoveNext	CALL	v284 @ X0_v19 (System.Collections.IEnumerator)	Type: System.Collections.IEnumerator	1	System.Collections.IEnumerator::get_Current	0x060028DD	RUNTIME_DISPATCH		EXACT	lookup(receiver, interface class, slot) reaches the dispatch pointer; slot = Il2CppMethodDefinition.slot
EasyMobile.AppLifecycleManager::OnApplicationQuit	TAIL	v50 @ X19_v4 (EasyMobile.Internal.IAppLifecycleHandler)	Type: EasyMobile.Internal.IAppLifecycleHandler	2	EasyMobile.Internal.IAppLifecycleHandler::OnApplicationQuit	0x060006E2	RUNTIME_DISPATCH		EXACT	lookup(receiver, interface class, slot) reaches the dispatch pointer; slot = Il2CppMethodDefinition.slot
EasyMobile.GameServices::IsInitialized	TAIL	v37 @ X0_v3 (UnityEngine.SocialPlatforms.ILocalUser)	Type: UnityEngine.SocialPlatforms.ILocalUser	2	UnityEngine.SocialPlatforms.ILocalUser::get_authenticated	0x06000061	RUNTIME_DISPATCH		EXACT	lookup(receiver, interface class, slot) reaches the dispatch pointer; slot = Il2CppMethodDefinition.slot
EasyMobile.Gif::PlayClip	TAIL	player @ X0 (EasyMobile.IClipPlayer)	Type: EasyMobile.IClipPlayer	2	EasyMobile.IClipPlayer::Play	0x06000477	RUNTIME_DISPATCH		EXACT	lookup(receiver, interface class, slot) reaches the dispatch pointer; slot = Il2CppMethodDefinition.slot
EasyMobile.Gif::PausePlayer	TAIL	player @ X0 (EasyMobile.IClipPlayer)	Type: EasyMobile.IClipPlayer	3	EasyMobile.IClipPlayer::Pause	0x06000478	RUNTIME_DISPATCH		EXACT	lookup(receiver, interface class, slot) reaches the dispatch pointer; slot = Il2CppMethodDefinition.slot
EasyMobile.Gif::ResumePlayer	TAIL	player @ X0 (EasyMobile.IClipPlayer)	Type: EasyMobile.IClipPlayer	4	EasyMobile.IClipPlayer::Resume	0x06000479	RUNTIME_DISPATCH		EXACT	lookup(receiver, interface class, slot) reaches the dispatch pointer; slot = Il2CppMethodDefinition.slot
EasyMobile.GameServices::LoadFriends	CALL	v177 @ X0_v21 (UnityEngine.SocialPlatforms.ILocalUser)	Type: UnityEngine.SocialPlatforms.ILocalUser	1	UnityEngine.SocialPlatforms.ILocalUser::get_friends	0x06000060	RUNTIME_DISPATCH		EXACT	lookup(receiver, interface class, slot) reaches the dispatch pointer; slot = Il2CppMethodDefinition.slot
EasyMobile.GameServices::LoadFriends	CALL	v178 @ X0_v36 (UnityEngine.SocialPlatforms.ILocalUser)	Type: UnityEngine.SocialPlatforms.ILocalUser	1	UnityEngine.SocialPlatforms.ILocalUser::get_friends	0x06000060	RUNTIME_DISPATCH		EXACT	lookup(receiver, interface class, slot) reaches the dispatch pointer; slot = Il2CppMethodDefinition.slot
EasyMobile.GameServices::LoadFriends	CALL	v179 @ X0_v41 (UnityEngine.SocialPlatforms.ILocalUser)	Type: UnityEngine.SocialPlatforms.ILocalUser	1	UnityEngine.SocialPlatforms.ILocalUser::get_friends	0x06000060	RUNTIME_DISPATCH		EXACT	lookup(receiver, interface class, slot) reaches the dispatch pointer; slot = Il2CppMethodDefinition.slot
EasyMobile.InAppPurchasing::PurchaseWithId	TAIL	v157 @ X20_v8 (UnityEngine.Purchasing.IStoreController)	Type: UnityEngine.Purchasing.IStoreController	2	UnityEngine.Purchasing.IStoreController::InitiatePurchase	0x06000019	RUNTIME_DISPATCH		EXACT	lookup(receiver, interface class, slot) reaches the dispatch pointer; slot = Il2CppMethodDefinition.slot
EasyMobile.DeviceContacts::GetContacts	TAIL	v147 @ X0_v8 (EasyMobile.Internal.NativeAPIs.Contacts.INativeContactsProvider)	Type: EasyMobile.Internal.NativeAPIs.Contacts.INativeContactsProvider	1	EasyMobile.Internal.NativeAPIs.Contacts.INativeContactsProvider::GetContacts	0x060008DB	RUNTIME_DISPATCH		EXACT	lookup(receiver, interface class, slot) reaches the dispatch pointer; slot = Il2CppMethodDefinition.slot
EasyMobile.DeviceContacts::AddContact	TAIL	v60 @ X0_v5 (EasyMobile.Internal.NativeAPIs.Contacts.INativeContactsProvider)	Type: EasyMobile.Internal.NativeAPIs.Contacts.INativeContactsProvider	2	EasyMobile.Internal.NativeAPIs.Contacts.INativeContactsProvider::AddContact	0x060008DC	RUNTIME_DISPATCH		EXACT	lookup(receiver, interface class, slot) reaches the dispatch pointer; slot = Il2CppMethodDefinition.slot
EasyMobile.DeviceContacts::DeleteContact	TAIL	v60 @ X0_v5 (EasyMobile.Internal.NativeAPIs.Contacts.INativeContactsProvider)	Type: EasyMobile.Internal.NativeAPIs.Contacts.INativeContactsProvider	3	EasyMobile.Internal.NativeAPIs.Contacts.INativeContactsProvider::DeleteContact	0x060008DD	RUNTIME_DISPATCH		EXACT	lookup(receiver, interface class, slot) reaches the dispatch pointer; slot = Il2CppMethodDefinition.slot
EasyMobile.InAppPurchasing::SetSimulateAppleAskToBuy	TAIL	v75 @ X20_v4 (UnityEngine.Purchasing.IAppleExtensions)	Type: UnityEngine.Purchasing.IAppleExtensions	3	UnityEngine.Purchasing.IAppleExtensions::set_simulateAskToBuy	0x06000105	RUNTIME_DISPATCH		EXACT	lookup(receiver, interface class, slot) reaches the dispatch pointer; slot = Il2CppMethodDefinition.slot
EasyMobile.InAppPurchasing::ContinueApplePromotionalPurchases	TAIL	v71 @ X19_v4 (UnityEngine.Purchasing.IAppleExtensions)	Type: UnityEngine.Purchasing.IAppleExtensions	6	UnityEngine.Purchasing.IAppleExtensions::ContinuePromotionalPurchases	0x06000108	RUNTIME_DISPATCH		EXACT	lookup(receiver, interface class, slot) reaches the dispatch pointer; slot = Il2CppMethodDefinition.slot
EasyMobile.DeviceContacts::PickContact	TAIL	v52 @ X0_v4 (EasyMobile.Internal.NativeAPIs.Contacts.INativeContactsProvider)	Type: EasyMobile.Internal.NativeAPIs.Contacts.INativeContactsProvider	4	EasyMobile.Internal.NativeAPIs.Contacts.INativeContactsProvider::PickContact	0x060008DE	RUNTIME_DISPATCH		EXACT	lookup(receiver, interface class, slot) reaches the dispatch pointer; slot = Il2CppMethodDefinition.slot
EasyMobile.InAppPurchasing::SetAppleStorePromotionOrder	TAIL	v392 @ X20_v6 (UnityEngine.Purchasing.IAppleExtensions)	Type: UnityEngine.Purchasing.IAppleExtensions	4	UnityEngine.Purchasing.IAppleExtensions::SetStorePromotionOrder	0x06000106	RUNTIME_DISPATCH		EXACT	lookup(receiver, interface class, slot) reaches the dispatch pointer; slot = Il2CppMethodDefinition.slot
EasyMobile.Notifications::ScheduleLocalNotification	CALL	v59 @ X0_v5 (EasyMobile.Internal.Notifications.ILocalNotificationClient)	Type: EasyMobile.Internal.Notifications.ILocalNotificationClient	2	EasyMobile.Internal.Notifications.ILocalNotificationClient::ScheduleLocalNotification	0x0600088D	RUNTIME_DISPATCH		EXACT	lookup(receiver, interface class, slot) reaches the dispatch pointer; slot = Il2CppMethodDefinition.slot
EasyMobile.Notifications::ScheduleLocalNotification	CALL	v59 @ X0_v5 (EasyMobile.Internal.Notifications.ILocalNotificationClient)	Type: EasyMobile.Internal.Notifications.ILocalNotificationClient	3	EasyMobile.Internal.Notifications.ILocalNotificationClient::ScheduleLocalNotification	0x0600088E	RUNTIME_DISPATCH		EXACT	lookup(receiver, interface class, slot) reaches the dispatch pointer; slot = Il2CppMethodDefinition.slot
EasyMobile.Notifications::ScheduleLocalNotification	CALL	v62 @ X0_v5 (EasyMobile.Internal.Notifications.ILocalNotificationClient)	Type: EasyMobile.Internal.Notifications.ILocalNotificationClient	4	EasyMobile.Internal.Notifications.ILocalNotificationClient::ScheduleLocalNotification	0x0600088F	RUNTIME_DISPATCH		EXACT	lookup(receiver, interface class, slot) reaches the dispatch pointer; slot = Il2CppMethodDefinition.slot
EasyMobile.Notifications::CancelPendingLocalNotification	TAIL	v52 @ X0_v4 (EasyMobile.Internal.Notifications.ILocalNotificationClient)	Type: EasyMobile.Internal.Notifications.ILocalNotificationClient	6	EasyMobile.Internal.Notifications.ILocalNotificationClient::CancelPendingLocalNotification	0x06000891	RUNTIME_DISPATCH		EXACT	lookup(receiver, interface class, slot) reaches the dispatch pointer; slot = Il2CppMethodDefinition.slot
EasyMobile.Notifications::CancelAllPendingLocalNotifications	TAIL	v49 @ X0_v4 (EasyMobile.Internal.Notifications.ILocalNotificationClient)	Type: EasyMobile.Internal.Notifications.ILocalNotificationClient	7	EasyMobile.Internal.Notifications.ILocalNotificationClient::CancelAllPendingLocalNotifications	0x06000892	RUNTIME_DISPATCH		EXACT	lookup(receiver, interface class, slot) reaches the dispatch pointer; slot = Il2CppMethodDefinition.slot
EasyMobile.Notifications::ClearAllDeliveredNotifications	TAIL	v49 @ X0_v4 (EasyMobile.Internal.Notifications.ILocalNotificationClient)	Type: EasyMobile.Internal.Notifications.ILocalNotificationClient	8	EasyMobile.Internal.Notifications.ILocalNotificationClient::RemoveAllDeliveredNotifications	0x06000893	RUNTIME_DISPATCH		EXACT	lookup(receiver, interface class, slot) reaches the dispatch pointer; slot = Il2CppMethodDefinition.slot
EasyMobile.InAppPurchasing::GetPurchaseReceipt	CALL	v125[v280 @ X22_v7 (System.Int32)]	Type: UnityEngine.Purchasing.Security.IPurchaseReceipt	1	UnityEngine.Purchasing.Security.IPurchaseReceipt::get_productID	0x0600007E	RUNTIME_DISPATCH		EXACT	lookup(receiver, interface class, slot) reaches the dispatch pointer; slot = Il2CppMethodDefinition.slot
EasyMobile.InAppPurchasing::GetSubscriptionInfo	CALL	v569 @ X20_v12 (UnityEngine.Purchasing.IAppleExtensions)	Type: UnityEngine.Purchasing.IAppleExtensions	7	UnityEngine.Purchasing.IAppleExtensions::GetIntroductoryPriceDictionary	0x06000109	RUNTIME_DISPATCH		EXACT	lookup(receiver, interface class, slot) reaches the dispatch pointer; slot = Il2CppMethodDefinition.slot
EasyMobile.InAppPurchasing::ValidateReceipt	CALL	v160[v328 @ X23_v7 (System.Int32)]	Type: UnityEngine.Purchasing.Security.IPurchaseReceipt	1	UnityEngine.Purchasing.Security.IPurchaseReceipt::get_productID	0x0600007E	RUNTIME_DISPATCH		EXACT	lookup(receiver, interface class, slot) reaches the dispatch pointer; slot = Il2CppMethodDefinition.slot
EasyMobile.InAppPurchasing::ValidateReceipt	CALL	v160[v328 @ X23_v7 (System.Int32)]	Type: UnityEngine.Purchasing.Security.IPurchaseReceipt	2	UnityEngine.Purchasing.Security.IPurchaseReceipt::get_purchaseDate	0x0600007F	RUNTIME_DISPATCH		EXACT	lookup(receiver, interface class, slot) reaches the dispatch pointer; slot = Il2CppMethodDefinition.slot
EasyMobile.ConsentDialog::SetButtonInteractable	TAIL	v147 @ X0_v9 (EasyMobile.Internal.Privacy.IPlatformConsentDialog)	Type: EasyMobile.Internal.Privacy.IPlatformConsentDialog	8	EasyMobile.Internal.Privacy.IPlatformConsentDialog::SetButtonInteractable	0x0600084F	RUNTIME_DISPATCH		EXACT	lookup(receiver, interface class, slot) reaches the dispatch pointer; slot = Il2CppMethodDefinition.slot
EasyMobile.GameServices::DoNextLoadScoreRequest	CALL	v372 @ X0_v15 (UnityEngine.SocialPlatforms.ILeaderboard)	Type: UnityEngine.SocialPlatforms.ILeaderboard	2	UnityEngine.SocialPlatforms.ILeaderboard::set_id	0x06000066	RUNTIME_DISPATCH		EXACT	lookup(receiver, interface class, slot) reaches the dispatch pointer; slot = Il2CppMethodDefinition.slot
EasyMobile.GameServices::DoNextLoadScoreRequest	CALL	v333 @ X20_v6 (UnityEngine.SocialPlatforms.ILeaderboard)	Type: UnityEngine.SocialPlatforms.ILeaderboard	1	UnityEngine.SocialPlatforms.ILeaderboard::get_id	0x06000065	RUNTIME_DISPATCH		EXACT	lookup(receiver, interface class, slot) reaches the dispatch pointer; slot = Il2CppMethodDefinition.slot
EasyMobile.GameServices::DoNextLoadScoreRequest	CALL	v335 @ X20_v7 (UnityEngine.SocialPlatforms.ILeaderboard)	Type: UnityEngine.SocialPlatforms.ILeaderboard	3	UnityEngine.SocialPlatforms.ILeaderboard::set_userScope	0x06000067	RUNTIME_DISPATCH		EXACT	lookup(receiver, interface class, slot) reaches the dispatch pointer; slot = Il2CppMethodDefinition.slot
EasyMobile.GameServices::DoNextLoadScoreRequest	CALL	v334 @ X20_v10 (UnityEngine.SocialPlatforms.ILeaderboard)	Type: UnityEngine.SocialPlatforms.ILeaderboard	4	UnityEngine.SocialPlatforms.ILeaderboard::set_range	0x06000068	RUNTIME_DISPATCH		EXACT	lookup(receiver, interface class, slot) reaches the dispatch pointer; slot = Il2CppMethodDefinition.slot
EasyMobile.InAppPurchasing+StoreListener::OnInitialized	CALL	v244 @ X19_v11 (UnityEngine.Purchasing.IAppleExtensions)	Type: UnityEngine.Purchasing.IAppleExtensions	3	UnityEngine.Purchasing.IAppleExtensions::set_simulateAskToBuy	0x06000105	RUNTIME_DISPATCH		EXACT	lookup(receiver, interface class, slot) reaches the dispatch pointer; slot = Il2CppMethodDefinition.slot
EasyMobile.GameServices+<>c__DisplayClass30_0::<LoadFriends>b__0	CALL	v48 @ X0_v7 (UnityEngine.SocialPlatforms.ILocalUser)	Type: UnityEngine.SocialPlatforms.ILocalUser	1	UnityEngine.SocialPlatforms.ILocalUser::get_friends	0x06000060	RUNTIME_DISPATCH		EXACT	lookup(receiver, interface class, slot) reaches the dispatch pointer; slot = Il2CppMethodDefinition.slot
EasyMobile.ConsentDialog::Show	TAIL	v121 @ X0_v10 (EasyMobile.Internal.Privacy.IPlatformConsentDialog)	Type: EasyMobile.Internal.Privacy.IPlatformConsentDialog	7	EasyMobile.Internal.Privacy.IPlatformConsentDialog::Show	0x0600084E	RUNTIME_DISPATCH		EXACT	lookup(receiver, interface class, slot) reaches the dispatch pointer; slot = Il2CppMethodDefinition.slot
EasyMobile.ConsentDialog::IndexesOf	CALL	v78 @ X0_v31 (System.Collections.IEnumerator)	Type: System.Collections.IEnumerator	1	System.Collections.IEnumerator::get_Current	0x060028DD	RUNTIME_DISPATCH		EXACT	lookup(receiver, interface class, slot) reaches the dispatch pointer; slot = Il2CppMethodDefinition.slot
EasyMobile.GameServices+<>c__DisplayClass42_0::<DoNextLoadScoreRequest>b__1	CALL	v50 @ X21_v8 (UnityEngine.SocialPlatforms.ILeaderboard)	Type: UnityEngine.SocialPlatforms.ILeaderboard	6	UnityEngine.SocialPlatforms.ILeaderboard::get_localUserScore	0x0600006A	RUNTIME_DISPATCH		EXACT	lookup(receiver, interface class, slot) reaches the dispatch pointer; slot = Il2CppMethodDefinition.slot
EasyMobile.GameServices+<>c__DisplayClass42_0::<DoNextLoadScoreRequest>b__1	CALL	v53 @ X21_v7 (UnityEngine.SocialPlatforms.ILeaderboard)	Type: UnityEngine.SocialPlatforms.ILeaderboard	7	UnityEngine.SocialPlatforms.ILeaderboard::get_scores	0x0600006B	RUNTIME_DISPATCH		EXACT	lookup(receiver, interface class, slot) reaches the dispatch pointer; slot = Il2CppMethodDefinition.slot
EasyMobile.ConsentDialog::SearchPatternInContent	CALL	v263 @ X0_v34 (System.Collections.IEnumerator)	Type: System.Collections.IEnumerator	1	System.Collections.IEnumerator::get_Current	0x060028DD	RUNTIME_DISPATCH		EXACT	lookup(receiver, interface class, slot) reaches the dispatch pointer; slot = Il2CppMethodDefinition.slot
EasyMobile.ConsentDialog+<GetAllUrlsInContent>d__57::MoveNext	CALL	v214 @ X20_v6	Type: System.Collections.IEnumerator	1	System.Collections.IEnumerator::get_Current	0x060028DD	RUNTIME_DISPATCH		EXACT	lookup(receiver, interface class, slot) reaches the dispatch pointer; slot = Il2CppMethodDefinition.slot
EasyMobile.EEACountriesExtension::IsEEACountry	CALL	v344 @ X0_v36 (System.Collections.IEnumerator)	Type: System.Collections.IEnumerator	1	System.Collections.IEnumerator::get_Current	0x060028DD	RUNTIME_DISPATCH		EXACT	lookup(receiver, interface class, slot) reaches the dispatch pointer; slot = Il2CppMethodDefinition.slot
EasyMobile.MiniJSON.Json+Serializer::SerializeObject	CALL	obj @ X1 (System.Collections.IDictionary)	Type: System.Collections.IDictionary	2	System.Collections.IDictionary::get_Keys	0x060028D6	RUNTIME_DISPATCH		EXACT	lookup(receiver, interface class, slot) reaches the dispatch pointer; slot = Il2CppMethodDefinition.slot
EasyMobile.MiniJSON.Json+Serializer::SerializeObject	CALL	v333 @ X0_v35 (System.Collections.IEnumerator)	Type: System.Collections.IEnumerator	1	System.Collections.IEnumerator::get_Current	0x060028DD	RUNTIME_DISPATCH		EXACT	lookup(receiver, interface class, slot) reaches the dispatch pointer; slot = Il2CppMethodDefinition.slot
EasyMobile.Sharing::ShareURL	TAIL	v42 @ X0_v2 (EasyMobile.Internal.Sharing.ISharingClient)	Type: EasyMobile.Internal.Sharing.ISharingClient	1	EasyMobile.Internal.Sharing.ISharingClient::ShareURL	0x060007A1	RUNTIME_DISPATCH		EXACT	lookup(receiver, interface class, slot) reaches the dispatch pointer; slot = Il2CppMethodDefinition.slot
EasyMobile.MiniJSON.Json+Serializer::SerializeArray	CALL	v299 @ X0_v32 (System.Collections.IEnumerator)	Type: System.Collections.IEnumerator	1	System.Collections.IEnumerator::get_Current	0x060028DD	RUNTIME_DISPATCH		EXACT	lookup(receiver, interface class, slot) reaches the dispatch pointer; slot = Il2CppMethodDefinition.slot
EasyMobile.Sharing::ShareImage	TAIL	v45 @ X0_v2 (EasyMobile.Internal.Sharing.ISharingClient)	Type: EasyMobile.Internal.Sharing.ISharingClient	2	EasyMobile.Internal.Sharing.ISharingClient::ShareImage	0x060007A2	RUNTIME_DISPATCH		EXACT	lookup(receiver, interface class, slot) reaches the dispatch pointer; slot = Il2CppMethodDefinition.slot
EasyMobile.Internal.Notifications.AndroidLocalNotificationClient::Init	CALL	listener @ X2 (EasyMobile.Internal.Notifications.INotificationListener)	Type: EasyMobile.Internal.Notifications.INotificationListener	4	EasyMobile.Internal.Notifications.INotificationListener::get_Name	0x06000875	RUNTIME_DISPATCH		EXACT	lookup(receiver, interface class, slot) reaches the dispatch pointer; slot = Il2CppMethodDefinition.slot
EasyMobile.Internal.Notifications.AndroidLocalNotificationClient::Init	CALL	listener @ X2 (EasyMobile.Internal.Notifications.INotificationListener)	Type: EasyMobile.Internal.Notifications.INotificationListener	6	EasyMobile.Internal.Notifications.INotificationListener::get_NativeNotificationFromBackgroundHandler	0x06000877	RUNTIME_DISPATCH		EXACT	lookup(receiver, interface class, slot) reaches the dispatch pointer; slot = Il2CppMethodDefinition.slot
EasyMobile.Internal.SerializableDictionaryBase`3::OnBeforeSerialize	CALL	&v219 @ stack_-98_v2 (Il2CppClass<System.Collections.Generic.Dictionary`2<T, U>+Enumerator<T, U>>)	Type: System.IDisposable	0	System.IDisposable::Dispose	0x06000921	RUNTIME_DISPATCH		EXACT	lookup(receiver, interface class, slot) reaches the dispatch pointer; slot = Il2CppMethodDefinition.slot
EasyMobile.Internal.InteropObject::HasSamePointerWith	CALL	other @ X1 (EasyMobile.Internal.IInteropObject)	Type: EasyMobile.Internal.IInteropObject	3	EasyMobile.Internal.IInteropObject::ToPointer	0x06000782	RUNTIME_DISPATCH		EXACT	lookup(receiver, interface class, slot) reaches the dispatch pointer; slot = Il2CppMethodDefinition.slot
EasyMobile.Internal.Privacy.EditorConsentDialogClickableText::GetOutputText	CALL	v465 @ X21_v37 (System.Collections.IEnumerator)	v1311 @ X1_v48	1	System.Collections.IEnumerator::get_Current	0x060028DD	RUNTIME_DISPATCH		EXACT	lookup(receiver, interface class, slot) reaches the dispatch pointer; slot = Il2CppMethodDefinition.slot
EasyMobile.Internal.RuntimeHelper::GetKeyForValue	CALL	dict @ X0 (System.Collections.Generic.IDictionary`2<TKey, TVal>)	Type: Il2CppClass<System.Collections.Generic.IEnumerable`1<System.Collections.Generic.KeyValuePair`2<TKey, TVal>>>	0	System.Collections.Generic.IEnumerable`1::GetEnumerator	0x06002AA2	RUNTIME_DISPATCH	System.Collections.Generic.KeyValuePair`2<TKey, TVal>	EXACT	lookup(receiver, interface class, slot) reaches the dispatch pointer; slot = Il2CppMethodDefinition.slot
EasyMobile.Internal.RuntimeHelper::GetKeyForValue	CALL	v215 @ X0_v23 (System.Collections.IEnumerator)	Type: Il2CppClass<System.Collections.Generic.IEnumerator`1<System.Collections.Generic.KeyValuePair`2<TKey, TVal>>>	0	System.Collections.Generic.IEnumerator`1::get_Current	0x06002AA3	RUNTIME_DISPATCH	System.Collections.Generic.KeyValuePair`2<TKey, TVal>	EXACT	lookup(receiver, interface class, slot) reaches the dispatch pointer; slot = Il2CppMethodDefinition.slot
GameAnalyticsSDK.Utilities.GA_MiniJSON+Serializer::SerializeObject	CALL	obj @ X1 (System.Collections.IDictionary)	Type: System.Collections.IDictionary	2	System.Collections.IDictionary::get_Keys	0x060028D6	RUNTIME_DISPATCH		EXACT	lookup(receiver, interface class, slot) reaches the dispatch pointer; slot = Il2CppMethodDefinition.slot
GameAnalyticsSDK.Utilities.GA_MiniJSON+Serializer::SerializeObject	CALL	v333 @ X0_v35 (System.Collections.IEnumerator)	Type: System.Collections.IEnumerator	1	System.Collections.IEnumerator::get_Current	0x060028DD	RUNTIME_DISPATCH		EXACT	lookup(receiver, interface class, slot) reaches the dispatch pointer; slot = Il2CppMethodDefinition.slot
GameAnalyticsSDK.Utilities.GA_MiniJSON+Serializer::SerializeArray	CALL	v299 @ X0_v32 (System.Collections.IEnumerator)	Type: System.Collections.IEnumerator	1	System.Collections.IEnumerator::get_Current	0x060028DD	RUNTIME_DISPATCH		EXACT	lookup(receiver, interface class, slot) reaches the dispatch pointer; slot = Il2CppMethodDefinition.slot
LunarConsolePlugin.LunarConsole::ShowConsole	TAIL	v39 @ X19_v2 (LunarConsolePlugin.LunarConsole+IPlatform)	Type: LunarConsolePlugin.LunarConsole+IPlatform	2	LunarConsolePlugin.LunarConsole+IPlatform::ShowConsole	0x0600016F	RUNTIME_DISPATCH		EXACT	lookup(receiver, interface class, slot) reaches the dispatch pointer; slot = Il2CppMethodDefinition.slot
LunarConsolePlugin.LunarConsole::HideConsole	TAIL	v39 @ X19_v2 (LunarConsolePlugin.LunarConsole+IPlatform)	Type: LunarConsolePlugin.LunarConsole+IPlatform	3	LunarConsolePlugin.LunarConsole+IPlatform::HideConsole	0x06000170	RUNTIME_DISPATCH		EXACT	lookup(receiver, interface class, slot) reaches the dispatch pointer; slot = Il2CppMethodDefinition.slot
LunarConsolePlugin.LunarConsole::ClearConsole	TAIL	v39 @ X19_v2 (LunarConsolePlugin.LunarConsole+IPlatform)	Type: LunarConsolePlugin.LunarConsole+IPlatform	4	LunarConsolePlugin.LunarConsole+IPlatform::ClearConsole	0x06000171	RUNTIME_DISPATCH		EXACT	lookup(receiver, interface class, slot) reaches the dispatch pointer; slot = Il2CppMethodDefinition.slot
LunarConsolePluginInternal.Iterator`1::Current	TAIL	v12 @ X19_v1 (System.Collections.Generic.IList`1<T>)	Type: Il2CppClass<System.Collections.Generic.IList`1<T>>	0	System.Collections.Generic.IList`1::get_Item	0x06002AA6	RUNTIME_DISPATCH	T	EXACT	lookup(receiver, interface class, slot) reaches the dispatch pointer; slot = Il2CppMethodDefinition.slot
LunarConsolePluginInternal.Iterator`1::get_Count	TAIL	v10 @ X19_v1 (System.Collections.Generic.IList`1<T>)	Type: Il2CppClass<System.Collections.Generic.ICollection`1<T>>	0	System.Collections.Generic.ICollection`1::get_Count	0x06002A93	RUNTIME_DISPATCH	T	EXACT	lookup(receiver, interface class, slot) reaches the dispatch pointer; slot = Il2CppMethodDefinition.slot
Morpeh.Filter::.ctor	CALL	v464[v326 @ stack_-78 (System.Int32)]	Type: Morpeh.IEntity	8	Morpeh.IEntity::Has	0x0600000E	RUNTIME_DISPATCH		EXACT	lookup(receiver, interface class, slot) reaches the dispatch pointer; slot = Il2CppMethodDefinition.slot
Morpeh.Filter::.ctor	CALL	v464[v326 @ stack_-78 (System.Int32)]	Type: Morpeh.IEntity	8	Morpeh.IEntity::Has	0x0600000E	RUNTIME_DISPATCH		EXACT	lookup(receiver, interface class, slot) reaches the dispatch pointer; slot = Il2CppMethodDefinition.slot
Morpeh.Filter::Update	CALL	v309[v305[v217 @ X21_v20 (System.Int32)]]	Type: Morpeh.IEntity	8	Morpeh.IEntity::Has	0x0600000E	RUNTIME_DISPATCH		EXACT	lookup(receiver, interface class, slot) reaches the dispatch pointer; slot = Il2CppMethodDefinition.slot
Morpeh.Filter::Update	CALL	v309[v305[v217 @ X21_v20 (System.Int32)]]	Type: Morpeh.IEntity	8	Morpeh.IEntity::Has	0x0600000E	RUNTIME_DISPATCH		EXACT	lookup(receiver, interface class, slot) reaches the dispatch pointer; slot = Il2CppMethodDefinition.slot
Morpeh.Filter::Update	CALL	v795[v790[v637 @ X23_v10 (System.Int32)]]	Type: Morpeh.IEntity	8	Morpeh.IEntity::Has	0x0600000E	RUNTIME_DISPATCH		EXACT	lookup(receiver, interface class, slot) reaches the dispatch pointer; slot = Il2CppMethodDefinition.slot
Morpeh.Filter::Update	CALL	v795[v790[v637 @ X23_v10 (System.Int32)]]	Type: Morpeh.IEntity	8	Morpeh.IEntity::Has	0x0600000E	RUNTIME_DISPATCH		EXACT	lookup(receiver, interface class, slot) reaches the dispatch pointer; slot = Il2CppMethodDefinition.slot
Morpeh.World::AddInitializer	CALL	initializer @ X1 (T)	Type: Morpeh.IInitializer	1	Morpeh.IInitializer::set_World	0x06000010	RUNTIME_DISPATCH		EXACT	lookup(receiver, interface class, slot) reaches the dispatch pointer; slot = Il2CppMethodDefinition.slot
Morpeh.World::AddInitializer	CALL	initializer @ X1 (T)	Type: Morpeh.IInitializer	3	Morpeh.IInitializer::set_Filter	0x06000012	RUNTIME_DISPATCH		EXACT	lookup(receiver, interface class, slot) reaches the dispatch pointer; slot = Il2CppMethodDefinition.slot
Morpeh.World::AddInitializer	CALL	initializer @ X1 (T)	Type: Morpeh.IInitializer	4	Morpeh.IInitializer::OnAwake	0x06000013	RUNTIME_DISPATCH		EXACT	lookup(receiver, interface class, slot) reaches the dispatch pointer; slot = Il2CppMethodDefinition.slot
LunarConsolePluginInternal.CRegistry::Unregister	CALL	v61 @ X0_v72 (System.Collections.Generic.List`1<LunarConsolePluginInternal.CAction>)	Type: System.Collections.Generic.ICollection`1<LunarConsolePluginInternal.CAction>	2	System.Collections.Generic.ICollection`1::Add	0x06002A95	RUNTIME_DISPATCH	LunarConsolePluginInternal.CAction	EXACT	lookup(receiver, interface class, slot) reaches the dispatch pointer; slot = Il2CppMethodDefinition.slot
LunarConsolePlugin.LunarConsole::UpdateVariable	TAIL	v42 @ X20_v2 (LunarConsolePlugin.LunarConsole+IPlatform)	Type: LunarConsolePluginInternal.ICRegistryDelegate	3	LunarConsolePluginInternal.ICRegistryDelegate::OnVariableUpdated	0x0600009C	RUNTIME_DISPATCH		EXACT	lookup(receiver, interface class, slot) reaches the dispatch pointer; slot = Il2CppMethodDefinition.slot
LunarConsolePluginInternal.CRegistry::RemoveAction	CALL	v53 @ X21_v4 (LunarConsolePluginInternal.ICRegistryDelegate)	Type: LunarConsolePluginInternal.ICRegistryDelegate	1	LunarConsolePluginInternal.ICRegistryDelegate::OnActionUnregistered	0x0600009A	RUNTIME_DISPATCH		EXACT	lookup(receiver, interface class, slot) reaches the dispatch pointer; slot = Il2CppMethodDefinition.slot
LunarConsolePluginInternal.CRegistry::Register	TAIL	v46 @ X21_v2 (LunarConsolePluginInternal.ICRegistryDelegate)	Type: LunarConsolePluginInternal.ICRegistryDelegate	2	LunarConsolePluginInternal.ICRegistryDelegate::OnVariableRegistered	0x0600009B	RUNTIME_DISPATCH		EXACT	lookup(receiver, interface class, slot) reaches the dispatch pointer; slot = Il2CppMethodDefinition.slot
Mycom.Tracker.Unity.MyTrackerParams::get_Lang	TAIL	v39 @ X19_v2 (Mycom.Tracker.Unity.Internal.Interfaces.ITrackerParams)	Type: Mycom.Tracker.Unity.Internal.Interfaces.ITrackerParams	8	Mycom.Tracker.Unity.Internal.Interfaces.ITrackerParams::GetLang	0x06000065	RUNTIME_DISPATCH		EXACT	lookup(receiver, interface class, slot) reaches the dispatch pointer; slot = Il2CppMethodDefinition.slot
Mycom.Tracker.Unity.MyTrackerParams::set_LaunchTimeout	TAIL	v42 @ X20_v2 (Mycom.Tracker.Unity.Internal.Interfaces.ITrackerParams)	Type: Mycom.Tracker.Unity.Internal.Interfaces.ITrackerParams	28	Mycom.Tracker.Unity.Internal.Interfaces.ITrackerParams::SetLaunchTimeout	0x06000079	RUNTIME_DISPATCH		EXACT	lookup(receiver, interface class, slot) reaches the dispatch pointer; slot = Il2CppMethodDefinition.slot
LunarConsolePlugin.LunarConsole::LoadVariables	CALL	v596 @ X24_v17 (LunarConsolePlugin.LunarConsole+IPlatform)	Type: LunarConsolePluginInternal.ICRegistryDelegate	3	LunarConsolePluginInternal.ICRegistryDelegate::OnVariableUpdated	0x0600009C	RUNTIME_DISPATCH		EXACT	lookup(receiver, interface class, slot) reaches the dispatch pointer; slot = Il2CppMethodDefinition.slot
Mycom.Tracker.Unity.MyTrackerParams::set_MrgsId	TAIL	v42 @ X20_v2 (Mycom.Tracker.Unity.Internal.Interfaces.ITrackerParams)	Type: Mycom.Tracker.Unity.Internal.Interfaces.ITrackerParams	30	Mycom.Tracker.Unity.Internal.Interfaces.ITrackerParams::SetMrgsId	0x0600007B	RUNTIME_DISPATCH		EXACT	lookup(receiver, interface class, slot) reaches the dispatch pointer; slot = Il2CppMethodDefinition.slot
Mycom.Tracker.Unity.MyTrackerParams::get_MrgsUserId	TAIL	v39 @ X19_v2 (Mycom.Tracker.Unity.Internal.Interfaces.ITrackerParams)	Type: Mycom.Tracker.Unity.Internal.Interfaces.ITrackerParams	12	Mycom.Tracker.Unity.Internal.Interfaces.ITrackerParams::GetMrgsUserId	0x06000069	RUNTIME_DISPATCH		EXACT	lookup(receiver, interface class, slot) reaches the dispatch pointer; slot = Il2CppMethodDefinition.slot
Mycom.Tracker.Unity.MyTrackerParams::set_MrgsUserId	TAIL	v42 @ X20_v2 (Mycom.Tracker.Unity.Internal.Interfaces.ITrackerParams)	Type: Mycom.Tracker.Unity.Internal.Interfaces.ITrackerParams	31	Mycom.Tracker.Unity.Internal.Interfaces.ITrackerParams::SetMrgsUserId	0x0600007C	RUNTIME_DISPATCH		EXACT	lookup(receiver, interface class, slot) reaches the dispatch pointer; slot = Il2CppMethodDefinition.slot
Mycom.Tracker.Unity.MyTrackerParams::set_OkId	TAIL	v42 @ X19_v2 (Mycom.Tracker.Unity.Internal.Interfaces.ITrackerParams)	Type: Mycom.Tracker.Unity.Internal.Interfaces.ITrackerParams	32	Mycom.Tracker.Unity.Internal.Interfaces.ITrackerParams::SetOkIds	0x0600007D	RUNTIME_DISPATCH		EXACT	lookup(receiver, interface class, slot) reaches the dispatch pointer; slot = Il2CppMethodDefinition.slot
Mycom.Tracker.Unity.MyTrackerParams::set_OkIds	TAIL	v42 @ X20_v2 (Mycom.Tracker.Unity.Internal.Interfaces.ITrackerParams)	Type: Mycom.Tracker.Unity.Internal.Interfaces.ITrackerParams	32	Mycom.Tracker.Unity.Internal.Interfaces.ITrackerParams::SetOkIds	0x0600007D	RUNTIME_DISPATCH		EXACT	lookup(receiver, interface class, slot) reaches the dispatch pointer; slot = Il2CppMethodDefinition.slot
Mycom.Tracker.Unity.MyTrackerParams::get_Phone	CALL	v39 @ X19_v2 (Mycom.Tracker.Unity.Internal.Interfaces.ITrackerParams)	Type: Mycom.Tracker.Unity.Internal.Interfaces.ITrackerParams	14	Mycom.Tracker.Unity.Internal.Interfaces.ITrackerParams::GetPhones	0x0600006B	RUNTIME_DISPATCH		EXACT	lookup(receiver, interface class, slot) reaches the dispatch pointer; slot = Il2CppMethodDefinition.slot
Mycom.Tracker.Unity.MyTrackerParams::set_Phone	TAIL	v42 @ X19_v2 (Mycom.Tracker.Unity.Internal.Interfaces.ITrackerParams)	Type: Mycom.Tracker.Unity.Internal.Interfaces.ITrackerParams	33	Mycom.Tracker.Unity.Internal.Interfaces.ITrackerParams::SetPhones	0x0600007E	RUNTIME_DISPATCH		EXACT	lookup(receiver, interface class, slot) reaches the dispatch pointer; slot = Il2CppMethodDefinition.slot
Mycom.Tracker.Unity.MyTrackerParams::get_Phones	TAIL	v39 @ X19_v2 (Mycom.Tracker.Unity.Internal.Interfaces.ITrackerParams)	Type: Mycom.Tracker.Unity.Internal.Interfaces.ITrackerParams	14	Mycom.Tracker.Unity.Internal.Interfaces.ITrackerParams::GetPhones	0x0600006B	RUNTIME_DISPATCH		EXACT	lookup(receiver, interface class, slot) reaches the dispatch pointer; slot = Il2CppMethodDefinition.slot
Mycom.Tracker.Unity.MyTrackerParams::get_VkId	CALL	v39 @ X19_v2 (Mycom.Tracker.Unity.Internal.Interfaces.ITrackerParams)	Type: Mycom.Tracker.Unity.Internal.Interfaces.ITrackerParams	15	Mycom.Tracker.Unity.Internal.Interfaces.ITrackerParams::GetVkIds	0x0600006C	RUNTIME_DISPATCH		EXACT	lookup(receiver, interface class, slot) reaches the dispatch pointer; slot = Il2CppMethodDefinition.slot
Mycom.Tracker.Unity.MyTrackerParams::set_VkId	TAIL	v42 @ X19_v2 (Mycom.Tracker.Unity.Internal.Interfaces.ITrackerParams)	Type: Mycom.Tracker.Unity.Internal.Interfaces.ITrackerParams	37	Mycom.Tracker.Unity.Internal.Interfaces.ITrackerParams::SetVkIds	0x06000082	RUNTIME_DISPATCH		EXACT	lookup(receiver, interface class, slot) reaches the dispatch pointer; slot = Il2CppMethodDefinition.slot
Mycom.Tracker.Unity.MyTrackerParams::get_VkIds	TAIL	v39 @ X19_v2 (Mycom.Tracker.Unity.Internal.Interfaces.ITrackerParams)	Type: Mycom.Tracker.Unity.Internal.Interfaces.ITrackerParams	15	Mycom.Tracker.Unity.Internal.Interfaces.ITrackerParams::GetVkIds	0x0600006C	RUNTIME_DISPATCH		EXACT	lookup(receiver, interface class, slot) reaches the dispatch pointer; slot = Il2CppMethodDefinition.slot
Morpeh.Utils.ListExtensions::RemoveAtFast	CALL	list @ X0 (System.Collections.Generic.IList`1<T>)	Type: Il2CppClass<System.Collections.Generic.ICollection`1<T>>	0	System.Collections.Generic.ICollection`1::get_Count	0x06002A93	RUNTIME_DISPATCH	T	EXACT	lookup(receiver, interface class, slot) reaches the dispatch pointer; slot = Il2CppMethodDefinition.slot
Morpeh.Utils.ListExtensions::RemoveAtFast	CALL	list @ X0 (System.Collections.Generic.IList`1<T>)	Type: Il2CppClass<System.Collections.Generic.IList`1<T>>	0	System.Collections.Generic.IList`1::get_Item	0x06002AA6	RUNTIME_DISPATCH	T	EXACT	lookup(receiver, interface class, slot) reaches the dispatch pointer; slot = Il2CppMethodDefinition.slot
Morpeh.Utils.ListExtensions::RemoveAtFast	CALL	list @ X0 (System.Collections.Generic.IList`1<T>)	Type: Il2CppClass<System.Collections.Generic.IList`1<T>>	1	System.Collections.Generic.IList`1::set_Item	0x06002AA7	RUNTIME_DISPATCH	T	EXACT	lookup(receiver, interface class, slot) reaches the dispatch pointer; slot = Il2CppMethodDefinition.slot
Morpeh.Utils.ListExtensions::RemoveAtFast	TAIL	list @ X0 (System.Collections.Generic.IList`1<T>)	Type: Il2CppClass<System.Collections.Generic.IList`1<T>>	4	System.Collections.Generic.IList`1::RemoveAt	0x06002AAA	RUNTIME_DISPATCH	T	EXACT	lookup(receiver, interface class, slot) reaches the dispatch pointer; slot = Il2CppMethodDefinition.slot
Morpeh.Utils.ListExtensions::RemoveFast	CALL	list @ X0 (System.Collections.Generic.IList`1<T>)	Type: Il2CppClass<System.Collections.Generic.ICollection`1<T>>	0	System.Collections.Generic.ICollection`1::get_Count	0x06002A93	RUNTIME_DISPATCH	T	EXACT	lookup(receiver, interface class, slot) reaches the dispatch pointer; slot = Il2CppMethodDefinition.slot
Morpeh.Utils.ListExtensions::RemoveFast	CALL	list @ X0 (System.Collections.Generic.IList`1<T>)	Type: Il2CppClass<System.Collections.Generic.IList`1<T>>	2	System.Collections.Generic.IList`1::IndexOf	0x06002AA8	RUNTIME_DISPATCH	T	EXACT	lookup(receiver, interface class, slot) reaches the dispatch pointer; slot = Il2CppMethodDefinition.slot
Morpeh.Utils.ListExtensions::RemoveFast	CALL	list @ X0 (System.Collections.Generic.IList`1<T>)	Type: Il2CppClass<System.Collections.Generic.IList`1<T>>	0	System.Collections.Generic.IList`1::get_Item	0x06002AA6	RUNTIME_DISPATCH	T	EXACT	lookup(receiver, interface class, slot) reaches the dispatch pointer; slot = Il2CppMethodDefinition.slot
Morpeh.Utils.ListExtensions::RemoveFast	CALL	list @ X0 (System.Collections.Generic.IList`1<T>)	Type: Il2CppClass<System.Collections.Generic.IList`1<T>>	1	System.Collections.Generic.IList`1::set_Item	0x06002AA7	RUNTIME_DISPATCH	T	EXACT	lookup(receiver, interface class, slot) reaches the dispatch pointer; slot = Il2CppMethodDefinition.slot
Morpeh.Utils.ListExtensions::RemoveFast	TAIL	list @ X0 (System.Collections.Generic.IList`1<T>)	Type: Il2CppClass<System.Collections.Generic.IList`1<T>>	4	System.Collections.Generic.IList`1::RemoveAt	0x06002AAA	RUNTIME_DISPATCH	T	EXACT	lookup(receiver, interface class, slot) reaches the dispatch pointer; slot = Il2CppMethodDefinition.slot
LunarConsolePlugin.LunarConsole::OnLogMessageReceived	TAIL	v57 @ X22_v3 (LunarConsolePlugin.LunarConsole+IPlatform)	Type: LunarConsolePlugin.LunarConsole+IPlatform	1	LunarConsolePlugin.LunarConsole+IPlatform::OnLogMessageReceived	0x0600016E	RUNTIME_DISPATCH		EXACT	lookup(receiver, interface class, slot) reaches the dispatch pointer; slot = Il2CppMethodDefinition.slot
Mycom.Tracker.Unity.MyTracker::get_IsDebugMode	TAIL	v50 @ X19_v4 (Mycom.Tracker.Unity.Internal.Interfaces.ITracker)	Type: Mycom.Tracker.Unity.Internal.Interfaces.ITracker	3	Mycom.Tracker.Unity.Internal.Interfaces.ITracker::IsDebugMode	0x06000050	RUNTIME_DISPATCH		EXACT	lookup(receiver, interface class, slot) reaches the dispatch pointer; slot = Il2CppMethodDefinition.slot
Mycom.Tracker.Unity.MyTracker::set_IsDebugMode	TAIL	v53 @ X20_v4 (Mycom.Tracker.Unity.Internal.Interfaces.ITracker)	Type: Mycom.Tracker.Unity.Internal.Interfaces.ITracker	6	Mycom.Tracker.Unity.Internal.Interfaces.ITracker::SetDebugMode	0x06000053	RUNTIME_DISPATCH		EXACT	lookup(receiver, interface class, slot) reaches the dispatch pointer; slot = Il2CppMethodDefinition.slot
Mycom.Tracker.Unity.MyTracker::get_IsEnabled	TAIL	v50 @ X19_v4 (Mycom.Tracker.Unity.Internal.Interfaces.ITracker)	Type: Mycom.Tracker.Unity.Internal.Interfaces.ITracker	4	Mycom.Tracker.Unity.Internal.Interfaces.ITracker::IsEnabled	0x06000051	RUNTIME_DISPATCH		EXACT	lookup(receiver, interface class, slot) reaches the dispatch pointer; slot = Il2CppMethodDefinition.slot
LunarConsolePlugin.LunarConsole::NativeMessageCallback	CALL	v136 @ X0_v28 (System.Collections.Generic.IDictionary`2<System.String, LunarConsolePlugin.LunarConsoleNativeMessageHandler>)	Type: System.Collections.Generic.IDictionary`2<System.String, LunarConsolePlugin.LunarConsoleNativeMessageHandler>	6	System.Collections.Generic.IDictionary`2::TryGetValue	0x06002AA1	RUNTIME_DISPATCH	System.String,LunarConsolePlugin.LunarConsoleNativeMessageHandler	EXACT	lookup(receiver, interface class, slot) reaches the dispatch pointer; slot = Il2CppMethodDefinition.slot
Mycom.Tracker.Unity.MyTracker::set_IsEnabled	TAIL	v53 @ X20_v4 (Mycom.Tracker.Unity.Internal.Interfaces.ITracker)	Type: Mycom.Tracker.Unity.Internal.Interfaces.ITracker	7	Mycom.Tracker.Unity.Internal.Interfaces.ITracker::SetEnabled	0x06000054	RUNTIME_DISPATCH		EXACT	lookup(receiver, interface class, slot) reaches the dispatch pointer; slot = Il2CppMethodDefinition.slot
Mycom.Tracker.Unity.MyTracker::Create	TAIL	v193 @ X20_v6 (Mycom.Tracker.Unity.Internal.Interfaces.ITracker)	Type: Mycom.Tracker.Unity.Internal.Interfaces.ITracker	1	Mycom.Tracker.Unity.Internal.Interfaces.ITracker::Create	0x0600004E	RUNTIME_DISPATCH		EXACT	lookup(receiver, interface class, slot) reaches the dispatch pointer; slot = Il2CppMethodDefinition.slot
LunarConsolePlugin.LunarConsole::get_nativeHandlerLookup	CALL	v53 @ X0_v5 (System.Collections.Generic.Dictionary`2<System.String, LunarConsolePlugin.LunarConsoleNativeMessageHandler>)	Type: System.Collections.Generic.IDictionary`2<System.String, LunarConsolePlugin.LunarConsoleNativeMessageHandler>	1	System.Collections.Generic.IDictionary`2::set_Item	0x06002A9C	RUNTIME_DISPATCH	System.String,LunarConsolePlugin.LunarConsoleNativeMessageHandler	EXACT	lookup(receiver, interface class, slot) reaches the dispatch pointer; slot = Il2CppMethodDefinition.slot
LunarConsolePlugin.LunarConsole::get_nativeHandlerLookup	CALL	v286 @ X20_v6 (System.Collections.Generic.IDictionary`2<System.String, LunarConsolePlugin.LunarConsoleNativeMessageHandler>)	Type: System.Collections.Generic.IDictionary`2<System.String, LunarConsolePlugin.LunarConsoleNativeMessageHandler>	1	System.Collections.Generic.IDictionary`2::set_Item	0x06002A9C	RUNTIME_DISPATCH	System.String,LunarConsolePlugin.LunarConsoleNativeMessageHandler	EXACT	lookup(receiver, interface class, slot) reaches the dispatch pointer; slot = Il2CppMethodDefinition.slot
LunarConsolePlugin.LunarConsole::get_nativeHandlerLookup	CALL	v287 @ X20_v7 (System.Collections.Generic.IDictionary`2<System.String, LunarConsolePlugin.LunarConsoleNativeMessageHandler>)	Type: System.Collections.Generic.IDictionary`2<System.String, LunarConsolePlugin.LunarConsoleNativeMessageHandler>	1	System.Collections.Generic.IDictionary`2::set_Item	0x06002A9C	RUNTIME_DISPATCH	System.String,LunarConsolePlugin.LunarConsoleNativeMessageHandler	EXACT	lookup(receiver, interface class, slot) reaches the dispatch pointer; slot = Il2CppMethodDefinition.slot
LunarConsolePlugin.LunarConsole::get_nativeHandlerLookup	CALL	v288 @ X20_v8 (System.Collections.Generic.IDictionary`2<System.String, LunarConsolePlugin.LunarConsoleNativeMessageHandler>)	Type: System.Collections.Generic.IDictionary`2<System.String, LunarConsolePlugin.LunarConsoleNativeMessageHandler>	1	System.Collections.Generic.IDictionary`2::set_Item	0x06002A9C	RUNTIME_DISPATCH	System.String,LunarConsolePlugin.LunarConsoleNativeMessageHandler	EXACT	lookup(receiver, interface class, slot) reaches the dispatch pointer; slot = Il2CppMethodDefinition.slot
Mycom.Tracker.Unity.MyTracker::Init	TAIL	v84 @ X19_v5 (Mycom.Tracker.Unity.Internal.Interfaces.ITracker)	Type: Mycom.Tracker.Unity.Internal.Interfaces.ITracker	2	Mycom.Tracker.Unity.Internal.Interfaces.ITracker::Init	0x0600004F	RUNTIME_DISPATCH		EXACT	lookup(receiver, interface class, slot) reaches the dispatch pointer; slot = Il2CppMethodDefinition.slot
LunarConsolePlugin.LunarConsole::get_nativeHandlerLookup	CALL	v117 @ X20_v9 (System.Collections.Generic.IDictionary`2<System.String, LunarConsolePlugin.LunarConsoleNativeMessageHandler>)	Type: System.Collections.Generic.IDictionary`2<System.String, LunarConsolePlugin.LunarConsoleNativeMessageHandler>	1	System.Collections.Generic.IDictionary`2::set_Item	0x06002A9C	RUNTIME_DISPATCH	System.String,LunarConsolePlugin.LunarConsoleNativeMessageHandler	EXACT	lookup(receiver, interface class, slot) reaches the dispatch pointer; slot = Il2CppMethodDefinition.slot
LunarConsolePluginInternal.StringUtils::Filter	CALL	v61 @ X0_v7 (System.Collections.Generic.List`1<System.String>)	Type: System.Collections.Generic.ICollection`1<System.String>	2	System.Collections.Generic.ICollection`1::Add	0x06002A95	RUNTIME_DISPATCH	System.String	EXACT	lookup(receiver, interface class, slot) reaches the dispatch pointer; slot = Il2CppMethodDefinition.slot
Mycom.Tracker.Unity.MyTracker::TrackEvent	TAIL	v126 @ X21_v4 (Mycom.Tracker.Unity.Internal.Interfaces.ITracker)	Type: Mycom.Tracker.Unity.Internal.Interfaces.ITracker	8	Mycom.Tracker.Unity.Internal.Interfaces.ITracker::TrackEvent	0x06000055	RUNTIME_DISPATCH		EXACT	lookup(receiver, interface class, slot) reaches the dispatch pointer; slot = Il2CppMethodDefinition.slot
LunarConsolePlugin.LunarConsole::ConsoleActionHandler	CALL	data @ X1 (System.Collections.Generic.IDictionary`2<System.String, System.String>)	Type: System.Collections.Generic.IDictionary`2<System.String, System.String>	6	System.Collections.Generic.IDictionary`2::TryGetValue	0x06002AA1	RUNTIME_DISPATCH	System.String,System.String	EXACT	lookup(receiver, interface class, slot) reaches the dispatch pointer; slot = Il2CppMethodDefinition.slot
Mycom.Tracker.Unity.MyTracker::TrackRegistrationEvent	TAIL	v53 @ X20_v4 (Mycom.Tracker.Unity.Internal.Interfaces.ITracker)	Type: Mycom.Tracker.Unity.Internal.Interfaces.ITracker	12	Mycom.Tracker.Unity.Internal.Interfaces.ITracker::TrackRegistrationEvent	0x06000059	RUNTIME_DISPATCH		EXACT	lookup(receiver, interface class, slot) reaches the dispatch pointer; slot = Il2CppMethodDefinition.slot
Mycom.Tracker.Unity.MyTracker::TrackPurchaseEvent	TAIL	v62 @ X23_v4 (Mycom.Tracker.Unity.Internal.Interfaces.ITracker)	Type: Mycom.Tracker.Unity.Internal.Interfaces.ITracker	14	Mycom.Tracker.Unity.Internal.Interfaces.ITracker::TrackPurchaseEvent	0x0600005B	RUNTIME_DISPATCH		EXACT	lookup(receiver, interface class, slot) reaches the dispatch pointer; slot = Il2CppMethodDefinition.slot
LunarConsolePlugin.LunarConsole::ConsoleVariableSetHandler	CALL	data @ X1 (System.Collections.Generic.IDictionary`2<System.String, System.String>)	Type: System.Collections.Generic.IDictionary`2<System.String, System.String>	6	System.Collections.Generic.IDictionary`2::TryGetValue	0x06002AA1	RUNTIME_DISPATCH	System.String,System.String	EXACT	lookup(receiver, interface class, slot) reaches the dispatch pointer; slot = Il2CppMethodDefinition.slot
LunarConsolePlugin.LunarConsole::ConsoleVariableSetHandler	CALL	data @ X1 (System.Collections.Generic.IDictionary`2<System.String, System.String>)	Type: System.Collections.Generic.IDictionary`2<System.String, System.String>	6	System.Collections.Generic.IDictionary`2::TryGetValue	0x06002AA1	RUNTIME_DISPATCH	System.String,System.String	EXACT	lookup(receiver, interface class, slot) reaches the dispatch pointer; slot = Il2CppMethodDefinition.slot
Mycom.Tracker.Unity.MyTracker::TrackPurchaseEvent	TAIL	v56 @ X21_v4 (Mycom.Tracker.Unity.Internal.Interfaces.ITracker)	Type: Mycom.Tracker.Unity.Internal.Interfaces.ITracker	15	Mycom.Tracker.Unity.Internal.Interfaces.ITracker::TrackPurchaseEvent	0x0600005C	RUNTIME_DISPATCH		EXACT	lookup(receiver, interface class, slot) reaches the dispatch pointer; slot = Il2CppMethodDefinition.slot
PlayMakerFSM+<DoCoroutine>d__37::MoveNext	CALL	v143 @ X20_v8 (System.Collections.IEnumerator)	Type: System.Collections.IEnumerator	1	System.Collections.IEnumerator::get_Current	0x060028DD	RUNTIME_DISPATCH		EXACT	lookup(receiver, interface class, slot) reaches the dispatch pointer; slot = Il2CppMethodDefinition.slot
Mycom.Tracker.Unity.MyTrackerParams::get_BufferingPeriod	TAIL	v39 @ X19_v2 (Mycom.Tracker.Unity.Internal.Interfaces.ITrackerParams)	Type: Mycom.Tracker.Unity.Internal.Interfaces.ITrackerParams	1	Mycom.Tracker.Unity.Internal.Interfaces.ITrackerParams::GetBufferingPeriod	0x0600005E	RUNTIME_DISPATCH		EXACT	lookup(receiver, interface class, slot) reaches the dispatch pointer; slot = Il2CppMethodDefinition.slot
LunarConsolePlugin.LunarConsole::TrackEventHandler	CALL	data @ X1 (System.Collections.Generic.IDictionary`2<System.String, System.String>)	Type: System.Collections.Generic.IDictionary`2<System.String, System.String>	6	System.Collections.Generic.IDictionary`2::TryGetValue	0x06002AA1	RUNTIME_DISPATCH	System.String,System.String	EXACT	lookup(receiver, interface class, slot) reaches the dispatch pointer; slot = Il2CppMethodDefinition.slot
LunarConsolePlugin.LunarConsole::TrackEventHandler	CALL	data @ X1 (System.Collections.Generic.IDictionary`2<System.String, System.String>)	Type: System.Collections.Generic.IDictionary`2<System.String, System.String>	6	System.Collections.Generic.IDictionary`2::TryGetValue	0x06002AA1	RUNTIME_DISPATCH	System.String,System.String	EXACT	lookup(receiver, interface class, slot) reaches the dispatch pointer; slot = Il2CppMethodDefinition.slot
LunarConsolePlugin.LunarConsole::TrackEventHandler	CALL	data @ X1 (System.Collections.Generic.IDictionary`2<System.String, System.String>)	Type: System.Collections.Generic.IDictionary`2<System.String, System.String>	6	System.Collections.Generic.IDictionary`2::TryGetValue	0x06002AA1	RUNTIME_DISPATCH	System.String,System.String	EXACT	lookup(receiver, interface class, slot) reaches the dispatch pointer; slot = Il2CppMethodDefinition.slot
Mycom.Tracker.Unity.MyTrackerParams::get_CustomUserId	CALL	v39 @ X19_v2 (Mycom.Tracker.Unity.Internal.Interfaces.ITrackerParams)	Type: Mycom.Tracker.Unity.Internal.Interfaces.ITrackerParams	2	Mycom.Tracker.Unity.Internal.Interfaces.ITrackerParams::GetCustomUserIds	0x0600005F	RUNTIME_DISPATCH		EXACT	lookup(receiver, interface class, slot) reaches the dispatch pointer; slot = Il2CppMethodDefinition.slot
Mycom.Tracker.Unity.MyTrackerParams::set_CustomUserId	TAIL	v42 @ X19_v2 (Mycom.Tracker.Unity.Internal.Interfaces.ITrackerParams)	Type: Mycom.Tracker.Unity.Internal.Interfaces.ITrackerParams	21	Mycom.Tracker.Unity.Internal.Interfaces.ITrackerParams::SetCustomUserIds	0x06000072	RUNTIME_DISPATCH		EXACT	lookup(receiver, interface class, slot) reaches the dispatch pointer; slot = Il2CppMethodDefinition.slot
Mycom.Tracker.Unity.MyTrackerParams::get_CustomUserIds	TAIL	v39 @ X19_v2 (Mycom.Tracker.Unity.Internal.Interfaces.ITrackerParams)	Type: Mycom.Tracker.Unity.Internal.Interfaces.ITrackerParams	2	Mycom.Tracker.Unity.Internal.Interfaces.ITrackerParams::GetCustomUserIds	0x0600005F	RUNTIME_DISPATCH		EXACT	lookup(receiver, interface class, slot) reaches the dispatch pointer; slot = Il2CppMethodDefinition.slot
Mycom.Tracker.Unity.MyTrackerParams::get_Email	CALL	v39 @ X19_v2 (Mycom.Tracker.Unity.Internal.Interfaces.ITrackerParams)	Type: Mycom.Tracker.Unity.Internal.Interfaces.ITrackerParams	3	Mycom.Tracker.Unity.Internal.Interfaces.ITrackerParams::GetEmails	0x06000060	RUNTIME_DISPATCH		EXACT	lookup(receiver, interface class, slot) reaches the dispatch pointer; slot = Il2CppMethodDefinition.slot
Mycom.Tracker.Unity.MyTrackerParams::set_Email	TAIL	v42 @ X19_v2 (Mycom.Tracker.Unity.Internal.Interfaces.ITrackerParams)	Type: Mycom.Tracker.Unity.Internal.Interfaces.ITrackerParams	22	Mycom.Tracker.Unity.Internal.Interfaces.ITrackerParams::SetEmails	0x06000073	RUNTIME_DISPATCH		EXACT	lookup(receiver, interface class, slot) reaches the dispatch pointer; slot = Il2CppMethodDefinition.slot
Mycom.Tracker.Unity.MyTrackerParams::get_Emails	TAIL	v39 @ X19_v2 (Mycom.Tracker.Unity.Internal.Interfaces.ITrackerParams)	Type: Mycom.Tracker.Unity.Internal.Interfaces.ITrackerParams	3	Mycom.Tracker.Unity.Internal.Interfaces.ITrackerParams::GetEmails	0x06000060	RUNTIME_DISPATCH		EXACT	lookup(receiver, interface class, slot) reaches the dispatch pointer; slot = Il2CppMethodDefinition.slot
Mycom.Tracker.Unity.MyTrackerParams::get_ForcingPeriod	TAIL	v39 @ X19_v2 (Mycom.Tracker.Unity.Internal.Interfaces.ITrackerParams)	Type: Mycom.Tracker.Unity.Internal.Interfaces.ITrackerParams	4	Mycom.Tracker.Unity.Internal.Interfaces.ITrackerParams::GetForcingPeriod	0x06000061	RUNTIME_DISPATCH		EXACT	lookup(receiver, interface class, slot) reaches the dispatch pointer; slot = Il2CppMethodDefinition.slot
Mycom.Tracker.Unity.MyTrackerParams::set_Gender	TAIL	v42 @ X20_v2 (Mycom.Tracker.Unity.Internal.Interfaces.ITrackerParams)	Type: Mycom.Tracker.Unity.Internal.Interfaces.ITrackerParams	24	Mycom.Tracker.Unity.Internal.Interfaces.ITrackerParams::SetGender	0x06000075	RUNTIME_DISPATCH		EXACT	lookup(receiver, interface class, slot) reaches the dispatch pointer; slot = Il2CppMethodDefinition.slot
Mycom.Tracker.Unity.MyTrackerParams::get_IcqId	CALL	v39 @ X19_v2 (Mycom.Tracker.Unity.Internal.Interfaces.ITrackerParams)	Type: Mycom.Tracker.Unity.Internal.Interfaces.ITrackerParams	6	Mycom.Tracker.Unity.Internal.Interfaces.ITrackerParams::GetIcqIds	0x06000063	RUNTIME_DISPATCH		EXACT	lookup(receiver, interface class, slot) reaches the dispatch pointer; slot = Il2CppMethodDefinition.slot
Mycom.Tracker.Unity.MyTrackerParams::set_IcqId	TAIL	v42 @ X19_v2 (Mycom.Tracker.Unity.Internal.Interfaces.ITrackerParams)	Type: Mycom.Tracker.Unity.Internal.Interfaces.ITrackerParams	26	Mycom.Tracker.Unity.Internal.Interfaces.ITrackerParams::SetIcqIds	0x06000077	RUNTIME_DISPATCH		EXACT	lookup(receiver, interface class, slot) reaches the dispatch pointer; slot = Il2CppMethodDefinition.slot
Mycom.Tracker.Unity.MyTrackerParams::get_IcqIds	TAIL	v39 @ X19_v2 (Mycom.Tracker.Unity.Internal.Interfaces.ITrackerParams)	Type: Mycom.Tracker.Unity.Internal.Interfaces.ITrackerParams	6	Mycom.Tracker.Unity.Internal.Interfaces.ITrackerParams::GetIcqIds	0x06000063	RUNTIME_DISPATCH		EXACT	lookup(receiver, interface class, slot) reaches the dispatch pointer; slot = Il2CppMethodDefinition.slot
Mycom.Tracker.Unity.MyTrackerParams::get_Id	TAIL	v39 @ X19_v2 (Mycom.Tracker.Unity.Internal.Interfaces.ITrackerParams)	Type: Mycom.Tracker.Unity.Internal.Interfaces.ITrackerParams	7	Mycom.Tracker.Unity.Internal.Interfaces.ITrackerParams::GetId	0x06000064	RUNTIME_DISPATCH		EXACT	lookup(receiver, interface class, slot) reaches the dispatch pointer; slot = Il2CppMethodDefinition.slot
Mycom.Tracker.Unity.MyTrackerParams::get_IsTrackingEnvironmentEnabled	TAIL	v39 @ X19_v2 (Mycom.Tracker.Unity.Internal.Interfaces.ITrackerParams)	Type: Mycom.Tracker.Unity.Internal.Interfaces.ITrackerParams	16	Mycom.Tracker.Unity.Internal.Interfaces.ITrackerParams::IsTrackingEnvironmentEnabled	0x0600006D	RUNTIME_DISPATCH		EXACT	lookup(receiver, interface class, slot) reaches the dispatch pointer; slot = Il2CppMethodDefinition.slot
LunarConsolePluginInternal.StringUtils::GetSuggestedText0	CALL	strings @ X1 (System.Collections.IList)	Type: System.Collections.IEnumerable	0	System.Collections.IEnumerable::GetEnumerator	0x060028DB	RUNTIME_DISPATCH		EXACT	lookup(receiver, interface class, slot) reaches the dispatch pointer; slot = Il2CppMethodDefinition.slot
LunarConsolePluginInternal.StringUtils::GetSuggestedText0	CALL	v334 @ X0_v7 (System.Collections.IEnumerator)	Type: System.Collections.IEnumerator	1	System.Collections.IEnumerator::get_Current	0x060028DD	RUNTIME_DISPATCH		EXACT	lookup(receiver, interface class, slot) reaches the dispatch pointer; slot = Il2CppMethodDefinition.slot
LunarConsolePluginInternal.StringUtils::GetSuggestedTextFiltered0	CALL	strings @ X1 (System.Collections.IList)	Type: System.Collections.ICollection	1	System.Collections.ICollection::get_Count	0x060028D2	RUNTIME_DISPATCH		EXACT	lookup(receiver, interface class, slot) reaches the dispatch pointer; slot = Il2CppMethodDefinition.slot
LunarConsolePluginInternal.StringUtils::GetSuggestedTextFiltered0	CALL	strings @ X1 (System.Collections.IList)	Type: System.Collections.ICollection	1	System.Collections.ICollection::get_Count	0x060028D2	RUNTIME_DISPATCH		EXACT	lookup(receiver, interface class, slot) reaches the dispatch pointer; slot = Il2CppMethodDefinition.slot
LunarConsolePluginInternal.StringUtils::GetSuggestedTextFiltered0	CALL	strings @ X1 (System.Collections.IList)	Type: System.Collections.ICollection	1	System.Collections.ICollection::get_Count	0x060028D2	RUNTIME_DISPATCH		EXACT	lookup(receiver, interface class, slot) reaches the dispatch pointer; slot = Il2CppMethodDefinition.slot
LunarConsolePluginInternal.StringUtils::Join	CALL	list @ X0 (System.Collections.Generic.IList`1<T>)	Type: Il2CppClass<System.Collections.Generic.IList`1<T>>	0	System.Collections.Generic.IList`1::get_Item	0x06002AA6	RUNTIME_DISPATCH	T	EXACT	lookup(receiver, interface class, slot) reaches the dispatch pointer; slot = Il2CppMethodDefinition.slot
LunarConsolePluginInternal.StringUtils::Join	CALL	list @ X0 (System.Collections.Generic.IList`1<T>)	Type: Il2CppClass<System.Collections.Generic.ICollection`1<T>>	0	System.Collections.Generic.ICollection`1::get_Count	0x06002A93	RUNTIME_DISPATCH	T	EXACT	lookup(receiver, interface class, slot) reaches the dispatch pointer; slot = Il2CppMethodDefinition.slot
LunarConsolePluginInternal.StringUtils::Join	CALL	list @ X0 (System.Collections.Generic.IList`1<T>)	Type: Il2CppClass<System.Collections.Generic.ICollection`1<T>>	0	System.Collections.Generic.ICollection`1::get_Count	0x06002A93	RUNTIME_DISPATCH	T	EXACT	lookup(receiver, interface class, slot) reaches the dispatch pointer; slot = Il2CppMethodDefinition.slot
LunarConsolePluginInternal.StringUtils::DeserializeString	CALL	v219 @ X0_v15 (System.Collections.Generic.Dictionary`2<System.String, System.String>)	Type: System.Collections.Generic.IDictionary`2<System.String, System.String>	1	System.Collections.Generic.IDictionary`2::set_Item	0x06002A9C	RUNTIME_DISPATCH	System.String,System.String	EXACT	lookup(receiver, interface class, slot) reaches the dispatch pointer; slot = Il2CppMethodDefinition.slot
HutongGames.PlayMaker.FsmVar::.ctor	CALL	variable @ X1 (HutongGames.PlayMaker.INamedVariable)	Type: HutongGames.PlayMaker.INamedVariable	8	HutongGames.PlayMaker.INamedVariable::get_VariableType	0x060002A4	RUNTIME_DISPATCH		EXACT	lookup(receiver, interface class, slot) reaches the dispatch pointer; slot = Il2CppMethodDefinition.slot
HutongGames.PlayMaker.FsmVar::UpdateType	CALL	sourceVar @ X1 (HutongGames.PlayMaker.INamedVariable)	Type: HutongGames.PlayMaker.INamedVariable	8	HutongGames.PlayMaker.INamedVariable::get_VariableType	0x060002A4	RUNTIME_DISPATCH		EXACT	lookup(receiver, interface class, slot) reaches the dispatch pointer; slot = Il2CppMethodDefinition.slot
Facebook.Unity.FB::set_LimitAppEventUsage	TAIL	v75 @ X20_v4 (Facebook.Unity.IFacebook)	Type: Facebook.Unity.IFacebook	2	Facebook.Unity.IFacebook::set_LimitEventUsage	0x060000B4	RUNTIME_DISPATCH		EXACT	lookup(receiver, interface class, slot) reaches the dispatch pointer; slot = Il2CppMethodDefinition.slot
Facebook.Unity.FB::LogInWithReadPermissions	TAIL	v55 @ X0_v4 (Facebook.Unity.IFacebook)	Type: Facebook.Unity.IFacebook	6	Facebook.Unity.IFacebook::LogInWithReadPermissions	0x060000B8	RUNTIME_DISPATCH		EXACT	lookup(receiver, interface class, slot) reaches the dispatch pointer; slot = Il2CppMethodDefinition.slot
Facebook.Unity.FB::LogOut	TAIL	v49 @ X0_v4 (Facebook.Unity.IFacebook)	Type: Facebook.Unity.IFacebook	7	Facebook.Unity.IFacebook::LogOut	0x060000B9	RUNTIME_DISPATCH		EXACT	lookup(receiver, interface class, slot) reaches the dispatch pointer; slot = Il2CppMethodDefinition.slot
Facebook.Unity.FB::AppRequest	CALL	v70 @ X0_v4 (Facebook.Unity.IFacebook)	Type: Facebook.Unity.IFacebook	8	Facebook.Unity.IFacebook::AppRequest	0x060000BA	RUNTIME_DISPATCH		EXACT	lookup(receiver, interface class, slot) reaches the dispatch pointer; slot = Il2CppMethodDefinition.slot
Facebook.Unity.FB::AppRequest	CALL	v75 @ X0_v4 (Facebook.Unity.IFacebook)	Type: Facebook.Unity.IFacebook	8	Facebook.Unity.IFacebook::AppRequest	0x060000BA	RUNTIME_DISPATCH		EXACT	lookup(receiver, interface class, slot) reaches the dispatch pointer; slot = Il2CppMethodDefinition.slot
Facebook.Unity.FB::AppRequest	CALL	v73 @ X0_v4 (Facebook.Unity.IFacebook)	Type: Facebook.Unity.IFacebook	8	Facebook.Unity.IFacebook::AppRequest	0x060000BA	RUNTIME_DISPATCH		EXACT	lookup(receiver, interface class, slot) reaches the dispatch pointer; slot = Il2CppMethodDefinition.slot
Facebook.Unity.FB::API	TAIL	v71 @ X0_v12 (Facebook.Unity.IFacebook)	Type: Facebook.Unity.IFacebook	12	Facebook.Unity.IFacebook::API	0x060000BE	RUNTIME_DISPATCH		EXACT	lookup(receiver, interface class, slot) reaches the dispatch pointer; slot = Il2CppMethodDefinition.slot
Facebook.Unity.FB::GetAppLink	TAIL	v57 @ X0_v4 (Facebook.Unity.IFacebook)	Type: Facebook.Unity.IFacebook	14	Facebook.Unity.IFacebook::GetAppLink	0x060000C0	RUNTIME_DISPATCH		EXACT	lookup(receiver, interface class, slot) reaches the dispatch pointer; slot = Il2CppMethodDefinition.slot
Facebook.Unity.FB::LogAppEvent	TAIL	v58 @ X0_v4 (Facebook.Unity.IFacebook)	Type: Facebook.Unity.IFacebook	15	Facebook.Unity.IFacebook::AppEventsLogEvent	0x060000C1	RUNTIME_DISPATCH		EXACT	lookup(receiver, interface class, slot) reaches the dispatch pointer; slot = Il2CppMethodDefinition.slot
Facebook.Unity.FB::LogPurchase	TAIL	v74 @ X0_v5 (Facebook.Unity.IFacebook)	Type: Facebook.Unity.IFacebook	16	Facebook.Unity.IFacebook::AppEventsLogPurchase	0x060000C2	RUNTIME_DISPATCH		EXACT	lookup(receiver, interface class, slot) reaches the dispatch pointer; slot = Il2CppMethodDefinition.slot
Facebook.Unity.FB::LogVersion	CALL	v89 @ X0_v14 (Facebook.Unity.IFacebook)	Type: Facebook.Unity.IFacebook	3	Facebook.Unity.IFacebook::get_SDKUserAgent	0x060000B5	RUNTIME_DISPATCH		EXACT	lookup(receiver, interface class, slot) reaches the dispatch pointer; slot = Il2CppMethodDefinition.slot
Facebook.Unity.FB+Mobile::FetchDeferredAppLinkData	TAIL	v40 @ X0_v2 (Facebook.Unity.Mobile.IMobileFacebook)	Type: Facebook.Unity.Mobile.IMobileFacebook	1	Facebook.Unity.Mobile.IMobileFacebook::FetchDeferredAppLink	0x06000239	RUNTIME_DISPATCH		EXACT	lookup(receiver, interface class, slot) reaches the dispatch pointer; slot = Il2CppMethodDefinition.slot
Facebook.Unity.FB+Mobile::RefreshCurrentAccessToken	TAIL	v39 @ X0_v2 (Facebook.Unity.Mobile.IMobileFacebook)	Type: Facebook.Unity.Mobile.IMobileFacebook	2	Facebook.Unity.Mobile.IMobileFacebook::RefreshCurrentAccessToken	0x0600023A	RUNTIME_DISPATCH		EXACT	lookup(receiver, interface class, slot) reaches the dispatch pointer; slot = Il2CppMethodDefinition.slot
Facebook.Unity.FB+Mobile::IsImplicitPurchaseLoggingEnabled	TAIL	v36 @ X0_v2 (Facebook.Unity.Mobile.IMobileFacebook)	Type: Facebook.Unity.Mobile.IMobileFacebook	3	Facebook.Unity.Mobile.IMobileFacebook::IsImplicitPurchaseLoggingEnabled	0x0600023B	RUNTIME_DISPATCH		EXACT	lookup(receiver, interface class, slot) reaches the dispatch pointer; slot = Il2CppMethodDefinition.slot
Facebook.Unity.MethodArguments::AddPrimative	CALL	v48 @ X20_v2 (System.Collections.Generic.IDictionary`2<System.String, System.Object>)	Type: System.Collections.Generic.IDictionary`2<System.String, System.Object>	1	System.Collections.Generic.IDictionary`2::set_Item	0x06002A9C	RUNTIME_DISPATCH	System.String,System.Object	EXACT	lookup(receiver, interface class, slot) reaches the dispatch pointer; slot = Il2CppMethodDefinition.slot
Facebook.Unity.Utilities::TryGetValue	CALL	dictionary @ X0 (System.Collections.Generic.IDictionary`2<System.String, System.Object>)	Type: System.Collections.Generic.IDictionary`2<System.String, System.Object>	6	System.Collections.Generic.IDictionary`2::TryGetValue	0x06002AA1	RUNTIME_DISPATCH	System.String,System.Object	EXACT	lookup(receiver, interface class, slot) reaches the dispatch pointer; slot = Il2CppMethodDefinition.slot
Facebook.Unity.FacebookBase::API	CALL	v70 @ X21_v3	Type: System.Collections.Generic.IDictionary`2<System.String, System.String>	3	System.Collections.Generic.IDictionary`2::ContainsKey	0x06002A9E	RUNTIME_DISPATCH	System.String,System.String	EXACT	lookup(receiver, interface class, slot) reaches the dispatch pointer; slot = Il2CppMethodDefinition.slot
Facebook.Unity.FacebookBase::API	CALL	v70 @ X21_v3	Type: System.Collections.Generic.IDictionary`2<System.String, System.String>	1	System.Collections.Generic.IDictionary`2::set_Item	0x06002A9C	RUNTIME_DISPATCH	System.String,System.String	EXACT	lookup(receiver, interface class, slot) reaches the dispatch pointer; slot = Il2CppMethodDefinition.slot
Facebook.Unity.FacebookBase::API	TAIL	v327 @ X0_v10 (Facebook.Unity.IAsyncRequestStringWrapper)	Type: Facebook.Unity.IAsyncRequestStringWrapper	1	Facebook.Unity.IAsyncRequestStringWrapper::Request	0x06000162	RUNTIME_DISPATCH		EXACT	lookup(receiver, interface class, slot) reaches the dispatch pointer; slot = Il2CppMethodDefinition.slot
Facebook.Unity.MethodArguments::AddNullablePrimitive	CALL	v52 @ X20_v4 (System.Collections.Generic.IDictionary`2<System.String, System.Object>)	Type: System.Collections.Generic.IDictionary`2<System.String, System.Object>	1	System.Collections.Generic.IDictionary`2::set_Item	0x06002A9C	RUNTIME_DISPATCH	System.String,System.Object	EXACT	lookup(receiver, interface class, slot) reaches the dispatch pointer; slot = Il2CppMethodDefinition.slot
Facebook.Unity.MethodArguments::AddString	TAIL	v56 @ X21_v2 (System.Collections.Generic.IDictionary`2<System.String, System.Object>)	Type: System.Collections.Generic.IDictionary`2<System.String, System.Object>	1	System.Collections.Generic.IDictionary`2::set_Item	0x06002A9C	RUNTIME_DISPATCH	System.String,System.Object	EXACT	lookup(receiver, interface class, slot) reaches the dispatch pointer; slot = Il2CppMethodDefinition.slot
Facebook.Unity.Gameroom.GameroomFacebook::GetPipeResponse	CALL	v127 @ X21_v4 (Facebook.Unity.Gameroom.IGameroomWrapper)	Type: Facebook.Unity.Gameroom.IGameroomWrapper	1	Facebook.Unity.Gameroom.IGameroomWrapper::set_PipeResponse	0x060001DC	RUNTIME_DISPATCH		EXACT	lookup(receiver, interface class, slot) reaches the dispatch pointer; slot = Il2CppMethodDefinition.slot
Facebook.Unity.Gameroom.GameroomFacebook::GetPipeResponse	CALL	v116 @ X0_v7 (System.Collections.Generic.IDictionary`2<System.String, System.Object>)	Type: System.Collections.Generic.IDictionary`2<System.String, System.Object>	4	System.Collections.Generic.IDictionary`2::Add	0x06002A9F	RUNTIME_DISPATCH	System.String,System.Object	EXACT	lookup(receiver, interface class, slot) reaches the dispatch pointer; slot = Il2CppMethodDefinition.slot
Facebook.Unity.MethodArguments::AddCommaSeparatedList	TAIL	v46 @ X20_v3 (System.Collections.Generic.IDictionary`2<System.String, System.Object>)	Type: System.Collections.Generic.IDictionary`2<System.String, System.Object>	1	System.Collections.Generic.IDictionary`2::set_Item	0x06002A9C	RUNTIME_DISPATCH	System.String,System.Object	EXACT	lookup(receiver, interface class, slot) reaches the dispatch pointer; slot = Il2CppMethodDefinition.slot
Facebook.Unity.Gameroom.GameroomFacebook::PayImpl	CALL	v69 @ X24_v1 (Facebook.Unity.Gameroom.IGameroomWrapper)	Type: Facebook.Unity.Gameroom.IGameroomWrapper	4	Facebook.Unity.Gameroom.IGameroomWrapper::DoPayRequest	0x060001DF	RUNTIME_DISPATCH		EXACT	lookup(receiver, interface class, slot) reaches the dispatch pointer; slot = Il2CppMethodDefinition.slot
Facebook.Unity.MethodArguments::AddDictionary	TAIL	v46 @ X20_v3 (System.Collections.Generic.IDictionary`2<System.String, System.Object>)	Type: System.Collections.Generic.IDictionary`2<System.String, System.Object>	1	System.Collections.Generic.IDictionary`2::set_Item	0x06002A9C	RUNTIME_DISPATCH	System.String,System.Object	EXACT	lookup(receiver, interface class, slot) reaches the dispatch pointer; slot = Il2CppMethodDefinition.slot
Facebook.Unity.Utilities::AddAllKVPFrom	CALL	source @ X1 (System.Collections.Generic.IDictionary`2<T1, T2>)	Type: Il2CppClass<System.Collections.Generic.IDictionary`2<T1, T2>>	2	System.Collections.Generic.IDictionary`2::get_Keys	0x06002A9D	RUNTIME_DISPATCH	T1,T2	EXACT	lookup(receiver, interface class, slot) reaches the dispatch pointer; slot = Il2CppMethodDefinition.slot
Facebook.Unity.Utilities::AddAllKVPFrom	CALL	v169 @ X0_v23 (System.Collections.IEnumerator)	Type: Il2CppClass<System.Collections.Generic.IEnumerable`1<T1>>	0	System.Collections.Generic.IEnumerable`1::GetEnumerator	0x06002AA2	RUNTIME_DISPATCH	T1	EXACT	lookup(receiver, interface class, slot) reaches the dispatch pointer; slot = Il2CppMethodDefinition.slot
Facebook.Unity.Utilities::AddAllKVPFrom	CALL	v555 @ X0_v27 (System.Collections.IEnumerator)	Type: Il2CppClass<System.Collections.Generic.IEnumerator`1<T1>>	0	System.Collections.Generic.IEnumerator`1::get_Current	0x06002AA3	RUNTIME_DISPATCH	T1	EXACT	lookup(receiver, interface class, slot) reaches the dispatch pointer; slot = Il2CppMethodDefinition.slot
Facebook.Unity.Utilities::AddAllKVPFrom	CALL	source @ X1 (System.Collections.Generic.IDictionary`2<T1, T2>)	Type: Il2CppClass<System.Collections.Generic.IDictionary`2<T1, T2>>	0	System.Collections.Generic.IDictionary`2::get_Item	0x06002A9B	RUNTIME_DISPATCH	T1,T2	EXACT	lookup(receiver, interface class, slot) reaches the dispatch pointer; slot = Il2CppMethodDefinition.slot
Facebook.Unity.Utilities::AddAllKVPFrom	CALL	dest @ X0 (System.Collections.Generic.IDictionary`2<T1, T2>)	Type: Il2CppClass<System.Collections.Generic.IDictionary`2<T1, T2>>	1	System.Collections.Generic.IDictionary`2::set_Item	0x06002A9C	RUNTIME_DISPATCH	T1,T2	EXACT	lookup(receiver, interface class, slot) reaches the dispatch pointer; slot = Il2CppMethodDefinition.slot
Facebook.Unity.MethodArguments::AddList	TAIL	v46 @ X21_v3 (System.Collections.Generic.IDictionary`2<System.String, System.Object>)	Type: System.Collections.Generic.IDictionary`2<System.String, System.Object>	1	System.Collections.Generic.IDictionary`2::set_Item	0x06002A9C	RUNTIME_DISPATCH	System.String,System.Object	EXACT	lookup(receiver, interface class, slot) reaches the dispatch pointer; slot = Il2CppMethodDefinition.slot
Facebook.Unity.Gameroom.GameroomFacebook::LoginWithPermissions	TAIL	v50 @ X20_v1 (Facebook.Unity.Gameroom.IGameroomWrapper)	Type: Facebook.Unity.Gameroom.IGameroomWrapper	3	Facebook.Unity.Gameroom.IGameroomWrapper::DoLoginRequest	0x060001DE	RUNTIME_DISPATCH		EXACT	lookup(receiver, interface class, slot) reaches the dispatch pointer; slot = Il2CppMethodDefinition.slot
Facebook.Unity.MethodArguments::AddUri	TAIL	v90 @ X20_v4 (System.Collections.Generic.IDictionary`2<System.String, System.Object>)	Type: System.Collections.Generic.IDictionary`2<System.String, System.Object>	1	System.Collections.Generic.IDictionary`2::set_Item	0x06002A9C	RUNTIME_DISPATCH	System.String,System.Object	EXACT	lookup(receiver, interface class, slot) reaches the dispatch pointer; slot = Il2CppMethodDefinition.slot
Facebook.Unity.Gameroom.GameroomFacebookGameObject+<WaitForPipeResponse>d__4::MoveNext	CALL	v207 @ X0_v16 (Facebook.Unity.Gameroom.IGameroomFacebookImplementation)	Type: Facebook.Unity.Gameroom.IGameroomFacebookImplementation	1	Facebook.Unity.Gameroom.IGameroomFacebookImplementation::GetPipeResponse	0x060001DA	RUNTIME_DISPATCH		EXACT	lookup(receiver, interface class, slot) reaches the dispatch pointer; slot = Il2CppMethodDefinition.slot
Facebook.Unity.AccessTokenRefreshResult::.ctor	CALL	v54 @ X0_v7 (System.Collections.Generic.IDictionary`2<System.String, System.Object>)	Type: System.Collections.Generic.IDictionary`2<System.String, System.Object>	3	System.Collections.Generic.IDictionary`2::ContainsKey	0x06002A9E	RUNTIME_DISPATCH	System.String,System.Object	EXACT	lookup(receiver, interface class, slot) reaches the dispatch pointer; slot = Il2CppMethodDefinition.slot
Facebook.Unity.Editor.EditorFacebook::ShareLink	TAIL	v45 @ X19_v2 (Facebook.Unity.Editor.IEditorWrapper)	Type: Facebook.Unity.Editor.IEditorWrapper	4	Facebook.Unity.Editor.IEditorWrapper::ShowMockShareDialog	0x06000222	RUNTIME_DISPATCH		EXACT	lookup(receiver, interface class, slot) reaches the dispatch pointer; slot = Il2CppMethodDefinition.slot
Facebook.Unity.FacebookGameObject::OnLoginComplete	TAIL	v43 @ X19_v2 (Facebook.Unity.IFacebookImplementation)	Type: Facebook.Unity.IFacebookResultHandler	1	Facebook.Unity.IFacebookResultHandler::OnLoginComplete	0x060000C8	RUNTIME_DISPATCH		EXACT	lookup(receiver, interface class, slot) reaches the dispatch pointer; slot = Il2CppMethodDefinition.slot
Facebook.Unity.FacebookGameObject::OnLogoutComplete	TAIL	v43 @ X19_v2 (Facebook.Unity.IFacebookImplementation)	Type: Facebook.Unity.IFacebookResultHandler	2	Facebook.Unity.IFacebookResultHandler::OnLogoutComplete	0x060000C9	RUNTIME_DISPATCH		EXACT	lookup(receiver, interface class, slot) reaches the dispatch pointer; slot = Il2CppMethodDefinition.slot
Facebook.Unity.FacebookGameObject::OnGetAppLinkComplete	TAIL	v43 @ X19_v2 (Facebook.Unity.IFacebookImplementation)	Type: Facebook.Unity.IFacebookResultHandler	3	Facebook.Unity.IFacebookResultHandler::OnGetAppLinkComplete	0x060000CA	RUNTIME_DISPATCH		EXACT	lookup(receiver, interface class, slot) reaches the dispatch pointer; slot = Il2CppMethodDefinition.slot
Facebook.Unity.FacebookGameObject::OnAppRequestsComplete	TAIL	v43 @ X19_v2 (Facebook.Unity.IFacebookImplementation)	Type: Facebook.Unity.IFacebookResultHandler	4	Facebook.Unity.IFacebookResultHandler::OnAppRequestsComplete	0x060000CB	RUNTIME_DISPATCH		EXACT	lookup(receiver, interface class, slot) reaches the dispatch pointer; slot = Il2CppMethodDefinition.slot
Facebook.MiniJSON.Json+Serializer::SerializeObject	CALL	obj @ X1 (System.Collections.IDictionary)	Type: System.Collections.IDictionary	2	System.Collections.IDictionary::get_Keys	0x060028D6	RUNTIME_DISPATCH		EXACT	lookup(receiver, interface class, slot) reaches the dispatch pointer; slot = Il2CppMethodDefinition.slot
Facebook.MiniJSON.Json+Serializer::SerializeObject	CALL	v333 @ X0_v35 (System.Collections.IEnumerator)	Type: System.Collections.IEnumerator	1	System.Collections.IEnumerator::get_Current	0x060028DD	RUNTIME_DISPATCH		EXACT	lookup(receiver, interface class, slot) reaches the dispatch pointer; slot = Il2CppMethodDefinition.slot
Facebook.Unity.Mobile.MobileFacebookGameObject::OnRefreshCurrentAccessTokenComplete	TAIL	v43 @ X0_v3 (Facebook.Unity.Mobile.IMobileFacebookImplementation)	Type: Facebook.Unity.Mobile.IMobileFacebookResultHandler	1	Facebook.Unity.Mobile.IMobileFacebookResultHandler::OnRefreshCurrentAccessTokenComplete	0x0600023D	RUNTIME_DISPATCH		EXACT	lookup(receiver, interface class, slot) reaches the dispatch pointer; slot = Il2CppMethodDefinition.slot
Facebook.Unity.LoginResult::.ctor	CALL	v54 @ X0_v7 (System.Collections.Generic.IDictionary`2<System.String, System.Object>)	Type: System.Collections.Generic.IDictionary`2<System.String, System.Object>	3	System.Collections.Generic.IDictionary`2::ContainsKey	0x06002A9E	RUNTIME_DISPATCH	System.String,System.Object	EXACT	lookup(receiver, interface class, slot) reaches the dispatch pointer; slot = Il2CppMethodDefinition.slot
Facebook.MiniJSON.Json+Serializer::SerializeArray	CALL	v299 @ X0_v32 (System.Collections.IEnumerator)	Type: System.Collections.IEnumerator	1	System.Collections.IEnumerator::get_Current	0x060028DD	RUNTIME_DISPATCH		EXACT	lookup(receiver, interface class, slot) reaches the dispatch pointer; slot = Il2CppMethodDefinition.slot
Facebook.Unity.Mobile.IOS.IOSFacebook::get_SDKVersion	TAIL	v39 @ X19_v2 (Facebook.Unity.Mobile.IOS.IIOSWrapper)	Type: Facebook.Unity.Mobile.IOS.IIOSWrapper	14	Facebook.Unity.Mobile.IOS.IIOSWrapper::FBSdkVersion	0x0600025C	RUNTIME_DISPATCH		EXACT	lookup(receiver, interface class, slot) reaches the dispatch pointer; slot = Il2CppMethodDefinition.slot
Facebook.Unity.Mobile.IOS.IOSFacebook::Init	CALL	v121 @ X20_v3 (Facebook.Unity.Mobile.IOS.IIOSWrapper)	Type: Facebook.Unity.Mobile.IOS.IIOSWrapper	15	Facebook.Unity.Mobile.IOS.IIOSWrapper::FBGetUserID	0x0600025D	RUNTIME_DISPATCH		EXACT	lookup(receiver, interface class, slot) reaches the dispatch pointer; slot = Il2CppMethodDefinition.slot
Facebook.Unity.Mobile.IOS.IOSFacebook::LogInWithReadPermissions	TAIL	v46 @ X19_v2 (Facebook.Unity.Mobile.IOS.IIOSWrapper)	Type: Facebook.Unity.Mobile.IOS.IIOSWrapper	1	Facebook.Unity.Mobile.IOS.IIOSWrapper::LogInWithReadPermissions	0x0600024F	RUNTIME_DISPATCH		EXACT	lookup(receiver, interface class, slot) reaches the dispatch pointer; slot = Il2CppMethodDefinition.slot
Facebook.Unity.CallbackManager::AddFacebookDelegate	CALL	v48 @ X21_v3 (System.Collections.Generic.IDictionary`2<System.String, System.Object>)	Type: System.Collections.Generic.IDictionary`2<System.String, System.Object>	4	System.Collections.Generic.IDictionary`2::Add	0x06002A9F	RUNTIME_DISPATCH	System.String,System.Object	EXACT	lookup(receiver, interface class, slot) reaches the dispatch pointer; slot = Il2CppMethodDefinition.slot
Facebook.Unity.Mobile.IOS.IOSFacebook::LogInWithPublishPermissions	TAIL	v46 @ X19_v2 (Facebook.Unity.Mobile.IOS.IIOSWrapper)	Type: Facebook.Unity.Mobile.IOS.IIOSWrapper	2	Facebook.Unity.Mobile.IOS.IIOSWrapper::LogInWithPublishPermissions	0x06000250	RUNTIME_DISPATCH		EXACT	lookup(receiver, interface class, slot) reaches the dispatch pointer; slot = Il2CppMethodDefinition.slot
Facebook.Unity.Mobile.IOS.IOSFacebook::LogOut	TAIL	v54 @ X19_v2 (Facebook.Unity.Mobile.IOS.IIOSWrapper)	Type: Facebook.Unity.Mobile.IOS.IIOSWrapper	3	Facebook.Unity.Mobile.IOS.IIOSWrapper::LogOut	0x06000251	RUNTIME_DISPATCH		EXACT	lookup(receiver, interface class, slot) reaches the dispatch pointer; slot = Il2CppMethodDefinition.slot
Facebook.Unity.CallbackManager::OnFacebookResponse	CALL	v160 @ X21_v4 (System.Collections.Generic.IDictionary`2<System.String, System.Object>)	Type: System.Collections.Generic.IDictionary`2<System.String, System.Object>	6	System.Collections.Generic.IDictionary`2::TryGetValue	0x06002AA1	RUNTIME_DISPATCH	System.String,System.Object	EXACT	lookup(receiver, interface class, slot) reaches the dispatch pointer; slot = Il2CppMethodDefinition.slot
Facebook.Unity.Editor.Dialogs.MockLoginDialog::<SendSuccessResult>b__4_0	CALL	graphResult @ X1 (Facebook.Unity.IGraphResult)	Type: Facebook.Unity.IResult	1	Facebook.Unity.IResult::get_ResultDictionary	0x060000FE	RUNTIME_DISPATCH		EXACT	lookup(receiver, interface class, slot) reaches the dispatch pointer; slot = Il2CppMethodDefinition.slot
Facebook.Unity.Mobile.IOS.IOSFacebook::AppRequest	CALL	v126 @ X22_v2 (Facebook.Unity.Mobile.IOS.IIOSWrapper)	Type: Facebook.Unity.Mobile.IOS.IIOSWrapper	7	Facebook.Unity.Mobile.IOS.IIOSWrapper::AppRequest	0x06000255	RUNTIME_DISPATCH		EXACT	lookup(receiver, interface class, slot) reaches the dispatch pointer; slot = Il2CppMethodDefinition.slot
Facebook.Unity.ResultBase::GetCancelledValue	CALL	result @ X0 (System.Collections.Generic.IDictionary`2<System.String, System.Object>)	Type: System.Collections.Generic.IDictionary`2<System.String, System.Object>	6	System.Collections.Generic.IDictionary`2::TryGetValue	0x06002AA1	RUNTIME_DISPATCH	System.String,System.Object	EXACT	lookup(receiver, interface class, slot) reaches the dispatch pointer; slot = Il2CppMethodDefinition.slot
Facebook.Unity.ResultContainer::GetWebFormattedResponseDictionary	CALL	0	Type: System.Collections.Generic.IDictionary`2<System.String, System.Object>	1	System.Collections.Generic.IDictionary`2::set_Item	0x06002A9C	RUNTIME_DISPATCH	System.String,System.Object	EXACT	lookup(receiver, interface class, slot) reaches the dispatch pointer; slot = Il2CppMethodDefinition.slot
Facebook.Unity.Constants::get_GraphApiUserAgent	CALL	v76 @ X0_v9 (Facebook.Unity.IFacebook)	Type: Facebook.Unity.IFacebook	3	Facebook.Unity.IFacebook::get_SDKUserAgent	0x060000B5	RUNTIME_DISPATCH		EXACT	lookup(receiver, interface class, slot) reaches the dispatch pointer; slot = Il2CppMethodDefinition.slot
Facebook.Unity.Mobile.IOS.IOSFacebook::FeedShare	TAIL	v121 @ X28_v4 (Facebook.Unity.Mobile.IOS.IIOSWrapper)	Type: Facebook.Unity.Mobile.IOS.IIOSWrapper	6	Facebook.Unity.Mobile.IOS.IIOSWrapper::FeedShare	0x06000254	RUNTIME_DISPATCH		EXACT	lookup(receiver, interface class, slot) reaches the dispatch pointer; slot = Il2CppMethodDefinition.slot
Facebook.Unity.Mobile.IOS.IOSFacebook::ActivateApp	TAIL	v39 @ X19_v2 (Facebook.Unity.Mobile.IOS.IIOSWrapper)	Type: Facebook.Unity.Mobile.IOS.IIOSWrapper	8	Facebook.Unity.Mobile.IOS.IIOSWrapper::FBAppEventsActivateApp	0x06000256	RUNTIME_DISPATCH		EXACT	lookup(receiver, interface class, slot) reaches the dispatch pointer; slot = Il2CppMethodDefinition.slot
Facebook.Unity.Mobile.IOS.IOSFacebook::FetchDeferredAppLink	TAIL	v43 @ X19_v2 (Facebook.Unity.Mobile.IOS.IIOSWrapper)	Type: Facebook.Unity.Mobile.IOS.IIOSWrapper	16	Facebook.Unity.Mobile.IOS.IIOSWrapper::FetchDeferredAppLink	0x0600025E	RUNTIME_DISPATCH		EXACT	lookup(receiver, interface class, slot) reaches the dispatch pointer; slot = Il2CppMethodDefinition.slot
Facebook.Unity.Editor.Dialogs.MockLoginDialog+<>c__DisplayClass4_0::<SendSuccessResult>b__1	CALL	permResult @ X1 (Facebook.Unity.IGraphResult)	Type: Facebook.Unity.IResult	1	Facebook.Unity.IResult::get_ResultDictionary	0x060000FE	RUNTIME_DISPATCH		EXACT	lookup(receiver, interface class, slot) reaches the dispatch pointer; slot = Il2CppMethodDefinition.slot
Facebook.Unity.Editor.Dialogs.MockLoginDialog+<>c__DisplayClass4_0::<SendSuccessResult>b__1	CALL	v459 @ X0_v63 (System.Collections.Generic.IDictionary`2<System.String, System.Object>)	Type: System.Collections.Generic.IDictionary`2<System.String, System.Object>	4	System.Collections.Generic.IDictionary`2::Add	0x06002A9F	RUNTIME_DISPATCH	System.String,System.Object	EXACT	lookup(receiver, interface class, slot) reaches the dispatch pointer; slot = Il2CppMethodDefinition.slot
Facebook.Unity.Editor.Dialogs.MockLoginDialog+<>c__DisplayClass4_0::<SendSuccessResult>b__1	CALL	v459 @ X0_v63 (System.Collections.Generic.IDictionary`2<System.String, System.Object>)	Type: System.Collections.Generic.IDictionary`2<System.String, System.Object>	4	System.Collections.Generic.IDictionary`2::Add	0x06002A9F	RUNTIME_DISPATCH	System.String,System.Object	EXACT	lookup(receiver, interface class, slot) reaches the dispatch pointer; slot = Il2CppMethodDefinition.slot
Facebook.Unity.Editor.Dialogs.MockLoginDialog+<>c__DisplayClass4_0::<SendSuccessResult>b__1	CALL	v459 @ X0_v63 (System.Collections.Generic.IDictionary`2<System.String, System.Object>)	Type: System.Collections.Generic.IDictionary`2<System.String, System.Object>	1	System.Collections.Generic.IDictionary`2::set_Item	0x06002A9C	RUNTIME_DISPATCH	System.String,System.Object	EXACT	lookup(receiver, interface class, slot) reaches the dispatch pointer; slot = Il2CppMethodDefinition.slot
Facebook.Unity.Mobile.IOS.IOSFacebook::GetAppLink	TAIL	v45 @ X19_v3 (Facebook.Unity.Mobile.IOS.IIOSWrapper)	Type: Facebook.Unity.Mobile.IOS.IIOSWrapper	12	Facebook.Unity.Mobile.IOS.IIOSWrapper::GetAppLink	0x0600025A	RUNTIME_DISPATCH		EXACT	lookup(receiver, interface class, slot) reaches the dispatch pointer; slot = Il2CppMethodDefinition.slot
Facebook.Unity.Mobile.IOS.IOSFacebook::SetShareDialogMode	TAIL	v42 @ X20_v2 (Facebook.Unity.Mobile.IOS.IIOSWrapper)	Type: Facebook.Unity.Mobile.IOS.IIOSWrapper	4	Facebook.Unity.Mobile.IOS.IIOSWrapper::SetShareDialogMode	0x06000252	RUNTIME_DISPATCH		EXACT	lookup(receiver, interface class, slot) reaches the dispatch pointer; slot = Il2CppMethodDefinition.slot
Facebook.Unity.Canvas.CanvasFacebook+CanvasUIMethodCall`1::UI	CALL	v55 @ X24_v4 (Facebook.Unity.Canvas.ICanvasJSWrapper)	Type: Facebook.Unity.Canvas.ICanvasJSWrapper	1	Facebook.Unity.Canvas.ICanvasJSWrapper::DisableFullScreen	0x060002DE	RUNTIME_DISPATCH		EXACT	lookup(receiver, interface class, slot) reaches the dispatch pointer; slot = Il2CppMethodDefinition.slot
Facebook.Unity.Canvas.CanvasFacebook+CanvasUIMethodCall`1::UI	TAIL	v128 @ X21_v4 (Facebook.Unity.Canvas.ICanvasJSWrapper)	Type: Facebook.Unity.Canvas.ICanvasJSWrapper	8	Facebook.Unity.Canvas.ICanvasJSWrapper::Ui	0x060002E5	RUNTIME_DISPATCH		EXACT	lookup(receiver, interface class, slot) reaches the dispatch pointer; slot = Il2CppMethodDefinition.slot
Facebook.Unity.FacebookLogger::Info	TAIL	v77 @ X20_v4 (Facebook.Unity.IFacebookLogger)	Type: Facebook.Unity.IFacebookLogger	1	Facebook.Unity.IFacebookLogger::Info	0x06000145	RUNTIME_DISPATCH		EXACT	lookup(receiver, interface class, slot) reaches the dispatch pointer; slot = Il2CppMethodDefinition.slot
Facebook.Unity.FacebookLogger::Warn	TAIL	v77 @ X20_v4 (Facebook.Unity.IFacebookLogger)	Type: Facebook.Unity.IFacebookLogger	2	Facebook.Unity.IFacebookLogger::Warn	0x06000146	RUNTIME_DISPATCH		EXACT	lookup(receiver, interface class, slot) reaches the dispatch pointer; slot = Il2CppMethodDefinition.slot
Facebook.Unity.FB::get_IsInitialized	TAIL	v72 @ X19_v4 (Facebook.Unity.IFacebook)	Type: Facebook.Unity.IFacebook	4	Facebook.Unity.IFacebook::get_Initialized	0x060000B6	RUNTIME_DISPATCH		EXACT	lookup(receiver, interface class, slot) reaches the dispatch pointer; slot = Il2CppMethodDefinition.slot
Facebook.Unity.FB::get_LimitAppEventUsage	TAIL	v72 @ X19_v4 (Facebook.Unity.IFacebook)	Type: Facebook.Unity.IFacebook	1	Facebook.Unity.IFacebook::get_LimitEventUsage	0x060000B3	RUNTIME_DISPATCH		EXACT	lookup(receiver, interface class, slot) reaches the dispatch pointer; slot = Il2CppMethodDefinition.slot
Facebook.Unity.Canvas.CanvasFacebook+<>c__DisplayClass47_0::<FormatAuthResponse>b__0	CALL	r @ X1 (Facebook.Unity.IGraphResult)	Type: Facebook.Unity.IResult	1	Facebook.Unity.IResult::get_ResultDictionary	0x060000FE	RUNTIME_DISPATCH		EXACT	lookup(receiver, interface class, slot) reaches the dispatch pointer; slot = Il2CppMethodDefinition.slot
Facebook.Unity.Canvas.CanvasFacebook+<>c__DisplayClass47_0::<FormatAuthResponse>b__0	CALL	r @ X1 (Facebook.Unity.IGraphResult)	Type: Facebook.Unity.IResult	1	Facebook.Unity.IResult::get_ResultDictionary	0x060000FE	RUNTIME_DISPATCH		EXACT	lookup(receiver, interface class, slot) reaches the dispatch pointer; slot = Il2CppMethodDefinition.slot
Facebook.Unity.Canvas.CanvasFacebookGameObject::OnFacebookAuthResponseChange	TAIL	v43 @ X0_v3 (Facebook.Unity.Canvas.ICanvasFacebookImplementation)	Type: Facebook.Unity.Canvas.ICanvasFacebookResultHandler	1	Facebook.Unity.Canvas.ICanvasFacebookResultHandler::OnFacebookAuthResponseChange	0x060002DA	RUNTIME_DISPATCH		EXACT	lookup(receiver, interface class, slot) reaches the dispatch pointer; slot = Il2CppMethodDefinition.slot
Facebook.Unity.Canvas.CanvasFacebookGameObject::OnUrlResponse	TAIL	v43 @ X0_v3 (Facebook.Unity.Canvas.ICanvasFacebookImplementation)	Type: Facebook.Unity.Canvas.ICanvasFacebookResultHandler	2	Facebook.Unity.Canvas.ICanvasFacebookResultHandler::OnUrlResponse	0x060002DB	RUNTIME_DISPATCH		EXACT	lookup(receiver, interface class, slot) reaches the dispatch pointer; slot = Il2CppMethodDefinition.slot
Facebook.Unity.Canvas.CanvasFacebookGameObject::OnHideUnity	TAIL	v43 @ X0_v3 (Facebook.Unity.Canvas.ICanvasFacebookImplementation)	Type: Facebook.Unity.Canvas.ICanvasFacebookResultHandler	3	Facebook.Unity.Canvas.ICanvasFacebookResultHandler::OnHideUnity	0x060002DC	RUNTIME_DISPATCH		EXACT	lookup(receiver, interface class, slot) reaches the dispatch pointer; slot = Il2CppMethodDefinition.slot
Facebook.Unity.Canvas.JsBridge::OnLoginComplete	TAIL	v42 @ X20_v2 (Facebook.Unity.Canvas.ICanvasFacebookCallbackHandler)	Type: Facebook.Unity.IFacebookCallbackHandler	1	Facebook.Unity.IFacebookCallbackHandler::OnLoginComplete	0x060000C4	RUNTIME_DISPATCH		EXACT	lookup(receiver, interface class, slot) reaches the dispatch pointer; slot = Il2CppMethodDefinition.slot
Facebook.Unity.Canvas.JsBridge::OnFacebookAuthResponseChange	TAIL	v42 @ X20_v2 (Facebook.Unity.Canvas.ICanvasFacebookCallbackHandler)	Type: Facebook.Unity.Canvas.ICanvasFacebookCallbackHandler	1	Facebook.Unity.Canvas.ICanvasFacebookCallbackHandler::OnFacebookAuthResponseChange	0x060002D6	RUNTIME_DISPATCH		EXACT	lookup(receiver, interface class, slot) reaches the dispatch pointer; slot = Il2CppMethodDefinition.slot
Facebook.Unity.Canvas.JsBridge::OnAppRequestsComplete	TAIL	v42 @ X20_v2 (Facebook.Unity.Canvas.ICanvasFacebookCallbackHandler)	Type: Facebook.Unity.IFacebookCallbackHandler	2	Facebook.Unity.IFacebookCallbackHandler::OnAppRequestsComplete	0x060000C5	RUNTIME_DISPATCH		EXACT	lookup(receiver, interface class, slot) reaches the dispatch pointer; slot = Il2CppMethodDefinition.slot
Facebook.Unity.Canvas.JsBridge::OnShareLinkComplete	TAIL	v42 @ X20_v2 (Facebook.Unity.Canvas.ICanvasFacebookCallbackHandler)	Type: Facebook.Unity.IFacebookCallbackHandler	3	Facebook.Unity.IFacebookCallbackHandler::OnShareLinkComplete	0x060000C6	RUNTIME_DISPATCH		EXACT	lookup(receiver, interface class, slot) reaches the dispatch pointer; slot = Il2CppMethodDefinition.slot
Facebook.Unity.Canvas.JsBridge::OnFacebookFocus	TAIL	v43 @ X19_v2 (Facebook.Unity.Canvas.ICanvasFacebookCallbackHandler)	Type: Facebook.Unity.Canvas.ICanvasFacebookCallbackHandler	3	Facebook.Unity.Canvas.ICanvasFacebookCallbackHandler::OnHideUnity	0x060002D8	RUNTIME_DISPATCH		EXACT	lookup(receiver, interface class, slot) reaches the dispatch pointer; slot = Il2CppMethodDefinition.slot
Facebook.Unity.Canvas.JsBridge::OnUrlResponse	TAIL	v42 @ X20_v2 (Facebook.Unity.Canvas.ICanvasFacebookCallbackHandler)	Type: Facebook.Unity.Canvas.ICanvasFacebookCallbackHandler	2	Facebook.Unity.Canvas.ICanvasFacebookCallbackHandler::OnUrlResponse	0x060002D7	RUNTIME_DISPATCH		EXACT	lookup(receiver, interface class, slot) reaches the dispatch pointer; slot = Il2CppMethodDefinition.slot
Facebook.Unity.Mobile.Android.AndroidFacebook::CallFB	TAIL	v46 @ X20_v2 (Facebook.Unity.Mobile.Android.IAndroidWrapper)	Type: Facebook.Unity.Mobile.Android.IAndroidWrapper	1	Facebook.Unity.Mobile.Android.IAndroidWrapper::CallStatic	0x060002A4	RUNTIME_DISPATCH		EXACT	lookup(receiver, interface class, slot) reaches the dispatch pointer; slot = Il2CppMethodDefinition.slot
Facebook.Unity.Canvas.CanvasFacebook::LogInWithPublishPermissions	CALL	v47 @ X22_v2 (Facebook.Unity.Canvas.ICanvasJSWrapper)	Type: Facebook.Unity.Canvas.ICanvasJSWrapper	1	Facebook.Unity.Canvas.ICanvasJSWrapper::DisableFullScreen	0x060002DE	RUNTIME_DISPATCH		EXACT	lookup(receiver, interface class, slot) reaches the dispatch pointer; slot = Il2CppMethodDefinition.slot
Facebook.Unity.Canvas.CanvasFacebook::LogInWithPublishPermissions	TAIL	v107 @ X21_v4 (Facebook.Unity.Canvas.ICanvasJSWrapper)	Type: Facebook.Unity.Canvas.ICanvasJSWrapper	3	Facebook.Unity.Canvas.ICanvasJSWrapper::Login	0x060002E0	RUNTIME_DISPATCH		EXACT	lookup(receiver, interface class, slot) reaches the dispatch pointer; slot = Il2CppMethodDefinition.slot
Facebook.Unity.Canvas.CanvasFacebook::LogInWithReadPermissions	CALL	v47 @ X22_v2 (Facebook.Unity.Canvas.ICanvasJSWrapper)	Type: Facebook.Unity.Canvas.ICanvasJSWrapper	1	Facebook.Unity.Canvas.ICanvasJSWrapper::DisableFullScreen	0x060002DE	RUNTIME_DISPATCH		EXACT	lookup(receiver, interface class, slot) reaches the dispatch pointer; slot = Il2CppMethodDefinition.slot
Facebook.Unity.Canvas.CanvasFacebook::LogInWithReadPermissions	TAIL	v107 @ X21_v4 (Facebook.Unity.Canvas.ICanvasJSWrapper)	Type: Facebook.Unity.Canvas.ICanvasJSWrapper	3	Facebook.Unity.Canvas.ICanvasJSWrapper::Login	0x060002E0	RUNTIME_DISPATCH		EXACT	lookup(receiver, interface class, slot) reaches the dispatch pointer; slot = Il2CppMethodDefinition.slot
Facebook.Unity.Canvas.CanvasFacebook::LogOut	TAIL	v54 @ X19_v2 (Facebook.Unity.Canvas.ICanvasJSWrapper)	Type: Facebook.Unity.Canvas.ICanvasJSWrapper	4	Facebook.Unity.Canvas.ICanvasJSWrapper::Logout	0x060002E1	RUNTIME_DISPATCH		EXACT	lookup(receiver, interface class, slot) reaches the dispatch pointer; slot = Il2CppMethodDefinition.slot
Facebook.Unity.Gameroom.GameroomFacebook::Init	TAIL	v46 @ X19_v2 (Facebook.Unity.Gameroom.IGameroomWrapper)	Type: Facebook.Unity.Gameroom.IGameroomWrapper	2	Facebook.Unity.Gameroom.IGameroomWrapper::Init	0x060001DD	RUNTIME_DISPATCH		EXACT	lookup(receiver, interface class, slot) reaches the dispatch pointer; slot = Il2CppMethodDefinition.slot
Facebook.Unity.Gameroom.GameroomFacebook::AppRequest	CALL	v183 @ X26_v6 (Facebook.Unity.Gameroom.IGameroomWrapper)	Type: Facebook.Unity.Gameroom.IGameroomWrapper	6	Facebook.Unity.Gameroom.IGameroomWrapper::DoAppRequestRequest	0x060001E1	RUNTIME_DISPATCH		EXACT	lookup(receiver, interface class, slot) reaches the dispatch pointer; slot = Il2CppMethodDefinition.slot
Facebook.Unity.Canvas.CanvasFacebook::AppEventsLogEvent	TAIL	v50 @ X21_v2 (Facebook.Unity.Canvas.ICanvasJSWrapper)	Type: Facebook.Unity.Canvas.ICanvasJSWrapper	6	Facebook.Unity.Canvas.ICanvasJSWrapper::LogAppEvent	0x060002E3	RUNTIME_DISPATCH		EXACT	lookup(receiver, interface class, slot) reaches the dispatch pointer; slot = Il2CppMethodDefinition.slot
Facebook.Unity.Canvas.CanvasFacebook::AppEventsLogPurchase	TAIL	v50 @ X20_v2 (Facebook.Unity.Canvas.ICanvasJSWrapper)	Type: Facebook.Unity.Canvas.ICanvasJSWrapper	7	Facebook.Unity.Canvas.ICanvasJSWrapper::LogPurchase	0x060002E4	RUNTIME_DISPATCH		EXACT	lookup(receiver, interface class, slot) reaches the dispatch pointer; slot = Il2CppMethodDefinition.slot
Obi.ObiConstraints`1::.ctor	CALL	v171 @ stack_-78	Type: Obi.IObiConstraintsBatch	7	Obi.IObiConstraintsBatch::Clone	0x0600012E	RUNTIME_DISPATCH		EXACT	lookup(receiver, interface class, slot) reaches the dispatch pointer; slot = Il2CppMethodDefinition.slot
Obi.ObiActor::LoadBlueprintConstraints	CALL	v828 @ X0_v52 (Obi.IObiConstraints)	Type: Obi.IObiConstraints	1	Obi.IObiConstraints::GetConstraintType	0x0600019A	RUNTIME_DISPATCH		EXACT	lookup(receiver, interface class, slot) reaches the dispatch pointer; slot = Il2CppMethodDefinition.slot
Obi.ObiActor::LoadBlueprintConstraints	CALL	v828 @ X0_v52 (Obi.IObiConstraints)	Type: Obi.IObiConstraints	1	Obi.IObiConstraints::GetConstraintType	0x0600019A	RUNTIME_DISPATCH		EXACT	lookup(receiver, interface class, slot) reaches the dispatch pointer; slot = Il2CppMethodDefinition.slot
Obi.ObiActor::LoadBlueprintConstraints	CALL	v828 @ X0_v52 (Obi.IObiConstraints)	Type: Obi.IObiConstraints	7	Obi.IObiConstraints::AddToSolver	0x060001A0	RUNTIME_DISPATCH		EXACT	lookup(receiver, interface class, slot) reaches the dispatch pointer; slot = Il2CppMethodDefinition.slot
Obi.ObiConstraints`1::.ctor	CALL	&v213 @ stack_-88_v2 (Il2CppClass<System.Collections.Generic.List`1<T>+Enumerator<T>>)	Type: System.IDisposable	0	System.IDisposable::Dispose	0x06000921	RUNTIME_DISPATCH		EXACT	lookup(receiver, interface class, slot) reaches the dispatch pointer; slot = Il2CppMethodDefinition.slot
Obi.ObiActor::UnloadBlueprintConstraints	CALL	v138[v169 @ X9_v5 (System.Int32)]	Type: Obi.IObiConstraints	8	Obi.IObiConstraints::RemoveFromSolver	0x060001A1	RUNTIME_DISPATCH		EXACT	lookup(receiver, interface class, slot) reaches the dispatch pointer; slot = Il2CppMethodDefinition.slot
Obi.ObiShapeMatchingConstraintsBatch::OnAddToSolver	CALL	constraints @ X1 (Obi.IObiConstraints)	v652 @ X1_v5	0	Obi.IObiConstraints::GetActor	0x06000199	RUNTIME_DISPATCH		EXACT	lookup(receiver, interface class, slot) reaches the dispatch pointer; slot = Il2CppMethodDefinition.slot
Obi.ObiConstraints`1::GetConstraintCount	CALL	&v224 @ stack_-88_v2 (Il2CppClass<System.Collections.Generic.List`1<T>+Enumerator<T>>)	Type: System.IDisposable	0	System.IDisposable::Dispose	0x06000921	RUNTIME_DISPATCH		EXACT	lookup(receiver, interface class, slot) reaches the dispatch pointer; slot = Il2CppMethodDefinition.slot
Obi.ObiConstraints`1::GetActiveConstraintCount	CALL	v59 @ stack_-78	Type: Obi.IObiConstraintsBatch	1	Obi.IObiConstraintsBatch::get_activeConstraintCount	0x06000128	RUNTIME_DISPATCH		EXACT	lookup(receiver, interface class, slot) reaches the dispatch pointer; slot = Il2CppMethodDefinition.slot
Obi.ObiConstraints`1::GetActiveConstraintCount	CALL	&v224 @ stack_-88_v2 (Il2CppClass<System.Collections.Generic.List`1<T>+Enumerator<T>>)	Type: System.IDisposable	0	System.IDisposable::Dispose	0x06000921	RUNTIME_DISPATCH		EXACT	lookup(receiver, interface class, slot) reaches the dispatch pointer; slot = Il2CppMethodDefinition.slot
Obi.ObiConstraints`1::DeactivateAllConstraints	CALL	v57 @ stack_-68	Type: Obi.IObiConstraintsBatch	12	Obi.IObiConstraintsBatch::DeactivateAllConstraints	0x06000133	RUNTIME_DISPATCH		EXACT	lookup(receiver, interface class, slot) reaches the dispatch pointer; slot = Il2CppMethodDefinition.slot
Obi.ObiConstraints`1::DeactivateAllConstraints	CALL	&v215 @ stack_-78_v2 (Il2CppClass<System.Collections.Generic.List`1<T>+Enumerator<T>>)	Type: System.IDisposable	0	System.IDisposable::Dispose	0x06000921	RUNTIME_DISPATCH		EXACT	lookup(receiver, interface class, slot) reaches the dispatch pointer; slot = Il2CppMethodDefinition.slot
Obi.ObiConstraints`1::AddToSolver	CALL	v96 @ stack_-78	Type: Obi.IObiConstraintsBatch	8	Obi.IObiConstraintsBatch::AddToSolver	0x0600012F	RUNTIME_DISPATCH		EXACT	lookup(receiver, interface class, slot) reaches the dispatch pointer; slot = Il2CppMethodDefinition.slot
Obi.ObiConstraints`1::AddToSolver	CALL	&v150 @ stack_-88_v7 (Il2CppClass<System.Collections.Generic.List`1<T>+Enumerator<T>>)	Type: System.IDisposable	0	System.IDisposable::Dispose	0x06000921	RUNTIME_DISPATCH		EXACT	lookup(receiver, interface class, slot) reaches the dispatch pointer; slot = Il2CppMethodDefinition.slot
Obi.ObiConstraints`1::RemoveFromSolver	CALL	&v145 @ stack_-88_v3 (Il2CppClass<System.Collections.Generic.List`1<T>+Enumerator<T>>)	Type: System.IDisposable	0	System.IDisposable::Dispose	0x06000921	RUNTIME_DISPATCH		EXACT	lookup(receiver, interface class, slot) reaches the dispatch pointer; slot = Il2CppMethodDefinition.slot
Obi.ObiConstraints`1::GenerateBatchDependencies	CALL	v60 @ stack_-78 (System.Int32)	Type: Obi.IObiConstraintsBatch	6	Obi.IObiConstraintsBatch::get_oniBatch	0x0600012D	RUNTIME_DISPATCH		EXACT	lookup(receiver, interface class, slot) reaches the dispatch pointer; slot = Il2CppMethodDefinition.slot
Obi.ObiConstraints`1::GenerateBatchDependencies	CALL	v295 @ X20_v9 (System.Int32)	Type: Obi.IObiConstraintsBatch	6	Obi.IObiConstraintsBatch::get_oniBatch	0x0600012D	RUNTIME_DISPATCH		EXACT	lookup(receiver, interface class, slot) reaches the dispatch pointer; slot = Il2CppMethodDefinition.slot
Obi.ObiConstraints`1::GenerateBatchDependencies	CALL	&v117 @ stack_-88_v3 (Il2CppClass<System.Collections.Generic.List`1<T>+Enumerator<T>>)	Type: System.IDisposable	0	System.IDisposable::Dispose	0x06000921	RUNTIME_DISPATCH		EXACT	lookup(receiver, interface class, slot) reaches the dispatch pointer; slot = Il2CppMethodDefinition.slot
Obi.ObiConstraints`1::SetEnabled	CALL	&v216 @ stack_-78_v2 (Il2CppClass<System.Collections.Generic.List`1<T>+Enumerator<T>>)	Type: System.IDisposable	0	System.IDisposable::Dispose	0x06000921	RUNTIME_DISPATCH		EXACT	lookup(receiver, interface class, slot) reaches the dispatch pointer; slot = Il2CppMethodDefinition.slot
Obi.CastedList`2::System.Collections.IEnumerable.GetEnumerator	TAIL	v10 @ X19_v1 (System.Collections.Generic.IList`1<TFrom>)	Type: Il2CppClass<System.Collections.Generic.IEnumerable`1<TFrom>>	0	System.Collections.Generic.IEnumerable`1::GetEnumerator	0x06002AA2	RUNTIME_DISPATCH	TFrom	EXACT	lookup(receiver, interface class, slot) reaches the dispatch pointer; slot = Il2CppMethodDefinition.slot
Obi.CastedList`2::GetEnumerator	CALL	v12 @ X20_v1 (System.Collections.Generic.IList`1<TFrom>)	Type: Il2CppClass<System.Collections.Generic.IEnumerable`1<TFrom>>	0	System.Collections.Generic.IEnumerable`1::GetEnumerator	0x06002AA2	RUNTIME_DISPATCH	TFrom	EXACT	lookup(receiver, interface class, slot) reaches the dispatch pointer; slot = Il2CppMethodDefinition.slot
Obi.CastedList`2::get_Count	TAIL	v10 @ X19_v1 (System.Collections.Generic.IList`1<TFrom>)	Type: Il2CppClass<System.Collections.Generic.ICollection`1<TFrom>>	0	System.Collections.Generic.ICollection`1::get_Count	0x06002A93	RUNTIME_DISPATCH	TFrom	EXACT	lookup(receiver, interface class, slot) reaches the dispatch pointer; slot = Il2CppMethodDefinition.slot
Obi.CastedList`2::get_IsReadOnly	TAIL	v10 @ X19_v1 (System.Collections.Generic.IList`1<TFrom>)	Type: Il2CppClass<System.Collections.Generic.ICollection`1<TFrom>>	1	System.Collections.Generic.ICollection`1::get_IsReadOnly	0x06002A94	RUNTIME_DISPATCH	TFrom	EXACT	lookup(receiver, interface class, slot) reaches the dispatch pointer; slot = Il2CppMethodDefinition.slot
Obi.CastedList`2::Add	TAIL	v16 @ X19_v1 (System.Collections.Generic.IList`1<TFrom>)	Type: Il2CppClass<System.Collections.Generic.ICollection`1<TFrom>>	2	System.Collections.Generic.ICollection`1::Add	0x06002A95	RUNTIME_DISPATCH	TFrom	EXACT	lookup(receiver, interface class, slot) reaches the dispatch pointer; slot = Il2CppMethodDefinition.slot
Obi.CastedList`2::Clear	TAIL	v10 @ X19_v1 (System.Collections.Generic.IList`1<TFrom>)	Type: Il2CppClass<System.Collections.Generic.ICollection`1<TFrom>>	3	System.Collections.Generic.ICollection`1::Clear	0x06002A96	RUNTIME_DISPATCH	TFrom	EXACT	lookup(receiver, interface class, slot) reaches the dispatch pointer; slot = Il2CppMethodDefinition.slot
Obi.CastedList`2::Contains	TAIL	v16 @ X19_v1 (System.Collections.Generic.IList`1<TFrom>)	Type: Il2CppClass<System.Collections.Generic.ICollection`1<TFrom>>	4	System.Collections.Generic.ICollection`1::Contains	0x06002A97	RUNTIME_DISPATCH	TFrom	EXACT	lookup(receiver, interface class, slot) reaches the dispatch pointer; slot = Il2CppMethodDefinition.slot
Obi.CastedList`2::CopyTo	TAIL	v18 @ X20_v1 (System.Collections.Generic.IList`1<TFrom>)	Type: Il2CppClass<System.Collections.Generic.ICollection`1<TFrom>>	5	System.Collections.Generic.ICollection`1::CopyTo	0x06002A98	RUNTIME_DISPATCH	TFrom	EXACT	lookup(receiver, interface class, slot) reaches the dispatch pointer; slot = Il2CppMethodDefinition.slot
Obi.CastedList`2::Remove	TAIL	v16 @ X19_v1 (System.Collections.Generic.IList`1<TFrom>)	Type: Il2CppClass<System.Collections.Generic.ICollection`1<TFrom>>	6	System.Collections.Generic.ICollection`1::Remove	0x06002A99	RUNTIME_DISPATCH	TFrom	EXACT	lookup(receiver, interface class, slot) reaches the dispatch pointer; slot = Il2CppMethodDefinition.slot
Obi.CastedList`2::get_Item	CALL	v14 @ X21_v1 (System.Collections.Generic.IList`1<TFrom>)	Type: Il2CppClass<System.Collections.Generic.IList`1<TFrom>>	0	System.Collections.Generic.IList`1::get_Item	0x06002AA6	RUNTIME_DISPATCH	TFrom	EXACT	lookup(receiver, interface class, slot) reaches the dispatch pointer; slot = Il2CppMethodDefinition.slot
Obi.CastedList`2::set_Item	TAIL	v18 @ X20_v1 (System.Collections.Generic.IList`1<TFrom>)	Type: Il2CppClass<System.Collections.Generic.IList`1<TFrom>>	1	System.Collections.Generic.IList`1::set_Item	0x06002AA7	RUNTIME_DISPATCH	TFrom	EXACT	lookup(receiver, interface class, slot) reaches the dispatch pointer; slot = Il2CppMethodDefinition.slot
Obi.CastedList`2::IndexOf	TAIL	v16 @ X19_v1 (System.Collections.Generic.IList`1<TFrom>)	Type: Il2CppClass<System.Collections.Generic.IList`1<TFrom>>	2	System.Collections.Generic.IList`1::IndexOf	0x06002AA8	RUNTIME_DISPATCH	TFrom	EXACT	lookup(receiver, interface class, slot) reaches the dispatch pointer; slot = Il2CppMethodDefinition.slot
Obi.CastedList`2::Insert	TAIL	v18 @ X20_v1 (System.Collections.Generic.IList`1<TFrom>)	Type: Il2CppClass<System.Collections.Generic.IList`1<TFrom>>	3	System.Collections.Generic.IList`1::Insert	0x06002AA9	RUNTIME_DISPATCH	TFrom	EXACT	lookup(receiver, interface class, slot) reaches the dispatch pointer; slot = Il2CppMethodDefinition.slot
Obi.CastedList`2::RemoveAt	TAIL	v12 @ X20_v1 (System.Collections.Generic.IList`1<TFrom>)	Type: Il2CppClass<System.Collections.Generic.IList`1<TFrom>>	4	System.Collections.Generic.IList`1::RemoveAt	0x06002AAA	RUNTIME_DISPATCH	TFrom	EXACT	lookup(receiver, interface class, slot) reaches the dispatch pointer; slot = Il2CppMethodDefinition.slot
Obi.CastedEnumerator`2::System.Collections.IEnumerator.get_Current	TAIL	v10 @ X19_v1 (System.Collections.Generic.IEnumerator`1<TFrom>)	Type: Il2CppClass<System.Collections.Generic.IEnumerator`1<TFrom>>	0	System.Collections.Generic.IEnumerator`1::get_Current	0x06002AA3	RUNTIME_DISPATCH	TFrom	EXACT	lookup(receiver, interface class, slot) reaches the dispatch pointer; slot = Il2CppMethodDefinition.slot
Obi.CastedEnumerator`2::Reset	TAIL	v39 @ X19_v2 (System.Collections.Generic.IEnumerator`1<TFrom>)	Type: System.Collections.IEnumerator	2	System.Collections.IEnumerator::Reset	0x060028DE	RUNTIME_DISPATCH		EXACT	lookup(receiver, interface class, slot) reaches the dispatch pointer; slot = Il2CppMethodDefinition.slot
Obi.CastedEnumerator`2::get_Current	CALL	v12 @ X20_v1 (System.Collections.Generic.IEnumerator`1<TFrom>)	Type: Il2CppClass<System.Collections.Generic.IEnumerator`1<TFrom>>	0	System.Collections.Generic.IEnumerator`1::get_Current	0x06002AA3	RUNTIME_DISPATCH	TFrom	EXACT	lookup(receiver, interface class, slot) reaches the dispatch pointer; slot = Il2CppMethodDefinition.slot
Obi.ObiActorBlueprint::DoesParticleShareConstraints	CALL	constraints @ X1 (Obi.IObiConstraints)	Type: Obi.IObiConstraints	2	Obi.IObiConstraints::GetBatchInterfaces	0x0600019B	RUNTIME_DISPATCH		EXACT	lookup(receiver, interface class, slot) reaches the dispatch pointer; slot = Il2CppMethodDefinition.slot
Obi.ObiActorBlueprint::DoesParticleShareConstraints	CALL	v328 @ X0_v40 (Obi.IObiConstraintsBatch)	Type: Obi.IObiConstraintsBatch	1	Obi.IObiConstraintsBatch::get_activeConstraintCount	0x06000128	RUNTIME_DISPATCH		EXACT	lookup(receiver, interface class, slot) reaches the dispatch pointer; slot = Il2CppMethodDefinition.slot
Obi.CoroutineJob::RunSynchronously	CALL	coroutine @ X0 (System.Collections.IEnumerator)	Type: System.Collections.IEnumerator	1	System.Collections.IEnumerator::get_Current	0x060028DD	RUNTIME_DISPATCH		EXACT	lookup(receiver, interface class, slot) reaches the dispatch pointer; slot = Il2CppMethodDefinition.slot
Obi.ObiActorBlueprint::DoesParticleShareConstraints	CALL	v328 @ X0_v40 (Obi.IObiConstraintsBatch)	Type: Obi.IObiConstraintsBatch	15	Obi.IObiConstraintsBatch::GetParticlesInvolved	0x06000136	RUNTIME_DISPATCH		EXACT	lookup(receiver, interface class, slot) reaches the dispatch pointer; slot = Il2CppMethodDefinition.slot
Obi.CoroutineJob+<Start>d__15::MoveNext	CALL	v206 @ X20_v7	Type: System.Collections.IEnumerator	1	System.Collections.IEnumerator::get_Current	0x060028DD	RUNTIME_DISPATCH		EXACT	lookup(receiver, interface class, slot) reaches the dispatch pointer; slot = Il2CppMethodDefinition.slot
Obi.ObiActorBlueprint::DeactivateConstraintsWithInactiveParticles	CALL	constraints @ X1 (Obi.IObiConstraints)	Type: Obi.IObiConstraints	2	Obi.IObiConstraints::GetBatchInterfaces	0x0600019B	RUNTIME_DISPATCH		EXACT	lookup(receiver, interface class, slot) reaches the dispatch pointer; slot = Il2CppMethodDefinition.slot
Obi.ObiActorBlueprint::DeactivateConstraintsWithInactiveParticles	CALL	v840 @ X0_v34 (Obi.IObiConstraintsBatch)	Type: Obi.IObiConstraintsBatch	1	Obi.IObiConstraintsBatch::get_activeConstraintCount	0x06000128	RUNTIME_DISPATCH		EXACT	lookup(receiver, interface class, slot) reaches the dispatch pointer; slot = Il2CppMethodDefinition.slot
Obi.ObiActorBlueprint::DeactivateConstraintsWithInactiveParticles	CALL	v840 @ X0_v34 (Obi.IObiConstraintsBatch)	Type: Obi.IObiConstraintsBatch	15	Obi.IObiConstraintsBatch::GetParticlesInvolved	0x06000136	RUNTIME_DISPATCH		EXACT	lookup(receiver, interface class, slot) reaches the dispatch pointer; slot = Il2CppMethodDefinition.slot
Obi.ObiNativeList`1::AddRange	CALL	v59 @ X0_v4 (System.Collections.Generic.ICollection`1<T>)	Type: Il2CppClass<System.Collections.Generic.ICollection`1<T>>	0	System.Collections.Generic.ICollection`1::get_Count	0x06002A93	RUNTIME_DISPATCH	T	EXACT	lookup(receiver, interface class, slot) reaches the dispatch pointer; slot = Il2CppMethodDefinition.slot
Obi.ObiNativeList`1::AddRange	CALL	v59 @ X0_v4 (System.Collections.Generic.ICollection`1<T>)	Type: Il2CppClass<System.Collections.Generic.ICollection`1<T>>	0	System.Collections.Generic.ICollection`1::get_Count	0x06002A93	RUNTIME_DISPATCH	T	EXACT	lookup(receiver, interface class, slot) reaches the dispatch pointer; slot = Il2CppMethodDefinition.slot
Obi.ObiNativeList`1::AddRange	CALL	v59 @ X0_v4 (System.Collections.Generic.ICollection`1<T>)	Type: Il2CppClass<System.Collections.Generic.IEnumerable`1<T>>	0	System.Collections.Generic.IEnumerable`1::GetEnumerator	0x06002AA2	RUNTIME_DISPATCH	T	EXACT	lookup(receiver, interface class, slot) reaches the dispatch pointer; slot = Il2CppMethodDefinition.slot
Obi.ObiNativeList`1::AddRange	CALL	v678 @ X0_v30 (System.Collections.IEnumerator)	Type: Il2CppClass<System.Collections.Generic.IEnumerator`1<T>>	0	System.Collections.Generic.IEnumerator`1::get_Current	0x06002AA3	RUNTIME_DISPATCH	T	EXACT	lookup(receiver, interface class, slot) reaches the dispatch pointer; slot = Il2CppMethodDefinition.slot
Obi.ObiActorBlueprint::RestoreRemovedParticles	CALL	v832 @ X0_v35 (Obi.IObiConstraints)	Type: Obi.IObiConstraints	2	Obi.IObiConstraints::GetBatchInterfaces	0x0600019B	RUNTIME_DISPATCH		EXACT	lookup(receiver, interface class, slot) reaches the dispatch pointer; slot = Il2CppMethodDefinition.slot
Obi.ObiActorBlueprint::RestoreRemovedParticles	CALL	v1249 @ X0_v64 (Obi.IObiConstraintsBatch)	Type: Obi.IObiConstraintsBatch	3	Obi.IObiConstraintsBatch::get_initialActiveConstraintCount	0x0600012A	RUNTIME_DISPATCH		EXACT	lookup(receiver, interface class, slot) reaches the dispatch pointer; slot = Il2CppMethodDefinition.slot
Obi.ObiActorBlueprint::RestoreRemovedParticles	CALL	v1249 @ X0_v64 (Obi.IObiConstraintsBatch)	Type: Obi.IObiConstraintsBatch	2	Obi.IObiConstraintsBatch::set_activeConstraintCount	0x06000129	RUNTIME_DISPATCH		EXACT	lookup(receiver, interface class, slot) reaches the dispatch pointer; slot = Il2CppMethodDefinition.slot
Obi.ObiActorBlueprint+<Generate>d__68::MoveNext	CALL	v209 @ X19_v14 (Obi.ObiActorBlueprint)	Type: System.Collections.IEnumerator	1	System.Collections.IEnumerator::get_Current	0x060028DD	RUNTIME_DISPATCH		EXACT	lookup(receiver, interface class, slot) reaches the dispatch pointer; slot = Il2CppMethodDefinition.slot
Obi.ObiActorBlueprint+<Generate>d__68::MoveNext	CALL	v467 @ X0_v52 (Obi.IObiConstraints)	Type: Obi.IObiConstraints	2	Obi.IObiConstraints::GetBatchInterfaces	0x0600019B	RUNTIME_DISPATCH		EXACT	lookup(receiver, interface class, slot) reaches the dispatch pointer; slot = Il2CppMethodDefinition.slot
Obi.ObiActorBlueprint+<Generate>d__68::MoveNext	CALL	v1582 @ X0_v76 (Obi.IObiConstraintsBatch)	Type: Obi.IObiConstraintsBatch	1	Obi.IObiConstraintsBatch::get_activeConstraintCount	0x06000128	RUNTIME_DISPATCH		EXACT	lookup(receiver, interface class, slot) reaches the dispatch pointer; slot = Il2CppMethodDefinition.slot
Obi.ObiActorBlueprint+<Generate>d__68::MoveNext	CALL	v1582 @ X0_v76 (Obi.IObiConstraintsBatch)	Type: Obi.IObiConstraintsBatch	4	Obi.IObiConstraintsBatch::set_initialActiveConstraintCount	0x0600012B	RUNTIME_DISPATCH		EXACT	lookup(receiver, interface class, slot) reaches the dispatch pointer; slot = Il2CppMethodDefinition.slot
Obi.ObiRope::ApplyTearing	CALL	v631 @ X0_v23 (Obi.IObiConstraintsBatch)	Type: Obi.IObiConstraintsBatch	1	Obi.IObiConstraintsBatch::get_activeConstraintCount	0x06000128	RUNTIME_DISPATCH		EXACT	lookup(receiver, interface class, slot) reaches the dispatch pointer; slot = Il2CppMethodDefinition.slot
Obi.ObiRope::ApplyTearing	CALL	v709 @ X0_v32 (Obi.IObiConstraintsBatch)	Type: Obi.IObiConstraintsBatch	6	Obi.IObiConstraintsBatch::get_oniBatch	0x0600012D	RUNTIME_DISPATCH		EXACT	lookup(receiver, interface class, slot) reaches the dispatch pointer; slot = Il2CppMethodDefinition.slot
Obi.ObiPathDataChannel`2::Evaluate	TAIL	v36 @ X19_v1 (Obi.ObiInterpolator`1<U>)	v58 @ X20_v1	0			RUNTIME_DISPATCH		UNRESOLVED	METHOD_POINTER:UNKNOWN_CLASS_SOURCE:CLASS_NOT_AN_INTERFACE_POINTER	[[[param:v0+0x18]->rgctx_data]+0x30]
Obi.ObiPathDataChannel`2::EvaluateFirstDerivative	TAIL	v36 @ X19_v1 (Obi.ObiInterpolator`1<U>)	v58 @ X20_v1	1			RUNTIME_DISPATCH		UNRESOLVED	METHOD_POINTER:UNKNOWN_CLASS_SOURCE:CLASS_NOT_AN_INTERFACE_POINTER	[[[param:v0+0x18]->rgctx_data]+0x30]
Obi.ObiPathDataChannel`2::EvaluateSecondDerivative	TAIL	v36 @ X19_v1 (Obi.ObiInterpolator`1<U>)	v58 @ X20_v1	2			RUNTIME_DISPATCH		UNRESOLVED	METHOD_POINTER:UNKNOWN_CLASS_SOURCE:CLASS_NOT_AN_INTERFACE_POINTER	[[[param:v0+0x18]->rgctx_data]+0x30]
Obi.ObiUtils::Swap	CALL	list @ X0 (System.Collections.Generic.IList`1<T>)	Type: Il2CppClass<System.Collections.Generic.ICollection`1<T>>	0	System.Collections.Generic.ICollection`1::get_Count	0x06002A93	RUNTIME_DISPATCH	T	EXACT	lookup(receiver, interface class, slot) reaches the dispatch pointer; slot = Il2CppMethodDefinition.slot
Obi.ObiUtils::Swap	CALL	list @ X0 (System.Collections.Generic.IList`1<T>)	Type: Il2CppClass<System.Collections.Generic.ICollection`1<T>>	0	System.Collections.Generic.ICollection`1::get_Count	0x06002A93	RUNTIME_DISPATCH	T	EXACT	lookup(receiver, interface class, slot) reaches the dispatch pointer; slot = Il2CppMethodDefinition.slot
Obi.ObiUtils::Swap	CALL	list @ X0 (System.Collections.Generic.IList`1<T>)	Type: Il2CppClass<System.Collections.Generic.IList`1<T>>	0	System.Collections.Generic.IList`1::get_Item	0x06002AA6	RUNTIME_DISPATCH	T	EXACT	lookup(receiver, interface class, slot) reaches the dispatch pointer; slot = Il2CppMethodDefinition.slot
Obi.ObiUtils::Swap	CALL	list @ X0 (System.Collections.Generic.IList`1<T>)	Type: Il2CppClass<System.Collections.Generic.IList`1<T>>	0	System.Collections.Generic.IList`1::get_Item	0x06002AA6	RUNTIME_DISPATCH	T	EXACT	lookup(receiver, interface class, slot) reaches the dispatch pointer; slot = Il2CppMethodDefinition.slot
Obi.ObiUtils::Swap	CALL	list @ X0 (System.Collections.Generic.IList`1<T>)	Type: Il2CppClass<System.Collections.Generic.IList`1<T>>	1	System.Collections.Generic.IList`1::set_Item	0x06002AA7	RUNTIME_DISPATCH	T	EXACT	lookup(receiver, interface class, slot) reaches the dispatch pointer; slot = Il2CppMethodDefinition.slot
Obi.ObiUtils::Swap	TAIL	list @ X0 (System.Collections.Generic.IList`1<T>)	Type: Il2CppClass<System.Collections.Generic.IList`1<T>>	1	System.Collections.Generic.IList`1::set_Item	0x06002AA7	RUNTIME_DISPATCH	T	EXACT	lookup(receiver, interface class, slot) reaches the dispatch pointer; slot = Il2CppMethodDefinition.slot
Obi.ObiPath::RemoveControlPoint	CALL	v424 @ X0_v37 (Obi.IObiPathDataChannel)	Type: Obi.IObiPathDataChannel	3	Obi.IObiPathDataChannel::RemoveAt	0x06000467	RUNTIME_DISPATCH		EXACT	lookup(receiver, interface class, slot) reaches the dispatch pointer; slot = Il2CppMethodDefinition.slot
Obi.ObiPath::FlushEvents	CALL	v437 @ X0_v35 (Obi.IObiPathDataChannel)	Type: Obi.IObiPathDataChannel	1	Obi.IObiPathDataChannel::get_Dirty	0x06000465	RUNTIME_DISPATCH		EXACT	lookup(receiver, interface class, slot) reaches the dispatch pointer; slot = Il2CppMethodDefinition.slot
Obi.ObiPath::FlushEvents	CALL	v437 @ X0_v35 (Obi.IObiPathDataChannel)	Type: Obi.IObiPathDataChannel	2	Obi.IObiPathDataChannel::Clean	0x06000466	RUNTIME_DISPATCH		EXACT	lookup(receiver, interface class, slot) reaches the dispatch pointer; slot = Il2CppMethodDefinition.slot
Obi.ParticleImpostorRendering::UpdateMeshes	CALL	collection @ X1 (Obi.IObiParticleCollection)	Type: Obi.IObiParticleCollection	1	Obi.IObiParticleCollection::get_activeParticleCount	0x060000AA	RUNTIME_DISPATCH		EXACT	lookup(receiver, interface class, slot) reaches the dispatch pointer; slot = Il2CppMethodDefinition.slot
Obi.ParticleImpostorRendering::UpdateMeshes	CALL	collection @ X1 (Obi.IObiParticleCollection)	Type: Obi.IObiParticleCollection	1	Obi.IObiParticleCollection::get_activeParticleCount	0x060000AA	RUNTIME_DISPATCH		EXACT	lookup(receiver, interface class, slot) reaches the dispatch pointer; slot = Il2CppMethodDefinition.slot
Obi.ParticleImpostorRendering::UpdateMeshes	CALL	collection @ X1 (Obi.IObiParticleCollection)	Type: Obi.IObiParticleCollection	1	Obi.IObiParticleCollection::get_activeParticleCount	0x060000AA	RUNTIME_DISPATCH		EXACT	lookup(receiver, interface class, slot) reaches the dispatch pointer; slot = Il2CppMethodDefinition.slot
Obi.ParticleImpostorRendering::UpdateMeshes	CALL	collection @ X1 (Obi.IObiParticleCollection)	Type: Obi.IObiParticleCollection	3	Obi.IObiParticleCollection::GetParticleRuntimeIndex	0x060000AC	RUNTIME_DISPATCH		EXACT	lookup(receiver, interface class, slot) reaches the dispatch pointer; slot = Il2CppMethodDefinition.slot
Obi.ParticleImpostorRendering::UpdateMeshes	CALL	collection @ X1 (Obi.IObiParticleCollection)	Type: Obi.IObiParticleCollection	4	Obi.IObiParticleCollection::GetParticlePosition	0x060000AD	RUNTIME_DISPATCH		EXACT	lookup(receiver, interface class, slot) reaches the dispatch pointer; slot = Il2CppMethodDefinition.slot
Obi.ParticleImpostorRendering::UpdateMeshes	CALL	collection @ X1 (Obi.IObiParticleCollection)	Type: Obi.IObiParticleCollection	6	Obi.IObiParticleCollection::GetParticleAnisotropy	0x060000AF	RUNTIME_DISPATCH		EXACT	lookup(receiver, interface class, slot) reaches the dispatch pointer; slot = Il2CppMethodDefinition.slot
Obi.ParticleImpostorRendering::UpdateMeshes	CALL	collection @ X1 (Obi.IObiParticleCollection)	Type: Obi.IObiParticleCollection	8	Obi.IObiParticleCollection::GetParticleColor	0x060000B1	RUNTIME_DISPATCH		EXACT	lookup(receiver, interface class, slot) reaches the dispatch pointer; slot = Il2CppMethodDefinition.slot
Sirenix.Utilities.LinqExtensions::IsNullOrEmpty	CALL	list @ X0 (System.Collections.Generic.IList`1<T>)	Type: Il2CppClass<System.Collections.Generic.ICollection`1<T>>	0	System.Collections.Generic.ICollection`1::get_Count	0x06002A93	RUNTIME_DISPATCH	T	EXACT	lookup(receiver, interface class, slot) reaches the dispatch pointer; slot = Il2CppMethodDefinition.slot
GBG.Pinata.ECS.Systems.AttackSystem::MoveHands	CALL	[v1561 @ X0_v49+8]	v973 @ X22_v16	[v973 @ X22_v16+48]			RUNTIME_DISPATCH		UNRESOLVED	METHOD_POINTER:METHODINFO_FIELD:CLASS_NOT_AN_INTERFACE_POINTER	[{RuntimeMethodInfoAnalysisContext | RuntimeMethodInfoAnalysisContext}]
TCP2_PlanarReflection::OnDisable	CALL	v92 @ X0_v15 (System.Collections.IEnumerator)	Type: System.Collections.IEnumerator	1	System.Collections.IEnumerator::get_Current	0x060028DD	RUNTIME_DISPATCH		EXACT	lookup(receiver, interface class, slot) reaches the dispatch pointer; slot = Il2CppMethodDefinition.slot
GBG.Pinata.ECS.Systems.EnemyHealthSystem::OnUpdate	CALL	[v1082 @ X0_v70+8]	v656 @ X22_v26	[v656 @ X22_v26+48]			RUNTIME_DISPATCH		UNRESOLVED	METHOD_POINTER:METHODINFO_FIELD:CLASS_NOT_AN_INTERFACE_POINTER	[{RuntimeMethodInfoAnalysisContext | RuntimeMethodInfoAnalysisContext | RuntimeMethodInfoAnalysisContext}]
Tayx.Graphy.Ram.G_RamManager::Init	CALL	v210 @ X0_v37 (System.Collections.IEnumerator)	Type: System.Collections.IEnumerator	1	System.Collections.IEnumerator::get_Current	0x060028DD	RUNTIME_DISPATCH		EXACT	lookup(receiver, interface class, slot) reaches the dispatch pointer; slot = Il2CppMethodDefinition.slot
Tayx.Graphy.Fps.G_FpsManager::Init	CALL	v210 @ X0_v39 (System.Collections.IEnumerator)	Type: System.Collections.IEnumerator	1	System.Collections.IEnumerator::get_Current	0x060028DD	RUNTIME_DISPATCH		EXACT	lookup(receiver, interface class, slot) reaches the dispatch pointer; slot = Il2CppMethodDefinition.slot
GBG.Pinata.ECS.Providers.EnemyPartsProvider::OnValidate	CALL	v97 @ X0_v40 (System.Collections.IEnumerator)	Type: System.Collections.IEnumerator	1	System.Collections.IEnumerator::get_Current	0x060028DD	RUNTIME_DISPATCH		EXACT	lookup(receiver, interface class, slot) reaches the dispatch pointer; slot = Il2CppMethodDefinition.slot
Facebook.Unity.Example.LogView::AddLog	CALL	v59 @ X19_v2 (System.Collections.Generic.IList`1<System.String>)	Type: System.Collections.Generic.IList`1<System.String>	3	System.Collections.Generic.IList`1::Insert	0x06002AA9	RUNTIME_DISPATCH	System.String	EXACT	lookup(receiver, interface class, slot) reaches the dispatch pointer; slot = Il2CppMethodDefinition.slot
Facebook.Unity.Example.MenuBase::HandleResult	CALL	result @ X1 (Facebook.Unity.IResult)	Type: Facebook.Unity.IResult	3	Facebook.Unity.IResult::get_Cancelled	0x06000100	RUNTIME_DISPATCH		EXACT	lookup(receiver, interface class, slot) reaches the dispatch pointer; slot = Il2CppMethodDefinition.slot
Facebook.Unity.Example.MenuBase::HandleResult	CALL	result @ X1 (Facebook.Unity.IResult)	Type: Facebook.Unity.IResult	2	Facebook.Unity.IResult::get_RawResult	0x060000FF	RUNTIME_DISPATCH		EXACT	lookup(receiver, interface class, slot) reaches the dispatch pointer; slot = Il2CppMethodDefinition.slot
Facebook.Unity.Example.MenuBase::HandleResult	CALL	result @ X1 (Facebook.Unity.IResult)	Type: Facebook.Unity.IResult	2	Facebook.Unity.IResult::get_RawResult	0x060000FF	RUNTIME_DISPATCH		EXACT	lookup(receiver, interface class, slot) reaches the dispatch pointer; slot = Il2CppMethodDefinition.slot
Facebook.Unity.Example.MenuBase::HandleResult	CALL	result @ X1 (Facebook.Unity.IResult)	Type: Facebook.Unity.IResult	2	Facebook.Unity.IResult::get_RawResult	0x060000FF	RUNTIME_DISPATCH		EXACT	lookup(receiver, interface class, slot) reaches the dispatch pointer; slot = Il2CppMethodDefinition.slot
HutongGames.PlayMaker.ActionData::SaveActionField	CALL	v3728 @ X0_v503 (System.Collections.IEnumerator)	Type: System.Collections.IEnumerator	1	System.Collections.IEnumerator::get_Current	0x060028DD	RUNTIME_DISPATCH		EXACT	lookup(receiver, interface class, slot) reaches the dispatch pointer; slot = Il2CppMethodDefinition.slot
Facebook.Unity.Example.MenuBase::AddDialogModeButtons	CALL	v137 @ X0_v34 (System.Collections.IEnumerator)	Type: System.Collections.IEnumerator	1	System.Collections.IEnumerator::get_Current	0x060028DD	RUNTIME_DISPATCH		EXACT	lookup(receiver, interface class, slot) reaches the dispatch pointer; slot = Il2CppMethodDefinition.slot
Tayx.Graphy.Audio.G_AudioManager::Init	CALL	v210 @ X0_v39 (System.Collections.IEnumerator)	Type: System.Collections.IEnumerator	1	System.Collections.IEnumerator::get_Current	0x060028DD	RUNTIME_DISPATCH		EXACT	lookup(receiver, interface class, slot) reaches the dispatch pointer; slot = Il2CppMethodDefinition.slot
HutongGames.PlayMaker.Actions.CapturePoseAsAnimationClip::DoCaptureAnimationClip	CALL	v153 @ X0_v36 (System.Collections.IEnumerator)	Type: System.Collections.IEnumerator	1	System.Collections.IEnumerator::get_Current	0x060028DD	RUNTIME_DISPATCH		EXACT	lookup(receiver, interface class, slot) reaches the dispatch pointer; slot = Il2CppMethodDefinition.slot
HutongGames.PlayMaker.Actions.CapturePoseAsAnimationClip::CaptureTransform	CALL	v192 @ X0_v38 (System.Collections.IEnumerator)	Type: System.Collections.IEnumerator	1	System.Collections.IEnumerator::get_Current	0x060028DD	RUNTIME_DISPATCH		EXACT	lookup(receiver, interface class, slot) reaches the dispatch pointer; slot = Il2CppMethodDefinition.slot
HutongGames.PlayMaker.Actions.GetChild::DoGetChildByName	CALL	v307 @ X0_v40 (System.Collections.IEnumerator)	Type: System.Collections.IEnumerator	1	System.Collections.IEnumerator::get_Current	0x060028DD	RUNTIME_DISPATCH		EXACT	lookup(receiver, interface class, slot) reaches the dispatch pointer; slot = Il2CppMethodDefinition.slot
HutongGames.PlayMaker.Actions.ActivateGameObject::SetActiveRecursively	CALL	v156 @ X0_v27 (System.Collections.IEnumerator)	Type: System.Collections.IEnumerator	1	System.Collections.IEnumerator::get_Current	0x060028DD	RUNTIME_DISPATCH		EXACT	lookup(receiver, interface class, slot) reaches the dispatch pointer; slot = Il2CppMethodDefinition.slot
HutongGames.PlayMaker.Actions.SetTagsOnChildren::SetTag	CALL	v433 @ X0_v41 (System.Collections.IEnumerator)	Type: System.Collections.IEnumerator	1	System.Collections.IEnumerator::get_Current	0x060028DD	RUNTIME_DISPATCH		EXACT	lookup(receiver, interface class, slot) reaches the dispatch pointer; slot = Il2CppMethodDefinition.slot
UnityEngine.Purchasing.IAPConfigurationHelper::PopulateConfigurationBuilder	CALL	v477 @ X0_v37 (System.Collections.Generic.IEnumerator`1<UnityEngine.Purchasing.ProductCatalogItem>)	v683 @ X1_v26	0	System.Collections.IEnumerator::MoveNext	0x060028DC	RUNTIME_DISPATCH		EXACT	lookup(receiver, interface class, slot) reaches the dispatch pointer; slot = Il2CppMethodDefinition.slot
UnityEngine.Purchasing.IAPConfigurationHelper::PopulateConfigurationBuilder	CALL	v477 @ X0_v37 (System.Collections.Generic.IEnumerator`1<UnityEngine.Purchasing.ProductCatalogItem>)	v908 @ X1_v28	0	System.Collections.Generic.IEnumerator`1::get_Current	0x06002AA3	RUNTIME_DISPATCH	UnityEngine.Purchasing.ProductCatalogItem	EXACT	lookup(receiver, interface class, slot) reaches the dispatch pointer; slot = Il2CppMethodDefinition.slot
UnityEngine.Purchasing.IAPConfigurationHelper::PopulateConfigurationBuilder	CALL	v1525 @ X0_v127 (System.Collections.Generic.IEnumerator`1<UnityEngine.Purchasing.StoreID>)	v1580 @ X1_v59	0	System.Collections.IEnumerator::MoveNext	0x060028DC	RUNTIME_DISPATCH		EXACT	lookup(receiver, interface class, slot) reaches the dispatch pointer; slot = Il2CppMethodDefinition.slot
UnityEngine.Purchasing.IAPConfigurationHelper::PopulateConfigurationBuilder	CALL	v1525 @ X0_v127 (System.Collections.Generic.IEnumerator`1<UnityEngine.Purchasing.StoreID>)	v1826 @ X1_v62	0	System.IDisposable::Dispose	0x06000921	RUNTIME_DISPATCH		EXACT	lookup(receiver, interface class, slot) reaches the dispatch pointer; slot = Il2CppMethodDefinition.slot
UnityEngine.Purchasing.IAPConfigurationHelper::PopulateConfigurationBuilder	CALL	v1102 @ X19_v5 (System.Collections.Generic.IEnumerator`1<UnityEngine.Purchasing.ProductCatalogItem>)	v1106 @ X1_v8	0	System.IDisposable::Dispose	0x06000921	RUNTIME_DISPATCH		EXACT	lookup(receiver, interface class, slot) reaches the dispatch pointer; slot = Il2CppMethodDefinition.slot
IAPDemo::OnPurchaseFailed	CALL	v131 @ X20_v4 (UnityEngine.Purchasing.ITransactionHistoryExtensions)	Type: UnityEngine.Purchasing.ITransactionHistoryExtensions	1	UnityEngine.Purchasing.ITransactionHistoryExtensions::GetLastStoreSpecificPurchaseErrorCode	0x0600021E	RUNTIME_DISPATCH		EXACT	lookup(receiver, interface class, slot) reaches the dispatch pointer; slot = Il2CppMethodDefinition.slot
IAPDemo::Awake	CALL	v307 @ X0_v36 (UnityEngine.Purchasing.IMoolahConfiguration)	Type: UnityEngine.Purchasing.IMoolahConfiguration	1	UnityEngine.Purchasing.IMoolahConfiguration::set_hashKey	0x06000049	RUNTIME_DISPATCH		EXACT	lookup(receiver, interface class, slot) reaches the dispatch pointer; slot = Il2CppMethodDefinition.slot
IAPDemo::Awake	CALL	v308 @ X0_v41 (UnityEngine.Purchasing.IMoolahConfiguration)	Type: UnityEngine.Purchasing.IMoolahConfiguration	2	UnityEngine.Purchasing.IMoolahConfiguration::SetMode	0x0600004A	RUNTIME_DISPATCH		EXACT	lookup(receiver, interface class, slot) reaches the dispatch pointer; slot = Il2CppMethodDefinition.slot
IAPDemo::PurchaseButtonClick	TAIL	v336 @ X20_v6 (UnityEngine.Purchasing.IStoreController)	Type: UnityEngine.Purchasing.IStoreController	1	UnityEngine.Purchasing.IStoreController::InitiatePurchase	0x06000018	RUNTIME_DISPATCH		EXACT	lookup(receiver, interface class, slot) reaches the dispatch pointer; slot = Il2CppMethodDefinition.slot
UnityEngine.Purchasing.CodelessIAPStoreListener::InitiatePurchase	CALL	v45 @ X20_v2 (UnityEngine.Purchasing.IStoreController)	Type: UnityEngine.Purchasing.IStoreController	3	UnityEngine.Purchasing.IStoreController::InitiatePurchase	0x0600001A	RUNTIME_DISPATCH		EXACT	lookup(receiver, interface class, slot) reaches the dispatch pointer; slot = Il2CppMethodDefinition.slot
