MoreMountains.Tools.AIState::EnterState	CALL	v143 @ X19_v2 (System.Collections.Generic.IEnumerator`1<MoreMountains.Tools.AIAction>)	[v128 @ X22_v1 (Il2CppClass<System.IDisposable>)]	0	System.IDisposable::Dispose	0x0600079F	RUNTIME_DISPATCH		EXACT	lookup(receiver, interface class, slot) reaches the dispatch pointer; slot = Il2CppMethodDefinition.slot
MoreMountains.Tools.AIState::EnterState	CALL	v201 @ X19_v4 (System.Collections.Generic.IEnumerator`1<MoreMountains.Tools.AITransition>)	[v189 @ X22_v2 (Il2CppClass<System.IDisposable>)]	0	System.IDisposable::Dispose	0x0600079F	RUNTIME_DISPATCH		EXACT	lookup(receiver, interface class, slot) reaches the dispatch pointer; slot = Il2CppMethodDefinition.slot
MoreMountains.Tools.AIState::EnterState	CALL	v308 @ X19_v6 (System.Collections.Generic.IEnumerator`1<MoreMountains.Tools.AIAction>)	[v189 @ X22_v2 (Il2CppClass<System.IDisposable>)]	0	System.IDisposable::Dispose	0x0600079F	RUNTIME_DISPATCH		EXACT	lookup(receiver, interface class, slot) reaches the dispatch pointer; slot = Il2CppMethodDefinition.slot
MoreMountains.Tools.AIState::EnterState	CALL	v308 @ X19_v6 (System.Collections.Generic.IEnumerator`1<MoreMountains.Tools.AIAction>)	[v189 @ X22_v2 (Il2CppClass<System.IDisposable>)]	0	System.IDisposable::Dispose	0x0600079F	RUNTIME_DISPATCH		EXACT	lookup(receiver, interface class, slot) reaches the dispatch pointer; slot = Il2CppMethodDefinition.slot
MoreMountains.Tools.AIState::ExitState	CALL	v143 @ X19_v2 (System.Collections.Generic.IEnumerator`1<MoreMountains.Tools.AIAction>)	[v128 @ X22_v1 (Il2CppClass<System.IDisposable>)]	0	System.IDisposable::Dispose	0x0600079F	RUNTIME_DISPATCH		EXACT	lookup(receiver, interface class, slot) reaches the dispatch pointer; slot = Il2CppMethodDefinition.slot
MoreMountains.Tools.AIState::ExitState	CALL	v201 @ X19_v4 (System.Collections.Generic.IEnumerator`1<MoreMountains.Tools.AITransition>)	[v189 @ X22_v2 (Il2CppClass<System.IDisposable>)]	0	System.IDisposable::Dispose	0x0600079F	RUNTIME_DISPATCH		EXACT	lookup(receiver, interface class, slot) reaches the dispatch pointer; slot = Il2CppMethodDefinition.slot
MoreMountains.Tools.AIState::ExitState	CALL	v308 @ X19_v6 (System.Collections.Generic.IEnumerator`1<MoreMountains.Tools.AIAction>)	[v189 @ X22_v2 (Il2CppClass<System.IDisposable>)]	0	System.IDisposable::Dispose	0x0600079F	RUNTIME_DISPATCH		EXACT	lookup(receiver, interface class, slot) reaches the dispatch pointer; slot = Il2CppMethodDefinition.slot
MoreMountains.Tools.AIState::ExitState	CALL	v308 @ X19_v6 (System.Collections.Generic.IEnumerator`1<MoreMountains.Tools.AIAction>)	[v189 @ X22_v2 (Il2CppClass<System.IDisposable>)]	0	System.IDisposable::Dispose	0x0600079F	RUNTIME_DISPATCH		EXACT	lookup(receiver, interface class, slot) reaches the dispatch pointer; slot = Il2CppMethodDefinition.slot
MoreMountains.Tools.MMDebugMenuCommands::Help	CALL	v582 @ X19_v9 (System.Collections.Generic.IEnumerator`1<System.Reflection.MethodInfo>)	[v539 @ X25_v8 (Il2CppClass<System.IDisposable>)]	0	System.IDisposable::Dispose	0x0600079F	RUNTIME_DISPATCH		EXACT	lookup(receiver, interface class, slot) reaches the dispatch pointer; slot = Il2CppMethodDefinition.slot
MoreMountains.Tools.MMDebugMenuCommands::Help	CALL	v300 @ X19_v7 (System.Collections.Generic.IEnumerator`1<System.Reflection.MethodInfo>)	[v252 @ X25_v6 (Il2CppClass<System.IDisposable>)]	0	System.IDisposable::Dispose	0x0600079F	RUNTIME_DISPATCH		EXACT	lookup(receiver, interface class, slot) reaches the dispatch pointer; slot = Il2CppMethodDefinition.slot
MoreMountains.Tools.MMDebugMenu::FillMenu	CALL	v1321 @ X0_v12 (System.Collections.IEnumerator)	[v1729 @ X23_v10 (Il2CppClass<System.IDisposable>)]	0	System.IDisposable::Dispose	0x0600079F	RUNTIME_DISPATCH		EXACT	lookup(receiver, interface class, slot) reaches the dispatch pointer; slot = Il2CppMethodDefinition.slot
MoreMountains.Tools.MMDebugMenu::FillMenu	CALL	v1321 @ X0_v12 (System.Collections.IEnumerator)	[v1729 @ X23_v10 (Il2CppClass<System.IDisposable>)]	0	System.IDisposable::Dispose	0x0600079F	RUNTIME_DISPATCH		EXACT	lookup(receiver, interface class, slot) reaches the dispatch pointer; slot = Il2CppMethodDefinition.slot
MoreMountains.Tools.MMDebugMenu::FillMenu	CALL	v1321 @ X0_v12 (System.Collections.IEnumerator)	[v1729 @ X23_v10 (Il2CppClass<System.IDisposable>)]	0	System.IDisposable::Dispose	0x0600079F	RUNTIME_DISPATCH		EXACT	lookup(receiver, interface class, slot) reaches the dispatch pointer; slot = Il2CppMethodDefinition.slot
MoreMountains.Tools.MMDebugMenu::FillMenu	CALL	v1321 @ X0_v12 (System.Collections.IEnumerator)	[v1729 @ X23_v10 (Il2CppClass<System.IDisposable>)]	0	System.IDisposable::Dispose	0x0600079F	RUNTIME_DISPATCH		EXACT	lookup(receiver, interface class, slot) reaches the dispatch pointer; slot = Il2CppMethodDefinition.slot
MoreMountains.Tools.ListExtensions::MMSwap	CALL	list @ X0 (System.Collections.Generic.IList`1<T>)	Type: Il2CppClass<System.Collections.Generic.IList`1<T>>	0	System.Collections.Generic.IList`1::get_Item	0x06002ECC	RUNTIME_DISPATCH		UNRESOLVED	INVOKER_THROUGH_METHOD:METADATA_USAGE:DISPATCH_PATH_NOT_RECOVERED
MoreMountains.Tools.ListExtensions::MMSwap	CALL	list @ X0 (System.Collections.Generic.IList`1<T>)	Type: Il2CppClass<System.Collections.Generic.IList`1<T>>	0	System.Collections.Generic.IList`1::get_Item	0x06002ECC	RUNTIME_DISPATCH		UNRESOLVED	INVOKER_THROUGH_METHOD:METADATA_USAGE:DISPATCH_PATH_NOT_RECOVERED
MoreMountains.Tools.ListExtensions::MMSwap	CALL	list @ X0 (System.Collections.Generic.IList`1<T>)	Type: Il2CppClass<System.Collections.Generic.IList`1<T>>	1	System.Collections.Generic.IList`1::set_Item	0x06002ECD	RUNTIME_DISPATCH		UNRESOLVED	INVOKER_THROUGH_METHOD:METADATA_USAGE:DISPATCH_PATH_NOT_RECOVERED
MoreMountains.Tools.ListExtensions::MMSwap	CALL	list @ X0 (System.Collections.Generic.IList`1<T>)	Type: Il2CppClass<System.Collections.Generic.IList`1<T>>	1	System.Collections.Generic.IList`1::set_Item	0x06002ECD	RUNTIME_DISPATCH		UNRESOLVED	INVOKER_THROUGH_METHOD:METADATA_USAGE:DISPATCH_PATH_NOT_RECOVERED
MoreMountains.Tools.TransformExtensions::MMFindDeepChildBreadthFirst	CALL	v285 @ X0_v6	[v281 @ X23_v3 (Il2CppClass<System.IDisposable>)]	0	System.IDisposable::Dispose	0x0600079F	RUNTIME_DISPATCH		EXACT	lookup(receiver, interface class, slot) reaches the dispatch pointer; slot = Il2CppMethodDefinition.slot
MoreMountains.Tools.TransformExtensions::MMFindDeepChildDepthFirst	CALL	v491 @ X0_v5 (System.Collections.IEnumerator)	[v186 @ X22_v4 (Il2CppClass<System.IDisposable>)]	0	System.IDisposable::Dispose	0x0600079F	RUNTIME_DISPATCH		EXACT	lookup(receiver, interface class, slot) reaches the dispatch pointer; slot = Il2CppMethodDefinition.slot
MoreMountains.Tools.TransformExtensions::MMFindDeepChildDepthFirst	CALL	v338 @ X0_v18	[v186 @ X22_v4 (Il2CppClass<System.IDisposable>)]	0	System.IDisposable::Dispose	0x0600079F	RUNTIME_DISPATCH		EXACT	lookup(receiver, interface class, slot) reaches the dispatch pointer; slot = Il2CppMethodDefinition.slot
MoreMountains.Tools.TransformExtensions::ChangeLayersRecursively	CALL	v321 @ X0_v4 (System.Collections.IEnumerator)	[v171 @ X22_v3 (Il2CppClass<System.IDisposable>)]	0	System.IDisposable::Dispose	0x0600079F	RUNTIME_DISPATCH		EXACT	lookup(receiver, interface class, slot) reaches the dispatch pointer; slot = Il2CppMethodDefinition.slot
MoreMountains.Tools.TransformExtensions::ChangeLayersRecursively	CALL	v212 @ X0_v16	[v171 @ X22_v3 (Il2CppClass<System.IDisposable>)]	0	System.IDisposable::Dispose	0x0600079F	RUNTIME_DISPATCH		EXACT	lookup(receiver, interface class, slot) reaches the dispatch pointer; slot = Il2CppMethodDefinition.slot
MoreMountains.Tools.TransformExtensions::ChangeLayersRecursively	CALL	v337 @ X0_v4 (System.Collections.IEnumerator)	[v183 @ X21_v4 (Il2CppClass<System.IDisposable>)]	0	System.IDisposable::Dispose	0x0600079F	RUNTIME_DISPATCH		EXACT	lookup(receiver, interface class, slot) reaches the dispatch pointer; slot = Il2CppMethodDefinition.slot
MoreMountains.Tools.TransformExtensions::ChangeLayersRecursively	CALL	v244 @ X0_v16	[v183 @ X21_v4 (Il2CppClass<System.IDisposable>)]	0	System.IDisposable::Dispose	0x0600079F	RUNTIME_DISPATCH		EXACT	lookup(receiver, interface class, slot) reaches the dispatch pointer; slot = Il2CppMethodDefinition.slot
MoreMountains.Tools.MMPSBToUIConverter::ConvertToCanvas	CALL	v718 @ X0_v10 (System.Collections.IEnumerator)	[v249 @ X24_v1 (Il2CppClass<System.IDisposable>)]	0	System.IDisposable::Dispose	0x0600079F	RUNTIME_DISPATCH		EXACT	lookup(receiver, interface class, slot) reaches the dispatch pointer; slot = Il2CppMethodDefinition.slot
MoreMountains.Tools.MMPSBToUIConverter::CreateImageForChildren	CALL	v583 @ X0_v4 (System.Collections.IEnumerator)	[v308 @ X22_v1 (Il2CppClass<System.IDisposable>)]	0	System.IDisposable::Dispose	0x0600079F	RUNTIME_DISPATCH		EXACT	lookup(receiver, interface class, slot) reaches the dispatch pointer; slot = Il2CppMethodDefinition.slot
MoreMountains.Tools.MMObservable`1::set_Value	CALL	this @ X0 (MoreMountains.Tools.MMObservable`1<T>)	[v432 @ X8_v53 (Il2CppClass<MoreMountains.Tools.MMObservable`1<T>>)+80]	v76 @ X20_v1 (System.Collections.Generic.EqualityComparer`1<T>)			RUNTIME_DISPATCH		UNRESOLVED	TWO_LOADS_OTHER:UNKNOWN_CLASS_SOURCE:CLASS_NOT_AN_INTERFACE_POINTER
MoreMountains.Tools.MMTilemapGenerator::Generate	CALL	v200 @ X19_v3 (System.Collections.Generic.IEnumerator`1<MoreMountains.Tools.MMTilemapGeneratorLayer>)	[v198 @ X21_v4 (Il2CppClass<System.IDisposable>)]	0	System.IDisposable::Dispose	0x0600079F	RUNTIME_DISPATCH		EXACT	lookup(receiver, interface class, slot) reaches the dispatch pointer; slot = Il2CppMethodDefinition.slot
MoreMountains.Tools.MMTilemapGenerator::Generate	CALL	v200 @ X19_v3 (System.Collections.Generic.IEnumerator`1<MoreMountains.Tools.MMTilemapGeneratorLayer>)	[v198 @ X21_v4 (Il2CppClass<System.IDisposable>)]	0	System.IDisposable::Dispose	0x0600079F	RUNTIME_DISPATCH		EXACT	lookup(receiver, interface class, slot) reaches the dispatch pointer; slot = Il2CppMethodDefinition.slot
MoreMountains.Tools.MMStateMachine`1::ChangeState	CALL	Type: Il2CppMethodInfo	newState @ X1 (T)	methodInfo @ X2 (Il2CppMethodInfo)			RUNTIME_DISPATCH		UNRESOLVED	TWO_LOADS_OTHER:UNKNOWN_CLASS_SOURCE:CLASS_NOT_AN_INTERFACE_POINTER
MoreMountains.Tools.MMAnimationCurveGenerator::GenerateAnimationCurvesAsset	CALL	v341 @ X0_v11 (MoreMountains.Tools.MMTween+MMTweenCurve)	[v241 @ X22_v5 (Il2CppClass<System.IDisposable>)]	0	System.IDisposable::Dispose	0x0600079F	RUNTIME_DISPATCH		EXACT	lookup(receiver, interface class, slot) reaches the dispatch pointer; slot = Il2CppMethodDefinition.slot
MoreMountains.Tools.MMAnimationCurveGenerator::GenerateAnimationCurvesAsset	CALL	v297 @ X0_v23	[v241 @ X22_v5 (Il2CppClass<System.IDisposable>)]	0	System.IDisposable::Dispose	0x0600079F	RUNTIME_DISPATCH		EXACT	lookup(receiver, interface class, slot) reaches the dispatch pointer; slot = Il2CppMethodDefinition.slot
Newtonsoft.Json.Utilities.BidirectionalDictionary`2::Set	CALL	v14 @ X23_v1 (System.Collections.Generic.IDictionary`2<TFirst, TSecond>)	v161 @ X1_v8 (Il2CppClass<System.Collections.Generic.IDictionary`2<TFirst, TSecond>>)	6	System.Collections.Generic.IDictionary`2::TryGetValue	0x06002EC7	RUNTIME_DISPATCH	TFirst,TSecond	EXACT	lookup(receiver, interface class, slot) reaches the dispatch pointer; slot = Il2CppMethodDefinition.slot
Newtonsoft.Json.Utilities.BidirectionalDictionary`2::Set	CALL	v139 @ X23_v5 (System.Collections.Generic.IDictionary`2<TSecond, TFirst>)	v322 @ X1_v12 (Il2CppClass<System.Collections.Generic.IDictionary`2<TSecond, TFirst>>)	6	System.Collections.Generic.IDictionary`2::TryGetValue	0x06002EC7	RUNTIME_DISPATCH	TSecond,TFirst	EXACT	lookup(receiver, interface class, slot) reaches the dispatch pointer; slot = Il2CppMethodDefinition.slot
Newtonsoft.Json.Utilities.BidirectionalDictionary`2::Set	CALL	v140 @ X23_v6 (System.Collections.Generic.IDictionary`2<TFirst, TSecond>)	v467 @ X1_v16 (Il2CppClass<System.Collections.Generic.IDictionary`2<TFirst, TSecond>>)	4	System.Collections.Generic.IDictionary`2::Add	0x06002EC5	RUNTIME_DISPATCH	TFirst,TSecond	EXACT	lookup(receiver, interface class, slot) reaches the dispatch pointer; slot = Il2CppMethodDefinition.slot
Newtonsoft.Json.Utilities.BidirectionalDictionary`2::Set	CALL	v121 @ X22_v5 (System.Collections.Generic.IDictionary`2<TSecond, TFirst>)	v545 @ X1_v19 (Il2CppClass<System.Collections.Generic.IDictionary`2<TSecond, TFirst>>)	4	System.Collections.Generic.IDictionary`2::Add	0x06002EC5	RUNTIME_DISPATCH	TSecond,TFirst	EXACT	lookup(receiver, interface class, slot) reaches the dispatch pointer; slot = Il2CppMethodDefinition.slot
Newtonsoft.Json.Utilities.BidirectionalDictionary`2::TryGetByFirst	TAIL	v8 @ X21_v1 (System.Collections.Generic.IDictionary`2<TFirst, TSecond>)	v39 @ X1_v2 (Il2CppClass<System.Collections.Generic.IDictionary`2<TFirst, TSecond>>)	6	System.Collections.Generic.IDictionary`2::TryGetValue	0x06002EC7	RUNTIME_DISPATCH	TFirst,TSecond	EXACT	lookup(receiver, interface class, slot) reaches the dispatch pointer; slot = Il2CppMethodDefinition.slot
Newtonsoft.Json.Utilities.BidirectionalDictionary`2::TryGetBySecond	TAIL	v8 @ X21_v1 (System.Collections.Generic.IDictionary`2<TSecond, TFirst>)	v39 @ X1_v2 (Il2CppClass<System.Collections.Generic.IDictionary`2<TSecond, TFirst>>)	6	System.Collections.Generic.IDictionary`2::TryGetValue	0x06002EC7	RUNTIME_DISPATCH	TSecond,TFirst	EXACT	lookup(receiver, interface class, slot) reaches the dispatch pointer; slot = Il2CppMethodDefinition.slot
Newtonsoft.Json.Utilities.CollectionUtils::IsNullOrEmpty	CALL	collection @ X0 (System.Collections.Generic.ICollection`1<T>)	v45 @ X1_v3 (Il2CppClass<System.Collections.Generic.ICollection`1<T>>)	0	System.Collections.Generic.ICollection`1::get_Count	0x06002EB9	RUNTIME_DISPATCH	T	EXACT	lookup(receiver, interface class, slot) reaches the dispatch pointer; slot = Il2CppMethodDefinition.slot
Newtonsoft.Json.Utilities.CollectionUtils::AddRange	CALL	collection @ X1 (System.Collections.Generic.IEnumerable`1<T>)	v127 @ X1_v14 (Il2CppClass<System.Collections.Generic.IEnumerable`1<T>>)	0	System.Collections.Generic.IEnumerable`1::GetEnumerator	0x06002EC8	RUNTIME_DISPATCH	T	EXACT	lookup(receiver, interface class, slot) reaches the dispatch pointer; slot = Il2CppMethodDefinition.slot
Newtonsoft.Json.Utilities.CollectionUtils::AddRange	CALL	v264 @ X0_v45 (System.Collections.IEnumerator)	v480 @ X1_v20 (Il2CppClass<System.Collections.Generic.IEnumerator`1<T>>)	0	System.Collections.Generic.IEnumerator`1::get_Current	0x06002EC9	RUNTIME_DISPATCH	T	EXACT	lookup(receiver, interface class, slot) reaches the dispatch pointer; slot = Il2CppMethodDefinition.slot
Newtonsoft.Json.Utilities.CollectionUtils::AddRange	CALL	initial @ X0 (System.Collections.Generic.IList`1<T>)	v726 @ X1_v23 (Il2CppClass<System.Collections.Generic.ICollection`1<T>>)	2	System.Collections.Generic.ICollection`1::Add	0x06002EBB	RUNTIME_DISPATCH	T	EXACT	lookup(receiver, interface class, slot) reaches the dispatch pointer; slot = Il2CppMethodDefinition.slot
Newtonsoft.Json.Utilities.CollectionUtils::IndexOf	CALL	collection @ X0 (System.Collections.Generic.IEnumerable`1<T>)	v112 @ X1_v13 (Il2CppClass<System.Collections.Generic.IEnumerable`1<T>>)	0	System.Collections.Generic.IEnumerable`1::GetEnumerator	0x06002EC8	RUNTIME_DISPATCH	T	EXACT	lookup(receiver, interface class, slot) reaches the dispatch pointer; slot = Il2CppMethodDefinition.slot
Newtonsoft.Json.Utilities.CollectionUtils::IndexOf	CALL	v151 @ X0_v38 (System.Collections.IEnumerator)	v609 @ X1_v19 (Il2CppClass<System.Collections.Generic.IEnumerator`1<T>>)	0	System.Collections.Generic.IEnumerator`1::get_Current	0x06002EC9	RUNTIME_DISPATCH	T	EXACT	lookup(receiver, interface class, slot) reaches the dispatch pointer; slot = Il2CppMethodDefinition.slot
Newtonsoft.Json.Utilities.CollectionWrapper`1::Add	CALL	this._genericCollection (System.Collections.Generic.ICollection`1<T>)	Type: Il2CppClass<System.Collections.Generic.ICollection`1<T>>	2	System.Collections.Generic.ICollection`1::Add	0x06002EBB	RUNTIME_DISPATCH		UNRESOLVED	INVOKER_THROUGH_METHOD:METADATA_USAGE:DISPATCH_PATH_NOT_RECOVERED
Newtonsoft.Json.Utilities.CollectionWrapper`1::Clear	TAIL	v37 @ X19_v2 (System.Collections.Generic.ICollection`1<T>)	v162 @ X1_v4 (Il2CppClass<System.Collections.IList>)	v150 @ X2_v3 (System.Int32)			RUNTIME_DISPATCH		UNRESOLVED	METHOD_POINTER:TYPED_CLASS_LOCAL:SLOT_NAMES_NO_METHOD
Newtonsoft.Json.Utilities.CollectionWrapper`1::Contains	CALL	this._genericCollection (System.Collections.Generic.ICollection`1<T>)	Type: Il2CppClass<System.Collections.Generic.ICollection`1<T>>	4	System.Collections.Generic.ICollection`1::Contains	0x06002EBD	RUNTIME_DISPATCH		UNRESOLVED	INVOKER_THROUGH_METHOD:METADATA_USAGE:DISPATCH_PATH_NOT_RECOVERED
Newtonsoft.Json.Utilities.CollectionWrapper`1::CopyTo	TAIL	v171 @ X0_v6	v170 @ X1_v4 (Il2CppClass<System.Collections.ICollection>)	v158 @ X2_v3 (System.Int32)			RUNTIME_DISPATCH		UNRESOLVED	METHOD_POINTER:TYPED_CLASS_LOCAL:SLOT_NAMES_NO_METHOD
Newtonsoft.Json.Utilities.CollectionWrapper`1::get_Count	TAIL	v165 @ X0_v6	v164 @ X1_v4 (Il2CppClass<System.Collections.ICollection>)	v152 @ X2_v3 (System.Int32)			RUNTIME_DISPATCH		UNRESOLVED	METHOD_POINTER:TYPED_CLASS_LOCAL:SLOT_NAMES_NO_METHOD
Newtonsoft.Json.Utilities.CollectionWrapper`1::get_IsReadOnly	TAIL	v37 @ X19_v2 (System.Collections.Generic.ICollection`1<T>)	v162 @ X1_v4 (Il2CppClass<System.Collections.IList>)	v150 @ X2_v3 (System.Int32)			RUNTIME_DISPATCH		UNRESOLVED	METHOD_POINTER:TYPED_CLASS_LOCAL:SLOT_NAMES_NO_METHOD
Newtonsoft.Json.Utilities.CollectionWrapper`1::Remove	CALL	this._genericCollection (System.Collections.Generic.ICollection`1<T>)	Type: Il2CppClass<System.Collections.Generic.ICollection`1<T>>	6	System.Collections.Generic.ICollection`1::Remove	0x06002EBF	RUNTIME_DISPATCH		UNRESOLVED	INVOKER_THROUGH_METHOD:METADATA_USAGE:DISPATCH_PATH_NOT_RECOVERED
Newtonsoft.Json.Utilities.CollectionWrapper`1::GetEnumerator	TAIL	v39 @ X19_v2 (System.Collections.Generic.ICollection`1<T>)	v50 @ X1_v3 (Il2CppClass<System.Collections.Generic.IEnumerable`1<T>>)	0	System.Collections.Generic.IEnumerable`1::GetEnumerator	0x06002EC8	RUNTIME_DISPATCH	T	EXACT	lookup(receiver, interface class, slot) reaches the dispatch pointer; slot = Il2CppMethodDefinition.slot
Newtonsoft.Json.Utilities.CollectionWrapper`1::System.Collections.IList.get_IsFixedSize	TAIL	v37 @ X19_v2 (System.Collections.Generic.ICollection`1<T>)	v162 @ X1_v4 (Il2CppClass<System.Collections.IList>)	v150 @ X2_v3 (System.Int32)			RUNTIME_DISPATCH		UNRESOLVED	METHOD_POINTER:TYPED_CLASS_LOCAL:SLOT_NAMES_NO_METHOD
Newtonsoft.Json.Utilities.ConvertUtils::EnsureTypeAssignable	CALL	v98.CastConverters (Newtonsoft.Json.Utilities.ThreadSafeStore`2<Newtonsoft.Json.Utilities.StructMultiKey`2<System.Type, System.Type>, System.Func`2<System.Object, System.Object>>)	0	0			RUNTIME_DISPATCH		UNRESOLVED	METHOD_POINTER:UNKNOWN_CLASS_SOURCE:CLASS_NOT_AN_INTERFACE_POINTER
Newtonsoft.Json.Utilities.DictionaryWrapper`2+DictionaryEnumerator`2::get_Current	CALL	v132 @ X27_v1 (System.Collections.Generic.IEnumerator`1<System.Collections.Generic.KeyValuePair`2<TEnumeratorKey, TEnumeratorValue>>)	Type: Il2CppClass<System.Collections.Generic.IEnumerator`1<System.Collections.Generic.KeyValuePair`2<TEnumeratorKey, TEnumeratorValue>>>	0	System.Collections.Generic.IEnumerator`1::get_Current	0x06002EC9	RUNTIME_DISPATCH		UNRESOLVED	INVOKER_THROUGH_METHOD:METADATA_USAGE:DISPATCH_PATH_NOT_RECOVERED
Newtonsoft.Json.Utilities.DictionaryWrapper`2+DictionaryEnumerator`2::get_Current	CALL	v148 @ X25_v4 (System.Collections.Generic.IEnumerator`1<System.Collections.Generic.KeyValuePair`2<TEnumeratorKey, TEnumeratorValue>>)	Type: Il2CppClass<System.Collections.Generic.IEnumerator`1<System.Collections.Generic.KeyValuePair`2<TEnumeratorKey, TEnumeratorValue>>>	0	System.Collections.Generic.IEnumerator`1::get_Current	0x06002EC9	RUNTIME_DISPATCH		UNRESOLVED	INVOKER_THROUGH_METHOD:METADATA_USAGE:DISPATCH_PATH_NOT_RECOVERED
Newtonsoft.Json.Utilities.DictionaryWrapper`2::Add	CALL	this._genericDictionary (System.Collections.Generic.IDictionary`2<TKey, TValue>)	Type: Il2CppClass<System.Collections.Generic.IDictionary`2<TKey, TValue>>	4	System.Collections.Generic.IDictionary`2::Add	0x06002EC5	RUNTIME_DISPATCH		UNRESOLVED	INVOKER_THROUGH_METHOD:METADATA_USAGE:DISPATCH_PATH_NOT_RECOVERED
Newtonsoft.Json.Utilities.DictionaryWrapper`2::ContainsKey	CALL	v441 @ X0_v12 (System.Collections.Generic.IReadOnlyDictionary`2<TKey, TValue>)	v186 @ X1_v16 (Il2CppClass<System.Collections.Generic.IReadOnlyDictionary`2<TKey, TValue>>)	v415 @ X2_v6 (System.Int32)			RUNTIME_DISPATCH		UNRESOLVED	INVOKER_THROUGH_METHOD:TYPED_CLASS_LOCAL:SLOT_NAMES_NO_METHOD
Newtonsoft.Json.Utilities.DictionaryWrapper`2::Remove	CALL	v94 @ X0_v15 (System.Collections.Generic.IDictionary`2<TKey, TValue>)	Type: Il2CppClass<System.Collections.Generic.IDictionary`2<TKey, TValue>>	5	System.Collections.Generic.IDictionary`2::Remove	0x06002EC6	RUNTIME_DISPATCH		UNRESOLVED	INVOKER_THROUGH_METHOD:METADATA_USAGE:DISPATCH_PATH_NOT_RECOVERED
Newtonsoft.Json.Utilities.DictionaryWrapper`2::TryGetValue	CALL	v104 @ X0_v16 (System.Collections.Generic.IDictionary`2<TKey, TValue>)	Type: Il2CppClass<System.Collections.Generic.IDictionary`2<TKey, TValue>>	6	System.Collections.Generic.IDictionary`2::TryGetValue	0x06002EC7	RUNTIME_DISPATCH		UNRESOLVED	INVOKER_THROUGH_METHOD:METADATA_USAGE:DISPATCH_PATH_NOT_RECOVERED
Newtonsoft.Json.Utilities.DictionaryWrapper`2::get_Values	CALL	this._readOnlyDictionary (System.Collections.Generic.IReadOnlyDictionary`2<TKey, TValue>)	Type: Il2CppClass<System.Collections.Generic.IReadOnlyDictionary`2<TKey, TValue>>	3	System.Collections.Generic.IReadOnlyDictionary`2::get_Values	0x06002ED5	RUNTIME_DISPATCH	TKey,TValue	EXACT	lookup(receiver, interface class, slot) reaches the dispatch pointer; slot = Il2CppMethodDefinition.slot
Newtonsoft.Json.Utilities.DictionaryWrapper`2::get_Item	CALL	v443 @ X0_v12 (System.Collections.Generic.IReadOnlyDictionary`2<TKey, TValue>)	v201 @ X1_v17 (Il2CppClass<System.Collections.Generic.IReadOnlyDictionary`2<TKey, TValue>>)	v416 @ X2_v7 (System.Int32)			RUNTIME_DISPATCH		UNRESOLVED	INVOKER_THROUGH_METHOD:TYPED_CLASS_LOCAL:SLOT_NAMES_NO_METHOD
Newtonsoft.Json.Utilities.DictionaryWrapper`2::set_Item	CALL	v105 @ X0_v14 (System.Collections.Generic.IDictionary`2<TKey, TValue>)	Type: Il2CppClass<System.Collections.Generic.IDictionary`2<TKey, TValue>>	1	System.Collections.Generic.IDictionary`2::set_Item	0x06002EC2	RUNTIME_DISPATCH		UNRESOLVED	INVOKER_THROUGH_METHOD:METADATA_USAGE:DISPATCH_PATH_NOT_RECOVERED
Newtonsoft.Json.Utilities.DictionaryWrapper`2::Add	CALL	v50._genericDictionary (System.Collections.Generic.IDictionary`2<TKey, TValue>)	Type: Il2CppClass<System.Collections.Generic.ICollection`1<System.Collections.Generic.KeyValuePair`2<TKey, TValue>>>	2	System.Collections.Generic.ICollection`1::Add	0x06002EBB	RUNTIME_DISPATCH		UNRESOLVED	INVOKER_THROUGH_METHOD:METADATA_USAGE:DISPATCH_PATH_NOT_RECOVERED
Newtonsoft.Json.Utilities.DictionaryWrapper`2::Clear	TAIL	v207 @ X19_v3 (System.Collections.IDictionary)	v138 @ X1_v4 (Il2CppClass<System.Collections.IDictionary>)	v118 @ X2_v3 (System.Int32)			RUNTIME_DISPATCH		UNRESOLVED	METHOD_POINTER:TYPED_CLASS_LOCAL:SLOT_NAMES_NO_METHOD
Newtonsoft.Json.Utilities.DictionaryWrapper`2::Contains	CALL	v86 @ X0_v12 (System.Collections.Generic.IDictionary`2<TKey, TValue>)	Type: Il2CppClass<System.Collections.Generic.ICollection`1<System.Collections.Generic.KeyValuePair`2<TKey, TValue>>>	4	System.Collections.Generic.ICollection`1::Contains	0x06002EBD	RUNTIME_DISPATCH		UNRESOLVED	INVOKER_THROUGH_METHOD:METADATA_USAGE:DISPATCH_PATH_NOT_RECOVERED
Newtonsoft.Json.Utilities.DictionaryWrapper`2::CopyTo	CALL	v240 @ X0_v47 (System.Collections.Generic.IDictionary`2<TKey, TValue>)	v422 @ X1_v20 (Il2CppClass<System.Collections.Generic.ICollection`1<System.Collections.Generic.KeyValuePair`2<TKey, TValue>>>)	5	System.Collections.Generic.ICollection`1::CopyTo	0x06002EBE	RUNTIME_DISPATCH	System.Collections.Generic.KeyValuePair`2<TKey, TValue>	EXACT	lookup(receiver, interface class, slot) reaches the dispatch pointer; slot = Il2CppMethodDefinition.slot
Newtonsoft.Json.Utilities.DictionaryWrapper`2::CopyTo	CALL	v541 @ X0_v13 (System.OutOfMemoryException)	[v157 @ X26_v2 (Il2CppClass<System.IDisposable>)]	0	System.IDisposable::Dispose	0x0600079F	RUNTIME_DISPATCH		EXACT	lookup(receiver, interface class, slot) reaches the dispatch pointer; slot = Il2CppMethodDefinition.slot
Newtonsoft.Json.Utilities.DictionaryWrapper`2::get_Count	TAIL	v148 @ X0_v6 (System.Collections.IDictionary)	v142 @ X1_v4 (Il2CppClass<System.Collections.ICollection>)	v122 @ X2_v3 (System.Int32)			RUNTIME_DISPATCH		UNRESOLVED	METHOD_POINTER:TYPED_CLASS_LOCAL:SLOT_NAMES_NO_METHOD
Newtonsoft.Json.Utilities.DictionaryWrapper`2::get_IsReadOnly	TAIL	v245 @ X19_v3 (System.Collections.IDictionary)	v139 @ X1_v2 (Il2CppClass<System.Collections.IDictionary>)	v119 @ X2_v1 (System.Int32)			RUNTIME_DISPATCH		UNRESOLVED	METHOD_POINTER:TYPED_CLASS_LOCAL:SLOT_NAMES_NO_METHOD
Newtonsoft.Json.Utilities.DictionaryWrapper`2::Remove	CALL	v110 @ X0_v15 (System.Collections.Generic.IDictionary`2<TKey, TValue>)	Type: Il2CppClass<System.Collections.Generic.ICollection`1<System.Collections.Generic.KeyValuePair`2<TKey, TValue>>>	6	System.Collections.Generic.ICollection`1::Remove	0x06002EBF	RUNTIME_DISPATCH		UNRESOLVED	INVOKER_THROUGH_METHOD:METADATA_USAGE:DISPATCH_PATH_NOT_RECOVERED
Newtonsoft.Json.Utilities.DictionaryWrapper`2::System.Collections.IDictionary.Add	CALL	v127 @ X0_v14 (System.Collections.Generic.IDictionary`2<TKey, TValue>)	Type: Il2CppClass<System.Collections.Generic.IDictionary`2<TKey, TValue>>	4	System.Collections.Generic.IDictionary`2::Add	0x06002EC5	RUNTIME_DISPATCH		UNRESOLVED	INVOKER_THROUGH_METHOD:METADATA_USAGE:DISPATCH_PATH_NOT_RECOVERED
Newtonsoft.Json.Utilities.DictionaryWrapper`2::System.Collections.IDictionary.get_Item	CALL	v452 @ X0_v12 (System.Collections.Generic.IReadOnlyDictionary`2<TKey, TValue>)	v267 @ X1_v18 (Il2CppClass<System.Collections.Generic.IReadOnlyDictionary`2<TKey, TValue>>)	v427 @ X2_v6 (System.Int32)			RUNTIME_DISPATCH		UNRESOLVED	INVOKER_THROUGH_METHOD:TYPED_CLASS_LOCAL:SLOT_NAMES_NO_METHOD
Newtonsoft.Json.Utilities.DictionaryWrapper`2::System.Collections.IDictionary.set_Item	CALL	v127 @ X0_v14 (System.Collections.Generic.IDictionary`2<TKey, TValue>)	Type: Il2CppClass<System.Collections.Generic.IDictionary`2<TKey, TValue>>	1	System.Collections.Generic.IDictionary`2::set_Item	0x06002EC2	RUNTIME_DISPATCH		UNRESOLVED	INVOKER_THROUGH_METHOD:METADATA_USAGE:DISPATCH_PATH_NOT_RECOVERED
Newtonsoft.Json.Utilities.DictionaryWrapper`2::System.Collections.IDictionary.GetEnumerator	CALL	v216 @ X20_v7 (System.Collections.Generic.IReadOnlyDictionary`2<TKey, TValue>)	v200 @ X1_v6 (Il2CppClass<System.Collections.Generic.IEnumerable`1<System.Collections.Generic.KeyValuePair`2<TKey, TValue>>>)	0	System.Collections.Generic.IEnumerable`1::GetEnumerator	0x06002EC8	RUNTIME_DISPATCH	System.Collections.Generic.KeyValuePair`2<TKey, TValue>	EXACT	lookup(receiver, interface class, slot) reaches the dispatch pointer; slot = Il2CppMethodDefinition.slot
Newtonsoft.Json.Utilities.DictionaryWrapper`2::System.Collections.IDictionary.Contains	CALL	v428 @ X0_v8 (System.Collections.Generic.IDictionary`2<TKey, TValue>)	v108 @ X1_v17 (Il2CppClass<System.Collections.Generic.IDictionary`2<TKey, TValue>>)	v403 @ X2_v4 (System.Int32)			RUNTIME_DISPATCH		UNRESOLVED	INVOKER_THROUGH_METHOD:TYPED_CLASS_LOCAL:SLOT_NAMES_NO_METHOD
Newtonsoft.Json.Utilities.DictionaryWrapper`2::Remove	CALL	v114 @ X0_v14 (System.Collections.Generic.IDictionary`2<TKey, TValue>)	Type: Il2CppClass<System.Collections.Generic.IDictionary`2<TKey, TValue>>	5	System.Collections.Generic.IDictionary`2::Remove	0x06002EC6	RUNTIME_DISPATCH		UNRESOLVED	INVOKER_THROUGH_METHOD:METADATA_USAGE:DISPATCH_PATH_NOT_RECOVERED
Newtonsoft.Json.Utilities.DictionaryWrapper`2::System.Collections.IDictionary.get_Values	TAIL	v63 @ X19_v4 (System.Collections.IDictionary)	Type: System.Collections.IDictionary	2	System.Collections.IDictionary::get_Values	0x06002BBF	RUNTIME_DISPATCH		EXACT	lookup(receiver, interface class, slot) reaches the dispatch pointer; slot = Il2CppMethodDefinition.slot
Newtonsoft.Json.Utilities.DictionaryWrapper`2::System.Collections.IDictionary.get_Values	CALL	v37 @ X20_v2 (System.Collections.Generic.IDictionary`2<TKey, TValue>)	v50 @ X1_v13 (Il2CppClass<System.Collections.Generic.IDictionary`2<TKey, TValue>>)	v329 @ X2_v2 (System.Int32)			RUNTIME_DISPATCH		UNRESOLVED	METHOD_POINTER:TYPED_CLASS_LOCAL:SLOT_NAMES_NO_METHOD
Newtonsoft.Json.Utilities.DictionaryWrapper`2::System.Collections.ICollection.CopyTo	TAIL	v100 @ X0_v16 (System.Collections.Generic.IDictionary`2<TKey, TValue>)	Type: Il2CppClass<System.Collections.Generic.ICollection`1<System.Collections.Generic.KeyValuePair`2<TKey, TValue>>>	5	System.Collections.Generic.ICollection`1::CopyTo	0x06002EBE	RUNTIME_DISPATCH	System.Collections.Generic.KeyValuePair`2<TKey, TValue>	EXACT	lookup(receiver, interface class, slot) reaches the dispatch pointer; slot = Il2CppMethodDefinition.slot
Newtonsoft.Json.Utilities.JavaScriptUtils::.cctor	CALL	v1684 @ X20_v28 (System.Collections.Generic.IEnumerator`1<System.Char>)	[v1642 @ X24_v18 (Il2CppClass<System.IDisposable>)]	0	System.IDisposable::Dispose	0x0600079F	RUNTIME_DISPATCH		EXACT	lookup(receiver, interface class, slot) reaches the dispatch pointer; slot = Il2CppMethodDefinition.slot
Newtonsoft.Json.Utilities.JavaScriptUtils::.cctor	CALL	v347 @ X0_v52	[v142 @ X25_v3 (Il2CppClass<System.Collections.Generic.IEnumerable`1<System.Char>>)]	0	System.Collections.Generic.IEnumerable`1::GetEnumerator	0x06002EC8	RUNTIME_DISPATCH	System.Char	EXACT	lookup(receiver, interface class, slot) reaches the dispatch pointer; slot = Il2CppMethodDefinition.slot
Newtonsoft.Json.Utilities.JavaScriptUtils::.cctor	CALL	v1406 @ X20_v27 (System.Collections.IEnumerator)	[v1642 @ X24_v18 (Il2CppClass<System.IDisposable>)]	0	System.IDisposable::Dispose	0x0600079F	RUNTIME_DISPATCH		EXACT	lookup(receiver, interface class, slot) reaches the dispatch pointer; slot = Il2CppMethodDefinition.slot
Newtonsoft.Json.Utilities.JavaScriptUtils::.cctor	CALL	v348 @ X0_v28	[v695 @ X25_v1 (Il2CppClass<System.Collections.Generic.IEnumerable`1<System.Char>>)]	0	System.Collections.Generic.IEnumerable`1::GetEnumerator	0x06002EC8	RUNTIME_DISPATCH	System.Char	EXACT	lookup(receiver, interface class, slot) reaches the dispatch pointer; slot = Il2CppMethodDefinition.slot
Newtonsoft.Json.Utilities.JavaScriptUtils::.cctor	CALL	v1683 @ X19_v23 (System.Collections.Generic.List`1<System.Char>)	[v693 @ X24_v1 (Il2CppClass<System.IDisposable>)]	0	System.IDisposable::Dispose	0x0600079F	RUNTIME_DISPATCH		EXACT	lookup(receiver, interface class, slot) reaches the dispatch pointer; slot = Il2CppMethodDefinition.slot
Newtonsoft.Json.Utilities.JavaScriptUtils::.cctor	CALL	v1683 @ X19_v23 (System.Collections.Generic.List`1<System.Char>)	[v693 @ X24_v1 (Il2CppClass<System.IDisposable>)]	0	System.IDisposable::Dispose	0x0600079F	RUNTIME_DISPATCH		EXACT	lookup(receiver, interface class, slot) reaches the dispatch pointer; slot = Il2CppMethodDefinition.slot
Newtonsoft.Json.Utilities.JavaScriptUtils::.cctor	CALL	0	[v1642 @ X24_v18 (Il2CppClass<System.IDisposable>)]	0	System.IDisposable::Dispose	0x0600079F	RUNTIME_DISPATCH		EXACT	lookup(receiver, interface class, slot) reaches the dispatch pointer; slot = Il2CppMethodDefinition.slot
Newtonsoft.Json.Utilities.JavaScriptUtils::.cctor	CALL	0	[v1642 @ X24_v18 (Il2CppClass<System.IDisposable>)]	0	System.IDisposable::Dispose	0x0600079F	RUNTIME_DISPATCH		EXACT	lookup(receiver, interface class, slot) reaches the dispatch pointer; slot = Il2CppMethodDefinition.slot
Newtonsoft.Json.Utilities.ReflectionDelegateFactory::CreateGet	TAIL	[v257 @ X8_v10+140]	v234 @ X1_v9 (Il2CppMethodInfo)	v209 @ X2_v1 (Il2CppMethodInfo)			RUNTIME_DISPATCH		UNRESOLVED	METHOD_POINTER:UNKNOWN_CLASS_SOURCE:CLASS_NOT_AN_INTERFACE_POINTER
Newtonsoft.Json.Utilities.ReflectionDelegateFactory::CreateSet	TAIL	[v170 @ X8_v7+140]	v150 @ X1_v4 (Il2CppMethodInfo)	methodInfo @ X2 (Il2CppMethodInfo)			RUNTIME_DISPATCH		UNRESOLVED	METHOD_POINTER:UNKNOWN_CLASS_SOURCE:CLASS_NOT_AN_INTERFACE_POINTER
Newtonsoft.Json.Utilities.ReflectionUtils::GetChildPrivateProperties	CALL	initialProperties @ X0 (System.Collections.Generic.IList`1<System.Reflection.PropertyInfo>)	v654 @ X1_v14 (Il2CppClass<System.Collections.Generic.ICollection`1<System.Reflection.PropertyInfo>>)	2	System.Collections.Generic.ICollection`1::Add	0x06002EBB	RUNTIME_DISPATCH	System.Reflection.PropertyInfo	EXACT	lookup(receiver, interface class, slot) reaches the dispatch pointer; slot = Il2CppMethodDefinition.slot
Newtonsoft.Json.Serialization.JsonSerializerInternalReader::CreateJToken	CALL	v425 @ X21_v4 (Newtonsoft.Json.Linq.JTokenWriter)	[v311 @ X24_v3 (Il2CppClass<System.IDisposable>)]	0	System.IDisposable::Dispose	0x0600079F	RUNTIME_DISPATCH		EXACT	lookup(receiver, interface class, slot) reaches the dispatch pointer; slot = Il2CppMethodDefinition.slot
Newtonsoft.Json.Serialization.JsonSerializerInternalReader::CreateJToken	CALL	v467 @ X0_v21 (System.Globalization.CultureInfo)	[v311 @ X24_v3 (Il2CppClass<System.IDisposable>)]	0	System.IDisposable::Dispose	0x0600079F	RUNTIME_DISPATCH		EXACT	lookup(receiver, interface class, slot) reaches the dispatch pointer; slot = Il2CppMethodDefinition.slot
Newtonsoft.Json.Serialization.JsonSerializerInternalReader::CreateObjectUsingCreatorWithParameters	CALL	v2069 @ X0_v89 (System.IDisposable)	Type: System.IDisposable	0	System.IDisposable::Dispose	0x0600079F	RUNTIME_DISPATCH		EXACT	lookup(receiver, interface class, slot) reaches the dispatch pointer; slot = Il2CppMethodDefinition.slot
Newtonsoft.Json.Serialization.JsonSerializerInternalReader::CreateObjectUsingCreatorWithParameters	CALL	v4097 @ X0_v55 (System.IDisposable)	Type: System.IDisposable	0	System.IDisposable::Dispose	0x0600079F	RUNTIME_DISPATCH		EXACT	lookup(receiver, interface class, slot) reaches the dispatch pointer; slot = Il2CppMethodDefinition.slot
Newtonsoft.Json.Serialization.JsonSerializerInternalReader::CreateObjectUsingCreatorWithParameters	CALL	v4515 @ X27_v66 (Newtonsoft.Json.Utilities.IWrappedCollection)	[v5125 @ X21_v68 (Il2CppClass<System.Collections.IList>)]	6	System.Collections.IList::get_IsFixedSize	0x06002BD5	RUNTIME_DISPATCH		UNRESOLVED	METHOD_POINTER:UNKNOWN_CLASS_SOURCE:LOOKUPS_DISAGREE_OR_LATE
Newtonsoft.Json.Serialization.JsonSerializerInternalReader::CreateObjectUsingCreatorWithParameters	CALL	v4515 @ X27_v66 (Newtonsoft.Json.Utilities.IWrappedCollection)	[v5125 @ X21_v68 (Il2CppClass<System.Collections.IList>)]	6	System.Collections.IList::get_IsFixedSize	0x06002BD5	RUNTIME_DISPATCH		UNRESOLVED	METHOD_POINTER:UNKNOWN_CLASS_SOURCE:LOOKUPS_DISAGREE_OR_LATE
Newtonsoft.Json.Serialization.JsonSerializerInternalWriter::SerializeDictionary	CALL	v839 @ X0_v9 (System.Collections.IDictionaryEnumerator)	[v331 @ X25_v2 (Il2CppClass<System.IDisposable>)]	0	System.IDisposable::Dispose	0x0600079F	RUNTIME_DISPATCH		EXACT	lookup(receiver, interface class, slot) reaches the dispatch pointer; slot = Il2CppMethodDefinition.slot
Newtonsoft.Json.Linq.JContainer::.ctor	CALL	v164 @ X19_v2 (System.Collections.Generic.IEnumerator`1<Newtonsoft.Json.Linq.JToken>)	[v172 @ X23_v2 (Il2CppClass<System.IDisposable>)]	0	System.IDisposable::Dispose	0x0600079F	RUNTIME_DISPATCH		EXACT	lookup(receiver, interface class, slot) reaches the dispatch pointer; slot = Il2CppMethodDefinition.slot
Newtonsoft.Json.Linq.JContainer::.ctor	CALL	v164 @ X19_v2 (System.Collections.Generic.IEnumerator`1<Newtonsoft.Json.Linq.JToken>)	[v172 @ X23_v2 (Il2CppClass<System.IDisposable>)]	0	System.IDisposable::Dispose	0x0600079F	RUNTIME_DISPATCH		EXACT	lookup(receiver, interface class, slot) reaches the dispatch pointer; slot = Il2CppMethodDefinition.slot
Newtonsoft.Json.Linq.JContainer::ClearItems	CALL	v229 @ X21_v1 (System.Collections.Generic.IEnumerator`1<Newtonsoft.Json.Linq.JToken>)	[v227 @ X23_v1 (Il2CppClass<System.IDisposable>)]	0	System.IDisposable::Dispose	0x0600079F	RUNTIME_DISPATCH		EXACT	lookup(receiver, interface class, slot) reaches the dispatch pointer; slot = Il2CppMethodDefinition.slot
Newtonsoft.Json.Linq.JContainer::ClearItems	CALL	v228 @ X21_v4 (System.Collections.Generic.IEnumerator`1<Newtonsoft.Json.Linq.JToken>)	[v226 @ X23_v4 (Il2CppClass<System.IDisposable>)]	0	System.IDisposable::Dispose	0x0600079F	RUNTIME_DISPATCH		EXACT	lookup(receiver, interface class, slot) reaches the dispatch pointer; slot = Il2CppMethodDefinition.slot
Newtonsoft.Json.Linq.JContainer::CopyItemsTo	CALL	v297 @ X0_v77 (System.Collections.Generic.IEnumerator`1<Newtonsoft.Json.Linq.JToken>)	[v382 @ X22_v4 (Il2CppClass<System.IDisposable>)]	0	System.IDisposable::Dispose	0x0600079F	RUNTIME_DISPATCH		EXACT	lookup(receiver, interface class, slot) reaches the dispatch pointer; slot = Il2CppMethodDefinition.slot
Newtonsoft.Json.Linq.JContainer::CopyItemsTo	CALL	v297 @ X0_v77 (System.Collections.Generic.IEnumerator`1<Newtonsoft.Json.Linq.JToken>)	[v382 @ X22_v4 (Il2CppClass<System.IDisposable>)]	0	System.IDisposable::Dispose	0x0600079F	RUNTIME_DISPATCH		EXACT	lookup(receiver, interface class, slot) reaches the dispatch pointer; slot = Il2CppMethodDefinition.slot
Newtonsoft.Json.Linq.JEnumerable`1::GetEnumerator	CALL	v29 @ X20_v2 (System.Collections.Generic.IEnumerable`1<T>)	v73 @ X1_v3 (Il2CppClass<System.Collections.Generic.IEnumerable`1<T>>)	0	System.Collections.Generic.IEnumerable`1::GetEnumerator	0x06002EC8	RUNTIME_DISPATCH	T	EXACT	lookup(receiver, interface class, slot) reaches the dispatch pointer; slot = Il2CppMethodDefinition.slot
Newtonsoft.Json.Linq.JObject::System.Collections.Generic.ICollection<System.Collections.Generic.KeyValuePair<System.String,Newtonsoft.Json.Linq.JToken>>.CopyTo	CALL	v223 @ X0_v71 (System.Collections.Generic.IEnumerator`1<Newtonsoft.Json.Linq.JToken>)	[v418 @ X22_v4 (Il2CppClass<System.IDisposable>)]	0	System.IDisposable::Dispose	0x0600079F	RUNTIME_DISPATCH		EXACT	lookup(receiver, interface class, slot) reaches the dispatch pointer; slot = Il2CppMethodDefinition.slot
Newtonsoft.Json.Linq.JObject::System.Collections.Generic.ICollection<System.Collections.Generic.KeyValuePair<System.String,Newtonsoft.Json.Linq.JToken>>.CopyTo	CALL	v223 @ X0_v71 (System.Collections.Generic.IEnumerator`1<Newtonsoft.Json.Linq.JToken>)	[v418 @ X22_v4 (Il2CppClass<System.IDisposable>)]	0	System.IDisposable::Dispose	0x0600079F	RUNTIME_DISPATCH		EXACT	lookup(receiver, interface class, slot) reaches the dispatch pointer; slot = Il2CppMethodDefinition.slot
Newtonsoft.Json.Converters.DataSetConverter::WriteJson	CALL	v551 @ X0_v4 (System.Data.DataSet)	[v384 @ X25_v5 (Il2CppClass<System.IDisposable>)]	0	System.IDisposable::Dispose	0x0600079F	RUNTIME_DISPATCH		EXACT	lookup(receiver, interface class, slot) reaches the dispatch pointer; slot = Il2CppMethodDefinition.slot
Newtonsoft.Json.Converters.DataSetConverter::WriteJson	CALL	v503 @ X0_v18	[v384 @ X25_v5 (Il2CppClass<System.IDisposable>)]	0	System.IDisposable::Dispose	0x0600079F	RUNTIME_DISPATCH		EXACT	lookup(receiver, interface class, slot) reaches the dispatch pointer; slot = Il2CppMethodDefinition.slot
Newtonsoft.Json.Converters.DataTableConverter::WriteJson	CALL	v1077 @ X0_v4 (System.Data.DataTable)	[v262 @ X26_v1 (Il2CppClass<System.IDisposable>)]	0	System.IDisposable::Dispose	0x0600079F	RUNTIME_DISPATCH		EXACT	lookup(receiver, interface class, slot) reaches the dispatch pointer; slot = Il2CppMethodDefinition.slot
Newtonsoft.Json.Converters.XmlNodeConverter::ReadJson	TAIL	v173 @ X0_v72 (Newtonsoft.Json.Converters.IXmlElement)	Type: Newtonsoft.Json.Converters.IXmlNode	8	Newtonsoft.Json.Converters.IXmlNode::get_WrappedNode	0x060008AA	RUNTIME_DISPATCH		EXACT	lookup(receiver, interface class, slot) reaches the dispatch pointer; slot = Il2CppMethodDefinition.slot
Newtonsoft.Json.Converters.XmlNodeConverter::DeserializeValue	TAIL	currentNode @ X5 (Newtonsoft.Json.Converters.IXmlNode)	v626 @ X1_v6 (Il2CppClass<Newtonsoft.Json.Converters.IXmlNode>)	6	Newtonsoft.Json.Converters.IXmlNode::AppendChild	0x060008A8	RUNTIME_DISPATCH		EXACT	lookup(receiver, interface class, slot) reaches the dispatch pointer; slot = Il2CppMethodDefinition.slot
Newtonsoft.Json.Converters.XmlNodeConverter::CreateElement	CALL	document @ X2 (Newtonsoft.Json.Converters.IXmlDocument)	[v87 @ X29_v1 (Il2CppClass<Newtonsoft.Json.Converters.IXmlDocument>)]	1	Newtonsoft.Json.Converters.IXmlDocument::CreateTextNode	0x0600088C	RUNTIME_DISPATCH		UNRESOLVED	METHOD_POINTER:UNKNOWN_CLASS_SOURCE:LOOKUPS_DISAGREE_OR_LATE
Newtonsoft.Json.Converters.XmlNodeConverter::CreateElement	CALL	document @ X2 (Newtonsoft.Json.Converters.IXmlDocument)	[v87 @ X29_v1 (Il2CppClass<Newtonsoft.Json.Converters.IXmlDocument>)]	1	Newtonsoft.Json.Converters.IXmlDocument::CreateTextNode	0x0600088C	RUNTIME_DISPATCH		UNRESOLVED	METHOD_POINTER:UNKNOWN_CLASS_SOURCE:LOOKUPS_DISAGREE_OR_LATE
Newtonsoft.Json.Converters.XmlNodeConverter::CreateInstruction	TAIL	currentNode @ X3 (Newtonsoft.Json.Converters.IXmlNode)	v648 @ X1_v16 (Il2CppClass<Newtonsoft.Json.Converters.IXmlNode>)	6	Newtonsoft.Json.Converters.IXmlNode::AppendChild	0x060008A8	RUNTIME_DISPATCH		EXACT	lookup(receiver, interface class, slot) reaches the dispatch pointer; slot = Il2CppMethodDefinition.slot
<>f__AnonymousType0`2::Equals	CALL	Type: Il2CppMethodInfo	value @ X1 (System.Object)	methodInfo @ X2 (Il2CppMethodInfo)			RUNTIME_DISPATCH		UNRESOLVED	TWO_LOADS_OTHER:UNKNOWN_CLASS_SOURCE:CLASS_NOT_AN_INTERFACE_POINTER
<>f__AnonymousType0`2::GetHashCode	CALL	Type: Il2CppMethodInfo	methodInfo @ X1 (Il2CppMethodInfo)	v15 @ X2			RUNTIME_DISPATCH		UNRESOLVED	TWO_LOADS_OTHER:UNKNOWN_CLASS_SOURCE:CLASS_NOT_AN_INTERFACE_POINTER
ES3::LoadAudio	CALL	v285 @ X0_v95 (UnityEngine.Networking.UnityWebRequest)	[v572 @ X23_v9 (Il2CppClass<System.IDisposable>)]	0	System.IDisposable::Dispose	0x0600079F	RUNTIME_DISPATCH		EXACT	lookup(receiver, interface class, slot) reaches the dispatch pointer; slot = Il2CppMethodDefinition.slot
ES3File::Sync	CALL	v409 @ X19_v7 (ES3Writer)	[v404 @ X24_v5 (Il2CppClass<System.IDisposable>)]	0	System.IDisposable::Dispose	0x0600079F	RUNTIME_DISPATCH		EXACT	lookup(receiver, interface class, slot) reaches the dispatch pointer; slot = Il2CppMethodDefinition.slot
ES3File::Sync	CALL	v409 @ X19_v7 (ES3Writer)	[v404 @ X24_v5 (Il2CppClass<System.IDisposable>)]	0	System.IDisposable::Dispose	0x0600079F	RUNTIME_DISPATCH		EXACT	lookup(receiver, interface class, slot) reaches the dispatch pointer; slot = Il2CppMethodDefinition.slot
ES3File::GetBytes	CALL	v1379 @ X20_v23 (ES3Writer)	[v1339 @ X24_v16 (Il2CppClass<System.IDisposable>)]	0	System.IDisposable::Dispose	0x0600079F	RUNTIME_DISPATCH		EXACT	lookup(receiver, interface class, slot) reaches the dispatch pointer; slot = Il2CppMethodDefinition.slot
ES3File::GetBytes	CALL	v1379 @ X20_v23 (ES3Writer)	[v1339 @ X24_v16 (Il2CppClass<System.IDisposable>)]	0	System.IDisposable::Dispose	0x0600079F	RUNTIME_DISPATCH		EXACT	lookup(receiver, interface class, slot) reaches the dispatch pointer; slot = Il2CppMethodDefinition.slot
ES3File::GetBytes	CALL	v1379 @ X20_v23 (ES3Writer)	[v1339 @ X24_v16 (Il2CppClass<System.IDisposable>)]	0	System.IDisposable::Dispose	0x0600079F	RUNTIME_DISPATCH		EXACT	lookup(receiver, interface class, slot) reaches the dispatch pointer; slot = Il2CppMethodDefinition.slot
ES3File::GetBytes	CALL	v1379 @ X20_v23 (ES3Writer)	[v1339 @ X24_v16 (Il2CppClass<System.IDisposable>)]	0	System.IDisposable::Dispose	0x0600079F	RUNTIME_DISPATCH		EXACT	lookup(receiver, interface class, slot) reaches the dispatch pointer; slot = Il2CppMethodDefinition.slot
ES3Writer::Merge	CALL	v410 @ X0_v4 (System.Collections.IEnumerator)	[v208 @ X23_v3 (Il2CppClass<System.IDisposable>)]	0	System.IDisposable::Dispose	0x0600079F	RUNTIME_DISPATCH		EXACT	lookup(receiver, interface class, slot) reaches the dispatch pointer; slot = Il2CppMethodDefinition.slot
ES3Writer::Merge	CALL	v354 @ X0_v16	[v208 @ X23_v3 (Il2CppClass<System.IDisposable>)]	0	System.IDisposable::Dispose	0x0600079F	RUNTIME_DISPATCH		EXACT	lookup(receiver, interface class, slot) reaches the dispatch pointer; slot = Il2CppMethodDefinition.slot
ES3Types.ES3ArrayType::ReadInto	CALL	v619 @ X0_v4 (System.Object)	[v328 @ X27_v1 (Il2CppClass<System.IDisposable>)]	0	System.IDisposable::Dispose	0x0600079F	RUNTIME_DISPATCH		EXACT	lookup(receiver, interface class, slot) reaches the dispatch pointer; slot = Il2CppMethodDefinition.slot
ES3Types.ES3ArrayType::ReadInto	CALL	v64 @ X0_v69 (System.Collections.IList)	[v364 @ X25_v1 (Il2CppClass<System.Collections.ICollection>)]	1	System.Collections.ICollection::get_Count	0x06002BB9	RUNTIME_DISPATCH		EXACT	lookup(receiver, interface class, slot) reaches the dispatch pointer; slot = Il2CppMethodDefinition.slot
ES3Types.ES3CollectionType::ReadICollection	CALL	collection @ X2 (System.Collections.Generic.ICollection`1<T>)	v229 @ X1_v11 (Il2CppClass<System.Collections.Generic.ICollection`1<T>>)	2	System.Collections.Generic.ICollection`1::Add	0x06002EBB	RUNTIME_DISPATCH	T	EXACT	lookup(receiver, interface class, slot) reaches the dispatch pointer; slot = Il2CppMethodDefinition.slot
ES3Types.ES3CollectionType::ReadICollectionInto	CALL	v552 @ X0_v4 (System.Collections.IEnumerator)	[v295 @ X26_v1 (Il2CppClass<System.IDisposable>)]	0	System.IDisposable::Dispose	0x0600079F	RUNTIME_DISPATCH		EXACT	lookup(receiver, interface class, slot) reaches the dispatch pointer; slot = Il2CppMethodDefinition.slot
ES3Types.ES3CollectionType::ReadICollectionInto	CALL	collection @ X2 (System.Collections.ICollection)	[v293 @ X25_v1 (Il2CppClass<System.Collections.ICollection>)]	1	System.Collections.ICollection::get_Count	0x06002BB9	RUNTIME_DISPATCH		EXACT	lookup(receiver, interface class, slot) reaches the dispatch pointer; slot = Il2CppMethodDefinition.slot
ES3Types.ES3DictionaryType::Write	CALL	v510 @ X0_v4 (System.Collections.IDictionary)	[v255 @ X26_v3 (Il2CppClass<System.IDisposable>)]	0	System.IDisposable::Dispose	0x0600079F	RUNTIME_DISPATCH		EXACT	lookup(receiver, interface class, slot) reaches the dispatch pointer; slot = Il2CppMethodDefinition.slot
ES3Types.ES3DictionaryType::Write	CALL	v396 @ X0_v16	[v255 @ X26_v3 (Il2CppClass<System.IDisposable>)]	0	System.IDisposable::Dispose	0x0600079F	RUNTIME_DISPATCH		EXACT	lookup(receiver, interface class, slot) reaches the dispatch pointer; slot = Il2CppMethodDefinition.slot
ES3Types.ES3HashSetType::Write	CALL	v1044 @ X0_v4 (System.Object)	[v796 @ X25_v6 (Il2CppClass<System.IDisposable>)]	0	System.IDisposable::Dispose	0x0600079F	RUNTIME_DISPATCH		EXACT	lookup(receiver, interface class, slot) reaches the dispatch pointer; slot = Il2CppMethodDefinition.slot
ES3Types.ES3HashSetType::Write	CALL	v835 @ X22_v8 (System.Collections.IEnumerable)	[v825 @ X27_v6 (Il2CppClass<System.Collections.IEnumerable>)]	0	System.Collections.IEnumerable::GetEnumerator	0x06002BC9	RUNTIME_DISPATCH		EXACT	lookup(receiver, interface class, slot) reaches the dispatch pointer; slot = Il2CppMethodDefinition.slot
ES3Types.ES3HashSetType::Write	CALL	v827 @ X0_v8 (System.Collections.IEnumerable)	[v797 @ X26_v6 (Il2CppClass<System.Collections.IEnumerator>)]	0	System.Collections.IEnumerator::MoveNext	0x06002BCA	RUNTIME_DISPATCH		EXACT	lookup(receiver, interface class, slot) reaches the dispatch pointer; slot = Il2CppMethodDefinition.slot
ES3Types.ES3HashSetType::Write	CALL	v827 @ X0_v8 (System.Collections.IEnumerable)	[v797 @ X26_v6 (Il2CppClass<System.Collections.IEnumerator>)]	1	System.Collections.IEnumerator::get_Current	0x06002BCB	RUNTIME_DISPATCH		EXACT	lookup(receiver, interface class, slot) reaches the dispatch pointer; slot = Il2CppMethodDefinition.slot
ES3Types.ES3HashSetType::Write	CALL	v567 @ X0_v40	[v796 @ X25_v6 (Il2CppClass<System.IDisposable>)]	0	System.IDisposable::Dispose	0x0600079F	RUNTIME_DISPATCH		EXACT	lookup(receiver, interface class, slot) reaches the dispatch pointer; slot = Il2CppMethodDefinition.slot
ES3Types.ES3HashSetType::Write	CALL	v993 @ X0_v63	[v796 @ X25_v6 (Il2CppClass<System.IDisposable>)]	0	System.IDisposable::Dispose	0x0600079F	RUNTIME_DISPATCH		EXACT	lookup(receiver, interface class, slot) reaches the dispatch pointer; slot = Il2CppMethodDefinition.slot
ES3Types.ES3ListType::Write	CALL	v461 @ X0_v4 (System.Object)	[v90 @ X25_v4 (Il2CppClass<System.IDisposable>)]	0	System.IDisposable::Dispose	0x0600079F	RUNTIME_DISPATCH		EXACT	lookup(receiver, interface class, slot) reaches the dispatch pointer; slot = Il2CppMethodDefinition.slot
ES3Types.ES3ListType::Write	CALL	v357 @ X0_v15	[v90 @ X25_v4 (Il2CppClass<System.IDisposable>)]	0	System.IDisposable::Dispose	0x0600079F	RUNTIME_DISPATCH		EXACT	lookup(receiver, interface class, slot) reaches the dispatch pointer; slot = Il2CppMethodDefinition.slot
ES3Types.ES3ListType::ReadInto	CALL	v484 @ X0_v4 (System.Object)	[v166 @ X27_v4 (Il2CppClass<System.IDisposable>)]	0	System.IDisposable::Dispose	0x0600079F	RUNTIME_DISPATCH		EXACT	lookup(receiver, interface class, slot) reaches the dispatch pointer; slot = Il2CppMethodDefinition.slot
ES3Types.ES3ListType::ReadInto	CALL	v428 @ X20_v2 (System.Collections.IEnumerable)	[v172 @ X26_v4 (Il2CppClass<System.Collections.ICollection>)]	1	System.Collections.ICollection::get_Count	0x06002BB9	RUNTIME_DISPATCH		EXACT	lookup(receiver, interface class, slot) reaches the dispatch pointer; slot = Il2CppMethodDefinition.slot
ES3Types.ES3ListType::ReadInto	CALL	v372 @ X0_v34	[v166 @ X27_v4 (Il2CppClass<System.IDisposable>)]	0	System.IDisposable::Dispose	0x0600079F	RUNTIME_DISPATCH		EXACT	lookup(receiver, interface class, slot) reaches the dispatch pointer; slot = Il2CppMethodDefinition.slot
ES3Types.ES3QueueType::Write	CALL	v515 @ X0_v5	[v293 @ X25_v3 (Il2CppClass<System.IDisposable>)]	0	System.IDisposable::Dispose	0x0600079F	RUNTIME_DISPATCH		EXACT	lookup(receiver, interface class, slot) reaches the dispatch pointer; slot = Il2CppMethodDefinition.slot
ES3Types.ES3QueueType::Write	CALL	v442 @ X0_v17	[v293 @ X25_v3 (Il2CppClass<System.IDisposable>)]	0	System.IDisposable::Dispose	0x0600079F	RUNTIME_DISPATCH		EXACT	lookup(receiver, interface class, slot) reaches the dispatch pointer; slot = Il2CppMethodDefinition.slot
ES3Types.ES3QueueType::ReadInto	CALL	v669 @ X0_v4 (System.Object)	[v234 @ X27_v1 (Il2CppClass<System.IDisposable>)]	0	System.IDisposable::Dispose	0x0600079F	RUNTIME_DISPATCH		EXACT	lookup(receiver, interface class, slot) reaches the dispatch pointer; slot = Il2CppMethodDefinition.slot
ES3Types.ES3QueueType::ReadInto	CALL	v179 @ X0_v69 (System.Collections.ICollection)	[v270 @ X25_v1 (Il2CppClass<System.Collections.ICollection>)]	1	System.Collections.ICollection::get_Count	0x06002BB9	RUNTIME_DISPATCH		EXACT	lookup(receiver, interface class, slot) reaches the dispatch pointer; slot = Il2CppMethodDefinition.slot
ES3Types.ES3StackType::Write	CALL	v515 @ X0_v5	[v293 @ X25_v3 (Il2CppClass<System.IDisposable>)]	0	System.IDisposable::Dispose	0x0600079F	RUNTIME_DISPATCH		EXACT	lookup(receiver, interface class, slot) reaches the dispatch pointer; slot = Il2CppMethodDefinition.slot
ES3Types.ES3StackType::Write	CALL	v442 @ X0_v17	[v293 @ X25_v3 (Il2CppClass<System.IDisposable>)]	0	System.IDisposable::Dispose	0x0600079F	RUNTIME_DISPATCH		EXACT	lookup(receiver, interface class, slot) reaches the dispatch pointer; slot = Il2CppMethodDefinition.slot
ES3Types.ES3StackType::ReadInto	CALL	v669 @ X0_v4 (System.Object)	[v234 @ X27_v1 (Il2CppClass<System.IDisposable>)]	0	System.IDisposable::Dispose	0x0600079F	RUNTIME_DISPATCH		EXACT	lookup(receiver, interface class, slot) reaches the dispatch pointer; slot = Il2CppMethodDefinition.slot
ES3Types.ES3StackType::ReadInto	CALL	v179 @ X0_v69 (System.Collections.ICollection)	[v270 @ X25_v1 (Il2CppClass<System.Collections.ICollection>)]	1	System.Collections.ICollection::get_Count	0x06002BB9	RUNTIME_DISPATCH		EXACT	lookup(receiver, interface class, slot) reaches the dispatch pointer; slot = Il2CppMethodDefinition.slot
ES3Types.ES3ObjectType::Read	TAIL	[v111 @ X8_v8+140]	v131 @ X1_v4 (Il2CppMethodInfo)	v130 @ X2_v4			RUNTIME_DISPATCH		UNRESOLVED	METHOD_POINTER:UNKNOWN_CLASS_SOURCE:CLASS_NOT_AN_INTERFACE_POINTER
ES3Types.ES3Type::ReadProperties	CALL	v2124 @ X0_v110 (System.IDisposable)	Type: System.IDisposable	0	System.IDisposable::Dispose	0x0600079F	RUNTIME_DISPATCH		EXACT	lookup(receiver, interface class, slot) reaches the dispatch pointer; slot = Il2CppMethodDefinition.slot
ES3Types.ES3Type::ReadProperties	CALL	v3187 @ X0_v414 (System.Type)	[v445 @ X28_v55 (Il2CppClass<System.IDisposable>)]	0	System.IDisposable::Dispose	0x0600079F	RUNTIME_DISPATCH		EXACT	lookup(receiver, interface class, slot) reaches the dispatch pointer; slot = Il2CppMethodDefinition.slot
ES3Types.ES3Type::ReadProperties	CALL	v3693 @ X0_v355 (System.IDisposable)	[v2206 @ X28_v61 (Il2CppClass<System.IDisposable>)]	0	System.IDisposable::Dispose	0x0600079F	RUNTIME_DISPATCH		EXACT	lookup(receiver, interface class, slot) reaches the dispatch pointer; slot = Il2CppMethodDefinition.slot
ES3Types.ES3Type::ReadProperties	CALL	v4005 @ X0_v308 (System.IDisposable)	[v192 @ X28_v59 (Il2CppClass<System.IDisposable>)]	0	System.IDisposable::Dispose	0x0600079F	RUNTIME_DISPATCH		EXACT	lookup(receiver, interface class, slot) reaches the dispatch pointer; slot = Il2CppMethodDefinition.slot
ES3Types.ES3Type::ReadProperties	CALL	v4248 @ X0_v261	[v315 @ X28_v15 (Il2CppClass<System.IDisposable>)]	0	System.IDisposable::Dispose	0x0600079F	RUNTIME_DISPATCH		EXACT	lookup(receiver, interface class, slot) reaches the dispatch pointer; slot = Il2CppMethodDefinition.slot
ES3Types.ES3Type::ReadProperties	CALL	v1150 @ X0_v23 (System.Collections.DictionaryEntry)	[v445 @ X28_v55 (Il2CppClass<System.IDisposable>)]	0	System.IDisposable::Dispose	0x0600079F	RUNTIME_DISPATCH		EXACT	lookup(receiver, interface class, slot) reaches the dispatch pointer; slot = Il2CppMethodDefinition.slot
ES3Types.ES3Type::ReadProperties	CALL	v954 @ X0_v46 (System.IDisposable)	[v953 @ X28_v13 (Il2CppClass<System.IDisposable>)]	0	System.IDisposable::Dispose	0x0600079F	RUNTIME_DISPATCH		EXACT	lookup(receiver, interface class, slot) reaches the dispatch pointer; slot = Il2CppMethodDefinition.slot
ES3Types.ES3Type_Random::ReadObject	CALL	v544 @ X0_v4 (System.Random)	[v267 @ X22_v1 (Il2CppClass<System.IDisposable>)]	0	System.IDisposable::Dispose	0x0600079F	RUNTIME_DISPATCH		EXACT	lookup(receiver, interface class, slot) reaches the dispatch pointer; slot = Il2CppMethodDefinition.slot
ES3Types.ES3Type_BoxCollider::ReadComponent	CALL	v690 @ X0_v4 (UnityEngine.BoxCollider)	[v305 @ X22_v1 (Il2CppClass<System.IDisposable>)]	0	System.IDisposable::Dispose	0x0600079F	RUNTIME_DISPATCH		EXACT	lookup(receiver, interface class, slot) reaches the dispatch pointer; slot = Il2CppMethodDefinition.slot
ES3Types.ES3Type_BoxCollider2D::ReadComponent	CALL	v757 @ X0_v4 (UnityEngine.BoxCollider2D)	[v583 @ X22_v1 (Il2CppClass<System.IDisposable>)]	0	System.IDisposable::Dispose	0x0600079F	RUNTIME_DISPATCH		EXACT	lookup(receiver, interface class, slot) reaches the dispatch pointer; slot = Il2CppMethodDefinition.slot
ES3Types.ES3Type_Camera::ReadComponent	CALL	v1660 @ X0_v4 (System.String)	[v507 @ X22_v1 (Il2CppClass<System.IDisposable>)]	0	System.IDisposable::Dispose	0x0600079F	RUNTIME_DISPATCH		EXACT	lookup(receiver, interface class, slot) reaches the dispatch pointer; slot = Il2CppMethodDefinition.slot
ES3Types.ES3Type_CapsuleCollider::ReadComponent	CALL	v889 @ X0_v4 (UnityEngine.CapsuleCollider)	[v331 @ X22_v1 (Il2CppClass<System.IDisposable>)]	0	System.IDisposable::Dispose	0x0600079F	RUNTIME_DISPATCH		EXACT	lookup(receiver, interface class, slot) reaches the dispatch pointer; slot = Il2CppMethodDefinition.slot
ES3Types.ES3Type_EventSystem::ReadComponent	CALL	v294 @ X0_v4 (System.Collections.IEnumerator)	[v113 @ X21_v1 (Il2CppClass<System.IDisposable>)]	0	System.IDisposable::Dispose	0x0600079F	RUNTIME_DISPATCH		EXACT	lookup(receiver, interface class, slot) reaches the dispatch pointer; slot = Il2CppMethodDefinition.slot
ES3Types.ES3Type_EventSystem::ReadComponent	CALL	v239 @ X0_v16	[v112 @ X21_v3 (Il2CppClass<System.IDisposable>)]	0	System.IDisposable::Dispose	0x0600079F	RUNTIME_DISPATCH		EXACT	lookup(receiver, interface class, slot) reaches the dispatch pointer; slot = Il2CppMethodDefinition.slot
ES3Types.ES3Type_Image::ReadComponent	CALL	v1167 @ X0_v4 (UnityEngine.UI.Image)	[v281 @ X22_v1 (Il2CppClass<System.IDisposable>)]	0	System.IDisposable::Dispose	0x0600079F	RUNTIME_DISPATCH		EXACT	lookup(receiver, interface class, slot) reaches the dispatch pointer; slot = Il2CppMethodDefinition.slot
ES3Types.ES3Type_Image::ReadComponent	CALL	[v2265 @ X8_v70+140]	Type: Il2CppMethodInfo	0			RUNTIME_DISPATCH		UNRESOLVED	TWO_LOADS_OTHER:UNKNOWN_CLASS_SOURCE:CLASS_NOT_AN_INTERFACE_POINTER
ES3Types.ES3Type_Image::ReadComponent	CALL	[v2265 @ X8_v70+140]	Type: Il2CppMethodInfo	0			RUNTIME_DISPATCH		UNRESOLVED	TWO_LOADS_OTHER:UNKNOWN_CLASS_SOURCE:CLASS_NOT_AN_INTERFACE_POINTER
ES3Types.ES3Type_Image::ReadComponent	CALL	[v2265 @ X8_v70+140]	Type: Il2CppMethodInfo	0			RUNTIME_DISPATCH		UNRESOLVED	TWO_LOADS_OTHER:UNKNOWN_CLASS_SOURCE:CLASS_NOT_AN_INTERFACE_POINTER
ES3Types.ES3Type_MeshCollider::ReadComponent	CALL	v683 @ X0_v4 (UnityEngine.MeshCollider)	[v295 @ X22_v1 (Il2CppClass<System.IDisposable>)]	0	System.IDisposable::Dispose	0x0600079F	RUNTIME_DISPATCH		EXACT	lookup(receiver, interface class, slot) reaches the dispatch pointer; slot = Il2CppMethodDefinition.slot
ES3Types.ES3Type_MeshFilter::ReadComponent	CALL	v431 @ X0_v4 (UnityEngine.MeshFilter)	[v118 @ X23_v4 (Il2CppClass<System.IDisposable>)]	0	System.IDisposable::Dispose	0x0600079F	RUNTIME_DISPATCH		EXACT	lookup(receiver, interface class, slot) reaches the dispatch pointer; slot = Il2CppMethodDefinition.slot
ES3Types.ES3Type_MeshFilter::ReadComponent	CALL	v310 @ X0_v16	[v118 @ X23_v4 (Il2CppClass<System.IDisposable>)]	0	System.IDisposable::Dispose	0x0600079F	RUNTIME_DISPATCH		EXACT	lookup(receiver, interface class, slot) reaches the dispatch pointer; slot = Il2CppMethodDefinition.slot
ES3Types.ES3Type_MeshRenderer::ReadComponent	CALL	v1082 @ X0_v4 (UnityEngine.MeshRenderer)	[v263 @ X22_v1 (Il2CppClass<System.IDisposable>)]	0	System.IDisposable::Dispose	0x0600079F	RUNTIME_DISPATCH		EXACT	lookup(receiver, interface class, slot) reaches the dispatch pointer; slot = Il2CppMethodDefinition.slot
ES3Types.ES3Type_ParticleSystem::ReadComponent	CALL	v945 @ X0_v4 (UnityEngine.ParticleSystem)	[v236 @ X22_v1 (Il2CppClass<System.IDisposable>)]	0	System.IDisposable::Dispose	0x0600079F	RUNTIME_DISPATCH		EXACT	lookup(receiver, interface class, slot) reaches the dispatch pointer; slot = Il2CppMethodDefinition.slot
ES3Types.ES3Type_PolygonCollider2D::ReadComponent	CALL	v808 @ X0_v4 (UnityEngine.PolygonCollider2D)	[v637 @ X22_v1 (Il2CppClass<System.IDisposable>)]	0	System.IDisposable::Dispose	0x0600079F	RUNTIME_DISPATCH		EXACT	lookup(receiver, interface class, slot) reaches the dispatch pointer; slot = Il2CppMethodDefinition.slot
ES3Types.ES3Type_RawImage::ReadComponent	CALL	v1101 @ X0_v4 (UnityEngine.UI.RawImage)	[v371 @ X22_v1 (Il2CppClass<System.IDisposable>)]	0	System.IDisposable::Dispose	0x0600079F	RUNTIME_DISPATCH		EXACT	lookup(receiver, interface class, slot) reaches the dispatch pointer; slot = Il2CppMethodDefinition.slot
ES3Types.ES3Type_RawImage::ReadComponent	CALL	[v1700 @ X8_v130+140]	Type: Il2CppMethodInfo	0			RUNTIME_DISPATCH		UNRESOLVED	TWO_LOADS_OTHER:UNKNOWN_CLASS_SOURCE:CLASS_NOT_AN_INTERFACE_POINTER
ES3Types.ES3Type_RawImage::ReadComponent	CALL	[v1700 @ X8_v130+140]	Type: Il2CppMethodInfo	0			RUNTIME_DISPATCH		UNRESOLVED	TWO_LOADS_OTHER:UNKNOWN_CLASS_SOURCE:CLASS_NOT_AN_INTERFACE_POINTER
ES3Types.ES3Type_RawImage::ReadComponent	CALL	[v1700 @ X8_v130+140]	Type: Il2CppMethodInfo	0			RUNTIME_DISPATCH		UNRESOLVED	TWO_LOADS_OTHER:UNKNOWN_CLASS_SOURCE:CLASS_NOT_AN_INTERFACE_POINTER
ES3Types.ES3Type_Rigidbody::ReadComponent	CALL	v1251 @ X0_v4 (UnityEngine.Rigidbody)	[v298 @ X22_v1 (Il2CppClass<System.IDisposable>)]	0	System.IDisposable::Dispose	0x0600079F	RUNTIME_DISPATCH		EXACT	lookup(receiver, interface class, slot) reaches the dispatch pointer; slot = Il2CppMethodDefinition.slot
ES3Types.ES3Type_SphereCollider::ReadComponent	CALL	v691 @ X0_v4 (UnityEngine.SphereCollider)	[v303 @ X22_v1 (Il2CppClass<System.IDisposable>)]	0	System.IDisposable::Dispose	0x0600079F	RUNTIME_DISPATCH		EXACT	lookup(receiver, interface class, slot) reaches the dispatch pointer; slot = Il2CppMethodDefinition.slot
ES3Types.ES3Type_Text::ReadComponent	CALL	v1241 @ X0_v4 (UnityEngine.UI.Text)	[v274 @ X22_v1 (Il2CppClass<System.IDisposable>)]	0	System.IDisposable::Dispose	0x0600079F	RUNTIME_DISPATCH		EXACT	lookup(receiver, interface class, slot) reaches the dispatch pointer; slot = Il2CppMethodDefinition.slot
ES3Types.ES3Type_Transform::ReadComponent	CALL	v629 @ X0_v4 (UnityEngine.Transform)	[v311 @ X22_v1 (Il2CppClass<System.IDisposable>)]	0	System.IDisposable::Dispose	0x0600079F	RUNTIME_DISPATCH		EXACT	lookup(receiver, interface class, slot) reaches the dispatch pointer; slot = Il2CppMethodDefinition.slot
ES3Types.ES3Type_AudioClip::ReadUnityObject	CALL	v438 @ X0_v4 (UnityEngine.AudioClip)	[v120 @ X23_v4 (Il2CppClass<System.IDisposable>)]	0	System.IDisposable::Dispose	0x0600079F	RUNTIME_DISPATCH		EXACT	lookup(receiver, interface class, slot) reaches the dispatch pointer; slot = Il2CppMethodDefinition.slot
ES3Types.ES3Type_AudioClip::ReadUnityObject	CALL	v316 @ X0_v16	[v120 @ X23_v4 (Il2CppClass<System.IDisposable>)]	0	System.IDisposable::Dispose	0x0600079F	RUNTIME_DISPATCH		EXACT	lookup(receiver, interface class, slot) reaches the dispatch pointer; slot = Il2CppMethodDefinition.slot
ES3Types.ES3Type_AudioClip::ReadUnityObject	CALL	v552 @ X0_v4 (System.Collections.IEnumerator)	[v189 @ X23_v1 (Il2CppClass<System.IDisposable>)]	0	System.IDisposable::Dispose	0x0600079F	RUNTIME_DISPATCH		EXACT	lookup(receiver, interface class, slot) reaches the dispatch pointer; slot = Il2CppMethodDefinition.slot
ES3Types.ES3Type_GameObject::ReadObject	CALL	v752 @ X0_v4 (System.Collections.IEnumerator)	[v595 @ X22_v1 (Il2CppClass<System.IDisposable>)]	0	System.IDisposable::Dispose	0x0600079F	RUNTIME_DISPATCH		EXACT	lookup(receiver, interface class, slot) reaches the dispatch pointer; slot = Il2CppMethodDefinition.slot
ES3Types.ES3Type_GameObject::GetChildren	CALL	v349 @ X0_v4 (System.Collections.IEnumerator)	[v188 @ X22_v3 (Il2CppClass<System.IDisposable>)]	0	System.IDisposable::Dispose	0x0600079F	RUNTIME_DISPATCH		EXACT	lookup(receiver, interface class, slot) reaches the dispatch pointer; slot = Il2CppMethodDefinition.slot
ES3Types.ES3Type_GameObject::GetChildren	CALL	v233 @ X0_v17	[v188 @ X22_v3 (Il2CppClass<System.IDisposable>)]	0	System.IDisposable::Dispose	0x0600079F	RUNTIME_DISPATCH		EXACT	lookup(receiver, interface class, slot) reaches the dispatch pointer; slot = Il2CppMethodDefinition.slot
ES3Types.ES3Type_Light::ReadComponent	CALL	v1391 @ X0_v4 (System.String)	[v365 @ X22_v1 (Il2CppClass<System.IDisposable>)]	0	System.IDisposable::Dispose	0x0600079F	RUNTIME_DISPATCH		EXACT	lookup(receiver, interface class, slot) reaches the dispatch pointer; slot = Il2CppMethodDefinition.slot
ES3Types.ES3Type_PhysicMaterial::ReadObject	CALL	v606 @ X0_v4 (UnityEngine.PhysicMaterial)	[v295 @ X22_v1 (Il2CppClass<System.IDisposable>)]	0	System.IDisposable::Dispose	0x0600079F	RUNTIME_DISPATCH		EXACT	lookup(receiver, interface class, slot) reaches the dispatch pointer; slot = Il2CppMethodDefinition.slot
ES3Types.ES3Type_PhysicsMaterial2D::ReadObject	CALL	v453 @ X0_v4 (System.String)	[v122 @ X23_v4 (Il2CppClass<System.IDisposable>)]	0	System.IDisposable::Dispose	0x0600079F	RUNTIME_DISPATCH		EXACT	lookup(receiver, interface class, slot) reaches the dispatch pointer; slot = Il2CppMethodDefinition.slot
ES3Types.ES3Type_PhysicsMaterial2D::ReadObject	CALL	v320 @ X0_v16	[v122 @ X23_v4 (Il2CppClass<System.IDisposable>)]	0	System.IDisposable::Dispose	0x0600079F	RUNTIME_DISPATCH		EXACT	lookup(receiver, interface class, slot) reaches the dispatch pointer; slot = Il2CppMethodDefinition.slot
ES3Types.ES3Type_RectTransform::ReadComponent	CALL	v1430 @ X0_v4 (System.Collections.IEnumerator)	[v433 @ X22_v1 (Il2CppClass<System.IDisposable>)]	0	System.IDisposable::Dispose	0x0600079F	RUNTIME_DISPATCH		EXACT	lookup(receiver, interface class, slot) reaches the dispatch pointer; slot = Il2CppMethodDefinition.slot
ES3Types.ES3Type_RenderTexture::ReadObject	CALL	v1458 @ X0_v4 (UnityEngine.RenderTexture)	[v330 @ X22_v1 (Il2CppClass<System.IDisposable>)]	0	System.IDisposable::Dispose	0x0600079F	RUNTIME_DISPATCH		EXACT	lookup(receiver, interface class, slot) reaches the dispatch pointer; slot = Il2CppMethodDefinition.slot
ES3Types.ES3Type_Shader::ReadInto	CALL	v462 @ X0_v4 (System.Collections.IEnumerator)	[v272 @ X22_v1 (Il2CppClass<System.IDisposable>)]	0	System.IDisposable::Dispose	0x0600079F	RUNTIME_DISPATCH		EXACT	lookup(receiver, interface class, slot) reaches the dispatch pointer; slot = Il2CppMethodDefinition.slot
ES3Types.ES3Type_SkinnedMeshRenderer::ReadComponent	CALL	v1345 @ X0_v4 (UnityEngine.SkinnedMeshRenderer)	[v314 @ X22_v1 (Il2CppClass<System.IDisposable>)]	0	System.IDisposable::Dispose	0x0600079F	RUNTIME_DISPATCH		EXACT	lookup(receiver, interface class, slot) reaches the dispatch pointer; slot = Il2CppMethodDefinition.slot
ES3Types.ES3Type_Sprite::ReadUnityObject	CALL	v294 @ X0_v4 (System.Collections.IEnumerator)	[v113 @ X21_v1 (Il2CppClass<System.IDisposable>)]	0	System.IDisposable::Dispose	0x0600079F	RUNTIME_DISPATCH		EXACT	lookup(receiver, interface class, slot) reaches the dispatch pointer; slot = Il2CppMethodDefinition.slot
ES3Types.ES3Type_Sprite::ReadUnityObject	CALL	v239 @ X0_v16	[v112 @ X21_v3 (Il2CppClass<System.IDisposable>)]	0	System.IDisposable::Dispose	0x0600079F	RUNTIME_DISPATCH		EXACT	lookup(receiver, interface class, slot) reaches the dispatch pointer; slot = Il2CppMethodDefinition.slot
ES3Types.ES3Type_Sprite::ReadUnityObject	CALL	v676 @ X0_v7 (System.Collections.IEnumerator)	[v338 @ X23_v1 (Il2CppClass<System.IDisposable>)]	0	System.IDisposable::Dispose	0x0600079F	RUNTIME_DISPATCH		EXACT	lookup(receiver, interface class, slot) reaches the dispatch pointer; slot = Il2CppMethodDefinition.slot
ES3Types.ES3Type_SpriteRenderer::ReadComponent	CALL	v1448 @ X0_v4 (System.String)	[v383 @ X22_v1 (Il2CppClass<System.IDisposable>)]	0	System.IDisposable::Dispose	0x0600079F	RUNTIME_DISPATCH		EXACT	lookup(receiver, interface class, slot) reaches the dispatch pointer; slot = Il2CppMethodDefinition.slot
ES3Internal.AESEncryptionAlgorithm::Encrypt	CALL	v286 @ X24_v9 (System.Security.Cryptography.CryptoStream)	[v135 @ X26_v1 (Il2CppClass<System.IDisposable>)]	0	System.IDisposable::Dispose	0x0600079F	RUNTIME_DISPATCH		EXACT	lookup(receiver, interface class, slot) reaches the dispatch pointer; slot = Il2CppMethodDefinition.slot
ES3Internal.AESEncryptionAlgorithm::Encrypt	CALL	v306 @ X20_v12 (System.Security.Cryptography.ICryptoTransform)	[v135 @ X26_v1 (Il2CppClass<System.IDisposable>)]	0	System.IDisposable::Dispose	0x0600079F	RUNTIME_DISPATCH		EXACT	lookup(receiver, interface class, slot) reaches the dispatch pointer; slot = Il2CppMethodDefinition.slot
ES3Internal.AESEncryptionAlgorithm::Encrypt	CALL	v157 @ X19_v2 (System.Security.Cryptography.Aes)	[v135 @ X26_v1 (Il2CppClass<System.IDisposable>)]	0	System.IDisposable::Dispose	0x0600079F	RUNTIME_DISPATCH		EXACT	lookup(receiver, interface class, slot) reaches the dispatch pointer; slot = Il2CppMethodDefinition.slot
ES3Internal.AESEncryptionAlgorithm::Encrypt	CALL	v286 @ X24_v9 (System.Security.Cryptography.CryptoStream)	[v135 @ X26_v1 (Il2CppClass<System.IDisposable>)]	0	System.IDisposable::Dispose	0x0600079F	RUNTIME_DISPATCH		EXACT	lookup(receiver, interface class, slot) reaches the dispatch pointer; slot = Il2CppMethodDefinition.slot
ES3Internal.AESEncryptionAlgorithm::Encrypt	CALL	v306 @ X20_v12 (System.Security.Cryptography.ICryptoTransform)	[v135 @ X26_v1 (Il2CppClass<System.IDisposable>)]	0	System.IDisposable::Dispose	0x0600079F	RUNTIME_DISPATCH		EXACT	lookup(receiver, interface class, slot) reaches the dispatch pointer; slot = Il2CppMethodDefinition.slot
ES3Internal.AESEncryptionAlgorithm::Encrypt	CALL	v157 @ X19_v2 (System.Security.Cryptography.Aes)	[v135 @ X26_v1 (Il2CppClass<System.IDisposable>)]	0	System.IDisposable::Dispose	0x0600079F	RUNTIME_DISPATCH		EXACT	lookup(receiver, interface class, slot) reaches the dispatch pointer; slot = Il2CppMethodDefinition.slot
ES3Internal.ES3JSONReader::ReadElement	CALL	v581 @ X19_v7 (System.IO.StreamWriter)	[v623 @ X23_v5 (Il2CppClass<System.IDisposable>)]	0	System.IDisposable::Dispose	0x0600079F	RUNTIME_DISPATCH		EXACT	lookup(receiver, interface class, slot) reaches the dispatch pointer; slot = Il2CppMethodDefinition.slot
ES3Internal.ES3JSONReader::ReadElement	CALL	v581 @ X19_v7 (System.IO.StreamWriter)	[v623 @ X23_v5 (Il2CppClass<System.IDisposable>)]	0	System.IDisposable::Dispose	0x0600079F	RUNTIME_DISPATCH		EXACT	lookup(receiver, interface class, slot) reaches the dispatch pointer; slot = Il2CppMethodDefinition.slot
<>f__AnonymousType0`2::Equals	CALL	Type: Il2CppMethodInfo	value @ X1 (System.Object)	methodInfo @ X2 (Il2CppMethodInfo)			RUNTIME_DISPATCH		UNRESOLVED	TWO_LOADS_OTHER:UNKNOWN_CLASS_SOURCE:CLASS_NOT_AN_INTERFACE_POINTER
<>f__AnonymousType0`2::GetHashCode	CALL	Type: Il2CppMethodInfo	methodInfo @ X1 (Il2CppMethodInfo)	v15 @ X2			RUNTIME_DISPATCH		UNRESOLVED	TWO_LOADS_OTHER:UNKNOWN_CLASS_SOURCE:CLASS_NOT_AN_INTERFACE_POINTER
Sirenix.Serialization.MethodInfoFormatter`1::DeserializeImplementation	CALL	v1133 @ X0_v463 (Sirenix.Serialization.IFormatter`1<T>)	v2129 @ X1_v168 (Il2CppClass<Sirenix.Serialization.IFormatter`1<T>>)	1	Sirenix.Serialization.IFormatter`1::Deserialize	0x060002A2	RUNTIME_DISPATCH	T	EXACT	lookup(receiver, interface class, slot) reaches the dispatch pointer; slot = Il2CppMethodDefinition.slot
Sirenix.Serialization.MethodInfoFormatter`1::DeserializeImplementation	CALL	reader @ X2 (Sirenix.Serialization.IDataReader)	Type: Sirenix.Serialization.IDataReader	8	Sirenix.Serialization.IDataReader::get_Context	0x06000141	RUNTIME_DISPATCH		EXACT	lookup(receiver, interface class, slot) reaches the dispatch pointer; slot = Il2CppMethodDefinition.slot
Sirenix.Serialization.QueueFormatter`2::DeserializeImplementation	CALL	reader @ X2 (Sirenix.Serialization.IDataReader)	[v407 @ X25_v24 (Il2CppClass<Sirenix.Serialization.IDataReader>)]	37	Sirenix.Serialization.IDataReader::SkipEntry	0x0600015E	RUNTIME_DISPATCH		EXACT	lookup(receiver, interface class, slot) reaches the dispatch pointer; slot = Il2CppMethodDefinition.slot
Sirenix.Serialization.StackFormatter`2::DeserializeImplementation	CALL	reader @ X2 (Sirenix.Serialization.IDataReader)	[v407 @ X25_v24 (Il2CppClass<Sirenix.Serialization.IDataReader>)]	37	Sirenix.Serialization.IDataReader::SkipEntry	0x0600015E	RUNTIME_DISPATCH		EXACT	lookup(receiver, interface class, slot) reaches the dispatch pointer; slot = Il2CppMethodDefinition.slot
Sirenix.Serialization.StackFormatter`2::SerializeImplementation	CALL	v391 @ X0_v86 (Sirenix.Serialization.Utilities.Cache`1<System.Collections.Generic.List`1<TValue>>)	[v530 @ X29_v3 (Il2CppClass<System.IDisposable>)]	0	System.IDisposable::Dispose	0x0600079F	RUNTIME_DISPATCH		EXACT	lookup(receiver, interface class, slot) reaches the dispatch pointer; slot = Il2CppMethodDefinition.slot
Sirenix.Serialization.BaseDataReaderWriter::set_Binder	CALL	v113 @ X20_v3	v245 @ X21_v6	v69 @ X2_v1 (Il2CppMethodInfo)			RUNTIME_DISPATCH		UNRESOLVED	METHOD_POINTER:UNKNOWN_CLASS_SOURCE:CLASS_NOT_AN_INTERFACE_POINTER
Sirenix.Serialization.BinaryDataWriter::WriteStringFast	CALL	v365 @ X21_v2 (Sirenix.Serialization.Buffer`1<System.Byte>)	Type: System.IDisposable	0	System.IDisposable::Dispose	0x0600079F	RUNTIME_DISPATCH		EXACT	lookup(receiver, interface class, slot) reaches the dispatch pointer; slot = Il2CppMethodDefinition.slot
Sirenix.Serialization.ArrayListFormatter::DeserializeImplementation	CALL	reader @ X2 (Sirenix.Serialization.IDataReader)	[v385 @ X24_v23 (Il2CppClass<Sirenix.Serialization.IDataReader>)]	37	Sirenix.Serialization.IDataReader::SkipEntry	0x0600015E	RUNTIME_DISPATCH		EXACT	lookup(receiver, interface class, slot) reaches the dispatch pointer; slot = Il2CppMethodDefinition.slot
Sirenix.Serialization.DerivedDictionaryFormatter`3::DeserializeImplementation	CALL	reader @ X2 (Sirenix.Serialization.IDataReader)	[v1644 @ X20_v9 (Il2CppClass<Sirenix.Serialization.IDataReader>)]	37	Sirenix.Serialization.IDataReader::SkipEntry	0x0600015E	RUNTIME_DISPATCH		EXACT	lookup(receiver, interface class, slot) reaches the dispatch pointer; slot = Il2CppMethodDefinition.slot
Sirenix.Serialization.DerivedDictionaryFormatter`3::DeserializeImplementation	CALL	reader @ X2 (Sirenix.Serialization.IDataReader)	[v1644 @ X20_v9 (Il2CppClass<Sirenix.Serialization.IDataReader>)]	12	Sirenix.Serialization.IDataReader::ExitNode	0x06000145	RUNTIME_DISPATCH		EXACT	lookup(receiver, interface class, slot) reaches the dispatch pointer; slot = Il2CppMethodDefinition.slot
Sirenix.Serialization.DerivedDictionaryFormatter`3::DeserializeImplementation	CALL	reader @ X2 (Sirenix.Serialization.IDataReader)	[v1644 @ X20_v9 (Il2CppClass<Sirenix.Serialization.IDataReader>)]	14	Sirenix.Serialization.IDataReader::ExitArray	0x06000147	RUNTIME_DISPATCH		EXACT	lookup(receiver, interface class, slot) reaches the dispatch pointer; slot = Il2CppMethodDefinition.slot
Sirenix.Serialization.DerivedDictionaryFormatter`3::SerializeImplementation	CALL	writer @ X2 (Sirenix.Serialization.IDataWriter)	Type: Sirenix.Serialization.IDataWriter	11	Sirenix.Serialization.IDataWriter::EndNode	0x0600016B	RUNTIME_DISPATCH		EXACT	lookup(receiver, interface class, slot) reaches the dispatch pointer; slot = Il2CppMethodDefinition.slot
Sirenix.Serialization.DictionaryFormatter`2::DeserializeImplementation	CALL	reader @ X2 (Sirenix.Serialization.IDataReader)	[v1507 @ X20_v9 (Il2CppClass<Sirenix.Serialization.IDataReader>)]	37	Sirenix.Serialization.IDataReader::SkipEntry	0x0600015E	RUNTIME_DISPATCH		EXACT	lookup(receiver, interface class, slot) reaches the dispatch pointer; slot = Il2CppMethodDefinition.slot
Sirenix.Serialization.DictionaryFormatter`2::DeserializeImplementation	CALL	reader @ X2 (Sirenix.Serialization.IDataReader)	[v1507 @ X20_v9 (Il2CppClass<Sirenix.Serialization.IDataReader>)]	12	Sirenix.Serialization.IDataReader::ExitNode	0x06000145	RUNTIME_DISPATCH		EXACT	lookup(receiver, interface class, slot) reaches the dispatch pointer; slot = Il2CppMethodDefinition.slot
Sirenix.Serialization.DictionaryFormatter`2::DeserializeImplementation	CALL	reader @ X2 (Sirenix.Serialization.IDataReader)	[v1507 @ X20_v9 (Il2CppClass<Sirenix.Serialization.IDataReader>)]	14	Sirenix.Serialization.IDataReader::ExitArray	0x06000147	RUNTIME_DISPATCH		EXACT	lookup(receiver, interface class, slot) reaches the dispatch pointer; slot = Il2CppMethodDefinition.slot
Sirenix.Serialization.DictionaryFormatter`2::SerializeImplementation	CALL	writer @ X2 (Sirenix.Serialization.IDataWriter)	Type: Sirenix.Serialization.IDataWriter	11	Sirenix.Serialization.IDataWriter::EndNode	0x0600016B	RUNTIME_DISPATCH		EXACT	lookup(receiver, interface class, slot) reaches the dispatch pointer; slot = Il2CppMethodDefinition.slot
Sirenix.Serialization.DictionaryFormatter`2::SerializeImplementation	CALL	v1137 @ stack_-C0_v6 (System.OutOfMemoryException)	v938 @ X1_v10 (System.String)	v932 @ X2_v9 (System.Type)			RUNTIME_DISPATCH		UNRESOLVED	TWO_LOADS_OTHER:UNKNOWN_CLASS_SOURCE:CLASS_NOT_AN_INTERFACE_POINTER
Sirenix.Serialization.DictionaryFormatter`2::SerializeImplementation	CALL	v1137 @ stack_-C0_v6 (System.OutOfMemoryException)	v938 @ X1_v10 (System.String)	v932 @ X2_v9 (System.Type)			RUNTIME_DISPATCH		UNRESOLVED	TWO_LOADS_OTHER:UNKNOWN_CLASS_SOURCE:CLASS_NOT_AN_INTERFACE_POINTER
Sirenix.Serialization.DoubleLookupDictionaryFormatter`3::SerializeImplementation	CALL	writer @ X2 (Sirenix.Serialization.IDataWriter)	Type: Sirenix.Serialization.IDataWriter	11	Sirenix.Serialization.IDataWriter::EndNode	0x0600016B	RUNTIME_DISPATCH		EXACT	lookup(receiver, interface class, slot) reaches the dispatch pointer; slot = Il2CppMethodDefinition.slot
Sirenix.Serialization.DoubleLookupDictionaryFormatter`3::DeserializeImplementation	CALL	reader @ X2 (Sirenix.Serialization.IDataReader)	[v1460 @ X20_v8 (Il2CppClass<Sirenix.Serialization.IDataReader>)]	14	Sirenix.Serialization.IDataReader::ExitArray	0x06000147	RUNTIME_DISPATCH		EXACT	lookup(receiver, interface class, slot) reaches the dispatch pointer; slot = Il2CppMethodDefinition.slot
Sirenix.Serialization.DoubleLookupDictionaryFormatter`3::DeserializeImplementation	CALL	reader @ X2 (Sirenix.Serialization.IDataReader)	[v1460 @ X20_v8 (Il2CppClass<Sirenix.Serialization.IDataReader>)]	37	Sirenix.Serialization.IDataReader::SkipEntry	0x0600015E	RUNTIME_DISPATCH		EXACT	lookup(receiver, interface class, slot) reaches the dispatch pointer; slot = Il2CppMethodDefinition.slot
Sirenix.Serialization.DoubleLookupDictionaryFormatter`3::DeserializeImplementation	CALL	reader @ X2 (Sirenix.Serialization.IDataReader)	[v1460 @ X20_v8 (Il2CppClass<Sirenix.Serialization.IDataReader>)]	12	Sirenix.Serialization.IDataReader::ExitNode	0x06000145	RUNTIME_DISPATCH		EXACT	lookup(receiver, interface class, slot) reaches the dispatch pointer; slot = Il2CppMethodDefinition.slot
Sirenix.Serialization.DoubleLookupDictionaryFormatter`3::DeserializeImplementation	CALL	reader @ X2 (Sirenix.Serialization.IDataReader)	[v1460 @ X20_v8 (Il2CppClass<Sirenix.Serialization.IDataReader>)]	14	Sirenix.Serialization.IDataReader::ExitArray	0x06000147	RUNTIME_DISPATCH		EXACT	lookup(receiver, interface class, slot) reaches the dispatch pointer; slot = Il2CppMethodDefinition.slot
Sirenix.Serialization.GenericCollectionFormatter`2::DeserializeImplementation	CALL	v591 @ X25_v31 (TCollection)	v1637 @ X1_v84 (Il2CppClass<System.Collections.Generic.ICollection`1<TElement>>)	2	System.Collections.Generic.ICollection`1::Add	0x06002EBB	RUNTIME_DISPATCH	TElement	EXACT	lookup(receiver, interface class, slot) reaches the dispatch pointer; slot = Il2CppMethodDefinition.slot
Sirenix.Serialization.GenericCollectionFormatter`2::DeserializeImplementation	CALL	reader @ X2 (Sirenix.Serialization.IDataReader)	[v343 @ X20_v27 (Il2CppClass<Sirenix.Serialization.IDataReader>)]	14	Sirenix.Serialization.IDataReader::ExitArray	0x06000147	RUNTIME_DISPATCH		EXACT	lookup(receiver, interface class, slot) reaches the dispatch pointer; slot = Il2CppMethodDefinition.slot
Sirenix.Serialization.GenericCollectionFormatter`2::DeserializeImplementation	CALL	reader @ X2 (Sirenix.Serialization.IDataReader)	[v343 @ X20_v27 (Il2CppClass<Sirenix.Serialization.IDataReader>)]	37	Sirenix.Serialization.IDataReader::SkipEntry	0x0600015E	RUNTIME_DISPATCH		EXACT	lookup(receiver, interface class, slot) reaches the dispatch pointer; slot = Il2CppMethodDefinition.slot
Sirenix.Serialization.GenericCollectionFormatter`2::SerializeImplementation	CALL	v128 @ X22_v15 (TCollection)	v125 @ X1_v22 (Il2CppClass<System.Collections.Generic.ICollection`1<TElement>>)	0	System.Collections.Generic.ICollection`1::get_Count	0x06002EB9	RUNTIME_DISPATCH	TElement	EXACT	lookup(receiver, interface class, slot) reaches the dispatch pointer; slot = Il2CppMethodDefinition.slot
Sirenix.Serialization.GenericCollectionFormatter`2::SerializeImplementation	CALL	v425 @ X22_v18 (TCollection)	v564 @ X1_v27 (Il2CppClass<System.Collections.Generic.IEnumerable`1<TElement>>)	0	System.Collections.Generic.IEnumerable`1::GetEnumerator	0x06002EC8	RUNTIME_DISPATCH	TElement	EXACT	lookup(receiver, interface class, slot) reaches the dispatch pointer; slot = Il2CppMethodDefinition.slot
Sirenix.Serialization.GenericCollectionFormatter`2::SerializeImplementation	CALL	v417 @ X0_v73 (System.Collections.IEnumerator)	v1149 @ X1_v33 (Il2CppClass<System.Collections.Generic.IEnumerator`1<TElement>>)	0	System.Collections.Generic.IEnumerator`1::get_Current	0x06002EC9	RUNTIME_DISPATCH	TElement	EXACT	lookup(receiver, interface class, slot) reaches the dispatch pointer; slot = Il2CppMethodDefinition.slot
Sirenix.Serialization.GenericCollectionFormatter`2::SerializeImplementation	CALL	v417 @ X0_v73 (System.Collections.IEnumerator)	[v460 @ X24_v4 (Il2CppClass<System.IDisposable>)]	0	System.IDisposable::Dispose	0x0600079F	RUNTIME_DISPATCH		EXACT	lookup(receiver, interface class, slot) reaches the dispatch pointer; slot = Il2CppMethodDefinition.slot
Sirenix.Serialization.GenericCollectionFormatter`2::SerializeImplementation	CALL	v417 @ X0_v73 (System.Collections.IEnumerator)	[v460 @ X24_v4 (Il2CppClass<System.IDisposable>)]	0	System.IDisposable::Dispose	0x0600079F	RUNTIME_DISPATCH		EXACT	lookup(receiver, interface class, slot) reaches the dispatch pointer; slot = Il2CppMethodDefinition.slot
Sirenix.Serialization.HashSetFormatter`1::DeserializeImplementation	CALL	reader @ X2 (Sirenix.Serialization.IDataReader)	[v409 @ X24_v24 (Il2CppClass<Sirenix.Serialization.IDataReader>)]	37	Sirenix.Serialization.IDataReader::SkipEntry	0x0600015E	RUNTIME_DISPATCH		EXACT	lookup(receiver, interface class, slot) reaches the dispatch pointer; slot = Il2CppMethodDefinition.slot
Sirenix.Serialization.ListFormatter`1::DeserializeImplementation	CALL	reader @ X2 (Sirenix.Serialization.IDataReader)	[v409 @ X25_v24 (Il2CppClass<Sirenix.Serialization.IDataReader>)]	37	Sirenix.Serialization.IDataReader::SkipEntry	0x0600015E	RUNTIME_DISPATCH		EXACT	lookup(receiver, interface class, slot) reaches the dispatch pointer; slot = Il2CppMethodDefinition.slot
Sirenix.Serialization.MultiDimensionalArrayFormatter`2::DeserializeImplementation	CALL	v803 @ X19_v10 (Sirenix.Serialization.IDataReader)	v790 @ X1_v14 (Il2CppClass<Sirenix.Serialization.IDataReader>)	37	Sirenix.Serialization.IDataReader::SkipEntry	0x0600015E	RUNTIME_DISPATCH		EXACT	lookup(receiver, interface class, slot) reaches the dispatch pointer; slot = Il2CppMethodDefinition.slot
Sirenix.Serialization.MultiDimensionalArrayFormatter`2::SerializeImplementation	CALL	v185 @ X19_v4 (Sirenix.Serialization.IDataWriter)	[v435 @ X26_v4 (Il2CppClass<Sirenix.Serialization.IDataWriter>)]	13	Sirenix.Serialization.IDataWriter::EndArrayNode	0x0600016D	RUNTIME_DISPATCH		EXACT	lookup(receiver, interface class, slot) reaches the dispatch pointer; slot = Il2CppMethodDefinition.slot
Sirenix.Serialization.MultiDimensionalArrayFormatter`2::SerializeImplementation	CALL	v630.writer (Sirenix.Serialization.IDataWriter)	[v435 @ X26_v4 (Il2CppClass<Sirenix.Serialization.IDataWriter>)]	13	Sirenix.Serialization.IDataWriter::EndArrayNode	0x0600016D	RUNTIME_DISPATCH		EXACT	lookup(receiver, interface class, slot) reaches the dispatch pointer; slot = Il2CppMethodDefinition.slot
Sirenix.Serialization.SerializableFormatter`1::ReadSerializationInfo	CALL	reader @ X1 (Sirenix.Serialization.IDataReader)	[v216 @ X23_v1 (Il2CppClass<Sirenix.Serialization.IDataReader>)]	14	Sirenix.Serialization.IDataReader::ExitArray	0x06000147	RUNTIME_DISPATCH		EXACT	lookup(receiver, interface class, slot) reaches the dispatch pointer; slot = Il2CppMethodDefinition.slot
Sirenix.Serialization.SerializableFormatter`1::ReadSerializationInfo	CALL	reader @ X1 (Sirenix.Serialization.IDataReader)	[v216 @ X23_v1 (Il2CppClass<Sirenix.Serialization.IDataReader>)]	14	Sirenix.Serialization.IDataReader::ExitArray	0x06000147	RUNTIME_DISPATCH		EXACT	lookup(receiver, interface class, slot) reaches the dispatch pointer; slot = Il2CppMethodDefinition.slot
Sirenix.Serialization.DefaultSerializationBinder::BindToName	CALL	v1047 @ X0_v5 (System.NullReferenceException)	v1044 @ X1_v2 (Il2CppMethodInfo)	v544 @ X2_v2 (System.Boolean)			RUNTIME_DISPATCH		UNRESOLVED	TWO_LOADS_OTHER:UNKNOWN_CLASS_SOURCE:CLASS_NOT_AN_INTERFACE_POINTER
Sirenix.Serialization.DefaultSerializationBinder::BindToName	CALL	v1047 @ X0_v5 (System.NullReferenceException)	v1044 @ X1_v2 (Il2CppMethodInfo)	v544 @ X2_v2 (System.Boolean)			RUNTIME_DISPATCH		UNRESOLVED	TWO_LOADS_OTHER:UNKNOWN_CLASS_SOURCE:CLASS_NOT_AN_INTERFACE_POINTER
Sirenix.Serialization.DefaultSerializationBinder::BindToName	CALL	v1047 @ X0_v5 (System.NullReferenceException)	v1044 @ X1_v2 (Il2CppMethodInfo)	v544 @ X2_v2 (System.Boolean)			RUNTIME_DISPATCH		UNRESOLVED	TWO_LOADS_OTHER:UNKNOWN_CLASS_SOURCE:CLASS_NOT_AN_INTERFACE_POINTER
Sirenix.Serialization.ComplexTypeSerializer`1::WriteValue	CALL	v2082 @ X0_v277 (Sirenix.Serialization.IFormatter`1<T>)	Type: Il2CppClass<Sirenix.Serialization.IFormatter`1<T>>	0	Sirenix.Serialization.IFormatter`1::Serialize	0x060002A1	RUNTIME_DISPATCH		UNRESOLVED	INVOKER_THROUGH_METHOD:METADATA_USAGE:DISPATCH_PATH_NOT_RECOVERED
Sirenix.Serialization.ComplexTypeSerializer`1::WriteValue	CALL	writer @ X3 (Sirenix.Serialization.IDataWriter)	v2536 @ X1_v24 (Il2CppClass<Sirenix.Serialization.IDataWriter>)	v2516 @ X2_v25 (System.Int32)			RUNTIME_DISPATCH		UNRESOLVED	METHOD_POINTER:TYPED_CLASS_LOCAL:SLOT_NAMES_NO_METHOD
Sirenix.Serialization.DictionaryKeyUtility+KeyComparer`1::Compare	CALL	v45 @ X19_v1 (System.Collections.Generic.IComparer`1<T>)	Type: Il2CppClass<System.Collections.Generic.IComparer`1<T>>	0	System.Collections.Generic.IComparer`1::Compare	0x06002EC0	RUNTIME_DISPATCH		UNRESOLVED	INVOKER_THROUGH_METHOD:METADATA_USAGE:DISPATCH_PATH_NOT_RECOVERED
Sirenix.Serialization.PrefabModification::ApplyListLength	CALL	v729 @ X0_v109 (System.Collections.IList)	Type: System.Collections.IList	2	System.Collections.IList::Add	0x06002BD1	RUNTIME_DISPATCH		EXACT	lookup(receiver, interface class, slot) reaches the dispatch pointer; slot = Il2CppMethodDefinition.slot
Sirenix.Serialization.UnitySerializationUtility::DeserializeUnityObject	CALL	v2533 @ X0_v201	v2264 @ X24_v59 (System.Boolean)	0			RUNTIME_DISPATCH		UNRESOLVED	METHOD_POINTER:CLASS_FIELD:CLASS_NOT_AN_INTERFACE_POINTER
Sirenix.Serialization.Utilities.LinqExtensions+<Append>d__2`1::MoveNext	CALL	v187 @ X24_v14	v499 @ X1_v53	0			RUNTIME_DISPATCH		UNRESOLVED	METHOD_POINTER:UNKNOWN_CLASS_SOURCE:CLASS_NOT_AN_INTERFACE_POINTER
Sirenix.Serialization.Utilities.LinqExtensions+<Append>d__2`1::MoveNext	CALL	v261 @ X22_v9	v910 @ X1_v43	0			RUNTIME_DISPATCH		UNRESOLVED	INVOKER_THROUGH_METHOD:UNKNOWN_CLASS_SOURCE:CLASS_NOT_AN_INTERFACE_POINTER
Sirenix.Serialization.Utilities.LinqExtensions+<Append>d__2`1::MoveNext	CALL	v400 @ X23_v14	v961 @ X1_v36	0			RUNTIME_DISPATCH		UNRESOLVED	METHOD_POINTER:UNKNOWN_CLASS_SOURCE:CLASS_NOT_AN_INTERFACE_POINTER
Sirenix.Serialization.Utilities.LinqExtensions+<Append>d__2`1::MoveNext	CALL	v202 @ X23_v13	v925 @ X1_v21	0			RUNTIME_DISPATCH		UNRESOLVED	INVOKER_THROUGH_METHOD:UNKNOWN_CLASS_SOURCE:CLASS_NOT_AN_INTERFACE_POINTER
Sirenix.Serialization.Utilities.LinqExtensions::ForEach	CALL	source @ X0 (System.Collections.Generic.IEnumerable`1<T>)	Type: Il2CppClass<System.Collections.Generic.IEnumerable`1<T>>	0	System.Collections.Generic.IEnumerable`1::GetEnumerator	0x06002EC8	RUNTIME_DISPATCH	T	EXACT	lookup(receiver, interface class, slot) reaches the dispatch pointer; slot = Il2CppMethodDefinition.slot
Sirenix.Serialization.Utilities.LinqExtensions::ForEach	CALL	v191 @ X0_v41 (System.Collections.IEnumerator)	Type: Il2CppClass<System.Collections.Generic.IEnumerator`1<T>>	0	System.Collections.Generic.IEnumerator`1::get_Current	0x06002EC9	RUNTIME_DISPATCH		UNRESOLVED	INVOKER_THROUGH_METHOD:METADATA_USAGE:DISPATCH_PATH_NOT_RECOVERED
Sirenix.Serialization.Utilities.LinqExtensions::ForEach	CALL	source @ X0 (System.Collections.Generic.IEnumerable`1<T>)	Type: Il2CppClass<System.Collections.Generic.IEnumerable`1<T>>	0	System.Collections.Generic.IEnumerable`1::GetEnumerator	0x06002EC8	RUNTIME_DISPATCH	T	EXACT	lookup(receiver, interface class, slot) reaches the dispatch pointer; slot = Il2CppMethodDefinition.slot
Sirenix.Serialization.Utilities.LinqExtensions::ForEach	CALL	v196 @ X0_v41 (System.Collections.IEnumerator)	Type: Il2CppClass<System.Collections.Generic.IEnumerator`1<T>>	0	System.Collections.Generic.IEnumerator`1::get_Current	0x06002EC9	RUNTIME_DISPATCH		UNRESOLVED	INVOKER_THROUGH_METHOD:METADATA_USAGE:DISPATCH_PATH_NOT_RECOVERED
Sirenix.Serialization.Utilities.TypeExtensions::GetCastMethod	CALL	v164 @ X0_v14	[v155 @ X28_v5 (Il2CppClass<System.Collections.Generic.IEnumerable`1<System.Reflection.MethodInfo>>)]	0	System.Collections.Generic.IEnumerable`1::GetEnumerator	0x06002EC8	RUNTIME_DISPATCH	System.Reflection.MethodInfo	EXACT	lookup(receiver, interface class, slot) reaches the dispatch pointer; slot = Il2CppMethodDefinition.slot
Sirenix.Serialization.Utilities.ImmutableList`1::get_Count	TAIL	v4 @ X19_v1 (System.Collections.Generic.IList`1<T>)	v33 @ X1_v2 (Il2CppClass<System.Collections.Generic.ICollection`1<T>>)	0	System.Collections.Generic.ICollection`1::get_Count	0x06002EB9	RUNTIME_DISPATCH	T	EXACT	lookup(receiver, interface class, slot) reaches the dispatch pointer; slot = Il2CppMethodDefinition.slot
Sirenix.Serialization.Utilities.ImmutableList`1::System.Collections.Generic.IList<T>.get_Item	CALL	v32 @ X22_v1 (System.Collections.Generic.IList`1<T>)	Type: Il2CppClass<System.Collections.Generic.IList`1<T>>	0	System.Collections.Generic.IList`1::get_Item	0x06002ECC	RUNTIME_DISPATCH		UNRESOLVED	INVOKER_THROUGH_METHOD:METADATA_USAGE:DISPATCH_PATH_NOT_RECOVERED
Sirenix.Serialization.Utilities.ImmutableList`1::get_Item	CALL	v32 @ X22_v1 (System.Collections.Generic.IList`1<T>)	Type: Il2CppClass<System.Collections.Generic.IList`1<T>>	0	System.Collections.Generic.IList`1::get_Item	0x06002ECC	RUNTIME_DISPATCH		UNRESOLVED	INVOKER_THROUGH_METHOD:METADATA_USAGE:DISPATCH_PATH_NOT_RECOVERED
Sirenix.Serialization.Utilities.ImmutableList`1::Contains	CALL	v33 @ X19_v1 (System.Collections.Generic.IList`1<T>)	Type: Il2CppClass<System.Collections.Generic.ICollection`1<T>>	4	System.Collections.Generic.ICollection`1::Contains	0x06002EBD	RUNTIME_DISPATCH		UNRESOLVED	INVOKER_THROUGH_METHOD:METADATA_USAGE:DISPATCH_PATH_NOT_RECOVERED
Sirenix.Serialization.Utilities.ImmutableList`1::CopyTo	TAIL	v8 @ X21_v1 (System.Collections.Generic.IList`1<T>)	v39 @ X1_v2 (Il2CppClass<System.Collections.Generic.ICollection`1<T>>)	5	System.Collections.Generic.ICollection`1::CopyTo	0x06002EBE	RUNTIME_DISPATCH	T	EXACT	lookup(receiver, interface class, slot) reaches the dispatch pointer; slot = Il2CppMethodDefinition.slot
Sirenix.Serialization.Utilities.ImmutableList`1::GetEnumerator	TAIL	v4 @ X19_v1 (System.Collections.Generic.IList`1<T>)	v33 @ X1_v2 (Il2CppClass<System.Collections.Generic.IEnumerable`1<T>>)	0	System.Collections.Generic.IEnumerable`1::GetEnumerator	0x06002EC8	RUNTIME_DISPATCH	T	EXACT	lookup(receiver, interface class, slot) reaches the dispatch pointer; slot = Il2CppMethodDefinition.slot
Sirenix.Serialization.Utilities.ImmutableList`1::System.Collections.ICollection.CopyTo	TAIL	v14 @ X20_v1 (System.Collections.Generic.IList`1<T>)	v46 @ X21_v2 (Il2CppClass<System.Collections.Generic.ICollection`1<T>>)	5	System.Collections.Generic.ICollection`1::CopyTo	0x06002EBE	RUNTIME_DISPATCH	T	EXACT	lookup(receiver, interface class, slot) reaches the dispatch pointer; slot = Il2CppMethodDefinition.slot
Sirenix.Serialization.Utilities.ImmutableList`1::System.Collections.IList.Contains	CALL	v34 @ X19_v1 (System.Collections.Generic.IList`1<T>)	Type: Il2CppClass<System.Collections.Generic.ICollection`1<T>>	4	System.Collections.Generic.ICollection`1::Contains	0x06002EBD	RUNTIME_DISPATCH		UNRESOLVED	INVOKER_THROUGH_METHOD:METADATA_USAGE:DISPATCH_PATH_NOT_RECOVERED
Sirenix.Serialization.Utilities.ImmutableList`1::System.Collections.IList.IndexOf	CALL	v34 @ X19_v1 (System.Collections.Generic.IList`1<T>)	Type: Il2CppClass<System.Collections.Generic.IList`1<T>>	2	System.Collections.Generic.IList`1::IndexOf	0x06002ECE	RUNTIME_DISPATCH		UNRESOLVED	INVOKER_THROUGH_METHOD:METADATA_USAGE:DISPATCH_PATH_NOT_RECOVERED
Sirenix.Serialization.Utilities.ImmutableList`1::IndexOf	CALL	v33 @ X19_v1 (System.Collections.Generic.IList`1<T>)	Type: Il2CppClass<System.Collections.Generic.IList`1<T>>	2	System.Collections.Generic.IList`1::IndexOf	0x06002ECE	RUNTIME_DISPATCH		UNRESOLVED	INVOKER_THROUGH_METHOD:METADATA_USAGE:DISPATCH_PATH_NOT_RECOVERED
CinemachineMixer::ProcessFrame	CALL	v210 @ X22_v5 (Cinemachine.ICameraOverrideStack)	[v220 @ X26_v5 (Il2CppClass<Cinemachine.ICameraOverrideStack>)]	0	Cinemachine.ICameraOverrideStack::SetCameraOverride	0x06000040	RUNTIME_DISPATCH		EXACT	lookup(receiver, interface class, slot) reaches the dispatch pointer; slot = Il2CppMethodDefinition.slot
Cinemachine.CinemachineVirtualCamera::OnDestroy	CALL	v419 @ X0_v6 (UnityEngine.Transform)	[v207 @ X23_v3 (Il2CppClass<System.IDisposable>)]	0	System.IDisposable::Dispose	0x0600079F	RUNTIME_DISPATCH		EXACT	lookup(receiver, interface class, slot) reaches the dispatch pointer; slot = Il2CppMethodDefinition.slot
Cinemachine.CinemachineVirtualCamera::OnDestroy	CALL	v361 @ X0_v19	[v207 @ X23_v3 (Il2CppClass<System.IDisposable>)]	0	System.IDisposable::Dispose	0x0600079F	RUNTIME_DISPATCH		EXACT	lookup(receiver, interface class, slot) reaches the dispatch pointer; slot = Il2CppMethodDefinition.slot
Cinemachine.CinemachineVirtualCamera::DestroyPipeline	CALL	v546 @ X0_v8 (System.Collections.IEnumerator)	[v300 @ X25_v4 (Il2CppClass<System.IDisposable>)]	0	System.IDisposable::Dispose	0x0600079F	RUNTIME_DISPATCH		EXACT	lookup(receiver, interface class, slot) reaches the dispatch pointer; slot = Il2CppMethodDefinition.slot
Cinemachine.CinemachineVirtualCamera::DestroyPipeline	CALL	v546 @ X0_v8 (System.Collections.IEnumerator)	[v300 @ X25_v4 (Il2CppClass<System.IDisposable>)]	0	System.IDisposable::Dispose	0x0600079F	RUNTIME_DISPATCH		EXACT	lookup(receiver, interface class, slot) reaches the dispatch pointer; slot = Il2CppMethodDefinition.slot
Cinemachine.CinemachineVirtualCamera::UpdateComponentPipeline	CALL	v638 @ X0_v66	[v235 @ X27_v5 (Il2CppClass<System.IDisposable>)]	0	System.IDisposable::Dispose	0x0600079F	RUNTIME_DISPATCH		EXACT	lookup(receiver, interface class, slot) reaches the dispatch pointer; slot = Il2CppMethodDefinition.slot
Cinemachine.CinemachineBlend::get_State	CALL	v961 @ X20_v8 (Cinemachine.ICinemachineCamera)	v957 @ X1_v8 (Il2CppClass<Cinemachine.ICinemachineCamera>)	8	Cinemachine.ICinemachineCamera::get_State	0x06000393	RUNTIME_DISPATCH		EXACT	lookup(receiver, interface class, slot) reaches the dispatch pointer; slot = Il2CppMethodDefinition.slot
Cinemachine.CinemachineImpulseDefinition::CreateStandardShapes	CALL	v1638 @ X0_v11 (System.Collections.IEnumerator)	[v1468 @ X22_v5 (Il2CppClass<System.IDisposable>)]	0	System.IDisposable::Dispose	0x0600079F	RUNTIME_DISPATCH		EXACT	lookup(receiver, interface class, slot) reaches the dispatch pointer; slot = Il2CppMethodDefinition.slot
Cinemachine.CinemachineImpulseDefinition::CreateStandardShapes	CALL	v1587 @ X0_v86	[v1468 @ X22_v5 (Il2CppClass<System.IDisposable>)]	0	System.IDisposable::Dispose	0x0600079F	RUNTIME_DISPATCH		EXACT	lookup(receiver, interface class, slot) reaches the dispatch pointer; slot = Il2CppMethodDefinition.slot
Sirenix.Utilities.LinqExtensions+<Examine>d__0`1::MoveNext	CALL	v248 @ X24_v12	v425 @ X1_v31	0			RUNTIME_DISPATCH		UNRESOLVED	METHOD_POINTER:UNKNOWN_CLASS_SOURCE:CLASS_NOT_AN_INTERFACE_POINTER
Sirenix.Utilities.LinqExtensions+<Examine>d__0`1::MoveNext	CALL	v228 @ X24_v11	v657 @ X1_v18	0			RUNTIME_DISPATCH		UNRESOLVED	INVOKER_THROUGH_METHOD:UNKNOWN_CLASS_SOURCE:CLASS_NOT_AN_INTERFACE_POINTER
Sirenix.Utilities.LinqExtensions+<PrependWith>d__7`1::MoveNext	CALL	v279 @ X23_v12	v488 @ X1_v33	0			RUNTIME_DISPATCH		UNRESOLVED	METHOD_POINTER:UNKNOWN_CLASS_SOURCE:CLASS_NOT_AN_INTERFACE_POINTER
Sirenix.Utilities.LinqExtensions+<PrependWith>d__7`1::MoveNext	CALL	v257 @ X23_v11	v686 @ X1_v23	0			RUNTIME_DISPATCH		UNRESOLVED	INVOKER_THROUGH_METHOD:UNKNOWN_CLASS_SOURCE:CLASS_NOT_AN_INTERFACE_POINTER
Sirenix.Utilities.LinqExtensions+<PrependWith>d__8`1::MoveNext	CALL	v280 @ X23_v11	v455 @ X1_v32	0			RUNTIME_DISPATCH		UNRESOLVED	METHOD_POINTER:UNKNOWN_CLASS_SOURCE:CLASS_NOT_AN_INTERFACE_POINTER
Sirenix.Utilities.LinqExtensions+<PrependWith>d__8`1::MoveNext	CALL	v258 @ X23_v10	v659 @ X1_v22	0			RUNTIME_DISPATCH		UNRESOLVED	INVOKER_THROUGH_METHOD:UNKNOWN_CLASS_SOURCE:CLASS_NOT_AN_INTERFACE_POINTER
Sirenix.Utilities.LinqExtensions+<PrependWith>d__9`1::MoveNext	CALL	v187 @ X24_v14	v499 @ X1_v53	0			RUNTIME_DISPATCH		UNRESOLVED	METHOD_POINTER:UNKNOWN_CLASS_SOURCE:CLASS_NOT_AN_INTERFACE_POINTER
Sirenix.Utilities.LinqExtensions+<PrependWith>d__9`1::MoveNext	CALL	v261 @ X22_v9	v910 @ X1_v43	0			RUNTIME_DISPATCH		UNRESOLVED	INVOKER_THROUGH_METHOD:UNKNOWN_CLASS_SOURCE:CLASS_NOT_AN_INTERFACE_POINTER
Sirenix.Utilities.LinqExtensions+<PrependWith>d__9`1::MoveNext	CALL	v400 @ X23_v14	v961 @ X1_v36	0			RUNTIME_DISPATCH		UNRESOLVED	METHOD_POINTER:UNKNOWN_CLASS_SOURCE:CLASS_NOT_AN_INTERFACE_POINTER
Sirenix.Utilities.LinqExtensions+<PrependWith>d__9`1::MoveNext	CALL	v202 @ X23_v13	v925 @ X1_v21	0			RUNTIME_DISPATCH		UNRESOLVED	INVOKER_THROUGH_METHOD:UNKNOWN_CLASS_SOURCE:CLASS_NOT_AN_INTERFACE_POINTER
Sirenix.Utilities.LinqExtensions+<PrependIf>d__10`1::MoveNext	CALL	v336 @ X23_v12	v508 @ X1_v28	0			RUNTIME_DISPATCH		UNRESOLVED	METHOD_POINTER:UNKNOWN_CLASS_SOURCE:CLASS_NOT_AN_INTERFACE_POINTER
Sirenix.Utilities.LinqExtensions+<PrependIf>d__10`1::MoveNext	CALL	v250 @ X23_v11	v709 @ X1_v18	0			RUNTIME_DISPATCH		UNRESOLVED	INVOKER_THROUGH_METHOD:UNKNOWN_CLASS_SOURCE:CLASS_NOT_AN_INTERFACE_POINTER
Sirenix.Utilities.LinqExtensions+<PrependIf>d__11`1::MoveNext	CALL	v334 @ X23_v11	v481 @ X1_v27	0			RUNTIME_DISPATCH		UNRESOLVED	METHOD_POINTER:UNKNOWN_CLASS_SOURCE:CLASS_NOT_AN_INTERFACE_POINTER
Sirenix.Utilities.LinqExtensions+<PrependIf>d__11`1::MoveNext	CALL	v248 @ X23_v10	v682 @ X1_v17	0			RUNTIME_DISPATCH		UNRESOLVED	INVOKER_THROUGH_METHOD:UNKNOWN_CLASS_SOURCE:CLASS_NOT_AN_INTERFACE_POINTER
Sirenix.Utilities.LinqExtensions+<PrependIf>d__12`1::MoveNext	CALL	v332 @ X24_v15	v663 @ X1_v55	0			RUNTIME_DISPATCH		UNRESOLVED	METHOD_POINTER:UNKNOWN_CLASS_SOURCE:CLASS_NOT_AN_INTERFACE_POINTER
Sirenix.Utilities.LinqExtensions+<PrependIf>d__12`1::MoveNext	CALL	v263 @ X22_v8	v1026 @ X1_v44	0			RUNTIME_DISPATCH		UNRESOLVED	INVOKER_THROUGH_METHOD:UNKNOWN_CLASS_SOURCE:CLASS_NOT_AN_INTERFACE_POINTER
Sirenix.Utilities.LinqExtensions+<PrependIf>d__12`1::MoveNext	CALL	v407 @ X23_v14	v670 @ X1_v31	0			RUNTIME_DISPATCH		UNRESOLVED	METHOD_POINTER:UNKNOWN_CLASS_SOURCE:CLASS_NOT_AN_INTERFACE_POINTER
Sirenix.Utilities.LinqExtensions+<PrependIf>d__12`1::MoveNext	CALL	v204 @ X23_v13	v1033 @ X1_v21	0			RUNTIME_DISPATCH		UNRESOLVED	INVOKER_THROUGH_METHOD:UNKNOWN_CLASS_SOURCE:CLASS_NOT_AN_INTERFACE_POINTER
Sirenix.Utilities.LinqExtensions+<PrependIf>d__13`1::MoveNext	CALL	[v18 @ X29_v1-18]	v123 @ X1_v35	4294967295			RUNTIME_DISPATCH		UNRESOLVED	TWO_LOADS_OTHER:UNKNOWN_CLASS_SOURCE:CLASS_NOT_AN_INTERFACE_POINTER
Sirenix.Utilities.LinqExtensions+<PrependIf>d__13`1::MoveNext	CALL	v374 @ X23_v13	v518 @ X1_v29	0			RUNTIME_DISPATCH		UNRESOLVED	METHOD_POINTER:UNKNOWN_CLASS_SOURCE:CLASS_NOT_AN_INTERFACE_POINTER
Sirenix.Utilities.LinqExtensions+<PrependIf>d__13`1::MoveNext	CALL	v251 @ X23_v12	v736 @ X1_v19	0			RUNTIME_DISPATCH		UNRESOLVED	INVOKER_THROUGH_METHOD:UNKNOWN_CLASS_SOURCE:CLASS_NOT_AN_INTERFACE_POINTER
Sirenix.Utilities.LinqExtensions+<PrependIf>d__14`1::MoveNext	CALL	[v18 @ X29_v1-18]	v123 @ X1_v34	4294967295			RUNTIME_DISPATCH		UNRESOLVED	TWO_LOADS_OTHER:UNKNOWN_CLASS_SOURCE:CLASS_NOT_AN_INTERFACE_POINTER
Sirenix.Utilities.LinqExtensions+<PrependIf>d__14`1::MoveNext	CALL	v372 @ X23_v12	v499 @ X1_v28	0			RUNTIME_DISPATCH		UNRESOLVED	METHOD_POINTER:UNKNOWN_CLASS_SOURCE:CLASS_NOT_AN_INTERFACE_POINTER
Sirenix.Utilities.LinqExtensions+<PrependIf>d__14`1::MoveNext	CALL	v250 @ X23_v11	v709 @ X1_v18	0			RUNTIME_DISPATCH		UNRESOLVED	INVOKER_THROUGH_METHOD:UNKNOWN_CLASS_SOURCE:CLASS_NOT_AN_INTERFACE_POINTER
Sirenix.Utilities.LinqExtensions+<PrependIf>d__15`1::MoveNext	CALL	[v20 @ X29_v1-18]	v135 @ X1_v53	4294967295			RUNTIME_DISPATCH		UNRESOLVED	TWO_LOADS_OTHER:UNKNOWN_CLASS_SOURCE:CLASS_NOT_AN_INTERFACE_POINTER
Sirenix.Utilities.LinqExtensions+<PrependIf>d__15`1::MoveNext	CALL	v332 @ X24_v16	v781 @ X1_v57	0			RUNTIME_DISPATCH		UNRESOLVED	METHOD_POINTER:UNKNOWN_CLASS_SOURCE:CLASS_NOT_AN_INTERFACE_POINTER
Sirenix.Utilities.LinqExtensions+<PrependIf>d__15`1::MoveNext	CALL	v263 @ X22_v8	v1053 @ X1_v45	0			RUNTIME_DISPATCH		UNRESOLVED	INVOKER_THROUGH_METHOD:UNKNOWN_CLASS_SOURCE:CLASS_NOT_AN_INTERFACE_POINTER
Sirenix.Utilities.LinqExtensions+<PrependIf>d__15`1::MoveNext	CALL	v401 @ X23_v15	v788 @ X1_v32	0			RUNTIME_DISPATCH		UNRESOLVED	METHOD_POINTER:UNKNOWN_CLASS_SOURCE:CLASS_NOT_AN_INTERFACE_POINTER
Sirenix.Utilities.LinqExtensions+<PrependIf>d__15`1::MoveNext	CALL	v204 @ X23_v14	v1060 @ X1_v22	0			RUNTIME_DISPATCH		UNRESOLVED	INVOKER_THROUGH_METHOD:UNKNOWN_CLASS_SOURCE:CLASS_NOT_AN_INTERFACE_POINTER
Sirenix.Utilities.LinqExtensions+<PrependIf>d__16`1::MoveNext	CALL	v350 @ X23_v14	v547 @ X1_v29	0			RUNTIME_DISPATCH		UNRESOLVED	METHOD_POINTER:UNKNOWN_CLASS_SOURCE:CLASS_NOT_AN_INTERFACE_POINTER
Sirenix.Utilities.LinqExtensions+<PrependIf>d__16`1::MoveNext	CALL	v261 @ X23_v12	v765 @ X1_v19	0			RUNTIME_DISPATCH		UNRESOLVED	INVOKER_THROUGH_METHOD:UNKNOWN_CLASS_SOURCE:CLASS_NOT_AN_INTERFACE_POINTER
Sirenix.Utilities.LinqExtensions+<PrependIf>d__17`1::MoveNext	CALL	v348 @ X23_v13	v522 @ X1_v28	0			RUNTIME_DISPATCH		UNRESOLVED	METHOD_POINTER:UNKNOWN_CLASS_SOURCE:CLASS_NOT_AN_INTERFACE_POINTER
Sirenix.Utilities.LinqExtensions+<PrependIf>d__17`1::MoveNext	CALL	v261 @ X23_v11	v736 @ X1_v18	0			RUNTIME_DISPATCH		UNRESOLVED	INVOKER_THROUGH_METHOD:UNKNOWN_CLASS_SOURCE:CLASS_NOT_AN_INTERFACE_POINTER
Sirenix.Utilities.LinqExtensions+<PrependIf>d__18`1::MoveNext	CALL	v347 @ X24_v17	v858 @ X1_v58	0			RUNTIME_DISPATCH		UNRESOLVED	METHOD_POINTER:UNKNOWN_CLASS_SOURCE:CLASS_NOT_AN_INTERFACE_POINTER
Sirenix.Utilities.LinqExtensions+<PrependIf>d__18`1::MoveNext	CALL	v274 @ X22_v8	v1080 @ X1_v45	0			RUNTIME_DISPATCH		UNRESOLVED	INVOKER_THROUGH_METHOD:UNKNOWN_CLASS_SOURCE:CLASS_NOT_AN_INTERFACE_POINTER
Sirenix.Utilities.LinqExtensions+<PrependIf>d__18`1::MoveNext	CALL	v362 @ X23_v15	v865 @ X1_v32	0			RUNTIME_DISPATCH		UNRESOLVED	METHOD_POINTER:UNKNOWN_CLASS_SOURCE:CLASS_NOT_AN_INTERFACE_POINTER
Sirenix.Utilities.LinqExtensions+<PrependIf>d__18`1::MoveNext	CALL	v207 @ X23_v14	v1095 @ X1_v22	0			RUNTIME_DISPATCH		UNRESOLVED	INVOKER_THROUGH_METHOD:UNKNOWN_CLASS_SOURCE:CLASS_NOT_AN_INTERFACE_POINTER
Sirenix.Utilities.LinqExtensions+<AppendWith>d__19`1::MoveNext	CALL	v138 @ X23_v11	v378 @ X1_v31	0			RUNTIME_DISPATCH		UNRESOLVED	METHOD_POINTER:UNKNOWN_CLASS_SOURCE:CLASS_NOT_AN_INTERFACE_POINTER
Sirenix.Utilities.LinqExtensions+<AppendWith>d__19`1::MoveNext	CALL	v220 @ X23_v10	v650 @ X1_v21	0			RUNTIME_DISPATCH		UNRESOLVED	INVOKER_THROUGH_METHOD:UNKNOWN_CLASS_SOURCE:CLASS_NOT_AN_INTERFACE_POINTER
Sirenix.Utilities.LinqExtensions+<AppendWith>d__20`1::MoveNext	CALL	v138 @ X23_v10	v377 @ X1_v30	0			RUNTIME_DISPATCH		UNRESOLVED	METHOD_POINTER:UNKNOWN_CLASS_SOURCE:CLASS_NOT_AN_INTERFACE_POINTER
Sirenix.Utilities.LinqExtensions+<AppendWith>d__20`1::MoveNext	CALL	v219 @ X23_v9	v631 @ X1_v20	0			RUNTIME_DISPATCH		UNRESOLVED	INVOKER_THROUGH_METHOD:UNKNOWN_CLASS_SOURCE:CLASS_NOT_AN_INTERFACE_POINTER
Sirenix.Utilities.LinqExtensions+<AppendWith>d__21`1::MoveNext	CALL	v187 @ X24_v14	v499 @ X1_v53	0			RUNTIME_DISPATCH		UNRESOLVED	METHOD_POINTER:UNKNOWN_CLASS_SOURCE:CLASS_NOT_AN_INTERFACE_POINTER
Sirenix.Utilities.LinqExtensions+<AppendWith>d__21`1::MoveNext	CALL	v261 @ X22_v9	v910 @ X1_v43	0			RUNTIME_DISPATCH		UNRESOLVED	INVOKER_THROUGH_METHOD:UNKNOWN_CLASS_SOURCE:CLASS_NOT_AN_INTERFACE_POINTER
Sirenix.Utilities.LinqExtensions+<AppendWith>d__21`1::MoveNext	CALL	v400 @ X23_v14	v961 @ X1_v36	0			RUNTIME_DISPATCH		UNRESOLVED	METHOD_POINTER:UNKNOWN_CLASS_SOURCE:CLASS_NOT_AN_INTERFACE_POINTER
Sirenix.Utilities.LinqExtensions+<AppendWith>d__21`1::MoveNext	CALL	v202 @ X23_v13	v925 @ X1_v21	0			RUNTIME_DISPATCH		UNRESOLVED	INVOKER_THROUGH_METHOD:UNKNOWN_CLASS_SOURCE:CLASS_NOT_AN_INTERFACE_POINTER
Sirenix.Utilities.LinqExtensions+<AppendIf>d__22`1::MoveNext	CALL	v175 @ X23_v12	v398 @ X1_v33	0			RUNTIME_DISPATCH		UNRESOLVED	METHOD_POINTER:UNKNOWN_CLASS_SOURCE:CLASS_NOT_AN_INTERFACE_POINTER
Sirenix.Utilities.LinqExtensions+<AppendIf>d__22`1::MoveNext	CALL	v241 @ X23_v11	v670 @ X1_v23	0			RUNTIME_DISPATCH		UNRESOLVED	INVOKER_THROUGH_METHOD:UNKNOWN_CLASS_SOURCE:CLASS_NOT_AN_INTERFACE_POINTER
Sirenix.Utilities.LinqExtensions+<AppendIf>d__23`1::MoveNext	CALL	v175 @ X23_v11	v396 @ X1_v32	0			RUNTIME_DISPATCH		UNRESOLVED	METHOD_POINTER:UNKNOWN_CLASS_SOURCE:CLASS_NOT_AN_INTERFACE_POINTER
Sirenix.Utilities.LinqExtensions+<AppendIf>d__23`1::MoveNext	CALL	v239 @ X23_v10	v644 @ X1_v22	0			RUNTIME_DISPATCH		UNRESOLVED	INVOKER_THROUGH_METHOD:UNKNOWN_CLASS_SOURCE:CLASS_NOT_AN_INTERFACE_POINTER
Sirenix.Utilities.LinqExtensions+<AppendIf>d__24`1::MoveNext	CALL	v206 @ X24_v14	v517 @ X1_v54	0			RUNTIME_DISPATCH		UNRESOLVED	METHOD_POINTER:UNKNOWN_CLASS_SOURCE:CLASS_NOT_AN_INTERFACE_POINTER
Sirenix.Utilities.LinqExtensions+<AppendIf>d__24`1::MoveNext	CALL	v280 @ X22_v9	v915 @ X1_v44	0			RUNTIME_DISPATCH		UNRESOLVED	INVOKER_THROUGH_METHOD:UNKNOWN_CLASS_SOURCE:CLASS_NOT_AN_INTERFACE_POINTER
Sirenix.Utilities.LinqExtensions+<AppendIf>d__24`1::MoveNext	CALL	v418 @ X23_v14	v1060 @ X1_v37	0			RUNTIME_DISPATCH		UNRESOLVED	METHOD_POINTER:UNKNOWN_CLASS_SOURCE:CLASS_NOT_AN_INTERFACE_POINTER
Sirenix.Utilities.LinqExtensions+<AppendIf>d__24`1::MoveNext	CALL	v221 @ X23_v13	v927 @ X1_v21	0			RUNTIME_DISPATCH		UNRESOLVED	INVOKER_THROUGH_METHOD:UNKNOWN_CLASS_SOURCE:CLASS_NOT_AN_INTERFACE_POINTER
Sirenix.Utilities.LinqExtensions+<AppendIf>d__25`1::MoveNext	CALL	[v18 @ X29_v1-18]	v512 @ X1_v17	0			RUNTIME_DISPATCH		UNRESOLVED	TWO_LOADS_OTHER:UNKNOWN_CLASS_SOURCE:CLASS_NOT_AN_INTERFACE_POINTER
Sirenix.Utilities.LinqExtensions+<AppendIf>d__25`1::MoveNext	CALL	v175 @ X23_v13	v398 @ X1_v35	0			RUNTIME_DISPATCH		UNRESOLVED	METHOD_POINTER:UNKNOWN_CLASS_SOURCE:CLASS_NOT_AN_INTERFACE_POINTER
Sirenix.Utilities.LinqExtensions+<AppendIf>d__25`1::MoveNext	CALL	v241 @ X23_v12	v694 @ X1_v25	0			RUNTIME_DISPATCH		UNRESOLVED	INVOKER_THROUGH_METHOD:UNKNOWN_CLASS_SOURCE:CLASS_NOT_AN_INTERFACE_POINTER
Sirenix.Utilities.LinqExtensions+<AppendIf>d__26`1::MoveNext	CALL	[v18 @ X29_v1-18]	v496 @ X1_v16	0			RUNTIME_DISPATCH		UNRESOLVED	TWO_LOADS_OTHER:UNKNOWN_CLASS_SOURCE:CLASS_NOT_AN_INTERFACE_POINTER
Sirenix.Utilities.LinqExtensions+<AppendIf>d__26`1::MoveNext	CALL	v175 @ X23_v12	v396 @ X1_v34	0			RUNTIME_DISPATCH		UNRESOLVED	METHOD_POINTER:UNKNOWN_CLASS_SOURCE:CLASS_NOT_AN_INTERFACE_POINTER
Sirenix.Utilities.LinqExtensions+<AppendIf>d__26`1::MoveNext	CALL	v239 @ X23_v11	v668 @ X1_v24	0			RUNTIME_DISPATCH		UNRESOLVED	INVOKER_THROUGH_METHOD:UNKNOWN_CLASS_SOURCE:CLASS_NOT_AN_INTERFACE_POINTER
Sirenix.Utilities.LinqExtensions+<AppendIf>d__27`1::MoveNext	CALL	[v20 @ X29_v1-18]	v638 @ X1_v35	0			RUNTIME_DISPATCH		UNRESOLVED	TWO_LOADS_OTHER:UNKNOWN_CLASS_SOURCE:CLASS_NOT_AN_INTERFACE_POINTER
Sirenix.Utilities.LinqExtensions+<AppendIf>d__27`1::MoveNext	CALL	v206 @ X24_v15	v517 @ X1_v56	0			RUNTIME_DISPATCH		UNRESOLVED	METHOD_POINTER:UNKNOWN_CLASS_SOURCE:CLASS_NOT_AN_INTERFACE_POINTER
Sirenix.Utilities.LinqExtensions+<AppendIf>d__27`1::MoveNext	CALL	v280 @ X22_v10	v941 @ X1_v46	0			RUNTIME_DISPATCH		UNRESOLVED	INVOKER_THROUGH_METHOD:UNKNOWN_CLASS_SOURCE:CLASS_NOT_AN_INTERFACE_POINTER
Sirenix.Utilities.LinqExtensions+<AppendIf>d__27`1::MoveNext	CALL	v418 @ X23_v15	v1110 @ X1_v39	0			RUNTIME_DISPATCH		UNRESOLVED	METHOD_POINTER:UNKNOWN_CLASS_SOURCE:CLASS_NOT_AN_INTERFACE_POINTER
Sirenix.Utilities.LinqExtensions+<AppendIf>d__27`1::MoveNext	CALL	v221 @ X23_v14	v950 @ X1_v22	0			RUNTIME_DISPATCH		UNRESOLVED	INVOKER_THROUGH_METHOD:UNKNOWN_CLASS_SOURCE:CLASS_NOT_AN_INTERFACE_POINTER
Sirenix.Utilities.LinqExtensions::ForEach	CALL	source @ X0 (System.Collections.Generic.IEnumerable`1<T>)	Type: Il2CppClass<System.Collections.Generic.IEnumerable`1<T>>	0	System.Collections.Generic.IEnumerable`1::GetEnumerator	0x06002EC8	RUNTIME_DISPATCH	T	EXACT	lookup(receiver, interface class, slot) reaches the dispatch pointer; slot = Il2CppMethodDefinition.slot
Sirenix.Utilities.LinqExtensions::ForEach	CALL	v191 @ X0_v41 (System.Collections.IEnumerator)	Type: Il2CppClass<System.Collections.Generic.IEnumerator`1<T>>	0	System.Collections.Generic.IEnumerator`1::get_Current	0x06002EC9	RUNTIME_DISPATCH		UNRESOLVED	INVOKER_THROUGH_METHOD:METADATA_USAGE:DISPATCH_PATH_NOT_RECOVERED
Sirenix.Utilities.LinqExtensions::ForEach	CALL	source @ X0 (System.Collections.Generic.IEnumerable`1<T>)	Type: Il2CppClass<System.Collections.Generic.IEnumerable`1<T>>	0	System.Collections.Generic.IEnumerable`1::GetEnumerator	0x06002EC8	RUNTIME_DISPATCH	T	EXACT	lookup(receiver, interface class, slot) reaches the dispatch pointer; slot = Il2CppMethodDefinition.slot
Sirenix.Utilities.LinqExtensions::ForEach	CALL	v196 @ X0_v41 (System.Collections.IEnumerator)	Type: Il2CppClass<System.Collections.Generic.IEnumerator`1<T>>	0	System.Collections.Generic.IEnumerator`1::get_Current	0x06002EC9	RUNTIME_DISPATCH		UNRESOLVED	INVOKER_THROUGH_METHOD:METADATA_USAGE:DISPATCH_PATH_NOT_RECOVERED
Sirenix.Utilities.LinqExtensions::AddRange	CALL	range @ X1 (System.Collections.Generic.IEnumerable`1<T>)	Type: Il2CppClass<System.Collections.Generic.IEnumerable`1<T>>	0	System.Collections.Generic.IEnumerable`1::GetEnumerator	0x06002EC8	RUNTIME_DISPATCH	T	EXACT	lookup(receiver, interface class, slot) reaches the dispatch pointer; slot = Il2CppMethodDefinition.slot
Sirenix.Utilities.LinqExtensions::AddRange	CALL	v188 @ X0_v40 (System.Collections.IEnumerator)	Type: Il2CppClass<System.Collections.Generic.IEnumerator`1<T>>	0	System.Collections.Generic.IEnumerator`1::get_Current	0x06002EC9	RUNTIME_DISPATCH		UNRESOLVED	INVOKER_THROUGH_METHOD:METADATA_USAGE:DISPATCH_PATH_NOT_RECOVERED
Sirenix.Utilities.LinqExtensions::IsNullOrEmpty	CALL	list @ X0 (System.Collections.Generic.IList`1<T>)	v45 @ X1_v3 (Il2CppClass<System.Collections.Generic.ICollection`1<T>>)	0	System.Collections.Generic.ICollection`1::get_Count	0x06002EB9	RUNTIME_DISPATCH	T	EXACT	lookup(receiver, interface class, slot) reaches the dispatch pointer; slot = Il2CppMethodDefinition.slot
Sirenix.Utilities.LinqExtensions::Populate	CALL	list @ X0 (System.Collections.Generic.IList`1<T>)	v73 @ X1_v3 (Il2CppClass<System.Collections.Generic.ICollection`1<T>>)	0	System.Collections.Generic.ICollection`1::get_Count	0x06002EB9	RUNTIME_DISPATCH	T	EXACT	lookup(receiver, interface class, slot) reaches the dispatch pointer; slot = Il2CppMethodDefinition.slot
Sirenix.Utilities.LinqExtensions::Populate	CALL	list @ X0 (System.Collections.Generic.IList`1<T>)	Type: Il2CppClass<System.Collections.Generic.IList`1<T>>	1	System.Collections.Generic.IList`1::set_Item	0x06002ECD	RUNTIME_DISPATCH		UNRESOLVED	INVOKER_THROUGH_METHOD:METADATA_USAGE:DISPATCH_PATH_NOT_RECOVERED
Sirenix.Utilities.LinqExtensions::AddRange	CALL	v248 @ X0_v46 (System.Collections.IEnumerator)	Type: Il2CppClass<System.Collections.Generic.IEnumerator`1<T>>	0	System.Collections.Generic.IEnumerator`1::get_Current	0x06002EC9	RUNTIME_DISPATCH		UNRESOLVED	INVOKER_THROUGH_METHOD:METADATA_USAGE:DISPATCH_PATH_NOT_RECOVERED
Sirenix.Utilities.LinqExtensions::AddRange	CALL	list @ X0 (System.Collections.Generic.IList`1<T>)	Type: Il2CppClass<System.Collections.Generic.ICollection`1<T>>	2	System.Collections.Generic.ICollection`1::Add	0x06002EBB	RUNTIME_DISPATCH		UNRESOLVED	INVOKER_THROUGH_METHOD:METADATA_USAGE:DISPATCH_PATH_NOT_RECOVERED
Sirenix.Utilities.LinqExtensions::Sort	CALL	list @ X0 (System.Collections.Generic.IList`1<T>)	Type: Il2CppClass<System.Collections.Generic.IList`1<T>>	1	System.Collections.Generic.IList`1::set_Item	0x06002ECD	RUNTIME_DISPATCH		UNRESOLVED	INVOKER_THROUGH_METHOD:METADATA_USAGE:DISPATCH_PATH_NOT_RECOVERED
Sirenix.Utilities.LinqExtensions::Sort	CALL	list @ X0 (System.Collections.Generic.IList`1<T>)	Type: Il2CppClass<System.Collections.Generic.IList`1<T>>	1	System.Collections.Generic.IList`1::set_Item	0x06002ECD	RUNTIME_DISPATCH		UNRESOLVED	INVOKER_THROUGH_METHOD:METADATA_USAGE:DISPATCH_PATH_NOT_RECOVERED
Sirenix.Utilities.TypeExtensions::GetCastMethod	CALL	v164 @ X0_v14	[v155 @ X28_v5 (Il2CppClass<System.Collections.Generic.IEnumerable`1<System.Reflection.MethodInfo>>)]	0	System.Collections.Generic.IEnumerable`1::GetEnumerator	0x06002EC8	RUNTIME_DISPATCH	System.Reflection.MethodInfo	EXACT	lookup(receiver, interface class, slot) reaches the dispatch pointer; slot = Il2CppMethodDefinition.slot
Sirenix.Utilities.ImmutableList`1::get_Count	TAIL	v4 @ X19_v1 (System.Collections.Generic.IList`1<T>)	v33 @ X1_v2 (Il2CppClass<System.Collections.Generic.ICollection`1<T>>)	0	System.Collections.Generic.ICollection`1::get_Count	0x06002EB9	RUNTIME_DISPATCH	T	EXACT	lookup(receiver, interface class, slot) reaches the dispatch pointer; slot = Il2CppMethodDefinition.slot
Sirenix.Utilities.ImmutableList`1::System.Collections.Generic.IList<T>.get_Item	CALL	v32 @ X22_v1 (System.Collections.Generic.IList`1<T>)	Type: Il2CppClass<System.Collections.Generic.IList`1<T>>	0	System.Collections.Generic.IList`1::get_Item	0x06002ECC	RUNTIME_DISPATCH		UNRESOLVED	INVOKER_THROUGH_METHOD:METADATA_USAGE:DISPATCH_PATH_NOT_RECOVERED
Sirenix.Utilities.ImmutableList`1::get_Item	CALL	v32 @ X22_v1 (System.Collections.Generic.IList`1<T>)	Type: Il2CppClass<System.Collections.Generic.IList`1<T>>	0	System.Collections.Generic.IList`1::get_Item	0x06002ECC	RUNTIME_DISPATCH		UNRESOLVED	INVOKER_THROUGH_METHOD:METADATA_USAGE:DISPATCH_PATH_NOT_RECOVERED
Sirenix.Utilities.ImmutableList`1::Contains	CALL	v33 @ X19_v1 (System.Collections.Generic.IList`1<T>)	Type: Il2CppClass<System.Collections.Generic.ICollection`1<T>>	4	System.Collections.Generic.ICollection`1::Contains	0x06002EBD	RUNTIME_DISPATCH		UNRESOLVED	INVOKER_THROUGH_METHOD:METADATA_USAGE:DISPATCH_PATH_NOT_RECOVERED
Sirenix.Utilities.ImmutableList`1::CopyTo	TAIL	v8 @ X21_v1 (System.Collections.Generic.IList`1<T>)	v39 @ X1_v2 (Il2CppClass<System.Collections.Generic.ICollection`1<T>>)	5	System.Collections.Generic.ICollection`1::CopyTo	0x06002EBE	RUNTIME_DISPATCH	T	EXACT	lookup(receiver, interface class, slot) reaches the dispatch pointer; slot = Il2CppMethodDefinition.slot
Sirenix.Utilities.ImmutableList`1::GetEnumerator	TAIL	v4 @ X19_v1 (System.Collections.Generic.IList`1<T>)	v33 @ X1_v2 (Il2CppClass<System.Collections.Generic.IEnumerable`1<T>>)	0	System.Collections.Generic.IEnumerable`1::GetEnumerator	0x06002EC8	RUNTIME_DISPATCH	T	EXACT	lookup(receiver, interface class, slot) reaches the dispatch pointer; slot = Il2CppMethodDefinition.slot
Sirenix.Utilities.ImmutableList`1::System.Collections.ICollection.CopyTo	TAIL	v14 @ X20_v1 (System.Collections.Generic.IList`1<T>)	v46 @ X21_v2 (Il2CppClass<System.Collections.Generic.ICollection`1<T>>)	5	System.Collections.Generic.ICollection`1::CopyTo	0x06002EBE	RUNTIME_DISPATCH	T	EXACT	lookup(receiver, interface class, slot) reaches the dispatch pointer; slot = Il2CppMethodDefinition.slot
Sirenix.Utilities.ImmutableList`1::System.Collections.IList.Contains	CALL	v34 @ X19_v1 (System.Collections.Generic.IList`1<T>)	Type: Il2CppClass<System.Collections.Generic.ICollection`1<T>>	4	System.Collections.Generic.ICollection`1::Contains	0x06002EBD	RUNTIME_DISPATCH		UNRESOLVED	INVOKER_THROUGH_METHOD:METADATA_USAGE:DISPATCH_PATH_NOT_RECOVERED
Sirenix.Utilities.ImmutableList`1::System.Collections.IList.IndexOf	CALL	v34 @ X19_v1 (System.Collections.Generic.IList`1<T>)	Type: Il2CppClass<System.Collections.Generic.IList`1<T>>	2	System.Collections.Generic.IList`1::IndexOf	0x06002ECE	RUNTIME_DISPATCH		UNRESOLVED	INVOKER_THROUGH_METHOD:METADATA_USAGE:DISPATCH_PATH_NOT_RECOVERED
Sirenix.Utilities.ImmutableList`1::IndexOf	CALL	v33 @ X19_v1 (System.Collections.Generic.IList`1<T>)	Type: Il2CppClass<System.Collections.Generic.IList`1<T>>	2	System.Collections.Generic.IList`1::IndexOf	0x06002ECE	RUNTIME_DISPATCH		UNRESOLVED	INVOKER_THROUGH_METHOD:METADATA_USAGE:DISPATCH_PATH_NOT_RECOVERED
Sirenix.Utilities.ListExtensions::SetLength	CALL	v201 @ X25_v8 (System.Collections.Generic.IList`1<T>)	v368 @ X1_v37 (Il2CppClass<System.Collections.Generic.ICollection`1<T>>)	0	System.Collections.Generic.ICollection`1::get_Count	0x06002EB9	RUNTIME_DISPATCH	T	EXACT	lookup(receiver, interface class, slot) reaches the dispatch pointer; slot = Il2CppMethodDefinition.slot
Sirenix.Utilities.ListExtensions::SetLength	CALL	v295 @ X25_v9 (System.Collections.Generic.IList`1<T>)	v376 @ X1_v27 (Il2CppClass<System.Collections.Generic.ICollection`1<T>>)	0	System.Collections.Generic.ICollection`1::get_Count	0x06002EB9	RUNTIME_DISPATCH	T	EXACT	lookup(receiver, interface class, slot) reaches the dispatch pointer; slot = Il2CppMethodDefinition.slot
Sirenix.Utilities.ListExtensions::SetLength	CALL	v116 @ X22_v7 (System.Collections.Generic.IList`1<T>)	v308 @ X1_v16 (Il2CppClass<System.Collections.Generic.ICollection`1<T>>)	0	System.Collections.Generic.ICollection`1::get_Count	0x06002EB9	RUNTIME_DISPATCH	T	EXACT	lookup(receiver, interface class, slot) reaches the dispatch pointer; slot = Il2CppMethodDefinition.slot
Sirenix.Utilities.ListExtensions::SetLength	CALL	v116 @ X22_v7 (System.Collections.Generic.IList`1<T>)	v665 @ X1_v19 (Il2CppClass<System.Collections.Generic.IList`1<T>>)	4	System.Collections.Generic.IList`1::RemoveAt	0x06002ED0	RUNTIME_DISPATCH	T	EXACT	lookup(receiver, interface class, slot) reaches the dispatch pointer; slot = Il2CppMethodDefinition.slot
Sirenix.Utilities.ListExtensions::SetLength	CALL	v204 @ X25_v2 (System.Collections.Generic.IList`1<T>)	v797 @ X1_v10 (Il2CppClass<System.Collections.Generic.ICollection`1<T>>)	0	System.Collections.Generic.ICollection`1::get_Count	0x06002EB9	RUNTIME_DISPATCH	T	EXACT	lookup(receiver, interface class, slot) reaches the dispatch pointer; slot = Il2CppMethodDefinition.slot
Sirenix.Utilities.ListExtensions::SetLength	CALL	v204 @ X25_v2 (System.Collections.Generic.IList`1<T>)	Type: Il2CppClass<System.Collections.Generic.ICollection`1<T>>	2	System.Collections.Generic.ICollection`1::Add	0x06002EBB	RUNTIME_DISPATCH		UNRESOLVED	INVOKER_THROUGH_METHOD:METADATA_USAGE:DISPATCH_PATH_NOT_RECOVERED
Sirenix.Utilities.ListExtensions::SetLength	CALL	v203 @ X24_v8 (System.Collections.Generic.IList`1<T>)	v372 @ X1_v35 (Il2CppClass<System.Collections.Generic.ICollection`1<T>>)	0	System.Collections.Generic.ICollection`1::get_Count	0x06002EB9	RUNTIME_DISPATCH	T	EXACT	lookup(receiver, interface class, slot) reaches the dispatch pointer; slot = Il2CppMethodDefinition.slot
Sirenix.Utilities.ListExtensions::SetLength	CALL	v351 @ X24_v9 (System.Collections.Generic.IList`1<T>)	v380 @ X1_v26 (Il2CppClass<System.Collections.Generic.ICollection`1<T>>)	0	System.Collections.Generic.ICollection`1::get_Count	0x06002EB9	RUNTIME_DISPATCH	T	EXACT	lookup(receiver, interface class, slot) reaches the dispatch pointer; slot = Il2CppMethodDefinition.slot
Sirenix.Utilities.ListExtensions::SetLength	CALL	v225 @ X22_v7 (System.Collections.Generic.IList`1<T>)	v364 @ X1_v15 (Il2CppClass<System.Collections.Generic.ICollection`1<T>>)	0	System.Collections.Generic.ICollection`1::get_Count	0x06002EB9	RUNTIME_DISPATCH	T	EXACT	lookup(receiver, interface class, slot) reaches the dispatch pointer; slot = Il2CppMethodDefinition.slot
Sirenix.Utilities.ListExtensions::SetLength	CALL	v225 @ X22_v7 (System.Collections.Generic.IList`1<T>)	v668 @ X1_v18 (Il2CppClass<System.Collections.Generic.IList`1<T>>)	4	System.Collections.Generic.IList`1::RemoveAt	0x06002ED0	RUNTIME_DISPATCH	T	EXACT	lookup(receiver, interface class, slot) reaches the dispatch pointer; slot = Il2CppMethodDefinition.slot
Sirenix.Utilities.ListExtensions::SetLength	CALL	v206 @ X24_v2 (System.Collections.Generic.IList`1<T>)	v816 @ X1_v9 (Il2CppClass<System.Collections.Generic.ICollection`1<T>>)	0	System.Collections.Generic.ICollection`1::get_Count	0x06002EB9	RUNTIME_DISPATCH	T	EXACT	lookup(receiver, interface class, slot) reaches the dispatch pointer; slot = Il2CppMethodDefinition.slot
Sirenix.Utilities.ListExtensions::SetLength	CALL	v206 @ X24_v2 (System.Collections.Generic.IList`1<T>)	Type: Il2CppClass<System.Collections.Generic.ICollection`1<T>>	2	System.Collections.Generic.ICollection`1::Add	0x06002EBB	RUNTIME_DISPATCH		UNRESOLVED	INVOKER_THROUGH_METHOD:METADATA_USAGE:DISPATCH_PATH_NOT_RECOVERED
Sirenix.Utilities.ListExtensions::SetLength	CALL	list @ X0 (System.Collections.Generic.IList`1<T>)	v234 @ X1_v13 (Il2CppClass<System.Collections.Generic.ICollection`1<T>>)	0	System.Collections.Generic.ICollection`1::get_Count	0x06002EB9	RUNTIME_DISPATCH	T	EXACT	lookup(receiver, interface class, slot) reaches the dispatch pointer; slot = Il2CppMethodDefinition.slot
Sirenix.Utilities.ListExtensions::SetLength	CALL	list @ X0 (System.Collections.Generic.IList`1<T>)	v590 @ X1_v20 (Il2CppClass<System.Collections.Generic.ICollection`1<T>>)	0	System.Collections.Generic.ICollection`1::get_Count	0x06002EB9	RUNTIME_DISPATCH	T	EXACT	lookup(receiver, interface class, slot) reaches the dispatch pointer; slot = Il2CppMethodDefinition.slot
Sirenix.Utilities.ListExtensions::SetLength	CALL	list @ X0 (System.Collections.Generic.IList`1<T>)	v690 @ X1_v23 (Il2CppClass<System.Collections.Generic.IList`1<T>>)	4	System.Collections.Generic.IList`1::RemoveAt	0x06002ED0	RUNTIME_DISPATCH	T	EXACT	lookup(receiver, interface class, slot) reaches the dispatch pointer; slot = Il2CppMethodDefinition.slot
Sirenix.Utilities.ListExtensions::SetLength	CALL	list @ X0 (System.Collections.Generic.IList`1<T>)	v423 @ X1_v17 (Il2CppClass<System.Collections.Generic.ICollection`1<T>>)	0	System.Collections.Generic.ICollection`1::get_Count	0x06002EB9	RUNTIME_DISPATCH	T	EXACT	lookup(receiver, interface class, slot) reaches the dispatch pointer; slot = Il2CppMethodDefinition.slot
Sirenix.Utilities.ListExtensions::SetLength	CALL	list @ X0 (System.Collections.Generic.IList`1<T>)	Type: Il2CppClass<System.Collections.Generic.ICollection`1<T>>	2	System.Collections.Generic.ICollection`1::Add	0x06002EBB	RUNTIME_DISPATCH		UNRESOLVED	INVOKER_THROUGH_METHOD:METADATA_USAGE:DISPATCH_PATH_NOT_RECOVERED
Sirenix.Utilities.ListExtensions::SetLength	CALL	list @ X0 (System.Collections.Generic.IList`1<T>)	v236 @ X1_v12 (Il2CppClass<System.Collections.Generic.ICollection`1<T>>)	0	System.Collections.Generic.ICollection`1::get_Count	0x06002EB9	RUNTIME_DISPATCH	T	EXACT	lookup(receiver, interface class, slot) reaches the dispatch pointer; slot = Il2CppMethodDefinition.slot
Sirenix.Utilities.ListExtensions::SetLength	CALL	list @ X0 (System.Collections.Generic.IList`1<T>)	v601 @ X1_v19 (Il2CppClass<System.Collections.Generic.ICollection`1<T>>)	0	System.Collections.Generic.ICollection`1::get_Count	0x06002EB9	RUNTIME_DISPATCH	T	EXACT	lookup(receiver, interface class, slot) reaches the dispatch pointer; slot = Il2CppMethodDefinition.slot
Sirenix.Utilities.ListExtensions::SetLength	CALL	list @ X0 (System.Collections.Generic.IList`1<T>)	v691 @ X1_v22 (Il2CppClass<System.Collections.Generic.IList`1<T>>)	4	System.Collections.Generic.IList`1::RemoveAt	0x06002ED0	RUNTIME_DISPATCH	T	EXACT	lookup(receiver, interface class, slot) reaches the dispatch pointer; slot = Il2CppMethodDefinition.slot
Sirenix.Utilities.ListExtensions::SetLength	CALL	list @ X0 (System.Collections.Generic.IList`1<T>)	v442 @ X1_v16 (Il2CppClass<System.Collections.Generic.ICollection`1<T>>)	0	System.Collections.Generic.ICollection`1::get_Count	0x06002EB9	RUNTIME_DISPATCH	T	EXACT	lookup(receiver, interface class, slot) reaches the dispatch pointer; slot = Il2CppMethodDefinition.slot
Sirenix.Utilities.ListExtensions::SetLength	CALL	list @ X0 (System.Collections.Generic.IList`1<T>)	Type: Il2CppClass<System.Collections.Generic.ICollection`1<T>>	2	System.Collections.Generic.ICollection`1::Add	0x06002EBB	RUNTIME_DISPATCH		UNRESOLVED	INVOKER_THROUGH_METHOD:METADATA_USAGE:DISPATCH_PATH_NOT_RECOVERED
LayerMaskExtension::IncludesAll	CALL	v446 @ X19_v6 (System.Collections.Generic.IEnumerator`1<System.Int32>)	[v409 @ X22_v5 (Il2CppClass<System.IDisposable>)]	0	System.IDisposable::Dispose	0x0600079F	RUNTIME_DISPATCH		EXACT	lookup(receiver, interface class, slot) reaches the dispatch pointer; slot = Il2CppMethodDefinition.slot
LayerMaskExtension::IncludesAll	CALL	v206 @ X19_v4 (System.Collections.Generic.IEnumerator`1<System.Int32>)	[v166 @ X22_v3 (Il2CppClass<System.IDisposable>)]	0	System.IDisposable::Dispose	0x0600079F	RUNTIME_DISPATCH		EXACT	lookup(receiver, interface class, slot) reaches the dispatch pointer; slot = Il2CppMethodDefinition.slot
LayerMaskExtension::IncludesAny	CALL	v492 @ X19_v7 (System.Collections.Generic.IEnumerator`1<System.Int32>)	[v470 @ X22_v6 (Il2CppClass<System.IDisposable>)]	0	System.IDisposable::Dispose	0x0600079F	RUNTIME_DISPATCH		EXACT	lookup(receiver, interface class, slot) reaches the dispatch pointer; slot = Il2CppMethodDefinition.slot
LayerMaskExtension::IncludesAny	CALL	v206 @ X19_v5 (System.Collections.Generic.IEnumerator`1<System.Int32>)	[v166 @ X22_v4 (Il2CppClass<System.IDisposable>)]	0	System.IDisposable::Dispose	0x0600079F	RUNTIME_DISPATCH		EXACT	lookup(receiver, interface class, slot) reaches the dispatch pointer; slot = Il2CppMethodDefinition.slot
SlicedFilledImage+SetPropertyUtility::SetStruct	CALL	Type: Il2CppMethodInfo	newValue @ X1 (T)	methodInfo @ X2 (Il2CppMethodInfo)			RUNTIME_DISPATCH		UNRESOLVED	TWO_LOADS_OTHER:UNKNOWN_CLASS_SOURCE:CLASS_NOT_AN_INTERFACE_POINTER
Mono.Security.X509.PKCS12::get_Keys	CALL	v736 @ X0_v9 (System.Collections.ArrayList)	[v94 @ X23_v4 (Il2CppClass<System.IDisposable>)]	0	System.IDisposable::Dispose	0x0600079F	RUNTIME_DISPATCH		EXACT	lookup(receiver, interface class, slot) reaches the dispatch pointer; slot = Il2CppMethodDefinition.slot
Mono.Security.X509.PKCS12::get_Certificates	CALL	v544 @ X0_v8 (System.Collections.IEnumerator)	[v318 @ X24_v5 (Il2CppClass<System.IDisposable>)]	0	System.IDisposable::Dispose	0x0600079F	RUNTIME_DISPATCH		EXACT	lookup(receiver, interface class, slot) reaches the dispatch pointer; slot = Il2CppMethodDefinition.slot
Mono.Security.X509.PKCS12::get_Certificates	CALL	v487 @ X0_v20	[v318 @ X24_v5 (Il2CppClass<System.IDisposable>)]	0	System.IDisposable::Dispose	0x0600079F	RUNTIME_DISPATCH		EXACT	lookup(receiver, interface class, slot) reaches the dispatch pointer; slot = Il2CppMethodDefinition.slot
Mono.Security.X509.PKCS12::GetExistingParameters	CALL	v228 @ X0_v6 (System.Security.Cryptography.DSAParameters)	[v156 @ X24_v1 (Il2CppClass<System.IDisposable>)]	0	System.IDisposable::Dispose	0x0600079F	RUNTIME_DISPATCH		EXACT	lookup(receiver, interface class, slot) reaches the dispatch pointer; slot = Il2CppMethodDefinition.slot
Mono.Security.X509.PKCS12::GetExistingParameters	CALL	v236 @ X0_v18	[v155 @ X24_v3 (Il2CppClass<System.IDisposable>)]	0	System.IDisposable::Dispose	0x0600079F	RUNTIME_DISPATCH		EXACT	lookup(receiver, interface class, slot) reaches the dispatch pointer; slot = Il2CppMethodDefinition.slot
Mono.Security.X509.PKCS12::RemoveCertificate	CALL	v709 @ X19_v16 (System.Collections.IDictionary)	[v706 @ X20_v18 (Il2CppClass<System.Collections.IDictionary>)]	0	System.Collections.IDictionary::get_Item	0x06002BBD	RUNTIME_DISPATCH		EXACT	lookup(receiver, interface class, slot) reaches the dispatch pointer; slot = Il2CppMethodDefinition.slot
Mono.Security.X509.X509Chain::FindCertificateParent	CALL	v193 @ X0_v6 (Mono.Security.X509.X509CertificateCollection+X509CertificateEnumerator)	[v112 @ X23_v2 (Il2CppClass<System.IDisposable>)]	0	System.IDisposable::Dispose	0x0600079F	RUNTIME_DISPATCH		EXACT	lookup(receiver, interface class, slot) reaches the dispatch pointer; slot = Il2CppMethodDefinition.slot
Mono.Security.X509.X509Chain::FindCertificateParent	CALL	v196 @ X0_v19	[v111 @ X23_v4 (Il2CppClass<System.IDisposable>)]	0	System.IDisposable::Dispose	0x0600079F	RUNTIME_DISPATCH		EXACT	lookup(receiver, interface class, slot) reaches the dispatch pointer; slot = Il2CppMethodDefinition.slot
Mono.Security.Authenticode.AuthenticodeDeformatter::VerifyCounterSignature	CALL	v1801 @ X0_v4 (System.IDisposable)	[v193 @ X29_v2 (Il2CppClass<System.IDisposable>)]	0	System.IDisposable::Dispose	0x0600079F	RUNTIME_DISPATCH		EXACT	lookup(receiver, interface class, slot) reaches the dispatch pointer; slot = Il2CppMethodDefinition.slot
Mono.Security.Authenticode.AuthenticodeDeformatter::VerifyCounterSignature	CALL	v1865 @ X0_v46 (System.IDisposable)	[v427 @ X26_v6 (Il2CppClass<System.IDisposable>)]	0	System.IDisposable::Dispose	0x0600079F	RUNTIME_DISPATCH		EXACT	lookup(receiver, interface class, slot) reaches the dispatch pointer; slot = Il2CppMethodDefinition.slot
Mono.Security.Authenticode.AuthenticodeDeformatter::VerifyCounterSignature	CALL	v1724 @ X0_v59 (System.IDisposable)	[v445 @ X29_v3 (Il2CppClass<System.IDisposable>)]	0	System.IDisposable::Dispose	0x0600079F	RUNTIME_DISPATCH		EXACT	lookup(receiver, interface class, slot) reaches the dispatch pointer; slot = Il2CppMethodDefinition.slot
Cysharp.Threading.Tasks.TaskPool`1::TryPop	CALL	v24 @ X21_v3 (T)	v121 @ X1_v4 (Il2CppClass<Cysharp.Threading.Tasks.ITaskPoolNode`1<T>>)	0	Cysharp.Threading.Tasks.ITaskPoolNode`1::get_NextNode	0x0600002D	RUNTIME_DISPATCH	T	EXACT	lookup(receiver, interface class, slot) reaches the dispatch pointer; slot = Il2CppMethodDefinition.slot
Cysharp.Threading.Tasks.TaskPool`1::TryPush	CALL	item @ X1 (T)	v196 @ X1_v5 (Il2CppClass<Cysharp.Threading.Tasks.ITaskPoolNode`1<T>>)	0	Cysharp.Threading.Tasks.ITaskPoolNode`1::get_NextNode	0x0600002D	RUNTIME_DISPATCH	T	EXACT	lookup(receiver, interface class, slot) reaches the dispatch pointer; slot = Il2CppMethodDefinition.slot
Cysharp.Threading.Tasks.TriggerEvent`1::SetResult	CALL	v149 @ X24_v5 (Cysharp.Threading.Tasks.ITriggerHandler`1<T>)	v248 @ X1_v12	0			RUNTIME_DISPATCH		UNRESOLVED	METHOD_POINTER:UNKNOWN_CLASS_SOURCE:CLASS_NOT_AN_INTERFACE_POINTER
Cysharp.Threading.Tasks.TriggerEvent`1::SetResult	CALL	v149 @ X24_v5 (Cysharp.Threading.Tasks.ITriggerHandler`1<T>)	v379 @ X1_v20	4			RUNTIME_DISPATCH		UNRESOLVED	METHOD_POINTER:UNKNOWN_CLASS_SOURCE:CLASS_NOT_AN_INTERFACE_POINTER
Cysharp.Threading.Tasks.TriggerEvent`1::SetResult	CALL	v149 @ X24_v5 (Cysharp.Threading.Tasks.ITriggerHandler`1<T>)	v371 @ X1_v15	4			RUNTIME_DISPATCH		UNRESOLVED	METHOD_POINTER:UNKNOWN_CLASS_SOURCE:CLASS_NOT_AN_INTERFACE_POINTER
Cysharp.Threading.Tasks.TriggerEvent`1::Add	CALL	v44 @ X22_v15 (Cysharp.Threading.Tasks.ITriggerHandler`1<T>)	v188 @ X1_v37 (Il2CppClass<Cysharp.Threading.Tasks.ITriggerHandler`1<T>>)	2	Cysharp.Threading.Tasks.ITriggerHandler`1::get_Prev	0x06000033	RUNTIME_DISPATCH	T	EXACT	lookup(receiver, interface class, slot) reaches the dispatch pointer; slot = Il2CppMethodDefinition.slot
Cysharp.Threading.Tasks.TriggerEvent`1::Add	CALL	v16 @ X22_v2 (Cysharp.Threading.Tasks.ITriggerHandler`1<T>)	v177 @ X1_v15 (Il2CppClass<Cysharp.Threading.Tasks.ITriggerHandler`1<T>>)	2	Cysharp.Threading.Tasks.ITriggerHandler`1::get_Prev	0x06000033	RUNTIME_DISPATCH	T	EXACT	lookup(receiver, interface class, slot) reaches the dispatch pointer; slot = Il2CppMethodDefinition.slot
Cysharp.Threading.Tasks.TriggerEvent`1::Add	CALL	v231 @ X23_v12 (Cysharp.Threading.Tasks.ITriggerHandler`1<T>)	v427 @ X1_v40 (Il2CppClass<Cysharp.Threading.Tasks.ITriggerHandler`1<T>>)	3	Cysharp.Threading.Tasks.ITriggerHandler`1::set_Prev	0x06000034	RUNTIME_DISPATCH	T	EXACT	lookup(receiver, interface class, slot) reaches the dispatch pointer; slot = Il2CppMethodDefinition.slot
Cysharp.Threading.Tasks.TriggerEvent`1::Add	CALL	v288 @ X0_v95 (Cysharp.Threading.Tasks.ITriggerHandler`1<T>)	v609 @ X1_v50 (Il2CppClass<Cysharp.Threading.Tasks.ITriggerHandler`1<T>>)	5	Cysharp.Threading.Tasks.ITriggerHandler`1::set_Next	0x06000036	RUNTIME_DISPATCH	T	EXACT	lookup(receiver, interface class, slot) reaches the dispatch pointer; slot = Il2CppMethodDefinition.slot
Cysharp.Threading.Tasks.TriggerEvent`1::Add	CALL	v294 @ X22_v17 (Cysharp.Threading.Tasks.ITriggerHandler`1<T>)	v691 @ X1_v43 (Il2CppClass<Cysharp.Threading.Tasks.ITriggerHandler`1<T>>)	5	Cysharp.Threading.Tasks.ITriggerHandler`1::set_Next	0x06000036	RUNTIME_DISPATCH	T	EXACT	lookup(receiver, interface class, slot) reaches the dispatch pointer; slot = Il2CppMethodDefinition.slot
Cysharp.Threading.Tasks.TriggerEvent`1::Add	CALL	v232 @ X23_v11 (Cysharp.Threading.Tasks.ITriggerHandler`1<T>)	v419 @ X1_v18 (Il2CppClass<Cysharp.Threading.Tasks.ITriggerHandler`1<T>>)	3	Cysharp.Threading.Tasks.ITriggerHandler`1::set_Prev	0x06000034	RUNTIME_DISPATCH	T	EXACT	lookup(receiver, interface class, slot) reaches the dispatch pointer; slot = Il2CppMethodDefinition.slot
Cysharp.Threading.Tasks.TriggerEvent`1::Add	CALL	v289 @ X0_v35 (Cysharp.Threading.Tasks.ITriggerHandler`1<T>)	v593 @ X1_v28 (Il2CppClass<Cysharp.Threading.Tasks.ITriggerHandler`1<T>>)	5	Cysharp.Threading.Tasks.ITriggerHandler`1::set_Next	0x06000036	RUNTIME_DISPATCH	T	EXACT	lookup(receiver, interface class, slot) reaches the dispatch pointer; slot = Il2CppMethodDefinition.slot
Cysharp.Threading.Tasks.TriggerEvent`1::Add	CALL	v295 @ X22_v14 (Cysharp.Threading.Tasks.ITriggerHandler`1<T>)	v654 @ X1_v21 (Il2CppClass<Cysharp.Threading.Tasks.ITriggerHandler`1<T>>)	5	Cysharp.Threading.Tasks.ITriggerHandler`1::set_Next	0x06000036	RUNTIME_DISPATCH	T	EXACT	lookup(receiver, interface class, slot) reaches the dispatch pointer; slot = Il2CppMethodDefinition.slot
Cysharp.Threading.Tasks.TriggerEvent`1::Add	TAIL	handler @ X1 (Cysharp.Threading.Tasks.ITriggerHandler`1<T>)	v1147 @ X1_v11 (Il2CppClass<Cysharp.Threading.Tasks.ITriggerHandler`1<T>>)	3	Cysharp.Threading.Tasks.ITriggerHandler`1::set_Prev	0x06000034	RUNTIME_DISPATCH	T	EXACT	lookup(receiver, interface class, slot) reaches the dispatch pointer; slot = Il2CppMethodDefinition.slot
Cysharp.Threading.Tasks.TriggerEvent`1::Remove	CALL	handler @ X1 (Cysharp.Threading.Tasks.ITriggerHandler`1<T>)	v168 @ X1_v5 (Il2CppClass<Cysharp.Threading.Tasks.ITriggerHandler`1<T>>)	2	Cysharp.Threading.Tasks.ITriggerHandler`1::get_Prev	0x06000033	RUNTIME_DISPATCH	T	EXACT	lookup(receiver, interface class, slot) reaches the dispatch pointer; slot = Il2CppMethodDefinition.slot
Cysharp.Threading.Tasks.TriggerEvent`1::Remove	CALL	handler @ X1 (Cysharp.Threading.Tasks.ITriggerHandler`1<T>)	v334 @ X1_v8 (Il2CppClass<Cysharp.Threading.Tasks.ITriggerHandler`1<T>>)	4	Cysharp.Threading.Tasks.ITriggerHandler`1::get_Next	0x06000035	RUNTIME_DISPATCH	T	EXACT	lookup(receiver, interface class, slot) reaches the dispatch pointer; slot = Il2CppMethodDefinition.slot
Cysharp.Threading.Tasks.TriggerEvent`1::Remove	CALL	v415 @ X0_v23 (Cysharp.Threading.Tasks.ITriggerHandler`1<T>)	v492 @ X1_v52 (Il2CppClass<Cysharp.Threading.Tasks.ITriggerHandler`1<T>>)	3	Cysharp.Threading.Tasks.ITriggerHandler`1::set_Prev	0x06000034	RUNTIME_DISPATCH	T	EXACT	lookup(receiver, interface class, slot) reaches the dispatch pointer; slot = Il2CppMethodDefinition.slot
Cysharp.Threading.Tasks.TriggerEvent`1::Remove	CALL	v315 @ X0_v18 (Cysharp.Threading.Tasks.ITriggerHandler`1<T>)	v668 @ X1_v48 (Il2CppClass<Cysharp.Threading.Tasks.ITriggerHandler`1<T>>)	5	Cysharp.Threading.Tasks.ITriggerHandler`1::set_Next	0x06000036	RUNTIME_DISPATCH	T	EXACT	lookup(receiver, interface class, slot) reaches the dispatch pointer; slot = Il2CppMethodDefinition.slot
Cysharp.Threading.Tasks.TriggerEvent`1::Remove	CALL	v580 @ X23_v3 (Cysharp.Threading.Tasks.ITriggerHandler`1<T>)	v762 @ X1_v38 (Il2CppClass<Cysharp.Threading.Tasks.ITriggerHandler`1<T>>)	2	Cysharp.Threading.Tasks.ITriggerHandler`1::get_Prev	0x06000033	RUNTIME_DISPATCH	T	EXACT	lookup(receiver, interface class, slot) reaches the dispatch pointer; slot = Il2CppMethodDefinition.slot
Cysharp.Threading.Tasks.TriggerEvent`1::Remove	CALL	v654 @ X23_v5 (Cysharp.Threading.Tasks.ITriggerHandler`1<T>)	v835 @ X1_v24 (Il2CppClass<Cysharp.Threading.Tasks.ITriggerHandler`1<T>>)	2	Cysharp.Threading.Tasks.ITriggerHandler`1::get_Prev	0x06000033	RUNTIME_DISPATCH	T	EXACT	lookup(receiver, interface class, slot) reaches the dispatch pointer; slot = Il2CppMethodDefinition.slot
Cysharp.Threading.Tasks.TriggerEvent`1::Remove	CALL	v253 @ X23_v8 (Cysharp.Threading.Tasks.ITriggerHandler`1<T>)	v1139 @ X1_v27 (Il2CppClass<Cysharp.Threading.Tasks.ITriggerHandler`1<T>>)	2	Cysharp.Threading.Tasks.ITriggerHandler`1::get_Prev	0x06000033	RUNTIME_DISPATCH	T	EXACT	lookup(receiver, interface class, slot) reaches the dispatch pointer; slot = Il2CppMethodDefinition.slot
Cysharp.Threading.Tasks.TriggerEvent`1::Remove	CALL	handler @ X1 (Cysharp.Threading.Tasks.ITriggerHandler`1<T>)	v842 @ X1_v16 (Il2CppClass<Cysharp.Threading.Tasks.ITriggerHandler`1<T>>)	3	Cysharp.Threading.Tasks.ITriggerHandler`1::set_Prev	0x06000034	RUNTIME_DISPATCH	T	EXACT	lookup(receiver, interface class, slot) reaches the dispatch pointer; slot = Il2CppMethodDefinition.slot
Cysharp.Threading.Tasks.TriggerEvent`1::Remove	TAIL	handler @ X1 (Cysharp.Threading.Tasks.ITriggerHandler`1<T>)	v1077 @ X1_v19 (Il2CppClass<Cysharp.Threading.Tasks.ITriggerHandler`1<T>>)	5	Cysharp.Threading.Tasks.ITriggerHandler`1::set_Next	0x06000036	RUNTIME_DISPATCH	T	EXACT	lookup(receiver, interface class, slot) reaches the dispatch pointer; slot = Il2CppMethodDefinition.slot
Cysharp.Threading.Tasks.TriggerEvent`1::Remove	CALL	v315 @ X0_v18 (Cysharp.Threading.Tasks.ITriggerHandler`1<T>)	Type: Il2CppClass<Cysharp.Threading.Tasks.ITriggerHandler`1<T>>	3	Cysharp.Threading.Tasks.ITriggerHandler`1::set_Prev	0x06000034	RUNTIME_DISPATCH	T	EXACT	lookup(receiver, interface class, slot) reaches the dispatch pointer; slot = Il2CppMethodDefinition.slot
Cysharp.Threading.Tasks.TriggerEvent`1::Remove	CALL	v282 @ X21_v5 (Cysharp.Threading.Tasks.ITriggerHandler`1<T>)	Type: Il2CppClass<Cysharp.Threading.Tasks.ITriggerHandler`1<T>>	3	Cysharp.Threading.Tasks.ITriggerHandler`1::set_Prev	0x06000034	RUNTIME_DISPATCH	T	EXACT	lookup(receiver, interface class, slot) reaches the dispatch pointer; slot = Il2CppMethodDefinition.slot
Cysharp.Threading.Tasks.Triggers.AsyncTriggerHandler`1::Cysharp.Threading.Tasks.IUniTaskSource.GetResult	TAIL	this @ X0 (Cysharp.Threading.Tasks.Triggers.AsyncTriggerHandler`1<T>)	v36 @ X1_v2 (Il2CppClass<Cysharp.Threading.Tasks.IUniTaskSource`1<T>>)	0	Cysharp.Threading.Tasks.IUniTaskSource`1::GetResult	0x0600000D	RUNTIME_DISPATCH	T	EXACT	lookup(receiver, interface class, slot) reaches the dispatch pointer; slot = Il2CppMethodDefinition.slot
Tayx.Graphy.Ram.G_RamManager::Init	CALL	v335 @ X0_v6 (UnityEngine.Transform)	[v220 @ X24_v3 (Il2CppClass<System.IDisposable>)]	0	System.IDisposable::Dispose	0x0600079F	RUNTIME_DISPATCH		EXACT	lookup(receiver, interface class, slot) reaches the dispatch pointer; slot = Il2CppMethodDefinition.slot
Tayx.Graphy.Ram.G_RamManager::Init	CALL	v282 @ X0_v18	[v220 @ X24_v3 (Il2CppClass<System.IDisposable>)]	0	System.IDisposable::Dispose	0x0600079F	RUNTIME_DISPATCH		EXACT	lookup(receiver, interface class, slot) reaches the dispatch pointer; slot = Il2CppMethodDefinition.slot
Tayx.Graphy.Fps.G_FpsManager::Init	CALL	v340 @ X0_v6 (UnityEngine.Transform)	[v220 @ X24_v3 (Il2CppClass<System.IDisposable>)]	0	System.IDisposable::Dispose	0x0600079F	RUNTIME_DISPATCH		EXACT	lookup(receiver, interface class, slot) reaches the dispatch pointer; slot = Il2CppMethodDefinition.slot
Tayx.Graphy.Fps.G_FpsManager::Init	CALL	v285 @ X0_v18	[v220 @ X24_v3 (Il2CppClass<System.IDisposable>)]	0	System.IDisposable::Dispose	0x0600079F	RUNTIME_DISPATCH		EXACT	lookup(receiver, interface class, slot) reaches the dispatch pointer; slot = Il2CppMethodDefinition.slot
Tayx.Graphy.Audio.G_AudioManager::Init	CALL	v340 @ X0_v6 (UnityEngine.Transform)	[v220 @ X24_v3 (Il2CppClass<System.IDisposable>)]	0	System.IDisposable::Dispose	0x0600079F	RUNTIME_DISPATCH		EXACT	lookup(receiver, interface class, slot) reaches the dispatch pointer; slot = Il2CppMethodDefinition.slot
Tayx.Graphy.Audio.G_AudioManager::Init	CALL	v285 @ X0_v18	[v220 @ X24_v3 (Il2CppClass<System.IDisposable>)]	0	System.IDisposable::Dispose	0x0600079F	RUNTIME_DISPATCH		EXACT	lookup(receiver, interface class, slot) reaches the dispatch pointer; slot = Il2CppMethodDefinition.slot
MoreMountains.Tools.AIState::EnterState	CALL	v143 @ X19_v2 (System.Collections.Generic.IEnumerator`1<MoreMountains.Tools.AIAction>)	[v128 @ X22_v1 (Il2CppClass<System.IDisposable>)]	0	System.IDisposable::Dispose	0x0600079F	RUNTIME_DISPATCH		EXACT	lookup(receiver, interface class, slot) reaches the dispatch pointer; slot = Il2CppMethodDefinition.slot
MoreMountains.Tools.AIState::EnterState	CALL	v201 @ X19_v4 (System.Collections.Generic.IEnumerator`1<MoreMountains.Tools.AITransition>)	[v189 @ X22_v2 (Il2CppClass<System.IDisposable>)]	0	System.IDisposable::Dispose	0x0600079F	RUNTIME_DISPATCH		EXACT	lookup(receiver, interface class, slot) reaches the dispatch pointer; slot = Il2CppMethodDefinition.slot
MoreMountains.Tools.AIState::EnterState	CALL	v308 @ X19_v6 (System.Collections.Generic.IEnumerator`1<MoreMountains.Tools.AIAction>)	[v189 @ X22_v2 (Il2CppClass<System.IDisposable>)]	0	System.IDisposable::Dispose	0x0600079F	RUNTIME_DISPATCH		EXACT	lookup(receiver, interface class, slot) reaches the dispatch pointer; slot = Il2CppMethodDefinition.slot
MoreMountains.Tools.AIState::EnterState	CALL	v308 @ X19_v6 (System.Collections.Generic.IEnumerator`1<MoreMountains.Tools.AIAction>)	[v189 @ X22_v2 (Il2CppClass<System.IDisposable>)]	0	System.IDisposable::Dispose	0x0600079F	RUNTIME_DISPATCH		EXACT	lookup(receiver, interface class, slot) reaches the dispatch pointer; slot = Il2CppMethodDefinition.slot
MoreMountains.Tools.AIState::ExitState	CALL	v143 @ X19_v2 (System.Collections.Generic.IEnumerator`1<MoreMountains.Tools.AIAction>)	[v128 @ X22_v1 (Il2CppClass<System.IDisposable>)]	0	System.IDisposable::Dispose	0x0600079F	RUNTIME_DISPATCH		EXACT	lookup(receiver, interface class, slot) reaches the dispatch pointer; slot = Il2CppMethodDefinition.slot
MoreMountains.Tools.AIState::ExitState	CALL	v201 @ X19_v4 (System.Collections.Generic.IEnumerator`1<MoreMountains.Tools.AITransition>)	[v189 @ X22_v2 (Il2CppClass<System.IDisposable>)]	0	System.IDisposable::Dispose	0x0600079F	RUNTIME_DISPATCH		EXACT	lookup(receiver, interface class, slot) reaches the dispatch pointer; slot = Il2CppMethodDefinition.slot
MoreMountains.Tools.AIState::ExitState	CALL	v308 @ X19_v6 (System.Collections.Generic.IEnumerator`1<MoreMountains.Tools.AIAction>)	[v189 @ X22_v2 (Il2CppClass<System.IDisposable>)]	0	System.IDisposable::Dispose	0x0600079F	RUNTIME_DISPATCH		EXACT	lookup(receiver, interface class, slot) reaches the dispatch pointer; slot = Il2CppMethodDefinition.slot
MoreMountains.Tools.AIState::ExitState	CALL	v308 @ X19_v6 (System.Collections.Generic.IEnumerator`1<MoreMountains.Tools.AIAction>)	[v189 @ X22_v2 (Il2CppClass<System.IDisposable>)]	0	System.IDisposable::Dispose	0x0600079F	RUNTIME_DISPATCH		EXACT	lookup(receiver, interface class, slot) reaches the dispatch pointer; slot = Il2CppMethodDefinition.slot
MoreMountains.Tools.MMDebugMenuCommands::Help	CALL	v582 @ X19_v9 (System.Collections.Generic.IEnumerator`1<System.Reflection.MethodInfo>)	[v539 @ X25_v8 (Il2CppClass<System.IDisposable>)]	0	System.IDisposable::Dispose	0x0600079F	RUNTIME_DISPATCH		EXACT	lookup(receiver, interface class, slot) reaches the dispatch pointer; slot = Il2CppMethodDefinition.slot
MoreMountains.Tools.MMDebugMenuCommands::Help	CALL	v300 @ X19_v7 (System.Collections.Generic.IEnumerator`1<System.Reflection.MethodInfo>)	[v252 @ X25_v6 (Il2CppClass<System.IDisposable>)]	0	System.IDisposable::Dispose	0x0600079F	RUNTIME_DISPATCH		EXACT	lookup(receiver, interface class, slot) reaches the dispatch pointer; slot = Il2CppMethodDefinition.slot
MoreMountains.Tools.MMDebugMenu::FillMenu	CALL	v1321 @ X0_v12 (System.Collections.IEnumerator)	[v1729 @ X23_v10 (Il2CppClass<System.IDisposable>)]	0	System.IDisposable::Dispose	0x0600079F	RUNTIME_DISPATCH		EXACT	lookup(receiver, interface class, slot) reaches the dispatch pointer; slot = Il2CppMethodDefinition.slot
MoreMountains.Tools.MMDebugMenu::FillMenu	CALL	v1321 @ X0_v12 (System.Collections.IEnumerator)	[v1729 @ X23_v10 (Il2CppClass<System.IDisposable>)]	0	System.IDisposable::Dispose	0x0600079F	RUNTIME_DISPATCH		EXACT	lookup(receiver, interface class, slot) reaches the dispatch pointer; slot = Il2CppMethodDefinition.slot
MoreMountains.Tools.MMDebugMenu::FillMenu	CALL	v1321 @ X0_v12 (System.Collections.IEnumerator)	[v1729 @ X23_v10 (Il2CppClass<System.IDisposable>)]	0	System.IDisposable::Dispose	0x0600079F	RUNTIME_DISPATCH		EXACT	lookup(receiver, interface class, slot) reaches the dispatch pointer; slot = Il2CppMethodDefinition.slot
MoreMountains.Tools.MMDebugMenu::FillMenu	CALL	v1321 @ X0_v12 (System.Collections.IEnumerator)	[v1729 @ X23_v10 (Il2CppClass<System.IDisposable>)]	0	System.IDisposable::Dispose	0x0600079F	RUNTIME_DISPATCH		EXACT	lookup(receiver, interface class, slot) reaches the dispatch pointer; slot = Il2CppMethodDefinition.slot
MoreMountains.Tools.ListExtensions::MMSwap	CALL	list @ X0 (System.Collections.Generic.IList`1<T>)	Type: Il2CppClass<System.Collections.Generic.IList`1<T>>	0	System.Collections.Generic.IList`1::get_Item	0x06002ECC	RUNTIME_DISPATCH		UNRESOLVED	INVOKER_THROUGH_METHOD:METADATA_USAGE:DISPATCH_PATH_NOT_RECOVERED
MoreMountains.Tools.ListExtensions::MMSwap	CALL	list @ X0 (System.Collections.Generic.IList`1<T>)	Type: Il2CppClass<System.Collections.Generic.IList`1<T>>	0	System.Collections.Generic.IList`1::get_Item	0x06002ECC	RUNTIME_DISPATCH		UNRESOLVED	INVOKER_THROUGH_METHOD:METADATA_USAGE:DISPATCH_PATH_NOT_RECOVERED
MoreMountains.Tools.ListExtensions::MMSwap	CALL	list @ X0 (System.Collections.Generic.IList`1<T>)	Type: Il2CppClass<System.Collections.Generic.IList`1<T>>	1	System.Collections.Generic.IList`1::set_Item	0x06002ECD	RUNTIME_DISPATCH		UNRESOLVED	INVOKER_THROUGH_METHOD:METADATA_USAGE:DISPATCH_PATH_NOT_RECOVERED
MoreMountains.Tools.ListExtensions::MMSwap	CALL	list @ X0 (System.Collections.Generic.IList`1<T>)	Type: Il2CppClass<System.Collections.Generic.IList`1<T>>	1	System.Collections.Generic.IList`1::set_Item	0x06002ECD	RUNTIME_DISPATCH		UNRESOLVED	INVOKER_THROUGH_METHOD:METADATA_USAGE:DISPATCH_PATH_NOT_RECOVERED
MoreMountains.Tools.TransformExtensions::MMFindDeepChildBreadthFirst	CALL	v285 @ X0_v6	[v281 @ X23_v3 (Il2CppClass<System.IDisposable>)]	0	System.IDisposable::Dispose	0x0600079F	RUNTIME_DISPATCH		EXACT	lookup(receiver, interface class, slot) reaches the dispatch pointer; slot = Il2CppMethodDefinition.slot
MoreMountains.Tools.TransformExtensions::MMFindDeepChildDepthFirst	CALL	v491 @ X0_v5 (System.Collections.IEnumerator)	[v186 @ X22_v4 (Il2CppClass<System.IDisposable>)]	0	System.IDisposable::Dispose	0x0600079F	RUNTIME_DISPATCH		EXACT	lookup(receiver, interface class, slot) reaches the dispatch pointer; slot = Il2CppMethodDefinition.slot
MoreMountains.Tools.TransformExtensions::MMFindDeepChildDepthFirst	CALL	v338 @ X0_v18	[v186 @ X22_v4 (Il2CppClass<System.IDisposable>)]	0	System.IDisposable::Dispose	0x0600079F	RUNTIME_DISPATCH		EXACT	lookup(receiver, interface class, slot) reaches the dispatch pointer; slot = Il2CppMethodDefinition.slot
MoreMountains.Tools.TransformExtensions::ChangeLayersRecursively	CALL	v321 @ X0_v4 (System.Collections.IEnumerator)	[v171 @ X22_v3 (Il2CppClass<System.IDisposable>)]	0	System.IDisposable::Dispose	0x0600079F	RUNTIME_DISPATCH		EXACT	lookup(receiver, interface class, slot) reaches the dispatch pointer; slot = Il2CppMethodDefinition.slot
MoreMountains.Tools.TransformExtensions::ChangeLayersRecursively	CALL	v212 @ X0_v16	[v171 @ X22_v3 (Il2CppClass<System.IDisposable>)]	0	System.IDisposable::Dispose	0x0600079F	RUNTIME_DISPATCH		EXACT	lookup(receiver, interface class, slot) reaches the dispatch pointer; slot = Il2CppMethodDefinition.slot
MoreMountains.Tools.TransformExtensions::ChangeLayersRecursively	CALL	v337 @ X0_v4 (System.Collections.IEnumerator)	[v183 @ X21_v4 (Il2CppClass<System.IDisposable>)]	0	System.IDisposable::Dispose	0x0600079F	RUNTIME_DISPATCH		EXACT	lookup(receiver, interface class, slot) reaches the dispatch pointer; slot = Il2CppMethodDefinition.slot
MoreMountains.Tools.TransformExtensions::ChangeLayersRecursively	CALL	v244 @ X0_v16	[v183 @ X21_v4 (Il2CppClass<System.IDisposable>)]	0	System.IDisposable::Dispose	0x0600079F	RUNTIME_DISPATCH		EXACT	lookup(receiver, interface class, slot) reaches the dispatch pointer; slot = Il2CppMethodDefinition.slot
MoreMountains.Tools.MMPSBToUIConverter::ConvertToCanvas	CALL	v718 @ X0_v10 (System.Collections.IEnumerator)	[v249 @ X24_v1 (Il2CppClass<System.IDisposable>)]	0	System.IDisposable::Dispose	0x0600079F	RUNTIME_DISPATCH		EXACT	lookup(receiver, interface class, slot) reaches the dispatch pointer; slot = Il2CppMethodDefinition.slot
MoreMountains.Tools.MMPSBToUIConverter::CreateImageForChildren	CALL	v583 @ X0_v4 (System.Collections.IEnumerator)	[v308 @ X22_v1 (Il2CppClass<System.IDisposable>)]	0	System.IDisposable::Dispose	0x0600079F	RUNTIME_DISPATCH		EXACT	lookup(receiver, interface class, slot) reaches the dispatch pointer; slot = Il2CppMethodDefinition.slot
MoreMountains.Tools.MMTilemapGenerator::Generate	CALL	v200 @ X19_v3 (System.Collections.Generic.IEnumerator`1<MoreMountains.Tools.MMTilemapGeneratorLayer>)	[v198 @ X21_v4 (Il2CppClass<System.IDisposable>)]	0	System.IDisposable::Dispose	0x0600079F	RUNTIME_DISPATCH		EXACT	lookup(receiver, interface class, slot) reaches the dispatch pointer; slot = Il2CppMethodDefinition.slot
MoreMountains.Tools.MMTilemapGenerator::Generate	CALL	v200 @ X19_v3 (System.Collections.Generic.IEnumerator`1<MoreMountains.Tools.MMTilemapGeneratorLayer>)	[v198 @ X21_v4 (Il2CppClass<System.IDisposable>)]	0	System.IDisposable::Dispose	0x0600079F	RUNTIME_DISPATCH		EXACT	lookup(receiver, interface class, slot) reaches the dispatch pointer; slot = Il2CppMethodDefinition.slot
MoreMountains.Tools.MMObservable`1::set_Value	CALL	this @ X0 (MoreMountains.Tools.MMObservable`1<T>)	[v432 @ X8_v53 (Il2CppClass<MoreMountains.Tools.MMObservable`1<T>>)+80]	v76 @ X20_v1 (System.Collections.Generic.EqualityComparer`1<T>)			RUNTIME_DISPATCH		UNRESOLVED	TWO_LOADS_OTHER:UNKNOWN_CLASS_SOURCE:CLASS_NOT_AN_INTERFACE_POINTER
MoreMountains.Tools.MMAnimationCurveGenerator::GenerateAnimationCurvesAsset	CALL	v341 @ X0_v11 (MoreMountains.Tools.MMTween+MMTweenCurve)	[v241 @ X22_v5 (Il2CppClass<System.IDisposable>)]	0	System.IDisposable::Dispose	0x0600079F	RUNTIME_DISPATCH		EXACT	lookup(receiver, interface class, slot) reaches the dispatch pointer; slot = Il2CppMethodDefinition.slot
MoreMountains.Tools.MMAnimationCurveGenerator::GenerateAnimationCurvesAsset	CALL	v297 @ X0_v23	[v241 @ X22_v5 (Il2CppClass<System.IDisposable>)]	0	System.IDisposable::Dispose	0x0600079F	RUNTIME_DISPATCH		EXACT	lookup(receiver, interface class, slot) reaches the dispatch pointer; slot = Il2CppMethodDefinition.slot
MoreMountains.Tools.MMStateMachine`1::ChangeState	CALL	Type: Il2CppMethodInfo	newState @ X1 (T)	methodInfo @ X2 (Il2CppMethodInfo)			RUNTIME_DISPATCH		UNRESOLVED	TWO_LOADS_OTHER:UNKNOWN_CLASS_SOURCE:CLASS_NOT_AN_INTERFACE_POINTER
Newtonsoft.Json.Utilities.ConvertUtils::EnsureTypeAssignable	CALL	v98.CastConverters (Newtonsoft.Json.Utilities.ThreadSafeStore`2<Newtonsoft.Json.Utilities.StructMultiKey`2<System.Type, System.Type>, System.Func`2<System.Object, System.Object>>)	0	0			RUNTIME_DISPATCH		UNRESOLVED	METHOD_POINTER:UNKNOWN_CLASS_SOURCE:CLASS_NOT_AN_INTERFACE_POINTER
Newtonsoft.Json.Utilities.BidirectionalDictionary`2::Set	CALL	v14 @ X23_v1 (System.Collections.Generic.IDictionary`2<TFirst, TSecond>)	v161 @ X1_v8 (Il2CppClass<System.Collections.Generic.IDictionary`2<TFirst, TSecond>>)	6	System.Collections.Generic.IDictionary`2::TryGetValue	0x06002EC7	RUNTIME_DISPATCH	TFirst,TSecond	EXACT	lookup(receiver, interface class, slot) reaches the dispatch pointer; slot = Il2CppMethodDefinition.slot
Newtonsoft.Json.Utilities.BidirectionalDictionary`2::Set	CALL	v139 @ X23_v5 (System.Collections.Generic.IDictionary`2<TSecond, TFirst>)	v322 @ X1_v12 (Il2CppClass<System.Collections.Generic.IDictionary`2<TSecond, TFirst>>)	6	System.Collections.Generic.IDictionary`2::TryGetValue	0x06002EC7	RUNTIME_DISPATCH	TSecond,TFirst	EXACT	lookup(receiver, interface class, slot) reaches the dispatch pointer; slot = Il2CppMethodDefinition.slot
Newtonsoft.Json.Utilities.BidirectionalDictionary`2::Set	CALL	v140 @ X23_v6 (System.Collections.Generic.IDictionary`2<TFirst, TSecond>)	v467 @ X1_v16 (Il2CppClass<System.Collections.Generic.IDictionary`2<TFirst, TSecond>>)	4	System.Collections.Generic.IDictionary`2::Add	0x06002EC5	RUNTIME_DISPATCH	TFirst,TSecond	EXACT	lookup(receiver, interface class, slot) reaches the dispatch pointer; slot = Il2CppMethodDefinition.slot
Newtonsoft.Json.Utilities.BidirectionalDictionary`2::Set	CALL	v121 @ X22_v5 (System.Collections.Generic.IDictionary`2<TSecond, TFirst>)	v545 @ X1_v19 (Il2CppClass<System.Collections.Generic.IDictionary`2<TSecond, TFirst>>)	4	System.Collections.Generic.IDictionary`2::Add	0x06002EC5	RUNTIME_DISPATCH	TSecond,TFirst	EXACT	lookup(receiver, interface class, slot) reaches the dispatch pointer; slot = Il2CppMethodDefinition.slot
Newtonsoft.Json.Utilities.BidirectionalDictionary`2::TryGetByFirst	TAIL	v8 @ X21_v1 (System.Collections.Generic.IDictionary`2<TFirst, TSecond>)	v39 @ X1_v2 (Il2CppClass<System.Collections.Generic.IDictionary`2<TFirst, TSecond>>)	6	System.Collections.Generic.IDictionary`2::TryGetValue	0x06002EC7	RUNTIME_DISPATCH	TFirst,TSecond	EXACT	lookup(receiver, interface class, slot) reaches the dispatch pointer; slot = Il2CppMethodDefinition.slot
Newtonsoft.Json.Utilities.BidirectionalDictionary`2::TryGetBySecond	TAIL	v8 @ X21_v1 (System.Collections.Generic.IDictionary`2<TSecond, TFirst>)	v39 @ X1_v2 (Il2CppClass<System.Collections.Generic.IDictionary`2<TSecond, TFirst>>)	6	System.Collections.Generic.IDictionary`2::TryGetValue	0x06002EC7	RUNTIME_DISPATCH	TSecond,TFirst	EXACT	lookup(receiver, interface class, slot) reaches the dispatch pointer; slot = Il2CppMethodDefinition.slot
Newtonsoft.Json.Utilities.CollectionUtils::IsNullOrEmpty	CALL	collection @ X0 (System.Collections.Generic.ICollection`1<T>)	v45 @ X1_v3 (Il2CppClass<System.Collections.Generic.ICollection`1<T>>)	0	System.Collections.Generic.ICollection`1::get_Count	0x06002EB9	RUNTIME_DISPATCH	T	EXACT	lookup(receiver, interface class, slot) reaches the dispatch pointer; slot = Il2CppMethodDefinition.slot
Newtonsoft.Json.Utilities.CollectionUtils::AddRange	CALL	collection @ X1 (System.Collections.Generic.IEnumerable`1<T>)	v127 @ X1_v14 (Il2CppClass<System.Collections.Generic.IEnumerable`1<T>>)	0	System.Collections.Generic.IEnumerable`1::GetEnumerator	0x06002EC8	RUNTIME_DISPATCH	T	EXACT	lookup(receiver, interface class, slot) reaches the dispatch pointer; slot = Il2CppMethodDefinition.slot
Newtonsoft.Json.Utilities.CollectionUtils::AddRange	CALL	v264 @ X0_v45 (System.Collections.IEnumerator)	v480 @ X1_v20 (Il2CppClass<System.Collections.Generic.IEnumerator`1<T>>)	0	System.Collections.Generic.IEnumerator`1::get_Current	0x06002EC9	RUNTIME_DISPATCH	T	EXACT	lookup(receiver, interface class, slot) reaches the dispatch pointer; slot = Il2CppMethodDefinition.slot
Newtonsoft.Json.Utilities.CollectionUtils::AddRange	CALL	initial @ X0 (System.Collections.Generic.IList`1<T>)	v726 @ X1_v23 (Il2CppClass<System.Collections.Generic.ICollection`1<T>>)	2	System.Collections.Generic.ICollection`1::Add	0x06002EBB	RUNTIME_DISPATCH	T	EXACT	lookup(receiver, interface class, slot) reaches the dispatch pointer; slot = Il2CppMethodDefinition.slot
Newtonsoft.Json.Utilities.CollectionUtils::IndexOf	CALL	collection @ X0 (System.Collections.Generic.IEnumerable`1<T>)	v112 @ X1_v13 (Il2CppClass<System.Collections.Generic.IEnumerable`1<T>>)	0	System.Collections.Generic.IEnumerable`1::GetEnumerator	0x06002EC8	RUNTIME_DISPATCH	T	EXACT	lookup(receiver, interface class, slot) reaches the dispatch pointer; slot = Il2CppMethodDefinition.slot
Newtonsoft.Json.Utilities.CollectionUtils::IndexOf	CALL	v151 @ X0_v38 (System.Collections.IEnumerator)	v609 @ X1_v19 (Il2CppClass<System.Collections.Generic.IEnumerator`1<T>>)	0	System.Collections.Generic.IEnumerator`1::get_Current	0x06002EC9	RUNTIME_DISPATCH	T	EXACT	lookup(receiver, interface class, slot) reaches the dispatch pointer; slot = Il2CppMethodDefinition.slot
Newtonsoft.Json.Utilities.JavaScriptUtils::.cctor	CALL	v1684 @ X20_v28 (System.Collections.Generic.IEnumerator`1<System.Char>)	[v1642 @ X24_v18 (Il2CppClass<System.IDisposable>)]	0	System.IDisposable::Dispose	0x0600079F	RUNTIME_DISPATCH		EXACT	lookup(receiver, interface class, slot) reaches the dispatch pointer; slot = Il2CppMethodDefinition.slot
Newtonsoft.Json.Utilities.JavaScriptUtils::.cctor	CALL	v347 @ X0_v52	[v142 @ X25_v3 (Il2CppClass<System.Collections.Generic.IEnumerable`1<System.Char>>)]	0	System.Collections.Generic.IEnumerable`1::GetEnumerator	0x06002EC8	RUNTIME_DISPATCH	System.Char	EXACT	lookup(receiver, interface class, slot) reaches the dispatch pointer; slot = Il2CppMethodDefinition.slot
Newtonsoft.Json.Utilities.JavaScriptUtils::.cctor	CALL	v1406 @ X20_v27 (System.Collections.IEnumerator)	[v1642 @ X24_v18 (Il2CppClass<System.IDisposable>)]	0	System.IDisposable::Dispose	0x0600079F	RUNTIME_DISPATCH		EXACT	lookup(receiver, interface class, slot) reaches the dispatch pointer; slot = Il2CppMethodDefinition.slot
Newtonsoft.Json.Utilities.JavaScriptUtils::.cctor	CALL	v348 @ X0_v28	[v695 @ X25_v1 (Il2CppClass<System.Collections.Generic.IEnumerable`1<System.Char>>)]	0	System.Collections.Generic.IEnumerable`1::GetEnumerator	0x06002EC8	RUNTIME_DISPATCH	System.Char	EXACT	lookup(receiver, interface class, slot) reaches the dispatch pointer; slot = Il2CppMethodDefinition.slot
Newtonsoft.Json.Utilities.JavaScriptUtils::.cctor	CALL	v1683 @ X19_v23 (System.Collections.Generic.List`1<System.Char>)	[v693 @ X24_v1 (Il2CppClass<System.IDisposable>)]	0	System.IDisposable::Dispose	0x0600079F	RUNTIME_DISPATCH		EXACT	lookup(receiver, interface class, slot) reaches the dispatch pointer; slot = Il2CppMethodDefinition.slot
Newtonsoft.Json.Utilities.JavaScriptUtils::.cctor	CALL	v1683 @ X19_v23 (System.Collections.Generic.List`1<System.Char>)	[v693 @ X24_v1 (Il2CppClass<System.IDisposable>)]	0	System.IDisposable::Dispose	0x0600079F	RUNTIME_DISPATCH		EXACT	lookup(receiver, interface class, slot) reaches the dispatch pointer; slot = Il2CppMethodDefinition.slot
Newtonsoft.Json.Utilities.JavaScriptUtils::.cctor	CALL	0	[v1642 @ X24_v18 (Il2CppClass<System.IDisposable>)]	0	System.IDisposable::Dispose	0x0600079F	RUNTIME_DISPATCH		EXACT	lookup(receiver, interface class, slot) reaches the dispatch pointer; slot = Il2CppMethodDefinition.slot
Newtonsoft.Json.Utilities.JavaScriptUtils::.cctor	CALL	0	[v1642 @ X24_v18 (Il2CppClass<System.IDisposable>)]	0	System.IDisposable::Dispose	0x0600079F	RUNTIME_DISPATCH		EXACT	lookup(receiver, interface class, slot) reaches the dispatch pointer; slot = Il2CppMethodDefinition.slot
Newtonsoft.Json.Utilities.CollectionWrapper`1::Add	CALL	this._genericCollection (System.Collections.Generic.ICollection`1<T>)	Type: Il2CppClass<System.Collections.Generic.ICollection`1<T>>	2	System.Collections.Generic.ICollection`1::Add	0x06002EBB	RUNTIME_DISPATCH		UNRESOLVED	INVOKER_THROUGH_METHOD:METADATA_USAGE:DISPATCH_PATH_NOT_RECOVERED
Newtonsoft.Json.Utilities.CollectionWrapper`1::Clear	TAIL	v37 @ X19_v2 (System.Collections.Generic.ICollection`1<T>)	v162 @ X1_v4 (Il2CppClass<System.Collections.IList>)	v150 @ X2_v3 (System.Int32)			RUNTIME_DISPATCH		UNRESOLVED	METHOD_POINTER:TYPED_CLASS_LOCAL:SLOT_NAMES_NO_METHOD
Newtonsoft.Json.Utilities.CollectionWrapper`1::Contains	CALL	this._genericCollection (System.Collections.Generic.ICollection`1<T>)	Type: Il2CppClass<System.Collections.Generic.ICollection`1<T>>	4	System.Collections.Generic.ICollection`1::Contains	0x06002EBD	RUNTIME_DISPATCH		UNRESOLVED	INVOKER_THROUGH_METHOD:METADATA_USAGE:DISPATCH_PATH_NOT_RECOVERED
Newtonsoft.Json.Utilities.CollectionWrapper`1::CopyTo	TAIL	v171 @ X0_v6	v170 @ X1_v4 (Il2CppClass<System.Collections.ICollection>)	v158 @ X2_v3 (System.Int32)			RUNTIME_DISPATCH		UNRESOLVED	METHOD_POINTER:TYPED_CLASS_LOCAL:SLOT_NAMES_NO_METHOD
Newtonsoft.Json.Utilities.CollectionWrapper`1::get_Count	TAIL	v165 @ X0_v6	v164 @ X1_v4 (Il2CppClass<System.Collections.ICollection>)	v152 @ X2_v3 (System.Int32)			RUNTIME_DISPATCH		UNRESOLVED	METHOD_POINTER:TYPED_CLASS_LOCAL:SLOT_NAMES_NO_METHOD
Newtonsoft.Json.Utilities.CollectionWrapper`1::get_IsReadOnly	TAIL	v37 @ X19_v2 (System.Collections.Generic.ICollection`1<T>)	v162 @ X1_v4 (Il2CppClass<System.Collections.IList>)	v150 @ X2_v3 (System.Int32)			RUNTIME_DISPATCH		UNRESOLVED	METHOD_POINTER:TYPED_CLASS_LOCAL:SLOT_NAMES_NO_METHOD
Newtonsoft.Json.Utilities.CollectionWrapper`1::Remove	CALL	this._genericCollection (System.Collections.Generic.ICollection`1<T>)	Type: Il2CppClass<System.Collections.Generic.ICollection`1<T>>	6	System.Collections.Generic.ICollection`1::Remove	0x06002EBF	RUNTIME_DISPATCH		UNRESOLVED	INVOKER_THROUGH_METHOD:METADATA_USAGE:DISPATCH_PATH_NOT_RECOVERED
Newtonsoft.Json.Utilities.CollectionWrapper`1::GetEnumerator	TAIL	v39 @ X19_v2 (System.Collections.Generic.ICollection`1<T>)	v50 @ X1_v3 (Il2CppClass<System.Collections.Generic.IEnumerable`1<T>>)	0	System.Collections.Generic.IEnumerable`1::GetEnumerator	0x06002EC8	RUNTIME_DISPATCH	T	EXACT	lookup(receiver, interface class, slot) reaches the dispatch pointer; slot = Il2CppMethodDefinition.slot
Newtonsoft.Json.Utilities.ReflectionUtils::GetChildPrivateProperties	CALL	initialProperties @ X0 (System.Collections.Generic.IList`1<System.Reflection.PropertyInfo>)	v654 @ X1_v14 (Il2CppClass<System.Collections.Generic.ICollection`1<System.Reflection.PropertyInfo>>)	2	System.Collections.Generic.ICollection`1::Add	0x06002EBB	RUNTIME_DISPATCH	System.Reflection.PropertyInfo	EXACT	lookup(receiver, interface class, slot) reaches the dispatch pointer; slot = Il2CppMethodDefinition.slot
Newtonsoft.Json.Utilities.ReflectionDelegateFactory::CreateGet	TAIL	[v257 @ X8_v10+140]	v234 @ X1_v9 (Il2CppMethodInfo)	v209 @ X2_v1 (Il2CppMethodInfo)			RUNTIME_DISPATCH		UNRESOLVED	METHOD_POINTER:UNKNOWN_CLASS_SOURCE:CLASS_NOT_AN_INTERFACE_POINTER
Newtonsoft.Json.Utilities.ReflectionDelegateFactory::CreateSet	TAIL	[v170 @ X8_v7+140]	v150 @ X1_v4 (Il2CppMethodInfo)	methodInfo @ X2 (Il2CppMethodInfo)			RUNTIME_DISPATCH		UNRESOLVED	METHOD_POINTER:UNKNOWN_CLASS_SOURCE:CLASS_NOT_AN_INTERFACE_POINTER
Newtonsoft.Json.Utilities.CollectionWrapper`1::System.Collections.IList.get_IsFixedSize	TAIL	v37 @ X19_v2 (System.Collections.Generic.ICollection`1<T>)	v162 @ X1_v4 (Il2CppClass<System.Collections.IList>)	v150 @ X2_v3 (System.Int32)			RUNTIME_DISPATCH		UNRESOLVED	METHOD_POINTER:TYPED_CLASS_LOCAL:SLOT_NAMES_NO_METHOD
Newtonsoft.Json.Utilities.DictionaryWrapper`2+DictionaryEnumerator`2::get_Current	CALL	v132 @ X27_v1 (System.Collections.Generic.IEnumerator`1<System.Collections.Generic.KeyValuePair`2<TEnumeratorKey, TEnumeratorValue>>)	Type: Il2CppClass<System.Collections.Generic.IEnumerator`1<System.Collections.Generic.KeyValuePair`2<TEnumeratorKey, TEnumeratorValue>>>	0	System.Collections.Generic.IEnumerator`1::get_Current	0x06002EC9	RUNTIME_DISPATCH		UNRESOLVED	INVOKER_THROUGH_METHOD:METADATA_USAGE:DISPATCH_PATH_NOT_RECOVERED
Newtonsoft.Json.Utilities.DictionaryWrapper`2+DictionaryEnumerator`2::get_Current	CALL	v148 @ X25_v4 (System.Collections.Generic.IEnumerator`1<System.Collections.Generic.KeyValuePair`2<TEnumeratorKey, TEnumeratorValue>>)	Type: Il2CppClass<System.Collections.Generic.IEnumerator`1<System.Collections.Generic.KeyValuePair`2<TEnumeratorKey, TEnumeratorValue>>>	0	System.Collections.Generic.IEnumerator`1::get_Current	0x06002EC9	RUNTIME_DISPATCH		UNRESOLVED	INVOKER_THROUGH_METHOD:METADATA_USAGE:DISPATCH_PATH_NOT_RECOVERED
Newtonsoft.Json.Utilities.DictionaryWrapper`2::Add	CALL	this._genericDictionary (System.Collections.Generic.IDictionary`2<TKey, TValue>)	Type: Il2CppClass<System.Collections.Generic.IDictionary`2<TKey, TValue>>	4	System.Collections.Generic.IDictionary`2::Add	0x06002EC5	RUNTIME_DISPATCH		UNRESOLVED	INVOKER_THROUGH_METHOD:METADATA_USAGE:DISPATCH_PATH_NOT_RECOVERED
Newtonsoft.Json.Utilities.DictionaryWrapper`2::ContainsKey	CALL	v441 @ X0_v12 (System.Collections.Generic.IReadOnlyDictionary`2<TKey, TValue>)	v186 @ X1_v16 (Il2CppClass<System.Collections.Generic.IReadOnlyDictionary`2<TKey, TValue>>)	v415 @ X2_v6 (System.Int32)			RUNTIME_DISPATCH		UNRESOLVED	INVOKER_THROUGH_METHOD:TYPED_CLASS_LOCAL:SLOT_NAMES_NO_METHOD
Newtonsoft.Json.Utilities.DictionaryWrapper`2::Remove	CALL	v94 @ X0_v15 (System.Collections.Generic.IDictionary`2<TKey, TValue>)	Type: Il2CppClass<System.Collections.Generic.IDictionary`2<TKey, TValue>>	5	System.Collections.Generic.IDictionary`2::Remove	0x06002EC6	RUNTIME_DISPATCH		UNRESOLVED	INVOKER_THROUGH_METHOD:METADATA_USAGE:DISPATCH_PATH_NOT_RECOVERED
Newtonsoft.Json.Utilities.DictionaryWrapper`2::TryGetValue	CALL	v104 @ X0_v16 (System.Collections.Generic.IDictionary`2<TKey, TValue>)	Type: Il2CppClass<System.Collections.Generic.IDictionary`2<TKey, TValue>>	6	System.Collections.Generic.IDictionary`2::TryGetValue	0x06002EC7	RUNTIME_DISPATCH		UNRESOLVED	INVOKER_THROUGH_METHOD:METADATA_USAGE:DISPATCH_PATH_NOT_RECOVERED
Newtonsoft.Json.Utilities.DictionaryWrapper`2::get_Values	CALL	this._readOnlyDictionary (System.Collections.Generic.IReadOnlyDictionary`2<TKey, TValue>)	Type: Il2CppClass<System.Collections.Generic.IReadOnlyDictionary`2<TKey, TValue>>	3	System.Collections.Generic.IReadOnlyDictionary`2::get_Values	0x06002ED5	RUNTIME_DISPATCH	TKey,TValue	EXACT	lookup(receiver, interface class, slot) reaches the dispatch pointer; slot = Il2CppMethodDefinition.slot
Newtonsoft.Json.Utilities.DictionaryWrapper`2::get_Item	CALL	v443 @ X0_v12 (System.Collections.Generic.IReadOnlyDictionary`2<TKey, TValue>)	v201 @ X1_v17 (Il2CppClass<System.Collections.Generic.IReadOnlyDictionary`2<TKey, TValue>>)	v416 @ X2_v7 (System.Int32)			RUNTIME_DISPATCH		UNRESOLVED	INVOKER_THROUGH_METHOD:TYPED_CLASS_LOCAL:SLOT_NAMES_NO_METHOD
Newtonsoft.Json.Serialization.JsonSerializerInternalWriter::SerializeDictionary	CALL	v839 @ X0_v9 (System.Collections.IDictionaryEnumerator)	[v331 @ X25_v2 (Il2CppClass<System.IDisposable>)]	0	System.IDisposable::Dispose	0x0600079F	RUNTIME_DISPATCH		EXACT	lookup(receiver, interface class, slot) reaches the dispatch pointer; slot = Il2CppMethodDefinition.slot
Newtonsoft.Json.Utilities.DictionaryWrapper`2::set_Item	CALL	v105 @ X0_v14 (System.Collections.Generic.IDictionary`2<TKey, TValue>)	Type: Il2CppClass<System.Collections.Generic.IDictionary`2<TKey, TValue>>	1	System.Collections.Generic.IDictionary`2::set_Item	0x06002EC2	RUNTIME_DISPATCH		UNRESOLVED	INVOKER_THROUGH_METHOD:METADATA_USAGE:DISPATCH_PATH_NOT_RECOVERED
Newtonsoft.Json.Utilities.DictionaryWrapper`2::Add	CALL	v50._genericDictionary (System.Collections.Generic.IDictionary`2<TKey, TValue>)	Type: Il2CppClass<System.Collections.Generic.ICollection`1<System.Collections.Generic.KeyValuePair`2<TKey, TValue>>>	2	System.Collections.Generic.ICollection`1::Add	0x06002EBB	RUNTIME_DISPATCH		UNRESOLVED	INVOKER_THROUGH_METHOD:METADATA_USAGE:DISPATCH_PATH_NOT_RECOVERED
Newtonsoft.Json.Utilities.DictionaryWrapper`2::Clear	TAIL	v207 @ X19_v3 (System.Collections.IDictionary)	v138 @ X1_v4 (Il2CppClass<System.Collections.IDictionary>)	v118 @ X2_v3 (System.Int32)			RUNTIME_DISPATCH		UNRESOLVED	METHOD_POINTER:TYPED_CLASS_LOCAL:SLOT_NAMES_NO_METHOD
Newtonsoft.Json.Utilities.DictionaryWrapper`2::Contains	CALL	v86 @ X0_v12 (System.Collections.Generic.IDictionary`2<TKey, TValue>)	Type: Il2CppClass<System.Collections.Generic.ICollection`1<System.Collections.Generic.KeyValuePair`2<TKey, TValue>>>	4	System.Collections.Generic.ICollection`1::Contains	0x06002EBD	RUNTIME_DISPATCH		UNRESOLVED	INVOKER_THROUGH_METHOD:METADATA_USAGE:DISPATCH_PATH_NOT_RECOVERED
Newtonsoft.Json.Serialization.JsonSerializerInternalReader::CreateJToken	CALL	v425 @ X21_v4 (Newtonsoft.Json.Linq.JTokenWriter)	[v311 @ X24_v3 (Il2CppClass<System.IDisposable>)]	0	System.IDisposable::Dispose	0x0600079F	RUNTIME_DISPATCH		EXACT	lookup(receiver, interface class, slot) reaches the dispatch pointer; slot = Il2CppMethodDefinition.slot
Newtonsoft.Json.Serialization.JsonSerializerInternalReader::CreateJToken	CALL	v467 @ X0_v21 (System.Globalization.CultureInfo)	[v311 @ X24_v3 (Il2CppClass<System.IDisposable>)]	0	System.IDisposable::Dispose	0x0600079F	RUNTIME_DISPATCH		EXACT	lookup(receiver, interface class, slot) reaches the dispatch pointer; slot = Il2CppMethodDefinition.slot
Newtonsoft.Json.Linq.JEnumerable`1::GetEnumerator	CALL	v29 @ X20_v2 (System.Collections.Generic.IEnumerable`1<T>)	v73 @ X1_v3 (Il2CppClass<System.Collections.Generic.IEnumerable`1<T>>)	0	System.Collections.Generic.IEnumerable`1::GetEnumerator	0x06002EC8	RUNTIME_DISPATCH	T	EXACT	lookup(receiver, interface class, slot) reaches the dispatch pointer; slot = Il2CppMethodDefinition.slot
Newtonsoft.Json.Utilities.DictionaryWrapper`2::CopyTo	CALL	v240 @ X0_v47 (System.Collections.Generic.IDictionary`2<TKey, TValue>)	v422 @ X1_v20 (Il2CppClass<System.Collections.Generic.ICollection`1<System.Collections.Generic.KeyValuePair`2<TKey, TValue>>>)	5	System.Collections.Generic.ICollection`1::CopyTo	0x06002EBE	RUNTIME_DISPATCH	System.Collections.Generic.KeyValuePair`2<TKey, TValue>	EXACT	lookup(receiver, interface class, slot) reaches the dispatch pointer; slot = Il2CppMethodDefinition.slot
Newtonsoft.Json.Utilities.DictionaryWrapper`2::CopyTo	CALL	v541 @ X0_v13 (System.OutOfMemoryException)	[v157 @ X26_v2 (Il2CppClass<System.IDisposable>)]	0	System.IDisposable::Dispose	0x0600079F	RUNTIME_DISPATCH		EXACT	lookup(receiver, interface class, slot) reaches the dispatch pointer; slot = Il2CppMethodDefinition.slot
Newtonsoft.Json.Utilities.DictionaryWrapper`2::get_Count	TAIL	v148 @ X0_v6 (System.Collections.IDictionary)	v142 @ X1_v4 (Il2CppClass<System.Collections.ICollection>)	v122 @ X2_v3 (System.Int32)			RUNTIME_DISPATCH		UNRESOLVED	METHOD_POINTER:TYPED_CLASS_LOCAL:SLOT_NAMES_NO_METHOD
Newtonsoft.Json.Linq.JContainer::.ctor	CALL	v164 @ X19_v2 (System.Collections.Generic.IEnumerator`1<Newtonsoft.Json.Linq.JToken>)	[v172 @ X23_v2 (Il2CppClass<System.IDisposable>)]	0	System.IDisposable::Dispose	0x0600079F	RUNTIME_DISPATCH		EXACT	lookup(receiver, interface class, slot) reaches the dispatch pointer; slot = Il2CppMethodDefinition.slot
Newtonsoft.Json.Linq.JContainer::.ctor	CALL	v164 @ X19_v2 (System.Collections.Generic.IEnumerator`1<Newtonsoft.Json.Linq.JToken>)	[v172 @ X23_v2 (Il2CppClass<System.IDisposable>)]	0	System.IDisposable::Dispose	0x0600079F	RUNTIME_DISPATCH		EXACT	lookup(receiver, interface class, slot) reaches the dispatch pointer; slot = Il2CppMethodDefinition.slot
Newtonsoft.Json.Utilities.DictionaryWrapper`2::get_IsReadOnly	TAIL	v245 @ X19_v3 (System.Collections.IDictionary)	v139 @ X1_v2 (Il2CppClass<System.Collections.IDictionary>)	v119 @ X2_v1 (System.Int32)			RUNTIME_DISPATCH		UNRESOLVED	METHOD_POINTER:TYPED_CLASS_LOCAL:SLOT_NAMES_NO_METHOD
Newtonsoft.Json.Utilities.DictionaryWrapper`2::Remove	CALL	v110 @ X0_v15 (System.Collections.Generic.IDictionary`2<TKey, TValue>)	Type: Il2CppClass<System.Collections.Generic.ICollection`1<System.Collections.Generic.KeyValuePair`2<TKey, TValue>>>	6	System.Collections.Generic.ICollection`1::Remove	0x06002EBF	RUNTIME_DISPATCH		UNRESOLVED	INVOKER_THROUGH_METHOD:METADATA_USAGE:DISPATCH_PATH_NOT_RECOVERED
Newtonsoft.Json.Utilities.DictionaryWrapper`2::System.Collections.IDictionary.Add	CALL	v127 @ X0_v14 (System.Collections.Generic.IDictionary`2<TKey, TValue>)	Type: Il2CppClass<System.Collections.Generic.IDictionary`2<TKey, TValue>>	4	System.Collections.Generic.IDictionary`2::Add	0x06002EC5	RUNTIME_DISPATCH		UNRESOLVED	INVOKER_THROUGH_METHOD:METADATA_USAGE:DISPATCH_PATH_NOT_RECOVERED
Newtonsoft.Json.Utilities.DictionaryWrapper`2::System.Collections.IDictionary.get_Item	CALL	v452 @ X0_v12 (System.Collections.Generic.IReadOnlyDictionary`2<TKey, TValue>)	v267 @ X1_v18 (Il2CppClass<System.Collections.Generic.IReadOnlyDictionary`2<TKey, TValue>>)	v427 @ X2_v6 (System.Int32)			RUNTIME_DISPATCH		UNRESOLVED	INVOKER_THROUGH_METHOD:TYPED_CLASS_LOCAL:SLOT_NAMES_NO_METHOD
Newtonsoft.Json.Utilities.DictionaryWrapper`2::System.Collections.IDictionary.set_Item	CALL	v127 @ X0_v14 (System.Collections.Generic.IDictionary`2<TKey, TValue>)	Type: Il2CppClass<System.Collections.Generic.IDictionary`2<TKey, TValue>>	1	System.Collections.Generic.IDictionary`2::set_Item	0x06002EC2	RUNTIME_DISPATCH		UNRESOLVED	INVOKER_THROUGH_METHOD:METADATA_USAGE:DISPATCH_PATH_NOT_RECOVERED
Newtonsoft.Json.Utilities.DictionaryWrapper`2::System.Collections.IDictionary.GetEnumerator	CALL	v216 @ X20_v7 (System.Collections.Generic.IReadOnlyDictionary`2<TKey, TValue>)	v200 @ X1_v6 (Il2CppClass<System.Collections.Generic.IEnumerable`1<System.Collections.Generic.KeyValuePair`2<TKey, TValue>>>)	0	System.Collections.Generic.IEnumerable`1::GetEnumerator	0x06002EC8	RUNTIME_DISPATCH	System.Collections.Generic.KeyValuePair`2<TKey, TValue>	EXACT	lookup(receiver, interface class, slot) reaches the dispatch pointer; slot = Il2CppMethodDefinition.slot
Newtonsoft.Json.Linq.JContainer::ClearItems	CALL	v229 @ X21_v1 (System.Collections.Generic.IEnumerator`1<Newtonsoft.Json.Linq.JToken>)	[v227 @ X23_v1 (Il2CppClass<System.IDisposable>)]	0	System.IDisposable::Dispose	0x0600079F	RUNTIME_DISPATCH		EXACT	lookup(receiver, interface class, slot) reaches the dispatch pointer; slot = Il2CppMethodDefinition.slot
Newtonsoft.Json.Linq.JContainer::ClearItems	CALL	v228 @ X21_v4 (System.Collections.Generic.IEnumerator`1<Newtonsoft.Json.Linq.JToken>)	[v226 @ X23_v4 (Il2CppClass<System.IDisposable>)]	0	System.IDisposable::Dispose	0x0600079F	RUNTIME_DISPATCH		EXACT	lookup(receiver, interface class, slot) reaches the dispatch pointer; slot = Il2CppMethodDefinition.slot
Newtonsoft.Json.Utilities.DictionaryWrapper`2::System.Collections.IDictionary.Contains	CALL	v428 @ X0_v8 (System.Collections.Generic.IDictionary`2<TKey, TValue>)	v108 @ X1_v17 (Il2CppClass<System.Collections.Generic.IDictionary`2<TKey, TValue>>)	v403 @ X2_v4 (System.Int32)			RUNTIME_DISPATCH		UNRESOLVED	INVOKER_THROUGH_METHOD:TYPED_CLASS_LOCAL:SLOT_NAMES_NO_METHOD
Newtonsoft.Json.Utilities.DictionaryWrapper`2::Remove	CALL	v114 @ X0_v14 (System.Collections.Generic.IDictionary`2<TKey, TValue>)	Type: Il2CppClass<System.Collections.Generic.IDictionary`2<TKey, TValue>>	5	System.Collections.Generic.IDictionary`2::Remove	0x06002EC6	RUNTIME_DISPATCH		UNRESOLVED	INVOKER_THROUGH_METHOD:METADATA_USAGE:DISPATCH_PATH_NOT_RECOVERED
Newtonsoft.Json.Utilities.DictionaryWrapper`2::System.Collections.IDictionary.get_Values	TAIL	v63 @ X19_v4 (System.Collections.IDictionary)	Type: System.Collections.IDictionary	2	System.Collections.IDictionary::get_Values	0x06002BBF	RUNTIME_DISPATCH		EXACT	lookup(receiver, interface class, slot) reaches the dispatch pointer; slot = Il2CppMethodDefinition.slot
Newtonsoft.Json.Utilities.DictionaryWrapper`2::System.Collections.IDictionary.get_Values	CALL	v37 @ X20_v2 (System.Collections.Generic.IDictionary`2<TKey, TValue>)	v50 @ X1_v13 (Il2CppClass<System.Collections.Generic.IDictionary`2<TKey, TValue>>)	v329 @ X2_v2 (System.Int32)			RUNTIME_DISPATCH		UNRESOLVED	METHOD_POINTER:TYPED_CLASS_LOCAL:SLOT_NAMES_NO_METHOD
Newtonsoft.Json.Utilities.DictionaryWrapper`2::System.Collections.ICollection.CopyTo	TAIL	v100 @ X0_v16 (System.Collections.Generic.IDictionary`2<TKey, TValue>)	Type: Il2CppClass<System.Collections.Generic.ICollection`1<System.Collections.Generic.KeyValuePair`2<TKey, TValue>>>	5	System.Collections.Generic.ICollection`1::CopyTo	0x06002EBE	RUNTIME_DISPATCH	System.Collections.Generic.KeyValuePair`2<TKey, TValue>	EXACT	lookup(receiver, interface class, slot) reaches the dispatch pointer; slot = Il2CppMethodDefinition.slot
Newtonsoft.Json.Linq.JContainer::CopyItemsTo	CALL	v297 @ X0_v77 (System.Collections.Generic.IEnumerator`1<Newtonsoft.Json.Linq.JToken>)	[v382 @ X22_v4 (Il2CppClass<System.IDisposable>)]	0	System.IDisposable::Dispose	0x0600079F	RUNTIME_DISPATCH		EXACT	lookup(receiver, interface class, slot) reaches the dispatch pointer; slot = Il2CppMethodDefinition.slot
Newtonsoft.Json.Linq.JContainer::CopyItemsTo	CALL	v297 @ X0_v77 (System.Collections.Generic.IEnumerator`1<Newtonsoft.Json.Linq.JToken>)	[v382 @ X22_v4 (Il2CppClass<System.IDisposable>)]	0	System.IDisposable::Dispose	0x0600079F	RUNTIME_DISPATCH		EXACT	lookup(receiver, interface class, slot) reaches the dispatch pointer; slot = Il2CppMethodDefinition.slot
Newtonsoft.Json.Linq.JObject::System.Collections.Generic.ICollection<System.Collections.Generic.KeyValuePair<System.String,Newtonsoft.Json.Linq.JToken>>.CopyTo	CALL	v223 @ X0_v71 (System.Collections.Generic.IEnumerator`1<Newtonsoft.Json.Linq.JToken>)	[v418 @ X22_v4 (Il2CppClass<System.IDisposable>)]	0	System.IDisposable::Dispose	0x0600079F	RUNTIME_DISPATCH		EXACT	lookup(receiver, interface class, slot) reaches the dispatch pointer; slot = Il2CppMethodDefinition.slot
Newtonsoft.Json.Linq.JObject::System.Collections.Generic.ICollection<System.Collections.Generic.KeyValuePair<System.String,Newtonsoft.Json.Linq.JToken>>.CopyTo	CALL	v223 @ X0_v71 (System.Collections.Generic.IEnumerator`1<Newtonsoft.Json.Linq.JToken>)	[v418 @ X22_v4 (Il2CppClass<System.IDisposable>)]	0	System.IDisposable::Dispose	0x0600079F	RUNTIME_DISPATCH		EXACT	lookup(receiver, interface class, slot) reaches the dispatch pointer; slot = Il2CppMethodDefinition.slot
<>f__AnonymousType0`2::Equals	CALL	Type: Il2CppMethodInfo	value @ X1 (System.Object)	methodInfo @ X2 (Il2CppMethodInfo)			RUNTIME_DISPATCH		UNRESOLVED	TWO_LOADS_OTHER:UNKNOWN_CLASS_SOURCE:CLASS_NOT_AN_INTERFACE_POINTER
<>f__AnonymousType0`2::GetHashCode	CALL	Type: Il2CppMethodInfo	methodInfo @ X1 (Il2CppMethodInfo)	v15 @ X2			RUNTIME_DISPATCH		UNRESOLVED	TWO_LOADS_OTHER:UNKNOWN_CLASS_SOURCE:CLASS_NOT_AN_INTERFACE_POINTER
ES3::LoadAudio	CALL	v285 @ X0_v95 (UnityEngine.Networking.UnityWebRequest)	[v572 @ X23_v9 (Il2CppClass<System.IDisposable>)]	0	System.IDisposable::Dispose	0x0600079F	RUNTIME_DISPATCH		EXACT	lookup(receiver, interface class, slot) reaches the dispatch pointer; slot = Il2CppMethodDefinition.slot
Newtonsoft.Json.Converters.DataSetConverter::WriteJson	CALL	v551 @ X0_v4 (System.Data.DataSet)	[v384 @ X25_v5 (Il2CppClass<System.IDisposable>)]	0	System.IDisposable::Dispose	0x0600079F	RUNTIME_DISPATCH		EXACT	lookup(receiver, interface class, slot) reaches the dispatch pointer; slot = Il2CppMethodDefinition.slot
Newtonsoft.Json.Converters.DataSetConverter::WriteJson	CALL	v503 @ X0_v18	[v384 @ X25_v5 (Il2CppClass<System.IDisposable>)]	0	System.IDisposable::Dispose	0x0600079F	RUNTIME_DISPATCH		EXACT	lookup(receiver, interface class, slot) reaches the dispatch pointer; slot = Il2CppMethodDefinition.slot
Newtonsoft.Json.Converters.DataTableConverter::WriteJson	CALL	v1077 @ X0_v4 (System.Data.DataTable)	[v262 @ X26_v1 (Il2CppClass<System.IDisposable>)]	0	System.IDisposable::Dispose	0x0600079F	RUNTIME_DISPATCH		EXACT	lookup(receiver, interface class, slot) reaches the dispatch pointer; slot = Il2CppMethodDefinition.slot
Newtonsoft.Json.Serialization.JsonSerializerInternalReader::CreateObjectUsingCreatorWithParameters	CALL	v2069 @ X0_v89 (System.IDisposable)	Type: System.IDisposable	0	System.IDisposable::Dispose	0x0600079F	RUNTIME_DISPATCH		EXACT	lookup(receiver, interface class, slot) reaches the dispatch pointer; slot = Il2CppMethodDefinition.slot
Newtonsoft.Json.Serialization.JsonSerializerInternalReader::CreateObjectUsingCreatorWithParameters	CALL	v4097 @ X0_v55 (System.IDisposable)	Type: System.IDisposable	0	System.IDisposable::Dispose	0x0600079F	RUNTIME_DISPATCH		EXACT	lookup(receiver, interface class, slot) reaches the dispatch pointer; slot = Il2CppMethodDefinition.slot
ES3File::Sync	CALL	v409 @ X19_v7 (ES3Writer)	[v404 @ X24_v5 (Il2CppClass<System.IDisposable>)]	0	System.IDisposable::Dispose	0x0600079F	RUNTIME_DISPATCH		EXACT	lookup(receiver, interface class, slot) reaches the dispatch pointer; slot = Il2CppMethodDefinition.slot
ES3File::Sync	CALL	v409 @ X19_v7 (ES3Writer)	[v404 @ X24_v5 (Il2CppClass<System.IDisposable>)]	0	System.IDisposable::Dispose	0x0600079F	RUNTIME_DISPATCH		EXACT	lookup(receiver, interface class, slot) reaches the dispatch pointer; slot = Il2CppMethodDefinition.slot
Newtonsoft.Json.Serialization.JsonSerializerInternalReader::CreateObjectUsingCreatorWithParameters	CALL	v4515 @ X27_v66 (Newtonsoft.Json.Utilities.IWrappedCollection)	[v5125 @ X21_v68 (Il2CppClass<System.Collections.IList>)]	6	System.Collections.IList::get_IsFixedSize	0x06002BD5	RUNTIME_DISPATCH		UNRESOLVED	METHOD_POINTER:UNKNOWN_CLASS_SOURCE:LOOKUPS_DISAGREE_OR_LATE
Newtonsoft.Json.Serialization.JsonSerializerInternalReader::CreateObjectUsingCreatorWithParameters	CALL	v4515 @ X27_v66 (Newtonsoft.Json.Utilities.IWrappedCollection)	[v5125 @ X21_v68 (Il2CppClass<System.Collections.IList>)]	6	System.Collections.IList::get_IsFixedSize	0x06002BD5	RUNTIME_DISPATCH		UNRESOLVED	METHOD_POINTER:UNKNOWN_CLASS_SOURCE:LOOKUPS_DISAGREE_OR_LATE
ES3Writer::Merge	CALL	v410 @ X0_v4 (System.Collections.IEnumerator)	[v208 @ X23_v3 (Il2CppClass<System.IDisposable>)]	0	System.IDisposable::Dispose	0x0600079F	RUNTIME_DISPATCH		EXACT	lookup(receiver, interface class, slot) reaches the dispatch pointer; slot = Il2CppMethodDefinition.slot
ES3Writer::Merge	CALL	v354 @ X0_v16	[v208 @ X23_v3 (Il2CppClass<System.IDisposable>)]	0	System.IDisposable::Dispose	0x0600079F	RUNTIME_DISPATCH		EXACT	lookup(receiver, interface class, slot) reaches the dispatch pointer; slot = Il2CppMethodDefinition.slot
ES3Types.ES3Type_Random::ReadObject	CALL	v544 @ X0_v4 (System.Random)	[v267 @ X22_v1 (Il2CppClass<System.IDisposable>)]	0	System.IDisposable::Dispose	0x0600079F	RUNTIME_DISPATCH		EXACT	lookup(receiver, interface class, slot) reaches the dispatch pointer; slot = Il2CppMethodDefinition.slot
ES3File::GetBytes	CALL	v1379 @ X20_v23 (ES3Writer)	[v1339 @ X24_v16 (Il2CppClass<System.IDisposable>)]	0	System.IDisposable::Dispose	0x0600079F	RUNTIME_DISPATCH		EXACT	lookup(receiver, interface class, slot) reaches the dispatch pointer; slot = Il2CppMethodDefinition.slot
ES3File::GetBytes	CALL	v1379 @ X20_v23 (ES3Writer)	[v1339 @ X24_v16 (Il2CppClass<System.IDisposable>)]	0	System.IDisposable::Dispose	0x0600079F	RUNTIME_DISPATCH		EXACT	lookup(receiver, interface class, slot) reaches the dispatch pointer; slot = Il2CppMethodDefinition.slot
ES3File::GetBytes	CALL	v1379 @ X20_v23 (ES3Writer)	[v1339 @ X24_v16 (Il2CppClass<System.IDisposable>)]	0	System.IDisposable::Dispose	0x0600079F	RUNTIME_DISPATCH		EXACT	lookup(receiver, interface class, slot) reaches the dispatch pointer; slot = Il2CppMethodDefinition.slot
ES3File::GetBytes	CALL	v1379 @ X20_v23 (ES3Writer)	[v1339 @ X24_v16 (Il2CppClass<System.IDisposable>)]	0	System.IDisposable::Dispose	0x0600079F	RUNTIME_DISPATCH		EXACT	lookup(receiver, interface class, slot) reaches the dispatch pointer; slot = Il2CppMethodDefinition.slot
ES3Types.ES3ArrayType::ReadInto	CALL	v619 @ X0_v4 (System.Object)	[v328 @ X27_v1 (Il2CppClass<System.IDisposable>)]	0	System.IDisposable::Dispose	0x0600079F	RUNTIME_DISPATCH		EXACT	lookup(receiver, interface class, slot) reaches the dispatch pointer; slot = Il2CppMethodDefinition.slot
ES3Types.ES3ArrayType::ReadInto	CALL	v64 @ X0_v69 (System.Collections.IList)	[v364 @ X25_v1 (Il2CppClass<System.Collections.ICollection>)]	1	System.Collections.ICollection::get_Count	0x06002BB9	RUNTIME_DISPATCH		EXACT	lookup(receiver, interface class, slot) reaches the dispatch pointer; slot = Il2CppMethodDefinition.slot
ES3Types.ES3CollectionType::ReadICollection	CALL	collection @ X2 (System.Collections.Generic.ICollection`1<T>)	v229 @ X1_v11 (Il2CppClass<System.Collections.Generic.ICollection`1<T>>)	2	System.Collections.Generic.ICollection`1::Add	0x06002EBB	RUNTIME_DISPATCH	T	EXACT	lookup(receiver, interface class, slot) reaches the dispatch pointer; slot = Il2CppMethodDefinition.slot
ES3Types.ES3CollectionType::ReadICollectionInto	CALL	v552 @ X0_v4 (System.Collections.IEnumerator)	[v295 @ X26_v1 (Il2CppClass<System.IDisposable>)]	0	System.IDisposable::Dispose	0x0600079F	RUNTIME_DISPATCH		EXACT	lookup(receiver, interface class, slot) reaches the dispatch pointer; slot = Il2CppMethodDefinition.slot
ES3Types.ES3CollectionType::ReadICollectionInto	CALL	collection @ X2 (System.Collections.ICollection)	[v293 @ X25_v1 (Il2CppClass<System.Collections.ICollection>)]	1	System.Collections.ICollection::get_Count	0x06002BB9	RUNTIME_DISPATCH		EXACT	lookup(receiver, interface class, slot) reaches the dispatch pointer; slot = Il2CppMethodDefinition.slot
ES3Types.ES3DictionaryType::Write	CALL	v510 @ X0_v4 (System.Collections.IDictionary)	[v255 @ X26_v3 (Il2CppClass<System.IDisposable>)]	0	System.IDisposable::Dispose	0x0600079F	RUNTIME_DISPATCH		EXACT	lookup(receiver, interface class, slot) reaches the dispatch pointer; slot = Il2CppMethodDefinition.slot
ES3Types.ES3DictionaryType::Write	CALL	v396 @ X0_v16	[v255 @ X26_v3 (Il2CppClass<System.IDisposable>)]	0	System.IDisposable::Dispose	0x0600079F	RUNTIME_DISPATCH		EXACT	lookup(receiver, interface class, slot) reaches the dispatch pointer; slot = Il2CppMethodDefinition.slot
ES3Types.ES3Type_CapsuleCollider::ReadComponent	CALL	v889 @ X0_v4 (UnityEngine.CapsuleCollider)	[v331 @ X22_v1 (Il2CppClass<System.IDisposable>)]	0	System.IDisposable::Dispose	0x0600079F	RUNTIME_DISPATCH		EXACT	lookup(receiver, interface class, slot) reaches the dispatch pointer; slot = Il2CppMethodDefinition.slot
ES3Types.ES3Type_EventSystem::ReadComponent	CALL	v294 @ X0_v4 (System.Collections.IEnumerator)	[v113 @ X21_v1 (Il2CppClass<System.IDisposable>)]	0	System.IDisposable::Dispose	0x0600079F	RUNTIME_DISPATCH		EXACT	lookup(receiver, interface class, slot) reaches the dispatch pointer; slot = Il2CppMethodDefinition.slot
ES3Types.ES3Type_EventSystem::ReadComponent	CALL	v239 @ X0_v16	[v112 @ X21_v3 (Il2CppClass<System.IDisposable>)]	0	System.IDisposable::Dispose	0x0600079F	RUNTIME_DISPATCH		EXACT	lookup(receiver, interface class, slot) reaches the dispatch pointer; slot = Il2CppMethodDefinition.slot
ES3Types.ES3HashSetType::Write	CALL	v1044 @ X0_v4 (System.Object)	[v796 @ X25_v6 (Il2CppClass<System.IDisposable>)]	0	System.IDisposable::Dispose	0x0600079F	RUNTIME_DISPATCH		EXACT	lookup(receiver, interface class, slot) reaches the dispatch pointer; slot = Il2CppMethodDefinition.slot
ES3Types.ES3HashSetType::Write	CALL	v835 @ X22_v8 (System.Collections.IEnumerable)	[v825 @ X27_v6 (Il2CppClass<System.Collections.IEnumerable>)]	0	System.Collections.IEnumerable::GetEnumerator	0x06002BC9	RUNTIME_DISPATCH		EXACT	lookup(receiver, interface class, slot) reaches the dispatch pointer; slot = Il2CppMethodDefinition.slot
ES3Types.ES3HashSetType::Write	CALL	v827 @ X0_v8 (System.Collections.IEnumerable)	[v797 @ X26_v6 (Il2CppClass<System.Collections.IEnumerator>)]	0	System.Collections.IEnumerator::MoveNext	0x06002BCA	RUNTIME_DISPATCH		EXACT	lookup(receiver, interface class, slot) reaches the dispatch pointer; slot = Il2CppMethodDefinition.slot
ES3Types.ES3HashSetType::Write	CALL	v827 @ X0_v8 (System.Collections.IEnumerable)	[v797 @ X26_v6 (Il2CppClass<System.Collections.IEnumerator>)]	1	System.Collections.IEnumerator::get_Current	0x06002BCB	RUNTIME_DISPATCH		EXACT	lookup(receiver, interface class, slot) reaches the dispatch pointer; slot = Il2CppMethodDefinition.slot
ES3Types.ES3HashSetType::Write	CALL	v567 @ X0_v40	[v796 @ X25_v6 (Il2CppClass<System.IDisposable>)]	0	System.IDisposable::Dispose	0x0600079F	RUNTIME_DISPATCH		EXACT	lookup(receiver, interface class, slot) reaches the dispatch pointer; slot = Il2CppMethodDefinition.slot
ES3Types.ES3HashSetType::Write	CALL	v993 @ X0_v63	[v796 @ X25_v6 (Il2CppClass<System.IDisposable>)]	0	System.IDisposable::Dispose	0x0600079F	RUNTIME_DISPATCH		EXACT	lookup(receiver, interface class, slot) reaches the dispatch pointer; slot = Il2CppMethodDefinition.slot
ES3Types.ES3ListType::Write	CALL	v461 @ X0_v4 (System.Object)	[v90 @ X25_v4 (Il2CppClass<System.IDisposable>)]	0	System.IDisposable::Dispose	0x0600079F	RUNTIME_DISPATCH		EXACT	lookup(receiver, interface class, slot) reaches the dispatch pointer; slot = Il2CppMethodDefinition.slot
ES3Types.ES3ListType::Write	CALL	v357 @ X0_v15	[v90 @ X25_v4 (Il2CppClass<System.IDisposable>)]	0	System.IDisposable::Dispose	0x0600079F	RUNTIME_DISPATCH		EXACT	lookup(receiver, interface class, slot) reaches the dispatch pointer; slot = Il2CppMethodDefinition.slot
ES3Types.ES3ListType::ReadInto	CALL	v484 @ X0_v4 (System.Object)	[v166 @ X27_v4 (Il2CppClass<System.IDisposable>)]	0	System.IDisposable::Dispose	0x0600079F	RUNTIME_DISPATCH		EXACT	lookup(receiver, interface class, slot) reaches the dispatch pointer; slot = Il2CppMethodDefinition.slot
ES3Types.ES3ListType::ReadInto	CALL	v428 @ X20_v2 (System.Collections.IEnumerable)	[v172 @ X26_v4 (Il2CppClass<System.Collections.ICollection>)]	1	System.Collections.ICollection::get_Count	0x06002BB9	RUNTIME_DISPATCH		EXACT	lookup(receiver, interface class, slot) reaches the dispatch pointer; slot = Il2CppMethodDefinition.slot
ES3Types.ES3ListType::ReadInto	CALL	v372 @ X0_v34	[v166 @ X27_v4 (Il2CppClass<System.IDisposable>)]	0	System.IDisposable::Dispose	0x0600079F	RUNTIME_DISPATCH		EXACT	lookup(receiver, interface class, slot) reaches the dispatch pointer; slot = Il2CppMethodDefinition.slot
ES3Types.ES3QueueType::Write	CALL	v515 @ X0_v5	[v293 @ X25_v3 (Il2CppClass<System.IDisposable>)]	0	System.IDisposable::Dispose	0x0600079F	RUNTIME_DISPATCH		EXACT	lookup(receiver, interface class, slot) reaches the dispatch pointer; slot = Il2CppMethodDefinition.slot
ES3Types.ES3QueueType::Write	CALL	v442 @ X0_v17	[v293 @ X25_v3 (Il2CppClass<System.IDisposable>)]	0	System.IDisposable::Dispose	0x0600079F	RUNTIME_DISPATCH		EXACT	lookup(receiver, interface class, slot) reaches the dispatch pointer; slot = Il2CppMethodDefinition.slot
ES3Types.ES3Type_BoxCollider::ReadComponent	CALL	v690 @ X0_v4 (UnityEngine.BoxCollider)	[v305 @ X22_v1 (Il2CppClass<System.IDisposable>)]	0	System.IDisposable::Dispose	0x0600079F	RUNTIME_DISPATCH		EXACT	lookup(receiver, interface class, slot) reaches the dispatch pointer; slot = Il2CppMethodDefinition.slot
ES3Types.ES3Type_Light::ReadComponent	CALL	v1391 @ X0_v4 (System.String)	[v365 @ X22_v1 (Il2CppClass<System.IDisposable>)]	0	System.IDisposable::Dispose	0x0600079F	RUNTIME_DISPATCH		EXACT	lookup(receiver, interface class, slot) reaches the dispatch pointer; slot = Il2CppMethodDefinition.slot
ES3Types.ES3Type_BoxCollider2D::ReadComponent	CALL	v757 @ X0_v4 (UnityEngine.BoxCollider2D)	[v583 @ X22_v1 (Il2CppClass<System.IDisposable>)]	0	System.IDisposable::Dispose	0x0600079F	RUNTIME_DISPATCH		EXACT	lookup(receiver, interface class, slot) reaches the dispatch pointer; slot = Il2CppMethodDefinition.slot
ES3Types.ES3QueueType::ReadInto	CALL	v669 @ X0_v4 (System.Object)	[v234 @ X27_v1 (Il2CppClass<System.IDisposable>)]	0	System.IDisposable::Dispose	0x0600079F	RUNTIME_DISPATCH		EXACT	lookup(receiver, interface class, slot) reaches the dispatch pointer; slot = Il2CppMethodDefinition.slot
ES3Types.ES3QueueType::ReadInto	CALL	v179 @ X0_v69 (System.Collections.ICollection)	[v270 @ X25_v1 (Il2CppClass<System.Collections.ICollection>)]	1	System.Collections.ICollection::get_Count	0x06002BB9	RUNTIME_DISPATCH		EXACT	lookup(receiver, interface class, slot) reaches the dispatch pointer; slot = Il2CppMethodDefinition.slot
ES3Types.ES3Type_Image::ReadComponent	CALL	v1167 @ X0_v4 (UnityEngine.UI.Image)	[v281 @ X22_v1 (Il2CppClass<System.IDisposable>)]	0	System.IDisposable::Dispose	0x0600079F	RUNTIME_DISPATCH		EXACT	lookup(receiver, interface class, slot) reaches the dispatch pointer; slot = Il2CppMethodDefinition.slot
ES3Types.ES3Type_Image::ReadComponent	CALL	[v2265 @ X8_v70+140]	Type: Il2CppMethodInfo	0			RUNTIME_DISPATCH		UNRESOLVED	TWO_LOADS_OTHER:UNKNOWN_CLASS_SOURCE:CLASS_NOT_AN_INTERFACE_POINTER
ES3Types.ES3Type_Image::ReadComponent	CALL	[v2265 @ X8_v70+140]	Type: Il2CppMethodInfo	0			RUNTIME_DISPATCH		UNRESOLVED	TWO_LOADS_OTHER:UNKNOWN_CLASS_SOURCE:CLASS_NOT_AN_INTERFACE_POINTER
ES3Types.ES3Type_Image::ReadComponent	CALL	[v2265 @ X8_v70+140]	Type: Il2CppMethodInfo	0			RUNTIME_DISPATCH		UNRESOLVED	TWO_LOADS_OTHER:UNKNOWN_CLASS_SOURCE:CLASS_NOT_AN_INTERFACE_POINTER
ES3Types.ES3StackType::Write	CALL	v515 @ X0_v5	[v293 @ X25_v3 (Il2CppClass<System.IDisposable>)]	0	System.IDisposable::Dispose	0x0600079F	RUNTIME_DISPATCH		EXACT	lookup(receiver, interface class, slot) reaches the dispatch pointer; slot = Il2CppMethodDefinition.slot
ES3Types.ES3StackType::Write	CALL	v442 @ X0_v17	[v293 @ X25_v3 (Il2CppClass<System.IDisposable>)]	0	System.IDisposable::Dispose	0x0600079F	RUNTIME_DISPATCH		EXACT	lookup(receiver, interface class, slot) reaches the dispatch pointer; slot = Il2CppMethodDefinition.slot
ES3Types.ES3Type_MeshCollider::ReadComponent	CALL	v683 @ X0_v4 (UnityEngine.MeshCollider)	[v295 @ X22_v1 (Il2CppClass<System.IDisposable>)]	0	System.IDisposable::Dispose	0x0600079F	RUNTIME_DISPATCH		EXACT	lookup(receiver, interface class, slot) reaches the dispatch pointer; slot = Il2CppMethodDefinition.slot
ES3Types.ES3Type_MeshFilter::ReadComponent	CALL	v431 @ X0_v4 (UnityEngine.MeshFilter)	[v118 @ X23_v4 (Il2CppClass<System.IDisposable>)]	0	System.IDisposable::Dispose	0x0600079F	RUNTIME_DISPATCH		EXACT	lookup(receiver, interface class, slot) reaches the dispatch pointer; slot = Il2CppMethodDefinition.slot
ES3Types.ES3Type_MeshFilter::ReadComponent	CALL	v310 @ X0_v16	[v118 @ X23_v4 (Il2CppClass<System.IDisposable>)]	0	System.IDisposable::Dispose	0x0600079F	RUNTIME_DISPATCH		EXACT	lookup(receiver, interface class, slot) reaches the dispatch pointer; slot = Il2CppMethodDefinition.slot
ES3Types.ES3StackType::ReadInto	CALL	v669 @ X0_v4 (System.Object)	[v234 @ X27_v1 (Il2CppClass<System.IDisposable>)]	0	System.IDisposable::Dispose	0x0600079F	RUNTIME_DISPATCH		EXACT	lookup(receiver, interface class, slot) reaches the dispatch pointer; slot = Il2CppMethodDefinition.slot
ES3Types.ES3StackType::ReadInto	CALL	v179 @ X0_v69 (System.Collections.ICollection)	[v270 @ X25_v1 (Il2CppClass<System.Collections.ICollection>)]	1	System.Collections.ICollection::get_Count	0x06002BB9	RUNTIME_DISPATCH		EXACT	lookup(receiver, interface class, slot) reaches the dispatch pointer; slot = Il2CppMethodDefinition.slot
ES3Types.ES3ObjectType::Read	TAIL	[v111 @ X8_v8+140]	v131 @ X1_v4 (Il2CppMethodInfo)	v130 @ X2_v4			RUNTIME_DISPATCH		UNRESOLVED	METHOD_POINTER:UNKNOWN_CLASS_SOURCE:CLASS_NOT_AN_INTERFACE_POINTER
ES3Types.ES3Type_MeshRenderer::ReadComponent	CALL	v1082 @ X0_v4 (UnityEngine.MeshRenderer)	[v263 @ X22_v1 (Il2CppClass<System.IDisposable>)]	0	System.IDisposable::Dispose	0x0600079F	RUNTIME_DISPATCH		EXACT	lookup(receiver, interface class, slot) reaches the dispatch pointer; slot = Il2CppMethodDefinition.slot
ES3Types.ES3Type_Camera::ReadComponent	CALL	v1660 @ X0_v4 (System.String)	[v507 @ X22_v1 (Il2CppClass<System.IDisposable>)]	0	System.IDisposable::Dispose	0x0600079F	RUNTIME_DISPATCH		EXACT	lookup(receiver, interface class, slot) reaches the dispatch pointer; slot = Il2CppMethodDefinition.slot
ES3Types.ES3Type::ReadProperties	CALL	v2124 @ X0_v110 (System.IDisposable)	Type: System.IDisposable	0	System.IDisposable::Dispose	0x0600079F	RUNTIME_DISPATCH		EXACT	lookup(receiver, interface class, slot) reaches the dispatch pointer; slot = Il2CppMethodDefinition.slot
ES3Types.ES3Type_ParticleSystem::ReadComponent	CALL	v945 @ X0_v4 (UnityEngine.ParticleSystem)	[v236 @ X22_v1 (Il2CppClass<System.IDisposable>)]	0	System.IDisposable::Dispose	0x0600079F	RUNTIME_DISPATCH		EXACT	lookup(receiver, interface class, slot) reaches the dispatch pointer; slot = Il2CppMethodDefinition.slot
ES3Types.ES3Type::ReadProperties	CALL	v3187 @ X0_v414 (System.Type)	[v445 @ X28_v55 (Il2CppClass<System.IDisposable>)]	0	System.IDisposable::Dispose	0x0600079F	RUNTIME_DISPATCH		EXACT	lookup(receiver, interface class, slot) reaches the dispatch pointer; slot = Il2CppMethodDefinition.slot
ES3Types.ES3Type::ReadProperties	CALL	v3693 @ X0_v355 (System.IDisposable)	[v2206 @ X28_v61 (Il2CppClass<System.IDisposable>)]	0	System.IDisposable::Dispose	0x0600079F	RUNTIME_DISPATCH		EXACT	lookup(receiver, interface class, slot) reaches the dispatch pointer; slot = Il2CppMethodDefinition.slot
ES3Types.ES3Type::ReadProperties	CALL	v4005 @ X0_v308 (System.IDisposable)	[v192 @ X28_v59 (Il2CppClass<System.IDisposable>)]	0	System.IDisposable::Dispose	0x0600079F	RUNTIME_DISPATCH		EXACT	lookup(receiver, interface class, slot) reaches the dispatch pointer; slot = Il2CppMethodDefinition.slot
ES3Types.ES3Type::ReadProperties	CALL	v4248 @ X0_v261	[v315 @ X28_v15 (Il2CppClass<System.IDisposable>)]	0	System.IDisposable::Dispose	0x0600079F	RUNTIME_DISPATCH		EXACT	lookup(receiver, interface class, slot) reaches the dispatch pointer; slot = Il2CppMethodDefinition.slot
ES3Types.ES3Type::ReadProperties	CALL	v1150 @ X0_v23 (System.Collections.DictionaryEntry)	[v445 @ X28_v55 (Il2CppClass<System.IDisposable>)]	0	System.IDisposable::Dispose	0x0600079F	RUNTIME_DISPATCH		EXACT	lookup(receiver, interface class, slot) reaches the dispatch pointer; slot = Il2CppMethodDefinition.slot
ES3Types.ES3Type::ReadProperties	CALL	v954 @ X0_v46 (System.IDisposable)	[v953 @ X28_v13 (Il2CppClass<System.IDisposable>)]	0	System.IDisposable::Dispose	0x0600079F	RUNTIME_DISPATCH		EXACT	lookup(receiver, interface class, slot) reaches the dispatch pointer; slot = Il2CppMethodDefinition.slot
ES3Types.ES3Type_PolygonCollider2D::ReadComponent	CALL	v808 @ X0_v4 (UnityEngine.PolygonCollider2D)	[v637 @ X22_v1 (Il2CppClass<System.IDisposable>)]	0	System.IDisposable::Dispose	0x0600079F	RUNTIME_DISPATCH		EXACT	lookup(receiver, interface class, slot) reaches the dispatch pointer; slot = Il2CppMethodDefinition.slot
ES3Types.ES3Type_RawImage::ReadComponent	CALL	v1101 @ X0_v4 (UnityEngine.UI.RawImage)	[v371 @ X22_v1 (Il2CppClass<System.IDisposable>)]	0	System.IDisposable::Dispose	0x0600079F	RUNTIME_DISPATCH		EXACT	lookup(receiver, interface class, slot) reaches the dispatch pointer; slot = Il2CppMethodDefinition.slot
ES3Types.ES3Type_RawImage::ReadComponent	CALL	[v1700 @ X8_v130+140]	Type: Il2CppMethodInfo	0			RUNTIME_DISPATCH		UNRESOLVED	TWO_LOADS_OTHER:UNKNOWN_CLASS_SOURCE:CLASS_NOT_AN_INTERFACE_POINTER
ES3Types.ES3Type_RawImage::ReadComponent	CALL	[v1700 @ X8_v130+140]	Type: Il2CppMethodInfo	0			RUNTIME_DISPATCH		UNRESOLVED	TWO_LOADS_OTHER:UNKNOWN_CLASS_SOURCE:CLASS_NOT_AN_INTERFACE_POINTER
ES3Types.ES3Type_RawImage::ReadComponent	CALL	[v1700 @ X8_v130+140]	Type: Il2CppMethodInfo	0			RUNTIME_DISPATCH		UNRESOLVED	TWO_LOADS_OTHER:UNKNOWN_CLASS_SOURCE:CLASS_NOT_AN_INTERFACE_POINTER
ES3Internal.ES3JSONReader::ReadElement	CALL	v581 @ X19_v7 (System.IO.StreamWriter)	[v623 @ X23_v5 (Il2CppClass<System.IDisposable>)]	0	System.IDisposable::Dispose	0x0600079F	RUNTIME_DISPATCH		EXACT	lookup(receiver, interface class, slot) reaches the dispatch pointer; slot = Il2CppMethodDefinition.slot
ES3Internal.ES3JSONReader::ReadElement	CALL	v581 @ X19_v7 (System.IO.StreamWriter)	[v623 @ X23_v5 (Il2CppClass<System.IDisposable>)]	0	System.IDisposable::Dispose	0x0600079F	RUNTIME_DISPATCH		EXACT	lookup(receiver, interface class, slot) reaches the dispatch pointer; slot = Il2CppMethodDefinition.slot
<>f__AnonymousType0`2::Equals	CALL	Type: Il2CppMethodInfo	value @ X1 (System.Object)	methodInfo @ X2 (Il2CppMethodInfo)			RUNTIME_DISPATCH		UNRESOLVED	TWO_LOADS_OTHER:UNKNOWN_CLASS_SOURCE:CLASS_NOT_AN_INTERFACE_POINTER
<>f__AnonymousType0`2::GetHashCode	CALL	Type: Il2CppMethodInfo	methodInfo @ X1 (Il2CppMethodInfo)	v15 @ X2			RUNTIME_DISPATCH		UNRESOLVED	TWO_LOADS_OTHER:UNKNOWN_CLASS_SOURCE:CLASS_NOT_AN_INTERFACE_POINTER
ES3Internal.AESEncryptionAlgorithm::Encrypt	CALL	v286 @ X24_v9 (System.Security.Cryptography.CryptoStream)	[v135 @ X26_v1 (Il2CppClass<System.IDisposable>)]	0	System.IDisposable::Dispose	0x0600079F	RUNTIME_DISPATCH		EXACT	lookup(receiver, interface class, slot) reaches the dispatch pointer; slot = Il2CppMethodDefinition.slot
ES3Internal.AESEncryptionAlgorithm::Encrypt	CALL	v306 @ X20_v12 (System.Security.Cryptography.ICryptoTransform)	[v135 @ X26_v1 (Il2CppClass<System.IDisposable>)]	0	System.IDisposable::Dispose	0x0600079F	RUNTIME_DISPATCH		EXACT	lookup(receiver, interface class, slot) reaches the dispatch pointer; slot = Il2CppMethodDefinition.slot
ES3Internal.AESEncryptionAlgorithm::Encrypt	CALL	v157 @ X19_v2 (System.Security.Cryptography.Aes)	[v135 @ X26_v1 (Il2CppClass<System.IDisposable>)]	0	System.IDisposable::Dispose	0x0600079F	RUNTIME_DISPATCH		EXACT	lookup(receiver, interface class, slot) reaches the dispatch pointer; slot = Il2CppMethodDefinition.slot
ES3Internal.AESEncryptionAlgorithm::Encrypt	CALL	v286 @ X24_v9 (System.Security.Cryptography.CryptoStream)	[v135 @ X26_v1 (Il2CppClass<System.IDisposable>)]	0	System.IDisposable::Dispose	0x0600079F	RUNTIME_DISPATCH		EXACT	lookup(receiver, interface class, slot) reaches the dispatch pointer; slot = Il2CppMethodDefinition.slot
ES3Internal.AESEncryptionAlgorithm::Encrypt	CALL	v306 @ X20_v12 (System.Security.Cryptography.ICryptoTransform)	[v135 @ X26_v1 (Il2CppClass<System.IDisposable>)]	0	System.IDisposable::Dispose	0x0600079F	RUNTIME_DISPATCH		EXACT	lookup(receiver, interface class, slot) reaches the dispatch pointer; slot = Il2CppMethodDefinition.slot
ES3Internal.AESEncryptionAlgorithm::Encrypt	CALL	v157 @ X19_v2 (System.Security.Cryptography.Aes)	[v135 @ X26_v1 (Il2CppClass<System.IDisposable>)]	0	System.IDisposable::Dispose	0x0600079F	RUNTIME_DISPATCH		EXACT	lookup(receiver, interface class, slot) reaches the dispatch pointer; slot = Il2CppMethodDefinition.slot
Sirenix.Serialization.BaseDataReaderWriter::set_Binder	CALL	v113 @ X20_v3	v245 @ X21_v6	v69 @ X2_v1 (Il2CppMethodInfo)			RUNTIME_DISPATCH		UNRESOLVED	METHOD_POINTER:UNKNOWN_CLASS_SOURCE:CLASS_NOT_AN_INTERFACE_POINTER
ES3Types.ES3Type_Rigidbody::ReadComponent	CALL	v1251 @ X0_v4 (UnityEngine.Rigidbody)	[v298 @ X22_v1 (Il2CppClass<System.IDisposable>)]	0	System.IDisposable::Dispose	0x0600079F	RUNTIME_DISPATCH		EXACT	lookup(receiver, interface class, slot) reaches the dispatch pointer; slot = Il2CppMethodDefinition.slot
ES3Types.ES3Type_SphereCollider::ReadComponent	CALL	v691 @ X0_v4 (UnityEngine.SphereCollider)	[v303 @ X22_v1 (Il2CppClass<System.IDisposable>)]	0	System.IDisposable::Dispose	0x0600079F	RUNTIME_DISPATCH		EXACT	lookup(receiver, interface class, slot) reaches the dispatch pointer; slot = Il2CppMethodDefinition.slot
ES3Types.ES3Type_Text::ReadComponent	CALL	v1241 @ X0_v4 (UnityEngine.UI.Text)	[v274 @ X22_v1 (Il2CppClass<System.IDisposable>)]	0	System.IDisposable::Dispose	0x0600079F	RUNTIME_DISPATCH		EXACT	lookup(receiver, interface class, slot) reaches the dispatch pointer; slot = Il2CppMethodDefinition.slot
ES3Types.ES3Type_Transform::ReadComponent	CALL	v629 @ X0_v4 (UnityEngine.Transform)	[v311 @ X22_v1 (Il2CppClass<System.IDisposable>)]	0	System.IDisposable::Dispose	0x0600079F	RUNTIME_DISPATCH		EXACT	lookup(receiver, interface class, slot) reaches the dispatch pointer; slot = Il2CppMethodDefinition.slot
ES3Types.ES3Type_AudioClip::ReadUnityObject	CALL	v438 @ X0_v4 (UnityEngine.AudioClip)	[v120 @ X23_v4 (Il2CppClass<System.IDisposable>)]	0	System.IDisposable::Dispose	0x0600079F	RUNTIME_DISPATCH		EXACT	lookup(receiver, interface class, slot) reaches the dispatch pointer; slot = Il2CppMethodDefinition.slot
ES3Types.ES3Type_AudioClip::ReadUnityObject	CALL	v316 @ X0_v16	[v120 @ X23_v4 (Il2CppClass<System.IDisposable>)]	0	System.IDisposable::Dispose	0x0600079F	RUNTIME_DISPATCH		EXACT	lookup(receiver, interface class, slot) reaches the dispatch pointer; slot = Il2CppMethodDefinition.slot
Sirenix.Serialization.MethodInfoFormatter`1::DeserializeImplementation	CALL	v1133 @ X0_v463 (Sirenix.Serialization.IFormatter`1<T>)	v2129 @ X1_v168 (Il2CppClass<Sirenix.Serialization.IFormatter`1<T>>)	1	Sirenix.Serialization.IFormatter`1::Deserialize	0x060002A2	RUNTIME_DISPATCH	T	EXACT	lookup(receiver, interface class, slot) reaches the dispatch pointer; slot = Il2CppMethodDefinition.slot
Sirenix.Serialization.MethodInfoFormatter`1::DeserializeImplementation	CALL	reader @ X2 (Sirenix.Serialization.IDataReader)	Type: Sirenix.Serialization.IDataReader	8	Sirenix.Serialization.IDataReader::get_Context	0x06000141	RUNTIME_DISPATCH		EXACT	lookup(receiver, interface class, slot) reaches the dispatch pointer; slot = Il2CppMethodDefinition.slot
ES3Types.ES3Type_AudioClip::ReadUnityObject	CALL	v552 @ X0_v4 (System.Collections.IEnumerator)	[v189 @ X23_v1 (Il2CppClass<System.IDisposable>)]	0	System.IDisposable::Dispose	0x0600079F	RUNTIME_DISPATCH		EXACT	lookup(receiver, interface class, slot) reaches the dispatch pointer; slot = Il2CppMethodDefinition.slot
Sirenix.Serialization.QueueFormatter`2::DeserializeImplementation	CALL	reader @ X2 (Sirenix.Serialization.IDataReader)	[v407 @ X25_v24 (Il2CppClass<Sirenix.Serialization.IDataReader>)]	37	Sirenix.Serialization.IDataReader::SkipEntry	0x0600015E	RUNTIME_DISPATCH		EXACT	lookup(receiver, interface class, slot) reaches the dispatch pointer; slot = Il2CppMethodDefinition.slot
Sirenix.Serialization.StackFormatter`2::DeserializeImplementation	CALL	reader @ X2 (Sirenix.Serialization.IDataReader)	[v407 @ X25_v24 (Il2CppClass<Sirenix.Serialization.IDataReader>)]	37	Sirenix.Serialization.IDataReader::SkipEntry	0x0600015E	RUNTIME_DISPATCH		EXACT	lookup(receiver, interface class, slot) reaches the dispatch pointer; slot = Il2CppMethodDefinition.slot
Sirenix.Serialization.StackFormatter`2::SerializeImplementation	CALL	v391 @ X0_v86 (Sirenix.Serialization.Utilities.Cache`1<System.Collections.Generic.List`1<TValue>>)	[v530 @ X29_v3 (Il2CppClass<System.IDisposable>)]	0	System.IDisposable::Dispose	0x0600079F	RUNTIME_DISPATCH		EXACT	lookup(receiver, interface class, slot) reaches the dispatch pointer; slot = Il2CppMethodDefinition.slot
ES3Types.ES3Type_GameObject::ReadObject	CALL	v752 @ X0_v4 (System.Collections.IEnumerator)	[v595 @ X22_v1 (Il2CppClass<System.IDisposable>)]	0	System.IDisposable::Dispose	0x0600079F	RUNTIME_DISPATCH		EXACT	lookup(receiver, interface class, slot) reaches the dispatch pointer; slot = Il2CppMethodDefinition.slot
ES3Types.ES3Type_GameObject::GetChildren	CALL	v349 @ X0_v4 (System.Collections.IEnumerator)	[v188 @ X22_v3 (Il2CppClass<System.IDisposable>)]	0	System.IDisposable::Dispose	0x0600079F	RUNTIME_DISPATCH		EXACT	lookup(receiver, interface class, slot) reaches the dispatch pointer; slot = Il2CppMethodDefinition.slot
ES3Types.ES3Type_GameObject::GetChildren	CALL	v233 @ X0_v17	[v188 @ X22_v3 (Il2CppClass<System.IDisposable>)]	0	System.IDisposable::Dispose	0x0600079F	RUNTIME_DISPATCH		EXACT	lookup(receiver, interface class, slot) reaches the dispatch pointer; slot = Il2CppMethodDefinition.slot
Sirenix.Serialization.DerivedDictionaryFormatter`3::SerializeImplementation	CALL	writer @ X2 (Sirenix.Serialization.IDataWriter)	Type: Sirenix.Serialization.IDataWriter	11	Sirenix.Serialization.IDataWriter::EndNode	0x0600016B	RUNTIME_DISPATCH		EXACT	lookup(receiver, interface class, slot) reaches the dispatch pointer; slot = Il2CppMethodDefinition.slot
Sirenix.Serialization.BinaryDataWriter::WriteStringFast	CALL	v365 @ X21_v2 (Sirenix.Serialization.Buffer`1<System.Byte>)	Type: System.IDisposable	0	System.IDisposable::Dispose	0x0600079F	RUNTIME_DISPATCH		EXACT	lookup(receiver, interface class, slot) reaches the dispatch pointer; slot = Il2CppMethodDefinition.slot
Sirenix.Serialization.DictionaryFormatter`2::DeserializeImplementation	CALL	reader @ X2 (Sirenix.Serialization.IDataReader)	[v1507 @ X20_v9 (Il2CppClass<Sirenix.Serialization.IDataReader>)]	37	Sirenix.Serialization.IDataReader::SkipEntry	0x0600015E	RUNTIME_DISPATCH		EXACT	lookup(receiver, interface class, slot) reaches the dispatch pointer; slot = Il2CppMethodDefinition.slot
Sirenix.Serialization.DictionaryFormatter`2::DeserializeImplementation	CALL	reader @ X2 (Sirenix.Serialization.IDataReader)	[v1507 @ X20_v9 (Il2CppClass<Sirenix.Serialization.IDataReader>)]	12	Sirenix.Serialization.IDataReader::ExitNode	0x06000145	RUNTIME_DISPATCH		EXACT	lookup(receiver, interface class, slot) reaches the dispatch pointer; slot = Il2CppMethodDefinition.slot
Sirenix.Serialization.DictionaryFormatter`2::DeserializeImplementation	CALL	reader @ X2 (Sirenix.Serialization.IDataReader)	[v1507 @ X20_v9 (Il2CppClass<Sirenix.Serialization.IDataReader>)]	14	Sirenix.Serialization.IDataReader::ExitArray	0x06000147	RUNTIME_DISPATCH		EXACT	lookup(receiver, interface class, slot) reaches the dispatch pointer; slot = Il2CppMethodDefinition.slot
Sirenix.Serialization.DictionaryFormatter`2::SerializeImplementation	CALL	writer @ X2 (Sirenix.Serialization.IDataWriter)	Type: Sirenix.Serialization.IDataWriter	11	Sirenix.Serialization.IDataWriter::EndNode	0x0600016B	RUNTIME_DISPATCH		EXACT	lookup(receiver, interface class, slot) reaches the dispatch pointer; slot = Il2CppMethodDefinition.slot
Sirenix.Serialization.ArrayListFormatter::DeserializeImplementation	CALL	reader @ X2 (Sirenix.Serialization.IDataReader)	[v385 @ X24_v23 (Il2CppClass<Sirenix.Serialization.IDataReader>)]	37	Sirenix.Serialization.IDataReader::SkipEntry	0x0600015E	RUNTIME_DISPATCH		EXACT	lookup(receiver, interface class, slot) reaches the dispatch pointer; slot = Il2CppMethodDefinition.slot
Sirenix.Serialization.DictionaryFormatter`2::SerializeImplementation	CALL	v1137 @ stack_-C0_v6 (System.OutOfMemoryException)	v938 @ X1_v10 (System.String)	v932 @ X2_v9 (System.Type)			RUNTIME_DISPATCH		UNRESOLVED	TWO_LOADS_OTHER:UNKNOWN_CLASS_SOURCE:CLASS_NOT_AN_INTERFACE_POINTER
Sirenix.Serialization.DictionaryFormatter`2::SerializeImplementation	CALL	v1137 @ stack_-C0_v6 (System.OutOfMemoryException)	v938 @ X1_v10 (System.String)	v932 @ X2_v9 (System.Type)			RUNTIME_DISPATCH		UNRESOLVED	TWO_LOADS_OTHER:UNKNOWN_CLASS_SOURCE:CLASS_NOT_AN_INTERFACE_POINTER
Sirenix.Serialization.DoubleLookupDictionaryFormatter`3::SerializeImplementation	CALL	writer @ X2 (Sirenix.Serialization.IDataWriter)	Type: Sirenix.Serialization.IDataWriter	11	Sirenix.Serialization.IDataWriter::EndNode	0x0600016B	RUNTIME_DISPATCH		EXACT	lookup(receiver, interface class, slot) reaches the dispatch pointer; slot = Il2CppMethodDefinition.slot
Sirenix.Serialization.ComplexTypeSerializer`1::WriteValue	CALL	v2082 @ X0_v277 (Sirenix.Serialization.IFormatter`1<T>)	Type: Il2CppClass<Sirenix.Serialization.IFormatter`1<T>>	0	Sirenix.Serialization.IFormatter`1::Serialize	0x060002A1	RUNTIME_DISPATCH		UNRESOLVED	INVOKER_THROUGH_METHOD:METADATA_USAGE:DISPATCH_PATH_NOT_RECOVERED
Sirenix.Serialization.ComplexTypeSerializer`1::WriteValue	CALL	writer @ X3 (Sirenix.Serialization.IDataWriter)	v2536 @ X1_v24 (Il2CppClass<Sirenix.Serialization.IDataWriter>)	v2516 @ X2_v25 (System.Int32)			RUNTIME_DISPATCH		UNRESOLVED	METHOD_POINTER:TYPED_CLASS_LOCAL:SLOT_NAMES_NO_METHOD
ES3Types.ES3Type_PhysicMaterial::ReadObject	CALL	v606 @ X0_v4 (UnityEngine.PhysicMaterial)	[v295 @ X22_v1 (Il2CppClass<System.IDisposable>)]	0	System.IDisposable::Dispose	0x0600079F	RUNTIME_DISPATCH		EXACT	lookup(receiver, interface class, slot) reaches the dispatch pointer; slot = Il2CppMethodDefinition.slot
ES3Types.ES3Type_PhysicsMaterial2D::ReadObject	CALL	v453 @ X0_v4 (System.String)	[v122 @ X23_v4 (Il2CppClass<System.IDisposable>)]	0	System.IDisposable::Dispose	0x0600079F	RUNTIME_DISPATCH		EXACT	lookup(receiver, interface class, slot) reaches the dispatch pointer; slot = Il2CppMethodDefinition.slot
ES3Types.ES3Type_PhysicsMaterial2D::ReadObject	CALL	v320 @ X0_v16	[v122 @ X23_v4 (Il2CppClass<System.IDisposable>)]	0	System.IDisposable::Dispose	0x0600079F	RUNTIME_DISPATCH		EXACT	lookup(receiver, interface class, slot) reaches the dispatch pointer; slot = Il2CppMethodDefinition.slot
Sirenix.Serialization.DoubleLookupDictionaryFormatter`3::DeserializeImplementation	CALL	reader @ X2 (Sirenix.Serialization.IDataReader)	[v1460 @ X20_v8 (Il2CppClass<Sirenix.Serialization.IDataReader>)]	14	Sirenix.Serialization.IDataReader::ExitArray	0x06000147	RUNTIME_DISPATCH		EXACT	lookup(receiver, interface class, slot) reaches the dispatch pointer; slot = Il2CppMethodDefinition.slot
Sirenix.Serialization.DoubleLookupDictionaryFormatter`3::DeserializeImplementation	CALL	reader @ X2 (Sirenix.Serialization.IDataReader)	[v1460 @ X20_v8 (Il2CppClass<Sirenix.Serialization.IDataReader>)]	37	Sirenix.Serialization.IDataReader::SkipEntry	0x0600015E	RUNTIME_DISPATCH		EXACT	lookup(receiver, interface class, slot) reaches the dispatch pointer; slot = Il2CppMethodDefinition.slot
Sirenix.Serialization.DoubleLookupDictionaryFormatter`3::DeserializeImplementation	CALL	reader @ X2 (Sirenix.Serialization.IDataReader)	[v1460 @ X20_v8 (Il2CppClass<Sirenix.Serialization.IDataReader>)]	12	Sirenix.Serialization.IDataReader::ExitNode	0x06000145	RUNTIME_DISPATCH		EXACT	lookup(receiver, interface class, slot) reaches the dispatch pointer; slot = Il2CppMethodDefinition.slot
Sirenix.Serialization.DoubleLookupDictionaryFormatter`3::DeserializeImplementation	CALL	reader @ X2 (Sirenix.Serialization.IDataReader)	[v1460 @ X20_v8 (Il2CppClass<Sirenix.Serialization.IDataReader>)]	14	Sirenix.Serialization.IDataReader::ExitArray	0x06000147	RUNTIME_DISPATCH		EXACT	lookup(receiver, interface class, slot) reaches the dispatch pointer; slot = Il2CppMethodDefinition.slot
Sirenix.Serialization.DictionaryKeyUtility+KeyComparer`1::Compare	CALL	v45 @ X19_v1 (System.Collections.Generic.IComparer`1<T>)	Type: Il2CppClass<System.Collections.Generic.IComparer`1<T>>	0	System.Collections.Generic.IComparer`1::Compare	0x06002EC0	RUNTIME_DISPATCH		UNRESOLVED	INVOKER_THROUGH_METHOD:METADATA_USAGE:DISPATCH_PATH_NOT_RECOVERED
ES3Types.ES3Type_RectTransform::ReadComponent	CALL	v1430 @ X0_v4 (System.Collections.IEnumerator)	[v433 @ X22_v1 (Il2CppClass<System.IDisposable>)]	0	System.IDisposable::Dispose	0x0600079F	RUNTIME_DISPATCH		EXACT	lookup(receiver, interface class, slot) reaches the dispatch pointer; slot = Il2CppMethodDefinition.slot
Sirenix.Serialization.GenericCollectionFormatter`2::DeserializeImplementation	CALL	v591 @ X25_v31 (TCollection)	v1637 @ X1_v84 (Il2CppClass<System.Collections.Generic.ICollection`1<TElement>>)	2	System.Collections.Generic.ICollection`1::Add	0x06002EBB	RUNTIME_DISPATCH	TElement	EXACT	lookup(receiver, interface class, slot) reaches the dispatch pointer; slot = Il2CppMethodDefinition.slot
Sirenix.Serialization.GenericCollectionFormatter`2::DeserializeImplementation	CALL	reader @ X2 (Sirenix.Serialization.IDataReader)	[v343 @ X20_v27 (Il2CppClass<Sirenix.Serialization.IDataReader>)]	14	Sirenix.Serialization.IDataReader::ExitArray	0x06000147	RUNTIME_DISPATCH		EXACT	lookup(receiver, interface class, slot) reaches the dispatch pointer; slot = Il2CppMethodDefinition.slot
Sirenix.Serialization.GenericCollectionFormatter`2::DeserializeImplementation	CALL	reader @ X2 (Sirenix.Serialization.IDataReader)	[v343 @ X20_v27 (Il2CppClass<Sirenix.Serialization.IDataReader>)]	37	Sirenix.Serialization.IDataReader::SkipEntry	0x0600015E	RUNTIME_DISPATCH		EXACT	lookup(receiver, interface class, slot) reaches the dispatch pointer; slot = Il2CppMethodDefinition.slot
Sirenix.Serialization.PrefabModification::ApplyListLength	CALL	v729 @ X0_v109 (System.Collections.IList)	Type: System.Collections.IList	2	System.Collections.IList::Add	0x06002BD1	RUNTIME_DISPATCH		EXACT	lookup(receiver, interface class, slot) reaches the dispatch pointer; slot = Il2CppMethodDefinition.slot
Sirenix.Serialization.GenericCollectionFormatter`2::SerializeImplementation	CALL	v128 @ X22_v15 (TCollection)	v125 @ X1_v22 (Il2CppClass<System.Collections.Generic.ICollection`1<TElement>>)	0	System.Collections.Generic.ICollection`1::get_Count	0x06002EB9	RUNTIME_DISPATCH	TElement	EXACT	lookup(receiver, interface class, slot) reaches the dispatch pointer; slot = Il2CppMethodDefinition.slot
Sirenix.Serialization.GenericCollectionFormatter`2::SerializeImplementation	CALL	v425 @ X22_v18 (TCollection)	v564 @ X1_v27 (Il2CppClass<System.Collections.Generic.IEnumerable`1<TElement>>)	0	System.Collections.Generic.IEnumerable`1::GetEnumerator	0x06002EC8	RUNTIME_DISPATCH	TElement	EXACT	lookup(receiver, interface class, slot) reaches the dispatch pointer; slot = Il2CppMethodDefinition.slot
Sirenix.Serialization.GenericCollectionFormatter`2::SerializeImplementation	CALL	v417 @ X0_v73 (System.Collections.IEnumerator)	v1149 @ X1_v33 (Il2CppClass<System.Collections.Generic.IEnumerator`1<TElement>>)	0	System.Collections.Generic.IEnumerator`1::get_Current	0x06002EC9	RUNTIME_DISPATCH	TElement	EXACT	lookup(receiver, interface class, slot) reaches the dispatch pointer; slot = Il2CppMethodDefinition.slot
Sirenix.Serialization.GenericCollectionFormatter`2::SerializeImplementation	CALL	v417 @ X0_v73 (System.Collections.IEnumerator)	[v460 @ X24_v4 (Il2CppClass<System.IDisposable>)]	0	System.IDisposable::Dispose	0x0600079F	RUNTIME_DISPATCH		EXACT	lookup(receiver, interface class, slot) reaches the dispatch pointer; slot = Il2CppMethodDefinition.slot
Sirenix.Serialization.GenericCollectionFormatter`2::SerializeImplementation	CALL	v417 @ X0_v73 (System.Collections.IEnumerator)	[v460 @ X24_v4 (Il2CppClass<System.IDisposable>)]	0	System.IDisposable::Dispose	0x0600079F	RUNTIME_DISPATCH		EXACT	lookup(receiver, interface class, slot) reaches the dispatch pointer; slot = Il2CppMethodDefinition.slot
Sirenix.Serialization.Utilities.LinqExtensions+<Append>d__2`1::MoveNext	CALL	v187 @ X24_v14	v499 @ X1_v53	0			RUNTIME_DISPATCH		UNRESOLVED	METHOD_POINTER:UNKNOWN_CLASS_SOURCE:CLASS_NOT_AN_INTERFACE_POINTER
Sirenix.Serialization.Utilities.LinqExtensions+<Append>d__2`1::MoveNext	CALL	v261 @ X22_v9	v910 @ X1_v43	0			RUNTIME_DISPATCH		UNRESOLVED	INVOKER_THROUGH_METHOD:UNKNOWN_CLASS_SOURCE:CLASS_NOT_AN_INTERFACE_POINTER
Sirenix.Serialization.Utilities.LinqExtensions+<Append>d__2`1::MoveNext	CALL	v400 @ X23_v14	v961 @ X1_v36	0			RUNTIME_DISPATCH		UNRESOLVED	METHOD_POINTER:UNKNOWN_CLASS_SOURCE:CLASS_NOT_AN_INTERFACE_POINTER
Sirenix.Serialization.Utilities.LinqExtensions+<Append>d__2`1::MoveNext	CALL	v202 @ X23_v13	v925 @ X1_v21	0			RUNTIME_DISPATCH		UNRESOLVED	INVOKER_THROUGH_METHOD:UNKNOWN_CLASS_SOURCE:CLASS_NOT_AN_INTERFACE_POINTER
Sirenix.Serialization.Utilities.LinqExtensions::ForEach	CALL	source @ X0 (System.Collections.Generic.IEnumerable`1<T>)	Type: Il2CppClass<System.Collections.Generic.IEnumerable`1<T>>	0	System.Collections.Generic.IEnumerable`1::GetEnumerator	0x06002EC8	RUNTIME_DISPATCH	T	EXACT	lookup(receiver, interface class, slot) reaches the dispatch pointer; slot = Il2CppMethodDefinition.slot
Sirenix.Serialization.Utilities.LinqExtensions::ForEach	CALL	v191 @ X0_v41 (System.Collections.IEnumerator)	Type: Il2CppClass<System.Collections.Generic.IEnumerator`1<T>>	0	System.Collections.Generic.IEnumerator`1::get_Current	0x06002EC9	RUNTIME_DISPATCH		UNRESOLVED	INVOKER_THROUGH_METHOD:METADATA_USAGE:DISPATCH_PATH_NOT_RECOVERED
Sirenix.Serialization.Utilities.TypeExtensions+<>c__35`1::<GetEqualityComparerDelegate>b__35_0	CALL	Type: Il2CppClass<System.IEquatable`1<T>>	Type: Il2CppClass<System.IEquatable`1<T>>	[v32 @ X8_v3 (Il2CppClass<T>)+FC]			RUNTIME_DISPATCH		UNRESOLVED	METHOD_POINTER:METADATA_USAGE:SLOT_NAMES_NO_METHOD
Sirenix.Serialization.Utilities.TypeExtensions+<>c__35`1::<GetEqualityComparerDelegate>b__35_1	CALL	Type: Il2CppClass<System.IEquatable`1<T>>	Type: Il2CppClass<System.IEquatable`1<T>>	[v39 @ X8_v3 (Il2CppClass<T>)+FC]			RUNTIME_DISPATCH		UNRESOLVED	METHOD_POINTER:METADATA_USAGE:SLOT_NAMES_NO_METHOD
Sirenix.Serialization.Utilities.LinqExtensions::ForEach	CALL	source @ X0 (System.Collections.Generic.IEnumerable`1<T>)	Type: Il2CppClass<System.Collections.Generic.IEnumerable`1<T>>	0	System.Collections.Generic.IEnumerable`1::GetEnumerator	0x06002EC8	RUNTIME_DISPATCH	T	EXACT	lookup(receiver, interface class, slot) reaches the dispatch pointer; slot = Il2CppMethodDefinition.slot
Sirenix.Serialization.Utilities.LinqExtensions::ForEach	CALL	v196 @ X0_v41 (System.Collections.IEnumerator)	Type: Il2CppClass<System.Collections.Generic.IEnumerator`1<T>>	0	System.Collections.Generic.IEnumerator`1::get_Current	0x06002EC9	RUNTIME_DISPATCH		UNRESOLVED	INVOKER_THROUGH_METHOD:METADATA_USAGE:DISPATCH_PATH_NOT_RECOVERED
Newtonsoft.Json.Converters.XmlNodeConverter::ReadJson	TAIL	v173 @ X0_v72 (Newtonsoft.Json.Converters.IXmlElement)	Type: Newtonsoft.Json.Converters.IXmlNode	8	Newtonsoft.Json.Converters.IXmlNode::get_WrappedNode	0x060008AA	RUNTIME_DISPATCH		EXACT	lookup(receiver, interface class, slot) reaches the dispatch pointer; slot = Il2CppMethodDefinition.slot
Sirenix.Serialization.HashSetFormatter`1::DeserializeImplementation	CALL	reader @ X2 (Sirenix.Serialization.IDataReader)	[v409 @ X24_v24 (Il2CppClass<Sirenix.Serialization.IDataReader>)]	37	Sirenix.Serialization.IDataReader::SkipEntry	0x0600015E	RUNTIME_DISPATCH		EXACT	lookup(receiver, interface class, slot) reaches the dispatch pointer; slot = Il2CppMethodDefinition.slot
Newtonsoft.Json.Converters.XmlNodeConverter::DeserializeValue	TAIL	currentNode @ X5 (Newtonsoft.Json.Converters.IXmlNode)	v626 @ X1_v6 (Il2CppClass<Newtonsoft.Json.Converters.IXmlNode>)	6	Newtonsoft.Json.Converters.IXmlNode::AppendChild	0x060008A8	RUNTIME_DISPATCH		EXACT	lookup(receiver, interface class, slot) reaches the dispatch pointer; slot = Il2CppMethodDefinition.slot
Sirenix.Serialization.Utilities.ImmutableList`1::IndexOf	CALL	v33 @ X19_v1 (System.Collections.Generic.IList`1<T>)	Type: Il2CppClass<System.Collections.Generic.IList`1<T>>	2	System.Collections.Generic.IList`1::IndexOf	0x06002ECE	RUNTIME_DISPATCH		UNRESOLVED	INVOKER_THROUGH_METHOD:METADATA_USAGE:DISPATCH_PATH_NOT_RECOVERED
Sirenix.Serialization.Utilities.ImmutableList`1::get_Item	CALL	v32 @ X22_v1 (System.Collections.Generic.IList`1<T>)	Type: Il2CppClass<System.Collections.Generic.IList`1<T>>	0	System.Collections.Generic.IList`1::get_Item	0x06002ECC	RUNTIME_DISPATCH		UNRESOLVED	INVOKER_THROUGH_METHOD:METADATA_USAGE:DISPATCH_PATH_NOT_RECOVERED
Sirenix.Serialization.Utilities.ImmutableList`1::get_Count	TAIL	v4 @ X19_v1 (System.Collections.Generic.IList`1<T>)	v33 @ X1_v2 (Il2CppClass<System.Collections.Generic.ICollection`1<T>>)	0	System.Collections.Generic.ICollection`1::get_Count	0x06002EB9	RUNTIME_DISPATCH	T	EXACT	lookup(receiver, interface class, slot) reaches the dispatch pointer; slot = Il2CppMethodDefinition.slot
Sirenix.Serialization.Utilities.ImmutableList`1::System.Collections.Generic.IList<T>.get_Item	CALL	v32 @ X22_v1 (System.Collections.Generic.IList`1<T>)	Type: Il2CppClass<System.Collections.Generic.IList`1<T>>	0	System.Collections.Generic.IList`1::get_Item	0x06002ECC	RUNTIME_DISPATCH		UNRESOLVED	INVOKER_THROUGH_METHOD:METADATA_USAGE:DISPATCH_PATH_NOT_RECOVERED
Sirenix.Serialization.Utilities.ImmutableList`1::Contains	CALL	v33 @ X19_v1 (System.Collections.Generic.IList`1<T>)	Type: Il2CppClass<System.Collections.Generic.ICollection`1<T>>	4	System.Collections.Generic.ICollection`1::Contains	0x06002EBD	RUNTIME_DISPATCH		UNRESOLVED	INVOKER_THROUGH_METHOD:METADATA_USAGE:DISPATCH_PATH_NOT_RECOVERED
Sirenix.Serialization.Utilities.ImmutableList`1::CopyTo	TAIL	v8 @ X21_v1 (System.Collections.Generic.IList`1<T>)	v39 @ X1_v2 (Il2CppClass<System.Collections.Generic.ICollection`1<T>>)	5	System.Collections.Generic.ICollection`1::CopyTo	0x06002EBE	RUNTIME_DISPATCH	T	EXACT	lookup(receiver, interface class, slot) reaches the dispatch pointer; slot = Il2CppMethodDefinition.slot
Sirenix.Serialization.Utilities.TypeExtensions::GetCastMethod	CALL	v164 @ X0_v14	[v155 @ X28_v5 (Il2CppClass<System.Collections.Generic.IEnumerable`1<System.Reflection.MethodInfo>>)]	0	System.Collections.Generic.IEnumerable`1::GetEnumerator	0x06002EC8	RUNTIME_DISPATCH	System.Reflection.MethodInfo	EXACT	lookup(receiver, interface class, slot) reaches the dispatch pointer; slot = Il2CppMethodDefinition.slot
Sirenix.Serialization.Utilities.ImmutableList`1::GetEnumerator	TAIL	v4 @ X19_v1 (System.Collections.Generic.IList`1<T>)	v33 @ X1_v2 (Il2CppClass<System.Collections.Generic.IEnumerable`1<T>>)	0	System.Collections.Generic.IEnumerable`1::GetEnumerator	0x06002EC8	RUNTIME_DISPATCH	T	EXACT	lookup(receiver, interface class, slot) reaches the dispatch pointer; slot = Il2CppMethodDefinition.slot
Sirenix.Serialization.Utilities.ImmutableList`1::System.Collections.ICollection.CopyTo	TAIL	v14 @ X20_v1 (System.Collections.Generic.IList`1<T>)	v46 @ X21_v2 (Il2CppClass<System.Collections.Generic.ICollection`1<T>>)	5	System.Collections.Generic.ICollection`1::CopyTo	0x06002EBE	RUNTIME_DISPATCH	T	EXACT	lookup(receiver, interface class, slot) reaches the dispatch pointer; slot = Il2CppMethodDefinition.slot
Sirenix.Serialization.Utilities.ImmutableList`1::System.Collections.IList.Contains	CALL	v34 @ X19_v1 (System.Collections.Generic.IList`1<T>)	Type: Il2CppClass<System.Collections.Generic.ICollection`1<T>>	4	System.Collections.Generic.ICollection`1::Contains	0x06002EBD	RUNTIME_DISPATCH		UNRESOLVED	INVOKER_THROUGH_METHOD:METADATA_USAGE:DISPATCH_PATH_NOT_RECOVERED
Sirenix.Serialization.Utilities.ImmutableList`1::System.Collections.IList.IndexOf	CALL	v34 @ X19_v1 (System.Collections.Generic.IList`1<T>)	Type: Il2CppClass<System.Collections.Generic.IList`1<T>>	2	System.Collections.Generic.IList`1::IndexOf	0x06002ECE	RUNTIME_DISPATCH		UNRESOLVED	INVOKER_THROUGH_METHOD:METADATA_USAGE:DISPATCH_PATH_NOT_RECOVERED
Newtonsoft.Json.Converters.XmlNodeConverter::CreateElement	CALL	document @ X2 (Newtonsoft.Json.Converters.IXmlDocument)	[v87 @ X29_v1 (Il2CppClass<Newtonsoft.Json.Converters.IXmlDocument>)]	1	Newtonsoft.Json.Converters.IXmlDocument::CreateTextNode	0x0600088C	RUNTIME_DISPATCH		UNRESOLVED	METHOD_POINTER:UNKNOWN_CLASS_SOURCE:LOOKUPS_DISAGREE_OR_LATE
CinemachineMixer::ProcessFrame	CALL	v210 @ X22_v5 (Cinemachine.ICameraOverrideStack)	[v220 @ X26_v5 (Il2CppClass<Cinemachine.ICameraOverrideStack>)]	0	Cinemachine.ICameraOverrideStack::SetCameraOverride	0x06000040	RUNTIME_DISPATCH		EXACT	lookup(receiver, interface class, slot) reaches the dispatch pointer; slot = Il2CppMethodDefinition.slot
Newtonsoft.Json.Converters.XmlNodeConverter::CreateElement	CALL	document @ X2 (Newtonsoft.Json.Converters.IXmlDocument)	[v87 @ X29_v1 (Il2CppClass<Newtonsoft.Json.Converters.IXmlDocument>)]	1	Newtonsoft.Json.Converters.IXmlDocument::CreateTextNode	0x0600088C	RUNTIME_DISPATCH		UNRESOLVED	METHOD_POINTER:UNKNOWN_CLASS_SOURCE:LOOKUPS_DISAGREE_OR_LATE
Sirenix.Serialization.UnitySerializationUtility::DeserializeUnityObject	CALL	v2533 @ X0_v201	v2264 @ X24_v59 (System.Boolean)	0			RUNTIME_DISPATCH		UNRESOLVED	METHOD_POINTER:CLASS_FIELD:CLASS_NOT_AN_INTERFACE_POINTER
ES3Types.ES3Type_RenderTexture::ReadObject	CALL	v1458 @ X0_v4 (UnityEngine.RenderTexture)	[v330 @ X22_v1 (Il2CppClass<System.IDisposable>)]	0	System.IDisposable::Dispose	0x0600079F	RUNTIME_DISPATCH		EXACT	lookup(receiver, interface class, slot) reaches the dispatch pointer; slot = Il2CppMethodDefinition.slot
Newtonsoft.Json.Converters.XmlNodeConverter::CreateInstruction	TAIL	currentNode @ X3 (Newtonsoft.Json.Converters.IXmlNode)	v648 @ X1_v16 (Il2CppClass<Newtonsoft.Json.Converters.IXmlNode>)	6	Newtonsoft.Json.Converters.IXmlNode::AppendChild	0x060008A8	RUNTIME_DISPATCH		EXACT	lookup(receiver, interface class, slot) reaches the dispatch pointer; slot = Il2CppMethodDefinition.slot
Sirenix.Serialization.ListFormatter`1::DeserializeImplementation	CALL	reader @ X2 (Sirenix.Serialization.IDataReader)	[v409 @ X25_v24 (Il2CppClass<Sirenix.Serialization.IDataReader>)]	37	Sirenix.Serialization.IDataReader::SkipEntry	0x0600015E	RUNTIME_DISPATCH		EXACT	lookup(receiver, interface class, slot) reaches the dispatch pointer; slot = Il2CppMethodDefinition.slot
Cinemachine.CinemachineVirtualCamera::OnDestroy	CALL	v419 @ X0_v6 (UnityEngine.Transform)	[v207 @ X23_v3 (Il2CppClass<System.IDisposable>)]	0	System.IDisposable::Dispose	0x0600079F	RUNTIME_DISPATCH		EXACT	lookup(receiver, interface class, slot) reaches the dispatch pointer; slot = Il2CppMethodDefinition.slot
Cinemachine.CinemachineVirtualCamera::OnDestroy	CALL	v361 @ X0_v19	[v207 @ X23_v3 (Il2CppClass<System.IDisposable>)]	0	System.IDisposable::Dispose	0x0600079F	RUNTIME_DISPATCH		EXACT	lookup(receiver, interface class, slot) reaches the dispatch pointer; slot = Il2CppMethodDefinition.slot
Cinemachine.CinemachineVirtualCamera::UpdateComponentPipeline	CALL	v638 @ X0_v66	[v235 @ X27_v5 (Il2CppClass<System.IDisposable>)]	0	System.IDisposable::Dispose	0x0600079F	RUNTIME_DISPATCH		EXACT	lookup(receiver, interface class, slot) reaches the dispatch pointer; slot = Il2CppMethodDefinition.slot
Cinemachine.CinemachineVirtualCamera::DestroyPipeline	CALL	v546 @ X0_v8 (System.Collections.IEnumerator)	[v300 @ X25_v4 (Il2CppClass<System.IDisposable>)]	0	System.IDisposable::Dispose	0x0600079F	RUNTIME_DISPATCH		EXACT	lookup(receiver, interface class, slot) reaches the dispatch pointer; slot = Il2CppMethodDefinition.slot
Cinemachine.CinemachineVirtualCamera::DestroyPipeline	CALL	v546 @ X0_v8 (System.Collections.IEnumerator)	[v300 @ X25_v4 (Il2CppClass<System.IDisposable>)]	0	System.IDisposable::Dispose	0x0600079F	RUNTIME_DISPATCH		EXACT	lookup(receiver, interface class, slot) reaches the dispatch pointer; slot = Il2CppMethodDefinition.slot
ES3Types.ES3Type_Shader::ReadInto	CALL	v462 @ X0_v4 (System.Collections.IEnumerator)	[v272 @ X22_v1 (Il2CppClass<System.IDisposable>)]	0	System.IDisposable::Dispose	0x0600079F	RUNTIME_DISPATCH		EXACT	lookup(receiver, interface class, slot) reaches the dispatch pointer; slot = Il2CppMethodDefinition.slot
Sirenix.Serialization.MultiDimensionalArrayFormatter`2::DeserializeImplementation	CALL	v803 @ X19_v10 (Sirenix.Serialization.IDataReader)	v790 @ X1_v14 (Il2CppClass<Sirenix.Serialization.IDataReader>)	37	Sirenix.Serialization.IDataReader::SkipEntry	0x0600015E	RUNTIME_DISPATCH		EXACT	lookup(receiver, interface class, slot) reaches the dispatch pointer; slot = Il2CppMethodDefinition.slot
Sirenix.Serialization.DerivedDictionaryFormatter`3::DeserializeImplementation	CALL	reader @ X2 (Sirenix.Serialization.IDataReader)	[v1644 @ X20_v9 (Il2CppClass<Sirenix.Serialization.IDataReader>)]	37	Sirenix.Serialization.IDataReader::SkipEntry	0x0600015E	RUNTIME_DISPATCH		EXACT	lookup(receiver, interface class, slot) reaches the dispatch pointer; slot = Il2CppMethodDefinition.slot
Sirenix.Serialization.DerivedDictionaryFormatter`3::DeserializeImplementation	CALL	reader @ X2 (Sirenix.Serialization.IDataReader)	[v1644 @ X20_v9 (Il2CppClass<Sirenix.Serialization.IDataReader>)]	12	Sirenix.Serialization.IDataReader::ExitNode	0x06000145	RUNTIME_DISPATCH		EXACT	lookup(receiver, interface class, slot) reaches the dispatch pointer; slot = Il2CppMethodDefinition.slot
Sirenix.Serialization.DerivedDictionaryFormatter`3::DeserializeImplementation	CALL	reader @ X2 (Sirenix.Serialization.IDataReader)	[v1644 @ X20_v9 (Il2CppClass<Sirenix.Serialization.IDataReader>)]	14	Sirenix.Serialization.IDataReader::ExitArray	0x06000147	RUNTIME_DISPATCH		EXACT	lookup(receiver, interface class, slot) reaches the dispatch pointer; slot = Il2CppMethodDefinition.slot
Cinemachine.CinemachineBlend::get_State	CALL	v961 @ X20_v8 (Cinemachine.ICinemachineCamera)	v957 @ X1_v8 (Il2CppClass<Cinemachine.ICinemachineCamera>)	8	Cinemachine.ICinemachineCamera::get_State	0x06000393	RUNTIME_DISPATCH		EXACT	lookup(receiver, interface class, slot) reaches the dispatch pointer; slot = Il2CppMethodDefinition.slot
Sirenix.Serialization.MultiDimensionalArrayFormatter`2::SerializeImplementation	CALL	v185 @ X19_v4 (Sirenix.Serialization.IDataWriter)	[v435 @ X26_v4 (Il2CppClass<Sirenix.Serialization.IDataWriter>)]	13	Sirenix.Serialization.IDataWriter::EndArrayNode	0x0600016D	RUNTIME_DISPATCH		EXACT	lookup(receiver, interface class, slot) reaches the dispatch pointer; slot = Il2CppMethodDefinition.slot
Sirenix.Serialization.MultiDimensionalArrayFormatter`2::SerializeImplementation	CALL	v630.writer (Sirenix.Serialization.IDataWriter)	[v435 @ X26_v4 (Il2CppClass<Sirenix.Serialization.IDataWriter>)]	13	Sirenix.Serialization.IDataWriter::EndArrayNode	0x0600016D	RUNTIME_DISPATCH		EXACT	lookup(receiver, interface class, slot) reaches the dispatch pointer; slot = Il2CppMethodDefinition.slot
Cinemachine.CinemachineImpulseDefinition::CreateStandardShapes	CALL	v1638 @ X0_v11 (System.Collections.IEnumerator)	[v1468 @ X22_v5 (Il2CppClass<System.IDisposable>)]	0	System.IDisposable::Dispose	0x0600079F	RUNTIME_DISPATCH		EXACT	lookup(receiver, interface class, slot) reaches the dispatch pointer; slot = Il2CppMethodDefinition.slot
Cinemachine.CinemachineImpulseDefinition::CreateStandardShapes	CALL	v1587 @ X0_v86	[v1468 @ X22_v5 (Il2CppClass<System.IDisposable>)]	0	System.IDisposable::Dispose	0x0600079F	RUNTIME_DISPATCH		EXACT	lookup(receiver, interface class, slot) reaches the dispatch pointer; slot = Il2CppMethodDefinition.slot
Sirenix.Serialization.ComplexTypeSerializer`1::ReadValue	CALL	v2474 @ X0_v396 (Sirenix.Serialization.IFormatter`1<T>)	Type: Il2CppClass<Sirenix.Serialization.IFormatter`1<T>>	1	Sirenix.Serialization.IFormatter`1::Deserialize	0x060002A2	RUNTIME_DISPATCH		UNRESOLVED	INVOKER_THROUGH_METHOD:METADATA_USAGE:DISPATCH_PATH_NOT_RECOVERED
Sirenix.Serialization.ComplexTypeSerializer`1::ReadValue	CALL	v3556 @ X0_v446 (Sirenix.Serialization.IFormatter`1<T>)	Type: Il2CppClass<Sirenix.Serialization.IFormatter`1<T>>	1	Sirenix.Serialization.IFormatter`1::Deserialize	0x060002A2	RUNTIME_DISPATCH		UNRESOLVED	INVOKER_THROUGH_METHOD:METADATA_USAGE:DISPATCH_PATH_NOT_RECOVERED
Sirenix.Serialization.ComplexTypeSerializer`1::ReadValue	CALL	v5163 @ X0_v570 (Sirenix.Serialization.IFormatter`1<T>)	Type: Il2CppClass<Sirenix.Serialization.IFormatter`1<T>>	1	Sirenix.Serialization.IFormatter`1::Deserialize	0x060002A2	RUNTIME_DISPATCH		UNRESOLVED	INVOKER_THROUGH_METHOD:METADATA_USAGE:DISPATCH_PATH_NOT_RECOVERED
Sirenix.Utilities.LinqExtensions+<PrependIf>d__17`1::MoveNext	CALL	v348 @ X23_v13	v522 @ X1_v28	0			RUNTIME_DISPATCH		UNRESOLVED	METHOD_POINTER:UNKNOWN_CLASS_SOURCE:CLASS_NOT_AN_INTERFACE_POINTER
Sirenix.Utilities.LinqExtensions+<PrependIf>d__17`1::MoveNext	CALL	v261 @ X23_v11	v736 @ X1_v18	0			RUNTIME_DISPATCH		UNRESOLVED	INVOKER_THROUGH_METHOD:UNKNOWN_CLASS_SOURCE:CLASS_NOT_AN_INTERFACE_POINTER
Sirenix.Utilities.LinqExtensions+<AppendWith>d__19`1::MoveNext	CALL	v138 @ X23_v11	v378 @ X1_v31	0			RUNTIME_DISPATCH		UNRESOLVED	METHOD_POINTER:UNKNOWN_CLASS_SOURCE:CLASS_NOT_AN_INTERFACE_POINTER
Sirenix.Utilities.LinqExtensions+<AppendWith>d__19`1::MoveNext	CALL	v220 @ X23_v10	v650 @ X1_v21	0			RUNTIME_DISPATCH		UNRESOLVED	INVOKER_THROUGH_METHOD:UNKNOWN_CLASS_SOURCE:CLASS_NOT_AN_INTERFACE_POINTER
Sirenix.Utilities.LinqExtensions+<PrependIf>d__14`1::MoveNext	CALL	[v18 @ X29_v1-18]	v123 @ X1_v34	4294967295			RUNTIME_DISPATCH		UNRESOLVED	TWO_LOADS_OTHER:UNKNOWN_CLASS_SOURCE:CLASS_NOT_AN_INTERFACE_POINTER
Sirenix.Utilities.LinqExtensions+<PrependIf>d__14`1::MoveNext	CALL	v372 @ X23_v12	v499 @ X1_v28	0			RUNTIME_DISPATCH		UNRESOLVED	METHOD_POINTER:UNKNOWN_CLASS_SOURCE:CLASS_NOT_AN_INTERFACE_POINTER
Sirenix.Utilities.LinqExtensions+<PrependIf>d__14`1::MoveNext	CALL	v250 @ X23_v11	v709 @ X1_v18	0			RUNTIME_DISPATCH		UNRESOLVED	INVOKER_THROUGH_METHOD:UNKNOWN_CLASS_SOURCE:CLASS_NOT_AN_INTERFACE_POINTER
Sirenix.Utilities.LinqExtensions+<AppendIf>d__22`1::MoveNext	CALL	v175 @ X23_v12	v398 @ X1_v33	0			RUNTIME_DISPATCH		UNRESOLVED	METHOD_POINTER:UNKNOWN_CLASS_SOURCE:CLASS_NOT_AN_INTERFACE_POINTER
Sirenix.Utilities.LinqExtensions+<AppendIf>d__22`1::MoveNext	CALL	v241 @ X23_v11	v670 @ X1_v23	0			RUNTIME_DISPATCH		UNRESOLVED	INVOKER_THROUGH_METHOD:UNKNOWN_CLASS_SOURCE:CLASS_NOT_AN_INTERFACE_POINTER
Sirenix.Utilities.LinqExtensions+<AppendWith>d__20`1::MoveNext	CALL	v138 @ X23_v10	v377 @ X1_v30	0			RUNTIME_DISPATCH		UNRESOLVED	METHOD_POINTER:UNKNOWN_CLASS_SOURCE:CLASS_NOT_AN_INTERFACE_POINTER
Sirenix.Utilities.LinqExtensions+<AppendWith>d__20`1::MoveNext	CALL	v219 @ X23_v9	v631 @ X1_v20	0			RUNTIME_DISPATCH		UNRESOLVED	INVOKER_THROUGH_METHOD:UNKNOWN_CLASS_SOURCE:CLASS_NOT_AN_INTERFACE_POINTER
Sirenix.Utilities.LinqExtensions+<AppendIf>d__24`1::MoveNext	CALL	v206 @ X24_v14	v517 @ X1_v54	0			RUNTIME_DISPATCH		UNRESOLVED	METHOD_POINTER:UNKNOWN_CLASS_SOURCE:CLASS_NOT_AN_INTERFACE_POINTER
Sirenix.Utilities.LinqExtensions+<AppendIf>d__24`1::MoveNext	CALL	v280 @ X22_v9	v915 @ X1_v44	0			RUNTIME_DISPATCH		UNRESOLVED	INVOKER_THROUGH_METHOD:UNKNOWN_CLASS_SOURCE:CLASS_NOT_AN_INTERFACE_POINTER
Sirenix.Utilities.LinqExtensions+<AppendIf>d__24`1::MoveNext	CALL	v418 @ X23_v14	v1060 @ X1_v37	0			RUNTIME_DISPATCH		UNRESOLVED	METHOD_POINTER:UNKNOWN_CLASS_SOURCE:CLASS_NOT_AN_INTERFACE_POINTER
Sirenix.Utilities.LinqExtensions+<AppendIf>d__24`1::MoveNext	CALL	v221 @ X23_v13	v927 @ X1_v21	0			RUNTIME_DISPATCH		UNRESOLVED	INVOKER_THROUGH_METHOD:UNKNOWN_CLASS_SOURCE:CLASS_NOT_AN_INTERFACE_POINTER
Sirenix.Utilities.LinqExtensions+<AppendIf>d__27`1::MoveNext	CALL	[v20 @ X29_v1-18]	v638 @ X1_v35	0			RUNTIME_DISPATCH		UNRESOLVED	TWO_LOADS_OTHER:UNKNOWN_CLASS_SOURCE:CLASS_NOT_AN_INTERFACE_POINTER
Sirenix.Utilities.LinqExtensions+<AppendIf>d__27`1::MoveNext	CALL	v206 @ X24_v15	v517 @ X1_v56	0			RUNTIME_DISPATCH		UNRESOLVED	METHOD_POINTER:UNKNOWN_CLASS_SOURCE:CLASS_NOT_AN_INTERFACE_POINTER
Sirenix.Utilities.LinqExtensions+<AppendIf>d__27`1::MoveNext	CALL	v280 @ X22_v10	v941 @ X1_v46	0			RUNTIME_DISPATCH		UNRESOLVED	INVOKER_THROUGH_METHOD:UNKNOWN_CLASS_SOURCE:CLASS_NOT_AN_INTERFACE_POINTER
Sirenix.Utilities.LinqExtensions+<AppendIf>d__27`1::MoveNext	CALL	v418 @ X23_v15	v1110 @ X1_v39	0			RUNTIME_DISPATCH		UNRESOLVED	METHOD_POINTER:UNKNOWN_CLASS_SOURCE:CLASS_NOT_AN_INTERFACE_POINTER
Sirenix.Utilities.LinqExtensions+<AppendIf>d__27`1::MoveNext	CALL	v221 @ X23_v14	v950 @ X1_v22	0			RUNTIME_DISPATCH		UNRESOLVED	INVOKER_THROUGH_METHOD:UNKNOWN_CLASS_SOURCE:CLASS_NOT_AN_INTERFACE_POINTER
Sirenix.Utilities.TypeExtensions+<>c__35`1::<GetEqualityComparerDelegate>b__35_0	CALL	Type: Il2CppClass<System.IEquatable`1<T>>	Type: Il2CppClass<System.IEquatable`1<T>>	[v32 @ X8_v3 (Il2CppClass<T>)+FC]			RUNTIME_DISPATCH		UNRESOLVED	METHOD_POINTER:METADATA_USAGE:SLOT_NAMES_NO_METHOD
Sirenix.Utilities.LinqExtensions+<PrependIf>d__15`1::MoveNext	CALL	[v20 @ X29_v1-18]	v135 @ X1_v53	4294967295			RUNTIME_DISPATCH		UNRESOLVED	TWO_LOADS_OTHER:UNKNOWN_CLASS_SOURCE:CLASS_NOT_AN_INTERFACE_POINTER
Sirenix.Utilities.LinqExtensions+<PrependIf>d__15`1::MoveNext	CALL	v332 @ X24_v16	v781 @ X1_v57	0			RUNTIME_DISPATCH		UNRESOLVED	METHOD_POINTER:UNKNOWN_CLASS_SOURCE:CLASS_NOT_AN_INTERFACE_POINTER
Sirenix.Utilities.LinqExtensions+<PrependIf>d__15`1::MoveNext	CALL	v263 @ X22_v8	v1053 @ X1_v45	0			RUNTIME_DISPATCH		UNRESOLVED	INVOKER_THROUGH_METHOD:UNKNOWN_CLASS_SOURCE:CLASS_NOT_AN_INTERFACE_POINTER
Sirenix.Utilities.LinqExtensions+<PrependIf>d__15`1::MoveNext	CALL	v401 @ X23_v15	v788 @ X1_v32	0			RUNTIME_DISPATCH		UNRESOLVED	METHOD_POINTER:UNKNOWN_CLASS_SOURCE:CLASS_NOT_AN_INTERFACE_POINTER
Sirenix.Utilities.LinqExtensions+<PrependIf>d__15`1::MoveNext	CALL	v204 @ X23_v14	v1060 @ X1_v22	0			RUNTIME_DISPATCH		UNRESOLVED	INVOKER_THROUGH_METHOD:UNKNOWN_CLASS_SOURCE:CLASS_NOT_AN_INTERFACE_POINTER
Sirenix.Utilities.LinqExtensions+<AppendIf>d__23`1::MoveNext	CALL	v175 @ X23_v11	v396 @ X1_v32	0			RUNTIME_DISPATCH		UNRESOLVED	METHOD_POINTER:UNKNOWN_CLASS_SOURCE:CLASS_NOT_AN_INTERFACE_POINTER
Sirenix.Utilities.LinqExtensions+<AppendIf>d__23`1::MoveNext	CALL	v239 @ X23_v10	v644 @ X1_v22	0			RUNTIME_DISPATCH		UNRESOLVED	INVOKER_THROUGH_METHOD:UNKNOWN_CLASS_SOURCE:CLASS_NOT_AN_INTERFACE_POINTER
Sirenix.Utilities.LinqExtensions+<PrependIf>d__18`1::MoveNext	CALL	v347 @ X24_v17	v858 @ X1_v58	0			RUNTIME_DISPATCH		UNRESOLVED	METHOD_POINTER:UNKNOWN_CLASS_SOURCE:CLASS_NOT_AN_INTERFACE_POINTER
Sirenix.Utilities.LinqExtensions+<PrependIf>d__18`1::MoveNext	CALL	v274 @ X22_v8	v1080 @ X1_v45	0			RUNTIME_DISPATCH		UNRESOLVED	INVOKER_THROUGH_METHOD:UNKNOWN_CLASS_SOURCE:CLASS_NOT_AN_INTERFACE_POINTER
Sirenix.Utilities.LinqExtensions+<PrependIf>d__18`1::MoveNext	CALL	v362 @ X23_v15	v865 @ X1_v32	0			RUNTIME_DISPATCH		UNRESOLVED	METHOD_POINTER:UNKNOWN_CLASS_SOURCE:CLASS_NOT_AN_INTERFACE_POINTER
Sirenix.Utilities.LinqExtensions+<PrependIf>d__18`1::MoveNext	CALL	v207 @ X23_v14	v1095 @ X1_v22	0			RUNTIME_DISPATCH		UNRESOLVED	INVOKER_THROUGH_METHOD:UNKNOWN_CLASS_SOURCE:CLASS_NOT_AN_INTERFACE_POINTER
ES3Types.ES3Type_SkinnedMeshRenderer::ReadComponent	CALL	v1345 @ X0_v4 (UnityEngine.SkinnedMeshRenderer)	[v314 @ X22_v1 (Il2CppClass<System.IDisposable>)]	0	System.IDisposable::Dispose	0x0600079F	RUNTIME_DISPATCH		EXACT	lookup(receiver, interface class, slot) reaches the dispatch pointer; slot = Il2CppMethodDefinition.slot
Sirenix.Utilities.TypeExtensions::GetCastMethod	CALL	v164 @ X0_v14	[v155 @ X28_v5 (Il2CppClass<System.Collections.Generic.IEnumerable`1<System.Reflection.MethodInfo>>)]	0	System.Collections.Generic.IEnumerable`1::GetEnumerator	0x06002EC8	RUNTIME_DISPATCH	System.Reflection.MethodInfo	EXACT	lookup(receiver, interface class, slot) reaches the dispatch pointer; slot = Il2CppMethodDefinition.slot
ES3Types.ES3Type_Sprite::ReadUnityObject	CALL	v294 @ X0_v4 (System.Collections.IEnumerator)	[v113 @ X21_v1 (Il2CppClass<System.IDisposable>)]	0	System.IDisposable::Dispose	0x0600079F	RUNTIME_DISPATCH		EXACT	lookup(receiver, interface class, slot) reaches the dispatch pointer; slot = Il2CppMethodDefinition.slot
ES3Types.ES3Type_Sprite::ReadUnityObject	CALL	v239 @ X0_v16	[v112 @ X21_v3 (Il2CppClass<System.IDisposable>)]	0	System.IDisposable::Dispose	0x0600079F	RUNTIME_DISPATCH		EXACT	lookup(receiver, interface class, slot) reaches the dispatch pointer; slot = Il2CppMethodDefinition.slot
ES3Types.ES3Type_Sprite::ReadUnityObject	CALL	v676 @ X0_v7 (System.Collections.IEnumerator)	[v338 @ X23_v1 (Il2CppClass<System.IDisposable>)]	0	System.IDisposable::Dispose	0x0600079F	RUNTIME_DISPATCH		EXACT	lookup(receiver, interface class, slot) reaches the dispatch pointer; slot = Il2CppMethodDefinition.slot
Sirenix.Utilities.ListExtensions::SetLength	CALL	v201 @ X25_v8 (System.Collections.Generic.IList`1<T>)	v368 @ X1_v37 (Il2CppClass<System.Collections.Generic.ICollection`1<T>>)	0	System.Collections.Generic.ICollection`1::get_Count	0x06002EB9	RUNTIME_DISPATCH	T	EXACT	lookup(receiver, interface class, slot) reaches the dispatch pointer; slot = Il2CppMethodDefinition.slot
Sirenix.Utilities.ListExtensions::SetLength	CALL	v295 @ X25_v9 (System.Collections.Generic.IList`1<T>)	v376 @ X1_v27 (Il2CppClass<System.Collections.Generic.ICollection`1<T>>)	0	System.Collections.Generic.ICollection`1::get_Count	0x06002EB9	RUNTIME_DISPATCH	T	EXACT	lookup(receiver, interface class, slot) reaches the dispatch pointer; slot = Il2CppMethodDefinition.slot
Sirenix.Utilities.ListExtensions::SetLength	CALL	v116 @ X22_v7 (System.Collections.Generic.IList`1<T>)	v308 @ X1_v16 (Il2CppClass<System.Collections.Generic.ICollection`1<T>>)	0	System.Collections.Generic.ICollection`1::get_Count	0x06002EB9	RUNTIME_DISPATCH	T	EXACT	lookup(receiver, interface class, slot) reaches the dispatch pointer; slot = Il2CppMethodDefinition.slot
Sirenix.Utilities.ListExtensions::SetLength	CALL	v116 @ X22_v7 (System.Collections.Generic.IList`1<T>)	v665 @ X1_v19 (Il2CppClass<System.Collections.Generic.IList`1<T>>)	4	System.Collections.Generic.IList`1::RemoveAt	0x06002ED0	RUNTIME_DISPATCH	T	EXACT	lookup(receiver, interface class, slot) reaches the dispatch pointer; slot = Il2CppMethodDefinition.slot
Sirenix.Utilities.ListExtensions::SetLength	CALL	v204 @ X25_v2 (System.Collections.Generic.IList`1<T>)	v797 @ X1_v10 (Il2CppClass<System.Collections.Generic.ICollection`1<T>>)	0	System.Collections.Generic.ICollection`1::get_Count	0x06002EB9	RUNTIME_DISPATCH	T	EXACT	lookup(receiver, interface class, slot) reaches the dispatch pointer; slot = Il2CppMethodDefinition.slot
Sirenix.Utilities.ListExtensions::SetLength	CALL	v204 @ X25_v2 (System.Collections.Generic.IList`1<T>)	Type: Il2CppClass<System.Collections.Generic.ICollection`1<T>>	2	System.Collections.Generic.ICollection`1::Add	0x06002EBB	RUNTIME_DISPATCH		UNRESOLVED	INVOKER_THROUGH_METHOD:METADATA_USAGE:DISPATCH_PATH_NOT_RECOVERED
Sirenix.Utilities.ListExtensions::SetLength	CALL	v203 @ X24_v8 (System.Collections.Generic.IList`1<T>)	v372 @ X1_v35 (Il2CppClass<System.Collections.Generic.ICollection`1<T>>)	0	System.Collections.Generic.ICollection`1::get_Count	0x06002EB9	RUNTIME_DISPATCH	T	EXACT	lookup(receiver, interface class, slot) reaches the dispatch pointer; slot = Il2CppMethodDefinition.slot
Sirenix.Utilities.ListExtensions::SetLength	CALL	v351 @ X24_v9 (System.Collections.Generic.IList`1<T>)	v380 @ X1_v26 (Il2CppClass<System.Collections.Generic.ICollection`1<T>>)	0	System.Collections.Generic.ICollection`1::get_Count	0x06002EB9	RUNTIME_DISPATCH	T	EXACT	lookup(receiver, interface class, slot) reaches the dispatch pointer; slot = Il2CppMethodDefinition.slot
Sirenix.Utilities.ListExtensions::SetLength	CALL	v225 @ X22_v7 (System.Collections.Generic.IList`1<T>)	v364 @ X1_v15 (Il2CppClass<System.Collections.Generic.ICollection`1<T>>)	0	System.Collections.Generic.ICollection`1::get_Count	0x06002EB9	RUNTIME_DISPATCH	T	EXACT	lookup(receiver, interface class, slot) reaches the dispatch pointer; slot = Il2CppMethodDefinition.slot
Sirenix.Utilities.ListExtensions::SetLength	CALL	v225 @ X22_v7 (System.Collections.Generic.IList`1<T>)	v668 @ X1_v18 (Il2CppClass<System.Collections.Generic.IList`1<T>>)	4	System.Collections.Generic.IList`1::RemoveAt	0x06002ED0	RUNTIME_DISPATCH	T	EXACT	lookup(receiver, interface class, slot) reaches the dispatch pointer; slot = Il2CppMethodDefinition.slot
Sirenix.Utilities.ListExtensions::SetLength	CALL	v206 @ X24_v2 (System.Collections.Generic.IList`1<T>)	v816 @ X1_v9 (Il2CppClass<System.Collections.Generic.ICollection`1<T>>)	0	System.Collections.Generic.ICollection`1::get_Count	0x06002EB9	RUNTIME_DISPATCH	T	EXACT	lookup(receiver, interface class, slot) reaches the dispatch pointer; slot = Il2CppMethodDefinition.slot
Sirenix.Utilities.ListExtensions::SetLength	CALL	v206 @ X24_v2 (System.Collections.Generic.IList`1<T>)	Type: Il2CppClass<System.Collections.Generic.ICollection`1<T>>	2	System.Collections.Generic.ICollection`1::Add	0x06002EBB	RUNTIME_DISPATCH		UNRESOLVED	INVOKER_THROUGH_METHOD:METADATA_USAGE:DISPATCH_PATH_NOT_RECOVERED
Sirenix.Utilities.ListExtensions::SetLength	CALL	list @ X0 (System.Collections.Generic.IList`1<T>)	v234 @ X1_v13 (Il2CppClass<System.Collections.Generic.ICollection`1<T>>)	0	System.Collections.Generic.ICollection`1::get_Count	0x06002EB9	RUNTIME_DISPATCH	T	EXACT	lookup(receiver, interface class, slot) reaches the dispatch pointer; slot = Il2CppMethodDefinition.slot
Sirenix.Utilities.ListExtensions::SetLength	CALL	list @ X0 (System.Collections.Generic.IList`1<T>)	v590 @ X1_v20 (Il2CppClass<System.Collections.Generic.ICollection`1<T>>)	0	System.Collections.Generic.ICollection`1::get_Count	0x06002EB9	RUNTIME_DISPATCH	T	EXACT	lookup(receiver, interface class, slot) reaches the dispatch pointer; slot = Il2CppMethodDefinition.slot
Sirenix.Utilities.ListExtensions::SetLength	CALL	list @ X0 (System.Collections.Generic.IList`1<T>)	v690 @ X1_v23 (Il2CppClass<System.Collections.Generic.IList`1<T>>)	4	System.Collections.Generic.IList`1::RemoveAt	0x06002ED0	RUNTIME_DISPATCH	T	EXACT	lookup(receiver, interface class, slot) reaches the dispatch pointer; slot = Il2CppMethodDefinition.slot
Sirenix.Utilities.ListExtensions::SetLength	CALL	list @ X0 (System.Collections.Generic.IList`1<T>)	v423 @ X1_v17 (Il2CppClass<System.Collections.Generic.ICollection`1<T>>)	0	System.Collections.Generic.ICollection`1::get_Count	0x06002EB9	RUNTIME_DISPATCH	T	EXACT	lookup(receiver, interface class, slot) reaches the dispatch pointer; slot = Il2CppMethodDefinition.slot
Sirenix.Utilities.ListExtensions::SetLength	CALL	list @ X0 (System.Collections.Generic.IList`1<T>)	Type: Il2CppClass<System.Collections.Generic.ICollection`1<T>>	2	System.Collections.Generic.ICollection`1::Add	0x06002EBB	RUNTIME_DISPATCH		UNRESOLVED	INVOKER_THROUGH_METHOD:METADATA_USAGE:DISPATCH_PATH_NOT_RECOVERED
Sirenix.Utilities.ListExtensions::SetLength	CALL	list @ X0 (System.Collections.Generic.IList`1<T>)	v236 @ X1_v12 (Il2CppClass<System.Collections.Generic.ICollection`1<T>>)	0	System.Collections.Generic.ICollection`1::get_Count	0x06002EB9	RUNTIME_DISPATCH	T	EXACT	lookup(receiver, interface class, slot) reaches the dispatch pointer; slot = Il2CppMethodDefinition.slot
Sirenix.Utilities.ListExtensions::SetLength	CALL	list @ X0 (System.Collections.Generic.IList`1<T>)	v601 @ X1_v19 (Il2CppClass<System.Collections.Generic.ICollection`1<T>>)	0	System.Collections.Generic.ICollection`1::get_Count	0x06002EB9	RUNTIME_DISPATCH	T	EXACT	lookup(receiver, interface class, slot) reaches the dispatch pointer; slot = Il2CppMethodDefinition.slot
Sirenix.Utilities.ListExtensions::SetLength	CALL	list @ X0 (System.Collections.Generic.IList`1<T>)	v691 @ X1_v22 (Il2CppClass<System.Collections.Generic.IList`1<T>>)	4	System.Collections.Generic.IList`1::RemoveAt	0x06002ED0	RUNTIME_DISPATCH	T	EXACT	lookup(receiver, interface class, slot) reaches the dispatch pointer; slot = Il2CppMethodDefinition.slot
Sirenix.Utilities.ListExtensions::SetLength	CALL	list @ X0 (System.Collections.Generic.IList`1<T>)	v442 @ X1_v16 (Il2CppClass<System.Collections.Generic.ICollection`1<T>>)	0	System.Collections.Generic.ICollection`1::get_Count	0x06002EB9	RUNTIME_DISPATCH	T	EXACT	lookup(receiver, interface class, slot) reaches the dispatch pointer; slot = Il2CppMethodDefinition.slot
Sirenix.Utilities.ListExtensions::SetLength	CALL	list @ X0 (System.Collections.Generic.IList`1<T>)	Type: Il2CppClass<System.Collections.Generic.ICollection`1<T>>	2	System.Collections.Generic.ICollection`1::Add	0x06002EBB	RUNTIME_DISPATCH		UNRESOLVED	INVOKER_THROUGH_METHOD:METADATA_USAGE:DISPATCH_PATH_NOT_RECOVERED
Sirenix.Utilities.ImmutableList`1::get_Count	TAIL	v4 @ X19_v1 (System.Collections.Generic.IList`1<T>)	v33 @ X1_v2 (Il2CppClass<System.Collections.Generic.ICollection`1<T>>)	0	System.Collections.Generic.ICollection`1::get_Count	0x06002EB9	RUNTIME_DISPATCH	T	EXACT	lookup(receiver, interface class, slot) reaches the dispatch pointer; slot = Il2CppMethodDefinition.slot
Sirenix.Utilities.ImmutableList`1::System.Collections.Generic.IList<T>.get_Item	CALL	v32 @ X22_v1 (System.Collections.Generic.IList`1<T>)	Type: Il2CppClass<System.Collections.Generic.IList`1<T>>	0	System.Collections.Generic.IList`1::get_Item	0x06002ECC	RUNTIME_DISPATCH		UNRESOLVED	INVOKER_THROUGH_METHOD:METADATA_USAGE:DISPATCH_PATH_NOT_RECOVERED
Sirenix.Utilities.ImmutableList`1::get_Item	CALL	v32 @ X22_v1 (System.Collections.Generic.IList`1<T>)	Type: Il2CppClass<System.Collections.Generic.IList`1<T>>	0	System.Collections.Generic.IList`1::get_Item	0x06002ECC	RUNTIME_DISPATCH		UNRESOLVED	INVOKER_THROUGH_METHOD:METADATA_USAGE:DISPATCH_PATH_NOT_RECOVERED
Sirenix.Utilities.ImmutableList`1::Contains	CALL	v33 @ X19_v1 (System.Collections.Generic.IList`1<T>)	Type: Il2CppClass<System.Collections.Generic.ICollection`1<T>>	4	System.Collections.Generic.ICollection`1::Contains	0x06002EBD	RUNTIME_DISPATCH		UNRESOLVED	INVOKER_THROUGH_METHOD:METADATA_USAGE:DISPATCH_PATH_NOT_RECOVERED
Sirenix.Utilities.ImmutableList`1::CopyTo	TAIL	v8 @ X21_v1 (System.Collections.Generic.IList`1<T>)	v39 @ X1_v2 (Il2CppClass<System.Collections.Generic.ICollection`1<T>>)	5	System.Collections.Generic.ICollection`1::CopyTo	0x06002EBE	RUNTIME_DISPATCH	T	EXACT	lookup(receiver, interface class, slot) reaches the dispatch pointer; slot = Il2CppMethodDefinition.slot
Sirenix.Utilities.ImmutableList`1::GetEnumerator	TAIL	v4 @ X19_v1 (System.Collections.Generic.IList`1<T>)	v33 @ X1_v2 (Il2CppClass<System.Collections.Generic.IEnumerable`1<T>>)	0	System.Collections.Generic.IEnumerable`1::GetEnumerator	0x06002EC8	RUNTIME_DISPATCH	T	EXACT	lookup(receiver, interface class, slot) reaches the dispatch pointer; slot = Il2CppMethodDefinition.slot
Sirenix.Utilities.ImmutableList`1::System.Collections.ICollection.CopyTo	TAIL	v14 @ X20_v1 (System.Collections.Generic.IList`1<T>)	v46 @ X21_v2 (Il2CppClass<System.Collections.Generic.ICollection`1<T>>)	5	System.Collections.Generic.ICollection`1::CopyTo	0x06002EBE	RUNTIME_DISPATCH	T	EXACT	lookup(receiver, interface class, slot) reaches the dispatch pointer; slot = Il2CppMethodDefinition.slot
ES3Types.ES3Type_SpriteRenderer::ReadComponent	CALL	v1448 @ X0_v4 (System.String)	[v383 @ X22_v1 (Il2CppClass<System.IDisposable>)]	0	System.IDisposable::Dispose	0x0600079F	RUNTIME_DISPATCH		EXACT	lookup(receiver, interface class, slot) reaches the dispatch pointer; slot = Il2CppMethodDefinition.slot
Sirenix.Utilities.ImmutableList`1::System.Collections.IList.Contains	CALL	v34 @ X19_v1 (System.Collections.Generic.IList`1<T>)	Type: Il2CppClass<System.Collections.Generic.ICollection`1<T>>	4	System.Collections.Generic.ICollection`1::Contains	0x06002EBD	RUNTIME_DISPATCH		UNRESOLVED	INVOKER_THROUGH_METHOD:METADATA_USAGE:DISPATCH_PATH_NOT_RECOVERED
Sirenix.Utilities.ImmutableList`1::System.Collections.IList.IndexOf	CALL	v34 @ X19_v1 (System.Collections.Generic.IList`1<T>)	Type: Il2CppClass<System.Collections.Generic.IList`1<T>>	2	System.Collections.Generic.IList`1::IndexOf	0x06002ECE	RUNTIME_DISPATCH		UNRESOLVED	INVOKER_THROUGH_METHOD:METADATA_USAGE:DISPATCH_PATH_NOT_RECOVERED
Sirenix.Utilities.ImmutableList`1::IndexOf	CALL	v33 @ X19_v1 (System.Collections.Generic.IList`1<T>)	Type: Il2CppClass<System.Collections.Generic.IList`1<T>>	2	System.Collections.Generic.IList`1::IndexOf	0x06002ECE	RUNTIME_DISPATCH		UNRESOLVED	INVOKER_THROUGH_METHOD:METADATA_USAGE:DISPATCH_PATH_NOT_RECOVERED
LayerMaskExtension::IncludesAll	CALL	v446 @ X19_v6 (System.Collections.Generic.IEnumerator`1<System.Int32>)	[v409 @ X22_v5 (Il2CppClass<System.IDisposable>)]	0	System.IDisposable::Dispose	0x0600079F	RUNTIME_DISPATCH		EXACT	lookup(receiver, interface class, slot) reaches the dispatch pointer; slot = Il2CppMethodDefinition.slot
LayerMaskExtension::IncludesAll	CALL	v206 @ X19_v4 (System.Collections.Generic.IEnumerator`1<System.Int32>)	[v166 @ X22_v3 (Il2CppClass<System.IDisposable>)]	0	System.IDisposable::Dispose	0x0600079F	RUNTIME_DISPATCH		EXACT	lookup(receiver, interface class, slot) reaches the dispatch pointer; slot = Il2CppMethodDefinition.slot
LayerMaskExtension::IncludesAny	CALL	v492 @ X19_v7 (System.Collections.Generic.IEnumerator`1<System.Int32>)	[v470 @ X22_v6 (Il2CppClass<System.IDisposable>)]	0	System.IDisposable::Dispose	0x0600079F	RUNTIME_DISPATCH		EXACT	lookup(receiver, interface class, slot) reaches the dispatch pointer; slot = Il2CppMethodDefinition.slot
LayerMaskExtension::IncludesAny	CALL	v206 @ X19_v5 (System.Collections.Generic.IEnumerator`1<System.Int32>)	[v166 @ X22_v4 (Il2CppClass<System.IDisposable>)]	0	System.IDisposable::Dispose	0x0600079F	RUNTIME_DISPATCH		EXACT	lookup(receiver, interface class, slot) reaches the dispatch pointer; slot = Il2CppMethodDefinition.slot
SlicedFilledImage+SetPropertyUtility::SetStruct	CALL	Type: Il2CppMethodInfo	newValue @ X1 (T)	methodInfo @ X2 (Il2CppMethodInfo)			RUNTIME_DISPATCH		UNRESOLVED	TWO_LOADS_OTHER:UNKNOWN_CLASS_SOURCE:CLASS_NOT_AN_INTERFACE_POINTER
Mono.Security.X509.PKCS12::get_Keys	CALL	v736 @ X0_v9 (System.Collections.ArrayList)	[v94 @ X23_v4 (Il2CppClass<System.IDisposable>)]	0	System.IDisposable::Dispose	0x0600079F	RUNTIME_DISPATCH		EXACT	lookup(receiver, interface class, slot) reaches the dispatch pointer; slot = Il2CppMethodDefinition.slot
Mono.Security.X509.PKCS12::get_Certificates	CALL	v544 @ X0_v8 (System.Collections.IEnumerator)	[v318 @ X24_v5 (Il2CppClass<System.IDisposable>)]	0	System.IDisposable::Dispose	0x0600079F	RUNTIME_DISPATCH		EXACT	lookup(receiver, interface class, slot) reaches the dispatch pointer; slot = Il2CppMethodDefinition.slot
Mono.Security.X509.PKCS12::get_Certificates	CALL	v487 @ X0_v20	[v318 @ X24_v5 (Il2CppClass<System.IDisposable>)]	0	System.IDisposable::Dispose	0x0600079F	RUNTIME_DISPATCH		EXACT	lookup(receiver, interface class, slot) reaches the dispatch pointer; slot = Il2CppMethodDefinition.slot
Mono.Security.X509.PKCS12::GetExistingParameters	CALL	v228 @ X0_v6 (System.Security.Cryptography.DSAParameters)	[v156 @ X24_v1 (Il2CppClass<System.IDisposable>)]	0	System.IDisposable::Dispose	0x0600079F	RUNTIME_DISPATCH		EXACT	lookup(receiver, interface class, slot) reaches the dispatch pointer; slot = Il2CppMethodDefinition.slot
Mono.Security.X509.PKCS12::GetExistingParameters	CALL	v236 @ X0_v18	[v155 @ X24_v3 (Il2CppClass<System.IDisposable>)]	0	System.IDisposable::Dispose	0x0600079F	RUNTIME_DISPATCH		EXACT	lookup(receiver, interface class, slot) reaches the dispatch pointer; slot = Il2CppMethodDefinition.slot
Sirenix.Utilities.TypeExtensions+<>c__35`1::<GetEqualityComparerDelegate>b__35_1	CALL	Type: Il2CppClass<System.IEquatable`1<T>>	Type: Il2CppClass<System.IEquatable`1<T>>	[v39 @ X8_v3 (Il2CppClass<T>)+FC]			RUNTIME_DISPATCH		UNRESOLVED	METHOD_POINTER:METADATA_USAGE:SLOT_NAMES_NO_METHOD
Sirenix.Utilities.LinqExtensions+<AppendIf>d__25`1::MoveNext	CALL	[v18 @ X29_v1-18]	v512 @ X1_v17	0			RUNTIME_DISPATCH		UNRESOLVED	TWO_LOADS_OTHER:UNKNOWN_CLASS_SOURCE:CLASS_NOT_AN_INTERFACE_POINTER
Sirenix.Utilities.LinqExtensions+<AppendIf>d__25`1::MoveNext	CALL	v175 @ X23_v13	v398 @ X1_v35	0			RUNTIME_DISPATCH		UNRESOLVED	METHOD_POINTER:UNKNOWN_CLASS_SOURCE:CLASS_NOT_AN_INTERFACE_POINTER
Sirenix.Utilities.LinqExtensions+<AppendIf>d__25`1::MoveNext	CALL	v241 @ X23_v12	v694 @ X1_v25	0			RUNTIME_DISPATCH		UNRESOLVED	INVOKER_THROUGH_METHOD:UNKNOWN_CLASS_SOURCE:CLASS_NOT_AN_INTERFACE_POINTER
Mono.Security.X509.PKCS12::GetBytes	CALL	v2301 @ X0_v479 (System.IDisposable)	Type: System.IDisposable	0	System.IDisposable::Dispose	0x0600079F	RUNTIME_DISPATCH		EXACT	lookup(receiver, interface class, slot) reaches the dispatch pointer; slot = Il2CppMethodDefinition.slot
Sirenix.Utilities.LinqExtensions+<AppendIf>d__26`1::MoveNext	CALL	[v18 @ X29_v1-18]	v496 @ X1_v16	0			RUNTIME_DISPATCH		UNRESOLVED	TWO_LOADS_OTHER:UNKNOWN_CLASS_SOURCE:CLASS_NOT_AN_INTERFACE_POINTER
Sirenix.Utilities.LinqExtensions+<AppendIf>d__26`1::MoveNext	CALL	v175 @ X23_v12	v396 @ X1_v34	0			RUNTIME_DISPATCH		UNRESOLVED	METHOD_POINTER:UNKNOWN_CLASS_SOURCE:CLASS_NOT_AN_INTERFACE_POINTER
Sirenix.Utilities.LinqExtensions+<AppendIf>d__26`1::MoveNext	CALL	v239 @ X23_v11	v668 @ X1_v24	0			RUNTIME_DISPATCH		UNRESOLVED	INVOKER_THROUGH_METHOD:UNKNOWN_CLASS_SOURCE:CLASS_NOT_AN_INTERFACE_POINTER
Sirenix.Utilities.LinqExtensions+<AppendWith>d__21`1::MoveNext	CALL	v187 @ X24_v14	v499 @ X1_v53	0			RUNTIME_DISPATCH		UNRESOLVED	METHOD_POINTER:UNKNOWN_CLASS_SOURCE:CLASS_NOT_AN_INTERFACE_POINTER
Sirenix.Utilities.LinqExtensions+<AppendWith>d__21`1::MoveNext	CALL	v261 @ X22_v9	v910 @ X1_v43	0			RUNTIME_DISPATCH		UNRESOLVED	INVOKER_THROUGH_METHOD:UNKNOWN_CLASS_SOURCE:CLASS_NOT_AN_INTERFACE_POINTER
Sirenix.Utilities.LinqExtensions+<AppendWith>d__21`1::MoveNext	CALL	v400 @ X23_v14	v961 @ X1_v36	0			RUNTIME_DISPATCH		UNRESOLVED	METHOD_POINTER:UNKNOWN_CLASS_SOURCE:CLASS_NOT_AN_INTERFACE_POINTER
Sirenix.Utilities.LinqExtensions+<AppendWith>d__21`1::MoveNext	CALL	v202 @ X23_v13	v925 @ X1_v21	0			RUNTIME_DISPATCH		UNRESOLVED	INVOKER_THROUGH_METHOD:UNKNOWN_CLASS_SOURCE:CLASS_NOT_AN_INTERFACE_POINTER
Sirenix.Utilities.LinqExtensions+<PrependIf>d__16`1::MoveNext	CALL	v350 @ X23_v14	v547 @ X1_v29	0			RUNTIME_DISPATCH		UNRESOLVED	METHOD_POINTER:UNKNOWN_CLASS_SOURCE:CLASS_NOT_AN_INTERFACE_POINTER
Sirenix.Utilities.LinqExtensions+<PrependIf>d__16`1::MoveNext	CALL	v261 @ X23_v12	v765 @ X1_v19	0			RUNTIME_DISPATCH		UNRESOLVED	INVOKER_THROUGH_METHOD:UNKNOWN_CLASS_SOURCE:CLASS_NOT_AN_INTERFACE_POINTER
Sirenix.Utilities.LinqExtensions::ForEach	CALL	source @ X0 (System.Collections.Generic.IEnumerable`1<T>)	Type: Il2CppClass<System.Collections.Generic.IEnumerable`1<T>>	0	System.Collections.Generic.IEnumerable`1::GetEnumerator	0x06002EC8	RUNTIME_DISPATCH	T	EXACT	lookup(receiver, interface class, slot) reaches the dispatch pointer; slot = Il2CppMethodDefinition.slot
Sirenix.Utilities.LinqExtensions::ForEach	CALL	v191 @ X0_v41 (System.Collections.IEnumerator)	Type: Il2CppClass<System.Collections.Generic.IEnumerator`1<T>>	0	System.Collections.Generic.IEnumerator`1::get_Current	0x06002EC9	RUNTIME_DISPATCH		UNRESOLVED	INVOKER_THROUGH_METHOD:METADATA_USAGE:DISPATCH_PATH_NOT_RECOVERED
Sirenix.Utilities.LinqExtensions::ForEach	CALL	source @ X0 (System.Collections.Generic.IEnumerable`1<T>)	Type: Il2CppClass<System.Collections.Generic.IEnumerable`1<T>>	0	System.Collections.Generic.IEnumerable`1::GetEnumerator	0x06002EC8	RUNTIME_DISPATCH	T	EXACT	lookup(receiver, interface class, slot) reaches the dispatch pointer; slot = Il2CppMethodDefinition.slot
Sirenix.Utilities.LinqExtensions+<Examine>d__0`1::MoveNext	CALL	v248 @ X24_v12	v425 @ X1_v31	0			RUNTIME_DISPATCH		UNRESOLVED	METHOD_POINTER:UNKNOWN_CLASS_SOURCE:CLASS_NOT_AN_INTERFACE_POINTER
Sirenix.Utilities.LinqExtensions+<Examine>d__0`1::MoveNext	CALL	v228 @ X24_v11	v657 @ X1_v18	0			RUNTIME_DISPATCH		UNRESOLVED	INVOKER_THROUGH_METHOD:UNKNOWN_CLASS_SOURCE:CLASS_NOT_AN_INTERFACE_POINTER
Sirenix.Utilities.LinqExtensions::ForEach	CALL	v196 @ X0_v41 (System.Collections.IEnumerator)	Type: Il2CppClass<System.Collections.Generic.IEnumerator`1<T>>	0	System.Collections.Generic.IEnumerator`1::get_Current	0x06002EC9	RUNTIME_DISPATCH		UNRESOLVED	INVOKER_THROUGH_METHOD:METADATA_USAGE:DISPATCH_PATH_NOT_RECOVERED
Cysharp.Threading.Tasks.TriggerEvent`1::SetResult	CALL	v149 @ X24_v5 (Cysharp.Threading.Tasks.ITriggerHandler`1<T>)	v248 @ X1_v12	0			RUNTIME_DISPATCH		UNRESOLVED	METHOD_POINTER:UNKNOWN_CLASS_SOURCE:CLASS_NOT_AN_INTERFACE_POINTER
Cysharp.Threading.Tasks.TriggerEvent`1::SetResult	CALL	v149 @ X24_v5 (Cysharp.Threading.Tasks.ITriggerHandler`1<T>)	v379 @ X1_v20	4			RUNTIME_DISPATCH		UNRESOLVED	METHOD_POINTER:UNKNOWN_CLASS_SOURCE:CLASS_NOT_AN_INTERFACE_POINTER
Cysharp.Threading.Tasks.TriggerEvent`1::SetResult	CALL	v149 @ X24_v5 (Cysharp.Threading.Tasks.ITriggerHandler`1<T>)	v371 @ X1_v15	4			RUNTIME_DISPATCH		UNRESOLVED	METHOD_POINTER:UNKNOWN_CLASS_SOURCE:CLASS_NOT_AN_INTERFACE_POINTER
Cysharp.Threading.Tasks.Triggers.AsyncTriggerHandler`1::Cysharp.Threading.Tasks.IUniTaskSource.GetResult	TAIL	this @ X0 (Cysharp.Threading.Tasks.Triggers.AsyncTriggerHandler`1<T>)	v36 @ X1_v2 (Il2CppClass<Cysharp.Threading.Tasks.IUniTaskSource`1<T>>)	0	Cysharp.Threading.Tasks.IUniTaskSource`1::GetResult	0x0600000D	RUNTIME_DISPATCH	T	EXACT	lookup(receiver, interface class, slot) reaches the dispatch pointer; slot = Il2CppMethodDefinition.slot
Mono.Security.X509.PKCS12::GetBytes	CALL	v5779 @ X0_v235 (System.IDisposable)	[v584 @ X25_v12 (Il2CppClass<System.IDisposable>)]	0	System.IDisposable::Dispose	0x0600079F	RUNTIME_DISPATCH		EXACT	lookup(receiver, interface class, slot) reaches the dispatch pointer; slot = Il2CppMethodDefinition.slot
Mono.Security.Authenticode.AuthenticodeDeformatter::VerifyCounterSignature	CALL	v1801 @ X0_v4 (System.IDisposable)	[v193 @ X29_v2 (Il2CppClass<System.IDisposable>)]	0	System.IDisposable::Dispose	0x0600079F	RUNTIME_DISPATCH		EXACT	lookup(receiver, interface class, slot) reaches the dispatch pointer; slot = Il2CppMethodDefinition.slot
Mono.Security.Authenticode.AuthenticodeDeformatter::VerifyCounterSignature	CALL	v1865 @ X0_v46 (System.IDisposable)	[v427 @ X26_v6 (Il2CppClass<System.IDisposable>)]	0	System.IDisposable::Dispose	0x0600079F	RUNTIME_DISPATCH		EXACT	lookup(receiver, interface class, slot) reaches the dispatch pointer; slot = Il2CppMethodDefinition.slot
Mono.Security.Authenticode.AuthenticodeDeformatter::VerifyCounterSignature	CALL	v1724 @ X0_v59 (System.IDisposable)	[v445 @ X29_v3 (Il2CppClass<System.IDisposable>)]	0	System.IDisposable::Dispose	0x0600079F	RUNTIME_DISPATCH		EXACT	lookup(receiver, interface class, slot) reaches the dispatch pointer; slot = Il2CppMethodDefinition.slot
Sirenix.Serialization.SerializableFormatter`1::ReadSerializationInfo	CALL	reader @ X1 (Sirenix.Serialization.IDataReader)	[v216 @ X23_v1 (Il2CppClass<Sirenix.Serialization.IDataReader>)]	14	Sirenix.Serialization.IDataReader::ExitArray	0x06000147	RUNTIME_DISPATCH		EXACT	lookup(receiver, interface class, slot) reaches the dispatch pointer; slot = Il2CppMethodDefinition.slot
Sirenix.Serialization.SerializableFormatter`1::ReadSerializationInfo	CALL	reader @ X1 (Sirenix.Serialization.IDataReader)	[v216 @ X23_v1 (Il2CppClass<Sirenix.Serialization.IDataReader>)]	14	Sirenix.Serialization.IDataReader::ExitArray	0x06000147	RUNTIME_DISPATCH		EXACT	lookup(receiver, interface class, slot) reaches the dispatch pointer; slot = Il2CppMethodDefinition.slot
Sirenix.Utilities.LinqExtensions+<PrependWith>d__7`1::MoveNext	CALL	v279 @ X23_v12	v488 @ X1_v33	0			RUNTIME_DISPATCH		UNRESOLVED	METHOD_POINTER:UNKNOWN_CLASS_SOURCE:CLASS_NOT_AN_INTERFACE_POINTER
Sirenix.Utilities.LinqExtensions+<PrependWith>d__7`1::MoveNext	CALL	v257 @ X23_v11	v686 @ X1_v23	0			RUNTIME_DISPATCH		UNRESOLVED	INVOKER_THROUGH_METHOD:UNKNOWN_CLASS_SOURCE:CLASS_NOT_AN_INTERFACE_POINTER
Cysharp.Threading.Tasks.TriggerEvent`1::Add	CALL	v44 @ X22_v15 (Cysharp.Threading.Tasks.ITriggerHandler`1<T>)	v188 @ X1_v37 (Il2CppClass<Cysharp.Threading.Tasks.ITriggerHandler`1<T>>)	2	Cysharp.Threading.Tasks.ITriggerHandler`1::get_Prev	0x06000033	RUNTIME_DISPATCH	T	EXACT	lookup(receiver, interface class, slot) reaches the dispatch pointer; slot = Il2CppMethodDefinition.slot
Cysharp.Threading.Tasks.TriggerEvent`1::Add	CALL	v16 @ X22_v2 (Cysharp.Threading.Tasks.ITriggerHandler`1<T>)	v177 @ X1_v15 (Il2CppClass<Cysharp.Threading.Tasks.ITriggerHandler`1<T>>)	2	Cysharp.Threading.Tasks.ITriggerHandler`1::get_Prev	0x06000033	RUNTIME_DISPATCH	T	EXACT	lookup(receiver, interface class, slot) reaches the dispatch pointer; slot = Il2CppMethodDefinition.slot
Cysharp.Threading.Tasks.TriggerEvent`1::Add	CALL	v231 @ X23_v12 (Cysharp.Threading.Tasks.ITriggerHandler`1<T>)	v427 @ X1_v40 (Il2CppClass<Cysharp.Threading.Tasks.ITriggerHandler`1<T>>)	3	Cysharp.Threading.Tasks.ITriggerHandler`1::set_Prev	0x06000034	RUNTIME_DISPATCH	T	EXACT	lookup(receiver, interface class, slot) reaches the dispatch pointer; slot = Il2CppMethodDefinition.slot
Cysharp.Threading.Tasks.TriggerEvent`1::Add	CALL	v288 @ X0_v95 (Cysharp.Threading.Tasks.ITriggerHandler`1<T>)	v609 @ X1_v50 (Il2CppClass<Cysharp.Threading.Tasks.ITriggerHandler`1<T>>)	5	Cysharp.Threading.Tasks.ITriggerHandler`1::set_Next	0x06000036	RUNTIME_DISPATCH	T	EXACT	lookup(receiver, interface class, slot) reaches the dispatch pointer; slot = Il2CppMethodDefinition.slot
Cysharp.Threading.Tasks.TriggerEvent`1::Add	CALL	v294 @ X22_v17 (Cysharp.Threading.Tasks.ITriggerHandler`1<T>)	v691 @ X1_v43 (Il2CppClass<Cysharp.Threading.Tasks.ITriggerHandler`1<T>>)	5	Cysharp.Threading.Tasks.ITriggerHandler`1::set_Next	0x06000036	RUNTIME_DISPATCH	T	EXACT	lookup(receiver, interface class, slot) reaches the dispatch pointer; slot = Il2CppMethodDefinition.slot
Cysharp.Threading.Tasks.TriggerEvent`1::Add	CALL	v232 @ X23_v11 (Cysharp.Threading.Tasks.ITriggerHandler`1<T>)	v419 @ X1_v18 (Il2CppClass<Cysharp.Threading.Tasks.ITriggerHandler`1<T>>)	3	Cysharp.Threading.Tasks.ITriggerHandler`1::set_Prev	0x06000034	RUNTIME_DISPATCH	T	EXACT	lookup(receiver, interface class, slot) reaches the dispatch pointer; slot = Il2CppMethodDefinition.slot
Cysharp.Threading.Tasks.TriggerEvent`1::Add	CALL	v289 @ X0_v35 (Cysharp.Threading.Tasks.ITriggerHandler`1<T>)	v593 @ X1_v28 (Il2CppClass<Cysharp.Threading.Tasks.ITriggerHandler`1<T>>)	5	Cysharp.Threading.Tasks.ITriggerHandler`1::set_Next	0x06000036	RUNTIME_DISPATCH	T	EXACT	lookup(receiver, interface class, slot) reaches the dispatch pointer; slot = Il2CppMethodDefinition.slot
Cysharp.Threading.Tasks.TriggerEvent`1::Add	CALL	v295 @ X22_v14 (Cysharp.Threading.Tasks.ITriggerHandler`1<T>)	v654 @ X1_v21 (Il2CppClass<Cysharp.Threading.Tasks.ITriggerHandler`1<T>>)	5	Cysharp.Threading.Tasks.ITriggerHandler`1::set_Next	0x06000036	RUNTIME_DISPATCH	T	EXACT	lookup(receiver, interface class, slot) reaches the dispatch pointer; slot = Il2CppMethodDefinition.slot
Cysharp.Threading.Tasks.TriggerEvent`1::Add	TAIL	handler @ X1 (Cysharp.Threading.Tasks.ITriggerHandler`1<T>)	v1147 @ X1_v11 (Il2CppClass<Cysharp.Threading.Tasks.ITriggerHandler`1<T>>)	3	Cysharp.Threading.Tasks.ITriggerHandler`1::set_Prev	0x06000034	RUNTIME_DISPATCH	T	EXACT	lookup(receiver, interface class, slot) reaches the dispatch pointer; slot = Il2CppMethodDefinition.slot
Cysharp.Threading.Tasks.TaskPool`1::TryPop	CALL	v24 @ X21_v3 (T)	v121 @ X1_v4 (Il2CppClass<Cysharp.Threading.Tasks.ITaskPoolNode`1<T>>)	0	Cysharp.Threading.Tasks.ITaskPoolNode`1::get_NextNode	0x0600002D	RUNTIME_DISPATCH	T	EXACT	lookup(receiver, interface class, slot) reaches the dispatch pointer; slot = Il2CppMethodDefinition.slot
Sirenix.Utilities.LinqExtensions+<PrependWith>d__8`1::MoveNext	CALL	v280 @ X23_v11	v455 @ X1_v32	0			RUNTIME_DISPATCH		UNRESOLVED	METHOD_POINTER:UNKNOWN_CLASS_SOURCE:CLASS_NOT_AN_INTERFACE_POINTER
Sirenix.Utilities.LinqExtensions+<PrependWith>d__8`1::MoveNext	CALL	v258 @ X23_v10	v659 @ X1_v22	0			RUNTIME_DISPATCH		UNRESOLVED	INVOKER_THROUGH_METHOD:UNKNOWN_CLASS_SOURCE:CLASS_NOT_AN_INTERFACE_POINTER
Cysharp.Threading.Tasks.TaskPool`1::TryPush	CALL	item @ X1 (T)	v196 @ X1_v5 (Il2CppClass<Cysharp.Threading.Tasks.ITaskPoolNode`1<T>>)	0	Cysharp.Threading.Tasks.ITaskPoolNode`1::get_NextNode	0x0600002D	RUNTIME_DISPATCH	T	EXACT	lookup(receiver, interface class, slot) reaches the dispatch pointer; slot = Il2CppMethodDefinition.slot
Mono.Security.X509.PKCS12::RemoveCertificate	CALL	v709 @ X19_v16 (System.Collections.IDictionary)	[v706 @ X20_v18 (Il2CppClass<System.Collections.IDictionary>)]	0	System.Collections.IDictionary::get_Item	0x06002BBD	RUNTIME_DISPATCH		EXACT	lookup(receiver, interface class, slot) reaches the dispatch pointer; slot = Il2CppMethodDefinition.slot
Sirenix.Utilities.LinqExtensions::AddRange	CALL	range @ X1 (System.Collections.Generic.IEnumerable`1<T>)	Type: Il2CppClass<System.Collections.Generic.IEnumerable`1<T>>	0	System.Collections.Generic.IEnumerable`1::GetEnumerator	0x06002EC8	RUNTIME_DISPATCH	T	EXACT	lookup(receiver, interface class, slot) reaches the dispatch pointer; slot = Il2CppMethodDefinition.slot
Sirenix.Utilities.LinqExtensions::AddRange	CALL	v188 @ X0_v40 (System.Collections.IEnumerator)	Type: Il2CppClass<System.Collections.Generic.IEnumerator`1<T>>	0	System.Collections.Generic.IEnumerator`1::get_Current	0x06002EC9	RUNTIME_DISPATCH		UNRESOLVED	INVOKER_THROUGH_METHOD:METADATA_USAGE:DISPATCH_PATH_NOT_RECOVERED
Sirenix.Utilities.LinqExtensions::IsNullOrEmpty	CALL	list @ X0 (System.Collections.Generic.IList`1<T>)	v45 @ X1_v3 (Il2CppClass<System.Collections.Generic.ICollection`1<T>>)	0	System.Collections.Generic.ICollection`1::get_Count	0x06002EB9	RUNTIME_DISPATCH	T	EXACT	lookup(receiver, interface class, slot) reaches the dispatch pointer; slot = Il2CppMethodDefinition.slot
Sirenix.Utilities.LinqExtensions::Populate	CALL	list @ X0 (System.Collections.Generic.IList`1<T>)	v73 @ X1_v3 (Il2CppClass<System.Collections.Generic.ICollection`1<T>>)	0	System.Collections.Generic.ICollection`1::get_Count	0x06002EB9	RUNTIME_DISPATCH	T	EXACT	lookup(receiver, interface class, slot) reaches the dispatch pointer; slot = Il2CppMethodDefinition.slot
Sirenix.Utilities.LinqExtensions::Populate	CALL	list @ X0 (System.Collections.Generic.IList`1<T>)	Type: Il2CppClass<System.Collections.Generic.IList`1<T>>	1	System.Collections.Generic.IList`1::set_Item	0x06002ECD	RUNTIME_DISPATCH		UNRESOLVED	INVOKER_THROUGH_METHOD:METADATA_USAGE:DISPATCH_PATH_NOT_RECOVERED
Cysharp.Threading.Tasks.TriggerEvent`1::Remove	CALL	handler @ X1 (Cysharp.Threading.Tasks.ITriggerHandler`1<T>)	v168 @ X1_v5 (Il2CppClass<Cysharp.Threading.Tasks.ITriggerHandler`1<T>>)	2	Cysharp.Threading.Tasks.ITriggerHandler`1::get_Prev	0x06000033	RUNTIME_DISPATCH	T	EXACT	lookup(receiver, interface class, slot) reaches the dispatch pointer; slot = Il2CppMethodDefinition.slot
Cysharp.Threading.Tasks.TriggerEvent`1::Remove	CALL	handler @ X1 (Cysharp.Threading.Tasks.ITriggerHandler`1<T>)	v334 @ X1_v8 (Il2CppClass<Cysharp.Threading.Tasks.ITriggerHandler`1<T>>)	4	Cysharp.Threading.Tasks.ITriggerHandler`1::get_Next	0x06000035	RUNTIME_DISPATCH	T	EXACT	lookup(receiver, interface class, slot) reaches the dispatch pointer; slot = Il2CppMethodDefinition.slot
Cysharp.Threading.Tasks.TriggerEvent`1::Remove	CALL	v415 @ X0_v23 (Cysharp.Threading.Tasks.ITriggerHandler`1<T>)	v492 @ X1_v52 (Il2CppClass<Cysharp.Threading.Tasks.ITriggerHandler`1<T>>)	3	Cysharp.Threading.Tasks.ITriggerHandler`1::set_Prev	0x06000034	RUNTIME_DISPATCH	T	EXACT	lookup(receiver, interface class, slot) reaches the dispatch pointer; slot = Il2CppMethodDefinition.slot
Cysharp.Threading.Tasks.TriggerEvent`1::Remove	CALL	v315 @ X0_v18 (Cysharp.Threading.Tasks.ITriggerHandler`1<T>)	v668 @ X1_v48 (Il2CppClass<Cysharp.Threading.Tasks.ITriggerHandler`1<T>>)	5	Cysharp.Threading.Tasks.ITriggerHandler`1::set_Next	0x06000036	RUNTIME_DISPATCH	T	EXACT	lookup(receiver, interface class, slot) reaches the dispatch pointer; slot = Il2CppMethodDefinition.slot
Cysharp.Threading.Tasks.TriggerEvent`1::Remove	CALL	v580 @ X23_v3 (Cysharp.Threading.Tasks.ITriggerHandler`1<T>)	v762 @ X1_v38 (Il2CppClass<Cysharp.Threading.Tasks.ITriggerHandler`1<T>>)	2	Cysharp.Threading.Tasks.ITriggerHandler`1::get_Prev	0x06000033	RUNTIME_DISPATCH	T	EXACT	lookup(receiver, interface class, slot) reaches the dispatch pointer; slot = Il2CppMethodDefinition.slot
Cysharp.Threading.Tasks.TriggerEvent`1::Remove	CALL	v654 @ X23_v5 (Cysharp.Threading.Tasks.ITriggerHandler`1<T>)	v835 @ X1_v24 (Il2CppClass<Cysharp.Threading.Tasks.ITriggerHandler`1<T>>)	2	Cysharp.Threading.Tasks.ITriggerHandler`1::get_Prev	0x06000033	RUNTIME_DISPATCH	T	EXACT	lookup(receiver, interface class, slot) reaches the dispatch pointer; slot = Il2CppMethodDefinition.slot
Cysharp.Threading.Tasks.TriggerEvent`1::Remove	CALL	v253 @ X23_v8 (Cysharp.Threading.Tasks.ITriggerHandler`1<T>)	v1139 @ X1_v27 (Il2CppClass<Cysharp.Threading.Tasks.ITriggerHandler`1<T>>)	2	Cysharp.Threading.Tasks.ITriggerHandler`1::get_Prev	0x06000033	RUNTIME_DISPATCH	T	EXACT	lookup(receiver, interface class, slot) reaches the dispatch pointer; slot = Il2CppMethodDefinition.slot
Cysharp.Threading.Tasks.TriggerEvent`1::Remove	CALL	handler @ X1 (Cysharp.Threading.Tasks.ITriggerHandler`1<T>)	v842 @ X1_v16 (Il2CppClass<Cysharp.Threading.Tasks.ITriggerHandler`1<T>>)	3	Cysharp.Threading.Tasks.ITriggerHandler`1::set_Prev	0x06000034	RUNTIME_DISPATCH	T	EXACT	lookup(receiver, interface class, slot) reaches the dispatch pointer; slot = Il2CppMethodDefinition.slot
Cysharp.Threading.Tasks.TriggerEvent`1::Remove	TAIL	handler @ X1 (Cysharp.Threading.Tasks.ITriggerHandler`1<T>)	v1077 @ X1_v19 (Il2CppClass<Cysharp.Threading.Tasks.ITriggerHandler`1<T>>)	5	Cysharp.Threading.Tasks.ITriggerHandler`1::set_Next	0x06000036	RUNTIME_DISPATCH	T	EXACT	lookup(receiver, interface class, slot) reaches the dispatch pointer; slot = Il2CppMethodDefinition.slot
Tayx.Graphy.Fps.G_FpsManager::Init	CALL	v340 @ X0_v6 (UnityEngine.Transform)	[v220 @ X24_v3 (Il2CppClass<System.IDisposable>)]	0	System.IDisposable::Dispose	0x0600079F	RUNTIME_DISPATCH		EXACT	lookup(receiver, interface class, slot) reaches the dispatch pointer; slot = Il2CppMethodDefinition.slot
Tayx.Graphy.Fps.G_FpsManager::Init	CALL	v285 @ X0_v18	[v220 @ X24_v3 (Il2CppClass<System.IDisposable>)]	0	System.IDisposable::Dispose	0x0600079F	RUNTIME_DISPATCH		EXACT	lookup(receiver, interface class, slot) reaches the dispatch pointer; slot = Il2CppMethodDefinition.slot
Cysharp.Threading.Tasks.TriggerEvent`1::Remove	CALL	v315 @ X0_v18 (Cysharp.Threading.Tasks.ITriggerHandler`1<T>)	Type: Il2CppClass<Cysharp.Threading.Tasks.ITriggerHandler`1<T>>	3	Cysharp.Threading.Tasks.ITriggerHandler`1::set_Prev	0x06000034	RUNTIME_DISPATCH	T	EXACT	lookup(receiver, interface class, slot) reaches the dispatch pointer; slot = Il2CppMethodDefinition.slot
Cysharp.Threading.Tasks.TriggerEvent`1::Remove	CALL	v282 @ X21_v5 (Cysharp.Threading.Tasks.ITriggerHandler`1<T>)	Type: Il2CppClass<Cysharp.Threading.Tasks.ITriggerHandler`1<T>>	3	Cysharp.Threading.Tasks.ITriggerHandler`1::set_Prev	0x06000034	RUNTIME_DISPATCH	T	EXACT	lookup(receiver, interface class, slot) reaches the dispatch pointer; slot = Il2CppMethodDefinition.slot
Sirenix.Utilities.LinqExtensions+<PrependWith>d__9`1::MoveNext	CALL	v187 @ X24_v14	v499 @ X1_v53	0			RUNTIME_DISPATCH		UNRESOLVED	METHOD_POINTER:UNKNOWN_CLASS_SOURCE:CLASS_NOT_AN_INTERFACE_POINTER
Sirenix.Utilities.LinqExtensions+<PrependWith>d__9`1::MoveNext	CALL	v261 @ X22_v9	v910 @ X1_v43	0			RUNTIME_DISPATCH		UNRESOLVED	INVOKER_THROUGH_METHOD:UNKNOWN_CLASS_SOURCE:CLASS_NOT_AN_INTERFACE_POINTER
Sirenix.Utilities.LinqExtensions+<PrependWith>d__9`1::MoveNext	CALL	v400 @ X23_v14	v961 @ X1_v36	0			RUNTIME_DISPATCH		UNRESOLVED	METHOD_POINTER:UNKNOWN_CLASS_SOURCE:CLASS_NOT_AN_INTERFACE_POINTER
Sirenix.Utilities.LinqExtensions+<PrependWith>d__9`1::MoveNext	CALL	v202 @ X23_v13	v925 @ X1_v21	0			RUNTIME_DISPATCH		UNRESOLVED	INVOKER_THROUGH_METHOD:UNKNOWN_CLASS_SOURCE:CLASS_NOT_AN_INTERFACE_POINTER
Sirenix.Utilities.LinqExtensions::AddRange	CALL	v248 @ X0_v46 (System.Collections.IEnumerator)	Type: Il2CppClass<System.Collections.Generic.IEnumerator`1<T>>	0	System.Collections.Generic.IEnumerator`1::get_Current	0x06002EC9	RUNTIME_DISPATCH		UNRESOLVED	INVOKER_THROUGH_METHOD:METADATA_USAGE:DISPATCH_PATH_NOT_RECOVERED
Sirenix.Utilities.LinqExtensions::AddRange	CALL	list @ X0 (System.Collections.Generic.IList`1<T>)	Type: Il2CppClass<System.Collections.Generic.ICollection`1<T>>	2	System.Collections.Generic.ICollection`1::Add	0x06002EBB	RUNTIME_DISPATCH		UNRESOLVED	INVOKER_THROUGH_METHOD:METADATA_USAGE:DISPATCH_PATH_NOT_RECOVERED
Sirenix.Utilities.LinqExtensions::Sort	CALL	list @ X0 (System.Collections.Generic.IList`1<T>)	Type: Il2CppClass<System.Collections.Generic.IList`1<T>>	1	System.Collections.Generic.IList`1::set_Item	0x06002ECD	RUNTIME_DISPATCH		UNRESOLVED	INVOKER_THROUGH_METHOD:METADATA_USAGE:DISPATCH_PATH_NOT_RECOVERED
Sirenix.Utilities.LinqExtensions+<PrependIf>d__10`1::MoveNext	CALL	v336 @ X23_v12	v508 @ X1_v28	0			RUNTIME_DISPATCH		UNRESOLVED	METHOD_POINTER:UNKNOWN_CLASS_SOURCE:CLASS_NOT_AN_INTERFACE_POINTER
Sirenix.Utilities.LinqExtensions+<PrependIf>d__10`1::MoveNext	CALL	v250 @ X23_v11	v709 @ X1_v18	0			RUNTIME_DISPATCH		UNRESOLVED	INVOKER_THROUGH_METHOD:UNKNOWN_CLASS_SOURCE:CLASS_NOT_AN_INTERFACE_POINTER
Sirenix.Utilities.LinqExtensions::Sort	CALL	list @ X0 (System.Collections.Generic.IList`1<T>)	Type: Il2CppClass<System.Collections.Generic.IList`1<T>>	1	System.Collections.Generic.IList`1::set_Item	0x06002ECD	RUNTIME_DISPATCH		UNRESOLVED	INVOKER_THROUGH_METHOD:METADATA_USAGE:DISPATCH_PATH_NOT_RECOVERED
Sirenix.Serialization.DefaultSerializationBinder::BindToName	CALL	v1047 @ X0_v5 (System.NullReferenceException)	v1044 @ X1_v2 (Il2CppMethodInfo)	v544 @ X2_v2 (System.Boolean)			RUNTIME_DISPATCH		UNRESOLVED	TWO_LOADS_OTHER:UNKNOWN_CLASS_SOURCE:CLASS_NOT_AN_INTERFACE_POINTER
Sirenix.Serialization.DefaultSerializationBinder::BindToName	CALL	v1047 @ X0_v5 (System.NullReferenceException)	v1044 @ X1_v2 (Il2CppMethodInfo)	v544 @ X2_v2 (System.Boolean)			RUNTIME_DISPATCH		UNRESOLVED	TWO_LOADS_OTHER:UNKNOWN_CLASS_SOURCE:CLASS_NOT_AN_INTERFACE_POINTER
Sirenix.Serialization.DefaultSerializationBinder::BindToName	CALL	v1047 @ X0_v5 (System.NullReferenceException)	v1044 @ X1_v2 (Il2CppMethodInfo)	v544 @ X2_v2 (System.Boolean)			RUNTIME_DISPATCH		UNRESOLVED	TWO_LOADS_OTHER:UNKNOWN_CLASS_SOURCE:CLASS_NOT_AN_INTERFACE_POINTER
Sirenix.Utilities.LinqExtensions+<PrependIf>d__11`1::MoveNext	CALL	v334 @ X23_v11	v481 @ X1_v27	0			RUNTIME_DISPATCH		UNRESOLVED	METHOD_POINTER:UNKNOWN_CLASS_SOURCE:CLASS_NOT_AN_INTERFACE_POINTER
Sirenix.Utilities.LinqExtensions+<PrependIf>d__11`1::MoveNext	CALL	v248 @ X23_v10	v682 @ X1_v17	0			RUNTIME_DISPATCH		UNRESOLVED	INVOKER_THROUGH_METHOD:UNKNOWN_CLASS_SOURCE:CLASS_NOT_AN_INTERFACE_POINTER
Tayx.Graphy.Audio.G_AudioManager::Init	CALL	v340 @ X0_v6 (UnityEngine.Transform)	[v220 @ X24_v3 (Il2CppClass<System.IDisposable>)]	0	System.IDisposable::Dispose	0x0600079F	RUNTIME_DISPATCH		EXACT	lookup(receiver, interface class, slot) reaches the dispatch pointer; slot = Il2CppMethodDefinition.slot
Tayx.Graphy.Audio.G_AudioManager::Init	CALL	v285 @ X0_v18	[v220 @ X24_v3 (Il2CppClass<System.IDisposable>)]	0	System.IDisposable::Dispose	0x0600079F	RUNTIME_DISPATCH		EXACT	lookup(receiver, interface class, slot) reaches the dispatch pointer; slot = Il2CppMethodDefinition.slot
Sirenix.Utilities.LinqExtensions+<PrependIf>d__12`1::MoveNext	CALL	v332 @ X24_v15	v663 @ X1_v55	0			RUNTIME_DISPATCH		UNRESOLVED	METHOD_POINTER:UNKNOWN_CLASS_SOURCE:CLASS_NOT_AN_INTERFACE_POINTER
Sirenix.Utilities.LinqExtensions+<PrependIf>d__12`1::MoveNext	CALL	v263 @ X22_v8	v1026 @ X1_v44	0			RUNTIME_DISPATCH		UNRESOLVED	INVOKER_THROUGH_METHOD:UNKNOWN_CLASS_SOURCE:CLASS_NOT_AN_INTERFACE_POINTER
Sirenix.Utilities.LinqExtensions+<PrependIf>d__12`1::MoveNext	CALL	v407 @ X23_v14	v670 @ X1_v31	0			RUNTIME_DISPATCH		UNRESOLVED	METHOD_POINTER:UNKNOWN_CLASS_SOURCE:CLASS_NOT_AN_INTERFACE_POINTER
Sirenix.Utilities.LinqExtensions+<PrependIf>d__12`1::MoveNext	CALL	v204 @ X23_v13	v1033 @ X1_v21	0			RUNTIME_DISPATCH		UNRESOLVED	INVOKER_THROUGH_METHOD:UNKNOWN_CLASS_SOURCE:CLASS_NOT_AN_INTERFACE_POINTER
Tayx.Graphy.Ram.G_RamManager::Init	CALL	v335 @ X0_v6 (UnityEngine.Transform)	[v220 @ X24_v3 (Il2CppClass<System.IDisposable>)]	0	System.IDisposable::Dispose	0x0600079F	RUNTIME_DISPATCH		EXACT	lookup(receiver, interface class, slot) reaches the dispatch pointer; slot = Il2CppMethodDefinition.slot
Tayx.Graphy.Ram.G_RamManager::Init	CALL	v282 @ X0_v18	[v220 @ X24_v3 (Il2CppClass<System.IDisposable>)]	0	System.IDisposable::Dispose	0x0600079F	RUNTIME_DISPATCH		EXACT	lookup(receiver, interface class, slot) reaches the dispatch pointer; slot = Il2CppMethodDefinition.slot
Sirenix.Utilities.LinqExtensions+<PrependIf>d__13`1::MoveNext	CALL	[v18 @ X29_v1-18]	v123 @ X1_v35	4294967295			RUNTIME_DISPATCH		UNRESOLVED	TWO_LOADS_OTHER:UNKNOWN_CLASS_SOURCE:CLASS_NOT_AN_INTERFACE_POINTER
Sirenix.Utilities.LinqExtensions+<PrependIf>d__13`1::MoveNext	CALL	v374 @ X23_v13	v518 @ X1_v29	0			RUNTIME_DISPATCH		UNRESOLVED	METHOD_POINTER:UNKNOWN_CLASS_SOURCE:CLASS_NOT_AN_INTERFACE_POINTER
Sirenix.Utilities.LinqExtensions+<PrependIf>d__13`1::MoveNext	CALL	v251 @ X23_v12	v736 @ X1_v19	0			RUNTIME_DISPATCH		UNRESOLVED	INVOKER_THROUGH_METHOD:UNKNOWN_CLASS_SOURCE:CLASS_NOT_AN_INTERFACE_POINTER
Mono.Security.X509.X509Chain::FindCertificateParent	CALL	v193 @ X0_v6 (Mono.Security.X509.X509CertificateCollection+X509CertificateEnumerator)	[v112 @ X23_v2 (Il2CppClass<System.IDisposable>)]	0	System.IDisposable::Dispose	0x0600079F	RUNTIME_DISPATCH		EXACT	lookup(receiver, interface class, slot) reaches the dispatch pointer; slot = Il2CppMethodDefinition.slot
Mono.Security.X509.X509Chain::FindCertificateParent	CALL	v196 @ X0_v19	[v111 @ X23_v4 (Il2CppClass<System.IDisposable>)]	0	System.IDisposable::Dispose	0x0600079F	RUNTIME_DISPATCH		EXACT	lookup(receiver, interface class, slot) reaches the dispatch pointer; slot = Il2CppMethodDefinition.slot
