System : System Tester
System : System Version: Unix 6.18.44.24
System : Operating System: Linux x64
System : AssetRipper Version: 1.3.14.0
System : AssetRipper Build Type: Release Compiled
System : UTC Current Time: Thu Sep 10 11:40:53 UTC 2026
System : UTC Compile Time: Unknown

General : Configuration Settings:
General : ExportRootPath: /home/user/AssetRipper/Source/0Bins/AssetRipper.Tools.SystemTester/Release/Ripped
General : ScriptContentLevel: Level3
General : StreamingAssetsMode: Extract
General : DefaultVersion: 0.0.0a0
General : TargetVersion: 0.0.0a0
General : EmitIl2CppOffsets: True
General : ReconstructNativeBodies: True
General : Il2CppStructDbPath: /home/user/AssetRipper/StructDb
General : EnablePrefabOutlining: False
General : EnableStaticMeshSeparation: True
General : EnableAssetDeduplication: False
General : BundledAssetsExportMode: DirectExport
General : AudioExportFormat: Default
General : ImageExportFormat: Png
General : LightmapTextureExportFormat: Yaml
General : ScriptExportMode: Decompiled
General : ScriptLanguageVersion: AutoSafe
General : ShaderExportMode: Dummy
General : SpriteExportMode: Yaml
General : TextExportMode: Parse
General : ExportUnreadableAssets: False
General : PreferOriginalTextureExtension: True
General : ClearExportDirectory: True
Import : Attempting to read files from Test/Input/Impostor
Import : Android game structure has been found at 'Test/Input/Impostor'
Import : Collecting game files...
Import : Asset bundle 'data.unity3d' has been found
Import : Files use the 'IL2Cpp' scripting backend.
Import : Il2Cpp recovery installed: offset attributes on, body reconstruction on, struct database /home/user/AssetRipper/StructDb.
Import : During Il2Cpp initialization, found Unity version: 2022.3.62f2
Cpp2IL : Initializing Metadata...
Cpp2IL : Using actual IL2CPP Metadata version 31.1
Cpp2IL : Initialized Metadata in 223ms
Cpp2IL : Using binary type ELF (from LibCpp2IL)
Cpp2IL : Searching Binary for Required Data...
Cpp2IL : Got Binary codereg: 0x185AF98, metareg: 0x18E3608 in 100ms.
Cpp2IL : Initializing Binary...
Cpp2IL : Initialized Binary in 102ms
Cpp2IL : Mapping pointers to Il2CppMethodDefinitions...
Cpp2IL : Processed 33436 OK (73ms)
Cpp2IL : Creating application model...
Cpp2IL : Application model created in 966.6271ms
Import : IL2CPP struct database: 370 Unity versions indexed from /home/user/AssetRipper/StructDb
Import : IL2CPP struct database: applied 9 measured Il2CppClass and 2 MethodInfo offsets for Unity 2022.3.62f2 (64-bit).
Import : IL2CPP struct database loaded: Unity 2022.3.62f2, 64-bit, sizeof(Il2CppClass) = 312
Import : Il2Cpp recovery: Unity 2022.3.62f2, metadata v31.1, 64-bit, instruction set Arm64InstructionSetSelector.
Import : Il2Cpp recovery: 10 assemblies will be attempted, 30 framework assemblies will be stubbed. Attempted: ACTk.Runtime, Assembly-CSharp, DOTween, GoogleMobileAds, LeanCommon, LeanPool, Mono.Security, spine-unity, spine-unity-examples, __Generated
Import : Il2Cpp field layout self-check: of 1472 non-generic types with measured offsets, 1394 reproduced exactly, 78 laid out too few fields, 0 disagreed.
Import : Il2Cpp recovery: sampled 200 methods from the game's assemblies — 200 lifted to ISIL, 0 produced none, 0 over the 30000 byte analysis cap, 0 threw.
Import : Native source injection: reconstructed 5740 method bodies.
Cpp2IL : Finding key function addresses...
Cpp2IL : Key function addresses found in 0.0054ms
Import : Il2Cpp method body recovery attempted 6014 methods; 0 failed to convert. Framework assemblies are stubbed by design, and a method whose native code produced no ISIL keeps an empty body.
Import : Il2Cpp method body recovery: 4667 memory loads the generator gave up on, by kind:
Import :           850 past the last field of the base type   e.g. ExposedList`1..ctor: 10 Move v13 @ X0_v1, [v12 @ X8_v2 (Il2CppRgctx<Spine.ExposedList`1>)+10]
Import :           368 value type base   e.g. EventQueue.Drain: 89 ShiftLeft v200 @ TEMPSHIFT_v1 (System.Int32), [v224 @ X26_v6 (System.Int32)+v84 @ stack_-68], 2
Import :           254 Il2CppClass.typeHierarchyDepth   e.g. Skin.CopySkin: 300 CheckLess v1053 @ C_v31 (System.Boolean), [v1052 @ X10_v31 (Il2CppClass<Spine.MeshAttachment>)+130], [v207 @ X9_v30 (Il2CppClass<Spine.MeshAttachment>)+130]
Import :           221 generic instance, value type argument   e.g. SkeletonMecanimRootMotion.GetRemainingRootMotion: 36 Call SkeletonRootMotionBase.GetAnimationRootMotion, returnVal2 @ V0_v1 (UnityEngine.Vector2), this @ X0 (Spine.Unity.SkeletonMecanimRootMotion), layerIndex @ X1 (System.Int32), [v48 @ X0_v5 (System.Collections.Generic.KeyValuePair`2<Spine.Animation, System.Single>)+28], v48 @ X0_v5 (System.Collections.Generic.KeyValuePair`2<Spine.Animation, System.Single>)
Import :           218 base has no type, from Move from an untyped base   e.g. ExposedList`1..ctor: 48 Add v137 @ X10_v5, [v69 @ X8_v18+B0], 8
Import :           201 base has no type, from Move from AddressOf(an untyped local)   e.g. ExposedList`1.ConvertAll: 182 Move v260 @ X8_v12, [v24 @ X29_v1-28]
Import :           171 base has no type, from no definition   e.g. ExposedList`1.ConvertAll: 20 Move [v24 @ X29_v1-8], [v27 @ SYSREG+28]
Import :           140 base has no type, from a call's result   e.g. ExposedList`1..ctor: 26 And v43 @ TEMP_v6 (System.Int32), [v47 @ X0_v5+135], 1
Import :            88 base has no type, from Move from [Il2CppRgctx<Spine.Collections.OrderedDictionary`2> + 0x68]   e.g. OrderedDictionary`2.IndexOf: 18 Add v24 @ X10_v1, [v22 @ X8_v3+FC], 15
Import :            82 Il2CppClass.interface_offsets_count   e.g. ExposedList`1.AddCollection: 24 Move v143 @ X9_v12, [v45 @ X8_v4 (Il2CppClass<System.Collections.Generic.ICollection`1<T>>)+12E]
Import :            74 between fields of the base type   e.g. ActivateBasedOnFlipDirection.Start: 62 Move this.skeletonComponent (Spine.Unity.ISkeletonComponent), [this @ X0 (Spine.Unity.ActivateBasedOnFlipDirection)+v104 @ X8_v7 (System.Int32)]
Import :            71 base has no type, from Add of Single[] and Immediate   e.g. EventTimeline.Apply: 165 CheckEqual v440 @ Z_v20 (System.Boolean), [v341 @ X12_v5+v343 @ X11_v6 (System.Int32)*4], v58[v403 @ X0_v12 (System.Int32)]
Import :            70 base has no type, from Add of an untyped local and Immediate   e.g. ExposedList`1..ctor: 54 CheckEqual v142 @ Z_v4 (System.Boolean), [v137 @ X10_v5-8], v67 @ X1_v7
Import :            70 absolute address   e.g. Bone.UpdateWorldTransform: 698 Move v280 @ X8_v18, [1A37000]
Import :            53 Il2CppMethodInfo.0x53   e.g. RewardedAdDummyClient..ctor: 30 And v46 @ TEMP_v4 (System.Int32), [v44 @ X0_v3 (Il2CppMethodInfo)+53], 2
Import :            50 base has no type, from Add of [Il2CppClass<System.Object> + 0xC8] and Int32   e.g. Sequence.ApplyInternalCycle: 212 CheckNotEqual v171 @ TEMPCOND_v52 (System.Boolean), [v1031 @ X8_v67-8], v360 @ X1_v21
Import :            48 base has no type, from Move from an untyped local   e.g. ExposedList`1..ctor: 20 And v25 @ TEMP_v1 (System.Int32), [v44 @ X1_v4+135], 1
Import :            48 Il2CppClass.typeHierarchy   e.g. AnimationState.Apply: 507 Add v1019 @ X9_v21, [v1000 @ X9_v11 (Il2CppClass<Spine.AttachmentTimeline>)+C8], v1018 @ TEMPSHIFT_v18 (System.Int32)
Import :            48 Il2CppClass.cctor_finished   e.g. SkeletonDataAsset.GetAtlasArray: 82 Move v77 @ X9_v1 (Il2CppMethodInfo), [v252 @ X0_v11 (Il2CppClass<UnityEngine.Object>)+E0]
Import :            45 base has no type, from Add of Vector3[] and Int32   e.g. DOTween.ToArray: 119 Move [v400 @ X14_v9+20], [v399 @ X14_v8+20]
Import :            45 base has no type, from Add of the field Vector3[] and Int32   e.g. Vector3ArrayPlugin.ConvertToStartValue: 85 Move [v237 @ X11_v9+14], [v248 @ X11_v8+8]
Import :            44 base has no type, from Move from [Il2CppRgctx<Spine.Collections.OrderedDictionary`2> + 0x88]   e.g. OrderedDictionary`2.TryGetValue: 32 Add v46 @ X10_v3, [v37 @ X8_v3+FC], 15
Import :            42 generic instance, reference arguments   e.g. Enumerator.MoveNext: 35 CheckGreaterOrEqual v51 @ TEMPCOND_v4 (System.Boolean), [this @ X0 (Spine.ExposedList`1<T>+Enumerator<T>)+8], [v38 @ X9_v3+18]
Import :            40 base has no type, from Add of Single[] and Int32   e.g. EventTimeline.Apply: 72 CheckLess v338 @ C_v34 (System.Boolean), [v337 @ X8_v16+20], lastTime @ V0 (System.Single)
Import :            38 static field storage at 0x8   e.g. SkeletonGraphic.UpdateMeshMultipleCanvasRenderers: 512 Move v223 @ V2_v8 (System.Single), [v1051 @ X8_v66 (Il2CppStaticFields<UnityEngine.Vector3>)+8]
Import :            36 Il2CppClass.interfaceOffsets   e.g. ExposedList`1.AddCollection: 28 Add v152 @ X10_v12, [v45 @ X8_v4 (Il2CppClass<System.Collections.Generic.ICollection`1<T>>)+B0], 8
Import :            33 static field storage at 0x3C   e.g. DataController.GenarateDataMap: 282 Move v813 @ X8_v62 (Il2CppStaticFields<UnityEngine.Quaternion>), [v308 @ X8_v16 (Il2CppStaticFields<UnityEngine.Quaternion>)+3C]
Import :            32 base has no type, from Add of the field SubmeshInstruction[] and Int32   e.g. SkeletonRenderSeparator.HandleRender: 145 CheckEqual v542 @ TEMP_v42 (System.Boolean), [v557 @ X8_v22+38], 0
Import :            32 Il2CppClass.0x28   e.g. Skeleton..ctor: 284 CallVoid ExposedList`1<System.Object>.Add, [v551 @ X23_v40 (Il2CppClass<Spine.ExposedList`1<Spine.IUpdatable>>)+28], v1164 @ X0_v168 (Spine.Bone)
Import :            31 base has no type, from Add of ArrayAccess and Immediate   e.g. DeformTimeline.Apply: 395 Subtract v1931 @ V2_v39, [v194 @ X12_v23+v793 @ X8_v75 (System.Int32)*4], [v679 @ X10_v25+v793 @ X8_v75 (System.Int32)*4]
Import :            30 base has no type, from Add of an untyped local and Int32   e.g. AtlasUtilities.GetRepackedSkin: 1118 Move v742 @ X21_v13 (System.Collections.Generic.List`1<System.Object>), [v768 @ X8_v40+20]
Import :            27 negative offset off a typed base   e.g. ExposedList`1.AddEnumerable: 207 CheckEqual v572 @ Z_v6 (System.Boolean), [v567 @ X10_v7 (System.Int32)-8], [v190 @ X22_v2 (Il2CppClass<System.IDisposable>)]
Import :            27 base has no type, from Add of the field Single[] and Immediate   e.g. DeformTimeline.Apply: 398 Add v1265 @ V1_v59 (System.Single), [v234 @ X11_v22+v793 @ X8_v75 (System.Int32)*4], v1932 @ V1_v58 (System.Single)
Import :            22 base has no type, from Add of the field Single[] and Int32   e.g. MeshGenerator.FillMeshLocal: 448 Move [v1084 @ X8_v61+24], [v961 @ X8_v55+24]
Import :            20 Il2CppClass.0x38   e.g. Utils.GetAdRequestJavaObject: 1061 Move v113 @ X8_v9 (Il2CppStaticFields<System.EmptyArray`1<System.Object>>), [v3569 @ X20_v59 (Il2CppClass<System.String>)+38]
Import :            20 base has no type, from Add of Object and Int32   e.g. CSVSerializer.CreateArray: 113 Move v98 @ X25_v5 (System.String), [v204 @ X8_v14+20]
Import :            17 base has no type, from Move from [Il2CppRgctx<Spine.ExposedList`1> + 0x10]   e.g. ExposedList`1..ctor: 12 And v15 @ TEMP_v1 (System.Int32), [v13 @ X0_v1+135], 1
Import :            16 Il2CppClass.0x18   e.g. JsonDecoder.ParseObject: 108 Call Lexer.NextToken, v259 @ X0_v31 (SharpJson.Lexer+Token), [v161 @ X22_v5 (Il2CppClass<System.Collections.Generic.Dictionary`2<System.String, System.Object>>)+18], v134 @ X1_v14 (System.Int32&)
Import :            16 base has no type, from Move from an absolute address   e.g. Bone.UpdateWorldTransform: 701 Move v283 @ X8_v19, [v280 @ X8_v18+B8]
Import :            16 base has no type, from Move from [Il2CppRgctx<Lean.Pool.LeanClassPool`1> + 0x10]   e.g. LeanClassPool`1.Spawn: 17 And v37 @ TEMP_v4 (System.Int32), [v35 @ X0_v3+135], 1
Import :            16 Il2CppMethodInfo.klass   e.g. MecanimTranslator.Initialize: 63 Move [v50 @ X8_v3 (Il2CppMethodInfo)+18], 0
Import :            14 base has no type, from Move from [Object + 0x10]   e.g. MeshGenerator.RequiresMultipleSubmeshesByDrawOrder: 171 Move v341 @ X20_v9 (UnityEngine.Object), [v167 @ X8_v21+30]
Import :            14 base has no type, from Add of [Int32 + 0xC8] and Int32   e.g. MeshGenerator.BuildMeshWithArrays: 358 Move v1155 @ X17_v4 (System.Int32), [v2857 @ X17_v35-8]
Import :            13 static field storage at 0x28   e.g. <JumpRoutine>d__19.MoveNext: 150 Multiply v213 @ V1_v3 (System.Single), v306 @ V0_v5 (System.Single), [v309 @ X8_v8 (Il2CppStaticFields<UnityEngine.Vector3>)+28]
Import :            13 Il2CppClass.elementType   e.g. MeshGenerator.BuildMeshWithArrays: 707 Move v2474 @ X24_v19 (Spine.ExposedList`1<UnityEngine.Vector2>), [v302 @ X26_v15 (Il2CppClass<Spine.ExposedList`1<UnityEngine.Vector2>>)+40]
Import :            12 base has no type, from Move from [Il2CppRgctx<SingletonMono`1> + 0x8]   e.g. SingletonMono`1..cctor: 51 And v68 @ TEMP_v13 (System.Int32), [v66 @ X0_v10+135], 1
Import :            12 Il2CppClass.0x80   e.g. <GetEnumerator>d__34.MoveNext: 86 Add v267 @ X1_v28 (Il2CppMethodInfo), [v110 @ X8_v22 (Il2CppClass<Il2CppRgctx<Spine.Collections.OrderedDictionary`2+<GetEnumerator>d__34>>)+80], 64
Import :            12 Il2CppClass.0xFC   e.g. ExposedList`1.ConvertAll: 33 Move [v24 @ X29_v1-20], [v57 @ X10_v1 (Il2CppClass<TOutput>)+FC]
Import :            12 base has no type, from Add of Vector3[] and an untyped local   e.g. Vector3ArrayPlugin.EvaluateAndApply: 110 Add v723 @ V0_v100, [v424 @ X11_v8+20], [v425 @ X10_v23+20]
Import :            12 base has no type, from Add of String[] and Immediate   e.g. SpineAtlasAsset.CreateRuntimeInstance: 153 Call String.Trim, v232 @ X0_v61 (System.String), [v89 @ X27_v8+v262 @ X22_v16 (System.Boolean)*8]
Import :            12 Il2CppClass.0x1D0   e.g. BoundingBoxFollower.Initialize: 90 Move v168 @ X2_v6 (System.Int32), [v204 @ X8_v30 (Il2CppClass<Spine.Unity.SkeletonRenderer>)+1D0]
Import :            12 base has no type, from Move from [Il2CppRgctx<SingletonMonoDontDestroy`1> + 0x8]   e.g. SingletonMonoDontDestroy`1.get_Instance: 47 And v59 @ TEMP_v7 (System.Int32), [v57 @ X0_v4+135], 1
Import :            11 array at 0x28, from no definition   e.g. Vector3ArrayPlugin.EvaluateAndApply: 115 Subtract v421 @ V1_v81 (System.Single), v420 @ V2_v29, [changeValue @ X7 (UnityEngine.Vector3[])+28]
Import :            11 static field storage at 0x10   e.g. DataController.GenarateDataMap: 485 Move v823 @ X8_v49 (Il2CppStaticFields<UnityEngine.Quaternion>), [v822 @ X8_v48 (Il2CppStaticFields<UnityEngine.Quaternion>)+10]
Import :            11 Il2CppClass.0x20   e.g. SkeletonGraphic.Initialize: 73 Move v344 @ X0_v23, [v146 @ X8_v12 (Il2CppClass<Spine.Skeleton>)+20]
Import :            10 array at 0x20, from no definition   e.g. Vector3ArrayPlugin.EvaluateAndApply: 109 Move v978 @ V4_v6 (UnityEngine.Vector3), [changeValue @ X7 (UnityEngine.Vector3[])+20]
Import :            10 base has no type, from Add of Byte[] and Immediate   e.g. ObscuredByte.Encrypt: 31 Xor v75 @ X11_v5 (System.Int32), [v22 @ X10_v3+v25 @ X8_v4 (System.Int32)], key @ X1 (System.Byte)
Import :            10 static field storage at 0x4   e.g. SkeletonRootMotion.CalculateAnimationsMovementDelta: 101 Subtract v349 @ V1_v10 (System.Single), v336.y (System.Single), [v302 @ X8_v15 (Il2CppStaticFields<UnityEngine.Vector2>)+4]
Import :            10 base has no type, from Move from [Il2CppMethodInfo + 0x0]   e.g. MeshGenerator.BuildMeshWithArrays: 2174 CheckLessOrEqual v2583 @ TEMPCOND_v12 (System.Boolean), [v2559 @ X8_v16+40], [v1017 @ X8_v18+18]
Import :            10 base has no type, from Move from [Int32 + 0x20]   e.g. MeshGenerator.BuildMeshWithArrays: 200 Move v2476 @ X10_v25 (System.Int32), [v997 @ X8_v51+28]
Import :            10 base has no type, from Move from [Int32 + 0x10]   e.g. PathConstraint..ctor: 153 Move v322 @ X9_v19, [v428 @ X9_v16+10]
Import :             9 base has no type, from Add of [Attachment + 0x28] and Immediate   e.g. DeformTimeline.Apply: 1116 Subtract v1948 @ V1_v54 (System.Single), v1947 @ V1_v53 (System.Single), [v79 @ X14_v12+v807 @ X8_v72 (System.Int32)*4]
Import :             9 base has no type, from Add of the field SubmeshInstruction[] and an untyped local   e.g. MeshGenerator.BuildMeshWithArrays: 2154 Move v977 @ X25_v7 (Spine.Unity.MeshGenerator), [v2559 @ X8_v16+20]
Import :             9 base has no type, from Move from AddressOf(Enumerator<System.Object>)   e.g. SkeletonRagdoll.AttachBoundingBoxRagdollColliders: 274 Move v106 @ stack_-F0_v3 (Spine.ExposedList`1<System.Object>+Enumerator<System.Object>), [v352 @ X8_v46+10]
Import :             8 array at 0x28, from Move from the field Vector3[]   e.g. PathPlugin.SetChangeValue: 190 MakeStruct v599 @ AGGC23558_0_v7 (UnityEngine.Vector3), typeof(UnityEngine.Vector3), [v272 @ X8_v43 (UnityEngine.Vector3[])+20], [v272 @ X8_v43 (UnityEngine.Vector3[])+24], [v272 @ X8_v43 (UnityEngine.Vector3[])+28]
Import :             8 static field storage at 0x38   e.g. DataController.GenarateDataMap: 344 Move v832 @ X0_v31 (UnityEngine.Transform), [v816 @ X8_v59 (Il2CppStaticFields<UnityEngine.Quaternion>)+38]
Import :             8 Il2CppClass.0x1C8   e.g. SkeletonRenderer.Awake: 2 Move v3 @ X3_v1, [v0 @ X8_v1 (Il2CppClass<Spine.Unity.SkeletonRenderer>)+1C8]
Import :             8 static field storage at 0x20   e.g. ShortcutExtensions.LookAt: 159 Move v205 @ V2_v4 (System.Single), [v254 @ X8_v15 (Il2CppStaticFields<UnityEngine.Vector3>)+20]
Import :             8 base has no type, from Add of Il2CppMethodInfo and Int32   e.g. MeshGenerator.BuildMeshWithArrays: 1783 Move v2468 @ V2_v13 (Il2CppClass<Spine.ExposedList`1<System.Int32>>), [v3353 @ X12_v33+20]
Import :             7 base has no type, from Move from AddressOf(ObscuredLong)   e.g. UserResourceItem`1.AddValue: 96 Move v304.idItem.fakeValueActive (System.Boolean), [v307 @ X8_v9+10]
Import :             7 base has no type, from Add of an untyped local and an untyped local   e.g. CubicBezierDecoder.FinalizePath: 367 Subtract v668 @ V1_v5 (System.Single), [v447 @ X0_v7 (UnityEngine.Vector3[])+28], [v636 @ X9_v16+8]
Import :             7 array at 0x20, from Move from the field Vector3[]   e.g. PathPlugin.SetChangeValue: 190 MakeStruct v599 @ AGGC23558_0_v7 (UnityEngine.Vector3), typeof(UnityEngine.Vector3), [v272 @ X8_v43 (UnityEngine.Vector3[])+20], [v272 @ X8_v43 (UnityEngine.Vector3[])+24], [v272 @ X8_v43 (UnityEngine.Vector3[])+28]
Import :             7 base has no type, from Move from AddressOf(AnimatorStateInfo)   e.g. MecanimTranslator.Apply: -1 Move v1489 @ V1_v35 (System.Single), [v1763 @ X8_v84+10]
Import :             7 static field storage at 0x2C   e.g. DOTweenUtils.Angle2D: 76 Multiply v94 @ V2_v6 (System.Single), v52 @ V8_v2 (System.Single), [v53 @ X8_v6 (Il2CppStaticFields<UnityEngine.Vector2>)+2C]
Import :             7 base has no type, from Add of [Il2CppClass<System.Collections.Generic.Dictionary`2<System.Object, System.Object>> + 0xC8] and Int32   e.g. SkeletonJson.ReadSkeletonData: 2904 CheckLess v6998 @ C_v41 (System.Boolean), [v6997 @ X8_v77-8], typeof(System.Collections.Generic.Dictionary`2<System.String, System.Object>)
Import :             7 Il2CppClass.0x190   e.g. Path.GetPoint: 17 Move v21 @ X4_v1, [v16 @ X8_v1 (Il2CppClass<DG.Tweening.Plugins.Core.PathCore.ABSPathDecoder>)+190]
Import :             7 base has no type, from Move from [Object + 0x40]   e.g. MeshGenerator.GenerateSkeletonRendererInstruction: 304 Move v467 @ X27_v12 (System.Int32), [v413 @ X28_v12+78]
Import :             6 base has no type, from Move from [TweenerCore`3<System.Int32, System.Int32, DG.Tweening.Plugins.Options.NoOptions> + 0x140]   e.g. IntPlugin.SetFrom: 35 Move v75 @ X3_v1, [v46 @ X8_v3+18]
Import :             6 static field storage at 0x1C   e.g. ShortcutExtensions.LookAt: 158 Move v207 @ V1_v4 (System.Single), [v254 @ X8_v15 (Il2CppStaticFields<UnityEngine.Vector3>)+1C]
Import :             6 base has no type, from Add of Vector2[] and Int32   e.g. MeshGenerator.SolveTangents2DTriangles: 142 Subtract v109 @ V3_v5, [v393 @ X14_v5], [v44 @ X14_v6+20]
Import :             6 base has no type, from Move from [TweenerCore`3<UnityEngine.RectOffset, UnityEngine.RectOffset, DG.Tweening.Plugins.Options.NoOptions> + 0x150]   e.g. RectOffsetPlugin.SetFrom: 93 Move v99 @ X3_v1, [v62 @ X8_v4+18]
Import :             6 Il2CppMethodInfo.0x2C   e.g. MeshGenerator.BuildMeshWithArrays: 1024 Move [v1560 @ X13_v33+24], [v416 @ X23_v26 (Il2CppMethodInfo)+2C]
Import :             6 base has no type, from Move from [TweenerCore`3<System.Int64, System.Int64, DG.Tweening.Plugins.Options.NoOptions> + 0x150]   e.g. LongPlugin.SetFrom: 35 Move v75 @ X3_v1, [v46 @ X8_v3+18]
Import :             6 base has no type, from Move from [Il2CppRgctx<Spine.Collections.OrderedDictionary`2+KeyCollection> + 0x50]   e.g. KeyCollection.System.Collections.Generic.ICollection<TKey>.Contains: 18 Add v25 @ X10_v1, [v23 @ X8_v3+FC], 15
Import :             6 base has no type, from Add of the field BoneData[] and Int32   e.g. SkeletonBinary.ReadSkeletonData: 381 Move v1105 @ X26_v29 (Spine.SkeletonBinary), [v2199 @ X8_v179+20]
Import :             6 array at 0x24, from Move from the field Vector3[]   e.g. PathPlugin.SetChangeValue: 190 MakeStruct v599 @ AGGC23558_0_v7 (UnityEngine.Vector3), typeof(UnityEngine.Vector3), [v272 @ X8_v43 (UnityEngine.Vector3[])+20], [v272 @ X8_v43 (UnityEngine.Vector3[])+24], [v272 @ X8_v43 (UnityEngine.Vector3[])+28]
Import :             6 array at 0x0, from a call's result   e.g. Hierarchy..ctor: 92 Call String.Concat, v121 @ X0_v30 (System.String), v121 @ X0_v30 (System.String), [v94 @ X0_v27 (System.String[])+v123 @ X20_v9 (System.Int32)*8]
Import :             6 base has no type, from Move from [TweenerCore`3<System.Double, System.Double, DG.Tweening.Plugins.Options.NoOptions> + 0x150]   e.g. DoublePlugin.SetFrom: 36 Move v76 @ X2_v1, [v52 @ X8_v3+18]
Import :             6 base has no type, from Move from [TweenerCore`3<System.UInt64, System.UInt64, DG.Tweening.Plugins.Options.NoOptions> + 0x150]   e.g. UlongPlugin.SetFrom: 35 Move v75 @ X3_v1, [v46 @ X8_v3+18]
Import :             6 base has no type, from Add of [Il2CppClass<Spine.Attachment> + 0xC8] and Int32   e.g. BoundingBoxFollower.AddCollidersForSkin: 144 Move v339 @ X9_v4 (Il2CppClass<Spine.Attachment>), [v440 @ X9_v18-8]
Import :             6 base has no type, from Add of RuntimeClassTypeAnalysisContext and Int32   e.g. SkeletonJson.ReadAnimation: 3650 Move v10891 @ V10_v16 (System.Single), [v10249 @ X8_v324+20]
Import :             6 base has no type, from Move from [TweenerCore`3<UnityEngine.Quaternion, UnityEngine.Quaternion, DG.Tweening.Plugins.Options.NoOptions> + 0x160]   e.g. PureQuaternionPlugin.SetFrom: 65 Move v136 @ X2_v1, [v88 @ X8_v3+18]
Import :             6 base has no type, from Move from [Il2CppRgctx<Spine.Collections.OrderedDictionary`2+ValueCollection> + 0x40]   e.g. ValueCollection.System.Collections.Generic.ICollection<TValue>.Contains: 18 Add v25 @ X10_v1, [v23 @ X8_v3+FC], 15
Import :             6 base has no type, from Move from [Il2CppRgctx<CodeStage.AntiCheat.Common.KeepAliveBehaviour`1> + 0x28]   e.g. KeepAliveBehaviour`1.get_GetOrCreateInstance: 146 Move v227 @ X0_v38, [v99 @ X21_v5+20]
Import :             5 Il2CppClass.0x208   e.g. SpeedHackDetector.StopDetection: 77 Move v91 @ X2_v2, [v100 @ X8_v13 (Il2CppClass<CodeStage.AntiCheat.Detectors.SpeedHackDetector>)+208]
Import :             5 base has no type, from Add of [TransformConstraintTimeline + 0x20] and Int32   e.g. SkeletonBinary.ReadAnimation: 1166 Move v2530 @ V9_v17 (System.Single), [v2226 @ X8_v135+20]
Import :             5 base has no type, from Add of Boolean and Int32   e.g. Vector3ArrayPlugin.EvaluateAndApply: 347 Multiply v836 @ V1_v62 (System.Single), v984 @ V0_v24 (System.Single), [v833 @ X8_v56+20]
Import :             5 base has no type, from Move from [Il2CppRgctx<Spine.Collections.OrderedDictionary`2+<GetEnumerator>d__34> + 0x38]   e.g. <GetEnumerator>d__34.MoveNext: 41 Add v54 @ X10_v2, [v35 @ X9_v1+FC], 15
Import :             5 Il2CppClass.0x210   e.g. SpeedHackDetector.StopDetection: 78 Move v93 @ X1_v2, [v100 @ X8_v13 (Il2CppClass<CodeStage.AntiCheat.Detectors.SpeedHackDetector>)+210]
Import :             5 base has no type, from Move from [Il2CppClass<System.Collections.Generic.Dictionary`2<System.String, System.Object>> + 0x20]   e.g. SkeletonJson.ReadAnimation: 5022 Subtract v10140 @ X9_v29 (System.Single), [v819 @ X8_v91+18], 1
Import :             5 base has no type, from Move from [Attachment + 0x20]   e.g. Skeleton.SortPathConstraintAttachment: 73 Move v264 @ X20_v4 (Spine.Bone), [v142 @ X21_v4+18]
Import :             5 base has no type, from Move from [Il2CppRgctx<CodeStage.AntiCheat.Common.KeepAliveBehaviour`1> + 0x18]   e.g. KeepAliveBehaviour`1.get_GetOrCreateInstance: 36 Move v60 @ X0_v5, [v50 @ X8_v5+20]
Import :             4 Il2CppClass.0x178   e.g. Sequence..ctor: 64 Move v76 @ X2_v1, [v72 @ X8_v4 (Il2CppClass<DG.Tweening.Sequence>)+178]
Import :             4 Il2CppClass.0x0   e.g. SkeletonBinary.ReadAnimation: 1939 Add v4547 @ V0_v39 (System.Single), [v4451 @ X10_v36 (Il2CppClass<System.Math>)+v3260 @ X8_v88 (System.Int32)*4], [v531 @ X28_v26 (System.Int32)+v3260 @ X8_v88 (System.Int32)*4]
Import :             4 Il2CppMethodInfo.0x0   e.g. SkeletonGhost.OnDestroy: 99 CallVoid SkeletonGhostRenderer.Cleanup, [v165 @ X8_v19 (Il2CppMethodInfo)+v74 @ X22_v8 (System.Int32)*8]
Import :             4 base has no type, from Add of the field ControlPoint[] and Int32   e.g. CubicBezierDecoder.SetWaypointsLengths: 125 Move [v262 @ X9_v8 (DG.Tweening.Plugins.Core.PathCore.ControlPoint[])+30], [v144 @ X11_v6+30]
Import :             4 base has no type, from Move from AddressOf(Int64)   e.g. ObscuredLong.op_Increment: 27 Move returnBuffer.fakeValueActive (System.Boolean), [v14 @ X8_v2+20]
Import :             4 base has no type, from Add of the field Mesh[] and Immediate   e.g. SkeletonGraphic.UpdateMeshMultipleCanvasRenderers: 404 CallVoid MeshGenerator.FillVertexData, this.meshGenerator (Spine.Unity.MeshGenerator), [v642 @ X9_v8+v352 @ X23_v10 (System.Int32)*8]
Import :             4 base has no type, from Add of [Il2CppMethodInfo + 0xC8] and Int32   e.g. SkeletonRagdoll.AttachBoundingBoxRagdollColliders: 232 Move v170 @ X9_v3 (Il2CppMethodInfo), [v1024 @ X9_v19-8]
Import :             4 base has no type, from Move from AddressOf(UInt64)   e.g. ObscuredULong.op_Increment: 27 Move returnBuffer.fakeValueActive (System.Boolean), [v14 @ X8_v2+20]
Import :             4 base has no type, from Add of Material[] and Immediate   e.g. SkeletonGhost.Update: 130 Call Dictionary`2<System.Object, System.Object>.ContainsKey, v585 @ X0_v43 (System.Boolean), this.materialTable (System.Collections.Generic.Dictionary`2<UnityEngine.Material, UnityEngine.Material>), [v328 @ X25_v8+v331 @ X24_v9 (System.Int32)*8]
Import :             4 static field storage at 0xC   e.g. DOTween.Shake: 266 Move v697 @ V8_v5 (System.Single), [v737 @ X8_v40 (Il2CppStaticFields<UnityEngine.Quaternion>)+C]
Import :             4 base has no type, from Move from [Il2CppRgctx<Spine.Collections.OrderedDictionary`2+<GetEnumerator>d__34> + 0x40]   e.g. <GetEnumerator>d__34.MoveNext: 56 Add v68 @ X10_v3, [v36 @ X10_v1+FC], 15
Import :             4 base has no type, from Move from [Boolean + 0x10]   e.g. BoundingBoxFollower.Initialize: 213 CheckEqual v289 @ TEMP_v54 (System.Boolean), [v302 @ X8_v46+28], 0
Import :             4 base has no type, from Add of Char[] and Immediate   e.g. StringPluginExtensions.ScrambleChars: 80 Move [v105 @ X9_v5], [v52 @ X23_v4+v54 @ X21_v5 (System.Int32)*2]
Import :             4 base has no type, from Add of Boolean and an untyped local   e.g. Vector3ArrayPlugin.EvaluateAndApply: 110 Add v723 @ V0_v100, [v424 @ X11_v8+20], [v425 @ X10_v23+20]
Import :             4 Il2CppClass.0x10   e.g. Skeleton..ctor: 362 Move v864 @ X9_v6 (Il2CppClass<Spine.ExposedList`1<Spine.Bone>>), [v1037 @ X9_v5 (Il2CppClass<Spine.ExposedList`1<Spine.Bone>>)+10]
Import :             4 Il2CppMethodInfo.0xE0   e.g. SkeletonRagdoll.Remove: 118 Move v97 @ X9_v3, [v152 @ X8_v5 (Il2CppMethodInfo)+E0]
Import :             4 array at 0x30, from Move from the field SubmeshInstruction[]   e.g. SkeletonGraphic.UpdateMeshSingleCanvasRenderer: 275 Call Object.op_Inequality, v246 @ X0_v32 (System.Boolean), [v281 @ X8_v18 (Spine.Unity.SubmeshInstruction[])+30], 0
Import :             4 Il2CppClass.0x1A8   e.g. SingletonMonoDontDestroy`1.get_Instance: 414 Move v226 @ X9_v3 (Il2CppRgctx<SingletonMonoDontDestroy`1>), [v836 @ X8_v87 (Il2CppClass<System.Type>)+1A8]
Import :             4 Il2CppMethodInfo.0x54   e.g. SkeletonRagdoll.Apply: 335 Move v2945 @ V0_v56, [v1129 @ X9_v62 (Il2CppMethodInfo)+54]
Import :             4 base has no type, from Move from AddressOf(ObscuredInt)   e.g. UserResourceCollectionItem`1.AddValue: 96 Move v326.idItem.fakeValueActive (System.Boolean), [v329 @ X8_v19+10]
Import :             4 array at 0x40, from no definition   e.g. Vector3ArrayPlugin.EvaluateAndApply: 793 Move v623 @ X0_v8 (UnityEngine.Vector3), [startValue @ X6 (UnityEngine.Vector3[])+40]
Import :             4 base has no type, from Add of Il2CppClass<Spine.ExposedList`1<Spine.Bone>> and Int32   e.g. Skeleton..ctor: 269 Move v551 @ X23_v40 (Il2CppClass<Spine.ExposedList`1<Spine.IUpdatable>>), [v1004 @ X8_v106+20]
Import :             4 base has no type, from Add of PolygonCollider2D[] and Immediate   e.g. BoundingBoxFollowerGraphic.DisposeExcessCollidersAfter: 73 Call Object.op_Inequality, v194 @ X0_v12 (System.Boolean), [v96 @ X22_v6+v98 @ X21_v6 (System.Int32)*8], 0
Import :             4 base has no type, from Move from [Object + 0x18]   e.g. MeshGenerator.GenerateSkeletonRendererInstruction: 179 CheckEqual v1211 @ TEMP_v21 (System.Boolean), [v480 @ X8_v22+85], 0
Import :             4 static field storage at 0x18   e.g. DataController.GenarateDataMap: 498 CheckGreaterOrEqual v708 @ TEMPCOND_v17 (System.Boolean), v185 @ X22_v13 (System.Int32), [v823 @ X8_v49 (Il2CppStaticFields<UnityEngine.Quaternion>)+18]
Import :             4 base has no type, from Move from AddressOf(Color)   e.g. Color2Plugin.SetFrom: 84 Move fromValue.cb (UnityEngine.Color), [v254 @ X8_v17+10]
Import :             4 Il2CppMethodInfo.rgctx_data   e.g. MeshGenerator.BuildMeshWithArrays: 971 Move v2463 @ V5_v12 (UnityEngine.Vector2), [v416 @ X23_v26 (Il2CppMethodInfo)+30]
Import :             4 Il2CppMethodInfo.0x48   e.g. DataController.GenarateRandomDataMap: 345 Move v770 @ X0_v30 (UnityEngine.Transform), [v693 @ X9_v35 (Il2CppMethodInfo)+48]
Import :             4 base has no type, from Add of an untyped base and Int32   e.g. TweenExtensions.GotoWaypoint: 171 CheckEqual v203 @ Z_v7 (System.Boolean), [v197 @ X9_v5-8], typeof(DG.Tweening.Core.TweenerCore`3<UnityEngine.Vector3, DG.Tweening.Plugins.Core.PathCore.Path, DG.Tweening.Plugins.Options.PathOptions>)
Import :             4 Il2CppClass.0x180   e.g. Sequence..ctor: 65 Move v77 @ X1_v4, [v72 @ X8_v4 (Il2CppClass<DG.Tweening.Sequence>)+180]
Import :             3 Il2CppClass.0x218   e.g. StringUtils.CharsToBytes: 10 Move v11 @ X3_v1, [v9 @ X8_v1 (Il2CppClass<System.Text.Encoding>)+218]
Import :             3 byref at 0x8, from Add of the field ExposedList`1<UnityEngine.Vector3> and Immediate   e.g. MeshGenerator.AddSubmesh: 740 Add v1010 @ X20_v15 (System.Single), [v905 @ X0_v25 (UnityEngine.Vector3[]&)+8], v564 @ X1_v20 (System.Int32)
Import :             3 base has no type, from Add of [Il2CppClass<System.Exception> + 0xC8] and Int32   e.g. SkeletonJson.ReadAnimation: 1781 CheckLess v10745 @ C_v393 (System.Boolean), [v10744 @ X8_v646-8], typeof(System.Collections.Generic.Dictionary`2<System.String, System.Object>)
Import :             3 base has no type, from Move from [Il2CppRgctx<CodeStage.AntiCheat.Common.KeepAliveBehaviour`1> + 0x10]   e.g. KeepAliveBehaviour`1.set_Instance: 23 Move v42 @ X8_v5, [v41 @ X0_v3+B8]
Import :             3 Il2CppMethodInfo.0x10   e.g. MecanimTranslator.Initialize: 71 CallVoid Array.Clear, [v50 @ X8_v3 (Il2CppMethodInfo)+10], 0, [v50 @ X8_v3 (Il2CppMethodInfo)+18]
Import :             3 base has no type, from Move from [Il2CppRgctx<Spine.Collections.OrderedDictionary`2> + 0x178]   e.g. OrderedDictionary`2.System.Collections.Generic.ICollection<System.Collections.Generic.KeyValuePair<TKey,TValue>>.CopyTo: 53 Move [v1 @ X29-30], [v39 @ X10_v1+FC]
Import :             3 array at 0x20, from Move from the field SubmeshInstruction[]   e.g. SkeletonGraphic.UpdateMeshSingleCanvasRenderer: 114 Move v115 @ V1_v6 (Spine.Unity.SubmeshInstruction), [v275 @ X8_v26 (Spine.Unity.SubmeshInstruction[])+20]
Import :             3 Il2CppClass.0x220   e.g. StringUtils.CharsToBytes: 11 Move v12 @ X2_v1, [v9 @ X8_v1 (Il2CppClass<System.Text.Encoding>)+220]
Import :             3 base has no type, from Add of [Il2CppClass<Spine.AttachmentTimeline> + 0x28] and Int32   e.g. SkeletonBinary.ReadAnimation: 2012 Move v3761 @ V9_v19 (System.Single), [v4531 @ X8_v75+20]
Import :             3 static field storage at 0x180   e.g. Utils.GetAdRequestJavaObject: 1058 IndirectCall [v113 @ X8_v9 (Il2CppStaticFields<System.EmptyArray`1<System.Object>>)+178], v3568 @ X0_v309 (System.String), v625 @ stack_-120 (Il2CppMethodInfo), [v113 @ X8_v9 (Il2CppStaticFields<System.EmptyArray`1<System.Object>>)+180], v3180 @ X2_v68 (System.Object[]), v3179 @ X3_v58 (Il2CppMethodInfo), v39 @ X4, v40 @ X5, v41 @ X6, v42 @ X7, v1752 @ V0_v49 (System.Collections.Generic.HashSet`1<System.Object>+Enumerator<System.Object>), v1722 @ V1_v46 (Il2CppMethodInfo), v45 @ V2, v46 @ V3, v47 @ V4, v48 @ V5, v49 @ V6, v50 @ V7
Import :             3 array at 0x40, from Move from the field SubmeshInstruction[]   e.g. SkeletonRenderer.LateUpdate: -1 Move v41 @ V2 (Spine.Unity.SubmeshInstruction), [v472 @ X9_v19 (Spine.Unity.SubmeshInstruction[])+40]
Import :             3 base has no type, from Move from [Boolean + 0xF0]   e.g. Vector3ArrayPlugin.EvaluateAndApply: 134 CheckNotEqual v535 @ TEMPCOND_v49 (System.Boolean), [v351 @ X9_v21+A8], 2
Import :             3 base has no type, from Add of [IkConstraintTimeline + 0x20] and Int32   e.g. SkeletonBinary.ReadAnimation: 1004 Move v2530 @ V9_v17 (System.Single), [v2093 @ X8_v141+20]
Import :             3 base has no type, from Move from [Enumerator<T> + 0x0]   e.g. Enumerator.MoveNext: 35 CheckGreaterOrEqual v51 @ TEMPCOND_v4 (System.Boolean), [this @ X0 (Spine.ExposedList`1<T>+Enumerator<T>)+8], [v38 @ X9_v3+18]
Import :             3 base has no type, from Move from [Il2CppRgctx<Spine.Collections.OrderedDictionary`2+<GetEnumerator>d__34> + 0x20]   e.g. <GetEnumerator>d__34.MoveNext: 29 Add v42 @ X9_v2, [v34 @ X8_v3+FC], 15
Import :             3 Il2CppClass.0x1B8   e.g. SpineAtlasAsset.Reset: 1 Move v2 @ X2_v1, [v0 @ X8_v1 (Il2CppClass<Spine.Unity.SpineAtlasAsset>)+1B8]
Import :             3 Il2CppClass.0x188   e.g. Path.GetPoint: 16 Move v20 @ X5_v1, [v16 @ X8_v1 (Il2CppClass<DG.Tweening.Plugins.Core.PathCore.ABSPathDecoder>)+188]
Import :             3 Il2CppMethodInfo.0x24   e.g. MeshGenerator.BuildMeshWithArrays: 968 Move v2469 @ V3_v13 (System.Int32), [v416 @ X23_v26 (Il2CppMethodInfo)+24]
Import :             3 base has no type, from Move from AddressOf(Color2)   e.g. Color2Plugin.SetFrom: 59 Move [t @ X1 (DG.Tweening.Core.TweenerCore`3<DG.Tweening.Color2, DG.Tweening.Color2, DG.Tweening.Plugins.Options.ColorOptions>)+154], [v198 @ X8_v16+10]
Import :             3 Il2CppClass.0x198   e.g. AnimationState.ApplyRotateTimeline: 73 Move v439 @ X6_v1, [v435 @ X8_v53 (Il2CppClass<Spine.RotateTimeline>)+198]
Import :             3 base has no type, from Move from [Il2CppRgctx<SingletonMono`1> + 0x18]   e.g. SingletonMono`1.Awake: 142 And v185 @ TEMP_v26 (System.Int32), [v204 @ X22_v5+135], 1
Import :             3 base has no type, from Add of the field ExposedList`1<System.Int32>[] and Int32   e.g. MeshGenerator.BuildMeshWithArrays: 2045 CheckEqual v2290 @ TEMP_v39 (System.Boolean), [v2288 @ X8_v28+20], 0
Import :             3 Il2CppClass.0x1A0   e.g. AnimationState.ApplyRotateTimeline: 74 Move v440 @ X5_v1, [v435 @ X8_v53 (Il2CppClass<Spine.RotateTimeline>)+1A0]
Import :             3 Il2CppClass.0x1B0   e.g. KeepAliveBehaviour`1.OnDestroy: 119 CallVoid UnityAction`2<UnityEngine.SceneManagement.Scene, UnityEngine.SceneManagement.LoadSceneMode>..ctor, v227 @ X0_v11 (UnityEngine.Events.UnityAction`2<UnityEngine.SceneManagement.Scene, UnityEngine.SceneManagement.LoadSceneMode>), this @ X0 (CodeStage.AntiCheat.Common.KeepAliveBehaviour`1<T>), [v228 @ X8_v9 (Il2CppClass<CodeStage.AntiCheat.Common.KeepAliveBehaviour`1<T>>)+1B0]
Import :             3 Il2CppClass.0x1C0   e.g. SpineAtlasAsset.Reset: 2 Move v3 @ X1_v1, [v0 @ X8_v1 (Il2CppClass<Spine.Unity.SpineAtlasAsset>)+1C0]
Import :             3 byref at 0x4, from no definition   e.g. SkeletonRootMotion.ApplyMixAlphaToDelta: 41 Move v153 @ V0_v1 (System.Single), [currentDelta @ X1 (UnityEngine.Vector2&)+4]
Import :             3 Il2CppClass.0x104   e.g. ExposedList`1.ConvertAll: 100 Multiply v355 @ TEMP_v19, v247 @ X27_v8 (System.Int32), [v351 @ X9_v14 (Il2CppClass<T[]>)+104]
Import :             3 base has no type, from Move from [Il2CppClass<DG.Tweening.Tween> + 0x0]   e.g. Sequence.ApplyInternalCycle: 187 Move v489 @ X9_v26 (System.Boolean), [v360 @ X1_v21+130]
Import :             3 base has no type, from Add of Tween and Immediate   e.g. Vector3ArrayPlugin.EvaluateAndApply: 252 Add v705 @ V0_v5 (System.Single), v705 @ V0_v5 (System.Single), [v658 @ X10_v12+v692 @ X8_v64 (System.Int32)*4]
Import :             2 static field storage at 0x7C   e.g. DOTweenComponent.OnDestroy: 196 Move v413 @ X9_v36 (System.Int32), [v367 @ X9_v17 (Il2CppStaticFields<DG.Tweening.DOTween>)+7C]
Import :             2 array at 0x0, from Move from Immediate   e.g. Triangulator.Decompose: 943 Move v90 @ V15_v8 (System.Single), [v1462 @ X10_v12 (System.Single[])+v1461 @ X12_v11 (System.Int32)*4]
Import :             2 Il2CppMethodInfo.0x28   e.g. MeshGenerator.BuildMeshWithArrays: 969 Move v2459 @ V6_v12 (UnityEngine.Vector2), [v416 @ X23_v26 (Il2CppMethodInfo)+28]
Import :             2 Il2CppClass.0x348   e.g. OutlineSkeletonGraphic.EnableOutlineRendering: 8 Move v8 @ X3_v1, [v6 @ X9_v1 (Il2CppClass<Spine.Unity.SkeletonGraphic>)+348]
Import :             2 Il2CppClass.0x380   e.g. SkeletonInput.ReadString: 86 Move v127 @ X4_v1, [v150 @ X8_v7 (Il2CppClass<System.Text.Encoding>)+380]
Import :             2 base has no type, from Move from [Il2CppClass<Spine.RegionAttachment> + 0x0]   e.g. MeshGenerator.AddSubmesh: 322 CheckLess v1697 @ C_v28 (System.Boolean), [v989 @ X8_v32 (Il2CppClass<Spine.RegionAttachment>)+130], [v1695 @ X10_v16+130]
Import :             2 array at 0x2C, from no definition   e.g. CatmullRomDecoder.FinalizePath: 127 Move v271 @ V1_v3 (UnityEngine.Vector3), [wps @ X2 (UnityEngine.Vector3[])+2C]
Import :             2 base has no type, from Add of [Single + 0xC8] and Int32   e.g. SkeletonJson.ReadAnimation: 3314 CheckLess v10993 @ C_v228 (System.Boolean), [v10992 @ X8_v370-8], v7079 @ X1_v193 (Il2CppClass<System.Collections.Generic.List`1<System.Object>>)
Import :             2 base has no type, from Add of MaterialReplacement[] and Int32   e.g. RenderExistingMesh.InitializeDict: 56 CallVoid Dictionary`2<System.Object, System.Object>.set_Item, this.replacementMaterialDict (System.Collections.Generic.Dictionary`2<UnityEngine.Material, UnityEngine.Material>), [v173 @ X8_v7+20], [v173 @ X8_v7+28]
Import :             2 array at 0x34, from no definition   e.g. CatmullRomDecoder.FinalizePath: 126 Move v273 @ V0_v3 (UnityEngine.Vector3), [wps @ X2 (UnityEngine.Vector3[])+34]
Import :             2 base has no type, from Add of [Il2CppClass<System.Collections.Generic.List`1<System.Object>> + 0xC8] and Int32   e.g. SkeletonJson.ReadAnimation: 497 CheckLess v6102 @ C_v471 (System.Boolean), [v6101 @ X8_v773-8], typeof(System.Collections.Generic.List`1<System.Object>)
Import :             2 Il2CppClass.0x2D0   e.g. ASN1.GetBytes: 489 Move v899 @ X2_v17 (System.Array), [v595 @ X8_v27 (Il2CppClass<System.Object>)+2D0]
Import :             2 static field storage at 0x78   e.g. DOTweenComponent.OnDestroy: 242 Move v472 @ X9_v32 (System.Int32), [v426 @ X9_v21 (Il2CppStaticFields<DG.Tweening.DOTween>)+78]
Import :             2 Il2CppClass.0x378   e.g. SkeletonInput.ReadString: 85 Move v129 @ X5_v1, [v150 @ X8_v7 (Il2CppClass<System.Text.Encoding>)+378]
Import :             2 Il2CppClass.0x228   e.g. TimeCheatingDetector.OnApplicationPause: 11 Move v22 @ X2_v1, [v3 @ X8_v2 (Il2CppClass<CodeStage.AntiCheat.Detectors.TimeCheatingDetector>)+228]
Import :             2 array at 0x34, from a call's result   e.g. AtlasUtilities.ToTexture: 193 Call Math.Min, v102 @ V0_v12 (System.Single), [v172 @ X0_v42 (UnityEngine.Vector2[])+24], [v173 @ X0_v44 (UnityEngine.Vector2[])+34]
Import :             2 static field storage at 0x50   e.g. TweenSettingsExtensions.SetPathForwardDirection: 233 Move v124 @ V10_v4 (System.Single), [v387 @ X8_v23 (Il2CppStaticFields<UnityEngine.Vector3>)+50]
Import :             2 base has no type, from Move from [Object + 0x20]   e.g. SkeletonRagdoll.Apply: 329 MakeStruct v850 @ AGG151D344_1_v28 (UnityEngine.Vector3), typeof(UnityEngine.Vector3), [v1725 @ X8_v128+74], [v1725 @ X8_v128+80], 0
Import :             2 base has no type, from Add of the field Slot[] and Immediate   e.g. SpineSkeletonExtensions.SetSlotAttachmentsToSetupPose: 42 Move v41 @ X21_v5 (Spine.Slot), [v76 @ X24_v4+v79 @ X20_v5 (System.Int32)*8]
Import :             2 base has no type, from Add of Il2CppStaticFields<UnityEngine.Quaternion> and Int32   e.g. DataController.GenarateDataMap: 482 Move v822 @ X8_v48 (Il2CppStaticFields<UnityEngine.Quaternion>), [v909 @ X8_v47+20]
Import :             2 Il2CppMethodInfo.0x40   e.g. DataController.GenarateRandomDataMap: 368 Move v770 @ X0_v30 (UnityEngine.Transform), [v693 @ X9_v35 (Il2CppMethodInfo)+40]
Import :             2 Il2CppMethodInfo.0x130   e.g. SkeletonRagdoll.AttachBoundingBoxRagdollColliders: 218 CheckLess v1021 @ C_v19 (System.Boolean), [v170 @ X9_v3 (Il2CppMethodInfo)+130], [v350 @ X8_v43 (Il2CppClass<Spine.BoundingBoxAttachment>)+130]
Import :             2 Il2CppMethodInfo.0x3C   e.g. MeshGenerator.BuildMeshWithArrays: 974 Move v2475 @ V0_v17 (System.Single), [v416 @ X23_v26 (Il2CppMethodInfo)+3C]
Import :             2 base has no type, from Move from [Il2CppClass<UnityEngine.Physics> + 0x0]   e.g. SkeletonRagdoll.Apply: 598 Move v2245 @ X9_v55 (Il2CppMethodInfo), [v2478 @ X8_v88+E0]
Import :             2 Il2CppClass.0x170   e.g. AnimationState.ToString: 131 Move v189 @ X1_v4, [v182 @ X8_v7 (Il2CppClass<System.Text.StringBuilder>)+170]
Import :             2 base has no type, from Move from [Int32 + 0x18]   e.g. MeshGenerator.BuildMeshWithArrays: 330 Move v2645 @ X12_v26 (System.Int32), [v2030 @ X12_v53+85]
Import :             2 Il2CppClass.0x350   e.g. OutlineSkeletonGraphic.EnableOutlineRendering: 9 Move v9 @ X2_v1, [v6 @ X9_v1 (Il2CppClass<Spine.Unity.SkeletonGraphic>)+350]
Import :             2 base has no type, from Add of SkeletonUtilityBone[] and Immediate   e.g. SkeletonRagdoll.Apply: 682 Move v359 @ X22_v39 (UnityEngine.Component), [v353 @ X24_v32+v173 @ X23_v33 (System.Int32)*8]
Import :             2 Il2CppMethodInfo.0xC8   e.g. SkeletonRagdoll.AttachBoundingBoxRagdollColliders: 231 Add v1024 @ X9_v19, [v170 @ X9_v3 (Il2CppMethodInfo)+C8], v120 @ TEMPSHIFT_v3 (System.Int32)
Import :             2 Il2CppClass.0x230   e.g. TimeCheatingDetector.OnApplicationPause: 12 Move v23 @ X1_v1, [v3 @ X8_v2 (Il2CppClass<CodeStage.AntiCheat.Detectors.TimeCheatingDetector>)+230]
Import :             2 base has no type, from Move from [Il2CppClass<GameHelper> + 0x0]   e.g. DataController.GenarateRandomDataMap: 281 Move v751 @ X8_v25, [v698 @ X0_v29+B8]
Import :             2 base has no type, from Add of Boolean and Immediate   e.g. SkeletonRenderer.FindAndApplySeparatorSlots: 311 Move v394[v747 @ X10_v13 (System.Int32)], [v399 @ X23_v16+v382 @ X21_v16 (System.Int32)*8]
Import :             2 base has no type, from Add of FieldInfo[] and Immediate   e.g. CsvReader.CreateRow: 82 Call CsvReader.IsPrimitive, v122 @ X0_v16 (System.Boolean), [v64 @ X27_v4+v68 @ X24_v5 (System.Int32)*8]
Import :             2 base has no type, from Move from [IEnumerable`1<System.Int32> + 0x10]   e.g. DataController.setUpRandomList: 201 CheckLess v462 @ C_v11 (System.Boolean), [v265 @ X21_v8 (System.Collections.Generic.IEnumerable`1<System.Int32>)+18], [v250 @ X8_v15+18]
Import :             2 base has no type, from Move from [IDictionary + 0x10]   e.g. TransformConstraint..ctor: 139 Move v322 @ X9_v8, [v187 @ X9_v7+10]
Import :             2 Il2CppClass.0x2C   e.g. MeshGenerator.BuildMeshWithArrays: 1037 Multiply v3260 @ V16_v14, [v997 @ X8_v51+6C], [v302 @ X26_v15 (Il2CppClass<Spine.ExposedList`1<UnityEngine.Vector2>>)+2C]
Import :             2 array at 0x24, from a call's result   e.g. AtlasUtilities.ToTexture: 193 Call Math.Min, v102 @ V0_v12 (System.Single), [v172 @ X0_v42 (UnityEngine.Vector2[])+24], [v173 @ X0_v44 (UnityEngine.Vector2[])+34]
Import :             2 base has no type, from Move from [Il2CppClass<UnityEngine.Physics2D> + 0x0]   e.g. SkeletonRagdoll2D.Apply: 626 Move v2168 @ X9_v57 (Il2CppMethodInfo), [v2524 @ X8_v90+E0]
Import :             2 base has no type, from Add of [Il2CppClass<Spine.Timeline> + 0xC8] and Int32   e.g. AnimationState.ApplyEventTimelinesOnly: 159 Move v521 @ X10_v9 (Il2CppClass<Spine.Timeline>), [v621 @ X10_v11-8]
Import :             2 base has no type, from Add of the field Char[] and Immediate   e.g. Lexer.GetLastIndexOfNumber: 36 Subtract v90 @ X15_v4, [v72 @ X11_v4+v65 @ X8_v4 (System.Int32)*2], 48
Import :             2 static field storage at 0x40   e.g. DataController.GenarateRandomDataMap: 489 CheckGreaterOrEqual v829 @ TEMPCOND_v12 (System.Boolean), v352 @ X27_v5 (System.Int32), [v844 @ X8_v47 (Il2CppStaticFields<UnityEngine.Quaternion>)+40]
Import :             2 static field storage at 0x14   e.g. DataController.GenarateRandomDataMap: 136 Move [v287 @ X9_v4 (Il2CppMethodInfo)+3C], [v312 @ X8_v10 (Il2CppStaticFields<UnityEngine.Quaternion>)+14]
Import :             2 base has no type, from Move from [Il2CppRgctx<Spine.ExposedList`1> + 0x58]   e.g. ExposedList`1.ConvertAll: 109 And v383 @ TEMP_v20 (System.Int32), [v380 @ X8_v20+28], 2147483648
Import :             2 Il2CppMethodInfo.0x34   e.g. MeshGenerator.BuildMeshWithArrays: 972 Move v2473 @ V1_v13 (System.Single), [v416 @ X23_v26 (Il2CppMethodInfo)+34]
Import :             2 base has no type, from Move from [T2 + 0x20]   e.g. TweenerCore`3.ChangeStartValue: 53 Move v63 @ X8_v5, [v59 @ X8_v4+C0]
Import :             2 Il2CppClass.0x54   e.g. SkeletonRagdoll.Apply: 340 Add v2945 @ V0_v56, v2945 @ V0_v56, [v2949 @ X8_v131 (Il2CppClass<System.Collections.Generic.List`1<UnityEngine.Collider>>)+54]
Import :             2 static field storage at 0x34   e.g. DataController.GenarateRandomDataMap: 188 Divide v514 @ X9_v8 (System.Int32), v194 @ X10_v3 (System.Int32), [v315 @ X8_v14 (Il2CppStaticFields<UnityEngine.Quaternion>)+34]
Import :             2 base has no type, from Add of the field TrackEntry[] and Int32   e.g. AnimationState.SetEmptyAnimations: 48 Move v133 @ X8_v9 (Spine.ExposedList`1<Spine.TrackEntry>), [v198 @ X8_v8+20]
Import :             2 base has no type, from Move from [Il2CppRgctx<Spine.ExposedList`1> + 0x1B0]   e.g. ExposedList`1.System.Collections.Generic.IEnumerable<T>.GetEnumerator: 12 Move v15 @ X8_v4, [v12 @ X8_v3+20]
Import :             2 static field storage at 0x80   e.g. DOTweenComponent.OnDestroy: 288 Move v509 @ X9_v28 (System.Int32), [v485 @ X9_v25 (Il2CppStaticFields<DG.Tweening.DOTween>)+80]
Import :             2 base has no type, from Add of the field T[] and an untyped local   e.g. ExposedList`1.Find: 64 CheckEqual v96 @ Z_v5 (System.Boolean), [v109 @ X8_v11+20], 0
Import :             2 array at 0x4C, from Move from the field BoneData[]   e.g. Skeleton.UpdateCache: 86 Move [v119 @ X10_v24 (Spine.ExposedList`1<Spine.BoneData>)+84], [v133 @ X11_v27 (Spine.BoneData[])+4C]
Import :             2 base has no type, from Move from [Int32 + 0x0]   e.g. MeshGenerator.GenerateSingleSubmeshInstruction: 306 CheckLess v667 @ C_v12 (System.Boolean), [v439 @ X8_v22+130], [v215 @ X1_v14 (Il2CppClass<Spine.AtlasRegion>)+130]
Import :             2 base has no type, from Move from [Boolean + 0x20]   e.g. TweenerCore`3.ChangeEndValue: 3 Move v5 @ X8_v2, [v0 @ X8_v1+C0]
Import :             2 base has no type, from Add of ExposedList`1<Spine.BoneData> and Int32   e.g. Skeleton.UpdateCache: 131 Move v630 @ X0_v16 (Spine.ExposedList`1<System.Object>), [v92 @ X14_v6+20]
Import :             2 Il2CppClass.0x168   e.g. AnimationState.ToString: 130 Move v188 @ X2_v2, [v182 @ X8_v7 (Il2CppClass<System.Text.StringBuilder>)+168]
Import :             1 base has no type, from Add of [Attachment + 0x20] and Int32   e.g. Skeleton.SortPathConstraintAttachment: 96 Add v339 @ X24_v7 (System.Int32), [v352 @ X9_v9+20], v280 @ X25_v11 (System.Int32)
Import :             1 Il2CppClass.0x5E8   e.g. BannerClient.SetAndStretchAd: 265 Move v197 @ X3_v1, [v258 @ X8_v14 (Il2CppClass<UnityEngine.UI.Text>)+5E8]
Import :             1 base has no type, from Move from [Il2CppRgctx<Spine.Collections.OrderedDictionary`2+ValueCollection> + 0x30]   e.g. ValueCollection.GetEnumerator: 16 Add v22 @ X9_v3, [v20 @ X9_v1+FC], 15
Import :             1 Il2CppClass.0x390   e.g. SkeletonGraphic.Awake: 20 Move v15 @ X2_v1, [v24 @ X8_v2 (Il2CppClass<Spine.Unity.SkeletonGraphic>)+390]
Import :             1 Il2CppClass.0x2C0   e.g. StringUtils.BytesToChars: 11 Move v12 @ X2_v1, [v9 @ X8_v1 (Il2CppClass<System.Text.Encoding>)+2C0]
Import :             1 Il2CppClass.0x368   e.g. StringUtils.BytesToString: 10 Move v11 @ X3_v1, [v9 @ X8_v1 (Il2CppClass<System.Text.Encoding>)+368]
Import :             1 base has no type, from Move from [Il2CppClass<Spine.ExposedList`1<UnityEngine.Vector2>> + 0x10]   e.g. MeshGenerator.BuildMeshWithArrays: 1607 CheckNotEqual v3095 @ TEMPCSEL_v22 (System.Boolean), [v1008 @ X8_v73+50], 1
Import :             1 Il2CppClass.0x238   e.g. ACTkDetectorBase`1.Start: 22 Move v35 @ X2_v1, [v45 @ X8_v6 (Il2CppClass<CodeStage.AntiCheat.Detectors.ACTkDetectorBase`1<T>>)+238]
Import :             1 Il2CppClass.0x248   e.g. StringUtils.StringToBytes: 10 Move v11 @ X3_v1, [v9 @ X8_v1 (Il2CppClass<System.Text.Encoding>)+248]
Import :             1 Il2CppClass.0x280   e.g. TimelineExtensions.FindTranslateTimelineForBone: 97 Move v96 @ X2_v3 (Il2CppMethodInfo), [v210 @ X8_v13 (Il2CppClass<System.Type>)+280]
Import :             1 Il2CppMethodInfo.0x1C   e.g. MecanimTranslator.Initialize: 53 Add v57 @ X9_v4, [v50 @ X8_v3 (Il2CppMethodInfo)+1C], 1
Import :             1 base has no type, from Add of [Il2CppClass<System.String> + 0xC8] and Int32   e.g. SkeletonJson.ReadAnimation: 3564 Subtract v11837 @ TEMP1_v127 (System.Int32), [v12020 @ X8_v329-8], typeof(System.Collections.Generic.Dictionary`2<System.String, System.Object>)
Import :             1 Il2CppClass.0x30   e.g. SkeletonBinary.ReadAnimation: 1412 CheckEqual v4039 @ Z_v105 (System.Boolean), [v641 @ X29_v25 (Il2CppClass<Spine.AttachmentTimeline>)+30], 0
Import :             1 Il2CppClass.0x290   e.g. ASN1.get_Item: 22 Move v164 @ X1_v5 (Il2CppClass<Mono.Security.ASN1>), [v39 @ X8_v4 (Il2CppClass<Mono.Security.ASN1>)+290]
Import :             1 Il2CppClass.0x140   e.g. AdSize.op_Equality: 4 Move v4 @ X2_v1, [v2 @ X8_v1 (Il2CppClass<GoogleMobileAds.Api.AdSize>)+140]
Import :             1 base has no type, from Add of [Il2CppClass<System.Collections.Generic.List`1<UnityEngine.Object>> + 0xC8] and Int32   e.g. GameHelper.FindAllChild: 206 Move v218 @ X8_v9 (Il2CppClass<System.Collections.Generic.List`1<UnityEngine.Object>>), [v731 @ X8_v31-8]
Import :             1 Il2CppClass.0x160   e.g. ObscuredString.GetHashCode: 11 Move v12 @ X1_v2, [v10 @ X8_v1 (Il2CppClass<System.String>)+160]
Import :             1 base has no type, from Add of Vector3[] and Immediate   e.g. Vector3ArrayPlugin.GetSpeedBasedDuration: 80 Divide v192 @ V0_v11 (System.Single), v317 @ V0_v10 (System.Single), [v71 @ X25_v6+v77 @ X22_v7 (System.Int32)*4]
Import :             1 base has no type, from Add of ExposedList`1<Spine.Bone> and Int32   e.g. Skeleton.UpdateWorldTransform: 66 Move v152 @ X13_v6, [v378 @ X13_v5+20]
Import :             1 Il2CppClass.0x34   e.g. SkeletonBinary.ReadAnimation: 1385 CheckLess v4023 @ C_v168 (System.Boolean), [v641 @ X29_v25 (Il2CppClass<Spine.AttachmentTimeline>)+34], 2
Import :             1 Il2CppClass.0x200   e.g. SkeletonInput.GetVersionString: 43 Move v244 @ X2_v11 (System.String), [v74 @ X8_v17 (Il2CppClass<System.IO.Stream>)+200]
Import :             1 static field storage at 0x5C   e.g. MeshGenerator.FillVertexData: 257 Move [v66 @ X27_v7], [v539 @ X9_v21 (Il2CppStaticFields<UnityEngine.Vector3>)+5C]
Import :             1 base has no type, from Move from [Il2CppRgctx<Spine.Collections.OrderedDictionary`2> + 0x28]   e.g. OrderedDictionary`2..ctor: 26 And v49 @ TEMP_v3 (System.Int32), [v53 @ X0_v3+135], 1
Import :             1 base has no type, from Move from AddressOf(Single)   e.g. SkeletonGraphic.UpdateMeshMultipleCanvasRenderers: 398 IndirectCall v158.invoke_impl (System.IntPtr), v957 @ X0_v107, v158.method_code (System.IntPtr), &v173 @ stack_-A0 (System.Single), v158.method (System.IntPtr), 0, v287 @ X4_v2 (System.Boolean), v284 @ X5_v2 (System.Boolean), v281 @ X6_v2, v49 @ X7, [v961 @ X8_v68+10], [v961 @ X8_v68], v223 @ V2_v8 (System.Single), v211 @ V3_v1 (System.Single), v54 @ V4, v55 @ V5, v56 @ V6, v57 @ V7
Import :             1 base has no type, from Move from [Il2CppRgctx<Spine.Collections.OrderedDictionary`2+KeyCollection> + 0x40]   e.g. KeyCollection.GetEnumerator: 16 Add v22 @ X9_v3, [v20 @ X9_v1+FC], 15
Import :             1 Il2CppClass.0x370   e.g. StringUtils.BytesToString: 11 Move v12 @ X2_v1, [v9 @ X8_v1 (Il2CppClass<System.Text.Encoding>)+370]
Import :             1 Il2CppClass.vtable   e.g. AdSize.op_Equality: 3 Move v3 @ X3_v1, [v2 @ X8_v1 (Il2CppClass<GoogleMobileAds.Api.AdSize>)+138]
Import :             1 Il2CppClass.-0x8   e.g. AnimationState.ApplyEventTimelinesOnly: 184 CheckEqual v672 @ Z_v22 (System.Boolean), [v656 @ X10_v19 (Il2CppClass<Spine.Timeline>)-8], typeof(Spine.Timeline)
Import :             1 Il2CppClass.0x1C   e.g. SkeletonGraphic.Initialize: 217 Add v316 @ X9_v11 (Il2CppMethodInfo), [v390 @ X8_v25 (Il2CppClass<Spine.Skeleton>)+1C], 1
Import :             1 array at 0x0, from Move from the field Material[]   e.g. SkeletonRenderer.InitSpriteMaskMaterialsForMaskType: 80 CallVoid Material..ctor, v301 @ X0_v15 (UnityEngine.Material), [v56 @ X22_v5 (UnityEngine.Material[])+v70 @ X25_v7 (System.Int32)*8]
Import :             1 array at 0x0, from Move from the field MixBlend[]   e.g. MecanimTranslator.Apply: 151 Subtract v1704 @ TEMP1_v153 (System.Int32), [v1044 @ X8_v132 (Spine.MixBlend[])+v661 @ X23_v16 (System.Int32)], 3
Import :             1 base has no type, from Add of the field T[] and Int32   e.g. ExposedList`1.Pop: 34 Return [v58 @ X9_v4+20]
Import :             1 array at 0x20, from Add of the field Vector3[] and Int32   e.g. CatmullRomDecoder.SetWaypointsLengths: 142 Move [v260 @ X8_v14 (DG.Tweening.Plugins.Core.PathCore.ControlPoint[])+20], [v543 @ X11_v5 (DG.Tweening.Plugins.Core.PathCore.ControlPoint[])+20]
Import :             1 base has no type, from Add of TextureFormat[] and Boolean   e.g. AtlasUtilities.GetRepackedSkin: 682 CheckEqual v3813 @ Z_v84 (System.Boolean), [v3873 @ X8_v156+20], 0
Import :             1 base has no type, from Move from [Il2CppRgctx<Zitga.CsvTools.SerializableDictionary`2> + 0x28]   e.g. SerializableDictionary`2..ctor: 30 And v48 @ TEMP_v4 (System.Int32), [v52 @ X0_v5+135], 1
Import :             1 base has no type, from Add of the field SlotData[] and Int32   e.g. SkeletonBinary.ReadSkeletonData: 1293 Move [v2483 @ X0_v173 (Spine.PathConstraintData)+28], [v2689 @ X8_v78+20]
Import :             1 base has no type, from Add of Int32[] and Immediate   e.g. ObscuredPrefs.DecimalToBytes: 87 Call BitConverter.GetBytes, v136 @ X0_v16 (System.Byte[]), [v89 @ X23_v4+v146 @ X21_v9 (System.Int32)*4]
Import :             1 array at 0x0, from Move from the field T[]   e.g. ExposedList`1.RemoveAll: 173 Move [v379 @ X8_v18+20], [v192 @ X8_v17 (T[])+v142 @ X23_v5 (System.Int32)]
Import :             1 Il2CppClass.0x610   e.g. SkeletonGraphic.Update: 22 Move v14 @ X1_v1, [v29 @ X8_v3 (Il2CppClass<Spine.Unity.SkeletonGraphic>)+610]
Import :             1 base has no type, from Add of [Int32 + 0x10] and Int32   e.g. SkeletonRendererInstruction.SetWithSubset: 257 Move v278 @ X8_v21, [v665 @ X8_v20+20]
Import :             1 base has no type, from Add of an untyped base and Immediate   e.g. TweenExtensions.GotoWaypoint: 316 Add v472 @ V0_v1 (System.Int32), v472 @ V0_v1 (System.Int32), [v370 @ X12_v2+v398 @ X9_v15 (System.Int32)*4]
Import :             1 base has no type, from Move from AddressOf(SubmeshInstruction)   e.g. SkeletonRenderer.LateUpdate: 382 IndirectCall v463.invoke_impl (System.IntPtr), v790 @ X0_v50, v463.method_code (System.IntPtr), &v419 @ stack_-90_v5 (Spine.Unity.SubmeshInstruction), v463.method (System.IntPtr), v161 @ X3_v6, v101 @ X4_v5 (System.Boolean), v104 @ X5_v5 (System.Boolean), v98 @ X6_v5, v38 @ X7, [v793 @ X8_v22+10], [v793 @ X8_v22], v41 @ V2 (Spine.Unity.SubmeshInstruction), v42 @ V3, v43 @ V4, v44 @ V5, v45 @ V6, v46 @ V7
Import :             1 base has no type, from Move from [ExposedList`1<Spine.Bone> + 0x20]   e.g. Skeleton..ctor: 267 ShiftLeft v515 @ TEMPSHIFT_v27 (System.Int32), [v589 @ X8_v103+10], 3
Import :             1 array at 0x20, from Move from the field ControlPoint[]   e.g. CubicBezierDecoder.FinalizePath: 427 Subtract v469 @ V15_v7 (System.Single), [v447 @ X0_v7 (UnityEngine.Vector3[])+20], [v286 @ X8_v20 (DG.Tweening.Plugins.Core.PathCore.ControlPoint[])+20]
Import :             1 base has no type, from Move from [Il2CppRgctx<Spine.Collections.OrderedDictionary`2> + 0x160]   e.g. OrderedDictionary`2.GetEnumerator: 34 Add v53 @ X20_v2, [v51 @ X8_v10+80], 64
Import :             1 base has no type, from Add of Texture2D[] and Int32   e.g. AtlasUtilities.GetRepackedSkin: 1051 Move v741 @ X21_v12 (UnityEngine.TextureFormat), [v3541 @ X8_v64+20]
Import :             1 base has no type, from Add of [Boolean + 0xC8] and Int32   e.g. MeshGenerator.GenerateSkeletonRendererInstruction: 552 CheckNotEqual v883 @ TEMPCOND_v33 (System.Boolean), [v1814 @ X8_v68-8], typeof(UnityEngine.Material)
Import :             1 base has no type, from Add of the field Int32 and Int32   e.g. SkeletonJson.ReadAnimation: 6003 Call Math.Max, v7645 @ V0_v12 (System.Single), v10340 @ V12_v23 (System.Single), [v7652 @ X8_v48+20]
Import :             1 Il2CppClass.0x1D8   e.g. TweenerCore`3.ChangeEndValue: 7 Move v8 @ X4_v1, [v4 @ X8_v1 (Il2CppClass<DG.Tweening.Core.TweenerCore`3<T1, T2, TPlugOptions>>)+1D8]
Import :             1 base has no type, from Add of [Il2CppClass<Spine.RegionAttachment> + 0xC8] and Int32   e.g. Skeleton.GetBounds: 125 Move v401 @ X11_v8, [v666 @ X11_v11-8]
Import :             1 static field storage at 0x178   e.g. Utils.GetAdRequestJavaObject: 1055 Move v2255 @ X9_v3 (Il2CppClass<System.Nullable`1<System.Int32>>), [v113 @ X8_v9 (Il2CppStaticFields<System.EmptyArray`1<System.Object>>)+178]
Import :             1 base has no type, from Add of MixBlend[] and Int32   e.g. MecanimTranslator.Apply: 939 Move v667 @ X23_v8 (Spine.MixBlend), [v1830 @ X8_v80+20]
Import :             1 Il2CppClass.0x1E8   e.g. TimeCheatingDetector.ReportCheckResult: 69 Move v139 @ X2_v3, [v146 @ X8_v4 (Il2CppClass<CodeStage.AntiCheat.Detectors.TimeCheatingDetector>)+1E8]
Import :             1 base has no type, from Move from [ExposedList`1<UnityEngine.Vector2> + 0x60]   e.g. MeshGenerator.BuildMeshWithArrays: 1813 Move v2636 @ X13_v26 (System.Int32), [v1009 @ X8_v72+18]
Import :             1 base has no type, from Add of an untyped base and [Enumerator<T> + 0x8]   e.g. Enumerator.MoveNext: 56 Move this.l (Spine.ExposedList`1<T>), [v138 @ X8_v7+20]
Import :             1 base has no type, from Add of the field RandomLevelsData[] and Int32   e.g. DataController.GenarateRandomDataMap: 125 Move v312 @ X8_v10 (Il2CppStaticFields<UnityEngine.Quaternion>), [v469 @ X8_v9+20]
Import :             1 Il2CppClass.0x24   e.g. MeshGenerator.BuildMeshWithArrays: 1569 Move v2473 @ V1_v13 (System.Single), [v302 @ X26_v15 (Il2CppClass<Spine.ExposedList`1<UnityEngine.Vector2>>)+24]
Import :             1 Il2CppClass.0x240   e.g. ACTkDetectorBase`1.Start: 23 Move v41 @ X1_v2, [v45 @ X8_v6 (Il2CppClass<CodeStage.AntiCheat.Detectors.ACTkDetectorBase`1<T>>)+240]
Import :             1 base has no type, from Add of [Il2CppClass<Spine.AttachmentTimeline> + 0xC8] and Int32   e.g. AnimationState.Apply: 508 Move v658 @ X9_v7 (System.Boolean), [v1019 @ X9_v21-8]
Import :             1 base has no type, from Move from [Il2CppClass<Lean.Pool.LeanPool> + 0x0]   e.g. LeanPool.DespawnAll: 86 Move v114 @ X8_v13, [v180 @ X0_v23+B8]
Import :             1 Il2CppClass.0x608   e.g. SkeletonGraphic.Update: 21 Move v17 @ X2_v1, [v29 @ X8_v3 (Il2CppClass<Spine.Unity.SkeletonGraphic>)+608]
Import :             1 Il2CppClass.0x250   e.g. StringUtils.StringToBytes: 11 Move v12 @ X2_v1, [v9 @ X8_v1 (Il2CppClass<System.Text.Encoding>)+250]
Import :             1 base has no type, from Move from [Il2CppRgctx<Spine.ExposedList`1> + 0x28]   e.g. ExposedList`1.InsertCollection: 82 And v204 @ TEMP_v6 (System.Int32), [v210 @ X1_v7+135], 1
Import :             1 Il2CppClass.0x388   e.g. SkeletonGraphic.Awake: 19 Move v18 @ X3_v1, [v24 @ X8_v2 (Il2CppClass<Spine.Unity.SkeletonGraphic>)+388]
Import :             1 Il2CppClass.0x5F0   e.g. BannerClient.SetAndStretchAd: 266 Move v234 @ X2_v7, [v258 @ X8_v14 (Il2CppClass<UnityEngine.UI.Text>)+5F0]
Import :             1 Il2CppClass.0x2B8   e.g. StringUtils.BytesToChars: 10 Move v11 @ X3_v1, [v9 @ X8_v1 (Il2CppClass<System.Text.Encoding>)+2B8]
Import :             1 base has no type, from Move from [Attachment + 0x70]   e.g. MeshGenerator.GenerateSingleSubmeshInstruction: 264 Move v675 @ X9_v26 (System.Int32), [v256 @ X8_v48+18]
Import :             1 array at 0x28, from Add of the field Vector3[] and Int32   e.g. CatmullRomDecoder.SetWaypointsLengths: 144 Move [v260 @ X8_v14 (DG.Tweening.Plugins.Core.PathCore.ControlPoint[])+28], [v543 @ X11_v5 (DG.Tweening.Plugins.Core.PathCore.ControlPoint[])+28]
Import :             1 base has no type, from Add of Vector2[] and Immediate   e.g. SkeletonUtility.SetColliderPointsLocal: 93 Multiply v184 @ V1_v6 (System.Single), [v162 @ X10_v3+v201 @ X8_v7 (System.Int32)*8], scale @ V0 (System.Single)
Import :             1 static field storage at 0x4C   e.g. TweenSettingsExtensions.SetPathForwardDirection: 232 Move v121 @ V9_v4 (System.Single), [v387 @ X8_v23 (Il2CppStaticFields<UnityEngine.Vector3>)+4C]
Import :             1 base has no type, from Add of [Il2CppClass<Spine.ExposedList`1<UnityEngine.Vector2>> + 0xC8] and Int32   e.g. MeshGenerator.BuildMeshWithArrays: 767 CheckNotEqual v570 @ TEMPCOND_v56 (System.Boolean), [v2755 @ X8_v65-8], v2476 @ X10_v25 (System.Int32)
Import :             1 array at 0x0, from Move from the field SkeletonGhostRenderer[]   e.g. SkeletonGhost.OnDestroy: 78 Call Object.op_Inequality, v158 @ X0_v37 (System.Boolean), [v183 @ X8_v14 (Spine.Unity.Examples.SkeletonGhostRenderer[])+v74 @ X22_v8 (System.Int32)*8], 0
Import :             1 base has no type, from Move from [Single + 0x0]   e.g. SkeletonJson.ReadAnimation: 5049 CheckLess v10775 @ C_v46 (System.Boolean), [v4930 @ X8_v99+130], [v4921 @ X1_v60 (Il2CppClass<System.Collections.Generic.Dictionary`2<System.String, System.Object>>)+130]
Import :             1 base has no type, from Add of [Il2CppClass<System.Collections.Generic.Dictionary`2<System.String, System.Object>> + 0xC8] and Int32   e.g. SkeletonJson.ReadSkeletonData: 3592 Move v7436 @ X9_v50 (Il2CppClass<Spine.BlendMode>), [v10737 @ X9_v54-8]
Import :             1 array at 0x24, from Add of the field Vector3[] and Int32   e.g. CatmullRomDecoder.SetWaypointsLengths: 143 Move [v260 @ X8_v14 (DG.Tweening.Plugins.Core.PathCore.ControlPoint[])+24], [v543 @ X11_v5 (DG.Tweening.Plugins.Core.PathCore.ControlPoint[])+24]
Import :             1 Il2CppClass.0x1E0   e.g. TweenerCore`3.ChangeEndValue: 8 Move v9 @ X3_v1, [v4 @ X8_v1 (Il2CppClass<DG.Tweening.Core.TweenerCore`3<T1, T2, TPlugOptions>>)+1E0]
Import :             1 base has no type, from Move from [Il2CppRgctx<Spine.ExposedList`1> + 0x40]   e.g. ExposedList`1..ctor: 129 And v192 @ TEMP_v17 (System.Int32), [v199 @ X8_v24+135], 1
Import :             1 base has no type, from Add of Component[] and Immediate   e.g. SkeletonUtilityKinematicShadow.DestroyComponents: 52 CallVoid Object.Destroy, [v63 @ X24_v4+v69 @ X21_v5 (System.Int32)*8]
Import :             1 Il2CppClass.0x1F0   e.g. TimeCheatingDetector.ReportCheckResult: 70 Move v136 @ X1_v5, [v146 @ X8_v4 (Il2CppClass<CodeStage.AntiCheat.Detectors.TimeCheatingDetector>)+1F0]
Import :             1 array at 0x28, from Move from the field ControlPoint[]   e.g. CubicBezierDecoder.FinalizePath: 428 Subtract v473 @ V8_v8 (System.Single), v753 @ V3_v12 (UnityEngine.Vector3), [v286 @ X8_v20 (DG.Tweening.Plugins.Core.PathCore.ControlPoint[])+28]
Import :             1 base has no type, from Add of TextureFormat[] and Int32   e.g. AtlasUtilities.GetRepackedSkin: 1067 Move v753 @ X20_v15 (System.Int32), [v3554 @ X8_v60+20]
Import :             1 Il2CppClass.0x158   e.g. ObscuredString.GetHashCode: 10 Move v11 @ X2_v2, [v10 @ X8_v1 (Il2CppClass<System.String>)+158]
Import : Il2Cpp method body recovery: 21448 locals the analysis could not type, by what defines them:
Import :         12325 written by nothing, first read by an unresolved call   e.g. TrackEntry.add_Event: v23
Import :          2338 written by nothing [never read]   e.g. TrackEntry.OnStart: v7
Import :          1232 written by nothing, first read by IndirectCall   e.g. EventQueue.Start: v21
Import :           969 Call - the return of a call whose target is unknown [never read]   e.g. VertexAttachment..ctor: 9 Call 1854CA0, v13 @ X0_v1, this @ X0 (Spine.VertexAttachment), name @ X1 (System.String), methodInfo @ X2 (Il2CppMethodInfo), v17 @ X3, v18 @ X4, v19 @ X5, v20 @ X6, v21 @ X7, v22 @ V0, v23 @ V1, v24 @ V2, v25 @ V3, v26 @ V4, v27 @ V5, v28 @ V6, v29 @ V7
Import :           742 Move from memory [never read]   e.g. Enumerator.MoveNext: 22 Move v38 @ X9_v3, [this @ X0 (Spine.ExposedList`1<T>+Enumerator<T>)]
Import :           496 Add [never read]   e.g. Enumerator.MoveNext: 53 Add v138 @ X8_v7, [v38 @ X9_v3+10], [this @ X0 (Spine.ExposedList`1<T>+Enumerator<T>)+8]
Import :           359 Add, first read by an unresolved call   e.g. TrackEntry.add_Event: 20 Add v40 @ X20_v2, this @ X0 (Spine.TrackEntry), 88
Import :           313 Call - the return of a call whose target is unknown, first read by Newobj   e.g. Enumerator.System.Collections.IEnumerator.get_Current: 53 Call AD94AC, v59 @ X0_v5, typeof(System.InvalidOperationException), [v34 @ X8_v3 (Il2CppRgctx<Spine.ExposedList`1+Enumerator>)+10], v17 @ X2, v18 @ X3, v19 @ X4, v20 @ X5, v21 @ X6, v22 @ X7, v23 @ V0, v24 @ V1, v25 @ V2, v26 @ V3, v27 @ V4, v28 @ V5, v29 @ V6, v30 @ V7
Import :           229 IndirectCall [never read]   e.g. EventQueue.Start: 65 IndirectCall v121.invoke_impl (System.IntPtr), v131 @ X0_v6, v121.method_code (System.IntPtr), v121.method (System.IntPtr), methodof(System.Collections.Generic.List`1<Spine.EventQueue+EventQueueEntry>::AddWithResize), v21 @ X3, v22 @ X4, v23 @ X5, v24 @ X6, v25 @ X7, v26 @ V0, v27 @ V1, v28 @ V2, v29 @ V3, v30 @ V4, v31 @ V5, v32 @ V6, v33 @ V7
Import :           201 Move from memory, first read by an unresolved call   e.g. ExposedList`1..ctor: 10 Move v13 @ X0_v1, [v12 @ X8_v2 (Il2CppRgctx<Spine.ExposedList`1>)+10]
Import :           171 Call - the return of a resolved method (typed) [never read]   e.g. SpineAtlasAsset.CreateRuntimeInstance: 31 Call SpineAtlasAsset.Clear, v51 @ X0_v5, v45 @ X0_v3 (Spine.Unity.SpineAtlasAsset)
Import :           152 Add, first read by Add   e.g. ExposedList`1..ctor: 48 Add v137 @ X10_v5, [v69 @ X8_v18+B0], 8
Import :           150 Call - the return of a call whose target is unknown, first read by an unresolved call   e.g. ExposedList`1.AddEnumerable: 269 Call 1854E70, v237 @ X0_v27, v192 @ X0_v12 (System.OutOfMemoryException), v343 @ X1_v6 (System.Int32), v319 @ X2_v6, v26 @ X3, v27 @ X4, v28 @ X5, v29 @ X6, v30 @ X7, v31 @ V0, v32 @ V1, v33 @ V2, v34 @ V3, v35 @ V4, v36 @ V5, v37 @ V6, v38 @ V7
Import :           138 Xor, first read by And   e.g. TrackEntry.get_IsComplete: 9 Xor v10 @ TEMP2_v1, this.trackTime (System.Single), v4 @ V0_v2 (System.Single)
Import :           134 IsInst, first read by CheckEqual   e.g. EventTimeline.SetFrame: 37 IsInst v83 @ X0_v8, typeof(Spine.Event), e @ X2 (Spine.Event)
Import :           115 Move of AddressOf [never read]   e.g. EventQueue.Drain: 63 Move v293 @ X8_v11, &v84 @ stack_-68
Import :           114 Subtract, first read by Move   e.g. ExposedList`1..ctor: 69 Subtract v86 @ X9_v10, v128 @ X9_v8, 1
Import :            79 written by nothing, first read by Multiply   e.g. Bone.UpdateWorldTransform: v267
Import :            78 Subtract, first read by IndirectCall   e.g. OrderedDictionary`2.GetKey: 27 Subtract v35 @ X3_v2, &v13 @ stack_-30_v2, 32
Import :            61 Add, first read by And   e.g. ExposedList`1.ConvertAll: 34 Add v61 @ X10_v3, [v57 @ X10_v1 (Il2CppClass<TOutput>)+FC], 15
Import :            57 Multiply, first read by Add   e.g. ExposedList`1.ConvertAll: 100 Multiply v355 @ TEMP_v19, v247 @ X27_v8 (System.Int32), [v351 @ X9_v14 (Il2CppClass<T[]>)+104]
Import :            57 Call - the return of a call whose target is unknown, first read by Move   e.g. ExposedList`1..ctor: 25 Call B348B0, v29 @ X0_v30, v44 @ X1_v4, v44 @ X1_v4, [v19 @ X8_v2 (Il2CppRgctx<Spine.ExposedList`1>)+20], v30 @ X3, v31 @ X4, v32 @ X5, v33 @ X6, v34 @ X7, v35 @ V0, v36 @ V1, v37 @ V2, v38 @ V3, v39 @ V4, v40 @ V5, v41 @ V6, v42 @ V7
Import :            55 Subtract, first read by Multiply   e.g. DeformTimeline.Apply: 1242 Subtract v1697 @ V1_v62, [v203 @ X12_v24+v809 @ X8_v86 (System.Int32)*4], [v244 @ X11_v24+v809 @ X8_v86 (System.Int32)*4]
Import :            55 Add, first read by Move   e.g. Enumerator.MoveNext: 38 Add v72 @ X10_v5, [this @ X0 (Spine.ExposedList`1<T>+Enumerator<T>)+8], 1
Import :            53 Call - the return of a call whose target is unknown, first read by IndirectCall   e.g. RewardedAdDummyClient..ctor: 35 Call AD947C, v53 @ X0_v5, v51 @ X0_v4 (Il2CppMethodInfo), typeof(Il2CppClass<GoogleMobileAds.Common.RewardedAdDummyClient>), v21 @ X2, v22 @ X3, v23 @ X4, v24 @ X5, v25 @ X6, v26 @ X7, v27 @ V0, v28 @ V1, v29 @ V2, v30 @ V3, v31 @ V4, v32 @ V5, v33 @ V6, v34 @ V7
Import :            47 Subtract, first read by an unresolved call   e.g. ExposedList`1.ConvertAll: 43 Subtract v72 @ X25_v1, &v65 @ stack_-90_v1, v71 @ X10_v6 (System.Int32)
Import :            37 Move from memory, first read by Subtract   e.g. ExposedList`1..ctor: 44 Move v128 @ X9_v8, [v69 @ X8_v18+12E]
Import :            34 Add, first read by ShiftRight   e.g. EventTimeline.Apply: 67 Add v336 @ X8_v15, -4294967296, v335 @ TEMPSHIFT_v9 (System.Int32)
Import :            32 Subtract, first read by CheckEqual   e.g. EventQueue.Drain: 76 Subtract v246 @ TEMP1_v7, [v293 @ X8_v11], 5
Import :            32 Multiply, first read by Subtract   e.g. PathConstraint.Update: 973 Multiply v1225 @ V1_v12, v230.a (System.Single), v1226 @ V5.S0
Import :            32 written by nothing, first read by Move   e.g. ExposedList`1.ConvertAll: v27
Import :            29 Call - the return of a call whose target is unknown, first read by And   e.g. SkeletonDataAsset.GetSkeletonData: 245 Call "il2cpp_vm_class_is_assignable_from", v407 @ X0_v39, v513 @ X0_v38, [v290 @ X8_v17], v206 @ X2_v3, v29 @ X3, v30 @ X4, v31 @ X5, v32 @ X6, v33 @ X7, v198 @ V0_v2, v35 @ V1, v36 @ V2, v37 @ V3, v38 @ V4, v39 @ V5, v40 @ V6, v41 @ V7
Import :            27 Move from another untyped local, first read by Move   e.g. ExposedList`1.ConvertAll: -1 Move v387 @ X8_v22, v72 @ X25_v1
Import :            25 Move of a constant, first read by an unresolved call   e.g. AnimationStateData.SetMix: -1 Move v93 @ X2_v1, 0
Import :            24 written by nothing, first read by MakeStruct   e.g. PointFollower.LateUpdate: v455
Import :            23 Call - the return of a call whose target is unknown, first read by CheckEqual   e.g. ExposedList`1..ctor: 28 Call "il2cpp_codegen_object_is_inst", v47 @ X0_v3, collection @ X1 (System.Collections.Generic.IEnumerable`1<T>), v44 @ X1_v4, v181 @ X2_v3, v30 @ X3, v31 @ X4, v32 @ X5, v33 @ X6, v34 @ X7, v35 @ V0, v36 @ V1, v37 @ V2, v38 @ V3, v39 @ V4, v40 @ V5, v41 @ V6, v42 @ V7
Import :            23 Move from memory, first read by Move   e.g. AnimationState.ApplyMixingFromEventTimelinesOnly: 142 Move v434 @ X10_v9, [v417 @ X9_v6 (Il2CppClass<Spine.EventTimeline>)+130]
Import :            22 Move from memory, first read by Add   e.g. ExposedList`1..ctor: 43 Move v69 @ X8_v18, [v47 @ X0_v3]
Import :            21 Box, first read by CheckEqual   e.g. CompatibilityProblemInfo.DescriptionString: 194 Box v459 @ X0_v15, typeof(System.Int32), &v456 @ X8_v16 (System.Int32)
Import :            19 IndirectCall, first read by And   e.g. ExposedList`1.AddEnumerable: 184 IndirectCall [v665 @ X0_v41], v670 @ X0_v43, v106 @ X0_v35 (System.Collections.IEnumerator), [v665 @ X0_v41+8], v664 @ X2_v13, v26 @ X3, v27 @ X4, v28 @ X5, v29 @ X6, v30 @ X7, v31 @ V0, v32 @ V1, v33 @ V2, v34 @ V3, v35 @ V4, v36 @ V5, v37 @ V6, v38 @ V7
Import :            19 Move from memory, first read by IndirectCall   e.g. SkeletonDataAsset.GetSkeletonData: 249 Move v294 @ X21_v13, [v496 @ X0_v35]
Import :            15 Multiply, first read by Move   e.g. TweenSettingsExtensions.SetLoops: 48 Multiply v49 @ V0_v2, [t @ X0 (T)+A0], v40 @ X8_v5 (System.Int32)
Import :            13 Move from another untyped local, first read by an unresolved call   e.g. SpineAtlasAsset.CreateRuntimeInstance: -1 Move v389 @ X3_v2, v583 @ X3_v8
Import :            13 Add, first read by Subtract   e.g. AtlasUtilities.ToAtlasRegion: 99 Add v110 @ V11_v3, [v177 @ X8_v6], [v177 @ X8_v6+C]
Import :            12 Move of a constant [never read]   e.g. EventQueue.Start: 55 Move v70 @ stack_-38_v2, 0
Import :            11 Negate, first read by Multiply   e.g. SpineAtlasAsset.GenerateMesh: 173 Negate v63 @ V7_v5, v479 @ V7_v4 (System.Single)
Import :            10 Subtract, first read by CheckLess   e.g. Lexer.GetLastIndexOfNumber: 36 Subtract v90 @ X15_v4, [v72 @ X11_v4+v65 @ X8_v4 (System.Int32)*2], 48
Import :            10 Add, first read by ShiftLeft   e.g. ExposedList`1.AddCollection: 122 Add v284 @ X9_v9, [v272 @ X10_v7], 5
Import :             9 Add, first read by MakeStruct   e.g. Color2Plugin.SetFrom: 59 Add v70 @ V7_v2, [t @ X1 (DG.Tweening.Core.TweenerCore`3<DG.Tweening.Color2, DG.Tweening.Color2, DG.Tweening.Plugins.Options.ColorOptions>)+160], [t @ X1 (DG.Tweening.Core.TweenerCore`3<DG.Tweening.Color2, DG.Tweening.Color2, DG.Tweening.Plugins.Options.ColorOptions>)+160]
Import :             9 Move of a constant, first read by IndirectCall   e.g. ExposedList`1.AddEnumerable: -1 Move v152 @ X2_v2, 0
Import :             8 Add, first read by CheckEqual   e.g. ExposedList`1.Exists: 40 Add v59 @ TEMP_v6, v56 @ X0_v5, 1
Import :             8 IndirectCall, first read by an unresolved call   e.g. ExposedList`1..ctor: 123 IndirectCall [v180 @ X0_v14], v186 @ X0_v16, v47 @ X0_v3, [v180 @ X0_v14+8], v181 @ X2_v3, v30 @ X3, v31 @ X4, v32 @ X5, v33 @ X6, v34 @ X7, v35 @ V0, v36 @ V1, v37 @ V2, v38 @ V3, v39 @ V4, v40 @ V5, v41 @ V6, v42 @ V7
Import :             8 Multiply, first read by Multiply   e.g. CubicBezier.GetPointOnSegment: 15 Multiply v24 @ V23_v1, v7 @ stack_20, v7 @ stack_20
Import :             8 written by nothing, first read by CheckLessOrEqual   e.g. ObscuredDouble.InternalDecrypt: v28
Import :             7 Subtract, first read by Add   e.g. DeformTimeline.Apply: 1191 Subtract v1853 @ V0_v27, [v202 @ X12_v13+v808 @ X8_v40 (System.Int32)*4], [v222 @ X13_v9+v808 @ X8_v40 (System.Int32)*4]
Import :             6 Subtract, first read by Divide   e.g. AtlasUtilities.ToAtlasRegion: 143 Subtract v318 @ V1_v3, v110 @ V11_v3, v81 @ V10_v2
Import :             5 Move from memory, first read by Multiply   e.g. SkeletonRagdoll.Apply: -1 Move v2920 @ V0_v46, [v1510 @ stack_-E8 (System.Object)+54]
Import :             5 Move from memory, first read by CheckEqual   e.g. MeshGenerator.AddSubmesh: 318 Move v1695 @ X10_v16, [v1464 @ X27_v10 (Il2CppClass<Spine.RegionAttachment>)]
Import :             5 written by nothing, first read by And   e.g. TweenSettingsExtensions.SetLookAt: v69
Import :             5 IndirectCall, first read by Add   e.g. LongPlugin.SetFrom: 19 IndirectCall [v19 @ X8_v4+18], v49 @ X0_v6, [v19 @ X8_v4+40], [v19 @ X8_v4+28], fromValue @ X2 (System.Int64), setImmediately @ X3 (System.Boolean), isRelative @ X4 (System.Boolean), methodInfo @ X5 (Il2CppMethodInfo), v38 @ X6, v39 @ X7, v40 @ V0, v41 @ V1, v42 @ V2, v43 @ V3, v44 @ V4, v45 @ V5, v46 @ V6, v47 @ V7
Import :             5 Divide, first read by Multiply   e.g. LinearDecoder.GetPoint: 180 Divide v363 @ V1_v9, v291 @ V10_v4, v348 @ V1_v7
Import :             5 Add, first read by Divide   e.g. GameHelper.SetSizeFollowWidth: 76 Add v150 @ V2_v2, [v156 @ X8_v9+C], [v156 @ X8_v9+C]
Import :             5 written by nothing, first read by Add   e.g. Sequence.DoPrepend: v1
Import :             5 Move from another untyped local [never read]   e.g. ActivateBasedOnFlipDirection.HandleFlip: -1 Move v81 @ X10_v2, v89 @ X8_v3
Import :             5 written by nothing, first read by CheckEqual   e.g. SkeletonRagdoll.UpdateSpineSkeleton: v274
Import :             4 Subtract, first read by CheckGreaterOrEqual   e.g. Lexer.NextToken: 120 Subtract v53 @ X8_v6, json.Length, [index @ X1 (System.Int32&)]
Import :             4 And, first read by CheckEqual   e.g. ObscuredDouble.GetHashCode: 6 And v8 @ TEMP_v1, v6 @ X9_v1 (System.Double), 9218868437227405312
Import :             4 Add, first read by Multiply   e.g. OrderedDictionary`2.System.Collections.Generic.ICollection<System.Collections.Generic.KeyValuePair<TKey,TValue>>.CopyTo: 233 Add v289 @ X9_v20, [v1 @ X29-88], v291 @ X21_v11 (System.Int32)
Import :             4 And, first read by Divide   e.g. <Fade>d__10.MoveNext: 179 And v223 @ X8_v16, v169 @ X9_v12 (System.Single), 255
Import :             4 written by nothing, first read by Divide   e.g. SkeletonBinary.ReadSkeletonData: v1
Import :             4 Negate, first read by MakeStruct   e.g. ObscuredVector3.op_UnaryNegation: 31 Negate v52 @ V0_v2, v49 @ V0_v1 (UnityEngine.Vector3)
Import :             4 Box, first read by an unresolved call   e.g. TweenerCore`3.ChangeStartValue: 278 Box v416 @ X0_v35, typeof(UnityEngine.Color), &v125 @ V1_v6 (System.Int32)
Import :             4 Move of a constant, first read by Move   e.g. SpineAtlasAsset.CreateRuntimeInstance: -1 Move v507 @ X3_v15, 0
Import :             4 Move of AddressOf, first read by an unresolved call   e.g. ExposedList`1.LastIndexOf: -1 Move v143 @ X1_v1, &index @ X2 (System.Int32)
Import :             4 Move from another untyped local, first read by Subtract   e.g. CubicBezierDecoder.SetTimeToLengthTables: -1 Move v126 @ V10_v6, v113 @ V2_v4
Import :             4 Subtract [never read]   e.g. DeformTimeline.Apply: 227 Subtract v1577 @ X8_v17, v820.Length, 1
Import :             4 written by nothing, first read by Subtract   e.g. AnimationPairComparer.System.Collections.Generic.IEqualityComparer<Spine.AnimationStateData.AnimationPair>.Equals: v14
Import :             4 Call - the return of a call whose target is unknown, first read by Add   e.g. ExposedList`1.Exists: 37 Call F46DA4, v56 @ X0_v5, this @ X0 (Spine.ExposedList`1<T>), 0, this.Count (System.Int32), match @ X1 (System.Predicate`1<T>), [v53 @ X8_v8 (Il2CppRgctx<Spine.ExposedList`1>)+E8]
Import :             3 written by nothing, first read by CheckNotEqual   e.g. Skin.AttachAll: v733
Import :             3 IndirectCall, first read by IndirectCall   e.g. KeyCollection.GetEnumerator: 26 IndirectCall [v30 @ X1_v3], v32 @ X0_v6, this.dictionary (System.Collections.Generic.Dictionary`2<TKey, System.Int32>), [v19 @ X8_v3 (Il2CppRgctx<Spine.Collections.OrderedDictionary`2+KeyCollection>)+10], v97 @ X2_v1, v96 @ X3_v1, v95 @ X4_v1, v36 @ X5, v37 @ X6, v38 @ X7, v39 @ V0, v40 @ V1, v41 @ V2, v42 @ V3, v43 @ V4, v44 @ V5, v45 @ V6, v46 @ V7
Import :             3 Subtract, first read by And   e.g. ObscuredVector3Int.op_Subtraction: 36 Subtract v58 @ X8_v5, v52 @ X0_v5 (UnityEngine.Vector3Int), v57 @ X8_v4 (System.Int32)
Import :             3 written by nothing, first read by Xor   e.g. ObscuredDecimal.InternalDecrypt: v27
Import :             3 IndirectCall, first read by Move   e.g. SkeletonDataAsset.GetSkeletonData: 310 IndirectCall [v554 @ X8_v21+188], v368 @ X0_v54, v294 @ X21_v13, [v554 @ X8_v21+190], v206 @ X2_v3, v29 @ X3, v30 @ X4, v31 @ X5, v32 @ X6, v33 @ X7, v198 @ V0_v2, v35 @ V1, v36 @ V2, v37 @ V3, v38 @ V4, v39 @ V5, v40 @ V6, v41 @ V7
Import :             3 Subtract, first read by MakeStruct   e.g. SpecialPluginsUtils.SetCameraShakePosition: 138 Subtract v121 @ V6_v6, [v151 @ X25_v7+28], v47 @ V2
Import :             3 Add, first read by Or   e.g. ObscuredVector3Int.op_Addition: 37 Add v59 @ X9_v1, v56 @ X0_v7 (UnityEngine.Vector3Int), v52 @ X0_v5 (UnityEngine.Vector3Int)
Import :             3 Subtract, first read by Or   e.g. ObscuredVector3Int.op_Subtraction: 37 Subtract v59 @ X9_v1, v52 @ X0_v5 (UnityEngine.Vector3Int), v56 @ X0_v7 (UnityEngine.Vector3Int)
Import :             3 Move from another untyped local, first read by IndirectCall   e.g. OrderedDictionary`2.RemoveAt: -1 Move v140 @ X4_v1, v184 @ X22_v7
Import :             2 IndirectCall, first read by CheckLess   e.g. SkeletonGraphic.Initialize: 79 IndirectCall [v147 @ X8_v14 (Il2CppClass<Spine.Skeleton>)+198], v134 @ X0_v24, v344 @ X0_v23, [v147 @ X8_v14 (Il2CppClass<Spine.Skeleton>)+1A0], 0, v23 @ X3, v59 @ X4_v2, v25 @ X5, v26 @ X6, v27 @ X7, v28 @ V0 (System.Single), v29 @ V1 (System.Single), v30 @ V2 (System.Single), v31 @ V3, v32 @ V4, v33 @ V5, v34 @ V6, v35 @ V7
Import :             2 IndirectCall, first read by CheckEqual   e.g. ExposedList`1.AddCollection: 64 IndirectCall [v181 @ X0_v3], v186 @ X0_v5, collection @ X1 (System.Collections.Generic.ICollection`1<T>), [v181 @ X0_v3+8], 0, v27 @ X3, v28 @ X4, v29 @ X5, v30 @ X6, v31 @ X7, v32 @ V0, v33 @ V1, v34 @ V2, v35 @ V3, v36 @ V4, v37 @ V5, v38 @ V6, v39 @ V7
Import :             2 Divide, first read by Add   e.g. DataController.GenarateRandomDataMap: 232 Divide v535 @ X9_v11, [v315 @ X8_v14 (Il2CppStaticFields<UnityEngine.Quaternion>)+3C], v213 @ X23_v6 (Il2CppMethodInfo)
Import :             2 Move from a typed local, first read by And   e.g. Vector3ArrayPlugin.EvaluateAndApply: -1 Move v1310 @ V0_v49, v810 @ stack_-48_v5 (System.Double)
Import :             2 Negate, first read by Move   e.g. SkeletonRootMotionBase.AdjustMovementDeltaToConfiguration: 21 Negate v38 @ V0_v8, [localDelta @ X1 (UnityEngine.Vector2&)]
Import :             2 Move of AddressOf, first read by CheckNotEqual   e.g. ThreadSafeRandom.NextLong: -1 Move v194 @ X1_v10, &v104 @ stack_-44_v4 (System.Boolean)
Import :             2 IsInst [never read]   e.g. <Start>d__34.MoveNext: 117 IsInst v240 @ X0_v17, typeof(Spine.Unity.ISkeletonAnimation), v229 @ X0_v14 (Spine.Unity.SkeletonRenderer)
Import :             2 Subtract, first read by ShiftLeft   e.g. SkeletonBinary.ReadAnimation: 989 Subtract v2936 @ X9_v79, v2935 @ X9_v78, 6
Import :             2 Move of ArrayLength [never read]   e.g. Vector3ArrayPlugin.EvaluateAndApply: 804 Move v569 @ X2_v4, startValue.Length
Import :             2 Add, first read by CheckGreaterOrEqual   e.g. OrderedDictionary`2.System.Collections.Generic.ICollection<System.Collections.Generic.KeyValuePair<TKey,TValue>>.CopyTo: 105 Add v288 @ X9_v13, [v1 @ X29-70], v291 @ X21_v11 (System.Int32)
Import :             2 And, first read by Subtract   e.g. <Fade>d__10.MoveNext: 129 And v367 @ V2_v6, 3.39519326594E-313d, 1095216660735
Import :             2 Multiply, first read by ShiftRight   e.g. CurveTimeline.get_FrameCount: 8 Multiply v8 @ X8_v3, v2.Length, 1808407283
Import :             1 Not, first read by And   e.g. StringPlugin.EvaluateAndApply: 278 Not v561 @ TEMP_v25, v560 @ X8_v16 (System.Double)
Import :             1 Divide, first read by Subtract   e.g. AtlasUtilities.ToAtlasRegion: 146 Divide v321 @ V0_v6, v319 @ V0_v5, v318 @ V1_v3
Import :             1 Call - the return of a call whose target is unknown, first read by ShiftRight   e.g. SkeletonGhost.HexToColor: 101 Call BF7EB8, v97 @ X0_v7, 0, methodInfo @ X1 (Il2CppMethodInfo), v21 @ X2, v22 @ X3, v23 @ X4, v24 @ X5, v25 @ X6, v26 @ X7, 1f, 0, 1f, 1f, v31 @ V4, v32 @ V5, v33 @ V6, v34 @ V7
Import :             1 Divide, first read by Divide   e.g. GameHelper.SetSizeFollowHeight: 78 Divide v162 @ V0_v3, v161 @ V0_v2, v150 @ V2_v2
Import :             1 Move of ArrayLength, first read by CheckLess   e.g. RenderExistingMesh.UpdateMaterials: 52 Move v264 @ X1_v9, v126.Length
Import :             1 Move from a typed local, first read by Add   e.g. AtlasUtilities.GetRepackedSkin: -1 Move v2568 @ X22_v11, v2355 @ X0_v232 (System.Collections.Generic.List`1<UnityEngine.Texture2D>[])
Import :             1 Subtract, first read by Subtract   e.g. AtlasUtilities.ToAtlasRegion: 98 Subtract v81 @ V10_v2, [v177 @ X8_v6], [v177 @ X8_v6+C]
Import :             1 IndirectCall, first read by CallVoid   e.g. ExposedList`1.InsertCollection: 65 IndirectCall [v184 @ X0_v3], v189 @ X0_v5, collection @ X2 (System.Collections.Generic.ICollection`1<T>), [v184 @ X0_v3+8], v172 @ X2_v1 (System.Collections.Generic.ICollection`1<T>), methodInfo @ X3 (Il2CppMethodInfo), v29 @ X4, v30 @ X5, v31 @ X6, v32 @ X7, v33 @ V0, v34 @ V1, v35 @ V2, v36 @ V3, v37 @ V4, v38 @ V5, v39 @ V6, v40 @ V7
Import :             1 Call - the return of a resolved method (typed), first read by Newobj   e.g. AnimationTools.MatchAnimationTimelines: 1103 Call Dictionary`2<System.Int32, Spine.Timeline>.Add, v307 @ X0_v113, typeof(System.ArgumentNullException), v289 @ X1_v50 (Spine.SkeletonData), v265 @ X2_v37 (Il2CppMethodInfo)
Import :             1 Negate, first read by Divide   e.g. IkConstraint.Apply: 153 Negate v448 @ V4_v8, v160.c (System.Single)
Import :             1 IndirectCall, first read by Xor   e.g. AnimationPairComparer.System.Collections.Generic.IEqualityComparer<Spine.AnimationStateData.AnimationPair>.GetHashCode: 20 IndirectCall [v40 @ X8_v4+158], v45 @ X0_v6, methodInfo @ X2 (Il2CppMethodInfo), [v40 @ X8_v4+160], methodInfo @ X2 (Il2CppMethodInfo), v16 @ X3, v17 @ X4, v18 @ X5, v19 @ X6, v20 @ X7, v21 @ V0, v22 @ V1, v23 @ V2, v24 @ V3, v25 @ V4, v26 @ V5, v27 @ V6, v28 @ V7
Import :             1 Move from memory, first read by CheckGreater   e.g. <CheckForCheat>d__68.MoveNext: 202 Move v435 @ X8_v21, [v44 @ X19_v2 (System.Object)+6C]
Import :             1 Move of a constant, first read by Add   e.g. ObscuredULong.Increment: -1 Move v30 @ X9_v2, -1
Import :             1 Multiply, first read by CheckLess   e.g. Vector3ArrayPlugin.EvaluateAndApply: 154 Multiply v399 @ X8_v67, v352 @ X9_v23, v726 @ X8_v66 (System.Int32)
Import :             1 Multiply, first read by MakeStruct   e.g. GameHelper.SetSizeFollowWidth: 79 Multiply v151 @ V1_v4, v162 @ V1_v3, maxWidth @ X1 (System.Int32)
Import :             1 IndirectCall, first read by CheckNotEqual   e.g. <GetEnumerator>d__34.MoveNext: 207 IndirectCall [v267 @ X1_v28 (Il2CppMethodInfo)], v453 @ X0_v17, [v114 @ X24_v2+18], [v452 @ X9_v5 (Il2CppRgctx<Spine.Collections.OrderedDictionary`2+<GetEnumerator>d__34>)+50], [v35 @ X9_v1+FC], v246 @ X3_v6, v244 @ X4_v4, v83 @ X5, v84 @ X6, v85 @ X7, v86 @ V0, v87 @ V1, v88 @ V2, v89 @ V3, v90 @ V4, v91 @ V5, v92 @ V6, v93 @ V7
Import :             1 ShiftRight, first read by Xor   e.g. ObscuredDouble.GetHashCode: 17 ShiftRight v17 @ X9_v2, v16 @ X8_v2 (System.Double), 32
Import :             1 Negate, first read by Subtract   e.g. IkConstraint.Apply: 60 Negate v157 @ V0_v3, bone.ashearX (System.Single)
Import :             1 Newobj, first read by Move   e.g. CollectionExtensions.ToOrderedDictionary: 93 Newobj v187 @ X0_v58, typeof(Il2CppClass<Spine.Collections.OrderedDictionary`2<TKey, TSource>>)
Import :             1 Call - the return of a resolved method (typed), first read by And   e.g. MeshGenerator.FillMeshLocal: 568 Call List`1<UnityEngine.Color32>.AddWithResize, v758 @ X0_v22, 0, v775 @ X1_v24 (Il2CppMethodInfo)
Import :             1 Subtract, first read by CheckLessOrEqual   e.g. CatmullRomDecoder.GetPoint: 142 Subtract v85 @ X11_v5, v136 @ X9_v4, 1
Import :             1 Move from another untyped local, first read by Add   e.g. AtlasUtilities.GetRepackedSkin: -1 Move v486 @ X22_v1, v2568 @ X22_v11
Import :             1 Multiply, first read by CheckLessOrEqual   e.g. <CheckForCheat>d__68.MoveNext: 247 Multiply v400 @ X8_v22, v435 @ X8_v21, 60
Import :             1 Move of ArrayLength, first read by Add   e.g. ObscuredString.GetStringObsolete: 19 Move v54 @ X8_v4, bytes.Length
Import :             1 Negate, first read by CheckGreaterOrEqual   e.g. BasicPlatformerController.Update: 98 Negate v338 @ V0_v35, this.velocity.y (System.Single)
Import :             1 Move from memory, first read by CheckLess   e.g. AttachmentRegionExtensions.SetRegion: 30 Move v115 @ X9_v5, [v121 @ X8_v5 (Il2CppClass<Spine.Attachment>)+130]
Import :             1 IndirectCall, first read by ShiftLeft   e.g. AnimationPairComparer.System.Collections.Generic.IEqualityComparer<Spine.AnimationStateData.AnimationPair>.GetHashCode: 12 IndirectCall [v8 @ X8_v2 (Spine.Animation)+158], v15 @ X0_v4, obj @ X1 (Spine.AnimationStateData+AnimationPair), [v8 @ X8_v2 (Spine.Animation)+160], methodInfo @ X2 (Il2CppMethodInfo), v16 @ X3, v17 @ X4, v18 @ X5, v19 @ X6, v20 @ X7, v21 @ V0, v22 @ V1, v23 @ V2, v24 @ V3, v25 @ V4, v26 @ V5, v27 @ V6, v28 @ V7
Import :             1 Add, first read by Xor   e.g. AnimationPairComparer.System.Collections.Generic.IEqualityComparer<Spine.AnimationStateData.AnimationPair>.GetHashCode: 22 Add v47 @ X8_v5, v15 @ X0_v4, v46 @ TEMPSHIFT_v1 (System.Int32)
Import :             1 Move from memory, first read by CheckNotEqual   e.g. Sequence.ApplyInternalCycle: 185 Move v360 @ X1_v21, [v510 @ X29_v17 (Il2CppClass<DG.Tweening.Tween>)]
Import :             1 Newobj, first read by IndirectCall   e.g. Extensions.Replace: 48 Newobj v76 @ X0_v4, typeof(Il2CppClass<Extensions+<>c__DisplayClass2_0`1<T>>)
Import :             1 Move of ArrayLength, first read by Subtract   e.g. CatmullRomDecoder.GetPoint: 76 Move v136 @ X9_v4, wps.Length
Import :             1 And, first read by Add   e.g. Flash.WeightedEase: 78 And v110 @ X8_v11, overshootOrAmplitude @ V0 (System.Single), v107 @ TEMPCOND_v13 (System.Boolean)
Import :             1 written by nothing, first read by CheckLess   e.g. IkConstraint.Apply: v686
Import :             1 Move of a constant, first read by CheckNotEqual   e.g. AtlasRegionAttacher.Apply: -1 Move v166 @ X1_v3, 0
Import : Il2Cpp method body recovery: 1347 call arguments the ABI spread over several vector registers were composed back into their value.
Import : Il2Cpp method body recovery: 301 members of a game assembly were widened because a recovered body reaches them from outside the type, or the assembly, that declares them.
Import : Il2Cpp method body recovery: 5230 reads of a hidden static field were written as the public property that returns it.
Import : Il2Cpp method body recovery: 641 calls were retargeted from a shared generic instantiation onto the one the receiver's own type names.
Import : Il2Cpp method body recovery: SSA destruction left copies - 40196 coalesced, 5943 kept because the two locals are live at once, 1694 because their types differ.
Import : Finished reading files
Processing : Processing loaded assets...
Processing : AttributePolyfillGenerator
Processing : MonoExplicitPropertyRepairProcessor
Processing : ObfuscationRepairProcessor
Processing : ForwardingAssemblyGenerator
Processing : NullRefReturnProcessor
Processing : UnmanagedConstraintRecoveryProcessor
Processing : RemoveAssemblyKeyFileAttributeProcessor
Processing : InternalsVisibileToPublicKeyRemover
Processing : SceneDefinitionProcessor
Processing : Creating Scene Definitions
Processing : OriginalPathProcessor
Processing : MainAssetProcessor
Processing : Main Asset Pairing
Processing : AnimatorControllerProcessor
Processing : Reconstruct AnimatorController Assets
Processing : AudioMixerProcessor
Processing : Reconstruct AudioMixer Assets
Processing : EditorFormatProcessor
Processing : Editor Format Conversion
Processing : LightingDataProcessor
Processing : Lighting Data Assets
Processing : PrefabProcessor
Processing : SpriteProcessor
Processing : ScriptableObjectProcessor
Processing : Processing Scriptable Object Groups
Processing : Finished processing assets
Export : Starting export
Export : Attempting to export assets to /home/user/AssetRipper/iterations/013/output...
Export : Game files have these Unity versions: 2022.3.54f1 2022.3.62f2
Export : Exporting to Unity version 2022.3.62f2
Import [Warning] : Resource file 'DemiLib.dll' hasn't been found
Import [Warning] : Assembly 'DemiLib' hasn't been found
Import [Warning] : Resource file 'DOTweenPro.dll' hasn't been found
Import [Warning] : Assembly 'DOTweenPro' hasn't been found
Import [Warning] : Resource file 'UnityEngine.Advertisements.dll' hasn't been found
Import [Warning] : Assembly 'UnityEngine.Advertisements' hasn't been found
Import [Warning] : Resource file 'Unity.Timeline.dll' hasn't been found
Import [Warning] : Assembly 'Unity.Timeline' hasn't been found
Import [Warning] : Resource file 'UnityEngine.TestRunner.dll' hasn't been found
Import [Warning] : Assembly 'UnityEngine.TestRunner' hasn't been found
Import [Warning] : Resource file 'Demigiant.DOTween.dll' hasn't been found
Import [Warning] : Assembly 'Demigiant.DOTween' hasn't been found
Import [Warning] : Resource file 'Unity.AI.Navigation.dll' hasn't been found
Import [Warning] : Assembly 'Unity.AI.Navigation' hasn't been found
Import [Warning] : Resource file 'UnityEngine.XR.LegacyInputHelpers.dll' hasn't been found
Import [Warning] : Assembly 'UnityEngine.XR.LegacyInputHelpers' hasn't been found
Import [Warning] : Resource file 'Unity.SharpZipLib.Utils.dll' hasn't been found
Import [Warning] : Assembly 'Unity.SharpZipLib.Utils' hasn't been found
Import [Warning] : Resource file 'UnityEngine.SpatialTracking.dll' hasn't been found
Import [Warning] : Assembly 'UnityEngine.SpatialTracking' hasn't been found
Import [Warning] : Resource file 'Demigiant.DOTweenPro.dll' hasn't been found
Import [Warning] : Assembly 'Demigiant.DOTweenPro' hasn't been found
Import [Warning] : Resource file 'GoogleMobileAds.Editor.dll' hasn't been found
Import [Warning] : Assembly 'GoogleMobileAds.Editor' hasn't been found
Import [Warning] : Resource file '.dll' hasn't been found
Import [Warning] : Assembly '' hasn't been found
Import : Resource file 'sharedassets0.resource' has been loaded
ExportProgress : (1/140) Exporting 'EditorBuildSettings'
ExportProgress : (2/140) Exporting 'EditorSettings'
ExportProgress : (3/140) Exporting 'Test cube'
ExportProgress : (4/140) Exporting 'LightingData'
ExportProgress : (5/140) Exporting 'Tutorial (SceneAsset)'
ExportProgress : (6/140) Exporting 'Splash Screen Unity Logo'
ExportProgress : (7/140) Exporting 'ui_5backstepplus'
ExportProgress : (8/140) Exporting 'tube_cap'
ExportProgress : (9/140) Exporting 'circle'
ExportProgress : (10/140) Exporting 'imposter_stan_red'
ExportProgress : (11/140) Exporting 'ui_icon_menu'
ExportProgress : (12/140) Exporting 'ui_button_blue'
ExportProgress : (13/140) Exporting 'ui_complete_halo'
ExportProgress : (14/140) Exporting 'glow2'
ExportProgress : (15/140) Exporting 'ui_button_menu'
ExportProgress : (16/140) Exporting 'ui_button_yellow_rate'
ExportProgress : (17/140) Exporting 'ui_icon_star'
ExportProgress : (18/140) Exporting 'ui_backmenu'
ExportProgress : (19/140) Exporting 'ui_icon_vibrate_off'
ExportProgress : (20/140) Exporting 'BG_2'
ExportProgress : (21/140) Exporting 'ui_icon_restart'
ExportProgress : (22/140) Exporting 'glow'
ExportProgress : (23/140) Exporting 'TUBE_glow_red'
ExportProgress : (24/140) Exporting 'ui_icon_sound_on'
ExportProgress : (25/140) Exporting 'ui_text_next'
ExportProgress : (26/140) Exporting 'ui_rate_task'
ExportProgress : (27/140) Exporting 'ui_icon_youtube'
ExportProgress : (28/140) Exporting 'TUBE_glow_green'
ExportProgress : (29/140) Exporting 'ui_icon_backstep'
ExportProgress : (30/140) Exporting 'TUBE'
ExportProgress : (31/140) Exporting 'ui_button_brown_rate'
ExportProgress : (32/140) Exporting 'BG_1'
ExportProgress : (33/140) Exporting 'ui_icon_vibrate_on'
ExportProgress : (34/140) Exporting 'ui_button_yellow'
ExportProgress : (35/140) Exporting 'ui_icon_bonus1tube'
ExportProgress : (36/140) Exporting 'noun_Hand'
ExportProgress : (37/140) Exporting 'confetti'
ExportProgress : (38/140) Exporting 'imposter_sit_black'
ExportProgress : (39/140) Exporting 'ui_text_awesome'
ExportProgress : (40/140) Exporting 'ui_icon_sound_off'
ExportProgress : (41/140) Exporting 'EmojiOne'
ExportProgress : (42/140) Exporting 'LiberationSans SDF Atlas'
Export [Warning] : Unable to convert 'LiberationSans SDF Atlas' to bitmap
ExportProgress [Warning] : Failed to export 'LiberationSans SDF Atlas' (TextureExportCollection)
ExportProgress : (43/140) Exporting 'LiberationSans SDF Atlas'
ExportProgress : (44/140) Exporting 'PlayerSettings'
ExportProgress : (45/140) Exporting 'InputManager'
ExportProgress : (46/140) Exporting 'TagManager'
ExportProgress : (47/140) Exporting 'AudioManager'
ExportProgress : (48/140) Exporting 'GraphicsSettings'
ExportProgress : (49/140) Exporting 'TimeManager'
ExportProgress : (50/140) Exporting 'DelayedCallManager'
ExportProgress : (51/140) Exporting 'PhysicsManager'
ExportProgress : (52/140) Exporting 'QualitySettings'
ExportProgress : (53/140) Exporting 'NavMeshProjectSettings'
ExportProgress : (54/140) Exporting 'Physics2DSettings'
ExportProgress : (55/140) Exporting 'RuntimeInitializeOnLoadManager'
ExportProgress : (56/140) Exporting 'StreamingManager'
ExportProgress : (57/140) Exporting 'VFXManager'
ExportProgress : (58/140) Exporting 'ScriptExportCollection'
Export : Exporting scripts...
Export : Decompiling Unity.TextMeshPro
Export : Decompiling spine-unity
Export : Decompiling UnityEngine.UI
Export : Decompiling DOTween
Export : Decompiling ACTk.Runtime
Export : Decompiling spine-unity-examples
Export : Decompiling GoogleMobileAds
Export : Decompiling Assembly-CSharp
Export : Decompiling LeanCommon
Export : Decompiling LeanPool
Export : Decompiling __Generated
Export : Decompiling System.Runtime.CompilerServices.Unsafe
ExportProgress : (59/140) Exporting 'Sprite'
ExportProgress : (60/140) Exporting 'confetti'
ExportProgress : (61/140) Exporting 'circle_additive'
ExportProgress : (62/140) Exporting 'glow'
ExportProgress : (63/140) Exporting 'glow2'
ExportProgress : (64/140) Exporting 'imposter_stan_red_Material'
ExportProgress : (65/140) Exporting 'imposter_sit_black_Material'
ExportProgress : (66/140) Exporting 'SVN-Supercell Magic'
ExportProgress : (67/140) Exporting 'Spine/Skeleton'
ExportProgress : (68/140) Exporting 'imposter_sit_black'
ExportProgress : (69/140) Exporting 'imposter_sit_black.atlas'
ExportProgress : (70/140) Exporting 'imposter_stan_red.skel'
ExportProgress : (71/140) Exporting 'imposter_stan_red.atlas'
ExportProgress : (72/140) Exporting 'ChooseWrong'
ExportProgress : (73/140) Exporting 'TubeWrong'
ExportProgress : (74/140) Exporting 'BGM_Imposter_1'
ExportProgress : (75/140) Exporting 'Resolve_SFX'
ExportProgress : (76/140) Exporting 'Click_Button_SFX'
ExportProgress : (77/140) Exporting 'Win_SFX'
ExportProgress : (78/140) Exporting 'Falling_SFX'
ExportProgress : (79/140) Exporting 'Wrong_Pick'
ExportProgress : (80/140) Exporting 'ui_5backstepplus'
ExportProgress : (81/140) Exporting 'tube_cap'
ExportProgress : (82/140) Exporting 'ui_icon_menu'
ExportProgress : (83/140) Exporting 'ui_button_blue'
ExportProgress : (84/140) Exporting 'ui_complete_halo'
ExportProgress : (85/140) Exporting 'ui_button_menu'
ExportProgress : (86/140) Exporting 'ui_button_yellow_rate'
ExportProgress : (87/140) Exporting 'ui_icon_star'
ExportProgress : (88/140) Exporting 'ui_backmenu'
ExportProgress : (89/140) Exporting 'ui_icon_vibrate_off'
ExportProgress : (90/140) Exporting 'BG_2'
ExportProgress : (91/140) Exporting 'ui_icon_restart'
ExportProgress : (92/140) Exporting 'TUBE_glow_red'
ExportProgress : (93/140) Exporting 'ui_icon_sound_on'
ExportProgress : (94/140) Exporting 'ui_text_next'
ExportProgress : (95/140) Exporting 'ui_rate_task'
ExportProgress : (96/140) Exporting 'ui_icon_youtube'
ExportProgress : (97/140) Exporting 'TUBE_glow_green'
ExportProgress : (98/140) Exporting 'ui_icon_backstep'
ExportProgress : (99/140) Exporting 'TUBE'
ExportProgress : (100/140) Exporting 'ui_button_brown_rate'
ExportProgress : (101/140) Exporting 'BG_1'
ExportProgress : (102/140) Exporting 'ui_icon_vibrate_on'
ExportProgress : (103/140) Exporting 'ui_button_yellow'
ExportProgress : (104/140) Exporting 'ui_icon_bonus1tube'
ExportProgress : (105/140) Exporting 'noun_Hand'
ExportProgress : (106/140) Exporting 'ui_text_awesome'
ExportProgress : (107/140) Exporting 'ui_icon_sound_off'
ExportProgress : (108/140) Exporting 'Imposter_test'
ExportProgress : (109/140) Exporting 'Test cube'
ExportProgress : (110/140) Exporting 'first_levels'
ExportProgress : (111/140) Exporting 'random_levels'
ExportProgress : (112/140) Exporting 'imposter_stan_red_Atlas'
ExportProgress : (113/140) Exporting 'imposter_stan_red_SkeletonData'
ExportProgress : (114/140) Exporting 'imposter_sit_black_Atlas'
ExportProgress : (115/140) Exporting 'imposter_sit_black_SkeletonData'
ExportProgress : (116/140) Exporting 'Tutorial'
ExportProgress : (117/140) Exporting 'Settings.lighting'
ExportProgress : (118/140) Exporting 'LiberationSans SDF - Drop Shadow'
ExportProgress : (119/140) Exporting 'LiberationSans SDF - Outline'
ExportProgress : (120/140) Exporting 'LiberationSans'
ExportProgress : (121/140) Exporting 'TextMeshPro/Sprite'
ExportProgress : (122/140) Exporting 'LiberationSans SDF Material'
ExportProgress : (123/140) Exporting 'LiberationSans SDF Material'
ExportProgress : (124/140) Exporting 'TextMeshPro/Sprite'
ExportProgress : (125/140) Exporting 'TextMeshPro/Mobile/Distance Field'
ExportProgress : (126/140) Exporting 'BillingMode'
ExportProgress : (127/140) Exporting 'IAPProductCatalog'
ExportProgress : (128/140) Exporting 'LineBreaking Leading Characters'
ExportProgress : (129/140) Exporting 'LineBreaking Following Characters'
ExportProgress : (130/140) Exporting 'AdvertisementManager'
Import [Warning] : Could not read MonoBehaviour structure for ``. Reason: Script ID is invalid
ExportProgress : (131/140) Exporting 'BaseTracking'
ExportProgress : (132/140) Exporting 'GameManager'
ExportProgress : (133/140) Exporting 'AdsManager'
ExportProgress : (134/140) Exporting 'GoogleMobileAdsSettings'
Import [Warning] : Could not read MonoBehaviour structure for `GoogleMobileAds.Editor.GoogleMobileAdsSettings`. Reason: Script ID is invalid
ExportProgress : (135/140) Exporting 'DOTweenSettings'
ExportProgress : (136/140) Exporting 'LiberationSans SDF - Fallback'
ExportProgress : (137/140) Exporting 'LiberationSans SDF'
ExportProgress : (138/140) Exporting 'EmojiOne'
ExportProgress : (139/140) Exporting 'Default Style Sheet'
ExportProgress : (140/140) Exporting 'TMP Settings'
Export : Finished exporting assets
Export : Saving game assemblies...
Export : Finished post-export
Export : Ripped to /home/user/AssetRipper/iterations/013/output
