NO_MANAGED_METHOD	spine-unity	Spine.TrackEntry	add_Event	AF4130	0	0	0	-	-	FUNCTION_PROLOGUE
NO_MANAGED_METHOD	spine-unity	Spine.VertexAttachment	.ctor	1854CA0	0	0	0	-	-	FUNCTION_PROLOGUE
NO_MANAGED_METHOD	spine-unity	Spine.TrackEntry	remove_Event	AF4130	0	0	0	-	-	FUNCTION_PROLOGUE
NO_MANAGED_METHOD	spine-unity	Spine.EventQueue	add_AnimationsChanged	AF4130	0	0	0	-	-	FUNCTION_PROLOGUE
NO_MANAGED_METHOD	spine-unity	Spine.EventQueue	remove_AnimationsChanged	AF4130	0	0	0	-	-	FUNCTION_PROLOGUE
NO_MANAGED_METHOD	spine-unity	Spine.ExposedList`1	.ctor	AD94AC	0	B28874	0	-	-	VENEER_B
NO_MANAGED_METHOD	spine-unity	Spine.ExposedList`1	.ctor	AD94AC	0	B28874	0	-	-	VENEER_B
NO_MANAGED_METHOD	spine-unity	Spine.ExposedList`1	CheckRange	AD94AC	0	B28874	0	-	-	VENEER_B
NO_MANAGED_METHOD	spine-unity	Spine.ExposedList`1	CheckRange	AD94AC	0	B28874	0	-	-	VENEER_B
NO_MANAGED_METHOD	spine-unity	Spine.ExposedList`1	CheckRange	AD94AC	0	B28874	0	-	-	VENEER_B
NO_MANAGED_METHOD	spine-unity	Spine.ExposedList`1	CheckRange	AD94AC	0	B28874	0	-	-	VENEER_B
NO_MANAGED_METHOD	spine-unity	Spine.ExposedList`1	CheckRange	AD94AC	0	B28874	0	-	-	VENEER_B
NO_MANAGED_METHOD	spine-unity	Spine.ExposedList`1	AddCollection	B349B4	0	0	0	-	-	FUNCTION_PROLOGUE
NO_MANAGED_METHOD	spine-unity	Spine.ExposedList`1	AddCollection	B349B4	0	0	0	-	-	FUNCTION_PROLOGUE
NO_MANAGED_METHOD	spine-unity	Spine.Animation	.ctor	AD94AC	0	B28874	0	-	-	VENEER_B
NO_MANAGED_METHOD	spine-unity	Spine.Animation	.ctor	AD94AC	0	B28874	0	-	-	VENEER_B
NO_MANAGED_METHOD	spine-unity	Spine.Animation	.ctor	AD94AC	0	B28874	0	-	-	VENEER_B
NO_MANAGED_METHOD	spine-unity	Spine.Animation	.ctor	AD94AC	0	B28874	0	-	-	VENEER_B
NO_MANAGED_METHOD	spine-unity	Spine.Animation	.ctor	AD94AC	0	B28874	0	-	-	VENEER_B
NO_MANAGED_METHOD	spine-unity	Spine.Animation	.ctor	AD94AC	0	B28874	0	-	-	VENEER_B
NO_MANAGED_METHOD	spine-unity	Spine.Animation	Apply	AD94AC	0	B28874	0	-	-	VENEER_B
NO_MANAGED_METHOD	spine-unity	Spine.Animation	Apply	AD94AC	0	B28874	0	-	-	VENEER_B
NO_MANAGED_METHOD	spine-unity	Spine.Animation	Apply	AD94AC	0	B28874	0	-	-	VENEER_B
NO_MANAGED_METHOD	spine-unity	Spine.Animation	Apply	AD94AC	0	B28874	0	-	-	VENEER_B
NO_MANAGED_METHOD	spine-unity	Spine.Bone	.ctor	AD94AC	0	B28874	0	-	-	VENEER_B
NO_MANAGED_METHOD	spine-unity	Spine.Bone	.ctor	AD94AC	0	B28874	0	-	-	VENEER_B
NO_MANAGED_METHOD	spine-unity	Spine.Bone	.ctor	AD94AC	0	B28874	0	-	-	VENEER_B
NO_MANAGED_METHOD	spine-unity	Spine.Bone	.ctor	AD94AC	0	B28874	0	-	-	VENEER_B
NO_MANAGED_METHOD	spine-unity	Spine.Bone	.ctor	AD94AC	0	B28874	0	-	-	VENEER_B
NO_MANAGED_METHOD	spine-unity	Spine.Bone	.ctor	AD94AC	0	B28874	0	-	-	VENEER_B
NO_MANAGED_METHOD	spine-unity	Spine.CurveTimeline	.ctor	AD94AC	0	B28874	0	-	-	VENEER_B
NO_MANAGED_METHOD	spine-unity	Spine.CurveTimeline	.ctor	AD94AC	0	B28874	0	-	-	VENEER_B
NO_MANAGED_METHOD	spine-unity	Spine.CurveTimeline	.ctor	AD94AC	0	B28874	0	-	-	VENEER_B
NO_MANAGED_METHOD	spine-unity	Spine.Pool`1	Free	AD94AC	0	B28874	0	-	-	VENEER_B
NO_MANAGED_METHOD	spine-unity	Spine.Pool`1	Free	AD94AC	0	B28874	0	-	-	VENEER_B
NO_MANAGED_METHOD	spine-unity	Spine.Pool`1	Free	AD94AC	0	B28874	0	-	-	VENEER_B
NO_MANAGED_METHOD	spine-unity	Spine.Pool`1	Reset	B349B4	0	0	0	-	-	FUNCTION_PROLOGUE
NO_MANAGED_METHOD	spine-unity	Spine.ExposedList`1	AddEnumerable	B349B4	0	0	0	-	-	FUNCTION_PROLOGUE
NO_MANAGED_METHOD	spine-unity	Spine.ExposedList`1	AddEnumerable	B349B4	0	0	0	-	-	FUNCTION_PROLOGUE
NO_MANAGED_METHOD	spine-unity	Spine.ExposedList`1	AddEnumerable	B349B4	0	0	0	-	-	FUNCTION_PROLOGUE
NO_MANAGED_METHOD	spine-unity	Spine.ExposedList`1	AddEnumerable	1854E70	0	0	0	-	-	PLT_STUB
NO_MANAGED_METHOD	spine-unity	Spine.ExposedList`1	AddEnumerable	1854E80	0	0	0	-	-	PLT_STUB
NO_MANAGED_METHOD	spine-unity	Spine.ExposedList`1	AddEnumerable	B349B4	0	0	0	-	-	FUNCTION_PROLOGUE
NO_MANAGED_METHOD	spine-unity	Spine.ExposedList`1	AddEnumerable	BD3CD0	0	0	0	-	-	FUNCTION_PROLOGUE
NO_MANAGED_METHOD	spine-unity	Spine.ExposedList`1	AddEnumerable	9DACB4	0	0	0	-	-	FUNCTION_PROLOGUE
NO_MANAGED_METHOD	spine-unity	Spine.RotateTimeline	set_BoneIndex	AD94AC	0	B28874	0	-	-	VENEER_B
NO_MANAGED_METHOD	spine-unity	Spine.RotateTimeline	set_BoneIndex	AD94AC	0	B28874	0	-	-	VENEER_B
NO_MANAGED_METHOD	spine-unity	Spine.RotateTimeline	set_BoneIndex	AD94AC	0	B28874	0	-	-	VENEER_B
NO_MANAGED_METHOD	spine-unity	Spine.AnimationStateData	.ctor	AD94AC	0	B28874	0	-	-	VENEER_B
NO_MANAGED_METHOD	spine-unity	Spine.AnimationStateData	SetMix	AD94AC	0	B28874	0	-	-	VENEER_B
NO_MANAGED_METHOD	spine-unity	Spine.AnimationStateData	SetMix	AD94AC	0	B28874	0	-	-	VENEER_B
NO_MANAGED_METHOD	spine-unity	Spine.AnimationStateData	SetMix	AD94AC	0	B28874	0	-	-	VENEER_B
NO_MANAGED_METHOD	spine-unity	Spine.AnimationStateData	SetMix	AD94AC	0	B28874	0	-	-	VENEER_B
NO_MANAGED_METHOD	spine-unity	Spine.AnimationStateData	SetMix	AD94AC	0	B28874	0	-	-	VENEER_B
NO_MANAGED_METHOD	spine-unity	Spine.AnimationStateData	SetMix	AD94AC	0	B28874	0	-	-	VENEER_B
NO_MANAGED_METHOD	spine-unity	Spine.AnimationStateData	SetMix	AD94AC	0	B28874	0	-	-	VENEER_B
NO_MANAGED_METHOD	spine-unity	Spine.AnimationStateData	SetMix	AD94AC	0	B28874	0	-	-	VENEER_B
NO_MANAGED_METHOD	spine-unity	Spine.AnimationStateData	SetMix	AD94AC	0	B28874	0	-	-	VENEER_B
NO_MANAGED_METHOD	spine-unity	Spine.AnimationStateData	SetMix	AD94AC	0	B28874	0	-	-	VENEER_B
NO_MANAGED_METHOD	spine-unity	Spine.AnimationStateData	SetMix	AD94AC	0	B28874	0	-	-	VENEER_B
NO_MANAGED_METHOD	spine-unity	Spine.AnimationStateData	SetMix	AD94AC	0	B28874	0	-	-	VENEER_B
NO_MANAGED_METHOD	spine-unity	Spine.IkConstraintTimeline	set_IkConstraintIndex	AD94AC	0	B28874	0	-	-	VENEER_B
NO_MANAGED_METHOD	spine-unity	Spine.IkConstraintTimeline	set_IkConstraintIndex	AD94AC	0	B28874	0	-	-	VENEER_B
NO_MANAGED_METHOD	spine-unity	Spine.IkConstraintTimeline	set_IkConstraintIndex	AD94AC	0	B28874	0	-	-	VENEER_B
NO_MANAGED_METHOD	spine-unity	Spine.AnimationStateData	GetMix	AD94AC	0	B28874	0	-	-	VENEER_B
NO_MANAGED_METHOD	spine-unity	Spine.AnimationStateData	GetMix	AD94AC	0	B28874	0	-	-	VENEER_B
NO_MANAGED_METHOD	spine-unity	Spine.AnimationStateData	GetMix	AD94AC	0	B28874	0	-	-	VENEER_B
NO_MANAGED_METHOD	spine-unity	Spine.AnimationStateData	GetMix	AD94AC	0	B28874	0	-	-	VENEER_B
NO_MANAGED_METHOD	spine-unity	Spine.AnimationStateData	GetMix	AD94AC	0	B28874	0	-	-	VENEER_B
NO_MANAGED_METHOD	spine-unity	Spine.AnimationStateData	GetMix	AD94AC	0	B28874	0	-	-	VENEER_B
NO_MANAGED_METHOD	spine-unity	Spine.TranslateTimeline	set_BoneIndex	AD94AC	0	B28874	0	-	-	VENEER_B
NO_MANAGED_METHOD	spine-unity	Spine.TranslateTimeline	set_BoneIndex	AD94AC	0	B28874	0	-	-	VENEER_B
NO_MANAGED_METHOD	spine-unity	Spine.TranslateTimeline	set_BoneIndex	AD94AC	0	B28874	0	-	-	VENEER_B
NO_MANAGED_METHOD	spine-unity	Spine.ExposedList`1	ConvertAll	B3490C	0	0	0	-	-	FUNCTION_PROLOGUE
NO_MANAGED_METHOD	spine-unity	Spine.ExposedList`1	ConvertAll	1854F10	0	0	0	-	-	PLT_STUB
NO_MANAGED_METHOD	spine-unity	Spine.PathConstraint	.ctor	AD94AC	0	B28874	0	-	-	VENEER_B
NO_MANAGED_METHOD	spine-unity	Spine.PathConstraint	.ctor	AD94AC	0	B28874	0	-	-	VENEER_B
NO_MANAGED_METHOD	spine-unity	Spine.PathConstraint	.ctor	AD94AC	0	B28874	0	-	-	VENEER_B
NO_MANAGED_METHOD	spine-unity	Spine.PathConstraint	.ctor	AD94AC	0	B28874	0	-	-	VENEER_B
NO_MANAGED_METHOD	spine-unity	Spine.PathConstraint	.ctor	AD94AC	0	B28874	0	-	-	VENEER_B
NO_MANAGED_METHOD	spine-unity	Spine.PathConstraint	.ctor	AD94AC	0	B28874	0	-	-	VENEER_B
NO_MANAGED_METHOD	spine-unity	Spine.ExposedList`1	ConvertAll	AD94AC	0	B28874	0	-	-	VENEER_B
NO_MANAGED_METHOD	spine-unity	Spine.ExposedList`1	ConvertAll	AD94AC	0	B28874	0	-	-	VENEER_B
NO_MANAGED_METHOD	spine-unity	Spine.TransformConstraintTimeline	set_TransformConstraintIndex	AD94AC	0	B28874	0	-	-	VENEER_B
NO_MANAGED_METHOD	spine-unity	Spine.TransformConstraintTimeline	set_TransformConstraintIndex	AD94AC	0	B28874	0	-	-	VENEER_B
NO_MANAGED_METHOD	spine-unity	Spine.TransformConstraintTimeline	set_TransformConstraintIndex	AD94AC	0	B28874	0	-	-	VENEER_B
NO_MANAGED_METHOD	spine-unity	Spine.ExposedList`1	CheckMatch	AD94AC	0	B28874	0	-	-	VENEER_B
NO_MANAGED_METHOD	spine-unity	Spine.ExposedList`1	CheckMatch	AD94AC	0	B28874	0	-	-	VENEER_B
NO_MANAGED_METHOD	spine-unity	Spine.BoneData	.ctor	AD94AC	0	B28874	0	-	-	VENEER_B
NO_MANAGED_METHOD	spine-unity	Spine.BoneData	.ctor	AD94AC	0	B28874	0	-	-	VENEER_B
NO_MANAGED_METHOD	spine-unity	Spine.BoneData	.ctor	AD94AC	0	B28874	0	-	-	VENEER_B
NO_MANAGED_METHOD	spine-unity	Spine.BoneData	.ctor	AD94AC	0	B28874	0	-	-	VENEER_B
NO_MANAGED_METHOD	spine-unity	Spine.BoneData	.ctor	AD94AC	0	B28874	0	-	-	VENEER_B
NO_MANAGED_METHOD	spine-unity	Spine.BoneData	.ctor	AD94AC	0	B28874	0	-	-	VENEER_B
NO_MANAGED_METHOD	spine-unity	Spine.BoneData	.ctor	AD94AC	0	B28874	0	-	-	VENEER_B
NO_MANAGED_METHOD	spine-unity	Spine.ConstraintData	.ctor	AD94AC	0	B28874	0	-	-	VENEER_B
NO_MANAGED_METHOD	spine-unity	Spine.ConstraintData	.ctor	AD94AC	0	B28874	0	-	-	VENEER_B
NO_MANAGED_METHOD	spine-unity	Spine.ConstraintData	.ctor	AD94AC	0	B28874	0	-	-	VENEER_B
NO_MANAGED_METHOD	spine-unity	Spine.ConstraintData	.ctor	AD94AC	0	B28874	0	-	-	VENEER_B
NO_MANAGED_METHOD	spine-unity	Spine.PathConstraint	.ctor	AD94AC	0	B28874	0	-	-	VENEER_B
NO_MANAGED_METHOD	spine-unity	Spine.PathConstraint	.ctor	AD94AC	0	B28874	0	-	-	VENEER_B
NO_MANAGED_METHOD	spine-unity	Spine.PathConstraint	.ctor	1854E70	0	0	0	-	-	PLT_STUB
NO_MANAGED_METHOD	spine-unity	Spine.PathConstraint	.ctor	1854E80	0	0	0	-	-	PLT_STUB
NO_MANAGED_METHOD	spine-unity	Spine.PathConstraint	.ctor	BD3CD0	0	0	0	-	-	FUNCTION_PROLOGUE
NO_MANAGED_METHOD	spine-unity	Spine.PathConstraint	.ctor	9DACB4	0	0	0	-	-	FUNCTION_PROLOGUE
NO_MANAGED_METHOD	spine-unity	Spine.PathConstraint	.ctor	AD94AC	0	B28874	0	-	-	VENEER_B
NO_MANAGED_METHOD	spine-unity	Spine.PathConstraint	.ctor	AD94AC	0	B28874	0	-	-	VENEER_B
NO_MANAGED_METHOD	spine-unity	Spine.Event	.ctor	AD94AC	0	B28874	0	-	-	VENEER_B
NO_MANAGED_METHOD	spine-unity	Spine.Event	.ctor	AD94AC	0	B28874	0	-	-	VENEER_B
NO_MANAGED_METHOD	spine-unity	Spine.Event	.ctor	AD94AC	0	B28874	0	-	-	VENEER_B
NO_MANAGED_METHOD	spine-unity	Spine.Event	.ctor	AD94AC	0	B28874	0	-	-	VENEER_B
NO_MANAGED_METHOD	spine-unity	Spine.ColorTimeline	set_SlotIndex	AD94AC	0	B28874	0	-	-	VENEER_B
NO_MANAGED_METHOD	spine-unity	Spine.ColorTimeline	set_SlotIndex	AD94AC	0	B28874	0	-	-	VENEER_B
NO_MANAGED_METHOD	spine-unity	Spine.ColorTimeline	set_SlotIndex	AD94AC	0	B28874	0	-	-	VENEER_B
NO_MANAGED_METHOD	spine-unity	Spine.EventData	.ctor	AD94AC	0	B28874	0	-	-	VENEER_B
NO_MANAGED_METHOD	spine-unity	Spine.EventData	.ctor	AD94AC	0	B28874	0	-	-	VENEER_B
NO_MANAGED_METHOD	spine-unity	Spine.EventData	.ctor	AD94AC	0	B28874	0	-	-	VENEER_B
NO_MANAGED_METHOD	spine-unity	Spine.EventData	.ctor	AD94AC	0	B28874	0	-	-	VENEER_B
NO_MANAGED_METHOD	spine-unity	Spine.PathConstraintPositionTimeline	set_PathConstraintIndex	AD94AC	0	B28874	0	-	-	VENEER_B
NO_MANAGED_METHOD	spine-unity	Spine.PathConstraintPositionTimeline	set_PathConstraintIndex	AD94AC	0	B28874	0	-	-	VENEER_B
NO_MANAGED_METHOD	spine-unity	Spine.PathConstraintPositionTimeline	set_PathConstraintIndex	AD94AC	0	B28874	0	-	-	VENEER_B
NO_MANAGED_METHOD	spine-unity	Spine.ExposedList`1	ForEach	AD94AC	0	B28874	0	-	-	VENEER_B
NO_MANAGED_METHOD	spine-unity	Spine.ExposedList`1	ForEach	AD94AC	0	B28874	0	-	-	VENEER_B
NO_MANAGED_METHOD	spine-unity	Spine.ExposedList`1	IndexOf	AD94AC	0	B28874	0	-	-	VENEER_B
NO_MANAGED_METHOD	spine-unity	Spine.ExposedList`1	IndexOf	AD94AC	0	B28874	0	-	-	VENEER_B
NO_MANAGED_METHOD	spine-unity	Spine.ExposedList`1	IndexOf	AD94AC	0	B28874	0	-	-	VENEER_B
NO_MANAGED_METHOD	spine-unity	Spine.ExposedList`1	IndexOf	AD94AC	0	B28874	0	-	-	VENEER_B
NO_MANAGED_METHOD	spine-unity	Spine.ExposedList`1	CheckIndex	AD94AC	0	B28874	0	-	-	VENEER_B
NO_MANAGED_METHOD	spine-unity	Spine.ExposedList`1	CheckIndex	AD94AC	0	B28874	0	-	-	VENEER_B
SHARED_2	spine-unity	Spine.ExposedList`1	Insert	F4741C	2	0	0	-	-	FUNCTION_PROLOGUE
NO_MANAGED_METHOD	spine-unity	Spine.ExposedList`1	CheckCollection	AD94AC	0	B28874	0	-	-	VENEER_B
NO_MANAGED_METHOD	spine-unity	Spine.ExposedList`1	CheckCollection	AD94AC	0	B28874	0	-	-	VENEER_B
NO_MANAGED_METHOD	spine-unity	Spine.ExposedList`1+Enumerator	VerifyState	9E5D78	0	0	0	-	-	FUNCTION_PROLOGUE
NOT_AN_ADDRESS	spine-unity	Spine.ExposedList`1+Enumerator	VerifyState	0	-1	0	0	-	-	-
NO_MANAGED_METHOD	spine-unity	Spine.ExposedList`1+Enumerator	VerifyState	9DE264	0	0	0	-	-	FUNCTION_PROLOGUE
NO_MANAGED_METHOD	spine-unity	Spine.ExposedList`1+Enumerator	VerifyState	AD94AC	0	B28874	0	-	-	VENEER_B
NO_MANAGED_METHOD	spine-unity	Spine.ExposedList`1+Enumerator	VerifyState	AD94AC	0	B28874	0	-	-	VENEER_B
NO_MANAGED_METHOD	spine-unity	Spine.ExposedList`1+Enumerator	VerifyState	AD94AC	0	B28874	0	-	-	VENEER_B
NO_MANAGED_METHOD	spine-unity	Spine.TwoColorTimeline	set_SlotIndex	AD94AC	0	B28874	0	-	-	VENEER_B
NO_MANAGED_METHOD	spine-unity	Spine.TwoColorTimeline	set_SlotIndex	AD94AC	0	B28874	0	-	-	VENEER_B
NO_MANAGED_METHOD	spine-unity	Spine.TwoColorTimeline	set_SlotIndex	AD94AC	0	B28874	0	-	-	VENEER_B
SHARED_2	spine-unity	Spine.ExposedList`1	InsertRange	F4741C	2	0	0	-	-	FUNCTION_PROLOGUE
NO_MANAGED_METHOD	spine-unity	Spine.ExposedList`1	InsertCollection	B349B4	0	0	0	-	-	FUNCTION_PROLOGUE
NO_MANAGED_METHOD	spine-unity	Spine.ExposedList`1	InsertCollection	B349B4	0	0	0	-	-	FUNCTION_PROLOGUE
SHARED_2	spine-unity	Spine.ExposedList`1	InsertCollection	F4741C	2	0	0	-	-	FUNCTION_PROLOGUE
NOT_AN_ADDRESS	spine-unity	Spine.Atlas	Load	0	-1	0	0	-	-	-
NOT_AN_ADDRESS	spine-unity	Spine.Atlas	Load	0	-1	0	0	-	-	-
NOT_AN_ADDRESS	spine-unity	Spine.Atlas	Load	0	-1	0	0	-	-	-
NO_MANAGED_METHOD	spine-unity	Spine.Atlas	Load	AD94AC	0	B28874	0	-	-	VENEER_B
NO_MANAGED_METHOD	spine-unity	Spine.Atlas	Load	AD94AC	0	B28874	0	-	-	VENEER_B
NO_MANAGED_METHOD	spine-unity	Spine.Atlas	Load	AD94AC	0	B28874	0	-	-	VENEER_B
NO_MANAGED_METHOD	spine-unity	Spine.Atlas	Load	AD94AC	0	B28874	0	-	-	VENEER_B
NO_MANAGED_METHOD	spine-unity	Spine.Atlas	ReadValue	AD94AC	0	B28874	0	-	-	VENEER_B
NO_MANAGED_METHOD	spine-unity	Spine.Atlas	ReadValue	AD94AC	0	B28874	0	-	-	VENEER_B
NO_MANAGED_METHOD	spine-unity	Spine.Atlas	ReadValue	AD94AC	0	B28874	0	-	-	VENEER_B
NO_MANAGED_METHOD	spine-unity	Spine.AttachmentTimeline	set_SlotIndex	AD94AC	0	B28874	0	-	-	VENEER_B
NO_MANAGED_METHOD	spine-unity	Spine.AttachmentTimeline	set_SlotIndex	AD94AC	0	B28874	0	-	-	VENEER_B
NO_MANAGED_METHOD	spine-unity	Spine.AttachmentTimeline	set_SlotIndex	AD94AC	0	B28874	0	-	-	VENEER_B
NO_MANAGED_METHOD	spine-unity	Spine.ExposedList`1	InsertEnumeration	B349B4	0	0	0	-	-	FUNCTION_PROLOGUE
NO_MANAGED_METHOD	spine-unity	Spine.ExposedList`1	InsertEnumeration	B349B4	0	0	0	-	-	FUNCTION_PROLOGUE
NO_MANAGED_METHOD	spine-unity	Spine.ExposedList`1	InsertEnumeration	B349B4	0	0	0	-	-	FUNCTION_PROLOGUE
NO_MANAGED_METHOD	spine-unity	Spine.ExposedList`1	InsertEnumeration	1854E70	0	0	0	-	-	PLT_STUB
NO_MANAGED_METHOD	spine-unity	Spine.ExposedList`1	InsertEnumeration	1854E80	0	0	0	-	-	PLT_STUB
NO_MANAGED_METHOD	spine-unity	Spine.PathConstraintMixTimeline	set_PathConstraintIndex	AD94AC	0	B28874	0	-	-	VENEER_B
NO_MANAGED_METHOD	spine-unity	Spine.PathConstraintMixTimeline	set_PathConstraintIndex	AD94AC	0	B28874	0	-	-	VENEER_B
NO_MANAGED_METHOD	spine-unity	Spine.PathConstraintMixTimeline	set_PathConstraintIndex	AD94AC	0	B28874	0	-	-	VENEER_B
NO_MANAGED_METHOD	spine-unity	Spine.ExposedList`1	InsertEnumeration	B349B4	0	0	0	-	-	FUNCTION_PROLOGUE
NO_MANAGED_METHOD	spine-unity	Spine.ExposedList`1	InsertEnumeration	BD3CD0	0	0	0	-	-	FUNCTION_PROLOGUE
NO_MANAGED_METHOD	spine-unity	Spine.ExposedList`1	InsertEnumeration	9DACB4	0	0	0	-	-	FUNCTION_PROLOGUE
NO_MANAGED_METHOD	spine-unity	Spine.DeformTimeline	set_SlotIndex	AD94AC	0	B28874	0	-	-	VENEER_B
NO_MANAGED_METHOD	spine-unity	Spine.DeformTimeline	set_SlotIndex	AD94AC	0	B28874	0	-	-	VENEER_B
NO_MANAGED_METHOD	spine-unity	Spine.DeformTimeline	set_SlotIndex	AD94AC	0	B28874	0	-	-	VENEER_B
NO_MANAGED_METHOD	spine-unity	Spine.ExposedList`1	LastIndexOf	AD94AC	0	B28874	0	-	-	VENEER_B
NOT_AN_ADDRESS	spine-unity	Spine.ExposedList`1	LastIndexOf	0	-1	0	0	-	-	-
NO_MANAGED_METHOD	spine-unity	Spine.ExposedList`1	LastIndexOf	AD94AC	0	B28874	0	-	-	VENEER_B
NO_MANAGED_METHOD	spine-unity	Spine.ExposedList`1	LastIndexOf	AD94AC	0	B28874	0	-	-	VENEER_B
NO_MANAGED_METHOD	spine-unity	Spine.ExposedList`1	LastIndexOf	AD94AC	0	B28874	0	-	-	VENEER_B
NOT_AN_ADDRESS	spine-unity	Spine.ExposedList`1	LastIndexOf	0	-1	0	0	-	-	-
NO_MANAGED_METHOD	spine-unity	Spine.ExposedList`1	LastIndexOf	AD94AC	0	B28874	0	-	-	VENEER_B
NO_MANAGED_METHOD	spine-unity	Spine.ExposedList`1	LastIndexOf	AD94AC	0	B28874	0	-	-	VENEER_B
NO_MANAGED_METHOD	spine-unity	Spine.ExposedList`1	LastIndexOf	AD94AC	0	B28874	0	-	-	VENEER_B
NOT_AN_ADDRESS	spine-unity	Spine.ExposedList`1	LastIndexOf	0	-1	0	0	-	-	-
NO_MANAGED_METHOD	spine-unity	Spine.ExposedList`1	LastIndexOf	AD94AC	0	B28874	0	-	-	VENEER_B
NO_MANAGED_METHOD	spine-unity	Spine.ExposedList`1	LastIndexOf	AD94AC	0	B28874	0	-	-	VENEER_B
NO_MANAGED_METHOD	spine-unity	Spine.ExposedList`1	LastIndexOf	AD94AC	0	B28874	0	-	-	VENEER_B
NO_MANAGED_METHOD	spine-unity	Spine.Atlas	ReadTuple	AD94AC	0	B28874	0	-	-	VENEER_B
NO_MANAGED_METHOD	spine-unity	Spine.Atlas	ReadTuple	AD94AC	0	B28874	0	-	-	VENEER_B
NO_MANAGED_METHOD	spine-unity	Spine.Atlas	ReadTuple	AD94AC	0	B28874	0	-	-	VENEER_B
NO_MANAGED_METHOD	spine-unity	Spine.Skin	.ctor	AD94AC	0	B28874	0	-	-	VENEER_B
NO_MANAGED_METHOD	spine-unity	Spine.Skin	SetAttachment	AD94AC	0	B28874	0	-	-	VENEER_B
NO_MANAGED_METHOD	spine-unity	Spine.Skin	SetAttachment	AD94AC	0	B28874	0	-	-	VENEER_B
NO_MANAGED_METHOD	spine-unity	Spine.Skin	SetAttachment	AD94AC	0	B28874	0	-	-	VENEER_B
NO_MANAGED_METHOD	spine-unity	Spine.Skin	SetAttachment	AD94AC	0	B28874	0	-	-	VENEER_B
NO_MANAGED_METHOD	spine-unity	Spine.Skin	SetAttachment	AD94AC	0	B28874	0	-	-	VENEER_B
NO_MANAGED_METHOD	spine-unity	Spine.Skin	SetAttachment	AD94AC	0	B28874	0	-	-	VENEER_B
SHARED_2	spine-unity	Spine.ExposedList`1	RemoveAt	F4741C	2	0	0	-	-	FUNCTION_PROLOGUE
NO_MANAGED_METHOD	spine-unity	Spine.ExposedList`1	RemoveAt	AD94AC	0	B28874	0	-	-	VENEER_B
NO_MANAGED_METHOD	spine-unity	Spine.ExposedList`1	RemoveAt	AD94AC	0	B28874	0	-	-	VENEER_B
NO_MANAGED_METHOD	spine-unity	Spine.ExposedList`1	Pop	AD94AC	0	B28874	0	-	-	VENEER_B
NO_MANAGED_METHOD	spine-unity	Spine.ExposedList`1	Pop	AD94AC	0	B28874	0	-	-	VENEER_B
SHARED_2	spine-unity	Spine.ExposedList`1	RemoveRange	F4741C	2	0	0	-	-	FUNCTION_PROLOGUE
NO_MANAGED_METHOD	spine-unity	Spine.Skin	AddSkin	1854E70	0	0	0	-	-	PLT_STUB
NO_MANAGED_METHOD	spine-unity	Spine.Skin	AddSkin	1854E80	0	0	0	-	-	PLT_STUB
NO_MANAGED_METHOD	spine-unity	Spine.Skin	AddSkin	BD3CD0	0	0	0	-	-	FUNCTION_PROLOGUE
NO_MANAGED_METHOD	spine-unity	Spine.Skin	AddSkin	9DACB4	0	0	0	-	-	FUNCTION_PROLOGUE
NO_MANAGED_METHOD	spine-unity	Spine.ExposedList`1	set_Capacity	AD94AC	0	B28874	0	-	-	VENEER_B
NO_MANAGED_METHOD	spine-unity	Spine.AnimationState	add_Start	AF4130	0	0	0	-	-	FUNCTION_PROLOGUE
NO_MANAGED_METHOD	spine-unity	Spine.ExposedList`1	.cctor	B348B0	0	0	0	-	-	FUNCTION_PROLOGUE
NO_MANAGED_METHOD	spine-unity	Spine.AtlasAttachmentLoader	.ctor	AD94AC	0	B28874	0	-	-	VENEER_B
NO_MANAGED_METHOD	spine-unity	Spine.AtlasAttachmentLoader	.ctor	AD94AC	0	B28874	0	-	-	VENEER_B
NO_MANAGED_METHOD	spine-unity	Spine.AtlasAttachmentLoader	.ctor	AD94AC	0	B28874	0	-	-	VENEER_B
NO_MANAGED_METHOD	spine-unity	Spine.AnimationState	remove_Start	AF4130	0	0	0	-	-	FUNCTION_PROLOGUE
NO_MANAGED_METHOD	spine-unity	Spine.AtlasAttachmentLoader	NewRegionAttachment	AD94AC	0	B28874	0	-	-	VENEER_B
NO_MANAGED_METHOD	spine-unity	Spine.AtlasAttachmentLoader	NewRegionAttachment	AD94AC	0	B28874	0	-	-	VENEER_B
NO_MANAGED_METHOD	spine-unity	Spine.AtlasAttachmentLoader	NewRegionAttachment	AD94AC	0	B28874	0	-	-	VENEER_B
NO_MANAGED_METHOD	spine-unity	Spine.AnimationState	add_Interrupt	AF4130	0	0	0	-	-	FUNCTION_PROLOGUE
NO_MANAGED_METHOD	spine-unity	Spine.AtlasAttachmentLoader	NewMeshAttachment	AD94AC	0	B28874	0	-	-	VENEER_B
NO_MANAGED_METHOD	spine-unity	Spine.AtlasAttachmentLoader	NewMeshAttachment	AD94AC	0	B28874	0	-	-	VENEER_B
NO_MANAGED_METHOD	spine-unity	Spine.AtlasAttachmentLoader	NewMeshAttachment	AD94AC	0	B28874	0	-	-	VENEER_B
NO_MANAGED_METHOD	spine-unity	Spine.IkConstraint	.ctor	AD94AC	0	B28874	0	-	-	VENEER_B
NO_MANAGED_METHOD	spine-unity	Spine.IkConstraint	.ctor	AD94AC	0	B28874	0	-	-	VENEER_B
NO_MANAGED_METHOD	spine-unity	Spine.IkConstraint	.ctor	AD94AC	0	B28874	0	-	-	VENEER_B
NO_MANAGED_METHOD	spine-unity	Spine.IkConstraint	.ctor	AD94AC	0	B28874	0	-	-	VENEER_B
NO_MANAGED_METHOD	spine-unity	Spine.IkConstraint	.ctor	AD94AC	0	B28874	0	-	-	VENEER_B
NO_MANAGED_METHOD	spine-unity	Spine.IkConstraint	.ctor	AD94AC	0	B28874	0	-	-	VENEER_B
NO_MANAGED_METHOD	spine-unity	Spine.Skin	RemoveAttachment	AD94AC	0	B28874	0	-	-	VENEER_B
NO_MANAGED_METHOD	spine-unity	Spine.Skin	RemoveAttachment	AD94AC	0	B28874	0	-	-	VENEER_B
NO_MANAGED_METHOD	spine-unity	Spine.Skin	RemoveAttachment	AD94AC	0	B28874	0	-	-	VENEER_B
NO_MANAGED_METHOD	spine-unity	Spine.Skin	RemoveAttachment	AD94AC	0	B28874	0	-	-	VENEER_B
NO_MANAGED_METHOD	spine-unity	Spine.AnimationState	remove_Interrupt	AF4130	0	0	0	-	-	FUNCTION_PROLOGUE
NO_MANAGED_METHOD	spine-unity	Spine.Attachment	.ctor	AD94AC	0	B28874	0	-	-	VENEER_B
NO_MANAGED_METHOD	spine-unity	Spine.Attachment	.ctor	AD94AC	0	B28874	0	-	-	VENEER_B
NO_MANAGED_METHOD	spine-unity	Spine.Attachment	.ctor	AD94AC	0	B28874	0	-	-	VENEER_B
NO_MANAGED_METHOD	spine-unity	Spine.Attachment	.ctor	AD94AC	0	B28874	0	-	-	VENEER_B
NO_MANAGED_METHOD	spine-unity	Spine.AnimationState	add_End	AF4130	0	0	0	-	-	FUNCTION_PROLOGUE
NO_MANAGED_METHOD	spine-unity	Spine.AnimationState	remove_End	AF4130	0	0	0	-	-	FUNCTION_PROLOGUE
NO_MANAGED_METHOD	spine-unity	Spine.Skin	GetAttachments	B349B4	0	0	0	-	-	FUNCTION_PROLOGUE
NO_MANAGED_METHOD	spine-unity	Spine.Skin	GetAttachments	1854EB0	0	0	0	-	-	PLT_STUB
NO_MANAGED_METHOD	spine-unity	Spine.Skin	GetAttachments	1854E70	0	0	0	-	-	PLT_STUB
NO_MANAGED_METHOD	spine-unity	Spine.Skin	GetAttachments	1854E80	0	0	0	-	-	PLT_STUB
NO_MANAGED_METHOD	spine-unity	Spine.AnimationState	add_Dispose	AF4130	0	0	0	-	-	FUNCTION_PROLOGUE
NO_MANAGED_METHOD	spine-unity	Spine.Skin	GetAttachments	B349B4	0	0	0	-	-	FUNCTION_PROLOGUE
NO_MANAGED_METHOD	spine-unity	Spine.Skin	GetAttachments	BD3CD0	0	0	0	-	-	FUNCTION_PROLOGUE
NO_MANAGED_METHOD	spine-unity	Spine.Skin	GetAttachments	9DACB4	0	0	0	-	-	FUNCTION_PROLOGUE
NO_MANAGED_METHOD	spine-unity	Spine.AnimationState	remove_Dispose	AF4130	0	0	0	-	-	FUNCTION_PROLOGUE
NO_MANAGED_METHOD	spine-unity	Spine.AnimationState	add_Complete	AF4130	0	0	0	-	-	FUNCTION_PROLOGUE
NO_MANAGED_METHOD	spine-unity	Spine.IkConstraint	.ctor	AD94AC	0	B28874	0	-	-	VENEER_B
NO_MANAGED_METHOD	spine-unity	Spine.IkConstraint	.ctor	AD94AC	0	B28874	0	-	-	VENEER_B
NO_MANAGED_METHOD	spine-unity	Spine.IkConstraint	.ctor	1854E70	0	0	0	-	-	PLT_STUB
NO_MANAGED_METHOD	spine-unity	Spine.IkConstraint	.ctor	1854E80	0	0	0	-	-	PLT_STUB
NO_MANAGED_METHOD	spine-unity	Spine.IkConstraint	.ctor	BD3CD0	0	0	0	-	-	FUNCTION_PROLOGUE
NO_MANAGED_METHOD	spine-unity	Spine.IkConstraint	.ctor	9DACB4	0	0	0	-	-	FUNCTION_PROLOGUE
NO_MANAGED_METHOD	spine-unity	Spine.IkConstraint	.ctor	AD94AC	0	B28874	0	-	-	VENEER_B
NO_MANAGED_METHOD	spine-unity	Spine.IkConstraint	.ctor	AD94AC	0	B28874	0	-	-	VENEER_B
NO_MANAGED_METHOD	spine-unity	Spine.Skin	AttachAll	B349B4	0	0	0	-	-	FUNCTION_PROLOGUE
NO_MANAGED_METHOD	spine-unity	Spine.Skin	AttachAll	1854E70	0	0	0	-	-	PLT_STUB
NO_MANAGED_METHOD	spine-unity	Spine.Skin	AttachAll	1854E80	0	0	0	-	-	PLT_STUB
NO_MANAGED_METHOD	spine-unity	Spine.Skin	AttachAll	B349B4	0	0	0	-	-	FUNCTION_PROLOGUE
NO_MANAGED_METHOD	spine-unity	Spine.Skin	AttachAll	BD3CD0	0	0	0	-	-	FUNCTION_PROLOGUE
NO_MANAGED_METHOD	spine-unity	Spine.Skin	AttachAll	9DACB4	0	0	0	-	-	FUNCTION_PROLOGUE
NO_MANAGED_METHOD	spine-unity	Spine.AnimationState	remove_Complete	AF4130	0	0	0	-	-	FUNCTION_PROLOGUE
NO_MANAGED_METHOD	spine-unity	Spine.AnimationState	add_Event	AF4130	0	0	0	-	-	FUNCTION_PROLOGUE
NO_MANAGED_METHOD	spine-unity	Spine.Slot	.ctor	AD94AC	0	B28874	0	-	-	VENEER_B
NO_MANAGED_METHOD	spine-unity	Spine.Slot	.ctor	AD94AC	0	B28874	0	-	-	VENEER_B
NO_MANAGED_METHOD	spine-unity	Spine.Slot	.ctor	AD94AC	0	B28874	0	-	-	VENEER_B
NO_MANAGED_METHOD	spine-unity	Spine.Slot	.ctor	AD94AC	0	B28874	0	-	-	VENEER_B
NO_MANAGED_METHOD	spine-unity	Spine.Slot	.ctor	AD94AC	0	B28874	0	-	-	VENEER_B
NO_MANAGED_METHOD	spine-unity	Spine.Slot	.ctor	AD94AC	0	B28874	0	-	-	VENEER_B
NO_MANAGED_METHOD	spine-unity	Spine.Slot	.ctor	AD94AC	0	B28874	0	-	-	VENEER_B
NO_MANAGED_METHOD	spine-unity	Spine.Slot	.ctor	AD94AC	0	B28874	0	-	-	VENEER_B
NO_MANAGED_METHOD	spine-unity	Spine.Slot	.ctor	AD94AC	0	B28874	0	-	-	VENEER_B
NO_MANAGED_METHOD	spine-unity	Spine.Slot	.ctor	AD94AC	0	B28874	0	-	-	VENEER_B
NO_MANAGED_METHOD	spine-unity	Spine.Slot	.ctor	AD94AC	0	B28874	0	-	-	VENEER_B
NO_MANAGED_METHOD	spine-unity	Spine.Slot	.ctor	AD94AC	0	B28874	0	-	-	VENEER_B
NO_MANAGED_METHOD	spine-unity	Spine.AnimationState	remove_Event	AF4130	0	0	0	-	-	FUNCTION_PROLOGUE
NO_MANAGED_METHOD	spine-unity	Spine.Slot	set_Deform	AD94AC	0	B28874	0	-	-	VENEER_B
NO_MANAGED_METHOD	spine-unity	Spine.Slot	set_Deform	AD94AC	0	B28874	0	-	-	VENEER_B
NO_MANAGED_METHOD	spine-unity	Spine.Slot	set_Deform	AD94AC	0	B28874	0	-	-	VENEER_B
NO_MANAGED_METHOD	spine-unity	Spine.Slot	set_Deform	AD94AC	0	B28874	0	-	-	VENEER_B
NO_MANAGED_METHOD	spine-unity	Spine.SlotData	.ctor	AD94AC	0	B28874	0	-	-	VENEER_B
NO_MANAGED_METHOD	spine-unity	Spine.SlotData	.ctor	AD94AC	0	B28874	0	-	-	VENEER_B
NO_MANAGED_METHOD	spine-unity	Spine.SlotData	.ctor	AD94AC	0	B28874	0	-	-	VENEER_B
NO_MANAGED_METHOD	spine-unity	Spine.SlotData	.ctor	AD94AC	0	B28874	0	-	-	VENEER_B
NO_MANAGED_METHOD	spine-unity	Spine.SlotData	.ctor	AD94AC	0	B28874	0	-	-	VENEER_B
NO_MANAGED_METHOD	spine-unity	Spine.SlotData	.ctor	AD94AC	0	B28874	0	-	-	VENEER_B
NO_MANAGED_METHOD	spine-unity	Spine.SlotData	.ctor	AD94AC	0	B28874	0	-	-	VENEER_B
NO_MANAGED_METHOD	spine-unity	Spine.SlotData	.ctor	AD94AC	0	B28874	0	-	-	VENEER_B
NO_MANAGED_METHOD	spine-unity	Spine.SlotData	.ctor	AD94AC	0	B28874	0	-	-	VENEER_B
NO_MANAGED_METHOD	spine-unity	Spine.AnimationState	.ctor	AD94AC	0	B28874	0	-	-	VENEER_B
NO_MANAGED_METHOD	spine-unity	Spine.TransformConstraint	.ctor	AD94AC	0	B28874	0	-	-	VENEER_B
NO_MANAGED_METHOD	spine-unity	Spine.TransformConstraint	.ctor	AD94AC	0	B28874	0	-	-	VENEER_B
NO_MANAGED_METHOD	spine-unity	Spine.TransformConstraint	.ctor	AD94AC	0	B28874	0	-	-	VENEER_B
NO_MANAGED_METHOD	spine-unity	Spine.TransformConstraint	.ctor	AD94AC	0	B28874	0	-	-	VENEER_B
NO_MANAGED_METHOD	spine-unity	Spine.TransformConstraint	.ctor	AD94AC	0	B28874	0	-	-	VENEER_B
NO_MANAGED_METHOD	spine-unity	Spine.TransformConstraint	.ctor	AD94AC	0	B28874	0	-	-	VENEER_B
NO_MANAGED_METHOD	spine-unity	Spine.IkConstraint	Apply	18550E0	0	0	0	-	-	PLT_STUB
NO_MANAGED_METHOD	spine-unity	Spine.IkConstraint	Apply	18550E0	0	0	0	-	-	PLT_STUB
NO_MANAGED_METHOD	spine-unity	Spine.TransformConstraint	.ctor	AD94AC	0	B28874	0	-	-	VENEER_B
NO_MANAGED_METHOD	spine-unity	Spine.TransformConstraint	.ctor	AD94AC	0	B28874	0	-	-	VENEER_B
NO_MANAGED_METHOD	spine-unity	Spine.TransformConstraint	.ctor	1854E70	0	0	0	-	-	PLT_STUB
NO_MANAGED_METHOD	spine-unity	Spine.TransformConstraint	.ctor	1854E80	0	0	0	-	-	PLT_STUB
NO_MANAGED_METHOD	spine-unity	Spine.TransformConstraint	.ctor	BD3CD0	0	0	0	-	-	FUNCTION_PROLOGUE
NO_MANAGED_METHOD	spine-unity	Spine.TransformConstraint	.ctor	9DACB4	0	0	0	-	-	FUNCTION_PROLOGUE
NO_MANAGED_METHOD	spine-unity	Spine.TransformConstraint	.ctor	AD94AC	0	B28874	0	-	-	VENEER_B
NO_MANAGED_METHOD	spine-unity	Spine.TransformConstraint	.ctor	AD94AC	0	B28874	0	-	-	VENEER_B
NO_MANAGED_METHOD	spine-unity	Spine.AnimationState	Apply	AD94AC	0	B28874	0	-	-	VENEER_B
NO_MANAGED_METHOD	spine-unity	Spine.AnimationState	Apply	AD94AC	0	B28874	0	-	-	VENEER_B
NO_MANAGED_METHOD	spine-unity	Spine.AnimationState	Apply	AD94AC	0	B28874	0	-	-	VENEER_B
NO_MANAGED_METHOD	spine-unity	Spine.AnimationState	Apply	AD94AC	0	B28874	0	-	-	VENEER_B
NO_MANAGED_METHOD	spine-unity	Spine.Unity.SkeletonDataAsset	GetSkeletonData	1854E70	0	0	0	-	-	PLT_STUB
NO_MANAGED_METHOD	spine-unity	Spine.Unity.SkeletonDataAsset	GetSkeletonData	AD94AC	0	B28874	0	-	-	VENEER_B
NOT_AN_ADDRESS	spine-unity	Spine.Unity.SkeletonDataAsset	GetSkeletonData	0	-1	0	0	-	-	-
NO_MANAGED_METHOD	spine-unity	Spine.Unity.SkeletonDataAsset	GetSkeletonData	1854E80	0	0	0	-	-	PLT_STUB
NO_MANAGED_METHOD	spine-unity	Spine.Unity.SkeletonDataAsset	GetSkeletonData	AD94AC	0	B28874	0	-	-	VENEER_B
NOT_AN_ADDRESS	spine-unity	Spine.Unity.SkeletonDataAsset	GetSkeletonData	0	-1	0	0	-	-	-
NO_MANAGED_METHOD	spine-unity	Spine.Unity.SkeletonDataAsset	GetSkeletonData	AD94AC	0	B28874	0	-	-	VENEER_B
NO_MANAGED_METHOD	spine-unity	Spine.Unity.SkeletonDataAsset	GetSkeletonData	AD94AC	0	B28874	0	-	-	VENEER_B
NO_MANAGED_METHOD	spine-unity	Spine.Unity.SkeletonDataAsset	GetSkeletonData	AD94AC	0	B28874	0	-	-	VENEER_B
NO_MANAGED_METHOD	spine-unity	Spine.Unity.SkeletonDataAsset	GetSkeletonData	AD94AC	0	B28874	0	-	-	VENEER_B
NO_MANAGED_METHOD	spine-unity	Spine.Unity.SkeletonDataAsset	GetSkeletonData	1854E90	0	0	0	-	-	PLT_STUB
NO_MANAGED_METHOD	spine-unity	Spine.Unity.SkeletonDataAsset	GetSkeletonData	1854EA0	0	0	0	-	-	PLT_STUB
NO_MANAGED_METHOD	spine-unity	Spine.Unity.SkeletonDataAsset	GetSkeletonData	1854E80	0	0	0	-	-	PLT_STUB
NO_MANAGED_METHOD	spine-unity	Spine.Unity.SkeletonDataAsset	GetSkeletonData	BD3CD0	0	0	0	-	-	FUNCTION_PROLOGUE
NO_MANAGED_METHOD	spine-unity	Spine.Unity.SkeletonDataAsset	GetSkeletonData	9DACB4	0	0	0	-	-	FUNCTION_PROLOGUE
NO_MANAGED_METHOD	spine-unity	Spine.AnimationState	ApplyEventTimelinesOnly	B349B4	0	0	0	-	-	FUNCTION_PROLOGUE
NO_MANAGED_METHOD	spine-unity	Spine.AnimationState	ApplyEventTimelinesOnly	AD94AC	0	B28874	0	-	-	VENEER_B
NO_MANAGED_METHOD	spine-unity	Spine.AnimationState	ApplyEventTimelinesOnly	AD94AC	0	B28874	0	-	-	VENEER_B
NO_MANAGED_METHOD	spine-unity	Spine.AnimationState	ApplyEventTimelinesOnly	AD94AC	0	B28874	0	-	-	VENEER_B
NO_MANAGED_METHOD	spine-unity	Spine.AnimationState	ApplyEventTimelinesOnly	AD94AC	0	B28874	0	-	-	VENEER_B
NO_MANAGED_METHOD	spine-unity	Spine.AnimationState	ApplyMixingFrom	1854D98	0	0	0	-	-	FUNCTION_PROLOGUE
NO_MANAGED_METHOD	spine-unity	Spine.AnimationState	ApplyMixingFromEventTimelinesOnly	B349B4	0	0	0	-	-	FUNCTION_PROLOGUE
NO_MANAGED_METHOD	spine-unity	Spine.IkConstraint	Apply	1854F40	0	0	0	-	-	PLT_STUB
NO_MANAGED_METHOD	spine-unity	Spine.IkConstraint	Apply	1854F60	0	0	0	-	-	PLT_STUB
NO_MANAGED_METHOD	spine-unity	Spine.IkConstraint	Apply	18550E0	0	0	0	-	-	PLT_STUB
NO_MANAGED_METHOD	spine-unity	Spine.IkConstraint	Apply	18550E0	0	0	0	-	-	PLT_STUB
NO_MANAGED_METHOD	spine-unity	Spine.IkConstraint	Apply	1854F40	0	0	0	-	-	PLT_STUB
NO_MANAGED_METHOD	spine-unity	Spine.IkConstraint	Apply	1855120	0	0	0	-	-	PLT_STUB
NO_MANAGED_METHOD	spine-unity	Spine.IkConstraint	Apply	18550E0	0	0	0	-	-	PLT_STUB
NO_MANAGED_METHOD	spine-unity	Spine.IkConstraint	Apply	18550E0	0	0	0	-	-	PLT_STUB
NO_MANAGED_METHOD	spine-unity	Spine.IkConstraint	Apply	18550E0	0	0	0	-	-	PLT_STUB
NO_MANAGED_METHOD	spine-unity	Spine.IkConstraint	Apply	18550E0	0	0	0	-	-	PLT_STUB
NO_MANAGED_METHOD	spine-unity	Spine.IkConstraint	Apply	18550E0	0	0	0	-	-	PLT_STUB
NO_MANAGED_METHOD	spine-unity	Spine.PathConstraint	AddCurvePosition	18550E0	0	0	0	-	-	PLT_STUB
NO_MANAGED_METHOD	spine-unity	Spine.MathUtils	Sin	1854F60	0	0	0	-	-	PLT_STUB
NO_MANAGED_METHOD	spine-unity	Spine.MathUtils	Cos	1854F50	0	0	0	-	-	PLT_STUB
NO_MANAGED_METHOD	spine-unity	Spine.MathUtils	SinDeg	1854F60	0	0	0	-	-	PLT_STUB
NO_MANAGED_METHOD	spine-unity	Spine.MathUtils	CosDeg	1854F50	0	0	0	-	-	PLT_STUB
NO_MANAGED_METHOD	spine-unity	Spine.MathUtils	Atan2	18550E0	0	0	0	-	-	PLT_STUB
NO_MANAGED_METHOD	spine-unity	Spine.Unity.SpineAtlasAsset	CreateRuntimeInstance	AD94AC	0	B28874	0	-	-	VENEER_B
NO_MANAGED_METHOD	spine-unity	Spine.Unity.SpineAtlasAsset	CreateRuntimeInstance	AD94AC	0	B28874	0	-	-	VENEER_B
NO_MANAGED_METHOD	spine-unity	Spine.Unity.SpineAtlasAsset	CreateRuntimeInstance	AD94AC	0	B28874	0	-	-	VENEER_B
NO_MANAGED_METHOD	spine-unity	Spine.AnimationState	SetAnimation	AD94AC	0	B28874	0	-	-	VENEER_B
NO_MANAGED_METHOD	spine-unity	Spine.AnimationState	SetAnimation	AD94AC	0	B28874	0	-	-	VENEER_B
NO_MANAGED_METHOD	spine-unity	Spine.AnimationState	SetAnimation	AD94AC	0	B28874	0	-	-	VENEER_B
NO_MANAGED_METHOD	spine-unity	Spine.AnimationState	SetAnimation	AD94AC	0	B28874	0	-	-	VENEER_B
NO_MANAGED_METHOD	spine-unity	Spine.AnimationState	SetAnimation	AD94AC	0	B28874	0	-	-	VENEER_B
NO_MANAGED_METHOD	spine-unity	Spine.AnimationState	SetAnimation	AD94AC	0	B28874	0	-	-	VENEER_B
NO_MANAGED_METHOD	spine-unity	Spine.AnimationState	SetAnimation	AD94AC	0	B28874	0	-	-	VENEER_B
NO_MANAGED_METHOD	spine-unity	Spine.AnimationState	SetAnimation	AD94AC	0	B28874	0	-	-	VENEER_B
NO_MANAGED_METHOD	spine-unity	Spine.AnimationState	AddAnimation	AD94AC	0	B28874	0	-	-	VENEER_B
NO_MANAGED_METHOD	spine-unity	Spine.AnimationState	AddAnimation	AD94AC	0	B28874	0	-	-	VENEER_B
NO_MANAGED_METHOD	spine-unity	Spine.AnimationState	AddAnimation	AD94AC	0	B28874	0	-	-	VENEER_B
NO_MANAGED_METHOD	spine-unity	Spine.AnimationState	AddAnimation	AD94AC	0	B28874	0	-	-	VENEER_B
NO_MANAGED_METHOD	spine-unity	Spine.AnimationState	AddAnimation	AD94AC	0	B28874	0	-	-	VENEER_B
NO_MANAGED_METHOD	spine-unity	Spine.AnimationState	AddAnimation	AD94AC	0	B28874	0	-	-	VENEER_B
NO_MANAGED_METHOD	spine-unity	Spine.AnimationState	AddAnimation	AD94AC	0	B28874	0	-	-	VENEER_B
NO_MANAGED_METHOD	spine-unity	Spine.AnimationState	AddAnimation	AD94AC	0	B28874	0	-	-	VENEER_B
NO_MANAGED_METHOD	spine-unity	Spine.Unity.SpineSpriteAtlasAsset	AssignRegionsFromSavedRegions	1854E70	0	0	0	-	-	PLT_STUB
NO_MANAGED_METHOD	spine-unity	Spine.Unity.SpineSpriteAtlasAsset	AssignRegionsFromSavedRegions	1854E80	0	0	0	-	-	PLT_STUB
NO_MANAGED_METHOD	spine-unity	Spine.Unity.SpineSpriteAtlasAsset	AssignRegionsFromSavedRegions	BD3CD0	0	0	0	-	-	FUNCTION_PROLOGUE
NO_MANAGED_METHOD	spine-unity	Spine.Unity.SpineSpriteAtlasAsset	AssignRegionsFromSavedRegions	9DACB4	0	0	0	-	-	FUNCTION_PROLOGUE
NOT_AN_ADDRESS	spine-unity	Spine.SkeletonBinary	ReadAnimation	0	-1	0	0	-	-	-
NOT_AN_ADDRESS	spine-unity	Spine.SkeletonBinary	ReadAnimation	0	-1	0	0	-	-	-
NO_MANAGED_METHOD	spine-unity	Spine.Unity.PointFollower	LateUpdate	1854F30	0	0	0	-	-	PLT_STUB
NO_MANAGED_METHOD	spine-unity	Spine.Skeleton	.ctor	AD94AC	0	B28874	0	-	-	VENEER_B
NO_MANAGED_METHOD	spine-unity	Spine.Skeleton	.ctor	AD94AC	0	B28874	0	-	-	VENEER_B
NO_MANAGED_METHOD	spine-unity	Spine.Skeleton	.ctor	AD94AC	0	B28874	0	-	-	VENEER_B
NO_MANAGED_METHOD	spine-unity	Spine.Skeleton	.ctor	AD94AC	0	B28874	0	-	-	VENEER_B
NO_MANAGED_METHOD	spine-unity	Spine.Unity.BoneFollower	LateUpdate	1854F00	0	0	0	-	-	PLT_STUB
NO_MANAGED_METHOD	spine-unity	Spine.Unity.BoneFollower	LateUpdate	1854F30	0	0	0	-	-	PLT_STUB
NO_MANAGED_METHOD	spine-unity	Spine.AnimationState	set_Data	AD94AC	0	B28874	0	-	-	VENEER_B
NO_MANAGED_METHOD	spine-unity	Spine.AnimationState	set_Data	AD94AC	0	B28874	0	-	-	VENEER_B
NO_MANAGED_METHOD	spine-unity	Spine.AnimationState	set_Data	AD94AC	0	B28874	0	-	-	VENEER_B
NO_MANAGED_METHOD	spine-unity	Spine.AnimationState	set_Data	AD94AC	0	B28874	0	-	-	VENEER_B
NO_MANAGED_METHOD	spine-unity	Spine.TrackEntry	add_Start	AF4130	0	0	0	-	-	FUNCTION_PROLOGUE
NO_MANAGED_METHOD	spine-unity	Spine.TrackEntry	remove_Start	AF4130	0	0	0	-	-	FUNCTION_PROLOGUE
NO_MANAGED_METHOD	spine-unity	Spine.TrackEntry	add_Interrupt	AF4130	0	0	0	-	-	FUNCTION_PROLOGUE
NO_MANAGED_METHOD	spine-unity	Spine.TrackEntry	remove_Interrupt	AF4130	0	0	0	-	-	FUNCTION_PROLOGUE
NO_MANAGED_METHOD	spine-unity	Spine.TrackEntry	add_End	AF4130	0	0	0	-	-	FUNCTION_PROLOGUE
NO_MANAGED_METHOD	spine-unity	Spine.TrackEntry	remove_End	AF4130	0	0	0	-	-	FUNCTION_PROLOGUE
NO_MANAGED_METHOD	spine-unity	Spine.TrackEntry	add_Dispose	AF4130	0	0	0	-	-	FUNCTION_PROLOGUE
NO_MANAGED_METHOD	spine-unity	Spine.TrackEntry	remove_Dispose	AF4130	0	0	0	-	-	FUNCTION_PROLOGUE
NO_MANAGED_METHOD	spine-unity	Spine.TrackEntry	add_Complete	AF4130	0	0	0	-	-	FUNCTION_PROLOGUE
NO_MANAGED_METHOD	spine-unity	Spine.TrackEntry	remove_Complete	AF4130	0	0	0	-	-	FUNCTION_PROLOGUE
NO_MANAGED_METHOD	spine-unity	Spine.SkeletonClipping	ClipStart	1854E70	0	0	0	-	-	PLT_STUB
NO_MANAGED_METHOD	spine-unity	Spine.SkeletonClipping	ClipStart	1854E80	0	0	0	-	-	PLT_STUB
NO_MANAGED_METHOD	spine-unity	Spine.Unity.SkeletonAnimation	add__BeforeApply	AF4130	0	0	0	-	-	FUNCTION_PROLOGUE
NO_MANAGED_METHOD	spine-unity	Spine.Unity.SkeletonAnimation	remove__BeforeApply	AF4130	0	0	0	-	-	FUNCTION_PROLOGUE
NO_MANAGED_METHOD	spine-unity	Spine.Unity.SkeletonPartsRenderer	add_OnMeshAndMaterialsUpdated	AF4130	0	0	0	-	-	FUNCTION_PROLOGUE
NO_MANAGED_METHOD	spine-unity	Spine.Skeleton	SortPathConstraintAttachment	B349B4	0	0	0	-	-	FUNCTION_PROLOGUE
NO_MANAGED_METHOD	spine-unity	Spine.Skeleton	SortPathConstraintAttachment	1854E70	0	0	0	-	-	PLT_STUB
NO_MANAGED_METHOD	spine-unity	Spine.Skeleton	SortPathConstraintAttachment	1854E80	0	0	0	-	-	PLT_STUB
NO_MANAGED_METHOD	spine-unity	Spine.Skeleton	SortPathConstraintAttachment	B349B4	0	0	0	-	-	FUNCTION_PROLOGUE
NO_MANAGED_METHOD	spine-unity	Spine.Skeleton	SortPathConstraintAttachment	BD3CD0	0	0	0	-	-	FUNCTION_PROLOGUE
NO_MANAGED_METHOD	spine-unity	Spine.Skeleton	SortPathConstraintAttachment	9DACB4	0	0	0	-	-	FUNCTION_PROLOGUE
NO_MANAGED_METHOD	spine-unity	Spine.Unity.SkeletonGraphic	UpdateMeshMultipleCanvasRenderers	1854EB0	0	0	0	-	-	PLT_STUB
NO_MANAGED_METHOD	spine-unity	Spine.SkeletonClipping	ClipTriangles	1854DA8	0	0	0	-	-	FUNCTION_PROLOGUE
NO_MANAGED_METHOD	spine-unity	Spine.Unity.SkeletonAnimation	add__UpdateLocal	AF4130	0	0	0	-	-	FUNCTION_PROLOGUE
NO_MANAGED_METHOD	spine-unity	Spine.Unity.SkeletonPartsRenderer	remove_OnMeshAndMaterialsUpdated	AF4130	0	0	0	-	-	FUNCTION_PROLOGUE
NO_MANAGED_METHOD	spine-unity	Spine.Unity.SkeletonAnimation	remove__UpdateLocal	AF4130	0	0	0	-	-	FUNCTION_PROLOGUE
NO_MANAGED_METHOD	spine-unity	Spine.Unity.BoundingBoxFollower	Initialize	1854E70	0	0	0	-	-	PLT_STUB
NO_MANAGED_METHOD	spine-unity	Spine.Unity.BoundingBoxFollower	Initialize	1854E80	0	0	0	-	-	PLT_STUB
NO_MANAGED_METHOD	spine-unity	Spine.Unity.SkeletonAnimation	add__UpdateWorld	AF4130	0	0	0	-	-	FUNCTION_PROLOGUE
NO_MANAGED_METHOD	spine-unity	Spine.Unity.SkeletonAnimation	remove__UpdateWorld	AF4130	0	0	0	-	-	FUNCTION_PROLOGUE
NO_MANAGED_METHOD	spine-unity	Spine.Unity.SkeletonAnimation	add__UpdateComplete	AF4130	0	0	0	-	-	FUNCTION_PROLOGUE
NO_MANAGED_METHOD	spine-unity	Spine.Unity.SkeletonAnimation	remove__UpdateComplete	AF4130	0	0	0	-	-	FUNCTION_PROLOGUE
NO_MANAGED_METHOD	spine-unity	Spine.Unity.SkeletonRenderSeparator	add_OnMeshAndMaterialsUpdated	AF4130	0	0	0	-	-	FUNCTION_PROLOGUE
NO_MANAGED_METHOD	spine-unity	Spine.Unity.SkeletonMecanim+MecanimTranslator	add__OnClipApplied	AF4130	0	0	0	-	-	FUNCTION_PROLOGUE
NO_MANAGED_METHOD	spine-unity	Spine.Unity.BoundingBoxFollower	AddCollidersForSkin	1854E70	0	0	0	-	-	PLT_STUB
NO_MANAGED_METHOD	spine-unity	Spine.Unity.BoundingBoxFollower	AddCollidersForSkin	1854E80	0	0	0	-	-	PLT_STUB
NO_MANAGED_METHOD	spine-unity	Spine.Unity.BoundingBoxFollower	AddCollidersForSkin	BD3CD0	0	0	0	-	-	FUNCTION_PROLOGUE
NO_MANAGED_METHOD	spine-unity	Spine.Unity.BoundingBoxFollower	AddCollidersForSkin	9DACB4	0	0	0	-	-	FUNCTION_PROLOGUE
NO_MANAGED_METHOD	spine-unity	Spine.Unity.SkeletonMecanim+MecanimTranslator	remove__OnClipApplied	AF4130	0	0	0	-	-	FUNCTION_PROLOGUE
NO_MANAGED_METHOD	spine-unity	Spine.Unity.SkeletonRenderSeparator	remove_OnMeshAndMaterialsUpdated	AF4130	0	0	0	-	-	FUNCTION_PROLOGUE
NO_MANAGED_METHOD	spine-unity	Spine.Unity.SkeletonMecanim+MecanimTranslator	Initialize	1854E70	0	0	0	-	-	PLT_STUB
NO_MANAGED_METHOD	spine-unity	Spine.Unity.SkeletonMecanim+MecanimTranslator	Initialize	1854E80	0	0	0	-	-	PLT_STUB
NO_MANAGED_METHOD	spine-unity	Spine.Unity.SkeletonMecanim+MecanimTranslator	Initialize	BD3CD0	0	0	0	-	-	FUNCTION_PROLOGUE
NO_MANAGED_METHOD	spine-unity	Spine.Unity.SkeletonMecanim+MecanimTranslator	Initialize	9DACB4	0	0	0	-	-	FUNCTION_PROLOGUE
NO_MANAGED_METHOD	spine-unity	Spine.SkeletonData	FindBone	AD94AC	0	B28874	0	-	-	VENEER_B
NO_MANAGED_METHOD	spine-unity	Spine.SkeletonData	FindBone	AD94AC	0	B28874	0	-	-	VENEER_B
NO_MANAGED_METHOD	spine-unity	Spine.SkeletonData	FindBone	AD94AC	0	B28874	0	-	-	VENEER_B
NO_MANAGED_METHOD	spine-unity	Spine.SkeletonData	FindBone	AD94AC	0	B28874	0	-	-	VENEER_B
NO_MANAGED_METHOD	spine-unity	Spine.SkeletonData	FindBoneIndex	AD94AC	0	B28874	0	-	-	VENEER_B
NO_MANAGED_METHOD	spine-unity	Spine.SkeletonData	FindBoneIndex	AD94AC	0	B28874	0	-	-	VENEER_B
NO_MANAGED_METHOD	spine-unity	Spine.SkeletonData	FindBoneIndex	AD94AC	0	B28874	0	-	-	VENEER_B
NO_MANAGED_METHOD	spine-unity	Spine.SkeletonData	FindBoneIndex	AD94AC	0	B28874	0	-	-	VENEER_B
NO_MANAGED_METHOD	spine-unity	Spine.SkeletonData	FindSlot	AD94AC	0	B28874	0	-	-	VENEER_B
NO_MANAGED_METHOD	spine-unity	Spine.SkeletonData	FindSlot	AD94AC	0	B28874	0	-	-	VENEER_B
NO_MANAGED_METHOD	spine-unity	Spine.SkeletonData	FindSlot	AD94AC	0	B28874	0	-	-	VENEER_B
NO_MANAGED_METHOD	spine-unity	Spine.SkeletonData	FindSlot	AD94AC	0	B28874	0	-	-	VENEER_B
NO_MANAGED_METHOD	spine-unity	Spine.SkeletonData	FindSlotIndex	AD94AC	0	B28874	0	-	-	VENEER_B
NO_MANAGED_METHOD	spine-unity	Spine.SkeletonData	FindSlotIndex	AD94AC	0	B28874	0	-	-	VENEER_B
NO_MANAGED_METHOD	spine-unity	Spine.SkeletonData	FindSlotIndex	AD94AC	0	B28874	0	-	-	VENEER_B
NO_MANAGED_METHOD	spine-unity	Spine.SkeletonData	FindSlotIndex	AD94AC	0	B28874	0	-	-	VENEER_B
NO_MANAGED_METHOD	spine-unity	Spine.SkeletonData	FindSkin	AD94AC	0	B28874	0	-	-	VENEER_B
NO_MANAGED_METHOD	spine-unity	Spine.SkeletonData	FindSkin	AD94AC	0	B28874	0	-	-	VENEER_B
NO_MANAGED_METHOD	spine-unity	Spine.SkeletonData	FindSkin	AD94AC	0	B28874	0	-	-	VENEER_B
NO_MANAGED_METHOD	spine-unity	Spine.SkeletonData	FindSkin	AD94AC	0	B28874	0	-	-	VENEER_B
NO_MANAGED_METHOD	spine-unity	Spine.SkeletonData	FindSkin	1854E70	0	0	0	-	-	PLT_STUB
NO_MANAGED_METHOD	spine-unity	Spine.SkeletonData	FindSkin	1854E80	0	0	0	-	-	PLT_STUB
NO_MANAGED_METHOD	spine-unity	Spine.SkeletonData	FindSkin	BD3CD0	0	0	0	-	-	FUNCTION_PROLOGUE
NO_MANAGED_METHOD	spine-unity	Spine.SkeletonData	FindSkin	9DACB4	0	0	0	-	-	FUNCTION_PROLOGUE
NO_MANAGED_METHOD	spine-unity	Spine.Skeleton	FindBone	AD94AC	0	B28874	0	-	-	VENEER_B
NO_MANAGED_METHOD	spine-unity	Spine.Skeleton	FindBone	AD94AC	0	B28874	0	-	-	VENEER_B
NO_MANAGED_METHOD	spine-unity	Spine.Skeleton	FindBone	AD94AC	0	B28874	0	-	-	VENEER_B
NO_MANAGED_METHOD	spine-unity	Spine.Skeleton	FindBone	AD94AC	0	B28874	0	-	-	VENEER_B
NO_MANAGED_METHOD	spine-unity	Spine.SkeletonData	FindEvent	AD94AC	0	B28874	0	-	-	VENEER_B
NO_MANAGED_METHOD	spine-unity	Spine.SkeletonData	FindEvent	AD94AC	0	B28874	0	-	-	VENEER_B
NO_MANAGED_METHOD	spine-unity	Spine.SkeletonData	FindEvent	AD94AC	0	B28874	0	-	-	VENEER_B
NO_MANAGED_METHOD	spine-unity	Spine.SkeletonData	FindEvent	AD94AC	0	B28874	0	-	-	VENEER_B
NO_MANAGED_METHOD	spine-unity	Spine.SkeletonData	FindEvent	1854E70	0	0	0	-	-	PLT_STUB
NO_MANAGED_METHOD	spine-unity	Spine.SkeletonData	FindEvent	1854E80	0	0	0	-	-	PLT_STUB
NO_MANAGED_METHOD	spine-unity	Spine.SkeletonData	FindEvent	BD3CD0	0	0	0	-	-	FUNCTION_PROLOGUE
NO_MANAGED_METHOD	spine-unity	Spine.SkeletonData	FindEvent	9DACB4	0	0	0	-	-	FUNCTION_PROLOGUE
NO_MANAGED_METHOD	spine-unity	Spine.Skeleton	FindBoneIndex	AD94AC	0	B28874	0	-	-	VENEER_B
NO_MANAGED_METHOD	spine-unity	Spine.Skeleton	FindBoneIndex	AD94AC	0	B28874	0	-	-	VENEER_B
NO_MANAGED_METHOD	spine-unity	Spine.Skeleton	FindBoneIndex	AD94AC	0	B28874	0	-	-	VENEER_B
NO_MANAGED_METHOD	spine-unity	Spine.Skeleton	FindBoneIndex	AD94AC	0	B28874	0	-	-	VENEER_B
NO_MANAGED_METHOD	spine-unity	Spine.SkeletonData	FindAnimation	AD94AC	0	B28874	0	-	-	VENEER_B
NO_MANAGED_METHOD	spine-unity	Spine.SkeletonData	FindAnimation	AD94AC	0	B28874	0	-	-	VENEER_B
NO_MANAGED_METHOD	spine-unity	Spine.SkeletonData	FindAnimation	AD94AC	0	B28874	0	-	-	VENEER_B
NO_MANAGED_METHOD	spine-unity	Spine.SkeletonData	FindAnimation	AD94AC	0	B28874	0	-	-	VENEER_B
NO_MANAGED_METHOD	spine-unity	Spine.SkeletonData	FindIkConstraint	AD94AC	0	B28874	0	-	-	VENEER_B
NO_MANAGED_METHOD	spine-unity	Spine.SkeletonData	FindIkConstraint	AD94AC	0	B28874	0	-	-	VENEER_B
NO_MANAGED_METHOD	spine-unity	Spine.SkeletonData	FindIkConstraint	AD94AC	0	B28874	0	-	-	VENEER_B
NO_MANAGED_METHOD	spine-unity	Spine.SkeletonData	FindIkConstraint	AD94AC	0	B28874	0	-	-	VENEER_B
NO_MANAGED_METHOD	spine-unity	Spine.SkeletonData	FindTransformConstraint	AD94AC	0	B28874	0	-	-	VENEER_B
NO_MANAGED_METHOD	spine-unity	Spine.SkeletonData	FindTransformConstraint	AD94AC	0	B28874	0	-	-	VENEER_B
NO_MANAGED_METHOD	spine-unity	Spine.SkeletonData	FindTransformConstraint	AD94AC	0	B28874	0	-	-	VENEER_B
NO_MANAGED_METHOD	spine-unity	Spine.SkeletonData	FindTransformConstraint	AD94AC	0	B28874	0	-	-	VENEER_B
NO_MANAGED_METHOD	spine-unity	Spine.SkeletonData	FindPathConstraint	AD94AC	0	B28874	0	-	-	VENEER_B
NO_MANAGED_METHOD	spine-unity	Spine.SkeletonData	FindPathConstraint	AD94AC	0	B28874	0	-	-	VENEER_B
NO_MANAGED_METHOD	spine-unity	Spine.SkeletonData	FindPathConstraint	AD94AC	0	B28874	0	-	-	VENEER_B
NO_MANAGED_METHOD	spine-unity	Spine.SkeletonData	FindPathConstraint	AD94AC	0	B28874	0	-	-	VENEER_B
NO_MANAGED_METHOD	spine-unity	Spine.Skeleton	FindSlot	AD94AC	0	B28874	0	-	-	VENEER_B
NO_MANAGED_METHOD	spine-unity	Spine.Skeleton	FindSlot	AD94AC	0	B28874	0	-	-	VENEER_B
NO_MANAGED_METHOD	spine-unity	Spine.Skeleton	FindSlot	AD94AC	0	B28874	0	-	-	VENEER_B
NO_MANAGED_METHOD	spine-unity	Spine.Skeleton	FindSlot	AD94AC	0	B28874	0	-	-	VENEER_B
NO_MANAGED_METHOD	spine-unity	Spine.SkeletonData	FindPathConstraintIndex	AD94AC	0	B28874	0	-	-	VENEER_B
NO_MANAGED_METHOD	spine-unity	Spine.SkeletonData	FindPathConstraintIndex	AD94AC	0	B28874	0	-	-	VENEER_B
NO_MANAGED_METHOD	spine-unity	Spine.SkeletonData	FindPathConstraintIndex	AD94AC	0	B28874	0	-	-	VENEER_B
NO_MANAGED_METHOD	spine-unity	Spine.SkeletonData	FindPathConstraintIndex	AD94AC	0	B28874	0	-	-	VENEER_B
NO_MANAGED_METHOD	spine-unity	Spine.SkeletonJson	.ctor	AD94AC	0	B28874	0	-	-	VENEER_B
NO_MANAGED_METHOD	spine-unity	Spine.SkeletonJson	.ctor	AD94AC	0	B28874	0	-	-	VENEER_B
NO_MANAGED_METHOD	spine-unity	Spine.SkeletonJson	.ctor	AD94AC	0	B28874	0	-	-	VENEER_B
NO_MANAGED_METHOD	spine-unity	Spine.SkeletonJson	.ctor	AD94AC	0	B28874	0	-	-	VENEER_B
NO_MANAGED_METHOD	spine-unity	Spine.SkeletonJson	ReadSkeletonData	1854E70	0	0	0	-	-	PLT_STUB
NO_MANAGED_METHOD	spine-unity	Spine.SkeletonJson	ReadSkeletonData	1854E80	0	0	0	-	-	PLT_STUB
NO_MANAGED_METHOD	spine-unity	Spine.SkeletonJson	ReadSkeletonData	BD3CD0	0	0	0	-	-	FUNCTION_PROLOGUE
NO_MANAGED_METHOD	spine-unity	Spine.SkeletonJson	ReadSkeletonData	9DACB4	0	0	0	-	-	FUNCTION_PROLOGUE
NO_MANAGED_METHOD	spine-unity	Spine.Skeleton	FindSlotIndex	AD94AC	0	B28874	0	-	-	VENEER_B
NO_MANAGED_METHOD	spine-unity	Spine.Skeleton	FindSlotIndex	AD94AC	0	B28874	0	-	-	VENEER_B
NO_MANAGED_METHOD	spine-unity	Spine.Skeleton	FindSlotIndex	AD94AC	0	B28874	0	-	-	VENEER_B
NO_MANAGED_METHOD	spine-unity	Spine.Skeleton	FindSlotIndex	AD94AC	0	B28874	0	-	-	VENEER_B
NO_MANAGED_METHOD	spine-unity	Spine.Skeleton	SetSkin	AD94AC	0	B28874	0	-	-	VENEER_B
NO_MANAGED_METHOD	spine-unity	Spine.Skeleton	SetSkin	AD94AC	0	B28874	0	-	-	VENEER_B
NO_MANAGED_METHOD	spine-unity	Spine.Skeleton	SetSkin	AD94AC	0	B28874	0	-	-	VENEER_B
NO_MANAGED_METHOD	spine-unity	Spine.Skeleton	SetSkin	AD94AC	0	B28874	0	-	-	VENEER_B
NO_MANAGED_METHOD	spine-unity	Spine.Unity.BoundingBoxFollowerGraphic	Initialize	1854E70	0	0	0	-	-	PLT_STUB
NO_MANAGED_METHOD	spine-unity	Spine.Unity.BoundingBoxFollowerGraphic	Initialize	1854E80	0	0	0	-	-	PLT_STUB
NO_MANAGED_METHOD	spine-unity	Spine.Skeleton	GetAttachment	AD94AC	0	B28874	0	-	-	VENEER_B
NO_MANAGED_METHOD	spine-unity	Spine.Skeleton	GetAttachment	AD94AC	0	B28874	0	-	-	VENEER_B
NO_MANAGED_METHOD	spine-unity	Spine.Skeleton	GetAttachment	AD94AC	0	B28874	0	-	-	VENEER_B
NO_MANAGED_METHOD	spine-unity	Spine.Skeleton	GetAttachment	AD94AC	0	B28874	0	-	-	VENEER_B
NO_MANAGED_METHOD	spine-unity	Spine.Skeleton	SetAttachment	AD94AC	0	B28874	0	-	-	VENEER_B
NO_MANAGED_METHOD	spine-unity	Spine.Skeleton	SetAttachment	AD94AC	0	B28874	0	-	-	VENEER_B
NO_MANAGED_METHOD	spine-unity	Spine.Skeleton	SetAttachment	AD94AC	0	B28874	0	-	-	VENEER_B
NO_MANAGED_METHOD	spine-unity	Spine.Skeleton	SetAttachment	AD94AC	0	B28874	0	-	-	VENEER_B
NO_MANAGED_METHOD	spine-unity	Spine.Skeleton	SetAttachment	AD94AC	0	B28874	0	-	-	VENEER_B
NO_MANAGED_METHOD	spine-unity	Spine.Skeleton	SetAttachment	AD94AC	0	B28874	0	-	-	VENEER_B
NO_MANAGED_METHOD	spine-unity	Spine.Skeleton	SetAttachment	AD94AC	0	B28874	0	-	-	VENEER_B
NO_MANAGED_METHOD	spine-unity	Spine.Skeleton	SetAttachment	AD94AC	0	B28874	0	-	-	VENEER_B
NO_MANAGED_METHOD	spine-unity	Spine.Skeleton	SetAttachment	AD94AC	0	B28874	0	-	-	VENEER_B
NO_MANAGED_METHOD	spine-unity	Spine.Skeleton	FindIkConstraint	AD94AC	0	B28874	0	-	-	VENEER_B
NO_MANAGED_METHOD	spine-unity	Spine.Skeleton	FindIkConstraint	AD94AC	0	B28874	0	-	-	VENEER_B
NO_MANAGED_METHOD	spine-unity	Spine.Skeleton	FindIkConstraint	AD94AC	0	B28874	0	-	-	VENEER_B
NO_MANAGED_METHOD	spine-unity	Spine.Skeleton	FindIkConstraint	AD94AC	0	B28874	0	-	-	VENEER_B
NO_MANAGED_METHOD	spine-unity	Spine.Unity.SkeletonGraphic	add_OnRebuild	AF4130	0	0	0	-	-	FUNCTION_PROLOGUE
NO_MANAGED_METHOD	spine-unity	Spine.Unity.BoundingBoxFollowerGraphic	AddCollidersForSkin	1854E70	0	0	0	-	-	PLT_STUB
NO_MANAGED_METHOD	spine-unity	Spine.Unity.BoundingBoxFollowerGraphic	AddCollidersForSkin	1854E80	0	0	0	-	-	PLT_STUB
NO_MANAGED_METHOD	spine-unity	Spine.Unity.BoundingBoxFollowerGraphic	AddCollidersForSkin	BD3CD0	0	0	0	-	-	FUNCTION_PROLOGUE
NO_MANAGED_METHOD	spine-unity	Spine.Unity.BoundingBoxFollowerGraphic	AddCollidersForSkin	9DACB4	0	0	0	-	-	FUNCTION_PROLOGUE
NO_MANAGED_METHOD	spine-unity	Spine.Skeleton	FindTransformConstraint	AD94AC	0	B28874	0	-	-	VENEER_B
NO_MANAGED_METHOD	spine-unity	Spine.Skeleton	FindTransformConstraint	AD94AC	0	B28874	0	-	-	VENEER_B
NO_MANAGED_METHOD	spine-unity	Spine.Skeleton	FindTransformConstraint	AD94AC	0	B28874	0	-	-	VENEER_B
NO_MANAGED_METHOD	spine-unity	Spine.Skeleton	FindTransformConstraint	AD94AC	0	B28874	0	-	-	VENEER_B
NO_MANAGED_METHOD	spine-unity	Spine.Skeleton	FindPathConstraint	AD94AC	0	B28874	0	-	-	VENEER_B
NO_MANAGED_METHOD	spine-unity	Spine.Skeleton	FindPathConstraint	AD94AC	0	B28874	0	-	-	VENEER_B
NO_MANAGED_METHOD	spine-unity	Spine.Skeleton	FindPathConstraint	AD94AC	0	B28874	0	-	-	VENEER_B
NO_MANAGED_METHOD	spine-unity	Spine.Skeleton	FindPathConstraint	AD94AC	0	B28874	0	-	-	VENEER_B
NO_MANAGED_METHOD	spine-unity	Spine.Unity.SkeletonGraphic	remove_OnRebuild	AF4130	0	0	0	-	-	FUNCTION_PROLOGUE
NO_MANAGED_METHOD	spine-unity	Spine.Unity.SkeletonGraphic	add_OnMeshAndMaterialsUpdated	AF4130	0	0	0	-	-	FUNCTION_PROLOGUE
NO_MANAGED_METHOD	spine-unity	Spine.Unity.SkeletonGraphic	remove_OnMeshAndMaterialsUpdated	AF4130	0	0	0	-	-	FUNCTION_PROLOGUE
NO_MANAGED_METHOD	spine-unity	Spine.Unity.SkeletonMecanim	add__BeforeApply	AF4130	0	0	0	-	-	FUNCTION_PROLOGUE
NO_MANAGED_METHOD	spine-unity	Spine.Unity.SkeletonMecanim	remove__BeforeApply	AF4130	0	0	0	-	-	FUNCTION_PROLOGUE
NO_MANAGED_METHOD	spine-unity	Spine.Unity.SkeletonMecanim	add__UpdateLocal	AF4130	0	0	0	-	-	FUNCTION_PROLOGUE
NO_MANAGED_METHOD	spine-unity	Spine.Unity.SkeletonMecanim	remove__UpdateLocal	AF4130	0	0	0	-	-	FUNCTION_PROLOGUE
NO_MANAGED_METHOD	spine-unity	Spine.Unity.SkeletonMecanim	add__UpdateWorld	AF4130	0	0	0	-	-	FUNCTION_PROLOGUE
NO_MANAGED_METHOD	spine-unity	Spine.Unity.SkeletonMecanim	remove__UpdateWorld	AF4130	0	0	0	-	-	FUNCTION_PROLOGUE
NO_MANAGED_METHOD	spine-unity	Spine.Unity.SkeletonMecanim	add__UpdateComplete	AF4130	0	0	0	-	-	FUNCTION_PROLOGUE
NO_MANAGED_METHOD	spine-unity	Spine.Unity.SkeletonMecanim	remove__UpdateComplete	AF4130	0	0	0	-	-	FUNCTION_PROLOGUE
NO_MANAGED_METHOD	spine-unity	Spine.SkeletonBinary+SkeletonInput	ReadSByte	AD94AC	0	B28874	0	-	-	VENEER_B
NO_MANAGED_METHOD	spine-unity	Spine.SkeletonBinary+SkeletonInput	ReadSByte	AD94AC	0	B28874	0	-	-	VENEER_B
NO_MANAGED_METHOD	spine-unity	Spine.Unity.SkeletonRenderer	add_generateMeshOverride	AF4130	0	0	0	-	-	FUNCTION_PROLOGUE
NO_MANAGED_METHOD	spine-unity	Spine.Unity.SkeletonRenderer	remove_generateMeshOverride	AF4130	0	0	0	-	-	FUNCTION_PROLOGUE
NO_MANAGED_METHOD	spine-unity	Spine.Unity.SkeletonRenderer	add_OnPostProcessVertices	AF4130	0	0	0	-	-	FUNCTION_PROLOGUE
NO_MANAGED_METHOD	spine-unity	Spine.Unity.SkeletonRenderer	remove_OnPostProcessVertices	AF4130	0	0	0	-	-	FUNCTION_PROLOGUE
NO_MANAGED_METHOD	spine-unity	Spine.Unity.SkeletonUtility	add_OnReset	AF4130	0	0	0	-	-	FUNCTION_PROLOGUE
NO_MANAGED_METHOD	spine-unity	Spine.Unity.SkeletonUtility	remove_OnReset	AF4130	0	0	0	-	-	FUNCTION_PROLOGUE
NO_MANAGED_METHOD	spine-unity	Spine.Unity.SkeletonRenderer	add_OnRebuild	AF4130	0	0	0	-	-	FUNCTION_PROLOGUE
NO_MANAGED_METHOD	spine-unity	Spine.SkeletonBinary+SkeletonInput	ReadFully	AD94AC	0	B28874	0	-	-	VENEER_B
NO_MANAGED_METHOD	spine-unity	Spine.SkeletonBinary+SkeletonInput	ReadFully	AD94AC	0	B28874	0	-	-	VENEER_B
NO_MANAGED_METHOD	spine-unity	Spine.Unity.SkeletonRenderer	remove_OnRebuild	AF4130	0	0	0	-	-	FUNCTION_PROLOGUE
NO_MANAGED_METHOD	spine-unity	Spine.Unity.SkeletonRenderer	add_OnMeshAndMaterialsUpdated	AF4130	0	0	0	-	-	FUNCTION_PROLOGUE
NO_MANAGED_METHOD	spine-unity	Spine.Unity.SkeletonRenderer	remove_OnMeshAndMaterialsUpdated	AF4130	0	0	0	-	-	FUNCTION_PROLOGUE
NO_MANAGED_METHOD	spine-unity	Spine.Unity.SkeletonRenderer	NewSpineGameObject	B3490C	0	0	0	-	-	FUNCTION_PROLOGUE
NO_MANAGED_METHOD	spine-unity	Spine.SkeletonBinary+SkeletonInput	GetVersionString	AD94AC	0	B28874	0	-	-	VENEER_B
NO_MANAGED_METHOD	spine-unity	Spine.SkeletonBinary+SkeletonInput	GetVersionString	AD94AC	0	B28874	0	-	-	VENEER_B
NO_MANAGED_METHOD	spine-unity	Spine.SkeletonBinary+SkeletonInput	GetVersionString	AD94AC	0	B28874	0	-	-	VENEER_B
NO_MANAGED_METHOD	spine-unity	Spine.SkeletonBinary+SkeletonInput	GetVersionString	AD94AC	0	B28874	0	-	-	VENEER_B
NO_MANAGED_METHOD	spine-unity	Spine.SkeletonBinary+SkeletonInput	GetVersionString	1854E70	0	0	0	-	-	PLT_STUB
NO_MANAGED_METHOD	spine-unity	Spine.SkeletonBinary+SkeletonInput	GetVersionString	AD94AC	0	B28874	0	-	-	VENEER_B
NOT_AN_ADDRESS	spine-unity	Spine.SkeletonBinary+SkeletonInput	GetVersionString	0	-1	0	0	-	-	-
NO_MANAGED_METHOD	spine-unity	Spine.SkeletonBinary+SkeletonInput	GetVersionString	1854E80	0	0	0	-	-	PLT_STUB
NO_MANAGED_METHOD	spine-unity	Spine.SkeletonBinary+SkeletonInput	GetVersionString	AD94AC	0	B28874	0	-	-	VENEER_B
NO_MANAGED_METHOD	spine-unity	Spine.SkeletonBinary+SkeletonInput	GetVersionString	1854E90	0	0	0	-	-	PLT_STUB
NO_MANAGED_METHOD	spine-unity	Spine.SkeletonBinary+SkeletonInput	GetVersionString	1854EA0	0	0	0	-	-	PLT_STUB
NO_MANAGED_METHOD	spine-unity	Spine.SkeletonBinary+SkeletonInput	GetVersionString	AD94AC	0	B28874	0	-	-	VENEER_B
NO_MANAGED_METHOD	spine-unity	Spine.SkeletonBinary+SkeletonInput	GetVersionString	AD94AC	0	B28874	0	-	-	VENEER_B
NO_MANAGED_METHOD	spine-unity	Spine.SkeletonBinary+SkeletonInput	GetVersionString	BD3CD0	0	0	0	-	-	FUNCTION_PROLOGUE
NO_MANAGED_METHOD	spine-unity	Spine.SkeletonBinary+SkeletonInput	GetVersionString	9DACB4	0	0	0	-	-	FUNCTION_PROLOGUE
NO_MANAGED_METHOD	spine-unity	Spine.SkeletonBinary+SkeletonInput	GetVersionString	AD94AC	0	B28874	0	-	-	VENEER_B
NO_MANAGED_METHOD	spine-unity	Spine.Unity.SkeletonRenderer	AddSpineComponent	B3490C	0	0	0	-	-	FUNCTION_PROLOGUE
NO_MANAGED_METHOD	spine-unity	Spine.SkeletonBinary	.ctor	AD94AC	0	B28874	0	-	-	VENEER_B
NO_MANAGED_METHOD	spine-unity	Spine.SkeletonBinary	.ctor	AD94AC	0	B28874	0	-	-	VENEER_B
NO_MANAGED_METHOD	spine-unity	Spine.SkeletonBinary	.ctor	AD94AC	0	B28874	0	-	-	VENEER_B
NO_MANAGED_METHOD	spine-unity	Spine.SkeletonBinary	ReadSkeletonData	1854E70	0	0	0	-	-	PLT_STUB
NO_MANAGED_METHOD	spine-unity	Spine.SkeletonBinary	ReadSkeletonData	1854E80	0	0	0	-	-	PLT_STUB
NO_MANAGED_METHOD	spine-unity	Spine.SkeletonBinary	ReadSkeletonData	BD3CD0	0	0	0	-	-	FUNCTION_PROLOGUE
NO_MANAGED_METHOD	spine-unity	Spine.SkeletonBinary	ReadSkeletonData	9DACB4	0	0	0	-	-	FUNCTION_PROLOGUE
NO_MANAGED_METHOD	spine-unity	Spine.SkeletonBinary	GetVersionString	AD94AC	0	B28874	0	-	-	VENEER_B
NO_MANAGED_METHOD	spine-unity	Spine.SkeletonBinary	GetVersionString	AD94AC	0	B28874	0	-	-	VENEER_B
NO_MANAGED_METHOD	spine-unity	Spine.SkeletonBinary	GetVersionString	AD94AC	0	B28874	0	-	-	VENEER_B
NO_MANAGED_METHOD	spine-unity	Spine.Unity.SkeletonGraphic	add_BeforeApply	AF4130	0	0	0	-	-	FUNCTION_PROLOGUE
NO_MANAGED_METHOD	spine-unity	Spine.Unity.SkeletonGraphic	remove_BeforeApply	AF4130	0	0	0	-	-	FUNCTION_PROLOGUE
NO_MANAGED_METHOD	spine-unity	Spine.Unity.SkeletonGraphic	add_UpdateLocal	AF4130	0	0	0	-	-	FUNCTION_PROLOGUE
NO_MANAGED_METHOD	spine-unity	Spine.Unity.SkeletonGraphic	remove_UpdateLocal	AF4130	0	0	0	-	-	FUNCTION_PROLOGUE
NO_MANAGED_METHOD	spine-unity	Spine.Unity.SkeletonGraphic	add_UpdateWorld	AF4130	0	0	0	-	-	FUNCTION_PROLOGUE
NO_MANAGED_METHOD	spine-unity	Spine.Unity.SkeletonGraphic	remove_UpdateWorld	AF4130	0	0	0	-	-	FUNCTION_PROLOGUE
NO_MANAGED_METHOD	spine-unity	Spine.Unity.SkeletonGraphic	add_UpdateComplete	AF4130	0	0	0	-	-	FUNCTION_PROLOGUE
NO_MANAGED_METHOD	spine-unity	Spine.Unity.SkeletonGraphic	remove_UpdateComplete	AF4130	0	0	0	-	-	FUNCTION_PROLOGUE
NO_MANAGED_METHOD	spine-unity	Spine.Unity.SkeletonGraphic	add_OnPostProcessVertices	AF4130	0	0	0	-	-	FUNCTION_PROLOGUE
NO_MANAGED_METHOD	spine-unity	Spine.Unity.SkeletonGraphic	remove_OnPostProcessVertices	AF4130	0	0	0	-	-	FUNCTION_PROLOGUE
NO_MANAGED_METHOD	spine-unity	Spine.Unity.SkeletonRenderer	FindAndApplySeparatorSlots	1854E70	0	0	0	-	-	PLT_STUB
NO_MANAGED_METHOD	spine-unity	Spine.Unity.SkeletonRenderer	FindAndApplySeparatorSlots	1854E80	0	0	0	-	-	PLT_STUB
NO_MANAGED_METHOD	spine-unity	Spine.Unity.SkeletonRenderer	FindAndApplySeparatorSlots	1854E70	0	0	0	-	-	PLT_STUB
NO_MANAGED_METHOD	spine-unity	Spine.Unity.SkeletonRenderer	FindAndApplySeparatorSlots	1854E80	0	0	0	-	-	PLT_STUB
NO_MANAGED_METHOD	spine-unity	Spine.Unity.SkeletonRenderer	FindAndApplySeparatorSlots	BD3CD0	0	0	0	-	-	FUNCTION_PROLOGUE
NO_MANAGED_METHOD	spine-unity	Spine.Unity.SkeletonRenderer	FindAndApplySeparatorSlots	9DACB4	0	0	0	-	-	FUNCTION_PROLOGUE
NO_MANAGED_METHOD	spine-unity	Spine.Unity.AnimationTools.TimelineExtensions	FindTranslateTimelineForBone	1854E70	0	0	0	-	-	PLT_STUB
NO_MANAGED_METHOD	spine-unity	Spine.Unity.AnimationTools.TimelineExtensions	FindTranslateTimelineForBone	1854E80	0	0	0	-	-	PLT_STUB
NO_MANAGED_METHOD	spine-unity	Spine.Unity.AnimationTools.TimelineExtensions	FindTranslateTimelineForBone	BD3CD0	0	0	0	-	-	FUNCTION_PROLOGUE
NO_MANAGED_METHOD	spine-unity	Spine.Unity.AnimationTools.TimelineExtensions	FindTranslateTimelineForBone	9DACB4	0	0	0	-	-	FUNCTION_PROLOGUE
NO_MANAGED_METHOD	spine-unity	Spine.Unity.AttachmentTools.AtlasUtilities	ToAtlasRegion	AD94AC	0	B28874	0	-	-	VENEER_B
NO_MANAGED_METHOD	spine-unity	Spine.Unity.AttachmentTools.AtlasUtilities	ToAtlasRegion	AD94AC	0	B28874	0	-	-	VENEER_B
NO_MANAGED_METHOD	spine-unity	Spine.Unity.AttachmentTools.AtlasUtilities	ToAtlasRegion	AD94AC	0	B28874	0	-	-	VENEER_B
NO_MANAGED_METHOD	spine-unity	Spine.Unity.AttachmentTools.AtlasUtilities	ToAtlasRegion	AD94AC	0	B28874	0	-	-	VENEER_B
NO_MANAGED_METHOD	spine-unity	Spine.Collections.OrderedDictionary`2	GetKey	1854F10	0	0	0	-	-	PLT_STUB
NO_MANAGED_METHOD	spine-unity	Spine.Collections.OrderedDictionary`2	GetKey	1854EB0	0	0	0	-	-	PLT_STUB
NO_MANAGED_METHOD	spine-unity	Spine.Collections.OrderedDictionary`2	IndexOf	1854EB0	0	0	0	-	-	PLT_STUB
NO_MANAGED_METHOD	spine-unity	Spine.Collections.OrderedDictionary`2	IndexOf	1854F10	0	0	0	-	-	PLT_STUB
NO_MANAGED_METHOD	spine-unity	Spine.Collections.OrderedDictionary`2	Remove	1854EB0	0	0	0	-	-	PLT_STUB
NO_MANAGED_METHOD	spine-unity	Spine.Collections.OrderedDictionary`2	Remove	1854F10	0	0	0	-	-	PLT_STUB
NO_MANAGED_METHOD	spine-unity	Spine.Collections.OrderedDictionary`2	RemoveAt	1854F20	0	0	0	-	-	PLT_STUB
NO_MANAGED_METHOD	spine-unity	Spine.Collections.OrderedDictionary`2	RemoveAt	1854F20	0	0	0	-	-	PLT_STUB
NO_MANAGED_METHOD	spine-unity	Spine.Collections.OrderedDictionary`2	RemoveAt	1854F10	0	0	0	-	-	PLT_STUB
NO_MANAGED_METHOD	spine-unity	Spine.Collections.OrderedDictionary`2	RemoveAt	1854F10	0	0	0	-	-	PLT_STUB
NO_MANAGED_METHOD	spine-unity	Spine.Collections.OrderedDictionary`2	RemoveAt	1854F10	0	0	0	-	-	PLT_STUB
NO_MANAGED_METHOD	spine-unity	Spine.Collections.OrderedDictionary`2	RemoveAt	1854F10	0	0	0	-	-	PLT_STUB
NO_MANAGED_METHOD	spine-unity	Spine.Collections.OrderedDictionary`2	RemoveAt	1854F10	0	0	0	-	-	PLT_STUB
NO_MANAGED_METHOD	spine-unity	Spine.Collections.OrderedDictionary`2	TryGetValue	1854F10	0	0	0	-	-	PLT_STUB
NO_MANAGED_METHOD	spine-unity	Spine.Collections.OrderedDictionary`2	TryGetValue	1854F20	0	0	0	-	-	PLT_STUB
NO_MANAGED_METHOD	spine-unity	Spine.Collections.OrderedDictionary`2	TryGetValue	1854EB0	0	0	0	-	-	PLT_STUB
NO_MANAGED_METHOD	spine-unity	Spine.Collections.OrderedDictionary`2	TryGetValue	1854F10	0	0	0	-	-	PLT_STUB
NO_MANAGED_METHOD	spine-unity	Spine.Collections.OrderedDictionary`2	get_Item	1854F10	0	0	0	-	-	PLT_STUB
NO_MANAGED_METHOD	spine-unity	Spine.Collections.OrderedDictionary`2	get_Item	1854EB0	0	0	0	-	-	PLT_STUB
NO_MANAGED_METHOD	spine-unity	Spine.Collections.OrderedDictionary`2	set_Item	1854EB0	0	0	0	-	-	PLT_STUB
NO_MANAGED_METHOD	spine-unity	Spine.Collections.OrderedDictionary`2	set_Item	1854F10	0	0	0	-	-	PLT_STUB
NO_MANAGED_METHOD	spine-unity	Spine.Collections.OrderedDictionary`2	get_Item	1854F10	0	0	0	-	-	PLT_STUB
NO_MANAGED_METHOD	spine-unity	Spine.Collections.OrderedDictionary`2	get_Item	1854EB0	0	0	0	-	-	PLT_STUB
NO_MANAGED_METHOD	spine-unity	Spine.Collections.OrderedDictionary`2	get_Item	1854F10	0	0	0	-	-	PLT_STUB
NO_MANAGED_METHOD	spine-unity	Spine.Collections.OrderedDictionary`2	set_Item	1854EB0	0	0	0	-	-	PLT_STUB
NO_MANAGED_METHOD	spine-unity	Spine.Collections.OrderedDictionary`2	set_Item	1854F10	0	0	0	-	-	PLT_STUB
NO_MANAGED_METHOD	spine-unity	Spine.Collections.OrderedDictionary`2	set_Item	1854F10	0	0	0	-	-	PLT_STUB
NO_MANAGED_METHOD	spine-unity	Spine.Collections.OrderedDictionary`2	set_Item	1854F10	0	0	0	-	-	PLT_STUB
NO_MANAGED_METHOD	spine-unity	Spine.Collections.OrderedDictionary`2	set_Item	1854F10	0	0	0	-	-	PLT_STUB
NO_MANAGED_METHOD	spine-unity	Spine.Collections.OrderedDictionary`2	set_Item	1854F10	0	0	0	-	-	PLT_STUB
NO_MANAGED_METHOD	spine-unity	Spine.Collections.OrderedDictionary`2	System.Collections.Generic.IList<System.Collections.Generic.KeyValuePair<TKey,TValue>>.IndexOf	1854EB0	0	0	0	-	-	PLT_STUB
NO_MANAGED_METHOD	spine-unity	Spine.Collections.OrderedDictionary`2	System.Collections.Generic.IList<System.Collections.Generic.KeyValuePair<TKey,TValue>>.Insert	1854EB0	0	0	0	-	-	PLT_STUB
NO_MANAGED_METHOD	spine-unity	Spine.Collections.OrderedDictionary`2	System.Collections.Generic.IList<System.Collections.Generic.KeyValuePair<TKey,TValue>>.get_Item	1854F20	0	0	0	-	-	PLT_STUB
NO_MANAGED_METHOD	spine-unity	Spine.Collections.OrderedDictionary`2	System.Collections.Generic.IList<System.Collections.Generic.KeyValuePair<TKey,TValue>>.get_Item	1854F10	0	0	0	-	-	PLT_STUB
NO_MANAGED_METHOD	spine-unity	Spine.Collections.OrderedDictionary`2	System.Collections.Generic.IList<System.Collections.Generic.KeyValuePair<TKey,TValue>>.get_Item	1854F10	0	0	0	-	-	PLT_STUB
NO_MANAGED_METHOD	spine-unity	Spine.Collections.OrderedDictionary`2	System.Collections.Generic.IList<System.Collections.Generic.KeyValuePair<TKey,TValue>>.get_Item	1854F20	0	0	0	-	-	PLT_STUB
NO_MANAGED_METHOD	spine-unity	Spine.Collections.OrderedDictionary`2	System.Collections.Generic.IList<System.Collections.Generic.KeyValuePair<TKey,TValue>>.get_Item	1854F10	0	0	0	-	-	PLT_STUB
NO_MANAGED_METHOD	spine-unity	Spine.Collections.OrderedDictionary`2	System.Collections.Generic.IList<System.Collections.Generic.KeyValuePair<TKey,TValue>>.get_Item	1854F10	0	0	0	-	-	PLT_STUB
NO_MANAGED_METHOD	spine-unity	Spine.Collections.OrderedDictionary`2	System.Collections.Generic.IList<System.Collections.Generic.KeyValuePair<TKey,TValue>>.get_Item	1854EB0	0	0	0	-	-	PLT_STUB
NO_MANAGED_METHOD	spine-unity	Spine.Collections.OrderedDictionary`2	System.Collections.Generic.IList<System.Collections.Generic.KeyValuePair<TKey,TValue>>.get_Item	1854F10	0	0	0	-	-	PLT_STUB
NO_MANAGED_METHOD	spine-unity	Spine.Unity.AttachmentTools.AtlasUtilities	GetRepackedAttachments	AD94AC	0	B28874	0	-	-	VENEER_B
NO_MANAGED_METHOD	spine-unity	Spine.Unity.AttachmentTools.AtlasUtilities	GetRepackedAttachments	AD94AC	0	B28874	0	-	-	VENEER_B
NO_MANAGED_METHOD	spine-unity	Spine.Unity.AttachmentTools.AtlasUtilities	GetRepackedAttachments	AD94AC	0	B28874	0	-	-	VENEER_B
NO_MANAGED_METHOD	spine-unity	Spine.Unity.AttachmentTools.AtlasUtilities	GetRepackedAttachments	AD94AC	0	B28874	0	-	-	VENEER_B
NO_MANAGED_METHOD	spine-unity	Spine.Collections.OrderedDictionary`2	System.Collections.Generic.IList<System.Collections.Generic.KeyValuePair<TKey,TValue>>.set_Item	1854F20	0	0	0	-	-	PLT_STUB
NO_MANAGED_METHOD	spine-unity	Spine.Collections.OrderedDictionary`2	System.Collections.Generic.IList<System.Collections.Generic.KeyValuePair<TKey,TValue>>.set_Item	1854F10	0	0	0	-	-	PLT_STUB
NO_MANAGED_METHOD	spine-unity	Spine.Collections.OrderedDictionary`2	System.Collections.Generic.IList<System.Collections.Generic.KeyValuePair<TKey,TValue>>.set_Item	1854F10	0	0	0	-	-	PLT_STUB
NO_MANAGED_METHOD	spine-unity	Spine.Collections.OrderedDictionary`2	System.Collections.Generic.IList<System.Collections.Generic.KeyValuePair<TKey,TValue>>.set_Item	B349B4	0	0	0	-	-	FUNCTION_PROLOGUE
NO_MANAGED_METHOD	spine-unity	Spine.Collections.OrderedDictionary`2	System.Collections.Generic.IList<System.Collections.Generic.KeyValuePair<TKey,TValue>>.set_Item	1854EB0	0	0	0	-	-	PLT_STUB
NO_MANAGED_METHOD	spine-unity	Spine.Collections.OrderedDictionary`2	System.Collections.Generic.IList<System.Collections.Generic.KeyValuePair<TKey,TValue>>.set_Item	1854F10	0	0	0	-	-	PLT_STUB
NO_MANAGED_METHOD	spine-unity	Spine.Collections.OrderedDictionary`2	System.Collections.Generic.ICollection<System.Collections.Generic.KeyValuePair<TKey,TValue>>.Add	1854EB0	0	0	0	-	-	PLT_STUB
NO_MANAGED_METHOD	spine-unity	Spine.Collections.OrderedDictionary`2	System.Collections.Generic.ICollection<System.Collections.Generic.KeyValuePair<TKey,TValue>>.Contains	1854EB0	0	0	0	-	-	PLT_STUB
NO_MANAGED_METHOD	spine-unity	Spine.Collections.OrderedDictionary`2	System.Collections.Generic.ICollection<System.Collections.Generic.KeyValuePair<TKey,TValue>>.CopyTo	1854F20	0	0	0	-	-	PLT_STUB
NO_MANAGED_METHOD	spine-unity	Spine.Collections.OrderedDictionary`2	System.Collections.Generic.ICollection<System.Collections.Generic.KeyValuePair<TKey,TValue>>.CopyTo	1854F20	0	0	0	-	-	PLT_STUB
NO_MANAGED_METHOD	spine-unity	Spine.Collections.OrderedDictionary`2	System.Collections.Generic.ICollection<System.Collections.Generic.KeyValuePair<TKey,TValue>>.CopyTo	1854F10	0	0	0	-	-	PLT_STUB
NO_MANAGED_METHOD	spine-unity	Spine.Collections.OrderedDictionary`2	System.Collections.Generic.ICollection<System.Collections.Generic.KeyValuePair<TKey,TValue>>.CopyTo	1854F10	0	0	0	-	-	PLT_STUB
NO_MANAGED_METHOD	spine-unity	Spine.Collections.OrderedDictionary`2	System.Collections.Generic.ICollection<System.Collections.Generic.KeyValuePair<TKey,TValue>>.CopyTo	1854F10	0	0	0	-	-	PLT_STUB
NO_MANAGED_METHOD	spine-unity	Spine.Collections.OrderedDictionary`2	System.Collections.Generic.ICollection<System.Collections.Generic.KeyValuePair<TKey,TValue>>.CopyTo	1854F10	0	0	0	-	-	PLT_STUB
NO_MANAGED_METHOD	spine-unity	Spine.Collections.OrderedDictionary`2	System.Collections.Generic.ICollection<System.Collections.Generic.KeyValuePair<TKey,TValue>>.CopyTo	1854F20	0	0	0	-	-	PLT_STUB
NO_MANAGED_METHOD	spine-unity	Spine.Collections.OrderedDictionary`2	System.Collections.Generic.ICollection<System.Collections.Generic.KeyValuePair<TKey,TValue>>.CopyTo	1854F10	0	0	0	-	-	PLT_STUB
NO_MANAGED_METHOD	spine-unity	Spine.Collections.OrderedDictionary`2	System.Collections.Generic.ICollection<System.Collections.Generic.KeyValuePair<TKey,TValue>>.CopyTo	1854F10	0	0	0	-	-	PLT_STUB
NO_MANAGED_METHOD	spine-unity	Spine.Collections.OrderedDictionary`2	System.Collections.Generic.ICollection<System.Collections.Generic.KeyValuePair<TKey,TValue>>.CopyTo	1854F10	0	0	0	-	-	PLT_STUB
NO_MANAGED_METHOD	spine-unity	Spine.Collections.OrderedDictionary`2	System.Collections.Generic.ICollection<System.Collections.Generic.KeyValuePair<TKey,TValue>>.CopyTo	B348B0	0	0	0	-	-	FUNCTION_PROLOGUE
NO_MANAGED_METHOD	spine-unity	Spine.Collections.OrderedDictionary`2	System.Collections.Generic.ICollection<System.Collections.Generic.KeyValuePair<TKey,TValue>>.CopyTo	AD94AC	0	B28874	0	-	-	VENEER_B
NO_MANAGED_METHOD	spine-unity	Spine.Collections.OrderedDictionary`2	System.Collections.Generic.ICollection<System.Collections.Generic.KeyValuePair<TKey,TValue>>.CopyTo	AD94AC	0	B28874	0	-	-	VENEER_B
NO_MANAGED_METHOD	spine-unity	Spine.Collections.OrderedDictionary`2	System.Collections.Generic.ICollection<System.Collections.Generic.KeyValuePair<TKey,TValue>>.CopyTo	AD94AC	0	B28874	0	-	-	VENEER_B
NOT_AN_ADDRESS	spine-unity	Spine.Collections.OrderedDictionary`2	System.Collections.Generic.ICollection<System.Collections.Generic.KeyValuePair<TKey,TValue>>.CopyTo	0	-1	0	0	-	-	-
NO_MANAGED_METHOD	spine-unity	Spine.Collections.OrderedDictionary`2	System.Collections.Generic.ICollection<System.Collections.Generic.KeyValuePair<TKey,TValue>>.CopyTo	AD94AC	0	B28874	0	-	-	VENEER_B
NO_MANAGED_METHOD	spine-unity	Spine.Collections.OrderedDictionary`2	System.Collections.Generic.ICollection<System.Collections.Generic.KeyValuePair<TKey,TValue>>.CopyTo	AD94AC	0	B28874	0	-	-	VENEER_B
NO_MANAGED_METHOD	spine-unity	Spine.Collections.OrderedDictionary`2	System.Collections.Generic.ICollection<System.Collections.Generic.KeyValuePair<TKey,TValue>>.CopyTo	AD94AC	0	B28874	0	-	-	VENEER_B
NO_MANAGED_METHOD	spine-unity	Spine.Collections.OrderedDictionary`2	System.Collections.Generic.ICollection<System.Collections.Generic.KeyValuePair<TKey,TValue>>.Remove	1854F10	0	0	0	-	-	PLT_STUB
NO_MANAGED_METHOD	spine-unity	Spine.Collections.OrderedDictionary`2	System.Collections.Generic.ICollection<System.Collections.Generic.KeyValuePair<TKey,TValue>>.Remove	B349B4	0	0	0	-	-	FUNCTION_PROLOGUE
NO_MANAGED_METHOD	spine-unity	Spine.Collections.OrderedDictionary`2	System.Collections.Generic.ICollection<System.Collections.Generic.KeyValuePair<TKey,TValue>>.Remove	1854EB0	0	0	0	-	-	PLT_STUB
NO_MANAGED_METHOD	spine-unity	Spine.Collections.CollectionExtensions	ToOrderedDictionary	B3490C	0	0	0	-	-	FUNCTION_PROLOGUE
NO_MANAGED_METHOD	spine-unity	Spine.Collections.CollectionExtensions	ToOrderedDictionary	B3490C	0	0	0	-	-	FUNCTION_PROLOGUE
NO_MANAGED_METHOD	spine-unity	Spine.Collections.CollectionExtensions	ToOrderedDictionary	B349B4	0	0	0	-	-	FUNCTION_PROLOGUE
NO_MANAGED_METHOD	spine-unity	Spine.Collections.CollectionExtensions	ToOrderedDictionary	B349B4	0	0	0	-	-	FUNCTION_PROLOGUE
NO_MANAGED_METHOD	spine-unity	Spine.Collections.CollectionExtensions	ToOrderedDictionary	AD94AC	0	B28874	0	-	-	VENEER_B
NO_MANAGED_METHOD	spine-unity	Spine.Collections.CollectionExtensions	ToOrderedDictionary	AD94AC	0	B28874	0	-	-	VENEER_B
NO_MANAGED_METHOD	spine-unity	Spine.Collections.CollectionExtensions	ToOrderedDictionary	1854EB0	0	0	0	-	-	PLT_STUB
NO_MANAGED_METHOD	spine-unity	Spine.Collections.CollectionExtensions	ToOrderedDictionary	1854E70	0	0	0	-	-	PLT_STUB
NO_MANAGED_METHOD	spine-unity	Spine.Collections.CollectionExtensions	ToOrderedDictionary	1854E80	0	0	0	-	-	PLT_STUB
NO_MANAGED_METHOD	spine-unity	Spine.Collections.CollectionExtensions	ToOrderedDictionary	BD3CD0	0	0	0	-	-	FUNCTION_PROLOGUE
NO_MANAGED_METHOD	spine-unity	Spine.Collections.CollectionExtensions	ToOrderedDictionary	9DACB4	0	0	0	-	-	FUNCTION_PROLOGUE
NO_MANAGED_METHOD	spine-unity	Spine.Collections.CollectionExtensions	ToOrderedDictionary	1854F20	0	0	0	-	-	PLT_STUB
NO_MANAGED_METHOD	spine-unity	Spine.Collections.CollectionExtensions	ToOrderedDictionary	1854F20	0	0	0	-	-	PLT_STUB
NO_MANAGED_METHOD	spine-unity	Spine.Collections.CollectionExtensions	ToOrderedDictionary	1854F10	0	0	0	-	-	PLT_STUB
NO_MANAGED_METHOD	spine-unity	Spine.Collections.CollectionExtensions	ToOrderedDictionary	1854F10	0	0	0	-	-	PLT_STUB
NO_MANAGED_METHOD	spine-unity	Spine.Collections.CollectionExtensions	ToOrderedDictionary	1854F10	0	0	0	-	-	PLT_STUB
NO_MANAGED_METHOD	spine-unity	Spine.Collections.CollectionExtensions	ToOrderedDictionary	1854F10	0	0	0	-	-	PLT_STUB
NO_MANAGED_METHOD	spine-unity	Spine.Collections.CollectionExtensions	ToOrderedDictionary	1854F10	0	0	0	-	-	PLT_STUB
NO_MANAGED_METHOD	spine-unity	Spine.Collections.CollectionExtensions	ToOrderedDictionary	AD94AC	0	B28874	0	-	-	VENEER_B
NOT_AN_ADDRESS	spine-unity	Spine.SkeletonBinary	ReadSkeletonData	0	-1	0	0	-	-	-
NOT_AN_ADDRESS	spine-unity	Spine.SkeletonBinary	ReadSkeletonData	0	-1	0	0	-	-	-
NOT_AN_ADDRESS	spine-unity	Spine.SkeletonBinary	ReadSkeletonData	0	-1	0	0	-	-	-
NO_MANAGED_METHOD	DOTween	DG.Tweening.DOTween	TotalPlayingTweens	1854D08	0	0	0	-	-	FUNCTION_PROLOGUE
NO_MANAGED_METHOD	DOTween	DG.Tweening.DOTween	To	B3490C	0	0	0	-	-	FUNCTION_PROLOGUE
NO_MANAGED_METHOD	spine-unity	Spine.SkeletonBinary	ReadSkeletonData	AD94AC	0	B28874	0	-	-	VENEER_B
NO_MANAGED_METHOD	spine-unity	Spine.SkeletonBinary	ReadSkeletonData	AD94AC	0	B28874	0	-	-	VENEER_B
NO_MANAGED_METHOD	spine-unity	Spine.SkeletonBinary	ReadSkeletonData	AD94AC	0	B28874	0	-	-	VENEER_B
NO_MANAGED_METHOD	spine-unity	Spine.SkeletonBinary	ReadSkeletonData	AD94AC	0	B28874	0	-	-	VENEER_B
NO_MANAGED_METHOD	DOTween	DG.Tweening.DOTween	ApplyTo	B3490C	0	0	0	-	-	FUNCTION_PROLOGUE
SHARED_2	DOTween	DG.Tweening.DOTween	ApplyTo	CB2A5C	2	0	0	-	-	FUNCTION_PROLOGUE
SHARED_2	DOTween	DG.Tweening.DOTween	ApplyTo	CC7EDC	2	0	0	-	-	FUNCTION_PROLOGUE
NO_MANAGED_METHOD	spine-unity	Spine.SkeletonBinary	ReadSkeletonData	AD94AC	0	B28874	0	-	-	VENEER_B
NO_MANAGED_METHOD	spine-unity	Spine.SkeletonBinary	ReadSkeletonData	AD94AC	0	B28874	0	-	-	VENEER_B
NO_MANAGED_METHOD	spine-unity	Spine.SkeletonBinary	ReadSkeletonData	AD94AC	0	B28874	0	-	-	VENEER_B
NO_MANAGED_METHOD	spine-unity	Spine.SkeletonBinary	ReadSkeletonData	AD94AC	0	B28874	0	-	-	VENEER_B
NOT_AN_ADDRESS	spine-unity	Spine.Unity.AttachmentTools.AtlasUtilities	GetRepackedSkin	0	-1	0	0	-	-	-
NO_MANAGED_METHOD	spine-unity	Spine.Unity.AttachmentTools.AtlasUtilities	GetRepackedSkin	AD94AC	0	B28874	0	-	-	VENEER_B
NO_MANAGED_METHOD	spine-unity	Spine.Unity.AttachmentTools.AtlasUtilities	GetRepackedSkin	AD94AC	0	B28874	0	-	-	VENEER_B
NO_MANAGED_METHOD	spine-unity	Spine.Unity.AttachmentTools.AtlasUtilities	ClearCache	BD3CD0	0	0	0	-	-	FUNCTION_PROLOGUE
NO_MANAGED_METHOD	spine-unity	Spine.Unity.AttachmentTools.AtlasUtilities	ClearCache	9DACB4	0	0	0	-	-	FUNCTION_PROLOGUE
NO_MANAGED_METHOD	DOTween	DG.Tweening.TweenSettingsExtensions	From	B3490C	0	0	0	-	-	FUNCTION_PROLOGUE
NO_MANAGED_METHOD	DOTween	DG.Tweening.TweenSettingsExtensions	From	B3490C	0	0	0	-	-	FUNCTION_PROLOGUE
SHARED_2	DOTween	DG.Tweening.TweenSettingsExtensions	From	CB92E8	2	0	0	-	-	FUNCTION_PROLOGUE
NO_MANAGED_METHOD	DOTween	DG.Tweening.TweenSettingsExtensions	From	B3490C	0	0	0	-	-	FUNCTION_PROLOGUE
NO_MANAGED_METHOD	DOTween	DG.Tweening.TweenSettingsExtensions	From	1854EB0	0	0	0	-	-	PLT_STUB
NO_MANAGED_METHOD	DOTween	DG.Tweening.TweenSettingsExtensions	From	1854F10	0	0	0	-	-	PLT_STUB
NO_MANAGED_METHOD	DOTween	DG.Tweening.Tween	OnTweenCallback	1854E70	0	0	0	-	-	PLT_STUB
NO_MANAGED_METHOD	DOTween	DG.Tweening.Tween	OnTweenCallback	AD94AC	0	B28874	0	-	-	VENEER_B
NOT_AN_ADDRESS	DOTween	DG.Tweening.Tween	OnTweenCallback	0	-1	0	0	-	-	-
NO_MANAGED_METHOD	DOTween	DG.Tweening.Tween	OnTweenCallback	1854E80	0	0	0	-	-	PLT_STUB
NO_MANAGED_METHOD	DOTween	DG.Tweening.Tween	OnTweenCallback	AD94AC	0	B28874	0	-	-	VENEER_B
NO_MANAGED_METHOD	DOTween	DG.Tweening.Tween	OnTweenCallback	AD94AC	0	B28874	0	-	-	VENEER_B
NO_MANAGED_METHOD	DOTween	DG.Tweening.Tween	OnTweenCallback	AD94AC	0	B28874	0	-	-	VENEER_B
NO_MANAGED_METHOD	DOTween	DG.Tweening.Tween	OnTweenCallback	1854E90	0	0	0	-	-	PLT_STUB
NO_MANAGED_METHOD	DOTween	DG.Tweening.Tween	OnTweenCallback	1854EA0	0	0	0	-	-	PLT_STUB
NO_MANAGED_METHOD	DOTween	DG.Tweening.Tween	OnTweenCallback	1854E80	0	0	0	-	-	PLT_STUB
NO_MANAGED_METHOD	DOTween	DG.Tweening.Tween	OnTweenCallback	BD3CD0	0	0	0	-	-	FUNCTION_PROLOGUE
NO_MANAGED_METHOD	DOTween	DG.Tweening.Tween	OnTweenCallback	9DACB4	0	0	0	-	-	FUNCTION_PROLOGUE
NO_MANAGED_METHOD	DOTween	DG.Tweening.Tween	OnTweenCallback	B3490C	0	0	0	-	-	FUNCTION_PROLOGUE
NO_MANAGED_METHOD	DOTween	DG.Tweening.Tween	OnTweenCallback	1854E70	0	0	0	-	-	PLT_STUB
NO_MANAGED_METHOD	DOTween	DG.Tweening.Tween	OnTweenCallback	AD94AC	0	B28874	0	-	-	VENEER_B
NOT_AN_ADDRESS	DOTween	DG.Tweening.Tween	OnTweenCallback	0	-1	0	0	-	-	-
NO_MANAGED_METHOD	DOTween	DG.Tweening.Tween	OnTweenCallback	1854E80	0	0	0	-	-	PLT_STUB
NO_MANAGED_METHOD	DOTween	DG.Tweening.Tween	OnTweenCallback	AD94AC	0	B28874	0	-	-	VENEER_B
NO_MANAGED_METHOD	DOTween	DG.Tweening.Tween	OnTweenCallback	AD94AC	0	B28874	0	-	-	VENEER_B
NO_MANAGED_METHOD	DOTween	DG.Tweening.Tween	OnTweenCallback	AD94AC	0	B28874	0	-	-	VENEER_B
NO_MANAGED_METHOD	DOTween	DG.Tweening.Tween	OnTweenCallback	1854E90	0	0	0	-	-	PLT_STUB
NO_MANAGED_METHOD	DOTween	DG.Tweening.Tween	OnTweenCallback	1854EA0	0	0	0	-	-	PLT_STUB
NO_MANAGED_METHOD	DOTween	DG.Tweening.Tween	OnTweenCallback	1854E80	0	0	0	-	-	PLT_STUB
NO_MANAGED_METHOD	DOTween	DG.Tweening.Tween	OnTweenCallback	BD3CD0	0	0	0	-	-	FUNCTION_PROLOGUE
NO_MANAGED_METHOD	DOTween	DG.Tweening.Tween	OnTweenCallback	9DACB4	0	0	0	-	-	FUNCTION_PROLOGUE
NO_MANAGED_METHOD	DOTween	DG.Tweening.Tweener	Setup	B3490C	0	0	0	-	-	FUNCTION_PROLOGUE
SHARED_2	DOTween	DG.Tweening.Tweener	Setup	C8AC4C	2	0	0	-	-	FUNCTION_PROLOGUE
NO_MANAGED_METHOD	DOTween	DG.Tweening.Plugins.LongPlugin	EvaluateAndApply	1854ED0	0	0	0	-	-	PLT_STUB
NO_MANAGED_METHOD	DOTween	DG.Tweening.Tweener	DoStartup	B3490C	0	0	0	-	-	FUNCTION_PROLOGUE
NO_MANAGED_METHOD	DOTween	DG.Tweening.Tweener	DoStartup	1854E70	0	0	0	-	-	PLT_STUB
NO_MANAGED_METHOD	DOTween	DG.Tweening.Tweener	DoStartup	AD94AC	0	B28874	0	-	-	VENEER_B
NOT_AN_ADDRESS	DOTween	DG.Tweening.Tweener	DoStartup	0	-1	0	0	-	-	-
NO_MANAGED_METHOD	DOTween	DG.Tweening.Tweener	DoStartup	1854E80	0	0	0	-	-	PLT_STUB
NO_MANAGED_METHOD	DOTween	DG.Tweening.Tweener	DoStartup	AD94AC	0	B28874	0	-	-	VENEER_B
NO_MANAGED_METHOD	spine-unity	Spine.Unity.AttachmentTools.AtlasUtilities	UVRectToAtlasRegion	1854ED0	0	0	0	-	-	PLT_STUB
NO_MANAGED_METHOD	DOTween	DG.Tweening.Tweener	DoStartup	AD94AC	0	B28874	0	-	-	VENEER_B
NO_MANAGED_METHOD	DOTween	DG.Tweening.Tweener	DoStartup	AD94AC	0	B28874	0	-	-	VENEER_B
NO_MANAGED_METHOD	spine-unity	Spine.Unity.AttachmentTools.AtlasUtilities	UVRectToAtlasRegion	1854ED0	0	0	0	-	-	PLT_STUB
NO_MANAGED_METHOD	spine-unity	Spine.Unity.AttachmentTools.AtlasUtilities	UVRectToAtlasRegion	1854ED0	0	0	0	-	-	PLT_STUB
NO_MANAGED_METHOD	spine-unity	Spine.Unity.AttachmentTools.AtlasUtilities	UVRectToAtlasRegion	1854ED0	0	0	0	-	-	PLT_STUB
NO_MANAGED_METHOD	DOTween	DG.Tweening.Tweener	DoStartup	1854E90	0	0	0	-	-	PLT_STUB
NO_MANAGED_METHOD	DOTween	DG.Tweening.Tweener	DoStartup	1854EA0	0	0	0	-	-	PLT_STUB
NO_MANAGED_METHOD	DOTween	DG.Tweening.Tweener	DoStartup	1854E80	0	0	0	-	-	PLT_STUB
NO_MANAGED_METHOD	DOTween	DG.Tweening.Tweener	DoStartup	BD3CD0	0	0	0	-	-	FUNCTION_PROLOGUE
NO_MANAGED_METHOD	DOTween	DG.Tweening.Tweener	DoStartup	9DACB4	0	0	0	-	-	FUNCTION_PROLOGUE
NO_MANAGED_METHOD	DOTween	DG.Tweening.Tweener	DoChangeStartValue	B3490C	0	0	0	-	-	FUNCTION_PROLOGUE
SHARED_2	DOTween	DG.Tweening.Tweener	DoChangeStartValue	CBAD9C	2	0	0	-	-	FUNCTION_PROLOGUE
SHARED_2	DOTween	DG.Tweening.Tweener	DoChangeStartValue	CBA2F4	2	0	0	-	-	FUNCTION_PROLOGUE
NO_MANAGED_METHOD	DOTween	DG.Tweening.Tweener	DoChangeEndValue	B3490C	0	0	0	-	-	FUNCTION_PROLOGUE
SHARED_2	DOTween	DG.Tweening.Tweener	DoChangeEndValue	CBAD9C	2	0	0	-	-	FUNCTION_PROLOGUE
SHARED_2	DOTween	DG.Tweening.Tweener	DoChangeEndValue	CBA2F4	2	0	0	-	-	FUNCTION_PROLOGUE
NO_MANAGED_METHOD	DOTween	DG.Tweening.Tweener	DoChangeEndValue	1854E70	0	0	0	-	-	PLT_STUB
NO_MANAGED_METHOD	DOTween	DG.Tweening.Tweener	DoChangeEndValue	AD94AC	0	B28874	0	-	-	VENEER_B
NOT_AN_ADDRESS	DOTween	DG.Tweening.Tweener	DoChangeEndValue	0	-1	0	0	-	-	-
NO_MANAGED_METHOD	DOTween	DG.Tweening.Tweener	DoChangeEndValue	1854E80	0	0	0	-	-	PLT_STUB
NO_MANAGED_METHOD	DOTween	DG.Tweening.Tweener	DoChangeEndValue	AD94AC	0	B28874	0	-	-	VENEER_B
NO_MANAGED_METHOD	DOTween	DG.Tweening.Tweener	DoChangeEndValue	AD94AC	0	B28874	0	-	-	VENEER_B
NO_MANAGED_METHOD	DOTween	DG.Tweening.Tweener	DoChangeEndValue	AD94AC	0	B28874	0	-	-	VENEER_B
NO_MANAGED_METHOD	DOTween	DG.Tweening.Tweener	DoChangeEndValue	AD94AC	0	B28874	0	-	-	VENEER_B
NO_MANAGED_METHOD	DOTween	DG.Tweening.Tweener	DoChangeEndValue	1854E90	0	0	0	-	-	PLT_STUB
NO_MANAGED_METHOD	DOTween	DG.Tweening.Tweener	DoChangeEndValue	1854EA0	0	0	0	-	-	PLT_STUB
NO_MANAGED_METHOD	DOTween	DG.Tweening.Tweener	DoChangeEndValue	1854E80	0	0	0	-	-	PLT_STUB
NO_MANAGED_METHOD	DOTween	DG.Tweening.Tweener	DoChangeEndValue	BD3CD0	0	0	0	-	-	FUNCTION_PROLOGUE
NO_MANAGED_METHOD	DOTween	DG.Tweening.Tweener	DoChangeEndValue	9DACB4	0	0	0	-	-	FUNCTION_PROLOGUE
NO_MANAGED_METHOD	DOTween	DG.Tweening.Tweener	DoChangeValues	B3490C	0	0	0	-	-	FUNCTION_PROLOGUE
SHARED_2	DOTween	DG.Tweening.Tweener	DoChangeValues	CBAD9C	2	0	0	-	-	FUNCTION_PROLOGUE
SHARED_2	DOTween	DG.Tweening.Tweener	DoChangeValues	CBA2F4	2	0	0	-	-	FUNCTION_PROLOGUE
NO_MANAGED_METHOD	DOTween	DG.Tweening.Tweener	DOStartupSpecials	1854E70	0	0	0	-	-	PLT_STUB
NO_MANAGED_METHOD	DOTween	DG.Tweening.Tweener	DOStartupSpecials	AD94AC	0	B28874	0	-	-	VENEER_B
NOT_AN_ADDRESS	DOTween	DG.Tweening.Tweener	DOStartupSpecials	0	-1	0	0	-	-	-
NO_MANAGED_METHOD	DOTween	DG.Tweening.Tweener	DOStartupSpecials	1854E80	0	0	0	-	-	PLT_STUB
NO_MANAGED_METHOD	DOTween	DG.Tweening.Tweener	DOStartupSpecials	1854E90	0	0	0	-	-	PLT_STUB
NO_MANAGED_METHOD	DOTween	DG.Tweening.Tweener	DOStartupSpecials	1854EA0	0	0	0	-	-	PLT_STUB
NO_MANAGED_METHOD	DOTween	DG.Tweening.Tweener	DOStartupSpecials	1854E80	0	0	0	-	-	PLT_STUB
NO_MANAGED_METHOD	DOTween	DG.Tweening.Tweener	DOStartupSpecials	BD3CD0	0	0	0	-	-	FUNCTION_PROLOGUE
NO_MANAGED_METHOD	DOTween	DG.Tweening.Tweener	DOStartupSpecials	9DACB4	0	0	0	-	-	FUNCTION_PROLOGUE
NO_MANAGED_METHOD	DOTween	DG.Tweening.Plugins.CircleOptions	Initialize	1854F00	0	0	0	-	-	PLT_STUB
NO_MANAGED_METHOD	spine-unity	Spine.Unity.AttachmentTools.AttachmentCloneExtensions	GetLinkedMesh	AD94AC	0	B28874	0	-	-	VENEER_B
NO_MANAGED_METHOD	spine-unity	Spine.Unity.AttachmentTools.AttachmentCloneExtensions	GetLinkedMesh	AD94AC	0	B28874	0	-	-	VENEER_B
NO_MANAGED_METHOD	spine-unity	Spine.Unity.AttachmentTools.AttachmentCloneExtensions	GetLinkedMesh	AD94AC	0	B28874	0	-	-	VENEER_B
NO_MANAGED_METHOD	DOTween	DG.Tweening.Plugins.CirclePlugin	GetPositionOnCircle	1854ED0	0	0	0	-	-	PLT_STUB
NO_MANAGED_METHOD	DOTween	DG.Tweening.Plugins.CirclePlugin	GetPositionOnCircle	1854ED0	0	0	0	-	-	PLT_STUB
NO_MANAGED_METHOD	spine-unity	Spine.Unity.AttachmentTools.AttachmentRegionExtensions	SetRegion	AD94AC	0	B28874	0	-	-	VENEER_B
NO_MANAGED_METHOD	spine-unity	Spine.Unity.AttachmentTools.AttachmentRegionExtensions	SetRegion	AD94AC	0	B28874	0	-	-	VENEER_B
NO_MANAGED_METHOD	spine-unity	Spine.Unity.AttachmentTools.AttachmentRegionExtensions	SetRegion	AD94AC	0	B28874	0	-	-	VENEER_B
NO_MANAGED_METHOD	spine-unity	Spine.Unity.AttachmentTools.AttachmentRegionExtensions	SetRegion	AD94AC	0	B28874	0	-	-	VENEER_B
NO_MANAGED_METHOD	spine-unity	Spine.Unity.AttachmentTools.AttachmentRegionExtensions	SetRegion	AD94AC	0	B28874	0	-	-	VENEER_B
NO_MANAGED_METHOD	spine-unity	Spine.Unity.AttachmentTools.AttachmentRegionExtensions	SetRegion	AD94AC	0	B28874	0	-	-	VENEER_B
NO_MANAGED_METHOD	spine-unity	Spine.Unity.AttachmentTools.AttachmentRegionExtensions	ToRegionAttachment	AD94AC	0	B28874	0	-	-	VENEER_B
NO_MANAGED_METHOD	spine-unity	Spine.Unity.AttachmentTools.AttachmentRegionExtensions	ToRegionAttachment	AD94AC	0	B28874	0	-	-	VENEER_B
NO_MANAGED_METHOD	spine-unity	Spine.Unity.AttachmentTools.AttachmentRegionExtensions	ToRegionAttachment	AD94AC	0	B28874	0	-	-	VENEER_B
NO_MANAGED_METHOD	spine-unity	Spine.Unity.AttachmentTools.AttachmentRegionExtensions	ToRegionAttachment	AD94AC	0	B28874	0	-	-	VENEER_B
NO_MANAGED_METHOD	spine-unity	Spine.Unity.AttachmentTools.AttachmentRegionExtensions	ToRegionAttachmentPMAClone	AD94AC	0	B28874	0	-	-	VENEER_B
NO_MANAGED_METHOD	spine-unity	Spine.Unity.AttachmentTools.AttachmentRegionExtensions	ToRegionAttachmentPMAClone	AD94AC	0	B28874	0	-	-	VENEER_B
NO_MANAGED_METHOD	spine-unity	Spine.Unity.AttachmentTools.AttachmentRegionExtensions	ToRegionAttachmentPMAClone	AD94AC	0	B28874	0	-	-	VENEER_B
NO_MANAGED_METHOD	spine-unity	Spine.Unity.AttachmentTools.AttachmentRegionExtensions	ToRegionAttachmentPMAClone	AD94AC	0	B28874	0	-	-	VENEER_B
NO_MANAGED_METHOD	spine-unity	Spine.Unity.AttachmentTools.AttachmentRegionExtensions	ToRegionAttachment	AD94AC	0	B28874	0	-	-	VENEER_B
NO_MANAGED_METHOD	spine-unity	Spine.Unity.AttachmentTools.AttachmentRegionExtensions	ToRegionAttachment	AD94AC	0	B28874	0	-	-	VENEER_B
NO_MANAGED_METHOD	spine-unity	Spine.Unity.AttachmentTools.AttachmentRegionExtensions	ToRegionAttachment	AD94AC	0	B28874	0	-	-	VENEER_B
NO_MANAGED_METHOD	spine-unity	Spine.Unity.AttachmentTools.AttachmentRegionExtensions	ToRegionAttachment	AD94AC	0	B28874	0	-	-	VENEER_B
NO_MANAGED_METHOD	spine-unity	Spine.Unity.AttachmentTools.AttachmentRegionExtensions	ToRegionAttachment	AD94AC	0	B28874	0	-	-	VENEER_B
NO_MANAGED_METHOD	spine-unity	Spine.Unity.AttachmentTools.AttachmentRegionExtensions	ToRegionAttachment	AD94AC	0	B28874	0	-	-	VENEER_B
NO_MANAGED_METHOD	spine-unity	Spine.Unity.AttachmentTools.SkinUtilities	SetAttachment	AD94AC	0	B28874	0	-	-	VENEER_B
NO_MANAGED_METHOD	spine-unity	Spine.Unity.AttachmentTools.SkinUtilities	SetAttachment	AD94AC	0	B28874	0	-	-	VENEER_B
NO_MANAGED_METHOD	spine-unity	Spine.Unity.AttachmentTools.SkinUtilities	SetAttachment	AD94AC	0	B28874	0	-	-	VENEER_B
NO_MANAGED_METHOD	spine-unity	Spine.Unity.AttachmentTools.SkinUtilities	SetAttachment	AD94AC	0	B28874	0	-	-	VENEER_B
NO_MANAGED_METHOD	spine-unity	Spine.Unity.AttachmentTools.SkinUtilities	GetAttachment	AD94AC	0	B28874	0	-	-	VENEER_B
NO_MANAGED_METHOD	spine-unity	Spine.Unity.AttachmentTools.SkinUtilities	GetAttachment	AD94AC	0	B28874	0	-	-	VENEER_B
NO_MANAGED_METHOD	spine-unity	Spine.Unity.AttachmentTools.SkinUtilities	GetAttachment	AD94AC	0	B28874	0	-	-	VENEER_B
NO_MANAGED_METHOD	spine-unity	Spine.Unity.AttachmentTools.SkinUtilities	GetAttachment	AD94AC	0	B28874	0	-	-	VENEER_B
NO_MANAGED_METHOD	spine-unity	Spine.Unity.AttachmentTools.SkinUtilities	RemoveAttachment	AD94AC	0	B28874	0	-	-	VENEER_B
NO_MANAGED_METHOD	spine-unity	Spine.Unity.AttachmentTools.SkinUtilities	RemoveAttachment	AD94AC	0	B28874	0	-	-	VENEER_B
NO_MANAGED_METHOD	spine-unity	Spine.Unity.AttachmentTools.SkinUtilities	RemoveAttachment	AD94AC	0	B28874	0	-	-	VENEER_B
NO_MANAGED_METHOD	spine-unity	Spine.Unity.AttachmentTools.SkinUtilities	RemoveAttachment	AD94AC	0	B28874	0	-	-	VENEER_B
NO_MANAGED_METHOD	DOTween	DG.Tweening.Plugins.FloatPlugin	SetFrom	1854ED0	0	0	0	-	-	PLT_STUB
NO_MANAGED_METHOD	DOTween	DG.Tweening.Plugins.FloatPlugin	SetFrom	1854ED0	0	0	0	-	-	PLT_STUB
NO_MANAGED_METHOD	DOTween	DG.Tweening.Plugins.FloatPlugin	EvaluateAndApply	1854ED0	0	0	0	-	-	PLT_STUB
NO_MANAGED_METHOD	DOTween	DG.Tweening.Plugins.Vector3Plugin	SetFrom	1854ED0	0	0	0	-	-	PLT_STUB
NO_MANAGED_METHOD	DOTween	DG.Tweening.Plugins.Vector3Plugin	SetFrom	1854ED0	0	0	0	-	-	PLT_STUB
NO_MANAGED_METHOD	DOTween	DG.Tweening.Plugins.Vector3Plugin	SetFrom	1854ED0	0	0	0	-	-	PLT_STUB
NO_MANAGED_METHOD	DOTween	DG.Tweening.Plugins.Vector3ArrayPlugin	EvaluateAndApply	1854ED0	0	0	0	-	-	PLT_STUB
NO_MANAGED_METHOD	DOTween	DG.Tweening.Plugins.Vector3ArrayPlugin	EvaluateAndApply	1854ED0	0	0	0	-	-	PLT_STUB
NO_MANAGED_METHOD	DOTween	DG.Tweening.Plugins.Vector3ArrayPlugin	EvaluateAndApply	1854ED0	0	0	0	-	-	PLT_STUB
NO_MANAGED_METHOD	DOTween	DG.Tweening.Plugins.Vector3Plugin	SetFrom	1854ED0	0	0	0	-	-	PLT_STUB
NO_MANAGED_METHOD	DOTween	DG.Tweening.Plugins.Vector3Plugin	SetFrom	1854ED0	0	0	0	-	-	PLT_STUB
NO_MANAGED_METHOD	DOTween	DG.Tweening.Plugins.Vector3Plugin	SetFrom	1854ED0	0	0	0	-	-	PLT_STUB
NO_MANAGED_METHOD	DOTween	DG.Tweening.Plugins.Vector3ArrayPlugin	EvaluateAndApply	1854ED0	0	0	0	-	-	PLT_STUB
NO_MANAGED_METHOD	DOTween	DG.Tweening.Plugins.Vector3ArrayPlugin	EvaluateAndApply	1854ED0	0	0	0	-	-	PLT_STUB
NO_MANAGED_METHOD	DOTween	DG.Tweening.Plugins.Vector3ArrayPlugin	EvaluateAndApply	1854ED0	0	0	0	-	-	PLT_STUB
NO_MANAGED_METHOD	DOTween	DG.Tweening.Plugins.Vector3Plugin	EvaluateAndApply	1854ED0	0	0	0	-	-	PLT_STUB
NO_MANAGED_METHOD	DOTween	DG.Tweening.Plugins.Vector3Plugin	EvaluateAndApply	1854ED0	0	0	0	-	-	PLT_STUB
NO_MANAGED_METHOD	DOTween	DG.Tweening.Plugins.Vector3Plugin	EvaluateAndApply	1854ED0	0	0	0	-	-	PLT_STUB
NO_MANAGED_METHOD	DOTween	DG.Tweening.Plugins.Vector3Plugin	EvaluateAndApply	1854ED0	0	0	0	-	-	PLT_STUB
NO_MANAGED_METHOD	DOTween	DG.Tweening.Plugins.Vector3Plugin	EvaluateAndApply	1854ED0	0	0	0	-	-	PLT_STUB
NO_MANAGED_METHOD	DOTween	DG.Tweening.Plugins.Vector3Plugin	EvaluateAndApply	1854ED0	0	0	0	-	-	PLT_STUB
NO_MANAGED_METHOD	spine-unity	Spine.Unity.AttachmentTools.SkinUtilities	CopyTo	1854DB0	0	0	0	-	-	FUNCTION_PROLOGUE
NO_MANAGED_METHOD	DOTween	DG.Tweening.Plugins.Core.SpecialPluginsUtils	SetPunch	1854E70	0	0	0	-	-	PLT_STUB
NO_MANAGED_METHOD	DOTween	DG.Tweening.Plugins.Core.SpecialPluginsUtils	SetPunch	AD94AC	0	B28874	0	-	-	VENEER_B
NOT_AN_ADDRESS	DOTween	DG.Tweening.Plugins.Core.SpecialPluginsUtils	SetPunch	0	-1	0	0	-	-	-
NO_MANAGED_METHOD	DOTween	DG.Tweening.Plugins.Core.SpecialPluginsUtils	SetPunch	1854E80	0	0	0	-	-	PLT_STUB
NO_MANAGED_METHOD	DOTween	DG.Tweening.Plugins.Core.SpecialPluginsUtils	SetPunch	1854E90	0	0	0	-	-	PLT_STUB
NO_MANAGED_METHOD	DOTween	DG.Tweening.Plugins.Core.SpecialPluginsUtils	SetPunch	1854EA0	0	0	0	-	-	PLT_STUB
NO_MANAGED_METHOD	DOTween	DG.Tweening.Plugins.Core.SpecialPluginsUtils	SetPunch	1854E80	0	0	0	-	-	PLT_STUB
NO_MANAGED_METHOD	DOTween	DG.Tweening.Plugins.Core.SpecialPluginsUtils	SetPunch	BD3CD0	0	0	0	-	-	FUNCTION_PROLOGUE
NO_MANAGED_METHOD	DOTween	DG.Tweening.Plugins.Core.SpecialPluginsUtils	SetPunch	9DACB4	0	0	0	-	-	FUNCTION_PROLOGUE
NO_MANAGED_METHOD	DOTween	DG.Tweening.Plugins.PathPlugin	SetChangeValue	1854F10	0	0	0	-	-	PLT_STUB
NO_MANAGED_METHOD	DOTween	DG.Tweening.Plugins.PathPlugin	SetChangeValue	1854F10	0	0	0	-	-	PLT_STUB
NO_MANAGED_METHOD	DOTween	DG.Tweening.Plugins.Core.PluginsManager	GetDefaultPlugin	B3490C	0	0	0	-	-	FUNCTION_PROLOGUE
NO_MANAGED_METHOD	spine-unity	Spine.Collections.OrderedDictionary`2+KeyCollection	GetEnumerator	1854EB0	0	0	0	-	-	PLT_STUB
NO_MANAGED_METHOD	spine-unity	Spine.Collections.OrderedDictionary`2+KeyCollection	System.Collections.Generic.ICollection<TKey>.Contains	1854EB0	0	0	0	-	-	PLT_STUB
NO_MANAGED_METHOD	spine-unity	Spine.Collections.OrderedDictionary`2+KeyCollection	System.Collections.Generic.ICollection<TKey>.Contains	1854F10	0	0	0	-	-	PLT_STUB
NO_MANAGED_METHOD	spine-unity	Spine.Collections.OrderedDictionary`2+KeyCollection	System.Collections.Generic.ICollection<TKey>.Add	AD94AC	0	B28874	0	-	-	VENEER_B
NO_MANAGED_METHOD	spine-unity	Spine.Collections.OrderedDictionary`2+KeyCollection	System.Collections.Generic.ICollection<TKey>.Add	AD94AC	0	B28874	0	-	-	VENEER_B
NO_MANAGED_METHOD	spine-unity	Spine.Collections.OrderedDictionary`2+KeyCollection	System.Collections.Generic.ICollection<TKey>.Clear	AD94AC	0	B28874	0	-	-	VENEER_B
NO_MANAGED_METHOD	spine-unity	Spine.Collections.OrderedDictionary`2+KeyCollection	System.Collections.Generic.ICollection<TKey>.Clear	AD94AC	0	B28874	0	-	-	VENEER_B
NO_MANAGED_METHOD	DOTween	DG.Tweening.Plugins.Core.PluginsManager	GetCustomPlugin	B3490C	0	0	0	-	-	FUNCTION_PROLOGUE
NO_MANAGED_METHOD	spine-unity	Spine.Collections.OrderedDictionary`2+KeyCollection	System.Collections.Generic.ICollection<TKey>.Remove	AD94AC	0	B28874	0	-	-	VENEER_B
NO_MANAGED_METHOD	spine-unity	Spine.Collections.OrderedDictionary`2+KeyCollection	System.Collections.Generic.ICollection<TKey>.Remove	AD94AC	0	B28874	0	-	-	VENEER_B
NO_MANAGED_METHOD	spine-unity	Spine.Collections.OrderedDictionary`2+ValueCollection	GetEnumerator	1854EB0	0	0	0	-	-	PLT_STUB
NO_MANAGED_METHOD	spine-unity	Spine.Collections.OrderedDictionary`2+ValueCollection	System.Collections.Generic.ICollection<TValue>.Contains	1854EB0	0	0	0	-	-	PLT_STUB
NO_MANAGED_METHOD	spine-unity	Spine.Collections.OrderedDictionary`2+ValueCollection	System.Collections.Generic.ICollection<TValue>.Contains	1854F10	0	0	0	-	-	PLT_STUB
NO_MANAGED_METHOD	spine-unity	Spine.Collections.OrderedDictionary`2+ValueCollection	System.Collections.Generic.ICollection<TValue>.Add	AD94AC	0	B28874	0	-	-	VENEER_B
NO_MANAGED_METHOD	spine-unity	Spine.Collections.OrderedDictionary`2+ValueCollection	System.Collections.Generic.ICollection<TValue>.Add	AD94AC	0	B28874	0	-	-	VENEER_B
NO_MANAGED_METHOD	spine-unity	Spine.Collections.OrderedDictionary`2+ValueCollection	System.Collections.Generic.ICollection<TValue>.Clear	AD94AC	0	B28874	0	-	-	VENEER_B
NO_MANAGED_METHOD	spine-unity	Spine.Collections.OrderedDictionary`2+ValueCollection	System.Collections.Generic.ICollection<TValue>.Clear	AD94AC	0	B28874	0	-	-	VENEER_B
NO_MANAGED_METHOD	spine-unity	Spine.Collections.OrderedDictionary`2+ValueCollection	System.Collections.Generic.ICollection<TValue>.Remove	AD94AC	0	B28874	0	-	-	VENEER_B
NO_MANAGED_METHOD	spine-unity	Spine.Collections.OrderedDictionary`2+ValueCollection	System.Collections.Generic.ICollection<TValue>.Remove	AD94AC	0	B28874	0	-	-	VENEER_B
NO_MANAGED_METHOD	spine-unity	Spine.Collections.OrderedDictionary`2+<GetEnumerator>d__34	.ctor	AC7A4C	0	0	0	-	-	FUNCTION_PROLOGUE
NO_MANAGED_METHOD	spine-unity	Spine.Collections.OrderedDictionary`2+<GetEnumerator>d__34	.ctor	AD94BC	0	B1BAE8	0	-	-	VENEER_B
NO_MANAGED_METHOD	DOTween	DG.Tweening.Plugins.PathPlugin	EvaluateAndApply	1854F10	0	0	0	-	-	PLT_STUB
NO_MANAGED_METHOD	spine-unity	Spine.Collections.OrderedDictionary`2+<GetEnumerator>d__34	MoveNext	1854F20	0	0	0	-	-	PLT_STUB
NO_MANAGED_METHOD	spine-unity	Spine.Collections.OrderedDictionary`2+<GetEnumerator>d__34	MoveNext	1854F20	0	0	0	-	-	PLT_STUB
NO_MANAGED_METHOD	spine-unity	Spine.Collections.OrderedDictionary`2+<GetEnumerator>d__34	MoveNext	AD94BC	0	B1BAE8	0	-	-	VENEER_B
NO_MANAGED_METHOD	spine-unity	Spine.Collections.OrderedDictionary`2+<GetEnumerator>d__34	MoveNext	AC7A4C	0	0	0	-	-	FUNCTION_PROLOGUE
NO_MANAGED_METHOD	spine-unity	Spine.Collections.OrderedDictionary`2+<GetEnumerator>d__34	MoveNext	AD94BC	0	B1BAE8	0	-	-	VENEER_B
NO_MANAGED_METHOD	spine-unity	Spine.Collections.OrderedDictionary`2+<GetEnumerator>d__34	MoveNext	AC7A4C	0	0	0	-	-	FUNCTION_PROLOGUE
NO_MANAGED_METHOD	spine-unity	Spine.Collections.OrderedDictionary`2+<GetEnumerator>d__34	MoveNext	AD94BC	0	B1BAE8	0	-	-	VENEER_B
NO_MANAGED_METHOD	spine-unity	Spine.Collections.OrderedDictionary`2+<GetEnumerator>d__34	MoveNext	AC7A4C	0	0	0	-	-	FUNCTION_PROLOGUE
NO_MANAGED_METHOD	spine-unity	Spine.Collections.OrderedDictionary`2+<GetEnumerator>d__34	MoveNext	AD94BC	0	B1BAE8	0	-	-	VENEER_B
NO_MANAGED_METHOD	spine-unity	Spine.Collections.OrderedDictionary`2+<GetEnumerator>d__34	MoveNext	AD94BC	0	B1BAE8	0	-	-	VENEER_B
NO_MANAGED_METHOD	spine-unity	Spine.Collections.OrderedDictionary`2+<GetEnumerator>d__34	MoveNext	AD94BC	0	B1BAE8	0	-	-	VENEER_B
NO_MANAGED_METHOD	spine-unity	Spine.Collections.OrderedDictionary`2+<GetEnumerator>d__34	MoveNext	AD94BC	0	B1BAE8	0	-	-	VENEER_B
NO_MANAGED_METHOD	spine-unity	Spine.Collections.OrderedDictionary`2+<GetEnumerator>d__34	MoveNext	1854F10	0	0	0	-	-	PLT_STUB
NO_MANAGED_METHOD	spine-unity	Spine.Collections.OrderedDictionary`2+<GetEnumerator>d__34	MoveNext	AD94BC	0	B1BAE8	0	-	-	VENEER_B
NO_MANAGED_METHOD	spine-unity	Spine.Collections.OrderedDictionary`2+<GetEnumerator>d__34	MoveNext	1854F10	0	0	0	-	-	PLT_STUB
NO_MANAGED_METHOD	spine-unity	Spine.Collections.OrderedDictionary`2+<GetEnumerator>d__34	MoveNext	1854F10	0	0	0	-	-	PLT_STUB
NO_MANAGED_METHOD	spine-unity	Spine.Collections.OrderedDictionary`2+<GetEnumerator>d__34	MoveNext	1854F10	0	0	0	-	-	PLT_STUB
NO_MANAGED_METHOD	spine-unity	Spine.Collections.OrderedDictionary`2+<GetEnumerator>d__34	MoveNext	1854F20	0	0	0	-	-	PLT_STUB
NO_MANAGED_METHOD	spine-unity	Spine.Collections.OrderedDictionary`2+<GetEnumerator>d__34	MoveNext	1854F10	0	0	0	-	-	PLT_STUB
NO_MANAGED_METHOD	spine-unity	Spine.Collections.OrderedDictionary`2+<GetEnumerator>d__34	MoveNext	1854F10	0	0	0	-	-	PLT_STUB
NO_MANAGED_METHOD	spine-unity	Spine.Collections.OrderedDictionary`2+<GetEnumerator>d__34	MoveNext	AD94AC	0	B28874	0	-	-	VENEER_B
NO_MANAGED_METHOD	spine-unity	Spine.Collections.OrderedDictionary`2+<GetEnumerator>d__34	MoveNext	AD94AC	0	B28874	0	-	-	VENEER_B
NO_MANAGED_METHOD	spine-unity	Spine.Collections.OrderedDictionary`2+<GetEnumerator>d__34	MoveNext	1854EB0	0	0	0	-	-	PLT_STUB
NO_MANAGED_METHOD	spine-unity	Spine.Collections.OrderedDictionary`2+<GetEnumerator>d__34	MoveNext	AC7A4C	0	0	0	-	-	FUNCTION_PROLOGUE
NO_MANAGED_METHOD	spine-unity	Spine.Collections.OrderedDictionary`2+<GetEnumerator>d__34	MoveNext	AD94BC	0	B1BAE8	0	-	-	VENEER_B
NO_MANAGED_METHOD	spine-unity	Spine.Collections.OrderedDictionary`2+<GetEnumerator>d__34	MoveNext	AD94BC	0	B1BAE8	0	-	-	VENEER_B
NO_MANAGED_METHOD	spine-unity	Spine.Collections.OrderedDictionary`2+<GetEnumerator>d__34	MoveNext	AD94C0	0	0	0	-	-	FUNCTION_PROLOGUE
NO_MANAGED_METHOD	spine-unity	Spine.Collections.OrderedDictionary`2+<GetEnumerator>d__34	MoveNext	AC7A4C	0	0	0	-	-	FUNCTION_PROLOGUE
NO_MANAGED_METHOD	spine-unity	Spine.Collections.OrderedDictionary`2+<GetEnumerator>d__34	System.Collections.Generic.IEnumerator<System.Collections.Generic.KeyValuePair<TKey,TValue>>.get_Current	AD94BC	0	B1BAE8	0	-	-	VENEER_B
NO_MANAGED_METHOD	spine-unity	Spine.Collections.OrderedDictionary`2+<GetEnumerator>d__34	System.Collections.Generic.IEnumerator<System.Collections.Generic.KeyValuePair<TKey,TValue>>.get_Current	1854F10	0	0	0	-	-	PLT_STUB
NO_MANAGED_METHOD	spine-unity	Spine.Collections.OrderedDictionary`2+<GetEnumerator>d__34	System.Collections.Generic.IEnumerator<System.Collections.Generic.KeyValuePair<TKey,TValue>>.get_Current	1854F10	0	0	0	-	-	PLT_STUB
NO_MANAGED_METHOD	spine-unity	Spine.Collections.OrderedDictionary`2+<GetEnumerator>d__34	System.Collections.Generic.IEnumerator<System.Collections.Generic.KeyValuePair<TKey,TValue>>.get_Current	1854EB0	0	0	0	-	-	PLT_STUB
NO_MANAGED_METHOD	spine-unity	Spine.Collections.OrderedDictionary`2+<GetEnumerator>d__34	System.Collections.IEnumerator.Reset	AD94AC	0	B28874	0	-	-	VENEER_B
NO_MANAGED_METHOD	DOTween	DG.Tweening.Plugins.Core.PathCore.ControlPoint	ToString	BEEA54	0	0	0	-	-	FUNCTION_PROLOGUE
NO_MANAGED_METHOD	DOTween	DG.Tweening.Plugins.Core.PathCore.ControlPoint	ToString	BEEA54	0	0	0	-	-	FUNCTION_PROLOGUE
NO_MANAGED_METHOD	spine-unity	Spine.Collections.OrderedDictionary`2+<GetEnumerator>d__34	System.Collections.IEnumerator.get_Current	AD94BC	0	B1BAE8	0	-	-	VENEER_B
NO_MANAGED_METHOD	spine-unity	Spine.Collections.OrderedDictionary`2+<GetEnumerator>d__34	System.Collections.IEnumerator.get_Current	1854F10	0	0	0	-	-	PLT_STUB
NO_MANAGED_METHOD	spine-unity	Spine.Collections.OrderedDictionary`2+<GetEnumerator>d__34	System.Collections.IEnumerator.get_Current	1854EB0	0	0	0	-	-	PLT_STUB
NO_MANAGED_METHOD	spine-unity	Spine.Collections.OrderedDictionary`2	Add	1854EB0	0	0	0	-	-	PLT_STUB
NO_MANAGED_METHOD	spine-unity	Spine.Collections.OrderedDictionary`2	Add	1854F10	0	0	0	-	-	PLT_STUB
NO_MANAGED_METHOD	spine-unity	Spine.Collections.OrderedDictionary`2	Add	1854F10	0	0	0	-	-	PLT_STUB
NO_MANAGED_METHOD	spine-unity	Spine.Collections.OrderedDictionary`2	Add	1854F10	0	0	0	-	-	PLT_STUB
NO_MANAGED_METHOD	spine-unity	Spine.Collections.OrderedDictionary`2	Insert	1854F20	0	0	0	-	-	PLT_STUB
NO_MANAGED_METHOD	spine-unity	Spine.Collections.OrderedDictionary`2	Insert	1854F10	0	0	0	-	-	PLT_STUB
NO_MANAGED_METHOD	spine-unity	Spine.Collections.OrderedDictionary`2	Insert	1854F10	0	0	0	-	-	PLT_STUB
NO_MANAGED_METHOD	spine-unity	Spine.Collections.OrderedDictionary`2	Insert	1854F10	0	0	0	-	-	PLT_STUB
NO_MANAGED_METHOD	spine-unity	Spine.Collections.OrderedDictionary`2	Insert	AD94AC	0	B28874	0	-	-	VENEER_B
NOT_AN_ADDRESS	spine-unity	Spine.Collections.OrderedDictionary`2	Insert	0	-1	0	0	-	-	-
NO_MANAGED_METHOD	spine-unity	Spine.Collections.OrderedDictionary`2	Insert	AD94AC	0	B28874	0	-	-	VENEER_B
NO_MANAGED_METHOD	spine-unity	Spine.Collections.OrderedDictionary`2	Insert	AD94AC	0	B28874	0	-	-	VENEER_B
NO_MANAGED_METHOD	spine-unity	Spine.Collections.OrderedDictionary`2	Insert	AD94AC	0	B28874	0	-	-	VENEER_B
NO_MANAGED_METHOD	spine-unity	Spine.Collections.OrderedDictionary`2	Insert	1854EB0	0	0	0	-	-	PLT_STUB
NO_MANAGED_METHOD	spine-unity	Spine.Collections.OrderedDictionary`2	Insert	1854F10	0	0	0	-	-	PLT_STUB
NO_MANAGED_METHOD	spine-unity	Spine.Collections.OrderedDictionary`2	Insert	1854F10	0	0	0	-	-	PLT_STUB
NO_MANAGED_METHOD	spine-unity	Spine.Collections.OrderedDictionary`2	Insert	1854F10	0	0	0	-	-	PLT_STUB
NO_MANAGED_METHOD	spine-unity	Spine.Collections.OrderedDictionary`2	ContainsKey	1854EB0	0	0	0	-	-	PLT_STUB
NO_MANAGED_METHOD	spine-unity	Spine.Collections.OrderedDictionary`2	ContainsKey	1854F10	0	0	0	-	-	PLT_STUB
NO_MANAGED_METHOD	DOTween	DG.Tweening.Core.DOTweenComponent+<WaitForCompletion>d__17	System.Collections.IEnumerator.Reset	AD94AC	0	B28874	0	-	-	VENEER_B
NO_MANAGED_METHOD	DOTween	DG.Tweening.Core.DOTweenComponent+<WaitForCompletion>d__17	System.Collections.IEnumerator.Reset	AD94AC	0	B28874	0	-	-	VENEER_B
NO_MANAGED_METHOD	DOTween	DG.Tweening.Core.DOTweenComponent+<WaitForElapsedLoops>d__20	System.Collections.IEnumerator.Reset	AD94AC	0	B28874	0	-	-	VENEER_B
NO_MANAGED_METHOD	DOTween	DG.Tweening.Core.DOTweenComponent+<WaitForElapsedLoops>d__20	System.Collections.IEnumerator.Reset	AD94AC	0	B28874	0	-	-	VENEER_B
NOT_AN_ADDRESS	DOTween	DG.Tweening.Plugins.Core.PathCore.LinearDecoder	SetTimeToLengthTables	0	-1	0	0	-	-	-
NO_MANAGED_METHOD	DOTween	DG.Tweening.Core.DOTweenComponent+<WaitForKill>d__19	System.Collections.IEnumerator.Reset	AD94AC	0	B28874	0	-	-	VENEER_B
NO_MANAGED_METHOD	DOTween	DG.Tweening.Core.DOTweenComponent+<WaitForKill>d__19	System.Collections.IEnumerator.Reset	AD94AC	0	B28874	0	-	-	VENEER_B
NO_MANAGED_METHOD	DOTween	DG.Tweening.Core.DOTweenComponent+<WaitForPosition>d__21	System.Collections.IEnumerator.Reset	AD94AC	0	B28874	0	-	-	VENEER_B
NO_MANAGED_METHOD	DOTween	DG.Tweening.Core.DOTweenComponent+<WaitForPosition>d__21	System.Collections.IEnumerator.Reset	AD94AC	0	B28874	0	-	-	VENEER_B
NO_MANAGED_METHOD	DOTween	DG.Tweening.Core.DOTweenComponent+<WaitForRewind>d__18	System.Collections.IEnumerator.Reset	AD94AC	0	B28874	0	-	-	VENEER_B
NO_MANAGED_METHOD	DOTween	DG.Tweening.Core.DOTweenComponent+<WaitForRewind>d__18	System.Collections.IEnumerator.Reset	AD94AC	0	B28874	0	-	-	VENEER_B
NO_MANAGED_METHOD	DOTween	DG.Tweening.Core.DOTweenComponent+<WaitForStart>d__22	System.Collections.IEnumerator.Reset	AD94AC	0	B28874	0	-	-	VENEER_B
NO_MANAGED_METHOD	DOTween	DG.Tweening.Core.DOTweenComponent+<WaitForStart>d__22	System.Collections.IEnumerator.Reset	AD94AC	0	B28874	0	-	-	VENEER_B
NO_MANAGED_METHOD	DOTween	DG.Tweening.Plugins.PathPlugin	SetOrientation	1854F10	0	0	0	-	-	PLT_STUB
NO_MANAGED_METHOD	DOTween	DG.Tweening.Core.DOTweenUtils	Vector3FromAngle	1854F30	0	0	0	-	-	PLT_STUB
NO_MANAGED_METHOD	DOTween	DG.Tweening.Core.DOTweenUtils	Angle2D	1854F40	0	0	0	-	-	PLT_STUB
NO_MANAGED_METHOD	DOTween	DG.Tweening.Core.DOTweenUtils	GetPointOnCircle	1854F30	0	0	0	-	-	PLT_STUB
NO_MANAGED_METHOD	DOTween	DG.Tweening.Core.DOTweenUtils	GetLooseScriptType	AD98B4	0	0	0	-	-	FUNCTION_PROLOGUE
NO_MANAGED_METHOD	DOTween	DG.Tweening.Core.DOTweenUtils	GetLooseScriptType	AD98B4	0	0	0	-	-	FUNCTION_PROLOGUE
NO_MANAGED_METHOD	DOTween	DG.Tweening.Plugins.IntPlugin	EvaluateAndApply	1854ED0	0	0	0	-	-	PLT_STUB
NOT_AN_ADDRESS	DOTween	DG.Tweening.Core.TweenerCore`3	ChangeStartValue	0	-1	0	0	-	-	-
SHARED_2	DOTween	DG.Tweening.Core.TweenerCore`3	ChangeStartValue	CC13E0	2	0	0	-	-	FUNCTION_PROLOGUE
NOT_AN_ADDRESS	DOTween	DG.Tweening.Core.TweenerCore`3	ChangeStartValue	0	-1	0	0	-	-	-
NOT_AN_ADDRESS	DOTween	DG.Tweening.Core.TweenerCore`3	ChangeStartValue	0	-1	0	0	-	-	-
SHARED_2	DOTween	DG.Tweening.Core.TweenerCore`3	ChangeStartValue	CC13E0	2	0	0	-	-	FUNCTION_PROLOGUE
NOT_AN_ADDRESS	DOTween	DG.Tweening.Core.TweenerCore`3	ChangeEndValue	0	-1	0	0	-	-	-
SHARED_2	DOTween	DG.Tweening.Core.TweenerCore`3	ChangeEndValue	CBD81C	2	0	0	-	-	FUNCTION_PROLOGUE
NOT_AN_ADDRESS	DOTween	DG.Tweening.Core.TweenerCore`3	ChangeEndValue	0	-1	0	0	-	-	-
NOT_AN_ADDRESS	DOTween	DG.Tweening.Core.TweenerCore`3	ChangeEndValue	0	-1	0	0	-	-	-
SHARED_2	DOTween	DG.Tweening.Core.TweenerCore`3	ChangeEndValue	CBD81C	2	0	0	-	-	FUNCTION_PROLOGUE
NO_MANAGED_METHOD	spine-unity	Spine.Unity.MeshGenerator	FillMeshLocal	BF7EB8	0	0	0	-	-	FUNCTION_PROLOGUE
NO_MANAGED_METHOD	DOTween	DG.Tweening.Core.DOTweenExternalCommand	add_SetOrientationOnPath	AF4130	0	0	0	-	-	FUNCTION_PROLOGUE
NO_MANAGED_METHOD	DOTween	DG.Tweening.Core.DOTweenExternalCommand	remove_SetOrientationOnPath	AF4130	0	0	0	-	-	FUNCTION_PROLOGUE
NO_MANAGED_METHOD	DOTween	DG.Tweening.Core.DOTweenExternalCommand	Dispatch_SetOrientationOnPath	1854F10	0	0	0	-	-	PLT_STUB
NO_MANAGED_METHOD	DOTween	DG.Tweening.Core.DOTweenExternalCommand	Dispatch_SetOrientationOnPath	1854F10	0	0	0	-	-	PLT_STUB
NOT_AN_ADDRESS	DOTween	DG.Tweening.Core.TweenerCore`3	ChangeValues	0	-1	0	0	-	-	-
NOT_AN_ADDRESS	DOTween	DG.Tweening.Core.TweenerCore`3	ChangeValues	0	-1	0	0	-	-	-
SHARED_2	DOTween	DG.Tweening.Core.TweenerCore`3	ChangeValues	CC2628	2	0	0	-	-	FUNCTION_PROLOGUE
NOT_AN_ADDRESS	DOTween	DG.Tweening.Core.TweenerCore`3	ChangeValues	0	-1	0	0	-	-	-
NOT_AN_ADDRESS	DOTween	DG.Tweening.Core.TweenerCore`3	ChangeValues	0	-1	0	0	-	-	-
NOT_AN_ADDRESS	DOTween	DG.Tweening.Core.TweenerCore`3	ChangeValues	0	-1	0	0	-	-	-
NOT_AN_ADDRESS	DOTween	DG.Tweening.Core.TweenerCore`3	ChangeValues	0	-1	0	0	-	-	-
SHARED_2	DOTween	DG.Tweening.Core.TweenerCore`3	ChangeValues	CC2628	2	0	0	-	-	FUNCTION_PROLOGUE
SHARED_2	DOTween	DG.Tweening.Core.TweenerCore`3	ChangeStartValue	CC13E0	2	0	0	-	-	FUNCTION_PROLOGUE
SHARED_2	DOTween	DG.Tweening.Core.TweenerCore`3	ChangeEndValue	11CD3E8	2	0	0	-	-	FUNCTION_PROLOGUE
SHARED_2	DOTween	DG.Tweening.Core.TweenerCore`3	ChangeEndValue	CBD81C	2	0	0	-	-	FUNCTION_PROLOGUE
NO_MANAGED_METHOD	DOTween	DG.Tweening.Core.TweenManager	GetTweener	B3490C	0	0	0	-	-	FUNCTION_PROLOGUE
SHARED_2	DOTween	DG.Tweening.Core.TweenerCore`3	ChangeValues	CC2628	2	0	0	-	-	FUNCTION_PROLOGUE
NO_MANAGED_METHOD	DOTween	DG.Tweening.Core.TweenerCore`3	Validate	1854E70	0	0	0	-	-	PLT_STUB
NO_MANAGED_METHOD	DOTween	DG.Tweening.Core.TweenerCore`3	Validate	AD94AC	0	B28874	0	-	-	VENEER_B
NOT_AN_ADDRESS	DOTween	DG.Tweening.Core.TweenerCore`3	Validate	0	-1	0	0	-	-	-
NO_MANAGED_METHOD	DOTween	DG.Tweening.Core.TweenerCore`3	Validate	1854E80	0	0	0	-	-	PLT_STUB
NO_MANAGED_METHOD	DOTween	DG.Tweening.Core.TweenerCore`3	Validate	1854E90	0	0	0	-	-	PLT_STUB
NO_MANAGED_METHOD	DOTween	DG.Tweening.Core.TweenerCore`3	Validate	1854EA0	0	0	0	-	-	PLT_STUB
NO_MANAGED_METHOD	DOTween	DG.Tweening.Core.TweenerCore`3	Validate	1854E80	0	0	0	-	-	PLT_STUB
NO_MANAGED_METHOD	DOTween	DG.Tweening.Core.TweenerCore`3	Validate	BD3CD0	0	0	0	-	-	FUNCTION_PROLOGUE
NO_MANAGED_METHOD	DOTween	DG.Tweening.Core.TweenerCore`3	Validate	9DACB4	0	0	0	-	-	FUNCTION_PROLOGUE
NO_MANAGED_METHOD	DOTween	DG.Tweening.Core.TweenManager	DespawnAll	1854F20	0	0	0	-	-	PLT_STUB
NO_MANAGED_METHOD	spine-unity	Spine.Unity.SkeletonRendererInstruction	SetWithSubset	1854EB0	0	0	0	-	-	PLT_STUB
NO_MANAGED_METHOD	DOTween	DG.Tweening.Core.TweenerCore`3	ApplyTween	1854E70	0	0	0	-	-	PLT_STUB
NO_MANAGED_METHOD	DOTween	DG.Tweening.Core.TweenerCore`3	ApplyTween	AD94AC	0	B28874	0	-	-	VENEER_B
NOT_AN_ADDRESS	DOTween	DG.Tweening.Core.TweenerCore`3	ApplyTween	0	-1	0	0	-	-	-
NO_MANAGED_METHOD	DOTween	DG.Tweening.Core.TweenerCore`3	ApplyTween	1854E80	0	0	0	-	-	PLT_STUB
NO_MANAGED_METHOD	DOTween	DG.Tweening.Core.TweenerCore`3	ApplyTween	AD94AC	0	B28874	0	-	-	VENEER_B
NO_MANAGED_METHOD	DOTween	DG.Tweening.Core.TweenerCore`3	ApplyTween	AD94AC	0	B28874	0	-	-	VENEER_B
NO_MANAGED_METHOD	DOTween	DG.Tweening.Core.TweenerCore`3	ApplyTween	AD94AC	0	B28874	0	-	-	VENEER_B
NO_MANAGED_METHOD	DOTween	DG.Tweening.Core.TweenerCore`3	ApplyTween	1854E90	0	0	0	-	-	PLT_STUB
NO_MANAGED_METHOD	DOTween	DG.Tweening.Core.TweenerCore`3	ApplyTween	1854EA0	0	0	0	-	-	PLT_STUB
NO_MANAGED_METHOD	DOTween	DG.Tweening.Core.TweenerCore`3	ApplyTween	1854E80	0	0	0	-	-	PLT_STUB
NO_MANAGED_METHOD	DOTween	DG.Tweening.Core.TweenerCore`3	ApplyTween	BD3CD0	0	0	0	-	-	FUNCTION_PROLOGUE
NO_MANAGED_METHOD	DOTween	DG.Tweening.Core.TweenerCore`3	ApplyTween	9DACB4	0	0	0	-	-	FUNCTION_PROLOGUE
NO_MANAGED_METHOD	DOTween	DG.Tweening.Plugins.Core.PathCore.Path	Draw	1854F10	0	0	0	-	-	PLT_STUB
NO_MANAGED_METHOD	DOTween	DG.Tweening.Plugins.Core.PathCore.Path	Draw	1854F10	0	0	0	-	-	PLT_STUB
NO_MANAGED_METHOD	DOTween	DG.Tweening.Plugins.Core.PathCore.Path	Draw	1854F10	0	0	0	-	-	PLT_STUB
NO_MANAGED_METHOD	DOTween	DG.Tweening.Core.TweenManager	PurgeAll	1854F20	0	0	0	-	-	PLT_STUB
NO_MANAGED_METHOD	DOTween	DG.Tweening.Plugins.Core.PathCore.Path	Draw	1854F10	0	0	0	-	-	PLT_STUB
NO_MANAGED_METHOD	DOTween	DG.Tweening.Plugins.Core.PathCore.Path	Draw	1854F10	0	0	0	-	-	PLT_STUB
NO_MANAGED_METHOD	DOTween	DG.Tweening.Core.Easing.EaseManager+<>c	<ToEaseFunction>b__4_1	1854F50	0	0	0	-	-	PLT_STUB
NO_MANAGED_METHOD	DOTween	DG.Tweening.Core.Easing.EaseManager+<>c	<ToEaseFunction>b__4_2	1854F60	0	0	0	-	-	PLT_STUB
NO_MANAGED_METHOD	DOTween	DG.Tweening.Core.TweenManager	PurgePools	1854F20	0	0	0	-	-	PLT_STUB
NO_MANAGED_METHOD	DOTween	DG.Tweening.Core.Easing.EaseManager+<>c	<ToEaseFunction>b__4_3	1854F50	0	0	0	-	-	PLT_STUB
NO_MANAGED_METHOD	DOTween	DG.Tweening.Core.Easing.EaseManager+<>c	<ToEaseFunction>b__4_22	1854F70	0	0	0	-	-	PLT_STUB
NO_MANAGED_METHOD	DOTween	DG.Tweening.Core.Easing.EaseManager+<>c	<ToEaseFunction>b__4_22	1854F60	0	0	0	-	-	PLT_STUB
SHARED_2	spine-unity	Spine.Unity.BlendModeMaterialsAsset+AtlasMaterialCache	GetAtlasPageWithMaterial	133C218	2	0	0	-	-	FUNCTION_PROLOGUE
SHARED_2	spine-unity	Spine.Unity.BlendModeMaterialsAsset+AtlasMaterialCache	GetAtlasPageWithMaterial	133AAF0	2	0	0	-	-	FUNCTION_PROLOGUE
NO_MANAGED_METHOD	spine-unity	Spine.Unity.BlendModeMaterialsAsset+AtlasMaterialCache	GetAtlasPageWithMaterial	AD94AC	0	B28874	0	-	-	VENEER_B
NO_MANAGED_METHOD	spine-unity	Spine.Unity.BlendModeMaterialsAsset+AtlasMaterialCache	GetAtlasPageWithMaterial	AD94AC	0	B28874	0	-	-	VENEER_B
NO_MANAGED_METHOD	spine-unity	Spine.Unity.BlendModeMaterialsAsset+AtlasMaterialCache	GetAtlasPageWithMaterial	AD94AC	0	B28874	0	-	-	VENEER_B
NO_MANAGED_METHOD	DOTween	DG.Tweening.Core.Easing.EaseManager+<>c	<ToEaseFunction>b__4_23	1854F70	0	0	0	-	-	PLT_STUB
NO_MANAGED_METHOD	DOTween	DG.Tweening.Core.Easing.EaseManager+<>c	<ToEaseFunction>b__4_23	1854F60	0	0	0	-	-	PLT_STUB
NO_MANAGED_METHOD	DOTween	DG.Tweening.Core.Easing.EaseManager+<>c	<ToEaseFunction>b__4_24	1854F70	0	0	0	-	-	PLT_STUB
NO_MANAGED_METHOD	DOTween	DG.Tweening.Core.Easing.EaseManager+<>c	<ToEaseFunction>b__4_24	1854F60	0	0	0	-	-	PLT_STUB
NO_MANAGED_METHOD	DOTween	DG.Tweening.Core.Easing.EaseManager+<>c	<ToEaseFunction>b__4_24	1854F60	0	0	0	-	-	PLT_STUB
NOT_AN_ADDRESS	DOTween	DG.Tweening.Core.TweenManager	FilteredOperation	0	-1	0	0	-	-	-
NO_MANAGED_METHOD	spine-unity	Spine.Unity.BlendModeMaterialsAsset	ApplyMaterials	B349B4	0	0	0	-	-	FUNCTION_PROLOGUE
NO_MANAGED_METHOD	spine-unity	Spine.Unity.BlendModeMaterialsAsset	ApplyMaterials	AD94AC	0	B28874	0	-	-	VENEER_B
NO_MANAGED_METHOD	spine-unity	Spine.Unity.BlendModeMaterialsAsset	ApplyMaterials	AD94AC	0	B28874	0	-	-	VENEER_B
NO_MANAGED_METHOD	spine-unity	Spine.Unity.BlendModeMaterialsAsset	ApplyMaterials	AD94AC	0	B28874	0	-	-	VENEER_B
NO_MANAGED_METHOD	spine-unity	Spine.Unity.BlendModeMaterialsAsset	ApplyMaterials	1854E70	0	0	0	-	-	PLT_STUB
NO_MANAGED_METHOD	spine-unity	Spine.Unity.BlendModeMaterialsAsset	ApplyMaterials	1854E80	0	0	0	-	-	PLT_STUB
NO_MANAGED_METHOD	spine-unity	Spine.Unity.BlendModeMaterialsAsset	ApplyMaterials	B349B4	0	0	0	-	-	FUNCTION_PROLOGUE
NO_MANAGED_METHOD	spine-unity	Spine.Unity.BlendModeMaterialsAsset	ApplyMaterials	BD3CD0	0	0	0	-	-	FUNCTION_PROLOGUE
NO_MANAGED_METHOD	spine-unity	Spine.Unity.BlendModeMaterialsAsset	ApplyMaterials	9DACB4	0	0	0	-	-	FUNCTION_PROLOGUE
NOT_AN_ADDRESS	DOTween	DG.Tweening.Core.TweenManager	DoGetTweensById	0	-1	0	0	-	-	-
NO_MANAGED_METHOD	spine-unity	Spine.Unity.SpineAttachment+Hierarchy	.ctor	AD94AC	0	B28874	0	-	-	VENEER_B
NO_MANAGED_METHOD	spine-unity	Spine.Unity.SpineAttachment+Hierarchy	.ctor	AD94AC	0	B28874	0	-	-	VENEER_B
NO_MANAGED_METHOD	spine-unity	Spine.Unity.SpineAttachment+Hierarchy	.ctor	AD94AC	0	B28874	0	-	-	VENEER_B
NO_MANAGED_METHOD	spine-unity	Spine.Unity.SpineAttachment+Hierarchy	.ctor	AD94AC	0	B28874	0	-	-	VENEER_B
NO_MANAGED_METHOD	DOTween	DG.Tweening.Plugins.RectOffsetPlugin	EvaluateAndApply	1854ED0	0	0	0	-	-	PLT_STUB
NO_MANAGED_METHOD	DOTween	DG.Tweening.Plugins.RectOffsetPlugin	EvaluateAndApply	1854ED0	0	0	0	-	-	PLT_STUB
NO_MANAGED_METHOD	DOTween	DG.Tweening.Plugins.RectOffsetPlugin	EvaluateAndApply	1854ED0	0	0	0	-	-	PLT_STUB
NO_MANAGED_METHOD	DOTween	DG.Tweening.Plugins.RectOffsetPlugin	EvaluateAndApply	1854ED0	0	0	0	-	-	PLT_STUB
NO_MANAGED_METHOD	spine-unity	Spine.Unity.SkeletonExtensions	GetQuaternion	1854F00	0	0	0	-	-	PLT_STUB
NO_MANAGED_METHOD	spine-unity	Spine.Unity.SkeletonExtensions	GetQuaternion	1854F30	0	0	0	-	-	PLT_STUB
NO_MANAGED_METHOD	spine-unity	Spine.Unity.SkeletonExtensions	GetLocalQuaternion	1854F30	0	0	0	-	-	PLT_STUB
NO_MANAGED_METHOD	ACTk.Runtime	CodeStage.AntiCheat.ObscuredTypes.ObscuredBool	Encrypt	AD94AC	0	B28874	0	-	-	VENEER_B
NO_MANAGED_METHOD	ACTk.Runtime	CodeStage.AntiCheat.ObscuredTypes.ObscuredBool	Encrypt	AD94AC	0	B28874	0	-	-	VENEER_B
NO_MANAGED_METHOD	ACTk.Runtime	CodeStage.AntiCheat.ObscuredTypes.ObscuredBool	Decrypt	AD94AC	0	B28874	0	-	-	VENEER_B
NO_MANAGED_METHOD	ACTk.Runtime	CodeStage.AntiCheat.ObscuredTypes.ObscuredBool	Decrypt	AD94AC	0	B28874	0	-	-	VENEER_B
NO_MANAGED_METHOD	ACTk.Runtime	CodeStage.AntiCheat.ObscuredTypes.ObscuredBool	FromEncrypted	AD94AC	0	B28874	0	-	-	VENEER_B
NO_MANAGED_METHOD	ACTk.Runtime	CodeStage.AntiCheat.ObscuredTypes.ObscuredBool	FromEncrypted	AD94AC	0	B28874	0	-	-	VENEER_B
NO_MANAGED_METHOD	ACTk.Runtime	CodeStage.AntiCheat.ObscuredTypes.ObscuredBool	GetEncrypted	AD94AC	0	B28874	0	-	-	VENEER_B
NO_MANAGED_METHOD	ACTk.Runtime	CodeStage.AntiCheat.ObscuredTypes.ObscuredBool	GetEncrypted	AD94AC	0	B28874	0	-	-	VENEER_B
NO_MANAGED_METHOD	DOTween	DG.Tweening.Plugins.RectPlugin	SetFrom	1854ED0	0	0	0	-	-	PLT_STUB
NO_MANAGED_METHOD	DOTween	DG.Tweening.Plugins.RectPlugin	SetFrom	1854ED0	0	0	0	-	-	PLT_STUB
NO_MANAGED_METHOD	DOTween	DG.Tweening.Plugins.RectPlugin	SetFrom	1854ED0	0	0	0	-	-	PLT_STUB
NO_MANAGED_METHOD	DOTween	DG.Tweening.Plugins.RectPlugin	SetFrom	1854ED0	0	0	0	-	-	PLT_STUB
NO_MANAGED_METHOD	ACTk.Runtime	CodeStage.AntiCheat.Storage.ObscuredPrefs	add_OnAlterationDetected	AF4130	0	0	0	-	-	FUNCTION_PROLOGUE
NO_MANAGED_METHOD	spine-unity	Spine.Unity.SkeletonExtensions	GetLocalVertices	AD94AC	0	B28874	0	-	-	VENEER_B
NOT_AN_ADDRESS	spine-unity	Spine.Unity.SkeletonExtensions	GetLocalVertices	0	-1	0	0	-	-	-
NO_MANAGED_METHOD	spine-unity	Spine.Unity.SkeletonExtensions	GetLocalVertices	AD94AC	0	B28874	0	-	-	VENEER_B
NO_MANAGED_METHOD	spine-unity	Spine.Unity.SkeletonExtensions	GetLocalVertices	AD94AC	0	B28874	0	-	-	VENEER_B
NO_MANAGED_METHOD	spine-unity	Spine.Unity.SkeletonExtensions	GetLocalVertices	AD94AC	0	B28874	0	-	-	VENEER_B
NO_MANAGED_METHOD	spine-unity	Spine.Unity.SkeletonExtensions	GetLocalVertices	AD94AC	0	B28874	0	-	-	VENEER_B
NO_MANAGED_METHOD	ACTk.Runtime	CodeStage.AntiCheat.Storage.ObscuredPrefs	remove_OnAlterationDetected	AF4130	0	0	0	-	-	FUNCTION_PROLOGUE
NO_MANAGED_METHOD	ACTk.Runtime	CodeStage.AntiCheat.Storage.ObscuredPrefs	add_OnPossibleForeignSavesDetected	AF4130	0	0	0	-	-	FUNCTION_PROLOGUE
NOT_AN_ADDRESS	ACTk.Runtime	CodeStage.AntiCheat.ObscuredTypes.ObscuredByte	Equals	0	-1	0	0	-	-	-
NO_MANAGED_METHOD	spine-unity	Spine.Unity.SkeletonExtensions	GetWorldVertices	9DE264	0	0	0	-	-	FUNCTION_PROLOGUE
NO_MANAGED_METHOD	spine-unity	Spine.Unity.SkeletonExtensions	GetWorldVertices	AD94AC	0	B28874	0	-	-	VENEER_B
NOT_AN_ADDRESS	spine-unity	Spine.Unity.SkeletonExtensions	GetWorldVertices	0	-1	0	0	-	-	-
NO_MANAGED_METHOD	spine-unity	Spine.Unity.SkeletonExtensions	GetWorldVertices	AD94AC	0	B28874	0	-	-	VENEER_B
NO_MANAGED_METHOD	spine-unity	Spine.Unity.SkeletonExtensions	GetWorldVertices	AD94AC	0	B28874	0	-	-	VENEER_B
NO_MANAGED_METHOD	spine-unity	Spine.Unity.SkeletonExtensions	GetWorldVertices	AD94AC	0	B28874	0	-	-	VENEER_B
NO_MANAGED_METHOD	spine-unity	Spine.Unity.SkeletonExtensions	GetWorldVertices	AD94AC	0	B28874	0	-	-	VENEER_B
NO_MANAGED_METHOD	ACTk.Runtime	CodeStage.AntiCheat.ObscuredTypes.ObscuredByte	EncryptDecrypt	AD94AC	0	B28874	0	-	-	VENEER_B
NO_MANAGED_METHOD	ACTk.Runtime	CodeStage.AntiCheat.ObscuredTypes.ObscuredByte	EncryptDecrypt	AD94AC	0	B28874	0	-	-	VENEER_B
NO_MANAGED_METHOD	ACTk.Runtime	CodeStage.AntiCheat.ObscuredTypes.ObscuredByte	EncryptDecrypt	AD94AC	0	B28874	0	-	-	VENEER_B
NO_MANAGED_METHOD	ACTk.Runtime	CodeStage.AntiCheat.ObscuredTypes.ObscuredByte	EncryptDecrypt	AD94AC	0	B28874	0	-	-	VENEER_B
NO_MANAGED_METHOD	ACTk.Runtime	CodeStage.AntiCheat.Storage.ObscuredPrefs	remove_OnPossibleForeignSavesDetected	AF4130	0	0	0	-	-	FUNCTION_PROLOGUE
NO_MANAGED_METHOD	DOTween	DG.Tweening.Plugins.RectPlugin	SetFrom	1854ED0	0	0	0	-	-	PLT_STUB
NO_MANAGED_METHOD	DOTween	DG.Tweening.Plugins.RectPlugin	SetFrom	1854ED0	0	0	0	-	-	PLT_STUB
NO_MANAGED_METHOD	DOTween	DG.Tweening.Plugins.RectPlugin	SetFrom	1854ED0	0	0	0	-	-	PLT_STUB
NO_MANAGED_METHOD	DOTween	DG.Tweening.Plugins.RectPlugin	SetFrom	1854ED0	0	0	0	-	-	PLT_STUB
NO_MANAGED_METHOD	ACTk.Runtime	CodeStage.AntiCheat.ObscuredTypes.ObscuredByte	FromEncrypted	AD94AC	0	B28874	0	-	-	VENEER_B
NO_MANAGED_METHOD	ACTk.Runtime	CodeStage.AntiCheat.ObscuredTypes.ObscuredByte	FromEncrypted	AD94AC	0	B28874	0	-	-	VENEER_B
NO_MANAGED_METHOD	ACTk.Runtime	CodeStage.AntiCheat.ObscuredTypes.ObscuredByte	GetEncrypted	AD94AC	0	B28874	0	-	-	VENEER_B
NO_MANAGED_METHOD	ACTk.Runtime	CodeStage.AntiCheat.ObscuredTypes.ObscuredByte	GetEncrypted	AD94AC	0	B28874	0	-	-	VENEER_B
NO_MANAGED_METHOD	DOTween	DG.Tweening.Plugins.RectPlugin	EvaluateAndApply	1854ED0	0	0	0	-	-	PLT_STUB
NO_MANAGED_METHOD	DOTween	DG.Tweening.Plugins.RectPlugin	EvaluateAndApply	1854ED0	0	0	0	-	-	PLT_STUB
NO_MANAGED_METHOD	DOTween	DG.Tweening.Plugins.RectPlugin	EvaluateAndApply	1854ED0	0	0	0	-	-	PLT_STUB
NO_MANAGED_METHOD	DOTween	DG.Tweening.Plugins.RectPlugin	EvaluateAndApply	1854ED0	0	0	0	-	-	PLT_STUB
NO_MANAGED_METHOD	ACTk.Runtime	CodeStage.AntiCheat.Storage.ObscuredPrefs	SetString	AD94AC	0	B28874	0	-	-	VENEER_B
NO_MANAGED_METHOD	ACTk.Runtime	CodeStage.AntiCheat.Storage.ObscuredPrefs	SetString	AD94AC	0	B28874	0	-	-	VENEER_B
NO_MANAGED_METHOD	ACTk.Runtime	CodeStage.AntiCheat.Storage.ObscuredPrefs	SetString	AD94AC	0	B28874	0	-	-	VENEER_B
NOT_AN_ADDRESS	ACTk.Runtime	CodeStage.AntiCheat.ObscuredTypes.ObscuredDouble	Equals	0	-1	0	0	-	-	-
NOT_AN_ADDRESS	ACTk.Runtime	CodeStage.AntiCheat.ObscuredTypes.ObscuredChar	Equals	0	-1	0	0	-	-	-
NO_MANAGED_METHOD	ACTk.Runtime	CodeStage.AntiCheat.ObscuredTypes.ObscuredDouble	Encrypt	AD94AC	0	B28874	0	-	-	VENEER_B
NO_MANAGED_METHOD	ACTk.Runtime	CodeStage.AntiCheat.ObscuredTypes.ObscuredDouble	Encrypt	AD94AC	0	B28874	0	-	-	VENEER_B
NO_MANAGED_METHOD	DOTween	DG.Tweening.Plugins.UintPlugin	EvaluateAndApply	1854ED0	0	0	0	-	-	PLT_STUB
NO_MANAGED_METHOD	ACTk.Runtime	CodeStage.AntiCheat.ObscuredTypes.ObscuredDouble	Decrypt	AD94AC	0	B28874	0	-	-	VENEER_B
NO_MANAGED_METHOD	ACTk.Runtime	CodeStage.AntiCheat.ObscuredTypes.ObscuredDouble	Decrypt	AD94AC	0	B28874	0	-	-	VENEER_B
NO_MANAGED_METHOD	ACTk.Runtime	CodeStage.AntiCheat.ObscuredTypes.ObscuredDouble	FromEncrypted	AD94AC	0	B28874	0	-	-	VENEER_B
NO_MANAGED_METHOD	ACTk.Runtime	CodeStage.AntiCheat.ObscuredTypes.ObscuredDouble	FromEncrypted	AD94AC	0	B28874	0	-	-	VENEER_B
NO_MANAGED_METHOD	ACTk.Runtime	CodeStage.AntiCheat.ObscuredTypes.ObscuredDouble	GetEncrypted	AD94AC	0	B28874	0	-	-	VENEER_B
NO_MANAGED_METHOD	ACTk.Runtime	CodeStage.AntiCheat.ObscuredTypes.ObscuredDouble	GetEncrypted	AD94AC	0	B28874	0	-	-	VENEER_B
NO_MANAGED_METHOD	ACTk.Runtime	CodeStage.AntiCheat.ObscuredTypes.ObscuredChar	EncryptDecrypt	AD94AC	0	B28874	0	-	-	VENEER_B
NO_MANAGED_METHOD	ACTk.Runtime	CodeStage.AntiCheat.ObscuredTypes.ObscuredChar	EncryptDecrypt	AD94AC	0	B28874	0	-	-	VENEER_B
NO_MANAGED_METHOD	ACTk.Runtime	CodeStage.AntiCheat.ObscuredTypes.ObscuredChar	FromEncrypted	AD94AC	0	B28874	0	-	-	VENEER_B
NO_MANAGED_METHOD	ACTk.Runtime	CodeStage.AntiCheat.ObscuredTypes.ObscuredChar	FromEncrypted	AD94AC	0	B28874	0	-	-	VENEER_B
NO_MANAGED_METHOD	ACTk.Runtime	CodeStage.AntiCheat.ObscuredTypes.ObscuredChar	GetEncrypted	AD94AC	0	B28874	0	-	-	VENEER_B
NO_MANAGED_METHOD	ACTk.Runtime	CodeStage.AntiCheat.ObscuredTypes.ObscuredChar	GetEncrypted	AD94AC	0	B28874	0	-	-	VENEER_B
NO_MANAGED_METHOD	DOTween	DG.Tweening.Plugins.Vector2Plugin	SetFrom	1854ED0	0	0	0	-	-	PLT_STUB
NO_MANAGED_METHOD	DOTween	DG.Tweening.Plugins.Vector2Plugin	SetFrom	1854ED0	0	0	0	-	-	PLT_STUB
NO_MANAGED_METHOD	ACTk.Runtime	CodeStage.AntiCheat.ObscuredTypes.ObscuredDecimal	FromEncrypted	1854EB0	0	0	0	-	-	PLT_STUB
NOT_AN_ADDRESS	ACTk.Runtime	CodeStage.AntiCheat.ObscuredTypes.ObscuredFloat	Equals	0	-1	0	0	-	-	-
NO_MANAGED_METHOD	DOTween	DG.Tweening.Plugins.Vector2Plugin	SetFrom	1854ED0	0	0	0	-	-	PLT_STUB
NO_MANAGED_METHOD	DOTween	DG.Tweening.Plugins.Vector2Plugin	SetFrom	1854ED0	0	0	0	-	-	PLT_STUB
NO_MANAGED_METHOD	ACTk.Runtime	CodeStage.AntiCheat.ObscuredTypes.ObscuredFloat	Encrypt	AD94AC	0	B28874	0	-	-	VENEER_B
NO_MANAGED_METHOD	ACTk.Runtime	CodeStage.AntiCheat.ObscuredTypes.ObscuredFloat	Encrypt	AD94AC	0	B28874	0	-	-	VENEER_B
NO_MANAGED_METHOD	ACTk.Runtime	CodeStage.AntiCheat.ObscuredTypes.ObscuredFloat	Decrypt	AD94AC	0	B28874	0	-	-	VENEER_B
NO_MANAGED_METHOD	ACTk.Runtime	CodeStage.AntiCheat.ObscuredTypes.ObscuredFloat	Decrypt	AD94AC	0	B28874	0	-	-	VENEER_B
NO_MANAGED_METHOD	ACTk.Runtime	CodeStage.AntiCheat.ObscuredTypes.ObscuredFloat	FromEncrypted	AD94AC	0	B28874	0	-	-	VENEER_B
NO_MANAGED_METHOD	ACTk.Runtime	CodeStage.AntiCheat.ObscuredTypes.ObscuredFloat	FromEncrypted	AD94AC	0	B28874	0	-	-	VENEER_B
NO_MANAGED_METHOD	ACTk.Runtime	CodeStage.AntiCheat.ObscuredTypes.ObscuredFloat	GetEncrypted	AD94AC	0	B28874	0	-	-	VENEER_B
NO_MANAGED_METHOD	ACTk.Runtime	CodeStage.AntiCheat.ObscuredTypes.ObscuredFloat	GetEncrypted	AD94AC	0	B28874	0	-	-	VENEER_B
NO_MANAGED_METHOD	ACTk.Runtime	CodeStage.AntiCheat.ObscuredTypes.ObscuredDecimal	op_Explicit	1854EB0	0	0	0	-	-	PLT_STUB
NO_MANAGED_METHOD	ACTk.Runtime	CodeStage.AntiCheat.ObscuredTypes.ObscuredDecimal	op_Increment	1854EB0	0	0	0	-	-	PLT_STUB
NOT_AN_ADDRESS	ACTk.Runtime	CodeStage.AntiCheat.ObscuredTypes.ObscuredInt	Equals	0	-1	0	0	-	-	-
NO_MANAGED_METHOD	DOTween	DG.Tweening.Plugins.Vector2Plugin	EvaluateAndApply	1854ED0	0	0	0	-	-	PLT_STUB
NO_MANAGED_METHOD	DOTween	DG.Tweening.Plugins.Vector2Plugin	EvaluateAndApply	1854ED0	0	0	0	-	-	PLT_STUB
NO_MANAGED_METHOD	DOTween	DG.Tweening.Plugins.Vector2Plugin	EvaluateAndApply	1854ED0	0	0	0	-	-	PLT_STUB
NO_MANAGED_METHOD	ACTk.Runtime	CodeStage.AntiCheat.ObscuredTypes.ObscuredInt	Encrypt	AD94AC	0	B28874	0	-	-	VENEER_B
NO_MANAGED_METHOD	ACTk.Runtime	CodeStage.AntiCheat.ObscuredTypes.ObscuredInt	Encrypt	AD94AC	0	B28874	0	-	-	VENEER_B
NO_MANAGED_METHOD	DOTween	DG.Tweening.Plugins.Vector2Plugin	EvaluateAndApply	1854ED0	0	0	0	-	-	PLT_STUB
NO_MANAGED_METHOD	ACTk.Runtime	CodeStage.AntiCheat.ObscuredTypes.ObscuredInt	Decrypt	AD94AC	0	B28874	0	-	-	VENEER_B
NO_MANAGED_METHOD	ACTk.Runtime	CodeStage.AntiCheat.ObscuredTypes.ObscuredInt	Decrypt	AD94AC	0	B28874	0	-	-	VENEER_B
NO_MANAGED_METHOD	ACTk.Runtime	CodeStage.AntiCheat.ObscuredTypes.ObscuredInt	FromEncrypted	AD94AC	0	B28874	0	-	-	VENEER_B
NO_MANAGED_METHOD	ACTk.Runtime	CodeStage.AntiCheat.ObscuredTypes.ObscuredInt	FromEncrypted	AD94AC	0	B28874	0	-	-	VENEER_B
NO_MANAGED_METHOD	ACTk.Runtime	CodeStage.AntiCheat.ObscuredTypes.ObscuredInt	GetEncrypted	AD94AC	0	B28874	0	-	-	VENEER_B
NO_MANAGED_METHOD	ACTk.Runtime	CodeStage.AntiCheat.ObscuredTypes.ObscuredInt	GetEncrypted	AD94AC	0	B28874	0	-	-	VENEER_B
NO_MANAGED_METHOD	ACTk.Runtime	CodeStage.AntiCheat.ObscuredTypes.ObscuredDecimal	op_Decrement	1854EB0	0	0	0	-	-	PLT_STUB
NO_MANAGED_METHOD	ACTk.Runtime	CodeStage.AntiCheat.ObscuredTypes.ObscuredDecimal	GetHashCode	1854EB0	0	0	0	-	-	PLT_STUB
NO_MANAGED_METHOD	ACTk.Runtime	CodeStage.AntiCheat.ObscuredTypes.ObscuredDecimal	ToString	1854EB0	0	0	0	-	-	PLT_STUB
NOT_AN_ADDRESS	ACTk.Runtime	CodeStage.AntiCheat.ObscuredTypes.ObscuredLong	Equals	0	-1	0	0	-	-	-
NO_MANAGED_METHOD	DOTween	DG.Tweening.Plugins.Vector4Plugin	SetFrom	1854ED0	0	0	0	-	-	PLT_STUB
NO_MANAGED_METHOD	DOTween	DG.Tweening.Plugins.Vector4Plugin	SetFrom	1854ED0	0	0	0	-	-	PLT_STUB
NO_MANAGED_METHOD	DOTween	DG.Tweening.Plugins.Vector4Plugin	SetFrom	1854ED0	0	0	0	-	-	PLT_STUB
NO_MANAGED_METHOD	DOTween	DG.Tweening.Plugins.Vector4Plugin	SetFrom	1854ED0	0	0	0	-	-	PLT_STUB
NO_MANAGED_METHOD	ACTk.Runtime	CodeStage.AntiCheat.ObscuredTypes.ObscuredLong	Encrypt	AD94AC	0	B28874	0	-	-	VENEER_B
NO_MANAGED_METHOD	ACTk.Runtime	CodeStage.AntiCheat.ObscuredTypes.ObscuredLong	Encrypt	AD94AC	0	B28874	0	-	-	VENEER_B
NO_MANAGED_METHOD	ACTk.Runtime	CodeStage.AntiCheat.ObscuredTypes.ObscuredLong	Decrypt	AD94AC	0	B28874	0	-	-	VENEER_B
NO_MANAGED_METHOD	ACTk.Runtime	CodeStage.AntiCheat.ObscuredTypes.ObscuredLong	Decrypt	AD94AC	0	B28874	0	-	-	VENEER_B
NO_MANAGED_METHOD	ACTk.Runtime	CodeStage.AntiCheat.ObscuredTypes.ObscuredLong	FromEncrypted	AD94AC	0	B28874	0	-	-	VENEER_B
NO_MANAGED_METHOD	ACTk.Runtime	CodeStage.AntiCheat.ObscuredTypes.ObscuredLong	FromEncrypted	AD94AC	0	B28874	0	-	-	VENEER_B
NO_MANAGED_METHOD	ACTk.Runtime	CodeStage.AntiCheat.ObscuredTypes.ObscuredLong	GetEncrypted	AD94AC	0	B28874	0	-	-	VENEER_B
NO_MANAGED_METHOD	ACTk.Runtime	CodeStage.AntiCheat.ObscuredTypes.ObscuredLong	GetEncrypted	AD94AC	0	B28874	0	-	-	VENEER_B
NO_MANAGED_METHOD	ACTk.Runtime	CodeStage.AntiCheat.ObscuredTypes.ObscuredDecimal	ToString	1854EB0	0	0	0	-	-	PLT_STUB
NO_MANAGED_METHOD	ACTk.Runtime	CodeStage.AntiCheat.ObscuredTypes.ObscuredDecimal	ToString	1854EB0	0	0	0	-	-	PLT_STUB
NO_MANAGED_METHOD	ACTk.Runtime	CodeStage.AntiCheat.ObscuredTypes.ObscuredDecimal	ToString	1854EB0	0	0	0	-	-	PLT_STUB
NOT_AN_ADDRESS	ACTk.Runtime	CodeStage.AntiCheat.ObscuredTypes.ObscuredDecimal	Equals	0	-1	0	0	-	-	-
NO_MANAGED_METHOD	ACTk.Runtime	CodeStage.AntiCheat.ObscuredTypes.ObscuredDecimal	Equals	1854EB0	0	0	0	-	-	PLT_STUB
NO_MANAGED_METHOD	ACTk.Runtime	CodeStage.AntiCheat.ObscuredTypes.ObscuredDecimal	Equals	1854EB0	0	0	0	-	-	PLT_STUB
NO_MANAGED_METHOD	ACTk.Runtime	CodeStage.AntiCheat.ObscuredTypes.ObscuredDecimal	CompareTo	1854EB0	0	0	0	-	-	PLT_STUB
NO_MANAGED_METHOD	DOTween	DG.Tweening.Plugins.Vector4Plugin	SetFrom	1854ED0	0	0	0	-	-	PLT_STUB
NO_MANAGED_METHOD	DOTween	DG.Tweening.Plugins.Vector4Plugin	SetFrom	1854ED0	0	0	0	-	-	PLT_STUB
NO_MANAGED_METHOD	DOTween	DG.Tweening.Plugins.Vector4Plugin	SetFrom	1854ED0	0	0	0	-	-	PLT_STUB
NO_MANAGED_METHOD	DOTween	DG.Tweening.Plugins.Vector4Plugin	SetFrom	1854ED0	0	0	0	-	-	PLT_STUB
NO_MANAGED_METHOD	ACTk.Runtime	CodeStage.AntiCheat.ObscuredTypes.ObscuredDecimal	CompareTo	1854EB0	0	0	0	-	-	PLT_STUB
NO_MANAGED_METHOD	ACTk.Runtime	CodeStage.AntiCheat.ObscuredTypes.ObscuredDecimal	CompareTo	1854EB0	0	0	0	-	-	PLT_STUB
NO_MANAGED_METHOD	ACTk.Runtime	CodeStage.AntiCheat.ObscuredTypes.ObscuredQuaternion	ToString	BEE544	0	0	0	-	-	FUNCTION_PROLOGUE
NO_MANAGED_METHOD	ACTk.Runtime	CodeStage.AntiCheat.ObscuredTypes.ObscuredDecimal	Encrypt	AD94AC	0	B28874	0	-	-	VENEER_B
NO_MANAGED_METHOD	ACTk.Runtime	CodeStage.AntiCheat.ObscuredTypes.ObscuredDecimal	Encrypt	AD94AC	0	B28874	0	-	-	VENEER_B
NO_MANAGED_METHOD	ACTk.Runtime	CodeStage.AntiCheat.ObscuredTypes.ObscuredQuaternion	ToString	BEE544	0	0	0	-	-	FUNCTION_PROLOGUE
NO_MANAGED_METHOD	ACTk.Runtime	CodeStage.AntiCheat.ObscuredTypes.ObscuredDecimal	Decrypt	AD94AC	0	B28874	0	-	-	VENEER_B
NO_MANAGED_METHOD	ACTk.Runtime	CodeStage.AntiCheat.ObscuredTypes.ObscuredDecimal	Decrypt	AD94AC	0	B28874	0	-	-	VENEER_B
NO_MANAGED_METHOD	ACTk.Runtime	CodeStage.AntiCheat.ObscuredTypes.ObscuredQuaternion	Encrypt	AD94AC	0	B28874	0	-	-	VENEER_B
NO_MANAGED_METHOD	ACTk.Runtime	CodeStage.AntiCheat.ObscuredTypes.ObscuredDecimal	FromEncrypted	AD94AC	0	B28874	0	-	-	VENEER_B
NO_MANAGED_METHOD	ACTk.Runtime	CodeStage.AntiCheat.ObscuredTypes.ObscuredQuaternion	Encrypt	AD94AC	0	B28874	0	-	-	VENEER_B
NO_MANAGED_METHOD	ACTk.Runtime	CodeStage.AntiCheat.ObscuredTypes.ObscuredDecimal	FromEncrypted	AD94AC	0	B28874	0	-	-	VENEER_B
NO_MANAGED_METHOD	ACTk.Runtime	CodeStage.AntiCheat.ObscuredTypes.ObscuredQuaternion	Decrypt	AD94AC	0	B28874	0	-	-	VENEER_B
NO_MANAGED_METHOD	ACTk.Runtime	CodeStage.AntiCheat.ObscuredTypes.ObscuredQuaternion	Decrypt	AD94AC	0	B28874	0	-	-	VENEER_B
NO_MANAGED_METHOD	ACTk.Runtime	CodeStage.AntiCheat.ObscuredTypes.ObscuredDecimal	GetEncrypted	AD94AC	0	B28874	0	-	-	VENEER_B
NO_MANAGED_METHOD	ACTk.Runtime	CodeStage.AntiCheat.ObscuredTypes.ObscuredDecimal	GetEncrypted	AD94AC	0	B28874	0	-	-	VENEER_B
NO_MANAGED_METHOD	ACTk.Runtime	CodeStage.AntiCheat.ObscuredTypes.ObscuredQuaternion	GetEncrypted	AD94AC	0	B28874	0	-	-	VENEER_B
NO_MANAGED_METHOD	ACTk.Runtime	CodeStage.AntiCheat.ObscuredTypes.ObscuredQuaternion	GetEncrypted	AD94AC	0	B28874	0	-	-	VENEER_B
NOT_AN_ADDRESS	ACTk.Runtime	CodeStage.AntiCheat.ObscuredTypes.ObscuredSByte	Equals	0	-1	0	0	-	-	-
NO_MANAGED_METHOD	ACTk.Runtime	CodeStage.AntiCheat.ObscuredTypes.ObscuredSByte	EncryptDecrypt	AD94AC	0	B28874	0	-	-	VENEER_B
NO_MANAGED_METHOD	ACTk.Runtime	CodeStage.AntiCheat.ObscuredTypes.ObscuredSByte	EncryptDecrypt	AD94AC	0	B28874	0	-	-	VENEER_B
NO_MANAGED_METHOD	ACTk.Runtime	CodeStage.AntiCheat.ObscuredTypes.ObscuredSByte	FromEncrypted	AD94AC	0	B28874	0	-	-	VENEER_B
NO_MANAGED_METHOD	ACTk.Runtime	CodeStage.AntiCheat.ObscuredTypes.ObscuredSByte	FromEncrypted	AD94AC	0	B28874	0	-	-	VENEER_B
NO_MANAGED_METHOD	ACTk.Runtime	CodeStage.AntiCheat.ObscuredTypes.ObscuredSByte	GetEncrypted	AD94AC	0	B28874	0	-	-	VENEER_B
NO_MANAGED_METHOD	ACTk.Runtime	CodeStage.AntiCheat.ObscuredTypes.ObscuredSByte	GetEncrypted	AD94AC	0	B28874	0	-	-	VENEER_B
NOT_AN_ADDRESS	ACTk.Runtime	CodeStage.AntiCheat.ObscuredTypes.ObscuredShort	Equals	0	-1	0	0	-	-	-
NO_MANAGED_METHOD	ACTk.Runtime	CodeStage.AntiCheat.ObscuredTypes.ObscuredString	EncryptDecrypt	AD94AC	0	B28874	0	-	-	VENEER_B
NO_MANAGED_METHOD	ACTk.Runtime	CodeStage.AntiCheat.ObscuredTypes.ObscuredString	EncryptDecrypt	AD94AC	0	B28874	0	-	-	VENEER_B
NO_MANAGED_METHOD	ACTk.Runtime	CodeStage.AntiCheat.ObscuredTypes.ObscuredShort	EncryptDecrypt	AD94AC	0	B28874	0	-	-	VENEER_B
NO_MANAGED_METHOD	ACTk.Runtime	CodeStage.AntiCheat.ObscuredTypes.ObscuredShort	EncryptDecrypt	AD94AC	0	B28874	0	-	-	VENEER_B
NO_MANAGED_METHOD	ACTk.Runtime	CodeStage.AntiCheat.ObscuredTypes.ObscuredString	GetEncrypted	AD94AC	0	B28874	0	-	-	VENEER_B
NO_MANAGED_METHOD	ACTk.Runtime	CodeStage.AntiCheat.ObscuredTypes.ObscuredString	GetEncrypted	AD94AC	0	B28874	0	-	-	VENEER_B
NO_MANAGED_METHOD	ACTk.Runtime	CodeStage.AntiCheat.ObscuredTypes.ObscuredShort	FromEncrypted	AD94AC	0	B28874	0	-	-	VENEER_B
NO_MANAGED_METHOD	ACTk.Runtime	CodeStage.AntiCheat.ObscuredTypes.ObscuredShort	FromEncrypted	AD94AC	0	B28874	0	-	-	VENEER_B
NO_MANAGED_METHOD	ACTk.Runtime	CodeStage.AntiCheat.ObscuredTypes.ObscuredShort	GetEncrypted	AD94AC	0	B28874	0	-	-	VENEER_B
NO_MANAGED_METHOD	ACTk.Runtime	CodeStage.AntiCheat.ObscuredTypes.ObscuredShort	GetEncrypted	AD94AC	0	B28874	0	-	-	VENEER_B
NO_MANAGED_METHOD	DOTween	DG.Tweening.Plugins.Vector4Plugin	EvaluateAndApply	1854ED0	0	0	0	-	-	PLT_STUB
NO_MANAGED_METHOD	DOTween	DG.Tweening.Plugins.Vector4Plugin	EvaluateAndApply	1854ED0	0	0	0	-	-	PLT_STUB
NO_MANAGED_METHOD	DOTween	DG.Tweening.Plugins.Vector4Plugin	EvaluateAndApply	1854ED0	0	0	0	-	-	PLT_STUB
NO_MANAGED_METHOD	DOTween	DG.Tweening.Plugins.Vector4Plugin	EvaluateAndApply	1854ED0	0	0	0	-	-	PLT_STUB
NO_MANAGED_METHOD	DOTween	DG.Tweening.Plugins.Vector4Plugin	EvaluateAndApply	1854ED0	0	0	0	-	-	PLT_STUB
NO_MANAGED_METHOD	DOTween	DG.Tweening.Plugins.Vector4Plugin	EvaluateAndApply	1854ED0	0	0	0	-	-	PLT_STUB
NO_MANAGED_METHOD	DOTween	DG.Tweening.Plugins.Vector4Plugin	EvaluateAndApply	1854ED0	0	0	0	-	-	PLT_STUB
NO_MANAGED_METHOD	DOTween	DG.Tweening.Plugins.Vector4Plugin	EvaluateAndApply	1854ED0	0	0	0	-	-	PLT_STUB
NOT_AN_ADDRESS	ACTk.Runtime	CodeStage.AntiCheat.ObscuredTypes.ObscuredUInt	Equals	0	-1	0	0	-	-	-
NO_MANAGED_METHOD	ACTk.Runtime	CodeStage.AntiCheat.ObscuredTypes.ObscuredUInt	Encrypt	AD94AC	0	B28874	0	-	-	VENEER_B
NO_MANAGED_METHOD	ACTk.Runtime	CodeStage.AntiCheat.ObscuredTypes.ObscuredUInt	Encrypt	AD94AC	0	B28874	0	-	-	VENEER_B
NO_MANAGED_METHOD	ACTk.Runtime	CodeStage.AntiCheat.ObscuredTypes.ObscuredUInt	Decrypt	AD94AC	0	B28874	0	-	-	VENEER_B
NO_MANAGED_METHOD	ACTk.Runtime	CodeStage.AntiCheat.ObscuredTypes.ObscuredUInt	Decrypt	AD94AC	0	B28874	0	-	-	VENEER_B
NO_MANAGED_METHOD	ACTk.Runtime	CodeStage.AntiCheat.ObscuredTypes.ObscuredUInt	FromEncrypted	AD94AC	0	B28874	0	-	-	VENEER_B
NO_MANAGED_METHOD	ACTk.Runtime	CodeStage.AntiCheat.ObscuredTypes.ObscuredUInt	FromEncrypted	AD94AC	0	B28874	0	-	-	VENEER_B
NO_MANAGED_METHOD	ACTk.Runtime	CodeStage.AntiCheat.ObscuredTypes.ObscuredUInt	GetEncrypted	AD94AC	0	B28874	0	-	-	VENEER_B
NO_MANAGED_METHOD	ACTk.Runtime	CodeStage.AntiCheat.ObscuredTypes.ObscuredUInt	GetEncrypted	AD94AC	0	B28874	0	-	-	VENEER_B
NO_MANAGED_METHOD	DOTween	DG.Tweening.Plugins.StringPlugin	EvaluateAndApply	1854ED0	0	0	0	-	-	PLT_STUB
NO_MANAGED_METHOD	ACTk.Runtime	CodeStage.AntiCheat.Storage.ObscuredPrefs	DecryptData	1854E70	0	0	0	-	-	PLT_STUB
NO_MANAGED_METHOD	ACTk.Runtime	CodeStage.AntiCheat.Storage.ObscuredPrefs	DecryptData	AD94AC	0	B28874	0	-	-	VENEER_B
NOT_AN_ADDRESS	ACTk.Runtime	CodeStage.AntiCheat.Storage.ObscuredPrefs	DecryptData	0	-1	0	0	-	-	-
NO_MANAGED_METHOD	ACTk.Runtime	CodeStage.AntiCheat.Storage.ObscuredPrefs	DecryptData	1854E80	0	0	0	-	-	PLT_STUB
NO_MANAGED_METHOD	ACTk.Runtime	CodeStage.AntiCheat.Storage.ObscuredPrefs	DecryptData	AD94AC	0	B28874	0	-	-	VENEER_B
NO_MANAGED_METHOD	ACTk.Runtime	CodeStage.AntiCheat.Storage.ObscuredPrefs	DecryptData	1854E90	0	0	0	-	-	PLT_STUB
NO_MANAGED_METHOD	ACTk.Runtime	CodeStage.AntiCheat.Storage.ObscuredPrefs	DecryptData	1854EA0	0	0	0	-	-	PLT_STUB
NO_MANAGED_METHOD	ACTk.Runtime	CodeStage.AntiCheat.Storage.ObscuredPrefs	DecryptData	1854E80	0	0	0	-	-	PLT_STUB
NO_MANAGED_METHOD	ACTk.Runtime	CodeStage.AntiCheat.Storage.ObscuredPrefs	DecryptData	BD3CD0	0	0	0	-	-	FUNCTION_PROLOGUE
NO_MANAGED_METHOD	ACTk.Runtime	CodeStage.AntiCheat.Storage.ObscuredPrefs	DecryptData	9DACB4	0	0	0	-	-	FUNCTION_PROLOGUE
NO_MANAGED_METHOD	ACTk.Runtime	CodeStage.AntiCheat.ObscuredTypes.ObscuredString	get_Item	AD94AC	0	B28874	0	-	-	VENEER_B
NO_MANAGED_METHOD	ACTk.Runtime	CodeStage.AntiCheat.ObscuredTypes.ObscuredString	get_Item	AD94AC	0	B28874	0	-	-	VENEER_B
NO_MANAGED_METHOD	ACTk.Runtime	CodeStage.AntiCheat.ObscuredTypes.ObscuredVector2	ToString	BEE74C	0	0	0	-	-	FUNCTION_PROLOGUE
NO_MANAGED_METHOD	ACTk.Runtime	CodeStage.AntiCheat.ObscuredTypes.ObscuredVector2	ToString	BEE74C	0	0	0	-	-	FUNCTION_PROLOGUE
NO_MANAGED_METHOD	ACTk.Runtime	CodeStage.AntiCheat.ObscuredTypes.ObscuredVector2	Encrypt	AD94AC	0	B28874	0	-	-	VENEER_B
NO_MANAGED_METHOD	ACTk.Runtime	CodeStage.AntiCheat.ObscuredTypes.ObscuredVector2	Encrypt	AD94AC	0	B28874	0	-	-	VENEER_B
NO_MANAGED_METHOD	ACTk.Runtime	CodeStage.AntiCheat.ObscuredTypes.ObscuredVector2	Decrypt	AD94AC	0	B28874	0	-	-	VENEER_B
NO_MANAGED_METHOD	ACTk.Runtime	CodeStage.AntiCheat.ObscuredTypes.ObscuredVector2	Decrypt	AD94AC	0	B28874	0	-	-	VENEER_B
NO_MANAGED_METHOD	ACTk.Runtime	CodeStage.AntiCheat.ObscuredTypes.ObscuredVector2	GetEncrypted	AD94AC	0	B28874	0	-	-	VENEER_B
NO_MANAGED_METHOD	ACTk.Runtime	CodeStage.AntiCheat.ObscuredTypes.ObscuredVector2	GetEncrypted	AD94AC	0	B28874	0	-	-	VENEER_B
NO_MANAGED_METHOD	ACTk.Runtime	CodeStage.AntiCheat.Storage.ObscuredPrefs	GetRawValueType	1854E70	0	0	0	-	-	PLT_STUB
NO_MANAGED_METHOD	ACTk.Runtime	CodeStage.AntiCheat.Storage.ObscuredPrefs	GetRawValueType	AD94AC	0	B28874	0	-	-	VENEER_B
NOT_AN_ADDRESS	ACTk.Runtime	CodeStage.AntiCheat.Storage.ObscuredPrefs	GetRawValueType	0	-1	0	0	-	-	-
NO_MANAGED_METHOD	ACTk.Runtime	CodeStage.AntiCheat.Storage.ObscuredPrefs	GetRawValueType	1854E80	0	0	0	-	-	PLT_STUB
NO_MANAGED_METHOD	ACTk.Runtime	CodeStage.AntiCheat.Storage.ObscuredPrefs	GetRawValueType	1854E90	0	0	0	-	-	PLT_STUB
NO_MANAGED_METHOD	ACTk.Runtime	CodeStage.AntiCheat.Storage.ObscuredPrefs	GetRawValueType	1854EA0	0	0	0	-	-	PLT_STUB
NO_MANAGED_METHOD	ACTk.Runtime	CodeStage.AntiCheat.Storage.ObscuredPrefs	GetRawValueType	1854E80	0	0	0	-	-	PLT_STUB
NO_MANAGED_METHOD	ACTk.Runtime	CodeStage.AntiCheat.Storage.ObscuredPrefs	GetRawValueType	BD3CD0	0	0	0	-	-	FUNCTION_PROLOGUE
NO_MANAGED_METHOD	ACTk.Runtime	CodeStage.AntiCheat.Storage.ObscuredPrefs	GetRawValueType	9DACB4	0	0	0	-	-	FUNCTION_PROLOGUE
NOT_AN_ADDRESS	ACTk.Runtime	CodeStage.AntiCheat.ObscuredTypes.ObscuredULong	Equals	0	-1	0	0	-	-	-
NO_MANAGED_METHOD	ACTk.Runtime	CodeStage.AntiCheat.ObscuredTypes.ObscuredVector2Int	get_Item	AD94AC	0	B28874	0	-	-	VENEER_B
NO_MANAGED_METHOD	ACTk.Runtime	CodeStage.AntiCheat.ObscuredTypes.ObscuredVector2Int	get_Item	AD94AC	0	B28874	0	-	-	VENEER_B
NO_MANAGED_METHOD	ACTk.Runtime	CodeStage.AntiCheat.ObscuredTypes.ObscuredVector2Int	get_Item	AD94AC	0	B28874	0	-	-	VENEER_B
NO_MANAGED_METHOD	ACTk.Runtime	CodeStage.AntiCheat.ObscuredTypes.ObscuredVector2Int	set_Item	AD94AC	0	B28874	0	-	-	VENEER_B
NO_MANAGED_METHOD	ACTk.Runtime	CodeStage.AntiCheat.ObscuredTypes.ObscuredVector2Int	set_Item	AD94AC	0	B28874	0	-	-	VENEER_B
NO_MANAGED_METHOD	ACTk.Runtime	CodeStage.AntiCheat.ObscuredTypes.ObscuredVector2Int	set_Item	AD94AC	0	B28874	0	-	-	VENEER_B
NO_MANAGED_METHOD	ACTk.Runtime	CodeStage.AntiCheat.ObscuredTypes.ObscuredULong	Encrypt	AD94AC	0	B28874	0	-	-	VENEER_B
NO_MANAGED_METHOD	ACTk.Runtime	CodeStage.AntiCheat.ObscuredTypes.ObscuredULong	Encrypt	AD94AC	0	B28874	0	-	-	VENEER_B
NO_MANAGED_METHOD	ACTk.Runtime	CodeStage.AntiCheat.ObscuredTypes.ObscuredULong	Decrypt	AD94AC	0	B28874	0	-	-	VENEER_B
NO_MANAGED_METHOD	ACTk.Runtime	CodeStage.AntiCheat.ObscuredTypes.ObscuredULong	Decrypt	AD94AC	0	B28874	0	-	-	VENEER_B
NO_MANAGED_METHOD	ACTk.Runtime	CodeStage.AntiCheat.ObscuredTypes.ObscuredULong	FromEncrypted	AD94AC	0	B28874	0	-	-	VENEER_B
NO_MANAGED_METHOD	ACTk.Runtime	CodeStage.AntiCheat.ObscuredTypes.ObscuredULong	FromEncrypted	AD94AC	0	B28874	0	-	-	VENEER_B
NO_MANAGED_METHOD	ACTk.Runtime	CodeStage.AntiCheat.ObscuredTypes.ObscuredULong	GetEncrypted	AD94AC	0	B28874	0	-	-	VENEER_B
NO_MANAGED_METHOD	ACTk.Runtime	CodeStage.AntiCheat.ObscuredTypes.ObscuredULong	GetEncrypted	AD94AC	0	B28874	0	-	-	VENEER_B
NOT_AN_ADDRESS	ACTk.Runtime	CodeStage.AntiCheat.ObscuredTypes.ObscuredVector3Int	Equals	0	-1	0	0	-	-	-
NO_MANAGED_METHOD	ACTk.Runtime	CodeStage.AntiCheat.Storage.ObscuredPrefs	EncryptValue	B3490C	0	0	0	-	-	FUNCTION_PROLOGUE
NO_MANAGED_METHOD	ACTk.Runtime	CodeStage.AntiCheat.ObscuredTypes.ObscuredVector3Int	ToString	BEEC1C	0	0	0	-	-	FUNCTION_PROLOGUE
NO_MANAGED_METHOD	ACTk.Runtime	CodeStage.AntiCheat.ObscuredTypes.ObscuredVector2Int	ToString	BEE8D4	0	0	0	-	-	FUNCTION_PROLOGUE
NO_MANAGED_METHOD	ACTk.Runtime	CodeStage.AntiCheat.ObscuredTypes.ObscuredVector3Int	ToString	BEEC1C	0	0	0	-	-	FUNCTION_PROLOGUE
NO_MANAGED_METHOD	ACTk.Runtime	CodeStage.AntiCheat.ObscuredTypes.ObscuredVector2Int	Encrypt	AD94AC	0	B28874	0	-	-	VENEER_B
NO_MANAGED_METHOD	ACTk.Runtime	CodeStage.AntiCheat.ObscuredTypes.ObscuredVector2Int	Encrypt	AD94AC	0	B28874	0	-	-	VENEER_B
NO_MANAGED_METHOD	ACTk.Runtime	CodeStage.AntiCheat.ObscuredTypes.ObscuredVector3Int	Encrypt	AD94AC	0	B28874	0	-	-	VENEER_B
NO_MANAGED_METHOD	ACTk.Runtime	CodeStage.AntiCheat.ObscuredTypes.ObscuredVector3Int	Encrypt	AD94AC	0	B28874	0	-	-	VENEER_B
NO_MANAGED_METHOD	ACTk.Runtime	CodeStage.AntiCheat.ObscuredTypes.ObscuredVector2Int	Decrypt	AD94AC	0	B28874	0	-	-	VENEER_B
NO_MANAGED_METHOD	ACTk.Runtime	CodeStage.AntiCheat.ObscuredTypes.ObscuredVector2Int	Decrypt	AD94AC	0	B28874	0	-	-	VENEER_B
NO_MANAGED_METHOD	ACTk.Runtime	CodeStage.AntiCheat.ObscuredTypes.ObscuredVector2Int	GetEncrypted	AD94AC	0	B28874	0	-	-	VENEER_B
NO_MANAGED_METHOD	ACTk.Runtime	CodeStage.AntiCheat.ObscuredTypes.ObscuredVector2Int	GetEncrypted	AD94AC	0	B28874	0	-	-	VENEER_B
NO_MANAGED_METHOD	ACTk.Runtime	CodeStage.AntiCheat.ObscuredTypes.ObscuredVector3Int	Decrypt	AD94AC	0	B28874	0	-	-	VENEER_B
NO_MANAGED_METHOD	ACTk.Runtime	CodeStage.AntiCheat.ObscuredTypes.ObscuredVector3Int	Decrypt	AD94AC	0	B28874	0	-	-	VENEER_B
NO_MANAGED_METHOD	ACTk.Runtime	CodeStage.AntiCheat.ObscuredTypes.ObscuredVector3Int	GetEncrypted	AD94AC	0	B28874	0	-	-	VENEER_B
NO_MANAGED_METHOD	ACTk.Runtime	CodeStage.AntiCheat.ObscuredTypes.ObscuredVector3Int	GetEncrypted	AD94AC	0	B28874	0	-	-	VENEER_B
NOT_AN_ADDRESS	ACTk.Runtime	CodeStage.AntiCheat.ObscuredTypes.ObscuredUShort	Equals	0	-1	0	0	-	-	-
NO_MANAGED_METHOD	ACTk.Runtime	CodeStage.AntiCheat.ObscuredTypes.ObscuredUShort	EncryptDecrypt	AD94AC	0	B28874	0	-	-	VENEER_B
NO_MANAGED_METHOD	ACTk.Runtime	CodeStage.AntiCheat.ObscuredTypes.ObscuredUShort	EncryptDecrypt	AD94AC	0	B28874	0	-	-	VENEER_B
NO_MANAGED_METHOD	ACTk.Runtime	CodeStage.AntiCheat.ObscuredTypes.ObscuredUShort	FromEncrypted	AD94AC	0	B28874	0	-	-	VENEER_B
NO_MANAGED_METHOD	ACTk.Runtime	CodeStage.AntiCheat.ObscuredTypes.ObscuredUShort	FromEncrypted	AD94AC	0	B28874	0	-	-	VENEER_B
NO_MANAGED_METHOD	ACTk.Runtime	CodeStage.AntiCheat.ObscuredTypes.ObscuredUShort	GetEncrypted	AD94AC	0	B28874	0	-	-	VENEER_B
NO_MANAGED_METHOD	ACTk.Runtime	CodeStage.AntiCheat.ObscuredTypes.ObscuredUShort	GetEncrypted	AD94AC	0	B28874	0	-	-	VENEER_B
NO_MANAGED_METHOD	ACTk.Runtime	CodeStage.AntiCheat.ObscuredTypes.ObscuredVector3	get_Item	AD94AC	0	B28874	0	-	-	VENEER_B
NO_MANAGED_METHOD	ACTk.Runtime	CodeStage.AntiCheat.ObscuredTypes.ObscuredVector3	get_Item	AD94AC	0	B28874	0	-	-	VENEER_B
NO_MANAGED_METHOD	ACTk.Runtime	CodeStage.AntiCheat.ObscuredTypes.ObscuredVector3	get_Item	AD94AC	0	B28874	0	-	-	VENEER_B
NO_MANAGED_METHOD	ACTk.Runtime	CodeStage.AntiCheat.ObscuredTypes.ObscuredVector3	set_Item	AD94AC	0	B28874	0	-	-	VENEER_B
NO_MANAGED_METHOD	ACTk.Runtime	CodeStage.AntiCheat.ObscuredTypes.ObscuredVector3	set_Item	AD94AC	0	B28874	0	-	-	VENEER_B
NO_MANAGED_METHOD	ACTk.Runtime	CodeStage.AntiCheat.ObscuredTypes.ObscuredVector3	set_Item	AD94AC	0	B28874	0	-	-	VENEER_B
NO_MANAGED_METHOD	ACTk.Runtime	CodeStage.AntiCheat.Genuine.CodeHash.BuildHashes	CalculateSummaryCodeHash	1854E70	0	0	0	-	-	PLT_STUB
NO_MANAGED_METHOD	ACTk.Runtime	CodeStage.AntiCheat.Genuine.CodeHash.BuildHashes	CalculateSummaryCodeHash	1854E80	0	0	0	-	-	PLT_STUB
NO_MANAGED_METHOD	ACTk.Runtime	CodeStage.AntiCheat.Genuine.CodeHash.BuildHashes	CalculateSummaryCodeHash	BD3CD0	0	0	0	-	-	FUNCTION_PROLOGUE
NO_MANAGED_METHOD	ACTk.Runtime	CodeStage.AntiCheat.Genuine.CodeHash.BuildHashes	CalculateSummaryCodeHash	9DACB4	0	0	0	-	-	FUNCTION_PROLOGUE
NO_MANAGED_METHOD	ACTk.Runtime	CodeStage.AntiCheat.ObscuredTypes.ObscuredVector2	get_Item	AD94AC	0	B28874	0	-	-	VENEER_B
NO_MANAGED_METHOD	ACTk.Runtime	CodeStage.AntiCheat.ObscuredTypes.ObscuredVector2	get_Item	AD94AC	0	B28874	0	-	-	VENEER_B
NO_MANAGED_METHOD	ACTk.Runtime	CodeStage.AntiCheat.ObscuredTypes.ObscuredVector2	get_Item	AD94AC	0	B28874	0	-	-	VENEER_B
NO_MANAGED_METHOD	ACTk.Runtime	CodeStage.AntiCheat.ObscuredTypes.ObscuredVector2	set_Item	AD94AC	0	B28874	0	-	-	VENEER_B
NO_MANAGED_METHOD	ACTk.Runtime	CodeStage.AntiCheat.ObscuredTypes.ObscuredVector2	set_Item	AD94AC	0	B28874	0	-	-	VENEER_B
NO_MANAGED_METHOD	ACTk.Runtime	CodeStage.AntiCheat.ObscuredTypes.ObscuredVector2	set_Item	AD94AC	0	B28874	0	-	-	VENEER_B
NO_MANAGED_METHOD	ACTk.Runtime	CodeStage.AntiCheat.Genuine.CodeHash.CodeHashGenerator+<CalculationAwaiter>d__20	System.Collections.IEnumerator.Reset	AD94AC	0	B28874	0	-	-	VENEER_B
NO_MANAGED_METHOD	ACTk.Runtime	CodeStage.AntiCheat.Genuine.CodeHash.CodeHashGenerator+<CalculationAwaiter>d__20	System.Collections.IEnumerator.Reset	AD94AC	0	B28874	0	-	-	VENEER_B
NOT_AN_ADDRESS	ACTk.Runtime	CodeStage.AntiCheat.Storage.ObscuredPrefs	DecryptValue	0	-1	0	0	-	-	-
NO_MANAGED_METHOD	ACTk.Runtime	CodeStage.AntiCheat.Storage.ObscuredPrefs	DecryptValue	B3490C	0	0	0	-	-	FUNCTION_PROLOGUE
NO_MANAGED_METHOD	ACTk.Runtime	CodeStage.AntiCheat.Storage.ObscuredPrefs	DecryptValue	1854EB0	0	0	0	-	-	PLT_STUB
NOT_AN_ADDRESS	ACTk.Runtime	CodeStage.AntiCheat.Storage.ObscuredPrefs	DecryptValue	0	-1	0	0	-	-	-
NO_MANAGED_METHOD	ACTk.Runtime	CodeStage.AntiCheat.Genuine.CodeHash.CodeHashGenerator	add_HashGenerated	AF4130	0	0	0	-	-	FUNCTION_PROLOGUE
NO_MANAGED_METHOD	ACTk.Runtime	CodeStage.AntiCheat.Genuine.CodeHash.CodeHashGenerator	remove_HashGenerated	AF4130	0	0	0	-	-	FUNCTION_PROLOGUE
NOT_AN_ADDRESS	ACTk.Runtime	CodeStage.AntiCheat.ObscuredTypes.ObscuredVector3	Equals	0	-1	0	0	-	-	-
NO_MANAGED_METHOD	ACTk.Runtime	CodeStage.AntiCheat.ObscuredTypes.ObscuredVector3	ToString	BEEA54	0	0	0	-	-	FUNCTION_PROLOGUE
NO_MANAGED_METHOD	ACTk.Runtime	CodeStage.AntiCheat.ObscuredTypes.ObscuredVector3	ToString	BEEA54	0	0	0	-	-	FUNCTION_PROLOGUE
NO_MANAGED_METHOD	ACTk.Runtime	CodeStage.AntiCheat.ObscuredTypes.ObscuredVector3	Encrypt	AD94AC	0	B28874	0	-	-	VENEER_B
NO_MANAGED_METHOD	ACTk.Runtime	CodeStage.AntiCheat.ObscuredTypes.ObscuredVector3	Encrypt	AD94AC	0	B28874	0	-	-	VENEER_B
NO_MANAGED_METHOD	ACTk.Runtime	CodeStage.AntiCheat.ObscuredTypes.ObscuredVector3	Decrypt	AD94AC	0	B28874	0	-	-	VENEER_B
NO_MANAGED_METHOD	ACTk.Runtime	CodeStage.AntiCheat.ObscuredTypes.ObscuredVector3	Decrypt	AD94AC	0	B28874	0	-	-	VENEER_B
NO_MANAGED_METHOD	ACTk.Runtime	CodeStage.AntiCheat.ObscuredTypes.ObscuredVector3	GetEncrypted	AD94AC	0	B28874	0	-	-	VENEER_B
NO_MANAGED_METHOD	ACTk.Runtime	CodeStage.AntiCheat.ObscuredTypes.ObscuredVector3	GetEncrypted	AD94AC	0	B28874	0	-	-	VENEER_B
NO_MANAGED_METHOD	ACTk.Runtime	CodeStage.AntiCheat.ObscuredTypes.ObscuredVector3Int	get_Item	AD94AC	0	B28874	0	-	-	VENEER_B
NO_MANAGED_METHOD	ACTk.Runtime	CodeStage.AntiCheat.ObscuredTypes.ObscuredVector3Int	get_Item	AD94AC	0	B28874	0	-	-	VENEER_B
NO_MANAGED_METHOD	ACTk.Runtime	CodeStage.AntiCheat.ObscuredTypes.ObscuredVector3Int	get_Item	AD94AC	0	B28874	0	-	-	VENEER_B
NO_MANAGED_METHOD	ACTk.Runtime	CodeStage.AntiCheat.ObscuredTypes.ObscuredVector3Int	set_Item	AD94AC	0	B28874	0	-	-	VENEER_B
NO_MANAGED_METHOD	ACTk.Runtime	CodeStage.AntiCheat.ObscuredTypes.ObscuredVector3Int	set_Item	AD94AC	0	B28874	0	-	-	VENEER_B
NO_MANAGED_METHOD	ACTk.Runtime	CodeStage.AntiCheat.ObscuredTypes.ObscuredVector3Int	set_Item	AD94AC	0	B28874	0	-	-	VENEER_B
NO_MANAGED_METHOD	ACTk.Runtime	CodeStage.AntiCheat.Storage.ObscuredPrefs	BytesToDecimal	AD94AC	0	B28874	0	-	-	VENEER_B
NO_MANAGED_METHOD	ACTk.Runtime	CodeStage.AntiCheat.Storage.ObscuredPrefs	BytesToDecimal	AD94AC	0	B28874	0	-	-	VENEER_B
NO_MANAGED_METHOD	ACTk.Runtime	CodeStage.AntiCheat.Storage.ObscuredPrefs	BytesToDecimal	AD94AC	0	B28874	0	-	-	VENEER_B
NO_MANAGED_METHOD	ACTk.Runtime	CodeStage.AntiCheat.Storage.ObscuredPrefs	BytesToDecimal	1854EB0	0	0	0	-	-	PLT_STUB
NO_MANAGED_METHOD	ACTk.Runtime	CodeStage.AntiCheat.Detectors.TimeCheatingDetector+<CheckForCheat>d__68	System.Collections.IEnumerator.Reset	AD94AC	0	B28874	0	-	-	VENEER_B
NO_MANAGED_METHOD	ACTk.Runtime	CodeStage.AntiCheat.Detectors.TimeCheatingDetector+<CheckForCheat>d__68	System.Collections.IEnumerator.Reset	AD94AC	0	B28874	0	-	-	VENEER_B
NO_MANAGED_METHOD	ACTk.Runtime	CodeStage.AntiCheat.Detectors.TimeCheatingDetector+<ForceCheckEnumerator>d__60	System.Collections.IEnumerator.Reset	AD94AC	0	B28874	0	-	-	VENEER_B
NO_MANAGED_METHOD	ACTk.Runtime	CodeStage.AntiCheat.Detectors.TimeCheatingDetector+<ForceCheckEnumerator>d__60	System.Collections.IEnumerator.Reset	AD94AC	0	B28874	0	-	-	VENEER_B
NO_MANAGED_METHOD	ACTk.Runtime	CodeStage.AntiCheat.Detectors.TimeCheatingDetector+<ForceCheckTask>d__61	MoveNext	1854E70	0	0	0	-	-	PLT_STUB
NO_MANAGED_METHOD	ACTk.Runtime	CodeStage.AntiCheat.Detectors.TimeCheatingDetector+<ForceCheckTask>d__61	MoveNext	AD94AC	0	B28874	0	-	-	VENEER_B
NOT_AN_ADDRESS	ACTk.Runtime	CodeStage.AntiCheat.Detectors.TimeCheatingDetector+<ForceCheckTask>d__61	MoveNext	0	-1	0	0	-	-	-
NO_MANAGED_METHOD	ACTk.Runtime	CodeStage.AntiCheat.Detectors.TimeCheatingDetector+<ForceCheckTask>d__61	MoveNext	1854E80	0	0	0	-	-	PLT_STUB
NO_MANAGED_METHOD	ACTk.Runtime	CodeStage.AntiCheat.Detectors.TimeCheatingDetector+<ForceCheckTask>d__61	MoveNext	AD94AC	0	B28874	0	-	-	VENEER_B
NO_MANAGED_METHOD	ACTk.Runtime	CodeStage.AntiCheat.Detectors.TimeCheatingDetector+<ForceCheckTask>d__61	MoveNext	AD94AC	0	B28874	0	-	-	VENEER_B
NO_MANAGED_METHOD	ACTk.Runtime	CodeStage.AntiCheat.Detectors.TimeCheatingDetector+<ForceCheckTask>d__61	MoveNext	1854E90	0	0	0	-	-	PLT_STUB
NO_MANAGED_METHOD	ACTk.Runtime	CodeStage.AntiCheat.Detectors.TimeCheatingDetector+<ForceCheckTask>d__61	MoveNext	1854EA0	0	0	0	-	-	PLT_STUB
NO_MANAGED_METHOD	ACTk.Runtime	CodeStage.AntiCheat.Detectors.TimeCheatingDetector+<ForceCheckTask>d__61	MoveNext	1854E80	0	0	0	-	-	PLT_STUB
NO_MANAGED_METHOD	ACTk.Runtime	CodeStage.AntiCheat.Detectors.TimeCheatingDetector+<ForceCheckTask>d__61	MoveNext	BD3CD0	0	0	0	-	-	FUNCTION_PROLOGUE
NO_MANAGED_METHOD	ACTk.Runtime	CodeStage.AntiCheat.Detectors.TimeCheatingDetector+<ForceCheckTask>d__61	MoveNext	9DACB4	0	0	0	-	-	FUNCTION_PROLOGUE
NO_MANAGED_METHOD	ACTk.Runtime	CodeStage.AntiCheat.Detectors.TimeCheatingDetector+<GetOnlineTimeCoroutine>d__51	System.Collections.IEnumerator.Reset	AD94AC	0	B28874	0	-	-	VENEER_B
NO_MANAGED_METHOD	ACTk.Runtime	CodeStage.AntiCheat.Detectors.TimeCheatingDetector+<GetOnlineTimeCoroutine>d__51	System.Collections.IEnumerator.Reset	AD94AC	0	B28874	0	-	-	VENEER_B
NOT_AN_ADDRESS	ACTk.Runtime	CodeStage.AntiCheat.Genuine.CodeHash.AndroidWorker	Execute	0	-1	0	0	-	-	-
NOT_AN_ADDRESS	ACTk.Runtime	CodeStage.AntiCheat.Genuine.CodeHash.AndroidWorker	Execute	0	-1	0	0	-	-	-
NOT_AN_ADDRESS	ACTk.Runtime	CodeStage.AntiCheat.ObscuredTypes.ObscuredBool	Equals	0	-1	0	0	-	-	-
NO_MANAGED_METHOD	ACTk.Runtime	CodeStage.AntiCheat.Detectors.TimeCheatingDetector+<GetOnlineTimeCoroutine>d__52	MoveNext	1854E70	0	0	0	-	-	PLT_STUB
NO_MANAGED_METHOD	ACTk.Runtime	CodeStage.AntiCheat.Detectors.TimeCheatingDetector+<GetOnlineTimeCoroutine>d__52	MoveNext	1854E80	0	0	0	-	-	PLT_STUB
NO_MANAGED_METHOD	ACTk.Runtime	CodeStage.AntiCheat.Detectors.TimeCheatingDetector+<GetOnlineTimeCoroutine>d__52	MoveNext	9DD83C	0	0	0	-	-	FUNCTION_PROLOGUE
NO_MANAGED_METHOD	ACTk.Runtime	CodeStage.AntiCheat.Detectors.TimeCheatingDetector+<GetOnlineTimeCoroutine>d__52	MoveNext	BD3CD0	0	0	0	-	-	FUNCTION_PROLOGUE
NO_MANAGED_METHOD	ACTk.Runtime	CodeStage.AntiCheat.Detectors.TimeCheatingDetector+<GetOnlineTimeCoroutine>d__52	MoveNext	9DACB4	0	0	0	-	-	FUNCTION_PROLOGUE
NO_MANAGED_METHOD	ACTk.Runtime	CodeStage.AntiCheat.Detectors.TimeCheatingDetector+<GetOnlineTimeCoroutine>d__52	System.Collections.IEnumerator.Reset	AD94AC	0	B28874	0	-	-	VENEER_B
NO_MANAGED_METHOD	ACTk.Runtime	CodeStage.AntiCheat.Detectors.TimeCheatingDetector+<GetOnlineTimeCoroutine>d__52	System.Collections.IEnumerator.Reset	AD94AC	0	B28874	0	-	-	VENEER_B
NO_MANAGED_METHOD	ACTk.Runtime	CodeStage.AntiCheat.Genuine.CodeHash.StandaloneWindowsWorker	GetBuildHashes	BD3CD0	0	0	0	-	-	FUNCTION_PROLOGUE
NO_MANAGED_METHOD	ACTk.Runtime	CodeStage.AntiCheat.Genuine.CodeHash.StandaloneWindowsWorker	GetBuildHashes	9DACB4	0	0	0	-	-	FUNCTION_PROLOGUE
NO_MANAGED_METHOD	ACTk.Runtime	CodeStage.AntiCheat.Genuine.CodeHash.StandaloneWindowsWorker	GetBuildHashes	9DACB4	0	0	0	-	-	FUNCTION_PROLOGUE
NO_MANAGED_METHOD	ACTk.Runtime	CodeStage.AntiCheat.Detectors.WallHackDetector	UpdateServiceContainer	BF7EB8	0	0	0	-	-	FUNCTION_PROLOGUE
NO_MANAGED_METHOD	ACTk.Runtime	CodeStage.AntiCheat.Detectors.WallHackDetector	UpdateServiceContainer	BF7EB8	0	0	0	-	-	FUNCTION_PROLOGUE
NO_MANAGED_METHOD	ACTk.Runtime	CodeStage.AntiCheat.Detectors.TimeCheatingDetector+<GetOnlineTimeTask>d__53	MoveNext	1854E70	0	0	0	-	-	PLT_STUB
NO_MANAGED_METHOD	ACTk.Runtime	CodeStage.AntiCheat.Detectors.TimeCheatingDetector+<GetOnlineTimeTask>d__53	MoveNext	AD94AC	0	B28874	0	-	-	VENEER_B
NOT_AN_ADDRESS	ACTk.Runtime	CodeStage.AntiCheat.Detectors.TimeCheatingDetector+<GetOnlineTimeTask>d__53	MoveNext	0	-1	0	0	-	-	-
NO_MANAGED_METHOD	ACTk.Runtime	CodeStage.AntiCheat.Detectors.TimeCheatingDetector+<GetOnlineTimeTask>d__53	MoveNext	1854E80	0	0	0	-	-	PLT_STUB
NO_MANAGED_METHOD	ACTk.Runtime	CodeStage.AntiCheat.Detectors.TimeCheatingDetector+<GetOnlineTimeTask>d__53	MoveNext	AD94AC	0	B28874	0	-	-	VENEER_B
NO_MANAGED_METHOD	ACTk.Runtime	CodeStage.AntiCheat.Detectors.TimeCheatingDetector+<GetOnlineTimeTask>d__53	MoveNext	AD94AC	0	B28874	0	-	-	VENEER_B
NO_MANAGED_METHOD	ACTk.Runtime	CodeStage.AntiCheat.Detectors.TimeCheatingDetector+<GetOnlineTimeTask>d__53	MoveNext	1854E90	0	0	0	-	-	PLT_STUB
NO_MANAGED_METHOD	ACTk.Runtime	CodeStage.AntiCheat.Detectors.TimeCheatingDetector+<GetOnlineTimeTask>d__53	MoveNext	1854EA0	0	0	0	-	-	PLT_STUB
NO_MANAGED_METHOD	ACTk.Runtime	CodeStage.AntiCheat.Detectors.TimeCheatingDetector+<GetOnlineTimeTask>d__53	MoveNext	1854E80	0	0	0	-	-	PLT_STUB
NO_MANAGED_METHOD	ACTk.Runtime	CodeStage.AntiCheat.Detectors.TimeCheatingDetector+<GetOnlineTimeTask>d__53	MoveNext	BD3CD0	0	0	0	-	-	FUNCTION_PROLOGUE
NO_MANAGED_METHOD	ACTk.Runtime	CodeStage.AntiCheat.Detectors.TimeCheatingDetector+<GetOnlineTimeTask>d__53	MoveNext	9DACB4	0	0	0	-	-	FUNCTION_PROLOGUE
NO_MANAGED_METHOD	ACTk.Runtime	CodeStage.AntiCheat.Genuine.CodeHash.StandaloneWindowsWorker	GenerateHashThread	1854E70	0	0	0	-	-	PLT_STUB
NO_MANAGED_METHOD	ACTk.Runtime	CodeStage.AntiCheat.Genuine.CodeHash.StandaloneWindowsWorker	GenerateHashThread	AD94AC	0	B28874	0	-	-	VENEER_B
NOT_AN_ADDRESS	ACTk.Runtime	CodeStage.AntiCheat.Genuine.CodeHash.StandaloneWindowsWorker	GenerateHashThread	0	-1	0	0	-	-	-
NO_MANAGED_METHOD	ACTk.Runtime	CodeStage.AntiCheat.Genuine.CodeHash.StandaloneWindowsWorker	GenerateHashThread	1854E80	0	0	0	-	-	PLT_STUB
NO_MANAGED_METHOD	ACTk.Runtime	CodeStage.AntiCheat.Genuine.CodeHash.StandaloneWindowsWorker	GenerateHashThread	AD94AC	0	B28874	0	-	-	VENEER_B
NO_MANAGED_METHOD	ACTk.Runtime	CodeStage.AntiCheat.Genuine.CodeHash.StandaloneWindowsWorker	GenerateHashThread	1854E90	0	0	0	-	-	PLT_STUB
NO_MANAGED_METHOD	ACTk.Runtime	CodeStage.AntiCheat.Genuine.CodeHash.StandaloneWindowsWorker	GenerateHashThread	1854EA0	0	0	0	-	-	PLT_STUB
NO_MANAGED_METHOD	ACTk.Runtime	CodeStage.AntiCheat.Genuine.CodeHash.StandaloneWindowsWorker	GenerateHashThread	1854E80	0	0	0	-	-	PLT_STUB
NO_MANAGED_METHOD	ACTk.Runtime	CodeStage.AntiCheat.Genuine.CodeHash.StandaloneWindowsWorker	GenerateHashThread	BD3CD0	0	0	0	-	-	FUNCTION_PROLOGUE
NO_MANAGED_METHOD	ACTk.Runtime	CodeStage.AntiCheat.Genuine.CodeHash.StandaloneWindowsWorker	GenerateHashThread	9DACB4	0	0	0	-	-	FUNCTION_PROLOGUE
NO_MANAGED_METHOD	ACTk.Runtime	CodeStage.AntiCheat.Genuine.CodeHash.StandaloneWindowsWorker	GenerateHashThread	AD94AC	0	B28874	0	-	-	VENEER_B
NO_MANAGED_METHOD	spine-unity-examples	Spine.Unity.Examples.FootSoldierExample+<Blink>d__15	System.Collections.IEnumerator.Reset	AD94AC	0	B28874	0	-	-	VENEER_B
NO_MANAGED_METHOD	spine-unity-examples	Spine.Unity.Examples.FootSoldierExample+<Blink>d__15	System.Collections.IEnumerator.Reset	AD94AC	0	B28874	0	-	-	VENEER_B
NO_MANAGED_METHOD	ACTk.Runtime	CodeStage.AntiCheat.Detectors.ACTkDetectorBase`1	add_CheatDetected	AF4130	0	0	0	-	-	FUNCTION_PROLOGUE
NO_MANAGED_METHOD	ACTk.Runtime	CodeStage.AntiCheat.Detectors.ACTkDetectorBase`1	remove_CheatDetected	AF4130	0	0	0	-	-	FUNCTION_PROLOGUE
NO_MANAGED_METHOD	spine-unity-examples	Spine.Unity.Examples.BasicPlatformerController	add_OnJump	AF4130	0	0	0	-	-	FUNCTION_PROLOGUE
NO_MANAGED_METHOD	spine-unity-examples	Spine.Unity.Examples.BasicPlatformerController	remove_OnJump	AF4130	0	0	0	-	-	FUNCTION_PROLOGUE
NO_MANAGED_METHOD	spine-unity-examples	Spine.Unity.Examples.BasicPlatformerController	add_OnLand	AF4130	0	0	0	-	-	FUNCTION_PROLOGUE
NO_MANAGED_METHOD	spine-unity-examples	Spine.Unity.Examples.BasicPlatformerController	remove_OnLand	AF4130	0	0	0	-	-	FUNCTION_PROLOGUE
NO_MANAGED_METHOD	spine-unity-examples	Spine.Unity.Examples.BasicPlatformerController	add_OnHardLand	AF4130	0	0	0	-	-	FUNCTION_PROLOGUE
NO_MANAGED_METHOD	ACTk.Runtime	CodeStage.AntiCheat.Common.KeepAliveBehaviour`1	set_Instance	B348B0	0	0	0	-	-	FUNCTION_PROLOGUE
NO_MANAGED_METHOD	spine-unity-examples	Spine.Unity.Examples.BasicPlatformerController	remove_OnHardLand	AF4130	0	0	0	-	-	FUNCTION_PROLOGUE
NO_MANAGED_METHOD	ACTk.Runtime	CodeStage.AntiCheat.Common.KeepAliveBehaviour`1	Awake	B348B0	0	0	0	-	-	FUNCTION_PROLOGUE
SHARED_2	ACTk.Runtime	CodeStage.AntiCheat.Common.KeepAliveBehaviour`1	Start	11FA4B8	2	0	0	-	-	FUNCTION_PROLOGUE
NO_MANAGED_METHOD	spine-unity-examples	Spine.Unity.Examples.SkeletonAnimationHandleExample	TryGetTransition	1854E70	0	0	0	-	-	PLT_STUB
NO_MANAGED_METHOD	spine-unity-examples	Spine.Unity.Examples.SkeletonAnimationHandleExample	TryGetTransition	1854E80	0	0	0	-	-	PLT_STUB
NO_MANAGED_METHOD	spine-unity-examples	Spine.Unity.Examples.SkeletonAnimationHandleExample	TryGetTransition	BD3CD0	0	0	0	-	-	FUNCTION_PROLOGUE
NO_MANAGED_METHOD	spine-unity-examples	Spine.Unity.Examples.SkeletonAnimationHandleExample	TryGetTransition	9DACB4	0	0	0	-	-	FUNCTION_PROLOGUE
NO_MANAGED_METHOD	ACTk.Runtime	CodeStage.AntiCheat.Detectors.TimeCheatingDetector+<GetOnlineTimeTask>d__54	MoveNext	1854E70	0	0	0	-	-	PLT_STUB
NO_MANAGED_METHOD	ACTk.Runtime	CodeStage.AntiCheat.Detectors.TimeCheatingDetector+<GetOnlineTimeTask>d__54	MoveNext	1854E80	0	0	0	-	-	PLT_STUB
NO_MANAGED_METHOD	ACTk.Runtime	CodeStage.AntiCheat.Detectors.TimeCheatingDetector+<GetOnlineTimeTask>d__54	MoveNext	1854E70	0	0	0	-	-	PLT_STUB
NO_MANAGED_METHOD	ACTk.Runtime	CodeStage.AntiCheat.Detectors.TimeCheatingDetector+<GetOnlineTimeTask>d__54	MoveNext	AD94AC	0	B28874	0	-	-	VENEER_B
NOT_AN_ADDRESS	ACTk.Runtime	CodeStage.AntiCheat.Detectors.TimeCheatingDetector+<GetOnlineTimeTask>d__54	MoveNext	0	-1	0	0	-	-	-
NO_MANAGED_METHOD	ACTk.Runtime	CodeStage.AntiCheat.Detectors.TimeCheatingDetector+<GetOnlineTimeTask>d__54	MoveNext	1854E80	0	0	0	-	-	PLT_STUB
NO_MANAGED_METHOD	ACTk.Runtime	CodeStage.AntiCheat.Detectors.TimeCheatingDetector+<GetOnlineTimeTask>d__54	MoveNext	AD94AC	0	B28874	0	-	-	VENEER_B
NO_MANAGED_METHOD	ACTk.Runtime	CodeStage.AntiCheat.Detectors.TimeCheatingDetector+<GetOnlineTimeTask>d__54	MoveNext	AD94AC	0	B28874	0	-	-	VENEER_B
NO_MANAGED_METHOD	ACTk.Runtime	CodeStage.AntiCheat.Detectors.TimeCheatingDetector+<GetOnlineTimeTask>d__54	MoveNext	1854E90	0	0	0	-	-	PLT_STUB
NO_MANAGED_METHOD	ACTk.Runtime	CodeStage.AntiCheat.Detectors.TimeCheatingDetector+<GetOnlineTimeTask>d__54	MoveNext	1854EA0	0	0	0	-	-	PLT_STUB
NO_MANAGED_METHOD	ACTk.Runtime	CodeStage.AntiCheat.Detectors.TimeCheatingDetector+<GetOnlineTimeTask>d__54	MoveNext	1854E80	0	0	0	-	-	PLT_STUB
NO_MANAGED_METHOD	ACTk.Runtime	CodeStage.AntiCheat.Detectors.TimeCheatingDetector+<GetOnlineTimeTask>d__54	MoveNext	BD3CD0	0	0	0	-	-	FUNCTION_PROLOGUE
NO_MANAGED_METHOD	ACTk.Runtime	CodeStage.AntiCheat.Detectors.TimeCheatingDetector+<GetOnlineTimeTask>d__54	MoveNext	9DACB4	0	0	0	-	-	FUNCTION_PROLOGUE
NO_MANAGED_METHOD	ACTk.Runtime	CodeStage.AntiCheat.Common.KeepAliveBehaviour`1	OnDestroy	B348B0	0	0	0	-	-	FUNCTION_PROLOGUE
NO_MANAGED_METHOD	ACTk.Runtime	CodeStage.AntiCheat.Detectors.TimeCheatingDetector	add_CheatChecked	AF4130	0	0	0	-	-	FUNCTION_PROLOGUE
NO_MANAGED_METHOD	spine-unity-examples	HurtFlashEffect+<FlashRoutine>d__9	System.Collections.IEnumerator.Reset	AD94AC	0	B28874	0	-	-	VENEER_B
NO_MANAGED_METHOD	spine-unity-examples	HurtFlashEffect+<FlashRoutine>d__9	System.Collections.IEnumerator.Reset	AD94AC	0	B28874	0	-	-	VENEER_B
NO_MANAGED_METHOD	ACTk.Runtime	CodeStage.AntiCheat.Detectors.TimeCheatingDetector	remove_CheatChecked	AF4130	0	0	0	-	-	FUNCTION_PROLOGUE
NO_MANAGED_METHOD	spine-unity-examples	Spine.Unity.SkeletonAnimationMulti	Clear	BD3CD0	0	0	0	-	-	FUNCTION_PROLOGUE
NO_MANAGED_METHOD	spine-unity-examples	Spine.Unity.SkeletonAnimationMulti	Clear	9DACB4	0	0	0	-	-	FUNCTION_PROLOGUE
NO_MANAGED_METHOD	spine-unity-examples	Spine.Unity.SkeletonAnimationMulti	SetActiveSkeleton	1854E70	0	0	0	-	-	PLT_STUB
NO_MANAGED_METHOD	spine-unity-examples	Spine.Unity.SkeletonAnimationMulti	SetActiveSkeleton	1854E80	0	0	0	-	-	PLT_STUB
NO_MANAGED_METHOD	spine-unity-examples	Spine.Unity.SkeletonAnimationMulti	SetActiveSkeleton	BD3CD0	0	0	0	-	-	FUNCTION_PROLOGUE
NO_MANAGED_METHOD	spine-unity-examples	Spine.Unity.SkeletonAnimationMulti	SetActiveSkeleton	9DACB4	0	0	0	-	-	FUNCTION_PROLOGUE
NO_MANAGED_METHOD	spine-unity-examples	Spine.Unity.Examples.Raptor+<GunGrabRoutine>d__5	System.Collections.IEnumerator.Reset	AD94AC	0	B28874	0	-	-	VENEER_B
NO_MANAGED_METHOD	spine-unity-examples	Spine.Unity.Examples.Raptor+<GunGrabRoutine>d__5	System.Collections.IEnumerator.Reset	AD94AC	0	B28874	0	-	-	VENEER_B
NO_MANAGED_METHOD	ACTk.Runtime	CodeStage.AntiCheat.Detectors.TimeCheatingDetector	GetWebRequest	1854E70	0	0	0	-	-	PLT_STUB
NO_MANAGED_METHOD	ACTk.Runtime	CodeStage.AntiCheat.Detectors.TimeCheatingDetector	GetWebRequest	AD94AC	0	B28874	0	-	-	VENEER_B
NOT_AN_ADDRESS	ACTk.Runtime	CodeStage.AntiCheat.Detectors.TimeCheatingDetector	GetWebRequest	0	-1	0	0	-	-	-
NO_MANAGED_METHOD	ACTk.Runtime	CodeStage.AntiCheat.Detectors.TimeCheatingDetector	GetWebRequest	1854E80	0	0	0	-	-	PLT_STUB
NO_MANAGED_METHOD	ACTk.Runtime	CodeStage.AntiCheat.Detectors.TimeCheatingDetector	GetWebRequest	AD94AC	0	B28874	0	-	-	VENEER_B
NO_MANAGED_METHOD	ACTk.Runtime	CodeStage.AntiCheat.Detectors.TimeCheatingDetector	GetWebRequest	AD94AC	0	B28874	0	-	-	VENEER_B
NO_MANAGED_METHOD	ACTk.Runtime	CodeStage.AntiCheat.Detectors.TimeCheatingDetector	GetWebRequest	1854E90	0	0	0	-	-	PLT_STUB
NO_MANAGED_METHOD	ACTk.Runtime	CodeStage.AntiCheat.Detectors.TimeCheatingDetector	GetWebRequest	1854EA0	0	0	0	-	-	PLT_STUB
NO_MANAGED_METHOD	ACTk.Runtime	CodeStage.AntiCheat.Detectors.TimeCheatingDetector	GetWebRequest	1854E80	0	0	0	-	-	PLT_STUB
NO_MANAGED_METHOD	ACTk.Runtime	CodeStage.AntiCheat.Detectors.TimeCheatingDetector	GetWebRequest	BD3CD0	0	0	0	-	-	FUNCTION_PROLOGUE
NO_MANAGED_METHOD	ACTk.Runtime	CodeStage.AntiCheat.Detectors.TimeCheatingDetector	GetWebRequest	9DACB4	0	0	0	-	-	FUNCTION_PROLOGUE
NO_MANAGED_METHOD	spine-unity-examples	Spine.Unity.Examples.SpineBeginnerTwo+<DoDemoRoutine>d__11	System.Collections.IEnumerator.Reset	AD94AC	0	B28874	0	-	-	VENEER_B
NO_MANAGED_METHOD	spine-unity-examples	Spine.Unity.Examples.SpineBeginnerTwo+<DoDemoRoutine>d__11	System.Collections.IEnumerator.Reset	AD94AC	0	B28874	0	-	-	VENEER_B
NO_MANAGED_METHOD	spine-unity-examples	Spine.Unity.Prototyping.SkeletonColorInitialize	ApplySettings	BD3CD0	0	0	0	-	-	FUNCTION_PROLOGUE
NO_MANAGED_METHOD	spine-unity-examples	Spine.Unity.Prototyping.SkeletonColorInitialize	ApplySettings	9DACB4	0	0	0	-	-	FUNCTION_PROLOGUE
NO_MANAGED_METHOD	spine-unity-examples	Spine.Unity.Examples.SpineBlinkPlayer+<Start>d__4	System.Collections.IEnumerator.Reset	AD94AC	0	B28874	0	-	-	VENEER_B
NO_MANAGED_METHOD	spine-unity-examples	Spine.Unity.Examples.SpineBlinkPlayer+<Start>d__4	System.Collections.IEnumerator.Reset	AD94AC	0	B28874	0	-	-	VENEER_B
NO_MANAGED_METHOD	spine-unity-examples	Spine.Unity.Prototyping.SpineEventUnityHandler	Start	1854E70	0	0	0	-	-	PLT_STUB
NO_MANAGED_METHOD	spine-unity-examples	Spine.Unity.Prototyping.SpineEventUnityHandler	Start	1854E80	0	0	0	-	-	PLT_STUB
NO_MANAGED_METHOD	ACTk.Runtime	CodeStage.AntiCheat.Detectors.TimeCheatingDetector	TryGetDate	1854E70	0	0	0	-	-	PLT_STUB
NO_MANAGED_METHOD	ACTk.Runtime	CodeStage.AntiCheat.Detectors.TimeCheatingDetector	TryGetDate	AD94AC	0	B28874	0	-	-	VENEER_B
NOT_AN_ADDRESS	ACTk.Runtime	CodeStage.AntiCheat.Detectors.TimeCheatingDetector	TryGetDate	0	-1	0	0	-	-	-
NO_MANAGED_METHOD	ACTk.Runtime	CodeStage.AntiCheat.Detectors.TimeCheatingDetector	TryGetDate	1854E80	0	0	0	-	-	PLT_STUB
NO_MANAGED_METHOD	ACTk.Runtime	CodeStage.AntiCheat.Detectors.TimeCheatingDetector	TryGetDate	AD94AC	0	B28874	0	-	-	VENEER_B
NO_MANAGED_METHOD	ACTk.Runtime	CodeStage.AntiCheat.Detectors.TimeCheatingDetector	TryGetDate	1854E90	0	0	0	-	-	PLT_STUB
NO_MANAGED_METHOD	ACTk.Runtime	CodeStage.AntiCheat.Detectors.TimeCheatingDetector	TryGetDate	1854EA0	0	0	0	-	-	PLT_STUB
NO_MANAGED_METHOD	ACTk.Runtime	CodeStage.AntiCheat.Detectors.TimeCheatingDetector	TryGetDate	1854E80	0	0	0	-	-	PLT_STUB
NO_MANAGED_METHOD	ACTk.Runtime	CodeStage.AntiCheat.Detectors.TimeCheatingDetector	TryGetDate	BD3CD0	0	0	0	-	-	FUNCTION_PROLOGUE
NO_MANAGED_METHOD	ACTk.Runtime	CodeStage.AntiCheat.Detectors.TimeCheatingDetector	TryGetDate	9DACB4	0	0	0	-	-	FUNCTION_PROLOGUE
NO_MANAGED_METHOD	spine-unity-examples	Spine.Unity.Prototyping.SpineEventUnityHandler	OnDestroy	1854E70	0	0	0	-	-	PLT_STUB
NO_MANAGED_METHOD	spine-unity-examples	Spine.Unity.Prototyping.SpineEventUnityHandler	OnDestroy	1854E80	0	0	0	-	-	PLT_STUB
NO_MANAGED_METHOD	spine-unity-examples	Spine.Unity.Examples.SpineboyBeginnerModel+<JumpRoutine>d__19	System.Collections.IEnumerator.Reset	AD94AC	0	B28874	0	-	-	VENEER_B
NO_MANAGED_METHOD	spine-unity-examples	Spine.Unity.Examples.SpineboyBeginnerModel+<JumpRoutine>d__19	System.Collections.IEnumerator.Reset	AD94AC	0	B28874	0	-	-	VENEER_B
NO_MANAGED_METHOD	ACTk.Runtime	CodeStage.AntiCheat.Detectors.TimeCheatingDetector	TryGetDate	AD94AC	0	B28874	0	-	-	VENEER_B
NO_MANAGED_METHOD	spine-unity-examples	Spine.Unity.Examples.SpineboyBeginnerModel	add_ShootEvent	AF4130	0	0	0	-	-	FUNCTION_PROLOGUE
NO_MANAGED_METHOD	spine-unity-examples	Spine.Unity.Examples.SpineboyBeginnerModel	remove_ShootEvent	AF4130	0	0	0	-	-	FUNCTION_PROLOGUE
NO_MANAGED_METHOD	spine-unity-examples	Spine.Unity.Examples.SpineboyBeginnerModel	add_StartAimEvent	AF4130	0	0	0	-	-	FUNCTION_PROLOGUE
NO_MANAGED_METHOD	spine-unity-examples	Spine.Unity.Examples.SpineboyBeginnerModel	remove_StartAimEvent	AF4130	0	0	0	-	-	FUNCTION_PROLOGUE
NO_MANAGED_METHOD	spine-unity-examples	Spine.Unity.Examples.SpineboyBeginnerModel	add_StopAimEvent	AF4130	0	0	0	-	-	FUNCTION_PROLOGUE
NO_MANAGED_METHOD	spine-unity-examples	Spine.Unity.Examples.SpineboyBeginnerModel	remove_StopAimEvent	AF4130	0	0	0	-	-	FUNCTION_PROLOGUE
NO_MANAGED_METHOD	ACTk.Runtime	CodeStage.AntiCheat.Detectors.TimeCheatingDetector	ReportCheckResult	AD94AC	0	B28874	0	-	-	VENEER_B
NO_MANAGED_METHOD	ACTk.Runtime	CodeStage.AntiCheat.Detectors.TimeCheatingDetector	ReportCheckResult	AD94AC	0	B28874	0	-	-	VENEER_B
NO_MANAGED_METHOD	spine-unity-examples	Spine.Unity.Examples.DataAssetsFromExportsExample+<Start>d__8	System.Collections.IEnumerator.Reset	AD94AC	0	B28874	0	-	-	VENEER_B
NO_MANAGED_METHOD	spine-unity-examples	Spine.Unity.Examples.DataAssetsFromExportsExample+<Start>d__8	System.Collections.IEnumerator.Reset	AD94AC	0	B28874	0	-	-	VENEER_B
NO_MANAGED_METHOD	spine-unity-examples	Spine.Unity.Examples.SkeletonGhostRenderer+<FadeAdditive>d__11	System.Collections.IEnumerator.Reset	AD94AC	0	B28874	0	-	-	VENEER_B
NO_MANAGED_METHOD	spine-unity-examples	Spine.Unity.Examples.SkeletonGhostRenderer+<FadeAdditive>d__11	System.Collections.IEnumerator.Reset	AD94AC	0	B28874	0	-	-	VENEER_B
NO_MANAGED_METHOD	spine-unity-examples	Spine.Unity.Examples.MixAndMatch+<Start>d__14	System.Collections.IEnumerator.Reset	AD94AC	0	B28874	0	-	-	VENEER_B
NO_MANAGED_METHOD	spine-unity-examples	Spine.Unity.Examples.MixAndMatch+<Start>d__14	System.Collections.IEnumerator.Reset	AD94AC	0	B28874	0	-	-	VENEER_B
NO_MANAGED_METHOD	ACTk.Runtime	CodeStage.AntiCheat.Detectors.TimeCheatingDetector	add_Error	AF4130	0	0	0	-	-	FUNCTION_PROLOGUE
NO_MANAGED_METHOD	ACTk.Runtime	CodeStage.AntiCheat.Detectors.TimeCheatingDetector	remove_Error	AF4130	0	0	0	-	-	FUNCTION_PROLOGUE
NO_MANAGED_METHOD	ACTk.Runtime	CodeStage.AntiCheat.Detectors.TimeCheatingDetector	add_CheckPassed	AF4130	0	0	0	-	-	FUNCTION_PROLOGUE
NO_MANAGED_METHOD	spine-unity-examples	Spine.Unity.Examples.MixAndMatchGraphic+<Start>d__13	System.Collections.IEnumerator.Reset	AD94AC	0	B28874	0	-	-	VENEER_B
NO_MANAGED_METHOD	spine-unity-examples	Spine.Unity.Examples.MixAndMatchGraphic+<Start>d__13	System.Collections.IEnumerator.Reset	AD94AC	0	B28874	0	-	-	VENEER_B
NO_MANAGED_METHOD	spine-unity-examples	Spine.Unity.Examples.AtlasRegionAttacher	Apply	1854E70	0	0	0	-	-	PLT_STUB
NO_MANAGED_METHOD	spine-unity-examples	Spine.Unity.Examples.AtlasRegionAttacher	Apply	1854E80	0	0	0	-	-	PLT_STUB
NO_MANAGED_METHOD	ACTk.Runtime	CodeStage.AntiCheat.Detectors.TimeCheatingDetector	remove_CheckPassed	AF4130	0	0	0	-	-	FUNCTION_PROLOGUE
NO_MANAGED_METHOD	spine-unity-examples	Spine.Unity.Examples.RaggedySpineboy+<Restore>d__10	System.Collections.IEnumerator.Reset	AD94AC	0	B28874	0	-	-	VENEER_B
NO_MANAGED_METHOD	spine-unity-examples	Spine.Unity.Examples.RaggedySpineboy+<Restore>d__10	System.Collections.IEnumerator.Reset	AD94AC	0	B28874	0	-	-	VENEER_B
NO_MANAGED_METHOD	ACTk.Runtime	CodeStage.AntiCheat.Detectors.WallHackDetector+<CaptureFrame>d__76	System.Collections.IEnumerator.Reset	AD94AC	0	B28874	0	-	-	VENEER_B
NO_MANAGED_METHOD	ACTk.Runtime	CodeStage.AntiCheat.Detectors.WallHackDetector+<CaptureFrame>d__76	System.Collections.IEnumerator.Reset	AD94AC	0	B28874	0	-	-	VENEER_B
NO_MANAGED_METHOD	spine-unity-examples	Spine.Unity.Examples.RaggedySpineboy+<WaitUntilStopped>d__11	System.Collections.IEnumerator.Reset	AD94AC	0	B28874	0	-	-	VENEER_B
NO_MANAGED_METHOD	spine-unity-examples	Spine.Unity.Examples.RaggedySpineboy+<WaitUntilStopped>d__11	System.Collections.IEnumerator.Reset	AD94AC	0	B28874	0	-	-	VENEER_B
NO_MANAGED_METHOD	ACTk.Runtime	CodeStage.AntiCheat.Detectors.WallHackDetector+<InitDetector>d__71	System.Collections.IEnumerator.Reset	AD94AC	0	B28874	0	-	-	VENEER_B
NO_MANAGED_METHOD	ACTk.Runtime	CodeStage.AntiCheat.Detectors.WallHackDetector+<InitDetector>d__71	System.Collections.IEnumerator.Reset	AD94AC	0	B28874	0	-	-	VENEER_B
NO_MANAGED_METHOD	spine-unity-examples	Spine.Unity.Examples.CombinedSkin	Start	1854E70	0	0	0	-	-	PLT_STUB
NO_MANAGED_METHOD	spine-unity-examples	Spine.Unity.Examples.CombinedSkin	Start	1854E80	0	0	0	-	-	PLT_STUB
NO_MANAGED_METHOD	spine-unity-examples	Spine.Unity.Examples.TransitionDictionaryExample	Start	BD3CD0	0	0	0	-	-	FUNCTION_PROLOGUE
NO_MANAGED_METHOD	spine-unity-examples	Spine.Unity.Examples.TransitionDictionaryExample	Start	9DACB4	0	0	0	-	-	FUNCTION_PROLOGUE
NO_MANAGED_METHOD	spine-unity-examples	Spine.Unity.Examples.SkeletonRagdoll+<SmoothMixCoroutine>d__41	System.Collections.IEnumerator.Reset	AD94AC	0	B28874	0	-	-	VENEER_B
NO_MANAGED_METHOD	spine-unity-examples	Spine.Unity.Examples.SkeletonRagdoll+<SmoothMixCoroutine>d__41	System.Collections.IEnumerator.Reset	AD94AC	0	B28874	0	-	-	VENEER_B
NO_MANAGED_METHOD	spine-unity-examples	Spine.Unity.Examples.SkeletonRagdoll+<Start>d__34	System.Collections.IEnumerator.Reset	AD94AC	0	B28874	0	-	-	VENEER_B
NO_MANAGED_METHOD	spine-unity-examples	Spine.Unity.Examples.SkeletonRagdoll+<Start>d__34	System.Collections.IEnumerator.Reset	AD94AC	0	B28874	0	-	-	VENEER_B
NO_MANAGED_METHOD	spine-unity-examples	Spine.Unity.Examples.SkeletonGhost	OnDestroy	1854E70	0	0	0	-	-	PLT_STUB
NO_MANAGED_METHOD	spine-unity-examples	Spine.Unity.Examples.SkeletonGhost	OnDestroy	1854E80	0	0	0	-	-	PLT_STUB
NO_MANAGED_METHOD	spine-unity-examples	Spine.Unity.Examples.SkeletonGhost	OnDestroy	BD3CD0	0	0	0	-	-	FUNCTION_PROLOGUE
NO_MANAGED_METHOD	spine-unity-examples	Spine.Unity.Examples.SkeletonGhost	OnDestroy	9DACB4	0	0	0	-	-	FUNCTION_PROLOGUE
NO_MANAGED_METHOD	spine-unity-examples	Spine.Unity.Examples.SkeletonGhost	HexToColor	BF7EB8	0	0	0	-	-	FUNCTION_PROLOGUE
NOT_AN_ADDRESS	spine-unity-examples	Spine.Unity.Examples.SkeletonRagdoll	get_RigidbodyArray	0	-1	0	0	-	-	-
NO_MANAGED_METHOD	spine-unity-examples	Spine.Unity.Examples.SkeletonRagdoll	get_RigidbodyArray	1854E70	0	0	0	-	-	PLT_STUB
NO_MANAGED_METHOD	spine-unity-examples	Spine.Unity.Examples.SkeletonRagdoll	get_RigidbodyArray	1854E80	0	0	0	-	-	PLT_STUB
NO_MANAGED_METHOD	spine-unity-examples	Spine.Unity.Examples.DummyMecanimControllerExample+<FakeJump>d__12	System.Collections.IEnumerator.Reset	AD94AC	0	B28874	0	-	-	VENEER_B
NO_MANAGED_METHOD	spine-unity-examples	Spine.Unity.Examples.DummyMecanimControllerExample+<FakeJump>d__12	System.Collections.IEnumerator.Reset	AD94AC	0	B28874	0	-	-	VENEER_B
NO_MANAGED_METHOD	spine-unity-examples	Spine.Unity.Examples.SkeletonGhostRenderer+<Fade>d__10	System.Collections.IEnumerator.Reset	AD94AC	0	B28874	0	-	-	VENEER_B
NO_MANAGED_METHOD	spine-unity-examples	Spine.Unity.Examples.SkeletonGhostRenderer+<Fade>d__10	System.Collections.IEnumerator.Reset	AD94AC	0	B28874	0	-	-	VENEER_B
NO_MANAGED_METHOD	spine-unity-examples	Spine.Unity.Examples.SpawnFromSkeletonDataExample+<Start>d__3	System.Collections.IEnumerator.Reset	AD94AC	0	B28874	0	-	-	VENEER_B
NO_MANAGED_METHOD	spine-unity-examples	Spine.Unity.Examples.SpawnFromSkeletonDataExample+<Start>d__3	System.Collections.IEnumerator.Reset	AD94AC	0	B28874	0	-	-	VENEER_B
NO_MANAGED_METHOD	GoogleMobileAds	GoogleMobileAds.Unity.BannerClient	remove_OnAdClosed	AF4130	0	0	0	-	-	FUNCTION_PROLOGUE
NO_MANAGED_METHOD	spine-unity-examples	Spine.Unity.Examples.SpawnSkeletonGraphicExample+<Start>d__4	System.Collections.IEnumerator.Reset	AD94AC	0	B28874	0	-	-	VENEER_B
NO_MANAGED_METHOD	spine-unity-examples	Spine.Unity.Examples.SpawnSkeletonGraphicExample+<Start>d__4	System.Collections.IEnumerator.Reset	AD94AC	0	B28874	0	-	-	VENEER_B
NO_MANAGED_METHOD	GoogleMobileAds	GoogleMobileAds.Unity.BannerClient	add_OnAdLeavingApplication	AF4130	0	0	0	-	-	FUNCTION_PROLOGUE
NO_MANAGED_METHOD	spine-unity-examples	Spine.Unity.Examples.SkeletonAnimationHandleExample	Awake	1854E70	0	0	0	-	-	PLT_STUB
NO_MANAGED_METHOD	spine-unity-examples	Spine.Unity.Examples.SkeletonAnimationHandleExample	Awake	1854E80	0	0	0	-	-	PLT_STUB
NO_MANAGED_METHOD	GoogleMobileAds	GoogleMobileAds.Unity.BannerClient	remove_OnAdLeavingApplication	AF4130	0	0	0	-	-	FUNCTION_PROLOGUE
NO_MANAGED_METHOD	GoogleMobileAds	GoogleMobileAds.Unity.BannerClient	add_OnPaidEvent	AF4130	0	0	0	-	-	FUNCTION_PROLOGUE
NO_MANAGED_METHOD	GoogleMobileAds	GoogleMobileAds.Unity.BannerClient	remove_OnPaidEvent	AF4130	0	0	0	-	-	FUNCTION_PROLOGUE
NO_MANAGED_METHOD	GoogleMobileAds	GoogleMobileAds.Android.BannerClient	MediationAdapterClassName	B3490C	0	0	0	-	-	FUNCTION_PROLOGUE
NO_MANAGED_METHOD	GoogleMobileAds	GoogleMobileAds.Android.CustomNativeTemplateClient	GetAvailableAssetNames	B3490C	0	0	0	-	-	FUNCTION_PROLOGUE
NO_MANAGED_METHOD	spine-unity-examples	Spine.Unity.Examples.SkeletonRagdoll	Apply	1854E70	0	0	0	-	-	PLT_STUB
NO_MANAGED_METHOD	spine-unity-examples	Spine.Unity.Examples.SkeletonRagdoll	Apply	1854E80	0	0	0	-	-	PLT_STUB
NO_MANAGED_METHOD	spine-unity-examples	Spine.Unity.Examples.SpineboyFootplanter+Foot	StartNewStep	1854EB0	0	0	0	-	-	PLT_STUB
NO_MANAGED_METHOD	GoogleMobileAds	GoogleMobileAds.Android.CustomNativeTemplateClient	GetTemplateId	B3490C	0	0	0	-	-	FUNCTION_PROLOGUE
NO_MANAGED_METHOD	spine-unity-examples	Spine.Unity.Examples.SkeletonRagdoll	SetSkeletonPosition	1854E70	0	0	0	-	-	PLT_STUB
NO_MANAGED_METHOD	spine-unity-examples	Spine.Unity.Examples.SkeletonRagdoll	SetSkeletonPosition	1854E80	0	0	0	-	-	PLT_STUB
NO_MANAGED_METHOD	GoogleMobileAds	GoogleMobileAds.Android.CustomNativeTemplateClient	RecordImpression	B3490C	0	0	0	-	-	FUNCTION_PROLOGUE
NO_MANAGED_METHOD	spine-unity-examples	Spine.Unity.Examples.SkeletonRagdoll	Remove	B349B4	0	0	0	-	-	FUNCTION_PROLOGUE
NO_MANAGED_METHOD	spine-unity-examples	Spine.Unity.Examples.SkeletonRagdoll	Remove	BD3CD0	0	0	0	-	-	FUNCTION_PROLOGUE
NO_MANAGED_METHOD	spine-unity-examples	Spine.Unity.Examples.SkeletonRagdoll	Remove	9DACB4	0	0	0	-	-	FUNCTION_PROLOGUE
NO_MANAGED_METHOD	GoogleMobileAds	GoogleMobileAds.Unity.InterstitialClient	add_OnAdLoaded	AF4130	0	0	0	-	-	FUNCTION_PROLOGUE
NO_MANAGED_METHOD	GoogleMobileAds	GoogleMobileAds.Unity.InterstitialClient	remove_OnAdLoaded	AF4130	0	0	0	-	-	FUNCTION_PROLOGUE
NO_MANAGED_METHOD	GoogleMobileAds	GoogleMobileAds.Unity.InterstitialClient	add_OnAdFailedToLoad	AF4130	0	0	0	-	-	FUNCTION_PROLOGUE
NO_MANAGED_METHOD	GoogleMobileAds	GoogleMobileAds.Unity.InterstitialClient	remove_OnAdFailedToLoad	AF4130	0	0	0	-	-	FUNCTION_PROLOGUE
NO_MANAGED_METHOD	GoogleMobileAds	GoogleMobileAds.Unity.InterstitialClient	add_OnAdOpening	AF4130	0	0	0	-	-	FUNCTION_PROLOGUE
NO_MANAGED_METHOD	GoogleMobileAds	GoogleMobileAds.Unity.InterstitialClient	remove_OnAdOpening	AF4130	0	0	0	-	-	FUNCTION_PROLOGUE
NO_MANAGED_METHOD	GoogleMobileAds	GoogleMobileAds.Unity.InterstitialClient	add_OnAdClosed	AF4130	0	0	0	-	-	FUNCTION_PROLOGUE
NO_MANAGED_METHOD	GoogleMobileAds	GoogleMobileAds.Unity.InterstitialClient	remove_OnAdClosed	AF4130	0	0	0	-	-	FUNCTION_PROLOGUE
NO_MANAGED_METHOD	GoogleMobileAds	GoogleMobileAds.Unity.InterstitialClient	add_OnAdLeavingApplication	AF4130	0	0	0	-	-	FUNCTION_PROLOGUE
NO_MANAGED_METHOD	GoogleMobileAds	GoogleMobileAds.Unity.InterstitialClient	remove_OnAdLeavingApplication	AF4130	0	0	0	-	-	FUNCTION_PROLOGUE
NO_MANAGED_METHOD	GoogleMobileAds	GoogleMobileAds.Unity.InterstitialClient	add_OnPaidEvent	AF4130	0	0	0	-	-	FUNCTION_PROLOGUE
NO_MANAGED_METHOD	GoogleMobileAds	GoogleMobileAds.Unity.InterstitialClient	remove_OnPaidEvent	AF4130	0	0	0	-	-	FUNCTION_PROLOGUE
NO_MANAGED_METHOD	spine-unity-examples	Spine.Unity.Examples.SpineboyFreeze+<Start>d__11	System.Collections.IEnumerator.Reset	AD94AC	0	B28874	0	-	-	VENEER_B
NO_MANAGED_METHOD	spine-unity-examples	Spine.Unity.Examples.SpineboyFreeze+<Start>d__11	System.Collections.IEnumerator.Reset	AD94AC	0	B28874	0	-	-	VENEER_B
NO_MANAGED_METHOD	spine-unity-examples	Spine.Unity.Examples.SkeletonRagdoll	UpdateSpineSkeleton	1854F00	0	0	0	-	-	PLT_STUB
NO_MANAGED_METHOD	spine-unity-examples	Spine.Unity.Examples.SkeletonRagdoll	UpdateSpineSkeleton	1854E70	0	0	0	-	-	PLT_STUB
NO_MANAGED_METHOD	spine-unity-examples	Spine.Unity.Examples.SkeletonRagdoll	UpdateSpineSkeleton	1854E80	0	0	0	-	-	PLT_STUB
NO_MANAGED_METHOD	GoogleMobileAds	GoogleMobileAds.Unity.RewardedAdClient	add_OnAdOpening	AF4130	0	0	0	-	-	FUNCTION_PROLOGUE
NO_MANAGED_METHOD	GoogleMobileAds	GoogleMobileAds.Unity.RewardedAdClient	remove_OnAdOpening	AF4130	0	0	0	-	-	FUNCTION_PROLOGUE
NO_MANAGED_METHOD	GoogleMobileAds	GoogleMobileAds.Unity.RewardedAdClient	add_OnAdClosed	AF4130	0	0	0	-	-	FUNCTION_PROLOGUE
NO_MANAGED_METHOD	GoogleMobileAds	GoogleMobileAds.Unity.RewardedAdClient	remove_OnAdClosed	AF4130	0	0	0	-	-	FUNCTION_PROLOGUE
NO_MANAGED_METHOD	GoogleMobileAds	GoogleMobileAds.Unity.RewardedAdClient	add_OnAdFailedToLoad	AF4130	0	0	0	-	-	FUNCTION_PROLOGUE
NO_MANAGED_METHOD	GoogleMobileAds	GoogleMobileAds.Unity.RewardedAdClient	remove_OnAdFailedToLoad	AF4130	0	0	0	-	-	FUNCTION_PROLOGUE
NO_MANAGED_METHOD	spine-unity-examples	Spine.Unity.Examples.SpineboyPole+<Start>d__8	System.Collections.IEnumerator.Reset	AD94AC	0	B28874	0	-	-	VENEER_B
NO_MANAGED_METHOD	spine-unity-examples	Spine.Unity.Examples.SpineboyPole+<Start>d__8	System.Collections.IEnumerator.Reset	AD94AC	0	B28874	0	-	-	VENEER_B
NO_MANAGED_METHOD	GoogleMobileAds	GoogleMobileAds.Unity.RewardedAdClient	add_OnAdFailedToShow	AF4130	0	0	0	-	-	FUNCTION_PROLOGUE
NO_MANAGED_METHOD	GoogleMobileAds	GoogleMobileAds.Unity.RewardedAdClient	remove_OnAdFailedToShow	AF4130	0	0	0	-	-	FUNCTION_PROLOGUE
NO_MANAGED_METHOD	spine-unity-examples	Spine.Unity.Examples.SpineboyPoleGraphic+<Start>d__7	System.Collections.IEnumerator.Reset	AD94AC	0	B28874	0	-	-	VENEER_B
NO_MANAGED_METHOD	spine-unity-examples	Spine.Unity.Examples.SpineboyPoleGraphic+<Start>d__7	System.Collections.IEnumerator.Reset	AD94AC	0	B28874	0	-	-	VENEER_B
NO_MANAGED_METHOD	GoogleMobileAds	GoogleMobileAds.Unity.RewardingAdBaseClient	add_OnAdLoaded	AF4130	0	0	0	-	-	FUNCTION_PROLOGUE
NO_MANAGED_METHOD	GoogleMobileAds	GoogleMobileAds.Unity.RewardingAdBaseClient	remove_OnAdLoaded	AF4130	0	0	0	-	-	FUNCTION_PROLOGUE
NO_MANAGED_METHOD	GoogleMobileAds	GoogleMobileAds.Unity.RewardingAdBaseClient	add_OnAdFailedToLoad	AF4130	0	0	0	-	-	FUNCTION_PROLOGUE
NO_MANAGED_METHOD	GoogleMobileAds	GoogleMobileAds.Unity.RewardingAdBaseClient	remove_OnAdFailedToLoad	AF4130	0	0	0	-	-	FUNCTION_PROLOGUE
NO_MANAGED_METHOD	GoogleMobileAds	GoogleMobileAds.Unity.RewardingAdBaseClient	add_OnPaidEvent	AF4130	0	0	0	-	-	FUNCTION_PROLOGUE
NO_MANAGED_METHOD	GoogleMobileAds	GoogleMobileAds.Unity.RewardingAdBaseClient	remove_OnPaidEvent	AF4130	0	0	0	-	-	FUNCTION_PROLOGUE
NO_MANAGED_METHOD	GoogleMobileAds	GoogleMobileAds.Unity.RewardingAdBaseClient	add_OnUserEarnedReward	AF4130	0	0	0	-	-	FUNCTION_PROLOGUE
NO_MANAGED_METHOD	spine-unity-examples	Spine.Unity.Examples.SkeletonRagdoll2D+<SmoothMixCoroutine>d__40	System.Collections.IEnumerator.Reset	AD94AC	0	B28874	0	-	-	VENEER_B
NO_MANAGED_METHOD	spine-unity-examples	Spine.Unity.Examples.SkeletonRagdoll2D+<SmoothMixCoroutine>d__40	System.Collections.IEnumerator.Reset	AD94AC	0	B28874	0	-	-	VENEER_B
NO_MANAGED_METHOD	GoogleMobileAds	GoogleMobileAds.Unity.RewardingAdBaseClient	remove_OnUserEarnedReward	AF4130	0	0	0	-	-	FUNCTION_PROLOGUE
NO_MANAGED_METHOD	GoogleMobileAds	GoogleMobileAds.Unity.RewardingAdBaseClient	add_OnAdFailedToPresentFullScreenContent	AF4130	0	0	0	-	-	FUNCTION_PROLOGUE
NO_MANAGED_METHOD	GoogleMobileAds	GoogleMobileAds.Unity.RewardingAdBaseClient	remove_OnAdFailedToPresentFullScreenContent	AF4130	0	0	0	-	-	FUNCTION_PROLOGUE
NO_MANAGED_METHOD	spine-unity-examples	Spine.Unity.Examples.SkeletonRagdoll2D+<Start>d__33	System.Collections.IEnumerator.Reset	AD94AC	0	B28874	0	-	-	VENEER_B
NO_MANAGED_METHOD	spine-unity-examples	Spine.Unity.Examples.SkeletonRagdoll2D+<Start>d__33	System.Collections.IEnumerator.Reset	AD94AC	0	B28874	0	-	-	VENEER_B
NO_MANAGED_METHOD	GoogleMobileAds	ButtonBehaviour	add_OnAdOpening	AF4130	0	0	0	-	-	FUNCTION_PROLOGUE
NO_MANAGED_METHOD	GoogleMobileAds	GoogleMobileAds.Unity.RewardingAdBaseClient	add_OnAdDidPresentFullScreenContent	AF4130	0	0	0	-	-	FUNCTION_PROLOGUE
NO_MANAGED_METHOD	GoogleMobileAds	ButtonBehaviour	remove_OnAdOpening	AF4130	0	0	0	-	-	FUNCTION_PROLOGUE
NO_MANAGED_METHOD	GoogleMobileAds	GoogleMobileAds.Unity.RewardingAdBaseClient	remove_OnAdDidPresentFullScreenContent	AF4130	0	0	0	-	-	FUNCTION_PROLOGUE
NO_MANAGED_METHOD	GoogleMobileAds	GoogleMobileAds.Unity.RewardingAdBaseClient	add_OnAdDidDismissFullScreenContent	AF4130	0	0	0	-	-	FUNCTION_PROLOGUE
NO_MANAGED_METHOD	GoogleMobileAds	GoogleMobileAds.Unity.RewardingAdBaseClient	remove_OnAdDidDismissFullScreenContent	AF4130	0	0	0	-	-	FUNCTION_PROLOGUE
NO_MANAGED_METHOD	spine-unity-examples	Spine.Unity.Examples.SkeletonRagdoll2D	get_RigidbodyArray	1854E70	0	0	0	-	-	PLT_STUB
NO_MANAGED_METHOD	spine-unity-examples	Spine.Unity.Examples.SkeletonRagdoll2D	get_RigidbodyArray	1854E80	0	0	0	-	-	PLT_STUB
NO_MANAGED_METHOD	GoogleMobileAds	ButtonBehaviour	add_OnLeavingApplication	AF4130	0	0	0	-	-	FUNCTION_PROLOGUE
NO_MANAGED_METHOD	GoogleMobileAds	ButtonBehaviour	remove_OnLeavingApplication	AF4130	0	0	0	-	-	FUNCTION_PROLOGUE
NO_MANAGED_METHOD	GoogleMobileAds	GoogleMobileAds.Android.AdLoaderClient	add_OnAdFailedToLoad	AF4130	0	0	0	-	-	FUNCTION_PROLOGUE
NO_MANAGED_METHOD	GoogleMobileAds	GoogleMobileAds.Android.AdLoaderClient	remove_OnAdFailedToLoad	AF4130	0	0	0	-	-	FUNCTION_PROLOGUE
NO_MANAGED_METHOD	GoogleMobileAds	GoogleMobileAds.Android.AdLoaderClient	add_OnCustomNativeTemplateAdLoaded	AF4130	0	0	0	-	-	FUNCTION_PROLOGUE
NO_MANAGED_METHOD	GoogleMobileAds	GoogleMobileAds.Android.AdLoaderClient	remove_OnCustomNativeTemplateAdLoaded	AF4130	0	0	0	-	-	FUNCTION_PROLOGUE
NO_MANAGED_METHOD	GoogleMobileAds	GoogleMobileAds.Android.AdLoaderClient	add_OnCustomNativeTemplateAdClicked	AF4130	0	0	0	-	-	FUNCTION_PROLOGUE
NO_MANAGED_METHOD	GoogleMobileAds	GoogleMobileAds.Android.AdLoaderClient	remove_OnCustomNativeTemplateAdClicked	AF4130	0	0	0	-	-	FUNCTION_PROLOGUE
NO_MANAGED_METHOD	GoogleMobileAds	Countdown	Update	1854ED0	0	0	0	-	-	PLT_STUB
NO_MANAGED_METHOD	GoogleMobileAds	GoogleMobileAds.Android.InitializationStatusClient	.ctor	B3490C	0	0	0	-	-	FUNCTION_PROLOGUE
NO_MANAGED_METHOD	GoogleMobileAds	GoogleMobileAds.Android.BannerClient	add_OnAdLoaded	AF4130	0	0	0	-	-	FUNCTION_PROLOGUE
NO_MANAGED_METHOD	GoogleMobileAds	GoogleMobileAds.Android.BannerClient	remove_OnAdLoaded	AF4130	0	0	0	-	-	FUNCTION_PROLOGUE
NO_MANAGED_METHOD	GoogleMobileAds	GoogleMobileAds.Android.BannerClient	add_OnAdFailedToLoad	AF4130	0	0	0	-	-	FUNCTION_PROLOGUE
NO_MANAGED_METHOD	GoogleMobileAds	GoogleMobileAds.Android.BannerClient	remove_OnAdFailedToLoad	AF4130	0	0	0	-	-	FUNCTION_PROLOGUE
NO_MANAGED_METHOD	GoogleMobileAds	GoogleMobileAds.Android.BannerClient	add_OnAdOpening	AF4130	0	0	0	-	-	FUNCTION_PROLOGUE
NO_MANAGED_METHOD	GoogleMobileAds	GoogleMobileAds.Android.BannerClient	remove_OnAdOpening	AF4130	0	0	0	-	-	FUNCTION_PROLOGUE
NO_MANAGED_METHOD	GoogleMobileAds	GoogleMobileAds.Android.BannerClient	add_OnAdClosed	AF4130	0	0	0	-	-	FUNCTION_PROLOGUE
NO_MANAGED_METHOD	GoogleMobileAds	GoogleMobileAds.Android.BannerClient	remove_OnAdClosed	AF4130	0	0	0	-	-	FUNCTION_PROLOGUE
NO_MANAGED_METHOD	GoogleMobileAds	GoogleMobileAds.Unity.BannerClient	add_OnAdLoaded	AF4130	0	0	0	-	-	FUNCTION_PROLOGUE
NO_MANAGED_METHOD	GoogleMobileAds	GoogleMobileAds.Android.BannerClient	add_OnAdLeavingApplication	AF4130	0	0	0	-	-	FUNCTION_PROLOGUE
NO_MANAGED_METHOD	GoogleMobileAds	GoogleMobileAds.Unity.BannerClient	remove_OnAdLoaded	AF4130	0	0	0	-	-	FUNCTION_PROLOGUE
NO_MANAGED_METHOD	GoogleMobileAds	GoogleMobileAds.Android.BannerClient	remove_OnAdLeavingApplication	AF4130	0	0	0	-	-	FUNCTION_PROLOGUE
NO_MANAGED_METHOD	GoogleMobileAds	GoogleMobileAds.Android.InitializationStatusClient	getKeys	B3490C	0	0	0	-	-	FUNCTION_PROLOGUE
NO_MANAGED_METHOD	GoogleMobileAds	GoogleMobileAds.Android.BannerClient	add_OnPaidEvent	AF4130	0	0	0	-	-	FUNCTION_PROLOGUE
NO_MANAGED_METHOD	GoogleMobileAds	GoogleMobileAds.Android.BannerClient	remove_OnPaidEvent	AF4130	0	0	0	-	-	FUNCTION_PROLOGUE
NO_MANAGED_METHOD	GoogleMobileAds	GoogleMobileAds.Unity.BannerClient	add_OnAdFailedToLoad	AF4130	0	0	0	-	-	FUNCTION_PROLOGUE
NO_MANAGED_METHOD	GoogleMobileAds	GoogleMobileAds.Unity.BannerClient	remove_OnAdFailedToLoad	AF4130	0	0	0	-	-	FUNCTION_PROLOGUE
NO_MANAGED_METHOD	GoogleMobileAds	GoogleMobileAds.Unity.BannerClient	add_OnAdOpening	AF4130	0	0	0	-	-	FUNCTION_PROLOGUE
NO_MANAGED_METHOD	GoogleMobileAds	GoogleMobileAds.Android.InterstitialClient	add_OnAdLoaded	AF4130	0	0	0	-	-	FUNCTION_PROLOGUE
NO_MANAGED_METHOD	GoogleMobileAds	GoogleMobileAds.Android.BannerClient	ShowBannerView	B3490C	0	0	0	-	-	FUNCTION_PROLOGUE
NO_MANAGED_METHOD	GoogleMobileAds	GoogleMobileAds.Android.InterstitialClient	remove_OnAdLoaded	AF4130	0	0	0	-	-	FUNCTION_PROLOGUE
NO_MANAGED_METHOD	GoogleMobileAds	GoogleMobileAds.Android.BannerClient	HideBannerView	B3490C	0	0	0	-	-	FUNCTION_PROLOGUE
NO_MANAGED_METHOD	GoogleMobileAds	GoogleMobileAds.Android.InterstitialClient	add_OnAdFailedToLoad	AF4130	0	0	0	-	-	FUNCTION_PROLOGUE
NO_MANAGED_METHOD	GoogleMobileAds	GoogleMobileAds.Android.BannerClient	DestroyBannerView	B3490C	0	0	0	-	-	FUNCTION_PROLOGUE
NO_MANAGED_METHOD	GoogleMobileAds	GoogleMobileAds.Android.InterstitialClient	remove_OnAdFailedToLoad	AF4130	0	0	0	-	-	FUNCTION_PROLOGUE
NO_MANAGED_METHOD	GoogleMobileAds	GoogleMobileAds.Unity.BannerClient	remove_OnAdOpening	AF4130	0	0	0	-	-	FUNCTION_PROLOGUE
NO_MANAGED_METHOD	GoogleMobileAds	GoogleMobileAds.Android.BannerClient	GetHeightInPixels	B3490C	0	0	0	-	-	FUNCTION_PROLOGUE
NO_MANAGED_METHOD	GoogleMobileAds	GoogleMobileAds.Unity.BannerClient	add_OnAdClosed	AF4130	0	0	0	-	-	FUNCTION_PROLOGUE
NO_MANAGED_METHOD	GoogleMobileAds	GoogleMobileAds.Android.BannerClient	GetWidthInPixels	B3490C	0	0	0	-	-	FUNCTION_PROLOGUE
NO_MANAGED_METHOD	GoogleMobileAds	GoogleMobileAds.Android.RewardedAdClient	remove_OnAdClosed	AF4130	0	0	0	-	-	FUNCTION_PROLOGUE
NO_MANAGED_METHOD	GoogleMobileAds	GoogleMobileAds.Android.RewardedAdClient	add_OnPaidEvent	AF4130	0	0	0	-	-	FUNCTION_PROLOGUE
NO_MANAGED_METHOD	GoogleMobileAds	GoogleMobileAds.Android.InterstitialClient	add_OnAdOpening	AF4130	0	0	0	-	-	FUNCTION_PROLOGUE
NO_MANAGED_METHOD	GoogleMobileAds	GoogleMobileAds.Android.InterstitialClient	remove_OnAdOpening	AF4130	0	0	0	-	-	FUNCTION_PROLOGUE
NO_MANAGED_METHOD	GoogleMobileAds	GoogleMobileAds.Android.InterstitialClient	add_OnAdClosed	AF4130	0	0	0	-	-	FUNCTION_PROLOGUE
NO_MANAGED_METHOD	GoogleMobileAds	GoogleMobileAds.Android.RewardedAdClient	remove_OnPaidEvent	AF4130	0	0	0	-	-	FUNCTION_PROLOGUE
NO_MANAGED_METHOD	GoogleMobileAds	GoogleMobileAds.Android.InterstitialClient	remove_OnAdClosed	AF4130	0	0	0	-	-	FUNCTION_PROLOGUE
NO_MANAGED_METHOD	spine-unity-examples	Spine.Unity.Examples.SkeletonRagdoll2D	Apply	1854E70	0	0	0	-	-	PLT_STUB
NO_MANAGED_METHOD	spine-unity-examples	Spine.Unity.Examples.SkeletonRagdoll2D	Apply	1854E80	0	0	0	-	-	PLT_STUB
NO_MANAGED_METHOD	GoogleMobileAds	GoogleMobileAds.Android.InterstitialClient	add_OnAdLeavingApplication	AF4130	0	0	0	-	-	FUNCTION_PROLOGUE
NO_MANAGED_METHOD	GoogleMobileAds	GoogleMobileAds.Android.InterstitialClient	remove_OnAdLeavingApplication	AF4130	0	0	0	-	-	FUNCTION_PROLOGUE
NO_MANAGED_METHOD	GoogleMobileAds	GoogleMobileAds.Common.MobileAdsEventExecutor	Update	AD94E8	0	AFB118	0	-	-	VENEER_B
NO_MANAGED_METHOD	GoogleMobileAds	GoogleMobileAds.Common.MobileAdsEventExecutor	Update	AD94E8	0	AFB118	0	-	-	VENEER_B
NO_MANAGED_METHOD	GoogleMobileAds	GoogleMobileAds.Android.RewardedAdClient	IsLoaded	B3490C	0	0	0	-	-	FUNCTION_PROLOGUE
NO_MANAGED_METHOD	GoogleMobileAds	GoogleMobileAds.Android.RewardedAdClient	Show	B3490C	0	0	0	-	-	FUNCTION_PROLOGUE
NO_MANAGED_METHOD	GoogleMobileAds	GoogleMobileAds.Common.RewardedAdDummyClient	.ctor	AD94B0	0	B277D0	0	-	-	VENEER_B
NO_MANAGED_METHOD	GoogleMobileAds	GoogleMobileAds.Common.RewardedAdDummyClient	.ctor	AD947C	0	0	0	-	-	FUNCTION_PROLOGUE
NO_MANAGED_METHOD	spine-unity-examples	Spine.Unity.Examples.SkeletonRagdoll2D	SetSkeletonPosition	1854E70	0	0	0	-	-	PLT_STUB
NO_MANAGED_METHOD	spine-unity-examples	Spine.Unity.Examples.SkeletonRagdoll2D	SetSkeletonPosition	1854E80	0	0	0	-	-	PLT_STUB
NO_MANAGED_METHOD	GoogleMobileAds	GoogleMobileAds.Common.RewardedAdDummyClient	add_OnAdLoaded	AF4130	0	0	0	-	-	FUNCTION_PROLOGUE
NO_MANAGED_METHOD	GoogleMobileAds	GoogleMobileAds.Android.RewardedAdClient	DestroyRewardBasedVideoAd	B3490C	0	0	0	-	-	FUNCTION_PROLOGUE
NO_MANAGED_METHOD	GoogleMobileAds	GoogleMobileAds.Common.RewardedAdDummyClient	remove_OnAdLoaded	AF4130	0	0	0	-	-	FUNCTION_PROLOGUE
NOT_AN_ADDRESS	spine-unity	Spine.SkeletonJson	ReadSkeletonData	0	-1	0	0	-	-	-
NO_MANAGED_METHOD	GoogleMobileAds	GoogleMobileAds.Common.RewardedAdDummyClient	add_OnAdFailedToLoad	AF4130	0	0	0	-	-	FUNCTION_PROLOGUE
NOT_AN_ADDRESS	spine-unity	Spine.SkeletonJson	ReadSkeletonData	0	-1	0	0	-	-	-
NO_MANAGED_METHOD	spine-unity	Spine.SkeletonJson	ReadSkeletonData	AD94AC	0	B28874	0	-	-	VENEER_B
NO_MANAGED_METHOD	spine-unity	Spine.SkeletonJson	ReadSkeletonData	AD94AC	0	B28874	0	-	-	VENEER_B
NO_MANAGED_METHOD	GoogleMobileAds	GoogleMobileAds.Android.InterstitialClient	add_OnPaidEvent	AF4130	0	0	0	-	-	FUNCTION_PROLOGUE
NO_MANAGED_METHOD	GoogleMobileAds	GoogleMobileAds.Common.RewardedAdDummyClient	remove_OnAdFailedToLoad	AF4130	0	0	0	-	-	FUNCTION_PROLOGUE
NO_MANAGED_METHOD	spine-unity	Spine.SkeletonJson	ReadSkeletonData	AD94AC	0	B28874	0	-	-	VENEER_B
NO_MANAGED_METHOD	spine-unity	Spine.SkeletonJson	ReadSkeletonData	AD94AC	0	B28874	0	-	-	VENEER_B
NOT_AN_ADDRESS	spine-unity	Spine.SkeletonJson	ReadSkeletonData	0	-1	0	0	-	-	-
NOT_AN_ADDRESS	spine-unity	Spine.SkeletonJson	ReadSkeletonData	0	-1	0	0	-	-	-
NOT_AN_ADDRESS	spine-unity	Spine.SkeletonJson	ReadSkeletonData	0	-1	0	0	-	-	-
NO_MANAGED_METHOD	GoogleMobileAds	GoogleMobileAds.Android.InterstitialClient	remove_OnPaidEvent	AF4130	0	0	0	-	-	FUNCTION_PROLOGUE
NO_MANAGED_METHOD	GoogleMobileAds	GoogleMobileAds.Common.RewardedAdDummyClient	add_OnAdFailedToShow	AF4130	0	0	0	-	-	FUNCTION_PROLOGUE
NO_MANAGED_METHOD	spine-unity	Spine.SkeletonJson	ReadSkeletonData	AD94AC	0	B28874	0	-	-	VENEER_B
NO_MANAGED_METHOD	spine-unity	Spine.SkeletonJson	ReadSkeletonData	AD94AC	0	B28874	0	-	-	VENEER_B
NO_MANAGED_METHOD	GoogleMobileAds	GoogleMobileAds.Common.RewardedAdDummyClient	remove_OnAdFailedToShow	AF4130	0	0	0	-	-	FUNCTION_PROLOGUE
NO_MANAGED_METHOD	spine-unity	Spine.SkeletonJson	ReadSkeletonData	AD94AC	0	B28874	0	-	-	VENEER_B
NO_MANAGED_METHOD	spine-unity	Spine.SkeletonJson	ReadSkeletonData	AD94AC	0	B28874	0	-	-	VENEER_B
NO_MANAGED_METHOD	spine-unity	Spine.SkeletonJson	ReadSkeletonData	AD94AC	0	B28874	0	-	-	VENEER_B
NO_MANAGED_METHOD	GoogleMobileAds	GoogleMobileAds.Common.RewardedAdDummyClient	add_OnAdOpening	AF4130	0	0	0	-	-	FUNCTION_PROLOGUE
NO_MANAGED_METHOD	spine-unity	Spine.SkeletonJson	ReadSkeletonData	AD94AC	0	B28874	0	-	-	VENEER_B
NO_MANAGED_METHOD	spine-unity	Spine.SkeletonJson	ReadSkeletonData	AD94AC	0	B28874	0	-	-	VENEER_B
NO_MANAGED_METHOD	spine-unity-examples	Spine.Unity.Examples.SkeletonRagdoll2D	Remove	B349B4	0	0	0	-	-	FUNCTION_PROLOGUE
NO_MANAGED_METHOD	spine-unity	Spine.SkeletonJson	ReadSkeletonData	AD94AC	0	B28874	0	-	-	VENEER_B
NO_MANAGED_METHOD	spine-unity	Spine.SkeletonJson	ReadSkeletonData	AD94AC	0	B28874	0	-	-	VENEER_B
NO_MANAGED_METHOD	spine-unity-examples	Spine.Unity.Examples.SkeletonRagdoll2D	Remove	BD3CD0	0	0	0	-	-	FUNCTION_PROLOGUE
NO_MANAGED_METHOD	spine-unity-examples	Spine.Unity.Examples.SkeletonRagdoll2D	Remove	9DACB4	0	0	0	-	-	FUNCTION_PROLOGUE
NO_MANAGED_METHOD	spine-unity	Spine.SkeletonJson	ReadSkeletonData	AD94AC	0	B28874	0	-	-	VENEER_B
NO_MANAGED_METHOD	GoogleMobileAds	GoogleMobileAds.Android.RewardedAdClient	GetRewardItem	B3490C	0	0	0	-	-	FUNCTION_PROLOGUE
NO_MANAGED_METHOD	GoogleMobileAds	GoogleMobileAds.Common.RewardedAdDummyClient	remove_OnAdOpening	AF4130	0	0	0	-	-	FUNCTION_PROLOGUE
NO_MANAGED_METHOD	GoogleMobileAds	GoogleMobileAds.Android.RewardedAdClient	MediationAdapterClassName	B3490C	0	0	0	-	-	FUNCTION_PROLOGUE
NO_MANAGED_METHOD	GoogleMobileAds	GoogleMobileAds.Common.RewardedAdDummyClient	add_OnAdClosed	AF4130	0	0	0	-	-	FUNCTION_PROLOGUE
NO_MANAGED_METHOD	GoogleMobileAds	GoogleMobileAds.Common.RewardedAdDummyClient	remove_OnAdClosed	AF4130	0	0	0	-	-	FUNCTION_PROLOGUE
NO_MANAGED_METHOD	GoogleMobileAds	GoogleMobileAds.Common.RewardedAdDummyClient	add_OnUserEarnedReward	AF4130	0	0	0	-	-	FUNCTION_PROLOGUE
NO_MANAGED_METHOD	GoogleMobileAds	GoogleMobileAds.Android.InterstitialClient	IsLoaded	B3490C	0	0	0	-	-	FUNCTION_PROLOGUE
NO_MANAGED_METHOD	GoogleMobileAds	GoogleMobileAds.Common.RewardedAdDummyClient	remove_OnUserEarnedReward	AF4130	0	0	0	-	-	FUNCTION_PROLOGUE
NO_MANAGED_METHOD	GoogleMobileAds	GoogleMobileAds.Android.InterstitialClient	ShowInterstitial	B3490C	0	0	0	-	-	FUNCTION_PROLOGUE
NO_MANAGED_METHOD	GoogleMobileAds	GoogleMobileAds.Common.RewardedAdDummyClient	add_OnPaidEvent	AF4130	0	0	0	-	-	FUNCTION_PROLOGUE
NO_MANAGED_METHOD	GoogleMobileAds	GoogleMobileAds.Android.InterstitialClient	DestroyInterstitial	B3490C	0	0	0	-	-	FUNCTION_PROLOGUE
NO_MANAGED_METHOD	GoogleMobileAds	GoogleMobileAds.Common.RewardedAdDummyClient	remove_OnPaidEvent	AF4130	0	0	0	-	-	FUNCTION_PROLOGUE
NO_MANAGED_METHOD	spine-unity	Spine.SkeletonJson	ReadSkeletonData	AD94AC	0	B28874	0	-	-	VENEER_B
NO_MANAGED_METHOD	GoogleMobileAds	GoogleMobileAds.Common.RewardedAdDummyClient	CreateRewardedAd	AD94B0	0	B277D0	0	-	-	VENEER_B
NO_MANAGED_METHOD	GoogleMobileAds	GoogleMobileAds.Common.RewardedAdDummyClient	CreateRewardedAd	AD947C	0	0	0	-	-	FUNCTION_PROLOGUE
NO_MANAGED_METHOD	spine-unity	Spine.SkeletonJson	ReadSkeletonData	AD94AC	0	B28874	0	-	-	VENEER_B
NO_MANAGED_METHOD	spine-unity	Spine.SkeletonJson	ReadSkeletonData	AD94AC	0	B28874	0	-	-	VENEER_B
NO_MANAGED_METHOD	spine-unity	Spine.SkeletonJson	ReadSkeletonData	AD94AC	0	B28874	0	-	-	VENEER_B
NO_MANAGED_METHOD	GoogleMobileAds	GoogleMobileAds.Common.RewardedAdDummyClient	LoadAd	AD94B0	0	B277D0	0	-	-	VENEER_B
NO_MANAGED_METHOD	GoogleMobileAds	GoogleMobileAds.Common.RewardedAdDummyClient	LoadAd	AD947C	0	0	0	-	-	FUNCTION_PROLOGUE
NO_MANAGED_METHOD	GoogleMobileAds	GoogleMobileAds.Common.RewardedAdDummyClient	IsLoaded	AD94B0	0	B277D0	0	-	-	VENEER_B
NO_MANAGED_METHOD	GoogleMobileAds	GoogleMobileAds.Common.RewardedAdDummyClient	IsLoaded	AD947C	0	0	0	-	-	FUNCTION_PROLOGUE
NO_MANAGED_METHOD	GoogleMobileAds	GoogleMobileAds.Android.InterstitialClient	MediationAdapterClassName	B3490C	0	0	0	-	-	FUNCTION_PROLOGUE
NO_MANAGED_METHOD	GoogleMobileAds	GoogleMobileAds.Common.RewardedAdDummyClient	Show	AD94B0	0	B277D0	0	-	-	VENEER_B
NO_MANAGED_METHOD	GoogleMobileAds	GoogleMobileAds.Common.RewardedAdDummyClient	Show	AD947C	0	0	0	-	-	FUNCTION_PROLOGUE
NO_MANAGED_METHOD	spine-unity	Spine.SkeletonJson	ReadSkeletonData	AD94AC	0	B28874	0	-	-	VENEER_B
NO_MANAGED_METHOD	spine-unity	Spine.SkeletonJson	ReadSkeletonData	AD94AC	0	B28874	0	-	-	VENEER_B
NO_MANAGED_METHOD	spine-unity	Spine.SkeletonJson	ReadSkeletonData	AD94AC	0	B28874	0	-	-	VENEER_B
NO_MANAGED_METHOD	GoogleMobileAds	GoogleMobileAds.Common.RewardedAdDummyClient	MediationAdapterClassName	AD94B0	0	B277D0	0	-	-	VENEER_B
NO_MANAGED_METHOD	GoogleMobileAds	GoogleMobileAds.Common.RewardedAdDummyClient	MediationAdapterClassName	AD947C	0	0	0	-	-	FUNCTION_PROLOGUE
NO_MANAGED_METHOD	spine-unity	Spine.SkeletonJson	ReadSkeletonData	AD94AC	0	B28874	0	-	-	VENEER_B
NO_MANAGED_METHOD	spine-unity	Spine.SkeletonJson	ReadSkeletonData	AD94AC	0	B28874	0	-	-	VENEER_B
NO_MANAGED_METHOD	GoogleMobileAds	GoogleMobileAds.Common.RewardedAdDummyClient	GetRewardItem	AD94B0	0	B277D0	0	-	-	VENEER_B
NO_MANAGED_METHOD	GoogleMobileAds	GoogleMobileAds.Common.RewardedAdDummyClient	GetRewardItem	AD947C	0	0	0	-	-	FUNCTION_PROLOGUE
NO_MANAGED_METHOD	spine-unity	Spine.SkeletonJson	ReadSkeletonData	AD94AC	0	B28874	0	-	-	VENEER_B
NO_MANAGED_METHOD	GoogleMobileAds	GoogleMobileAds.Common.RewardedAdDummyClient	SetServerSideVerificationOptions	AD94B0	0	B277D0	0	-	-	VENEER_B
NO_MANAGED_METHOD	GoogleMobileAds	GoogleMobileAds.Common.RewardedAdDummyClient	SetServerSideVerificationOptions	AD947C	0	0	0	-	-	FUNCTION_PROLOGUE
NO_MANAGED_METHOD	spine-unity	Spine.SkeletonJson	ReadSkeletonData	AD94AC	0	B28874	0	-	-	VENEER_B
NO_MANAGED_METHOD	GoogleMobileAds	GoogleMobileAds.Common.RewardedAdDummyClient	GetResponseInfoClient	AD94B0	0	B277D0	0	-	-	VENEER_B
NO_MANAGED_METHOD	GoogleMobileAds	GoogleMobileAds.Common.RewardedAdDummyClient	GetResponseInfoClient	AD947C	0	0	0	-	-	FUNCTION_PROLOGUE
NO_MANAGED_METHOD	spine-unity	Spine.SkeletonJson	ReadSkeletonData	AD94AC	0	B28874	0	-	-	VENEER_B
NO_MANAGED_METHOD	spine-unity	Spine.SkeletonJson	ReadSkeletonData	AD94AC	0	B28874	0	-	-	VENEER_B
NO_MANAGED_METHOD	spine-unity	Spine.SkeletonJson	ReadSkeletonData	AD94AC	0	B28874	0	-	-	VENEER_B
NO_MANAGED_METHOD	spine-unity	Spine.SkeletonJson	ReadSkeletonData	AD94AC	0	B28874	0	-	-	VENEER_B
NO_MANAGED_METHOD	spine-unity	Spine.SkeletonJson	ReadSkeletonData	AD94AC	0	B28874	0	-	-	VENEER_B
NO_MANAGED_METHOD	spine-unity	Spine.SkeletonJson	ReadSkeletonData	AD94AC	0	B28874	0	-	-	VENEER_B
NO_MANAGED_METHOD	spine-unity	Spine.SkeletonJson	ReadSkeletonData	AD94AC	0	B28874	0	-	-	VENEER_B
NO_MANAGED_METHOD	spine-unity	Spine.SkeletonJson	ReadSkeletonData	9DACB4	0	0	0	-	-	FUNCTION_PROLOGUE
NO_MANAGED_METHOD	GoogleMobileAds	GoogleMobileAds.Common.RewardedInterstitialAdDummyClient	.ctor	AD94B0	0	B277D0	0	-	-	VENEER_B
NO_MANAGED_METHOD	GoogleMobileAds	GoogleMobileAds.Common.RewardedInterstitialAdDummyClient	.ctor	AD947C	0	0	0	-	-	FUNCTION_PROLOGUE
NO_MANAGED_METHOD	GoogleMobileAds	GoogleMobileAds.Common.RewardedInterstitialAdDummyClient	add_OnAdLoaded	AF4130	0	0	0	-	-	FUNCTION_PROLOGUE
NO_MANAGED_METHOD	GoogleMobileAds	GoogleMobileAds.Android.RewardedInterstitialAdClient	add_OnAdLoaded	AF4130	0	0	0	-	-	FUNCTION_PROLOGUE
NO_MANAGED_METHOD	GoogleMobileAds	GoogleMobileAds.Common.RewardedInterstitialAdDummyClient	remove_OnAdLoaded	AF4130	0	0	0	-	-	FUNCTION_PROLOGUE
NO_MANAGED_METHOD	GoogleMobileAds	GoogleMobileAds.Common.RewardedInterstitialAdDummyClient	add_OnAdFailedToLoad	AF4130	0	0	0	-	-	FUNCTION_PROLOGUE
NO_MANAGED_METHOD	spine-unity	Spine.SkeletonJson	ReadSkeletonData	AD94AC	0	B28874	0	-	-	VENEER_B
NO_MANAGED_METHOD	spine-unity	Spine.SkeletonJson	ReadSkeletonData	AD94AC	0	B28874	0	-	-	VENEER_B
NO_MANAGED_METHOD	spine-unity	Spine.SkeletonJson	ReadSkeletonData	AD94AC	0	B28874	0	-	-	VENEER_B
NO_MANAGED_METHOD	spine-unity	Spine.SkeletonJson	ReadSkeletonData	AD94AC	0	B28874	0	-	-	VENEER_B
NO_MANAGED_METHOD	GoogleMobileAds	GoogleMobileAds.Common.RewardedInterstitialAdDummyClient	remove_OnAdFailedToLoad	AF4130	0	0	0	-	-	FUNCTION_PROLOGUE
NO_MANAGED_METHOD	GoogleMobileAds	GoogleMobileAds.Common.RewardedInterstitialAdDummyClient	add_OnUserEarnedReward	AF4130	0	0	0	-	-	FUNCTION_PROLOGUE
NO_MANAGED_METHOD	spine-unity-examples	Spine.Unity.Examples.SkeletonRagdoll2D	UpdateSpineSkeleton	1854F00	0	0	0	-	-	PLT_STUB
NO_MANAGED_METHOD	spine-unity-examples	Spine.Unity.Examples.SkeletonRagdoll2D	UpdateSpineSkeleton	1854E70	0	0	0	-	-	PLT_STUB
NO_MANAGED_METHOD	spine-unity-examples	Spine.Unity.Examples.SkeletonRagdoll2D	UpdateSpineSkeleton	1854E80	0	0	0	-	-	PLT_STUB
NO_MANAGED_METHOD	GoogleMobileAds	GoogleMobileAds.Common.RewardedInterstitialAdDummyClient	remove_OnUserEarnedReward	AF4130	0	0	0	-	-	FUNCTION_PROLOGUE
NO_MANAGED_METHOD	GoogleMobileAds	GoogleMobileAds.Android.RewardedInterstitialAdClient	remove_OnAdLoaded	AF4130	0	0	0	-	-	FUNCTION_PROLOGUE
NOT_AN_ADDRESS	spine-unity	Spine.SkeletonJson	ReadAttachment	0	-1	0	0	-	-	-
NO_MANAGED_METHOD	GoogleMobileAds	GoogleMobileAds.Common.RewardedInterstitialAdDummyClient	add_OnPaidEvent	AF4130	0	0	0	-	-	FUNCTION_PROLOGUE
NO_MANAGED_METHOD	GoogleMobileAds	GoogleMobileAds.Common.RewardedInterstitialAdDummyClient	remove_OnPaidEvent	AF4130	0	0	0	-	-	FUNCTION_PROLOGUE
NO_MANAGED_METHOD	GoogleMobileAds	GoogleMobileAds.Android.RewardedInterstitialAdClient	add_OnAdFailedToLoad	AF4130	0	0	0	-	-	FUNCTION_PROLOGUE
NO_MANAGED_METHOD	GoogleMobileAds	GoogleMobileAds.Common.RewardedInterstitialAdDummyClient	add_OnAdFailedToPresentFullScreenContent	AF4130	0	0	0	-	-	FUNCTION_PROLOGUE
NO_MANAGED_METHOD	GoogleMobileAds	GoogleMobileAds.Android.RewardedInterstitialAdClient	remove_OnAdFailedToLoad	AF4130	0	0	0	-	-	FUNCTION_PROLOGUE
NO_MANAGED_METHOD	GoogleMobileAds	GoogleMobileAds.Common.RewardedInterstitialAdDummyClient	remove_OnAdFailedToPresentFullScreenContent	AF4130	0	0	0	-	-	FUNCTION_PROLOGUE
NO_MANAGED_METHOD	GoogleMobileAds	GoogleMobileAds.Common.RewardedInterstitialAdDummyClient	add_OnAdDidPresentFullScreenContent	AF4130	0	0	0	-	-	FUNCTION_PROLOGUE
NO_MANAGED_METHOD	GoogleMobileAds	GoogleMobileAds.Common.RewardedInterstitialAdDummyClient	remove_OnAdDidPresentFullScreenContent	AF4130	0	0	0	-	-	FUNCTION_PROLOGUE
NO_MANAGED_METHOD	GoogleMobileAds	GoogleMobileAds.Common.RewardedInterstitialAdDummyClient	add_OnAdDidDismissFullScreenContent	AF4130	0	0	0	-	-	FUNCTION_PROLOGUE
NO_MANAGED_METHOD	GoogleMobileAds	GoogleMobileAds.Common.RewardedInterstitialAdDummyClient	remove_OnAdDidDismissFullScreenContent	AF4130	0	0	0	-	-	FUNCTION_PROLOGUE
NO_MANAGED_METHOD	GoogleMobileAds	GoogleMobileAds.Android.RewardedInterstitialAdClient	add_OnUserEarnedReward	AF4130	0	0	0	-	-	FUNCTION_PROLOGUE
NO_MANAGED_METHOD	GoogleMobileAds	GoogleMobileAds.Common.RewardedInterstitialAdDummyClient	CreateRewardedInterstitialAd	AD94B0	0	B277D0	0	-	-	VENEER_B
NO_MANAGED_METHOD	GoogleMobileAds	GoogleMobileAds.Common.RewardedInterstitialAdDummyClient	CreateRewardedInterstitialAd	AD947C	0	0	0	-	-	FUNCTION_PROLOGUE
NO_MANAGED_METHOD	GoogleMobileAds	GoogleMobileAds.Android.RewardedInterstitialAdClient	remove_OnUserEarnedReward	AF4130	0	0	0	-	-	FUNCTION_PROLOGUE
NO_MANAGED_METHOD	GoogleMobileAds	GoogleMobileAds.Common.RewardedInterstitialAdDummyClient	LoadAd	AD94B0	0	B277D0	0	-	-	VENEER_B
NO_MANAGED_METHOD	GoogleMobileAds	GoogleMobileAds.Common.RewardedInterstitialAdDummyClient	LoadAd	AD947C	0	0	0	-	-	FUNCTION_PROLOGUE
NO_MANAGED_METHOD	GoogleMobileAds	GoogleMobileAds.Common.RewardedInterstitialAdDummyClient	GetRewardItem	AD94B0	0	B277D0	0	-	-	VENEER_B
NO_MANAGED_METHOD	GoogleMobileAds	GoogleMobileAds.Common.RewardedInterstitialAdDummyClient	GetRewardItem	AD947C	0	0	0	-	-	FUNCTION_PROLOGUE
NO_MANAGED_METHOD	GoogleMobileAds	GoogleMobileAds.Android.RewardedInterstitialAdClient	add_OnPaidEvent	AF4130	0	0	0	-	-	FUNCTION_PROLOGUE
NO_MANAGED_METHOD	GoogleMobileAds	GoogleMobileAds.Common.RewardedInterstitialAdDummyClient	Show	AD94B0	0	B277D0	0	-	-	VENEER_B
NO_MANAGED_METHOD	GoogleMobileAds	GoogleMobileAds.Common.RewardedInterstitialAdDummyClient	Show	AD947C	0	0	0	-	-	FUNCTION_PROLOGUE
NO_MANAGED_METHOD	GoogleMobileAds	GoogleMobileAds.Common.RewardedInterstitialAdDummyClient	SetServerSideVerificationOptions	AD94B0	0	B277D0	0	-	-	VENEER_B
NO_MANAGED_METHOD	GoogleMobileAds	GoogleMobileAds.Common.RewardedInterstitialAdDummyClient	SetServerSideVerificationOptions	AD947C	0	0	0	-	-	FUNCTION_PROLOGUE
NO_MANAGED_METHOD	GoogleMobileAds	GoogleMobileAds.Common.RewardedInterstitialAdDummyClient	GetResponseInfoClient	AD94B0	0	B277D0	0	-	-	VENEER_B
NO_MANAGED_METHOD	GoogleMobileAds	GoogleMobileAds.Common.RewardedInterstitialAdDummyClient	GetResponseInfoClient	AD947C	0	0	0	-	-	FUNCTION_PROLOGUE
NO_MANAGED_METHOD	spine-unity-examples	Spine.Unity.Examples.SkeletonRagdoll2D	AttachBoundingBoxRagdollColliders	1854E70	0	0	0	-	-	PLT_STUB
NO_MANAGED_METHOD	spine-unity-examples	Spine.Unity.Examples.SkeletonRagdoll2D	AttachBoundingBoxRagdollColliders	1854E80	0	0	0	-	-	PLT_STUB
NO_MANAGED_METHOD	GoogleMobileAds	GoogleMobileAds.Common.Utils	GetTexture2DFromByteArray	AD94AC	0	B28874	0	-	-	VENEER_B
NO_MANAGED_METHOD	GoogleMobileAds	GoogleMobileAds.Common.Utils	GetTexture2DFromByteArray	AD94AC	0	B28874	0	-	-	VENEER_B
NO_MANAGED_METHOD	GoogleMobileAds	GoogleMobileAds.Common.Utils	GetTexture2DFromByteArray	AD94AC	0	B28874	0	-	-	VENEER_B
NO_MANAGED_METHOD	GoogleMobileAds	GoogleMobileAds.Android.RewardedInterstitialAdClient	remove_OnPaidEvent	AF4130	0	0	0	-	-	FUNCTION_PROLOGUE
NO_MANAGED_METHOD	GoogleMobileAds	GoogleMobileAds.Android.RewardedInterstitialAdClient	add_OnAdFailedToPresentFullScreenContent	AF4130	0	0	0	-	-	FUNCTION_PROLOGUE
NO_MANAGED_METHOD	GoogleMobileAds	GoogleMobileAds.Android.RewardedInterstitialAdClient	remove_OnAdFailedToPresentFullScreenContent	AF4130	0	0	0	-	-	FUNCTION_PROLOGUE
NO_MANAGED_METHOD	GoogleMobileAds	GoogleMobileAds.Android.RewardedInterstitialAdClient	add_OnAdDidPresentFullScreenContent	AF4130	0	0	0	-	-	FUNCTION_PROLOGUE
NO_MANAGED_METHOD	GoogleMobileAds	GoogleMobileAds.Android.RewardedInterstitialAdClient	remove_OnAdDidPresentFullScreenContent	AF4130	0	0	0	-	-	FUNCTION_PROLOGUE
NO_MANAGED_METHOD	GoogleMobileAds	GoogleMobileAds.Android.RewardedInterstitialAdClient	add_OnAdDidDismissFullScreenContent	AF4130	0	0	0	-	-	FUNCTION_PROLOGUE
NO_MANAGED_METHOD	GoogleMobileAds	GoogleMobileAds.Android.RewardedInterstitialAdClient	remove_OnAdDidDismissFullScreenContent	AF4130	0	0	0	-	-	FUNCTION_PROLOGUE
NO_MANAGED_METHOD	GoogleMobileAds	GoogleMobileAds.Android.RewardedInterstitialAdClient	Show	B3490C	0	0	0	-	-	FUNCTION_PROLOGUE
NO_MANAGED_METHOD	GoogleMobileAds	GoogleMobileAds.Android.RewardedInterstitialAdClient	GetRewardItem	B3490C	0	0	0	-	-	FUNCTION_PROLOGUE
SHARED_2	GoogleMobileAds	GoogleMobileAds.Api.AdLoader	.ctor	F456D0	2	0	0	-	-	FUNCTION_PROLOGUE
NO_MANAGED_METHOD	GoogleMobileAds	GoogleMobileAds.Android.RequestConfigurationClient	BuildRequestConfiguration	B3490C	0	0	0	-	-	FUNCTION_PROLOGUE
SHARED_2	GoogleMobileAds	GoogleMobileAds.Api.AdLoader	.ctor	F456D0	2	0	0	-	-	FUNCTION_PROLOGUE
NO_MANAGED_METHOD	GoogleMobileAds	GoogleMobileAds.Api.AdLoader	add_OnAdFailedToLoad	AF4130	0	0	0	-	-	FUNCTION_PROLOGUE
NO_MANAGED_METHOD	GoogleMobileAds	GoogleMobileAds.Api.AdLoader	remove_OnAdFailedToLoad	AF4130	0	0	0	-	-	FUNCTION_PROLOGUE
NO_MANAGED_METHOD	GoogleMobileAds	GoogleMobileAds.Api.AdLoader	add_OnCustomNativeTemplateAdLoaded	AF4130	0	0	0	-	-	FUNCTION_PROLOGUE
NO_MANAGED_METHOD	GoogleMobileAds	GoogleMobileAds.Api.AdLoader	remove_OnCustomNativeTemplateAdLoaded	AF4130	0	0	0	-	-	FUNCTION_PROLOGUE
NO_MANAGED_METHOD	GoogleMobileAds	GoogleMobileAds.Android.RequestConfigurationClient	GetRequestConfiguration	B3490C	0	0	0	-	-	FUNCTION_PROLOGUE
NO_MANAGED_METHOD	GoogleMobileAds	GoogleMobileAds.Android.ResponseInfoClient	.ctor	B3490C	0	0	0	-	-	FUNCTION_PROLOGUE
NO_MANAGED_METHOD	GoogleMobileAds	GoogleMobileAds.Android.ResponseInfoClient	GetMediationAdapterClassName	B3490C	0	0	0	-	-	FUNCTION_PROLOGUE
NO_MANAGED_METHOD	GoogleMobileAds	GoogleMobileAds.Android.ResponseInfoClient	GetResponseId	B3490C	0	0	0	-	-	FUNCTION_PROLOGUE
NO_MANAGED_METHOD	GoogleMobileAds	GoogleMobileAds.Android.ResponseInfoClient	ToString	B3490C	0	0	0	-	-	FUNCTION_PROLOGUE
NO_MANAGED_METHOD	GoogleMobileAds	GoogleMobileAds.Android.RewardBasedVideoAdClient	add_OnAdLoaded	AF4130	0	0	0	-	-	FUNCTION_PROLOGUE
NO_MANAGED_METHOD	GoogleMobileAds	GoogleMobileAds.Api.BannerView	add_OnAdLoaded	AF4130	0	0	0	-	-	FUNCTION_PROLOGUE
NO_MANAGED_METHOD	GoogleMobileAds	GoogleMobileAds.Android.RewardBasedVideoAdClient	remove_OnAdLoaded	AF4130	0	0	0	-	-	FUNCTION_PROLOGUE
NO_MANAGED_METHOD	GoogleMobileAds	GoogleMobileAds.Api.BannerView	remove_OnAdLoaded	AF4130	0	0	0	-	-	FUNCTION_PROLOGUE
NO_MANAGED_METHOD	GoogleMobileAds	GoogleMobileAds.Android.RewardBasedVideoAdClient	add_OnAdFailedToLoad	AF4130	0	0	0	-	-	FUNCTION_PROLOGUE
NO_MANAGED_METHOD	GoogleMobileAds	GoogleMobileAds.Android.RewardBasedVideoAdClient	remove_OnAdFailedToLoad	AF4130	0	0	0	-	-	FUNCTION_PROLOGUE
NO_MANAGED_METHOD	GoogleMobileAds	GoogleMobileAds.Api.BannerView	add_OnAdFailedToLoad	AF4130	0	0	0	-	-	FUNCTION_PROLOGUE
NO_MANAGED_METHOD	GoogleMobileAds	GoogleMobileAds.Android.RewardBasedVideoAdClient	add_OnAdOpening	AF4130	0	0	0	-	-	FUNCTION_PROLOGUE
NO_MANAGED_METHOD	GoogleMobileAds	GoogleMobileAds.Api.BannerView	remove_OnAdFailedToLoad	AF4130	0	0	0	-	-	FUNCTION_PROLOGUE
NO_MANAGED_METHOD	GoogleMobileAds	GoogleMobileAds.Api.BannerView	add_OnAdOpening	AF4130	0	0	0	-	-	FUNCTION_PROLOGUE
NO_MANAGED_METHOD	GoogleMobileAds	GoogleMobileAds.Android.RewardBasedVideoAdClient	remove_OnAdOpening	AF4130	0	0	0	-	-	FUNCTION_PROLOGUE
NO_MANAGED_METHOD	GoogleMobileAds	GoogleMobileAds.Api.BannerView	remove_OnAdOpening	AF4130	0	0	0	-	-	FUNCTION_PROLOGUE
NO_MANAGED_METHOD	GoogleMobileAds	GoogleMobileAds.Android.RewardBasedVideoAdClient	add_OnAdStarted	AF4130	0	0	0	-	-	FUNCTION_PROLOGUE
NO_MANAGED_METHOD	GoogleMobileAds	GoogleMobileAds.Android.Utils	GetAdSizeJavaObject	AD94AC	0	B28874	0	-	-	VENEER_B
NO_MANAGED_METHOD	GoogleMobileAds	GoogleMobileAds.Api.BannerView	add_OnAdClosed	AF4130	0	0	0	-	-	FUNCTION_PROLOGUE
NO_MANAGED_METHOD	GoogleMobileAds	GoogleMobileAds.Android.RewardBasedVideoAdClient	remove_OnAdStarted	AF4130	0	0	0	-	-	FUNCTION_PROLOGUE
NO_MANAGED_METHOD	GoogleMobileAds	GoogleMobileAds.Api.BannerView	remove_OnAdClosed	AF4130	0	0	0	-	-	FUNCTION_PROLOGUE
NO_MANAGED_METHOD	GoogleMobileAds	GoogleMobileAds.Android.RewardBasedVideoAdClient	add_OnAdClosed	AF4130	0	0	0	-	-	FUNCTION_PROLOGUE
NO_MANAGED_METHOD	GoogleMobileAds	GoogleMobileAds.Api.BannerView	add_OnAdLeavingApplication	AF4130	0	0	0	-	-	FUNCTION_PROLOGUE
NO_MANAGED_METHOD	GoogleMobileAds	GoogleMobileAds.Android.RewardBasedVideoAdClient	remove_OnAdClosed	AF4130	0	0	0	-	-	FUNCTION_PROLOGUE
NO_MANAGED_METHOD	GoogleMobileAds	GoogleMobileAds.Api.BannerView	remove_OnAdLeavingApplication	AF4130	0	0	0	-	-	FUNCTION_PROLOGUE
NO_MANAGED_METHOD	GoogleMobileAds	GoogleMobileAds.Android.RewardBasedVideoAdClient	add_OnAdRewarded	AF4130	0	0	0	-	-	FUNCTION_PROLOGUE
NO_MANAGED_METHOD	GoogleMobileAds	GoogleMobileAds.Api.BannerView	add_OnPaidEvent	AF4130	0	0	0	-	-	FUNCTION_PROLOGUE
NO_MANAGED_METHOD	GoogleMobileAds	GoogleMobileAds.Android.RewardBasedVideoAdClient	remove_OnAdRewarded	AF4130	0	0	0	-	-	FUNCTION_PROLOGUE
NO_MANAGED_METHOD	GoogleMobileAds	GoogleMobileAds.Api.BannerView	remove_OnPaidEvent	AF4130	0	0	0	-	-	FUNCTION_PROLOGUE
NO_MANAGED_METHOD	GoogleMobileAds	GoogleMobileAds.Android.RewardBasedVideoAdClient	add_OnAdLeavingApplication	AF4130	0	0	0	-	-	FUNCTION_PROLOGUE
NO_MANAGED_METHOD	GoogleMobileAds	GoogleMobileAds.Android.RewardBasedVideoAdClient	remove_OnAdLeavingApplication	AF4130	0	0	0	-	-	FUNCTION_PROLOGUE
NO_MANAGED_METHOD	GoogleMobileAds	GoogleMobileAds.Android.RewardBasedVideoAdClient	add_OnAdCompleted	AF4130	0	0	0	-	-	FUNCTION_PROLOGUE
NO_MANAGED_METHOD	GoogleMobileAds	GoogleMobileAds.Android.RewardBasedVideoAdClient	remove_OnAdCompleted	AF4130	0	0	0	-	-	FUNCTION_PROLOGUE
NO_MANAGED_METHOD	GoogleMobileAds	GoogleMobileAds.Api.InterstitialAd	add_OnAdLoaded	AF4130	0	0	0	-	-	FUNCTION_PROLOGUE
NO_MANAGED_METHOD	GoogleMobileAds	GoogleMobileAds.Api.InterstitialAd	remove_OnAdLoaded	AF4130	0	0	0	-	-	FUNCTION_PROLOGUE
NO_MANAGED_METHOD	GoogleMobileAds	GoogleMobileAds.Api.InterstitialAd	add_OnAdFailedToLoad	AF4130	0	0	0	-	-	FUNCTION_PROLOGUE
NO_MANAGED_METHOD	GoogleMobileAds	GoogleMobileAds.Api.InterstitialAd	remove_OnAdFailedToLoad	AF4130	0	0	0	-	-	FUNCTION_PROLOGUE
NO_MANAGED_METHOD	GoogleMobileAds	GoogleMobileAds.Api.InterstitialAd	add_OnAdOpening	AF4130	0	0	0	-	-	FUNCTION_PROLOGUE
NO_MANAGED_METHOD	GoogleMobileAds	GoogleMobileAds.Api.InterstitialAd	remove_OnAdOpening	AF4130	0	0	0	-	-	FUNCTION_PROLOGUE
NO_MANAGED_METHOD	GoogleMobileAds	GoogleMobileAds.Android.RewardBasedVideoAdClient	CreateRewardBasedVideoAd	B3490C	0	0	0	-	-	FUNCTION_PROLOGUE
NO_MANAGED_METHOD	GoogleMobileAds	GoogleMobileAds.Api.InterstitialAd	add_OnAdClosed	AF4130	0	0	0	-	-	FUNCTION_PROLOGUE
NO_MANAGED_METHOD	GoogleMobileAds	GoogleMobileAds.Api.InterstitialAd	remove_OnAdClosed	AF4130	0	0	0	-	-	FUNCTION_PROLOGUE
NO_MANAGED_METHOD	GoogleMobileAds	GoogleMobileAds.Api.InterstitialAd	add_OnAdLeavingApplication	AF4130	0	0	0	-	-	FUNCTION_PROLOGUE
NO_MANAGED_METHOD	GoogleMobileAds	GoogleMobileAds.Api.InterstitialAd	remove_OnAdLeavingApplication	AF4130	0	0	0	-	-	FUNCTION_PROLOGUE
NO_MANAGED_METHOD	GoogleMobileAds	GoogleMobileAds.Api.InterstitialAd	add_OnPaidEvent	AF4130	0	0	0	-	-	FUNCTION_PROLOGUE
NO_MANAGED_METHOD	GoogleMobileAds	GoogleMobileAds.Api.InterstitialAd	remove_OnPaidEvent	AF4130	0	0	0	-	-	FUNCTION_PROLOGUE
NO_MANAGED_METHOD	GoogleMobileAds	GoogleMobileAds.Android.RewardBasedVideoAdClient	IsLoaded	B3490C	0	0	0	-	-	FUNCTION_PROLOGUE
NO_MANAGED_METHOD	GoogleMobileAds	GoogleMobileAds.Android.RewardBasedVideoAdClient	ShowRewardBasedVideoAd	B3490C	0	0	0	-	-	FUNCTION_PROLOGUE
NO_MANAGED_METHOD	GoogleMobileAds	GoogleMobileAds.Android.RewardBasedVideoAdClient	DestroyRewardBasedVideoAd	B3490C	0	0	0	-	-	FUNCTION_PROLOGUE
NO_MANAGED_METHOD	GoogleMobileAds	GoogleMobileAds.Android.RewardBasedVideoAdClient	MediationAdapterClassName	B3490C	0	0	0	-	-	FUNCTION_PROLOGUE
NO_MANAGED_METHOD	GoogleMobileAds	GoogleMobileAds.Android.RewardedAdClient	add_OnAdLoaded	AF4130	0	0	0	-	-	FUNCTION_PROLOGUE
NO_MANAGED_METHOD	GoogleMobileAds	GoogleMobileAds.Android.RewardedAdClient	remove_OnAdLoaded	AF4130	0	0	0	-	-	FUNCTION_PROLOGUE
NO_MANAGED_METHOD	GoogleMobileAds	GoogleMobileAds.Android.RewardedAdClient	add_OnAdFailedToLoad	AF4130	0	0	0	-	-	FUNCTION_PROLOGUE
NO_MANAGED_METHOD	GoogleMobileAds	GoogleMobileAds.Android.RewardedAdClient	remove_OnAdFailedToLoad	AF4130	0	0	0	-	-	FUNCTION_PROLOGUE
NO_MANAGED_METHOD	GoogleMobileAds	GoogleMobileAds.Api.RewardBasedVideoAd	add_OnAdLoaded	AF4130	0	0	0	-	-	FUNCTION_PROLOGUE
NO_MANAGED_METHOD	GoogleMobileAds	GoogleMobileAds.Api.RewardBasedVideoAd	remove_OnAdLoaded	AF4130	0	0	0	-	-	FUNCTION_PROLOGUE
NO_MANAGED_METHOD	GoogleMobileAds	GoogleMobileAds.Api.RewardBasedVideoAd	add_OnAdFailedToLoad	AF4130	0	0	0	-	-	FUNCTION_PROLOGUE
NO_MANAGED_METHOD	GoogleMobileAds	GoogleMobileAds.Api.RewardBasedVideoAd	remove_OnAdFailedToLoad	AF4130	0	0	0	-	-	FUNCTION_PROLOGUE
NO_MANAGED_METHOD	GoogleMobileAds	GoogleMobileAds.Android.RewardedAdClient	add_OnAdFailedToShow	AF4130	0	0	0	-	-	FUNCTION_PROLOGUE
NO_MANAGED_METHOD	GoogleMobileAds	GoogleMobileAds.Api.RewardBasedVideoAd	add_OnAdOpening	AF4130	0	0	0	-	-	FUNCTION_PROLOGUE
NO_MANAGED_METHOD	GoogleMobileAds	GoogleMobileAds.Android.RewardedAdClient	remove_OnAdFailedToShow	AF4130	0	0	0	-	-	FUNCTION_PROLOGUE
NO_MANAGED_METHOD	GoogleMobileAds	GoogleMobileAds.Api.RewardBasedVideoAd	remove_OnAdOpening	AF4130	0	0	0	-	-	FUNCTION_PROLOGUE
NO_MANAGED_METHOD	GoogleMobileAds	GoogleMobileAds.Android.RewardedAdClient	add_OnAdOpening	AF4130	0	0	0	-	-	FUNCTION_PROLOGUE
NO_MANAGED_METHOD	GoogleMobileAds	GoogleMobileAds.Api.RewardBasedVideoAd	add_OnAdStarted	AF4130	0	0	0	-	-	FUNCTION_PROLOGUE
NO_MANAGED_METHOD	GoogleMobileAds	GoogleMobileAds.Android.RewardedAdClient	remove_OnAdOpening	AF4130	0	0	0	-	-	FUNCTION_PROLOGUE
NO_MANAGED_METHOD	GoogleMobileAds	GoogleMobileAds.Api.RewardBasedVideoAd	remove_OnAdStarted	AF4130	0	0	0	-	-	FUNCTION_PROLOGUE
NO_MANAGED_METHOD	GoogleMobileAds	GoogleMobileAds.Api.RewardBasedVideoAd	add_OnAdClosed	AF4130	0	0	0	-	-	FUNCTION_PROLOGUE
NO_MANAGED_METHOD	GoogleMobileAds	GoogleMobileAds.Api.RewardBasedVideoAd	remove_OnAdClosed	AF4130	0	0	0	-	-	FUNCTION_PROLOGUE
NO_MANAGED_METHOD	GoogleMobileAds	GoogleMobileAds.Api.RewardBasedVideoAd	add_OnAdRewarded	AF4130	0	0	0	-	-	FUNCTION_PROLOGUE
NO_MANAGED_METHOD	GoogleMobileAds	GoogleMobileAds.Api.RewardBasedVideoAd	remove_OnAdRewarded	AF4130	0	0	0	-	-	FUNCTION_PROLOGUE
NO_MANAGED_METHOD	GoogleMobileAds	GoogleMobileAds.Android.RewardedAdClient	add_OnUserEarnedReward	AF4130	0	0	0	-	-	FUNCTION_PROLOGUE
NO_MANAGED_METHOD	GoogleMobileAds	GoogleMobileAds.Api.RewardBasedVideoAd	add_OnAdLeavingApplication	AF4130	0	0	0	-	-	FUNCTION_PROLOGUE
NO_MANAGED_METHOD	GoogleMobileAds	GoogleMobileAds.Android.RewardedAdClient	remove_OnUserEarnedReward	AF4130	0	0	0	-	-	FUNCTION_PROLOGUE
NO_MANAGED_METHOD	GoogleMobileAds	GoogleMobileAds.Api.RewardBasedVideoAd	remove_OnAdLeavingApplication	AF4130	0	0	0	-	-	FUNCTION_PROLOGUE
NO_MANAGED_METHOD	GoogleMobileAds	GoogleMobileAds.Android.RewardedAdClient	add_OnAdClosed	AF4130	0	0	0	-	-	FUNCTION_PROLOGUE
NO_MANAGED_METHOD	GoogleMobileAds	GoogleMobileAds.Api.RewardBasedVideoAd	add_OnAdCompleted	AF4130	0	0	0	-	-	FUNCTION_PROLOGUE
NO_MANAGED_METHOD	GoogleMobileAds	GoogleMobileAds.Api.RewardBasedVideoAd	remove_OnAdCompleted	AF4130	0	0	0	-	-	FUNCTION_PROLOGUE
NO_MANAGED_METHOD	Assembly-CSharp	SingletonMono`1	.cctor	B348B0	0	0	0	-	-	FUNCTION_PROLOGUE
NO_MANAGED_METHOD	Assembly-CSharp	CSVSerializer	Deserialize	B3490C	0	0	0	-	-	FUNCTION_PROLOGUE
NO_MANAGED_METHOD	Assembly-CSharp	CSVSerializer	Deserialize	B3490C	0	0	0	-	-	FUNCTION_PROLOGUE
NO_MANAGED_METHOD	Assembly-CSharp	CSVSerializer	DeserializeIdValue	B3490C	0	0	0	-	-	FUNCTION_PROLOGUE
NO_MANAGED_METHOD	Assembly-CSharp	CSVSerializer	DeserializeIdValue	B348B0	0	0	0	-	-	FUNCTION_PROLOGUE
NO_MANAGED_METHOD	Assembly-CSharp	CSVSerializer	DeserializeIdValue	1854EB0	0	0	0	-	-	PLT_STUB
NO_MANAGED_METHOD	Assembly-CSharp	CSVSerializer	DeserializeIdValue	AD95AC	0	0	0	-	-	FUNCTION_PROLOGUE
NO_MANAGED_METHOD	Assembly-CSharp	CSVSerializer	DeserializeIdValue	1854F10	0	0	0	-	-	PLT_STUB
NO_MANAGED_METHOD	Assembly-CSharp	CSVSerializer	DeserializeIdValue	B3490C	0	0	0	-	-	FUNCTION_PROLOGUE
NO_MANAGED_METHOD	Assembly-CSharp	CSVSerializer	DeserializeIdValue	B348B0	0	0	0	-	-	FUNCTION_PROLOGUE
NO_MANAGED_METHOD	Assembly-CSharp	CSVSerializer	DeserializeIdValue	1854EB0	0	0	0	-	-	PLT_STUB
NO_MANAGED_METHOD	Assembly-CSharp	CSVSerializer	DeserializeIdValue	AD95AC	0	0	0	-	-	FUNCTION_PROLOGUE
NO_MANAGED_METHOD	Assembly-CSharp	CSVSerializer	DeserializeIdValue	1854F10	0	0	0	-	-	PLT_STUB
NO_MANAGED_METHOD	GoogleMobileAds	GoogleMobileAds.Api.RewardedAd	add_OnAdLoaded	AF4130	0	0	0	-	-	FUNCTION_PROLOGUE
NO_MANAGED_METHOD	GoogleMobileAds	GoogleMobileAds.Api.RewardedAd	remove_OnAdLoaded	AF4130	0	0	0	-	-	FUNCTION_PROLOGUE
NO_MANAGED_METHOD	GoogleMobileAds	GoogleMobileAds.Api.RewardedAd	add_OnAdFailedToLoad	AF4130	0	0	0	-	-	FUNCTION_PROLOGUE
NO_MANAGED_METHOD	GoogleMobileAds	GoogleMobileAds.Api.RewardedAd	remove_OnAdFailedToLoad	AF4130	0	0	0	-	-	FUNCTION_PROLOGUE
NO_MANAGED_METHOD	GoogleMobileAds	GoogleMobileAds.Api.RewardedAd	add_OnAdFailedToShow	AF4130	0	0	0	-	-	FUNCTION_PROLOGUE
NO_MANAGED_METHOD	GoogleMobileAds	GoogleMobileAds.Api.RewardedAd	remove_OnAdFailedToShow	AF4130	0	0	0	-	-	FUNCTION_PROLOGUE
NO_MANAGED_METHOD	GoogleMobileAds	GoogleMobileAds.Api.RewardedAd	add_OnAdOpening	AF4130	0	0	0	-	-	FUNCTION_PROLOGUE
NO_MANAGED_METHOD	GoogleMobileAds	GoogleMobileAds.Api.RewardedAd	remove_OnAdOpening	AF4130	0	0	0	-	-	FUNCTION_PROLOGUE
NO_MANAGED_METHOD	GoogleMobileAds	GoogleMobileAds.Api.RewardedAd	add_OnAdClosed	AF4130	0	0	0	-	-	FUNCTION_PROLOGUE
NO_MANAGED_METHOD	GoogleMobileAds	GoogleMobileAds.Api.RewardedAd	remove_OnAdClosed	AF4130	0	0	0	-	-	FUNCTION_PROLOGUE
NO_MANAGED_METHOD	GoogleMobileAds	GoogleMobileAds.Api.RewardedAd	add_OnUserEarnedReward	AF4130	0	0	0	-	-	FUNCTION_PROLOGUE
NO_MANAGED_METHOD	GoogleMobileAds	GoogleMobileAds.Api.RewardedAd	remove_OnUserEarnedReward	AF4130	0	0	0	-	-	FUNCTION_PROLOGUE
NOT_AN_ADDRESS	Assembly-CSharp	CSVSerializer	SetValue	0	-1	0	0	-	-	-
NO_MANAGED_METHOD	GoogleMobileAds	GoogleMobileAds.Api.RewardedAd	add_OnPaidEvent	AF4130	0	0	0	-	-	FUNCTION_PROLOGUE
NO_MANAGED_METHOD	GoogleMobileAds	GoogleMobileAds.Api.RewardedAd	remove_OnPaidEvent	AF4130	0	0	0	-	-	FUNCTION_PROLOGUE
SHARED_2	Assembly-CSharp	SingletonMonoDontDestroy`1	get_Instance	C76B74	2	0	0	-	-	FUNCTION_PROLOGUE
NO_MANAGED_METHOD	GoogleMobileAds	GoogleMobileAds.Api.RewardedInterstitialAd	add_OnPaidEvent	AF4130	0	0	0	-	-	FUNCTION_PROLOGUE
NO_MANAGED_METHOD	GoogleMobileAds	GoogleMobileAds.Api.RewardedInterstitialAd	remove_OnPaidEvent	AF4130	0	0	0	-	-	FUNCTION_PROLOGUE
NO_MANAGED_METHOD	GoogleMobileAds	GoogleMobileAds.Api.RewardedInterstitialAd	add_OnAdFailedToPresentFullScreenContent	AF4130	0	0	0	-	-	FUNCTION_PROLOGUE
NO_MANAGED_METHOD	GoogleMobileAds	GoogleMobileAds.Api.RewardedInterstitialAd	remove_OnAdFailedToPresentFullScreenContent	AF4130	0	0	0	-	-	FUNCTION_PROLOGUE
NO_MANAGED_METHOD	GoogleMobileAds	GoogleMobileAds.Api.RewardedInterstitialAd	add_OnAdDidPresentFullScreenContent	AF4130	0	0	0	-	-	FUNCTION_PROLOGUE
NO_MANAGED_METHOD	GoogleMobileAds	GoogleMobileAds.Api.RewardedInterstitialAd	remove_OnAdDidPresentFullScreenContent	AF4130	0	0	0	-	-	FUNCTION_PROLOGUE
NO_MANAGED_METHOD	GoogleMobileAds	GoogleMobileAds.Api.RewardedInterstitialAd	add_OnAdDidDismissFullScreenContent	AF4130	0	0	0	-	-	FUNCTION_PROLOGUE
NO_MANAGED_METHOD	GoogleMobileAds	GoogleMobileAds.Api.RewardedInterstitialAd	remove_OnAdDidDismissFullScreenContent	AF4130	0	0	0	-	-	FUNCTION_PROLOGUE
NO_MANAGED_METHOD	Assembly-CSharp	CSVHelper	getListGroupCSV	AD94AC	0	B28874	0	-	-	VENEER_B
NO_MANAGED_METHOD	Assembly-CSharp	CSVHelper	getListGroupCSV	AD94AC	0	B28874	0	-	-	VENEER_B
NO_MANAGED_METHOD	Assembly-CSharp	CSVHelper	getListGroupCSV	AD94AC	0	B28874	0	-	-	VENEER_B
NO_MANAGED_METHOD	Assembly-CSharp	CSVHelper	GetListGroupCSV	1854E70	0	0	0	-	-	PLT_STUB
NO_MANAGED_METHOD	Assembly-CSharp	CSVHelper	GetListGroupCSV	1854E80	0	0	0	-	-	PLT_STUB
NOT_AN_ADDRESS	Assembly-CSharp	Item	.ctor	0	-1	0	0	-	-	-
NOT_AN_ADDRESS	Assembly-CSharp	Item	.ctor	0	-1	0	0	-	-	-
NO_MANAGED_METHOD	Assembly-CSharp	Item	.ctor	1854E70	0	0	0	-	-	PLT_STUB
NO_MANAGED_METHOD	Assembly-CSharp	Item	.ctor	AD94AC	0	B28874	0	-	-	VENEER_B
NOT_AN_ADDRESS	Assembly-CSharp	Item	.ctor	0	-1	0	0	-	-	-
NO_MANAGED_METHOD	Assembly-CSharp	Item	.ctor	1854E80	0	0	0	-	-	PLT_STUB
NO_MANAGED_METHOD	Assembly-CSharp	Item	.ctor	1854E90	0	0	0	-	-	PLT_STUB
NO_MANAGED_METHOD	Assembly-CSharp	Item	.ctor	1854EA0	0	0	0	-	-	PLT_STUB
NO_MANAGED_METHOD	Assembly-CSharp	Item	.ctor	1854E80	0	0	0	-	-	PLT_STUB
NO_MANAGED_METHOD	Assembly-CSharp	Item	.ctor	BD3CD0	0	0	0	-	-	FUNCTION_PROLOGUE
NO_MANAGED_METHOD	Assembly-CSharp	Item	.ctor	9DACB4	0	0	0	-	-	FUNCTION_PROLOGUE
NO_MANAGED_METHOD	Assembly-CSharp	ResourcesUtil	AddResource	1854E70	0	0	0	-	-	PLT_STUB
NO_MANAGED_METHOD	Assembly-CSharp	ResourcesUtil	AddResource	1854E80	0	0	0	-	-	PLT_STUB
NO_MANAGED_METHOD	Assembly-CSharp	ResourcesUtil	AddResource	BD3CD0	0	0	0	-	-	FUNCTION_PROLOGUE
NO_MANAGED_METHOD	Assembly-CSharp	ResourcesUtil	AddResource	9DACB4	0	0	0	-	-	FUNCTION_PROLOGUE
NO_MANAGED_METHOD	Assembly-CSharp	ResourcesUtil	AddResource	1854E70	0	0	0	-	-	PLT_STUB
NO_MANAGED_METHOD	Assembly-CSharp	ResourcesUtil	AddResource	AD94AC	0	B28874	0	-	-	VENEER_B
NOT_AN_ADDRESS	Assembly-CSharp	ResourcesUtil	AddResource	0	-1	0	0	-	-	-
NO_MANAGED_METHOD	Assembly-CSharp	ResourcesUtil	AddResource	1854E80	0	0	0	-	-	PLT_STUB
NO_MANAGED_METHOD	Assembly-CSharp	ResourcesUtil	AddResource	1854E90	0	0	0	-	-	PLT_STUB
NO_MANAGED_METHOD	Assembly-CSharp	ResourcesUtil	AddResource	1854EA0	0	0	0	-	-	PLT_STUB
NO_MANAGED_METHOD	Assembly-CSharp	ResourcesUtil	AddResource	1854E80	0	0	0	-	-	PLT_STUB
NO_MANAGED_METHOD	Assembly-CSharp	ResourcesUtil	AddResource	BD3CD0	0	0	0	-	-	FUNCTION_PROLOGUE
NO_MANAGED_METHOD	Assembly-CSharp	ResourcesUtil	AddResource	9DACB4	0	0	0	-	-	FUNCTION_PROLOGUE
NO_MANAGED_METHOD	Assembly-CSharp	ResourcesUtil	SubResource	1854E70	0	0	0	-	-	PLT_STUB
NO_MANAGED_METHOD	Assembly-CSharp	ResourcesUtil	SubResource	AD94AC	0	B28874	0	-	-	VENEER_B
NOT_AN_ADDRESS	Assembly-CSharp	ResourcesUtil	SubResource	0	-1	0	0	-	-	-
NO_MANAGED_METHOD	Assembly-CSharp	ResourcesUtil	SubResource	1854E80	0	0	0	-	-	PLT_STUB
NO_MANAGED_METHOD	Assembly-CSharp	ResourcesUtil	SubResource	1854E90	0	0	0	-	-	PLT_STUB
NO_MANAGED_METHOD	Assembly-CSharp	ResourcesUtil	SubResource	1854EA0	0	0	0	-	-	PLT_STUB
NO_MANAGED_METHOD	Assembly-CSharp	ResourcesUtil	SubResource	1854E80	0	0	0	-	-	PLT_STUB
NO_MANAGED_METHOD	Assembly-CSharp	ResourcesUtil	SubResource	BD3CD0	0	0	0	-	-	FUNCTION_PROLOGUE
NO_MANAGED_METHOD	Assembly-CSharp	ResourcesUtil	SubResource	9DACB4	0	0	0	-	-	FUNCTION_PROLOGUE
NO_MANAGED_METHOD	Assembly-CSharp	ResourcesUtil	AddResource	B3490C	0	0	0	-	-	FUNCTION_PROLOGUE
NO_MANAGED_METHOD	GoogleMobileAds	GoogleMobileAds.Android.Utils	GetAdRequestJavaObject	B3490C	0	0	0	-	-	FUNCTION_PROLOGUE
NOT_AN_ADDRESS	GoogleMobileAds	GoogleMobileAds.Android.Utils	GetAdRequestJavaObject	0	-1	0	0	-	-	-
NOT_AN_ADDRESS	GoogleMobileAds	GoogleMobileAds.Android.Utils	GetAdRequestJavaObject	0	-1	0	0	-	-	-
NO_MANAGED_METHOD	Assembly-CSharp	ResourcesUtil	CreateResource	B3490C	0	0	0	-	-	FUNCTION_PROLOGUE
NOT_AN_ADDRESS	GoogleMobileAds	GoogleMobileAds.Android.Utils	GetAdRequestJavaObject	0	-1	0	0	-	-	-
NOT_AN_ADDRESS	GoogleMobileAds	GoogleMobileAds.Android.Utils	GetAdRequestJavaObject	0	-1	0	0	-	-	-
NOT_AN_ADDRESS	GoogleMobileAds	GoogleMobileAds.Android.Utils	GetAdRequestJavaObject	0	-1	0	0	-	-	-
NOT_AN_ADDRESS	GoogleMobileAds	GoogleMobileAds.Android.Utils	GetAdRequestJavaObject	0	-1	0	0	-	-	-
NOT_AN_ADDRESS	GoogleMobileAds	GoogleMobileAds.Android.Utils	GetAdRequestJavaObject	0	-1	0	0	-	-	-
NO_MANAGED_METHOD	Assembly-CSharp	ResourcesUtil	CreateOrGetResource	B3490C	0	0	0	-	-	FUNCTION_PROLOGUE
NOT_AN_ADDRESS	GoogleMobileAds	GoogleMobileAds.Android.Utils	GetAdRequestJavaObject	0	-1	0	0	-	-	-
NOT_AN_ADDRESS	GoogleMobileAds	GoogleMobileAds.Android.Utils	GetAdRequestJavaObject	0	-1	0	0	-	-	-
NOT_AN_ADDRESS	GoogleMobileAds	GoogleMobileAds.Android.Utils	GetAdRequestJavaObject	0	-1	0	0	-	-	-
NOT_AN_ADDRESS	GoogleMobileAds	GoogleMobileAds.Android.Utils	GetAdRequestJavaObject	0	-1	0	0	-	-	-
NO_MANAGED_METHOD	Assembly-CSharp	ResourcesUtil	GetResource	B3490C	0	0	0	-	-	FUNCTION_PROLOGUE
NO_MANAGED_METHOD	Assembly-CSharp	Extensions+<>c__DisplayClass2_0`1	<Replace>b__0	AD94BC	0	B1BAE8	0	-	-	VENEER_B
NO_MANAGED_METHOD	Assembly-CSharp	Extensions+<>c__DisplayClass2_0`1	<Replace>b__0	1854EB0	0	0	0	-	-	PLT_STUB
NO_MANAGED_METHOD	Assembly-CSharp	Extensions+<>c__DisplayClass2_0`1	<Replace>b__0	1854F10	0	0	0	-	-	PLT_STUB
NO_MANAGED_METHOD	Assembly-CSharp	Extensions+<>c__DisplayClass2_0`1	<Replace>b__0	AD94BC	0	B1BAE8	0	-	-	VENEER_B
NO_MANAGED_METHOD	Assembly-CSharp	Extensions+<>c__DisplayClass2_0`1	<Replace>b__0	1854F10	0	0	0	-	-	PLT_STUB
NO_MANAGED_METHOD	Assembly-CSharp	UserResourceInventory`1	AddValue	AD94AC	0	B28874	0	-	-	VENEER_B
NO_MANAGED_METHOD	Assembly-CSharp	UserResourceInventory`1	GetValue	AD94AC	0	B28874	0	-	-	VENEER_B
NO_MANAGED_METHOD	Assembly-CSharp	UserResourceInventory`1	SetValue	AD94AC	0	B28874	0	-	-	VENEER_B
NO_MANAGED_METHOD	Assembly-CSharp	UserResourceInventory`1	SubValue	AD94AC	0	B28874	0	-	-	VENEER_B
NO_MANAGED_METHOD	GoogleMobileAds	GoogleMobileAds.Android.Utils	GetAdRequestJavaObject	B3490C	0	0	0	-	-	FUNCTION_PROLOGUE
NO_MANAGED_METHOD	GoogleMobileAds	GoogleMobileAds.Android.Utils	GetAdRequestJavaObject	B348B0	0	0	0	-	-	FUNCTION_PROLOGUE
NO_MANAGED_METHOD	Assembly-CSharp	Extensions+<>c__DisplayClass2_0`1	<Replace>b__0	1854F10	0	0	0	-	-	PLT_STUB
NO_MANAGED_METHOD	Assembly-CSharp	Extensions+<>c__DisplayClass2_0`1	<Replace>b__0	1854F10	0	0	0	-	-	PLT_STUB
NO_MANAGED_METHOD	Assembly-CSharp	Extensions+<Delay>d__4	System.Collections.IEnumerator.Reset	AD94AC	0	B28874	0	-	-	VENEER_B
NO_MANAGED_METHOD	Assembly-CSharp	Extensions+<Delay>d__4	System.Collections.IEnumerator.Reset	AD94AC	0	B28874	0	-	-	VENEER_B
NO_MANAGED_METHOD	GoogleMobileAds	GoogleMobileAds.Android.Utils	GetAdRequestJavaObject	B348B0	0	0	0	-	-	FUNCTION_PROLOGUE
NOT_AN_ADDRESS	GoogleMobileAds	GoogleMobileAds.Android.Utils	GetAdRequestJavaObject	0	-1	0	0	-	-	-
NOT_AN_ADDRESS	GoogleMobileAds	GoogleMobileAds.Android.Utils	GetAdRequestJavaObject	0	-1	0	0	-	-	-
NOT_AN_ADDRESS	GoogleMobileAds	GoogleMobileAds.Android.Utils	GetAdRequestJavaObject	0	-1	0	0	-	-	-
NO_MANAGED_METHOD	Assembly-CSharp	Extensions+<DelayReal>d__6	System.Collections.IEnumerator.Reset	AD94AC	0	B28874	0	-	-	VENEER_B
NO_MANAGED_METHOD	Assembly-CSharp	Extensions+<DelayReal>d__6	System.Collections.IEnumerator.Reset	AD94AC	0	B28874	0	-	-	VENEER_B
NOT_AN_ADDRESS	GoogleMobileAds	GoogleMobileAds.Android.Utils	GetAdRequestJavaObject	0	-1	0	0	-	-	-
NO_MANAGED_METHOD	GoogleMobileAds	GoogleMobileAds.Android.Utils	GetAdRequestJavaObject	B3490C	0	0	0	-	-	FUNCTION_PROLOGUE
NO_MANAGED_METHOD	GoogleMobileAds	GoogleMobileAds.Android.Utils	GetAdRequestJavaObject	B348B0	0	0	0	-	-	FUNCTION_PROLOGUE
NO_MANAGED_METHOD	GoogleMobileAds	GoogleMobileAds.Android.Utils	GetAdRequestJavaObject	B348B0	0	0	0	-	-	FUNCTION_PROLOGUE
NO_MANAGED_METHOD	Assembly-CSharp	Extensions	Replace	B3490C	0	0	0	-	-	FUNCTION_PROLOGUE
NO_MANAGED_METHOD	Assembly-CSharp	Extensions	Replace	B349B4	0	0	0	-	-	FUNCTION_PROLOGUE
NO_MANAGED_METHOD	Assembly-CSharp	Extensions	Replace	B349B4	0	0	0	-	-	FUNCTION_PROLOGUE
NO_MANAGED_METHOD	Assembly-CSharp	Extensions	Replace	AD94AC	0	B28874	0	-	-	VENEER_B
NO_MANAGED_METHOD	Assembly-CSharp	Extensions	Replace	AD94AC	0	B28874	0	-	-	VENEER_B
NO_MANAGED_METHOD	Assembly-CSharp	Extensions	Replace	1854EB0	0	0	0	-	-	PLT_STUB
NO_MANAGED_METHOD	Assembly-CSharp	Extensions	Replace	1854F10	0	0	0	-	-	PLT_STUB
NO_MANAGED_METHOD	Assembly-CSharp	Extensions	Replace	1854F10	0	0	0	-	-	PLT_STUB
NO_MANAGED_METHOD	Assembly-CSharp	Zitga.CsvTools.CsvReader	Deserialize	B3490C	0	0	0	-	-	FUNCTION_PROLOGUE
NO_MANAGED_METHOD	Assembly-CSharp	Zitga.CsvTools.CsvReader	Deserialize	B3490C	0	0	0	-	-	FUNCTION_PROLOGUE
NO_MANAGED_METHOD	Assembly-CSharp	Zitga.CsvTools.CsvReader	DeserializeIdValue	B3490C	0	0	0	-	-	FUNCTION_PROLOGUE
NO_MANAGED_METHOD	Assembly-CSharp	Zitga.CsvTools.CsvReader	DeserializeIdValue	B348B0	0	0	0	-	-	FUNCTION_PROLOGUE
NO_MANAGED_METHOD	Assembly-CSharp	Zitga.CsvTools.CsvReader	DeserializeIdValue	1854EB0	0	0	0	-	-	PLT_STUB
NO_MANAGED_METHOD	Assembly-CSharp	Zitga.CsvTools.CsvReader	DeserializeIdValue	AD95AC	0	0	0	-	-	FUNCTION_PROLOGUE
NO_MANAGED_METHOD	Assembly-CSharp	Zitga.CsvTools.CsvReader	DeserializeIdValue	1854F10	0	0	0	-	-	PLT_STUB
NO_MANAGED_METHOD	Assembly-CSharp	Zitga.CsvTools.CsvReader	DeserializeIdValue	B3490C	0	0	0	-	-	FUNCTION_PROLOGUE
NO_MANAGED_METHOD	Assembly-CSharp	Zitga.CsvTools.CsvReader	DeserializeIdValue	B348B0	0	0	0	-	-	FUNCTION_PROLOGUE
NO_MANAGED_METHOD	Assembly-CSharp	Zitga.CsvTools.CsvReader	DeserializeIdValue	1854EB0	0	0	0	-	-	PLT_STUB
NO_MANAGED_METHOD	Assembly-CSharp	Zitga.CsvTools.CsvReader	DeserializeIdValue	AD95AC	0	0	0	-	-	FUNCTION_PROLOGUE
NO_MANAGED_METHOD	Assembly-CSharp	Zitga.CsvTools.CsvReader	DeserializeIdValue	1854F10	0	0	0	-	-	PLT_STUB
NO_MANAGED_METHOD	GoogleMobileAds	GoogleMobileAds.Android.Utils	GetJavaListObject	B3490C	0	0	0	-	-	FUNCTION_PROLOGUE
NO_MANAGED_METHOD	Assembly-CSharp	Zitga.CsvTools.CsvReader	CreateArray	AD94AC	0	B28874	0	-	-	VENEER_B
NO_MANAGED_METHOD	Assembly-CSharp	Zitga.CsvTools.CsvReader	CreateArray	AD94AC	0	B28874	0	-	-	VENEER_B
NO_MANAGED_METHOD	Assembly-CSharp	Extensions	ReplaceAll	B3490C	0	0	0	-	-	FUNCTION_PROLOGUE
NO_MANAGED_METHOD	Assembly-CSharp	Extensions	ReplaceAll	B349B4	0	0	0	-	-	FUNCTION_PROLOGUE
NO_MANAGED_METHOD	Assembly-CSharp	Extensions	ReplaceAll	B349B4	0	0	0	-	-	FUNCTION_PROLOGUE
NO_MANAGED_METHOD	Assembly-CSharp	Extensions	ReplaceAll	AD94AC	0	B28874	0	-	-	VENEER_B
NO_MANAGED_METHOD	Assembly-CSharp	Extensions	ReplaceAll	AD94AC	0	B28874	0	-	-	VENEER_B
NO_MANAGED_METHOD	Assembly-CSharp	Extensions	ReplaceAll	1854EB0	0	0	0	-	-	PLT_STUB
NO_MANAGED_METHOD	Assembly-CSharp	Extensions	ReplaceAll	1854F10	0	0	0	-	-	PLT_STUB
NO_MANAGED_METHOD	Assembly-CSharp	Extensions	ReplaceAll	1854F10	0	0	0	-	-	PLT_STUB
NO_MANAGED_METHOD	GoogleMobileAds	GoogleMobileAds.Android.Utils	GetServerSideVerificationOptionsJavaObject	B3490C	0	0	0	-	-	FUNCTION_PROLOGUE
NO_MANAGED_METHOD	Assembly-CSharp	Zitga.CsvTools.CsvReader	Create	AD94AC	0	B28874	0	-	-	VENEER_B
NO_MANAGED_METHOD	Assembly-CSharp	Zitga.CsvTools.CsvReader	Create	AD94AC	0	B28874	0	-	-	VENEER_B
NO_MANAGED_METHOD	Assembly-CSharp	Zitga.CsvTools.CsvReader	Create	AD94AC	0	B28874	0	-	-	VENEER_B
NO_MANAGED_METHOD	Assembly-CSharp	Zitga.CsvTools.CsvReader	Create	AD94AC	0	B28874	0	-	-	VENEER_B
NO_MANAGED_METHOD	Assembly-CSharp	Zitga.CsvTools.CsvReader	Create	AD94AC	0	B28874	0	-	-	VENEER_B
NO_MANAGED_METHOD	Assembly-CSharp	Zitga.CsvTools.CsvReader	Create	AD94AC	0	B28874	0	-	-	VENEER_B
NO_MANAGED_METHOD	GoogleMobileAds	GoogleMobileAds.Common.DummyClient	.ctor	AD94B0	0	B277D0	0	-	-	VENEER_B
NO_MANAGED_METHOD	GoogleMobileAds	GoogleMobileAds.Common.DummyClient	.ctor	AD947C	0	0	0	-	-	FUNCTION_PROLOGUE
NO_MANAGED_METHOD	GoogleMobileAds	GoogleMobileAds.Common.DummyClient	add_OnAdLoaded	AF4130	0	0	0	-	-	FUNCTION_PROLOGUE
NO_MANAGED_METHOD	GoogleMobileAds	GoogleMobileAds.Common.DummyClient	remove_OnAdLoaded	AF4130	0	0	0	-	-	FUNCTION_PROLOGUE
NO_MANAGED_METHOD	GoogleMobileAds	GoogleMobileAds.Common.DummyClient	add_OnAdFailedToLoad	AF4130	0	0	0	-	-	FUNCTION_PROLOGUE
NO_MANAGED_METHOD	GoogleMobileAds	GoogleMobileAds.Common.DummyClient	remove_OnAdFailedToLoad	AF4130	0	0	0	-	-	FUNCTION_PROLOGUE
NOT_AN_ADDRESS	Assembly-CSharp	Zitga.CsvTools.CsvReader	SetValue	0	-1	0	0	-	-	-
NO_MANAGED_METHOD	GoogleMobileAds	GoogleMobileAds.Common.DummyClient	add_OnAdOpening	AF4130	0	0	0	-	-	FUNCTION_PROLOGUE
NO_MANAGED_METHOD	GoogleMobileAds	GoogleMobileAds.Common.DummyClient	remove_OnAdOpening	AF4130	0	0	0	-	-	FUNCTION_PROLOGUE
NO_MANAGED_METHOD	GoogleMobileAds	GoogleMobileAds.Common.DummyClient	add_OnAdStarted	AF4130	0	0	0	-	-	FUNCTION_PROLOGUE
NO_MANAGED_METHOD	GoogleMobileAds	GoogleMobileAds.Common.DummyClient	remove_OnAdStarted	AF4130	0	0	0	-	-	FUNCTION_PROLOGUE
NO_MANAGED_METHOD	Assembly-CSharp	Extensions	Replace	B3490C	0	0	0	-	-	FUNCTION_PROLOGUE
NO_MANAGED_METHOD	Assembly-CSharp	Extensions	Replace	AD94C0	0	0	0	-	-	FUNCTION_PROLOGUE
NO_MANAGED_METHOD	Assembly-CSharp	Extensions	Replace	AD94AC	0	B28874	0	-	-	VENEER_B
NO_MANAGED_METHOD	Assembly-CSharp	Extensions	Replace	AD94AC	0	B28874	0	-	-	VENEER_B
NO_MANAGED_METHOD	Assembly-CSharp	Extensions	Replace	1854EB0	0	0	0	-	-	PLT_STUB
NO_MANAGED_METHOD	Assembly-CSharp	Extensions	Replace	1854F10	0	0	0	-	-	PLT_STUB
NO_MANAGED_METHOD	Assembly-CSharp	Extensions	Replace	1854F10	0	0	0	-	-	PLT_STUB
NO_MANAGED_METHOD	Assembly-CSharp	Extensions	Replace	AD94C0	0	0	0	-	-	FUNCTION_PROLOGUE
NO_MANAGED_METHOD	GoogleMobileAds	GoogleMobileAds.Common.DummyClient	add_OnAdClosed	AF4130	0	0	0	-	-	FUNCTION_PROLOGUE
NO_MANAGED_METHOD	GoogleMobileAds	GoogleMobileAds.Common.DummyClient	remove_OnAdClosed	AF4130	0	0	0	-	-	FUNCTION_PROLOGUE
NO_MANAGED_METHOD	GoogleMobileAds	GoogleMobileAds.Common.DummyClient	add_OnAdRewarded	1854C48	0	0	0	-	-	FUNCTION_PROLOGUE
NO_MANAGED_METHOD	GoogleMobileAds	GoogleMobileAds.Common.DummyClient	remove_OnAdRewarded	AF4130	0	0	0	-	-	FUNCTION_PROLOGUE
NO_MANAGED_METHOD	GoogleMobileAds	GoogleMobileAds.Common.DummyClient	add_OnAdLeavingApplication	AF4130	0	0	0	-	-	FUNCTION_PROLOGUE
NO_MANAGED_METHOD	GoogleMobileAds	GoogleMobileAds.Common.DummyClient	remove_OnAdLeavingApplication	AF4130	0	0	0	-	-	FUNCTION_PROLOGUE
NO_MANAGED_METHOD	GoogleMobileAds	GoogleMobileAds.Common.DummyClient	add_OnAdCompleted	AF4130	0	0	0	-	-	FUNCTION_PROLOGUE
NO_MANAGED_METHOD	GoogleMobileAds	GoogleMobileAds.Common.DummyClient	remove_OnAdCompleted	AF4130	0	0	0	-	-	FUNCTION_PROLOGUE
NO_MANAGED_METHOD	GoogleMobileAds	GoogleMobileAds.Common.DummyClient	add_OnPaidEvent	AF4130	0	0	0	-	-	FUNCTION_PROLOGUE
NO_MANAGED_METHOD	GoogleMobileAds	GoogleMobileAds.Common.DummyClient	remove_OnPaidEvent	AF4130	0	0	0	-	-	FUNCTION_PROLOGUE
NO_MANAGED_METHOD	GoogleMobileAds	GoogleMobileAds.Common.DummyClient	add_OnCustomNativeTemplateAdLoaded	AF4130	0	0	0	-	-	FUNCTION_PROLOGUE
NO_MANAGED_METHOD	Assembly-CSharp	Zitga.CsvTools.CsvReader	GetType	AD98B4	0	0	0	-	-	FUNCTION_PROLOGUE
NO_MANAGED_METHOD	Assembly-CSharp	Zitga.CsvTools.CsvReader	GetType	AD94AC	0	B28874	0	-	-	VENEER_B
NO_MANAGED_METHOD	Assembly-CSharp	Zitga.CsvTools.CsvReader	GetType	AD94AC	0	B28874	0	-	-	VENEER_B
NO_MANAGED_METHOD	Assembly-CSharp	Zitga.CsvTools.CsvReader	GetType	AD94AC	0	B28874	0	-	-	VENEER_B
NO_MANAGED_METHOD	GoogleMobileAds	GoogleMobileAds.Common.DummyClient	remove_OnCustomNativeTemplateAdLoaded	AF4130	0	0	0	-	-	FUNCTION_PROLOGUE
NO_MANAGED_METHOD	GoogleMobileAds	GoogleMobileAds.Common.DummyClient	add_OnCustomNativeTemplateAdClicked	AF4130	0	0	0	-	-	FUNCTION_PROLOGUE
NO_MANAGED_METHOD	GoogleMobileAds	GoogleMobileAds.Common.DummyClient	remove_OnCustomNativeTemplateAdClicked	AF4130	0	0	0	-	-	FUNCTION_PROLOGUE
NO_MANAGED_METHOD	GoogleMobileAds	GoogleMobileAds.Common.DummyClient	get_UserId	AD94B0	0	B277D0	0	-	-	VENEER_B
NO_MANAGED_METHOD	GoogleMobileAds	GoogleMobileAds.Common.DummyClient	get_UserId	AD947C	0	0	0	-	-	FUNCTION_PROLOGUE
NO_MANAGED_METHOD	GoogleMobileAds	GoogleMobileAds.Common.DummyClient	set_UserId	AD94B0	0	B277D0	0	-	-	VENEER_B
NO_MANAGED_METHOD	GoogleMobileAds	GoogleMobileAds.Common.DummyClient	set_UserId	AD947C	0	0	0	-	-	FUNCTION_PROLOGUE
NO_MANAGED_METHOD	GoogleMobileAds	GoogleMobileAds.Common.DummyClient	Initialize	AD94B0	0	B277D0	0	-	-	VENEER_B
NO_MANAGED_METHOD	GoogleMobileAds	GoogleMobileAds.Common.DummyClient	Initialize	AD947C	0	0	0	-	-	FUNCTION_PROLOGUE
NO_MANAGED_METHOD	GoogleMobileAds	GoogleMobileAds.Common.DummyClient	Initialize	AD94B0	0	B277D0	0	-	-	VENEER_B
NO_MANAGED_METHOD	GoogleMobileAds	GoogleMobileAds.Common.DummyClient	Initialize	AD947C	0	0	0	-	-	FUNCTION_PROLOGUE
NO_MANAGED_METHOD	GoogleMobileAds	GoogleMobileAds.Common.DummyClient	DisableMediationInitialization	AD94B0	0	B277D0	0	-	-	VENEER_B
NO_MANAGED_METHOD	GoogleMobileAds	GoogleMobileAds.Common.DummyClient	DisableMediationInitialization	AD947C	0	0	0	-	-	FUNCTION_PROLOGUE
NO_MANAGED_METHOD	GoogleMobileAds	GoogleMobileAds.Common.DummyClient	SetApplicationMuted	AD94B0	0	B277D0	0	-	-	VENEER_B
NO_MANAGED_METHOD	GoogleMobileAds	GoogleMobileAds.Common.DummyClient	SetApplicationMuted	AD947C	0	0	0	-	-	FUNCTION_PROLOGUE
NO_MANAGED_METHOD	GoogleMobileAds	GoogleMobileAds.Common.DummyClient	SetRequestConfiguration	AD94B0	0	B277D0	0	-	-	VENEER_B
NO_MANAGED_METHOD	GoogleMobileAds	GoogleMobileAds.Common.DummyClient	SetRequestConfiguration	AD947C	0	0	0	-	-	FUNCTION_PROLOGUE
NO_MANAGED_METHOD	GoogleMobileAds	GoogleMobileAds.Common.DummyClient	GetRequestConfiguration	AD94B0	0	B277D0	0	-	-	VENEER_B
NO_MANAGED_METHOD	GoogleMobileAds	GoogleMobileAds.Common.DummyClient	GetRequestConfiguration	AD947C	0	0	0	-	-	FUNCTION_PROLOGUE
NO_MANAGED_METHOD	GoogleMobileAds	GoogleMobileAds.Common.DummyClient	SetApplicationVolume	AD94B0	0	B277D0	0	-	-	VENEER_B
NO_MANAGED_METHOD	GoogleMobileAds	GoogleMobileAds.Common.DummyClient	SetApplicationVolume	AD947C	0	0	0	-	-	FUNCTION_PROLOGUE
NO_MANAGED_METHOD	GoogleMobileAds	GoogleMobileAds.Common.DummyClient	SetiOSAppPauseOnBackground	AD94B0	0	B277D0	0	-	-	VENEER_B
NO_MANAGED_METHOD	GoogleMobileAds	GoogleMobileAds.Common.DummyClient	SetiOSAppPauseOnBackground	AD947C	0	0	0	-	-	FUNCTION_PROLOGUE
NO_MANAGED_METHOD	GoogleMobileAds	GoogleMobileAds.Common.DummyClient	GetDeviceScale	AD94B0	0	B277D0	0	-	-	VENEER_B
NO_MANAGED_METHOD	GoogleMobileAds	GoogleMobileAds.Common.DummyClient	GetDeviceScale	AD947C	0	0	0	-	-	FUNCTION_PROLOGUE
NO_MANAGED_METHOD	Assembly-CSharp	ItemDistinc	Add	AD94AC	0	B28874	0	-	-	VENEER_B
NO_MANAGED_METHOD	Assembly-CSharp	ItemDistinc	Add	AD94AC	0	B28874	0	-	-	VENEER_B
NO_MANAGED_METHOD	GoogleMobileAds	GoogleMobileAds.Common.DummyClient	GetDeviceSafeWidth	AD94B0	0	B277D0	0	-	-	VENEER_B
NO_MANAGED_METHOD	GoogleMobileAds	GoogleMobileAds.Common.DummyClient	GetDeviceSafeWidth	AD947C	0	0	0	-	-	FUNCTION_PROLOGUE
NO_MANAGED_METHOD	GoogleMobileAds	GoogleMobileAds.Common.DummyClient	CreateBannerView	AD94B0	0	B277D0	0	-	-	VENEER_B
NO_MANAGED_METHOD	GoogleMobileAds	GoogleMobileAds.Common.DummyClient	CreateBannerView	AD947C	0	0	0	-	-	FUNCTION_PROLOGUE
NO_MANAGED_METHOD	GoogleMobileAds	GoogleMobileAds.Common.DummyClient	CreateBannerView	AD94B0	0	B277D0	0	-	-	VENEER_B
NO_MANAGED_METHOD	GoogleMobileAds	GoogleMobileAds.Common.DummyClient	CreateBannerView	AD947C	0	0	0	-	-	FUNCTION_PROLOGUE
NO_MANAGED_METHOD	GoogleMobileAds	GoogleMobileAds.Common.DummyClient	LoadAd	AD94B0	0	B277D0	0	-	-	VENEER_B
NO_MANAGED_METHOD	GoogleMobileAds	GoogleMobileAds.Common.DummyClient	LoadAd	AD947C	0	0	0	-	-	FUNCTION_PROLOGUE
NO_MANAGED_METHOD	Assembly-CSharp	ItemDistinc	Sub	AD94AC	0	B28874	0	-	-	VENEER_B
NO_MANAGED_METHOD	Assembly-CSharp	ItemDistinc	Sub	AD94AC	0	B28874	0	-	-	VENEER_B
NO_MANAGED_METHOD	Assembly-CSharp	GameHelper	Round	1854EE0	0	0	0	-	-	PLT_STUB
NO_MANAGED_METHOD	Assembly-CSharp	GameHelper	Round	1854ED0	0	0	0	-	-	PLT_STUB
NO_MANAGED_METHOD	Assembly-CSharp	Common	Assert	AD94AC	0	B28874	0	-	-	VENEER_B
NO_MANAGED_METHOD	Assembly-CSharp	Common	Assert	AD94AC	0	B28874	0	-	-	VENEER_B
NO_MANAGED_METHOD	Assembly-CSharp	Common	Assert	AD94AC	0	B28874	0	-	-	VENEER_B
NO_MANAGED_METHOD	Assembly-CSharp	Common	Assert	AD94AC	0	B28874	0	-	-	VENEER_B
NO_MANAGED_METHOD	GoogleMobileAds	GoogleMobileAds.Common.DummyClient	ShowBannerView	AD94B0	0	B277D0	0	-	-	VENEER_B
NO_MANAGED_METHOD	GoogleMobileAds	GoogleMobileAds.Common.DummyClient	ShowBannerView	AD947C	0	0	0	-	-	FUNCTION_PROLOGUE
NO_MANAGED_METHOD	GoogleMobileAds	GoogleMobileAds.Common.DummyClient	HideBannerView	AD94B0	0	B277D0	0	-	-	VENEER_B
NO_MANAGED_METHOD	GoogleMobileAds	GoogleMobileAds.Common.DummyClient	HideBannerView	AD947C	0	0	0	-	-	FUNCTION_PROLOGUE
NO_MANAGED_METHOD	GoogleMobileAds	GoogleMobileAds.Common.DummyClient	DestroyBannerView	AD94B0	0	B277D0	0	-	-	VENEER_B
NO_MANAGED_METHOD	GoogleMobileAds	GoogleMobileAds.Common.DummyClient	DestroyBannerView	AD947C	0	0	0	-	-	FUNCTION_PROLOGUE
NO_MANAGED_METHOD	Assembly-CSharp	Zitga.CsvTools.SerializableDictionary`2	UnityEngine.ISerializationCallbackReceiver.OnBeforeSerialize	1854E70	0	0	0	-	-	PLT_STUB
NO_MANAGED_METHOD	Assembly-CSharp	Zitga.CsvTools.SerializableDictionary`2	UnityEngine.ISerializationCallbackReceiver.OnBeforeSerialize	1854E80	0	0	0	-	-	PLT_STUB
NO_MANAGED_METHOD	Assembly-CSharp	Zitga.CsvTools.SerializableDictionary`2	UnityEngine.ISerializationCallbackReceiver.OnBeforeSerialize	BD3CD0	0	0	0	-	-	FUNCTION_PROLOGUE
NO_MANAGED_METHOD	Assembly-CSharp	Zitga.CsvTools.SerializableDictionary`2	UnityEngine.ISerializationCallbackReceiver.OnBeforeSerialize	9DACB4	0	0	0	-	-	FUNCTION_PROLOGUE
NO_MANAGED_METHOD	Assembly-CSharp	Common	Assert	AD94AC	0	B28874	0	-	-	VENEER_B
NO_MANAGED_METHOD	Assembly-CSharp	Common	Assert	AD94AC	0	B28874	0	-	-	VENEER_B
NO_MANAGED_METHOD	GoogleMobileAds	GoogleMobileAds.Common.DummyClient	GetHeightInPixels	AD94B0	0	B277D0	0	-	-	VENEER_B
NO_MANAGED_METHOD	GoogleMobileAds	GoogleMobileAds.Common.DummyClient	GetHeightInPixels	AD947C	0	0	0	-	-	FUNCTION_PROLOGUE
NO_MANAGED_METHOD	GoogleMobileAds	GoogleMobileAds.Common.DummyClient	GetWidthInPixels	AD94B0	0	B277D0	0	-	-	VENEER_B
NO_MANAGED_METHOD	GoogleMobileAds	GoogleMobileAds.Common.DummyClient	GetWidthInPixels	AD947C	0	0	0	-	-	FUNCTION_PROLOGUE
NO_MANAGED_METHOD	GoogleMobileAds	GoogleMobileAds.Common.DummyClient	SetPosition	AD94B0	0	B277D0	0	-	-	VENEER_B
NO_MANAGED_METHOD	GoogleMobileAds	GoogleMobileAds.Common.DummyClient	SetPosition	AD947C	0	0	0	-	-	FUNCTION_PROLOGUE
NO_MANAGED_METHOD	GoogleMobileAds	GoogleMobileAds.Common.DummyClient	SetPosition	AD94B0	0	B277D0	0	-	-	VENEER_B
NO_MANAGED_METHOD	GoogleMobileAds	GoogleMobileAds.Common.DummyClient	SetPosition	AD947C	0	0	0	-	-	FUNCTION_PROLOGUE
NO_MANAGED_METHOD	Assembly-CSharp	GameHelper	FindAllChild	B349B4	0	0	0	-	-	FUNCTION_PROLOGUE
NO_MANAGED_METHOD	Assembly-CSharp	GameHelper	FindAllChild	1854E70	0	0	0	-	-	PLT_STUB
NO_MANAGED_METHOD	Assembly-CSharp	GameHelper	FindAllChild	1854E80	0	0	0	-	-	PLT_STUB
NO_MANAGED_METHOD	GoogleMobileAds	GoogleMobileAds.Common.DummyClient	CreateInterstitialAd	AD94B0	0	B277D0	0	-	-	VENEER_B
NO_MANAGED_METHOD	GoogleMobileAds	GoogleMobileAds.Common.DummyClient	CreateInterstitialAd	AD947C	0	0	0	-	-	FUNCTION_PROLOGUE
NO_MANAGED_METHOD	Assembly-CSharp	GameHelper	FindAllChild	B349B4	0	0	0	-	-	FUNCTION_PROLOGUE
NO_MANAGED_METHOD	Assembly-CSharp	GameHelper	FindAllChild	BD3CD0	0	0	0	-	-	FUNCTION_PROLOGUE
NO_MANAGED_METHOD	Assembly-CSharp	GameHelper	FindAllChild	9DACB4	0	0	0	-	-	FUNCTION_PROLOGUE
NOT_AN_ADDRESS	Assembly-CSharp	GameHelper	FindAllChild	0	-1	0	0	-	-	-
NOT_AN_ADDRESS	Assembly-CSharp	GameHelper	FindAllChild	0	-1	0	0	-	-	-
NO_MANAGED_METHOD	GoogleMobileAds	GoogleMobileAds.Common.DummyClient	IsLoaded	AD94B0	0	B277D0	0	-	-	VENEER_B
NO_MANAGED_METHOD	GoogleMobileAds	GoogleMobileAds.Common.DummyClient	IsLoaded	AD947C	0	0	0	-	-	FUNCTION_PROLOGUE
NO_MANAGED_METHOD	Assembly-CSharp	EventDispatcher	PostEvent	1854E80	0	0	0	-	-	PLT_STUB
NO_MANAGED_METHOD	Assembly-CSharp	EventDispatcher	PostEvent	BD3CD0	0	0	0	-	-	FUNCTION_PROLOGUE
NO_MANAGED_METHOD	Assembly-CSharp	EventDispatcher	PostEvent	9DACB4	0	0	0	-	-	FUNCTION_PROLOGUE
NO_MANAGED_METHOD	GoogleMobileAds	GoogleMobileAds.Common.DummyClient	ShowInterstitial	AD94B0	0	B277D0	0	-	-	VENEER_B
NO_MANAGED_METHOD	GoogleMobileAds	GoogleMobileAds.Common.DummyClient	ShowInterstitial	AD947C	0	0	0	-	-	FUNCTION_PROLOGUE
NO_MANAGED_METHOD	GoogleMobileAds	GoogleMobileAds.Common.DummyClient	DestroyInterstitial	AD94B0	0	B277D0	0	-	-	VENEER_B
NO_MANAGED_METHOD	GoogleMobileAds	GoogleMobileAds.Common.DummyClient	DestroyInterstitial	AD947C	0	0	0	-	-	FUNCTION_PROLOGUE
NO_MANAGED_METHOD	GoogleMobileAds	GoogleMobileAds.Common.DummyClient	CreateRewardBasedVideoAd	AD94B0	0	B277D0	0	-	-	VENEER_B
NO_MANAGED_METHOD	GoogleMobileAds	GoogleMobileAds.Common.DummyClient	CreateRewardBasedVideoAd	AD947C	0	0	0	-	-	FUNCTION_PROLOGUE
NO_MANAGED_METHOD	LeanCommon	Lean.Common.LeanHelper	CreateElement	B3490C	0	0	0	-	-	FUNCTION_PROLOGUE
NO_MANAGED_METHOD	LeanCommon	Lean.Common.LeanHelper	DampenFactor	1854FD0	0	0	0	-	-	PLT_STUB
NO_MANAGED_METHOD	LeanCommon	Lean.Common.LeanInput	GetTouch	1854F10	0	0	0	-	-	PLT_STUB
NO_MANAGED_METHOD	Assembly-CSharp	EventDispatcher	RemoveRedundancies	1854E70	0	0	0	-	-	PLT_STUB
NO_MANAGED_METHOD	Assembly-CSharp	EventDispatcher	RemoveRedundancies	1854E80	0	0	0	-	-	PLT_STUB
NO_MANAGED_METHOD	Assembly-CSharp	EventDispatcher	RemoveRedundancies	BD3CD0	0	0	0	-	-	FUNCTION_PROLOGUE
NO_MANAGED_METHOD	Assembly-CSharp	EventDispatcher	RemoveRedundancies	9DACB4	0	0	0	-	-	FUNCTION_PROLOGUE
NO_MANAGED_METHOD	Assembly-CSharp	Extension	Cast	B3490C	0	0	0	-	-	FUNCTION_PROLOGUE
NO_MANAGED_METHOD	GoogleMobileAds	GoogleMobileAds.Common.DummyClient	SetUserId	AD94B0	0	B277D0	0	-	-	VENEER_B
NO_MANAGED_METHOD	GoogleMobileAds	GoogleMobileAds.Common.DummyClient	SetUserId	AD947C	0	0	0	-	-	FUNCTION_PROLOGUE
NO_MANAGED_METHOD	GoogleMobileAds	GoogleMobileAds.Common.DummyClient	LoadAd	AD94B0	0	B277D0	0	-	-	VENEER_B
NO_MANAGED_METHOD	GoogleMobileAds	GoogleMobileAds.Common.DummyClient	LoadAd	AD947C	0	0	0	-	-	FUNCTION_PROLOGUE
NO_MANAGED_METHOD	GoogleMobileAds	GoogleMobileAds.Common.DummyClient	DestroyRewardBasedVideoAd	AD94B0	0	B277D0	0	-	-	VENEER_B
NO_MANAGED_METHOD	GoogleMobileAds	GoogleMobileAds.Common.DummyClient	DestroyRewardBasedVideoAd	AD947C	0	0	0	-	-	FUNCTION_PROLOGUE
NO_MANAGED_METHOD	GoogleMobileAds	GoogleMobileAds.Common.DummyClient	ShowRewardBasedVideoAd	AD94B0	0	B277D0	0	-	-	VENEER_B
NO_MANAGED_METHOD	GoogleMobileAds	GoogleMobileAds.Common.DummyClient	ShowRewardBasedVideoAd	AD947C	0	0	0	-	-	FUNCTION_PROLOGUE
NO_MANAGED_METHOD	GoogleMobileAds	GoogleMobileAds.Common.DummyClient	CreateAdLoader	AD94B0	0	B277D0	0	-	-	VENEER_B
NO_MANAGED_METHOD	GoogleMobileAds	GoogleMobileAds.Common.DummyClient	CreateAdLoader	AD947C	0	0	0	-	-	FUNCTION_PROLOGUE
NO_MANAGED_METHOD	GoogleMobileAds	GoogleMobileAds.Common.DummyClient	Load	AD94B0	0	B277D0	0	-	-	VENEER_B
NO_MANAGED_METHOD	GoogleMobileAds	GoogleMobileAds.Common.DummyClient	Load	AD947C	0	0	0	-	-	FUNCTION_PROLOGUE
NO_MANAGED_METHOD	GoogleMobileAds	GoogleMobileAds.Common.DummyClient	SetAdSize	AD94B0	0	B277D0	0	-	-	VENEER_B
NO_MANAGED_METHOD	GoogleMobileAds	GoogleMobileAds.Common.DummyClient	SetAdSize	AD947C	0	0	0	-	-	FUNCTION_PROLOGUE
NO_MANAGED_METHOD	GoogleMobileAds	GoogleMobileAds.Common.DummyClient	MediationAdapterClassName	AD94B0	0	B277D0	0	-	-	VENEER_B
NO_MANAGED_METHOD	GoogleMobileAds	GoogleMobileAds.Common.DummyClient	MediationAdapterClassName	AD947C	0	0	0	-	-	FUNCTION_PROLOGUE
NO_MANAGED_METHOD	GoogleMobileAds	GoogleMobileAds.Common.DummyClient	GetResponseInfoClient	AD94B0	0	B277D0	0	-	-	VENEER_B
NO_MANAGED_METHOD	GoogleMobileAds	GoogleMobileAds.Common.DummyClient	GetResponseInfoClient	AD947C	0	0	0	-	-	FUNCTION_PROLOGUE
NO_MANAGED_METHOD	Mono.Security	Mono.Security.ASN1	.ctor	AD94AC	0	B28874	0	-	-	VENEER_B
NO_MANAGED_METHOD	Mono.Security	Mono.Security.ASN1	.ctor	AD94AC	0	B28874	0	-	-	VENEER_B
NO_MANAGED_METHOD	Mono.Security	Mono.Security.ASN1	.ctor	AD94AC	0	B28874	0	-	-	VENEER_B
NO_MANAGED_METHOD	Assembly-CSharp	SingletonMono`1	get_Instance	AD94E8	0	AFB118	0	-	-	VENEER_B
NO_MANAGED_METHOD	Assembly-CSharp	SingletonMono`1	get_Instance	AD94E8	0	AFB118	0	-	-	VENEER_B
NO_MANAGED_METHOD	Assembly-CSharp	SingletonMono`1	get_Instance	AD94E8	0	AFB118	0	-	-	VENEER_B
NO_MANAGED_METHOD	Assembly-CSharp	SingletonMono`1	get_Instance	AD94E8	0	AFB118	0	-	-	VENEER_B
NO_MANAGED_METHOD	Assembly-CSharp	SingletonMono`1	get_Instance	1854E70	0	0	0	-	-	PLT_STUB
NO_MANAGED_METHOD	Assembly-CSharp	SingletonMono`1	get_Instance	1854E80	0	0	0	-	-	PLT_STUB
NO_MANAGED_METHOD	Assembly-CSharp	SingletonMono`1	get_Instance	BD3CD0	0	0	0	-	-	FUNCTION_PROLOGUE
NO_MANAGED_METHOD	Assembly-CSharp	SingletonMono`1	get_Instance	9DACB4	0	0	0	-	-	FUNCTION_PROLOGUE
NO_MANAGED_METHOD	Assembly-CSharp	SingletonMono`1	get_IsNull	AD94E8	0	AFB118	0	-	-	VENEER_B
NO_MANAGED_METHOD	Assembly-CSharp	GraphicController	RandomAnimation	1854E70	0	0	0	-	-	PLT_STUB
NO_MANAGED_METHOD	Assembly-CSharp	GraphicController	RandomAnimation	1854E80	0	0	0	-	-	PLT_STUB
NO_MANAGED_METHOD	Assembly-CSharp	GraphicController	RandomAnimation	BD3CD0	0	0	0	-	-	FUNCTION_PROLOGUE
NO_MANAGED_METHOD	Assembly-CSharp	GraphicController	RandomAnimation	9DACB4	0	0	0	-	-	FUNCTION_PROLOGUE
NO_MANAGED_METHOD	Assembly-CSharp	SingletonMono`1	Awake	AD94E8	0	AFB118	0	-	-	VENEER_B
NO_MANAGED_METHOD	Assembly-CSharp	SingletonMono`1	Awake	AD94E8	0	AFB118	0	-	-	VENEER_B
NO_MANAGED_METHOD	Assembly-CSharp	SingletonMono`1	Awake	AD94E8	0	AFB118	0	-	-	VENEER_B
NO_MANAGED_METHOD	LeanPool	Lean.Pool.LeanGameObjectPool	TryFindPoolByClone	1854E70	0	0	0	-	-	PLT_STUB
NO_MANAGED_METHOD	LeanPool	Lean.Pool.LeanGameObjectPool	TryFindPoolByClone	1854E80	0	0	0	-	-	PLT_STUB
SHARED_2	LeanPool	Lean.Pool.LeanGameObjectPool	TryFindPoolByClone	E9D9E4	2	0	0	-	-	FUNCTION_PROLOGUE
NO_MANAGED_METHOD	LeanPool	Lean.Pool.LeanGameObjectPool	TryFindPoolByClone	BD3CD0	0	0	0	-	-	FUNCTION_PROLOGUE
NO_MANAGED_METHOD	LeanPool	Lean.Pool.LeanGameObjectPool	TryFindPoolByClone	9DACB4	0	0	0	-	-	FUNCTION_PROLOGUE
SHARED_2	LeanPool	Lean.Pool.LeanGameObjectPool	TryFindPoolByClone	E9D9E4	2	0	0	-	-	FUNCTION_PROLOGUE
NO_MANAGED_METHOD	Assembly-CSharp	GraphicController	SetDefaultAnimation	1854E70	0	0	0	-	-	PLT_STUB
NO_MANAGED_METHOD	Assembly-CSharp	GraphicController	SetDefaultAnimation	1854E80	0	0	0	-	-	PLT_STUB
NO_MANAGED_METHOD	Assembly-CSharp	GraphicController	SetDefaultAnimation	BD3CD0	0	0	0	-	-	FUNCTION_PROLOGUE
NO_MANAGED_METHOD	Assembly-CSharp	GraphicController	SetDefaultAnimation	9DACB4	0	0	0	-	-	FUNCTION_PROLOGUE
NO_MANAGED_METHOD	Assembly-CSharp	GUIManager	SetDefaultGUI	1854E70	0	0	0	-	-	PLT_STUB
NO_MANAGED_METHOD	Assembly-CSharp	GUIManager	SetDefaultGUI	1854E80	0	0	0	-	-	PLT_STUB
NO_MANAGED_METHOD	Assembly-CSharp	GUIManager	SetDefaultGUI	BD3CD0	0	0	0	-	-	FUNCTION_PROLOGUE
NO_MANAGED_METHOD	Assembly-CSharp	GUIManager	SetDefaultGUI	9DACB4	0	0	0	-	-	FUNCTION_PROLOGUE
NOT_AN_ADDRESS	Mono.Security	Mono.Security.ASN1	GetBytes	0	-1	0	0	-	-	-
NO_MANAGED_METHOD	Mono.Security	Mono.Security.ASN1	GetBytes	1854E70	0	0	0	-	-	PLT_STUB
NO_MANAGED_METHOD	Mono.Security	Mono.Security.ASN1	GetBytes	1854E80	0	0	0	-	-	PLT_STUB
NO_MANAGED_METHOD	Mono.Security	Mono.Security.ASN1	GetBytes	BD3CD0	0	0	0	-	-	FUNCTION_PROLOGUE
NO_MANAGED_METHOD	Mono.Security	Mono.Security.ASN1	GetBytes	9DACB4	0	0	0	-	-	FUNCTION_PROLOGUE
NO_MANAGED_METHOD	Mono.Security	Mono.Security.ASN1	get_Item	1854E70	0	0	0	-	-	PLT_STUB
NO_MANAGED_METHOD	Mono.Security	Mono.Security.ASN1	get_Item	AD94AC	0	B28874	0	-	-	VENEER_B
NOT_AN_ADDRESS	Mono.Security	Mono.Security.ASN1	get_Item	0	-1	0	0	-	-	-
NO_MANAGED_METHOD	Mono.Security	Mono.Security.ASN1	get_Item	1854E80	0	0	0	-	-	PLT_STUB
NO_MANAGED_METHOD	Mono.Security	Mono.Security.ASN1	get_Item	1854E90	0	0	0	-	-	PLT_STUB
NO_MANAGED_METHOD	Mono.Security	Mono.Security.ASN1	get_Item	1854EA0	0	0	0	-	-	PLT_STUB
NO_MANAGED_METHOD	Mono.Security	Mono.Security.ASN1	get_Item	1854E80	0	0	0	-	-	PLT_STUB
NO_MANAGED_METHOD	Mono.Security	Mono.Security.ASN1	get_Item	BD3CD0	0	0	0	-	-	FUNCTION_PROLOGUE
NO_MANAGED_METHOD	Mono.Security	Mono.Security.ASN1	get_Item	9DACB4	0	0	0	-	-	FUNCTION_PROLOGUE
NO_MANAGED_METHOD	Mono.Security	Mono.Security.ASN1Convert	ToInt32	AD94AC	0	B28874	0	-	-	VENEER_B
NO_MANAGED_METHOD	Mono.Security	Mono.Security.ASN1Convert	ToInt32	AD94AC	0	B28874	0	-	-	VENEER_B
NO_MANAGED_METHOD	Mono.Security	Mono.Security.ASN1Convert	ToInt32	AD94AC	0	B28874	0	-	-	VENEER_B
NO_MANAGED_METHOD	Mono.Security	Mono.Security.ASN1Convert	ToInt32	AD94AC	0	B28874	0	-	-	VENEER_B
NO_MANAGED_METHOD	Mono.Security	Mono.Security.ASN1Convert	ToInt32	AD94AC	0	B28874	0	-	-	VENEER_B
NO_MANAGED_METHOD	Mono.Security	Mono.Security.ASN1Convert	ToOid	AD94AC	0	B28874	0	-	-	VENEER_B
NO_MANAGED_METHOD	Mono.Security	Mono.Security.ASN1Convert	ToOid	AD94AC	0	B28874	0	-	-	VENEER_B
NO_MANAGED_METHOD	Mono.Security	Mono.Security.ASN1Convert	ToOid	AD94AC	0	B28874	0	-	-	VENEER_B
NO_MANAGED_METHOD	ACTk.Runtime	CodeStage.AntiCheat.Utils.ThreadSafeRandom	Next	1854E70	0	0	0	-	-	PLT_STUB
NO_MANAGED_METHOD	ACTk.Runtime	CodeStage.AntiCheat.Utils.ThreadSafeRandom	Next	1854E80	0	0	0	-	-	PLT_STUB
NO_MANAGED_METHOD	ACTk.Runtime	CodeStage.AntiCheat.Utils.ThreadSafeRandom	Next	BD3CD0	0	0	0	-	-	FUNCTION_PROLOGUE
NO_MANAGED_METHOD	ACTk.Runtime	CodeStage.AntiCheat.Utils.ThreadSafeRandom	Next	9DACB4	0	0	0	-	-	FUNCTION_PROLOGUE
NO_MANAGED_METHOD	ACTk.Runtime	CodeStage.AntiCheat.Utils.ThreadSafeRandom	Next	AD94B4	0	0	0	-	-	FUNCTION_PROLOGUE
NO_MANAGED_METHOD	ACTk.Runtime	CodeStage.AntiCheat.Utils.ThreadSafeRandom	Next	AD94B4	0	0	0	-	-	FUNCTION_PROLOGUE
NO_MANAGED_METHOD	ACTk.Runtime	CodeStage.AntiCheat.Utils.ThreadSafeRandom	Next	AD94B4	0	0	0	-	-	FUNCTION_PROLOGUE
NO_MANAGED_METHOD	ACTk.Runtime	CodeStage.AntiCheat.Utils.ThreadSafeRandom	NextLong	1854E70	0	0	0	-	-	PLT_STUB
NO_MANAGED_METHOD	ACTk.Runtime	CodeStage.AntiCheat.Utils.ThreadSafeRandom	NextLong	1854E80	0	0	0	-	-	PLT_STUB
NO_MANAGED_METHOD	ACTk.Runtime	CodeStage.AntiCheat.Utils.ThreadSafeRandom	NextLong	BD3CD0	0	0	0	-	-	FUNCTION_PROLOGUE
NO_MANAGED_METHOD	ACTk.Runtime	CodeStage.AntiCheat.Utils.ThreadSafeRandom	NextLong	9DACB4	0	0	0	-	-	FUNCTION_PROLOGUE
NO_MANAGED_METHOD	ACTk.Runtime	CodeStage.AntiCheat.Utils.ThreadSafeRandom	NextLong	AD94B4	0	0	0	-	-	FUNCTION_PROLOGUE
NO_MANAGED_METHOD	ACTk.Runtime	CodeStage.AntiCheat.Utils.ThreadSafeRandom	NextLong	AD94B4	0	0	0	-	-	FUNCTION_PROLOGUE
NO_MANAGED_METHOD	ACTk.Runtime	CodeStage.AntiCheat.Utils.ThreadSafeRandom	NextLong	AD94B4	0	0	0	-	-	FUNCTION_PROLOGUE
NO_MANAGED_METHOD	ACTk.Runtime	CodeStage.AntiCheat.Utils.ThreadSafeRandom	NextBytes	1854E70	0	0	0	-	-	PLT_STUB
NO_MANAGED_METHOD	ACTk.Runtime	CodeStage.AntiCheat.Utils.ThreadSafeRandom	NextBytes	1854E80	0	0	0	-	-	PLT_STUB
NO_MANAGED_METHOD	ACTk.Runtime	CodeStage.AntiCheat.Utils.ThreadSafeRandom	NextBytes	BD3CD0	0	0	0	-	-	FUNCTION_PROLOGUE
NO_MANAGED_METHOD	ACTk.Runtime	CodeStage.AntiCheat.Utils.ThreadSafeRandom	NextBytes	9DACB4	0	0	0	-	-	FUNCTION_PROLOGUE
NO_MANAGED_METHOD	ACTk.Runtime	CodeStage.AntiCheat.Utils.ThreadSafeRandom	NextBytes	AD94B4	0	0	0	-	-	FUNCTION_PROLOGUE
NO_MANAGED_METHOD	ACTk.Runtime	CodeStage.AntiCheat.Utils.ThreadSafeRandom	NextBytes	AD94B4	0	0	0	-	-	FUNCTION_PROLOGUE
NO_MANAGED_METHOD	ACTk.Runtime	CodeStage.AntiCheat.Utils.ThreadSafeRandom	NextBytes	AD94B4	0	0	0	-	-	FUNCTION_PROLOGUE
NO_MANAGED_METHOD	ACTk.Runtime	CodeStage.AntiCheat.Utils.ThreadSafeRandom	NextChars	1854E70	0	0	0	-	-	PLT_STUB
NO_MANAGED_METHOD	ACTk.Runtime	CodeStage.AntiCheat.Utils.ThreadSafeRandom	NextChars	1854E80	0	0	0	-	-	PLT_STUB
NO_MANAGED_METHOD	ACTk.Runtime	CodeStage.AntiCheat.Utils.ThreadSafeRandom	NextChars	BD3CD0	0	0	0	-	-	FUNCTION_PROLOGUE
NO_MANAGED_METHOD	ACTk.Runtime	CodeStage.AntiCheat.Utils.ThreadSafeRandom	NextChars	9DACB4	0	0	0	-	-	FUNCTION_PROLOGUE
NO_MANAGED_METHOD	ACTk.Runtime	CodeStage.AntiCheat.Utils.ThreadSafeRandom	NextChars	AD94B4	0	0	0	-	-	FUNCTION_PROLOGUE
NO_MANAGED_METHOD	ACTk.Runtime	CodeStage.AntiCheat.Utils.ThreadSafeRandom	NextChars	AD94B4	0	0	0	-	-	FUNCTION_PROLOGUE
NO_MANAGED_METHOD	ACTk.Runtime	CodeStage.AntiCheat.Utils.ThreadSafeRandom	NextChars	AD94B4	0	0	0	-	-	FUNCTION_PROLOGUE
NO_MANAGED_METHOD	LeanPool	Lean.Pool.LeanPool	Spawn	B3490C	0	0	0	-	-	FUNCTION_PROLOGUE
NO_MANAGED_METHOD	LeanPool	Lean.Pool.LeanPool	Spawn	B3490C	0	0	0	-	-	FUNCTION_PROLOGUE
NO_MANAGED_METHOD	LeanPool	Lean.Pool.LeanPool	Spawn	B3490C	0	0	0	-	-	FUNCTION_PROLOGUE
NO_MANAGED_METHOD	spine-unity	Spine.SkeletonJson	ReadAnimation	AD94AC	0	B28874	0	-	-	VENEER_B
NOT_AN_ADDRESS	spine-unity	Spine.SkeletonJson	ReadAnimation	0	-1	0	0	-	-	-
NO_MANAGED_METHOD	spine-unity	Spine.SkeletonJson	ReadAnimation	AD94AC	0	B28874	0	-	-	VENEER_B
NO_MANAGED_METHOD	spine-unity	Spine.SkeletonJson	ReadAnimation	AD94AC	0	B28874	0	-	-	VENEER_B
NO_MANAGED_METHOD	spine-unity	Spine.SkeletonJson	ReadAnimation	AD94AC	0	B28874	0	-	-	VENEER_B
NO_MANAGED_METHOD	spine-unity	Spine.SkeletonJson	ReadAnimation	AD94AC	0	B28874	0	-	-	VENEER_B
NO_MANAGED_METHOD	spine-unity	Spine.SkeletonJson	ReadAnimation	AD94AC	0	B28874	0	-	-	VENEER_B
NO_MANAGED_METHOD	spine-unity	Spine.SkeletonJson	ReadAnimation	AD94AC	0	B28874	0	-	-	VENEER_B
NOT_AN_ADDRESS	spine-unity	Spine.SkeletonJson	ReadAnimation	0	-1	0	0	-	-	-
NO_MANAGED_METHOD	spine-unity	Spine.SkeletonJson	ReadAnimation	AD94AC	0	B28874	0	-	-	VENEER_B
NO_MANAGED_METHOD	spine-unity	Spine.SkeletonJson	ReadAnimation	AD94AC	0	B28874	0	-	-	VENEER_B
NO_MANAGED_METHOD	spine-unity	Spine.SkeletonJson	ReadAnimation	AD94AC	0	B28874	0	-	-	VENEER_B
NO_MANAGED_METHOD	spine-unity	Spine.SkeletonJson	ReadAnimation	AD94AC	0	B28874	0	-	-	VENEER_B
NO_MANAGED_METHOD	spine-unity	Spine.SkeletonJson	ReadAnimation	AD94AC	0	B28874	0	-	-	VENEER_B
NO_MANAGED_METHOD	spine-unity	Spine.SkeletonJson	ReadAnimation	AD94AC	0	B28874	0	-	-	VENEER_B
NO_MANAGED_METHOD	spine-unity	Spine.SkeletonJson	ReadAnimation	AD94AC	0	B28874	0	-	-	VENEER_B
NO_MANAGED_METHOD	spine-unity	Spine.SkeletonJson	ReadAnimation	AD94AC	0	B28874	0	-	-	VENEER_B
NO_MANAGED_METHOD	spine-unity	Spine.SkeletonJson	ReadAnimation	AD94AC	0	B28874	0	-	-	VENEER_B
NO_MANAGED_METHOD	spine-unity	Spine.SkeletonJson	ReadAnimation	AD94AC	0	B28874	0	-	-	VENEER_B
NO_MANAGED_METHOD	spine-unity	Spine.SkeletonJson	ReadAnimation	AD94AC	0	B28874	0	-	-	VENEER_B
NO_MANAGED_METHOD	spine-unity	Spine.SkeletonJson	ReadAnimation	AD94AC	0	B28874	0	-	-	VENEER_B
NO_MANAGED_METHOD	spine-unity	Spine.SkeletonJson	ReadAnimation	AD94AC	0	B28874	0	-	-	VENEER_B
NOT_AN_ADDRESS	spine-unity	Spine.SkeletonJson	ReadAnimation	0	-1	0	0	-	-	-
NO_MANAGED_METHOD	spine-unity	Spine.SkeletonJson	ReadAnimation	AD94AC	0	B28874	0	-	-	VENEER_B
NO_MANAGED_METHOD	spine-unity	Spine.SkeletonJson	ReadAnimation	AD94AC	0	B28874	0	-	-	VENEER_B
NO_MANAGED_METHOD	spine-unity	Spine.SkeletonJson	ReadAnimation	AD94AC	0	B28874	0	-	-	VENEER_B
NO_MANAGED_METHOD	spine-unity	Spine.SkeletonJson	ReadAnimation	AD94AC	0	B28874	0	-	-	VENEER_B
NO_MANAGED_METHOD	spine-unity	Spine.SkeletonJson	ReadAnimation	AD94AC	0	B28874	0	-	-	VENEER_B
NO_MANAGED_METHOD	spine-unity	Spine.SkeletonJson	ReadAnimation	AD94AC	0	B28874	0	-	-	VENEER_B
NO_MANAGED_METHOD	spine-unity	Spine.SkeletonJson	ReadAnimation	AD94AC	0	B28874	0	-	-	VENEER_B
NO_MANAGED_METHOD	spine-unity	Spine.SkeletonJson	ReadAnimation	AD94AC	0	B28874	0	-	-	VENEER_B
NO_MANAGED_METHOD	spine-unity	Spine.SkeletonJson	ReadAnimation	AD94AC	0	B28874	0	-	-	VENEER_B
NO_MANAGED_METHOD	spine-unity	Spine.SkeletonJson	ReadAnimation	AD94AC	0	B28874	0	-	-	VENEER_B
NO_MANAGED_METHOD	spine-unity	Spine.SkeletonJson	ReadAnimation	AD94AC	0	B28874	0	-	-	VENEER_B
NO_MANAGED_METHOD	spine-unity	Spine.SkeletonJson	ReadAnimation	AD94AC	0	B28874	0	-	-	VENEER_B
NO_MANAGED_METHOD	spine-unity	Spine.SkeletonJson	ReadAnimation	AD94AC	0	B28874	0	-	-	VENEER_B
NO_MANAGED_METHOD	spine-unity	Spine.SkeletonJson	ReadAnimation	AD94AC	0	B28874	0	-	-	VENEER_B
NO_MANAGED_METHOD	spine-unity	Spine.SkeletonJson	ReadAnimation	AD94AC	0	B28874	0	-	-	VENEER_B
NO_MANAGED_METHOD	spine-unity	Spine.SkeletonJson	ReadAnimation	9DACB4	0	0	0	-	-	FUNCTION_PROLOGUE
NO_MANAGED_METHOD	spine-unity	Spine.SkeletonJson	ReadAnimation	1854E70	0	0	0	-	-	PLT_STUB
NO_MANAGED_METHOD	spine-unity	Spine.SkeletonJson	ReadAnimation	1854E80	0	0	0	-	-	PLT_STUB
NO_MANAGED_METHOD	spine-unity	Spine.SkeletonJson	ReadAnimation	1854E70	0	0	0	-	-	PLT_STUB
NO_MANAGED_METHOD	spine-unity	Spine.SkeletonJson	ReadAnimation	1854E80	0	0	0	-	-	PLT_STUB
NO_MANAGED_METHOD	spine-unity	Spine.SkeletonJson	ReadAnimation	BD3CD0	0	0	0	-	-	FUNCTION_PROLOGUE
NO_MANAGED_METHOD	spine-unity	Spine.SkeletonJson	ReadAnimation	9DACB4	0	0	0	-	-	FUNCTION_PROLOGUE
NO_MANAGED_METHOD	spine-unity	Spine.SkeletonJson	ReadAnimation	AD94AC	0	B28874	0	-	-	VENEER_B
NO_MANAGED_METHOD	spine-unity	Spine.SkeletonJson	ReadAnimation	AD94AC	0	B28874	0	-	-	VENEER_B
NOT_AN_ADDRESS	spine-unity	Spine.SkeletonJson	ReadCurve	0	-1	0	0	-	-	-
NOT_AN_ADDRESS	spine-unity	Spine.SkeletonJson	GetFloatArray	0	-1	0	0	-	-	-
NOT_AN_ADDRESS	spine-unity	Spine.SkeletonJson	GetFloatArray	0	-1	0	0	-	-	-
NOT_AN_ADDRESS	spine-unity	Spine.SkeletonJson	GetIntArray	0	-1	0	0	-	-	-
NOT_AN_ADDRESS	spine-unity	Spine.SkeletonJson	GetFloat	0	-1	0	0	-	-	-
NOT_AN_ADDRESS	spine-unity	Spine.SkeletonJson	GetInt	0	-1	0	0	-	-	-
NOT_AN_ADDRESS	spine-unity	Spine.SkeletonJson	GetBoolean	0	-1	0	0	-	-	-
NO_MANAGED_METHOD	spine-unity	Spine.SkeletonJson	ToColor	AD94AC	0	B28874	0	-	-	VENEER_B
NO_MANAGED_METHOD	spine-unity	Spine.SkeletonJson	ToColor	AD94AC	0	B28874	0	-	-	VENEER_B
NO_MANAGED_METHOD	spine-unity	Spine.SkeletonJson	ToColor	AD94AC	0	B28874	0	-	-	VENEER_B
NO_MANAGED_METHOD	spine-unity	Spine.SkeletonJson	ToColor	AD94AC	0	B28874	0	-	-	VENEER_B
NO_MANAGED_METHOD	spine-unity	Spine.SkeletonJson	ToColor	AD94AC	0	B28874	0	-	-	VENEER_B
