System : System Tester
System : System Version: Unix 6.18.44.33
System : Operating System: Linux x64
System : AssetRipper Version: 1.3.14.0
System : AssetRipper Build Type: Release Compiled
System : UTC Current Time: Wed Sep 16 17:19:31 UTC 2026
System : UTC Compile Time: Unknown

General : Configuration Settings:
General : ExportRootPath: /home/user/AssetRipper/Source/0Bins/AssetRipper.Tools.SystemTester/Release/Ripped
General : ScriptContentLevel: Level3
General : StreamingAssetsMode: Extract
General : DefaultVersion: 0.0.0a0
General : TargetVersion: 0.0.0a0
General : EmitIl2CppOffsets: True
General : ReconstructNativeBodies: True
General : Il2CppStructDbPath: /home/user/AssetRipper/StructDb
General : EnablePrefabOutlining: False
General : EnableStaticMeshSeparation: True
General : EnableAssetDeduplication: False
General : BundledAssetsExportMode: DirectExport
General : AudioExportFormat: Default
General : ImageExportFormat: Png
General : LightmapTextureExportFormat: Yaml
General : ScriptExportMode: Decompiled
General : ScriptLanguageVersion: AutoSafe
General : ShaderExportMode: Dummy
General : SpriteExportMode: Yaml
General : TextExportMode: Parse
General : ExportUnreadableAssets: False
General : PreferOriginalTextureExtension: True
General : ClearExportDirectory: True
Import : Attempting to read files from Test/Input/JellyBlastV2
Import : iOS game structure has been found at 'Test/Input/JellyBlastV2'
Import : Collecting game files...
Import : Asset bundle 'data.unity3d' has been found
Import : Collecting Streaming Assets...
Import : Files use the 'IL2Cpp' scripting backend.
Import : Il2Cpp recovery installed: offset attributes on, body reconstruction on, struct database /home/user/AssetRipper/StructDb.
Import : During Il2Cpp initialization, found Unity version: 2022.3.53f1
Cpp2IL : Initializing Metadata...
Cpp2IL : Using actual IL2CPP Metadata version 31.1
Cpp2IL : Initialized Metadata in 218ms
Cpp2IL : Using binary type Mach-O File (from LibCppIL)
Cpp2IL : Searching Binary for Required Data...
Cpp2IL : Got Binary codereg: 0x2C723A8, metareg: 0x2D234B8 in 139ms.
Cpp2IL : Initializing Binary...
Cpp2IL : Initialized Binary in 91ms
Cpp2IL : Mapping pointers to Il2CppMethodDefinitions...
Cpp2IL : Processed 58890 OK (151ms)
Cpp2IL : Creating application model...
Cpp2IL : Application model created in 1156.0593ms
Import : IL2CPP struct database: 370 Unity versions indexed from /home/user/AssetRipper/StructDb
Import [Warning] : IL2CPP struct database has no layout for Unity 2022.3.53f1; using 2021.2.9f1 instead. Runtime field names in recovered method bodies may be wrong if the layout changed between these versions.
Import : IL2CPP struct database: applied 9 measured Il2CppClass and 4 MethodInfo offsets for Unity 2021.2.9f1 (64-bit).
Import : IL2CPP struct database loaded: Unity 2021.2.9f1, 64-bit, sizeof(Il2CppClass) = 312
Import : Il2Cpp recovery: Unity 2022.3.53f1, metadata v31.1, 64-bit, instruction set Arm64InstructionSetSelector.
Import : Il2Cpp recovery: 14 assemblies will be attempted, 43 framework assemblies will be stubbed. Attempted: Assembly-CSharp, Assembly-CSharp-firstpass, DOTween, Facebook.Unity, Facebook.Unity.IOS, Facebook.Unity.Settings, GameAnalyticsSDK, Mono.Security, Newtonsoft.Json, PathCreator, RayFireAssembly, RFLib_DotNet_2018_ios, Voodoo.UI.Particles, __Generated
Import : Il2Cpp field layout self-check: of 2800 non-generic types with measured offsets, 2654 reproduced exactly, 146 laid out too few fields, 0 disagreed.
Import : Il2Cpp value-type layout self-check: of 855 non-generic structs with measured offsets, 721 reproduce at metadata+header, 0 at metadata itself, 20 at neither, 114 could not be laid out.
Import : Il2Cpp recovery: 29 il2cpp runtime helpers located, 6 not.
Import : Il2Cpp recovery: helpers located: il2cpp_codegen_initialize_runtime_metadata=0xF3F214, il2cpp_codegen_initialize_runtime_metadata_inline=0xF3F22C, il2cpp_runtime_class_init_export=0xF3D6BC, il2cpp_runtime_class_init_actual=0xF99C94, il2cpp_codegen_runtime_class_init=0xF3F368, il2cpp_object_new=0xF3D66C, il2cpp_vm_object_new=0xF73860, il2cpp_codegen_object_new=0xF3F48C, il2cpp_array_new_specific=0xF3CCB0, il2cpp_vm_array_new_specific=0xF73230, SzArrayNew=0xF3F2CC, il2cpp_type_get_object=0xF3D74C, il2cpp_vm_reflection_get_type_object=0xF75550, il2cpp_resolve_icall=0xF3CC94, InternalCalls_Resolve=0xF84798, il2cpp_string_new=0xF3D6D4, il2cpp_vm_string_new=0xF712C8, il2cpp_string_new_wrapper=0xF3D6D8, il2cpp_vm_string_newWrapper=0xF712C8, il2cpp_codegen_string_new_wrapper=0xF3D6D4, il2cpp_value_box=0xF3D694, il2cpp_vm_object_box=0xF7379C, il2cpp_object_unbox=0xF3D690, il2cpp_vm_object_unbox=0xE22C00, il2cpp_raise_exception=0xF3D260, il2cpp_vm_exception_raise=0xF82FD8, il2cpp_class_is_assignable_from=0xF3CCE0, il2cpp_vm_class_is_assignable_from=0xF9E4C0, il2cpp_vm_object_is_inst=0xF3F368
Import : Il2Cpp recovery: helpers not located: il2cpp_codegen_initialize_method, il2cpp_vm_metadatacache_initializemethodmetadata, il2cpp_codegen_raise_exception, il2cpp_codegen_object_is_inst, il2cpp_codegen_write_barrier, AddrPInvokeLookup
Import : Il2Cpp recovery: sampled 200 methods from the game's assemblies — 200 lifted to ISIL, 0 produced none, 0 over the 30000 byte analysis cap, 0 threw.
Import : Native source injection: reconstructed 8646 method bodies.
Cpp2IL : Finding key function addresses...
Cpp2IL : Key function addresses found in 0.0093ms
Import : Il2Cpp method body recovery attempted 9068 methods; 0 failed to convert. Framework assemblies are stubbed by design, and a method whose native code produced no ISIL keeps an empty body.
Import : Il2Cpp method body recovery: 0 calls to a C library function were emitted as the C# operation equivalent to it.
Import : Il2Cpp method body recovery: 118 interface dispatches compiled as a runtime lookup were resolved to the interface method the slot names.
Import : Il2Cpp method body recovery: 12710 calls became a placeholder, by how many managed methods sit on the address:
Import :         10028 NO_MANAGED_METHOD
Import :          1654 SHARED_2
Import :          1028 NOT_AN_ADDRESS
Import : Il2Cpp method body recovery: the same calls, by what would have to change to resolve them:
Import :          6169 RUNTIME_HELPER_VENEER
Import :          3790 RUNTIME_HELPER
Import :          1654 GENERIC_SHARED
Import :          1028 INDIRECT_TARGET
Import :            69 ATOMIC_COMPARE_EXCHANGE
Import : Il2Cpp method body recovery: 1852 indirect jumps survived across 17829 analysed method bodies, by what the target register holds:
Import :           779 VTABLE_SLOT
Import :           423 LOADED_POINTER:UNKNOWN:PRODUCERS_DISAGREE
Import :           193 DEFINED_BY_Add
Import :           162 LOADED_POINTER:NATIVE_POINTER
Import :           147 LOADED_POINTER:UNKNOWN:PRODUCED_BY_Add
Import :            66 LOADED_POINTER:UNKNOWN:PRODUCED_BY_Newobj
Import :            34 LOADED_POINTER:VTABLE_POINTER
Import :            24 LOADED_POINTER:UNKNOWN:ENTRY_VALUE
Import :             8 LOADED_FROM_valuetype
Import :             6 MANAGED_FIELD
Import :             4 LOADED_FROM_reference
Import :             2 LOADED_FROM_delegate
Import :             2 OTHER_ArrayLength
Import :             2 LOADED_POINTER:IL2CPP_CLASS_POINTER
Import : Il2Cpp method body recovery: 3087 indirect calls survived, by what the target holds - and for a vtable slot, by what the virtual resolver would have said:
Import :          1256 LOADED_POINTER:UNKNOWN:PRODUCERS_DISAGREE
Import :           586 LOADED_POINTER:NATIVE_POINTER
Import :           473 LOADED_POINTER:UNKNOWN:PRODUCED_BY_Add
Import :           411 LOADED_FROM_reference
Import :            86 VTABLE_SLOT_UNRESOLVED
Import :            76 LOADED_FROM_valuetype
Import :            58 LOADED_POINTER:UNKNOWN:ENTRY_VALUE
Import :            40 LOADED_POINTER:UNKNOWN:PRODUCED_BY_Newobj
Import :            26 LOADED_POINTER:VTABLE_POINTER
Import :            23 METHODINFO_INVOKER_METHOD
Import :            10 DEFINITIONS_DISAGREE
Import :             8 LOADED_POINTER:FIELD_POINTER
Import :             6 VTABLE_NO_SLOT_LOAD
Import :             6 LOADED_POINTER:STACK_POINTER
Import :             6 VTABLE_RESOLVABLE
Import :             4 MANAGED_FIELD
Import :             4 LOADED_POINTER:IL2CPP_CLASS_POINTER
Import :             2 LOADED_POINTER:UNKNOWN:PRODUCED_BY_Subtract
Import :             2 LOADED_POINTER:METHOD_POINTER
Import :             2 LOADED_POINTER:UNKNOWN:PRODUCED_BY_Move
Import :             2 VTABLE_OFFSET_BEFORE_TABLE
Import : Il2Cpp method body recovery: 40545 memory loads the generator gave up on, by kind:
Import :          4898 base has no type, from Move from an untyped base   e.g. DateTimeUtils.WriteDateTimeString: 274 CheckEqual v543 @ TEMP_v28 (System.Boolean), [v541 @ X0_v35+E0], 0
Import :          3799 past the last field of the base type   e.g. JsonWriter.CreateUnsupportedTypeException: 35 Call StringUtils.FormatWith, v83 @ X0_v18 (System.String), [v69 @ X22_v3 (System.String)+768], v64 @ X0_v14 (System.Globalization.CultureInfo), v73 @ X0_v16 (System.Type)
Import :          2092 base has no type, from Add of an untyped local and Immediate   e.g. JsonWriter.ResolveConvertibleValue: 138 CheckEqual v290 @ Z_v7 (System.Boolean), [v276 @ X10_v5-8], [v240 @ X8_v8 (Il2CppClass<UnityEngine.UIElements.EnumFieldHelpers>)+970]
Import :          2046 Il2CppClass.0x12E   e.g. JsonWriter.ResolveConvertibleValue: 128 Move v277 @ X9_v6, [v243 @ X8_v10 (Il2CppClass<System.IConvertible>)+12E]
Import :          1989 absolute address   e.g. JsonWriter.WriteValue: 11 Move v19 @ X8_v2, [2C38708]
Import :          1016 Il2CppClass.interfaceOffsets   e.g. JsonWriter.ResolveConvertibleValue: 132 Add v276 @ X10_v5, [v243 @ X8_v10 (Il2CppClass<System.IConvertible>)+B0], 8
Import :           860 Il2CppClass.0xFD8   e.g. RFMaterialPresets.SetMaterials: 26 Move v47 @ X0_v4, [v44 @ X21_v2 (Il2CppClass<Facebook.Unity.Windows.IWindowsFacebook>)+FD8]
Import :           855 base has no type, from Move from [Il2CppClass<Facebook.Unity.Windows.IWindowsFacebook> + 0xFD8]   e.g. RFMaterialPresets.SetMaterials: 28 CheckEqual v49 @ TEMP_v6 (System.Boolean), [v47 @ X0_v4+E0], 0
Import :           717 base has no type, from Move from AddressOf(stack_-10)   e.g. JsonWriter.WriteValue: 196 Subtract v125 @ X8_v7 (System.Int32), [v12 @ X29_v1-64], 2
Import :           697 value type base   e.g. JsonWriter.WriteValue: 213 ShiftLeft v131 @ TEMPSHIFT_v1 (System.Int32), [v128 @ X9_v2 (System.Int32)+v125 @ X8_v7 (System.Int32)*2], 2
Import :           616 base has no type, from a call's result   e.g. EmptyArrayContainer`1..cctor: 65 Move v75 @ X8_v17, [v58 @ X0_v17+C0]
Import :           406 base has no type, from Move from [Il2CppClass<System.ComponentModel.BooleanConverter> + 0x7D8]   e.g. DOTween.get_logBehaviour: 15 CheckEqual v18 @ TEMP_v7 (System.Boolean), [v37 @ X0_v9+E0], 0
Import :           378 Il2CppClass.0x7D8   e.g. JsonTextReader.ReadAsDateTime: 49 Call F3F378, v88 @ X0_v6, v51 @ X0_v3 (System.Object), [v20 @ X21_v1 (Il2CppClass<System.Collections.Generic.List`1<UnityEngine.UIElements.StyleSheets.Syntax.Expression>>)+7D8], &v47 @ stack_-50, v30 @ X3, v31 @ X4, v32 @ X5, v33 @ X6, v34 @ X7, v35 @ V0, v36 @ V1, v37 @ V2, v38 @ V3, v39 @ V4, v40 @ V5, v41 @ V6, v42 @ V7
Import :           328 Il2CppClass.typeHierarchyDepth   e.g. JsonReader.ReadAsString: 215 CheckLess v371 @ C_v14 (System.Boolean), [v368 @ X8_v22 (Il2CppClass<System.Uri>)+130], [v367 @ X9_v14+130]
Import :           320 generic instance, inside the layout, on no field, value type argument   e.g. JsonPosition.BuildPath: 128 Move v308 @ V0_v4 (Newtonsoft.Json.JsonPosition), [currentPosition @ X1 (System.Nullable`1<Newtonsoft.Json.JsonPosition>)+8]
Import :           312 Il2CppClass.typeHierarchy   e.g. JsonReader.ReadAsString: 228 Add v391 @ X10_v5, [v368 @ X8_v22 (Il2CppClass<System.Uri>)+C8], v390 @ TEMPSHIFT_v4 (System.Int32)
Import :           301 base has no type, from Move from [Il2CppClass<UnityEngine.UIElements.EnumFieldHelpers> + 0x1F0]   e.g. FBWindowsFriendsManager.Button_OpenReceivedInvitations: 18 CheckEqual v24 @ TEMP_v14 (System.Boolean), [v22 @ X0_v31+E0], 0
Import :           299 base has no type, from Move from [Il2CppClass<System.Net.Configuration.SettingsSectionInternal> + 0xB58]   e.g. DOTween.Clear: 19 CheckEqual v26 @ TEMP_v20 (System.Boolean), [v24 @ X0_v39+E0], 0
Import :           287 Il2CppClass.0x500   e.g. JArray.Add: 2 Move v3 @ X2_v1, [v0 @ X8_v1 (Il2CppClass<Newtonsoft.Json.Linq.JArray>)+500]
Import :           277 base has no type, from Newobj   e.g. ImmutableCollectionsUtils..cctor: 146 Add v118 @ X9_v3, [v67 @ X0_v3+1C], 1
Import :           270 base has no type, from Move from [Il2CppClass<System.Xml.ValidateNames> + 0xD0]   e.g. RFPoolingEmitter.DetachParticles: 66 Move v407 @ X8_v24, [v452 @ X8_v23+B8]
Import :           266 base has no type, from Move from [Il2CppClass<UnityEngine.UIElements.EnumFieldHelpers> + 0x500]   e.g. GameAnalytics.RemoteConfigsUpdated: 20 Move v40 @ X8_v4, [v39 @ X8_v3+B8]
Import :           266 between fields of the base type   e.g. JsonSerializerSettings.get_MissingMemberHandling: 24 Return [this @ X0 (Newtonsoft.Json.JsonSerializerSettings)+98]
Import :           243 Il2CppClass.0xD0   e.g. RFPoolingEmitter.DetachParticles: 65 Move v452 @ X8_v23, [v341 @ X21_v7 (Il2CppClass<System.Xml.ValidateNames>)+D0]
Import :           240 Il2CppClass.0xB58   e.g. ReflectionObject.Create: 131 Move v71 @ X0_v5 (Newtonsoft.Json.Utilities.ReflectionDelegateFactory), [v419 @ X8_v87 (Il2CppClass<TMPro.KerningTable+<>c__DisplayClass3_0>)+B58]
Import :           234 base has no type, from Move from [Il2CppClass<System.Runtime.Serialization.ObjectHolderList> + 0x880]   e.g. RFManDemolition.AmountWarning: 69 Move v107 @ X8_v12, [v117 @ X8_v11+B8]
Import :           231 Il2CppClass.0x1F0   e.g. <>c.<GetMemberInfoFromType>b__39_0: 8 Move v10 @ X8_v2, [v8 @ X8_v1 (Il2CppClass<System.Reflection.ParameterInfo>)+1F0]
Import :           214 Il2CppClass.0x135   e.g. EmptyArrayContainer`1..cctor: 30 And v50 @ TEMP_v7 (System.Int32), [v47 @ X0_v6 (Il2CppClass<Newtonsoft.Json.Utilities.CollectionUtils+EmptyArrayContainer`1>)+135], 1
Import :           193 Il2CppClass.0x918   e.g. DateTimeUtils.WriteDateTimeOffset: 78 Move v330 @ X0_v45, [v149 @ X24_v8 (Il2CppClass<Facebook.Unity.Windows.IWindowsFacebook>)+918]
Import :           190 Il2CppClass.0x880   e.g. RFManDemolition.AmountWarning: 41 Move v95 @ X0_v3, [v55 @ X21_v1 (Il2CppClass<System.Runtime.Serialization.ObjectHolderList>)+880]
Import :           186 base has no type, from no definition   e.g. BidirectionalDictionary`2.Set: 65 Move v53 @ X3_v12, [v265 @ X0_v64+8]
Import :           160 base has no type, from Move from [Il2CppClass<Facebook.Unity.Windows.IWindowsFacebook> + 0x918]   e.g. DateTimeUtils.WriteDateTimeOffset: 80 CheckEqual v332 @ TEMP_v36 (System.Boolean), [v330 @ X0_v45+E0], 0
Import :           156 Il2CppClass.0xA90   e.g. CollectionUtils.AddRange: 135 Call F7087C, initial @ X0 (System.Collections.Generic.IList`1<T>), initial @ X0 (System.Collections.Generic.IList`1<T>), [v327 @ X22_v7 (Il2CppClass<UnityEngine.UIElements.EnumFieldHelpers>)+A90], 0, v26 @ X3, v27 @ X4, v28 @ X5, v29 @ X6, v30 @ X7, v31 @ V0, v32 @ V1, v33 @ V2, v34 @ V3, v35 @ V4, v36 @ V5, v37 @ V6, v38 @ V7
Import :           144 Il2CppClass.0xB30   e.g. JsonTextWriter.WriteValue: 93 Move this @ X0 (Newtonsoft.Json.JsonTextWriter), [v174 @ X8_v23 (Il2CppClass<System.ComponentModel.BooleanConverter>)+B30]
Import :           143 base has no type, from Add of an untyped base and Int32   e.g. JsonWriter.AutoComplete: 80 CheckEqual v150 @ Z_v6 (System.Boolean), [v158 @ X9_v6+20], 9
Import :           138 base has no type, from Move from [Il2CppClass<Facebook.Unity.Windows.IWindowsFacebook> + 0x358]   e.g. JsonFormatterConverter.Convert: 41 CheckLess v63 @ C_v3 (System.Boolean), [v60 @ X9_v3 (Il2CppClass<System.Object>)+130], [v59 @ X8_v7+130]
Import :           137 Il2CppClass.0xB78   e.g. TypeExtensions.AssignableToTypeName: 60 Move v72 @ X0_v2, [v32 @ X24_v1 (Il2CppClass<System.Net.Configuration.SettingsSectionInternal>)+B78]
Import :           136 Il2CppClass.0x358   e.g. JsonWriter.WriteValue: 32 Move v53 @ X3_v1, [v44 @ X8_v3 (Il2CppClass<Newtonsoft.Json.JsonWriter>)+358]
Import :           136 Il2CppClass.0x3B8   e.g. DefaultJsonNameTable.Get: 288 Move v69 @ X8_v7, [v67 @ X8_v5 (Il2CppClass<System.Net.Configuration.SettingsSectionInternal>)+3B8]
Import :           134 Il2CppClass.0xBB8   e.g. DOTween.Init: 171 Move v300 @ X8_v66, [v298 @ X8_v64 (Il2CppClass<System.ComponentModel.BooleanConverter>)+BB8]
Import :           134 Il2CppClass.0x7D0   e.g. ExpandoObjectConverter.ReadObject: 138 Call F7087C, v440 @ X0_v45, v51 @ X0_v3 (System.Dynamic.ExpandoObject), [v168 @ X24_v6 (Il2CppClass<System.Func`1<UnityEngine.UIElements.ValidateCommandEvent>>)+7D0], 1, [v440 @ X0_v45+8], v34 @ X4, v35 @ X5, v36 @ X6, v37 @ X7, v38 @ V0, v39 @ V1, v40 @ V2, v41 @ V3, v42 @ V4, v43 @ V5, v44 @ V6, v45 @ V7
Import :           130 Il2CppClass.0x9F0   e.g. JsonConvert.SerializeObjectInternal: 145 Call F7087C, v62 @ X0_v3 (System.Text.StringBuilder), v254 @ X21_v7, [v258 @ X8_v11 (Il2CppClass<UnityEngine.UIElements.EnumFieldHelpers>)+9F0], 0, v245 @ X3_v5 (System.Type), v225 @ X4_v4, v42 @ X5, v43 @ X6, v44 @ X7, v45 @ V0, v46 @ V1, v47 @ V2, v48 @ V3, v49 @ V4, v50 @ V5, v51 @ V6, v52 @ V7
Import :           129 base has no type, from Move from [Il2CppClass<System.ComponentModel.BooleanConverter> + 0xBB8]   e.g. DOTween.Init: 172 Move v301 @ X8_v67, [v300 @ X8_v66+B8]
Import :           119 base has no type, from Move from [Il2CppClass<UnityEngine.UIElements.EnumFieldHelpers> + 0x238]   e.g. FB.Init: 250 CheckEqual v314 @ TEMP_v18 (System.Boolean), [v312 @ X0_v63+E0], 0
Import :           115 Il2CppClass.0x238   e.g. JsonWriter.WriteToken: 28 Move v49 @ X6_v1, [v48 @ X8_v3 (Il2CppClass<Newtonsoft.Json.JsonWriter>)+238]
Import :           113 base has no type, from Move from an untyped local   e.g. JsonConvert.SerializeObject: 28 CheckEqual v69 @ TEMP_v29 (System.Boolean), [v97 @ X0_v28+E0], 0
Import :           109 base has no type, from Move from [Il2CppClass<System.Net.Configuration.SettingsSectionInternal> + 0xB78]   e.g. TypeExtensions.AssignableToTypeName: 62 CheckEqual v74 @ TEMP_v5 (System.Boolean), [v72 @ X0_v2+E0], 0
Import :           108 generic instance, no layout, reference arguments   e.g. CollectionUtils.AddRange: 95 Move v490 @ X2_v6 (Il2CppMethodInfo), [initial @ X0 (System.Collections.Generic.IList`1<T>)+8]
Import :           107 Il2CppClass.0x28   e.g. DictionaryWrapper`2.Add: 61 CheckLess v85 @ N_v12 (System.Boolean), [v61 @ X26_v1 (Il2CppClass<TKey>)+28], 0
Import :           107 base has no type, from Move from AddressOf(an untyped local)   e.g. JsonTextReader.ReadAsInt32: 64 CheckNotEqual v91 @ TEMPCOND_v3 (System.Boolean), [v118 @ X9_v4], [v9 @ X29-28]
Import :           101 Il2CppClass.0xDF8   e.g. AdsPage.<OnLoadInterstitialBtnClick>b__4_0: 64 Call F7087C, v191 @ X0_v28, result @ X1 (Facebook.Unity.IInterstitialAdResult), [v48 @ X21_v3 (Il2CppClass<UnityEngine.UIElements.EnumFieldHelpers>)+DF8], 0, v27 @ X3, v28 @ X4, v29 @ X5, v30 @ X6, v31 @ X7, v32 @ V0, v33 @ V1, v34 @ V2, v35 @ V3, v36 @ V4, v37 @ V5, v38 @ V6, v39 @ V7
Import :            97 base has no type, from Move from [Il2CppClass<CollectParticleData[]> + 0xB30]   e.g. RFBackupCluster.BackupState: 19 CheckEqual v26 @ TEMP_v65 (System.Boolean), [v24 @ X0_v88+E0], 0
Import :            90 base has no type, from Add of an untyped local and Int32   e.g. DateTimeUtils.GetDateValues: 212 CheckLess v324 @ TEMPCOND_v11 (System.Boolean), v273 @ X9_v15, [v313 @ X12_v9+20]
Import :            86 base has no type, from Move from [Il2CppClass<CollectParticleData[]> + 0xE90]   e.g. ModulusRing.Difference: 51 CheckEqual v85 @ TEMP_v38 (System.Boolean), [v83 @ X0_v53+E0], 0
Import :            84 Il2CppClass.0xE90   e.g. ModulusRing.Difference: 49 Move v83 @ X0_v53, [v48 @ X23_v1 (Il2CppClass<CollectParticleData[]>)+E90]
Import :            84 Il2CppClass.0x9E0   e.g. CollectionUtils.IsDictionaryType: 79 Move v188 @ X0_v24, [v187 @ X22_v3 (Il2CppClass<System.Runtime.Serialization.ObjectHolderList>)+9E0]
Import :            83 Il2CppClass.0x2F0   e.g. JsonWriter.WriteValue: 33 Move v54 @ X2_v2, [v44 @ X8_v3 (Il2CppClass<Newtonsoft.Json.JsonWriter>)+2F0]
Import :            82 Il2CppClass.0x3D8   e.g. JsonTextWriter.WriteValue: 41 Move v99 @ X0_v19, [v43 @ X21_v2 (Il2CppClass<Facebook.Unity.Windows.IWindowsFacebook>)+3D8]
Import :            82 base has no type, from Move from [Il2CppClass<Facebook.Unity.Windows.IWindowsFacebook> + 0x3D8]   e.g. JsonTextWriter.WriteValue: 52 Add v111 @ X8_v6, [v99 @ X0_v19+B8], 8
Import :            81 Il2CppClass.0x198   e.g. JsonWriter.Dispose: 32 Move v37 @ X2_v1, [v36 @ X8_v2 (Il2CppClass<Newtonsoft.Json.JsonWriter>)+198]
Import :            75 base has no type, from Add of the field NativeArray`1<Unity.Mathematics.float2> and Int32   e.g. Block.CheckClear: 74 Subtract v419 @ V0_v9 (System.Single), v403.y (System.Single), [v395 @ X8_v16+4]
Import :            72 base has no type, from Move from [Il2CppClass<System.Runtime.Serialization.ObjectHolderList> + 0x9E0]   e.g. CollectionUtils.IsDictionaryType: 81 CheckEqual v190 @ TEMP_v15 (System.Boolean), [v188 @ X0_v24+E0], 0
Import :            71 base has no type, from Move from [Il2CppClass<System.Runtime.Serialization.ObjectHolderList> + 0x6C0]   e.g. RFPoolingEmitter.ReuseActivatePlay: 19 CheckEqual v26 @ TEMP_v13 (System.Boolean), [v24 @ X0_v16+E0], 0
Import :            70 Il2CppMethodInfo.0xCE8   e.g. RFPoolingParticles.InitializeParticles: 132 Move v228 @ X2_v9, [v337 @ X27_v2 (Il2CppMethodInfo)+CE8]
Import :            70 Il2CppClass.0xAD8   e.g. JsonSerializerInternalReader.PopulateMultidimensionalArray: 148 Move v66 @ X0_v83 (System.Type), [v638 @ X8_v53 (Il2CppClass<System.Collections.Generic.List`1<UnityEngine.UIElements.StyleSheets.Syntax.Expression>>)+AD8]
Import :            69 Il2CppClass.0x990   e.g. <>c..cctor: 20 Newobj v40 @ X0_v3 (System.Object), [v12 @ X20_v1 (Il2CppClass<TMPro.KerningTable+<>c__DisplayClass3_0>)+990]
Import :            68 Il2CppClass.0x6C0   e.g. ReflectionObject.Create: 237 Move v213 @ X3_v5 (Il2CppMethodInfo), [v329 @ X8_v11 (Il2CppClass<System.Type>)+6C0]
Import :            67 base has no type, from Move from [Il2CppClass<System.Runtime.Serialization.ObjectHolderList> + 0x2F0]   e.g. PluginsManager.GetDefaultPlugin: 196 Move v164 @ X8_v16, [v142 @ X8_v14+B8]
Import :            66 Il2CppClass.0x4C0   e.g. FSharpUtils..ctor: 127 Move v262 @ X0_v120, [v204 @ X24_v2 (Il2CppClass<Facebook.Unity.Windows.IWindowsFacebook>)+4C0]
Import :            63 base has no type, from Add of the field Vector3[] and Int32   e.g. RFDemolitionMesh.MeshesToObjects: 240 Add v245 @ V2_v6 (System.Single), v258.z (System.Single), [v435 @ X8_v20+28]
Import :            63 Il2CppClass.0x58   e.g. DefaultContractResolver.GetCallbackMethodsForType: 599 Call Type.GetTypeFromHandle, v1033 @ X0_v73 (System.Type), [v1010 @ X8_v43 (Il2CppClass<System.Collections.Generic.NullableComparer`1>)+58]
Import :            62 base has no type, from Move from [Il2CppClass<System.Runtime.Serialization.ObjectHolderList> + 0xD20]   e.g. WaterDensityJob.Execute: 52 Move v83 @ X8_v71, [v77 @ X0_v2+B8]
Import :            61 base has no type, from Move from [Il2CppClass<Facebook.Unity.Windows.IWindowsFacebook> + 0x4C0]   e.g. FSharpUtils..ctor: 129 CheckEqual v264 @ TEMP_v27 (System.Boolean), [v262 @ X0_v120+E0], 0
Import :            60 base has no type, from Add of [Il2CppClass<System.Object> + 0xC8] and Int32   e.g. DefaultReferenceResolver.GetMappings: 48 CheckEqual v122 @ Z_v8 (System.Boolean), [v116 @ X11_v7-8], v44 @ X10_v3
Import :            60 Il2CppMethodInfo.0x410   e.g. RFMesh..ctor: 534 Move v507 @ X8_v145, [v1647 @ X8_v143 (Il2CppMethodInfo)+410]
Import :            59 Il2CppClass.0x60   e.g. BoxedPrimitives.Get: 16 Move v61 @ X0_v11, [v18 @ X20_v1 (Il2CppClass<System.ComponentModel.BooleanConverter>)+60]
Import :            57 base has no type, from Move from [Il2CppClass<System.Xml.ValidateNames> + 0x198]   e.g. Viewport.GetViewport: 34 Move v66 @ X8_v3, [v62 @ X0_v1+B8]
Import :            56 Il2CppClass.0xFC   e.g. DictionaryEnumerator`2.get_Current: 55 Move v96 @ X21_v1, [v66 @ X8_v91 (Il2CppClass<System.Collections.Generic.KeyValuePair`2<TEnumeratorKey, TEnumeratorValue>>)+FC]
Import :            56 base has no type, from Move from [Il2CppClass<System.Collections.Generic.List`1<UnityEngine.UIElements.StyleSheets.Syntax.Expression>> + 0xA48]   e.g. BeeSpawner.Awake: 21 Move v269 @ X8_v2 (System.Delegate), [v28 @ X0_v35+E0]
Import :            56 Il2CppClass.0xD20   e.g. WaterDensityJob.Execute: 66 Move v128 @ X9_v24, [v44 @ X20_v1 (Il2CppClass<System.Runtime.Serialization.ObjectHolderList>)+D20]
Import :            55 Il2CppClass.0x460   e.g. JArray.Insert: 2 Move v3 @ X5_v1, [v0 @ X8_v1 (Il2CppClass<Newtonsoft.Json.Linq.JArray>)+460]
Import :            55 Il2CppClass.0xA10   e.g. JContainer..ctor: 236 Call F7087C, this @ X0 (Newtonsoft.Json.Linq.JContainer), this @ X0 (Newtonsoft.Json.Linq.JContainer), [v494 @ X24_v9 (Il2CppClass<System.Func`1<UnityEngine.UIElements.ValidateCommandEvent>>)+A10], 0, v259 @ X3_v2 (Il2CppMethodInfo), v258 @ X4_v2 (System.Boolean), v39 @ X5, v40 @ X6, v41 @ X7, v42 @ V0, v43 @ V1, v44 @ V2, v45 @ V3, v46 @ V4, v47 @ V5, v48 @ V6, v49 @ V7
Import :            54 Il2CppClass.0xB88   e.g. DateTimeUtils.TryParseMicrosoftDate: 147 Move v164 @ X0_v14, [v161 @ X8_v10 (Il2CppClass<System.ComponentModel.BooleanConverter>)+B88]
Import :            54 Il2CppMethodInfo.0xC28   e.g. Block.CheckClear: 101 Move v106 @ X3_v5 (Il2CppMethodInfo), [v76 @ X23_v4 (Il2CppMethodInfo)+C28]
Import :            53 Il2CppClass.0xF40   e.g. JsonSerializer.PopulateInternal: 110 Call F7087C, v281 @ X0_v31, v100 @ X0_v27 (Newtonsoft.Json.Serialization.ITraceWriter), [v53 @ X24_v2 (Il2CppClass<UnityEngine.UIElements.EnumFieldHelpers>)+F40], 0, &v76 @ stack_-50_v2 (System.Nullable`1<Newtonsoft.Json.DateTimeZoneHandling>), &v78 @ stack_-58_v2 (System.Nullable`1<Newtonsoft.Json.DateParseHandling>), &v80 @ stack_-60_v2 (System.Nullable`1<Newtonsoft.Json.FloatParseHandling>), &v82 @ stack_-68_v2 (System.Nullable`1<System.Int32>), &v84 @ stack_-70_v2 (System.String), v41 @ V0, v42 @ V1, v43 @ V2, v44 @ V3, v45 @ V4, v46 @ V5, v47 @ V6, v48 @ V7
Import :            53 Il2CppClass.0x228   e.g. JsonTextWriter.WriteValue: 62 Move v127 @ X5_v1, [v126 @ X8_v26 (Il2CppClass<System.IO.TextWriter>)+228]
Import :            52 Il2CppClass.0x970   e.g. JsonWriter.ResolveConvertibleValue: 159 Call F7087C, v302 @ X0_v7, convertible @ X0 (System.IConvertible), [v240 @ X8_v8 (Il2CppClass<UnityEngine.UIElements.EnumFieldHelpers>)+970], 16, methodInfo @ X3 (Il2CppMethodInfo), v37 @ X4, v38 @ X5, v39 @ X6, v40 @ X7, v41 @ V0, v42 @ V1, v43 @ V2, v44 @ V3, v45 @ V4, v46 @ V5, v47 @ V6, v48 @ V7
Import :            52 Il2CppClass.0x200   e.g. JsonWriter.WriteEnd: 52 Move v34 @ X1_v1, [v29 @ X9_v1 (Il2CppClass<Newtonsoft.Json.JsonWriter>)+200]
Import :            51 base has no type, from Move from [Il2CppMethodInfo + 0x410]   e.g. RFMesh..ctor: 272 Move v1730 @ X8_v149, [v507 @ X8_v145+20]
Import :            51 Il2CppClass.0x7E0   e.g. JsonTextReader.FinishReadQuotedStringValue: 120 Move v381 @ X0_v35, [v372 @ X8_v23 (Il2CppClass<System.Collections.Generic.List`1<UnityEngine.UIElements.StyleSheets.Syntax.Expression>>)+7E0]
Import :            50 generic instance, past the layout, value type argument   e.g. <>c__DisplayClass55_0`2.<BuildMapCreator>b__0: 79 CheckEqual v156 @ TEMP_v15 (System.Boolean), [v110 @ X0_v16 (System.Func`2<System.Collections.Generic.KeyValuePair`2<TKey, TValue>, System.Tuple`2<TKey, TValue>>)+E0], 0
Import :            49 Il2CppClass.0xA48   e.g. BeeSpawner.Awake: 20 Move v28 @ X0_v35, [v22 @ X20_v1 (Il2CppClass<System.Collections.Generic.List`1<UnityEngine.UIElements.StyleSheets.Syntax.Expression>>)+A48]
Import :            49 Il2CppClass.0xB60   e.g. JsonTextWriter.WriteValue: 79 Move v162 @ X0_v32, [v160 @ X8_v22 (Il2CppClass<System.ComponentModel.BooleanConverter>)+B60]
Import :            48 Il2CppClass.0x230   e.g. JsonTextWriter.WriteValue: 63 Move v128 @ X4_v1, [v126 @ X8_v26 (Il2CppClass<System.IO.TextWriter>)+230]
Import :            48 Il2CppClass.0x758   e.g. JsonWriter.CreateUnsupportedTypeException: 17 Move v24 @ X0_v24, [v20 @ X22_v1 (Il2CppClass<System.ComponentModel.BooleanConverter>)+758]
Import :            47 Il2CppClass.0x30   e.g. ConvertUtils.ConvertOrCast: 47 Call Type.GetTypeFromHandle, v66 @ X0_v5 (System.Type), [v26 @ X22_v1 (Il2CppClass<System.Collections.Generic.NullableComparer`1>)+30]
Import :            46 base has no type, from Move from [Il2CppClass<System.ComponentModel.BooleanConverter> + 0x60]   e.g. BoxedPrimitives.Get: 26 Move v63 @ X8_v8, [v61 @ X0_v11+B8]
Import :            46 Il2CppClass.0x4B0   e.g. JsonConvert.SerializeObjectInternal: 68 Move v62 @ X0_v3 (System.Text.StringBuilder), [v59 @ X25_v1 (Il2CppClass<Facebook.Unity.Windows.IWindowsFacebook>)+4B0]
Import :            46 Il2CppClass.0x2D0   e.g. ReflectionUtils.GetFullyQualifiedTypeName: 72 Move v101 @ X1_v1, [v99 @ X8_v3 (Il2CppClass<System.Type>)+2D0]
Import :            45 base has no type, from Move from [Il2CppClass<System.Net.Configuration.SettingsSectionInternal> + 0xCF8]   e.g. <>c.<Start>b__63_0: 20 CheckEqual v28 @ TEMP_v22 (System.Boolean), [v26 @ X0_v42+E0], 0
Import :            43 Il2CppClass.0xEA0   e.g. JsonReader.ReadAsInt32: 116 CheckEqual v316 @ Z_v20 (System.Boolean), [v286 @ X0_v71 (System.Object)], [v342 @ X22_v13 (Il2CppClass<CollectParticleData[]>)+EA0]
Import :            42 Il2CppClass.0x368   e.g. JsonWriter.WriteValue: 32 Move v53 @ X3_v1, [v44 @ X8_v3 (Il2CppClass<Newtonsoft.Json.JsonWriter>)+368]
Import :            42 Il2CppClass.0x4B8   e.g. JsonWriter.ResolveConvertibleValue: 104 Call Type.GetTypeFromHandle, v224 @ X0_v21 (System.Type), [v206 @ X8_v16 (Il2CppClass<System.Collections.Generic.NullableComparer`1>)+4B8]
Import :            42 base has no type, from Move from [Il2CppClass<UnityEngine.UIElements.EnumFieldHelpers> + 0x228]   e.g. FSharpUtils.get_Instance: 15 CheckEqual v18 @ TEMP_v7 (System.Boolean), [v37 @ X0_v9+E0], 0
Import :            41 Il2CppClass.0x190   e.g. JsonWriter.set_StringEscapeHandling: 19 Move v23 @ X1_v3, [v21 @ X8_v1 (Il2CppClass<Newtonsoft.Json.JsonWriter>)+190]
Import :            41 base has no type, from Move from [Il2CppClass<System.ComponentModel.BooleanConverter> + 0x758]   e.g. JsonWriter.CreateUnsupportedTypeException: 19 CheckEqual v26 @ TEMP_v12 (System.Boolean), [v24 @ X0_v24+E0], 0
Import :            40 base has no type, from Move from [Il2CppClass<System.Xml.ValidateNames> + 0x368]   e.g. X501.ToString: 70 CheckEqual v266 @ TEMP_v19 (System.Boolean), [v264 @ X0_v28+E0], 0
Import :            40 base has no type, from Move from [Il2CppClass<Facebook.Unity.Windows.IWindowsFacebook> + 0xA10]   e.g. UIParticleUpdater.InitializeOnLoad: 19 CheckEqual v24 @ TEMP_v34 (System.Boolean), [v43 @ X0_v53+E0], 0
Import :            39 base has no type, from Move from [Il2CppClass<System.Net.Configuration.SettingsSectionInternal> + 0x3B8]   e.g. DefaultJsonNameTable.Get: 289 Move v138 @ X8_v4, [v69 @ X8_v7+B8]
Import :            39 Il2CppClass.0x1A8   e.g. BoxedPrimitives.Get: 61 Move value @ X0 (System.Int32), [v60 @ X8_v4 (Il2CppClass<Facebook.Unity.Windows.IWindowsFacebook>)+1A8]
Import :            39 Il2CppClass.0xCF8   e.g. <>c.<Start>b__63_0: 18 Move v26 @ X0_v42, [v22 @ X20_v1 (Il2CppClass<System.Net.Configuration.SettingsSectionInternal>)+CF8]
Import :            38 Il2CppClass.0x378   e.g. JsonWriter.WriteValue: 32 Move v53 @ X3_v1, [v44 @ X8_v3 (Il2CppClass<Newtonsoft.Json.JsonWriter>)+378]
Import :            38 Il2CppClass.0x538   e.g. XContainerWrapper.WrapNode: 101 Move v142 @ X10_v6, [v140 @ X10_v4 (Il2CppClass<System.Xml.ValidateNames>)+538]
Import :            37 Il2CppClass.0xC78   e.g. MobileFacebookGameObject.OnFetchDeferredAppLinkComplete: 105 Call F7087C, v249 @ X0_v5, v114 @ X19_v2 (Facebook.Unity.Mobile.MobileFacebookGameObject), [v124 @ X8_v5 (Il2CppClass<UnityEngine.UIElements.EnumFieldHelpers>)+C78], 0, v44 @ X3, v45 @ X4, v46 @ X5, v47 @ X6, v48 @ X7, v49 @ V0, v50 @ V1, v51 @ V2, v52 @ V3, v53 @ V4, v54 @ V5, v55 @ V6, v56 @ V7
Import :            37 Il2CppClass.0x290   e.g. JsonTextWriter.WriteValue: 80 Move v64 @ X1_v1, [v62 @ X8_v3 (Il2CppClass<Newtonsoft.Json.JsonTextWriter>)+290]
Import :            36 Il2CppClass.0x10   e.g. DateTimeUtils.WriteDateTimeString: 192 Call DateTime.op_Inequality, v596 @ X0_v93 (System.Boolean), value @ X2 (System.DateTime), [v90 @ X8_v28 (Il2CppClass<System.ComponentModel.BooleanConverter>)+10]
Import :            36 Il2CppClass.0xFD0   e.g. ConvertUtils.TryConvertInternal: 376 Move v656 @ X1_v22 (System.Type), [v592 @ X8_v23 (Il2CppClass<System.Collections.Generic.List`1<UnityEngine.UIElements.StyleSheets.Syntax.Expression>>)+FD0]
Import :            36 base has no type, from Move from Immediate   e.g. JsonReader.ReadDateTimeOffsetString: 210 And v295 @ TEMP_v21 (System.Int32), [v71 @ X24_v3+791], 1
Import :            36 base has no type, from Move from [Il2CppClass<Sponge+<>c__DisplayClass7_0> + 0x460]   e.g. <>c..cctor: 25 Move v44 @ X8_v4, [v43 @ X8_v3+B8]
Import :            35 Il2CppClass.0x98   e.g. BsonWriter.AddToken: 31 Move v52 @ X10_v3, [v50 @ X8_v9 (Il2CppClass<System.ComponentModel.BooleanConverter>)+98]
Import :            35 Il2CppClass.0x9D8   e.g. DictionaryWrapper`2.Add: 145 Call F7087C, v432 @ X0_v32, this._dictionary (System.Collections.IDictionary), [v79 @ X22_v6 (Il2CppClass<UnityEngine.UIElements.EnumFieldHelpers>)+9D8], 5, methodInfo @ X3 (Il2CppMethodInfo), v114 @ X4_v2, v45 @ X5, v46 @ X6, v47 @ X7, v48 @ V0, v49 @ V1, v50 @ V2, v51 @ V3, v52 @ V4, v53 @ V5, v54 @ V6, v55 @ V7
Import :            35 Il2CppClass.0x7F0   e.g. JsonTextReader.ReadAsDouble: 49 Call F3F378, v88 @ X0_v6, v51 @ X0_v3 (System.Object), [v20 @ X21_v1 (Il2CppClass<System.Collections.Generic.List`1<UnityEngine.UIElements.StyleSheets.Syntax.Expression>>)+7F0], &v47 @ stack_-50, v30 @ X3, v31 @ X4, v32 @ X5, v33 @ X6, v34 @ X7, v35 @ V0, v36 @ V1, v37 @ V2, v38 @ V3, v39 @ V4, v40 @ V5, v41 @ V6, v42 @ V7
Import :            35 Il2CppClass.0x288   e.g. JsonTextWriter.WriteValue: 79 Move v63 @ X2_v1, [v62 @ X8_v3 (Il2CppClass<Newtonsoft.Json.JsonTextWriter>)+288]
Import :            34 base has no type, from Move from [Object + 0x10]   e.g. XmlNodeConverter.SerializeGroupedNodes: 515 CheckLess v1596 @ C_v66 (System.Boolean), [v435 @ X0_v98 (System.Object)+18], [v1476 @ X9_v58+18]
Import :            34 base has no type, from Move from [Il2CppClass<System.ComponentModel.BooleanConverter> + 0xC30]   e.g. JsonSerializer.set_ContractResolver: 44 CheckEqual v53 @ TEMP_v19 (System.Boolean), [v51 @ X0_v17+E0], 0
Import :            34 base has no type, from Add of [Vector3[]& + 0x0] and Int32   e.g. RFFragment.Compute: 303 Call F3F1B4, v936 @ X0_v87, v935 @ X0_v86, v412[v451 @ X23_v13 (System.Int32)], v321 @ X2_v21 (UnityEngine.Mesh[]&), v314 @ X3_v7 (UnityEngine.Vector3[]&), v537 @ X4_v3 (UnityEngine.Mesh), v306 @ X5_v5 (System.Int32), v303 @ X6_v5 (System.Collections.Generic.List`1<System.Collections.Generic.Dictionary`2<System.Int32, System.Int32>>&), v355 @ X7_v5 (System.Collections.Generic.List`1<System.Int32>), [v955 @ X9_v23+20], [v955 @ X9_v23+24], [v955 @ X9_v23+28], v53 @ V3, v54 @ V4, v55 @ V5, v56 @ V6, v57 @ V7
Import :            33 base has no type, from Move from [Il2CppClass<UnityEngine.UIElements.EnumFieldHelpers> + 0x230]   e.g. FB.LogVersion: 158 CheckEqual v168 @ TEMP_v17 (System.Boolean), [v166 @ X0_v21+E0], 0
Import :            33 array at 0x20, from a call's result   e.g. PathPlugin.SetChangeValue: 341 Move [v332 @ X0_v22 (UnityEngine.Vector3[])+20], v440 @ V0_v4 (UnityEngine.Vector3)
Import :            33 base has no type, from Move from [Il2CppClass<System.Xml.ValidateNames> + 0x98]   e.g. RFSurface.get_UvRegionMin: 77 Move v73 @ X8_v7, [v72 @ X8_v6+B8]
Import :            32 Il2CppClass.static_fields   e.g. <>c__DisplayClass55_0`2.<BuildMapCreator>b__0: 51 Move v185 @ X8_v19 (Il2CppStaticFields<Newtonsoft.Json.Utilities.FSharpUtils+<>c__55`2<TKey, TValue>>), [v182 @ X0_v17 (Il2CppClass<Newtonsoft.Json.Utilities.FSharpUtils+<>c__55`2<TKey, TValue>>)+B8]
Import :            32 base has no type, from Move from [Il2CppClass<System.Runtime.Serialization.ObjectHolderList> + 0x5A8]   e.g. RFCluster.ConnectivityUnyCheck: 125 Move v743 @ X8_v52, [v939 @ X0_v53+B8]
Import :            32 base has no type, from Move from [Il2CppClass<System.Xml.ValidateNames> + 0x4B0]   e.g. X509StoreManager.get_LocalMachine: 16 Move v21 @ X8_v13, [v20 @ X8_v12+B8]
Import :            32 base has no type, from Move from [Il2CppClass<System.ComponentModel.BooleanConverter> + 0xB88]   e.g. DateTimeUtils.TryParseMicrosoftDate: 149 CheckEqual v166 @ TEMP_v14 (System.Boolean), [v164 @ X0_v14+E0], 0
Import :            31 Il2CppClass.0x300   e.g. JsonConvert.SerializeObjectInternal: 81 Move v211 @ X1_v6 (System.IO.TextWriter), [v102 @ X8_v17 (Il2CppClass<Newtonsoft.Json.JsonSerializer>)+300]
Import :            31 Il2CppClass.0xC48   e.g. RoundedPathMeshCreator.SignedArea: 84 Call F7087C, v674 @ X0_v19, poly @ X0 (System.Collections.Generic.IReadOnlyList`1<UnityEngine.Vector2>), [v213 @ X23_v1 (Il2CppClass<System.Func`1<UnityEngine.UIElements.ValidateCommandEvent>>)+C48], 0, v38 @ X3, v39 @ X4, v40 @ X5, v41 @ X6, v42 @ X7, v235 @ V0_v1, v145 @ V1_v1, v45 @ V2, v46 @ V3, v47 @ V4, v48 @ V5, v49 @ V6, v50 @ V7
Import :            31 base has no type, from Move from [Il2CppClass<System.Runtime.Serialization.ObjectHolderList> + 0x728]   e.g. RFPhysic.SetRigidCollider: 365 Move v652 @ X8_v37, [v696 @ X0_v55+B8]
Import :            31 Il2CppClass.0x180   e.g. JsonTextReader.ParseProperty: -1 Move v35 @ X4_v6, [v278 @ X8_v24 (Il2CppClass<Newtonsoft.Json.JsonNameTable>)+180]
Import :            30 Il2CppClass.0x5A8   e.g. RFCluster.ConnectivityUnyCheck: 165 Move v387 @ X0_v37, [v659 @ X27_v6 (Il2CppClass<System.Runtime.Serialization.ObjectHolderList>)+5A8]
Import :            30 Il2CppClass.0x620   e.g. RFFragment.CacheMeshes: 278 Move v925 @ X0_v54, [v924 @ X22_v12 (Il2CppClass<System.Runtime.Serialization.ObjectHolderList>)+620]
Import :            30 base has no type, from Move from [Il2CppClass<System.Runtime.Serialization.ObjectHolderList> + 0x4B8]   e.g. ReflectionDelegateFactory.CreateGet: 35 CheckLess v55 @ C_v4 (System.Boolean), [v52 @ X8_v8 (Il2CppClass<System.Reflection.MemberInfo>)+130], [v51 @ X10_v4+130]
Import :            30 Il2CppClass.0x940   e.g. DefaultContractResolver.SetExtensionDataDelegates: 539 Call Type.GetTypeFromHandle, v775 @ X0_v53 (System.Type), [v757 @ X8_v26 (Il2CppClass<System.Collections.Generic.NullableComparer`1>)+940]
Import :            30 Il2CppClass.0x6E0   e.g. ConvertUtils.TryConvertInternal: 614 Call Type.GetTypeFromHandle, v1040 @ X0_v61 (System.Type), [v959 @ X8_v33 (Il2CppClass<System.Collections.Generic.NullableComparer`1>)+6E0]
Import :            30 base has no type, from Add of [Il2CppClass<System.Xml.Linq.XObject> + 0xC8] and Int32   e.g. XDocumentWrapper.get_ChildNodes: 93 CheckNotEqual v122 @ TEMPCOND_v4 (System.Boolean), [v195 @ X8_v7-8], v86 @ X1_v2
Import :            30 base has no type, from Move from [StringBuilder + 0x0]   e.g. SubscribableCatalogResult.ToString: 129 Move v438 @ X9_v27, [v384 @ X8_v22+12E]
Import :            29 base has no type, from Move from [Il2CppClass<System.ComponentModel.BooleanConverter> + 0xB78]   e.g. DateTimeParser..cctor: 95 Move v84 @ X8_v9, [v83 @ X8_v8+B8]
Import :            29 Il2CppClass.0xB38   e.g. ApplicationManager.get_appData: 70 Move v157 @ X8_v13, [v155 @ X9_v3 (Il2CppClass<CollectParticleData[]>)+B38]
Import :            28 base has no type, from Move from [Il2CppClass<System.ComponentModel.BooleanConverter> + 0xB30]   e.g. DateTimeUtils.WriteDateTimeString: 174 Move v90 @ X8_v28 (Il2CppClass<System.ComponentModel.BooleanConverter>), [v630 @ X0_v87+B8]
Import :            28 generic instance, past the layout, reference arguments   e.g. <GetEnumerator>d__2.MoveNext: 83 Move v148 @ X8_v68, [this @ X0 (Newtonsoft.Json.Serialization.DefaultContractResolver+EnumerableDictionaryWrapper`2<TEnumeratorKey, TEnumeratorValue>+<GetEnumerator>d__2<TEnumeratorKey, TEnumeratorValue>)+28]
Import :            28 Il2CppClass.0x728   e.g. CollectionUtils.ResolveEnumerableCollectionConstructor: 184 Call F7087C, v469 @ X0_v53, v209 @ X0_v27 (System.Reflection.ParameterInfo[]), [v392 @ X27_v6 (Il2CppClass<System.Func`1<UnityEngine.UIElements.ValidateCommandEvent>>)+728], 0, methodInfo @ X3 (Il2CppMethodInfo), v45 @ X4, v46 @ X5, v47 @ X6, v48 @ X7, v49 @ V0, v50 @ V1, v51 @ V2, v52 @ V3, v53 @ V4, v54 @ V5, v55 @ V6, v56 @ V7
Import :            28 Il2CppClass.0x2A0   e.g. CollectionUtils.ResolveEnumerableCollectionConstructor: 315 Move v180 @ X2_v7, [v556 @ X8_v23 (Il2CppClass<System.Type>)+2A0]
Import :            28 base has no type, from Move from [Il2CppClass<System.Net.Configuration.SettingsSectionInternal> + 0xB38]   e.g. MyTween.DoFloat: 41 CheckEqual v66 @ TEMP_v15 (System.Boolean), [v64 @ X0_v22+E0], 0
Import :            28 Il2CppClass.0x698   e.g. JsonWriter.ResolveConvertibleValue: 20 Move v30 @ X0_v47, [v26 @ X23_v1 (Il2CppClass<System.ComponentModel.BooleanConverter>)+698]
Import :            28 Il2CppClass.0xC30   e.g. JsonSerializer.set_ContractResolver: 42 Move v51 @ X0_v17, [v49 @ X20_v10 (Il2CppClass<System.ComponentModel.BooleanConverter>)+C30]
Import :            28 Il2CppClass.0x388   e.g. JsonPosition.WriteTo: 85 Move v255 @ X0_v32, [v231 @ X22_v10 (Il2CppClass<Facebook.Unity.Windows.IWindowsFacebook>)+388]
Import :            27 base has no type, from Add of [Il2CppClass<System.Reflection.MemberInfo> + 0xC8] and Int32   e.g. ReflectionDelegateFactory.CreateGet: 54 CheckEqual v130 @ Z_v9 (System.Boolean), [v124 @ X11_v8-8], v51 @ X10_v4
Import :            27 Il2CppClass.0x1B8   e.g. BoxedPrimitives.Get: 37 Move value @ X0 (System.Int64), [v71 @ X8_v5 (Il2CppClass<Facebook.Unity.Windows.IWindowsFacebook>)+1B8]
Import :            26 Il2CppClass.0x1A0   e.g. JsonWriter.Dispose: 33 Move v38 @ X1_v1, [v36 @ X8_v2 (Il2CppClass<Newtonsoft.Json.JsonWriter>)+1A0]
Import :            26 base has no type, from Move from [Il2CppClass<System.ComponentModel.BooleanConverter> + 0x698]   e.g. JsonWriter.ResolveConvertibleValue: 22 CheckEqual v32 @ TEMP_v22 (System.Boolean), [v30 @ X0_v47+E0], 0
Import :            26 Il2CppClass.0x18   e.g. DateTimeUtils.WriteDateTimeString: 178 Call DateTime.op_Inequality, v619 @ X0_v89 (System.Boolean), value @ X2 (System.DateTime), [v90 @ X8_v28 (Il2CppClass<System.ComponentModel.BooleanConverter>)+18]
Import :            26 Il2CppClass.0x1D0   e.g. JsonSerializer.ApplySerializerSettings: 637 Move v102 @ X2_v19 (Il2CppMethodInfo), [v989 @ X8_v68 (Il2CppClass<Newtonsoft.Json.JsonSerializer>)+1D0]
Import :            26 Il2CppClass.0x3B0   e.g. JsonWriter.WriteValue: 33 Move v54 @ X2_v2, [v45 @ X8_v3 (Il2CppClass<Newtonsoft.Json.JsonWriter>)+3B0]
Import :            26 base has no type, from Move from [Int32 + 0x0]   e.g. LateBoundReflectionDelegateFactory.CreateParameterizedConstructor: 61 CheckLess v93 @ C_v1 (System.Boolean), [v90 @ X11_v1+130], [v89 @ X9_v3+130]
Import :            26 base has no type, from Move from [Object + 0x30]   e.g. RayfireActivator.RigidListActivationCheck: 220 CallVoid RayfireActivator.AddForce, this @ X0 (RayFire.RayfireActivator), [v133 @ X8_v24+40]
Import :            26 base has no type, from Move from [Il2CppClass<Facebook.Unity.Windows.IWindowsFacebook> + 0x388]   e.g. JsonPosition.WriteTo: 89 Move v270 @ X8_v17, [v255 @ X0_v32+B8]
Import :            26 base has no type, from Move from [Il2CppClass<Facebook.Unity.Windows.IWindowsFacebook> + 0x338]   e.g. JObject.System.Collections.Generic.ICollection<System.Collections.Generic.KeyValuePair<System.String,Newtonsoft.Json.Linq.JToken>>.CopyTo: 267 CheckLess v1057 @ C_v27 (System.Boolean), [v1056 @ X8_v42+130], [v727 @ X1_v28+130]
Import :            25 base has no type, from Add of Vector3[] and Int32   e.g. RFCombineMesh.GetCombinedMesh: 267 Negate v874 @ V0_v6, [v863 @ X8_v115+20]
Import :            25 Il2CppClass.0x5D8   e.g. XTextWrapper.get_Text: 23 Move v42 @ X1_v2, [v40 @ X8_v4 (Il2CppClass<System.Xml.ValidateNames>)+5D8]
Import :            25 negative offset off a typed base   e.g. DefaultContractResolver.GetSerializableMembers: 225 CheckEqual v435 @ Z_v65 (System.Boolean), [v420 @ X10_v68 (System.Int32)-8], [v210 @ X8_v115 (Il2CppClass<System.Func`1<UnityEngine.UIElements.ValidateCommandEvent>>)+8A8]
Import :            25 base has no type, from Move from [Il2CppClass<System.Net.Configuration.SettingsSectionInternal> + 0x3F0]   e.g. StringPlugin.EvaluateAndApply: 36 CheckEqual v60 @ TEMP_v70 (System.Boolean), [v71 @ X0_v85+E0], 0
Import :            25 base has no type, from Add of an untyped local and an untyped local   e.g. RFTriangle.SetTriangles: 371 Move [v317 @ X0_v40 (System.Object)+14], [v349 @ X8_v33+20]
Import :            25 Il2CppClass.0x708   e.g. JContainer.get_HasValues: 61 Call F7087C, v174 @ X0_v5, v42 @ X0_v3 (System.Collections.Generic.IList`1<Newtonsoft.Json.Linq.JToken>), [v45 @ X8_v4 (Il2CppClass<System.Func`1<UnityEngine.UIElements.ValidateCommandEvent>>)+708], 0, v22 @ X3, v23 @ X4, v24 @ X5, v25 @ X6, v26 @ X7, v27 @ V0, v28 @ V1, v29 @ V2, v30 @ V3, v31 @ V4, v32 @ V5, v33 @ V6, v34 @ V7
Import :            25 Il2CppMethodInfo.0x208   e.g. RFCluster.NeibArea: 127 Move v291 @ X2_v18 (Il2CppMethodInfo), [v76 @ X27_v5 (Il2CppMethodInfo)+208]
Import :            25 base has no type, from Move from [Il2CppClass<Facebook.Unity.Windows.IWindowsFacebook> + 0x7F0]   e.g. AccessToken.ToJson: 90 Move v107 @ X8_v6, [v106 @ X8_v5+B8]
Import :            25 Il2CppClass.0x338   e.g. JsonWriter.WriteValue: 38 Move v59 @ X3_v1, [v58 @ X8_v4 (Il2CppClass<Newtonsoft.Json.JsonWriter>)+338]
Import :            25 Il2CppClass.0xBC8   e.g. CollectionUtils.GetDimensions: 57 Call F7087C, v737 @ X0_v29, v131 @ X19_v4 (System.Collections.IList), [v74 @ X25_v3 (Il2CppClass<UnityEngine.UIElements.EnumFieldHelpers>)+BC8], 0, v39 @ X3, v40 @ X4, v41 @ X5, v42 @ X6, v43 @ X7, v44 @ V0, v45 @ V1, v46 @ V2, v47 @ V3, v48 @ V4, v49 @ V5, v50 @ V6, v51 @ V7
Import :            25 Il2CppClass.0x1E0   e.g. JsonWriter.WriteEnd: 63 Move v66 @ X1_v2, [v62 @ X9_v3 (Il2CppClass<Newtonsoft.Json.JsonWriter>)+1E0]
Import :            24 array at 0x2C, from a call's result   e.g. DOTweenModuleSprite.DOGradientColor: 109 MakeStruct v291 @ AGGFC9B60_1_v4 (UnityEngine.Color), typeof(UnityEngine.Color), [v94 @ X0_v5 (UnityEngine.GradientColorKey[])+20], [v94 @ X0_v5 (UnityEngine.GradientColorKey[])+24], [v94 @ X0_v5 (UnityEngine.GradientColorKey[])+28], [v94 @ X0_v5 (UnityEngine.GradientColorKey[])+2C]
Import :            24 base has no type, from Move from [Il2CppClass<UnityEngine.UIElements.EnumFieldHelpers> + 0x508]   e.g. GameAnalytics.RequestTrackingAuthorization: 18 CheckEqual v24 @ TEMP_v22 (System.Boolean), [v22 @ X0_v22+E0], 0
Import :            24 Il2CppClass.0x3F0   e.g. DefaultContractResolver.CreateContract: 295 CheckEqual v642 @ Z_v11 (System.Boolean), [v620 @ X0_v69], [v676 @ X9_v19 (Il2CppClass<Facebook.Unity.Windows.IWindowsFacebook>)+3F0]
Import :            24 Il2CppClass.0x210   e.g. JsonTextWriter.WriteValue: 107 Move v77 @ X2_v7, [v90 @ X8_v12 (Il2CppClass<System.IO.TextWriter>)+210]
Import :            24 base has no type, from Move from [Il2CppClass<System.Runtime.Serialization.ObjectHolderList> + 0x6E0]   e.g. RFPoolingParticles.InitializeParticles: 70 Move v379 @ X8_v40, [v378 @ X8_v39+B8]
Import :            24 byref at 0x4, from no definition   e.g. CouplerJob.ResolveBody: 10 Move v109 @ V17_v2 (System.Int32), [vP @ X2 (Unity.Mathematics.float2&)+4]
Import :            24 base has no type, from Move from [Il2CppClass<Facebook.Unity.Windows.IWindowsFacebook> + 0x378]   e.g. JsonFormatterConverter.GetTokenValue: 49 CheckLess v63 @ C_v2 (System.Boolean), [v60 @ X8_v8 (Il2CppClass<System.Object>)+130], [v59 @ X1_v3+130]
Import :            23 Il2CppMethodInfo.0x968   e.g. DiscriminatedUnionConverter.ReadJson: 136 Move v109 @ X2_v17 (System.StringComparison), [v856 @ X8_v58 (Il2CppMethodInfo)+968]
Import :            23 Il2CppMethodInfo.0xB98   e.g. RFCluster.GetNeibClusterArea: -1 Move v403 @ X1_v25 (System.Int32), [v349 @ X24_v11 (Il2CppMethodInfo)+B98]
Import :            23 base has no type, from Move from [Il2CppClass<CollectParticleData[]> + 0x970]   e.g. MainPage.OnLogAcessTokenBtnClick: 19 Move v48 @ X8_v20, [v47 @ X8_v19+B8]
Import :            23 Il2CppClass.0x168   e.g. EnumUtils.InternalFlagsFormat: 248 Move v321 @ X2_v6, [v371 @ X8_v13 (Il2CppClass<System.Text.StringBuilder>)+168]
Import :            23 array at 0x28, from a call's result   e.g. PathPlugin.SetChangeValue: 430 Move [v855 @ X8_v21+8], [v332 @ X0_v22 (UnityEngine.Vector3[])+28]
Import :            23 Il2CppClass.0x508   e.g. GameAnalytics.RequestTrackingAuthorization: 16 Move v22 @ X0_v22, [v18 @ X20_v1 (Il2CppClass<UnityEngine.UIElements.EnumFieldHelpers>)+508]
Import :            23 Il2CppClass.0x170   e.g. EnumUtils.InternalFlagsFormat: 249 Move v354 @ X1_v7, [v371 @ X8_v13 (Il2CppClass<System.Text.StringBuilder>)+170]
Import :            23 base has no type, from Move from [Il2CppClass<Facebook.Unity.Windows.IWindowsFacebook> + 0x3B0]   e.g. Parser.ParseNumber: 52 Move v112 @ X8_v8, [v118 @ X0_v9+B8]
Import :            23 Il2CppClass.0xB50   e.g. JContainer.get_First: 116 Call F7087C, v276 @ X0_v9, v43 @ X0_v3 (System.Collections.Generic.IList`1<Newtonsoft.Json.Linq.JToken>), [v256 @ X8_v9 (Il2CppClass<System.Func`1<UnityEngine.UIElements.ValidateCommandEvent>>)+B50], 0, v22 @ X3, v23 @ X4, v24 @ X5, v25 @ X6, v26 @ X7, v27 @ V0, v28 @ V1, v29 @ V2, v30 @ V3, v31 @ V4, v32 @ V5, v33 @ V6, v34 @ V7
Import :            23 base has no type, from Move from [Il2CppClass<System.Runtime.Serialization.ObjectHolderList> + 0x538]   e.g. RFPoolingFragment.RigidPoolReset: 74 Move v162 @ X8_v13, [v161 @ X8_v12+B8]
Import :            23 Il2CppClass.0x310   e.g. JsonWriter.WriteValue: 33 Move v54 @ X2_v2, [v45 @ X8_v3 (Il2CppClass<Newtonsoft.Json.JsonWriter>)+310]
Import :            22 Il2CppClass.0x8D8   e.g. CollectionUtils.GetDimensions: 103 Call F7087C, v343 @ X0_v18, v131 @ X19_v4 (System.Collections.IList), [v70 @ X23_v5 (Il2CppClass<UnityEngine.UIElements.EnumFieldHelpers>)+8D8], 1, v39 @ X3, v40 @ X4, v41 @ X5, v42 @ X6, v43 @ X7, v44 @ V0, v45 @ V1, v46 @ V2, v47 @ V3, v48 @ V4, v49 @ V5, v50 @ V6, v51 @ V7
Import :            22 array at 0x30, from a call's result   e.g. DOTweenModuleSprite.DOGradientColor: 85 CheckLess v279 @ C_v5 (System.Boolean), [v94 @ X0_v5 (UnityEngine.GradientColorKey[])+30], 0
Import :            22 Il2CppClass.0x870   e.g. RFParticles.SetParticleRendererDebris: 40 Move v90 @ X8_v5, [v47 @ X21_v4 (Il2CppClass<System.Runtime.Serialization.ObjectHolderList>)+870]
Import :            22 Il2CppClass.elementType   e.g. JsonReader.ReadAsDateTime: 285 CheckNotEqual v226 @ TEMPCOND_v13 (System.Boolean), [v394 @ X8_v21 (Il2CppClass<System.Object>)+40], [v393 @ X1_v23+40]
Import :            22 base has no type, from Move from [Il2CppClass<TMPro.KerningTable+<>c__DisplayClass3_0> + 0xC48]   e.g. IDs..cctor: 86 Move v95 @ X8_v8, [v94 @ X8_v7+B8]
Import :            22 Il2CppClass.0xD00   e.g. UIParticle.OnEnable: 48 Move v58 @ X0_v3, [v52 @ X9_v1 (Il2CppClass<System.Net.Configuration.SettingsSectionInternal>)+D00]
Import :            22 Il2CppClass.0x900   e.g. JsonSerializerInternalWriter.SerializeDynamic: 291 Call F7087C, v821 @ X0_v45, v223 @ X0_v44 (System.Collections.Generic.IEnumerable`1<System.String>), [v482 @ X28_v7 (Il2CppClass<System.Func`1<UnityEngine.UIElements.ValidateCommandEvent>>)+900], 0, v376 @ X3_v5 (Newtonsoft.Json.Serialization.JsonContract), v139 @ X4_v1 (Newtonsoft.Json.Serialization.JsonProperty), v372 @ X5_v2 (Newtonsoft.Json.Serialization.JsonContainerContract), v370 @ X6_v2 (Newtonsoft.Json.Serialization.JsonProperty), v508 @ X7_v5 (Il2CppMethodInfo), v49 @ V0, v50 @ V1, v51 @ V2, v52 @ V3, v53 @ V4, v54 @ V5, v55 @ V6, v56 @ V7
Import :            22 base has no type, from Move from [Il2CppClass<System.ComponentModel.BooleanConverter> + 0x300]   e.g. JsonTextReader.ReadNumberCharIntoBuffer: 89 CheckEqual v109 @ TEMP_v6 (System.Boolean), [v107 @ X0_v4+E0], 0
Import :            22 base has no type, from Move from [Il2CppClass<System.ComponentModel.BooleanConverter> + 0xB98]   e.g. RayfireMan.Log: 103 CheckEqual v164 @ TEMP_v10 (System.Boolean), [v163 @ X0_v9+E0], 0
Import :            22 Il2CppMethodInfo.0xBC0   e.g. RFCluster.GetNeibClusterArea: 231 Call F3F1B4, v861 @ X0_v75, v860 @ X0_v74, v853 @ X0_v64 (System.Object), [v354 @ X26_v11 (Il2CppMethodInfo)+BC0], v43 @ X3, v44 @ X4, v45 @ X5, v46 @ X6, v47 @ X7, v679 @ V0_v6 (System.Single), v49 @ V1, v50 @ V2, v51 @ V3, v52 @ V4, v53 @ V5, v54 @ V6, v55 @ V7
Import :            22 Il2CppClass.0x208   e.g. JsonTextWriter.WriteValue: 106 Move v65 @ X3_v3, [v90 @ X8_v12 (Il2CppClass<System.IO.TextWriter>)+208]
Import :            21 Il2CppMethodInfo.0xBB0   e.g. RFStress.CheckSupport: -1 Move v78 @ X1_v5 (RayFire.RayfireConnectivity), [v199 @ X20_v14 (Il2CppMethodInfo)+BB0]
Import :            21 Il2CppClass.0x140   e.g. JsonSerializer.SetupReader: 86 Move v171 @ X2_v22 (System.Globalization.CultureInfo&), [v87 @ X8_v76 (Il2CppClass<System.Globalization.CultureInfo>)+140]
Import :            21 Il2CppClass.0xB98   e.g. RayfireMan.Log: 101 Move v163 @ X0_v9, [v161 @ X8_v9 (Il2CppClass<System.ComponentModel.BooleanConverter>)+B98]
Import :            21 Il2CppClass.0x4C8   e.g. JsonWriter.BuildStateArray: 48 Move v62 @ X0_v3, [v24 @ X20_v1 (Il2CppClass<Facebook.Unity.Windows.IWindowsFacebook>)+4C8]
Import :            21 base has no type, from Add of the field CollectParticleData[] and Int32   e.g. FluidCollectDisplay.FixedUpdate: 83 CheckEqual v404 @ Z_v7 (System.Boolean), [v462 @ X8_v8-14], 2
Import :            21 base has no type, from Move from [Il2CppClass<System.Runtime.Serialization.ObjectHolderList> + 0x870]   e.g. RFParticles.SetParticleRendererDebris: 41 Move v71 @ X8_v6, [v90 @ X8_v5+B8]
Import :            20 Il2CppClass.cctor_finished   e.g. CollectionUtils.ArrayEmpty: 17 CheckEqual v43 @ TEMP_v18 (System.Boolean), [v36 @ X0_v16 (Il2CppClass<Newtonsoft.Json.Utilities.CollectionUtils+EmptyArrayContainer`1<T>>)+E0], 0
Import :            20 base has no type, from Move from [Il2CppClass<UnityEngine.UIElements.EnumFieldHelpers> + 0x460]   e.g. GA_Debug.HandleLog: 24 CheckEqual v36 @ TEMP_v89 (System.Boolean), [v198 @ X0_v114+E0], 0
Import :            20 Il2CppClass.0x250   e.g. JsonTextWriter.WriteValue: 53 Move v74 @ X2_v2, [v72 @ X8_v6 (Il2CppClass<System.IO.TextWriter>)+250]
Import :            20 Il2CppClass.0x458   e.g. JArray.Insert: 1 Move v2 @ X6_v1, [v0 @ X8_v1 (Il2CppClass<Newtonsoft.Json.Linq.JArray>)+458]
Import :            20 base has no type, from Move from [Il2CppClass<TMPro.KerningTable+<>c__DisplayClass3_0> + 0xB70]   e.g. <>c..cctor: 25 Move v44 @ X8_v4, [v43 @ X8_v3+B8]
Import :            20 base has no type, from Move from [Il2CppClass<System.Runtime.Serialization.ObjectHolderList> + 0x620]   e.g. RFFragment.CacheMeshes: 282 CheckEqual v927 @ TEMP_v32 (System.Boolean), [v925 @ X0_v54+E0], 0
Import :            20 base has no type, from Move from [Il2CppMethodInfo + 0xC20]   e.g. JsonSerializerInternalReader.CreateNewList: 79 Move v140 @ X8_v32, [v139 @ X21_v14+38]
Import :            20 Il2CppClass.0x980   e.g. JObject.System.ComponentModel.ICustomTypeDescriptor.GetProperties: 251 Call F7087C, this @ X0 (Newtonsoft.Json.Linq.JObject), v265 @ X0_v8 (System.Object), [v256 @ X25_v1 (Il2CppClass<System.Func`1<UnityEngine.UIElements.ValidateCommandEvent>>)+980], 0, v421 @ X3_v4, v43 @ X4, v44 @ X5, v45 @ X6, v46 @ X7, v47 @ V0, v48 @ V1, v49 @ V2, v50 @ V3, v51 @ V4, v52 @ V5, v53 @ V6, v54 @ V7
Import :            19 base has no type, from Move from [Il2CppClass<TMPro.KerningTable+<>c__DisplayClass3_0> + 0x970]   e.g. <>c..cctor: 25 Move v44 @ X8_v4, [v43 @ X8_v3+B8]
Import :            19 array at 0x28, from Move from the field Vector3[]   e.g. RayfireBlade.TriggerExit: 155 Add v293 @ V1_v6 (System.Single), [v99 @ X8_v10 (UnityEngine.Vector3[])+28], [v52 @ X9_v3 (UnityEngine.Vector3[])+28]
Import :            19 base has no type, from Move from [Il2CppClass<Facebook.Unity.AsyncRequestString+<Start>d__9> + 0x6A0]   e.g. <>c..cctor: 25 Move v44 @ X8_v4, [v43 @ X8_v3+B8]
Import :            19 base has no type, from Move from [Il2CppClass<System.ComponentModel.BooleanConverter> + 0x610]   e.g. CollectionUtils.ResolveEnumerableCollectionConstructor: 295 CheckEqual v630 @ TEMP_v28 (System.Boolean), [v629 @ X0_v35+E0], 0
Import :            19 Il2CppClass.0x218   e.g. JsonProperty.WritePropertyName: 12 Move v15 @ X4_v1, [v14 @ X9_v3 (Il2CppClass<Newtonsoft.Json.JsonWriter>)+218]
Import :            19 Il2CppClass.0xA20   e.g. UIParticleUpdater.BakeMesh: 1319 Move particle @ X0 (Voodoo.UI.Particles.UIParticle), [v2962 @ X8_v112 (Il2CppClass<Facebook.Unity.Windows.IWindowsFacebook>)+A20]
Import :            19 Il2CppMethodInfo.0xEB0   e.g. RFPoolingParticles.InitializeParticles: 104 Move v228 @ X2_v9, [v336 @ X28_v2 (Il2CppMethodInfo)+EB0]
Import :            19 Il2CppClass.0x618   e.g. XmlNodeConverter.ReadAttributeElements: 175 Move v67 @ X0_v26 (System.Boolean), [v511 @ X8_v66 (Il2CppClass<System.Linq.Expressions.Interpreter.CastInstruction+CastInstructionT`1<System.Char>>)+618]
Import :            19 base has no type, from Move from an absolute address   e.g. JValue.GetValueType: 496 CheckLess v640 @ C_v45 (System.Boolean), [v265 @ X8_v20+130], [v172 @ X9_v54+130]
Import :            19 base has no type, from Move from [Il2CppClass<System.Runtime.Serialization.ObjectHolderList> + 0x900]   e.g. RectOffsetPlugin.EvaluateAndApply: 35 CheckEqual v58 @ TEMP_v65 (System.Boolean), [v86 @ X0_v3+E0], 0
Import :            18 Il2CppClass.0xBD0   e.g. BoxedPrimitives.Get: 61 Move value @ X0 (System.Decimal), [v24 @ X21_v1 (Il2CppClass<System.ComponentModel.BooleanConverter>)+BD0]
Import :            18 base has no type, from Move from [List`1<System.Char> + 0x0]   e.g. JavaScriptUtils..cctor: 397 Move v1058 @ X9_v104, [v1016 @ X8_v34+12E]
Import :            18 Il2CppMethodInfo.0xCC8   e.g. EnumUtils.InitializeValuesAndNames: 303 IndirectCall [v721 @ X8_v55+178], v726 @ X0_v91 (System.Object), methodInfo @ X1 (Il2CppMethodInfo), v226 @ X26_v12 (System.Object), v719 @ TEMPCOND_v14 (System.Boolean), [v721 @ X8_v55+180], [v702 @ X8_v50 (Il2CppMethodInfo)+CC8], v45 @ X5, v46 @ X6, v47 @ X7, v48 @ V0, v49 @ V1, v50 @ V2, v51 @ V3, v52 @ V4, v53 @ V5, v54 @ V6, v55 @ V7
Import :            18 Il2CppClass.0xAA8   e.g. LogScroller.ClearLogs: 184 Move v176 @ X1_v3 (Il2CppMethodInfo), [v229 @ X22_v7 (Il2CppClass<System.Net.Configuration.SettingsSectionInternal>)+AA8]
Import :            18 base has no type, from Move from [Il2CppClass<System.Xml.ValidateNames> + 0x538]   e.g. XContainerWrapper.WrapNode: 103 CheckLess v144 @ C_v6 (System.Boolean), [v46 @ X8_v9 (Il2CppClass<System.Xml.Linq.XObject>)+130], [v142 @ X10_v6+130]
Import :            18 Il2CppClass.0x468   e.g. JArray.RemoveAt: 1 Move v2 @ X3_v1, [v0 @ X8_v1 (Il2CppClass<Newtonsoft.Json.Linq.JArray>)+468]
Import :            18 Il2CppClass.0x5E8   e.g. RFDemolitionMesh.CreateFragments: 107 Move v411 @ X0_v12, [v402 @ X23_v4 (Il2CppClass<System.Runtime.Serialization.ObjectHolderList>)+5E8]
Import :            18 base has no type, from Add of the field NativeArray`1<FluidPhysicsCoupler+BodyData> and Int32   e.g. PositionProjectJob.Execute: 111 Multiply v418 @ V0_v13, [v344 @ X8_v13+1C], [v344 @ X8_v13+1C]
Import :            18 base has no type, from Subtract   e.g. DictionaryWrapper`2.get_Item: 154 Move v287 @ X8_v35, [v219 @ X3_v1+20]
Import :            17 Il2CppClass.0x1E8   e.g. <>c.<GetMemberInfoFromType>b__39_0: 7 Move v9 @ X2_v1, [v8 @ X8_v1 (Il2CppClass<System.Reflection.ParameterInfo>)+1E8]
Import :            17 Il2CppClass.0xDA0   e.g. <>c__DisplayClass13_0.<MakePurchase>b__0: 168 Call F7087C, v692 @ X0_v51, result @ X1 (Facebook.Unity.IPurchaseResult), [v669 @ X22_v8 (Il2CppClass<UnityEngine.UIElements.EnumFieldHelpers>)+DA0], 0, v31 @ X3, v32 @ X4, v33 @ X5, v34 @ X6, v35 @ X7, v36 @ V0, v37 @ V1, v38 @ V2, v39 @ V3, v40 @ V4, v41 @ V5, v42 @ V6, v43 @ V7
Import :            17 Il2CppMethodInfo.0xCB0   e.g. RFCluster.TrisNeib: 105 Move v697 @ X2_v14 (Il2CppMethodInfo), [v184 @ X27_v12 (Il2CppMethodInfo)+CB0]
Import :            17 base has no type, from Move from [Il2CppClass<System.Net.Configuration.SettingsSectionInternal> + 0xF20]   e.g. JsonTextWriter.WriteValue: 19 CheckEqual v26 @ TEMP_v14 (System.Boolean), [v24 @ X0_v20+E0], 0
Import :            17 Il2CppClass.0xD80   e.g. DiscriminatedUnionConverter.WriteJson: 98 Move v399 @ X0_v17, [v78 @ X25_v7 (Il2CppClass<System.ComponentModel.BooleanConverter>)+D80]
Import :            17 base has no type, from Add of an untyped base and an untyped local   e.g. RFTriangle.SetTriangles: 214 MakeStruct v117 @ AGG1E46F54_1_v4 (UnityEngine.Vector3), typeof(UnityEngine.Vector3), [v588 @ X8_v22+20], [v588 @ X8_v22+24], [v588 @ X8_v22+28]
Import :            17 Il2CppMethodInfo.0xBA8   e.g. RFJointProperties.CreateJoints: 553 Call 274A080, v679 @ X0_v49, v618 @ X0_v40 (System.OutOfMemoryException), [v756 @ X8_v4 (Il2CppMethodInfo)+BA8], v841 @ X2_v2 (Il2CppMethodInfo), v519 @ X3_v5 (System.Int32), v40 @ X4, v41 @ X5, v42 @ X6, v43 @ X7, v543 @ V0_v3 (System.Collections.Generic.List`1<System.Object>+Enumerator<System.Object>), v45 @ V1, v46 @ V2, v47 @ V3, v48 @ V4, v49 @ V5, v50 @ V6, v51 @ V7
Import :            17 base has no type, from Move from [Object + 0x18]   e.g. ReflectionUtils.GetChildPrivateProperties: 183 Move v94 @ X25_v10, [v266 @ X8_v49+10]
Import :            17 Il2CppClass.0xFF8   e.g. <>c__DisplayClass80_0.<CreateShouldSerializeTest>b__0: 94 Move v156 @ X1_v4, [v154 @ X8_v7 (Il2CppClass<CollectParticleData[]>)+FF8]
Import :            17 Il2CppMethodInfo.0x980   e.g. FluidSolver.CollectNearbyParticles: 529 Move v574 @ X2_v12, [v610 @ X28_v8 (Il2CppMethodInfo)+980]
Import :            17 base has no type, from Add of [Il2CppClass<Newtonsoft.Json.Linq.JToken> + 0xC8] and Int32   e.g. JProperty.SetItem: 67 CheckEqual v181 @ Z_v12 (System.Boolean), [v282 @ X10_v11-8], v145 @ X9_v12
Import :            17 Il2CppClass.0x1B0   e.g. TypeExtensions.MemberType: 8 Move v10 @ X1_v1, [v8 @ X8_v1 (Il2CppClass<System.Reflection.MemberInfo>)+1B0]
Import :            17 array at 0x44, from a call's result   e.g. BezierPath.CalculateBoundsWithTransform: 345 CheckGreaterOrEqual v1023 @ TEMPCSEL_v6 (System.Boolean), v1035 @ V0_v14 (UnityEngine.Vector3), [v546 @ X0_v15 (UnityEngine.Vector3[])+44]
Import :            17 Il2CppClass.0x1D8   e.g. JsonWriter.WriteEnd: 62 Move v65 @ X2_v2, [v62 @ X9_v3 (Il2CppClass<Newtonsoft.Json.JsonWriter>)+1D8]
Import :            17 Il2CppClass.0xFC8   e.g. <>c..cctor: 20 Newobj v40 @ X0_v3 (System.Object), [v12 @ X20_v1 (Il2CppClass<Facebook.Unity.AsyncRequestString+<Start>d__9>)+FC8]
Import :            17 array at 0x24, from a call's result   e.g. DOTweenModuleSprite.DOGradientColor: 109 MakeStruct v291 @ AGGFC9B60_1_v4 (UnityEngine.Color), typeof(UnityEngine.Color), [v94 @ X0_v5 (UnityEngine.GradientColorKey[])+20], [v94 @ X0_v5 (UnityEngine.GradientColorKey[])+24], [v94 @ X0_v5 (UnityEngine.GradientColorKey[])+28], [v94 @ X0_v5 (UnityEngine.GradientColorKey[])+2C]
Import :            17 Il2CppClass.0x158   e.g. JValue.Operation: 366 Move v951 @ X14_v8, [v1568 @ X14_v13 (Il2CppClass<System.ComponentModel.BooleanConverter>)+158]
Import :            17 base has no type, from Move from [Il2CppClass<System.Net.Configuration.SettingsSectionInternal> + 0xD00]   e.g. UIParticle.OnEnable: 50 CheckEqual v60 @ TEMP_v5 (System.Boolean), [v58 @ X0_v3+E0], 0
Import :            17 Il2CppClass.0x610   e.g. CollectionUtils.ResolveEnumerableCollectionConstructor: 293 Move v629 @ X0_v35, [v394 @ X19_v8 (Il2CppClass<System.ComponentModel.BooleanConverter>)+610]
Import :            17 base has no type, from Move from [Il2CppClass<UnityEngine.UIElements.EnumFieldHelpers> + 0x278]   e.g. ReflectionDelegateFactory.CreateGet: 64 CheckLess v146 @ C_v8 (System.Boolean), [v52 @ X8_v8 (Il2CppClass<System.Reflection.MemberInfo>)+130], [v115 @ X10_v8+130]
Import :            17 base has no type, from Move from [String + 0x0]   e.g. PurchasePage.<LoadPurchases>b__12_0: 220 Move v894 @ X9_v54, [v843 @ X8_v28+12E]
Import :            16 Il2CppClass.0x1C0   e.g. JsonTextReader.ParsePostValue: 208 Move v310 @ X1_v13 (System.Boolean), [v199 @ X8_v15 (Il2CppClass<Newtonsoft.Json.JsonTextReader>)+1C0]
Import :            16 base has no type, from Move from [Il2CppClass<System.Runtime.Serialization.ObjectHolderList> + 0x718]   e.g. RFJointProperties.CreateJoints: 93 CheckEqual v594 @ TEMP_v47 (System.Boolean), [v592 @ X0_v59+E0], 0
Import :            16 Il2CppClass.0x718   e.g. RFJointProperties.CreateJoints: 91 Move v592 @ X0_v59, [v590 @ X8_v50 (Il2CppClass<System.Runtime.Serialization.ObjectHolderList>)+718]
Import :            16 Il2CppClass.0xFF0   e.g. JavaScriptUtils..cctor: 378 Move v107 @ X0_v17 (System.Collections.Generic.List`1<System.Char>), [v914 @ X26_v9 (Il2CppClass<System.Collections.Generic.List`1<UnityEngine.UIElements.StyleSheets.Syntax.Expression>>)+FF0]
Import :            16 Il2CppClass.0x1C8   e.g. <>c__DisplayClass10_0.<BindBinaryOperation>b__0: 12 Move v15 @ X5_v1, [v14 @ X8_v2 (Il2CppClass<System.Dynamic.BinaryOperationBinder>)+1C8]
Import :            16 Il2CppClass.0x278   e.g. JsonReader.Dispose: 32 Move v37 @ X2_v1, [v36 @ X8_v2 (Il2CppClass<Newtonsoft.Json.JsonReader>)+278]
Import :            16 base has no type, from Move from [Il2CppClass<System.Xml.ValidateNames> + 0x518]   e.g. XDocumentWrapper.get_Document: 27 CheckLess v46 @ C_v2 (System.Boolean), [v43 @ X8_v6 (Il2CppClass<System.Xml.Linq.XDocument>)+130], [v42 @ X1_v2+130]
Import :            16 base has no type, from Move from [Il2CppClass<Facebook.Unity.AsyncRequestString+<Start>d__9> + 0x60]   e.g. <>c..cctor: 25 Move v44 @ X8_v4, [v43 @ X8_v3+B8]
Import :            16 Il2CppClass.0xC98   e.g. JsonSerializer..ctor: 52 Move v74 @ X0_v8, [v45 @ X22_v1 (Il2CppClass<System.ComponentModel.BooleanConverter>)+C98]
Import :            16 base has no type, from Move from [Il2CppClass<UnityEngine.UIElements.EnumFieldHelpers> + 0x468]   e.g. GA_SpecialEvents.OnApplicationPause: 242 Move v249 @ X8_v57, [v241 @ X0_v55+B8]
Import :            16 Il2CppMethodInfo.0x308   e.g. AppRequestResult..ctor: 336 Move v954 @ X8_v45, [v571 @ X25_v11 (Il2CppMethodInfo)+308]
Import :            16 Il2CppClass.0x248   e.g. JsonTextWriter.WriteValue: 52 Move v73 @ X3_v1, [v72 @ X8_v6 (Il2CppClass<System.IO.TextWriter>)+248]
Import :            16 Il2CppClass.0x6A0   e.g. <>c..cctor: 20 Newobj v40 @ X0_v3 (System.Object), [v12 @ X20_v1 (Il2CppClass<Facebook.Unity.AsyncRequestString+<Start>d__9>)+6A0]
Import :            16 array at 0x4C, from a call's result   e.g. BezierPath.CalculateBoundsWithTransform: -1 Move v1062 @ V7_v7 (UnityEngine.Vector3), [v546 @ X0_v15 (UnityEngine.Vector3[])+4C]
Import :            16 Il2CppClass.0x690   e.g. DefaultContractResolver.SetIsSpecifiedActions: 110 Move v89 @ X3_v3, [v225 @ X8_v27 (Il2CppClass<System.Type>)+690]
Import :            15 base has no type, from Move from [Il2CppClass<Facebook.Unity.Windows.IWindowsFacebook> + 0x598]   e.g. LateBoundReflectionDelegateFactory.get_Instance: 15 CheckEqual v18 @ TEMP_v7 (System.Boolean), [v37 @ X0_v9+E0], 0
Import :            15 Il2CppMethodInfo.0xC98   e.g. RFCluster.ConnectivityUnyCheck: 278 Move v450 @ X8_v43, [v660 @ X28_v6 (Il2CppMethodInfo)+C98]
Import :            15 Il2CppClass.0x858   e.g. XmlElementWrapper.SetAttributeNode: 28 Move v49 @ X1_v4, [v47 @ X8_v5 (Il2CppClass<System.Xml.ValidateNames>)+858]
Import :            15 Il2CppClass.0x390   e.g. JsonWriter.WriteValue: 33 Move v54 @ X2_v2, [v44 @ X8_v3 (Il2CppClass<Newtonsoft.Json.JsonWriter>)+390]
Import :            15 array at 0x20, from no definition   e.g. RFCluster.GetBoundsBound: 35 Subtract v66 @ V0_v1, [bounds @ X0 (UnityEngine.Bounds[])+20], [bounds @ X0 (UnityEngine.Bounds[])+2C]
Import :            15 base has no type, from Move from [Il2CppClass<Facebook.Unity.Windows.IWindowsFacebook> + 0xA20]   e.g. MeshHelper.GetTemporaryMesh: 15 CheckEqual v18 @ TEMP_v7 (System.Boolean), [v37 @ X0_v8+E0], 0
Import :            15 base has no type, from Move from [Object + 0x0]   e.g. PurchasePage.<LoadProducts>b__11_0: 282 Move v1011 @ X9_v50, [v968 @ X8_v31+12E]
Import :            15 byref at 0x1C, from no definition   e.g. FluidSolver.<RadialDestroyRoutine>g__ShouldHitAtPosition|183_0: 111 Subtract v217 @ TEMP1_v11 (System.Single), [ @ X1 (<>c__DisplayClass183_0&)+1C], v202 @ V0_v8 (System.Single)
Import :            15 Il2CppClass.0x3F8   e.g. ReflectionUtils.GetBaseDefinition: 46 Move v81 @ X2_v5, [v80 @ X8_v7 (Il2CppClass<System.Reflection.MethodInfo>)+3F8]
Import :            15 Il2CppClass.0xD40   e.g. Octopus.Split: 109 Move v229 @ X8_v39, [v215 @ X8_v37 (Il2CppClass<System.Xml.ValidateNames>)+D40]
Import :            15 Il2CppClass.0xB70   e.g. CollectionUtils.ResolveEnumerableCollectionConstructor: 253 Call F7087C, v594 @ X0_v46, v209 @ X0_v27 (System.Reflection.ParameterInfo[]), [v393 @ X28_v6 (Il2CppClass<System.Func`1<UnityEngine.UIElements.ValidateCommandEvent>>)+B70], 0, methodInfo @ X3 (Il2CppMethodInfo), v45 @ X4, v46 @ X5, v47 @ X6, v48 @ X7, v49 @ V0, v50 @ V1, v51 @ V2, v52 @ V3, v53 @ V4, v54 @ V5, v55 @ V6, v56 @ V7
Import :            15 Il2CppClass.0x790   e.g. RFTriangle.SetTriangles: 84 Move v531 @ X8_v6, [v530 @ X24_v3 (Il2CppClass<System.Runtime.Serialization.ObjectHolderList>)+790]
Import :            15 Il2CppClass.0xCA8   e.g. <>c..cctor: 20 Newobj v40 @ X0_v3 (System.Object), [v12 @ X20_v1 (Il2CppClass<Facebook.Unity.AsyncRequestString+<Start>d__9>)+CA8]
Import :            15 Il2CppMethodInfo.0xAC8   e.g. JsonWriter..cctor: 106 CallVoid RuntimeHelpers.InitializeArray, v200 @ X0_v17 (System.Array), [v275 @ X23_v5 (Il2CppMethodInfo)+AC8]
Import :            15 base has no type, from Move from [Il2CppClass<TMPro.KerningTable+<>c__DisplayClass3_0> + 0x6E8]   e.g. PKCS12.MAC: 98 CheckEqual v235 @ TEMP_v19 (System.Boolean), [v239 @ X0_v30+E0], 0
Import :            15 generic instance, inside the layout, on no field, reference arguments   e.g. StructMultiKey`2.GetHashCode: 15 Move v47 @ X0_v5, [this @ X0 (Newtonsoft.Json.Utilities.StructMultiKey`2<T1, T2>)+8]
Import :            15 Il2CppClass.0x518   e.g. XDocumentWrapper.get_Document: 23 Move v42 @ X1_v2, [v40 @ X8_v4 (Il2CppClass<System.Xml.ValidateNames>)+518]
Import :            15 base has no type, from Move from [Il2CppClass<System.Runtime.Serialization.ObjectHolderList> + 0x5D8]   e.g. RFDemolitionCluster.CreateClusterRuntime: 480 Move v1393 @ X8_v91, [v1391 @ X0_v175+B8]
Import :            15 Il2CppMethodInfo.0x2C0   e.g. FluidSolver.CollectNearbyParticles: 241 Move v121 @ X3_v19 (Il2CppMethodInfo), [v1075 @ X8_v116 (Il2CppMethodInfo)+2C0]
Import :            15 Il2CppClass.0x3C0   e.g. JsonConvert.SerializeObjectInternal: 46 Move v62 @ X0_v3 (System.Text.StringBuilder), [v30 @ X23_v1 (Il2CppClass<System.Net.Configuration.SettingsSectionInternal>)+3C0]
Import :            15 Il2CppClass.0x840   e.g. BinderWrapper.GetMember: 115 Move v310 @ X8_v15, [v24 @ X24_v1 (Il2CppClass<Facebook.Unity.AsyncRequestString+<Start>d__9>)+840]
Import :            14 Il2CppClass.0x188   e.g. JsonWriter.set_StringEscapeHandling: 18 Move v22 @ X2_v2, [v21 @ X8_v1 (Il2CppClass<Newtonsoft.Json.JsonWriter>)+188]
Import :            14 base has no type, from Move from [Il2CppClass<System.Xml.ValidateNames> + 0x4F0]   e.g. XDocumentWrapper.get_HasChildNodes: 27 CheckLess v46 @ C_v2 (System.Boolean), [v43 @ X8_v6 (Il2CppClass<System.Xml.Linq.XContainer>)+130], [v42 @ X1_v2+130]
Import :            14 Il2CppClass.0xDC8   e.g. FBWindowsReferralsManager.CallbackReferralsGetData: 155 Call F7087C, v460 @ X0_v7, result @ X1 (Facebook.Unity.IReferralsGetDataResult), [v338 @ X22_v4 (Il2CppClass<UnityEngine.UIElements.EnumFieldHelpers>)+DC8], 0, v31 @ X3, v32 @ X4, v33 @ X5, v34 @ X6, v35 @ X7, v36 @ V0, v37 @ V1, v38 @ V2, v39 @ V3, v40 @ V4, v41 @ V5, v42 @ V6, v43 @ V7
Import :            14 array at 0x2C, from no definition   e.g. RFCluster.GetBoundsBound: 35 Subtract v66 @ V0_v1, [bounds @ X0 (UnityEngine.Bounds[])+20], [bounds @ X0 (UnityEngine.Bounds[])+2C]
Import :            14 Il2CppClass.0xC68   e.g. JToken.Children: 13 Move v37 @ X0_v9, [v12 @ X19_v1 (Il2CppClass<System.Func`1<UnityEngine.UIElements.ValidateCommandEvent>>)+C68]
Import :            14 Il2CppClass.0x6E8   e.g. PKCS12.MAC: 96 Move v239 @ X0_v30, [v28 @ X24_v1 (Il2CppClass<TMPro.KerningTable+<>c__DisplayClass3_0>)+6E8]
Import :            14 base has no type, from Move from [Il2CppClass<System.ComponentModel.BooleanConverter> + 0x4C0]   e.g. CombineInstanceArrayPool.Init: 15 CheckEqual v18 @ TEMP_v12 (System.Boolean), [v37 @ X0_v15+E0], 0
Import :            14 array at 0x34, from a call's result   e.g. BezierPath..ctor: 291 Move v227[v208._size (System.Int32)].z (System.Single), [v65 @ X0_v4 (UnityEngine.Vector3[])+34]
Import :            14 Il2CppClass.0xF20   e.g. JsonTextWriter.WriteValue: 17 Move v24 @ X0_v20, [v20 @ X22_v1 (Il2CppClass<System.Net.Configuration.SettingsSectionInternal>)+F20]
Import :            14 base has no type, from Move from [Il2CppClass<System.Runtime.Serialization.ObjectHolderList> + 0xFF0]   e.g. GameAnalytics.InitAPI: 62 CheckLess v83 @ C_v2 (System.Boolean), [v80 @ X11_v2 (Il2CppClass<UnityEngine.Object>)+130], [v79 @ X1_v5+130]
Import :            14 base has no type, from Move from [Il2CppClass<Facebook.Unity.Windows.IWindowsFacebook> + 0x330]   e.g. JsonSerializerInternalReader.ReadMetadataPropertiesToken: 108 CheckLess v341 @ C_v10 (System.Boolean), [v326 @ X8_v13 (Il2CppClass<Newtonsoft.Json.Linq.JObject>)+130], [v322 @ X1_v16+130]
Import :            14 base has no type, from Move from [Il2CppClass<CollectParticleData[]> + 0xDC8]   e.g. BakingCamera.get_Instance: 19 CheckEqual v24 @ TEMP_v19 (System.Boolean), [v43 @ X0_v29+E0], 0
Import :            14 Il2CppClass.0xDF0   e.g. JsonReader.ReadAsDouble: 105 CheckEqual v231 @ Z_v17 (System.Boolean), [v284 @ X0_v44 (System.Object)], [v339 @ X8_v36 (Il2CppClass<System.ComponentModel.BooleanConverter>)+DF0]
Import :            14 base has no type, from Add of the field Vector2[] and Int32   e.g. FluidCollectDisplay.OnPreComputeUpdate: 305 Subtract v839 @ V1_v25, [v837 @ X10_v17+20], [v707 @ X12_v7-10]
Import :            14 base has no type, from Move from [Il2CppClass<System.Xml.ValidateNames> + 0x4C8]   e.g. XContainerWrapper.WrapNode: 248 CheckLess v429 @ C_v21 (System.Boolean), [v46 @ X8_v9 (Il2CppClass<System.Xml.Linq.XObject>)+130], [v243 @ X10_v21+130]
Import :            14 Il2CppClass.0x7B8   e.g. ConvertUtils.TryConvertInternal: 748 Move v235 @ X0_v154, [v1203 @ X22_v13 (Il2CppClass<System.ComponentModel.BooleanConverter>)+7B8]
Import :            14 array at 0x20, from Move from the field Vector3[]   e.g. RayfireBlade.TriggerExit: 154 Add v292 @ V0_v6 (System.Single), [v99 @ X8_v10 (UnityEngine.Vector3[])+20], [v52 @ X9_v3 (UnityEngine.Vector3[])+20]
Import :            14 Il2CppClass.0x498   e.g. JsonSerializerSettings.get_Context: 39 Move v78 @ X0_v3, [v52 @ X19_v2 (Il2CppClass<Facebook.Unity.Windows.IWindowsFacebook>)+498]
Import :            14 Il2CppClass.0x298   e.g. <>c__DisplayClass44_1.<GetChildPrivateProperties>b__2: 101 Move v78 @ X3_v1, [v99 @ X8_v11 (Il2CppClass<System.Type>)+298]
Import :            14 Il2CppClass.0x588   e.g. TypeExtensions.IsEnum: 7 Move v9 @ X2_v1, [v8 @ X8_v1 (Il2CppClass<System.Type>)+588]
Import :            14 Il2CppMethodInfo.0xB8   e.g. CollectionManager.OnCollectCaterpillar: 88 CallVoid Func`1<UnityEngine.Vector2>..ctor, v362 @ X0_v30 (System.Func`1<UnityEngine.Vector2>), v181 @ X0_v11 (System.Object), [v363 @ X8_v26 (Il2CppMethodInfo)+B8]
Import :            13 Il2CppMethodInfo.0x870   e.g. RFCombineMesh.GetMeshTransMatLists: 279 Move v629 @ X8_v35, [v627 @ X8_v33 (Il2CppMethodInfo)+870]
Import :            13 Il2CppClass.0x2D8   e.g. JsonWriter.WriteValue: 32 Move v53 @ X3_v1, [v44 @ X8_v3 (Il2CppClass<Newtonsoft.Json.JsonWriter>)+2D8]
Import :            13 base has no type, from Move from [Il2CppMethodInfo + 0xC98]   e.g. RFCluster.ConnectivityUnyCheck: 306 Move v837 @ X8_v88, [v450 @ X8_v43+20]
Import :            13 Il2CppClass.0x678   e.g. JsonReader.ReadAsBytes: 127 CheckEqual v358 @ Z_v12 (System.Boolean), [v348 @ X0_v47 (System.Object)], [v350 @ X8_v19 (Il2CppClass<UnityEngine.UIElements.EnumFieldHelpers>)+678]
Import :            13 Il2CppClass.0x838   e.g. XmlNodeWrapper.get_ChildNodes: 282 Move v303 @ X0_v30, [v282 @ X20_v9 (Il2CppClass<System.Xml.ValidateNames>)+838]
Import :            13 base has no type, from Move from [Il2CppClass<System.ComponentModel.BooleanConverter> + 0x690]   e.g. Parser.get_PeekChar: 30 CheckEqual v49 @ TEMP_v5 (System.Boolean), [v47 @ X0_v5+E0], 0
Import :            13 Il2CppClass.0xF98   e.g. Parser.Parse: 25 Move v46 @ X0_v3 (Facebook.MiniJSON.Json+Parser), [v18 @ X21_v1 (Il2CppClass<Facebook.Unity.AsyncRequestString+<Start>d__9>)+F98]
Import :            13 Il2CppClass.0x598   e.g. LateBoundReflectionDelegateFactory.get_Instance: 13 Move v37 @ X0_v9, [v12 @ X19_v1 (Il2CppClass<Facebook.Unity.Windows.IWindowsFacebook>)+598]
Import :            13 base has no type, from Move from [Il2CppMethodInfo + 0x100]   e.g. ImmutableCollectionsUtils..cctor: 172 Move v429 @ X8_v74, [v116 @ X8_v4+20]
Import :            13 Il2CppClass.0x150   e.g. VersionConverter.WriteJson: 25 Move v46 @ X8_v8, [v44 @ X8_v6 (Il2CppClass<System.Xml.ValidateNames>)+150]
Import :            13 Il2CppClass.0x7F8   e.g. DOTweenComponent.Awake: 52 Move v175 @ X0_v51, [v173 @ X8_v23 (Il2CppClass<System.ComponentModel.BooleanConverter>)+7F8]
Import :            13 base has no type, from Add of StringReference and Int32   e.g. DateTimeUtils.TryReadOffset: 140 CheckNotEqual v140 @ TEMPCOND_v9 (System.Boolean), [v70 @ X8_v5+20], 45
Import :            13 Il2CppMethodInfo.0x100   e.g. ImmutableCollectionsUtils..cctor: 144 Move v116 @ X8_v4, [v114 @ X25_v2 (Il2CppMethodInfo)+100]
Import :            13 Il2CppMethodInfo.0xF50   e.g. ImmutableCollectionsUtils.TryBuildImmutableForArrayContract: 230 CallVoid Func`2<System.Object, System.Boolean>..ctor, v419 @ X0_v80, [v414 @ X8_v44], [v421 @ X8_v47 (Il2CppMethodInfo)+F50]
Import :            13 base has no type, from Move from [Il2CppClass<System.Xml.ValidateNames> + 0xF98]   e.g. AndroidFacebook.CreateTournament: 134 CheckEqual v205 @ TEMP_v6 (System.Boolean), [v256 @ X0_v28+E0], 0
Import :            13 Il2CppClass.0x648   e.g. ConvertUtils..cctor: 294 Call Type.GetTypeFromHandle, v334 @ X0_v33 (System.Type), [v330 @ X8_v9 (Il2CppClass<System.Collections.Generic.NullableComparer`1>)+648]
Import :            13 base has no type, from Move from [Il2CppMethodInfo + 0x870]   e.g. RFCombineMesh.GetMeshTransMatLists: 306 Move v640 @ X8_v44, [v629 @ X8_v35+20]
Import :            13 Il2CppClass.0xA30   e.g. ApplicationManager..ctor: 31 Move v49 @ X0_v2, [v18 @ X20_v1 (Il2CppClass<System.Collections.Generic.List`1<UnityEngine.UIElements.StyleSheets.Syntax.Expression>>)+A30]
Import :            13 Il2CppClass.0xB18   e.g. JsonReader.ReadAsString: 190 Call F3F36C, this @ X0 (Newtonsoft.Json.JsonReader), v344 @ X0_v42 (System.Object), [v352 @ X22_v2 (Il2CppClass<UnityEngine.UIElements.EnumFieldHelpers>)+B18], v184 @ X2_v3 (System.Globalization.CultureInfo), v178 @ X3_v3, v27 @ X4, v28 @ X5, v29 @ X6, v30 @ X7, v31 @ V0, v32 @ V1, v33 @ V2, v34 @ V3, v35 @ V4, v36 @ V5, v37 @ V6, v38 @ V7
Import :            12 byref at 0x18, from no definition   e.g. FluidSolver.<RadialDestroyRoutine>g__ShouldHitAtPosition|183_0: 98 CheckEqual v141 @ Z_v6 (System.Boolean), [ @ X1 (<>c__DisplayClass183_0&)+18], 1
Import :            12 base has no type, from Move from [Il2CppClass<System.Runtime.Serialization.ObjectHolderList> + 0x150]   e.g. PKCS12.set_Password: 58 CheckEqual v88 @ TEMP_v6 (System.Boolean), [v86 @ X0_v9+E0], 0
Import :            12 base has no type, from Move from [Il2CppMethodInfo + 0xAC8]   e.g. ReflectionObject.Create: 428 ShiftLeft v221 @ TEMPSHIFT_v13 (System.Int32), [v1037 @ X1_v49+50], 4
Import :            12 base has no type, from Move from [Il2CppClass<Facebook.Unity.Windows.IWindowsFacebook> + 0x920]   e.g. RFHexagon.GetHexPointCLoudV1: 123 Move v645 @ X8_v24, [v644 @ X8_v23+B8]
Import :            12 base has no type, from Move from [Il2CppClass<System.Runtime.Serialization.ObjectHolderList> + 0xC98]   e.g. TweenerCore`3.ApplyTween: 259 CheckEqual v694 @ TEMP_v118 (System.Boolean), [v692 @ X0_v152+E0], 0
Import :            12 array at 0x48, from a call's result   e.g. BezierPath.CalculateBoundsWithTransform: -1 Move v1048 @ V6_v6 (UnityEngine.Vector3), [v546 @ X0_v15 (UnityEngine.Vector3[])+48]
Import :            12 base has no type, from Add of the field NativeArray`1<Unity.Mathematics.float4> and Int32   e.g. <>c__DisplayClass5_0.<OnSolverAddParticles>b__0: 122 MakeStruct v21 @ AGGFF1F94_0_v3 (Unity.Mathematics.float4), typeof(Unity.Mathematics.float4), [v142 @ X8_v11], [v142 @ X8_v11+4], [v142 @ X8_v11+8], [v142 @ X8_v11+C]
Import :            12 array at 0x28, from no definition   e.g. RFCluster.GetBoundsBound: 36 Subtract v122 @ V3_v2, [bounds @ X0 (UnityEngine.Bounds[])+28], [bounds @ X0 (UnityEngine.Bounds[])+34]
Import :            12 base has no type, from Move from [IEnumerator + 0x0]   e.g. PKCS12.GetBytes: 1711 Move v3702 @ X9_v181, [v3597 @ X8_v34+12E]
Import :            12 Il2CppMethodInfo.invoker_method   e.g. DictionaryWrapper`2.Contains: 112 Move v153 @ X8_v13, [v95 @ X1_v16 (Il2CppMethodInfo)+10]
Import :            12 Il2CppMethodInfo.0xBA0   e.g. DefaultSerializationBinder..ctor: 48 CallVoid Func`2<Newtonsoft.Json.Utilities.StructMultiKey`2<System.Object, System.Object>, System.Object>..ctor, v61 @ X0_v4, this @ X0 (Newtonsoft.Json.Serialization.DefaultSerializationBinder), [v24 @ X23_v1 (Il2CppMethodInfo)+BA0]
Import :            12 base has no type, from Move from [Il2CppClass<System.Collections.Generic.List`1<UnityEngine.UIElements.StyleSheets.Syntax.Expression>> + 0x1F0]   e.g. CodelessUIInteractEvent.OnReceiveMapping: 58 CheckLess v143 @ C_v3 (System.Boolean), [v142 @ X9_v3 (Il2CppClass<System.Object>)+130], [v128 @ X8_v7+130]
Import :            12 array at 0x40, from a call's result   e.g. BezierPath.CalculateBoundsWithTransform: 451 Move v784 @ V6_v18 (UnityEngine.Vector3), [v546 @ X0_v15 (UnityEngine.Vector3[])+40]
Import :            12 Il2CppClass.0x920   e.g. RFHexagon.GetHexPointCLoudV1: 122 Move v644 @ X8_v23, [v642 @ X8_v21 (Il2CppClass<Facebook.Unity.Windows.IWindowsFacebook>)+920]
Import :            12 Il2CppClass.0x178   e.g. DynamicProxyMetaObject`1.GetDynamicMemberNames: 41 Move v68 @ X3_v1, [v70 @ X8_v5 (Il2CppClass<Newtonsoft.Json.Utilities.DynamicProxy`1<T>>)+178]
Import :            12 base has no type, from Move from [ArrayList + 0x0]   e.g. AuthenticodeDeformatter.VerifySignature: 424 Move v1486 @ X9_v43, [v1355 @ X8_v71+12E]
Import :            12 Il2CppClass.0x8C8   e.g. DefaultSerializationBinder.GetGenericTypeFromTypeName: 404 Move v276 @ X3_v5, [v287 @ X8_v15 (Il2CppClass<System.Type>)+8C8]
Import :            12 byref at 0x8, from no definition   e.g. FluidSolver.<RadialDestroyRoutine>g__ShouldHitAtPosition|183_0: 61 CheckLess v87 @ C_v19 (System.Boolean), v72 @ V0_v3 (System.Single), [ @ X1 (<>c__DisplayClass183_0&)+8]
Import :            12 base has no type, from Move from [Il2CppClass<System.Xml.ValidateNames> + 0xD40]   e.g. Octopus.Split: 110 Move v230 @ X8_v40, [v229 @ X8_v39+B8]
Import :            12 Il2CppClass.0x220   e.g. JsonSerializer.ApplySerializerSettings: 440 Move v102 @ X2_v19 (Il2CppMethodInfo), [v724 @ X8_v105 (Il2CppClass<Newtonsoft.Json.JsonSerializer>)+220]
Import :            12 Il2CppMethodInfo.0xC30   e.g. RFJointProperties.SetDeformation: 154 Move v75 @ X2_v2, [v292 @ X22_v3 (Il2CppMethodInfo)+C30]
Import :            12 base has no type, from Move from [Il2CppClass<Facebook.Unity.Windows.IWindowsFacebook> + 0xB50]   e.g. ModifiedMaterial.Add: 81 CheckEqual v204 @ TEMP_v29 (System.Boolean), [v123 @ X0_v4+E0], 0
Import :            12 base has no type, from Add of Bounds[] and Int32   e.g. RFPhysic.GetIgnoreListShort: 170 Add v756 @ V5_v13, [v800 @ X8_v12+20], [v800 @ X8_v12+2C]
Import :            12 base has no type, from Move from [Il2CppClass<System.Xml.ValidateNames> + 0x838]   e.g. XmlNodeWrapper.get_ChildNodes: 289 Move v129 @ X8_v16, [v303 @ X0_v30+B8]
Import :            12 base has no type, from Add of the field UInt32[] and Immediate   e.g. Kernel.Subtract: 113 Subtract v163 @ X2_v5, [v232 @ X16_v3+v199 @ X1_v7 (System.Int32)], v364 @ X0_v16
Import :            12 base has no type, from Add of [Il2CppClass<UnityEngine.Component> + 0xC8] and Int32   e.g. RayfireActivator.OnParticleCollision: 148 CheckNotEqual v77 @ TEMPCSEL_v3 (System.Boolean), [v319 @ X9_v5-8], v192 @ X8_v9
Import :            12 base has no type, from Move from [Il2CppClass<System.Runtime.Serialization.ObjectHolderList> + 0x790]   e.g. RFTriangle.SetTriangles: 85 Move v532 @ X8_v7, [v531 @ X8_v6+B8]
Import :            12 base has no type, from Move from [<Start>d__9 + 0x0]   e.g. <Start>d__9.MoveNext: 326 Move v1093 @ X9_v57, [v944 @ X8_v74+12E]
Import :            11 base has no type, from Move from [Il2CppClass<System.Xml.ValidateNames> + 0x378]   e.g. X509Certificate..cctor: 28 Move v48 @ X8_v4, [v47 @ X8_v3+B8]
Import :            11 Il2CppMethodInfo.0x970   e.g. Block.CheckClear: 90 Move v241 @ X1_v2 (System.Collections.Generic.HashSet`1<System.Int32>), [v74 @ X22_v4 (Il2CppMethodInfo)+970]
Import :            11 Il2CppClass.0x90   e.g. ConvertUtils.ToBigInteger: 86 CheckEqual v121 @ Z_v4 (System.Boolean), [value @ X0 (System.Object)], [v114 @ X8_v14 (Il2CppClass<System.Net.Configuration.SettingsSectionInternal>)+90]
Import :            11 Il2CppMethodInfo.0x9E8   e.g. Level.AssignLocksToSections: -1 Move v531 @ X1_v2, [v69 @ X22_v15 (Il2CppMethodInfo)+9E8]
Import :            11 base has no type, from Move from [Il2CppMethodInfo + 0x308]   e.g. AppRequestResult..ctor: 218 Move v960 @ X8_v47, [v954 @ X8_v45+20]
Import :            11 Il2CppClass.0x408   e.g. JsonSerializerInternalBase.IsErrorHandled: 322 Move v579 @ X8_v35, [v577 @ X8_v33 (Il2CppClass<Facebook.Unity.Windows.IWindowsFacebook>)+408]
Import :            11 Il2CppMethodInfo.0x990   e.g. FluidCompute.RemoveParticles: 137 Move v515 @ X2_v10 (System.Int32), [v466 @ X23_v7 (Il2CppMethodInfo)+990]
Import :            11 base has no type, from Move from [Il2CppClass<System.Net.Configuration.SettingsSectionInternal> + 0x3F8]   e.g. StringPlugin.ScrambledCharsToUse: 61 CheckEqual v61 @ TEMP_v4 (System.Boolean), [v59 @ X0_v2+E0], 0
Import :            11 Il2CppClass.0x330   e.g. JsonWriter.WriteValue: 34 Move v55 @ X1_v2, [v45 @ X8_v3 (Il2CppClass<Newtonsoft.Json.JsonWriter>)+330]
Import :            11 Il2CppClass.0x450   e.g. JArray.IndexOf: 2 Move v3 @ X2_v1, [v0 @ X8_v1 (Il2CppClass<Newtonsoft.Json.Linq.JArray>)+450]
Import :            11 Il2CppMethodInfo.klass   e.g. JsonTypeReflector.GetCreator: 133 CallVoid Func`2<System.Object[], System.Object>..ctor, v178 @ X0_v14 (System.Func`2<System.Object[], System.Object>), v46 @ X0_v3 (System.Object), [v165 @ X21_v5 (Il2CppMethodInfo)+18]
Import :            11 array at 0x0, from Move from the field Collider[]   e.g. RayfireBomb.SetObstacleHash: 136 Call Collider.get_attachedRigidbody, v567 @ X0_v43 (UnityEngine.Rigidbody), [v480 @ X8_v12 (UnityEngine.Collider[])+v108 @ X22_v8 (System.Int32)*8]
Import :            11 base has no type, from Move from [Il2CppClass<UnityEngine.UIElements.EnumFieldHelpers> + 0x458]   e.g. GAState.Init: 89 Move v181 @ X11_v8, [v180 @ X11_v7+B8]
Import :            11 Il2CppClass.0x418   e.g. ReflectionUtils.EnsureNotByRefType: 19 Move v49 @ X2_v1, [v51 @ X8_v1 (Il2CppClass<System.Type>)+418]
Import :            11 Il2CppMethodInfo.0x488   e.g. RFStress.SetSizeMultiplier: -1 Move v491 @ X2_v15 (System.Int32), [v290 @ X23_v10 (Il2CppMethodInfo)+488]
Import :            11 base has no type, from Move from [Il2CppClass<System.ComponentModel.BooleanConverter> + 0x7F8]   e.g. DOTweenComponent.Awake: 54 CheckEqual v177 @ TEMP_v18 (System.Boolean), [v175 @ X0_v51+E0], 0
Import :            11 Il2CppMethodInfo.0xB70   e.g. RFCluster.GetNeibClusterArea: 206 Move v720 @ X8_v34, [v358 @ X28_v11 (Il2CppMethodInfo)+B70]
Import :            11 Il2CppClass.0x3E0   e.g. JsonWriter.WriteValue: 33 Move v54 @ X2_v2, [v45 @ X8_v3 (Il2CppClass<Newtonsoft.Json.JsonWriter>)+3E0]
Import :            11 Il2CppMethodInfo.0xC70   e.g. JsonContract.InvokeOnError: 102 CheckNotEqual v75 @ TEMPCOND_v2 (System.Boolean), [v65 @ X24_v4 (Il2CppMethodInfo)+C70], 1
Import :            11 base has no type, from Add of Vector2[] and Immediate   e.g. RoundedPathMeshCreator.BuildMesh: 1443 Add v1295 @ V0_v75 (System.Single), [v206 @ X26_v10+v2558 @ X9_v75 (System.Int32)], v2587 @ V1_v54 (System.Single)
Import :            11 Il2CppMethodInfo.0xC20   e.g. <>c__DisplayClass11_1.<Create>b__1: 18 Move v94 @ X20_v11, [v20 @ X22_v1 (Il2CppMethodInfo)+C20]
Import :            11 Il2CppMethodInfo.0xB28   e.g. DefaultContractResolver.GetSerializableMembers: 1027 CallVoid Func`2<System.Object, System.Boolean>..ctor, v1536 @ X0_v59, v700 @ X21_v2 (Newtonsoft.Json.Serialization.DefaultContractResolver), [v1586 @ X8_v38 (Il2CppMethodInfo)+B28]
Import :            11 Il2CppClass.0x240   e.g. JsonWriter.WriteToken: 29 Move v50 @ X5_v1, [v48 @ X8_v3 (Il2CppClass<Newtonsoft.Json.JsonWriter>)+240]
Import :            11 Il2CppClass.0x2B0   e.g. JsonWriter.WriteRawValue: 19 Move v24 @ X2_v1, [v22 @ X8_v3 (Il2CppClass<Newtonsoft.Json.JsonWriter>)+2B0]
Import :            10 base has no type, from Move from [Il2CppClass<System.Runtime.Serialization.ObjectHolderList> + 0x648]   e.g. RFLimitations.CreateRoot: 44 Move v96 @ X8_v5, [v141 @ X0_v8+B8]
Import :            10 Il2CppClass.0x3C8   e.g. JsonWriter.WriteValue: 30 Move v51 @ X4_v1, [v50 @ X8_v5 (Il2CppClass<Newtonsoft.Json.JsonWriter>)+3C8]
Import :            10 base has no type, from Move from [Il2CppMethodInfo + 0x388]   e.g. CollectionUtils.ToMultidimensionalArray: 170 Move v354 @ X8_v6, [v353 @ X21_v2+38]
Import :            10 Il2CppClass.0x440   e.g. JsonPosition.WriteTo: 60 Move v100 @ X8_v7, [v65 @ X23_v5 (Il2CppClass<Facebook.Unity.Windows.IWindowsFacebook>)+440]
Import :            10 base has no type, from Move from [Il2CppMethodInfo + 0xB70]   e.g. RFCluster.GetNeibClusterArea: 233 Move v862 @ X8_v36, [v720 @ X8_v34+20]
Import :            10 array at 0x38, from a call's result   e.g. BezierPath.CalculateBoundsWithTransform: 551 Move v785 @ V5_v12 (UnityEngine.Vector3), [v546 @ X0_v15 (UnityEngine.Vector3[])+38]
Import :            10 Il2CppClass.0xA88   e.g. CollectionWrapper`1.System.Collections.IEnumerable.GetEnumerator: 60 Call F7087C, v91 @ X0_v3, v38 @ X19_v2 (System.Collections.Generic.ICollection`1<T>), [v45 @ X8_v3 (Il2CppClass<UnityEngine.UIElements.EnumFieldHelpers>)+A88], 0, v22 @ X3, v23 @ X4, v24 @ X5, v25 @ X6, v26 @ X7, v27 @ V0, v28 @ V1, v29 @ V2, v30 @ V3, v31 @ V4, v32 @ V5, v33 @ V6, v34 @ V7
Import :            10 base has no type, from Add of [Il2CppClass<System.Security.Cryptography.AsymmetricAlgorithm> + 0xC8] and Int32   e.g. PrivateKeyInfo.Encode: 48 CheckEqual v121 @ Z_v7 (System.Boolean), [v115 @ X11_v6-8], v44 @ X10_v3
Import :            10 base has no type, from Move from [Il2CppClass<System.ComponentModel.BooleanConverter> + 0x408]   e.g. CodelessCrawler.onActiveSceneChanged: 24 Add v44 @ X0_v5, [v42 @ X8_v3+B8], 8
Import :            10 Il2CppClass.0x700   e.g. CollectionUtils.GetDimensions: 148 Call F7087C, v479 @ X0_v21, v57 @ X0_v3 (System.Collections.Generic.List`1<System.Int32>), [v72 @ X24_v3 (Il2CppClass<System.Func`1<UnityEngine.UIElements.ValidateCommandEvent>>)+700], 2, v39 @ X3, v40 @ X4, v41 @ X5, v42 @ X6, v43 @ X7, v44 @ V0, v45 @ V1, v46 @ V2, v47 @ V3, v48 @ V4, v49 @ V5, v50 @ V6, v51 @ V7
Import :            10 base has no type, from Move from [Il2CppClass<Facebook.Unity.Windows.IWindowsFacebook> + 0xF68]   e.g. NtlmSettings.get_DefaultAuthLevel: 15 CheckEqual v18 @ TEMP_v7 (System.Boolean), [v37 @ X0_v9+E0], 0
Import :            10 base has no type, from Move from [Il2CppClass<System.Xml.ValidateNames> + 0x4E0]   e.g. XCommentWrapper.get_Text: 27 CheckLess v46 @ C_v2 (System.Boolean), [v43 @ X8_v6 (Il2CppClass<System.Xml.Linq.XComment>)+130], [v42 @ X1_v2+130]
Import :            10 base has no type, from Move from [Il2CppMethodInfo + 0x110]   e.g. JsonSerializerInternalReader.CreateObjectUsingCreatorWithParameters: 517 Move v2904 @ X8_v282, [v2855 @ X8_v280+20]
Import :            10 base has no type, from Move from [Il2CppClass<Facebook.Unity.AsyncRequestString+<Start>d__9> + 0x840]   e.g. BinderWrapper.GetMember: 116 Move v311 @ X8_v16, [v310 @ X8_v15+B8]
Import :            10 base has no type, from Move from [Il2CppClass<System.ComponentModel.BooleanConverter> + 0x7B8]   e.g. ConvertUtils.TryConvertInternal: 755 Move v1211 @ X8_v84, [v235 @ X0_v154+B8]
Import :            10 base has no type, from Move from [Il2CppClass<System.Runtime.Serialization.ObjectHolderList> + 0x588]   e.g. RFActivationEvent.add_GlobalEvent: 28 Move v48 @ X8_v4, [v47 @ X8_v3+B8]
Import :            10 base has no type, from Move from [Il2CppClass<Facebook.Unity.Windows.IWindowsFacebook> + 0x9F8]   e.g. RFActivation.ActivateRigid: 105 CheckLess v475 @ C_v9 (System.Boolean), [v472 @ X10_v8 (Il2CppClass<UnityEngine.Collider>)+130], [v471 @ X9_v17+130]
Import :            10 Il2CppClass.0x2C8   e.g. ReflectionUtils.GetFullyQualifiedTypeName: 71 Move v100 @ X2_v1, [v99 @ X8_v3 (Il2CppClass<System.Type>)+2C8]
Import :            10 base has no type, from Move from [Il2CppClass<Facebook.Unity.Windows.IWindowsFacebook> + 0x498]   e.g. JsonSerializerSettings.get_Context: 46 Move v70 @ X8_v5, [v78 @ X0_v3+B8]
Import :            10 base has no type, from Move from [Il2CppClass<Facebook.Unity.Windows.IWindowsFacebook> + 0x438]   e.g. JsonSerializerInternalReader.Populate: 388 CheckLess v715 @ C_v18 (System.Boolean), [v322 @ X8_v23 (Il2CppClass<Newtonsoft.Json.Serialization.JsonArrayContract>)+130], [v311 @ X1_v25+130]
Import :            10 Il2CppClass.0x2A8   e.g. JsonWriter.WriteRawValue: 18 Move v23 @ X3_v1, [v22 @ X8_v3 (Il2CppClass<Newtonsoft.Json.JsonWriter>)+2A8]
Import :            10 byref at 0xC, from no definition   e.g. MathUtility.ConstrainPosRot: 38 MakeStruct v54 @ AGG1E45A8C_0_v2 (UnityEngine.Quaternion), typeof(UnityEngine.Quaternion), [rot @ X1 (UnityEngine.Quaternion&)], [rot @ X1 (UnityEngine.Quaternion&)+4], [rot @ X1 (UnityEngine.Quaternion&)+8], [rot @ X1 (UnityEngine.Quaternion&)+C]
Import :            10 Il2CppClass.0x260   e.g. DefaultContractResolver..ctor: 63 CallVoid Func`2<System.Object, System.Object>..ctor, v76 @ X0_v9 (System.Func`2<System.Object, System.Object>), this @ X0 (Newtonsoft.Json.Serialization.DefaultContractResolver), [v78 @ X8_v5 (Il2CppClass<Newtonsoft.Json.Serialization.DefaultContractResolver>)+260]
Import :            10 base has no type, from Move from [Il2CppClass<UnityEngine.UIElements.EnumFieldHelpers> + 0x218]   e.g. FacebookBase.API: 269 Move v402 @ X8_v20, [v401 @ X8_v19+B8]
Import :            10 Il2CppClass.0x530   e.g. KeyValuePairConverter.WriteJson: 42 Move v68 @ X0_v7, [v57 @ X22_v5 (Il2CppClass<Facebook.Unity.Windows.IWindowsFacebook>)+530]
Import :            10 base has no type, from Move from [Il2CppClass<System.Xml.ValidateNames> + 0x5D8]   e.g. XTextWrapper.get_Text: 27 CheckLess v46 @ C_v2 (System.Boolean), [v43 @ X8_v6 (Il2CppClass<System.Xml.Linq.XText>)+130], [v42 @ X1_v2+130]
Import :            10 Il2CppMethodInfo.0xB88   e.g. RFCluster.GetNeibClusterArea: -1 Move v377 @ X2_v18 (Il2CppMethodInfo), [v356 @ X27_v11 (Il2CppMethodInfo)+B88]
Import :            10 base has no type, from Add of [Il2CppClass<UnityEngine.Object> + 0xC8] and Int32   e.g. ApplicationManager.get_appData: 106 CheckNotEqual v189 @ TEMPCSEL_v5 (System.Boolean), [v178 @ X10_v12-8], v157 @ X8_v13
Import :            10 base has no type, from Add of String and Int32   e.g. TweenerCore`3.ApplyTween: 498 CheckEqual v977 @ TEMP_v90 (System.Boolean), [v980 @ X8_v93+20], 0
Import :            10 base has no type, from Move from [Il2CppClass<System.Net.Configuration.SettingsSectionInternal> + 0x9C8]   e.g. DateTimeUtils.WriteDateTimeString: 296 Move v90 @ X8_v28 (Il2CppClass<System.ComponentModel.BooleanConverter>), [v184 @ X0_v64+E0]
Import :            10 Il2CppMethodInfo.0x878   e.g. RayfireCluster.GetShardsBound: 126 Move v331 @ X8_v46, [v233 @ X25_v13 (Il2CppMethodInfo)+878]
Import :            10 byref at 0x10, from no definition   e.g. RFShatter.DetachMesh: 170 ShiftLeft v194 @ TEMPSHIFT_v3 (System.Int32), [out_mesh_data @ X1 (safeMeshData&)+10], 1
Import :             9 Il2CppClass.0x448   e.g. JsonPrimitiveContract..ctor: 49 Move v72 @ X0_v8, [v46 @ X21_v2 (Il2CppClass<Facebook.Unity.Windows.IWindowsFacebook>)+448]
Import :             9 Il2CppMethodInfo.0x988   e.g. RFStress.GetPathAstar: 350 Move v685 @ X1_v12 (System.Int32), [v1391 @ X8_v68 (Il2CppMethodInfo)+988]
Import :             9 Il2CppClass.0x6D0   e.g. DynamicProxyMetaObject`1.BuildCallMethodWithResult: 151 Call F7087C, v471 @ X0_v23, v107 @ X0_v11 (System.Collections.Generic.IEnumerable`1<System.Linq.Expressions.Expression>), [v343 @ X22_v8 (Il2CppClass<System.Func`1<UnityEngine.UIElements.ValidateCommandEvent>>)+6D0], 2, args @ X3 (System.Collections.Generic.IEnumerable`1<System.Linq.Expressions.Expression>), fallbackResult @ X4 (System.Dynamic.DynamicMetaObject), fallbackInvoke @ X5 (Newtonsoft.Json.Utilities.DynamicProxyMetaObject`1<T>+Fallback<T>), methodInfo @ X6 (Il2CppMethodInfo), v52 @ X7, v53 @ V0, v54 @ V1, v55 @ V2, v56 @ V3, v57 @ V4, v58 @ V5, v59 @ V6, v60 @ V7
Import :             9 base has no type, from Move from [Il2CppClass<System.Runtime.Serialization.ObjectHolderList> + 0x878]   e.g. RayfireGun.Shoot: 97 CheckEqual v533 @ TEMP_v10 (System.Boolean), [v531 @ X0_v11+E0], 0
Import :             9 Il2CppClass.0x428   e.g. JsonConvert.SerializeObjectInternal: 61 Move v62 @ X0_v3 (System.Text.StringBuilder), [v57 @ X26_v1 (Il2CppClass<System.Net.Configuration.SettingsSectionInternal>)+428]
Import :             9 Il2CppMethodInfo.0x788   e.g. RFCombineMesh.GetMeshTransMatLists: 238 Move v606 @ X8_v30, [v604 @ X8_v28 (Il2CppMethodInfo)+788]
Import :             9 Il2CppClass.0x740   e.g. ReflectionUtils.GetChildPrivateProperties: 273 Move v759 @ X1_v59, [v682 @ X8_v26 (Il2CppClass<System.Func`1<UnityEngine.UIElements.ValidateCommandEvent>>)+740]
Import :             9 base has no type, from Move from [Il2CppMethodInfo + 0xBA0]   e.g. RFFragment.Compute: 362 Move v638 @ X8_v18 (System.String), [v152 @ X9_v26+20]
Import :             9 base has no type, from Move from [Il2CppClass<Facebook.Unity.Windows.IWindowsFacebook> + 0xA30]   e.g. MessageBase.PrepareMessage: 41 Move v65 @ X8_v4, [v63 @ X0_v5+B8]
Import :             9 base has no type, from Move from [Il2CppClass<Facebook.Unity.AsyncRequestString+<Start>d__9> + 0xB18]   e.g. <>c..cctor: 25 Move v44 @ X8_v4, [v43 @ X8_v3+B8]
Import :             9 Il2CppClass.0x370   e.g. JsonConvert.SerializeObjectInternal: 100 Move v225 @ X4_v4, [v178 @ X8_v18 (Il2CppClass<Newtonsoft.Json.JsonSerializer>)+370]
Import :             9 base has no type, from Move from [Il2CppClass<System.Runtime.Serialization.ObjectHolderList> + 0x1E8]   e.g. Path.AssignDecoder: 47 Move v69 @ X8_v21, [v68 @ X8_v20+B8]
Import :             9 array at 0x24, from Move from the field Vector3[]   e.g. PathPlugin.SetChangeValue: 209 MakeStruct v661 @ AGG104A33C_0_v9 (UnityEngine.Vector3), typeof(UnityEngine.Vector3), [v356 @ X8_v40 (UnityEngine.Vector3[])+20], [v356 @ X8_v40 (UnityEngine.Vector3[])+24], [v356 @ X8_v40 (UnityEngine.Vector3[])+28]
Import :             9 Il2CppClass.0xF78   e.g. DynamicProxyMetaObject`1..ctor: 23 Move v52 @ X0_v18, [v28 @ X23_v1 (Il2CppClass<CollectParticleData[]>)+F78]
Import :             9 base has no type, from Move from [JContainer + 0x0]   e.g. JContainer..ctor: 205 Move v755 @ X9_v21, [v688 @ X8_v35+12E]
Import :             9 Il2CppMethodInfo.0x5B8   e.g. GameManager.Update: 246 Move v132 @ X2_v8, [v665 @ X8_v57 (Il2CppMethodInfo)+5B8]
Import :             9 base has no type, from Move from [Il2CppClass<Facebook.Unity.AsyncRequestString+<Start>d__9> + 0xCA8]   e.g. <>c..cctor: 25 Move v44 @ X8_v4, [v43 @ X8_v3+B8]
Import :             9 base has no type, from Add of [Il2CppClass<Mono.Security.X509.X509Certificate> + 0xC8] and Int32   e.g. PKCS12.GetBytes: 1828 CheckEqual v4224 @ Z_v126 (System.Boolean), [v4277 @ X9_v172-8], v866 @ X1_v262 (System.String)
Import :             9 Il2CppClass.0x438   e.g. JsonSerializerInternalReader.Populate: 384 Move v311 @ X1_v25, [v713 @ X8_v21 (Il2CppClass<Facebook.Unity.Windows.IWindowsFacebook>)+438]
Import :             9 base has no type, from Add of [Il2CppClass<Newtonsoft.Json.Serialization.IContractResolver> + 0xC8] and Int32   e.g. JsonSerializer.SetupReader: 483 CheckNotEqual v799 @ TEMPCOND_v10 (System.Boolean), [v914 @ X10_v9-8], v835 @ X9_v11
Import :             9 array at 0x38, from no definition   e.g. CubicBezierUtility.EvaluateCurve: 104 Multiply v112 @ V3_v3 (System.Single), [points @ X0 (UnityEngine.Vector3[])+38], v184 @ V4.S0
Import :             9 Il2CppClass.0xE48   e.g. JsonSerializerInternalWriter.SerializeISerializable: 240 Call F7087C, v523 @ X0_v9, v272 @ X20_v3 (System.Runtime.Serialization.ISerializable), [v454 @ X9_v3 (Il2CppClass<UnityEngine.UIElements.EnumFieldHelpers>)+E48], 0, 0, v276 @ X23_v3 (Newtonsoft.Json.Serialization.JsonProperty), collectionContract @ X5 (Newtonsoft.Json.Serialization.JsonContainerContract), v531 @ X6_v6 (Newtonsoft.Json.Serialization.JsonProperty), methodInfo @ X7 (Il2CppMethodInfo), v53 @ V0, v54 @ V1, v55 @ V2, v56 @ V3, v57 @ V4, v58 @ V5, v59 @ V6, v60 @ V7
Import :             9 Il2CppMethodInfo.0xC58   e.g. JsonContract.InvokeOnSerializing: 96 CheckNotEqual v70 @ TEMPCOND_v2 (System.Boolean), [v60 @ X23_v4 (Il2CppMethodInfo)+C58], 1
Import :             9 base has no type, from Move from [Il2CppClass<TMPro.KerningTable+<>c__DisplayClass3_0> + 0x158]   e.g. Level.AssignLocksToSections: 196 CheckEqual v711 @ TEMP_v14 (System.Boolean), [v709 @ X0_v24+E0], 0
Import :             9 base has no type, from Move from [Il2CppClass<Facebook.Unity.AsyncRequestString+<Start>d__9> + 0xE48]   e.g. <>c..cctor: 25 Move v44 @ X8_v4, [v43 @ X8_v3+B8]
Import :             9 Il2CppMethodInfo.0xEC8   e.g. JsonSerializer.SetupReader: 198 Move v172 @ X2_v19 (System.Globalization.CultureInfo&), [v372 @ X8_v51 (Il2CppMethodInfo)+EC8]
Import :             9 base has no type, from Move from [Il2CppClass<Facebook.Unity.AsyncRequestString+<Start>d__9> + 0xFC8]   e.g. <>c..cctor: 25 Move v44 @ X8_v4, [v43 @ X8_v3+B8]
Import :             9 Il2CppClass.0xA78   e.g. GetTournamentsResult..ctor: 158 CallVoid List`1<System.Object>.AddWithResize, [v434 @ X27_v9 (Il2CppClass<System.Net.Configuration.SettingsSectionInternal>)+A78], v850 @ X0_v54 (Facebook.Unity.TournamentResult)
Import :             9 base has no type, from Move from [IList`1<Facebook.Unity.Product> + 0x0]   e.g. Utilities.ParseCatalogFromResult: 166 Move v730 @ X9_v42, [v678 @ X8_v30+12E]
Import :             9 base has no type, from Move from [IList`1<Facebook.Unity.SubscribableProduct> + 0x0]   e.g. Utilities.ParseSubscribableCatalogFromResult: 166 Move v730 @ X9_v42, [v678 @ X8_v30+12E]
Import :             9 Il2CppClass.0x710   e.g. JsonSerializer.ApplySerializerSettings: 147 Call F7087C, v631 @ X0_v141, v243 @ X22_v7 (System.Collections.Generic.IList`1<Newtonsoft.Json.JsonConverter>), [v512 @ X24_v4 (Il2CppClass<System.Func`1<UnityEngine.UIElements.ValidateCommandEvent>>)+710], 0, v78 @ X3_v3, v36 @ X4, v37 @ X5, v38 @ X6, v39 @ X7, v40 @ V0, v41 @ V1, v42 @ V2, v43 @ V3, v44 @ V4, v45 @ V5, v46 @ V6, v47 @ V7
Import :             9 Il2CppClass.0xD30   e.g. PKCS12.get_Keys: 186 Move v370 @ X1_v10 (Il2CppMethodInfo), [v440 @ X27_v9 (Il2CppClass<System.Runtime.Serialization.ObjectHolderList>)+D30]
Import :             9 base has no type, from Move from [Il2CppClass<Sponge+<>c__DisplayClass7_0> + 0x450]   e.g. <>c..cctor: 25 Move v44 @ X8_v4, [v43 @ X8_v3+B8]
Import :             8 Il2CppClass.0x4F0   e.g. XDocumentWrapper.get_HasChildNodes: 23 Move v42 @ X1_v2, [v40 @ X8_v4 (Il2CppClass<System.Xml.ValidateNames>)+4F0]
Import :             8 Il2CppClass.0xF68   e.g. NtlmSettings.get_DefaultAuthLevel: 13 Move v37 @ X0_v9, [v12 @ X19_v1 (Il2CppClass<Facebook.Unity.Windows.IWindowsFacebook>)+F68]
Import :             8 Il2CppClass.0x808   e.g. JsonTextReader.ReadAsInt32: 49 Call F3F378, v88 @ X0_v6, v51 @ X0_v3 (System.Object), [v20 @ X21_v1 (Il2CppClass<System.Collections.Generic.List`1<UnityEngine.UIElements.StyleSheets.Syntax.Expression>>)+808], &v47 @ stack_-50, v30 @ X3, v31 @ X4, v32 @ X5, v33 @ X6, v34 @ X7, v35 @ V0, v36 @ V1, v37 @ V2, v38 @ V3, v39 @ V4, v40 @ V5, v41 @ V6, v42 @ V7
Import :             8 base has no type, from Move from [Il2CppClass<System.Runtime.Serialization.ObjectHolderList> + 0x580]   e.g. <InactiveCor>d__24.MoveNext: 309 CheckEqual v927 @ TEMP_v109 (System.Boolean), [v926 @ X0_v85+E0], 0
Import :             8 Il2CppClass.0x5E0   e.g. RFDemolitionEvent.add_GlobalEvent: 31 Move v81 @ X9_v5, [v18 @ X21_v1 (Il2CppClass<System.Runtime.Serialization.ObjectHolderList>)+5E0]
Import :             8 Il2CppClass.0x878   e.g. RayfireGun.Shoot: 95 Move v531 @ X0_v11, [v530 @ X21_v6 (Il2CppClass<System.Runtime.Serialization.ObjectHolderList>)+878]
Import :             8 base has no type, from Move from [Il2CppClass<UnityEngine.UIElements.EnumFieldHelpers> + 0x9F0]   e.g. X509Chain.Build: 86 CheckLess v431 @ C_v65 (System.Boolean), [v428 @ X8_v66 (Il2CppClass<Mono.Security.X509.X509Certificate>)+130], [v857 @ X1_v13+130]
Import :             8 Il2CppClass.0x580   e.g. <InactiveCor>d__24.MoveNext: 307 Move v926 @ X0_v85, [v819 @ X24_v8 (Il2CppClass<System.Runtime.Serialization.ObjectHolderList>)+580]
Import :             8 Il2CppClass.0x7C0   e.g. JsonPropertyCollection.TryGetProperty: 63 Call F7087C, v186 @ X0_v5, this.dict (System.Collections.Generic.Dictionary`2<System.String, Newtonsoft.Json.Serialization.JsonProperty>), [v49 @ X8_v3 (Il2CppClass<System.Func`1<UnityEngine.UIElements.ValidateCommandEvent>>)+7C0], 7, methodInfo @ X3 (Il2CppMethodInfo), v29 @ X4, v30 @ X5, v31 @ X6, v32 @ X7, v33 @ V0, v34 @ V1, v35 @ V2, v36 @ V3, v37 @ V4, v38 @ V5, v39 @ V6, v40 @ V7
Import :             8 base has no type, from Move from AddressOf(stack_-130, CombineInstance)   e.g. CombineInstanceEx.Clear: 99 Move [v24 @ X22_v1+40], [v330 @ X0_v13 (UnityEngine.CombineInstance)+40]
Import :             8 Il2CppClass.0xCC0   e.g. JObject.System.ComponentModel.ICustomTypeDescriptor.GetAttributes: 13 Move v37 @ X0_v9, [v12 @ X19_v1 (Il2CppClass<CollectParticleData[]>)+CC0]
Import :             8 Il2CppClass.0x258   e.g. JToken.System.Dynamic.IDynamicMetaObjectProvider.GetMetaObject: 1 Move v2 @ X3_v1, [v0 @ X8_v1 (Il2CppClass<Newtonsoft.Json.Linq.JToken>)+258]
Import :             8 base has no type, from Move from [ArgumentNullException + 0x0]   e.g. JObject.System.Collections.Generic.ICollection<System.Collections.Generic.KeyValuePair<System.String,Newtonsoft.Json.Linq.JToken>>.CopyTo: 220 Move v1028 @ X9_v29, [v965 @ X8_v39+12E]
Import :             8 Il2CppClass.0x560   e.g. GameplayScreen.OnUserMove: 62 Move v116 @ X2_v3, [v151 @ X8_v6 (Il2CppClass<TMPro.TextMeshProUGUI>)+560]
Import :             8 Il2CppClass.0x5C0   e.g. ConvertUtils.TryConvertInternal: 725 Call Type.GetTypeFromHandle, v1193 @ X0_v67 (System.Type), [v1177 @ X8_v36 (Il2CppClass<System.Collections.Generic.NullableComparer`1>)+5C0]
Import :             8 Il2CppClass.0x270   e.g. JsonSerializer.ApplySerializerSettings: 484 Move v102 @ X2_v19 (Il2CppMethodInfo), [v784 @ X8_v97 (Il2CppClass<Newtonsoft.Json.JsonSerializer>)+270]
Import :             8 base has no type, from Move from [Il2CppClass<System.Runtime.Serialization.ObjectHolderList> + 0xD30]   e.g. PKCS12.GetBytes: 3140 CheckLess v5896 @ C_v57 (System.Boolean), [v947 @ X8_v210+130], [v941 @ X1_v144+130]
Import :             8 Il2CppMethodInfo.0xAB0   e.g. ReflectionObject.Create: 140 Move v454 @ X1_v63, [v452 @ X8_v89 (Il2CppMethodInfo)+AB0]
Import :             8 base has no type, from Add of [Il2CppClass<System.Xml.Linq.XElement> + 0xC8] and Int32   e.g. XElementWrapper.get_Element: 51 CheckNotEqual v60 @ TEMPCOND_v4 (System.Boolean), [v98 @ X8_v9-8], v42 @ X1_v2
Import :             8 Il2CppClass.0xD60   e.g. ConvertUtils.ToBigInteger: 151 CheckEqual v249 @ Z_v9 (System.Boolean), [value @ X0 (System.Object)], [v390 @ X8_v29 (Il2CppClass<System.Net.Configuration.SettingsSectionInternal>)+D60]
Import :             8 Il2CppMethodInfo.0x900   e.g. JsonSerializer.ApplySerializerSettings: 248 Move v78 @ X3_v3, [v514 @ X26_v4 (Il2CppMethodInfo)+900]
Import :             8 Il2CppClass.0xB48   e.g. <ExecuteLoadScene>d__12.MoveNext: 120 Move v206 @ X8_v9, [v204 @ X8_v7 (Il2CppClass<CollectParticleData[]>)+B48]
Import :             8 base has no type, from Move from [Object + 0x60]   e.g. RayfireBomb.SetProjectiles: 492 CheckEqual v979 @ TEMP_v39 (System.Boolean), [v494 @ X8_v43+100], 0
Import :             8 base has no type, from Move from [Il2CppClass<System.ComponentModel.BooleanConverter> + 0x800]   e.g. PrivateKeyInfo.Encode: 58 CheckLess v137 @ C_v6 (System.Boolean), [v45 @ X8_v8 (Il2CppClass<System.Security.Cryptography.AsymmetricAlgorithm>)+130], [v108 @ X10_v6+130]
Import :             8 Il2CppClass.0x850   e.g. <>c..cctor: 20 Newobj v40 @ X0_v3 (System.Object), [v12 @ X20_v1 (Il2CppClass<Facebook.Unity.AsyncRequestString+<Start>d__9>)+850]
Import :             8 Il2CppClass.0x7A8   e.g. XmlNodeConverter.ReadJson: 135 Call Type.GetTypeFromHandle, v216 @ X0_v31 (System.Type), [v589 @ X24_v8 (Il2CppClass<System.Collections.Generic.NullableComparer`1>)+7A8]
Import :             8 base has no type, from Move from [Il2CppClass<System.Linq.Expressions.Interpreter.CastInstruction+CastInstructionT`1<System.Char>> + 0x5E8]   e.g. FBWindowsTournamentsManager.ConvertDataToDict: 148 CheckLess v449 @ C_v8 (System.Boolean), [v448 @ X9_v16 (Il2CppClass<System.Object>)+130], [v354 @ X8_v33+130]
Import :             8 Il2CppClass.0xFB0   e.g. JsonSerializerInternalReader.SetPropertyValue: 143 Call F7087C, v703 @ X0_v65, v433 @ X24_v14 (Newtonsoft.Json.Serialization.IValueProvider), [v530 @ X8_v55 (Il2CppClass<UnityEngine.UIElements.EnumFieldHelpers>)+FB0], 1, containerContract @ X3 (Newtonsoft.Json.Serialization.JsonContainerContract), containerProperty @ X4 (Newtonsoft.Json.Serialization.JsonProperty), reader @ X5 (Newtonsoft.Json.JsonReader), target @ X6 (System.Object), &v76 @ stack_-59_v2 (System.Boolean), v45 @ V0, v46 @ V1, v47 @ V2, v48 @ V3, v49 @ V4, v50 @ V5, v51 @ V6, v52 @ V7
Import :             8 Il2CppClass.0x2C0   e.g. DefaultContractResolver.CreateObjectContract: 201 Move v434 @ X2_v7 (System.IntPtr), [v381 @ X8_v50 (Il2CppClass<Newtonsoft.Json.Serialization.DefaultContractResolver>)+2C0]
Import :             8 base has no type, from Move from [IEnumerable`1<System.Object> + 0x10]   e.g. ReflectionUtils.GetFieldsAndProperties: 666 CheckLess v1543 @ C_v35 (System.Boolean), [v1069 @ X0_v46 (System.Collections.Generic.IEnumerable`1<System.Object>)+18], [v521 @ X9_v38+18]
Import :             8 base has no type, from Move from [Il2CppClass<CollectParticleData[]> + 0xB48]   e.g. <ExecuteLoadScene>d__12.MoveNext: 121 Move v207 @ X8_v10, [v206 @ X8_v9+B8]
Import :             8 Il2CppClass.0x4E0   e.g. JArray.CopyTo: 2 Move v3 @ X3_v1, [v0 @ X8_v1 (Il2CppClass<Newtonsoft.Json.Linq.JArray>)+4E0]
Import :             8 Il2CppClass.0x558   e.g. GameplayScreen.UpdateMoveCounter: 60 Move v100 @ X3_v1, [v109 @ X8_v5 (Il2CppClass<TMPro.TextMeshProUGUI>)+558]
Import :             8 Il2CppMethodInfo.0x110   e.g. ConvertUtils.TryConvertInternal: 925 Move v331 @ X2_v4 (System.UriKind), [v1324 @ X8_v50 (Il2CppMethodInfo)+110]
Import :             8 Il2CppClass.0x4A8   e.g. JsonSerializer.SetupReader: 402 Move v760 @ X8_v11, [v758 @ X8_v9 (Il2CppClass<Facebook.Unity.Windows.IWindowsFacebook>)+4A8]
Import :             8 Il2CppClass.0x988   e.g. RFShotEvent.add_GlobalEvent: 60 CheckEqual v101 @ Z_v3 (System.Boolean), [v94 @ X0_v4 (System.Delegate)], [v45 @ X22_v1 (Il2CppClass<TMPro.KerningTable+<>c__DisplayClass3_0>)+988]
Import :             8 array at 0x34, from no definition   e.g. RFCluster.GetBoundsBound: 36 Subtract v122 @ V3_v2, [bounds @ X0 (UnityEngine.Bounds[])+28], [bounds @ X0 (UnityEngine.Bounds[])+34]
Import :             8 base has no type, from Move from [Il2CppClass<System.Xml.ValidateNames> + 0x440]   e.g. X509Chain.IsParent: 129 CheckLess v317 @ C_v9 (System.Boolean), [v182 @ X8_v20 (Il2CppClass<Mono.Security.X509.X509Extension>)+130], [v175 @ X1_v13+130]
Import :             8 base has no type, from Move from [JsonSerializerInternalReader + 0xB8]   e.g. JsonSerializerInternalReader.PopulateObject: 127 Move v318 @ X25_v42 (System.Func`2<System.Object, System.Object>), [v370 @ X8_v181+18]
Import :             8 static field storage at 0x8   e.g. <>c__DisplayClass55_0`2.<BuildMapCreator>b__0: 52 Move v75 @ X22_v7 (System.Func`2<System.Collections.Generic.KeyValuePair`2<TKey, TValue>, System.Tuple`2<TKey, TValue>>), [v185 @ X8_v19 (Il2CppStaticFields<Newtonsoft.Json.Utilities.FSharpUtils+<>c__55`2<TKey, TValue>>)+8]
Import :             8 Il2CppClass.0x848   e.g. ReflectionObject.Create: 161 Move v71 @ X0_v5 (Newtonsoft.Json.Utilities.ReflectionDelegateFactory), [v644 @ X8_v94 (Il2CppClass<System.Collections.Generic.List`1<UnityEngine.UIElements.StyleSheets.Syntax.Expression>>)+848]
Import :             8 Il2CppMethodInfo.0x320   e.g. XmlNodeWrapper.get_ChildNodes: 253 Move v745 @ X8_v39, [v393 @ X23_v10 (Il2CppMethodInfo)+320]
Import :             8 Il2CppMethodInfo.0x130   e.g. <GetEnumerator>d__64.MoveNext: 229 CheckLess v525 @ C_v13 (System.Boolean), [v524 @ X8_v30+130], [v125 @ X1_v13 (Il2CppMethodInfo)+130]
Import :             8 base has no type, from Move from [Il2CppClass<System.Collections.Generic.List`1<UnityEngine.UIElements.StyleSheets.Syntax.Expression>> + 0xCC0]   e.g. TweenExtensions.GotoWaypoint: 161 CheckLess v96 @ C_v6 (System.Boolean), [v93 @ X9_v2+130], [v92 @ X8_v24+130]
Import :             8 Il2CppMethodInfo.0xB78   e.g. RayfireCluster.ConnectivityCheck: 828 Move v290 @ X2_v24 (Il2CppMethodInfo), [v1170 @ X8_v67 (Il2CppMethodInfo)+B78]
Import :             8 Il2CppClass.0x4A0   e.g. JArray.set_Item: 2 Move v3 @ X3_v1, [v0 @ X8_v1 (Il2CppClass<Newtonsoft.Json.Linq.JArray>)+4A0]
Import :             8 base has no type, from Move from [Il2CppClass<System.Runtime.Serialization.ObjectHolderList> + 0x7B8]   e.g. PrivateKeyInfo.Encode: 29 CheckLess v48 @ C_v3 (System.Boolean), [v45 @ X8_v8 (Il2CppClass<System.Security.Cryptography.AsymmetricAlgorithm>)+130], [v44 @ X10_v3+130]
Import :             8 base has no type, from Move from [Il2CppClass<System.ComponentModel.BooleanConverter> + 0xFD8]   e.g. EntityKeyMemberConverter.WriteJson: 80 Move v177 @ X8_v31, [v357 @ X8_v30+B8]
Import :             8 Il2CppClass.0x828   e.g. TypeExtensions.BaseType: 7 Move v9 @ X2_v1, [v8 @ X8_v1 (Il2CppClass<System.Type>)+828]
Import :             8 base has no type, from Move from [Il2CppMethodInfo + 0x758]   e.g. DefaultContractResolver.GetSerializableMembers: 355 Move v1719 @ X8_v141, [v1640 @ X8_v139+20]
Import :             8 base has no type, from Move from [Object + 0x38]   e.g. RayfireActivator.RigidListActivationCheck: 104 CheckEqual v299 @ TEMP_v17 (System.Boolean), [v132 @ X8_v11+20], 0
Import :             8 Il2CppClass.0x9A8   e.g. DateTimeUtils.TryParseMicrosoftDate: 131 Move v225 @ X0_v26, [v296 @ X19_v7 (Il2CppClass<System.Net.Configuration.SettingsSectionInternal>)+9A8]
Import :             8 Il2CppClass.0x738   e.g. PurchasePage.<LoadProducts>b__11_0: 313 Call F7087C, v569 @ X0_v20 (System.Object), v569 @ X0_v20 (System.Object), [v965 @ X8_v29 (Il2CppClass<System.Func`1<UnityEngine.UIElements.ValidateCommandEvent>>)+738], 0, v623 @ X3_v6 (Facebook.Unity.Product), v40 @ X4, v41 @ X5, v42 @ X6, v43 @ X7, v44 @ V0, v45 @ V1, v46 @ V2, v47 @ V3, v48 @ V4, v49 @ V5, v50 @ V6, v51 @ V7
Import :             8 Il2CppMethodInfo.0x758   e.g. DefaultContractResolver.GetSerializableMembers: 497 Move v1640 @ X8_v139, [v715 @ X24_v24 (Il2CppMethodInfo)+758]
Import :             8 base has no type, from Move from [Il2CppClass<System.Xml.ValidateNames> + 0x5B8]   e.g. XProcessingInstructionWrapper.get_ProcessingInstruction: 27 CheckLess v46 @ C_v2 (System.Boolean), [v43 @ X8_v6 (Il2CppClass<System.Xml.Linq.XProcessingInstruction>)+130], [v42 @ X1_v2+130]
Import :             7 Il2CppMethodInfo.0xA28   e.g. RFDemolitionCluster.ClusterizeDetachShards: 268 Move v124 @ X2_v11, [v693 @ X8_v28 (Il2CppMethodInfo)+A28]
Import :             7 Il2CppClass.0x8B0   e.g. <>c..cctor: 20 Newobj v40 @ X0_v3 (System.Object), [v12 @ X20_v1 (Il2CppClass<Facebook.Unity.AsyncRequestString+<Start>d__9>)+8B0]
Import :             7 Il2CppClass.0x340   e.g. JsonWriter.WriteValue: 39 Move v60 @ X2_v2, [v58 @ X8_v4 (Il2CppClass<Newtonsoft.Json.JsonWriter>)+340]
Import :             7 Il2CppMethodInfo.0xA88   e.g. XmlNodeConverter.ReadAttributeElements: 205 Move v261 @ X3_v5 (Il2CppMethodInfo), [v618 @ X8_v63 (Il2CppMethodInfo)+A88]
Import :             7 Il2CppMethodInfo.0x918   e.g. JsonSerializerInternalReader.CreateObjectUsingCreatorWithParameters: 1169 Call 1AF1C04, v2472 @ X0_v234, v2467 @ X0_v233 (Newtonsoft.Json.Serialization.JsonPropertyCollection), v1032 @ X23_v35 (Newtonsoft.Json.Serialization.JsonProperty), [v2471 @ X8_v216 (Il2CppMethodInfo)+918]
Import :             7 Il2CppMethodInfo.0xAC0   e.g. FSharpUtils..ctor: 280 Move v408 @ X1_v26, [v406 @ X25_v6 (Il2CppMethodInfo)+AC0]
Import :             7 base has no type, from Move from [NullReferenceException + 0xB8]   e.g. Sequence.Setup: 24 Move s.autoKill (System.Boolean), [v61 @ X8_v17+48]
Import :             7 base has no type, from Add of CollectParticleData[] and Int32   e.g. FluidCollectDisplay.FixedUpdate: 301 Add v309 @ V0_v9 (System.Single), [v329 @ X28_v9-8], v569 @ V0_v8 (System.Single)
Import :             7 base has no type, from Add of Single[] and Immediate   e.g. DOTween.ToArray: 154 Move [v332 @ X12_v6+v328 @ X15_v11 (System.Int32)], [v330 @ X13_v6+v328 @ X15_v11 (System.Int32)]
Import :             7 Il2CppClass.0x8D0   e.g. DefaultSerializationBinder.GetGenericTypeFromTypeName: 405 Move v278 @ X2_v9, [v287 @ X8_v15 (Il2CppClass<System.Type>)+8D0]
Import :             7 base has no type, from Move from [Int32 + 0x20]   e.g. DiscriminatedUnionConverter.ReadJson: 336 CheckEqual v932 @ TEMP_v27 (System.Boolean), [v127 @ X25_v13+18], 0
Import :             7 byref at 0x14, from no definition   e.g. RFShatter.DetachMesh: 222 ShiftLeft v242 @ TEMPSHIFT_v7 (System.Int32), [out_mesh_data @ X1 (safeMeshData&)+14], 1
Import :             7 Il2CppMethodInfo.0xEA0   e.g. <VelocityActivationCor>d__59.MoveNext: 159 Move v204 @ X2_v1, [v313 @ X27_v2 (Il2CppMethodInfo)+EA0]
Import :             7 Il2CppMethodInfo.0x4C0   e.g. DOTweenModuleUI.DOPivot: 92 CallVoid DOSetter`1<UnityEngine.Vector2>..ctor, v168 @ X0_v10 (DG.Tweening.Core.DOSetter`1<UnityEngine.Vector2>), v69 @ X0_v3 (System.Object), [v88 @ X26_v1 (Il2CppMethodInfo)+4C0]
Import :             7 base has no type, from Move from [Il2CppClass<System.ComponentModel.BooleanConverter> + 0x2D8]   e.g. ChallengeResponse2.Compute_LM: 100 Move v318 @ X8_v34, [v317 @ X8_v33+B8]
Import :             7 byref at 0x8, from Move from Decimal&   e.g. ConvertUtils.DecimalTryParse: 1076 Move [v1580 @ X23_v8 (System.Decimal&)+8], [v1580 @ X23_v8 (System.Decimal&)+8]
Import :             7 byref at 0x20, from no definition   e.g. RFShatter.DetachMesh: 262 Add v1706 @ X11_v45, [in_mesh_data @ X2 (safeMeshData&)+20], v1705 @ TEMPSHIFT_v83 (System.Int32)
Import :             7 Il2CppClass.0x748   e.g. RFShotEvent.add_GlobalEvent: 31 Move v81 @ X9_v5, [v18 @ X21_v1 (Il2CppClass<System.Runtime.Serialization.ObjectHolderList>)+748]
Import :             7 Il2CppClass.0xCF0   e.g. AudioClipManager.get_Instance: 17 Move v22 @ X8_v25, [v16 @ X20_v1 (Il2CppClass<CollectParticleData[]>)+CF0]
Import :             7 Il2CppClass.0x1F8   e.g. BinderWrapper.GetMember: 150 Move v181 @ X1_v18, [v321 @ X8_v21 (Il2CppClass<System.ComponentModel.BooleanConverter>)+1F8]
Import :             7 Il2CppClass.0x470   e.g. JsonWriter.System.IDisposable.Dispose: 28 Move v50 @ X0_v4, [v18 @ X20_v1 (Il2CppClass<UnityEngine.UIElements.EnumFieldHelpers>)+470]
Import :             7 base has no type, from Add of an untyped base and Immediate   e.g. RFParticles..cctor: 100 Move [v94 @ X0_v9+50], [v299 @ X8_v16+30]
Import :             7 Il2CppMethodInfo.0xB60   e.g. UnitySourceGeneratedAssemblyMonoScriptTypes_v1.Get: 45 CallVoid RuntimeHelpers.InitializeArray, v62 @ X0_v3 (System.Array), [v24 @ X24_v1 (Il2CppMethodInfo)+B60]
Import :             7 Il2CppClass.0xBE0   e.g. FBWindowsLoginManager.<GetUserLocale>b__9_0: 150 Call F7087C, v375 @ X0_v7, result @ X1 (Facebook.Unity.ILocaleResult), [v253 @ X10_v3 (Il2CppClass<UnityEngine.UIElements.EnumFieldHelpers>)+BE0], 0, v27 @ X3, v28 @ X4, v29 @ X5, v30 @ X6, v31 @ X7, v32 @ V0, v33 @ V1, v34 @ V2, v35 @ V3, v36 @ V4, v37 @ V5, v38 @ V6, v39 @ V7
Import :             7 Il2CppMethodInfo.0xC10   e.g. FSharpUtils.CreateFSharpFuncCall: 157 CallVoid MethodCall`2<System.Object, System.Object>..ctor, v214 @ X0_v36 (Newtonsoft.Json.Utilities.MethodCall`2<System.Object, System.Object>), v53 @ X0_v3 (System.Object), [v198 @ X24_v1 (Il2CppMethodInfo)+C10]
Import :             7 Il2CppClass.0x5B8   e.g. XProcessingInstructionWrapper.get_ProcessingInstruction: 23 Move v42 @ X1_v2, [v40 @ X8_v4 (Il2CppClass<System.Xml.ValidateNames>)+5B8]
Import :             7 Il2CppClass.0x868   e.g. RayfireActivator.ActivationCheck: 51 Move this @ X0 (RayFire.RayfireActivator), [v79 @ X23_v3 (Il2CppClass<System.Runtime.Serialization.ObjectHolderList>)+868]
Import :             7 Il2CppMethodInfo.0x8B0   e.g. <StorageCor>d__6.MoveNext: 145 Move v170 @ X2_v2, [v263 @ X23_v5 (Il2CppMethodInfo)+8B0]
Import :             7 base has no type, from Move from [Il2CppMethodInfo + 0x320]   e.g. XmlNodeWrapper.get_ChildNodes: 115 Move v755 @ X8_v42, [v745 @ X8_v39+20]
Import :             7 base has no type, from Move from [Il2CppMethodInfo + 0xC10]   e.g. RFJointProperties.SetDeformation: 95 Move v356 @ X8_v22, [v184 @ X8_v20+20]
Import :             7 Il2CppClass.0xD70   e.g. ConvertUtils.ToBigInteger: 164 CheckEqual v73 @ Z_v10 (System.Boolean), [value @ X0 (System.Object)], [v405 @ X8_v32 (Il2CppClass<System.Net.Configuration.SettingsSectionInternal>)+D70]
Import :             7 base has no type, from Move from [Single + 0x70]   e.g. RayfireCluster.ClusterizeClusterByAmount: 394 Add v1495 @ X9_v15, [v1488 @ X0_v115+1C], 1
Import :             7 base has no type, from Add of Vector3[] and an untyped local   e.g. RFShell.GetBridgeMesh: 151 Move [v310 @ X7_v7+20], [v638 @ X4_v6+20]
Import :             7 Il2CppMethodInfo.0x378   e.g. NoThrowGetBinderMember.FallbackGetMember: 18 Move v95 @ X21_v17, [v20 @ X21_v1 (Il2CppMethodInfo)+378]
Import :             7 Il2CppClass.0xD50   e.g. JValue.Operation: 340 Move v953 @ X12_v8, [v1454 @ X12_v13 (Il2CppClass<System.Net.Configuration.SettingsSectionInternal>)+D50]
Import :             7 Il2CppClass.0x4F8   e.g. JArray.Add: 1 Move v2 @ X3_v1, [v0 @ X8_v1 (Il2CppClass<Newtonsoft.Json.Linq.JArray>)+4F8]
Import :             7 array at 0xC, from Move from the field Mesh[]   e.g. RayfireShatter.CreateFragments: 259 Move v178 @ V3_v4 (System.Single), [v63 @ X8_v3 (UnityEngine.Mesh[])+C]
Import :             7 base has no type, from Move from [Il2CppMethodInfo + 0x788]   e.g. RFCombineMesh.GetMeshTransMatLists: 265 Move v617 @ X8_v47, [v606 @ X8_v30+20]
Import :             7 Il2CppClass.0x360   e.g. JsonConvert.DeserializeObject: 90 Move v234 @ X3_v3 (Il2CppMethodInfo), [v211 @ X8_v16 (Il2CppClass<Newtonsoft.Json.JsonSerializer>)+360]
Import :             7 Il2CppClass.0xAB8   e.g. ReflectionObject.Create: 327 Move v744 @ X1_v27, [v712 @ X8_v37 (Il2CppClass<Facebook.Unity.Windows.IWindowsFacebook>)+AB8]
Import :             6 Il2CppMethodInfo.0x550   e.g. RFCombineMesh.GetMeshTransMatLists: 316 Move v649 @ X8_v40, [v647 @ X8_v38 (Il2CppMethodInfo)+550]
Import :             6 base has no type, from Move from [Il2CppClass<System.ComponentModel.BooleanConverter> + 0x8D8]   e.g. DataSetConverter.ReadJson: 244 CheckLess v601 @ C_v19 (System.Boolean), [v451 @ X9_v20 (Il2CppClass<System.Data.DataTable>)+130], [v449 @ X1_v29+130]
Import :             6 base has no type, from Move from [Hashtable + 0x0]   e.g. GA_Wrapper.DictionaryToJsonString: 106 Move v366 @ X9_v25, [v322 @ X8_v22+12E]
Import :             6 Il2CppMethodInfo.0x530   e.g. FishSpawner.Awake: 41 CallVoid Action..ctor, v185 @ X0_v27 (System.Action), this @ X0 (FishSpawner), [v183 @ X24_v8 (Il2CppMethodInfo)+530]
Import :             6 Il2CppMethodInfo.0x920   e.g. BinderWrapper.CreateSharpArgumentInfoArray: 73 Call F3F760, v78 @ X0_v5 (System.Type), [v55 @ X20_v2 (System.String)+FA0], 1, [v57 @ X21_v1 (Il2CppMethodInfo)+110], [v59 @ X22_v1 (Il2CppMethodInfo)+920], v39 @ X4, v40 @ X5, v41 @ X6, v42 @ X7, v43 @ V0, v44 @ V1, v45 @ V2, v46 @ V3, v47 @ V4, v48 @ V5, v49 @ V6, v50 @ V7
Import :             6 base has no type, from Add of Mesh and Int32   e.g. RFShatter.ConvertMesh: 1849 CallVoid List`1<System.Int32>.AddWithResize, v1364 @ X0_v40 (System.Collections.Generic.List`1<System.Int32>), [v3548 @ X9_v64+20]
Import :             6 Il2CppClass.0x640   e.g. RFJointProperties.SetAngularMotion: 82 Move v145 @ X0_v8, [v140 @ X20_v3 (Il2CppClass<System.Runtime.Serialization.ObjectHolderList>)+640]
Import :             6 base has no type, from Move from [FBWindowsLoginManager + 0x0]   e.g. FBWindowsLoginManager.AuthCallback: 296 Move v838 @ X9_v26, [v794 @ X8_v37+12E]
Import :             6 Il2CppClass.0x9F8   e.g. RFActivation.ActivateRigid: 101 Move v471 @ X9_v17, [v469 @ X9_v15 (Il2CppClass<Facebook.Unity.Windows.IWindowsFacebook>)+9F8]
Import :             6 Il2CppClass.0xEE8   e.g. NoThrowExpressionVisitor.VisitConditional: 50 Move v132 @ X0_v10, [v124 @ X21_v3 (Il2CppClass<Facebook.Unity.Windows.IWindowsFacebook>)+EE8]
Import :             6 base has no type, from Move from [Il2CppClass<System.ComponentModel.BooleanConverter> + 0x2D0]   e.g. ChallengeResponse.set_Password: 99 Move v437 @ X8_v38, [v273 @ X0_v75+B8]
Import :             6 base has no type, from Add of [NativeArray`1<Unity.Mathematics.float4>& + 0x0] and an untyped local   e.g. FluidPhysicsCoupler.SampleSDF: 203 Subtract v253 @ V17_v3, [v224 @ X13_v3+4], [v220 @ X12_v3+4]
Import :             6 Il2CppClass.0x800   e.g. ReflectionUtils.GetChildPrivateProperties: 93 Move v193 @ X2_v7 (System.Reflection.BindingFlags), [v263 @ X8_v12 (Il2CppClass<System.Type>)+800]
Import :             6 Il2CppClass.0x8B8   e.g. DataSetConverter.WriteJson: 133 Move v355 @ X1_v5 (Newtonsoft.Json.JsonWriter), [v442 @ X24_v8 (Il2CppClass<System.ComponentModel.BooleanConverter>)+8B8]
Import :             6 base has no type, from Move from [Il2CppClass<System.ComponentModel.BooleanConverter> + 0x550]   e.g. PathPlugin.SetChangeValue: 69 CheckLess v393 @ C_v36 (System.Boolean), [v375 @ X8_v6 (Il2CppClass<UnityEngine.GameObject>)+130], [v390 @ X1_v25+130]
Import :             6 base has no type, from Move from [TweenerCore`3<UnityEngine.Quaternion, UnityEngine.Quaternion, DG.Tweening.Plugins.Options.NoOptions> + 0x160]   e.g. PureQuaternionPlugin.SetFrom: 66 Move v118 @ X2_v1, [v67 @ X8_v3+18]
Import :             6 base has no type, from Move from [Il2CppClass<System.Net.Configuration.SettingsSectionInternal> + 0xA8]   e.g. Singleton`1.get_Instance: 25 Move v61 @ X8_v147, [v60 @ X8_v146+B8]
Import :             6 base has no type, from Move from [TweenerCore`3<System.Double, System.Double, DG.Tweening.Plugins.Options.NoOptions> + 0x150]   e.g. DoublePlugin.SetFrom: 45 Move v97 @ X2_v1, [v69 @ X8_v4+18]
Import :             6 base has no type, from Move from [Il2CppClass<Sponge+<>c__DisplayClass7_0> + 0x378]   e.g. <>c..cctor: 25 Move v44 @ X8_v4, [v43 @ X8_v3+B8]
Import :             6 Il2CppClass.0xA8   e.g. Singleton`1.get_Instance: 24 Move v60 @ X8_v146, [v58 @ X8_v144 (Il2CppClass<System.Net.Configuration.SettingsSectionInternal>)+A8]
Import :             6 Il2CppMethodInfo.0xAB8   e.g. JsonWriter..cctor: 84 CallVoid RuntimeHelpers.InitializeArray, v199 @ X0_v13 (System.Array), [v124 @ X23_v3 (Il2CppMethodInfo)+AB8]
Import :             6 Il2CppClass.0xE50   e.g. <>c..cctor: 20 Newobj v40 @ X0_v3 (System.Object), [v12 @ X20_v1 (Il2CppClass<Facebook.Unity.AsyncRequestString+<Start>d__9>)+E50]
Import :             6 Il2CppClass.0x280   e.g. JsonReader.Dispose: 33 Move v38 @ X1_v1, [v36 @ X8_v2 (Il2CppClass<Newtonsoft.Json.JsonReader>)+280]
Import :             6 base has no type, from Move from [TweenerCore`3<System.UInt64, System.UInt64, DG.Tweening.Plugins.Options.NoOptions> + 0x150]   e.g. UlongPlugin.SetFrom: 42 Move v94 @ X3_v1, [v63 @ X8_v4+18]
Import :             6 Il2CppMethodInfo.0xBE8   e.g. RFDemolitionCluster.SliceConnectedCluster: 173 Move v165 @ X2_v14 (System.Int32), [v812 @ X23_v4 (Il2CppMethodInfo)+BE8]
Import :             6 Il2CppClass.0x5F8   e.g. RFExplosionEvent.add_GlobalEvent: 31 Move v81 @ X9_v5, [v18 @ X21_v1 (Il2CppClass<System.Runtime.Serialization.ObjectHolderList>)+5F8]
Import :             6 Il2CppClass.0x3D0   e.g. JsonWriter.WriteValue: 31 Move v52 @ X3_v1, [v50 @ X8_v5 (Il2CppClass<Newtonsoft.Json.JsonWriter>)+3D0]
Import :             6 Il2CppClass.0x9B8   e.g. ReflectionObject.Create: -1 Move v274 @ X27_v5 (Newtonsoft.Json.Utilities.ReflectionDelegateFactory), [v372 @ X8_v5 (Il2CppClass<System.Runtime.Serialization.ObjectHolderList>)+9B8]
Import :             6 base has no type, from Move from [Il2CppClass<Facebook.Unity.AsyncRequestString+<Start>d__9> + 0x188]   e.g. <>c..cctor: 25 Move v44 @ X8_v4, [v43 @ X8_v3+B8]
Import :             6 base has no type, from Move from [Il2CppClass<CollectParticleData[]> + 0xCF0]   e.g. AudioClipManager.get_Instance: 18 Move v23 @ X8_v26, [v22 @ X8_v25+B8]
Import :             6 base has no type, from Move from [IList`1<T> + 0x0]   e.g. CollectionUtils.AddRange: 104 Move v422 @ X9_v32, [v382 @ X8_v24+12E]
Import :             6 base has no type, from Move from [Il2CppClass<UnityEngine.UIElements.EnumFieldHelpers> + 0x108]   e.g. JsonException..ctor: 18 CheckEqual v24 @ TEMP_v7 (System.Boolean), [v22 @ X0_v10+E0], 0
Import :             6 array at 0x0, from Move from Vector3[]   e.g. RFShatter.sl_element_mesh_par: 877 CallVoid List`1<System.Int32>.AddWithResize, v931 @ X0_v97 (System.Collections.Generic.List`1<System.Int32>), [v377 @ X21_v31 (UnityEngine.Vector3[])+v1111 @ X26_v31 (System.Int32)*4]
Import :             6 Il2CppClass.0x670   e.g. XmlElementWrapper.SetAttributeNode: 66 Move v164 @ X8_v16, [v215 @ X8_v14 (Il2CppClass<System.Xml.ValidateNames>)+670]
Import :             6 byref at 0x28, from no definition   e.g. RFShatter.DetachMesh: 448 Add v1602 @ X16_v39, [in_mesh_data @ X2 (safeMeshData&)+28], v1601 @ TEMPSHIFT_v69 (System.Int32)
Import :             6 base has no type, from Move from [Il2CppClass<System.ComponentModel.BooleanConverter> + 0x218]   e.g. StringEnumConverter.get_CamelCaseText: 27 CheckLess v46 @ C_v2 (System.Boolean), [v43 @ X9_v3 (Il2CppClass<Newtonsoft.Json.Serialization.NamingStrategy>)+130], [v42 @ X8_v6+130]
Import :             6 base has no type, from Move from AddressOf(stack_-118)   e.g. CombineInstanceEx.Combine: 80 Move [v16 @ X29_v1-60], [v471 @ X20_v8+40]
Import :             6 Il2CppClass.0x520   e.g. XContainerWrapper.WrapNode: 275 Move v107 @ X10_v24, [v453 @ X10_v22 (Il2CppClass<System.Xml.ValidateNames>)+520]
Import :             6 Il2CppClass.0x308   e.g. JsonWriter.WriteValue: 32 Move v53 @ X3_v1, [v45 @ X8_v3 (Il2CppClass<Newtonsoft.Json.JsonWriter>)+308]
Import :             6 base has no type, from Move from [Il2CppClass<Facebook.Unity.Windows.IWindowsFacebook> + 0x3C0]   e.g. JsonSerializerInternalReader.Populate: 162 CheckLess v613 @ C_v32 (System.Boolean), [v318 @ X8_v49 (Il2CppClass<Newtonsoft.Json.Serialization.JsonArrayContract>)+130], [v309 @ X1_v43+130]
Import :             6 base has no type, from Add of [Il2CppClass<Mono.Security.ASN1> + 0xC8] and Int32   e.g. PrivateKeyInfo.GetBytes: 279 CheckNotEqual v827 @ TEMPCOND_v22 (System.Boolean), [v838 @ X9_v27-8], v155 @ X1_v29 (Mono.Security.ASN1)
Import :             6 Il2CppMethodInfo.0x40   e.g. Honey.Init: 155 CallVoid Action`2<System.Object, System.Boolean>..ctor, v281 @ X0_v31 (System.Delegate), this @ X0 (Honey), [v278 @ X25_v5 (Il2CppMethodInfo)+40]
Import :             6 base has no type, from Move from [Il2CppClass<System.Runtime.Serialization.ObjectHolderList> + 0x140]   e.g. PKCS1..cctor: 73 Add v96 @ X0_v9, [v94 @ X8_v6+B8], 8
Import :             6 base has no type, from Move from [Il2CppClass<Facebook.Unity.Windows.IWindowsFacebook> + 0x360]   e.g. JsonSerializerInternalReader.CreateObject: 150 CheckLess v342 @ C_v20 (System.Boolean), [v339 @ X9_v17 (Il2CppClass<Newtonsoft.Json.JsonReader>)+130], [v338 @ X8_v28+130]
Import :             6 base has no type, from Move from [TweenerCore`3<System.Int64, System.Int64, DG.Tweening.Plugins.Options.NoOptions> + 0x150]   e.g. LongPlugin.SetFrom: 42 Move v94 @ X3_v1, [v63 @ X8_v4+18]
Import :             6 Il2CppClass.0x5F0   e.g. FBWindowsGraphAPIManager.OnEnable: 47 Move v107 @ X2_v2, [v105 @ X8_v11 (Il2CppClass<UnityEngine.UI.Text>)+5F0]
Import :             6 base has no type, from Move from [Il2CppClass<System.Runtime.Serialization.ObjectHolderList> + 0x640]   e.g. RFJointProperties.SetAngularMotion: 97 Move v98 @ X8_v6, [v148 @ X8_v5+B8]
Import :             6 base has no type, from Move from [Il2CppMethodInfo + 0xAB0]   e.g. ReflectionObject.Create: 143 ShiftLeft v217 @ TEMPSHIFT_v17 (System.Int32), [v454 @ X1_v63+50], 4
Import :             6 Il2CppClass.0xAF0   e.g. FacebookGameObject.OnInitComplete: 69 Call F7087C, v179 @ X0_v5, v46 @ X19_v2 (Facebook.Unity.IFacebookImplementation), [v54 @ X8_v3 (Il2CppClass<UnityEngine.UIElements.EnumFieldHelpers>)+AF0], 0, v29 @ X3, v30 @ X4, v31 @ X5, v32 @ X6, v33 @ X7, v34 @ V0, v35 @ V1, v36 @ V2, v37 @ V3, v38 @ V4, v39 @ V5, v40 @ V6, v41 @ V7
Import :             6 Il2CppMethodInfo.0x458   e.g. Path..ctor: 148 Call F3F1B4, v190 @ X0_v19, v230 @ X0_v18, v140 @ X0_v14 (DG.Tweening.TweenCallback), [v115 @ X22_v3 (Il2CppMethodInfo)+458], 0, gizmoColor @ X4 (System.Nullable`1<UnityEngine.Color>), methodInfo @ X5 (Il2CppMethodInfo), v37 @ X6, v38 @ X7, v78 @ V0_v2 (UnityEngine.Color), v78.g (System.Single), v78.b (System.Single), v78.a (System.Single), v43 @ V4, v44 @ V5, v45 @ V6, v46 @ V7
Import :             6 Il2CppClass.0x108   e.g. JsonException..ctor: 16 Move v22 @ X0_v10, [v18 @ X21_v1 (Il2CppClass<UnityEngine.UIElements.EnumFieldHelpers>)+108]
Import :             6 byref at 0x30, from no definition   e.g. RFShatter.DetachMesh: 581 Add v1640 @ X16_v31, [in_mesh_data @ X2 (safeMeshData&)+30], v1639 @ TEMPSHIFT_v60 (System.Int32)
Import :             6 base has no type, from Move from [Il2CppClass<Facebook.Unity.Windows.IWindowsFacebook> + 0x4C8]   e.g. JsonWriter.BuildStateArray: 55 Move v64 @ X8_v4, [v62 @ X0_v3+B8]
Import :             6 base has no type, from Move from [Object + 0xB0]   e.g. RayfireCluster.RoughnessPassClusters: 152 CheckEqual v327 @ TEMP_v19 (System.Boolean), [v798 @ X8_v20+18], 0
Import :             6 base has no type, from Move from [Il2CppClass<Facebook.Unity.Windows.IWindowsFacebook> + 0x448]   e.g. JsonPrimitiveContract..ctor: 56 Move v74 @ X8_v7, [v72 @ X0_v8+B8]
Import :             6 base has no type, from Move from [Il2CppClass<Facebook.Unity.Windows.IWindowsFacebook> + 0x418]   e.g. JsonHelper.Serialize: 20 CheckEqual v26 @ TEMP_v12 (System.Boolean), [v45 @ X0_v17+E0], 0
Import :             6 base has no type, from Move from [Il2CppClass<Facebook.Unity.Windows.IWindowsFacebook> + 0x978]   e.g. ReflectionUtils.GetAttributes: 117 CheckLess v153 @ C_v8 (System.Boolean), [v56 @ X8_v6 (Il2CppClass<System.Object>)+130], [v151 @ X10_v9+130]
Import :             6 Il2CppMethodInfo.0xB50   e.g. JavaScriptUtils..cctor: 389 Move v1105 @ X2_v22, [v915 @ X25_v9 (Il2CppMethodInfo)+B50]
Import :             6 base has no type, from Move from [Il2CppClass<System.Runtime.Serialization.ObjectHolderList> + 0x5E8]   e.g. RFDemolitionMesh.CreateFragments: 114 Move v413 @ X8_v11, [v411 @ X0_v12+B8]
Import :             6 base has no type, from Move from [TweenerCore`3<System.Int32, System.Int32, DG.Tweening.Plugins.Options.NoOptions> + 0x140]   e.g. IntPlugin.SetFrom: 42 Move v94 @ X3_v1, [v63 @ X8_v4+18]
Import :             6 Il2CppMethodInfo.0x448   e.g. RFStress.GetPathAstar: 626 Move v974 @ X3_v10 (System.Int32), [v1645 @ X9_v52 (Il2CppMethodInfo)+448]
Import :             6 Il2CppClass.0x750   e.g. ReflectionObject.Create: 405 Call Type.GetTypeFromHandle, v939 @ X0_v121 (System.Type), [v914 @ X8_v67 (Il2CppClass<System.Collections.Generic.NullableComparer`1>)+750]
Import :             6 Il2CppMethodInfo.0xC50   e.g. JsonContract.InvokeOnSerializing: 104 Move v158 @ X1_v6, [v62 @ X22_v4 (Il2CppMethodInfo)+C50]
Import :             6 base has no type, from Move from AddressOf(stack_-180)   e.g. CombineInstanceEx.Combine: 136 Move [v16 @ X29_v1-60], [v514 @ X8_v19+40]
Import :             6 Il2CppMethodInfo.0xB90   e.g. RFCluster.SetClusterNeib: 1004 Move v717 @ X1_v52 (System.Int32), [v1015 @ X8_v90 (Il2CppMethodInfo)+B90]
Import :             6 base has no type, from Move from [IDictionary`2<System.String, System.Object> + 0x0]   e.g. MethodArguments.ToStringDict: 120 Move v382 @ X9_v25, [v338 @ X8_v22+12E]
Import :             6 Il2CppClass.0xCD8   e.g. JValue.Operation: 353 Move v952 @ X13_v8, [v1521 @ X13_v13 (Il2CppClass<System.Runtime.Serialization.ObjectHolderList>)+CD8]
Import :             6 base has no type, from Move from [Object + 0xB8]   e.g. FSharpUtils.EnsureInitialized: 22 CheckEqual v51 @ TEMP_v29 (System.Boolean), [v173 @ X8_v4+8], 0
Import :             6 base has no type, from Move from [TweenerCore`3<UnityEngine.RectOffset, UnityEngine.RectOffset, DG.Tweening.Plugins.Options.NoOptions> + 0x150]   e.g. RectOffsetPlugin.SetFrom: 102 Move v111 @ X3_v1, [v72 @ X8_v3+18]
Import :             6 base has no type, from Add of [Il2CppClass<System.Xml.XmlNode> + 0xC8] and Int32   e.g. XmlNodeWrapper.get_ChildNodes: 246 CheckNotEqual v727 @ TEMPCOND_v19 (System.Boolean), [v742 @ X8_v47-8], v194 @ X1_v17 (Newtonsoft.Json.Converters.IXmlNode)
Import :             6 base has no type, from Move from AddressOf(stack_-128)   e.g. CombineInstanceArrayPool.Get: 152 Move [v20 @ X29_v1-70], [v365 @ X21_v7+40]
Import :             6 Il2CppClass.0x9C8   e.g. DateTimeUtils.WriteDateTimeString: 295 Move v184 @ X0_v64, [v182 @ X8_v42 (Il2CppClass<System.Net.Configuration.SettingsSectionInternal>)+9C8]
Import :             6 Il2CppMethodInfo.0x348   e.g. DynamicProxyMetaObject`1.CallMethodReturnLast: 219 Move v696 @ X2_v13, [v450 @ X21_v7 (Il2CppMethodInfo)+348]
Import :             6 base has no type, from Add of [safeMeshData& + 0x20] and Int32   e.g. RFShatter.DetachMesh: 266 Move [v1707 @ X11_v46+20], [v1706 @ X11_v45+20]
Import :             6 array at 0x2C, from Move from ArrayAccess   e.g. BezierPath.SplitSegment: 327 Move [v368 @ X0_v15 (System.Collections.Generic.IEnumerable`1<UnityEngine.Vector3>)+38], [v403 @ X9_v8 (UnityEngine.Vector3[])+2C]
Import :             6 base has no type, from Move from [Il2CppClass<System.Runtime.Serialization.ObjectHolderList> + 0xA08]   e.g. RegexConverter.WriteJson: 33 CheckLess v54 @ C_v2 (System.Boolean), [v51 @ X8_v7 (Il2CppClass<System.Object>)+130], [v50 @ X1_v3+130]
Import :             6 Il2CppMethodInfo.0xB10   e.g. JsonWriter..cctor: 184 CallVoid RuntimeHelpers.InitializeArray, v203 @ X0_v29 (System.Array), [v300 @ X23_v11 (Il2CppMethodInfo)+B10]
Import :             6 base has no type, from Add of ArrayAccess and Int32   e.g. TextPopEffect.Update: 417 Subtract v1035 @ V3_v9 (System.Single), [v781 @ X14_v8+28], v792 @ V1_v13 (System.Single)
Import :             6 Il2CppClass.0x318   e.g. JsonWriter.WriteValue: 33 Move v54 @ X2_v2, [v44 @ X8_v3 (Il2CppClass<Newtonsoft.Json.JsonWriter>)+318]
Import :             6 base has no type, from Move from [Il2CppClass<CollectParticleData[]> + 0x940]   e.g. ASN1.GetBytes: 186 CheckLess v1218 @ C_v62 (System.Boolean), [v912 @ X8_v63+130], [v890 @ X1_v46+130]
Import :             6 base has no type, from Add of [Il2CppClass<Newtonsoft.Json.JsonReader> + 0xC8] and Int32   e.g. JsonSerializer.SetupReader: 430 CheckNotEqual v797 @ TEMPCOND_v8 (System.Boolean), [v865 @ X9_v9-8], v760 @ X8_v11
Import :             6 base has no type, from Move from [Il2CppClass<System.Net.Configuration.SettingsSectionInternal> + 0x3E0]   e.g. JsonPropertyCollection..ctor: 21 CheckEqual v30 @ TEMP_v15 (System.Boolean), [v28 @ X0_v40+E0], 0
Import :             6 base has no type, from Move from [Il2CppClass<TMPro.KerningTable+<>c__DisplayClass3_0> + 0x738]   e.g. ParticleSystemExtensions.Exec: 21 CheckEqual v30 @ TEMP_v19 (System.Boolean), [v48 @ X0_v35+E0], 0
Import :             6 base has no type, from Move from [Il2CppClass<Facebook.Unity.Windows.IWindowsFacebook> + 0x328]   e.g. JTokenReader.Read: 36 CheckLess v68 @ C_v4 (System.Boolean), [v65 @ X8_v6 (Il2CppClass<Newtonsoft.Json.Linq.JToken>)+130], [v64 @ X9_v1+130]
Import :             6 base has no type, from Move from AddressOf(stack_-190)   e.g. CombineInstanceArrayPool.Get: 218 Move [v20 @ X29_v1-70], [v832 @ X8_v16+40]
Import :             6 base has no type, from Move from [Il2CppClass<System.Net.Configuration.SettingsSectionInternal> + 0xB40]   e.g. Sequence.DoStartup: 226 CheckLess v423 @ C_v9 (System.Boolean), [v422 @ X8_v9 (Il2CppClass<DG.Tweening.Tween>)+130], [v366 @ X1_v6+130]
Import :             5 base has no type, from Move from [Il2CppClass<Sponge+<>c__DisplayClass7_0> + 0xAB8]   e.g. <>c..cctor: 25 Move v44 @ X8_v4, [v43 @ X8_v3+B8]
Import :             5 Il2CppClass.0xCE0   e.g. GameplayScreen.OnInit: 204 Move v417 @ X0_v17, [v416 @ X23_v5 (Il2CppClass<Facebook.Unity.AsyncRequestString+<Start>d__9>)+CE0]
Import :             5 Il2CppMethodInfo.0x490   e.g. RFDictionary.GetDictionary: 79 Move v126 @ X8_v8, [v155 @ X23_v5 (Il2CppMethodInfo)+490]
Import :             5 Il2CppClass.0x490   e.g. DefaultReferenceResolver.GetMappings: 56 Move v107 @ X10_v7, [v136 @ X10_v5 (Il2CppClass<Facebook.Unity.Windows.IWindowsFacebook>)+490]
Import :             5 base has no type, from Move from [Il2CppClass<Facebook.Unity.Windows.IWindowsFacebook> + 0xEE8]   e.g. NoThrowExpressionVisitor.VisitConditional: 57 Move v134 @ X8_v5, [v132 @ X0_v10+B8]
Import :             5 base has no type, from Move from [Object + 0xE8]   e.g. RayfireCluster.RoughnessPassShards: 260 CheckGreaterOrEqual v1120 @ TEMPCOND_v39 (System.Boolean), v1153 @ X25_v20 (System.Int32), [v1166 @ X0_v72+18]
Import :             5 base has no type, from Add of [Il2CppClass<System.Xml.Linq.XContainer> + 0xC8] and Int32   e.g. XDocumentWrapper.get_HasChildNodes: 51 CheckNotEqual v63 @ TEMPCOND_v4 (System.Boolean), [v119 @ X8_v9-8], v42 @ X1_v2
Import :             5 Il2CppMethodInfo.0xE50   e.g. RFDemolitionMesh.SetupRuntimeConnectedCluster: 353 Move v155 @ X2_v6, [v657 @ X28_v5 (Il2CppMethodInfo)+E50]
Import :             5 base has no type, from Add of Il2CppClass<System.Func`1<UnityEngine.UIElements.ValidateCommandEvent>> and Immediate   e.g. TournamentResult.ToString: 248 Call StringBuilder.AppendFormat, v383 @ X0_v58 (System.Text.StringBuilder), v60 @ X0_v3 (System.Text.StringBuilder), [v325 @ X25_v6 (Il2CppFieldInfo)+AB8], v755 @ X0_v55 (System.Object), [v752 @ X0_v53+8]
Import :             5 base has no type, from Move from [Il2CppClass<TMPro.KerningTable+<>c__DisplayClass3_0> + 0x980]   e.g. <>c..cctor: 25 Move v44 @ X8_v4, [v43 @ X8_v3+B8]
Import :             5 base has no type, from Move from [Il2CppClass<Facebook.Unity.Windows.IWindowsFacebook> + 0x1B8]   e.g. JavaScriptUtils.TryGetDateConstructorValue: 105 CheckNotEqual v131 @ TEMPCOND_v6 (System.Boolean), [v269 @ X8_v20 (Il2CppClass<System.Object>)+40], [v149 @ X1_v15+40]
Import :             5 Il2CppClass.0xAE0   e.g. EditorWrapper.Init: 64 Call F7087C, v94 @ X0_v4, v39 @ X19_v2 (Facebook.Unity.IFacebookCallbackHandler), [v45 @ X9_v1 (Il2CppClass<UnityEngine.UIElements.EnumFieldHelpers>)+AE0], 0, v22 @ X3, v23 @ X4, v24 @ X5, v25 @ X6, v26 @ X7, v27 @ V0, v28 @ V1, v29 @ V2, v30 @ V3, v31 @ V4, v32 @ V5, v33 @ V6, v34 @ V7
Import :             5 base has no type, from Move from [Il2CppClass<Facebook.Unity.AsyncRequestString+<Start>d__9> + 0xFE0]   e.g. <>c..cctor: 25 Move v44 @ X8_v4, [v43 @ X8_v3+B8]
Import :             5 Il2CppClass.0x7E8   e.g. JsonTextReader.FinishReadQuotedNumber: 98 Move v191 @ X0_v2, [v154 @ X8_v14 (Il2CppClass<System.Collections.Generic.List`1<UnityEngine.UIElements.StyleSheets.Syntax.Expression>>)+7E8]
Import :             5 Il2CppClass.0x4D0   e.g. JArray.Contains: 2 Move v3 @ X2_v1, [v0 @ X8_v1 (Il2CppClass<Newtonsoft.Json.Linq.JArray>)+4D0]
Import :             5 base has no type, from Move from [Il2CppClass<Facebook.Unity.AsyncRequestString+<Start>d__9> + 0xAA8]   e.g. <>c..cctor: 25 Move v44 @ X8_v4, [v43 @ X8_v3+B8]
Import :             5 Il2CppClass.0x50   e.g. DefaultContractResolver.GetCallbackMethodsForType: 410 Call Type.GetTypeFromHandle, v878 @ X0_v63 (System.Type), [v837 @ X8_v34 (Il2CppClass<System.Collections.Generic.NullableComparer`1>)+50]
Import :             5 base has no type, from Add of [safeMeshData& + 0x28] and Int32   e.g. RFShatter.DetachMesh: 452 Move [v1603 @ X16_v40+20], [v1602 @ X16_v39+20]
Import :             5 Il2CppMethodInfo.0x2A8   e.g. XmlNodeConverter.CreateElement: 346 Move v239 @ X1_v2 (Newtonsoft.Json.Converters.IXmlElement), [v617 @ X8_v43 (Il2CppMethodInfo)+2A8]
Import :             5 Il2CppClass.0x348   e.g. JsonWriter.WriteValue: 32 Move v53 @ X3_v1, [v44 @ X8_v3 (Il2CppClass<Newtonsoft.Json.JsonWriter>)+348]
Import :             5 Il2CppMethodInfo.0xAD0   e.g. ReflectionObject.Create: 501 Call 118D6EC, v295 @ X0_v39 (System.String), v274 @ X27_v5 (Newtonsoft.Json.Utilities.ReflectionDelegateFactory), v651 @ X0_v16 (System.Reflection.MemberInfo), [v896 @ X8_v27 (Il2CppMethodInfo)+AD0]
Import :             5 Il2CppClass.0xBB0   e.g. PKCS12.CertificateSafeBag: 665 Move v816 @ X1_v1 (System.Byte[]), [v1616 @ X8_v135 (Il2CppClass<CollectParticleData[]>)+BB0]
Import :             5 base has no type, from Move from [Il2CppClass<System.ComponentModel.BooleanConverter> + 0xD80]   e.g. DiscriminatedUnionConverter.WriteJson: 120 Move v209 @ X8_v15, [v517 @ X8_v14+B8]
Import :             5 Il2CppMethodInfo.0x28   e.g. RayfireGun.ImpactRigid: 245 Move v568 @ X8_v94, [v1089 @ X8_v92 (Il2CppMethodInfo)+28]
Import :             5 Il2CppClass.0xF0   e.g. XContainerWrapper.get_ChildNodes: 60 Move this @ X0 (Newtonsoft.Json.Converters.XContainerWrapper), [v145 @ X8_v8 (Il2CppClass<System.Collections.Generic.List`1<UnityEngine.UIElements.StyleSheets.Syntax.Expression>>)+F0]
Import :             5 Il2CppMethodInfo.0x7E8   e.g. ReflectionUtils.GetDefaultConstructor: 99 CallVoid Func`2<System.Object, System.Boolean>..ctor, v179 @ X0_v12, [v174 @ X8_v8], [v181 @ X8_v11 (Il2CppMethodInfo)+7E8]
Import :             5 base has no type, from Move from [Il2CppClass<TMPro.KerningTable+<>c__DisplayClass3_0> + 0x1E0]   e.g. <>c..cctor: 25 Move v44 @ X8_v4, [v43 @ X8_v3+B8]
Import :             5 Il2CppMethodInfo.0x2E8   e.g. JsonSerializerInternalReader.CreateObjectUsingCreatorWithParameters: 711 Call F3F1B4, v2632 @ X0_v337, v2903 @ X0_v336, v2785 @ X0_v326 (System.Object), [v2843 @ X8_v276 (Il2CppMethodInfo)+2E8], 0, v211 @ X25_v9 (System.Type), v455 @ X5_v7 (System.String), v300 @ X6_v4 (Il2CppMethodInfo), v298 @ X7_v4 (System.Boolean), v50 @ V0 (System.Int32), v51 @ V1, v52 @ V2, v53 @ V3, v54 @ V4, v55 @ V5, v56 @ V6, v57 @ V7
Import :             5 Il2CppClass.0x420   e.g. ReflectionUtils.EnsureNotByRefType: 20 Move v56 @ X1_v4, [v51 @ X8_v1 (Il2CppClass<System.Type>)+420]
Import :             5 Il2CppClass.0x2E0   e.g. JsonWriter.WriteValue: 33 Move v54 @ X2_v2, [v44 @ X8_v3 (Il2CppClass<Newtonsoft.Json.JsonWriter>)+2E0]
Import :             5 array at 0x10, from Move from the field Mesh[]   e.g. RayfireShatter.CreateFragments: 285 Move v185 @ V1_v7 (System.Single), [v63 @ X8_v3 (UnityEngine.Mesh[])+10]
Import :             5 Il2CppClass.0x600   e.g. ConvertUtils.TryConvertInternal: 907 Call Type.GetTypeFromHandle, v236 @ X0_v85 (System.Type), [v1308 @ X8_v45 (Il2CppClass<System.Collections.Generic.NullableComparer`1>)+600]
Import :             5 array at 0x0, from Move from the field UInt32[]   e.g. Kernel.DwordDivMod: 103 Or v333 @ X15_v10 (System.Int32), [v194 @ X8_v20 (System.UInt32[])+v145 @ X12_v9 (System.Int32)], v202 @ X20_v9 (System.Int32)
Import :             5 Il2CppClass.0xA40   e.g. PurchasePage.<LoadProducts>b__11_0: 487 Call F7087C, v569 @ X0_v20 (System.Object), v569 @ X0_v20 (System.Object), [v1125 @ X26_v8 (Il2CppClass<System.Func`1<UnityEngine.UIElements.ValidateCommandEvent>>)+A40], 0, v623 @ X3_v6 (Facebook.Unity.Product), v40 @ X4, v41 @ X5, v42 @ X6, v43 @ X7, v44 @ V0, v45 @ V1, v46 @ V2, v47 @ V3, v48 @ V4, v49 @ V5, v50 @ V6, v51 @ V7
Import :             5 Il2CppMethodInfo.0x4B0   e.g. RFFragment.Compute: 373 Move v321 @ X2_v21 (UnityEngine.Mesh[]&), [v847 @ X26_v10 (Il2CppMethodInfo)+4B0]
Import :             5 Il2CppMethodInfo.0xFB8   e.g. JsonSerializer.SerializeInternal: 127 Move v179 @ X2_v44, [v444 @ X8_v115 (Il2CppMethodInfo)+FB8]
Import :             5 base has no type, from Move from [String + 0x18]   e.g. RFFragment.Compute: 380 Add v995 @ X9_v29, [v445 @ X24_v15+1C], 1
Import :             5 Il2CppClass.0x2E8   e.g. JsonWriter.WriteValue: 32 Move v53 @ X3_v1, [v44 @ X8_v3 (Il2CppClass<Newtonsoft.Json.JsonWriter>)+2E8]
Import :             5 Il2CppClass.0x8C0   e.g. RFLimitations.Checks: 1719 Move v156 @ X9_v4 (System.Int32), [v1733 @ X9_v29 (Il2CppClass<TMPro.KerningTable+<>c__DisplayClass3_0>)+8C0]
Import :             5 base has no type, from Add of [Il2CppClass<Newtonsoft.Json.Serialization.JsonContainerContract> + 0xC8] and Int32   e.g. JsonSerializerInternalReader.SetPropertyValue: 275 CheckNotEqual v141 @ TEMPCSEL_v6 (System.Boolean), [v693 @ X9_v32-8], v212 @ X8_v45
Import :             5 Il2CppClass.0xDB0   e.g. JsonSerializerInternalReader.ReadMetadataPropertiesToken: 242 Call F7087C, v997 @ X0_v100, v213 @ X0_v99 (Newtonsoft.Json.Serialization.IReferenceResolver), [v807 @ X8_v47 (Il2CppClass<UnityEngine.UIElements.EnumFieldHelpers>)+DB0], 0, 0, v105 @ X4_v10 (Newtonsoft.Json.Serialization.JsonProperty), v103 @ X5_v9 (Newtonsoft.Json.Serialization.JsonContainerContract), v101 @ X6_v9 (Newtonsoft.Json.Serialization.JsonProperty), existingValue @ X7 (System.Object), v52 @ V0, v53 @ V1, v54 @ V2, v55 @ V3, v56 @ V4, v57 @ V5, v58 @ V6, v59 @ V7
Import :             5 base has no type, from Move from [Il2CppClass<Facebook.Unity.AsyncRequestString+<Start>d__9> + 0xE50]   e.g. <>c..cctor: 25 Move v44 @ X8_v4, [v43 @ X8_v3+B8]
Import :             5 base has no type, from Move from [Il2CppClass<Facebook.Unity.Windows.IWindowsFacebook> + 0x530]   e.g. KeyValuePairConverter.WriteJson: 49 Move v70 @ X8_v7, [v68 @ X0_v7+B8]
Import :             5 base has no type, from Move from [Il2CppClass<System.ComponentModel.BooleanConverter> + 0xC70]   e.g. DefaultJsonNameTable..cctor: 22 Move v42 @ X8_v4, [v41 @ X8_v3+B8]
Import :             5 array at 0x44, from no definition   e.g. CubicBezierUtility.EvaluateCurve: 106 Multiply v186 @ V0_v4 (System.Single), [points @ X0 (UnityEngine.Vector3[])+44], v187 @ V0.S0
Import :             5 base has no type, from Move from [Object + 0x20]   e.g. GameManager.CheckFishHitWater: 336 CheckEqual v457 @ TEMP_v41 (System.Boolean), [v467 @ X8_v39+10], 0
Import :             5 Il2CppClass.0x8A0   e.g. JContainer..ctor: 90 Call F7087C, this @ X0 (Newtonsoft.Json.Linq.JContainer), other @ X1 (Newtonsoft.Json.Linq.JContainer), [v145 @ X8_v22 (Il2CppClass<System.Func`1<UnityEngine.UIElements.ValidateCommandEvent>>)+8A0], 0, v259 @ X3_v2 (Il2CppMethodInfo), v258 @ X4_v2 (System.Boolean), v39 @ X5, v40 @ X6, v41 @ X7, v42 @ V0, v43 @ V1, v44 @ V2, v45 @ V3, v46 @ V4, v47 @ V5, v48 @ V6, v49 @ V7
Import :             5 Il2CppMethodInfo.0x230   e.g. RayfireCombine.SetData: 960 Move v459 @ X2_v13 (System.Boolean), [v686 @ X24_v15 (Il2CppMethodInfo)+230]
Import :             5 base has no type, from Move from [Il2CppMethodInfo + 0x28]   e.g. RayfireGun.ImpactRigid: 273 Move v1142 @ X8_v95, [v568 @ X8_v94+20]
Import :             5 base has no type, from Move from [Il2CppClass<Facebook.Unity.Windows.IWindowsFacebook> + 0xCA8]   e.g. MonoTlsSettings.get_DefaultSettings: 14 Move v17 @ X8_v12, [v49 @ X0_v1+B8]
Import :             5 base has no type, from Move from [Il2CppMethodInfo + 0x390]   e.g. JsonSerializerInternalReader.CreateNewObject: 123 Move v300 @ X8_v20, [v124 @ X22_v8+38]
Import :             5 base has no type, from Move from [Il2CppClass<Facebook.Unity.AsyncRequestString+<Start>d__9> + 0xCE0]   e.g. GameplayScreen.OnInit: 206 CheckEqual v419 @ TEMP_v16 (System.Boolean), [v417 @ X0_v17+E0], 0
Import :             5 array at 0x40, from no definition   e.g. Vector3ArrayPlugin.EvaluateAndApply: 1009 Move v602 @ X0_v8 (UnityEngine.Vector3), [startValue @ X6 (UnityEngine.Vector3[])+40]
Import :             5 Il2CppMethodInfo.0x428   e.g. DOTweenModuleUI.DOAnchorPosX: 82 CallVoid DOGetter`1<UnityEngine.Vector2>..ctor, v100 @ X0_v8 (DG.Tweening.Core.DOGetter`1<UnityEngine.Vector2>), v65 @ X0_v3 (System.Object), [v80 @ X25_v1 (Il2CppMethodInfo)+428]
Import :             5 Il2CppClass.0xFE0   e.g. <>c..cctor: 20 Newobj v40 @ X0_v3 (System.Object), [v12 @ X20_v1 (Il2CppClass<Facebook.Unity.AsyncRequestString+<Start>d__9>)+FE0]
Import :             5 Il2CppClass.0xEF0   e.g. BinaryConverter.GetByteArray: 54 Move v133 @ X8_v10 (Il2CppClass<CollectParticleData[]>), [v133 @ X8_v10 (Il2CppClass<CollectParticleData[]>)+EF0]
Import :             5 base has no type, from Add of NativeArray`1<FluidPhysicsCoupler+ForceBundle> and Int32   e.g. FluidPhysicsCoupler.Step: 498 Add v1427 @ V0_v35, [v637 @ X8_v51+C], [v422 @ X25_v14+v1428 @ X8_v54 (System.Int32)]
Import :             5 Il2CppMethodInfo.0x610   e.g. JsonWriter.BuildStateArray: 192 Move v159 @ X9_v12, [v308 @ X24_v5 (Il2CppMethodInfo)+610]
Import :             5 Il2CppMethodInfo.0x280   e.g. Utilities.ParseStringDictionaryFromString: 235 Move v219 @ X1_v10, [v326 @ X8_v22 (Il2CppMethodInfo)+280]
Import :             5 Il2CppMethodInfo.0xF60   e.g. ImmutableCollectionsUtils.TryBuildImmutableForArrayContract: 116 CallVoid Func`2<System.Object, System.Boolean>..ctor, v333 @ X0_v29, v157 @ X0_v19 (System.Object), [v337 @ X8_v17 (Il2CppMethodInfo)+F60]
Import :             5 Il2CppClass.0xA08   e.g. RegexConverter.WriteJson: 29 Move v50 @ X1_v3, [v48 @ X8_v5 (Il2CppClass<System.Runtime.Serialization.ObjectHolderList>)+A08]
Import :             5 Il2CppClass.0x668   e.g. ConvertUtils.FromBigInteger: 191 Call Type.GetTypeFromHandle, v71 @ X0_v5 (System.Type), [v307 @ X8_v20 (Il2CppClass<System.Collections.Generic.NullableComparer`1>)+668]
Import :             5 base has no type, from Move from [Boolean + 0xF0]   e.g. Vector3ArrayPlugin.EvaluateAndApply: 142 CheckNotEqual v499 @ TEMPCOND_v54 (System.Boolean), [v186 @ X9_v22+A8], 2
Import :             5 base has no type, from Move from [Behaviour + 0x30]   e.g. RayfireRecorder.SetRigidPlay: 94 CallVoid RFPhysic.SetSimulationType, [v252 @ X9_v5+40], 3, [v264 @ X0_v29 (UnityEngine.Behaviour)+28], [v252 @ X9_v5+2E], [v252 @ X9_v5+30], [v252 @ X9_v5+34]
Import :             5 Il2CppClass.0x380   e.g. JsonWriter.WriteValue: 33 Move v54 @ X2_v2, [v44 @ X8_v3 (Il2CppClass<Newtonsoft.Json.JsonWriter>)+380]
Import :             5 base has no type, from Move from [Il2CppClass<CollectParticleData[]> + 0xF78]   e.g. DynamicProxyMetaObject`1..ctor: 25 CheckEqual v36 @ TEMP_v12 (System.Boolean), [v52 @ X0_v18+E0], 0
Import :             5 base has no type, from Move from [Il2CppClass<TMPro.KerningTable+<>c__DisplayClass3_0> + 0xFF8]   e.g. <>c..cctor: 25 Move v44 @ X8_v4, [v43 @ X8_v3+B8]
Import :             5 base has no type, from Move from [JsonReader + 0x0]   e.g. JsonReader.ReadAsString: 204 Move v586 @ X9_v19, [v512 @ X8_v30+12E]
Import :             5 base has no type, from Move from [Il2CppClass<System.ComponentModel.BooleanConverter> + 0x740]   e.g. CubicBezierDecoder.SetWaypointsLengths: 106 Move v460 @ X10_v6, [v234 @ X0_v13+B8]
Import :             5 Il2CppClass.0xED0   e.g. TweenSettingsExtensions.SetDelay: 63 CheckNotEqual v63 @ TEMPCSEL_v1 (System.Boolean), [t @ X0 (T)], [v138 @ X8_v8 (Il2CppClass<System.Runtime.Serialization.ObjectHolderList>)+ED0]
Import :             5 Il2CppMethodInfo.0xA58   e.g. RFCombineMesh.GetMeshTransMatLists: 424 Move v317 @ X1_v2 (System.Collections.Generic.List`1<UnityEngine.Mesh>&), [v404 @ X8_v5 (Il2CppMethodInfo)+A58]
Import :             5 array at 0x0, from Move from the field Vector2[]   e.g. FluidCollectDisplay.FixedUpdate: 105 Move [v337 @ X9_v7-10], [v346 @ X8_v10 (UnityEngine.Vector2[])+v174 @ X24_v4 (System.Int32)*8]
Import :             5 Il2CppMethodInfo.0x938   e.g. DefaultContractResolver.CreateObjectContract: 412 Move v434 @ X2_v7 (System.IntPtr), [v621 @ X8_v44 (Il2CppMethodInfo)+938]
Import :             5 Il2CppClass.0xFE8   e.g. EnumUtils.InitializeValuesAndNames: 23 Move v36 @ X0_v157, [v32 @ X21_v1 (Il2CppClass<System.ComponentModel.BooleanConverter>)+FE8]
Import :             5 array at 0x14, from Move from the field Mesh[]   e.g. RayfireShatter.CreateFragments: 286 Move v183 @ V2_v7 (System.Single), [v63 @ X8_v3 (UnityEngine.Mesh[])+14]
Import :             5 Il2CppMethodInfo.0x560   e.g. EnumUtils..cctor: 56 CallVoid Func`2<Newtonsoft.Json.Utilities.StructMultiKey`2<System.Object, System.Object>, System.Object>..ctor, v63 @ X0_v3, 0, [v26 @ X24_v1 (Il2CppMethodInfo)+560]
Import :             5 Il2CppMethodInfo.0xBE0   e.g. RFDemolitionMesh.SliceMesh: 261 Move v439 @ X1_v2, [v684 @ X25_v5 (Il2CppMethodInfo)+BE0]
Import :             5 Il2CppMethodInfo.0xC88   e.g. RayfireCluster.GetNeibShardArea: 74 Move v297 @ X1_v2 (System.Collections.Generic.List`1<RayFire.RFShard>), [v163 @ X22_v4 (Il2CppMethodInfo)+C88]
Import :             5 byref at 0x20, from Move from safeMeshData&   e.g. RFShatter.ConvertMesh: 869 Move v2021 @ X9_v97, [v1510 @ X26_v25 (safeMeshData&)+20]
Import :             5 Il2CppMethodInfo.0xA80   e.g. Level.CreateSideBackgrounds: 696 Move v380 @ X1_v18 (System.Int32), [v1052 @ X27_v5 (Il2CppMethodInfo)+A80]
Import :             5 Il2CppMethodInfo.0xAF0   e.g. JToken..cctor: 93 CallVoid RuntimeHelpers.InitializeArray, v95 @ X0_v7 (System.Array), [v30 @ X23_v1 (Il2CppMethodInfo)+AF0]
Import :             5 Il2CppMethodInfo.0x430   e.g. RFStress.SetSizeMultiplierOLD: -1 Move v469 @ X2_v7 (System.Int32), [v267 @ X28_v5 (Il2CppMethodInfo)+430]
Import :             4 base has no type, from Move from [Il2CppClass<System.Net.Configuration.SettingsSectionInternal> + 0xF78]   e.g. ProductRowPrefab.SetThumb: 47 CheckEqual v72 @ TEMP_v4 (System.Boolean), [v70 @ X0_v4+E0], 0
Import :             4 Il2CppMethodInfo.0x940   e.g. XmlNodeConverter.IsArray: 321 CheckNotEqual v433 @ TEMPCOND_v8 (System.Boolean), [v306 @ X22_v6 (Il2CppMethodInfo)+940], 1
Import :             4 Il2CppMethodInfo.0xD00   e.g. JsonTypeReflector..cctor: 92 CallVoid Func`2<System.Object, System.Object>..ctor, v104 @ X0_v10 (System.Func`2<System.Object, System.Object>), 0, [v40 @ X24_v1 (Il2CppMethodInfo)+D00]
Import :             4 base has no type, from Move from [Il2CppClass<Facebook.Unity.Windows.IWindowsFacebook> + 0x78]   e.g. GameManager.Start: 70 Move v68 @ X8_v6, [v67 @ X8_v5+B8]
Import :             4 Il2CppClass.0xC80   e.g. Settings.GetAvailablePlatforms: 181 Move v340 @ X8_v9 (Il2CppMethodInfo), [v63 @ X25_v1 (Il2CppClass<System.Runtime.Serialization.ObjectHolderList>)+C80]
Import :             4 base has no type, from Move from [Il2CppClass<System.ComponentModel.BooleanConverter> + 0x558]   e.g. ComponentFactory.get_FacebookGameObject: 18 Move v23 @ X8_v20, [v22 @ X8_v19+B8]
Import :             4 base has no type, from Add of [Il2CppClass<Newtonsoft.Json.Linq.JContainer> + 0xC8] and Int32   e.g. JProperty.SetItem: 106 CheckNotEqual v305 @ TEMPCOND_v10 (System.Boolean), [v332 @ X9_v9-8], v284 @ X1_v12
Import :             4 Il2CppClass.0x820   e.g. MethodArguments.ToStringDict: 93 Call F7087C, dict @ X0 (System.Collections.Generic.IDictionary`2<System.String, System.Object>), dict @ X0 (System.Collections.Generic.IDictionary`2<System.String, System.Object>), [v56 @ X22_v3 (Il2CppClass<System.Func`1<UnityEngine.UIElements.ValidateCommandEvent>>)+820], 0, v80 @ X3_v2, v31 @ X4, v32 @ X5, v33 @ X6, v34 @ X7, v35 @ V0, v36 @ V1, v37 @ V2, v38 @ V3, v39 @ V4, v40 @ V5, v41 @ V6, v42 @ V7
Import :             4 Il2CppMethodInfo.0x818   e.g. DefaultContractResolver.CreateObjectContract: 190 Move v434 @ X2_v7 (System.IntPtr), [v552 @ X8_v57 (Il2CppMethodInfo)+818]
Import :             4 Il2CppMethodInfo.rgctx_data   e.g. RayfireGun.ImpactRigid: 622 Move v1374 @ X2_v23 (UnityEngine.RaycastHit), [v1478 @ X8_v56 (Il2CppMethodInfo)+38]
Import :             4 byref at 0x38, from Move from safeMeshData&   e.g. RFShatter.ConvertMesh: 1007 Move v2026 @ X9_v120, [v1510 @ X26_v25 (safeMeshData&)+38]
Import :             4 base has no type, from Move from [Il2CppClass<Facebook.Unity.Windows.IWindowsFacebook> + 0xE28]   e.g. JsonTypeReflector.CreateNamingStrategyInstance: 70 CheckLess v148 @ C_v3 (System.Boolean), [v139 @ X8_v11 (Il2CppClass<Newtonsoft.Json.Serialization.NamingStrategy>)+130], [v131 @ X1_v6+130]
Import :             4 base has no type, from Move from [Il2CppClass<System.Xml.ValidateNames> + 0x760]   e.g. XmlNodeWrapper.get_Attributes: 68 CheckLess v233 @ C_v15 (System.Boolean), [v230 @ X8_v18 (Il2CppClass<System.Xml.XmlNode>)+130], [v229 @ X9_v12+130]
Import :             4 Il2CppMethodInfo.0x4F8   e.g. JsonReader.Push: 135 Move v117 @ X9_v3, [v115 @ X8_v22 (Il2CppMethodInfo)+4F8]
Import :             4 Il2CppMethodInfo.0xE00   e.g. RFPoolingParticles.InitializeParticles: 189 Move v282 @ X8_v60, [v584 @ X23_v12 (Il2CppMethodInfo)+E00]
Import :             4 base has no type, from Move from [Il2CppClass<Facebook.Unity.Windows.IWindowsFacebook> + 0x490]   e.g. DefaultReferenceResolver.GetMappings: 58 CheckLess v138 @ C_v7 (System.Boolean), [v45 @ X8_v7 (Il2CppClass<System.Object>)+130], [v107 @ X10_v7+130]
Import :             4 base has no type, from Move from [Il2CppClass<System.Runtime.Serialization.ObjectHolderList> + 0x5C0]   e.g. RFConnectivityEvent.add_GlobalEvent: 28 Move v48 @ X8_v4, [v47 @ X8_v3+B8]
Import :             4 base has no type, from Move from [Il2CppClass<CollectParticleData[]> + 0xB38]   e.g. ApplicationManager.get_appData: 74 CheckLess v161 @ C_v3 (System.Boolean), [v158 @ X10_v3 (Il2CppClass<UnityEngine.Object>)+130], [v157 @ X8_v13+130]
Import :             4 base has no type, from Add of [Il2CppClass<Newtonsoft.Json.Serialization.NamingStrategy> + 0xC8] and Int32   e.g. JsonTypeReflector.CreateNamingStrategyInstance: 94 CheckNotEqual v91 @ TEMPCOND_v4 (System.Boolean), [v193 @ X8_v13-8], v131 @ X1_v6
Import :             4 Il2CppClass.0xA38   e.g. AudioManager..ctor: 18 Move v24 @ X0_v13, [v18 @ X20_v1 (Il2CppClass<System.Collections.Generic.List`1<UnityEngine.UIElements.StyleSheets.Syntax.Expression>>)+A38]
Import :             4 array at 0x34, from Move from ArrayAccess   e.g. BezierPath.SplitSegment: 328 Move [v368 @ X0_v15 (System.Collections.Generic.IEnumerable`1<UnityEngine.Vector3>)+40], [v403 @ X9_v8 (UnityEngine.Vector3[])+34]
Import :             4 Il2CppMethodInfo.0xE30   e.g. RFPoolingParticles.InitializeParticles: 373 Move v291 @ X8_v28, [v592 @ X21_v9 (Il2CppMethodInfo)+E30]
Import :             4 Il2CppMethodInfo.0xAE0   e.g. DateTimeUtils..cctor: 51 CallVoid RuntimeHelpers.InitializeArray, v62 @ X0_v3 (System.Array), [v24 @ X23_v1 (Il2CppMethodInfo)+AE0]
Import :             4 Il2CppMethodInfo.0xBD8   e.g. RFDemolitionMesh.SliceMesh: 494 Move v439 @ X1_v2, [v459 @ X8_v5 (Il2CppMethodInfo)+BD8]
Import :             4 base has no type, from Add of NullReferenceException and Int32   e.g. RFShell.GetBridgeMesh: 425 Move [v275 @ X20_v3 (UnityEngine.Vector3[])+20], [v351 @ X10_v4+20]
Import :             4 Il2CppClass.0x998   e.g. RFSliceEvent.add_GlobalEvent: 60 CheckEqual v101 @ Z_v3 (System.Boolean), [v94 @ X0_v4 (System.Delegate)], [v45 @ X22_v1 (Il2CppClass<TMPro.KerningTable+<>c__DisplayClass3_0>)+998]
Import :             4 Il2CppMethodInfo.0x538   e.g. FixedFluid.Awake: 41 CallVoid Action..ctor, v185 @ X0_v27 (System.Action), this @ X0 (FixedFluid), [v183 @ X24_v8 (Il2CppMethodInfo)+538]
Import :             4 Il2CppMethodInfo.0xDF8   e.g. RFPoolingParticles.InitializeParticles: 149 Move v414 @ X2_v4, [v559 @ X8_v50 (Il2CppMethodInfo)+DF8]
Import :             4 base has no type, from Move from [Il2CppClass<CollectParticleData[]> + 0xCC0]   e.g. JObject.System.ComponentModel.ICustomTypeDescriptor.GetAttributes: 15 CheckEqual v18 @ TEMP_v7 (System.Boolean), [v37 @ X0_v9+E0], 0
Import :             4 base has no type, from Move from [Tween + 0x120]   e.g. TweenManager.Despawn: 124 CheckLess v79 @ TEMPCOND_v38 (System.Boolean), [v207 @ X8_v83+18], 1
Import :             4 Il2CppClass.0x320   e.g. JsonWriter.WriteValue: 34 Move v55 @ X1_v2, [v44 @ X8_v3 (Il2CppClass<Newtonsoft.Json.JsonWriter>)+320]
Import :             4 base has no type, from Move from [Il2CppClass<UnityEngine.UIElements.EnumFieldHelpers> + 0x470]   e.g. JsonWriter.System.IDisposable.Dispose: 30 CheckEqual v52 @ TEMP_v4 (System.Boolean), [v50 @ X0_v4+E0], 0
Import :             4 Il2CppMethodInfo.0x580   e.g. RFCombineMesh.GetCombinedMesh: 181 CallVoid Func`2<UnityEngine.Vector3, UnityEngine.Vector3>..ctor, v755 @ X0_v114 (System.Func`2<UnityEngine.Vector3, UnityEngine.Vector3>), v62 @ X0_v3 (System.Object), [v771 @ X8_v121 (Il2CppMethodInfo)+580]
Import :             4 base has no type, from Move from [Il2CppClass<System.ComponentModel.BooleanConverter> + 0x2C0]   e.g. CatmullRomDecoder.SetWaypointsLengths: 92 Move v290 @ X8_v14, [v275 @ X0_v13+B8]
Import :             4 Il2CppMethodInfo.0x5F0   e.g. ReflectionUtils.GetFieldsAndProperties: 648 Move v816 @ X2_v2 (Il2CppMethodInfo), [v278 @ X27_v6 (Il2CppMethodInfo)+5F0]
Import :             4 Il2CppMethodInfo.0x578   e.g. RFCombineMesh.GetMatIdList: 143 CallVoid Func`2<System.Object, System.Int32>..ctor, v385 @ X0_v37 (System.Func`2<System.Object, System.Int32>), v60 @ X0_v3 (System.Object), [v401 @ X8_v33 (Il2CppMethodInfo)+578]
Import :             4 Il2CppMethodInfo.0xC0   e.g. CollectionManager.OnCollectCaterpillar: 99 CallVoid Action..ctor, v371 @ X0_v32 (System.Action), v181 @ X0_v11 (System.Object), [v372 @ X8_v30 (Il2CppMethodInfo)+C0]
Import :             4 Il2CppMethodInfo.0x7C0   e.g. RayfireCombine.SetData: 511 Move v2019 @ X1_v6, [v1799 @ X23_v25 (Il2CppMethodInfo)+7C0]
Import :             4 Il2CppMethodInfo.0xCA0   e.g. RayfireCluster.ClusterizeRangeShards: 360 Move v686 @ X2_v14, [v718 @ X8_v42 (Il2CppMethodInfo)+CA0]
Import :             4 static field storage at 0xB8   e.g. ImmutableCollectionsUtils.TryBuildImmutableForArrayContract: 104 Move v329 @ X8_v14, [v327 @ X0_v27 (Il2CppStaticFields<Facebook.Unity.Windows.IWindowsFacebook>)+B8]
Import :             4 base has no type, from Move from [Il2CppClass<System.Runtime.Serialization.ObjectHolderList> + 0x5F8]   e.g. RFExplosionEvent.add_GlobalEvent: 28 Move v48 @ X8_v4, [v47 @ X8_v3+B8]
Import :             4 Il2CppMethodInfo.0x8B8   e.g. DataTableConverter.CreateRow: 451 Move v283 @ X8_v36, [v394 @ X28_v6 (Il2CppMethodInfo)+8B8]
Import :             4 base has no type, from Move from [Il2CppClass<UnityEngine.UIElements.EnumFieldHelpers> + 0x18]   e.g. EnumUtils.TryToString: 47 Move v68 @ X8_v4, [v66 @ X0_v3+B8]
Import :             4 Il2CppClass.0xAE8   e.g. JPropertyKeyedCollection.SetItem: 236 Call F7087C, v459 @ X0_v34, v191 @ X24_v7, [v425 @ X8_v23 (Il2CppClass<System.Func`1<UnityEngine.UIElements.ValidateCommandEvent>>)+AE8], 0, methodInfo @ X3 (Il2CppMethodInfo), v40 @ X4, v41 @ X5, v42 @ X6, v43 @ X7, v44 @ V0, v45 @ V1, v46 @ V2, v47 @ V3, v48 @ V4, v49 @ V5, v50 @ V6, v51 @ V7
Import :             4 base has no type, from Move from [Il2CppMethodInfo + 0x550]   e.g. RFCombineMesh.GetMeshTransMatLists: 93 Move v655 @ X8_v42, [v649 @ X8_v40+20]
Import :             4 Il2CppMethodInfo.0xA98   e.g. ShortcutExtensions.DOLocalMove: 86 CallVoid DOGetter`1<UnityEngine.Vector3>..ctor, v104 @ X0_v8 (DG.Tweening.Core.DOGetter`1<UnityEngine.Vector3>), v71 @ X0_v3 (System.Object), [v86 @ X25_v1 (Il2CppMethodInfo)+A98]
Import :             4 base has no type, from Move from [Il2CppMethodInfo + 0xE00]   e.g. RFPoolingParticles.InitializeParticles: 216 Move v653 @ X8_v61, [v282 @ X8_v60+20]
Import :             4 base has no type, from Move from [Il2CppClass<UnityEngine.UIElements.EnumFieldHelpers> + 0x220]   e.g. DiscriminatedUnionConverter.CreateUnion: 161 CheckLess v865 @ C_v36 (System.Boolean), [v857 @ X8_v168 (Il2CppClass<Newtonsoft.Json.Utilities.FSharpFunction>)+130], [v848 @ X1_v57+130]
Import :             4 base has no type, from Move from [Il2CppMethodInfo + 0xE30]   e.g. RFPoolingParticles.InitializeParticles: 400 Move v657 @ X8_v29, [v291 @ X8_v28+20]
Import :             4 Il2CppClass.0x478   e.g. DefaultReferenceResolver.GetMappings: 25 Move v44 @ X10_v3, [v42 @ X8_v5 (Il2CppClass<Facebook.Unity.Windows.IWindowsFacebook>)+478]
Import :             4 Il2CppClass.0x540   e.g. XmlNodeConverter.AddJsonArrayAttribute: 157 Move v380 @ X9_v8, [v293 @ X22_v3 (Il2CppClass<System.Xml.ValidateNames>)+540]
Import :             4 Il2CppMethodInfo.0xD8   e.g. DOTweenUtils.GetLooseScriptType: 49 Move v195 @ X2_v5, [v60 @ X25_v1 (Il2CppMethodInfo)+D8]
Import :             4 Il2CppMethodInfo.0x2C8   e.g. FluidSolver.CollectNearbyParticles: 262 Move v121 @ X3_v19 (Il2CppMethodInfo), [v1156 @ X8_v130 (Il2CppMethodInfo)+2C8]
Import :             4 base has no type, from Add of [Il2CppClass<UnityEngine.MeshCollider> + 0xC8] and Int32   e.g. RFPhysic.GlobalReset: 150 CheckEqual v194 @ Z_v3 (System.Boolean), [v284 @ X9_v4-8], v228 @ X8_v12
Import :             4 Il2CppMethodInfo.0xFB0   e.g. JsonSerializerInternalReader.CreateObjectUsingCreatorWithParameters: 1208 Move v1436 @ X1_v3, [v2009 @ X8_v52 (Il2CppMethodInfo)+FB0]
Import :             4 Il2CppClass.0x328   e.g. JsonWriter.WriteValue: 33 Move v54 @ X2_v2, [v45 @ X8_v3 (Il2CppClass<Newtonsoft.Json.JsonWriter>)+328]
Import :             4 base has no type, from Move from [Il2CppClass<System.Runtime.Serialization.ObjectHolderList> + 0x700]   e.g. RFRestrictionEvent.add_GlobalEvent: 28 Move v48 @ X8_v4, [v47 @ X8_v3+B8]
Import :             4 Il2CppClass.0xDB8   e.g. FluidDisplay.Init: 131 Newobj v267 @ X0_v31 (System.Delegate), [v264 @ X23_v8 (Il2CppClass<System.Collections.Generic.NullableComparer`1>)+DB8]
Import :             4 base has no type, from Add of [Il2CppClass<Newtonsoft.Json.Converters.IXmlNode> + 0xC8] and Int32   e.g. XmlElementWrapper.SetAttributeNode: 56 CheckNotEqual v69 @ TEMPCOND_v5 (System.Boolean), [v118 @ X8_v10-8], v49 @ X1_v4
Import :             4 Il2CppClass.0x658   e.g. ConvertUtils..cctor: 355 Call Type.GetTypeFromHandle, v424 @ X0_v51 (System.Type), [v420 @ X8_v21 (Il2CppClass<System.Collections.Generic.NullableComparer`1>)+658]
Import :             4 base has no type, from Add of Int32[] and Immediate   e.g. CollectionUtils.CopyFromJaggedToMultidimensionalArray: 200 Move [v422 @ X10_v9+v536 @ X12_v6 (System.Int32)], [v421 @ X11_v9+v536 @ X12_v6 (System.Int32)]
Import :             4 base has no type, from Move from [String + 0x8]   e.g. RFFragment.Compute: 451 Add v133 @ X10_v9, [v155 @ X9_v12+1C], 1
Import :             4 base has no type, from Add of [safeMeshData& + 0x30] and Int32   e.g. RFShatter.DetachMesh: 585 Move [v1641 @ X16_v32+20], [v1640 @ X16_v31+20]
Import :             4 base has no type, from Move from [Il2CppMethodInfo + 0x8B8]   e.g. DataTableConverter.CreateRow: 423 Move v757 @ X8_v40, [v283 @ X8_v36+20]
Import :             4 Il2CppClass.0xA68   e.g. RayfireRecorder.SetVariables: 171 Move v43 @ X8_v3 (RayFire.RayfireRecorder+AnimatorType), [v296 @ X8_v24 (Il2CppClass<TMPro.KerningTable+<>c__DisplayClass3_0>)+A68]
Import :             4 Il2CppClass.0xB28   e.g. DynamicProxyMetaObject`1.CallMethodReturnLast: 346 Call F7087C, v777 @ X0_v40, v154 @ X0_v20 (System.Collections.Generic.IEnumerable`1<System.Linq.Expressions.Expression>), [v618 @ X27_v8 (Il2CppClass<System.Func`1<UnityEngine.UIElements.ValidateCommandEvent>>)+B28], 0, args @ X3 (System.Collections.Generic.IEnumerable`1<System.Linq.Expressions.Expression>), fallback @ X4 (Newtonsoft.Json.Utilities.DynamicProxyMetaObject`1<T>+Fallback<T>), methodInfo @ X5 (Il2CppMethodInfo), v46 @ X6, v47 @ X7, v48 @ V0, v49 @ V1, v50 @ V2, v51 @ V3, v52 @ V4, v53 @ V5, v54 @ V6, v55 @ V7
Import :             4 base has no type, from Move from [Il2CppMethodInfo + 0x878]   e.g. RayfireCluster.GetShardsBound: 146 Move v566 @ X8_v47, [v331 @ X8_v46+20]
Import :             4 Il2CppClass.0xEC0   e.g. UnixDateTimeConverter.WriteJson: 86 Move v231 @ X0_v51, [v59 @ X24_v4 (Il2CppClass<System.Net.Configuration.SettingsSectionInternal>)+EC0]
Import :             4 base has no type, from Move from [Il2CppClass<System.Runtime.Serialization.ObjectHolderList> + 0x518]   e.g. PureQuaternionPlugin.Plug: 16 Move v21 @ X8_v16, [v55 @ X0_v1+B8]
Import :             4 base has no type, from Move from [Il2CppClass<System.Collections.Generic.List`1<UnityEngine.UIElements.StyleSheets.Syntax.Expression>> + 0xA38]   e.g. AudioManager..ctor: 20 CheckEqual v26 @ TEMP_v7 (System.Boolean), [v24 @ X0_v13+E0], 0
Import :             4 Il2CppMethodInfo.0x5B0   e.g. FluidSolver.UpdateMergeDeltasAndFinish: -1 Move v223 @ X3_v2, [v672 @ X8_v21 (Il2CppMethodInfo)+5B0]
Import :             4 base has no type, from Add of the field Single[] and Immediate   e.g. VertexPath.GetClosestTimeOnPath: 84 Subtract v150 @ V2_v4 (System.Single), v25[v79 @ X9_v3 (System.Int32)], [v91 @ X8_v2+v90 @ X10_v3 (System.Int32)]
Import :             4 Il2CppClass.0x78   e.g. GameManager.Start: 69 Move v67 @ X8_v5, [v51 @ X22_v1 (Il2CppClass<Facebook.Unity.Windows.IWindowsFacebook>)+78]
Import :             4 base has no type, from Move from [Il2CppClass<System.Runtime.Serialization.ObjectHolderList> + 0x5E0]   e.g. RFDemolitionEvent.add_GlobalEvent: 28 Move v48 @ X8_v4, [v47 @ X8_v3+B8]
Import :             4 base has no type, from Move from [Il2CppClass<Facebook.Unity.Windows.IWindowsFacebook> + 0x3E0]   e.g. JsonTypeReflector.GetJsonConverter: 89 CheckLess v213 @ C_v3 (System.Boolean), [v209 @ X8_v12 (Il2CppClass<Newtonsoft.Json.JsonConverter>)+130], [v127 @ X1_v6+130]
Import :             4 Il2CppClass.0x350   e.g. JsonWriter.WriteValue: 33 Move v54 @ X2_v2, [v44 @ X8_v3 (Il2CppClass<Newtonsoft.Json.JsonWriter>)+350]
Import :             4 base has no type, from Move from [Object + 0x70]   e.g. RayfireCluster.RoughnessPassClusters: 717 Move v1332 @ X22_v14 (System.Int32), [v1197 @ X8_v45+18]
Import :             4 base has no type, from Add of [Il2CppClass<System.Runtime.CompilerServices.CallSiteBinder> + 0xC8] and Int32   e.g. BinderWrapper.GetMember: 178 CheckNotEqual v155 @ TEMPCOND_v9 (System.Boolean), [v325 @ X8_v25-8], v181 @ X1_v18
Import :             4 Il2CppClass.0x770   e.g. DefaultContractResolver.GetCallbackMethodsForType: -1 Move v266 @ X2_v3 (System.Collections.Generic.List`1<Newtonsoft.Json.Serialization.SerializationCallback>&), [v459 @ X8_v18 (Il2CppClass<System.Type>)+770]
Import :             4 base has no type, from Move from [Il2CppClass<System.Collections.Generic.List`1<UnityEngine.UIElements.StyleSheets.Syntax.Expression>> + 0xF0]   e.g. XmlNodeConverter.SerializeGroupedNodes: 376 CheckLess v1427 @ C_v68 (System.Boolean), [v1424 @ X8_v84 (Il2CppClass<System.Object>)+130], [v1362 @ X0_v92+130]
Import :             4 base has no type, from Move from [Il2CppClass<System.Func`1<UnityEngine.UIElements.ValidateCommandEvent>> + 0xC68]   e.g. JToken.Children: 15 CheckEqual v18 @ TEMP_v7 (System.Boolean), [v37 @ X0_v9+E0], 0
Import :             4 Il2CppClass.0x978   e.g. ReflectionUtils.GetAttributes: 115 Move v151 @ X10_v9, [v149 @ X10_v7 (Il2CppClass<Facebook.Unity.Windows.IWindowsFacebook>)+978]
Import :             4 Il2CppClass.0xB80   e.g. CallbackManager.OnFacebookResponse: 64 Call F7087C, v194 @ X0_v39, result @ X1 (Facebook.Unity.IInternalResult), [v52 @ X23_v3 (Il2CppClass<UnityEngine.UIElements.EnumFieldHelpers>)+B80], 0, v200 @ X3_v2, v32 @ X4, v33 @ X5, v34 @ X6, v35 @ X7, v36 @ V0, v37 @ V1, v38 @ V2, v39 @ V3, v40 @ V4, v41 @ V5, v42 @ V6, v43 @ V7
Import :             4 base has no type, from Move from [Il2CppClass<System.ComponentModel.BooleanConverter> + 0xD8]   e.g. BsonObjectIdConverter.WriteJson: 66 CheckLess v146 @ C_v4 (System.Boolean), [v143 @ X8_v8 (Il2CppClass<Newtonsoft.Json.JsonWriter>)+130], [v142 @ X9_v4+130]
Import :             4 base has no type, from Move from [UIParticle + 0xB8]   e.g. UIParticleUpdater.BakeMesh: 977 Move v1276 @ X8_v120, [v2741 @ X8_v119+10]
Import :             4 base has no type, from Move from [Il2CppClass<Facebook.Unity.Windows.IWindowsFacebook> + 0x4A8]   e.g. JsonSerializer.SetupReader: 406 CheckLess v764 @ C_v7 (System.Boolean), [v761 @ X9_v7 (Il2CppClass<Newtonsoft.Json.JsonReader>)+130], [v760 @ X8_v11+130]
Import :             4 array at 0x0, from Move from [Mesh[]& + 0x0]   e.g. RFShatterAdvanced.RemovePlanar: 144 Call RFShatterAdvanced.IsCoplanar, v543 @ X0_v52 (System.Boolean), [v527 @ X8_v19 (UnityEngine.Mesh[])+v235 @ X28_v8 (System.Int32)*8], [v540 @ X8_v56]
Import :             4 Il2CppMethodInfo.0x8D0   e.g. <StartPoolingCor>d__21.MoveNext: 121 Move v141 @ X2_v5, [v357 @ X24_v10 (Il2CppMethodInfo)+8D0]
Import :             4 Il2CppMethodInfo.0x350   e.g. DefaultContractResolver.CreateObjectContract: 127 CallVoid 111AAFC, v59.<Properties>k__BackingField (Newtonsoft.Json.Serialization.JsonPropertyCollection), v259 @ X0_v12 (System.Collections.Generic.IList`1<Newtonsoft.Json.Serialization.JsonProperty>), [v80 @ X24_v2 (Il2CppMethodInfo)+350]
Import :             4 base has no type, from Move from [safeMeshData& + 0x20]   e.g. RFShatter.DetachMesh: 366 CheckLess v1673 @ C_v148 (System.Boolean), v431 @ X13_v41, [v456 @ X12_v51+18]
Import :             4 Il2CppMethodInfo.0x290   e.g. CodelessCrawler.Awake: 40 CallVoid UnityAction`2<UnityEngine.SceneManagement.Scene, UnityEngine.SceneManagement.Scene>..ctor, v54 @ X0_v3 (UnityEngine.Events.UnityAction`2<UnityEngine.SceneManagement.Scene, UnityEngine.SceneManagement.Scene>), this @ X0 (Facebook.Unity.CodelessCrawler), [v24 @ X22_v1 (Il2CppMethodInfo)+290]
Import :             4 Il2CppClass.0x9E8   e.g. CylinderMeshCreator.CreateMesh: 921 Move v80 @ X0_v3 (System.Collections.Generic.List`1<UnityEngine.Vector3>), [v1162 @ X8_v19 (Il2CppClass<Facebook.Unity.Windows.IWindowsFacebook>)+9E8]
Import :             4 Il2CppMethodInfo.0xB30   e.g. JsonWriter..cctor: 156 CallVoid RuntimeHelpers.InitializeArray, v202 @ X0_v25 (System.Array), [v291 @ X23_v9 (Il2CppMethodInfo)+B30]
Import :             4 Il2CppClass.0x8E0   e.g. RFExplosionEvent.add_GlobalEvent: 60 CheckEqual v101 @ Z_v3 (System.Boolean), [v94 @ X0_v4 (System.Delegate)], [v45 @ X22_v1 (Il2CppClass<TMPro.KerningTable+<>c__DisplayClass3_0>)+8E0]
Import :             4 base has no type, from Move from [Il2CppClass<System.Xml.ValidateNames> + 0x858]   e.g. XmlElementWrapper.SetAttributeNode: 32 CheckLess v53 @ C_v3 (System.Boolean), [v50 @ X8_v7 (Il2CppClass<Newtonsoft.Json.Converters.IXmlNode>)+130], [v49 @ X1_v4+130]
Import :             4 Il2CppMethodInfo.0xA60   e.g. RFCombineMesh.GetMeshTransMatLists: 98 Move v168 @ X1_v9 (UnityEngine.Object), [v77 @ X28_v4 (Il2CppMethodInfo)+A60]
Import :             4 Il2CppMethodInfo.0x390   e.g. JsonSerializerInternalReader.CreateNewObject: 122 Move v124 @ X22_v8, [v298 @ X8_v18 (Il2CppMethodInfo)+390]
Import :             4 base has no type, from Move from [Il2CppClass<System.Collections.Generic.List`1<UnityEngine.UIElements.StyleSheets.Syntax.Expression>> + 0x128]   e.g. JPropertyKeyedCollection.IndexOfReference: 36 CheckLess v55 @ C_v2 (System.Boolean), [v52 @ X8_v8 (Il2CppClass<System.Collections.Generic.IList`1<Newtonsoft.Json.Linq.JToken>>)+130], [v51 @ X1_v3+130]
Import :             4 base has no type, from Add of the field float2[] and Int32   e.g. FluidSoundFX.OnFluidStep: 90 Subtract v67 @ V2_v5, [v87 @ X9_v5 (Unity.Collections.NativeArray`1<Unity.Mathematics.float2>)+v82 @ X10_v5 (System.Int32)], [v77 @ X11_v4+20]
Import :             4 base has no type, from Add of [safeMeshData& + 0x38] and Int32   e.g. RFShatter.DetachMesh: 668 Move [v1772 @ X12_v41+20], [v1771 @ X12_v40+20]
Import :             4 Il2CppMethodInfo.0xC90   e.g. RFShard..ctor: 280 Move v408 @ X2_v3 (Il2CppMethodInfo), [v609 @ X8_v40 (Il2CppMethodInfo)+C90]
Import :             4 base has no type, from Move from AddressOf(stack_-B8, Vector3)   e.g. RayfireBomb.CollidersFilter: 331 Subtract v1399 @ V1_v12 (System.Single), [v1184 @ X8_v62+4], this.bombPosition.y (System.Single)
Import :             4 Il2CppMethodInfo.0x278   e.g. XmlNodeConverter.SerializeGroupedNodes: 1056 Move v822 @ X1_v3 (System.Int32), [v953 @ X8_v5 (Il2CppMethodInfo)+278]
Import :             4 base has no type, from Add of TypeAnalysisContext and Immediate   e.g. X509Certificate.Parse: 790 Move v405 @ X8_v6, [v461 @ X0_v18+B8]
Import :             4 Il2CppClass.0x730   e.g. ParticleSystemExtensions.GetIndex: 33 Move v177 @ X1_v15, [v52 @ X23_v2 (Il2CppClass<System.Func`1<UnityEngine.UIElements.ValidateCommandEvent>>)+730]
Import :             4 base has no type, from Move from [Il2CppClass<Facebook.Unity.Windows.IWindowsFacebook> + 0xAB8]   e.g. ReflectionObject.Create: 331 CheckLess v717 @ C_v25 (System.Boolean), [v715 @ X8_v39 (Il2CppClass<System.Reflection.MemberInfo>)+130], [v744 @ X1_v27+130]
Import :             4 Il2CppMethodInfo.0x418   e.g. DOTweenModuleUI.DOAnchorPos: 86 CallVoid DOGetter`1<UnityEngine.Vector2>..ctor, v105 @ X0_v8 (DG.Tweening.Core.DOGetter`1<UnityEngine.Vector2>), v70 @ X0_v3 (System.Object), [v85 @ X25_v1 (Il2CppMethodInfo)+418]
Import :             4 byref at 0x30, from Move from safeMeshData&   e.g. RFShatter.ConvertMesh: 957 Move v2031 @ X9_v121, [v1510 @ X26_v25 (safeMeshData&)+30]
Import :             4 Il2CppClass.0x938   e.g. RFFadingEvent.add_GlobalEvent: 60 CheckEqual v101 @ Z_v3 (System.Boolean), [v94 @ X0_v4 (System.Delegate)], [v45 @ X22_v1 (Il2CppClass<TMPro.KerningTable+<>c__DisplayClass3_0>)+938]
Import :             4 Il2CppClass.0x110   e.g. FluidCompute.InitParticle: 189 Move v353 @ X8_v25, [v351 @ X8_v23 (Il2CppClass<System.Xml.ValidateNames>)+110]
Import :             4 base has no type, from Move from [Il2CppClass<System.ComponentModel.BooleanConverter> + 0x460]   e.g. TweenerCore`3.ChangeStartValue: 288 CheckNotEqual v132 @ TEMPCOND_v16 (System.Boolean), [v396 @ X8_v41 (Il2CppClass<System.Object>)+40], [v289 @ X1_v25+40]
Import :             4 base has no type, from Add of [Il2CppClass<DG.Tweening.Tween> + 0xC8] and Int32   e.g. Sequence.DoStartup: 250 CheckNotEqual v439 @ TEMPCOND_v9 (System.Boolean), [v465 @ X8_v12-8], v366 @ X1_v6
Import :             4 Il2CppMethodInfo.0xC   e.g. TweenManager.GetSequence: 106 Move v91 @ X9_v12 (System.Int32), [v108 @ X8_v36 (Il2CppMethodInfo)+C]
Import :             4 Il2CppMethodInfo.0xC80   e.g. <StartPoolingCor>d__20.MoveNext: 173 Move v158 @ X2_v3, [v289 @ X22_v3 (Il2CppMethodInfo)+C80]
Import :             4 byref at 0x28, from Move from safeMeshData&   e.g. RFShatter.ConvertMesh: 906 Move v2010 @ X10_v47, [v1510 @ X26_v25 (safeMeshData&)+28]
Import :             4 base has no type, from Move from [Il2CppClass<UnityEngine.UIElements.EnumFieldHelpers> + 0x190]   e.g. DynamicUtils.GetDynamicMemberNames: 18 CheckEqual v24 @ TEMP_v17 (System.Boolean), [v22 @ X0_v26+E0], 0
Import :             4 Il2CppMethodInfo.0xA90   e.g. ShortcutExtensions.DOMoveZ: 87 CallVoid DOSetter`1<UnityEngine.Vector3>..ctor, v160 @ X0_v10 (DG.Tweening.Core.DOSetter`1<UnityEngine.Vector3>), v65 @ X0_v3 (System.Object), [v84 @ X27_v1 (Il2CppMethodInfo)+A90]
Import :             4 base has no type, from Move from [Il2CppClass<System.Xml.ValidateNames> + 0x670]   e.g. XmlElementWrapper.SetAttributeNode: 70 CheckLess v217 @ C_v9 (System.Boolean), [v154 @ X9_v5+130], [v164 @ X8_v16+130]
Import :             4 byref at 0x0, from Add of List`1<System.Int32>& and Immediate   e.g. RFShatter.ConvertMesh: 1545 ShiftLeft v3047 @ TEMPSHIFT_v52 (System.Int32), [v986 @ X21_v16 (System.Collections.Generic.List`1<System.Int32>&)+v2782 @ X26_v31 (System.Int32)], 1
Import :             4 static field storage at 0x12E   e.g. JEnumerable`1.GetEnumerator: 74 Move v204 @ X9_v4, [v224 @ X8_v34 (Il2CppStaticFields<Newtonsoft.Json.Linq.JEnumerable`1<T>>)+12E]
Import :             4 Il2CppClass.0x6D8   e.g. RFPoolingFragment..cctor: 19 Move v39 @ X8_v3, [v12 @ X20_v1 (Il2CppClass<System.Runtime.Serialization.ObjectHolderList>)+6D8]
Import :             4 Il2CppMethodInfo.0x50   e.g. ReflectionDelegateFactory.CreateGet: 95 ShiftLeft v245 @ TEMPSHIFT_v5 (System.Int32), [v242 @ X1_v10 (Il2CppMethodInfo)+50], 4
Import :             4 base has no type, from Move from [Il2CppClass<System.Xml.ValidateNames> + 0xE98]   e.g. RFShatter.paral_for: 34 Move v130 @ X9_v4, [v136 @ X1_v4+130]
Import :             4 Il2CppClass.0xDA8   e.g. PurchasePage.<LoadPurchases>b__12_0: 196 Call F7087C, v566 @ X0_v20 (System.String), result @ X1 (Facebook.Unity.IPurchasesResult), [v600 @ X22_v9 (Il2CppClass<UnityEngine.UIElements.EnumFieldHelpers>)+DA8], 0, v31 @ X3, v32 @ X4, v33 @ X5, v34 @ X6, v35 @ X7, v36 @ V0, v37 @ V1, v38 @ V2, v39 @ V3, v40 @ V4, v41 @ V5, v42 @ V6, v43 @ V7
Import :             4 base has no type, from Move from [Il2CppClass<System.ComponentModel.BooleanConverter> + 0x7F0]   e.g. DOTween.Init: 147 CheckLess v242 @ C_v3 (System.Boolean), [v239 @ X9_v4 (Il2CppClass<UnityEngine.Object>)+130], [v238 @ X8_v17+130]
Import :             4 base has no type, from Move from [Il2CppClass<Mono.Security.X509.X509Certificate> + 0x1E0]   e.g. AuthenticodeDeformatter.VerifySignature: 374 CheckLess v1474 @ C_v57 (System.Boolean), [v473 @ X9_v49 (Il2CppClass<Mono.Security.ASN1>)+130], [v652 @ X1_v21+130]
Import :             4 Il2CppClass.0xC70   e.g. DefaultJsonNameTable..cctor: 21 Move v41 @ X8_v3, [v12 @ X19_v1 (Il2CppClass<System.ComponentModel.BooleanConverter>)+C70]
Import :             4 Il2CppMethodInfo.0x438   e.g. JsonSerializerInternalReader.CreateObjectUsingCreatorWithParameters: 1082 Move v531 @ X3_v32 (Newtonsoft.Json.JsonReader), [v2665 @ X8_v179 (Il2CppMethodInfo)+438]
Import :             4 base has no type, from Move from [Il2CppClass<System.ComponentModel.BooleanConverter> + 0xFE8]   e.g. EnumUtils.InitializeValuesAndNames: 25 CheckEqual v38 @ TEMP_v44 (System.Boolean), [v36 @ X0_v157+E0], 0
Import :             4 Il2CppMethodInfo.0x318   e.g. XmlNodeWrapper.get_ChildNodes: 79 Move v109 @ X2_v3, [v319 @ X8_v21 (Il2CppMethodInfo)+318]
Import :             4 Il2CppMethodInfo.0xF58   e.g. ImmutableCollectionsUtils.TryBuildImmutableForDictionaryContract: 233 CallVoid Func`2<System.Object, System.Boolean>..ctor, v476 @ X0_v92, [v471 @ X8_v50], [v478 @ X8_v53 (Il2CppMethodInfo)+F58]
Import :             4 base has no type, from Move from [Il2CppClass<Facebook.Unity.Windows.IWindowsFacebook> + 0x3F8]   e.g. JsonSerializerInternalReader.Populate: 348 CheckLess v734 @ C_v24 (System.Boolean), [v320 @ X8_v29 (Il2CppClass<Newtonsoft.Json.Serialization.JsonArrayContract>)+130], [v310 @ X1_v27+130]
Import :             4 base has no type, from Move from [Il2CppClass<System.ComponentModel.BooleanConverter> + 0x1F8]   e.g. BinderWrapper.GetMember: 154 CheckLess v323 @ C_v10 (System.Boolean), [v188 @ X8_v23 (Il2CppClass<System.Runtime.CompilerServices.CallSiteBinder>)+130], [v181 @ X1_v18+130]
Import :             4 Il2CppMethodInfo.0xF08   e.g. JsonSerializerInternalReader.CalculatePropertyDetails: 474 Move v955 @ X2_v12, [v700 @ X19_v7 (Il2CppMethodInfo)+F08]
Import :             4 base has no type, from Move from AddressOf(stack_-98, Keyframe)   e.g. RFParticles.SetRotationOverLifeTime: 78 Move v55 @ V0_v3 (System.Single), [v247 @ X21_v5+20]
Import :             4 Il2CppMethodInfo.0x928   e.g. ShortcutExtensions.DOColor: 84 CallVoid DOGetter`1<DG.Tweening.Color2>..ctor, v100 @ X0_v8 (DG.Tweening.Core.DOGetter`1<DG.Tweening.Color2>), v65 @ X0_v3 (System.Object), [v80 @ X25_v1 (Il2CppMethodInfo)+928]
Import :             3 Il2CppMethodInfo.0xCC0   e.g. RayfireCluster.ClusterizeRangeShards: 299 Move v262 @ X2_v20, [v756 @ X8_v67 (Il2CppMethodInfo)+CC0]
Import :             3 base has no type, from Move from [AppRequestResult + 0x0]   e.g. AppRequestResult..ctor: 277 Move v899 @ X9_v34, [v856 @ X8_v40+12E]
Import :             3 Il2CppMethodInfo.0xF20   e.g. Honey.AddSolverParticle: 120 CallVoid Action`1<ParticleInitData>..ctor, v121 @ X0_v15 (System.Action`1<ParticleInitData>), v52 @ X0_v3 (System.Object), [v244 @ X24_v5 (Il2CppMethodInfo)+F20]
Import :             3 Il2CppMethodInfo.0xBD0   e.g. RFShatterAdvanced.RemovePlanar: 285 Move v301 @ X8_v43, [v638 @ X8_v41 (Il2CppMethodInfo)+BD0]
Import :             3 Il2CppClass.0x3A0   e.g. JsonWriter.WriteValue: 31 Move v52 @ X3_v1, [v50 @ X8_v5 (Il2CppClass<Newtonsoft.Json.JsonWriter>)+3A0]
Import :             3 base has no type, from Move from [Il2CppClass<System.ComponentModel.BooleanConverter> + 0xB60]   e.g. JsonTextWriter.WriteValue: 81 CheckEqual v164 @ TEMP_v25 (System.Boolean), [v162 @ X0_v32+E0], 0
Import :             3 Il2CppMethodInfo.0xD30   e.g. DiscriminatedUnionConverter..cctor: 73 CallVoid Func`2<System.Object, System.Object>..ctor, v73 @ X0_v3 (System.Func`2<System.Object, System.Object>), 0, [v30 @ X27_v1 (Il2CppMethodInfo)+D30]
Import :             3 Il2CppMethodInfo.0xB08   e.g. JsonWriter..cctor: 134 CallVoid RuntimeHelpers.InitializeArray, v201 @ X0_v21 (System.Array), [v284 @ X23_v7 (Il2CppMethodInfo)+B08]
Import :             3 Il2CppMethodInfo.0x3B0   e.g. ReflectionUtils.GetChildPrivateProperties: 257 Move v193 @ X2_v7 (System.Reflection.BindingFlags), [v65 @ X22_v3 (Il2CppMethodInfo)+3B0]
Import :             3 base has no type, from Move from [GetTournamentsResult + 0x0]   e.g. GetTournamentsResult..ctor: 213 Move v795 @ X9_v29, [v738 @ X8_v34+12E]
Import :             3 Il2CppMethodInfo.0x298   e.g. FBWindowsInitManager.InitButton: 86 CallVoid InitDelegate..ctor, v88 @ X0_v3 (Facebook.Unity.InitDelegate), this @ X0 (FBWindowsInitManager), [v81 @ X21_v1 (Il2CppMethodInfo)+298]
Import :             3 Il2CppMethodInfo.0x7F0   e.g. DefaultContractResolver.GetAttributeConstructor: 108 CallVoid Func`2<System.Object, System.Boolean>..ctor, v347 @ X0_v108, [v342 @ X8_v53], [v365 @ X8_v56 (Il2CppMethodInfo)+7F0]
Import :             3 Il2CppMethodInfo.virtualMethodPointer   e.g. DictionaryWrapper`2.Contains: 219 Move v149 @ X0_v13, [v280 @ X1_v6 (Il2CppMethodInfo)+8]
Import :             3 base has no type, from Move from [Il2CppClass<System.Runtime.Serialization.ObjectHolderList> + 0x610]   e.g. RFFadingEvent.add_GlobalEvent: 28 Move v48 @ X8_v4, [v47 @ X8_v3+B8]
Import :             3 base has no type, from Move from [Il2CppClass<System.Net.Configuration.SettingsSectionInternal> + 0xEC0]   e.g. UnixDateTimeConverter.WriteJson: 93 Move v64 @ X8_v6 (Il2CppClass<System.Object>), [v231 @ X0_v51+B8]
Import :             3 base has no type, from Move from [Il2CppClass<TMPro.KerningTable+<>c__DisplayClass3_0> + 0x940]   e.g. <>c..cctor: 25 Move v44 @ X8_v4, [v43 @ X8_v3+B8]
Import :             3 Il2CppMethodInfo.0x118   e.g. MainPage.Awake: 115 CallVoid InitDelegate..ctor, v153 @ X0_v19 (Facebook.Unity.InitDelegate), this @ X0 (MainPage), [v155 @ X8_v12 (Il2CppMethodInfo)+118]
Import :             3 base has no type, from Move from [Il2CppClass<TMPro.KerningTable+<>c__DisplayClass3_0> + 0x990]   e.g. <>c..cctor: 25 Move v44 @ X8_v4, [v43 @ X8_v3+B8]
Import :             3 base has no type, from Add of [Object + 0x18] and Int32   e.g. Kernel.DwordDivMod: 143 CheckEqual v424 @ TEMP_v26 (System.Boolean), [v423 @ X10_v9+20], 0
Import :             3 base has no type, from Move from [Il2CppClass<Facebook.Unity.Windows.IWindowsFacebook> + 0x930]   e.g. UIParticleUpdater.GetScaledMatrix: 167 Move v373 @ X8_v16, [v431 @ X8_v15+B8]
Import :             3 Il2CppMethodInfo.0x2B8   e.g. FluidSolver.CollectNearbyParticles: 106 Move v246 @ X2_v29 (System.IntPtr), [v46 @ X23_v1 (Il2CppMethodInfo)+2B8]
Import :             3 Il2CppMethodInfo.0x420   e.g. DOTweenModuleUI.DOAnchorPos: 93 CallVoid DOSetter`1<UnityEngine.Vector2>..ctor, v169 @ X0_v10 (DG.Tweening.Core.DOSetter`1<UnityEngine.Vector2>), v70 @ X0_v3 (System.Object), [v89 @ X27_v1 (Il2CppMethodInfo)+420]
Import :             3 Il2CppMethodInfo.0xA68   e.g. ShortcutExtensions.DOMoveX: 80 CallVoid DOGetter`1<UnityEngine.Vector3>..ctor, v98 @ X0_v8 (DG.Tweening.Core.DOGetter`1<UnityEngine.Vector3>), v65 @ X0_v3 (System.Object), [v80 @ X25_v1 (Il2CppMethodInfo)+A68]
Import :             3 Il2CppMethodInfo.0x398   e.g. DynamicProxy`1.GetDynamicMemberNames: 13 Move v81 @ X19_v10, [v12 @ X20_v1 (Il2CppMethodInfo)+398]
Import :             3 Il2CppMethodInfo.0x2A0   e.g. FBWindowsInitManager.InitButton: 93 CallVoid HideUnityDelegate..ctor, v121 @ X0_v5 (Facebook.Unity.HideUnityDelegate), this @ X0 (FBWindowsInitManager), [v85 @ X24_v1 (Il2CppMethodInfo)+2A0]
Import :             3 Il2CppClass.0xB40   e.g. Sequence.DoStartup: 222 Move v366 @ X1_v6, [v349 @ X24_v4 (Il2CppClass<System.Net.Configuration.SettingsSectionInternal>)+B40]
Import :             3 Il2CppClass.0xC18   e.g. RoundedPathMeshCreator.SignedArea: 66 Call F7087C, v211 @ X0_v3, poly @ X0 (System.Collections.Generic.IReadOnlyList`1<UnityEngine.Vector2>), [v58 @ X22_v1 (Il2CppClass<System.Func`1<UnityEngine.UIElements.ValidateCommandEvent>>)+C18], 0, v38 @ X3, v39 @ X4, v40 @ X5, v41 @ X6, v42 @ X7, v235 @ V0_v1, v145 @ V1_v1, v45 @ V2, v46 @ V3, v47 @ V4, v48 @ V5, v49 @ V6, v50 @ V7
Import :             3 Il2CppMethodInfo.0x810   e.g. DefaultContractResolver.GetSerializableMembers: 1088 CallVoid Func`2<System.Object, System.Boolean>..ctor, v1727 @ X0_v50, [v1722 @ X8_v28], [v1743 @ X8_v31 (Il2CppMethodInfo)+810]
Import :             3 Il2CppClass.0xA50   e.g. LevelSequenceManager..ctor: 18 Move v24 @ X0_v13, [v18 @ X20_v1 (Il2CppClass<System.Collections.Generic.List`1<UnityEngine.UIElements.StyleSheets.Syntax.Expression>>)+A50]
Import :             3 base has no type, from Move from [IXmlNode + 0x0]   e.g. XmlNodeConverter.SerializeGroupedNodes: 983 Move v1672 @ X9_v14, [v1589 @ X8_v18+12E]
Import :             3 base has no type, from Add of [Il2CppClass<Newtonsoft.Json.Linq.JObject> + 0xC8] and Int32   e.g. JsonSerializerInternalReader.ReadMetadataPropertiesToken: 132 CheckNotEqual v134 @ TEMPCOND_v10 (System.Boolean), [v437 @ X8_v15-8], v322 @ X1_v16
Import :             3 base has no type, from Move from [safeMeshData& + 0x38]   e.g. RFShatter.ConvertMesh: 1014 CheckLess v3436 @ C_v161 (System.Boolean), v2336 @ X8_v247, [v2026 @ X9_v120+18]
Import :             3 base has no type, from Move from [RayfireRigid + 0x70]   e.g. <LivingCor>d__25.MoveNext: 135 Move v86 @ V8_v8 (System.Single), [v114 @ X8_v12+24]
Import :             3 base has no type, from Move from [Type + 0x0]   e.g. TypeExtensions.ImplementInterface: 179 Move v700 @ X9_v24, [v571 @ X8_v31+12E]
Import :             3 Il2CppMethodInfo.0xBF0   e.g. RayfireVortex.SetForce: 721 Move v353 @ X1_v2 (Il2CppMethodInfo), [v449 @ X8_v6 (Il2CppMethodInfo)+BF0]
Import :             3 Il2CppMethodInfo.0xD0   e.g. GameManager.CheckFishHitWater: 269 Move v220 @ X2_v2 (System.IntPtr), [v653 @ X22_v11 (Il2CppMethodInfo)+D0]
Import :             3 base has no type, from Move from [Il2CppClass<Facebook.Unity.Windows.IWindowsFacebook> + 0x848]   e.g. MD2Managed.MD2Transform: 239 Move v462 @ X8_v23, [v225 @ X0_v14+B8]
Import :             3 Il2CppMethodInfo.0x7E0   e.g. ReflectionUtils.GetChildPrivateFields: 95 CallVoid Func`2<System.Object, System.Boolean>..ctor, v247 @ X0_v20, [v242 @ X8_v15], [v249 @ X8_v18 (Il2CppMethodInfo)+7E0]
Import :             3 base has no type, from Add of [Type + 0x18] and Int32   e.g. EnumUtils.ParseEnum: 141 Move v657 @ X20_v2 (System.UInt64), [v584 @ X8_v72+20]
Import :             3 Il2CppMethodInfo.0x910   e.g. ShortcutExtensions.DOIntensity: 84 CallVoid DOSetter`1<System.Single>..ctor, v144 @ X0_v10 (DG.Tweening.Core.DOSetter`1<System.Single>), v60 @ X0_v3 (System.Object), [v79 @ X26_v1 (Il2CppMethodInfo)+910]
Import :             3 Il2CppMethodInfo.0xFE0   e.g. JsonContract.CreateSerializationErrorCallback: 49 CallVoid SerializationErrorCallback..ctor, v65 @ X0_v9 (Newtonsoft.Json.Serialization.SerializationErrorCallback), v46 @ X0_v3 (System.Object), [v57 @ X22_v1 (Il2CppMethodInfo)+FE0]
Import :             3 Il2CppMethodInfo.0x768   e.g. ImmutableCollectionsUtils.TryBuildImmutableForArrayContract: 119 Move v254 @ X2_v4 (System.Type&), [v344 @ X8_v19 (Il2CppMethodInfo)+768]
Import :             3 base has no type, from Move from [Il2CppClass<System.Collections.Generic.List`1<UnityEngine.UIElements.StyleSheets.Syntax.Expression>> + 0x140]   e.g. JsonPropertyCollection..ctor: 62 CheckLess v122 @ C_v1 (System.Boolean), [v119 @ X10_v1 (Il2CppClass<System.Collections.Generic.List`1<Newtonsoft.Json.Serialization.JsonProperty>>)+130], [v118 @ X8_v13+130]
Import :             3 Il2CppMethodInfo.0x898   e.g. <StorageCor>d__6.MoveNext: 104 Move v170 @ X2_v2, [v265 @ X25_v5 (Il2CppMethodInfo)+898]
Import :             3 Il2CppMethodInfo.0x3F8   e.g. RoundedPathMeshCreator.BuildMesh: 1291 Move v640 @ X1_v71, [v2165 @ X8_v90 (Il2CppMethodInfo)+3F8]
Import :             3 base has no type, from Move from [<GetEnumerator>d__2<TEnumeratorKey, TEnumeratorValue> + 0x28]   e.g. <GetEnumerator>d__2.MoveNext: 88 Move v256 @ X24_v11, [v148 @ X8_v68+10]
Import :             3 base has no type, from Move from [Il2CppClass<Facebook.Unity.Windows.IWindowsFacebook> + 0x7F8]   e.g. LoginStatusResult..ctor: 67 Move v212 @ X9_v4, [v156 @ X0_v11+B8]
Import :             3 Il2CppMethodInfo.0xBF8   e.g. RayfireWind.SetForce: 143 Move v370 @ X1_v3 (UnityEngine.ForceMode), [v172 @ X23_v4 (Il2CppMethodInfo)+BF8]
Import :             3 base has no type, from Add of [Il2CppClass<System.Xml.Linq.XDocument> + 0xC8] and Int32   e.g. XDocumentWrapper.get_Document: 51 CheckNotEqual v60 @ TEMPCOND_v4 (System.Boolean), [v98 @ X8_v9-8], v42 @ X1_v2
Import :             3 Il2CppClass.0xFB8   e.g. JavaScriptUtils..cctor: 89 Move v107 @ X0_v17 (System.Collections.Generic.List`1<System.Char>), [v28 @ X21_v1 (Il2CppClass<System.Collections.Generic.List`1<UnityEngine.UIElements.StyleSheets.Syntax.Expression>>)+FB8]
Import :             3 Il2CppMethodInfo.0x9D8   e.g. XmlNodeConverter.SerializeGroupedNodes: 358 Move v541 @ X3_v1 (System.Xml.XmlNamespaceManager), [v1312 @ X8_v63 (Il2CppMethodInfo)+9D8]
Import :             3 base has no type, from Move from [Il2CppClass<System.Runtime.Serialization.ObjectHolderList> + 0x18]   e.g. GameAnalytics.Initialize: 289 Move v287 @ X4_v1, [v262 @ X20_v7+18]
Import :             3 Il2CppMethodInfo.0x7D0   e.g. ReflectionObject.Create: 636 Move v835 @ X2_v18 (System.IntPtr), [v1058 @ X8_v63 (Il2CppMethodInfo)+7D0]
Import :             3 Il2CppMethodInfo.0xE28   e.g. RFPoolingParticles.InitializeParticles: 334 Move v414 @ X2_v4, [v571 @ X8_v18 (Il2CppMethodInfo)+E28]
Import :             3 Il2CppMethodInfo.0xAD8   e.g. JToken..cctor: 145 CallVoid RuntimeHelpers.InitializeArray, v159 @ X0_v27 (System.Array), [v40 @ X26_v1 (Il2CppMethodInfo)+AD8]
Import :             3 Il2CppMethodInfo.0x9B8   e.g. XmlNodeConverter.SerializeGroupedNodes: 222 Move v876 @ X3_v18 (System.Xml.XmlNamespaceManager), [v765 @ X26_v5 (Il2CppMethodInfo)+9B8]
Import :             3 Il2CppMethodInfo.0x930   e.g. JsonSerializerInternalWriter.SerializeDynamic: 163 Move v378 @ X2_v7 (System.Dynamic.IDynamicMetaObjectProvider), [v481 @ X26_v8 (Il2CppMethodInfo)+930]
Import :             3 base has no type, from Move from [Il2CppMethodInfo + 0x4F8]   e.g. JsonReader.Push: 175 Move v48 @ X8_v3 (System.Boolean), [v117 @ X9_v3+20]
Import :             3 Il2CppMethodInfo.0xDE0   e.g. JsonObjectContract.get_HasRequiredOrDefaultValueProperties: 263 Move v570 @ X2_v7, [v64 @ X22_v3 (Il2CppMethodInfo)+DE0]
Import :             3 base has no type, from Add of [Il2CppClass<Newtonsoft.Json.Serialization.JsonArrayContract> + 0xC8] and Int32   e.g. JsonSerializerInternalReader.Populate: 186 CheckNotEqual v95 @ TEMPCOND_v21 (System.Boolean), [v619 @ X8_v51-8], v309 @ X1_v43
Import :             3 base has no type, from Add of Tween and Immediate   e.g. Vector3ArrayPlugin.EvaluateAndApply: 264 Add v691 @ V0_v5 (System.Single), v691 @ V0_v5 (System.Single), [v639 @ X10_v10+v678 @ X8_v73 (System.Int32)*4]
Import :             3 Il2CppMethodInfo.0x9D0   e.g. ShortcutExtensions.DOOffset: 88 CallVoid DOSetter`1<UnityEngine.Vector2>..ctor, v158 @ X0_v10 (DG.Tweening.Core.DOSetter`1<UnityEngine.Vector2>), v65 @ X0_v3 (System.Object), [v84 @ X26_v1 (Il2CppMethodInfo)+9D0]
Import :             3 base has no type, from Move from [Il2CppClass<System.Runtime.Serialization.ObjectHolderList> + 0xFC8]   e.g. X509Chain.IsValid: 55 CheckEqual v112 @ TEMP_v12 (System.Boolean), [v110 @ X0_v11+E0], 0
Import :             3 base has no type, from Move from [ICollection`1<T> + 0x0]   e.g. CollectionWrapper`1.System.Collections.IEnumerable.GetEnumerator: 29 Move v103 @ X9_v3, [v48 @ X8_v5+12E]
Import :             3 Il2CppMethodInfo.0x820   e.g. DefaultContractResolver.SetExtensionDataDelegates: 499 Move v174 @ X2_v8 (System.IntPtr), [v1009 @ X8_v68 (Il2CppMethodInfo)+820]
Import :             3 Il2CppMethodInfo.0x4D0   e.g. DOTweenModuleUI.DOPivotX: 88 CallVoid DOSetter`1<UnityEngine.Vector2>..ctor, v159 @ X0_v10 (DG.Tweening.Core.DOSetter`1<UnityEngine.Vector2>), v64 @ X0_v3 (System.Object), [v83 @ X26_v1 (Il2CppMethodInfo)+4D0]
Import :             3 Il2CppMethodInfo.0xFD8   e.g. JsonContract.CreateSerializationCallback: 49 CallVoid SerializationCallback..ctor, v65 @ X0_v9 (Newtonsoft.Json.Serialization.SerializationCallback), v46 @ X0_v3 (System.Object), [v57 @ X22_v1 (Il2CppMethodInfo)+FD8]
Import :             3 base has no type, from Add of [ReflectionDelegateFactory + 0x0] and Int32   e.g. ReflectionObject.Create: 145 Move v71 @ X0_v5 (Newtonsoft.Json.Utilities.ReflectionDelegateFactory), [v456 @ X8_v92+140]
Import :             3 base has no type, from Move from [Il2CppClass<CollectParticleData[]> + 0xFF8]   e.g. <>c__DisplayClass80_0.<CreateShouldSerializeTest>b__0: 107 CheckNotEqual v169 @ TEMPCOND_v2 (System.Boolean), [v157 @ X8_v9+40], [v156 @ X1_v4+40]
Import :             3 array at 0x40, from Move from ArrayAccess   e.g. BezierPath.SplitSegment: 266 Move [v368 @ X0_v15 (System.Collections.Generic.IEnumerable`1<UnityEngine.Vector3>)+28], [v399 @ X10_v4 (UnityEngine.Vector3[])+40]
Import :             3 Il2CppClass.0x398   e.g. JsonWriter.WriteValue: 30 Move v51 @ X4_v1, [v50 @ X8_v5 (Il2CppClass<Newtonsoft.Json.JsonWriter>)+398]
Import :             3 Il2CppMethodInfo.0x8F0   e.g. JsonDynamicContract..ctor: 89 CallVoid Func`2<System.Object, System.Object>..ctor, v101 @ X0_v10 (System.Func`2<System.Object, System.Object>), 0, [v42 @ X26_v1 (Il2CppMethodInfo)+8F0]
Import :             3 base has no type, from Move from [Il2CppMethodInfo + 0x720]   e.g. RFSound..ctor: 109 Move v292 @ X8_v18, [v165 @ X8_v16+20]
Import :             3 base has no type, from Add of Array and an untyped local   e.g. DeriveBytes.Derive: 412 Move [v984 @ X10_v22+20], [v1068 @ X8_v29+20]
Import :             3 base has no type, from Move from AddressOf(stack_-200)   e.g. RFShatter.SetCenterParameter: 306 Move [v38 @ X29_v1-E0], [v617 @ X8_v16+10]
Import :             3 base has no type, from Move from [Il2CppClass<System.Runtime.Serialization.ObjectHolderList> + 0x758]   e.g. RFSliceEvent.add_GlobalEvent: 28 Move v48 @ X8_v4, [v47 @ X8_v3+B8]
Import :             3 generic instance, no layout, value type argument   e.g. FluidSolver.RemoveAllPairsWith: 115 Move v178 @ X1_v7 (System.UInt64), [v83 @ stack_-80_v3 (Unity.Collections.NativeArray`1<System.UInt64>+Enumerator<System.UInt64>)+v182 @ X24_v6*8]
Import :             3 base has no type, from Move from [Il2CppClass<Sponge+<>c__DisplayClass7_0> + 0x560]   e.g. <>c..cctor: 25 Move v44 @ X8_v4, [v43 @ X8_v3+B8]
Import :             3 Il2CppClass.0x400   e.g. ReflectionUtils.GetBaseDefinition: 47 Move v82 @ X1_v6, [v80 @ X8_v7 (Il2CppClass<System.Reflection.MethodInfo>)+400]
Import :             3 Il2CppClass.0x8A8   e.g. DefaultContractResolver.GetSerializableMembers: 246 Call F7087C, v643 @ X0_v157, v156 @ X0_v14, [v210 @ X8_v115 (Il2CppClass<System.Func`1<UnityEngine.UIElements.ValidateCommandEvent>>)+8A8], 0, v1367 @ X3_v14, v40 @ X4, v41 @ X5, v42 @ X6, v43 @ X7, v44 @ V0, v45 @ V1, v46 @ V2, v47 @ V3, v48 @ V4, v49 @ V5, v50 @ V6, v51 @ V7
Import :             3 Il2CppMethodInfo.0xFA0   e.g. JsonSerializer.SetupReader: 300 Move v174 @ X2_v14 (System.Globalization.CultureInfo&), [v585 @ X8_v29 (Il2CppMethodInfo)+FA0]
Import :             3 Il2CppMethodInfo.0x8E8   e.g. JsonDynamicContract..ctor: 71 CallVoid Func`2<System.Object, System.Object>..ctor, v71 @ X0_v3 (System.Func`2<System.Object, System.Object>), 0, [v34 @ X23_v1 (Il2CppMethodInfo)+8E8]
Import :             3 Il2CppClass.0x488   e.g. JArray.get_Item: 1 Move v2 @ X3_v1, [v0 @ X8_v1 (Il2CppClass<Newtonsoft.Json.Linq.JArray>)+488]
Import :             3 Il2CppClass.0xD8   e.g. ReflectionUtils.GetMemberUnderlyingType: 223 Move v171 @ X1_v9, [v169 @ X8_v9 (Il2CppClass<UnityEngine.UIElements.EnumFieldHelpers>)+D8]
Import :             3 Il2CppMethodInfo.0x9F0   e.g. XmlNodeConverter.SerializeGroupedNodes: 543 Move v541 @ X3_v1 (System.Xml.XmlNamespaceManager), [v1685 @ X8_v77 (Il2CppMethodInfo)+9F0]
Import :             3 base has no type, from Move from [Il2CppClass<CollectParticleData[]> + 0xEF0]   e.g. BinaryConverter.EnsureReflectionObject: 121 Move v181 @ X8_v24, [v180 @ X8_v23+B8]
Import :             3 array at 0x0, from Move from the field TMP_MeshInfo[]   e.g. TextPopEffect.CacheVertexPositions: 63 Move v157 @ X8_v8 (TMPro.TMP_MeshInfo), [v191 @ X8_v7 (TMPro.TMP_MeshInfo[])+v123 @ X24_v5 (System.Int32)]
Import :             3 array at 0x38, from Move from ArrayAccess   e.g. BezierPath.SplitSegment: 265 Move [v368 @ X0_v15 (System.Collections.Generic.IEnumerable`1<UnityEngine.Vector3>)+20], [v399 @ X10_v4 (UnityEngine.Vector3[])+38]
Import :             3 base has no type, from Add of Single[] and Int32   e.g. RayfireActivator.GetSegment: 60 CheckLessOrEqual v93 @ TEMPCOND_v7 (System.Boolean), [v45 @ X11_v2+24], ration @ V0 (System.Single)
Import :             3 base has no type, from Move from [XElementWrapper + 0x0]   e.g. XElementWrapper.get_Attributes: 340 Move v999 @ X9_v31, [v957 @ X8_v56+12E]
Import :             3 Il2CppMethodInfo.0x1C8   e.g. Level.CreateSideBackgrounds: 398 Move v488 @ X8_v26, [v958 @ X23_v7 (Il2CppMethodInfo)+1C8]
Import :             3 Il2CppClass.0x680   e.g. ChallengeResponse2.Compute_NTLMv2: 114 Move v64 @ X0_v89 (System.Byte[]), [v332 @ X24_v4 (Il2CppClass<UnityEngine.UIElements.EnumFieldHelpers>)+680]
Import :             3 base has no type, from Move from [Il2CppMethodInfo + 0xAC0]   e.g. FSharpUtils..ctor: 283 ShiftLeft v100 @ TEMPSHIFT_v4 (System.Int32), [v408 @ X1_v26+50], 4
Import :             3 base has no type, from Move from [Il2CppClass<System.Net.Configuration.SettingsSectionInternal> + 0x9A8]   e.g. DateTimeUtils.TryParseMicrosoftDate: 138 Move v303 @ X8_v17, [v225 @ X0_v26+B8]
Import :             3 base has no type, from Move from [Il2CppClass<System.ComponentModel.BooleanConverter> + 0x7E0]   e.g. DOTweenExternalCommand.add_SetOrientationOnPath: 30 Move v52 @ X8_v4, [v51 @ X8_v3+B8]
Import :             3 base has no type, from Add of Char[] and Int32   e.g. DefaultJsonNameTable.Get: 265 CheckNotEqual v571 @ TEMPCOND_v22 (System.Boolean), v396 @ X0_v25 (System.Char), [v625 @ X8_v31+20]
Import :             3 Il2CppClass.0xE98   e.g. FBWindowsSoftKeyboardManager.CallbackSetSoftKeyboardOpen: 152 Call F7087C, v438 @ X0_v7, result @ X1 (Facebook.Unity.ISoftKeyboardOpenResult), [v315 @ X10_v3 (Il2CppClass<UnityEngine.UIElements.EnumFieldHelpers>)+E98], 0, v31 @ X3, v32 @ X4, v33 @ X5, v34 @ X6, v35 @ X7, v36 @ V0, v37 @ V1, v38 @ V2, v39 @ V3, v40 @ V4, v41 @ V5, v42 @ V6, v43 @ V7
Import :             3 base has no type, from Add of the field Vector3[] and an untyped local   e.g. VertexPath.GetPointAtTime: 40 MakeStruct v45 @ AGG1E43DDC_0_v3 (UnityEngine.Vector3), typeof(UnityEngine.Vector3), [v98 @ X8_v4+20], [v98 @ X8_v4+24], [v98 @ X8_v4+28]
Import :             3 base has no type, from Add of Mesh& and Immediate   e.g. RFShatter.ConvertMesh: 670 Call Dictionary`2<System.Object, System.Object>.get_Count, v2377 @ X0_v256 (System.Int32), [v991 @ X22_v41+v1482 @ X20_v69 (System.Int32)*8]
Import :             3 byref at 0x38, from no definition   e.g. RFShatter.DetachMesh: 664 Add v1771 @ X12_v40, [in_mesh_data @ X2 (safeMeshData&)+38], v1770 @ TEMPSHIFT_v56 (System.Int32)
Import :             3 Il2CppClass.0x480   e.g. JArray.Remove: 2 Move v3 @ X2_v1, [v0 @ X8_v1 (Il2CppClass<Newtonsoft.Json.Linq.JArray>)+480]
Import :             3 Il2CppMethodInfo.0x5A8   e.g. JsonSerializerInternalReader.CreateObjectUsingCreatorWithParameters: 650 Call 112902C, v2631 @ X0_v323, v1102 @ X0_v55 (System.Collections.Generic.List`1<Newtonsoft.Json.Serialization.JsonSerializerInternalReader+CreatorPropertyContext>), v2614 @ X0_v321 (System.Object), [v1298 @ X26_v21 (Il2CppMethodInfo)+5A8]
Import :             3 base has no type, from Move from [safeMeshData& + 0x30]   e.g. RFShatter.ConvertMesh: 964 CheckLess v3364 @ C_v167 (System.Boolean), v2014 @ X10_v53, [v2031 @ X9_v121+18]
Import :             3 Il2CppMethodInfo.0xB00   e.g. JsonPosition..cctor: 37 CallVoid RuntimeHelpers.InitializeArray, v50 @ X0_v3 (System.Array), [v18 @ X21_v1 (Il2CppMethodInfo)+B00]
Import :             3 Il2CppClass.0xA28   e.g. DefaultContractResolver.GetSerializableMembers: 446 Call F7087C, v1455 @ X0_v176, v443 @ stack_-68_v14, [v713 @ X22_v23 (Il2CppClass<System.Func`1<UnityEngine.UIElements.ValidateCommandEvent>>)+A28], 0, v1367 @ X3_v14, v40 @ X4, v41 @ X5, v42 @ X6, v43 @ X7, v44 @ V0, v45 @ V1, v46 @ V2, v47 @ V3, v48 @ V4, v49 @ V5, v50 @ V6, v51 @ V7
Import :             3 base has no type, from Move from [Il2CppClass<System.ComponentModel.BooleanConverter> + 0x5B8]   e.g. Constants.get_CurrentPlatform: 33 Move v112 @ X0_v3, [v46 @ X8_v3+B8]
Import :             3 Il2CppMethodInfo.0xEF8   e.g. JsonObjectContract.get_HasRequiredOrDefaultValueProperties: 230 Move v397 @ X2_v16, [v322 @ X26_v7 (Il2CppMethodInfo)+EF8]
Import :             3 base has no type, from Move from [Object + 0x40]   e.g. RayfireRigidRoot.SetShards: 632 CallVoid RFSound.InitializationSound, [v1155 @ X0_v76 (UnityEngine.Object)+D8], [v648 @ X8_v56+A0]
Import :             3 array at 0x30, from Move from ArrayAccess   e.g. BezierPath.SplitSegment: 358 MakeStruct v385 @ AGG1E3CDFC_2_v4 (UnityEngine.Vector3), typeof(UnityEngine.Vector3), [v559 @ X8_v23 (UnityEngine.Vector3[])+2C], [v559 @ X8_v23 (UnityEngine.Vector3[])+30], [v559 @ X8_v23 (UnityEngine.Vector3[])+34]
Import :             3 base has no type, from Add of UInt32[] and Immediate   e.g. Kernel.PlusEq: 115 Add v389 @ X2_v5, v258 @ X2_v4 (System.Int32), [v245 @ X5_v3+v155 @ X6_v4 (System.Int32)]
Import :             3 base has no type, from Add of Mesh& and Int32   e.g. RFShatter.ConvertMesh: 521 CheckEqual v709 @ TEMP_v154 (System.Boolean), [v2467 @ X8_v273+20], 0
Import :             3 Il2CppMethodInfo.0xD78   e.g. FluidSolver.RemovePowerUp: 257 CallVoid Action`1<System.Collections.Generic.HashSet`1<System.Int32>>..ctor, v371 @ X0_v16 (System.Action`1<System.Collections.Generic.HashSet`1<System.Int32>>), v56 @ X0_v3 (FluidSolver+<>c__DisplayClass169_0), [v369 @ X23_v6 (Il2CppMethodInfo)+D78]
Import :             3 Il2CppMethodInfo.0xB40   e.g. DateTimeUtils..cctor: 64 CallVoid RuntimeHelpers.InitializeArray, v81 @ X0_v8 (System.Array), [v26 @ X21_v1 (Il2CppMethodInfo)+B40]
Import :             3 Il2CppMethodInfo.0x370   e.g. IOSFacebook.AppRequest: 129 Move actionType @ X2 (System.Nullable`1<Facebook.Unity.OGActionType>), [v152 @ X8_v5 (Il2CppMethodInfo)+370]
Import :             3 Il2CppClass.0x550   e.g. PathPlugin.SetChangeValue: 66 Move v390 @ X1_v25, [v388 @ X9_v27 (Il2CppClass<System.ComponentModel.BooleanConverter>)+550]
Import :             3 array at 0x3C, from a call's result   e.g. VertexPathUtility.SplitBezierPathEvenly: 758 Multiply v1715 @ V1_v38 (System.Single), [v690 @ X0_v44 (UnityEngine.Vector3[])+3C], v1716 @ V3.S0
Import :             3 Il2CppMethodInfo.0xB20   e.g. JToken..cctor: 132 CallVoid RuntimeHelpers.InitializeArray, v148 @ X0_v22 (System.Array), [v38 @ X27_v1 (Il2CppMethodInfo)+B20]
Import :             3 base has no type, from Move from [Il2CppClass<Facebook.Unity.AsyncRequestString+<Start>d__9> + 0x850]   e.g. <>c..cctor: 25 Move v44 @ X8_v4, [v43 @ X8_v3+B8]
Import :             3 Il2CppMethodInfo.0x380   e.g. DynamicProxyMetaObject`1.get_NoArgs: 13 Move v81 @ X19_v10, [v12 @ X20_v1 (Il2CppMethodInfo)+380]
Import :             3 Il2CppMethodInfo.0xB48   e.g. JsonWriter..cctor: 238 CallVoid RuntimeHelpers.InitializeArray, v205 @ X0_v37 (System.Array), [v317 @ X23_v13 (Il2CppMethodInfo)+B48]
Import :             3 Il2CppMethodInfo.0xB80   e.g. FluidSolver.UpdatePowerUpMidpoints: 55 Move v136 @ X1_v2 (Il2CppMethodInfo), [v57 @ X23_v4 (Il2CppMethodInfo)+B80]
Import :             3 base has no type, from Move from [XContainerWrapper + 0x0]   e.g. XContainerWrapper.get_ChildNodes: 255 Move v791 @ X9_v29, [v748 @ X8_v45+12E]
Import :             3 Il2CppMethodInfo.0x808   e.g. DefaultContractResolver.GetSerializableMembers: 179 CallVoid Func`2<System.Object, System.Boolean>..ctor, v168 @ X0_v199, [v162 @ X8_v148], [v176 @ X8_v151 (Il2CppMethodInfo)+808]
Import :             3 Il2CppMethodInfo.0xA30   e.g. RFDemolitionCluster.ClusterizeDetachShards: 311 Move v124 @ X2_v11, [v771 @ X28_v8 (Il2CppMethodInfo)+A30]
Import :             3 base has no type, from Move from [Il2CppMethodInfo + 0x490]   e.g. RFDictionary.GetDictionary: 59 Move v261 @ X8_v11, [v126 @ X8_v8+20]
Import :             3 base has no type, from Move from [Il2CppMethodInfo + 0x928]   e.g. TweenManager.GetActiveTweens: 161 Move v564 @ X8_v41, [v487 @ X8_v39+20]
Import :             3 base has no type, from Move from AddressOf(stack_-140)   e.g. UIParticleUpdater.GetScaledMatrix: 245 Move [v12 @ X29_v1-60], [v452 @ X8_v7+10]
Import :             3 Il2CppClass.0xE28   e.g. JsonTypeReflector.CreateNamingStrategyInstance: 66 Move v131 @ X1_v6, [v146 @ X8_v9 (Il2CppClass<Facebook.Unity.Windows.IWindowsFacebook>)+E28]
Import :             3 base has no type, from Add of AddressOf(stack_-EC, Vector3) and Immediate   e.g. ImageSliceWithUV.ModifyMesh: 403 Move [v644 @ X22_v6+10], [v644 @ X22_v6+10]
Import :             3 base has no type, from Move from [Il2CppClass<System.Runtime.Serialization.ObjectHolderList> + 0x748]   e.g. RFShotEvent.add_GlobalEvent: 28 Move v48 @ X8_v4, [v47 @ X8_v3+B8]
Import :             3 Il2CppMethodInfo.0x908   e.g. ShortcutExtensions.DOIntensity: 77 CallVoid DOGetter`1<System.Single>..ctor, v93 @ X0_v8 (DG.Tweening.Core.DOGetter`1<System.Single>), v60 @ X0_v3 (System.Object), [v75 @ X24_v1 (Il2CppMethodInfo)+908]
Import :             3 Il2CppMethodInfo.0x630   e.g. CollectionManager.OnSolverStartRemoveParticles: 282 Call F3F1B4, v766 @ X0_v51, v443 @ X25_v11, v761 @ X0_v48 (Lock), [v758 @ X8_v40 (Il2CppMethodInfo)+630], v508 @ X3_v9 (System.Func`1<UnityEngine.Vector2>), v114 @ X4_v4 (System.Action), v50 @ X5, v51 @ X6, v52 @ X7, v213 @ V0_v5, v123 @ V1_v4, v120 @ V2_v4, v117 @ V3_v4, v57 @ V4, v58 @ V5, v59 @ V6, v60 @ V7
Import :             3 Il2CppMethodInfo.0x388   e.g. CollectionUtils.ToMultidimensionalArray: 169 Move v353 @ X21_v2, [v65 @ X23_v1 (Il2CppMethodInfo)+388]
Import :             3 base has no type, from Add of Int32[] and Int32   e.g. RFShatter.SetInputMesh: 483 ShiftLeft v210 @ TEMPSHIFT_v30 (System.Int32), [v1289 @ X8_v150+20], 3
Import :             3 Il2CppClass.0x2F8   e.g. JsonWriter.WriteValue: 32 Move v53 @ X3_v1, [v45 @ X8_v3 (Il2CppClass<Newtonsoft.Json.JsonWriter>)+2F8]
Import :             3 Il2CppMethodInfo.0x408   e.g. RFDemolitionCluster.DivideShards: 145 Move v138 @ X2_v3, [v536 @ X20_v5 (Il2CppMethodInfo)+408]
Import :             3 Il2CppMethodInfo.0xA40   e.g. DefaultContractResolver.CreateProperties: 339 Call 274A080, v426 @ X0_v47, v333 @ X0_v38 (System.OutOfMemoryException), [v392 @ X8_v6 (Il2CppMethodInfo)+A40], v306 @ X2_v9 (Newtonsoft.Json.MemberSerialization), [v236 @ X8_v34 (Il2CppClass<Newtonsoft.Json.Serialization.DefaultContractResolver>)+2A0], v41 @ X4, v42 @ X5, v43 @ X6, v44 @ X7, v141 @ stack_-A8 (System.Collections.Generic.List`1<System.Object>+Enumerator<System.Object>), v46 @ V1, v47 @ V2, v48 @ V3, v49 @ V4, v50 @ V5, v51 @ V6, v52 @ V7
Import :             3 Il2CppMethodInfo.0xD60   e.g. ConvertUtils..cctor: 1392 CallVoid Func`2<Newtonsoft.Json.Utilities.StructMultiKey`2<System.Object, System.Object>, System.Object>..ctor, v1369 @ X0_v369, 0, [v1353 @ X22_v6 (Il2CppMethodInfo)+D60]
Import :             3 Il2CppClass.0x268   e.g. ReflectionUtils.GetMemberUnderlyingType: 255 Move v317 @ X2_v4, [v172 @ X9_v5 (Il2CppClass<System.Reflection.MemberInfo>)+268]
Import :             3 Il2CppMethodInfo.0x1F0   e.g. ConvertUtils.CreateCastConverter: 188 CallVoid Func`2<System.Object, System.Object>..ctor, v275 @ X0_v32 (System.Func`2<System.Object, System.Object>), v53 @ X0_v3 (System.Object), [v277 @ X8_v21 (Il2CppMethodInfo)+1F0]
Import :             3 Il2CppClass.0xDC0   e.g. FBWindowsReferralsManager.CallbackReferralsCreate: 155 Call F7087C, v511 @ X0_v7, result @ X1 (Facebook.Unity.IReferralsCreateResult), [v389 @ X22_v4 (Il2CppClass<UnityEngine.UIElements.EnumFieldHelpers>)+DC0], 0, v31 @ X3, v32 @ X4, v33 @ X5, v34 @ X6, v35 @ X7, v36 @ V0, v37 @ V1, v38 @ V2, v39 @ V3, v40 @ V4, v41 @ V5, v42 @ V6, v43 @ V7
Import :             3 base has no type, from Add of [Il2CppClass<UnityEngine.Collider> + 0xC8] and Int32   e.g. RFActivation.ActivateRigid: 142 CheckNotEqual v536 @ TEMPCSEL_v7 (System.Boolean), [v525 @ X10_v10-8], v471 @ X9_v17
Import :             3 Il2CppMethodInfo.0xA20   e.g. ShortcutExtensions.DOVector: 101 CallVoid DOSetter`1<UnityEngine.Vector4>..ctor, v225 @ X0_v21 (DG.Tweening.Core.DOSetter`1<UnityEngine.Vector4>), v68 @ X0_v3 (System.Object), [v232 @ X8_v18 (Il2CppMethodInfo)+A20]
Import :             3 base has no type, from Move from [IEnumerable`1<T> + 0x0]   e.g. CollectionUtils.IndexOf: 160 Add v658 @ X10_v20, [v615 @ X8_v31+B0], 8
Import :             3 Il2CppMethodInfo.0xB18   e.g. JToken..cctor: 158 CallVoid RuntimeHelpers.InitializeArray, v170 @ X0_v32 (System.Array), [v42 @ X25_v1 (Il2CppMethodInfo)+B18]
Import :             3 Il2CppMethodInfo.0x450   e.g. DOTweenModuleUI.DOAnchorPos3D: 95 CallVoid DOSetter`1<UnityEngine.Vector3>..ctor, v172 @ X0_v10 (DG.Tweening.Core.DOSetter`1<UnityEngine.Vector3>), v71 @ X0_v3 (System.Object), [v90 @ X27_v1 (Il2CppMethodInfo)+450]
Import :             3 Il2CppClass.0x930   e.g. UIParticleUpdater.GetScaledMatrix: 166 Move v431 @ X8_v15, [v429 @ X8_v13 (Il2CppClass<Facebook.Unity.Windows.IWindowsFacebook>)+930]
Import :             3 base has no type, from Move from [Component + 0x30]   e.g. RFDemolitionMesh.SliceMesh: 391 CheckEqual v408 @ TEMP_v45 (System.Boolean), [v293 @ X9_v10+40], 0
Import :             3 Il2CppMethodInfo.0x978   e.g. Octopus.Split: 347 Move v324 @ X2_v8, [v617 @ X8_v22 (Il2CppMethodInfo)+978]
Import :             3 Il2CppClass.0x4D8   e.g. JArray.CopyTo: 1 Move v2 @ X4_v1, [v0 @ X8_v1 (Il2CppClass<Newtonsoft.Json.Linq.JArray>)+4D8]
Import :             3 Il2CppMethodInfo.0x4B8   e.g. DOTweenModuleUI.DOPivot: 85 CallVoid DOGetter`1<UnityEngine.Vector2>..ctor, v104 @ X0_v8 (DG.Tweening.Core.DOGetter`1<UnityEngine.Vector2>), v69 @ X0_v3 (System.Object), [v84 @ X24_v1 (Il2CppMethodInfo)+4B8]
Import :             3 Il2CppMethodInfo.0xC18   e.g. FluidSolver.RemoveParticles: 164 Move v121 @ X2_v4 (System.Action`1<System.Collections.Generic.HashSet`1<System.Int32>>), [v291 @ X23_v4 (Il2CppMethodInfo)+C18]
Import :             3 base has no type, from Move from [Il2CppMethodInfo + 0x1C8]   e.g. Level.CreateSideBackgrounds: 424 Move v965 @ X8_v65, [v488 @ X8_v26+20]
Import :             2 array at 0x0, from Move from the field CollectParticleData[]   e.g. FluidCollectDisplay.OnPreComputeUpdate: 342 Add v450 @ V1_v15, [v694 @ X8_v20 (CollectParticleData[])+v286 @ X24_v4 (System.Int32)], 1045220557
Import :             2 Il2CppMethodInfo.0x648   e.g. ProductRowPrefab.SetThumb: 77 Call F3F1B4, v112 @ X0_v13, v110 @ X0_v12, url @ X2 (System.String), [v32 @ X24_v1 (Il2CppMethodInfo)+648], 0, v43 @ X4, v44 @ X5, v45 @ X6, v46 @ X7, v47 @ V0, v48 @ V1, v49 @ V2, v50 @ V3, v51 @ V4, v52 @ V5, v53 @ V6, v54 @ V7
Import :             2 Il2CppMethodInfo.0xD50   e.g. FluidSolver.AddBee: 82 CallVoid Action`1<ParticleInitData>..ctor, v217 @ X0_v14 (System.Action`1<ParticleInitData>), v59 @ X0_v3 (FluidSolver+<>c__DisplayClass151_0), [v74 @ X24_v2 (Il2CppMethodInfo)+D50]
Import :             2 Il2CppMethodInfo.0x720   e.g. RFSound..ctor: 126 Move v165 @ X8_v16, [v273 @ X25_v4 (Il2CppMethodInfo)+720]
Import :             2 Il2CppMethodInfo.0x238   e.g. RFShatter.sl_element_mesh_par: 743 Move v2725 @ X3_v28 (UnityEngine.Mesh[]&), [v2782 @ X25_v48 (Il2CppMethodInfo)+238]
Import :             2 base has no type, from Move from [Il2CppMethodInfo + 0x108]   e.g. AndroidFacebook.IsImplicitPurchaseLoggingEnabled: 65 Call F7087C, v176 @ X0_v3, v43 @ X19_v2 (Facebook.Unity.Mobile.Android.IAndroidWrapper), [v51 @ X21_v1+20], [v51 @ X21_v1+50], v26 @ X3, v27 @ X4, v28 @ X5, v29 @ X6, v30 @ X7, v31 @ V0, v32 @ V1, v33 @ V2, v34 @ V3, v35 @ V4, v36 @ V5, v37 @ V6, v38 @ V7
Import :             2 base has no type, from Move from [Il2CppClass<Sponge+<>c__DisplayClass7_0> + 0x788]   e.g. X509Crl.GetCrlEntry: 74 CheckLess v366 @ C_v9 (System.Boolean), [v282 @ X8_v11 (Il2CppClass<System.Object>)+130], [v201 @ X1_v12+130]
Import :             2 base has no type, from Move from [Il2CppClass<System.Xml.ValidateNames> + 0x578]   e.g. XElementWrapper.SetAttributeNode: 29 CheckLess v50 @ C_v9 (System.Boolean), [v47 @ X8_v18 (Il2CppClass<Newtonsoft.Json.Converters.IXmlNode>)+130], [v46 @ X1_v7+130]
Import :             2 base has no type, from Move from RuntimeClassTypeAnalysisContext   e.g. <>c__DisplayClass55_0`2.<BuildMapCreator>b__0: 168 Add v401 @ X0_v47 (System.Func`2<System.Collections.Generic.KeyValuePair`2<TKey, TValue>, System.Tuple`2<TKey, TValue>>), [v400 @ X0_v46+B8], 8
Import :             2 Il2CppClass.rgctx_data   e.g. Singleton`1.get_Instance: 204 Move v239 @ X8_v15, [v90 @ X0_v4 (Il2CppClass<Singleton`1>)+C0]
Import :             2 Il2CppMethodInfo.0x628   e.g. FluidSolver.UpdateBeeMidpoints: 55 Move v136 @ X1_v2 (Il2CppMethodInfo), [v57 @ X23_v4 (Il2CppMethodInfo)+628]
Import :             2 Il2CppMethodInfo.0x168   e.g. RFShatter.GetCombinedSubMesh: 128 Move v599 @ X1_v2, [v94 @ X28_v3 (Il2CppMethodInfo)+168]
Import :             2 Il2CppMethodInfo.0x58   e.g. CollectionManager.OnSolverStartRemoveParticles: 197 CallVoid Func`1<UnityEngine.Vector2>..ctor, v734 @ X0_v66 (System.Func`1<UnityEngine.Vector2>), v665 @ X0_v59 (System.Object), [v736 @ X8_v53 (Il2CppMethodInfo)+58]
Import :             2 base has no type, from Move from [Il2CppClass<UnityEngine.UIElements.EnumFieldHelpers> + 0xD8]   e.g. ReflectionUtils.GetMemberUnderlyingType: 227 CheckLess v175 @ C_v8 (System.Boolean), [v172 @ X9_v5 (Il2CppClass<System.Reflection.MemberInfo>)+130], [v171 @ X1_v9+130]
Import :             2 base has no type, from Move from [Il2CppClass<System.Net.Configuration.SettingsSectionInternal> + 0x188]   e.g. RayfireConnectivity.GetOverlappedColliders: 158 CheckLess v609 @ C_v5 (System.Boolean), [v608 @ X9_v5 (Il2CppClass<UnityEngine.Collider>)+130], [v607 @ X8_v25+130]
Import :             2 base has no type, from Move from [Il2CppClass<System.Net.Configuration.SettingsSectionInternal> + 0x588]   e.g. SubscriptionResult..ctor: 281 CheckLess v747 @ C_v17 (System.Boolean), [v355 @ X9_v28 (Il2CppClass<Facebook.Unity.Subscription>)+130], [v362 @ X8_v31+130]
Import :             2 base has no type, from Move from [Il2CppClass<System.Runtime.Serialization.ObjectHolderList> + 0xBC8]   e.g. Physics.SetOrientationOnPath: 71 CheckLess v139 @ C_v2 (System.Boolean), [v134 @ X8_v7 (Il2CppClass<UnityEngine.Rigidbody>)+130], [v130 @ X1_v2+130]
Import :             2 Il2CppMethodInfo.0xCD0   e.g. FluidSolver.UpdateSpongeMidpoints: 55 Move v136 @ X1_v2 (Il2CppMethodInfo), [v57 @ X23_v4 (Il2CppMethodInfo)+CD0]
Import :             2 Il2CppMethodInfo.0xB38   e.g. JsonWriter..cctor: 64 CallVoid RuntimeHelpers.InitializeArray, v61 @ X0_v5 (System.Array), [v24 @ X21_v1 (Il2CppMethodInfo)+B38]
Import :             2 Il2CppMethodInfo.0x590   e.g. FluidSoundFX.Awake: 41 CallVoid Action..ctor, v185 @ X0_v27 (System.Action), this @ X0 (FluidSoundFX), [v183 @ X24_v8 (Il2CppMethodInfo)+590]
Import :             2 base has no type, from Move from [Il2CppClass<Facebook.Unity.Windows.IWindowsFacebook> + 0x440]   e.g. JsonPosition.WriteTo: 61 Move v101 @ X8_v8, [v100 @ X8_v7+B8]
Import :             2 Il2CppClass.0x760   e.g. XmlNodeWrapper.get_Attributes: 64 Move v229 @ X9_v12, [v227 @ X8_v16 (Il2CppClass<System.Xml.ValidateNames>)+760]
Import :             2 base has no type, from Move from [JsonContract + 0x0]   e.g. JsonSerializerInternalReader.PopulateDictionary: 163 CheckLess v543 @ C_v36 (System.Boolean), [v540 @ X10_v20+130], [v539 @ X9_v45+130]
Import :             2 Il2CppMethodInfo.0x2F0   e.g. Tween..ctor: 90 Call F3F1B4, v103 @ X0_v6, v101 @ X0_v5, v96 @ X20_v3 (System.Func`2<System.Single, System.Single>), [v134 @ X8_v16 (Il2CppMethodInfo)+2F0], 0, v31 @ X4, v32 @ X5, v33 @ X6, v34 @ X7, v35 @ V0, v36 @ V1, v37 @ V2, v38 @ V3, v39 @ V4, v40 @ V5, v41 @ V6, v42 @ V7
Import :             2 base has no type, from Move from [Il2CppClass<Facebook.Unity.Windows.IWindowsFacebook> + 0x1A8]   e.g. DiscriminatedUnionConverter.CreateUnion: 626 CheckNotEqual v648 @ TEMPCOND_v15 (System.Boolean), [v1262 @ X8_v54+40], [v673 @ X1_v39+40]
Import :             2 base has no type, from Add of the field StringReference and Int32   e.g. JsonTextReader.ParseReadNumber: 221 CheckEqual v246 @ Z_v9 (System.Boolean), [v299 @ X10_v5+20], 46
Import :             2 Il2CppMethodInfo.0xF28   e.g. JObject.System.Collections.Generic.ICollection<System.Collections.Generic.KeyValuePair<System.String,Newtonsoft.Json.Linq.JToken>>.CopyTo: 300 Move v824 @ X3_v8 (Il2CppMethodInfo), [v586 @ X27_v12 (Il2CppMethodInfo)+F28]
Import :             2 base has no type, from Move from [Il2CppClass<UnityEngine.UIElements.EnumFieldHelpers> + 0x568]   e.g. JsonDynamicContract.CreateCallSiteGetter: 64 CheckLess v85 @ C_v2 (System.Boolean), [v82 @ X8_v7 (Il2CppClass<System.Runtime.CompilerServices.CallSiteBinder>)+130], [v81 @ X1_v6+130]
Import :             2 Il2CppClass.vtable   e.g. MiscellaneousUtils.ValueEquals: 103 Move v296 @ X3_v1 (System.Int32), [v392 @ X8_v14 (Il2CppClass<System.Object>)+138]
Import :             2 Il2CppMethodInfo.0x1E8   e.g. FluidSolver.UpdateMergeDeltasAndFinish: 326 Move v424 @ X1_v4 (System.Int32), [v442 @ X8_v18 (Il2CppMethodInfo)+1E8]
Import :             2 base has no type, from Move from [Il2CppClass<System.ComponentModel.BooleanConverter> + 0xF10]   e.g. <>c__DisplayClass36_0.<Init>b__1: 30 CheckLess v71 @ C_v2 (System.Boolean), [v68 @ X8_v11+130], [v67 @ X1_v2+130]
Import :             2 Il2CppMethodInfo.0xA18   e.g. ShortcutExtensions.DOVector: 90 CallVoid DOGetter`1<UnityEngine.Vector4>..ctor, v189 @ X0_v19 (DG.Tweening.Core.DOGetter`1<UnityEngine.Vector4>), v68 @ X0_v3 (System.Object), [v195 @ X8_v14 (Il2CppMethodInfo)+A18]
Import :             2 Il2CppMethodInfo.0x6E0   e.g. SettingsScreen.Start: 187 CallVoid Action..ctor, v229 @ X0_v32 (System.Action), this @ X0 (SettingsScreen), [v200 @ X23_v6 (Il2CppMethodInfo)+6E0]
Import :             2 base has no type, from Add of [Il2CppClass<Mono.Security.X509.X509Extension> + 0xC8] and Int32   e.g. X509Chain.IsParent: 153 CheckNotEqual v68 @ TEMPCOND_v9 (System.Boolean), [v319 @ X8_v22-8], v175 @ X1_v13
Import :             2 Il2CppClass.0xA80   e.g. JsonSerializerInternalWriter.SerializeDynamic: 402 Call F7087C, v1018 @ X0_v55, v261 @ stack_-78_v8, [v955 @ X8_v40 (Il2CppClass<System.Func`1<UnityEngine.UIElements.ValidateCommandEvent>>)+A80], 0, v517 @ X3_v8 (Newtonsoft.Json.Serialization.JsonContract), v839 @ X4_v12 (Newtonsoft.Json.Serialization.JsonProperty), v838 @ X5_v12 (Newtonsoft.Json.Serialization.JsonContainerContract), v837 @ X6_v12 (Newtonsoft.Json.Serialization.JsonProperty), v508 @ X7_v5 (Il2CppMethodInfo), v49 @ V0, v50 @ V1, v51 @ V2, v52 @ V3, v53 @ V4, v54 @ V5, v55 @ V6, v56 @ V7
Import :             2 Il2CppMethodInfo.0xE58   e.g. GameManager.CheckFishHitWater: 359 CallVoid Action..ctor, v711 @ X0_v68 (System.Action), v252 @ X0_v54 (System.Object), [v712 @ X8_v42 (Il2CppMethodInfo)+E58]
Import :             2 Il2CppMethodInfo.0xD70   e.g. FluidSolver.AddPowerUp: 286 CallVoid Action`1<ParticleInitData>..ctor, v802 @ X0_v29 (System.Action`1<ParticleInitData>), v69 @ X0_v3 (FluidSolver+<>c__DisplayClass162_0), [v790 @ X26_v6 (Il2CppMethodInfo)+D70]
Import :             2 Il2CppMethodInfo.0xF88   e.g. JsonSerializer.SerializeInternal: 274 Move v182 @ X2_v35, [v769 @ X8_v86 (Il2CppMethodInfo)+F88]
Import :             2 Il2CppMethodInfo.0xBB8   e.g. GameplayScreen.Awake: 61 CallVoid Action..ctor, v78 @ X0_v9 (System.Action), this @ X0 (GameplayScreen), [v73 @ X24_v1 (Il2CppMethodInfo)+BB8]
Import :             2 base has no type, from Move from [safeMeshData& + 0x28]   e.g. RFShatter.ConvertMesh: 913 CheckLess v2962 @ C_v138 (System.Boolean), v2001 @ X11_v37, [v2010 @ X10_v47+18]
Import :             2 base has no type, from Move from [safeMeshData& + 0x48]   e.g. RFShatter.ConvertMesh: -1 Move v2583 @ X1_v144 (System.Int32), [v718 @ X8_v268+v678 @ X23_v44 (System.Int32)*4]
Import :             2 Il2CppMethodInfo.0x618   e.g. RFReset.FragmentReuseState: 184 CallVoid Func`2<System.Object, System.Boolean>..ctor, v262 @ X0_v30, [v256 @ X8_v20], [v288 @ X8_v23 (Il2CppMethodInfo)+618]
Import :             2 Il2CppClass.0x788   e.g. XmlNodeConverter.ReadJson: 156 Call Type.GetTypeFromHandle, v651 @ X0_v145 (System.Type), [v629 @ X8_v81 (Il2CppClass<System.Collections.Generic.NullableComparer`1>)+788]
Import :             2 Il2CppMethodInfo.0x90   e.g. CollectionManager.OnCollectOctopus: 93 CallVoid Action..ctor, v205 @ X0_v22 (System.Action), v208 @ X0_v11 (System.Object), [v382 @ X8_v32 (Il2CppMethodInfo)+90]
Import :             2 Il2CppClass.0xE58   e.g. ReflectionUtils.GetFullyQualifiedTypeName: 66 Call F7087C, v196 @ X0_v4, binder @ X1 (Newtonsoft.Json.Serialization.ISerializationBinder), [v50 @ X8_v4 (Il2CppClass<UnityEngine.UIElements.EnumFieldHelpers>)+E58], 1, v27 @ X3, v28 @ X4, v29 @ X5, v30 @ X6, v31 @ X7, v32 @ V0, v33 @ V1, v34 @ V2, v35 @ V3, v36 @ V4, v37 @ V5, v38 @ V6, v39 @ V7
Import :             2 base has no type, from Add of [safeMeshData& + 0x30] and Immediate   e.g. RFShatter.ConvertMesh: 1000 Move v554 @ V7_v3 (System.Int32), [v3300 @ X9_v122+v2005 @ X11_v42*4]
Import :             2 Il2CppMethodInfo.0xAE8   e.g. JToken..cctor: 106 CallVoid RuntimeHelpers.InitializeArray, v115 @ X0_v12 (System.Array), [v34 @ X22_v1 (Il2CppMethodInfo)+AE8]
Import :             2 base has no type, from Move from [Il2CppClass<System.Runtime.Serialization.ObjectHolderList> + 0xB00]   e.g. DebugSDF.OnDrawGizmos: 65 CheckLess v252 @ C_v2 (System.Boolean), [v216 @ X9_v2 (Il2CppClass<UnityEngine.RenderTexture>)+130], [v226 @ X8_v7+130]
Import :             2 Il2CppMethodInfo.0x2F8   e.g. Tween.SetCurve: 53 CallVoid Func`2<System.Single, System.Single>..ctor, v70 @ X0_v9 (System.Func`2<System.Single, System.Single>), v51 @ X0_v3 (System.Object), [v62 @ X23_v1 (Il2CppMethodInfo)+2F8]
Import :             2 Il2CppClass.0xCE8   e.g. RFLimitations.Checks: 861 Move v47 @ X8_v4 (RayFire.SimType), [v1674 @ X8_v76 (Il2CppClass<System.ComponentModel.BooleanConverter>)+CE8]
Import :             2 base has no type, from Move from [Il2CppMethodInfo + 0xC88]   e.g. ShortcutExtensions.DOLocalJump: 253 Move [v421 @ X0_v27+10], [v423 @ X24_v5+8]
Import :             2 base has no type, from Move from [Il2CppMethodInfo + 0xC48]   e.g. ShortcutExtensions.DOJump: 253 Move [v421 @ X0_v27+10], [v423 @ X24_v5+8]
Import :             2 Il2CppMethodInfo.0x548   e.g. FluidDisplay.Init: 98 CallVoid Action`1<System.Object>..ctor, v225 @ X0_v23 (System.Delegate), this @ X0 (FluidDisplay), [v222 @ X25_v5 (Il2CppMethodInfo)+548]
Import :             2 base has no type, from Move from [<>c<TKey, TValue> + 0xC0]   e.g. <>c..cctor: 115 Move v142 @ X0_v13 (Il2CppClass<Newtonsoft.Json.Utilities.DictionaryWrapper`2<TKey, TValue>+<>c<TKey, TValue>>), [v144 @ X8_v16+10]
Import :             2 Il2CppMethodInfo.0x1B0   e.g. RayfireCluster.RoughnessPassShards: 290 Move v1307 @ X1_v55 (System.Int32), [v1368 @ X8_v77 (Il2CppMethodInfo)+1B0]
Import :             2 base has no type, from Add of [Il2CppClass<Newtonsoft.Json.Bson.BsonObject> + 0xC8] and Int32   e.g. BsonWriter.AddToken: 54 CheckEqual v75 @ Z_v11 (System.Boolean), [v69 @ X11_v5-8], v52 @ X10_v3
Import :             2 base has no type, from Move from AddressOf(stack_-60)   e.g. JsonTextReader.ReadAsDateTimeOffset: 54 Move [v16 @ X8+10], [v48 @ X20_v2+10]
Import :             2 Il2CppMethodInfo.0xF68   e.g. ImmutableCollectionsUtils.TryBuildImmutableForDictionaryContract: 119 CallVoid Func`2<System.Object, System.Boolean>..ctor, v390 @ X0_v29, v178 @ X0_v19 (System.Object), [v394 @ X8_v17 (Il2CppMethodInfo)+F68]
Import :             2 base has no type, from Move from [Il2CppClass<CollectParticleData[]> + 0xBB0]   e.g. PKCS12.RemoveCertificate: 459 CheckLess v1179 @ C_v35 (System.Boolean), [v751 @ X8_v59+130], [v743 @ X1_v50+130]
Import :             2 Il2CppMethodInfo.0xD80   e.g. ConvertUtils.TryConvertInternal: 928 Move v290 @ X3_v2 (System.Object&), [v1326 @ X8_v52 (Il2CppMethodInfo)+D80]
Import :             2 base has no type, from Move from [Il2CppClass<System.Runtime.Serialization.ObjectHolderList> + 0xDA0]   e.g. Loader.StartGame: 17 CheckEqual v20 @ TEMP_v7 (System.Boolean), [v18 @ X0_v13+E0], 0
Import :             2 Il2CppMethodInfo.0xCF0   e.g. <FallThenFly>d__27.MoveNext: 821 CallVoid Predicate`1<System.Object>..ctor, v1034 @ X0_v159 (System.Predicate`1<System.Object>), [v1029 @ X8_v88], [v1041 @ X8_v91 (Il2CppMethodInfo)+CF0]
Import :             2 base has no type, from Move from [Il2CppClass<System.Net.Configuration.SettingsSectionInternal> + 0xE68]   e.g. CodelessIAPAutoLog.addListenerToGameObject: 160 CheckLess v437 @ C_v6 (System.Boolean), [v436 @ X8_v30 (Il2CppClass<System.Object>)+130], [v120 @ X1_v34+130]
Import :             2 Il2CppMethodInfo.0xE20   e.g. RFPoolingParticles.CopyParticlesRigid: 220 Move v254 @ X2_v25, [v540 @ X28_v7 (Il2CppMethodInfo)+E20]
Import :             2 base has no type, from Move from [Il2CppClass<Singleton`1> + 0xC0]   e.g. Singleton`1.get_Instance: 205 Move v227 @ X0_v157 (Il2CppClass<Singleton`1<T>>), [v239 @ X8_v15+10]
Import :             2 base has no type, from Add of RFShard[] and Immediate   e.g. RFShard.SortByDistanceToPoint: 88 Move v173 @ X8_v21, [v103 @ X26_v6+v112 @ X23_v7 (System.Int32)*8]
Import :             2 base has no type, from Move from [Il2CppClass<System.Runtime.Serialization.ObjectHolderList> + 0x0]   e.g. GameAnalytics.Initialize: 191 Call List`1<System.Object>.get_Item, v234 @ X0_v29 (System.String), [v171 @ X20_v5+50], v51 @ X0_v2 (System.Int32)
Import :             2 Il2CppMethodInfo.0x4C8   e.g. DOTweenModuleUI.DOPivotX: 81 CallVoid DOGetter`1<UnityEngine.Vector2>..ctor, v99 @ X0_v8 (DG.Tweening.Core.DOGetter`1<UnityEngine.Vector2>), v64 @ X0_v3 (System.Object), [v79 @ X24_v1 (Il2CppMethodInfo)+4C8]
Import :             2 Il2CppClass.0xA18   e.g. JsonObjectContract.get_HasRequiredOrDefaultValueProperties: 195 Call F7087C, this @ X0 (Newtonsoft.Json.Serialization.JsonObjectContract), this @ X0 (Newtonsoft.Json.Serialization.JsonObjectContract), [v321 @ X24_v7 (Il2CppClass<System.Func`1<UnityEngine.UIElements.ValidateCommandEvent>>)+A18], 0, v38 @ X3, v39 @ X4, v40 @ X5, v41 @ X6, v42 @ X7, v43 @ V0, v44 @ V1, v45 @ V2, v46 @ V3, v47 @ V4, v48 @ V5, v49 @ V6, v50 @ V7
Import :             2 base has no type, from Move from [Il2CppClass<System.Xml.ValidateNames> + 0x568]   e.g. XmlNodeConverter.WrapXml: 29 CheckLess v48 @ C_v2 (System.Boolean), [v45 @ X8_v6 (Il2CppClass<System.Object>)+130], [v44 @ X10_v2+130]
Import :             2 base has no type, from Move from [Il2CppMethodInfo + 0xBD0]   e.g. RFShatterAdvanced.RemovePlanar: 113 Move v645 @ X8_v45, [v301 @ X8_v43+20]
Import :             2 base has no type, from Add of [Il2CppClass<Newtonsoft.Json.JsonConverter> + 0xC8] and Int32   e.g. JsonTypeReflector.GetJsonConverter: 113 CheckNotEqual v90 @ TEMPCOND_v4 (System.Boolean), [v215 @ X8_v14-8], v127 @ X1_v6
Import :             2 Il2CppMethodInfo.0x6D0   e.g. SettingsScreen.Start: 137 CallVoid UnityAction..ctor, v93 @ X0_v23 (UnityEngine.Events.UnityAction), this @ X0 (SettingsScreen), [v190 @ X23_v4 (Il2CppMethodInfo)+6D0]
Import :             2 Il2CppMethodInfo.0x800   e.g. DefaultContractResolver.GetExtensionDataMemberForType: 142 CallVoid Func`2<System.Object, System.Boolean>..ctor, v208 @ X0_v11, [v203 @ X8_v6], [v211 @ X8_v9 (Il2CppMethodInfo)+800]
Import :             2 Il2CppMethodInfo.0x198   e.g. Loader.InitAnalytics: 184 CallVoid HideUnityDelegate..ctor, v222 @ X0_v15 (Facebook.Unity.HideUnityDelegate), [v217 @ X8_v11], [v239 @ X8_v14 (Il2CppMethodInfo)+198]
Import :             2 Il2CppClass.0xAC0   e.g. <>c..cctor: 20 Newobj v40 @ X0_v3 (System.Object), [v12 @ X20_v1 (Il2CppClass<Facebook.Unity.AsyncRequestString+<Start>d__9>)+AC0]
Import :             2 base has no type, from Move from [Int32 + 0x10]   e.g. DefaultSerializationBinder.GetGenericTypeFromTypeName: 237 CheckLess v594 @ C_v25 (System.Boolean), [v321 @ X0_v18 (System.Int32)+18], [v195 @ X9_v11+18]
Import :             2 Il2CppMethodInfo.0xE80   e.g. GameplayScreen.OnInit: 241 CallVoid UnityAction..ctor, v451 @ X0_v39 (UnityEngine.Events.UnityAction), [v446 @ X8_v21], [v456 @ X8_v24 (Il2CppMethodInfo)+E80]
Import :             2 base has no type, from Move from [Il2CppClass<System.Xml.ValidateNames> + 0x510]   e.g. XDocumentWrapper.AppendChild: 29 CheckLess v50 @ C_v2 (System.Boolean), [v47 @ X9_v2 (Il2CppClass<Newtonsoft.Json.Converters.IXmlNode>)+130], [v46 @ X8_v6+130]
Import :             2 base has no type, from Move from [Il2CppMethodInfo + 0xB80]   e.g. FB.Init: 626 CheckEqual v763 @ TEMP_v77 (System.Boolean), [v729 @ X19_v31+52], 0
Import :             2 Il2CppMethodInfo.0xE78   e.g. JsonSerializer.SetupReader: 249 Move v173 @ X2_v16 (System.Globalization.CultureInfo&), [v478 @ X8_v40 (Il2CppMethodInfo)+E78]
Import :             2 Il2CppMethodInfo.0x588   e.g. FluidSoundFX.OnInit: 82 CallVoid Action..ctor, v195 @ X0_v10 (System.Action), this @ X0 (FluidSoundFX), [v193 @ X25_v3 (Il2CppMethodInfo)+588]
Import :             2 Il2CppMethodInfo.0x998   e.g. JsonPosition.BuildPath: 188 Move v421 @ X1_v5 (System.Int32), [v287 @ X22_v5 (Il2CppMethodInfo)+998]
Import :             2 base has no type, from Move from [Expression + 0xC0]   e.g. DynamicProxyMetaObject`1.GetArgs: 241 Move v285 @ X0_v38 (Il2CppClass<Newtonsoft.Json.Utilities.DynamicProxyMetaObject`1<T>+<>c<T>>), [v301 @ X8_v35+1C8]
Import :             2 byref at 0x4, from Move from safeMeshData&   e.g. RFShatter.ConvertMesh: 744 ShiftLeft v1785 @ TEMPSHIFT_v44 (System.Int32), [v1510 @ X26_v25 (safeMeshData&)+4], 1
Import :             2 base has no type, from Add of [Il2CppClass<System.Collections.Generic.IList`1<Newtonsoft.Json.Linq.JToken>> + 0xC8] and Int32   e.g. JPropertyKeyedCollection.IndexOfReference: 60 CheckNotEqual v69 @ TEMPCOND_v4 (System.Boolean), [v116 @ X8_v11-8], v51 @ X1_v3
Import :             2 Il2CppMethodInfo.0xCF8   e.g. <FallThenFly>d__27.MoveNext: 389 CallVoid Predicate`1<System.Object>..ctor, v788 @ X0_v180 (System.Predicate`1<System.Object>), [v783 @ X8_v113], [v794 @ X8_v116 (Il2CppMethodInfo)+CF8]
Import :             2 array at 0x3C, from Move from ArrayAccess   e.g. BezierPath.SplitSegment: 390 MakeStruct v383 @ AGG1E3CE38_2_v4 (UnityEngine.Vector3), typeof(UnityEngine.Vector3), [v560 @ X8_v25 (UnityEngine.Vector3[])+38], [v560 @ X8_v25 (UnityEngine.Vector3[])+3C], [v560 @ X8_v25 (UnityEngine.Vector3[])+40]
Import :             2 base has no type, from Move from [Il2CppMethodInfo + 0x530]   e.g. RFShatter.sl_element_mesh_par: 1175 Move v3308 @ X8_v207, [v1047 @ X8_v205+20]
Import :             2 Il2CppMethodInfo.0x7C8   e.g. ReflectionObject.Create: 169 CallVoid ObjectConstructor`1<System.Object>..ctor, v364 @ X0_v177 (Newtonsoft.Json.Serialization.ObjectConstructor`1<System.Object>), v283 @ X0_v168 (System.Object), [v653 @ X8_v96 (Il2CppMethodInfo)+7C8]
Import :             2 base has no type, from Move from [Il2CppClass<System.Runtime.Serialization.ObjectHolderList> + 0x670]   e.g. RFNoise.CalculateNoise: 141 Move v215 @ X8_v4, [v211 @ X0_v4+B8]
Import :             2 Il2CppMethodInfo.0x5E0   e.g. Viewport.ShowHide: 166 CallVoid Action`1<System.Single>..ctor, v395 @ X0_v46 (System.Action`1<System.Single>), v61 @ X0_v3 (System.Object), [v386 @ X22_v6 (Il2CppMethodInfo)+5E0]
Import :             2 Il2CppMethodInfo.0x6D8   e.g. SettingsScreen.Start: 168 CallVoid Action..ctor, v213 @ X0_v28 (System.Action), this @ X0 (SettingsScreen), [v196 @ X25_v1 (Il2CppMethodInfo)+6D8]
Import :             2 base has no type, from Move from [Il2CppMethodInfo + 0xE50]   e.g. FluidSolver.RemoveAllPairsWith: 107 Move this @ X0 (FluidSolver), [v183 @ X8_v8+20]
Import :             2 base has no type, from Move from [Object + 0xA8]   e.g. RayfireCluster.RoughnessPassClusters: 146 CheckLess v264 @ TEMPCOND_v8 (System.Boolean), [v797 @ X8_v18+18], 3
Import :             2 Il2CppMethodInfo.0x698   e.g. RayfireCluster.ClusterizeRangeClusters: 272 CallVoid Predicate`1<System.Object>..ctor, v276 @ X0_v39 (System.Predicate`1<System.Object>), v552 @ X0_v30 (System.Object), [v620 @ X8_v48 (Il2CppMethodInfo)+698]
Import :             2 Il2CppMethodInfo.0x518   e.g. <FallThenFly>d__27.MoveNext: 662 CallVoid TweenCallback..ctor, v1177 @ X0_v84 (DG.Tweening.TweenCallback), v72 @ X19_v2 (Fish), [v1185 @ X8_v41 (Il2CppMethodInfo)+518]
Import :             2 base has no type, from Move from [ArgumentNullException + 0x50]   e.g. JObject.System.Collections.Generic.ICollection<System.Collections.Generic.KeyValuePair<System.String,Newtonsoft.Json.Linq.JToken>>.CopyTo: 302 CallVoid KeyValuePair`2<System.Object, System.Object>..ctor, &v597 @ stack_-90_v13 (System.Collections.Generic.KeyValuePair`2<System.Object, System.Object>), [v197 @ X0_v50 (System.ArgumentNullException)+58], [v777 @ X8_v47+10]
Import :             2 Il2CppMethodInfo.0x60   e.g. Chain.SpawnLinks: 249 Move v234 @ X8_v32, [v562 @ X8_v30 (Il2CppMethodInfo)+60]
Import :             2 base has no type, from Move from [JToken + 0x50]   e.g. JToken.EnsureValue: 78 Move v156 @ X19_v4 (Newtonsoft.Json.Linq.JToken), [v101 @ X8_v12+10]
Import :             2 Il2CppMethodInfo.0xAA0   e.g. ShortcutExtensions.DOLocalMove: 93 CallVoid DOSetter`1<UnityEngine.Vector3>..ctor, v170 @ X0_v10 (DG.Tweening.Core.DOSetter`1<UnityEngine.Vector3>), v71 @ X0_v3 (System.Object), [v90 @ X27_v1 (Il2CppMethodInfo)+AA0]
Import :             2 base has no type, from Add of [Il2CppClass<Newtonsoft.Json.Serialization.JsonDictionaryContract> + 0xC8] and Int32   e.g. JsonSerializerInternalReader.CreateObjectUsingCreatorWithParameters: 1480 CheckNotEqual v588 @ TEMPCOND_v45 (System.Boolean), [v3112 @ X8_v127-8], v856 @ X1_v65
Import :             2 Il2CppMethodInfo.0x7D8   e.g. ReflectionObject.Create: 451 Move v835 @ X2_v18 (System.IntPtr), [v1059 @ X8_v81 (Il2CppMethodInfo)+7D8]
Import :             2 Il2CppMethodInfo.0xEE0   e.g. JsonReader.ReadAsDecimal: 325 Move v676 @ X3_v5, [v532 @ X8_v56 (Il2CppMethodInfo)+EE0]
Import :             2 Il2CppClass.0x20   e.g. JsonSerializerInternalReader.PopulateDictionary: 66 Call F3F36C, v65 @ X0_v3 (System.Int32), dictionary @ X1 (System.Collections.IDictionary), [v40 @ X25_v1 (Il2CppClass<Facebook.Unity.Windows.IWindowsFacebook>)+20], reader @ X2 (Newtonsoft.Json.JsonReader), contract @ X3 (Newtonsoft.Json.Serialization.JsonDictionaryContract), containerProperty @ X4 (Newtonsoft.Json.Serialization.JsonProperty), v889 @ X5_v6 (System.String), v722 @ X6_v6 (Il2CppMethodInfo), v721 @ X7_v6 (System.Object), v50 @ V0, v51 @ V1, v52 @ V2, v53 @ V3, v54 @ V4, v55 @ V5, v56 @ V6, v57 @ V7
Import :             2 base has no type, from Move from [Il2CppClass<System.Runtime.Serialization.ObjectHolderList> + 0xFE8]   e.g. JsonDynamicContract.CreateCallSiteSetter: 64 CheckLess v85 @ C_v2 (System.Boolean), [v82 @ X8_v7 (Il2CppClass<System.Runtime.CompilerServices.CallSiteBinder>)+130], [v81 @ X1_v6+130]
Import :             2 Il2CppClass.0x568   e.g. JsonDynamicContract.CreateCallSiteGetter: 60 Move v81 @ X1_v6, [v79 @ X8_v5 (Il2CppClass<UnityEngine.UIElements.EnumFieldHelpers>)+568]
Import :             2 Il2CppMethodInfo.0xE68   e.g. RayfireRigid.AddMeshRootRigid: 359 Move v217 @ X8_v18, [v598 @ X8_v16 (Il2CppMethodInfo)+E68]
Import :             2 Il2CppClass.0x70   e.g. RFLimitations.Checks: 182 Move v47 @ X8_v4 (RayFire.SimType), [v1339 @ X8_v216 (Il2CppClass<System.Net.Configuration.SettingsSectionInternal>)+70]
Import :             2 Il2CppMethodInfo.0x9F8   e.g. ShortcutExtensions.DOTiling: 89 CallVoid DOGetter`1<UnityEngine.Vector2>..ctor, v181 @ X0_v21 (DG.Tweening.Core.DOGetter`1<UnityEngine.Vector2>), v62 @ X0_v3 (System.Object), [v187 @ X8_v14 (Il2CppMethodInfo)+9F8]
Import :             2 Il2CppMethodInfo.0x5E8   e.g. Viewport.ShowHide: 180 CallVoid Func`2<System.Single, System.Single>..ctor, v209 @ X0_v50 (System.Func`2<System.Single, System.Single>), v61 @ X0_v3 (System.Object), [v389 @ X24_v3 (Il2CppMethodInfo)+5E8]
Import :             2 Il2CppMethodInfo.0x6A0   e.g. SpriteCollectDisplay.Update: 112 Move v238 @ X1_v2 (Il2CppMethodInfo), [v86 @ X23_v4 (Il2CppMethodInfo)+6A0]
Import :             2 Il2CppMethodInfo.0xDB8   e.g. KeyValuePairConverter..cctor: 49 CallVoid Func`2<System.Object, System.Object>..ctor, v57 @ X0_v3 (System.Func`2<System.Object, System.Object>), 0, [v22 @ X23_v1 (Il2CppMethodInfo)+DB8]
Import :             2 Il2CppClass.0x9D0   e.g. DefaultContractResolver.GetAttributeConstructor: 254 Call F7087C, v687 @ X0_v64, v494 @ X0_v13, [v591 @ X8_v35 (Il2CppClass<System.Func`1<UnityEngine.UIElements.ValidateCommandEvent>>)+9D0], 0, 0, v30 @ X4, v31 @ X5, v32 @ X6, v33 @ X7, v34 @ V0, v35 @ V1, v36 @ V2, v37 @ V3, v38 @ V4, v39 @ V5, v40 @ V6, v41 @ V7
Import :             2 Il2CppMethodInfo.0x7B8   e.g. Level.CreateSideBackgrounds: 161 Move v380 @ X1_v18 (System.Int32), [v85 @ X22_v15 (Il2CppMethodInfo)+7B8]
Import :             2 Il2CppMethodInfo.0x9A8   e.g. ShortcutExtensions.DOFloat: 85 CallVoid DOGetter`1<System.Single>..ctor, v167 @ X0_v21 (DG.Tweening.Core.DOGetter`1<System.Single>), v57 @ X0_v3 (System.Object), [v173 @ X8_v14 (Il2CppMethodInfo)+9A8]
Import :             2 array at 0x38, from Move from the field ControlPoint[]   e.g. CatmullRomDecoder.SetWaypointsLengths: 239 Move [v414 @ X3_v7 (DG.Tweening.Plugins.Core.PathCore.ControlPoint[])+38], [v291 @ X8_v41 (DG.Tweening.Plugins.Core.PathCore.ControlPoint[])+38]
Import :             2 Il2CppMethodInfo.0x880   e.g. JObjectDynamicProxy.GetDynamicMemberNames: 91 CallVoid Func`2<System.Object, System.Object>..ctor, v153 @ X0_v13 (System.Func`2<System.Object, System.Object>), [v148 @ X8_v8], [v155 @ X8_v11 (Il2CppMethodInfo)+880]
Import :             2 Il2CppClass.0xC20   e.g. UIParticle.UpdateMaterial: 501 Call F7087C, v1063 @ X0_v96, v995 @ X0_v94, [v732 @ X20_v12 (Il2CppClass<UnityEngine.UIElements.EnumFieldHelpers>)+C20], 0, v174 @ X3_v8, v43 @ X4, v44 @ X5, v45 @ X6, v46 @ X7, v47 @ V0, v48 @ V1, v49 @ V2, v50 @ V3, v51 @ V4, v52 @ V5, v53 @ V6, v54 @ V7
Import :             2 Il2CppMethodInfo.0xAF8   e.g. JToken..cctor: 186 CallVoid RuntimeHelpers.InitializeArray, v192 @ X0_v42 (System.Array), [v194 @ X8_v13 (Il2CppMethodInfo)+AF8]
Import :             2 base has no type, from Move from AddressOf(stack_-270, Single)   e.g. RFShatter.GetCombinedSubMesh: -1 Move v200 @ stack_-220_v4 (System.Int32), [v837 @ X8_v28+10]
Import :             2 base has no type, from Move from [Il2CppMethodInfo + 0x888]   e.g. GameAnalyticsATTClient.RequestTrackingAuthorization: 118 CheckEqual v196 @ TEMP_v10 (System.Boolean), [v137 @ X21_v7+52], 0
Import :             2 Il2CppMethodInfo.0xDD0   e.g. RayfireShatter.LimitationFragment: 172 Move v147 @ X1_v7 (System.Collections.Generic.IEnumerable`1<System.Object>), [v364 @ X27_v5 (Il2CppMethodInfo)+DD0]
Import :             2 Il2CppMethodInfo.0xAA8   e.g. JToken..cctor: 119 CallVoid RuntimeHelpers.InitializeArray, v135 @ X0_v17 (System.Array), [v36 @ X28_v1 (Il2CppMethodInfo)+AA8]
Import :             2 Il2CppClass.0x128   e.g. JPropertyKeyedCollection.IndexOfReference: 32 Move v51 @ X1_v3, [v49 @ X8_v6 (Il2CppClass<System.Collections.Generic.List`1<UnityEngine.UIElements.StyleSheets.Syntax.Expression>>)+128]
Import :             2 Il2CppMethodInfo.0x8A0   e.g. BsonObject.Add: 68 Move v126 @ X8_v7, [v166 @ X8_v5 (Il2CppMethodInfo)+8A0]
Import :             2 Il2CppMethodInfo.0x6F8   e.g. Level.CreateSideBackgrounds: 380 Move v380 @ X1_v18 (System.Int32), [v954 @ X8_v22 (Il2CppMethodInfo)+6F8]
Import :             2 base has no type, from Move from [Il2CppMethodInfo + 0x6D8]   e.g. DOVirtual.Int: 139 Move [v211 @ X0_v19+10], [v213 @ X22_v3+8]
Import :             2 base has no type, from Move from [Il2CppClass<System.Collections.Generic.List`1<UnityEngine.UIElements.StyleSheets.Syntax.Expression>> + 0xA58]   e.g. Loader..ctor: 20 CheckEqual v26 @ TEMP_v7 (System.Boolean), [v24 @ X0_v13+E0], 0
Import :             2 Il2CppClass.0x8   e.g. WindowsFacebookGameObject.Update: 27 Call F3F36C, v73 @ X0_v15 (Facebook.Unity.Windows.WindowsFacebookGameObject), v66 @ X20_v8 (Facebook.Unity.IFacebookImplementation), [v68 @ X22_v3 (Il2CppClass<Facebook.Unity.Windows.IWindowsFacebook>)+8], v28 @ X2, v29 @ X3, v30 @ X4, v31 @ X5, v32 @ X6, v33 @ X7, v34 @ V0, v35 @ V1, v36 @ V2, v37 @ V3, v38 @ V4, v39 @ V5, v40 @ V6, v41 @ V7
Import :             2 array at 0x2C, from Move from the field Vector3[]   e.g. RayfireBlade.TriggerExit: 205 Add v307 @ V1_v11 (System.Single), [v99 @ X8_v10 (UnityEngine.Vector3[])+2C], [v52 @ X9_v3 (UnityEngine.Vector3[])+2C]
Import :             2 base has no type, from Move from [Il2CppClass<Facebook.Unity.Windows.IWindowsFacebook> + 0x340]   e.g. JObject.System.ComponentModel.ICustomTypeDescriptor.GetPropertyOwner: 29 CheckLess v50 @ C_v2 (System.Boolean), [v47 @ X9_v2 (Il2CppClass<System.ComponentModel.PropertyDescriptor>)+130], [v46 @ X8_v6+130]
Import :             2 Il2CppMethodInfo.0x9A0   e.g. <RadialDestroyRoutine>d__183.MoveNext: 1090 Move v254 @ X2_v1 (System.Int32), [v2236 @ X23_v26 (Il2CppMethodInfo)+9A0]
Import :             2 Il2CppClass.0x104   e.g. DictionaryWrapper`2.CopyTo: 343 Multiply v1012 @ TEMP_v49, [v1010 @ X8_v75 (Il2CppClass<System.Collections.Generic.KeyValuePair`2<TKey, TValue>[]>)+104], v171 @ X21_v2 (System.Int32)
Import :             2 Il2CppMethodInfo.0x7F8   e.g. DefaultContractResolver.GetExtensionDataMemberForType: 91 CallVoid Func`2<System.Object, System.Collections.Generic.IEnumerable`1<System.Object>>..ctor, v135 @ X0_v21 (System.Func`2<System.Object, System.Collections.Generic.IEnumerable`1<System.Object>>), [v130 @ X8_v17], [v147 @ X8_v20 (Il2CppMethodInfo)+7F8]
Import :             2 base has no type, from Add of [Il2CppClass<System.Type> + 0xC8] and Int32   e.g. JsonTypeReflector.GetAssociateMetadataTypeFromAttribute: 237 CheckNotEqual v240 @ TEMPCOND_v10 (System.Boolean), [v433 @ X8_v19-8], v270 @ X1_v13
Import :             2 Il2CppClass.0x830   e.g. TypeExtensions.BaseType: 8 Move v10 @ X1_v1, [v8 @ X8_v1 (Il2CppClass<System.Type>)+830]
Import :             2 Il2CppMethodInfo.0xA8   e.g. CaterpillarSpawner.Awake: 41 CallVoid Action..ctor, v185 @ X0_v27 (System.Action), this @ X0 (CaterpillarSpawner), [v183 @ X24_v8 (Il2CppMethodInfo)+A8]
Import :             2 base has no type, from Move from [Il2CppClass<System.ComponentModel.BooleanConverter> + 0x428]   e.g. RayfireActivator.OnParticleCollision: 124 CheckLess v300 @ C_v9 (System.Boolean), [v299 @ X9_v3 (Il2CppClass<UnityEngine.Component>)+130], [v192 @ X8_v9+130]
Import :             2 base has no type, from Move from [Il2CppClass<System.ComponentModel.BooleanConverter> + 0x98]   e.g. BsonWriter.AddToken: 35 CheckLess v56 @ C_v8 (System.Boolean), [v53 @ X8_v11 (Il2CppClass<Newtonsoft.Json.Bson.BsonObject>)+130], [v52 @ X10_v3+130]
Import :             2 base has no type, from Add of [Il2CppClass<UnityEngine.Transform> + 0xC8] and Int32   e.g. Level.CollectBlocksRecursive: 202 CheckNotEqual v226 @ TEMPCOND_v16 (System.Boolean), [v678 @ X8_v26-8], v190 @ X1_v3 (UnityEngine.Transform)
Import :             2 array at 0x0, from Move from [RFDictionary[]& + 0x0]   e.g. RFShatterAdvanced.RemovePlanar: 117 CallVoid List`1<System.Object>.AddWithResize, v268 @ X0_v12, [v300 @ X8_v40 (RayFire.RFDictionary[])+v235 @ X28_v8 (System.Int32)*8]
Import :             2 Il2CppMethodInfo.0x8E0   e.g. DiscriminatedUnionConverter.WriteJson: 197 CallVoid Func`2<System.Object, System.Boolean>..ctor, v540 @ X0_v35, v60 @ X0_v3 (System.Object), [v536 @ X26_v8 (Il2CppMethodInfo)+8E0]
Import :             2 Il2CppMethodInfo.0x9C8   e.g. ShortcutExtensions.DOOffset: 81 CallVoid DOGetter`1<UnityEngine.Vector2>..ctor, v98 @ X0_v8 (DG.Tweening.Core.DOGetter`1<UnityEngine.Vector2>), v65 @ X0_v3 (System.Object), [v80 @ X24_v1 (Il2CppMethodInfo)+9C8]
Import :             2 base has no type, from Add of [Il2CppClass<UnityEngine.GameObject> + 0xC8] and Int32   e.g. PathPlugin.SetChangeValue: 93 CheckNotEqual v515 @ TEMPCOND_v23 (System.Boolean), [v504 @ X8_v49-8], v390 @ X1_v25
Import :             2 base has no type, from Move from [Il2CppClass<System.ComponentModel.BooleanConverter> + 0x58]   e.g. RayfireConnectivity.GetOverlappedColliders: 105 CheckLess v356 @ C_v12 (System.Boolean), [v355 @ X9_v12 (Il2CppClass<UnityEngine.Collider>)+130], [v354 @ X8_v40+130]
Import :             2 base has no type, from Move from [Il2CppClass<System.Net.Configuration.SettingsSectionInternal> + 0xAA8]   e.g. SpecialPluginsUtils.SetLookAt: 33 CheckLess v105 @ C_v2 (System.Boolean), [v96 @ X9_v2 (Il2CppClass<UnityEngine.Transform>)+130], [v101 @ X8_v6+130]
Import :             2 base has no type, from Move from [Func`2<System.Collections.DictionaryEntry, System.Collections.Generic.KeyValuePair`2<TKey, TValue>> + 0xB8]   e.g. DictionaryWrapper`2.GetEnumerator: 118 Move v111 @ X21_v7 (System.Func`2<System.Collections.DictionaryEntry, System.Collections.Generic.KeyValuePair`2<TKey, TValue>>), [v326 @ X9_v30+8]
Import :             2 Il2CppMethodInfo.0x88   e.g. FluidPhysicsCoupler.RefreshBodies: 428 Move v210 @ X10_v5, [v875 @ X9_v13 (Il2CppMethodInfo)+88]
Import :             2 Il2CppMethodInfo.0x9E0   e.g. ShortcutExtensions.DOOffset: 100 CallVoid DOSetter`1<UnityEngine.Vector2>..ctor, v217 @ X0_v23 (DG.Tweening.Core.DOSetter`1<UnityEngine.Vector2>), v62 @ X0_v3 (System.Object), [v224 @ X8_v18 (Il2CppMethodInfo)+9E0]
Import :             2 array at 0x4C, from no definition   e.g. CubicBezierUtility.SplitCurve: 192 Subtract v393 @ V4_v5 (System.Single), [points @ X0 (UnityEngine.Vector3[])+4C], [points @ X0 (UnityEngine.Vector3[])+40]
Import :             2 Il2CppClass.0xC28   e.g. FBWindowsShareManager.CallbackUploadImage: 158 Call F7087C, v442 @ X0_v8, result @ X1 (Facebook.Unity.IMediaUploadResult), [v319 @ X10_v3 (Il2CppClass<UnityEngine.UIElements.EnumFieldHelpers>)+C28], 0, v31 @ X3, v32 @ X4, v33 @ X5, v34 @ X6, v35 @ X7, v36 @ V0, v37 @ V1, v38 @ V2, v39 @ V3, v40 @ V4, v41 @ V5, v42 @ V6, v43 @ V7
Import :             2 base has no type, from Add of [Il2CppClass<System.Collections.Generic.Dictionary`2<System.String, System.Object>> + 0xC8] and Int32   e.g. FBSDKEventBinding..ctor: 334 CheckNotEqual v646 @ TEMPCOND_v17 (System.Boolean), [v670 @ X8_v33-8], v630 @ X1_v37 (System.Collections.Generic.Dictionary`2<System.String, System.Object>)
Import :             2 base has no type, from Move from [Il2CppClass<System.ComponentModel.BooleanConverter> + 0xBD0]   e.g. BoxedPrimitives..cctor: 294 Move v295 @ X8_v35, [v293 @ X0_v112+B8]
Import :             2 base has no type, from Move from [Il2CppClass<UnityEngine.UIElements.EnumFieldHelpers> + 0x6C8]   e.g. PKCS1.CreateFromName: 435 CheckLess v289 @ C_v3 (System.Boolean), [v286 @ X8_v12 (Il2CppClass<System.Object>)+130], [v285 @ X1_v5+130]
Import :             2 Il2CppMethodInfo.0xC60   e.g. JsonSerializerInternalReader.CreateDynamic: 422 Move v427 @ X2_v11 (Newtonsoft.Json.Serialization.JsonContract), [v1170 @ X8_v46 (Il2CppMethodInfo)+C60]
Import :             2 Il2CppClass.0xA60   e.g. DynamicUtils.GetDynamicMemberNames: 82 Call F7087C, v161 @ X0_v6, dynamicProvider @ X0 (System.Dynamic.IDynamicMetaObjectProvider), [v72 @ X8_v4 (Il2CppClass<UnityEngine.UIElements.EnumFieldHelpers>)+A60], 0, v30 @ X3, v31 @ X4, v32 @ X5, v33 @ X6, v34 @ X7, v35 @ V0, v36 @ V1, v37 @ V2, v38 @ V3, v39 @ V4, v40 @ V5, v41 @ V6, v42 @ V7
Import :             2 Il2CppMethodInfo.0x6C8   e.g. SettingsScreen.Start: 118 CallVoid UnityAction..ctor, v91 @ X0_v20 (UnityEngine.Events.UnityAction), this @ X0 (SettingsScreen), [v188 @ X23_v2 (Il2CppMethodInfo)+6C8]
Import :             2 base has no type, from Add of Array and Int32   e.g. PKCS1.Verify_v15: 256 CheckEqual v558 @ TEMP_v25 (System.Boolean), [v557 @ X8_v15+20], 0
Import :             2 Il2CppClass.0x798   e.g. XmlNodeConverter.ReadJson: 192 Call Type.GetTypeFromHandle, v862 @ X0_v166 (System.Type), [v819 @ X8_v93 (Il2CppClass<System.Collections.Generic.NullableComparer`1>)+798]
Import :             2 Il2CppMethodInfo.0x9C0   e.g. ShortcutExtensions.DOFloat: 91 CallVoid DOSetter`1<System.Single>..ctor, v197 @ X0_v21 (DG.Tweening.Core.DOSetter`1<System.Single>), v57 @ X0_v3 (System.Object), [v204 @ X8_v18 (Il2CppMethodInfo)+9C0]
Import :             2 base has no type, from Move from [Il2CppClass<Facebook.Unity.Windows.IWindowsFacebook> + 0x478]   e.g. DefaultReferenceResolver.GetMappings: 29 CheckLess v48 @ C_v3 (System.Boolean), [v45 @ X8_v7 (Il2CppClass<System.Object>)+130], [v44 @ X10_v3+130]
Import :             2 base has no type, from Move from [Il2CppClass<Facebook.Unity.Windows.IWindowsFacebook> + 0x408]   e.g. JsonSerializerInternalBase.IsErrorHandled: 326 CheckLess v581 @ C_v11 (System.Boolean), [v580 @ X9_v12 (Il2CppClass<System.Exception>)+130], [v579 @ X8_v35+130]
Import :             2 Il2CppClass.0xF70   e.g. JObject.System.ComponentModel.ICustomTypeDescriptor.GetProperties: 152 Move this @ X0 (Newtonsoft.Json.Linq.JObject), [v240 @ X21_v2 (Il2CppClass<Facebook.Unity.AsyncRequestString+<Start>d__9>)+F70]
Import :             2 base has no type, from Move from [safeMeshData& + 0x50]   e.g. RFShatter.ConvertMesh: 410 Move v1271 @ X24_v42 (UnityEngine.Mesh&), [v1441 @ X8_v293+v678 @ X23_v44 (System.Int32)*4]
Import :             2 base has no type, from Add of [Il2CppClass<Newtonsoft.Json.JsonWriter> + 0xC8] and Int32   e.g. BsonObjectIdConverter.WriteJson: 85 CheckEqual v169 @ Z_v6 (System.Boolean), [v180 @ X10_v6-8], v142 @ X9_v4
Import :             2 base has no type, from Move from [Il2CppClass<System.ComponentModel.BooleanConverter> + 0xC98]   e.g. JsonSerializer..ctor: 59 Move v76 @ X8_v6, [v74 @ X0_v8+B8]
Import :             2 Il2CppMethodInfo.0x330   e.g. CollectionManager.Awake: 41 CallVoid Action..ctor, v185 @ X0_v27 (System.Action), this @ X0 (CollectionManager), [v183 @ X24_v8 (Il2CppMethodInfo)+330]
Import :             2 Il2CppClass.0xBC0   e.g. KeyValuePairConverter.InitializeReflectionObject: 79 Call F7087C, v285 @ X0_v11, v55 @ X0_v10 (System.Type[]), [v131 @ X23_v4 (Il2CppClass<System.Func`1<UnityEngine.UIElements.ValidateCommandEvent>>)+BC0], 0, v30 @ X3, v31 @ X4, v32 @ X5, v33 @ X6, v34 @ X7, v35 @ V0, v36 @ V1, v37 @ V2, v38 @ V3, v39 @ V4, v40 @ V5, v41 @ V6, v42 @ V7
Import :             2 base has no type, from Move from [Il2CppMethodInfo + 0xCB0]   e.g. ShortcutExtensions.DOLocalJump: 500 Move [v612 @ X0_v69+10], [v614 @ X23_v12+8]
Import :             2 byref at 0x18, from a call's result   e.g. RFShatter.WeldMeshes: 566 CheckLess v1299 @ C_v39 (System.Boolean), v274 @ X26_v15 (System.Int32), [v290 @ X0_v56 (System.Collections.Generic.List`1<System.Collections.Generic.Dictionary`2<System.Int32, System.Int32>>&)+18]
Import :             2 base has no type, from Move from [Il2CppClass<Facebook.Unity.Windows.IWindowsFacebook> + 0xC98]   e.g. MonoTlsProviderFactory.GetProvider: 27 CheckLess v46 @ C_v2 (System.Boolean), [v43 @ X8_v6 (Il2CppClass<Mono.Security.Interface.MonoTlsProvider>)+130], [v42 @ X1_v2+130]
Import :             2 Il2CppMethodInfo.0x478   e.g. Utilities.ParsePermissionFromResult: 216 CallVoid Func`2<System.Object, System.Object>..ctor, v265 @ X0_v19 (System.Func`2<System.Object, System.Object>), [v260 @ X8_v11], [v270 @ X8_v14 (Il2CppMethodInfo)+478]
Import :             2 Il2CppClass.0xAD0   e.g. XElementWrapper.get_Attributes: 371 Call F7087C, this @ X0 (Newtonsoft.Json.Converters.XElementWrapper), this @ X0 (Newtonsoft.Json.Converters.XElementWrapper), [v796 @ X25_v10 (Il2CppClass<System.Func`1<UnityEngine.UIElements.ValidateCommandEvent>>)+AD0], 0, v542 @ X3_v7, v39 @ X4, v40 @ X5, v41 @ X6, v42 @ X7, v43 @ V0, v44 @ V1, v45 @ V2, v46 @ V3, v47 @ V4, v48 @ V5, v49 @ V6, v50 @ V7
Import :             2 base has no type, from Move from [Il2CppClass<System.Runtime.Serialization.ObjectHolderList> + 0x6D8]   e.g. RFPoolingFragment..cctor: 20 Move v40 @ X8_v4, [v39 @ X8_v3+B8]
Import :             2 base has no type, from Move from [<>c__55`2<TKey, TValue> + 0xC0]   e.g. <>c__55`2..cctor: 115 Move v142 @ X0_v13 (Il2CppClass<Newtonsoft.Json.Utilities.FSharpUtils+<>c__55`2<TKey, TValue>>), [v144 @ X8_v16+10]
Import :             2 base has no type, from Move from [IEnumerable`1<System.String> + 0x10]   e.g. <>c__DisplayClass4_1.<SendSuccessResult>b__1: 580 CheckLess v1387 @ C_v59 (System.Boolean), [v602 @ X0_v78 (System.Collections.Generic.IEnumerable`1<System.String>)+18], [v1025 @ X9_v57+18]
Import :             2 base has no type, from Move from [Il2CppClass<System.Xml.ValidateNames> + 0x540]   e.g. XmlNodeConverter.AddJsonArrayAttribute: 173 ShiftLeft v395 @ TEMPSHIFT_v5 (System.Int32), [v380 @ X9_v8+130], 3
Import :             2 base has no type, from Move from [Il2CppMethodInfo + 0xC70]   e.g. ShortcutExtensions.DOJump: 500 Move [v612 @ X0_v69+10], [v614 @ X23_v12+8]
Import :             2 Il2CppMethodInfo.0x270   e.g. OctopusSpawner.Awake: 41 CallVoid Action..ctor, v185 @ X0_v27 (System.Action), this @ X0 (OctopusSpawner), [v183 @ X24_v8 (Il2CppMethodInfo)+270]
Import :             2 Il2CppMethodInfo.0x9B0   e.g. ShortcutExtensions.DOFloat: 96 CallVoid DOSetter`1<System.Single>..ctor, v203 @ X0_v23 (DG.Tweening.Core.DOSetter`1<System.Single>), v57 @ X0_v3 (System.Object), [v210 @ X8_v18 (Il2CppMethodInfo)+9B0]
Import :             2 base has no type, from Move from [Il2CppClass<System.Runtime.Serialization.ObjectHolderList> + 0x500]   e.g. PurchaseResult..ctor: 281 CheckLess v747 @ C_v17 (System.Boolean), [v355 @ X9_v28 (Il2CppClass<Facebook.Unity.Purchase>)+130], [v362 @ X8_v31+130]
Import :             2 Il2CppMethodInfo.0xB58   e.g. ShortcutExtensions.DOScaleY: 77 CallVoid DOGetter`1<UnityEngine.Vector3>..ctor, v93 @ X0_v8 (DG.Tweening.Core.DOGetter`1<UnityEngine.Vector3>), v60 @ X0_v3 (System.Object), [v75 @ X24_v1 (Il2CppMethodInfo)+B58]
Import :             2 Il2CppMethodInfo.0xD48   e.g. FluidSolver.AddCaterpillar: 82 CallVoid Action`1<ParticleInitData>..ctor, v217 @ X0_v14 (System.Action`1<ParticleInitData>), v59 @ X0_v3 (FluidSolver+<>c__DisplayClass150_0), [v74 @ X24_v2 (Il2CppMethodInfo)+D48]
Import :             2 base has no type, from Move from [Il2CppClass<System.Collections.Generic.List`1<Newtonsoft.Json.Serialization.JsonProperty>> + 0xC8]   e.g. JsonPropertyCollection..ctor: 85 CheckNotEqual v155 @ TEMPCOND_v3 (System.Boolean), [v143 @ X11_v3+v144 @ X10_v3*8], v118 @ X8_v13
Import :             2 Il2CppClass.0xAF8   e.g. FB.UploadImageToMediaLibrary: 67 Call F7087C, v188 @ X0_v1, v73 @ X0_v17 (Facebook.Unity.IFacebook), [v78 @ X8_v10 (Il2CppClass<UnityEngine.UIElements.EnumFieldHelpers>)+AF8], 0, travelId @ X3 (System.String), callback @ X4 (Facebook.Unity.FacebookDelegate`1<Facebook.Unity.IMediaUploadResult>), methodInfo @ X5 (Il2CppMethodInfo), v45 @ X6, v46 @ X7, v47 @ V0, v48 @ V1, v49 @ V2, v50 @ V3, v51 @ V4, v52 @ V5, v53 @ V6, v54 @ V7
Import :             2 base has no type, from Add of [safeMeshData& + 0x38] and Immediate   e.g. RFShatter.ConvertMesh: 1050 Move v1933 @ V17_v15 (System.Single), [v3375 @ X8_v249+v2012 @ X10_v51*4]
Import :             2 base has no type, from Add of Vector3[] and Immediate   e.g. Vector3ArrayPlugin.GetSpeedBasedDuration: 109 Divide v143 @ V0_v11 (System.Single), v361 @ V0_v10 (System.Single), [v131 @ X24_v6+v181 @ X8_v16 (System.Int32)]
Import :             2 Il2CppMethodInfo.0xA10   e.g. ShortcutExtensions.DOVector: 106 CallVoid DOSetter`1<UnityEngine.Vector4>..ctor, v231 @ X0_v23 (DG.Tweening.Core.DOSetter`1<UnityEngine.Vector4>), v68 @ X0_v3 (System.Object), [v238 @ X8_v18 (Il2CppMethodInfo)+A10]
Import :             2 base has no type, from Move from [Il2CppClass<System.Runtime.Serialization.ObjectHolderList> + 0x7C0]   e.g. AuthenticodeDeformatter.VerifyCounterSignature: 499 CheckLess v1554 @ C_v50 (System.Boolean), [v607 @ X9_v42 (Il2CppClass<Mono.Security.ASN1>)+130], [v725 @ X1_v8+130]
Import :             2 base has no type, from Move from [Il2CppClass<Facebook.Unity.AsyncRequestString+<Start>d__9> + 0x8B0]   e.g. <>c..cctor: 25 Move v44 @ X8_v4, [v43 @ X8_v3+B8]
Import :             2 Il2CppMethodInfo.0x220   e.g. RayfireCombine.SetData: 683 Move v2582 @ X8_v247, [v2188 @ X26_v18 (Il2CppMethodInfo)+220]
Import :             2 base has no type, from Move from [Il2CppClass<Facebook.Unity.Windows.IWindowsFacebook> + 0xB60]   e.g. ReflectionUtils.GetAttributes: 146 CheckLess v204 @ C_v11 (System.Boolean), [v56 @ X8_v6 (Il2CppClass<System.Object>)+130], [v202 @ X10_v12+130]
Import :             2 Il2CppMethodInfo.0x340   e.g. CollectionManager.Init: 95 CallVoid Action`2<System.Object, System.Boolean>..ctor, v308 @ X0_v17 (System.Delegate), this @ X0 (CollectionManager), [v306 @ X26_v4 (Il2CppMethodInfo)+340]
Import :             2 Il2CppMethodInfo.0x440   e.g. DOTweenModuleUI.DOAnchorPosY: 89 CallVoid DOSetter`1<UnityEngine.Vector2>..ctor, v160 @ X0_v10 (DG.Tweening.Core.DOSetter`1<UnityEngine.Vector2>), v65 @ X0_v3 (System.Object), [v84 @ X27_v1 (Il2CppMethodInfo)+440]
Import :             2 Il2CppClass.0x430   e.g. DefaultContractResolver.CreateContract: 269 CheckEqual v633 @ Z_v9 (System.Boolean), [v620 @ X0_v69], [v625 @ X8_v43 (Il2CppClass<Facebook.Unity.Windows.IWindowsFacebook>)+430]
Import :             2 Il2CppMethodInfo.0x338   e.g. CollectionManager.Init: 142 CallVoid Action`2<System.Object, UnityEngine.Vector2>..ctor, v326 @ X0_v22 (System.Delegate), this @ X0 (CollectionManager), [v324 @ X25_v6 (Il2CppMethodInfo)+338]
Import :             2 base has no type, from Move from [Il2CppClass<Newtonsoft.Json.Linq.JToken> + 0xC8]   e.g. JObject.ValidateToken: 81 CheckNotEqual v224 @ TEMPCOND_v8 (System.Boolean), [v213 @ X10_v7+v124 @ X9_v8*8], v174 @ X1_v6 (System.String)
Import :             2 base has no type, from Add of float2[] and Immediate   e.g. FluidSolver.AddParticles: 132 Move [v340 @ X8_v14 (Unity.Collections.NativeArray`1<Unity.Mathematics.float2>)+v191 @ X22_v7 (System.Int32)], [v284 @ X8_v11+v133 @ X24_v5 (System.Int32)*8]
Import :             2 base has no type, from Move from [Il2CppMethodInfo + 0xB88]   e.g. FB.Init: 666 Move [v627 @ X0_v107+10], [v634 @ X19_v27+8]
Import :             2 base has no type, from Move from [Rigidbody + 0x30]   e.g. RayfireGun.ImpactRigid: 886 CallVoid List`1<UnityEngine.Rigidbody>.AddWithResize, v84 @ X0_v3 (System.Collections.Generic.List`1<UnityEngine.Rigidbody>), [v594 @ X8_v23+40]
Import :             2 Il2CppMethodInfo.0xD28   e.g. FluidCollectDisplay.AddParticle: 163 CallVoid Action`1<ParticleInitData>..ctor, v201 @ X0_v19 (System.Action`1<ParticleInitData>), v77 @ X0_v3 (FluidCollectDisplay+<>c__DisplayClass21_0), [v353 @ X26_v7 (Il2CppMethodInfo)+D28]
Import :             2 base has no type, from Move from [Il2CppClass<UnityEngine.UIElements.EnumFieldHelpers> + 0xCC0]   e.g. <>c__DisplayClass36_0.<Init>b__3: 59 CheckLess v82 @ C_v2 (System.Boolean), [v79 @ X8_v9 (Il2CppClass<Facebook.Unity.Mobile.IOS.IOSFacebook>)+130], [v78 @ X1_v2+130]
Import :             2 Il2CppMethodInfo.0x248   e.g. RFShatter.sl_element_mesh_par: 731 Move v866 @ X2_v36 (System.Int32), [v2779 @ X28_v26 (Il2CppMethodInfo)+248]
Import :             2 array at 0x0, from Move from the field RayfireUnyielding[]   e.g. RayfireUnyielding.SetUnyielding: 236 CallVoid RayfireUnyielding.GetRigidRootUnyShardList, [v236 @ X8_v12 (RayFire.RayfireUnyielding[])+v246 @ X20_v12 (System.Int32)*8], rr @ X0 (RayFire.RayfireRigidRoot)
Import :             2 Il2CppMethodInfo.0x570   e.g. FluidSolver.AddWaterParticles: 60 CallVoid Action`1<ParticleInitData>..ctor, v67 @ X0_v5 (System.Action`1<ParticleInitData>), this @ X0 (FluidSolver), [v30 @ X25_v1 (Il2CppMethodInfo)+570]
Import :             2 base has no type, from Move from [Il2CppMethodInfo + 0xE68]   e.g. RayfireRigid.AddMeshRootRigid: 202 Move v612 @ X8_v21, [v217 @ X8_v18+20]
Import :             2 Il2CppClass.0x860   e.g. DefaultContractResolver.GetAttributeConstructor: 157 Call F7087C, v386 @ X0_v99, v355 @ X0_v12, [v358 @ X8_v9 (Il2CppClass<System.Func`1<UnityEngine.UIElements.ValidateCommandEvent>>)+860], 0, 0, v30 @ X4, v31 @ X5, v32 @ X6, v33 @ X7, v34 @ V0, v35 @ V1, v36 @ V2, v37 @ V3, v38 @ V4, v39 @ V5, v40 @ V6, v41 @ V7
Import :             2 base has no type, from Move from [Il2CppClass<System.ComponentModel.BooleanConverter> + 0xA0]   e.g. BsonObjectIdConverter.WriteJson: 32 CheckLess v53 @ C_v9 (System.Boolean), [v50 @ X8_v11 (Il2CppClass<System.Object>)+130], [v49 @ X1_v5+130]
Import :             2 Il2CppMethodInfo.0xA50   e.g. ShortcutExtensions.DOTime: 84 CallVoid DOSetter`1<System.Single>..ctor, v144 @ X0_v10 (DG.Tweening.Core.DOSetter`1<System.Single>), v60 @ X0_v3 (System.Object), [v79 @ X26_v1 (Il2CppMethodInfo)+A50]
Import :             2 base has no type, from Move from [Il2CppClass<System.Collections.Generic.List`1<UnityEngine.UIElements.StyleSheets.Syntax.Expression>> + 0xCB0]   e.g. QuaternionPlugin.EvaluateAndApply: 91 CheckLess v265 @ C_v15 (System.Boolean), [v262 @ X8_v25 (Il2CppClass<DG.Tweening.Tween>)+130], [v261 @ X1_v8+130]
Import :             2 base has no type, from Move from [Il2CppClass<System.Collections.Generic.List`1<UnityEngine.UIElements.StyleSheets.Syntax.Expression>> + 0x7F0]   e.g. JsonTextReader.ReadAsDouble: 46 CheckNotEqual v65 @ TEMPCOND_v4 (System.Boolean), [v51 @ X0_v3 (System.Object)], [v52 @ X1_v2+40]
Import :             2 base has no type, from Move from [Il2CppClass<System.Xml.ValidateNames> + 0x520]   e.g. XContainerWrapper.WrapNode: 277 CheckLess v455 @ C_v24 (System.Boolean), [v46 @ X8_v9 (Il2CppClass<System.Xml.Linq.XObject>)+130], [v107 @ X10_v24+130]
Import :             2 base has no type, from Add of [Il2CppClass<System.Reflection.MethodBase> + 0xC8] and Int32   e.g. LateBoundReflectionDelegateFactory.CreateMethodCall: 99 CheckNotEqual v202 @ TEMPCSEL_v5 (System.Boolean), [v259 @ X10_v3-8], v156 @ X9_v8
Import :             2 base has no type, from Move from AddressOf(stack_-2D0, Single)   e.g. UIParticleUpdater.BakeMesh: 1001 Call "SzArrayNew", particle @ X0 (Voodoo.UI.Particles.UIParticle), particle @ X0 (Voodoo.UI.Particles.UIParticle), v2767 @ X0_v201 (System.Int32), 0, v514 @ X3_v5 (UnityEngine.Matrix4x4), v287 @ X4_v4, v54 @ X5, v55 @ X6, v56 @ X7, [v2650 @ X8_v67+20], [v2650 @ X8_v67+30], v2271 @ V2_v16 (System.Single), v2717 @ V3_v11 (System.Single), v709 @ V4_v4 (System.Single), v62 @ V5, v544 @ V6_v3 (System.Int32), v64 @ V7
Import :             2 Il2CppMethodInfo.0x3F0   e.g. UIIconGenerator.RenderSnowIcon: 116 CallVoid Action`1<UnityEngine.MaterialPropertyBlock>..ctor, v184 @ X0_v8 (System.Action`1<UnityEngine.MaterialPropertyBlock>), [v179 @ X8_v6], [v186 @ X8_v9 (Il2CppMethodInfo)+3F0]
Import :             2 Il2CppMethodInfo.0xA00   e.g. ShortcutExtensions.DOTiling: 100 CallVoid DOSetter`1<UnityEngine.Vector2>..ctor, v217 @ X0_v23 (DG.Tweening.Core.DOSetter`1<UnityEngine.Vector2>), v62 @ X0_v3 (System.Object), [v224 @ X8_v18 (Il2CppMethodInfo)+A00]
Import :             2 array at 0x0, from Move from Transform   e.g. RFShatter.sl_element_mesh_par: 650 ShiftLeft v3082 @ TEMPSHIFT_v75 (System.Int32), [v1838 @ X22_v5 (UnityEngine.Mesh[])+v2573 @ X26_v41 (System.Int32)], 1
Import :             2 Il2CppMethodInfo.0x650   e.g. Sequence.DoInsert: 130 Move v151 @ X8_v10, [v263 @ X8_v8 (Il2CppMethodInfo)+650]
Import :             2 Il2CppMethodInfo.0xD68   e.g. FluidSolver.AddFish: 357 CallVoid Action`1<ParticleInitData>..ctor, v552 @ X0_v37 (System.Action`1<ParticleInitData>), v65 @ X0_v3 (FluidSolver+<>c__DisplayClass161_0), [v547 @ X25_v2 (Il2CppMethodInfo)+D68]
Import :             2 base has no type, from Move from [Object + 0x48]   e.g. RFDemolitionMesh.ChildrenToFragments: 230 CheckEqual v131 @ Z_v5 (System.Boolean), [v194 @ X8_v11+28], 4
Import :             2 base has no type, from Move from [Il2CppClass<System.Runtime.Serialization.ObjectHolderList> + 0x1A0]   e.g. ReflectionUtils.GetAttributes: 175 CheckLess v262 @ C_v14 (System.Boolean), [v56 @ X8_v6 (Il2CppClass<System.Object>)+130], [v260 @ X10_v15+130]
Import :             2 Il2CppMethodInfo.0x108   e.g. AndroidFacebook.IsImplicitPurchaseLoggingEnabled: 30 Move v51 @ X21_v1, [v47 @ X8_v3 (Il2CppMethodInfo)+108]
Import :             2 Il2CppMethodInfo.0x600   e.g. RFReset.DestroyFragments: 100 CallVoid Func`2<System.Object, System.Boolean>..ctor, v503 @ X0_v132, [v498 @ X8_v54], [v518 @ X8_v57 (Il2CppMethodInfo)+600]
Import :             2 base has no type, from Move from [Il2CppClass<CollectParticleData[]> + 0xBD8]   e.g. ReflectionUtils.GetAttributes: 88 CheckLess v108 @ C_v5 (System.Boolean), [v56 @ X8_v6 (Il2CppClass<System.Object>)+130], [v106 @ X10_v6+130]
Import :             2 array at 0x0, from Move from the field Int32[]   e.g. RFDictionary.GetDictionary: 76 CallVoid Dictionary`2<System.Int32, System.Int32>.Add, v48 @ X0_v3 (System.Collections.Generic.Dictionary`2<System.Int32, System.Int32>), [v157 @ X8_v11 (System.Int32[])+v153 @ X22_v9 (System.Int32)*4], [v130 @ X9_v7 (System.Int32[])+v153 @ X22_v9 (System.Int32)*4]
Import :             2 byref at 0x18, from Move from Mesh&   e.g. RFShatter.ConvertMesh: 650 Move v1639 @ X19_v31 (System.Collections.Generic.List`1<System.Int32>&), [v1273 @ X24_v28 (UnityEngine.Mesh&)+18]
Import :             2 base has no type, from Move from [T2 + 0x20]   e.g. TweenerCore`3.ChangeStartValue: 57 Move v68 @ X8_v5, [v67 @ X8_v4+C0]
Import :             2 base has no type, from Move from [Il2CppClass<System.ComponentModel.BooleanConverter> + 0x8B8]   e.g. DataSetConverter.ReadJson: 107 CheckLess v495 @ C_v25 (System.Boolean), [v492 @ X8_v30 (Il2CppClass<System.Object>)+130], [v491 @ X1_v32+130]
Import :             2 Il2CppMethodInfo.0xA08   e.g. ShortcutExtensions.DOVector: 95 CallVoid DOGetter`1<UnityEngine.Vector4>..ctor, v195 @ X0_v21 (DG.Tweening.Core.DOGetter`1<UnityEngine.Vector4>), v68 @ X0_v3 (System.Object), [v201 @ X8_v14 (Il2CppMethodInfo)+A08]
Import :             2 base has no type, from Move from [Il2CppMethodInfo + 0x708]   e.g. DOVirtual.Vector3: 156 Move [v238 @ X0_v19+10], [v240 @ X22_v3+8]
Import :             2 base has no type, from Move from [StructMultiKey`2<System.Type, Newtonsoft.Json.Serialization.NamingStrategy> + 0x0]   e.g. EnumUtils.InitializeValuesAndNames: 448 IndirectCall [v250 @ X8_v21+688], v291 @ X0_v1 (System.NullReferenceException), key @ X0 (Newtonsoft.Json.Utilities.StructMultiKey`2<System.Type, Newtonsoft.Json.Serialization.NamingStrategy>), v81[0], 56, [v250 @ X8_v21+690], v97 @ X4_v4, v45 @ X5, v46 @ X6, v47 @ X7, v48 @ V0, v49 @ V1, v50 @ V2, v51 @ V3, v52 @ V4, v53 @ V5, v54 @ V6, v55 @ V7
Import :             2 Il2CppMethodInfo.0x690   e.g. RayfireCluster.ClusterizeRangeShards: 294 CallVoid Predicate`1<System.Object>..ctor, v300 @ X0_v56 (System.Predicate`1<System.Object>), v645 @ X0_v49 (System.Object), [v743 @ X8_v65 (Il2CppMethodInfo)+690]
Import :             2 Il2CppMethodInfo.0xA38   e.g. ShortcutExtensions.DOResize: 80 CallVoid DOGetter`1<UnityEngine.Vector2>..ctor, v98 @ X0_v8 (DG.Tweening.Core.DOGetter`1<UnityEngine.Vector2>), v65 @ X0_v3 (System.Object), [v80 @ X24_v1 (Il2CppMethodInfo)+A38]
Import :             2 Il2CppClass.0x6F0   e.g. XmlNodeConverter.ResolveFullName: 328 Move v655 @ X0_v23, [v653 @ X8_v17 (Il2CppClass<System.Xml.ValidateNames>)+6F0]
Import :             2 base has no type, from Move from [Il2CppMethodInfo + 0x880]   e.g. GameAnalyticsATTClient.RequestTrackingAuthorization: 85 CheckEqual v98 @ TEMP_v8 (System.Boolean), [v76 @ X20_v3+52], 0
Import :             2 Il2CppMethodInfo.0xA70   e.g. ShortcutExtensions.DOMoveX: 87 CallVoid DOSetter`1<UnityEngine.Vector3>..ctor, v160 @ X0_v10 (DG.Tweening.Core.DOSetter`1<UnityEngine.Vector3>), v65 @ X0_v3 (System.Object), [v84 @ X27_v1 (Il2CppMethodInfo)+A70]
Import :             2 Il2CppMethodInfo.0x608   e.g. RFReset.DestroyFragments: 383 CallVoid Func`2<System.Object, System.Boolean>..ctor, v627 @ X0_v71, [v622 @ X8_v34], [v639 @ X8_v37 (Il2CppMethodInfo)+608]
Import :             2 Il2CppMethodInfo.0xB68   e.g. UnitySourceGeneratedAssemblyMonoScriptTypes_v1.Get: 56 CallVoid RuntimeHelpers.InitializeArray, v78 @ X0_v7 (System.Array), [v26 @ X22_v1 (Il2CppMethodInfo)+B68]
Import :             2 Il2CppMethodInfo.0x78   e.g. CollectionManager.OnCollectIceBlock: 163 CallVoid Func`1<UnityEngine.Vector2>..ctor, v346 @ X0_v16 (System.Func`1<UnityEngine.Vector2>), v193 @ X0_v11 (System.Object), [v347 @ X8_v20 (Il2CppMethodInfo)+78]
Import :             2 Il2CppMethodInfo.0x640   e.g. RFSlice.SetSliceData: 248 CallVoid Func`2<System.Object, UnityEngine.Vector3>..ctor, v560 @ X0_v56 (System.Func`2<System.Object, UnityEngine.Vector3>), [v556 @ X8_v33], [v564 @ X8_v34 (Il2CppMethodInfo)+640]
Import :             2 Il2CppMethodInfo.0xD58   e.g. FluidSolver.AddSponge: 82 CallVoid Action`1<ParticleInitData>..ctor, v217 @ X0_v14 (System.Action`1<ParticleInitData>), v59 @ X0_v3 (FluidSolver+<>c__DisplayClass153_0), [v74 @ X24_v2 (Il2CppMethodInfo)+D58]
Import :             2 base has no type, from Move from [Boolean + 0x20]   e.g. TweenerCore`3.ChangeEndValue: 19 Move v36 @ X8_v2, [v34 @ X8_v1+C0]
Import :             2 array at 0x34, from Move from the field Vector3[]   e.g. RayfireBlade.TriggerExit: 200 Add v303 @ V0_v9 (System.Single), [v99 @ X8_v10 (UnityEngine.Vector3[])+34], [v52 @ X9_v3 (UnityEngine.Vector3[])+34]
Import :             2 static field storage at 0x10   e.g. JEnumerable`1.GetEnumerator: 141 Move v70 @ X0_v40 (Il2CppClass<Newtonsoft.Json.Linq.JEnumerable`1<T>>), [v224 @ X8_v34 (Il2CppStaticFields<Newtonsoft.Json.Linq.JEnumerable`1<T>>)+10]
Import :             2 Il2CppMethodInfo.0x638   e.g. DOTweenModuleUI.DOFade: 81 CallVoid DOGetter`1<UnityEngine.Color>..ctor, v99 @ X0_v8 (DG.Tweening.Core.DOGetter`1<UnityEngine.Color>), v64 @ X0_v3 (System.Object), [v79 @ X24_v1 (Il2CppMethodInfo)+638]
Import :             2 Il2CppClass.0x660   e.g. CollectionUtils.ResolveEnumerableCollectionConstructor: 95 Move v180 @ X2_v7, [v227 @ X8_v10 (Il2CppClass<System.Type>)+660]
Import :             2 Il2CppMethodInfo.0x828   e.g. DefaultContractResolver.SetExtensionDataDelegates: 632 CallVoid ExtensionDataGetter..ctor, v248 @ X0_v77 (Newtonsoft.Json.Serialization.ExtensionDataGetter), v243 @ X0_v46 (Newtonsoft.Json.Serialization.DefaultContractResolver+<>c__DisplayClass45_2), [v979 @ X8_v42 (Il2CppMethodInfo)+828]
Import :             2 base has no type, from Move from [Il2CppMethodInfo + 0x6F0]   e.g. DOVirtual.Vector2: 148 Move [v226 @ X0_v19+10], [v228 @ X22_v3+8]
Import :             2 base has no type, from Move from [Il2CppMethodInfo + 0x6C0]   e.g. DOVirtual.Float: 139 Move [v211 @ X0_v19+10], [v213 @ X22_v3+8]
Import :             2 base has no type, from Move from [Il2CppClass<System.Collections.Generic.List`1<UnityEngine.UIElements.StyleSheets.Syntax.Expression>> + 0xA50]   e.g. LevelSequenceManager..ctor: 20 CheckEqual v26 @ TEMP_v7 (System.Boolean), [v24 @ X0_v13+E0], 0
Import :             2 base has no type, from Move from [Il2CppClass<System.Collections.Generic.List`1<UnityEngine.UIElements.StyleSheets.Syntax.Expression>> + 0xA40]   e.g. CollectionManager..ctor: 20 CheckEqual v26 @ TEMP_v7 (System.Boolean), [v24 @ X0_v13+E0], 0
Import :             2 Il2CppMethodInfo.0xE60   e.g. JsonSerializer.SerializeInternal: 176 Move v180 @ X2_v41, [v560 @ X8_v106 (Il2CppMethodInfo)+E60]
Import :             2 Il2CppMethodInfo.0x3C0   e.g. Octopus.Split: 309 CallVoid Func`2<System.Int32, System.Single>..ctor, v590 @ X0_v26 (System.Func`2<System.Int32, System.Single>), v341 @ X20_v5 (System.Object), [v592 @ X8_v15 (Il2CppMethodInfo)+3C0]
Import :             2 Il2CppMethodInfo.0x670   e.g. FluidSolver.UpdateCaterpillarMidpoints: 55 Move v136 @ X1_v2 (Il2CppMethodInfo), [v57 @ X23_v4 (Il2CppMethodInfo)+670]
Import :             2 Il2CppMethodInfo.0xD08   e.g. JsonTypeReflector..cctor: 73 CallVoid Func`2<System.Object, System.Object>..ctor, v73 @ X0_v3 (System.Func`2<System.Object, System.Object>), 0, [v30 @ X27_v1 (Il2CppMethodInfo)+D08]
Import :             2 base has no type, from Add of [Il2CppClass<Newtonsoft.Json.Serialization.JsonContract> + 0xC8] and Int32   e.g. JsonSerializerInternalReader.EnsureArrayContract: 56 CheckNotEqual v81 @ TEMPCOND_v4 (System.Boolean), [v70 @ X9_v5-8], v51 @ X8_v6
Import :             2 Il2CppClass.0xA58   e.g. Loader..ctor: 18 Move v24 @ X0_v13, [v18 @ X20_v1 (Il2CppClass<System.Collections.Generic.List`1<UnityEngine.UIElements.StyleSheets.Syntax.Expression>>)+A58]
Import :             2 array at 0x0, from a call's result   e.g. Singleton`1.get_Instance: 414 CheckEqual v566 @ TEMP_v78 (System.Boolean), [v387 @ X0_v51 (T[])+v530 @ X23_v9 (System.Int32)*8], 0
Import :             2 base has no type, from Move from [Il2CppClass<System.Xml.ValidateNames> + 0x828]   e.g. XmlNodeConverter.WrapXml: 58 CheckLess v138 @ C_v5 (System.Boolean), [v45 @ X8_v6 (Il2CppClass<System.Object>)+130], [v107 @ X10_v5+130]
Import :             2 base has no type, from Move from [Il2CppClass<Facebook.Unity.Windows.IWindowsFacebook> + 0x3C8]   e.g. JContainer.EnsureParentToken: 106 Move v193 @ X8_v7, [v191 @ X0_v7+B8]
Import :             2 base has no type, from Move from [Component + 0x40]   e.g. RayfireRigidRoot.AwakeMethods: 143 CallVoid RFSound.InitializationSound, [302D0D8], [v159 @ X8_v15+A0]
Import :             2 base has no type, from Move from [Component + 0x70]   e.g. <LivingCor>d__25.MoveNext: 202 CheckEqual v141 @ TEMP_v10 (System.Boolean), [v199 @ X0_v8+38], 0
Import :             2 Il2CppMethodInfo.0x568   e.g. FluidSolver.AddSnow: 47 CallVoid Action`1<ParticleInitData>..ctor, v98 @ X0_v33 (System.Action`1<ParticleInitData>), this @ X0 (FluidSolver), [v90 @ X25_v4 (Il2CppMethodInfo)+568]
Import :             2 Il2CppMethodInfo.0x620   e.g. RFReset.FragmentReuseState: 230 CallVoid Func`2<System.Object, System.Boolean>..ctor, v328 @ X0_v20, [v323 @ X8_v11], [v332 @ X8_v14 (Il2CppMethodInfo)+620]
Import :             2 base has no type, from Move from [Il2CppMethodInfo + 0x610]   e.g. JsonWriter.BuildStateArray: 133 Move v450 @ X8_v19, [v159 @ X9_v12+20]
Import :             2 base has no type, from Add of UInt64[] and Int32   e.g. EnumUtils.InternalFlagsFormat: 84 Subtract v418 @ X26_v14 (System.UInt64), v418 @ X26_v14 (System.UInt64), [v191 @ X28_v9+v195 @ X25_v10 (System.Int32)*8]
Import :             2 Il2CppMethodInfo.0xC68   e.g. JsonContract.InvokeOnError: 110 Move v169 @ X1_v6, [v67 @ X23_v4 (Il2CppMethodInfo)+C68]
Import :             2 Il2CppMethodInfo.0xA48   e.g. ShortcutExtensions.DOTime: 77 CallVoid DOGetter`1<System.Single>..ctor, v93 @ X0_v8 (DG.Tweening.Core.DOGetter`1<System.Single>), v60 @ X0_v3 (System.Object), [v75 @ X24_v1 (Il2CppMethodInfo)+A48]
Import :             2 base has no type, from Move from [Il2CppClass<Facebook.Unity.Windows.IWindowsFacebook> + 0x348]   e.g. JPropertyKeyedCollection.EnsureDictionary: 47 Move v87 @ X8_v5, [v85 @ X0_v3+B8]
Import :             2 Il2CppMethodInfo.0x98   e.g. CollectionManager.OnCollectBee: 82 CallVoid Func`1<UnityEngine.Vector2>..ctor, v373 @ X0_v20 (System.Func`1<UnityEngine.Vector2>), v208 @ X0_v11 (System.Object), [v374 @ X8_v28 (Il2CppMethodInfo)+98]
Import :             2 Il2CppMethodInfo.0x3E8   e.g. UIIconGenerator.RenderMudIcon: 116 CallVoid Action`1<UnityEngine.MaterialPropertyBlock>..ctor, v184 @ X0_v8 (System.Action`1<UnityEngine.MaterialPropertyBlock>), [v179 @ X8_v6], [v186 @ X8_v9 (Il2CppMethodInfo)+3E8]
Import :             2 Il2CppMethodInfo.0xA78   e.g. ShortcutExtensions.DOMoveY: 80 CallVoid DOGetter`1<UnityEngine.Vector3>..ctor, v98 @ X0_v8 (DG.Tweening.Core.DOGetter`1<UnityEngine.Vector3>), v65 @ X0_v3 (System.Object), [v80 @ X25_v1 (Il2CppMethodInfo)+A78]
Import :             2 Il2CppClass.0x160   e.g. X509CertificateCollection.GetHashCode: 9 Move v11 @ X1_v1, [v9 @ X8_v1 (Il2CppClass<System.Collections.ArrayList>)+160]
Import :             1 Il2CppMethodInfo.0x188   e.g. DefaultContractResolver.GetCallbackMethodsForType: 644 Move v1113 @ X8_v55, [v1111 @ X8_v53 (Il2CppMethodInfo)+188]
Import :             1 Il2CppClass.0x510   e.g. XDocumentWrapper.AppendChild: 25 Move v46 @ X8_v6, [v44 @ X8_v4 (Il2CppClass<System.Xml.ValidateNames>)+510]
Import :             1 Il2CppMethodInfo.0x680   e.g. DOTweenModuleUI.DOPreferredSize: 93 CallVoid DOSetter`1<UnityEngine.Vector2>..ctor, v169 @ X0_v10 (DG.Tweening.Core.DOSetter`1<UnityEngine.Vector2>), v70 @ X0_v3 (System.Object), [v89 @ X27_v1 (Il2CppMethodInfo)+680]
Import :             1 Il2CppMethodInfo.0x2B0   e.g. DOTweenModulePhysics.DOMoveY: 82 CallVoid DOGetter`1<UnityEngine.Vector3>..ctor, v100 @ X0_v8 (DG.Tweening.Core.DOGetter`1<UnityEngine.Vector3>), v65 @ X0_v3 (System.Object), [v80 @ X25_v1 (Il2CppMethodInfo)+2B0]
Import :             1 Il2CppMethodInfo.0xD98   e.g. ShortcutExtensions.DOBlendablePunchRotation: 118 CallVoid DOGetter`1<UnityEngine.Vector3>..ctor, v228 @ X0_v19 (DG.Tweening.Core.DOGetter`1<UnityEngine.Vector3>), v68 @ X0_v3 (System.Object), [v246 @ X8_v25 (Il2CppMethodInfo)+D98]
Import :             1 Il2CppClass.0xE20   e.g. ReflectionObject.Create: 446 Move v71 @ X0_v5 (Newtonsoft.Json.Utilities.ReflectionDelegateFactory), [v1055 @ X8_v79 (Il2CppClass<System.Collections.Generic.NullableComparer`1>)+E20]
Import :             1 Il2CppMethodInfo.0x3D0   e.g. DOTweenModuleSprite.DOBlendableColor: 120 CallVoid DOSetter`1<UnityEngine.Color>..ctor, v214 @ X0_v12 (DG.Tweening.Core.DOSetter`1<UnityEngine.Color>), v79 @ X0_v3 (System.Object), [v119 @ X26_v1 (Il2CppMethodInfo)+3D0]
Import :             1 Il2CppMethodInfo.0x6F0   e.g. DOVirtual.Vector2: 146 Move v228 @ X22_v3, [v205 @ X24_v3 (Il2CppMethodInfo)+6F0]
Import :             1 Il2CppMethodInfo.0x500   e.g. DOTweenModuleUI.DOPunchAnchorPos: 93 CallVoid DOSetter`1<UnityEngine.Vector3>..ctor, v173 @ X0_v10 (DG.Tweening.Core.DOSetter`1<UnityEngine.Vector3>), v72 @ X0_v3 (System.Object), [v91 @ X28_v1 (Il2CppMethodInfo)+500]
Import :             1 base has no type, from Move from [Il2CppMethodInfo + 0x188]   e.g. DefaultContractResolver.GetCallbackMethodsForType: 671 Move v1123 @ X8_v56, [v1113 @ X8_v55+20]
Import :             1 Il2CppMethodInfo.0xF0   e.g. Level.AssignLocksToSections: 229 CallVoid Func`2<System.Object, System.Single>..ctor, v774 @ X0_v61 (System.Func`2<System.Object, System.Single>), [v769 @ X8_v61], [v782 @ X8_v64 (Il2CppMethodInfo)+F0]
Import :             1 byref at 0x58, from no definition   e.g. RFShatter.ConvertMesh: 414 Move v1442 @ X8_v292, [v265 @ X3_v4 (safeMeshData&)+58]
Import :             1 Il2CppMethodInfo.0x678   e.g. DOTweenModuleUI.DOPreferredSize: 86 CallVoid DOGetter`1<UnityEngine.Vector2>..ctor, v105 @ X0_v8 (DG.Tweening.Core.DOGetter`1<UnityEngine.Vector2>), v70 @ X0_v3 (System.Object), [v85 @ X25_v1 (Il2CppMethodInfo)+678]
Import :             1 Il2CppMethodInfo.0x868   e.g. RayfireRigid.AddMeshRootRigid: 73 Move v151 @ X2_v5, [v62 @ X23_v3 (Il2CppMethodInfo)+868]
Import :             1 base has no type, from Add of the field Vector4[] and Int32   e.g. FluidCompute.RemoveParticles: 309 Move [v666 @ X10_v18+20], [v77 @ X11_v17+20]
Import :             1 base has no type, from Move from [Object + 0x148]   e.g. GameAnalytics.InternalInitialize: 379 CheckGreaterOrEqual v278 @ TEMPCOND_v24 (System.Boolean), v438 @ X22_v22 (System.Int32), [v732 @ X8_v324+18]
Import :             1 Il2CppMethodInfo.0x2D8   e.g. DOTweenModulePhysics.DOJump: 213 CallVoid TweenCallback..ctor, v310 @ X0_v24 (DG.Tweening.TweenCallback), v77 @ X0_v3 (System.Object), [v312 @ X8_v11 (Il2CppMethodInfo)+2D8]
Import :             1 base has no type, from Move from [Il2CppMethodInfo + 0xA88]   e.g. RayfireCombine.SetData: 756 Move v2609 @ X8_v234, [v2569 @ X8_v232+20]
Import :             1 base has no type, from Move from AddressOf(stack_-277)   e.g. FluidSolver.Awake: 260 Move this.isWater (Unity.Collections.NativeArray`1<System.Boolean>), [v238 @ X9_v5+FF]
Import :             1 base has no type, from Move from [Il2CppMethodInfo + 0xA58]   e.g. RayfireBomb.SetObstacleHash: 282 Move v698 @ X8_v23, [v486 @ X8_v20+20]
Import :             1 array at 0x28, from Move from ArrayAccess   e.g. BezierPath.SplitSegment: 300 Move [v368 @ X0_v15 (System.Collections.Generic.IEnumerable`1<UnityEngine.Vector3>)+34], [v403 @ X9_v8 (UnityEngine.Vector3[])+28]
Import :             1 Il2CppMethodInfo.0xF48   e.g. ImageSliceWithUV.ModifyMesh: 251 CallVoid Func`2<UnityEngine.UIVertex, System.Single>..ctor, v560 @ X0_v36 (System.Func`2<UnityEngine.UIVertex, System.Single>), [v555 @ X8_v22], [v566 @ X8_v25 (Il2CppMethodInfo)+F48]
Import :             1 base has no type, from Move from [Il2CppMethodInfo + 0x88]   e.g. FluidPhysicsCoupler.RefreshBodies: 142 Move v886 @ X10_v9, [v210 @ X10_v5+20]
Import :             1 Il2CppMethodInfo.0x558   e.g. DOTweenModuleUI.DOFade: 81 CallVoid DOGetter`1<UnityEngine.Color>..ctor, v99 @ X0_v8 (DG.Tweening.Core.DOGetter`1<UnityEngine.Color>), v64 @ X0_v3 (System.Object), [v79 @ X24_v1 (Il2CppMethodInfo)+558]
Import :             1 Il2CppMethodInfo.0x470   e.g. DOTweenModuleUI.DOAnchorPos3DY: 89 CallVoid DOSetter`1<UnityEngine.Vector3>..ctor, v162 @ X0_v10 (DG.Tweening.Core.DOSetter`1<UnityEngine.Vector3>), v65 @ X0_v3 (System.Object), [v84 @ X27_v1 (Il2CppMethodInfo)+470]
Import :             1 Il2CppMethodInfo.0x688   e.g. DOTweenModuleUnityVersion.DOOffset: 82 CallVoid DOGetter`1<UnityEngine.Vector2>..ctor, v167 @ X0_v19 (DG.Tweening.Core.DOGetter`1<UnityEngine.Vector2>), v58 @ X0_v3 (System.Object), [v173 @ X8_v14 (Il2CppMethodInfo)+688]
Import :             1 Il2CppMethodInfo.0xD90   e.g. ShortcutExtensions.DOBlendableLocalRotateBy: 112 CallVoid DOSetter`1<UnityEngine.Quaternion>..ctor, v211 @ X0_v12 (DG.Tweening.Core.DOSetter`1<UnityEngine.Quaternion>), v71 @ X0_v3 (System.Object), [v90 @ X25_v2 (Il2CppMethodInfo)+D90]
Import :             1 Il2CppMethodInfo.0x4A8   e.g. DOTweenModuleUI.DOAnchorMin: 86 CallVoid DOGetter`1<UnityEngine.Vector2>..ctor, v105 @ X0_v8 (DG.Tweening.Core.DOGetter`1<UnityEngine.Vector2>), v70 @ X0_v3 (System.Object), [v85 @ X25_v1 (Il2CppMethodInfo)+4A8]
Import :             1 base has no type, from Move from [Il2CppClass<System.Xml.ValidateNames> + 0x6F0]   e.g. XmlNodeConverter.ResolveFullName: 330 CheckEqual v247 @ TEMP_v14 (System.Boolean), [v655 @ X0_v23+E0], 0
Import :             1 Il2CppClass.0xD10   e.g. MainPage.<OnLogPayloadBtnClick>b__4_0: 63 Call F7087C, v192 @ X0_v4, result @ X1 (Facebook.Unity.IPayloadResult), [v47 @ X8_v4 (Il2CppClass<UnityEngine.UIElements.EnumFieldHelpers>)+D10], 0, v27 @ X3, v28 @ X4, v29 @ X5, v30 @ X6, v31 @ X7, v32 @ V0, v33 @ V1, v34 @ V2, v35 @ V3, v36 @ V4, v37 @ V5, v38 @ V6, v39 @ V7
Import :             1 Il2CppMethodInfo.0x3D8   e.g. DOTweenModuleUI.DOFade: 81 CallVoid DOGetter`1<System.Single>..ctor, v99 @ X0_v8 (DG.Tweening.Core.DOGetter`1<System.Single>), v64 @ X0_v3 (System.Object), [v79 @ X24_v1 (Il2CppMethodInfo)+3D8]
Import :             1 Il2CppMethodInfo.0x508   e.g. DOTweenModuleUI.DOShakeAnchorPos: 89 CallVoid DOGetter`1<UnityEngine.Vector3>..ctor, v106 @ X0_v8 (DG.Tweening.Core.DOGetter`1<UnityEngine.Vector3>), v73 @ X0_v3 (System.Object), [v88 @ X27_v1 (Il2CppMethodInfo)+508]
Import :             1 Il2CppClass.0x910   e.g. SubscriptionsResult.ToString: 96 Call F7087C, v59 @ X0_v3 (System.Text.StringBuilder), v68 @ X21_v2 (System.Collections.Generic.IList`1<Facebook.Unity.Subscription>), [v73 @ X8_v14 (Il2CppClass<System.Func`1<UnityEngine.UIElements.ValidateCommandEvent>>)+910], 0, v40 @ X3, v41 @ X4, v42 @ X5, v43 @ X6, v44 @ X7, v45 @ V0, v46 @ V1, v47 @ V2, v48 @ V3, v49 @ V4, v50 @ V5, v51 @ V6, v52 @ V7
Import :             1 Il2CppClass.0x8F0   e.g. UIParticle.RefreshParticles: 100 Move v64 @ X0_v85 (System.Boolean), [v251 @ X8_v15 (Il2CppClass<System.Collections.Generic.List`1<UnityEngine.UIElements.StyleSheets.Syntax.Expression>>)+8F0]
Import :             1 Il2CppMethodInfo.0xD40   e.g. FluidSolver.AddOctopus: 109 CallVoid Action`1<ParticleInitData>..ctor, v243 @ X0_v19 (System.Action`1<ParticleInitData>), v60 @ X0_v3 (FluidSolver+<>c__DisplayClass146_0), [v79 @ X20_v2 (Il2CppMethodInfo)+D40]
Import :             1 Il2CppMethodInfo.0xD88   e.g. ShortcutExtensions.DOBlendableLocalRotateBy: 105 CallVoid DOGetter`1<UnityEngine.Quaternion>..ctor, v158 @ X0_v10 (DG.Tweening.Core.DOGetter`1<UnityEngine.Quaternion>), v71 @ X0_v3 (System.Object), [v86 @ X26_v2 (Il2CppMethodInfo)+D88]
Import :             1 Il2CppMethodInfo.0xC38   e.g. ShortcutExtensions.DOJump: 174 CallVoid DOGetter`1<UnityEngine.Vector3>..ctor, v325 @ X0_v15 (DG.Tweening.Core.DOGetter`1<UnityEngine.Vector3>), v77 @ X0_v3 (System.Object), [v290 @ X24_v2 (Il2CppMethodInfo)+C38]
Import :             1 base has no type, from Move from [String + 0x310]   e.g. DateTimeParser..cctor: 124 Move [v84 @ X8_v9+18], [v104 @ X9_v10+10]
Import :             1 Il2CppClass.0x890   e.g. DataTableConverter.WriteJson: 287 Move v188 @ X1_v17 (Newtonsoft.Json.JsonWriter), [v978 @ X8_v75 (Il2CppClass<System.ComponentModel.BooleanConverter>)+890]
Import :             1 Il2CppMethodInfo.0x3B8   e.g. DOTweenModuleSprite.DOFade: 81 CallVoid DOGetter`1<UnityEngine.Color>..ctor, v99 @ X0_v8 (DG.Tweening.Core.DOGetter`1<UnityEngine.Color>), v64 @ X0_v3 (System.Object), [v79 @ X24_v1 (Il2CppMethodInfo)+3B8]
Import :             1 Il2CppMethodInfo.0xE90   e.g. Profile..ctor: 151 Move v171 @ X2_v2, [v135 @ X20_v4 (Il2CppMethodInfo)+E90]
Import :             1 Il2CppMethodInfo.0x668   e.g. DOTweenModuleUI.DOMinSize: 86 CallVoid DOGetter`1<UnityEngine.Vector2>..ctor, v105 @ X0_v8 (DG.Tweening.Core.DOGetter`1<UnityEngine.Vector2>), v70 @ X0_v3 (System.Object), [v85 @ X25_v1 (Il2CppMethodInfo)+668]
Import :             1 Il2CppMethodInfo.0x480   e.g. DOTweenModuleUI.DOAnchorPos3DZ: 89 CallVoid DOSetter`1<UnityEngine.Vector3>..ctor, v162 @ X0_v10 (DG.Tweening.Core.DOSetter`1<UnityEngine.Vector3>), v65 @ X0_v3 (System.Object), [v84 @ X27_v1 (Il2CppMethodInfo)+480]
Import :             1 array at 0x24, from no definition   e.g. CubicBezierUtility.Normal: 57 MakeStruct v93 @ AGG1E45090_0_v1 (UnityEngine.Vector3), typeof(UnityEngine.Vector3), [points @ X0 (UnityEngine.Vector3[])+20], [points @ X0 (UnityEngine.Vector3[])+24], [points @ X0 (UnityEngine.Vector3[])+28]
Import :             1 array at 0x10, from Move from [Mesh[]& + 0x0]   e.g. RFShatter.SimpleCompute: 295 CallVoid Array.Clear, [v252 @ X8_v7 (UnityEngine.Mesh[])+10], 0, v252.Length
Import :             1 Il2CppMethodInfo.0xDA8   e.g. ShortcutExtensions.DOBlendableScaleBy: 104 CallVoid DOGetter`1<UnityEngine.Vector3>..ctor, v118 @ X0_v9 (DG.Tweening.Core.DOGetter`1<UnityEngine.Vector3>), v66 @ X0_v3 (System.Object), [v81 @ X25_v1 (Il2CppMethodInfo)+DA8]
Import :             1 Il2CppMethodInfo.0x520   e.g. DOTweenModuleUI.DOShakeAnchorPos: 98 CallVoid DOSetter`1<UnityEngine.Vector3>..ctor, v180 @ X0_v10 (DG.Tweening.Core.DOSetter`1<UnityEngine.Vector3>), v74 @ X0_v3 (System.Object), [v93 @ X28_v1 (Il2CppMethodInfo)+520]
Import :             1 Il2CppMethodInfo.0x4F0   e.g. DOTweenModuleUI.DOSizeDelta: 93 CallVoid DOSetter`1<UnityEngine.Vector2>..ctor, v169 @ X0_v10 (DG.Tweening.Core.DOSetter`1<UnityEngine.Vector2>), v70 @ X0_v3 (System.Object), [v89 @ X27_v1 (Il2CppMethodInfo)+4F0]
Import :             1 Il2CppMethodInfo.0xCD8   e.g. ShortcutExtensions.DOPath: 88 CallVoid DOGetter`1<UnityEngine.Vector3>..ctor, v132 @ X0_v11 (DG.Tweening.Core.DOGetter`1<UnityEngine.Vector3>), v65 @ X0_v3 (System.Object), [v80 @ X25_v2 (Il2CppMethodInfo)+CD8]
Import :             1 base has no type, from Move from [safeMeshData& + 0x58]   e.g. RFShatter.ConvertMesh: 428 Move v1548 @ X25_v16 (safeMeshData&), [v1442 @ X8_v292+v678 @ X23_v44 (System.Int32)*4]
Import :             1 base has no type, from Add of [Il2CppClass<Facebook.Unity.Purchase> + 0xC8] and Int32   e.g. PurchaseResult..ctor: 305 CheckNotEqual v325 @ TEMPCOND_v15 (System.Boolean), [v749 @ X9_v30-8], v362 @ X8_v31
Import :             1 Il2CppClass.0x2B8   e.g. JsonSerializerProxy.get_ContractResolver: 8 Move v10 @ X2_v1, [v9 @ X8_v1 (Il2CppClass<Newtonsoft.Json.JsonSerializer>)+2B8]
Import :             1 Il2CppMethodInfo.0x960   e.g. UnitySourceGeneratedAssemblyMonoScriptTypes_v1.Get: 45 CallVoid RuntimeHelpers.InitializeArray, v62 @ X0_v3 (System.Array), [v24 @ X24_v1 (Il2CppMethodInfo)+960]
Import :             1 Il2CppClass.0xB68   e.g. ReflectionObject.Create: 416 Move v71 @ X0_v5 (Newtonsoft.Json.Utilities.ReflectionDelegateFactory), [v954 @ X8_v72 (Il2CppClass<TMPro.KerningTable+<>c__DisplayClass3_0>)+B68]
Import :             1 Il2CppMethodInfo.0xD20   e.g. RFTriangle.SetTriangles: 380 Move v350 @ X8_v36, [v657 @ X8_v34 (Il2CppMethodInfo)+D20]
Import :             1 Il2CppMethodInfo.0x598   e.g. DOTweenModuleUI.DOValue: 82 CallVoid DOGetter`1<System.Single>..ctor, v100 @ X0_v8 (DG.Tweening.Core.DOGetter`1<System.Single>), v65 @ X0_v3 (System.Object), [v80 @ X25_v1 (Il2CppMethodInfo)+598]
Import :             1 base has no type, from Move from [String + 0xD00]   e.g. DateTimeParser..cctor: 145 Move [v84 @ X8_v9+24], [v107 @ X9_v16+10]
Import :             1 base has no type, from Move from [String + 0xD18]   e.g. DateTimeParser..cctor: 166 Move [v84 @ X8_v9+30], [v110 @ X9_v22+10]
Import :             1 Il2CppMethodInfo.0x3A0   e.g. DOTweenModulePhysics2D.DOLocalPath: 103 CallVoid DOSetter`1<UnityEngine.Vector3>..ctor, v184 @ X0_v18 (DG.Tweening.Core.DOSetter`1<UnityEngine.Vector3>), v65 @ X0_v3 (System.Object), [v126 @ X26_v2 (Il2CppMethodInfo)+3A0]
Import :             1 Il2CppMethodInfo.0x6C0   e.g. DOVirtual.Float: 137 Move v213 @ X22_v3, [v190 @ X24_v3 (Il2CppMethodInfo)+6C0]
Import :             1 base has no type, from Move from [Object + 0x138]   e.g. GameAnalytics.InternalInitialize: 1337 CheckLess v116 @ TEMPCOND_v12 (System.Boolean), [v772 @ X8_v37+18], 1
Import :             1 base has no type, from Move from AddressOf(stack_-247)   e.g. FluidSolver.Awake: 225 Move this.octopusIds (Unity.Collections.NativeArray`1<System.Int32>), [v206 @ X8_v10+FF]
Import :             1 Il2CppMethodInfo.0x4A0   e.g. DOTweenModuleUI.DOAnchorMax: 93 CallVoid DOSetter`1<UnityEngine.Vector2>..ctor, v169 @ X0_v10 (DG.Tweening.Core.DOSetter`1<UnityEngine.Vector2>), v70 @ X0_v3 (System.Object), [v89 @ X27_v1 (Il2CppMethodInfo)+4A0]
Import :             1 Il2CppClass.0x608   e.g. JsonTypeReflector.CanTypeDescriptorConvertString: 119 Call Type.GetTypeFromHandle, v197 @ X0_v25 (System.Type), [v187 @ X8_v13 (Il2CppClass<System.Collections.Generic.NullableComparer`1>)+608]
Import :             1 base has no type, from Move from [XObject + 0x28]   e.g. XAttributeWrapper.get_LocalName: 62 Return [v94 @ X8_v11+18]
Import :             1 Il2CppClass.0x6B0   e.g. CodelessIAPAutoLog.addListenerToGameObject: 87 Call Type.GetTypeFromHandle, v160 @ X0_v8 (System.Type), [v71 @ X8_v4 (Il2CppClass<System.Collections.Generic.NullableComparer`1>)+6B0]
Import :             1 Il2CppMethodInfo.0x838   e.g. DefaultContractResolver.CreateDynamicContract: 118 Move v146 @ X2_v3 (System.IntPtr), [v221 @ X8_v13 (Il2CppMethodInfo)+838]
Import :             1 Il2CppMethodInfo.0x4E8   e.g. DOTweenModuleUI.DOSizeDelta: 86 CallVoid DOGetter`1<UnityEngine.Vector2>..ctor, v105 @ X0_v8 (DG.Tweening.Core.DOGetter`1<UnityEngine.Vector2>), v70 @ X0_v3 (System.Object), [v85 @ X25_v1 (Il2CppMethodInfo)+4E8]
Import :             1 base has no type, from Move from AddressOf(stack_-257)   e.g. FluidSolver.Awake: 236 Move this.inOctopusHead (Unity.Collections.NativeArray`1<System.Boolean>), [v216 @ X8_v11+FF]
Import :             1 Il2CppMethodInfo.0xCB8   e.g. ShortcutExtensions.DOPath: 108 CallVoid DOGetter`1<UnityEngine.Vector3>..ctor, v236 @ X0_v11 (DG.Tweening.Core.DOGetter`1<UnityEngine.Vector3>), v68 @ X0_v3 (System.Object), [v83 @ X19_v3 (Il2CppMethodInfo)+CB8]
Import :             1 Il2CppMethodInfo.0xF8   e.g. Level.CreateSideBackgrounds: 351 CallVoid Func`2<System.Object, System.Single>..ctor, v936 @ X0_v108 (System.Func`2<System.Object, System.Single>), [v931 @ X8_v69], [v942 @ X8_v72 (Il2CppMethodInfo)+F8]
Import :             1 base has no type, from Move from AddressOf(stack_-2D7)   e.g. FluidSolver.Awake: 331 Move this.nearPressureMultipliers (Unity.Collections.NativeArray`1<System.Single>), [v303 @ X9_v10+FF]
Import :             1 Il2CppMethodInfo.0x718   e.g. RFSound..ctor: 91 Move v207 @ X2_v2 (Il2CppMethodInfo), [v266 @ X8_v12 (Il2CppMethodInfo)+718]
Import :             1 Il2CppMethodInfo.0x6E8   e.g. DOVirtual.Vector2: 100 CallVoid DOSetter`1<UnityEngine.Vector2>..ctor, v168 @ X0_v11 (DG.Tweening.Core.DOSetter`1<UnityEngine.Vector2>), v71 @ X0_v3 (System.Object), [v90 @ X25_v1 (Il2CppMethodInfo)+6E8]
Import :             1 Il2CppMethodInfo.0xDF0   e.g. RFShatter.ConvertMesh: -1 Move v594 @ X3_v3 (safeMeshData&), [v509 @ X28_v23 (Il2CppMethodInfo)+DF0]
Import :             1 Il2CppMethodInfo.0x8D8   e.g. ShortcutExtensions.DOShakeRotation: 98 CallVoid DOGetter`1<UnityEngine.Vector3>..ctor, v107 @ X0_v18 (DG.Tweening.Core.DOGetter`1<UnityEngine.Vector3>), v68 @ X0_v3 (System.Object), [v220 @ X8_v19 (Il2CppMethodInfo)+8D8]
Import :             1 Il2CppMethodInfo.0xF18   e.g. BezierPath..ctor: 81 CallVoid Func`2<UnityEngine.Vector2, UnityEngine.Vector3>..ctor, v137 @ X0_v8 (System.Func`2<UnityEngine.Vector2, UnityEngine.Vector3>), [v132 @ X8_v4], [v141 @ X8_v7 (Il2CppMethodInfo)+F18]
Import :             1 base has no type, from Move from [JContainer + 0x50]   e.g. JContainer.ReadContentFrom: 139 CheckEqual v206 @ TEMP_v14 (System.Boolean), [v162 @ X8_v16+10], 0
Import :             1 Il2CppMethodInfo.0x5A0   e.g. DOTweenModuleUI.DOValue: 89 CallVoid DOSetter`1<System.Single>..ctor, v155 @ X0_v10 (DG.Tweening.Core.DOSetter`1<System.Single>), v65 @ X0_v3 (System.Object), [v84 @ X27_v1 (Il2CppMethodInfo)+5A0]
Import :             1 Il2CppMethodInfo.0x850   e.g. GetTournamentsResult..ctor: 273 Move v852 @ X8_v39, [v436 @ X28_v9 (Il2CppMethodInfo)+850]
Import :             1 Il2CppMethodInfo.0x528   e.g. DOTweenModuleUI.DOJumpAnchorPos: 157 CallVoid DOGetter`1<UnityEngine.Vector2>..ctor, v227 @ X0_v14 (DG.Tweening.Core.DOGetter`1<UnityEngine.Vector2>), v72 @ X0_v3 (System.Object), [v89 @ X26_v1 (Il2CppMethodInfo)+528]
Import :             1 Il2CppClass.0x7A0   e.g. XmlNodeConverter.ReadJson: 210 Call Type.GetTypeFromHandle, v933 @ X0_v172 (System.Type), [v908 @ X8_v96 (Il2CppClass<System.Collections.Generic.NullableComparer`1>)+7A0]
Import :             1 base has no type, from Move from [XObject + 0x30]   e.g. XElementWrapper.get_LocalName: 62 Return [v94 @ X8_v11+18]
Import :             1 byref at 0x40, from no definition   e.g. RFShatter.ConvertMesh: 444 Move v1443 @ X8_v271, [v265 @ X3_v4 (safeMeshData&)+40]
Import :             1 base has no type, from Move from [Rigidbody + 0x38]   e.g. RayfireGun.ImpactRigid: 728 CheckEqual v1256 @ TEMP_v34 (System.Boolean), [v587 @ X8_v36+21], 0
Import :             1 Il2CppMethodInfo.0xDE8   e.g. DefaultContractResolver.GetCallbackMethodsForType: 774 CheckNotEqual v403 @ TEMPCOND_v4 (System.Boolean), [v430 @ X8_v4 (Il2CppMethodInfo)+DE8], 1
Import :             1 array at 0x0, from no definition   e.g. RFFragment.CacheMeshesMult: 176 CallVoid Object.set_name, [v209 @ stack_-68_v5 (UnityEngine.Mesh[])+v293 @ X24_v9 (System.Int32)*8], v238 @ X0_v34 (System.String)
Import :             1 base has no type, from Move from [Il2CppMethodInfo + 0x220]   e.g. RayfireCombine.SetData: 631 Move v2618 @ X8_v249, [v2582 @ X8_v247+20]
Import :             1 base has no type, from Move from [String + 0x2C0]   e.g. DateTimeParser..cctor: 96 Move [v84 @ X8_v9+8], [v75 @ X8_v6+10]
Import :             1 Il2CppMethodInfo.0xE48   e.g. GameManager.CheckWinCondition: 84 CallVoid Func`2<System.Object, System.Boolean>..ctor, v166 @ X0_v12, [v161 @ X8_v11], [v168 @ X8_v14 (Il2CppMethodInfo)+E48]
Import :             1 Il2CppClass.0xD48   e.g. DictionaryEnumerator`2.get_Entry: 57 Move v84 @ X1_v3, [v82 @ X8_v7 (Il2CppClass<System.ComponentModel.BooleanConverter>)+D48]
Import :             1 Il2CppMethodInfo.0x3A8   e.g. DOTweenModuleSprite.DOColor: 91 CallVoid DOGetter`1<UnityEngine.Color>..ctor, v110 @ X0_v8 (DG.Tweening.Core.DOGetter`1<UnityEngine.Color>), v75 @ X0_v3 (System.Object), [v90 @ X24_v1 (Il2CppMethodInfo)+3A8]
Import :             1 Il2CppClass.0x948   e.g. XContainerWrapper.get_ChildNodes: 157 Call F7087C, this @ X0 (Newtonsoft.Json.Converters.XContainerWrapper), v316 @ X0_v41 (System.Collections.Generic.IEnumerable`1<System.Xml.Linq.XNode>), [v370 @ X8_v32 (Il2CppClass<System.Func`1<UnityEngine.UIElements.ValidateCommandEvent>>)+948], 0, v30 @ X3, v31 @ X4, v32 @ X5, v33 @ X6, v34 @ X7, v35 @ V0, v36 @ V1, v37 @ V2, v38 @ V3, v39 @ V4, v40 @ V5, v41 @ V6, v42 @ V7
Import :             1 base has no type, from Move from [Il2CppClass<System.Xml.ValidateNames> + 0x110]   e.g. FluidCompute.InitParticle: 190 Move v354 @ X8_v26, [v353 @ X8_v25+B8]
Import :             1 base has no type, from Move from AddressOf(stack_-48, Int64)   e.g. UnixDateTimeConverter.ReadJson: 142 CheckNotEqual v302 @ TEMPCOND_v14 (System.Boolean), [v290 @ X8_v37 (Il2CppClass<System.Object>)+40], [v329 @ X1_v11+40]
Import :             1 Il2CppMethodInfo.0x830   e.g. DefaultContractResolver.CreateDictionaryContract: 130 Move v241 @ X2_v2 (System.IntPtr), [v367 @ X8_v54 (Il2CppMethodInfo)+830]
Import :             1 Il2CppMethodInfo.0x4E0   e.g. DOTweenModuleUI.DOPivotY: 88 CallVoid DOSetter`1<UnityEngine.Vector2>..ctor, v159 @ X0_v10 (DG.Tweening.Core.DOSetter`1<UnityEngine.Vector2>), v64 @ X0_v3 (System.Object), [v83 @ X26_v1 (Il2CppMethodInfo)+4E0]
Import :             1 base has no type, from Move from [Il2CppMethodInfo + 0x5C0]   e.g. FluidSolver.UpdateMergeDeltasAndFinish: 318 Move v682 @ X8_v27, [v678 @ X8_v26+20]
Import :             1 base has no type, from Move from [Il2CppMethodInfo + 0xB50]   e.g. RFShatter.GetCombinedSubMesh: 379 Move v922 @ X8_v36, [v912 @ X8_v35+20]
Import :             1 Il2CppClass.0xBD8   e.g. ReflectionUtils.GetAttributes: 86 Move v106 @ X10_v6, [v104 @ X10_v4 (Il2CppClass<CollectParticleData[]>)+BD8]
Import :             1 Il2CppClass.0x768   e.g. <>c__DisplayClass47_0.<FormatAuthResponse>b__0: 499 Call F7087C, v1557 @ X0_v87, v797 @ X0_v59 (Facebook.Unity.IGraphResult), [v1494 @ X8_v74 (Il2CppClass<System.Func`1<UnityEngine.UIElements.ValidateCommandEvent>>)+768], 2, v1166 @ X3_v21, v40 @ X4, v41 @ X5, v42 @ X6, v43 @ X7, v44 @ V0, v45 @ V1, v46 @ V2, v47 @ V3, v48 @ V4, v49 @ V5, v50 @ V6, v51 @ V7
Import :             1 base has no type, from Add of [Il2CppClass<System.Collections.Generic.List`1<Newtonsoft.Json.Converters.IXmlNode>> + 0xC8] and Int32   e.g. XmlNodeConverter.SerializeGroupedNodes: 792 CheckEqual v1235 @ Z_v26 (System.Boolean), [v1339 @ X9_v30-8], v1257 @ X8_v35
Import :             1 Il2CppClass.0x7C8   e.g. AuthenticodeDeformatter.VerifyCounterSignature: 728 Move v335 @ X0_v35 (System.Collections.ArrayList), [v1609 @ X19_v19 (Il2CppClass<System.Runtime.Serialization.ObjectHolderList>)+7C8]
Import :             1 Il2CppMethodInfo.0x950   e.g. FluidSolver.BuildOctopusRegionMap: 110 Move v271 @ X2_v6, [v325 @ X8_v8 (Il2CppMethodInfo)+950]
Import :             1 base has no type, from Move from [Il2CppClass<UnityEngine.UIElements.EnumFieldHelpers> + 0x3E8]   e.g. JsonObjectContract.GetUninitializedObject: 30 CheckEqual v73 @ TEMP_v12 (System.Boolean), [v71 @ X0_v37+E0], 0
Import :             1 Il2CppMethodInfo.0x1B8   e.g. JsonObjectContract.get_HasRequiredOrDefaultValueProperties: 75 Move v394 @ X2_v10, [v171 @ X8_v7 (Il2CppMethodInfo)+1B8]
Import :             1 base has no type, from Move from AddressOf(stack_-D0, Vector3)   e.g. SecondaryImageColor.ModifyMesh: 132 Move [v336 @ X23_v4+3C], [v336 @ X23_v4+3C]
Import :             1 base has no type, from Move from AddressOf(stack_-227)   e.g. FluidSolver.Awake: 202 Move this.fishIds (Unity.Collections.NativeArray`1<System.Int32>), [v185 @ X9_v2+FF]
Import :             1 Il2CppMethodInfo.0x6B0   e.g. DOVirtual.Float: 86 CallVoid DOGetter`1<System.Single>..ctor, v97 @ X0_v9 (DG.Tweening.Core.DOGetter`1<System.Single>), v65 @ X0_v3 (System.Object), [v80 @ X23_v1 (Il2CppMethodInfo)+6B0]
Import :             1 Il2CppMethodInfo.0xDC8   e.g. ShortcutExtensions.DOShakePosition: 98 CallVoid DOGetter`1<UnityEngine.Vector3>..ctor, v107 @ X0_v18 (DG.Tweening.Core.DOGetter`1<UnityEngine.Vector3>), v68 @ X0_v3 (System.Object), [v220 @ X8_v19 (Il2CppMethodInfo)+DC8]
Import :             1 byref at 0x48, from no definition   e.g. RFShatter.ConvertMesh: 377 Move v718 @ X8_v268, [v265 @ X3_v4 (safeMeshData&)+48]
Import :             1 base has no type, from Move from [String + 0x10]   e.g. RFFragment.Compute: 476 Add v131 @ X10_v11, [v156 @ X9_v13+1C], 1
Import :             1 base has no type, from Move from [Il2CppClass<System.ComponentModel.BooleanConverter> + 0xD48]   e.g. DictionaryEnumerator`2.get_Entry: 70 CheckNotEqual v97 @ TEMPCOND_v2 (System.Boolean), [v85 @ X8_v9+40], [v84 @ X1_v3+40]
Import :             1 Il2CppClass.0x960   e.g. ReflectionUtils.GetFieldsAndProperties: 360 Call F7087C, v1036 @ X0_v41, v257 @ stack_-68_v3, [v742 @ X8_v30 (Il2CppClass<System.Func`1<UnityEngine.UIElements.ValidateCommandEvent>>)+960], 0, v296 @ X3_v11, v40 @ X4, v41 @ X5, v42 @ X6, v43 @ X7, v44 @ V0, v45 @ V1, v46 @ V2, v47 @ V3, v48 @ V4, v49 @ V5, v50 @ V6, v51 @ V7
Import :             1 Il2CppClass.0x528   e.g. EditorFacebook.LogInWithReadPermissions: 1 Move v2 @ X4_v1, [v0 @ X8_v1 (Il2CppClass<Facebook.Unity.Editor.EditorFacebook>)+528]
Import :             1 array at 0x20, from Move from ArrayAccess   e.g. BezierPath.SplitSegment: 299 Move [v368 @ X0_v15 (System.Collections.Generic.IEnumerable`1<UnityEngine.Vector3>)+2C], [v403 @ X9_v8 (UnityEngine.Vector3[])+20]
Import :             1 Il2CppMethodInfo.0xFD0   e.g. <SuckUpWater>d__7.MoveNext: 263 CallVoid DOGetter`1<UnityEngine.Vector2>..ctor, v794 @ X0_v57 (DG.Tweening.Core.DOGetter`1<UnityEngine.Vector2>), v740 @ X0_v29 (System.Object), [v796 @ X8_v39 (Il2CppMethodInfo)+FD0]
Import :             1 base has no type, from Move from [Boolean + 0x10]   e.g. JsonSerializerInternalReader.CreateNewDictionary: 52 CheckEqual v257 @ TEMP_v61 (System.Boolean), [v250 @ X0_v68+E0], 0
Import :             1 base has no type, from Move from [Il2CppClass<System.Collections.Generic.List`1<UnityEngine.UIElements.StyleSheets.Syntax.Expression>> + 0x7E8]   e.g. JsonTextReader.ReadAsDecimal: 47 CheckNotEqual v67 @ TEMPCOND_v4 (System.Boolean), [v53 @ X0_v3 (System.Object)], [v54 @ X1_v2+40]
Import :             1 Il2CppMethodInfo.0x890   e.g. GameManager.Update: 443 CallVoid Action..ctor, v295 @ X0_v43 (System.Action), this @ X0 (GameManager), [v787 @ X8_v42 (Il2CppMethodInfo)+890]
Import :             1 base has no type, from Move from [Il2CppClass<System.Collections.Generic.List`1<UnityEngine.UIElements.StyleSheets.Syntax.Expression>> + 0x7D8]   e.g. JsonTextReader.ReadAsDateTime: 46 CheckNotEqual v65 @ TEMPCOND_v4 (System.Boolean), [v51 @ X0_v3 (System.Object)], [v52 @ X1_v2+40]
Import :             1 Il2CppMethodInfo.0xCA8   e.g. ShortcutExtensions.DOLocalJump: 401 CallVoid DOSetter`1<UnityEngine.Vector3>..ctor, v532 @ X0_v52 (DG.Tweening.Core.DOSetter`1<UnityEngine.Vector3>), v77 @ X0_v3 (System.Object), [v520 @ X26_v8 (Il2CppMethodInfo)+CA8]
Import :             1 base has no type, from Move from AddressOf(stack_-C0)   e.g. RFShatter.CenterMesh: 563 Move [out_center @ X3 (UnityEngine.Vector3&)+8], [v507 @ X8_v5+8]
Import :             1 base has no type, from Move from AddressOf(stack_-2B7)   e.g. FluidSolver.Awake: 307 Move this.splashImpulse (Unity.Collections.NativeArray`1<System.Single>), [v281 @ X9_v8+FF]
Import :             1 static field storage at 0xB0   e.g. JEnumerable`1.GetEnumerator: 96 Add v203 @ X10_v5, [v224 @ X8_v34 (Il2CppStaticFields<Newtonsoft.Json.Linq.JEnumerable`1<T>>)+B0], 8
Import :             1 Il2CppClass.0xEE0   e.g. BinaryConverter.ReadByteArray: 43 Move v56 @ X0_v3 (System.Collections.Generic.List`1<System.Byte>), [v26 @ X22_v1 (Il2CppClass<System.Func`1<UnityEngine.UIElements.ValidateCommandEvent>>)+EE0]
Import :             1 base has no type, from Add of IEnumerable`1<System.Object> and Immediate   e.g. RFDemolitionCluster.ClusterizeDetachShards: 409 Add v810 @ X0_v19, [v296 @ X21_v7+v294 @ X20_v8 (System.Int32)*8], 240
Import :             1 base has no type, from Move from [Func`2<System.Object, System.Single> + 0x0]   e.g. Level.CreateSideBackgrounds: 268 CheckEqual v765 @ TEMP_v14 (System.Boolean), [v764 @ X0_v23+E0], 0
Import :             1 Il2CppMethodInfo.0x8F8   e.g. RayfireRigid.ResetMeshRootSetup: 185 Move v216 @ X2_v3, [v497 @ X8_v17 (Il2CppMethodInfo)+8F8]
Import :             1 Il2CppMethodInfo.0xA0   e.g. CollectionManager.OnCollectBee: 93 CallVoid Action..ctor, v205 @ X0_v22 (System.Action), v208 @ X0_v11 (System.Object), [v382 @ X8_v32 (Il2CppMethodInfo)+A0]
Import :             1 base has no type, from Move from [String + 0xD08]   e.g. DateTimeParser..cctor: 152 Move [v84 @ X8_v9+28], [v108 @ X9_v18+10]
Import :             1 Il2CppMethodInfo.0x5C0   e.g. FluidSolver.UpdateMergeDeltasAndFinish: 298 Move v678 @ X8_v26, [v676 @ X8_v24 (Il2CppMethodInfo)+5C0]
Import :             1 base has no type, from Move from AddressOf(stack_-287)   e.g. FluidSolver.Awake: 272 Move this.isHoneyCoated (Unity.Collections.NativeArray`1<System.Boolean>), [v249 @ X9_v6+FF]
Import :             1 Il2CppClass.0x68   e.g. DefaultContractResolver.GetCallbackMethodsForType: 226 Call Type.GetTypeFromHandle, v779 @ X0_v145 (System.Type), [v695 @ X8_v111 (Il2CppClass<System.Collections.Generic.NullableComparer`1>)+68]
Import :             1 base has no type, from Add of Boolean and Immediate   e.g. JsonSerializerInternalReader.CalculatePropertyDetails: 259 Call F3F1B4, v225 @ X0_v87, [v24 @ X29_v1+18], v989 @ X0_v85 (Newtonsoft.Json.Serialization.JsonContract), [v916 @ X0_v77+8], containerContract @ X3 (Newtonsoft.Json.Serialization.JsonContainerContract), containerProperty @ X4 (Newtonsoft.Json.Serialization.JsonProperty), reader @ X5 (Newtonsoft.Json.JsonReader), target @ X6 (System.Object), useExistingValue @ X7 (System.Boolean&), v54 @ V0, v55 @ V1, v56 @ V2, v57 @ V3, v58 @ V4, v59 @ V5, v60 @ V6, v61 @ V7
Import :             1 Il2CppMethodInfo.0x6B8   e.g. DOVirtual.Float: 93 CallVoid DOSetter`1<System.Single>..ctor, v153 @ X0_v11 (DG.Tweening.Core.DOSetter`1<System.Single>), v65 @ X0_v3 (System.Object), [v84 @ X25_v1 (Il2CppMethodInfo)+6B8]
Import :             1 Il2CppMethodInfo.0xDC0   e.g. ShortcutExtensions.DORect: 94 CallVoid DOSetter`1<UnityEngine.Rect>..ctor, v172 @ X0_v10 (DG.Tweening.Core.DOSetter`1<UnityEngine.Rect>), v71 @ X0_v3 (System.Object), [v90 @ X26_v1 (Il2CppMethodInfo)+DC0]
Import :             1 Il2CppClass.0x688   e.g. JObject.System.Collections.Generic.ICollection<System.Collections.Generic.KeyValuePair<System.String,Newtonsoft.Json.Linq.JToken>>.Remove: 65 Call F7087C, v142 @ X0_v2, this @ X0 (Newtonsoft.Json.Linq.JObject), [v26 @ X22_v1 (Il2CppClass<System.Func`1<UnityEngine.UIElements.ValidateCommandEvent>>)+688], 4, v34 @ X3, v35 @ X4, v36 @ X5, v37 @ X6, v38 @ X7, v39 @ V0, v40 @ V1, v41 @ V2, v42 @ V3, v43 @ V4, v44 @ V5, v45 @ V6, v46 @ V7
Import :             1 Il2CppMethodInfo.0x1F8   e.g. GA_Design.CreateNewEvent: 39 Move eventValue @ X1 (System.Nullable`1<System.Single>), [v62 @ X8_v3 (Il2CppMethodInfo)+1F8]
Import :             1 Il2CppMethodInfo.0x8A8   e.g. BsonArray.Add: 26 Move v47 @ X8_v6, [v45 @ X8_v4 (Il2CppMethodInfo)+8A8]
Import :             1 base has no type, from Move from [Object + 0x120]   e.g. GameAnalytics.InternalInitialize: 971 CheckLess v284 @ TEMPCOND_v6 (System.Boolean), [v757 @ X8_v22+18], 1
Import :             1 Il2CppClass.0x720   e.g. ExpandoObjectConverter.ReadList: 54 Call F7087C, v414 @ X0_v38, v53 @ X0_v3 (System.Object), [v126 @ X23_v8 (Il2CppClass<System.Func`1<UnityEngine.UIElements.ValidateCommandEvent>>)+720], 2, v35 @ X3, v36 @ X4, v37 @ X5, v38 @ X6, v39 @ X7, v40 @ V0, v41 @ V1, v42 @ V2, v43 @ V3, v44 @ V4, v45 @ V5, v46 @ V6, v47 @ V7
Import :             1 Il2CppMethodInfo.0x3C8   e.g. DOTweenModuleSprite.DOBlendableColor: 113 CallVoid DOGetter`1<UnityEngine.Color>..ctor, v206 @ X0_v10 (DG.Tweening.Core.DOGetter`1<UnityEngine.Color>), v79 @ X0_v3 (System.Object), [v115 @ X22_v1 (Il2CppMethodInfo)+3C8]
Import :             1 Il2CppClass.0xAA0   e.g. CollectionUtils.Contains: 52 Call F7087C, v255 @ X0_v17, comparer @ X2 (System.Collections.IEqualityComparer), [v99 @ X25_v2 (Il2CppClass<UnityEngine.UIElements.EnumFieldHelpers>)+AA0], 0, v130 @ X3_v1 (Il2CppMethodInfo), v36 @ X4, v37 @ X5, v38 @ X6, v39 @ X7, v40 @ V0, v41 @ V1, v42 @ V2, v43 @ V3, v44 @ V4, v45 @ V5, v46 @ V6, v47 @ V7
Import :             1 Il2CppMethodInfo.0x1A8   e.g. DefaultContractResolver.SetPropertySettingsFromAttributes: 415 Move v433 @ X2_v5 (System.Boolean), [v609 @ X21_v23 (Il2CppMethodInfo)+1A8]
Import :             1 Il2CppMethodInfo.0xC8   e.g. FluidSolver.AddPowerUp: 306 Move v425 @ X2_v1 (System.Boolean), [v794 @ X27_v6 (Il2CppMethodInfo)+C8]
Import :             1 base has no type, from Move from [Il2CppClass<System.Net.Configuration.SettingsSectionInternal> + 0xB60]   e.g. TweenParams..cctor: 29 Move v47 @ X8_v5, [v46 @ X8_v4+B8]
Import :             1 base has no type, from Move from [Il2CppClass<System.Net.Configuration.SettingsSectionInternal> + 0xD60]   e.g. BigInteger.Equals: 100 CheckNotEqual v158 @ TEMPCOND_v1 (System.Boolean), [v253 @ X8_v13 (Il2CppClass<System.Object>)+40], [v163 @ X1_v2+40]
Import :             1 Il2CppMethodInfo.0xBC8   e.g. ShortcutExtensions.DOShakePosition: 101 CallVoid DOGetter`1<UnityEngine.Vector3>..ctor, v112 @ X0_v19 (DG.Tweening.Core.DOGetter`1<UnityEngine.Vector3>), v73 @ X0_v3 (System.Object), [v211 @ X8_v20 (Il2CppMethodInfo)+BC8]
Import :             1 Il2CppClass.0x928   e.g. TypeExtensions.ImplementInterface: 106 Call F7087C, v733 @ X0_v30 (System.Type), v186 @ X0_v20 (System.Type[]), [v238 @ X8_v10 (Il2CppClass<System.Func`1<UnityEngine.UIElements.ValidateCommandEvent>>)+928], 0, v39 @ X3, v40 @ X4, v41 @ X5, v42 @ X6, v43 @ X7, v44 @ V0, v45 @ V1, v46 @ V2, v47 @ V3, v48 @ V4, v49 @ V5, v50 @ V6, v51 @ V7
Import :             1 base has no type, from Add of RayfireBomb and Immediate   e.g. RayfireBomb.SetProjectiles: 250 Move [v417 @ X0_v16 (System.Object)+30], [v638 @ X8_v7+8]
Import :             1 base has no type, from Add of [Il2CppClass<System.Xml.Linq.XAttribute> + 0xC8] and Int32   e.g. XAttributeWrapper.get_Attribute: 51 CheckNotEqual v60 @ TEMPCOND_v4 (System.Boolean), [v98 @ X8_v9-8], v42 @ X1_v2
Import :             1 Il2CppClass.0xB00   e.g. DebugSDF.OnDrawGizmos: 61 Move v226 @ X8_v7, [v250 @ X8_v5 (Il2CppClass<System.Runtime.Serialization.ObjectHolderList>)+B00]
Import :             1 base has no type, from Add of [Il2CppClass<Newtonsoft.Json.JsonSerializer> + 0xC8] and Int32   e.g. JToken.ToObject: 111 CheckNotEqual v129 @ TEMPCOND_v12 (System.Boolean), [v118 @ X9_v14-8], v101 @ X8_v19
Import :             1 Il2CppMethodInfo.0xE18   e.g. TweenSettingsExtensions.From: 59 Call TweenerCore`3<UnityEngine.Color, UnityEngine.Color, DG.Tweening.Plugins.Options.ColorOptions>.SetFrom, v105 @ X0_v4 (DG.Tweening.Tweener), t @ X0 (DG.Tweening.Core.TweenerCore`3<UnityEngine.Color, UnityEngine.Color, DG.Tweening.Plugins.Options.ColorOptions>), setImmediately @ X1 (System.Boolean), isRelative @ X2 (System.Boolean), [v103 @ X8_v8 (Il2CppMethodInfo)+E18]
Import :             1 base has no type, from Move from [Il2CppMethodInfo + 0x8A8]   e.g. BsonArray.Add: 54 Move v105 @ X8_v8, [v47 @ X8_v6+20]
Import :             1 base has no type, from Move from [Il2CppMethodInfo + 0x7C0]   e.g. RayfireCombine.SetData: 506 Move v2547 @ X8_v264, [v2491 @ X8_v262+20]
Import :             1 generic instance, layout answers, reference arguments   e.g. RFShatter.Compute: 1363 Move v631 @ X8_v6 (System.Collections.Generic.List`1<System.Collections.Generic.Dictionary`2<System.Int32, System.Int32>>), [v631 @ X8_v6 (System.Collections.Generic.List`1<System.Collections.Generic.Dictionary`2<System.Int32, System.Int32>>)+20]
Import :             1 Il2CppMethodInfo.0x5D0   e.g. DOTweenModuleUI.DOFade: 88 CallVoid DOSetter`1<UnityEngine.Color>..ctor, v154 @ X0_v10 (DG.Tweening.Core.DOSetter`1<UnityEngine.Color>), v64 @ X0_v3 (System.Object), [v83 @ X26_v1 (Il2CppMethodInfo)+5D0]
Import :             1 Il2CppMethodInfo.0xFF0   e.g. JsonSerializerInternalReader.CreateObjectUsingCreatorWithParameters: 1067 CallVoid Func`2<System.Object, System.Object>..ctor, v2703 @ X0_v212 (System.Int32Enum), [v2698 @ X8_v182], [v2720 @ X8_v185 (Il2CppMethodInfo)+FF0]
Import :             1 Il2CppMethodInfo.0x5C8   e.g. DOTweenModuleUI.DOFade: 81 CallVoid DOGetter`1<UnityEngine.Color>..ctor, v99 @ X0_v8 (DG.Tweening.Core.DOGetter`1<UnityEngine.Color>), v64 @ X0_v3 (System.Object), [v79 @ X24_v1 (Il2CppMethodInfo)+5C8]
Import :             1 base has no type, from Move from [Il2CppMethodInfo + 0x808]   e.g. Level.CollectBlocksRecursive: 67 Move v728 @ X8_v32, [v722 @ X8_v30+20]
Import :             1 base has no type, from Move from [Il2CppClass<System.ComponentModel.BooleanConverter> + 0x7E8]   e.g. DOTweenModuleUtils.Init: 26 Move v41 @ X8_v4, [v40 @ X8_v3+B8]
Import :             1 base has no type, from Add of IReadOnlyList`1<UnityEngine.Vector2> and Immediate   e.g. RoundedPathMeshCreator.BuildMesh: 1200 Subtract v2098 @ V0_v62, [v841 @ X11_v14+v2135 @ X12_v16 (System.Int32)], v2097 @ V1_v47
Import :             1 array at 0x0, from Move from the field Single[]   e.g. CoinsScreen.ShowCoinAnim: 397 Add v122 @ V0_v24 (System.Single), [v463 @ X8_v45 (System.Single[])+v374 @ X28_v7 (System.Int32)*4], v360 @ V0_v23 (System.Single)
Import :             1 array at 0x20, from Move from the field ControlPoint[]   e.g. CubicBezierDecoder.FinalizePath: 402 Subtract v505 @ V15_v10 (System.Single), [v266 @ X8_v24 (UnityEngine.Vector3[])+20], [v181 @ X9_v14 (DG.Tweening.Plugins.Core.PathCore.ControlPoint[])+20]
Import :             1 Il2CppClass.0x6C8   e.g. PKCS1.CreateFromName: 431 Move v285 @ X1_v5, [v283 @ X8_v10 (Il2CppClass<UnityEngine.UIElements.EnumFieldHelpers>)+6C8]
Import :             1 Il2CppMethodInfo.0x6A8   e.g. RFReset.DestroyFragments: 109 Move v171 @ X2_v5, [v482 @ X25_v4 (Il2CppMethodInfo)+6A8]
Import :             1 Il2CppMethodInfo.0xDB0   e.g. ShortcutExtensions.DOBlendableScaleBy: 111 CallVoid DOSetter`1<UnityEngine.Vector3>..ctor, v180 @ X0_v11 (DG.Tweening.Core.DOSetter`1<UnityEngine.Vector3>), v66 @ X0_v3 (System.Object), [v85 @ X24_v1 (Il2CppMethodInfo)+DB0]
Import :             1 Il2CppClass.0x818   e.g. JsonSerializerInternalWriter.SerializeObject: 302 Call F7087C, v808 @ X0_v47, v526 @ X0_v46, [v556 @ X8_v29 (Il2CppClass<System.Func`1<UnityEngine.UIElements.ValidateCommandEvent>>)+818], 0, v580 @ X3_v9 (Newtonsoft.Json.Serialization.JsonContract), v579 @ X4_v7 (Newtonsoft.Json.Serialization.JsonProperty), v578 @ X5_v7 (Newtonsoft.Json.Serialization.JsonContainerContract), v261 @ X6_v13 (Newtonsoft.Json.Serialization.JsonProperty), &v97 @ stack_-70_v10 (System.Object), v49 @ V0, v50 @ V1, v51 @ V2, v52 @ V3, v53 @ V4, v54 @ V5, v55 @ V6, v56 @ V7
Import :             1 base has no type, from Move from [Boolean + 0xC0]   e.g. CollectionWrapper`1.VerifyValueType: 70 Call Type.GetTypeFromHandle, v115 @ X0_v18 (System.Type), [v95 @ X8_v4+B8]
Import :             1 base has no type, from Move from [Il2CppMethodInfo + 0xFD8]   e.g. Level.CreateSideBackgrounds: 744 Move v1142 @ X8_v48, [v494 @ X8_v38+20]
Import :             1 base has no type, from Move from [Component + 0x98]   e.g. <HandleStartShow>d__13.MoveNext: 288 Call Random.Range, v427 @ X0_v53 (System.Int32), 0, [v104 @ X26_v7+18]
Import :             1 base has no type, from Move from [Il2CppClass<System.Runtime.Serialization.ObjectHolderList> + 0x1F0]   e.g. X509Stores.Open: 32 CheckEqual v53 @ TEMP_v5 (System.Boolean), [v51 @ X0_v15+E0], 0
Import :             1 Il2CppClass.0x48   e.g. DefaultContractResolver.GetCallbackMethodsForType: 507 Call Type.GetTypeFromHandle, v1028 @ X0_v95 (System.Type), [v968 @ X8_v63 (Il2CppClass<System.Collections.Generic.NullableComparer`1>)+48]
Import :             1 array at 0x40, from Move from the field ControlPoint[]   e.g. CatmullRomDecoder.SetWaypointsLengths: 240 Move [v414 @ X3_v7 (DG.Tweening.Plugins.Core.PathCore.ControlPoint[])+40], [v291 @ X8_v41 (DG.Tweening.Plugins.Core.PathCore.ControlPoint[])+40]
Import :             1 Il2CppMethodInfo.0x260   e.g. DOTweenModuleAudio.DOFade: 116 CallVoid DOGetter`1<System.Single>..ctor, v199 @ X0_v8 (DG.Tweening.Core.DOGetter`1<System.Single>), v64 @ X0_v3 (System.Object), [v79 @ X24_v1 (Il2CppMethodInfo)+260]
Import :             1 Il2CppMethodInfo.0x8C8   e.g. ShortcutExtensions.DOAspect: 77 CallVoid DOGetter`1<System.Single>..ctor, v93 @ X0_v8 (DG.Tweening.Core.DOGetter`1<System.Single>), v60 @ X0_v3 (System.Object), [v75 @ X24_v1 (Il2CppMethodInfo)+8C8]
Import :             1 base has no type, from Move from [String + 0x2F8]   e.g. DateTimeParser..cctor: 103 Move [v84 @ X8_v9+C], [v85 @ X9_v4+10]
Import :             1 base has no type, from Add of [Il2CppClass<System.Xml.Linq.XText> + 0xC8] and Int32   e.g. XTextWrapper.get_Text: 51 CheckNotEqual v60 @ TEMPCOND_v4 (System.Boolean), [v98 @ X8_v9-8], v42 @ X1_v2
Import :             1 Il2CppMethodInfo.0x5D8   e.g. RFFragment.SetSlices: 249 CallVoid Func`2<System.Object, UnityEngine.Vector3>..ctor, v581 @ X0_v50 (System.Func`2<System.Object, UnityEngine.Vector3>), [v576 @ X8_v33], [v585 @ X8_v34 (Il2CppMethodInfo)+5D8]
Import :             1 Il2CppMethodInfo.0xFF8   e.g. JsonSerializerInternalReader.PopulateObject: 166 CallVoid Func`2<System.Object, System.Object>..ctor, v375 @ X0_v300 (System.Func`2<System.Object, System.Object>), [v370 @ X8_v181], [v412 @ X8_v184 (Il2CppMethodInfo)+FF8]
Import :             1 base has no type, from Move from AddressOf(stack_-2C7)   e.g. FluidSolver.Awake: 319 Move this.viscosityStrengths (Unity.Collections.NativeArray`1<System.Single>), [v292 @ X9_v9+FF]
Import :             1 array at 0x0, from Move from Mesh[]   e.g. RFFragment.CacheMeshesMult: 149 CallVoid Mesh.RecalculateTangents, [v263 @ X8_v22 (UnityEngine.Mesh[])+v293 @ X24_v9 (System.Int32)*8]
Import :             1 Il2CppMethodInfo.0x210   e.g. JsonSerializer.SerializeInternal: 341 Move v185 @ X2_v2, [v925 @ X8_v76 (Il2CppMethodInfo)+210]
Import :             1 base has no type, from Move from [Il2CppClass<UnityEngine.UIElements.EnumFieldHelpers> + 0x770]   e.g. FBWindowsGraphAPIManager.GraphAPI: 118 CheckNotEqual v94 @ TEMPCOND_v3 (System.Boolean), [v233 @ X8_v11 (Il2CppClass<System.Object>)+40], [v129 @ X1_v7+40]
Import :             1 Il2CppMethodInfo.0x68   e.g. CollectionManager.OnSolverStartRemoveParticles: 295 CallVoid Func`1<UnityEngine.Vector2>..ctor, v768 @ X0_v54 (System.Func`1<UnityEngine.Vector2>), v750 @ X0_v46 (System.Object), [v769 @ X8_v43 (Il2CppMethodInfo)+68]
Import :             1 base has no type, from Add of [Il2CppClass<System.Reflection.FieldInfo> + 0xC8] and Int32   e.g. DefaultContractResolver.GetSerializableMembers: 487 CheckNotEqual v523 @ TEMPCOND_v41 (System.Boolean), [v1584 @ X9_v74-8], v1497 @ X8_v137
Import :             1 base has no type, from Move from [Il2CppClass<System.Runtime.Serialization.ObjectHolderList> + 0x868]   e.g. RayfireActivator..cctor: 28 Move v48 @ X9_v2, [v47 @ X9_v1+B8]
Import :             1 Il2CppClass.0x908   e.g. SubscribableCatalogResult.ToString: 96 Call F7087C, v59 @ X0_v3 (System.Text.StringBuilder), v68 @ X21_v2 (System.Collections.Generic.IList`1<Facebook.Unity.SubscribableProduct>), [v73 @ X8_v14 (Il2CppClass<System.Func`1<UnityEngine.UIElements.ValidateCommandEvent>>)+908], 0, v40 @ X3, v41 @ X4, v42 @ X5, v43 @ X6, v44 @ X7, v45 @ V0, v46 @ V1, v47 @ V2, v48 @ V3, v49 @ V4, v50 @ V5, v51 @ V6, v52 @ V7
Import :             1 base has no type, from Move from [Object + 0x118]   e.g. GameAnalytics.InternalInitialize: 849 CheckLess v283 @ TEMPCOND_v4 (System.Boolean), [v752 @ X8_v17+18], 1
Import :             1 Il2CppClass.0x650   e.g. RFShatter.Compute: 1254 Move v73 @ X0_v3 (System.Diagnostics.Stopwatch), [v2612 @ X8_v64 (Il2CppClass<CollectParticleData[]>)+650]
Import :             1 Il2CppClass.0x9B0   e.g. JObject.System.ComponentModel.ICustomTypeDescriptor.GetProperties: 55 Call F7087C, v130 @ X0_v2, this @ X0 (Newtonsoft.Json.Linq.JObject), [v18 @ X21_v1 (Il2CppClass<UnityEngine.UIElements.EnumFieldHelpers>)+9B0], 3, v28 @ X3, v29 @ X4, v30 @ X5, v31 @ X6, v32 @ X7, v33 @ V0, v34 @ V1, v35 @ V2, v36 @ V3, v37 @ V4, v38 @ V5, v39 @ V6, v40 @ V7
Import :             1 base has no type, from Move from [Il2CppMethodInfo + 0x1F0]   e.g. RFMesh..ctor: 118 Move v846 @ X8_v171, [v504 @ X8_v166+20]
Import :             1 Il2CppMethodInfo.0x360   e.g. DOTweenModulePhysics2D.DOJump: 282 CallVoid TweenCallback..ctor, v362 @ X0_v43 (DG.Tweening.TweenCallback), v72 @ X0_v3 (System.Object), [v364 @ X8_v25 (Il2CppMethodInfo)+360]
Import :             1 base has no type, from Move from [Il2CppClass<Facebook.Unity.AsyncRequestString+<Start>d__9> + 0xAC0]   e.g. <>c..cctor: 25 Move v44 @ X8_v4, [v43 @ X8_v3+B8]
Import :             1 Il2CppMethodInfo.0x140   e.g. JsonSerializerInternalReader.CalculatePropertyDetails: 146 Move v193 @ X2_v5, [v543 @ X8_v11 (Il2CppMethodInfo)+140]
Import :             1 base has no type, from Add of UInt32[] and Int32   e.g. BigInteger.op_Multiply: 289 Multiply v657 @ TEMP_v36, [v658 @ X17_v10-4], [v538 @ X9_v13 (System.UInt32[])]
Import :             1 Il2CppClass.0x590   e.g. TypeExtensions.IsEnum: 8 Move v10 @ X1_v1, [v8 @ X8_v1 (Il2CppClass<System.Type>)+590]
Import :             1 base has no type, from Move from AddressOf(stack_-267)   e.g. FluidSolver.Awake: 248 Move this.regionHasHead (Unity.Collections.NativeArray`1<System.Boolean>), [v227 @ X9_v4+FF]
Import :             1 array at 0x20, from Add of the field Vector3[] and Int32   e.g. CatmullRomDecoder.SetWaypointsLengths: 142 Move [v270 @ X9_v7+20], [v532 @ X10_v6 (DG.Tweening.Plugins.Core.PathCore.ControlPoint[])+20]
Import :             1 base has no type, from Add of [Il2CppClass<Facebook.Unity.Mobile.IOS.IOSFacebook> + 0xC8] and Int32   e.g. <>c__DisplayClass36_0.<Init>b__3: 83 CheckNotEqual v145 @ TEMPCOND_v4 (System.Boolean), [v134 @ X8_v12-8], v78 @ X1_v2
Import :             1 Il2CppMethodInfo.0x310   e.g. DOTweenModulePhysics.DOPath: 88 CallVoid DOGetter`1<UnityEngine.Vector3>..ctor, v134 @ X0_v11 (DG.Tweening.Core.DOGetter`1<UnityEngine.Vector3>), v65 @ X0_v3 (System.Object), [v80 @ X25_v2 (Il2CppMethodInfo)+310]
Import :             1 base has no type, from Add of [Il2CppClass<T> + 0xC8] and Int32   e.g. Extensions.Convert: 182 CheckNotEqual v138 @ TEMPCOND_v9 (System.Boolean), [v334 @ X9_v10-8], v311 @ X8_v13
Import :             1 base has no type, from Move from [Il2CppMethodInfo + 0x0]   e.g. EnumUtils.InitializeValuesAndNames: 300 Move v111 @ X3_v15 (System.Int32), [v721 @ X8_v55+180]
Import :             1 Il2CppMethodInfo.0x8C0   e.g. <StartPoolingCor>d__21.MoveNext: 64 Move v141 @ X2_v5, [v268 @ X8_v21 (Il2CppMethodInfo)+8C0]
Import :             1 Il2CppMethodInfo.0xDA0   e.g. ShortcutExtensions.DOBlendablePunchRotation: 129 CallVoid DOSetter`1<UnityEngine.Vector3>..ctor, v267 @ X0_v21 (DG.Tweening.Core.DOSetter`1<UnityEngine.Vector3>), v68 @ X0_v3 (System.Object), [v274 @ X8_v29 (Il2CppMethodInfo)+DA0]
Import :             1 Il2CppClass.0xF00   e.g. JavaScriptUtils..cctor: 98 Move v107 @ X0_v17 (System.Collections.Generic.List`1<System.Char>), [v32 @ X19_v1 (Il2CppClass<System.Func`1<UnityEngine.UIElements.ValidateCommandEvent>>)+F00]
Import :             1 Il2CppClass.0x6A8   e.g. CodelessIAPAutoLog.addListenerToGameObject: 91 Call Type.GetTypeFromHandle, v254 @ X0_v10 (System.Type), [v75 @ X25_v3 (Il2CppClass<System.Collections.Generic.NullableComparer`1>)+6A8]
Import :             1 base has no type, from Add of [Il2CppClass<System.Data.DataColumn> + 0xC8] and Int32   e.g. DataTableConverter.WriteJson: 473 CheckNotEqual v1274 @ TEMPCOND_v33 (System.Boolean), [v1322 @ X8_v70-8], v188 @ X1_v17 (Newtonsoft.Json.JsonWriter)
Import :             1 Il2CppMethodInfo.0xFE8   e.g. JsonSerializerInternalReader.CreateObjectUsingCreatorWithParameters: 359 CallVoid Func`2<System.Object, System.Object>..ctor, v1683 @ X0_v376 (System.Func`2<System.Object, System.Object>), [v1678 @ X8_v311], [v1863 @ X8_v314 (Il2CppMethodInfo)+FE8]
Import :             1 Il2CppClass.0xE68   e.g. CodelessIAPAutoLog.addListenerToGameObject: 156 Move v120 @ X1_v34, [v434 @ X8_v28 (Il2CppClass<System.Net.Configuration.SettingsSectionInternal>)+E68]
Import :             1 Il2CppMethodInfo.0x5F8   e.g. DOTweenModuleUI.DOBlendableColor: 112 CallVoid DOGetter`1<UnityEngine.Color>..ctor, v136 @ X0_v11 (DG.Tweening.Core.DOGetter`1<UnityEngine.Color>), v79 @ X0_v3 (System.Object), [v115 @ X22_v1 (Il2CppMethodInfo)+5F8]
Import :             1 base has no type, from Move from [GetTournamentsResult + 0x10]   e.g. GetTournamentsResult..ctor: 282 CheckLess v855 @ C_v23 (System.Boolean), [this @ X0 (Facebook.Unity.GetTournamentsResult)+18], [v840 @ X9_v26+18]
Import :             1 base has no type, from Move from AddressOf(stack_-2A7)   e.g. FluidSolver.Awake: 295 Move this.spongeIds (Unity.Collections.NativeArray`1<System.Int32>), [v270 @ X8_v16+FF]
Import :             1 base has no type, from Add of [Il2CppClass<System.Xml.Linq.XNode> + 0xC8] and Int32   e.g. XmlNodeConverter.ReadJson: 660 CheckNotEqual v390 @ TEMPCOND_v24 (System.Boolean), [v1171 @ X8_v51-8], v775 @ X1_v41
Import :             1 Il2CppMethodInfo.0xFC8   e.g. <SuckUpWater>d__7.MoveNext: 341 CallVoid TweenCallback..ctor, v872 @ X0_v70 (DG.Tweening.TweenCallback), [v867 @ X8_v54], [v874 @ X8_v57 (Il2CppMethodInfo)+FC8]
Import :             1 base has no type, from Move from [String + 0x300]   e.g. DateTimeParser..cctor: 110 Move [v84 @ X8_v9+10], [v102 @ X9_v6+10]
Import :             1 base has no type, from Move from [safeMeshData& + 0x40]   e.g. RFShatter.ConvertMesh: 459 Move v660 @ X25_v4 (UnityEngine.Mesh), [v1443 @ X8_v271+v678 @ X23_v44 (System.Int32)*4]
Import :             1 base has no type, from Move from [Il2CppMethodInfo + 0x60]   e.g. Chain.SpawnLinks: 83 Move v578 @ X8_v35, [v234 @ X8_v32+20]
Import :             1 Il2CppMethodInfo.0x300   e.g. DOTweenModulePhysics.DOLocalPath: 124 CallVoid DOGetter`1<UnityEngine.Vector3>..ctor, v261 @ X0_v16 (DG.Tweening.Core.DOGetter`1<UnityEngine.Vector3>), v68 @ X0_v3 (System.Object), [v177 @ X28_v2 (Il2CppMethodInfo)+300]
Import :             1 base has no type, from Add of the field Vector2[] and Immediate   e.g. FluidCollectDisplay.RemoveParticle: 161 Move [v321 @ X8_v13+index @ X1 (System.Int32)*8], [v321 @ X8_v13+v46 @ X23_v6 (System.Int32)*8]
Import :             1 Il2CppMethodInfo.0x160   e.g. RFShatter.sl_element_mesh_par: 2516 Move v2024 @ X1_v15 (System.Int32), [v2121 @ X8_v15 (Il2CppMethodInfo)+160]
Import :             1 base has no type, from Move from [Il2CppClass<System.Xml.ValidateNames> + 0xD58]   e.g. FluidSolver.AddParticles: 163 Move v365 @ X8_v31, [v364 @ X8_v30+B8]
Import :             1 array at 0x4, from Move from the field Mesh[]   e.g. RayfireShatter.CreateFragments: 264 MakeStruct v516 @ AGG1EC0A54_1_v3 (UnityEngine.Quaternion), typeof(UnityEngine.Quaternion), [v63 @ X8_v3 (UnityEngine.Mesh[])], [v63 @ X8_v3 (UnityEngine.Mesh[])+4], [v63 @ X8_v3 (UnityEngine.Mesh[])+8], [v63 @ X8_v3 (UnityEngine.Mesh[])+C]
Import :             1 Il2CppMethodInfo.0x740   e.g. ReflectionUtils.GetFieldsAndProperties: 429 Move v782 @ X1_v7 (System.Reflection.BindingFlags), [v1075 @ X8_v39 (Il2CppMethodInfo)+740]
Import :             1 base has no type, from Add of [Il2CppClass<System.Collections.Generic.IEnumerable`1<T>> + 0xC8] and Int32   e.g. Extensions.Value: 62 CheckNotEqual v71 @ TEMPCOND_v3 (System.Boolean), [v109 @ X9_v4-8], v52 @ X8_v8
Import :             1 base has no type, from Move from AddressOf(stack_-297)   e.g. FluidSolver.Awake: 284 Move this.waterDensities (Unity.Collections.NativeArray`1<System.Single>), [v260 @ X9_v7+FF]
Import :             1 Il2CppMethodInfo.0x258   e.g. FluidCompute.RemoveParticles: 78 Move v216 @ X2_v6 (Il2CppMethodInfo), [v59 @ X23_v9 (Il2CppMethodInfo)+258]
Import :             1 base has no type, from Move from [String + 0xD10]   e.g. DateTimeParser..cctor: 159 Move [v84 @ X8_v9+2C], [v109 @ X9_v20+10]
Import :             1 base has no type, from Move from [String + 0x320]   e.g. DateTimeParser..cctor: 131 Move [v84 @ X8_v9+1C], [v105 @ X9_v12+10]
Import :             1 base has no type, from Add of [Il2CppClass<System.Exception> + 0xC8] and Int32   e.g. JsonSerializerInternalBase.IsErrorHandled: 345 CheckEqual v598 @ Z_v17 (System.Boolean), [v592 @ X9_v23-8], v579 @ X8_v35
Import :             1 base has no type, from Add of String[] and Int32   e.g. EnumUtils.InternalFlagsFormat: 90 Call StringBuilder.Insert, v556 @ X0_v21 (System.Text.StringBuilder), v151 @ X0_v7 (System.Text.StringBuilder), 0, [v486 @ X9_v21+v195 @ X25_v10 (System.Int32)*8]
Import :             1 base has no type, from Move from AddressOf(stack_-24B)   e.g. FluidPhysicsCoupler.Step: 200 Move [v991 @ X8_v78+1C], [v634 @ X8_v61+FF]
Import :             1 Il2CppClass.0xD58   e.g. FluidSolver.AddParticles: 162 Move v364 @ X8_v30, [v362 @ X8_v28 (Il2CppClass<System.Xml.ValidateNames>)+D58]
Import :             1 base has no type, from Move from [Object + 0x130]   e.g. GameAnalytics.InternalInitialize: 1215 CheckLess v286 @ TEMPCOND_v10 (System.Boolean), [v767 @ X8_v32+18], 1
Import :             1 Il2CppMethodInfo.0xC00   e.g. ShortcutExtensions.DOShakeRotation: 115 CallVoid DOSetter`1<UnityEngine.Vector3>..ctor, v256 @ X0_v20 (DG.Tweening.Core.DOSetter`1<UnityEngine.Vector3>), v74 @ X0_v3 (System.Object), [v271 @ X8_v23 (Il2CppMethodInfo)+C00]
Import :             1 Il2CppClass.0x778   e.g. Utilities.ParseSubscriptionsFromResult: 247 Call F7087C, v792 @ X0_v55, v56 @ X0_v3 (System.Collections.Generic.IList`1<Facebook.Unity.Subscription>), [v689 @ X24_v11 (Il2CppClass<System.Func`1<UnityEngine.UIElements.ValidateCommandEvent>>)+778], 2, v445 @ X3_v2, v35 @ X4, v36 @ X5, v37 @ X6, v38 @ X7, v682 @ stack_-78_v7 (System.Collections.Generic.List`1<System.Object>+Enumerator<System.Object>), v40 @ V1, v41 @ V2, v42 @ V3, v43 @ V4, v44 @ V5, v45 @ V6, v46 @ V7
Import :             1 Il2CppMethodInfo.0x358   e.g. DOTweenModulePhysics2D.DOJump: 236 CallVoid DOSetter`1<UnityEngine.Vector2>..ctor, v321 @ X0_v32 (DG.Tweening.Core.DOSetter`1<UnityEngine.Vector2>), v72 @ X0_v3 (System.Object), [v323 @ X8_v15 (Il2CppMethodInfo)+358]
Import :             1 base has no type, from Add of [Il2CppClass<System.Data.DataRow> + 0xC8] and Int32   e.g. DataTableConverter.WriteJson: 315 CheckNotEqual v991 @ TEMPCOND_v43 (System.Boolean), [v1008 @ X8_v80-8], v188 @ X1_v17 (Newtonsoft.Json.JsonWriter)
Import :             1 Il2CppClass.0xCB0   e.g. QuaternionPlugin.EvaluateAndApply: 87 Move v261 @ X1_v8, [v259 @ X8_v23 (Il2CppClass<System.Collections.Generic.List`1<UnityEngine.UIElements.StyleSheets.Syntax.Expression>>)+CB0]
Import :             1 array at 0x8, from Move from the field Mesh[]   e.g. RayfireShatter.CreateFragments: 264 MakeStruct v516 @ AGG1EC0A54_1_v3 (UnityEngine.Quaternion), typeof(UnityEngine.Quaternion), [v63 @ X8_v3 (UnityEngine.Mesh[])], [v63 @ X8_v3 (UnityEngine.Mesh[])+4], [v63 @ X8_v3 (UnityEngine.Mesh[])+8], [v63 @ X8_v3 (UnityEngine.Mesh[])+C]
Import :             1 base has no type, from Add of [Il2CppClass<System.ComponentModel.PropertyDescriptor> + 0xC8] and Int32   e.g. JObject.System.ComponentModel.ICustomTypeDescriptor.GetPropertyOwner: 61 CheckNotEqual v102 @ TEMPCSEL_v1 (System.Boolean), [v91 @ X9_v4-8], v46 @ X8_v6
Import :             1 base has no type, from Add of [Il2CppClass<Newtonsoft.Json.Utilities.FSharpFunction> + 0xC8] and Int32   e.g. DiscriminatedUnionConverter.CreateUnion: 185 CheckNotEqual v814 @ TEMPCOND_v28 (System.Boolean), [v871 @ X8_v170-8], v848 @ X1_v57
Import :             1 base has no type, from Move from [Il2CppMethodInfo + 0x208]   e.g. RayfireBomb.SetProjectiles: 443 Move v973 @ X8_v34, [v482 @ X8_v26+20]
Import :             1 Il2CppMethodInfo.0x80   e.g. CollectionManager.OnCollectIceBlock: 174 CallVoid Action..ctor, v196 @ X0_v18 (System.Action), v193 @ X0_v11 (System.Object), [v355 @ X8_v24 (Il2CppMethodInfo)+80]
Import :             1 Il2CppMethodInfo.0x660   e.g. DOTweenModuleUI.DOFlexibleSize: 93 CallVoid DOSetter`1<UnityEngine.Vector2>..ctor, v169 @ X0_v10 (DG.Tweening.Core.DOSetter`1<UnityEngine.Vector2>), v70 @ X0_v3 (System.Object), [v89 @ X27_v1 (Il2CppMethodInfo)+660]
Import :             1 base has no type, from Move from AddressOf(stack_-C0, Color2)   e.g. Color2Plugin.SetFrom: 56 Move t.endValue.cb (UnityEngine.Color), [v194 @ X8_v20+10]
Import :             1 base has no type, from Add of [Il2CppClass<Facebook.Unity.Subscription> + 0xC8] and Int32   e.g. SubscriptionResult..ctor: 305 CheckNotEqual v325 @ TEMPCOND_v15 (System.Boolean), [v749 @ X9_v30-8], v362 @ X8_v31
Import :             1 base has no type, from Add of [Il2CppClass<System.Xml.Linq.XComment> + 0xC8] and Int32   e.g. XCommentWrapper.get_Text: 51 CheckNotEqual v60 @ TEMPCOND_v4 (System.Boolean), [v98 @ X8_v9-8], v42 @ X1_v2
Import :             1 base has no type, from Move from [Il2CppMethodInfo + 0xB48]   e.g. RayfireRecorder.SetModeRecord: 135 Move v410 @ X8_v29, [v323 @ X8_v26+20]
Import :             1 base has no type, from Move from [String + 0xCF8]   e.g. DateTimeParser..cctor: 138 Move [v84 @ X8_v9+20], [v106 @ X9_v14+10]
Import :             1 Il2CppClass.0x5B0   e.g. WindowsFacebook.ActivateApp: 42 Move v65 @ X4_v1, [v63 @ X8_v3 (Il2CppClass<Facebook.Unity.Windows.WindowsFacebook>)+5B0]
Import :             1 base has no type, from Move from [Il2CppMethodInfo + 0x78]   e.g. FacebookSettings..ctor: 265 Move v330 @ X8_v30, [v171 @ X8_v24+20]
Import :             1 Il2CppMethodInfo.0xC08   e.g. ShortcutExtensions.DOShakeScale: 101 CallVoid DOGetter`1<UnityEngine.Vector3>..ctor, v107 @ X0_v30 (DG.Tweening.Core.DOGetter`1<UnityEngine.Vector3>), v68 @ X0_v3 (System.Object), [v223 @ X8_v30 (Il2CppMethodInfo)+C08]
Import :             1 base has no type, from Move from [String + 0x430]   e.g. DateTimeParser..cctor: 178 Move [v84 @ X8_v9+38], [v112 @ X9_v26+10]
Import :             1 Il2CppMethodInfo.0xB0   e.g. CollectionManager.OnCollectStoneBlock: 174 CallVoid Action..ctor, v196 @ X0_v18 (System.Action), v193 @ X0_v11 (System.Object), [v355 @ X8_v24 (Il2CppMethodInfo)+B0]
Import :             1 base has no type, from Add of [Il2CppClass<UnityEngine.RenderTexture> + 0xC8] and Int32   e.g. DebugSDF.OnDrawGizmos: 89 CheckNotEqual v166 @ TEMPCOND_v3 (System.Boolean), [v359 @ X9_v4-8], v226 @ X8_v7
Import :             1 Il2CppMethodInfo.0x760   e.g. ReflectionUtils.GetFieldsAndProperties: 779 Move v780 @ X2_v4 (Il2CppMethodInfo), [v1431 @ X8_v53 (Il2CppMethodInfo)+760]
Import :             1 Il2CppMethodInfo.0x70   e.g. CollectionManager.OnSolverStartRemoveParticles: 304 CallVoid Action..ctor, v775 @ X0_v56 (System.Action), v750 @ X0_v46 (System.Object), [v776 @ X8_v45 (Il2CppMethodInfo)+70]
Import :             1 array at 0x1C, from Move from [Mesh[]& + 0x0]   e.g. RFShatter.SimpleCompute: 276 Add v178 @ X9_v4, [v252 @ X8_v7 (UnityEngine.Mesh[])+1C], 1
Import :             1 Il2CppMethodInfo.0x540   e.g. DOTweenModuleUI.DOJumpAnchorPos: 222 CallVoid DOGetter`1<UnityEngine.Vector2>..ctor, v309 @ X0_v28 (DG.Tweening.Core.DOGetter`1<UnityEngine.Vector2>), v72 @ X0_v3 (System.Object), [v311 @ X8_v13 (Il2CppMethodInfo)+540]
Import :             1 Il2CppMethodInfo.0x468   e.g. DOTweenModuleUI.DOAnchorPos3DY: 82 CallVoid DOGetter`1<UnityEngine.Vector3>..ctor, v100 @ X0_v8 (DG.Tweening.Core.DOGetter`1<UnityEngine.Vector3>), v65 @ X0_v3 (System.Object), [v80 @ X25_v1 (Il2CppMethodInfo)+468]
Import :             1 Il2CppMethodInfo.0xC40   e.g. ShortcutExtensions.DOJump: 181 CallVoid DOSetter`1<UnityEngine.Vector3>..ctor, v337 @ X0_v17 (DG.Tweening.Core.DOSetter`1<UnityEngine.Vector3>), v77 @ X0_v3 (System.Object), [v294 @ X22_v3 (Il2CppMethodInfo)+C40]
Import :             1 base has no type, from Move from [String + 0x90]   e.g. DateTimeParser..cctor: 173 Move [v84 @ X8_v9+34], [v111 @ X9_v24+10]
Import :             1 base has no type, from Add of NativeArray`1<Unity.Mathematics.float2> and Int32   e.g. FluidDisplay.OnPreComputeUpdate: 433 And v603 @ X9_v11 (System.Int32), [v601 @ X9_v9+4], 2147483647
Import :             1 Il2CppMethodInfo.0x228   e.g. DOTween.To: 87 CallVoid DOSetter`1<System.Single>..ctor, v152 @ X0_v11 (DG.Tweening.Core.DOSetter`1<System.Single>), v65 @ X0_v3 (System.Object), [v84 @ X25_v1 (Il2CppMethodInfo)+228]
Import :             1 base has no type, from Move from AddressOf(stack_-237)   e.g. FluidSolver.Awake: 214 Move this.clumpIds (Unity.Collections.NativeArray`1<System.Int32>), [v196 @ X9_v3+FF]
Import :             1 Il2CppClass.0x578   e.g. XElementWrapper.SetAttributeNode: 25 Move v46 @ X1_v7, [v44 @ X8_v16 (Il2CppClass<System.Xml.ValidateNames>)+578]
Import :             1 Il2CppMethodInfo.0xF10   e.g. FBSDKEventBinding..ctor: 342 Move v690 @ X8_v26, [v588 @ X26_v8 (Il2CppMethodInfo)+F10]
Import :             1 base has no type, from Add of [Il2CppClass<Mono.Security.Interface.MonoTlsProvider> + 0xC8] and Int32   e.g. MonoTlsProviderFactory.GetProvider: 51 CheckNotEqual v60 @ TEMPCOND_v4 (System.Boolean), [v98 @ X8_v9-8], v42 @ X1_v2
Import :             1 Il2CppClass.0xAB0   e.g. TypeExtensions.ImplementInterface: 210 Call F7087C, v733 @ X0_v30 (System.Type), v733 @ X0_v30 (System.Type), [v61 @ X28_v1 (Il2CppClass<System.Func`1<UnityEngine.UIElements.ValidateCommandEvent>>)+AB0], 0, v39 @ X3, v40 @ X4, v41 @ X5, v42 @ X6, v43 @ X7, v44 @ V0, v45 @ V1, v46 @ V2, v47 @ V3, v48 @ V4, v49 @ V5, v50 @ V6, v51 @ V7
Import :             1 Il2CppMethodInfo.0x858   e.g. RFFragment.SetMirrored: 40 Call RFMirrored.GetMirroredPointCLoud, v61 @ X0_v7 (System.Collections.Generic.List`1<UnityEngine.Vector3>), mirror @ X1 (RayFire.RFMirrored), 10014, 1, [v48 @ X22_v3 (Il2CppMethodInfo)+858]
Import :             1 base has no type, from Move from [Il2CppClass<System.Collections.Generic.List`1<UnityEngine.UIElements.StyleSheets.Syntax.Expression>> + 0x7E0]   e.g. JsonTextReader.ReadAsDateTimeOffset: 47 CheckNotEqual v67 @ TEMPCOND_v4 (System.Boolean), [v53 @ X0_v3 (System.Object)], [v54 @ X1_v2+40]
Import :             1 base has no type, from Move from [Il2CppClass<System.Collections.Generic.List`1<UnityEngine.UIElements.StyleSheets.Syntax.Expression>> + 0x7C0]   e.g. ResultBase.GetCancelledValue: 140 CheckNotEqual v400 @ TEMPCOND_v12 (System.Boolean), [v352 @ X0_v12], [v419 @ X1_v10+40]
Import :             1 base has no type, from Move from [String + 0x308]   e.g. DateTimeParser..cctor: 117 Move [v84 @ X8_v9+14], [v103 @ X9_v8+10]
Import :             1 Il2CppClass.0xFA8   e.g. ApplicationManager.ReloadActiveScene: 59 Move v51 @ X0_v5 (UnityEngine.SceneManagement.Scene), [v67 @ X22_v1 (Il2CppClass<System.Xml.ValidateNames>)+FA8]
Import :             1 base has no type, from Add of [Il2CppClass<System.Xml.Linq.XProcessingInstruction> + 0xC8] and Int32   e.g. XProcessingInstructionWrapper.get_ProcessingInstruction: 51 CheckNotEqual v60 @ TEMPCOND_v4 (System.Boolean), [v98 @ X8_v9-8], v42 @ X1_v2
Import :             1 array at 0x30, from no definition   e.g. CubicBezierUtility.Normal: 58 MakeStruct v90 @ AGG1E45090_1_v1 (UnityEngine.Vector3), typeof(UnityEngine.Vector3), [points @ X0 (UnityEngine.Vector3[])+2C], [points @ X0 (UnityEngine.Vector3[])+30], [points @ X0 (UnityEngine.Vector3[])+34]
Import :             1 Il2CppMethodInfo.0x158   e.g. RFShatter.SimpleCompute: 125 Move v318 @ X1_v3 (System.Int32), [v46 @ X23_v1 (Il2CppMethodInfo)+158]
Import :             1 base has no type, from Add of [Il2CppClass<DG.Tweening.Plugins.Core.ABSTweenPlugin`3<T1, T2, TPlugOptions>> + 0xC8] and Int32   e.g. PluginsManager.GetDefaultPlugin: 277 CheckNotEqual v594 @ TEMPCSEL_v2 (System.Boolean), [v683 @ X8_v12-8], v559 @ X0_v13 (Il2CppClass<DG.Tweening.Plugins.Core.ABSTweenPlugin`3<T1, T2, TPlugOptions>>)
Import :             1 array at 0x28, from Add of the field Vector3[] and Int32   e.g. CatmullRomDecoder.SetWaypointsLengths: 143 Move [v270 @ X9_v7+28], [v532 @ X10_v6 (DG.Tweening.Plugins.Core.PathCore.ControlPoint[])+28]
Import :             1 Il2CppMethodInfo.0x288   e.g. DOTweenModuleAudio.DOSetFloat: 94 CallVoid DOSetter`1<System.Single>..ctor, v159 @ X0_v13 (DG.Tweening.Core.DOSetter`1<System.Single>), v65 @ X0_v3 (System.Object), [v84 @ X27_v1 (Il2CppMethodInfo)+288]
Import :             1 base has no type, from Add of [Il2CppClass<System.Data.DataTable> + 0xC8] and Int32   e.g. DataSetConverter.ReadJson: 268 CheckNotEqual v422 @ TEMPCOND_v16 (System.Boolean), [v605 @ X9_v22-8], v449 @ X1_v29
Import :             1 base has no type, from Move from [Object + 0x128]   e.g. GameAnalytics.InternalInitialize: 1093 CheckLess v285 @ TEMPCOND_v8 (System.Boolean), [v762 @ X8_v27+18], 1
Import :             1 Il2CppMethodInfo.0x328   e.g. DOTweenModulePhysics2D.DOMoveY: 82 CallVoid DOGetter`1<UnityEngine.Vector2>..ctor, v100 @ X0_v8 (DG.Tweening.Core.DOGetter`1<UnityEngine.Vector2>), v65 @ X0_v3 (System.Object), [v80 @ X25_v1 (Il2CppMethodInfo)+328]
Import :             1 base has no type, from Add of [Il2CppClass<UnityEngine.Rigidbody> + 0xC8] and Int32   e.g. Physics.SetOrientationOnPath: 95 CheckNotEqual v90 @ TEMPCOND_v3 (System.Boolean), [v191 @ X8_v9-8], v130 @ X1_v2
Import :             1 base has no type, from Move from [Il2CppMethodInfo + 0x968]   e.g. Path.CloneIncremental: 424 Move v795 @ X8_v35, [v427 @ X8_v34+20]
Import :             1 base has no type, from Move from [MonoBehaviour + 0x40]   e.g. <LivingCor>d__26.MoveNext: 72 CheckNotEqual v132 @ TEMPCOND_v13 (System.Boolean), [v189 @ X8_v22+20], 8
Import :             1 base has no type, from Move from [MonoBehaviour + 0x70]   e.g. <LivingCor>d__25.MoveNext: 74 CheckNotEqual v156 @ TEMPCOND_v14 (System.Boolean), [v210 @ X8_v18+20], 8
Import :             1 Il2CppMethodInfo.0x958   e.g. UnitySourceGeneratedAssemblyMonoScriptTypes_v1.Get: 56 CallVoid RuntimeHelpers.InitializeArray, v78 @ X0_v7 (System.Array), [v26 @ X22_v1 (Il2CppMethodInfo)+958]
Import :             1 base has no type, from Add of [Il2CppClass<System.Uri> + 0xC8] and Int32   e.g. JsonReader.ReadAsString: 234 CheckEqual v397 @ Z_v13 (System.Boolean), [v391 @ X10_v5-8], v367 @ X9_v14
Import :             1 Il2CppMethodInfo.0x460   e.g. DOTweenModuleUI.DOAnchorPos3DX: 89 CallVoid DOSetter`1<UnityEngine.Vector3>..ctor, v162 @ X0_v10 (DG.Tweening.Core.DOSetter`1<UnityEngine.Vector3>), v65 @ X0_v3 (System.Object), [v84 @ X27_v1 (Il2CppMethodInfo)+460]
Import :             1 Il2CppMethodInfo.0xC48   e.g. ShortcutExtensions.DOJump: 251 Move v423 @ X24_v5, [v384 @ X19_v5 (Il2CppMethodInfo)+C48]
Import :             1 base has no type, from Move from Object   e.g. JValue.System.IComparable.CompareTo: 55 Move v176 @ X0_v5 (Newtonsoft.Json.Linq.JTokenType), [v173 @ X8_v6+30]
Import :             1 Il2CppClass.0x410   e.g. JsonSerializerInternalReader.CreateISerializable: 253 Move v227 @ X0_v57 (System.Boolean), [v447 @ X8_v17 (Il2CppClass<Facebook.Unity.Windows.IWindowsFacebook>)+410]
Import :             1 base has no type, from Move from [Object + 0x50]   e.g. RayfireRigidRoot.SetShards: 637 Move v650 @ X8_v49, [v1250 @ X8_v48+58]
Import :             1 Il2CppClass.0x3A8   e.g. JsonWriter.WriteValue: 32 Move v53 @ X3_v1, [v45 @ X8_v3 (Il2CppClass<Newtonsoft.Json.JsonWriter>)+3A8]
Import :             1 Il2CppMethodInfo.0x2E0   e.g. DOTweenModulePhysics.DOJump: 237 CallVoid DOGetter`1<UnityEngine.Vector3>..ctor, v332 @ X0_v30 (DG.Tweening.Core.DOGetter`1<UnityEngine.Vector3>), v77 @ X0_v3 (System.Object), [v334 @ X8_v15 (Il2CppMethodInfo)+2E0]
Import :             1 base has no type, from Move from AddressOf(stack_-2E7)   e.g. FluidSolver.Awake: 346 Move this.idToIndex (Unity.Collections.NativeParallelHashMap`2<System.Int32, System.Int32>), [v317 @ X9_v11+FF]
Import :             1 base has no type, from Move from [EmissionModule + 0xB8]   e.g. RFParticles.SetEmission: 65 Add v131 @ X0_v12 (UnityEngine.ParticleSystem+Burst), [v100 @ X8_v5+58], 32
Import :             1 Il2CppMethodInfo.0xC78   e.g. ShortcutExtensions.DOLocalJump: 174 CallVoid DOGetter`1<UnityEngine.Vector3>..ctor, v325 @ X0_v15 (DG.Tweening.Core.DOGetter`1<UnityEngine.Vector3>), v77 @ X0_v3 (System.Object), [v290 @ X24_v2 (Il2CppMethodInfo)+C78]
Import :             1 base has no type, from Move from [Il2CppMethodInfo + 0xD20]   e.g. RFTriangle.SetTriangles: 144 Move v666 @ X8_v40, [v350 @ X8_v36+20]
Import :             1 Il2CppMethodInfo.0x268   e.g. DOTweenModuleAudio.DOFade: 123 CallVoid DOSetter`1<System.Single>..ctor, v205 @ X0_v10 (DG.Tweening.Core.DOSetter`1<System.Single>), v64 @ X0_v3 (System.Object), [v83 @ X26_v1 (Il2CppMethodInfo)+268]
Import :             1 Il2CppClass.0xA0   e.g. BsonObjectIdConverter.WriteJson: 28 Move v49 @ X1_v5, [v47 @ X8_v9 (Il2CppClass<System.ComponentModel.BooleanConverter>)+A0]
Import :             1 array at 0x0, from Move from the field Vector3[][]   e.g. TextPopEffect.CacheVertexPositions: 121 CallVoid Array.Copy, [v158 @ X8_v11 (TMPro.TMP_MeshInfo[])+v123 @ X24_v5 (System.Int32)], [v136 @ X9_v9 (UnityEngine.Vector3[][])+v126 @ X23_v5 (System.Int32)], [v141 @ X0_v16 (System.Array)+18]
Import :             1 Il2CppMethodInfo.0x700   e.g. DOVirtual.Vector3: 107 CallVoid DOSetter`1<UnityEngine.Vector3>..ctor, v180 @ X0_v11 (DG.Tweening.Core.DOSetter`1<UnityEngine.Vector3>), v77 @ X0_v3 (System.Object), [v96 @ X25_v1 (Il2CppMethodInfo)+700]
Import :             1 base has no type, from Move from [Il2CppMethodInfo + 0x8F0]   e.g. BinaryConverter.ReadByteArray: 66 Move v529 @ X8_v33, [v178 @ X8_v30+20]
Import :             1 base has no type, from Move from [Il2CppMethodInfo + 0x8A0]   e.g. BsonObject.Add: 96 Move v177 @ X8_v9, [v126 @ X8_v7+20]
Import :             1 Il2CppMethodInfo.0x658   e.g. DOTweenModuleUI.DOFlexibleSize: 86 CallVoid DOGetter`1<UnityEngine.Vector2>..ctor, v105 @ X0_v8 (DG.Tweening.Core.DOGetter`1<UnityEngine.Vector2>), v70 @ X0_v3 (System.Object), [v85 @ X25_v1 (Il2CppMethodInfo)+658]
Import :             1 base has no type, from Add of [Il2CppClass<System.Security.Cryptography.HMAC> + 0xC8] and Int32   e.g. PKCS12.MAC: 89 CheckNotEqual v137 @ TEMPCOND_v5 (System.Boolean), [v231 @ X8_v22-8], v167 @ X1_v13 (System.Byte[])
Import :             1 Il2CppMethodInfo.0x848   e.g. DefaultContractResolver.SetIsSpecifiedActions: 190 CallVoid Predicate`1<System.Object>..ctor, v113 @ X0_v37 (System.Predicate`1<System.Object>), v56 @ X0_v3 (Newtonsoft.Json.Serialization.DefaultContractResolver+<>c__DisplayClass81_0), [v291 @ X8_v19 (Il2CppMethodInfo)+848]
Import :             1 Il2CppMethodInfo.0x730   e.g. RFSound..ctor: 121 Move v207 @ X2_v2 (Il2CppMethodInfo), [v272 @ X24_v4 (Il2CppMethodInfo)+730]
Import :             1 Il2CppMethodInfo.0x3E0   e.g. DOTweenModuleUI.DOFade: 88 CallVoid DOSetter`1<System.Single>..ctor, v154 @ X0_v10 (DG.Tweening.Core.DOSetter`1<System.Single>), v64 @ X0_v3 (System.Object), [v83 @ X26_v1 (Il2CppMethodInfo)+3E0]
Import :             1 Il2CppMethodInfo.0x510   e.g. DOTweenModuleUI.DOShakeAnchorPos: 96 CallVoid DOSetter`1<UnityEngine.Vector3>..ctor, v174 @ X0_v10 (DG.Tweening.Core.DOSetter`1<UnityEngine.Vector3>), v73 @ X0_v3 (System.Object), [v92 @ X19_v1 (Il2CppMethodInfo)+510]
Import :             1 base has no type, from Move from AddressOf(stack_-217)   e.g. FluidSolver.Awake: 190 Move this.powerUpIds (Unity.Collections.NativeArray`1<System.Int32>), [v174 @ X9_v1+FF]
Import :             1 Il2CppMethodInfo.0x368   e.g. DOTweenModulePhysics2D.DOPath: 184 CallVoid DOGetter`1<UnityEngine.Vector3>..ctor, v344 @ X0_v13 (DG.Tweening.Core.DOGetter`1<UnityEngine.Vector3>), v68 @ X0_v3 (System.Object), [v332 @ X28_v3 (Il2CppMethodInfo)+368]
Import :             1 base has no type, from Move from [Il2CppMethodInfo + 0x850]   e.g. GetTournamentsResult..ctor: 153 Move v858 @ X8_v41, [v852 @ X8_v39+20]
Import :             1 Il2CppMethodInfo.0xD10   e.g. RayfireShatter.LimitationFragment: 99 Move v265 @ X2_v10 (System.Int32), [v341 @ X23_v5 (Il2CppMethodInfo)+D10]
Import :             1 base has no type, from Add of [Il2CppClass<Newtonsoft.Json.Linq.JProperty> + 0xC8] and Int32   e.g. JObject.Property: 185 CheckNotEqual v157 @ TEMPCOND_v9 (System.Boolean), [v410 @ X8_v12-8], v392 @ X1_v8
Import :             1 base has no type, from Move from [Il2CppClass<System.ComponentModel.BooleanConverter> + 0x710]   e.g. PKCS1.Encode_v15: 64 CheckEqual v220 @ TEMP_v8 (System.Boolean), [v218 @ X0_v26+E0], 0
Import :             1 array at 0x28, from Move from the field ControlPoint[]   e.g. CubicBezierDecoder.FinalizePath: 404 Subtract v512 @ V8_v11 (System.Single), [v266 @ X8_v24 (UnityEngine.Vector3[])+28], [v181 @ X9_v14 (DG.Tweening.Plugins.Core.PathCore.ControlPoint[])+28]
Import :             1 Il2CppClass.0x3E8   e.g. JsonObjectContract.GetUninitializedObject: 28 Move v71 @ X0_v37, [v68 @ X8_v8 (Il2CppClass<UnityEngine.UIElements.EnumFieldHelpers>)+3E8]
Import :             1 Il2CppMethodInfo.0x4D8   e.g. DOTweenModuleUI.DOPivotY: 81 CallVoid DOGetter`1<UnityEngine.Vector2>..ctor, v99 @ X0_v8 (DG.Tweening.Core.DOGetter`1<UnityEngine.Vector2>), v64 @ X0_v3 (System.Object), [v79 @ X24_v1 (Il2CppMethodInfo)+4D8]
Import :             1 base has no type, from Add of FluidPhysicsCoupler and Immediate   e.g. FluidPhysicsCoupler.Step: 498 Add v1427 @ V0_v35, [v637 @ X8_v51+C], [v422 @ X25_v14+v1428 @ X8_v54 (System.Int32)]
Import :             1 base has no type, from Move from [Il2CppClass<System.Collections.Generic.List`1<UnityEngine.UIElements.StyleSheets.Syntax.Expression>> + 0xA60]   e.g. UIIconGenerator..ctor: 33 CheckEqual v51 @ TEMP_v4 (System.Boolean), [v49 @ X0_v2+E0], 0
Import :             1 base has no type, from Move from [Il2CppClass<System.Collections.Generic.List`1<UnityEngine.UIElements.StyleSheets.Syntax.Expression>> + 0xA30]   e.g. ApplicationManager..ctor: 33 CheckEqual v51 @ TEMP_v4 (System.Boolean), [v49 @ X0_v2+E0], 0
Import :             1 Il2CppMethodInfo.0x790   e.g. FluidSolver.UpdateFishMidpoints: 55 Move v136 @ X1_v2 (Il2CppMethodInfo), [v57 @ X23_v4 (Il2CppMethodInfo)+790]
Import :             1 base has no type, from Move from [Il2CppClass<System.Collections.Generic.List`1<UnityEngine.UIElements.StyleSheets.Syntax.Expression>> + 0x808]   e.g. JsonTextReader.ReadAsInt32: 46 CheckNotEqual v65 @ TEMPCOND_v4 (System.Boolean), [v51 @ X0_v3 (System.Object)], [v52 @ X1_v2+40]
Import :             1 Il2CppMethodInfo.0x498   e.g. DOTweenModuleUI.DOAnchorMax: 86 CallVoid DOGetter`1<UnityEngine.Vector2>..ctor, v105 @ X0_v8 (DG.Tweening.Core.DOGetter`1<UnityEngine.Vector2>), v70 @ X0_v3 (System.Object), [v85 @ X25_v1 (Il2CppMethodInfo)+498]
Import :             1 Il2CppClass.0x898   e.g. DataTableConverter.GetColumnDataType: 142 Move v174 @ X2_v3, [v207 @ X8_v11 (Il2CppClass<System.Type>)+898]
Import :             1 Il2CppMethodInfo.0xCE0   e.g. ShortcutExtensions.DOPath: 95 CallVoid DOSetter`1<UnityEngine.Vector3>..ctor, v179 @ X0_v13 (DG.Tweening.Core.DOSetter`1<UnityEngine.Vector3>), v65 @ X0_v3 (System.Object), [v84 @ X26_v2 (Il2CppMethodInfo)+CE0]
Import :             1 Il2CppMethodInfo.0x708   e.g. DOVirtual.Vector3: 154 Move v240 @ X22_v3, [v217 @ X24_v3 (Il2CppMethodInfo)+708]
Import :             1 Il2CppMethodInfo.0x2D0   e.g. DOTweenModulePhysics.DOJump: 162 CallVoid DOGetter`1<UnityEngine.Vector3>..ctor, v241 @ X0_v14 (DG.Tweening.Core.DOGetter`1<UnityEngine.Vector3>), v77 @ X0_v3 (System.Object), [v94 @ X24_v1 (Il2CppMethodInfo)+2D0]
Import :             1 Il2CppMethodInfo.0xD38   e.g. DiscriminatedUnionConverter..cctor: 93 CallVoid Func`2<System.Object, System.Object>..ctor, v105 @ X0_v9 (System.Func`2<System.Object, System.Object>), 0, [v40 @ X24_v1 (Il2CppMethodInfo)+D38]
Import :             1 base has no type, from Move from [Il2CppMethodInfo + 0x650]   e.g. Sequence.DoInsert: 158 Move v274 @ X8_v18, [v151 @ X8_v10+20]
Import :             1 Il2CppMethodInfo.0x400   e.g. DOTweenModuleUI.DOFade: 88 CallVoid DOSetter`1<UnityEngine.Color>..ctor, v154 @ X0_v10 (DG.Tweening.Core.DOSetter`1<UnityEngine.Color>), v64 @ X0_v3 (System.Object), [v83 @ X26_v1 (Il2CppMethodInfo)+400]
Import :             1 base has no type, from Move from [Decimal + 0xB8]   e.g. BoxedPrimitives.Get: 57 Move returnVal1 @ X0_v6 (System.Object), [v82 @ X8_v11+B0]
Import :             1 base has no type, from Move from [Il2CppClass<System.Collections.Generic.NullableComparer`1> + 0xFB0]   e.g. JsonTypeReflector.GetDataMemberAttribute: 115 CheckEqual v149 @ TEMP_v7 (System.Boolean), [v147 @ X0_v9+E0], 0
Import :             1 Il2CppMethodInfo.0x840   e.g. DefaultContractResolver.CreateShouldSerializeTest: 174 CallVoid Predicate`1<System.Object>..ctor, v188 @ X0_v39 (System.Predicate`1<System.Object>), v50 @ X0_v3 (Newtonsoft.Json.Serialization.DefaultContractResolver+<>c__DisplayClass80_0), [v238 @ X8_v26 (Il2CppMethodInfo)+840]
Import :             1 Il2CppMethodInfo.0x888   e.g. GameAnalyticsATTClient.RequestTrackingAuthorization: 100 Move v137 @ X21_v7, [v96 @ X21_v5 (Il2CppMethodInfo)+888]
Import :             1 byref at 0x50, from no definition   e.g. RFShatter.ConvertMesh: 396 Move v1441 @ X8_v293, [v265 @ X3_v4 (safeMeshData&)+50]
Import :             1 Il2CppMethodInfo.0xF40   e.g. ImageSliceWithUV.ModifyMesh: 131 CallVoid Func`2<UnityEngine.UIVertex, System.Single>..ctor, v439 @ X0_v46 (System.Func`2<UnityEngine.UIVertex, System.Single>), [v434 @ X8_v33], [v448 @ X8_v36 (Il2CppMethodInfo)+F40]
Import :             1 generic instance, layout answers, value type argument   e.g. CombineInstanceEx.Clear: 155 Add v316 @ X8_v5, [v259 @ X0_v12 (System.Collections.Generic.List`1<UnityEngine.CombineInstance>)+1C], 1
Import :             1 array at 0x24, from Move from the field Mesh[]   e.g. RayfireShatter.CreateFragments: 560 Divide v1141 @ V3_v8 (System.Single), [v63 @ X8_v3 (UnityEngine.Mesh[])+24], this.rescaleFix (System.Single)
Import :             1 base has no type, from Add of [Il2CppClass<Newtonsoft.Json.Converters.IXmlElement> + 0xC8] and Int32   e.g. XmlNodeConverter.AddJsonArrayAttribute: 185 CheckNotEqual v407 @ TEMPCOND_v6 (System.Boolean), [v396 @ X10_v6-8], v380 @ X9_v8
Import :             1 Il2CppClass.0xF10   e.g. <>c__DisplayClass36_0.<Init>b__1: 26 Move v67 @ X1_v2, [v65 @ X8_v9 (Il2CppClass<System.ComponentModel.BooleanConverter>)+F10]
Import :             1 base has no type, from Move from [Il2CppMethodInfo + 0xF50]   e.g. FluidSolver.AddFish: 474 Move v598 @ X8_v50, [v232 @ X8_v46+20]
Import :             1 Il2CppMethodInfo.0xDD8   e.g. ShortcutExtensions.DOShakePosition: 104 CallVoid DOGetter`1<UnityEngine.Vector3>..ctor, v113 @ X0_v18 (DG.Tweening.Core.DOGetter`1<UnityEngine.Vector3>), v74 @ X0_v3 (System.Object), [v232 @ X8_v19 (Il2CppMethodInfo)+DD8]
Import :             1 base has no type, from Move from [Il2CppMethodInfo + 0xF10]   e.g. FBSDKEventBinding..ctor: 289 Move v696 @ X8_v28, [v690 @ X8_v26+20]
Import :             1 base has no type, from Move from [Il2CppMethodInfo + 0xF20]   e.g. FBSDKEventBindingManager..ctor: 94 Move v418 @ X8_v16, [v412 @ X8_v14+20]
Import : Il2Cpp method body recovery: 90466 locals the analysis could not type, by what defines them:
Import :         41844 written by nothing, first read by an unresolved call   e.g. NullableAttribute..ctor: v29
Import :         11168 Move from memory [never read]   e.g. JsonWriter.Dispose: 32 Move v37 @ X2_v1, [v36 @ X8_v2 (Il2CppClass<Newtonsoft.Json.JsonWriter>)+198]
Import :          7943 Call - the return of a call whose target is unknown [never read]   e.g. NullableAttribute..ctor: 46 Call F3F1B4, v63 @ X0_v9, v55 @ X19_v2, v49 @ X0_v4 (System.Byte[]), methodInfo @ X2 (Il2CppMethodInfo), v29 @ X3, v30 @ X4, v31 @ X5, v32 @ X6, v33 @ X7, v34 @ V0, v35 @ V1, v36 @ V2, v37 @ V3, v38 @ V4, v39 @ V5, v40 @ V6, v41 @ V7
Import :          4816 Add, first read by an unresolved call   e.g. NullableAttribute..ctor: 36 Add v55 @ X19_v2, this @ X0 (System.Runtime.CompilerServices.NullableAttribute), 16
Import :          4580 written by nothing [never read]   e.g. JsonWriter.Dispose: v39
Import :          3292 Add, first read by Add   e.g. JsonWriter.ResolveConvertibleValue: 132 Add v276 @ X10_v5, [v243 @ X8_v10 (Il2CppClass<System.IConvertible>)+B0], 8
Import :          1782 Add [never read]   e.g. JsonTextWriter.WriteValue: 52 Add v111 @ X8_v6, [v99 @ X0_v19+B8], 8
Import :          1460 Subtract, first read by Move   e.g. JsonWriter.ResolveConvertibleValue: 154 Subtract v254 @ X9_v9, v277 @ X9_v6, 1
Import :          1379 Move from memory, first read by Subtract   e.g. JsonWriter.ResolveConvertibleValue: 128 Move v277 @ X9_v6, [v243 @ X8_v10 (Il2CppClass<System.IConvertible>)+12E]
Import :           871 written by nothing, first read by IndirectCall   e.g. BidirectionalDictionary`2.Set: v181
Import :           701 Add, first read by Move   e.g. DefaultJsonNameTable.Get: 65 Add v189 @ X24_v7, v343 @ X10_v7 (System.Int32), v339 @ X9_v7
Import :           669 Add, first read by ShiftLeft   e.g. JsonWriter.ResolveConvertibleValue: 162 Add v297 @ X9_v8, [v276 @ X10_v5], 16
Import :           627 Call - the return of a call whose target is unknown, first read by an unresolved call   e.g. DefaultJsonNameTable.Grow: 156 Call F3F1B4, v217 @ X0_v8, v57 @ X20_v2, v63 @ X0_v3 (Entry[]), v39 @ X2, v40 @ X3, v41 @ X4, v42 @ X5, v43 @ X6, v44 @ X7, v45 @ V0, v46 @ V1, v47 @ V2, v48 @ V3, v49 @ V4, v50 @ V5, v51 @ V6, v52 @ V7
Import :           618 Move of a constant [never read]   e.g. JsonWriter.CreateUnsupportedTypeException: 10 Move v18 @ X21_v1, 50515968
Import :           567 Add, first read by Newobj   e.g. JsonReader.set_DateTimeZoneHandling: 24 Add v26 @ X0_v2, typeof(CollectParticleData[]), 2944
Import :           545 Call - the return of a resolved method (typed) [never read]   e.g. JsonWriter.WriteValue: 1141 Call JsonWriter.WriteNull, v182 @ X0_v25, v44 @ X0_v1 (Newtonsoft.Json.JsonWriter)
Import :           509 Call - the return of a call whose target is unknown, first read by CheckEqual   e.g. DefaultJsonNameTable.AddEntry: 71 Call F3F36C, v136 @ X0_v17, v110 @ X0_v10 (System.Object), typeof(Newtonsoft.Json.DefaultJsonNameTable+Entry), hashCode @ X2 (System.Int32), methodInfo @ X3 (Il2CppMethodInfo), v37 @ X4, v38 @ X5, v39 @ X6, v40 @ X7, v41 @ V0, v42 @ V1, v43 @ V2, v44 @ V3, v45 @ V4, v46 @ V5, v47 @ V6, v48 @ V7
Import :           502 Move from memory, first read by Add   e.g. JsonConvert.SerializeObjectInternal: 113 Move v261 @ X8_v13, [v254 @ X21_v7]
Import :           408 Xor, first read by And   e.g. MathUtils.ApproxEquals: 79 Xor v79 @ TEMP3_v3, v93 @ V2_v1 (System.Double), v87 @ TEMP1_v3 (System.Double)
Import :           405 Move of AddressOf [never read]   e.g. JsonWriter.WriteValue: 7 Move v12 @ X29_v1, &v13 @ stack_-10_v2
Import :           391 IndirectCall [never read]   e.g. JsonConvert.DeserializeObject: 144 IndirectCall [v368 @ X0_v20], v270 @ X0_v22, v245 @ X21_v7, [v368 @ X0_v20+8], v137 @ X2_v2 (System.Type), v234 @ X3_v3 (Il2CppMethodInfo), v35 @ X4, v36 @ X5, v37 @ X6, v38 @ X7, v39 @ V0, v40 @ V1, v41 @ V2, v42 @ V3, v43 @ V4, v44 @ V5, v45 @ V6, v46 @ V7
Import :           372 Move from memory, first read by an unresolved call   e.g. DefaultJsonNameTable.Get: 36 Move v72 @ X0_v6, [v61 @ X23_v5 (Il2CppClass<System.ComponentModel.BooleanConverter>)+C70]
Import :           342 Move of a constant, first read by an unresolved call   e.g. JsonTextReader.Read: -1 Move v333 @ X3_v3, 0
Import :           303 IndirectCall, first read by CheckEqual   e.g. BidirectionalDictionary`2.Set: 84 IndirectCall [v304 @ X0_v67], v311 @ X0_v69, v20 @ X23_v1 (System.Collections.Generic.IDictionary`2<TFirst, TSecond>), first @ X1 (TFirst), &v291 @ stack_-48_v7 (TSecond), [v304 @ X0_v67+8], v181 @ X4, v182 @ X5, v183 @ X6, v184 @ X7, v185 @ V0, v186 @ V1, v187 @ V2, v188 @ V3, v189 @ V4, v190 @ V5, v191 @ V6, v192 @ V7
Import :           239 Newobj, first read by CallVoid   e.g. EnumUtils..cctor: 51 Newobj v63 @ X0_v3, [v24 @ X25_v1 (Il2CppClass<System.Func`1<UnityEngine.UIElements.ValidateCommandEvent>>)+A0]
Import :           228 Move from another untyped local, first read by Move   e.g. DefaultJsonNameTable.Add: -1 Move v286 @ X22_v6, v307 @ X22_v15
Import :           220 Move from memory, first read by CheckNotEqual   e.g. BinderWrapper.GetMember: 150 Move v181 @ X1_v18, [v321 @ X8_v21 (Il2CppClass<System.ComponentModel.BooleanConverter>)+1F8]
Import :           214 Multiply, first read by Add   e.g. DateTimeUtils.TryParseDateTimeMicrosoft: 67 Multiply v170 @ TEMP_v18, v64 @ stack_-50_v2 (System.TimeSpan), 10000
Import :           163 Move from another untyped local [never read]   e.g. JsonTextReader.ParseReadString: -1 Move v512 @ stack_-90_v2, v321 @ stack_-68_v5
Import :           158 Subtract, first read by Multiply   e.g. RFCluster.GetBoundsBound: 112 Subtract v132 @ V4_v3, v68 @ V1_v2, v66 @ V0_v1
Import :           157 Call - the return of a call whose target is unknown, first read by Move   e.g. BoxedPrimitives..cctor: 57 Call "il2cpp_vm_object_box", v69 @ X0_v3, [v31 @ X20_v1 (Il2CppClass<CollectParticleData[]>)+FF8], v68 @ X1_v1, v46 @ X2, v47 @ X3, v48 @ X4, v49 @ X5, v50 @ X6, v51 @ X7, v52 @ V0, v53 @ V1, v54 @ V2, v55 @ V3, v56 @ V4, v57 @ V5, v58 @ V6, v59 @ V7
Import :           144 Move from another untyped local, first read by an unresolved call   e.g. JsonReader.ReadAsString: -1 Move v178 @ X3_v3, v178 @ X3_v3
Import :           142 written by nothing, first read by Multiply   e.g. RFBricks.get_SizeVariation: v6
Import :           137 Move of AddressOf, first read by Move   e.g. CollectionUtils.AddRange: -1 Move v192 @ stack_-40_v3, &v52 @ stack_-38
Import :           128 Move from memory, first read by Move   e.g. DictionaryEnumerator`2.get_Current: -1 Move v80 @ X21_v9, [v76 @ X8_v96+FC]
Import :           127 Move from memory, first read by IndirectCall   e.g. BidirectionalDictionary`2.Set: 65 Move v53 @ X3_v12, [v265 @ X0_v64+8]
Import :           114 written by nothing, first read by Move   e.g. JsonTextReader.ParseReadString: v319
Import :           106 Call - the return of a call whose target is unknown, first read by And   e.g. EnumUtils.TryToString: 105 Call 10E33A8, v97 @ X0_v15, v89.Values (System.UInt64[]), v96 @ X0_v12 (System.UInt64), [v207 @ X8_v11 (Il2CppMethodInfo)+B50]
Import :           101 Subtract, first read by CheckEqual   e.g. DateTimeUtils.TryParseMicrosoftDate: 71 Subtract v96 @ TEMP1_v8, v222 @ X27_v4 (System.Int32), -1
Import :            97 Move from memory, first read by CheckEqual   e.g. JsonReader.ReadAsString: 211 Move v367 @ X9_v14, [v365 @ X8_v20 (Il2CppClass<System.Net.Configuration.SettingsSectionInternal>)+F20]
Import :            92 Subtract, first read by an unresolved call   e.g. BoxedPrimitives..cctor: 56 Subtract v68 @ X1_v1, &v25 @ stack_-10_v2, 129
Import :            81 IndirectCall, first read by And   e.g. BidirectionalDictionary`2.Set: 94 IndirectCall [v223 @ X8_v38+138], v219 @ X0_v62, v291 @ stack_-48_v7 (TSecond), second @ X2 (TSecond), [v223 @ X8_v38+140], v53 @ X3_v12, v181 @ X4, v182 @ X5, v183 @ X6, v184 @ X7, v185 @ V0, v186 @ V1, v187 @ V2, v188 @ V3, v189 @ V4, v190 @ V5, v191 @ V6, v192 @ V7
Import :            78 Call - the return of a call whose target is unknown, first read by Add   e.g. JsonWriter..cctor: 56 Call "SzArrayNew", v54 @ X0_v3, [v20 @ X20_v1 (Il2CppClass<System.Collections.Generic.List`1<UnityEngine.UIElements.StyleSheets.Syntax.Expression>>)+F38], 8, v33 @ X2, v34 @ X3, v35 @ X4, v36 @ X5, v37 @ X6, v38 @ X7, v39 @ V0, v40 @ V1, v41 @ V2, v42 @ V3, v43 @ V4, v44 @ V5, v45 @ V6, v46 @ V7
Import :            72 Subtract, first read by CheckLess   e.g. DateTimeUtils.TryReadOffset: 73 Subtract v195 @ X8_v9, v193 @ X8_v8 (System.Int32), offset @ X2 (System.TimeSpan&)
Import :            68 written by nothing, first read by CheckEqual   e.g. DateTimeUtils.TryParseDateTimeMicrosoft: v67
Import :            56 Add, first read by CheckLess   e.g. DateTimeUtils.GetDateValues: 159 Add v195 @ X8_v32, v112 @ X8_v11, 4294932232
Import :            52 Add, first read by And   e.g. DictionaryEnumerator`2.get_Current: 69 Add v106 @ X8_v11, [v102 @ X8_v9 (Il2CppClass<TEnumeratorKey>)+FC], 15
Import :            52 Move of a constant, first read by Move   e.g. FSharpUtils..ctor: -1 Move v110 @ X3_v7, 0
Import :            43 Multiply, first read by Subtract   e.g. RFCluster.GetBoundsBound: 125 Multiply v145 @ V4_v4, v132 @ V4_v3, 63
Import :            42 Move of a constant, first read by IndirectCall   e.g. JsonPosition.FormatMessage: -1 Move v494 @ X2_v9, 0
Import :            40 Add, first read by CheckEqual   e.g. EnumUtils.InternalFlagsFormat: 105 Add v293 @ X21_v11, v88 @ X23_v13, v195 @ X25_v10 (System.Int32)
Import :            40 Add, first read by Subtract   e.g. StringReferenceExtensions.EndsWith: 55 Add v253 @ X8_v6, v21 @ X8_v3 (System.Int32), text @ X1 (System.String)
Import :            38 Move of AddressOf, first read by an unresolved call   e.g. JsonReader.ReadInt32String: -1 Move v171 @ X3_v5, &v89 @ stack_-3C_v5 (System.Int32)
Import :            37 Add, first read by Multiply   e.g. DateTimeUtils.GetDateValues: 91 Add v112 @ X8_v11, v83 @ X8_v10 (System.Int64), v111 @ TEMP_v7
Import :            37 Move from memory, first read by a call to an instance method   e.g. ConvertUtils.GetTypeCode: 25 Move v69 @ X0_v8, [v57 @ X8_v59]
Import :            34 Move of AddressOf, first read by CallVoid   e.g. DefaultContractResolver.GetCallbackMethodsForType: -1 Move v274 @ stack_-98_v3, &v109 @ stack_-A0_v5 (System.Collections.Generic.List`1<System.Object>+Enumerator<System.Object>)
Import :            34 Call - the return of a call whose target is unknown, first read by IndirectCall   e.g. DictionaryWrapper`2.get_Item: 81 Call "il2cpp_vm_object_box", v146 @ X0_v32, [v143 @ X8_v39+10], v573 @ X22_v5, [v61 @ X8_v6+FC], v219 @ X3_v1, v217 @ X4_v1, v45 @ X5, v46 @ X6, v47 @ X7, v48 @ V0, v49 @ V1, v50 @ V2, v51 @ V3, v52 @ V4, v53 @ V5, v54 @ V6, v55 @ V7
Import :            34 Subtract, first read by IndirectCall   e.g. DictionaryEnumerator`2.get_Current: 213 Subtract v151 @ X3_v4, &v21 @ X29, 104
Import :            33 IndirectCall, first read by CheckLess   e.g. JsonSerializer.SerializeInternal: 497 IndirectCall [v1310 @ X0_v38], v1184 @ X0_v40, v363 @ X0_v33 (Newtonsoft.Json.Serialization.ITraceWriter), [v1310 @ X0_v38+8], 0, v127 @ X3_v2 (System.Type), methodInfo @ X4 (Il2CppMethodInfo), v45 @ X5, v46 @ X6, v47 @ X7, v48 @ V0, v49 @ V1, v50 @ V2, v51 @ V3, v52 @ V4, v53 @ V5, v54 @ V6, v55 @ V7
Import :            33 written by nothing, first read by MakeStruct   e.g. RFFragment.SetBricks: v276
Import :            32 Move from a typed local, first read by an unresolved call   e.g. JsonReader.ReadDecimalString: -1 Move v264 @ X2_v7, v164 @ X22_v11 (System.IFormatProvider)
Import :            31 Move from memory, first read by CallVoid   e.g. DiscriminatedUnionConverter.CreateUnion: 760 Move v304 @ X0_v105, [v367 @ X20_v13]
Import :            30 Subtract [never read]   e.g. DictionaryWrapper`2.CopyTo: 379 Subtract v739 @ X8_v18, &v21 @ X29, 96
Import :            27 Call - the return of a resolved method (typed), first read by CheckEqual   e.g. BidirectionalDictionary`2.Set: 69 Call IDictionary`2<TFirst, TSecond>.TryGetValue, v294 @ X0_v66, v20 @ X23_v1 (System.Collections.Generic.IDictionary`2<TFirst, TSecond>), first @ X1 (TFirst), &v291 @ stack_-48_v7 (TSecond)
Import :            26 written by nothing, first read by Add   e.g. RFCluster.CompareTo: v43
Import :            25 IndirectCall, first read by Move   e.g. JsonWriter.ResolveConvertibleValue: 171 IndirectCall [v302 @ X0_v7], v306 @ X0_v9, convertible @ X0 (System.IConvertible), v224 @ X0_v21 (System.Type), v129 @ X0_v6 (System.Globalization.CultureInfo), [v302 @ X0_v7+8], v37 @ X4, v38 @ X5, v39 @ X6, v40 @ X7, v41 @ V0, v42 @ V1, v43 @ V2, v44 @ V3, v45 @ V4, v46 @ V5, v47 @ V6, v48 @ V7
Import :            23 Subtract, first read by Add   e.g. DateTimeUtils.GetDateValues: 242 Subtract v366 @ X8_v20, v273 @ X9_v15, [v364 @ X8_v18+20]
Import :            20 Move of a constant, first read by Add   e.g. ConvertUtils.TryHexTextToInt: -1 Move v196 @ X14_v6, 4294967248
Import :            19 IndirectCall, first read by CheckGreaterOrEqual   e.g. JsonSerializer.SerializeInternal: 526 IndirectCall [v1365 @ X0_v41], v1183 @ X0_v43, v363 @ X0_v33 (Newtonsoft.Json.Serialization.ITraceWriter), [v1365 @ X0_v41+8], v185 @ X2_v2, v127 @ X3_v2 (System.Type), methodInfo @ X4 (Il2CppMethodInfo), v45 @ X5, v46 @ X6, v47 @ X7, v48 @ V0, v49 @ V1, v50 @ V2, v51 @ V3, v52 @ V4, v53 @ V5, v54 @ V6, v55 @ V7
Import :            18 Move from memory, first read by Multiply   e.g. RFShard.GetSlicePlane: 124 Move v174 @ V13_v1, [v115 @ X8_v22]
Import :            18 Move from another untyped local, first read by IndirectCall   e.g. EnumUtils.InitializeValuesAndNames: -1 Move v98 @ X4_v5, v97 @ X4_v4
Import :            17 Subtract, first read by Subtract   e.g. JsonWriter.WriteToken: 140 Subtract v316 @ X8_v9, v308 @ X0_v9 (System.Int32), v315 @ X0_v12 (System.Boolean)
Import :            17 Multiply, first read by Multiply   e.g. FluidCollectDisplay.FixedUpdate: 320 Multiply v269 @ V11_v8, [v573 @ X28_v10-8], v570 @ V0.S0
Import :            17 written by nothing, first read by Subtract   e.g. RFCluster.CompareTo: v114
Import :            16 Subtract, first read by CallVoid   e.g. <GetEnumerator>d__2.MoveNext: 351 Subtract v662 @ X0_v28, &v17 @ X29, 88
Import :            16 written by nothing, first read by ShiftLeft   e.g. Block.CheckClear: v190
Import :            15 Box, first read by IndirectCall   e.g. DictionaryWrapper`2.Add: 80 Box v196 @ X0_v27, typeof(Il2CppClass<TKey>), v69 @ X0_v2
Import :            15 Multiply, first read by Move   e.g. DOTween.Punch: 318 Multiply v777 @ V1_v33, [v795 @ X10_v13-10], v811 @ V0.S0
Import :            15 Newobj, first read by Add   e.g. DOVirtual.Float: 135 Newobj v211 @ X0_v19, [v188 @ X25_v3 (Il2CppClass<System.Net.Configuration.SettingsSectionInternal>)+B48]
Import :            15 Multiply, first read by ShiftRight   e.g. Base64Encoder.StoreLeftOverBytes: 28 Multiply v52 @ X9_v3, [count @ X3 (System.Int32&)], 1431655766
Import :            14 Move from another untyped local, first read by Add   e.g. RFPhysic.GetIgnoreListFast: -1 Move v161 @ X2_v6, v90 @ X12_v4
Import :            13 IndirectCall, first read by an unresolved call   e.g. DictionaryEnumerator`2.get_Entry: 52 IndirectCall v76 @ X20_v2, v80 @ X0_v5, this @ X0 (Newtonsoft.Json.Utilities.DictionaryWrapper`2<TKey, TValue>+DictionaryEnumerator`2<TKey, TValue, TEnumeratorKey, TEnumeratorValue>), methodof(Newtonsoft.Json.Utilities.DictionaryWrapper`2<TKey, TValue>+DictionaryEnumerator`2<TKey, TValue, TEnumeratorKey, TEnumeratorValue>::get_Current), v26 @ X2, v27 @ X3, v28 @ X4, v29 @ X5, v30 @ X6, v31 @ X7, v32 @ V0, v33 @ V1, v34 @ V2, v35 @ V3, v36 @ V4, v37 @ V5, v38 @ V6, v39 @ V7
Import :            13 Negate, first read by Divide   e.g. RayfireBomb.CollidersFilter: 344 Negate v1412 @ V0_v23, v1406 @ V0_v22 (System.Single)
Import :            12 Add, first read by MakeStruct   e.g. SpriteCollectDisplay.Update: 201 Add v491 @ V0_v15, [v195 @ stack_-A8 (UnityEngine.Component)+30], v489 @ V0_v14
Import :            12 Add, first read by ShiftRight   e.g. DateTimeUtils.GetDateValues: 106 Add v127 @ X13_v7, v126 @ X13_v6 (System.Int32), v122 @ X23_v3
Import :            12 ShiftLeft, first read by Or   e.g. RFBricks.get_Num: 71 ShiftLeft v33 @ X9_v3, v36 @ V3_v4 (System.Single), 32
Import :            12 Multiply, first read by MakeStruct   e.g. Butterfly.Init: 80 Multiply v74 @ V2_v2, [v98 @ X8_v10+14], 1055286886
Import :            12 Call - the return of a resolved method (typed), first read by an unresolved call   e.g. <>c__DisplayClass80_0.<CreateShouldSerializeTest>b__0: 89 Call MethodCall`2<System.Object, System.Object>.Invoke, v143 @ X0_v7, v135 @ X21_v4 (Newtonsoft.Json.Utilities.MethodCall`2<System.Object, System.Object>), o @ X1 (System.Object), [v137 @ X8_v5]
Import :            12 Move from memory, first read by ShiftLeft   e.g. JToken.EnsureValue: 57 Move v151 @ X11_v3, [v153 @ X10_v3+130]
Import :            11 Subtract, first read by a call to an instance method   e.g. JsonSerializerInternalReader.CreateObjectUsingCreatorWithParameters: 845 Subtract v1860 @ X0_v66, &v25 @ stack_-10_v2, 128
Import :            11 Negate, first read by Move   e.g. RFShatterAdvanced.IsCoplanar: 694 Negate v1135 @ V0_v34, v103 @ V3_v16 (System.Single)
Import :            11 IndirectCall, first read by Subtract   e.g. DynamicProxyMetaObject`1.CallMethodReturnLast: 267 IndirectCall [v616 @ X0_v34], v622 @ X0_v36, v154 @ X0_v20 (System.Collections.Generic.IEnumerable`1<System.Linq.Expressions.Expression>), [v616 @ X0_v34+8], v696 @ X2_v13, args @ X3 (System.Collections.Generic.IEnumerable`1<System.Linq.Expressions.Expression>), fallback @ X4 (Newtonsoft.Json.Utilities.DynamicProxyMetaObject`1<T>+Fallback<T>), methodInfo @ X5 (Il2CppMethodInfo), v46 @ X6, v47 @ X7, v48 @ V0, v49 @ V1, v50 @ V2, v51 @ V3, v52 @ V4, v53 @ V5, v54 @ V6, v55 @ V7
Import :            11 Multiply, first read by an unresolved call   e.g. RFMesh..ctor: 634 Multiply v91 @ V15_v8, [v271 @ X27_v10-8], 1148846080
Import :            10 written by nothing, first read by CallVoid   e.g. XmlNodeConverter.ReadArrayElements: v369
Import :            10 Call - the return of a resolved method (typed), first read by And   e.g. JsonSerializerInternalReader.CalculatePropertyDetails: 476 Call Nullable`1<System.Int32Enum>.GetValueOrDefault, v228 @ X0_v19, &v660 @ X8_v18 (System.Nullable`1<System.Int32Enum>), v246._defaultValueHandling (Newtonsoft.Json.DefaultValueHandling)
Import :            10 Divide, first read by Multiply   e.g. RemoveParticleFX.OnRemoveParticles: 204 Divide v792 @ X9_v8, [v782 @ X8_v33 (Unity.Collections.NativeArray`1<System.Int32>)+v693 @ X9_v7*4], [v742 @ X8_v36+18]
Import :             9 IndirectCall, first read by IndirectCall   e.g. EnumUtils.InitializeValuesAndNames: 140 IndirectCall [v252 @ X8_v25+688], v236 @ X0_v41, key @ X0 (Newtonsoft.Json.Utilities.StructMultiKey`2<System.Type, Newtonsoft.Json.Serialization.NamingStrategy>), v81[v154 @ X24_v7 (System.Int32)], 56, [v252 @ X8_v25+690], v98 @ X4_v5, v45 @ X5, v46 @ X6, v47 @ X7, v48 @ V0, v49 @ V1, v50 @ V2, v51 @ V3, v52 @ V4, v53 @ V5, v54 @ V6, v55 @ V7
Import :             9 written by nothing, first read by Divide   e.g. RFMesh.SetCompressedUv: v3
Import :             9 Call - the return of a resolved method (typed), first read by CheckNotEqual   e.g. XDocumentWrapper.get_ChildNodes: 151 Call IWindowsFacebook.SetVirtualGamepadLayout, v326 @ X0_v29, v180 @ X0_v21 (Newtonsoft.Json.Converters.IXmlNode), [v391 @ X0_v27+8], 0
Import :             8 Call - the return of a resolved method (typed), first read by Move   e.g. <>c__DisplayClass52_0.<CreateFSharpFuncCall>b__0: 32 Call MethodCall`2<System.Object, System.Object>.Invoke, v53 @ X0_v4, this.call (Newtonsoft.Json.Utilities.MethodCall`2<System.Object, System.Object>), target @ X1 (System.Object), args @ X2 (System.Object[])
Import :             8 Add, first read by Divide   e.g. RoadMeshCreator.CreateRoadMesh: 1270 Add v843 @ X9_v5, [v813 @ X23_v2 (System.Array)+20], v784 @ X27_v2 (System.Array)
Import :             8 Move from a field, first read by an unresolved call   e.g. JsonTextReader.ParseReadString: -1 Move v515 @ X3_v3, this._dateFormatString (System.String)
Import :             7 Not, first read by And   e.g. JsonConvert.ToString: 66 Not v100 @ TEMP_v19, v135 @ V8_v4 (System.Single)
Import :             7 Move from a typed local, first read by Move   e.g. JsonSerializerInternalReader.SetPropertyValue: -1 Move v535 @ X6_v6, target @ X6 (System.Object)
Import :             7 Subtract, first read by ShiftRight   e.g. DefaultJsonNameTable.Get: 122 Subtract v467 @ X9_v10, v189 @ X24_v7, v466 @ TEMPSHIFT_v7 (System.Int32)
Import :             6 Move from memory, first read by And   e.g. DictionaryEnumerator`2.get_Current: 34 Move v97 @ X9_v2, [v57 @ X0_v2 (Il2CppClass<Newtonsoft.Json.Utilities.DictionaryWrapper`2+DictionaryEnumerator`2>)+135]
Import :             6 Move from memory, first read by Newobj   e.g. RFTriangle.SetTriangles: 292 Move v443 @ X0_v39, [v530 @ X24_v3 (Il2CppClass<System.Runtime.Serialization.ObjectHolderList>)+790]
Import :             6 IndirectCall, first read by CheckNotEqual   e.g. CollectionUtils.ResolveEnumerableCollectionConstructor: 188 IndirectCall [v469 @ X0_v53], v494 @ X0_v55, v209 @ X0_v27 (System.Reflection.ParameterInfo[]), [v469 @ X0_v53+8], 0, methodInfo @ X3 (Il2CppMethodInfo), v45 @ X4, v46 @ X5, v47 @ X6, v48 @ X7, v49 @ V0, v50 @ V1, v51 @ V2, v52 @ V3, v53 @ V4, v54 @ V5, v55 @ V6, v56 @ V7
Import :             6 Add, first read by CheckGreaterOrEqual   e.g. RayfireCluster.RoughnessPassClusters: 680 Add v232 @ X9_v9, [v962 @ X0_v35+18], 1
Import :             5 Call - the return of a resolved method (typed), first read by Add   e.g. RFDemolitionCluster.SetupPlaneShards: 239 Call List`1<System.Object>.get_Item, v278 @ X0_v47, [v140 @ X22_v7 (System.Collections.Generic.List`1<RayFire.RFCluster>)], v355 @ X23_v15 (System.Int32)
Import :             5 Call - the return of a call whose target is unknown, first read by CheckLess   e.g. JsonSerializerInternalReader.ReadMetadataProperties: 413 Call BF4D78, v763 @ X0_v97, 0, [v802 @ X25_v9 (Il2CppClass<UnityEngine.UIElements.EnumFieldHelpers>)+F40], this.TraceWriter (Newtonsoft.Json.Serialization.ITraceWriter), [v795 @ X0_v91+8], v466 @ X4_v2 (Newtonsoft.Json.Serialization.JsonProperty), v464 @ X5_v2 (Newtonsoft.Json.Serialization.JsonContainerContract), v462 @ X6_v2 (Newtonsoft.Json.Serialization.JsonProperty), v468 @ X7_v2 (System.Object), v52 @ V0, v53 @ V1, v54 @ V2, v55 @ V3, v56 @ V4, v57 @ V5, v58 @ V6, v59 @ V7
Import :             5 written by nothing, first read by CheckNotEqual   e.g. Level.GetColliderYExtents: v294
Import :             5 Call - the return of a call whose target is unknown, first read by IsInst   e.g. Extensions.Convert: 70 Call F3F36C, v332 @ X0_v84, v110 @ X20_v5 (T), typeof(Il2CppClass<U>), v128 @ X2_v10 (System.IFormatProvider), v120 @ X3_v8, v30 @ X4, v31 @ X5, v32 @ X6, v33 @ X7, v34 @ V0, v35 @ V1, v36 @ V2, v37 @ V3, v38 @ V4, v39 @ V5, v40 @ V6, v41 @ V7
Import :             5 Move from memory, first read by Divide   e.g. WaterDensityJob.Execute: 68 Move v166 @ V11_v12, [v129 @ X9_v25]
Import :             5 Call - the return of a call whose target is unknown, first read by Newobj   e.g. <>c..cctor: 52 Call F7055C, v53 @ X0_v31, v52 @ X0_v30 (Il2CppClass<Newtonsoft.Json.Utilities.DictionaryWrapper`2<TKey, TValue>+<>c<TKey, TValue>>), v28 @ X1, v29 @ X2, v30 @ X3, v31 @ X4, v32 @ X5, v33 @ X6, v34 @ X7, v35 @ V0, v36 @ V1, v37 @ V2, v38 @ V3, v39 @ V4, v40 @ V5, v41 @ V6, v42 @ V7
Import :             5 Move from a typed local, first read by CheckNotEqual   e.g. RFCluster.TrisNeib: -1 Move v308 @ X1_v1, otherCluster @ X1 (RayFire.RFCluster)
Import :             4 Subtract, first read by CheckGreaterOrEqual   e.g. RFCluster.GetBoundsBound: 56 Subtract v229 @ V6_v5, [v212 @ X9_v3-C], [v212 @ X9_v3]
Import :             4 Move from memory, first read by MakeStruct   e.g. FluidCompute.LateUpdate: 135 Move v439 @ V13_v6, [v1007 @ X8_v67+C]
Import :             4 Move from memory, first read by CheckLessOrEqual   e.g. Base64Encoder.FulfillFromLeftover: 26 Move v38 @ X10_v2, [count @ X3 (System.Int32&)]
Import :             4 Negate, first read by Multiply   e.g. RFStress.SetStressConnections: 398 Negate v759 @ V0_v24, v482.grvCache.y (System.Single)
Import :             4 Move from another untyped local, first read by CheckEqual   e.g. RFStress.GetPathAstar: -1 Move v377 @ X23_v10, v385 @ X0_v16
Import :             4 Move from a typed local, first read by Add   e.g. HSBColor.Lerp: -1 Move v321 @ V0_v16, v346 @ V0_v12 (System.Single)
Import :             4 Negate, first read by MakeStruct   e.g. <>c__DisplayClass23_0.<ShowHide>b__0: 205 Negate v153 @ V8_v5, v300 @ V8_v4 (System.Single)
Import :             4 Add, first read by CallVoid   e.g. FixedRadiusNeighborSearchJob.Execute: 93 Add v126 @ X0_v3, this @ X0 (FixedRadiusNeighborSearchJob), 24
Import :             4 IndirectCall, first read by Add   e.g. <>f__AnonymousType0`1.GetHashCode: 17 IndirectCall [v33 @ X8_v3+1C8], v36 @ X0_v4, v16 @ X0_v2, this.<Key>i__Field (<Key>j__TPar), [v33 @ X8_v3+1D0], v18 @ X3, v19 @ X4, v20 @ X5, v21 @ X6, v22 @ X7, v23 @ V0, v24 @ V1, v25 @ V2, v26 @ V3, v27 @ V4, v28 @ V5, v29 @ V6, v30 @ V7
Import :             4 Subtract, first read by MakeStruct   e.g. RFFragment.SetTet: 136 Subtract v230 @ V0_v7, v229 @ V1_v4 (System.Int32), 1
Import :             4 Subtract, first read by ShiftLeft   e.g. StringReferenceExtensions.EndsWith: 56 Subtract v48 @ X22_v7, v253 @ X8_v6, [methodInfo @ X2 (Il2CppMethodInfo)+10]
Import :             4 ShiftLeft, first read by Add   e.g. FluidPhysicsCoupler.SampleSDF: 169 ShiftLeft v219 @ TEMPSHIFT_v2, v217 @ X10_v8 (System.Single), 4
Import :             4 Move from another untyped local, first read by CallVoid   e.g. XmlNodeConverter.SerializeGroupedNodes: -1 Move v536 @ stack_-98_v1, v78 @ stack_-98_v5
Import :             3 And, first read by CheckEqual   e.g. UnixDateTimeConverter.WriteJson: 136 And v376 @ TEMP_v18, v160 @ X1_v9 (System.Double), -9223372036854775808
Import :             3 Call - the return of a resolved method (typed), first read by a call to an instance method   e.g. XmlNodeConverter.IsArray: 84 Call IWindowsFacebook.GetDataReferral, v301 @ X0_v18, node @ X1 (Newtonsoft.Json.Converters.IXmlNode), [v141 @ X0_v53+8]
Import :             3 Call - the return of a call whose target is unknown, first read by CallVoid   e.g. ReflectionUtils.GetChildPrivateFields: 105 Call 113CF18, v233 @ X0_v28, v205 @ X0_v14 (System.Reflection.FieldInfo[]), v174 @ X23_v7, [v160 @ X27_v2 (Il2CppMethodInfo)+B68]
Import :             3 Move from a typed local, first read by And   e.g. CirclePlugin.GetPositionOnCircle: -1 Move v157 @ X8_v6, v77 @ stack_-58_v2 (System.Single)
Import :             3 Move from a typed local, first read by Multiply   e.g. RFHexagon.GetHexPointCLoudV2: -1 Move v417 @ V14_v6, centerDirection @ V3 (UnityEngine.Quaternion)
Import :             3 Move from a typed local, first read by Subtract   e.g. HSBColor..ctor: -1 Move v112 @ V7_v3, col @ V0 (UnityEngine.Color)
Import :             3 Subtract, first read by CheckLessOrEqual   e.g. CatmullRomDecoder.GetPoint: 146 Subtract v81 @ X11_v5, v136 @ X9_v6, 1
Import :             3 Move from a typed local [never read]   e.g. JValue.System.IComparable.CompareTo: -1 Move v173 @ X8_v6, this @ X0 (Newtonsoft.Json.Linq.JValue)
Import :             3 Move of ArrayLength, first read by Subtract   e.g. DOTween.ToArray: -1 Move v397 @ X10_v10, durations.Length
Import :             3 IndirectCall, first read by CheckLessOrEqual   e.g. JsonSerializer.ApplySerializerSettings: 297 IndirectCall [v584 @ X0_v121], v281 @ X0_v123, v243 @ X22_v7 (System.Collections.Generic.IList`1<Newtonsoft.Json.JsonConverter>), [v584 @ X0_v121+8], 0, v78 @ X3_v3, v36 @ X4, v37 @ X5, v38 @ X6, v39 @ X7, v40 @ V0, v41 @ V1, v42 @ V2, v43 @ V3, v44 @ V4, v45 @ V5, v46 @ V6, v47 @ V7
Import :             2 Move from another untyped local, first read by Multiply   e.g. CouplerJob.Execute: -1 Move v682 @ V5_v10, v651 @ stack_-F8
Import :             2 Move of a constant, first read by Multiply   e.g. GameManager.Update: -1 Move v95 @ V12_v6, 1045220557
Import :             2 Multiply, first read by And   e.g. RFFragment.SetTet: 103 Multiply v206 @ V2_v4, v205 @ V2_v3 (System.Int32), v207 @ V1.S0
Import :             2 IndirectCall, first read by CheckGreater   e.g. JsonSerializer.ApplySerializerSettings: 319 IndirectCall [v704 @ X0_v124], v282 @ X0_v126, v243 @ X22_v7 (System.Collections.Generic.IList`1<Newtonsoft.Json.JsonConverter>), [v704 @ X0_v124+8], v102 @ X2_v19 (Il2CppMethodInfo), v78 @ X3_v3, v36 @ X4, v37 @ X5, v38 @ X6, v39 @ X7, v40 @ V0, v41 @ V1, v42 @ V2, v43 @ V3, v44 @ V4, v45 @ V5, v46 @ V6, v47 @ V7
Import :             2 IndirectCall, first read by a call to an instance method   e.g. XmlNodeConverter.CreateElement: 290 IndirectCall [v932 @ X0_v89], v996 @ X0_v69, document @ X2 (Newtonsoft.Json.Converters.IXmlDocument), v675 @ X0_v65 (System.String), v612 @ stack_-78 (System.String), [v932 @ X0_v89+8], v93 @ X4_v6 (System.Xml.XmlNamespaceManager), manager @ X5 (System.Xml.XmlNamespaceManager), elementPrefix @ X6 (System.String), attributeNameValues @ X7 (System.Collections.Generic.Dictionary`2<System.String, System.String>), v418 @ stack_-B8_v5 (System.Collections.Generic.Dictionary`2<System.Object, System.Object>+Enumerator<System.Object, System.Object>), v455 @ stack_-A8 (System.String), v52 @ V2, v53 @ V3, v54 @ V4, v55 @ V5, v56 @ V6, v57 @ V7
Import :             2 Negate, first read by an unresolved call   e.g. TextPopEffect.Update: 232 Negate v560 @ V0_v14, v920 @ V0_v13 (System.Single)
Import :             2 Move of ArrayLength, first read by CheckLess   e.g. StringUtils.ToCamelCase: 93 Move v347 @ X8_v10, v150.Length
Import :             2 Move from memory, first read by CheckGreater   e.g. DOTweenComponent.Update: 177 Move v321 @ X19_v14, [v519 @ X8_v46+30]
Import :             2 Move from another untyped local, first read by CheckNotEqual   e.g. Level.AssignLocksToSections: -1 Move v531 @ X1_v2, v386 @ X1_v4
Import :             2 Call - the return of a resolved method (typed), first read by Subtract   e.g. JsonDynamicContract.TrySetMember: 58 Call Func`4<System.Runtime.CompilerServices.CallSite, System.Object, System.Object, System.Object>.Invoke, v139 @ X0_v8, v66.Target (System.Func`4<System.Runtime.CompilerServices.CallSite, System.Object, System.Object, System.Object>), v66 @ X0_v6 (System.Runtime.CompilerServices.CallSite`1<System.Func`4<System.Runtime.CompilerServices.CallSite, System.Object, System.Object, System.Object>>), dynamicProvider @ X1 (System.Dynamic.IDynamicMetaObjectProvider), value @ X3 (System.Object)
Import :             2 written by nothing, first read by CheckGreaterOrEqual   e.g. FluidSolver.RemoveAllPairsWith: v94
Import :             2 Call - the return of a call whose target is unknown, first read by Subtract   e.g. RFReset.DestroyFragments: 112 Call 112DCD0, v249 @ X0_v10, scr.fragments (System.Collections.Generic.List`1<RayFire.RayfireRigid>), v193 @ X22_v4, [v482 @ X25_v4 (Il2CppMethodInfo)+6A8]
Import :             2 Negate, first read by Subtract   e.g. MathUtils.ApproxEquals: 59 Negate v97 @ V0_v5, v123 @ V0_v4 (System.Double)
Import :             2 Add, first read by Or   e.g. FluidSolver.CollectNearbyParticles: 454 Add v1163 @ X8_v30, v373 @ X26_v10, -4294967296
Import :             2 Move of RuntimeClassTypeAnalysisContext [never read]   e.g. <>c__DisplayClass55_0`2.<BuildMapCreator>b__0: -1 Move v400 @ X0_v46, typeof(Il2CppClass<Newtonsoft.Json.Utilities.FSharpUtils+<>c__55`2<TKey, TValue>>)
Import :             2 Subtract, first read by Divide   e.g. Chain.EvenTByArc: 559 Subtract v995 @ V6_v8, [v78 @ X0_v3+24], [v78 @ X0_v3+20]
Import :             2 Move of TypeAnalysisContext [never read]   e.g. Windows.get_WindowsFacebookImpl: -1 Move v45 @ X20_v8, typeof(Facebook.Unity.Windows.IWindowsFacebook)
Import :             2 ShiftRight, first read by And   e.g. FluidPhysicsCoupler.SampleSDF: 101 ShiftRight v145 @ X10_v3, v144 @ X9_v2 (System.Single), 23
Import :             2 Move of ArrayLength [never read]   e.g. SavePage.OnLogSaveFileBtnClick: 45 Move v72 @ X9_v2, v57.Length
Import :             2 Call - the return of a call whose target is unknown, first read by ShiftLeft   e.g. FluidDisplay.OnPreComputeUpdate: 121 Call 17E75E4, v346 @ X0_v17, v632 @ X0_v16, v333[v199 @ X22_v8 (System.Int32)], [v399 @ X23_v8 (Il2CppMethodInfo)+C30]
Import :             2 Move from another untyped local, first read by ShiftLeft   e.g. DensityJob.Execute: -1 Move v530 @ X8_v25, v402 @ stack_-A4_v3
Import :             1 Move of ArrayAccess, first read by an unresolved call   e.g. RayfireShatter.CreateFragments: 558 Move v96 @ V5_v2, v63[0]
Import :             1 Call - the return of a call whose target is unknown, first read by Xor   e.g. RFReset.FragmentReuseState: 240 Call 1129E30, v319 @ X0_v16, scr.fragments (System.Collections.Generic.List`1<RayFire.RayfireRigid>), v316 @ X20_v6, [v199 @ X24_v2 (Il2CppMethodInfo)+608]
Import :             1 Add, first read by CheckLessOrEqual   e.g. Level.GetColliderYExtents: 204 Add v487 @ V0_v7, [v490 @ X0_v29 (UnityEngine.Bounds)+4], [v490 @ X0_v29 (UnityEngine.Bounds)+10]
Import :             1 Move of ArrayLength, first read by an unresolved call   e.g. RFShatter.SetPoints: 37 Move v191 @ X2_v3, pts.Length
Import :             1 Negate, first read by Add   e.g. PathCollider2D.UpdateCollider: 231 Negate v123 @ V10_v9, v550 @ V10_v8 (System.Single)
Import :             1 Move from another untyped local, first read by Xor   e.g. DefaultJsonNameTable.Get: -1 Move v362 @ X24_v9, v189 @ X24_v7
Import :             1 Subtract, first read by Not   e.g. DateTimeUtils.ToUniversalTicks: 145 Subtract v245 @ X8_v13, v235 @ X0_v15 (System.Int64), offset @ X1 (System.TimeSpan)
Import :             1 Move from another untyped local, first read by a call to an instance method   e.g. RayfireUnyielding.SetUnyieldingFragments: -1 Move v181 @ X24_v13, v977 @ X0_v29
Import :             1 written by nothing, first read by ShiftRight   e.g. TweenSettingsExtensions.SetPathForwardDirection: v35
Import :             1 Or, first read by Move   e.g. FluidPhysicsCoupler.RefreshBodies: 436 Or v713 @ X9_v18, v179 @ X25_v8 (System.Single), v144 @ X21_v7 (System.Single)
Import :             1 Or, first read by And   e.g. UIParticleUpdater.ModifyScale: 99 Or v68 @ V3_v4, v47 @ V4, 8f
Import :             1 Move of a constant, first read by CheckGreaterOrEqual   e.g. FluidSolver.RemoveAllPairsWith: -1 Move v182 @ X24_v6, 1
Import :             1 Subtract, first read by And   e.g. ConvertUtils.DecimalTryParse: 1137 Subtract v2215 @ X8_v40, 4294967268, v1238 @ X19_v16 (System.Int32)
Import :             1 Call - the return of a resolved method (typed), first read by Newobj   e.g. CachedAttributeGetter`1..cctor: 150 Call Func`2<System.Object, T>..ctor, v137 @ X0_v6, v136 @ X0_v5 (Il2CppClass<Newtonsoft.Json.Utilities.ThreadSafeStore`2<System.Object, T>>), 0, v104 @ X21_v1 (System.IntPtr)
Import :             1 Call - the return of a resolved method (typed), first read by IndirectCall   e.g. MyTween.KillAll: 43 Call List`1<System.Object>.get_Item, v128 @ X0_v8, v133 @ X8_v6, 0
Import :             1 written by nothing, first read by And   e.g. UIParticleUpdater.ModifyScale: v304
Import :             1 Move from memory, first read by Negate   e.g. <HandleStartShow>d__13.MoveNext: 313 Move v318 @ V0_v27, [v422 @ X0_v33 (UnityEngine.Component)+30]
Import :             1 Add, first read by a call to an instance method   e.g. DefaultContractResolver.GetExtensionDataMemberForType: 52 Add v190 @ X0_v48, typeof(Facebook.Unity.AsyncRequestString+<Start>d__9), 1696
Import :             1 Move from a typed local, first read by IndirectCall   e.g. EntityKeyMemberConverter.WriteJson: -1 Move v439 @ X1_v11, v417 @ stack_-58_v3 (System.String)
Import :             1 Move from a typed local, first read by CheckLess   e.g. HSBColor.FromColor: -1 Move v35 @ V7_v1, color @ V0 (UnityEngine.Color)
Import :             1 Move from a field, first read by Move   e.g. RemoveParticleFX.OnRemoveParticles: -1 Move v196 @ V1_v1, v858.m_GradientMax (UnityEngine.Gradient)
Import :             1 written by nothing, first read by Or   e.g. UIParticleUpdater.ModifyScale: v47
Import :             1 Call - the return of a resolved method (typed), first read by CallVoid   e.g. <GetTexture>d__1.MoveNext: 81 Call Dictionary`2<System.Object, System.Object>.get_Item, v129 @ X0_v34, [v148 @ X8_v18], this.id (System.String)
Import :             1 Multiply, first read by CheckGreaterOrEqual   e.g. Vector3ArrayPlugin.EvaluateAndApply: 159 Multiply v359 @ X8_v75, v497 @ X9_v31, [isRelative @ X3 (System.Boolean)+A4]
Import :             1 Move of ArrayLength, first read by CheckEqual   e.g. EnumUtils.InternalFlagsFormat: 39 Move v264 @ X24_v10, v59.Length
Import :             1 Move from a field, first read by Add   e.g. CouplerJob.ResolveBody: -1 Move v114 @ V4_v7, this.invFluidMass (System.Single)
Import :             1 Move from another untyped local, first read by Subtract   e.g. RFCluster.GetBoundsBound: -1 Move v129 @ V2_v7, v128 @ V2_v3
Import :             1 Move from memory, first read by Xor   e.g. StructMultiKey`2.GetHashCode: -1 Move v57 @ X0_v2, [this @ X0 (Newtonsoft.Json.Utilities.StructMultiKey`2<T1, T2>)+8]
Import :             1 Multiply, first read by Divide   e.g. <FadeMoveDownCor>d__34.MoveNext: 243 Multiply v524 @ V1_v15, v470 @ V8_v8, 1067030938
Import :             1 Move of ArrayLength, first read by And   e.g. RFShatter.SetInputMesh: 829 Move v1134 @ X9_v53, v523.Length
Import :             1 Move from another untyped local, first read by CheckGreater   e.g. JsonWriter.CalculateLevelsToComplete: -1 Move v320 @ X22_v1, v154 @ X22_v5
Import :             1 Box, first read by Move   e.g. JEnumerable`1.GetEnumerator: 56 Box v30 @ X0_v31, typeof(Il2CppClass<Newtonsoft.Json.Linq.JEnumerable`1<T>>), &v225 @ X8_v35 (Newtonsoft.Json.Linq.JEnumerable`1<T>)
Import :             1 Move of AddressOf, first read by IndirectCall   e.g. CallbackManager.OnFacebookResponse: -1 Move v391 @ X2_v8, &v65 @ stack_-48_v7 (System.Object)
Import :             1 Multiply, first read by ShiftLeft   e.g. RFShatter.sl_element_mesh_par: 278 Multiply v1749 @ X8_v245, [v28 @ X29_v1-70], [v28 @ X29_v1-7C]
Import :             1 Subtract, first read by CheckGreater   e.g. JObject.System.Collections.Generic.ICollection<System.Collections.Generic.KeyValuePair<System.String,Newtonsoft.Json.Linq.JToken>>.CopyTo: 131 Subtract v356 @ X8_v28, array.Length, arrayIndex @ X2 (System.Int32)
Import :             1 Move from memory, first read by CheckLess   e.g. Debugger.ShouldLogSafeModeCapturedError: 18 Move v57 @ X8_v8, [v43 @ X8_v15+C]
Import :             1 Move of AddressOf, first read by Add   e.g. DefaultContractResolver.GetSerializableMembers: -1 Move v1385 @ X8_v43, &v443 @ stack_-68_v14
Import :             1 Call - the return of a call whose target is unknown, first read by CheckNotEqual   e.g. ReflectionUtils.GetFieldsAndProperties: 374 Call 112D568, v1045 @ X0_v44, v1041 @ X0_v43 (System.Collections.Generic.IEnumerable`1<System.Object>), [v1042 @ X8_v35 (Il2CppMethodInfo)+690]
Import :             1 Move of ArrayLength, first read by ShiftRight   e.g. BigInteger..ctor: 31 Move v208 @ X8_v6, inData.Length
Import :             1 IndirectCall, first read by ShiftLeft   e.g. ConvertUtils.GetTypeInformation: 82 IndirectCall [v154 @ X0_v9], v186 @ X0_v6, convertable @ X0 (System.IConvertible), [v154 @ X0_v9+8], 0, v30 @ X3, v31 @ X4, v32 @ X5, v33 @ X6, v34 @ X7, v35 @ V0, v36 @ V1, v37 @ V2, v38 @ V3, v39 @ V4, v40 @ V5, v41 @ V6, v42 @ V7
Import :             1 Move from another untyped local, first read by CheckGreaterOrEqual   e.g. RFCluster.GetBoundsBound: -1 Move v123 @ V3_v6, v122 @ V3_v2
Import :             1 Add, first read by Xor   e.g. DefaultJsonNameTable.Get: 60 Add v339 @ X9_v7, [v337 @ X9_v5], length @ X3 (System.Int32)
Import :             1 Move of ArrayLength, first read by ShiftLeft   e.g. RFShatter.SetInputMesh: 380 Move v545 @ X8_v123, v552.Length
Import :             1 And, first read by Add   e.g. Flash.WeightedEase: 119 And v141 @ X8_v9, v139 @ TEMPCOND_v9 (System.Boolean), v127 @ X8_v8 (System.Single)
Import :             1 Subtract, first read by Or   e.g. DateTimeUtils.WriteDateTimeOffset: 194 Subtract v458 @ X12_v2, v309 @ X22_v3 (System.TimeSpan), v286 @ TEMP_v5 (System.Int32)
Import :             1 Call - the return of a call whose target is unknown, first read by Box   e.g. CollectionWrapper`1.System.Collections.IList.IndexOf: 61 Call F3F37C, v85 @ X0_v22, value @ X1 (System.Object), typeof(Il2CppClass<T>), v54 @ X22_v2, v30 @ X3, v31 @ X4, v32 @ X5, v33 @ X6, v34 @ X7, v35 @ V0, v36 @ V1, v37 @ V2, v38 @ V3, v39 @ V4, v40 @ V5, v41 @ V6, v42 @ V7
Import :             1 Move of a constant, first read by CheckNotEqual   e.g. RayfireBomb.SetForce: -1 Move v277 @ X1_v3, 0
Import :             1 ShiftLeft, first read by Move   e.g. FluidSolver.CollectNearbyParticles: 415 ShiftLeft v1109 @ X9_v12, v1098 @ V0_v13 (System.Single), 32
Import : Il2Cpp method body recovery: 2452 call arguments the ABI spread over several vector registers were composed back into their value.
Import : Il2Cpp method body recovery: a write narrower than the field its offset lands on named a member inside it 264 times; 198 times no member accounted for the width, so the field stood.
Import : Il2Cpp method body recovery: 468 members of a game assembly were widened because a recovered body reaches them from outside the type, or the assembly, that declares them.
Import : Il2Cpp method body recovery: 18 event declarations were dropped because a recovered body reads the field they are built on - il2cpp inlines add_/remove_, and C# refuses to read an event from outside its declaring type whatever its accessibility. The field and the accessors stay.
Import : Il2Cpp method body recovery: 6516 reads of a hidden static field were written as the public property that returns it.
Import : Il2Cpp method body recovery: 6 calls were retargeted from a shared generic instantiation onto the one the receiver's own type names.
Import : Il2Cpp method body recovery: SSA destruction left copies - 72041 coalesced, 22865 kept because the two locals are live at once, 4416 because their types differ.
Import : Finished reading files
Processing : Processing loaded assets...
Processing : AttributePolyfillGenerator
Processing : MonoExplicitPropertyRepairProcessor
Processing : ObfuscationRepairProcessor
Processing : ForwardingAssemblyGenerator
Processing : NullRefReturnProcessor
Processing : UnmanagedConstraintRecoveryProcessor
Processing : RemoveAssemblyKeyFileAttributeProcessor
Processing : InternalsVisibileToPublicKeyRemover
Processing : SceneDefinitionProcessor
Processing : Creating Scene Definitions
Processing : OriginalPathProcessor
Processing : MainAssetProcessor
Processing : Main Asset Pairing
Processing : AnimatorControllerProcessor
Processing : Reconstruct AnimatorController Assets
Processing : AudioMixerProcessor
Processing : Reconstruct AudioMixer Assets
Processing : EditorFormatProcessor
Processing : Editor Format Conversion
Processing : LightingDataProcessor
Processing : Lighting Data Assets
Processing : PrefabProcessor
Processing : SpriteProcessor
Processing : ScriptableObjectProcessor
Processing : Processing Scriptable Object Groups
Processing : Finished processing assets
Export : Starting export
Export : Attempting to export assets to /home/user/AssetRipper/Test/Out53jb...
Export : Game files have these Unity versions: 2022.3.41f1 2022.3.53f1
Export : Exporting to Unity version 2022.3.53f1
Import [Warning] : Resource file 'Unity.VisualScripting.Flow.dll' hasn't been found
Import [Warning] : Assembly 'Unity.VisualScripting.Flow' hasn't been found
Import [Warning] : Resource file 'Unity.Timeline.dll' hasn't been found
Import [Warning] : Assembly 'Unity.Timeline' hasn't been found
Import [Warning] : Resource file 'Unity.VisualScripting.State.dll' hasn't been found
Import [Warning] : Assembly 'Unity.VisualScripting.State' hasn't been found
Import [Warning] : Resource file 'Unity.ProBuilder.dll' hasn't been found
Import [Warning] : Assembly 'Unity.ProBuilder' hasn't been found
Import [Warning] : Resource file 'Unity.ProBuilder.Poly2Tri.dll' hasn't been found
Import [Warning] : Assembly 'Unity.ProBuilder.Poly2Tri' hasn't been found
Import [Warning] : Resource file 'Unity.ProBuilder.Csg.dll' hasn't been found
Import [Warning] : Assembly 'Unity.ProBuilder.Csg' hasn't been found
Import [Warning] : Resource file 'Unity.ProBuilder.KdTree.dll' hasn't been found
Import [Warning] : Assembly 'Unity.ProBuilder.KdTree' hasn't been found
Import [Warning] : Resource file 'Unity.ProBuilder.Stl.dll' hasn't been found
Import [Warning] : Assembly 'Unity.ProBuilder.Stl' hasn't been found
Import [Warning] : Resource file 'Unity.Recorder.dll' hasn't been found
Import [Warning] : Assembly 'Unity.Recorder' hasn't been found
Import : Resource file 'resources.resource' has been loaded
ExportProgress : (1/308) Exporting 'EditorBuildSettings'
ExportProgress : (2/308) Exporting 'EditorSettings'
ExportProgress : (3/308) Exporting 'splash'
ExportProgress : (4/308) Exporting 'FIshAnimation'
ExportProgress : (5/308) Exporting 'AudioMixer'
ExportProgress : (6/308) Exporting 'LightingData'
ExportProgress : (7/308) Exporting 'Preload (SceneAsset)'
ExportProgress : (8/308) Exporting 'LightingData'
ExportProgress : (9/308) Exporting 'Main (SceneAsset)'
ExportProgress : (10/308) Exporting 'Splash Screen Unity Logo'
ExportProgress : (11/308) Exporting 'Cubemap'
ExportProgress : (12/308) Exporting 'butterfly eyes'
ExportProgress : (13/308) Exporting 'eyes'
ExportProgress : (14/308) Exporting 'arrows'
ExportProgress : (15/308) Exporting 'Square'
ExportProgress : (16/308) Exporting 'foliage'
ExportProgress : (17/308) Exporting 'activate 0'
ExportProgress : (18/308) Exporting 'ChatGPT Image Jun 17, 2025 at 05_16_19 PM'
ExportProgress : (19/308) Exporting 'seamless_perlin_128'
ExportProgress : (20/308) Exporting 'ChatGPT Image Jun 17, 2025 at 09_56_54 PM'
ExportProgress : (21/308) Exporting 'ChatGPT Image Jun 17, 2025 at 10_52_57 PM'
ExportProgress : (22/308) Exporting 'Fish_Albedo'
ExportProgress : (23/308) Exporting 'Fish Icon'
ExportProgress : (24/308) Exporting 'bee tex'
ExportProgress : (25/308) Exporting 'sparkle3'
ExportProgress : (26/308) Exporting 'cross'
ExportProgress : (27/308) Exporting 'settings_64dp_FFFFFF_FILL1_wght400_GRAD0_opsz48'
ExportProgress : (28/308) Exporting 'flag'
ExportProgress : (29/308) Exporting 'val'
ExportProgress : (30/308) Exporting 'stoneTexture'
ExportProgress : (31/308) Exporting 'polkadots'
ExportProgress : (32/308) Exporting 'ChatGPT Image Jul 21, 2025, 03_09_57 PM'
ExportProgress : (33/308) Exporting 'Whisk_5fcdb51987'
ExportProgress : (34/308) Exporting 'Whisk_20258dbca0'
ExportProgress : (35/308) Exporting 'Eyes_Albedo'
ExportProgress : (36/308) Exporting 'rounded button back'
ExportProgress : (37/308) Exporting 'rounded button'
ExportProgress : (38/308) Exporting 'images-3'
ExportProgress : (39/308) Exporting 'semicircle_texture'
ExportProgress : (40/308) Exporting 'gradient'
ExportProgress : (41/308) Exporting 'butterfly'
ExportProgress : (42/308) Exporting '364f4f01-201a-40aa-9282-9f676ea49f7e'
ExportProgress : (43/308) Exporting 'SoftCircle'
ExportProgress : (44/308) Exporting 'splash ring 1'
ExportProgress : (45/308) Exporting 'activate'
ExportProgress : (46/308) Exporting '9SlicedNormal'
ExportProgress : (47/308) Exporting 'Baloo-Regular SDF Outline Atlas'
ExportProgress : (48/308) Exporting 'Cubemap'
ExportProgress : (49/308) Exporting 'info'
ExportProgress : (50/308) Exporting 'instrument'
ExportProgress : (51/308) Exporting 'GridBox_NoDraw'
ExportProgress : (52/308) Exporting 'GridBox_Default'
ExportProgress : (53/308) Exporting 'GridBox_Collider'
ExportProgress : (54/308) Exporting 'update_orange'
ExportProgress : (55/308) Exporting 'delete'
ExportProgress : (56/308) Exporting 'gaLogo'
ExportProgress : (57/308) Exporting 'game'
ExportProgress : (58/308) Exporting 'GridBox_Trigger'
ExportProgress : (59/308) Exporting 'EmojiOne'
ExportProgress : (60/308) Exporting 'icons'
ExportProgress : (61/308) Exporting 'user'
ExportProgress : (62/308) Exporting 'question'
ExportProgress : (63/308) Exporting 'home'
ExportProgress : (64/308) Exporting 'LiberationSans SDF Atlas'
Export [Warning] : Unable to convert 'LiberationSans SDF Atlas' to bitmap
ExportProgress [Warning] : Failed to export 'LiberationSans SDF Atlas' (TextureExportCollection)
ExportProgress : (65/308) Exporting 'LiberationSans SDF Atlas'
ExportProgress : (66/308) Exporting 'PlayerSettings'
ExportProgress : (67/308) Exporting 'InputManager'
ExportProgress : (68/308) Exporting 'TagManager'
ExportProgress : (69/308) Exporting 'AudioManager'
ExportProgress : (70/308) Exporting 'GraphicsSettings'
ExportProgress : (71/308) Exporting 'TimeManager'
ExportProgress : (72/308) Exporting 'DelayedCallManager'
ExportProgress : (73/308) Exporting 'PhysicsManager'
ExportProgress : (74/308) Exporting 'QualitySettings'
ExportProgress : (75/308) Exporting 'NavMeshProjectSettings'
ExportProgress : (76/308) Exporting 'Physics2DSettings'
ExportProgress : (77/308) Exporting 'RuntimeInitializeOnLoadManager'
ExportProgress : (78/308) Exporting 'StreamingManager'
ExportProgress : (79/308) Exporting 'VFXManager'
ExportProgress : (80/308) Exporting 'ScriptExportCollection'
Export : Exporting scripts...
Export : Decompiling Newtonsoft.Json
Export : Decompiling Unity.TextMeshPro
Export : Decompiling RayFireAssembly
Export : Decompiling UnityEngine.UI
Export : Decompiling Assembly-CSharp
Export : Decompiling DOTween
Export : Decompiling Unity.VisualScripting.Core
Export : Decompiling Facebook.Unity
Export : Decompiling Unity.Collections
Export : Decompiling Assembly-CSharp-firstpass
Export : Decompiling GameAnalyticsSDK
Export : Decompiling RFLib_DotNet_2018_ios
Export : Decompiling Unity.Burst
Export : Decompiling PathCreator
Export : Decompiling Voodoo.UI.Particles
Export : Decompiling Unity.Mathematics
Export : Decompiling Facebook.Unity.IOS
Export : Decompiling Facebook.Unity.Settings
Export : Decompiling Unity.Burst.Unsafe
Export : Decompiling __Generated
Export : Decompiling System.Runtime.CompilerServices.Unsafe
ExportProgress : (81/308) Exporting 'Sprite'
ExportProgress : (82/308) Exporting 'Preload'
ExportProgress : (83/308) Exporting 'fever splash'
ExportProgress : (84/308) Exporting 'explosion'
ExportProgress : (85/308) Exporting 'remove fx'
ExportProgress : (86/308) Exporting 'sparkle'
ExportProgress : (87/308) Exporting 'transition'
ExportProgress : (88/308) Exporting 'uibutton'
ExportProgress : (89/308) Exporting 'arrows'
ExportProgress : (90/308) Exporting 'background'
ExportProgress : (91/308) Exporting 'bee'
ExportProgress : (92/308) Exporting 'caterpillar'
ExportProgress : (93/308) Exporting 'cliff'
ExportProgress : (94/308) Exporting 'fluid'
ExportProgress : (95/308) Exporting 'fluid_single'
ExportProgress : (96/308) Exporting 'glass'
ExportProgress : (97/308) Exporting 'glass2'
ExportProgress : (98/308) Exporting 'honey'
ExportProgress : (99/308) Exporting 'ice'
ExportProgress : (100/308) Exporting 'metal'
ExportProgress : (101/308) Exporting 'mud'
ExportProgress : (102/308) Exporting 'octopus'
ExportProgress : (103/308) Exporting 'particles emission'
ExportProgress : (104/308) Exporting 'particles'
ExportProgress : (105/308) Exporting 'powerup 0'
ExportProgress : (106/308) Exporting 'powerup 1'
ExportProgress : (107/308) Exporting 'powerup 2'
ExportProgress : (108/308) Exporting 'snow'
ExportProgress : (109/308) Exporting 'sponge'
ExportProgress : (110/308) Exporting 'stone'
ExportProgress : (111/308) Exporting 'vegetation'
ExportProgress : (112/308) Exporting 'w_bubbles'
ExportProgress : (113/308) Exporting 'wall'
ExportProgress : (114/308) Exporting 'water'
ExportProgress : (115/308) Exporting 'Shackle'
ExportProgress : (116/308) Exporting 'lockerBody'
ExportProgress : (117/308) Exporting 'Red'
ExportProgress : (118/308) Exporting 'Eyes.001'
ExportProgress : (119/308) Exporting 'Eyes'
ExportProgress : (120/308) Exporting 'Fish'
ExportProgress : (121/308) Exporting 'Mounth'
ExportProgress : (122/308) Exporting 'Baloo-Regular Atlas Material'
ExportProgress : (123/308) Exporting 'visual_sh_8'
ExportProgress : (124/308) Exporting 'visual_sh_3'
ExportProgress : (125/308) Exporting 'visual_sh_6'
ExportProgress : (126/308) Exporting 'visual_sh_10'
ExportProgress : (127/308) Exporting 'Cube'
ExportProgress : (128/308) Exporting 'visual_sh_9'
ExportProgress : (129/308) Exporting 'visual_sh_1'
ExportProgress : (130/308) Exporting 'visual_sh_2'
ExportProgress : (131/308) Exporting 'LockerBody'
ExportProgress : (132/308) Exporting 'chain link'
ExportProgress : (133/308) Exporting 'Pupils'
ExportProgress : (134/308) Exporting 'Shackle'
ExportProgress : (135/308) Exporting 'visual_sh_4'
ExportProgress : (136/308) Exporting 'Fish'
ExportProgress : (137/308) Exporting 'Mouth'
ExportProgress : (138/308) Exporting 'Eyes'
ExportProgress : (139/308) Exporting 'visual_sh_7'
ExportProgress : (140/308) Exporting 'visual_sh_5'
ExportProgress : (141/308) Exporting 'Custom/Honey_NoGrab'
ExportProgress : (142/308) Exporting 'Custom/Fluid'
ExportProgress : (143/308) Exporting 'Custom/ParticlesEmission'
ExportProgress : (144/308) Exporting 'Custom/Bee'
ExportProgress : (145/308) Exporting 'Custom/GradientBackground_LUT_World'
ExportProgress : (146/308) Exporting 'Custom/FeverSplash'
ExportProgress : (147/308) Exporting 'Custom/PowerUpParticles'
ExportProgress : (148/308) Exporting 'Custom/Sponge'
ExportProgress : (149/308) Exporting 'Custom/UITransition'
ExportProgress : (150/308) Exporting 'Custom/Glass2'
ExportProgress : (151/308) Exporting 'Hidden/WhiteMask'
ExportProgress : (152/308) Exporting 'Custom/Ice'
ExportProgress : (153/308) Exporting 'Custom/Water'
ExportProgress : (154/308) Exporting 'Custom/Octopus'
ExportProgress : (155/308) Exporting 'Custom/Octopus'
ExportProgress : (156/308) Exporting 'Custom/Mud'
ExportProgress : (157/308) Exporting 'TextMeshPro/Distance Field Overlay'
ExportProgress : (158/308) Exporting 'Custom/Cliffs_Lambert'
ExportProgress : (159/308) Exporting 'Custom/UIButton'
ExportProgress : (160/308) Exporting 'Custom/SpecialFluid'
ExportProgress : (161/308) Exporting 'Custom/SingleFluid'
ExportProgress : (162/308) Exporting 'FluidCS'
ExportProgress : (163/308) Exporting 'splash'
ExportProgress : (164/308) Exporting 'Fish_Rig_CELEBRATION'
ExportProgress : (165/308) Exporting 'Fish_Rig_IDLE'
ExportProgress : (166/308) Exporting 'Fish_Rig_SWIM'
ExportProgress : (167/308) Exporting 'collect fluid emission'
ExportProgress : (168/308) Exporting 'collect fluid raw'
ExportProgress : (169/308) Exporting 'collect fluid'
ExportProgress : (170/308) Exporting 'emission'
ExportProgress : (171/308) Exporting 'fluid'
ExportProgress : (172/308) Exporting 'raw fluid'
ExportProgress : (173/308) Exporting 'activate 0'
ExportProgress : (174/308) Exporting 'ChatGPT Image Jun 17, 2025 at 05_16_19 PM'
ExportProgress : (175/308) Exporting 'ChatGPT Image Jun 17, 2025 at 09_56_54 PM'
ExportProgress : (176/308) Exporting 'ChatGPT Image Jun 17, 2025 at 10_52_57 PM'
ExportProgress : (177/308) Exporting 'Fish Icon'
ExportProgress : (178/308) Exporting 'cross'
ExportProgress : (179/308) Exporting 'settings_64dp_FFFFFF_FILL1_wght400_GRAD0_opsz48'
ExportProgress : (180/308) Exporting 'flag'
ExportProgress : (181/308) Exporting 'rounded button back'
ExportProgress : (182/308) Exporting 'rounded button'
ExportProgress : (183/308) Exporting 'butterfly'
ExportProgress : (184/308) Exporting 'activate'
ExportProgress : (185/308) Exporting 'Square'
ExportProgress : (186/308) Exporting 'level23'
ExportProgress : (187/308) Exporting 'level9'
ExportProgress : (188/308) Exporting 'level15'
ExportProgress : (189/308) Exporting 'level14'
ExportProgress : (190/308) Exporting 'level12'
ExportProgress : (191/308) Exporting 'level4'
ExportProgress : (192/308) Exporting 'level6'
ExportProgress : (193/308) Exporting 'level13'
ExportProgress : (194/308) Exporting 'level10'
ExportProgress : (195/308) Exporting 'level16'
ExportProgress : (196/308) Exporting 'level11'
ExportProgress : (197/308) Exporting 'level18'
ExportProgress : (198/308) Exporting 'level22'
ExportProgress : (199/308) Exporting 'level19'
ExportProgress : (200/308) Exporting 'GoldFish'
ExportProgress : (201/308) Exporting 'level20'
ExportProgress : (202/308) Exporting 'level8'
ExportProgress : (203/308) Exporting 'level17'
ExportProgress : (204/308) Exporting 'level3'
ExportProgress : (205/308) Exporting 'level21'
ExportProgress : (206/308) Exporting 'level7'
ExportProgress : (207/308) Exporting 'collect sprite'
ExportProgress : (208/308) Exporting 'explosion 0'
ExportProgress : (209/308) Exporting 'explosion 1'
ExportProgress : (210/308) Exporting 'powerup'
ExportProgress : (211/308) Exporting 'butterfly'
ExportProgress : (212/308) Exporting 'ice'
ExportProgress : (213/308) Exporting 'stone'
ExportProgress : (214/308) Exporting 'snow'
ExportProgress : (215/308) Exporting 'level2'
ExportProgress : (216/308) Exporting 'level5'
ExportProgress : (217/308) Exporting 'level7.5'
ExportProgress : (218/308) Exporting 'level1'
ExportProgress : (219/308) Exporting 'goalUI'
ExportProgress : (220/308) Exporting 'sponge'
ExportProgress : (221/308) Exporting 'mud'
ExportProgress : (222/308) Exporting 'bee'
ExportProgress : (223/308) Exporting 'audioclip'
ExportProgress : (224/308) Exporting 'chain link'
ExportProgress : (225/308) Exporting 'coin particle'
ExportProgress : (226/308) Exporting 'fever splash'
ExportProgress : (227/308) Exporting 'icon quad prefab'
ExportProgress : (228/308) Exporting 'confetti'
ExportProgress : (229/308) Exporting 'octopus'
ExportProgress : (230/308) Exporting 'caterpillar'
ExportProgress : (231/308) Exporting 'collect text'
ExportProgress : (232/308) Exporting '5 Moves Left'
ExportProgress : (233/308) Exporting 'iceDust'
ExportProgress : (234/308) Exporting 'water'
ExportProgress : (235/308) Exporting 'Baloo-Regular SDF Outline'
ExportProgress : (236/308) Exporting 'blue'
ExportProgress : (237/308) Exporting 'disabled'
ExportProgress : (238/308) Exporting 'orange'
ExportProgress : (239/308) Exporting 'purple'
ExportProgress : (240/308) Exporting 'red'
ExportProgress : (241/308) Exporting 'Main'
ExportProgress : (242/308) Exporting 'LiberationSans SDF - Drop Shadow'
ExportProgress : (243/308) Exporting 'LiberationSans SDF - Outline'
ExportProgress : (244/308) Exporting 'Collider'
ExportProgress : (245/308) Exporting 'EdgePicker'
ExportProgress : (246/308) Exporting 'EdgePickerHDRP'
ExportProgress : (247/308) Exporting 'FacePicker'
ExportProgress : (248/308) Exporting 'FacePickerHDRP'
ExportProgress : (249/308) Exporting 'InvisibleFace'
ExportProgress : (250/308) Exporting 'NoDraw'
ExportProgress : (251/308) Exporting 'ProBuilderDefault'
ExportProgress : (252/308) Exporting 'StandardVertexColorHDRP'
ExportProgress : (253/308) Exporting 'StandardVertexColorLWRP'
ExportProgress : (254/308) Exporting 'Trigger'
ExportProgress : (255/308) Exporting 'UnlitVertexColor'
ExportProgress : (256/308) Exporting 'VertexPicker'
ExportProgress : (257/308) Exporting 'VertexPickerHDRP'
ExportProgress : (258/308) Exporting 'LiberationSans'
ExportProgress : (259/308) Exporting 'TextMeshPro/Sprite'
ExportProgress : (260/308) Exporting 'LiberationSans SDF Material'
ExportProgress : (261/308) Exporting 'LiberationSans SDF Material'
ExportProgress : (262/308) Exporting 'TextMeshPro/Sprite'
ExportProgress : (263/308) Exporting 'ProBuilder/Standard Vertex Color'
ExportProgress : (264/308) Exporting 'ProBuilder/UnlitVertexColor'
ExportProgress : (265/308) Exporting 'Hidden/ProBuilder/EdgePicker'
ExportProgress : (266/308) Exporting 'Hidden/ProBuilder/VertexPicker'
ExportProgress : (267/308) Exporting 'Hidden/ProBuilder/FacePicker'
ExportProgress : (268/308) Exporting 'TextMeshPro/Sprite'
ExportProgress : (269/308) Exporting 'Hidden/ProBuilder/HideVertices'
ExportProgress : (270/308) Exporting 'sdftexturepreview'
ExportProgress : (271/308) Exporting 'TextMeshPro/Mobile/Distance Field'
ExportProgress : (272/308) Exporting 'PerformanceTestRunInfo'
ExportProgress : (273/308) Exporting 'PerformanceTestRunSettings'
ExportProgress : (274/308) Exporting 'LineBreaking Leading Characters'
ExportProgress : (275/308) Exporting 'LineBreaking Following Characters'
ExportProgress : (276/308) Exporting 'SDFTextureGeneratorCompute'
ExportProgress : (277/308) Exporting 'bubble pop'
ExportProgress : (278/308) Exporting 'fluid'
ExportProgress : (279/308) Exporting 'squelch'
ExportProgress : (280/308) Exporting 'fail'
ExportProgress : (281/308) Exporting 'move'
ExportProgress : (282/308) Exporting 'shatter'
ExportProgress : (283/308) Exporting 'explode 1'
ExportProgress : (284/308) Exporting 'charge up'
ExportProgress : (285/308) Exporting 'icons_12'
ExportProgress : (286/308) Exporting 'icons_4'
ExportProgress : (287/308) Exporting 'icons_1'
ExportProgress : (288/308) Exporting 'icons_2'
ExportProgress : (289/308) Exporting 'icons_0'
ExportProgress : (290/308) Exporting 'icons_5'
ExportProgress : (291/308) Exporting 'icons_3'
ExportProgress : (292/308) Exporting 'icons_11'
ExportProgress : (293/308) Exporting 'icons_6'
ExportProgress : (294/308) Exporting 'icons_8'
ExportProgress : (295/308) Exporting 'icons_7'
ExportProgress : (296/308) Exporting 'icons_10'
ExportProgress : (297/308) Exporting 'icons_9'
ExportProgress : (298/308) Exporting 'FacebookSettings'
ExportProgress : (299/308) Exporting 'ApplicationData'
ExportProgress : (300/308) Exporting 'AudioClipManager'
ExportProgress : (301/308) Exporting 'DOTweenSettings'
ExportProgress : (302/308) Exporting 'Settings'
ExportProgress : (303/308) Exporting 'LiberationSans SDF - Fallback'
ExportProgress : (304/308) Exporting 'LiberationSans SDF'
ExportProgress : (305/308) Exporting 'EmojiOne'
ExportProgress : (306/308) Exporting 'Default Style Sheet'
ExportProgress : (307/308) Exporting 'TMP Settings'
ExportProgress : (308/308) Exporting 'icons'
Export : Finished exporting assets
Export : Saving game assemblies...
Export : Finished post-export
Export : Ripped to /home/user/AssetRipper/Test/Out53jb
